subject	roi	train_condition	voxel	train_r2	r_value	r_orientation	r_advantage	predicted_gap
03	BensonV1	cdf	495	0.21752596	0.56404203	0.71291834	-0.14887631	0.23118353
03	BensonV1	cdf	496	0.20308703	0.6379932	0.6725331	-0.03453988	0.14204249
03	BensonV1	cdf	664	0.18819249	0.5919548	0.58085823	0.011096597	0.17842801
03	BensonV1	cdf	200	0.17776042	0.6260718	0.6202888	0.0057830215	0.15300442
03	BensonV1	cdf	499	0.16146994	0.35252133	0.5704565	-0.21793517	0.14506531
03	BensonV1	cdf	507	0.15767354	0.29880953	0.5359621	-0.23715258	0.18460518
03	BensonV1	cdf	661	0.15565121	0.7320386	0.8436006	-0.111561954	0.1355459
03	BensonV1	cdf	603	0.14899671	0.73065394	0.73661244	-0.0059584975	0.11190472
03	BensonV1	cdf	530	0.1334219	0.31682533	0.16609769	0.15072764	0.12375885
03	BensonV1	cdf	431	0.13338977	0.30252582	0.5989995	-0.29647368	0.1821752
03	BensonV1	cdf	501	0.13299727	0.5395004	0.76380765	-0.22430724	0.124926336
03	BensonV1	cdf	522	0.1321122	0.3563716	0.53862643	-0.18225482	0.13279286
03	BensonV1	cdf	665	0.13181573	0.68882596	0.8405931	-0.15176713	0.16207728
03	BensonV1	cdf	409	0.1314404	0.4976923	0.576759	-0.079066694	0.11580382
03	BensonV1	cdf	602	0.12545568	0.09043805	0.38128445	-0.2908464	0.14715913
03	BensonV1	cdf	781	0.11653179	0.52472466	0.48383942	0.04088524	0.08641017
03	BensonV1	cdf	577	0.116187215	0.5597552	0.6370808	-0.07732558	0.12398472
03	BensonV1	cdf	830	0.114400506	-0.13481037	-0.035545785	-0.09926459	0.1559412
03	BensonV1	cdf	201	0.114316046	0.37113962	0.44149247	-0.07035285	0.092739776
03	BensonV1	cdf	667	0.11253744	0.5643388	0.75452304	-0.19018424	0.1568913
03	BensonV1	cdf	580	0.111332476	0.4810797	0.39556262	0.08551708	0.13036792
03	BensonV1	cdf	662	0.11106795	0.24227461	0.33238554	-0.09011093	0.13255659
03	BensonV1	cdf	442	0.110201955	-0.1658293	-0.16908637	0.003257066	0.20135689
03	BensonV1	cdf	468	0.11004245	0.24880113	0.139306	0.10949513	0.20660253
03	BensonV1	cdf	780	0.107590616	0.46857488	0.561542	-0.09296709	0.09583065
03	BensonV1	cdf	776	0.10737842	0.2894178	0.31250855	-0.02309075	0.063239366
03	BensonV1	cdf	651	0.10726285	0.33501202	0.41873828	-0.08372626	0.072496966
03	BensonV1	cdf	605	0.106357396	0.5360942	0.4734786	0.0626156	0.1561723
03	BensonV1	cdf	403	0.10558593	0.060097773	0.2943527	-0.23425494	0.13541631
03	BensonV1	cdf	493	0.105561495	0.491483	0.50628376	-0.014800757	0.15767376
03	BensonV1	cdf	725	0.105492055	0.22505893	0.27129203	-0.046233103	0.0796795
03	BensonV1	cdf	272	0.10540396	0.4231803	0.60396326	-0.18078294	0.13309762
03	BensonV1	cdf	416	0.10432935	0.44717696	0.6199059	-0.17272893	0.29699278
03	BensonV1	cdf	349	0.1043092	0.58702064	0.70285654	-0.115835905	0.08744108
03	BensonV1	cdf	425	0.10362995	0.18922523	0.43789145	-0.24866623	0.13122912
03	BensonV1	cdf	299	0.103529215	-0.0050915745	0.25741145	-0.26250303	0.2348582
03	BensonV1	cdf	327	0.10029131	0.5141184	0.58742213	-0.07330376	0.103945196
03	BensonV1	cdf	374	0.09830195	-0.068595625	0.24105246	-0.3096481	0.20507562
03	BensonV1	cdf	224	0.09778553	0.21569762	0.5473299	-0.3316323	0.14355871
03	BensonV1	cdf	533	0.09671295	0.5383849	0.57769334	-0.03930843	0.09765549
03	BensonV1	cdf	348	0.09589958	-0.060805053	0.23550901	-0.29631406	0.11462394
03	BensonV1	cdf	541	0.095897496	0.029446522	0.17167167	-0.14222515	0.16523302
03	BensonV1	cdf	210	0.09517735	0.37467945	0.4970394	-0.12235996	0.12324866
03	BensonV1	cdf	715	0.09484798	0.5105603	0.7039238	-0.19336355	0.103754565
03	BensonV1	cdf	449	0.09344971	0.517297	0.49282837	0.02446866	0.14667624
03	BensonV1	cdf	360	0.09343141	0.42953303	0.6306677	-0.20113465	0.11842731
03	BensonV1	cdf	191	0.09291655	0.3969958	0.51443934	-0.11744353	0.15727559
03	BensonV1	cdf	317	0.09120941	0.51209766	0.3285632	0.18353444	0.19008553
03	BensonV1	cdf	253	0.09062797	0.40519625	0.47576144	-0.070565194	0.22480235
03	BensonV1	cdf	351	0.08977592	0.40147895	0.42934522	-0.027866274	0.105067156
03	BensonV1	cdf	492	0.089381754	0.5939757	0.5649836	0.028992116	0.1645556
03	BensonV1	cdf	415	0.08865142	0.5461535	0.6423938	-0.09624034	0.17961878
03	BensonV1	cdf	721	0.08747119	0.28094685	0.33658427	-0.05563742	0.07576575
03	BensonV1	cdf	453	0.0869326	0.62579906	0.7270611	-0.10126203	0.15715396
03	BensonV1	cdf	583	0.08630234	-0.03201794	0.15978453	-0.19180247	0.12650658
03	BensonV1	cdf	283	0.08614695	0.016941853	0.2558093	-0.23886746	0.09098754
03	BensonV1	cdf	716	0.08600223	0.30864206	0.42330277	-0.11466071	0.060367726
03	BensonV1	cdf	490	0.08547729	0.43770036	0.6522212	-0.21452084	0.13434857
03	BensonV1	cdf	119	0.084227026	-0.05922478	0.11931986	-0.17854464	0.13448487
03	BensonV1	cdf	295	0.08376157	0.08203677	0.4027408	-0.32070404	0.14971809
03	BensonV1	cdf	474	0.08343601	0.13325018	0.29060116	-0.15735099	0.3963604
03	BensonV1	cdf	561	0.083290696	0.2158435	0.27118164	-0.055338144	0.30765897
03	BensonV1	cdf	500	0.08314699	0.6826609	0.7657629	-0.08310205	0.08636859
03	BensonV1	cdf	443	0.08278787	0.44885436	0.4518971	-0.0030427575	0.11077994
03	BensonV1	cdf	588	0.08111966	0.20445405	0.26626283	-0.06180878	0.08820385
03	BensonV1	cdf	318	0.08092713	0.43529466	0.48141488	-0.046120226	0.19647467
03	BensonV1	cdf	570	0.080305934	0.3349465	0.43408576	-0.09913924	0.32424766
03	BensonV1	cdf	730	0.07982725	-0.0024130547	0.14775158	-0.15016463	0.14938661
03	BensonV1	cdf	311	0.079337	0.07547242	0.20918082	-0.13370839	0.15143089
03	BensonV1	cdf	785	0.07892889	0.34847513	0.5717298	-0.22325465	0.12641576
03	BensonV1	cdf	506	0.078734756	0.22574633	0.41703424	-0.1912879	0.32371476
03	BensonV1	cdf	22	0.078170955	0.31515396	0.3938097	-0.07865575	0.23001438
03	BensonV1	cdf	324	0.078003585	0.5501097	0.369112	0.18099767	0.07749538
03	BensonV1	cdf	256	0.07795948	0.46031758	0.49375126	-0.033433676	0.06685941
03	BensonV1	cdf	423	0.07789302	-0.379424	-0.3050595	-0.07436451	0.11207801
03	BensonV1	cdf	498	0.07787973	0.27024022	0.49565324	-0.22541302	0.16213527
03	BensonV1	cdf	254	0.07767886	0.40270177	0.54673135	-0.14402959	0.13803019
03	BensonV1	cdf	527	0.077539206	0.31738335	0.3439618	-0.026578456	0.082120895
03	BensonV1	cdf	783	0.07729173	0.31176737	0.4419369	-0.13016954	0.075808056
03	BensonV1	cdf	212	0.07709736	0.29953647	0.50944203	-0.20990556	0.1385839
03	BensonV1	cdf	720	0.07697147	0.039530106	0.3455159	-0.3059858	0.19060014
03	BensonV1	cdf	563	0.07681227	0.51248354	0.5141904	-0.0017068386	0.12275396
03	BensonV1	cdf	710	0.07586813	0.70769054	0.62970394	0.0779866	0.10242659
03	BensonV1	cdf	326	0.07441056	0.32372117	0.32342777	0.00029340386	0.05490993
03	BensonV1	cdf	165	0.074017346	0.15104857	0.17132649	-0.020277917	0.06707184
03	BensonV1	cdf	408	0.07375711	0.3539446	0.40194687	-0.048002273	0.07164774
03	BensonV1	cdf	713	0.07370144	0.82698244	0.83975726	-0.012774825	0.07409244
03	BensonV1	cdf	708	0.07322234	0.58826697	0.600685	-0.012418032	0.2549695
03	BensonV1	cdf	381	0.07310116	-0.024050718	0.08490877	-0.10895949	0.1788248
03	BensonV1	cdf	778	0.072805226	0.31820557	0.47205883	-0.15385327	0.11955945
03	BensonV1	cdf	400	0.07270658	0.4283107	0.37860438	0.04970631	0.13780513
03	BensonV1	cdf	574	0.072618365	0.30471244	0.43567654	-0.1309641	0.24672417
03	BensonV1	cdf	1	0.07253021	0.19250007	0.17427541	0.018224657	0.21409984
03	BensonV1	cdf	121	0.07246053	-0.09963319	-0.23057659	0.1309434	0.1611849
03	BensonV1	cdf	414	0.07191169	0.23447551	0.3721468	-0.13767128	0.13205871
03	BensonV1	cdf	814	0.07165778	0.1858965	0.19633661	-0.010440111	0.04344975
03	BensonV1	cdf	149	0.07044017	0.17402117	0.52025527	-0.34623408	0.13678952
03	BensonV1	cdf	724	0.07005513	0.5383603	0.44195154	0.096408755	0.07577233
03	BensonV1	cdf	385	0.06990659	0.11447335	0.1759403	-0.061466955	0.14040385
03	BensonV1	cdf	841	0.06978822	0.24271801	0.052552592	0.19016542	0.14743602
03	BensonV1	inverse_cdf	712	0.23337209	0.51659787	0.6130572	-0.09645933	0.18869732
03	BensonV1	inverse_cdf	650	0.22203755	0.4104868	0.39190295	0.018583834	0.14097054
03	BensonV1	inverse_cdf	490	0.21641439	0.6854226	0.6693825	0.016040087	0.184254
03	BensonV1	inverse_cdf	713	0.2146573	0.5257874	0.658929	-0.13314158	0.15518759
03	BensonV1	inverse_cdf	603	0.20612639	0.6963644	0.72345555	-0.027091146	0.17329095
03	BensonV1	inverse_cdf	495	0.20136869	0.8308436	0.7970153	0.033828318	0.17225932
03	BensonV1	inverse_cdf	405	0.1810031	0.41623995	0.42465603	-0.008416086	0.11309812
03	BensonV1	inverse_cdf	709	0.1776784	0.30471823	0.39547056	-0.09075233	0.15484716
03	BensonV1	inverse_cdf	665	0.16328478	0.6857314	0.7416123	-0.055880904	0.12091499
03	BensonV1	inverse_cdf	606	0.15715617	0.6132178	0.5641787	0.049039066	0.10358182
03	BensonV1	inverse_cdf	704	0.15561384	0.39419088	0.48496005	-0.09076917	0.13221684
03	BensonV1	inverse_cdf	710	0.14701885	0.4521155	0.576407	-0.12429151	0.15334618
03	BensonV1	inverse_cdf	403	0.14447802	0.32881898	0.24491069	0.08390829	0.08328565
03	BensonV1	inverse_cdf	646	0.13963646	0.4871947	0.59174806	-0.10455337	0.15797384
03	BensonV1	inverse_cdf	272	0.13508111	0.5824729	0.55493444	0.027538478	0.11636989
03	BensonV1	inverse_cdf	640	0.13034564	0.38997373	0.48046404	-0.09049031	0.38678837
03	BensonV1	inverse_cdf	200	0.1296739	0.7080459	0.72391224	-0.01586634	0.17404518
03	BensonV1	inverse_cdf	647	0.12681329	0.2984793	0.38097647	-0.08249718	0.32011914
03	BensonV1	inverse_cdf	594	0.12629098	0.36417675	0.34758064	0.016596109	0.10295163
03	BensonV1	inverse_cdf	664	0.12568557	0.770114	0.786189	-0.016075015	0.120136976
03	BensonV1	inverse_cdf	349	0.12470776	0.54647595	0.5456654	0.00081056356	0.10316867
03	BensonV1	inverse_cdf	578	0.12449938	0.43205336	0.44851956	-0.0164662	0.21477386
03	BensonV1	inverse_cdf	491	0.12334621	0.38531727	0.47049332	-0.08517605	0.088991374
03	BensonV1	inverse_cdf	659	0.11723721	0.4564813	0.5888272	-0.13234589	0.15327443
03	BensonV1	inverse_cdf	644	0.11712515	0.45828652	0.5387376	-0.08045107	0.38034484
03	BensonV1	inverse_cdf	582	0.11402011	0.36361092	0.44179124	-0.07818031	0.23828751
03	BensonV1	inverse_cdf	500	0.112393975	0.58685756	0.51801884	0.068838716	0.08622632
03	BensonV1	inverse_cdf	409	0.11075324	0.6602061	0.6272356	0.032970488	0.08627819
03	BensonV1	inverse_cdf	726	0.11054134	0.5592658	0.55160594	0.0076598525	0.07126445
03	BensonV1	inverse_cdf	711	0.109075546	0.12666447	0.25461575	-0.12795128	0.118156806
03	BensonV1	inverse_cdf	733	0.1069482	0.41993383	0.3947141	0.025219738	0.110002615
03	BensonV1	inverse_cdf	412	0.1068781	0.43601316	0.3420728	0.09394035	0.10991796
03	BensonV1	inverse_cdf	493	0.104833424	0.6186091	0.60745543	0.011153638	0.07395161
03	BensonV1	inverse_cdf	212	0.10460675	0.4918138	0.4687374	0.023076415	0.13354978
03	BensonV1	inverse_cdf	778	0.10373396	0.53406894	0.41180634	0.1222626	0.08751491
03	BensonV1	inverse_cdf	661	0.10276151	0.6495043	0.6411572	0.008347094	0.072032005
03	BensonV1	inverse_cdf	487	0.10239184	0.31815434	0.41532567	-0.09717134	0.39656383
03	BensonV1	inverse_cdf	581	0.10059291	0.44415706	0.38254243	0.061614633	0.13671656
03	BensonV1	inverse_cdf	328	0.09929025	0.52169245	0.54248846	-0.020796001	0.06556295
03	BensonV1	inverse_cdf	521	0.099172235	0.29357833	0.18325627	0.11032206	0.09809549
03	BensonV1	inverse_cdf	501	0.09856397	0.660129	0.6222734	0.037855625	0.06096926
03	BensonV1	inverse_cdf	329	0.09841448	0.4096585	0.37232265	0.037335843	0.06373308
03	BensonV1	inverse_cdf	431	0.097961664	0.5860387	0.51336384	0.07267487	0.08842354
03	BensonV1	inverse_cdf	193	0.09751344	0.19748993	0.12978189	0.067708045	0.18314838
03	BensonV1	inverse_cdf	605	0.09485626	0.54202765	0.55280167	-0.010774016	0.091350175
03	BensonV1	inverse_cdf	598	0.09477103	0.43845356	0.54694104	-0.10848749	0.110315755
03	BensonV1	inverse_cdf	149	0.09441984	0.22228299	0.31555715	-0.09327416	0.06969397
03	BensonV1	inverse_cdf	415	0.09187055	0.56389326	0.5536362	0.010257065	0.08847147
03	BensonV1	inverse_cdf	492	0.0910759	0.6383593	0.5943412	0.04401809	0.123317614
03	BensonV1	inverse_cdf	509	0.09036887	-0.33158788	-0.34590724	0.01431936	0.07914156
03	BensonV1	inverse_cdf	98	0.08999103	0.43271	0.36114478	0.07156521	0.08236842
03	BensonV1	inverse_cdf	667	0.08997136	0.5989331	0.59937376	-0.00044065714	0.07515926
03	BensonV1	inverse_cdf	406	0.08943874	0.35790345	0.22449985	0.1334036	0.09729158
03	BensonV1	inverse_cdf	707	0.08920032	0.5199184	0.56181145	-0.041893065	0.19149615
03	BensonV1	inverse_cdf	575	0.088406384	0.15378329	0.40162644	-0.24784315	0.1331535
03	BensonV1	inverse_cdf	350	0.08764243	0.40096363	0.3810288	0.019934833	0.07728205
03	BensonV1	inverse_cdf	566	0.08741993	0.023145871	0.062961735	-0.039815865	0.07651073
03	BensonV1	inverse_cdf	202	0.08679092	0.48476037	0.38499698	0.09976339	0.15535402
03	BensonV1	inverse_cdf	345	0.086295485	0.2551212	0.09786117	0.15726003	0.087327726
03	BensonV1	inverse_cdf	485	0.08606857	0.30596507	0.3523373	-0.046372235	0.06660715
03	BensonV1	inverse_cdf	449	0.08605409	0.61365473	0.6664052	-0.05275047	0.14074132
03	BensonV1	inverse_cdf	548	0.08560306	0.4499786	0.3464039	0.10357469	0.09682255
03	BensonV1	inverse_cdf	635	0.08525294	0.44410807	0.46084622	-0.016738147	0.15654549
03	BensonV1	inverse_cdf	357	0.08453262	0.2988556	0.28475386	0.014101744	0.10217058
03	BensonV1	inverse_cdf	77	0.08419794	0.12180635	0.12093357	0.00087278336	0.117195055
03	BensonV1	inverse_cdf	602	0.083821476	0.4296976	0.4577975	-0.028099895	0.1071171
03	BensonV1	inverse_cdf	154	0.08359772	0.58146536	0.60315716	-0.0216918	0.06740561
03	BensonV1	inverse_cdf	369	0.08259106	0.2630337	0.15296406	0.11006963	0.15698932
03	BensonV1	inverse_cdf	608	0.082101405	0.1767194	0.15597323	0.020746171	0.08332287
03	BensonV1	inverse_cdf	268	0.081917465	0.50600374	0.5097329	-0.0037291646	0.056570638
03	BensonV1	inverse_cdf	410	0.08089054	0.3094346	0.26136002	0.048074573	0.07244448
03	BensonV1	inverse_cdf	191	0.08016622	0.65856093	0.663125	-0.004564047	0.11822562
03	BensonV1	inverse_cdf	148	0.079660594	0.277703	0.21684861	0.060854375	0.118772715
03	BensonV1	inverse_cdf	536	0.07921821	-0.10738282	-0.14479096	0.037408143	0.075937144
03	BensonV1	inverse_cdf	276	0.07888669	0.31993595	0.3946734	-0.07473746	0.09060881
03	BensonV1	inverse_cdf	254	0.07888061	0.46371827	0.54258364	-0.07886538	0.20648195
03	BensonV1	inverse_cdf	708	0.078840256	0.5230666	0.5878467	-0.064780116	0.19817977
03	BensonV1	inverse_cdf	645	0.07794702	0.4445405	0.5254924	-0.08095193	0.16859911
03	BensonV1	inverse_cdf	736	0.077554524	-0.03856642	-0.18959263	0.1510262	0.1356367
03	BensonV1	inverse_cdf	648	0.07634789	0.24031885	0.30393645	-0.0636176	0.1546631
03	BensonV1	inverse_cdf	632	0.07630527	0.20524818	0.3367625	-0.13151431	0.12330984
03	BensonV1	inverse_cdf	370	0.075610936	0.38416317	0.42978385	-0.04562068	0.07279655
03	BensonV1	inverse_cdf	577	0.0756017	0.636185	0.6974174	-0.061232388	0.091850474
03	BensonV1	inverse_cdf	223	0.07532966	0.1462722	0.14918335	-0.0029111505	0.07752249
03	BensonV1	inverse_cdf	679	0.07532561	-0.41402906	-0.4092246	-0.004804462	0.10143466
03	BensonV1	inverse_cdf	601	0.07495439	0.067910306	0.05014822	0.017762087	0.10759908
03	BensonV1	inverse_cdf	346	0.07389009	0.36548784	0.3002723	0.06521556	0.10285425
03	BensonV1	inverse_cdf	584	0.07339662	0.19927087	0.2313692	-0.032098323	0.10563272
03	BensonV1	inverse_cdf	93	0.073381186	0.038598243	0.03543232	0.003165923	0.04808286
03	BensonV1	inverse_cdf	715	0.073307216	0.6287033	0.6195674	0.009135902	0.06405465
03	BensonV1	inverse_cdf	510	0.07210058	0.095431775	0.120348275	-0.0249165	0.05441438
03	BensonV1	inverse_cdf	142	0.07202232	0.0671798	-0.023896346	0.09107614	0.06424224
03	BensonV1	inverse_cdf	317	0.071837544	0.60193413	0.6787551	-0.07682097	0.13493471
03	BensonV1	inverse_cdf	597	0.07162762	0.37265956	0.2840942	0.08856535	0.10732038
03	BensonV1	inverse_cdf	781	0.07150602	0.64973783	0.50444984	0.14528799	0.04993498
03	BensonV1	inverse_cdf	526	0.07147932	0.12578599	0.1641117	-0.038325712	0.09669477
03	BensonV1	inverse_cdf	494	0.07135868	0.4932323	0.42086604	0.07236627	0.0629611
03	BensonV1	inverse_cdf	269	0.07081485	0.43272623	0.49178585	-0.05905962	0.112035796
03	BensonV1	inverse_cdf	145	0.07079309	0.0035893668	-0.06791202	0.07150139	0.08953174
03	BensonV1	inverse_cdf	324	0.07041246	0.56457573	0.6272036	-0.06262785	0.06342449
03	NPCr	cdf	327	0.120103	0.08838381	0.118370794	-0.029986985	0.12003016
03	NPCr	cdf	586	0.11229861	0.10215158	0.27150953	-0.16935796	0.1262573
03	NPCr	cdf	166	0.102513075	0.03531496	0.27681443	-0.24149947	0.09254031
03	NPCr	cdf	238	0.092822134	0.30312124	0.38262108	-0.07949984	0.07788186
03	NPCr	cdf	84	0.08837813	-0.19036798	-0.01366951	-0.17669848	0.12489057
03	NPCr	cdf	550	0.08507931	-0.0017638261	0.20441474	-0.20617856	0.09656281
03	NPCr	cdf	35	0.08310032	0.1325406	0.15113889	-0.018598288	0.063253365
03	NPCr	cdf	456	0.082550466	-0.10586742	-0.23378614	0.12791872	0.083425924
03	NPCr	cdf	313	0.079467595	0.36094174	0.62537473	-0.264433	0.08185001
03	NPCr	cdf	145	0.0785746	-0.03980852	0.09215711	-0.13196564	0.074141055
03	NPCr	cdf	430	0.075107336	0.062014945	0.16483825	-0.10282331	0.13241799
03	NPCr	cdf	435	0.07479268	0.23888452	0.46689853	-0.228014	0.10277073
03	NPCr	cdf	597	0.07477981	0.33736658	0.30545354	0.031913042	0.105968006
03	NPCr	cdf	330	0.07385731	-0.03163154	0.15125488	-0.18288642	0.058550287
03	NPCr	cdf	552	0.07040185	-0.090638496	0.05647448	-0.14711298	0.083935395
03	NPCr	cdf	583	0.070352614	0.042268254	0.091060236	-0.048791982	0.06557402
03	NPCr	cdf	431	0.07025707	0.013463983	0.03978932	-0.026325336	0.10124149
03	NPCr	cdf	533	0.06998092	0.17732784	0.17910646	-0.0017786175	0.14035834
03	NPCr	cdf	310	0.06987196	0.041951887	0.024673233	0.017278655	0.08032442
03	NPCr	cdf	427	0.06978607	-0.06562479	0.051300347	-0.116925135	0.100987576
03	NPCr	cdf	319	0.06933284	0.124323	0.12771344	-0.0033904389	0.09168864
03	NPCr	cdf	83	0.068985105	0.0031108244	0.14525345	-0.14214262	0.07260122
03	NPCr	cdf	285	0.06643516	0.34854612	0.29092398	0.057622135	0.05714317
03	NPCr	cdf	135	0.0659948	0.2879638	0.10246036	0.18550345	0.060984734
03	NPCr	cdf	261	0.06568122	0.11183636	0.27296773	-0.16113137	0.074063964
03	NPCr	cdf	123	0.0640983	-0.03449526	0.055386294	-0.089881554	0.09314477
03	NPCr	cdf	269	0.063338995	0.08684405	-0.057303976	0.14414802	0.09726236
03	NPCr	cdf	635	0.06317067	-0.058265008	0.14418744	-0.20245245	0.14371035
03	NPCr	cdf	320	0.06147647	0.22761793	0.3024925	-0.074874565	0.09007673
03	NPCr	cdf	701	0.06115687	0.11445915	-0.07863866	0.1930978	0.104935296
03	NPCr	cdf	144	0.06007147	-0.03710134	0.114885196	-0.15198654	0.066767834
03	NPCr	cdf	371	0.05951208	0.121849135	0.10864723	0.013201907	0.076984674
03	NPCr	cdf	364	0.059447706	0.14912085	0.14505424	0.0040666163	0.093643285
03	NPCr	cdf	734	0.059268773	0.2277411	0.24523008	-0.017488971	0.06634648
03	NPCr	cdf	808	0.059012353	0.050391555	0.24489617	-0.19450462	0.11182873
03	NPCr	cdf	93	0.05880755	-0.1853685	0.08170594	-0.26707444	0.091674164
03	NPCr	cdf	324	0.058012784	0.32433182	0.28823754	0.036094278	0.12204708
03	NPCr	cdf	484	0.057745993	0.16307893	0.06226196	0.10081697	0.13538085
03	NPCr	cdf	582	0.057413757	0.29608035	0.1607625	0.13531785	0.09848179
03	NPCr	cdf	425	0.05608338	0.056512583	0.08841756	-0.031904977	0.07329504
03	NPCr	cdf	344	0.056013525	0.38766867	0.46452135	-0.07685268	0.0684829
03	NPCr	cdf	678	0.054616988	0.27232245	0.31156594	-0.03924349	0.07220381
03	NPCr	cdf	498	0.053805113	-0.26969364	-0.23177004	-0.037923604	0.1493028
03	NPCr	cdf	47	0.05370468	0.06220197	-0.007790226	0.06999219	0.11942903
03	NPCr	cdf	660	0.053685248	0.30704877	0.45616755	-0.14911878	0.16899897
03	NPCr	cdf	380	0.053133726	0.18067014	0.068121165	0.11254898	0.08074022
03	NPCr	cdf	265	0.0529567	0.12215609	0.079290755	0.042865336	0.073982626
03	NPCr	cdf	284	0.05243528	0.3204819	0.27159762	0.048884273	0.07543395
03	NPCr	cdf	398	0.05147952	0.3430942	0.35762155	-0.014527351	0.1916523
03	NPCr	cdf	664	0.05145818	0.20551033	0.15262458	0.052885756	0.1341707
03	NPCr	cdf	146	0.05110711	0.10825964	0.061205067	0.047054574	0.082510404
03	NPCr	cdf	680	0.050337493	0.35918713	0.13636228	0.22282484	0.099674985
03	NPCr	cdf	534	0.049948215	-0.07177909	-0.10357369	0.0317946	0.09738458
03	NPCr	cdf	509	0.0497545	0.12680593	0.029476348	0.09732959	0.065591045
03	NPCr	cdf	171	0.049457014	0.23890357	0.2618359	-0.022932336	0.061433606
03	NPCr	cdf	587	0.049445987	0.21099183	0.23882693	-0.0278351	0.11103033
03	NPCr	cdf	382	0.049345136	0.14777906	0.21642657	-0.068647504	0.14047515
03	NPCr	cdf	331	0.049283147	0.29123703	0.40000305	-0.10876602	0.06747947
03	NPCr	cdf	396	0.047270656	0.1660371	0.008291016	0.15774608	0.08729047
03	NPCr	cdf	287	0.04709375	0.45601624	0.36628544	0.0897308	0.053426955
03	NPCr	cdf	792	0.047065675	0.34148124	0.2502476	0.09123364	0.061281566
03	NPCr	cdf	665	0.046842277	0.14427175	0.17462035	-0.030348599	0.07169299
03	NPCr	cdf	686	0.046597004	-0.018899936	-0.041224577	0.02232464	0.13360019
03	NPCr	cdf	315	0.046361864	0.22338626	0.28754702	-0.064160764	0.085976906
03	NPCr	cdf	633	0.04635799	0.23807473	0.26424965	-0.026174918	0.13073638
03	NPCr	cdf	639	0.045735717	0.2780665	-0.054857634	0.33292413	0.09845951
03	NPCr	cdf	38	0.045621455	-0.17711726	-0.17970857	0.002591312	0.062140785
03	NPCr	cdf	207	0.0453583	0.34389058	0.30250767	0.04138291	0.06850509
03	NPCr	cdf	263	0.045113146	0.100871846	0.17946342	-0.07859157	0.09271439
03	NPCr	cdf	578	0.044853687	-0.03399015	-0.24427244	0.2102823	0.06319951
03	NPCr	cdf	630	0.044292092	0.24549352	0.050810654	0.19468287	0.07253391
03	NPCr	cdf	636	0.044210553	0.053616453	0.15835762	-0.10474117	0.07048785
03	NPCr	cdf	241	0.043888092	0.087166905	-0.056071524	0.14323843	0.06767962
03	NPCr	cdf	8	0.04379964	0.24529463	-0.16391385	0.40920848	0.099128515
03	NPCr	cdf	471	0.043498218	-0.12385034	-0.13177155	0.007921211	0.09677434
03	NPCr	cdf	206	0.04333836	0.051608045	0.17467757	-0.123069525	0.05364356
03	NPCr	cdf	363	0.043015778	-0.22799629	-0.25217697	0.02418068	0.10413542
03	NPCr	cdf	176	0.042927742	-0.25899273	-0.1921181	-0.06687464	0.07834443
03	NPCr	cdf	759	0.042756557	-0.35505608	-0.080566	-0.2744901	0.08202853
03	NPCr	cdf	648	0.04270649	0.33973277	0.25730845	0.08242431	0.08579393
03	NPCr	cdf	576	0.04235941	0.35469422	0.23649463	0.11819959	0.12234685
03	NPCr	cdf	650	0.04230547	-0.119194984	-0.20585088	0.0866559	0.082058534
03	NPCr	cdf	278	0.0420835	0.43055	0.2631888	0.1673612	0.09747364
03	NPCr	cdf	794	0.042065203	0.26184928	0.13618918	0.1256601	0.07112236
03	NPCr	cdf	508	0.041921318	0.21582659	0.25875038	-0.042923793	0.05830353
03	NPCr	cdf	399	0.04176843	0.22694825	0.2323661	-0.0054178536	0.080502346
03	NPCr	cdf	418	0.04150802	0.032903317	0.013504527	0.01939879	0.056470722
03	NPCr	cdf	323	0.041469812	0.29770187	0.37254417	-0.074842304	0.09834752
03	NPCr	cdf	377	0.041280746	0.21187581	0.22660506	-0.0147292465	0.06808884
03	NPCr	cdf	309	0.041140676	0.3003682	0.4529221	-0.15255392	0.091368675
03	NPCr	cdf	50	0.040972948	-0.14650202	0.0009585217	-0.14746054	0.16733375
03	NPCr	cdf	139	0.040963173	0.10673875	0.29064998	-0.18391123	0.052169345
03	NPCr	cdf	458	0.040495574	0.13833348	0.041006844	0.09732664	0.042558618
03	NPCr	cdf	564	0.04048425	0.09195485	0.10399201	-0.012037158	0.06584514
03	NPCr	cdf	175	0.040391326	-0.16407086	-0.08104008	-0.08303078	0.09435029
03	NPCr	cdf	590	0.040332675	0.111407004	0.38948193	-0.27807492	0.0897091
03	NPCr	cdf	231	0.040286243	0.2872573	0.19644819	0.09080912	0.1108565
03	NPCr	cdf	408	0.04021716	-0.042435642	0.067421794	-0.10985744	0.09787662
03	NPCr	cdf	468	0.0402171	0.06490556	0.12357899	-0.058673427	0.04691961
03	NPCr	cdf	502	0.039833486	-0.35526738	-0.21370283	-0.14156455	0.080424845
03	NPCr	inverse_cdf	551	0.122665286	0.091309145	-0.0066020777	0.097911224	0.11908413
03	NPCr	inverse_cdf	2	0.107910514	-0.22255984	-0.20901868	-0.013541162	0.066354655
03	NPCr	inverse_cdf	796	0.09593624	0.00025272806	0.13480793	-0.1345552	0.087722875
03	NPCr	inverse_cdf	590	0.093783915	0.32134005	0.14082588	0.18051417	0.113612756
03	NPCr	inverse_cdf	1	0.09276062	-0.07748154	-0.15662514	0.0791436	0.09211717
03	NPCr	inverse_cdf	544	0.084916115	-0.08465487	-0.17477703	0.09012216	0.14911282
03	NPCr	inverse_cdf	688	0.08452177	0.018680228	-0.056955386	0.07563561	0.11823967
03	NPCr	inverse_cdf	541	0.08114368	-0.12248631	-0.18582448	0.063338175	0.096280955
03	NPCr	inverse_cdf	680	0.08081716	0.4712503	0.31898946	0.15226084	0.15874885
03	NPCr	inverse_cdf	710	0.078781724	0.20417568	0.116803855	0.087371826	0.06495548
03	NPCr	inverse_cdf	301	0.07848579	0.08349965	0.28761786	-0.20411822	0.06437664
03	NPCr	inverse_cdf	683	0.07835257	0.12417908	0.06041987	0.06375921	0.4631266
03	NPCr	inverse_cdf	663	0.077708066	-0.14611727	-0.17879486	0.03267759	0.051944233
03	NPCr	inverse_cdf	117	0.07765615	-0.0955392	-0.19895957	0.10342038	0.13480213
03	NPCr	inverse_cdf	355	0.0738318	0.17797586	0.20979623	-0.03182037	0.17730044
03	NPCr	inverse_cdf	684	0.0723021	0.0154737495	0.16621345	-0.1507397	0.073236614
03	NPCr	inverse_cdf	603	0.07124454	-0.13152911	0.031075807	-0.16260491	0.072566435
03	NPCr	inverse_cdf	681	0.0704326	0.15476456	0.08176503	0.07299953	0.15237905
03	NPCr	inverse_cdf	623	0.069381535	0.20721936	0.32561532	-0.118395954	0.0870954
03	NPCr	inverse_cdf	109	0.06925911	0.28108525	0.22176322	0.05932203	0.11828124
03	NPCr	inverse_cdf	268	0.067379355	0.16500172	0.287159	-0.122157276	0.07674511
03	NPCr	inverse_cdf	75	0.067370415	-0.08946088	-0.12162549	0.03216461	0.069773495
03	NPCr	inverse_cdf	45	0.06731975	0.12882067	0.31308663	-0.18426596	0.07486565
03	NPCr	inverse_cdf	601	0.0673061	-0.06869439	-0.17466661	0.10597222	0.07115966
03	NPCr	inverse_cdf	135	0.06721467	0.44373226	0.45542976	-0.011697501	0.07466849
03	NPCr	inverse_cdf	778	0.066811085	0.14997722	-0.13045506	0.28043228	0.07955743
03	NPCr	inverse_cdf	19	0.06676155	-0.028017888	0.16996624	-0.19798413	0.078310035
03	NPCr	inverse_cdf	735	0.06673515	0.5435065	0.5619819	-0.018475413	0.046601
03	NPCr	inverse_cdf	311	0.066287756	0.06270739	-0.12557529	0.18828267	0.19968373
03	NPCr	inverse_cdf	306	0.06544042	-0.08058231	-0.14295766	0.062375344	0.11070264
03	NPCr	inverse_cdf	759	0.06518519	-0.14326066	-0.12958975	-0.013670906	0.08784377
03	NPCr	inverse_cdf	489	0.06443083	0.22926186	0.16343774	0.06582412	0.12113561
03	NPCr	inverse_cdf	21	0.06343746	0.13180017	0.16286686	-0.031066686	0.0822778
03	NPCr	inverse_cdf	720	0.06329101	-0.006831322	0.18678974	-0.19362105	0.0908473
03	NPCr	inverse_cdf	807	0.06328499	0.013044117	0.07620573	-0.06316161	0.17926617
03	NPCr	inverse_cdf	532	0.063248634	0.08759717	-0.07222099	0.15981816	0.20117928
03	NPCr	inverse_cdf	622	0.063079596	0.0055419006	-0.19595848	0.20150039	0.08247722
03	NPCr	inverse_cdf	591	0.0618968	-0.10478891	-0.06380351	-0.040985398	0.09714776
03	NPCr	inverse_cdf	305	0.061804414	0.058658686	0.25637066	-0.19771197	0.0892086
03	NPCr	inverse_cdf	513	0.06152916	0.10722668	0.04262929	0.06459738	0.06569574
03	NPCr	inverse_cdf	652	0.061352372	0.28587964	0.5025717	-0.21669206	0.11357149
03	NPCr	inverse_cdf	500	0.061319947	-0.20237842	-0.016602762	-0.18577567	0.07237752
03	NPCr	inverse_cdf	44	0.061000824	-0.10602295	0.054574013	-0.16059697	0.06376968
03	NPCr	inverse_cdf	27	0.060988486	0.16068259	0.087929726	0.07275286	0.06536691
03	NPCr	inverse_cdf	229	0.060925245	-0.051983953	-0.121568754	0.0695848	0.06492006
03	NPCr	inverse_cdf	497	0.06060368	0.026775215	0.1273746	-0.10059939	0.12553589
03	NPCr	inverse_cdf	542	0.060598552	-0.28099996	-0.2847545	0.0037545562	0.06656337
03	NPCr	inverse_cdf	617	0.060194194	0.050734192	0.28880742	-0.23807323	0.11487558
03	NPCr	inverse_cdf	719	0.059990823	-0.07019717	-0.080285735	0.010088563	0.094194524
03	NPCr	inverse_cdf	421	0.05984354	0.49193412	0.35338274	0.13855138	0.045741346
03	NPCr	inverse_cdf	653	0.059531927	0.34303397	0.27367157	0.0693624	0.07500321
03	NPCr	inverse_cdf	259	0.05867672	0.083936185	-0.047526147	0.13146234	0.096639656
03	NPCr	inverse_cdf	744	0.058261752	0.15184426	-0.047091275	0.19893554	0.07095828
03	NPCr	inverse_cdf	166	0.058184505	0.1711264	0.29848868	-0.12736228	0.037974544
03	NPCr	inverse_cdf	682	0.058003664	0.15328465	0.088536024	0.06474863	0.18584502
03	NPCr	inverse_cdf	791	0.057864428	0.09798644	0.12426339	-0.026276954	0.23662953
03	NPCr	inverse_cdf	367	0.057813525	0.1728046	0.2074308	-0.0346262	0.14576562
03	NPCr	inverse_cdf	696	0.057406187	-0.101691104	0.1170373	-0.2187284	0.14558741
03	NPCr	inverse_cdf	335	0.057201624	0.27520782	0.11572819	0.15947962	0.122198746
03	NPCr	inverse_cdf	556	0.057198644	-0.019371793	0.14059933	-0.15997112	0.15459548
03	NPCr	inverse_cdf	810	0.056396782	-0.25856262	-0.28186923	0.023306608	0.08171537
03	NPCr	inverse_cdf	526	0.05634886	-0.05058136	-0.056532882	0.005951524	0.07070696
03	NPCr	inverse_cdf	624	0.05627507	0.19602792	0.33893707	-0.14290915	0.14091432
03	NPCr	inverse_cdf	596	0.055846393	-0.015485498	-0.13815959	0.12267409	0.081727825
03	NPCr	inverse_cdf	689	0.055635393	0.16239497	0.017119793	0.14527518	0.098550156
03	NPCr	inverse_cdf	749	0.055619538	0.17972896	0.17562436	0.0041045994	0.0788153
03	NPCr	inverse_cdf	143	0.055404663	-0.02493305	-0.047370877	0.022437828	0.12747212
03	NPCr	inverse_cdf	313	0.05449289	0.6142774	0.6558784	-0.041601002	0.059136156
03	NPCr	inverse_cdf	788	0.0543077	-0.13646458	0.016888322	-0.1533529	0.07727983
03	NPCr	inverse_cdf	760	0.054162502	0.16008486	-0.08935355	0.2494384	0.08785364
03	NPCr	inverse_cdf	600	0.054017067	0.23474641	0.30840337	-0.07365696	0.07772652
03	NPCr	inverse_cdf	178	0.053934216	0.032998487	0.056811884	-0.023813397	0.10809657
03	NPCr	inverse_cdf	763	0.053864956	0.24495637	0.2178662	0.027090177	0.10464368
03	NPCr	inverse_cdf	725	0.05377221	-0.037321102	-0.12508172	0.08776061	0.10905732
03	NPCr	inverse_cdf	615	0.05367434	0.0583325	-0.12251876	0.18085127	0.10431468
03	NPCr	inverse_cdf	414	0.05335927	0.034374207	0.039054073	-0.004679866	0.08044678
03	NPCr	inverse_cdf	512	0.053327203	0.05080733	0.2659883	-0.21518096	0.07101145
03	NPCr	inverse_cdf	751	0.05326736	0.31332916	0.29669142	0.016637743	0.07146175
03	NPCr	inverse_cdf	413	0.053266227	-0.16732047	-0.1802157	0.0128952265	0.13600525
03	NPCr	inverse_cdf	557	0.05316043	0.14054951	0.09363174	0.046917774	0.20081626
03	NPCr	inverse_cdf	602	0.052803874	0.083530955	0.043306474	0.04022448	0.103793465
03	NPCr	inverse_cdf	525	0.052746475	0.030584792	-0.07753041	0.108115196	0.093260825
03	NPCr	inverse_cdf	782	0.052470505	0.18112688	-0.02167067	0.20279755	0.07642318
03	NPCr	inverse_cdf	562	0.05238533	0.36087412	0.17061695	0.19025716	0.10421503
03	NPCr	inverse_cdf	806	0.05237907	-0.3702344	-0.1834555	-0.1867789	0.107595816
03	NPCr	inverse_cdf	287	0.051940143	0.54895633	0.5166455	0.032310843	0.08819627
03	NPCr	inverse_cdf	325	0.05181235	0.038115837	0.075956	-0.037840165	0.05852628
03	NPCr	inverse_cdf	131	0.05176741	0.1501256	0.28044373	-0.13031814	0.06625768
03	NPCr	inverse_cdf	104	0.051280677	0.14033769	-0.07957223	0.21990992	0.06165222
03	NPCr	inverse_cdf	737	0.051209927	-0.06259104	0.069674194	-0.13226524	0.123243
03	NPCr	inverse_cdf	16	0.051141262	-0.14460446	-0.14603968	0.0014352202	0.063241065
03	NPCr	inverse_cdf	783	0.05051875	0.04585735	0.011373289	0.034484062	0.111856654
03	NPCr	inverse_cdf	40	0.050454974	-0.02287525	0.07394	-0.09681525	0.12540175
03	NPCr	inverse_cdf	244	0.05018407	0.21922912	0.21939005	-0.00016093254	0.052877653
03	NPCr	inverse_cdf	697	0.05015278	-0.06807115	-0.22622605	0.1581549	0.07539745
03	NPCr	inverse_cdf	743	0.050130427	-0.036329392	-0.28455046	0.24822107	0.09134346
03	NPCr	inverse_cdf	808	0.05004877	0.049555656	0.10302949	-0.053473834	0.0812855
03	NPCr	inverse_cdf	54	0.049842358	0.28687254	0.14910169	0.13777085	0.07521577
03	NPCr	inverse_cdf	71	0.049436867	0.23608746	0.2544576	-0.018370137	0.046774868
03	NPCr	inverse_cdf	701	0.04940462	-0.029281119	-0.02999986	0.00071874075	0.072826445
04	BensonV1	cdf	604	0.19166327	0.13909179	0.105194226	0.033897564	0.17541341
04	BensonV1	cdf	428	0.18060154	0.74502283	0.7452288	-0.00020599365	0.24531905
04	BensonV1	cdf	608	0.17259848	0.53724194	0.6076631	-0.07042116	0.16678236
04	BensonV1	cdf	490	0.1561923	0.755941	0.76166403	-0.005723059	0.12422151
04	BensonV1	cdf	551	0.1473087	0.66814256	0.75049525	-0.0823527	0.14511006
04	BensonV1	cdf	495	0.1472289	0.50086254	0.4637138	0.037148744	0.10268418
04	BensonV1	cdf	182	0.14713186	0.5124754	0.63128114	-0.118805766	0.1517874
04	BensonV1	cdf	607	0.13526028	0.5419267	0.5874002	-0.045473516	0.1926836
04	BensonV1	cdf	417	0.13270622	0.0114730345	0.055934396	-0.044461362	0.09280745
04	BensonV1	cdf	226	0.12969208	0.64904207	0.6414134	0.0076286793	0.1463519
04	BensonV1	cdf	337	0.12585545	0.34876195	0.21341975	0.1353422	0.09643815
04	BensonV1	cdf	603	0.12442356	0.50147533	0.41710705	0.08436829	0.08573675
04	BensonV1	cdf	447	0.12035203	0.6750337	0.5360693	0.13896441	0.10202259
04	BensonV1	cdf	675	0.12033945	0.09044722	-0.083602466	0.17404968	0.09549237
04	BensonV1	cdf	547	0.120063424	0.25669697	0.5196538	-0.26295683	0.31685486
04	BensonV1	cdf	133	0.11947811	0.2816689	0.4274446	-0.1457757	0.17132294
04	BensonV1	cdf	287	0.11884445	0.5199171	0.68367773	-0.16376066	0.16339959
04	BensonV1	cdf	340	0.11671704	0.54059863	0.67833954	-0.13774091	0.16599272
04	BensonV1	cdf	256	0.11257833	-0.0086464565	-0.08544507	0.07679861	0.08410758
04	BensonV1	cdf	378	0.112051904	0.6679462	0.74315655	-0.07521033	0.39092496
04	BensonV1	cdf	282	0.10968077	0.7154867	0.7146639	0.0008227825	0.16549976
04	BensonV1	cdf	302	0.109369874	0.45310587	0.4748546	-0.021748722	0.05208094
04	BensonV1	cdf	384	0.108441055	0.23217066	0.32859078	-0.096420124	0.18658875
04	BensonV1	cdf	595	0.104121685	0.4369185	0.6257872	-0.1888687	0.22390038
04	BensonV1	cdf	98	0.10409248	0.34541258	0.5330297	-0.1876171	0.2523012
04	BensonV1	cdf	446	0.102992594	0.5683812	0.592338	-0.023956835	0.106780864
04	BensonV1	cdf	363	0.09359306	0.4118426	0.3633062	0.04853642	0.12750329
04	BensonV1	cdf	68	0.09091842	0.25526583	0.48422524	-0.22895941	0.27509364
04	BensonV1	cdf	462	0.09060395	0.5476521	0.77050996	-0.22285783	0.22917
04	BensonV1	cdf	445	0.08737576	0.6399521	0.6672854	-0.02733326	0.17321943
04	BensonV1	cdf	375	0.08577305	0.6419761	0.7528748	-0.11089867	0.1621274
04	BensonV1	cdf	339	0.08575398	0.477497	0.5947675	-0.1172705	0.2960571
04	BensonV1	cdf	185	0.08439201	0.5945876	0.5220433	0.07254434	0.11851716
04	BensonV1	cdf	52	0.08377826	-0.42930824	-0.28312987	-0.14617836	0.105343975
04	BensonV1	cdf	65	0.08081436	0.45226774	0.46601054	-0.0137428045	0.55455226
04	BensonV1	cdf	596	0.078787744	0.47814158	0.6151853	-0.13704374	0.1459736
04	BensonV1	cdf	60	0.078747034	0.15055737	0.36086407	-0.2103067	0.12830926
04	BensonV1	cdf	174	0.0786863	0.24496007	0.2589517	-0.013991624	0.11493558
04	BensonV1	cdf	264	0.07762009	-0.156962	-0.15113765	-0.0058243573	0.18309228
04	BensonV1	cdf	94	0.07719976	0.17501608	0.50471234	-0.32969627	0.15981156
04	BensonV1	cdf	178	0.07670337	0.10979714	0.29885963	-0.18906248	0.2937462
04	BensonV1	cdf	594	0.07661188	0.060542803	0.0653132	-0.0047703944	0.12683335
04	BensonV1	cdf	137	0.076218545	0.0059068855	0.17426194	-0.16835506	0.12541762
04	BensonV1	cdf	180	0.075651884	-0.15111151	0.062447585	-0.21355909	0.17048894
04	BensonV1	cdf	245	0.07539326	0.6558742	0.5908703	0.06500387	0.10020728
04	BensonV1	cdf	267	0.075389564	0.43502578	0.45866278	-0.023636997	0.052168433
04	BensonV1	cdf	132	0.07488167	0.2022493	0.17380229	0.028447017	0.19800186
04	BensonV1	cdf	278	0.07430357	0.6888556	0.6426332	0.04622239	0.08460283
04	BensonV1	cdf	413	0.07409614	0.47276217	0.34076267	0.1319995	0.16231954
04	BensonV1	cdf	644	0.07271421	0.40299112	0.103861704	0.29912943	0.5427742
04	BensonV1	cdf	331	0.071561575	0.415718	0.5645285	-0.14881054	0.09133694
04	BensonV1	cdf	184	0.070284486	0.37945557	0.5088614	-0.12940586	0.09721513
04	BensonV1	cdf	324	0.06899673	0.5821988	0.6669331	-0.08473432	0.085904755
04	BensonV1	cdf	336	0.06799984	0.18429294	-0.059948407	0.24424136	0.15589818
04	BensonV1	cdf	242	0.067136765	0.45913136	0.46768385	-0.008552492	0.101086505
04	BensonV1	cdf	393	0.06692952	0.33883575	0.19398734	0.1448484	0.23014848
04	BensonV1	cdf	655	0.06670624	-0.075780995	0.15382004	-0.22960103	0.06967145
04	BensonV1	cdf	526	0.06635702	0.22507791	0.30730146	-0.08222355	0.070957616
04	BensonV1	cdf	408	0.06604874	0.41678777	0.41926563	-0.0024778545	0.12761512
04	BensonV1	cdf	149	0.06530863	0.5445211	0.7166072	-0.17208612	0.04088263
04	BensonV1	cdf	301	0.06514859	0.28728145	0.29737768	-0.010096222	0.109611094
04	BensonV1	cdf	251	0.06486827	0.035392668	0.068033166	-0.032640498	0.068837464
04	BensonV1	cdf	290	0.064808846	0.44582632	0.40087473	0.044951588	0.20281997
04	BensonV1	cdf	228	0.0646345	0.36137205	0.51232785	-0.1509558	0.10327381
04	BensonV1	cdf	297	0.06433189	0.24906017	0.30026165	-0.051201478	0.17337295
04	BensonV1	cdf	103	0.06431383	0.46642548	0.496402	-0.029976517	0.08449465
04	BensonV1	cdf	542	0.063851655	0.3113712	0.55934453	-0.24797332	0.13284838
04	BensonV1	cdf	18	0.063702404	-0.33967954	-0.021477131	-0.3182024	0.22630921
04	BensonV1	cdf	690	0.063565254	0.2732985	0.36335075	-0.09005225	1.1558517
04	BensonV1	cdf	635	0.06330079	-0.13482405	-0.21326111	0.07843706	0.08061815
04	BensonV1	cdf	545	0.06322336	0.40847775	0.601492	-0.19301423	0.14606625
04	BensonV1	cdf	593	0.06293428	0.27950785	0.47953847	-0.20003062	0.23561287
04	BensonV1	cdf	142	0.062799275	0.4512477	0.4443248	0.0069229007	0.062975764
04	BensonV1	cdf	69	0.062625885	0.19277823	0.38321915	-0.19044092	0.1520693
04	BensonV1	cdf	355	0.062157094	0.6273255	0.7627819	-0.13545644	0.14620976
04	BensonV1	cdf	406	0.061944127	0.57641673	0.60088605	-0.024469316	0.15774688
04	BensonV1	cdf	414	0.06192261	0.12485019	0.10937703	0.015473165	0.09637134
04	BensonV1	cdf	329	0.061677635	0.51324826	0.5058767	0.007371545	0.2044589
04	BensonV1	cdf	496	0.061202824	0.32136664	0.2564548	0.06491184	0.04133666
04	BensonV1	cdf	270	0.060231507	0.35240707	0.28187177	0.0705353	0.098536156
04	BensonV1	cdf	610	0.05975473	0.35771272	0.32942036	0.028292358	0.14197838
04	BensonV1	cdf	541	0.05947244	0.2949157	0.43316862	-0.13825291	0.12714596
04	BensonV1	cdf	592	0.058904886	0.2064701	0.3162566	-0.10978651	0.2729329
04	BensonV1	cdf	141	0.05871135	0.5414071	0.53372884	0.0076782703	0.06136893
04	BensonV1	cdf	268	0.05849749	0.58503425	0.5175827	0.06745154	0.068742394
04	BensonV1	cdf	298	0.058318555	0.045327537	0.09715474	-0.0518272	0.07969968
04	BensonV1	cdf	556	0.05770701	0.45610285	0.4041243	0.05197856	0.24120325
04	BensonV1	cdf	486	0.05755526	0.32197338	0.4609993	-0.13902593	0.13675706
04	BensonV1	cdf	647	0.057552278	0.42597836	0.38038293	0.045595437	0.13776058
04	BensonV1	cdf	652	0.057274103	0.20603822	0.29952872	-0.0934905	0.17065302
04	BensonV1	cdf	335	0.056806266	-0.01615626	0.14232026	-0.15847652	0.084989816
04	BensonV1	cdf	498	0.05677837	0.36267036	0.08426609	0.27840427	0.19380262
04	BensonV1	cdf	536	0.056529462	0.32778236	0.1674533	0.16032906	0.45362717
04	BensonV1	cdf	146	0.056225836	0.42394426	0.5475131	-0.12356886	0.12179623
04	BensonV1	cdf	129	0.05583632	0.21221057	0.39311716	-0.1809066	0.87449545
04	BensonV1	cdf	489	0.05550021	0.21122587	0.63583034	-0.42460448	0.5289179
04	BensonV1	cdf	330	0.05531752	0.43543324	0.43214566	0.0032875836	0.06719657
04	BensonV1	cdf	105	0.055161893	-0.17484643	0.17885649	-0.3537029	0.23349592
04	BensonV1	cdf	266	0.05459106	0.43954605	0.20950508	0.23004097	0.080619186
04	BensonV1	cdf	385	0.05453229	-0.019808555	0.30389935	-0.3237079	0.12394071
04	BensonV1	inverse_cdf	490	0.21277738	0.85355884	0.75416756	0.09939128	0.12529671
04	BensonV1	inverse_cdf	278	0.19382787	0.48821858	0.47751352	0.010705054	0.17829354
04	BensonV1	inverse_cdf	355	0.17617351	0.508156	0.5934338	-0.085277796	0.11679588
04	BensonV1	inverse_cdf	551	0.16312838	0.76755714	0.70687544	0.0606817	0.11594634
04	BensonV1	inverse_cdf	351	0.15817767	0.24246377	0.40907767	-0.1666139	0.10103358
04	BensonV1	inverse_cdf	447	0.15680224	0.7098154	0.6947585	0.015056908	0.11008049
04	BensonV1	inverse_cdf	428	0.14973104	0.71857446	0.6766395	0.041934967	0.23049213
04	BensonV1	inverse_cdf	446	0.13507324	0.7189348	0.7029265	0.016008258	0.13119647
04	BensonV1	inverse_cdf	282	0.12844032	0.71943486	0.6624922	0.05694264	0.14901876
04	BensonV1	inverse_cdf	426	0.12791944	0.473342	0.64191234	-0.16857034	0.16024801
04	BensonV1	inverse_cdf	340	0.12741607	0.76676774	0.6645592	0.102208555	0.12985927
04	BensonV1	inverse_cdf	406	0.12605149	0.4755626	0.5804973	-0.10493472	0.12475539
04	BensonV1	inverse_cdf	607	0.1233775	0.7352234	0.5462036	0.1890198	0.21597524
04	BensonV1	inverse_cdf	501	0.12175202	0.33700556	0.29164296	0.04536259	0.113122985
04	BensonV1	inverse_cdf	188	0.11723268	0.43186584	0.49903795	-0.06717211	0.119939245
04	BensonV1	inverse_cdf	327	0.11501789	0.31864312	0.36516047	-0.046517342	0.2495361
04	BensonV1	inverse_cdf	402	0.112422585	0.33279708	0.39063835	-0.05784127	0.106461786
04	BensonV1	inverse_cdf	333	0.11112815	0.4032334	0.43653658	-0.03330317	0.16562155
04	BensonV1	inverse_cdf	243	0.10879922	0.36553395	0.55552703	-0.18999308	0.17579284
04	BensonV1	inverse_cdf	462	0.10814434	0.75599504	0.70472884	0.051266193	0.11756942
04	BensonV1	inverse_cdf	497	0.107916474	0.5225128	0.4940433	0.028469503	0.089941256
04	BensonV1	inverse_cdf	226	0.107833564	0.7187356	0.6830806	0.035654962	0.16275124
04	BensonV1	inverse_cdf	419	0.105787694	0.5648521	0.51022863	0.054623485	0.12292303
04	BensonV1	inverse_cdf	149	0.103487134	0.5171658	0.5090709	0.008094907	0.046173643
04	BensonV1	inverse_cdf	314	0.10215527	0.25181392	0.3888442	-0.13703027	0.12040599
04	BensonV1	inverse_cdf	300	0.101822674	0.026013229	-0.05711292	0.08312615	0.18434618
04	BensonV1	inverse_cdf	603	0.09869194	0.73109573	0.6204554	0.11064035	0.09400983
04	BensonV1	inverse_cdf	590	0.097180784	0.4992705	0.37879425	0.120476246	0.34169242
04	BensonV1	inverse_cdf	554	0.09598333	0.56660676	0.5638281	0.0027786493	0.19672681
04	BensonV1	inverse_cdf	141	0.09486401	0.55701655	0.5857561	-0.028739572	0.114577405
04	BensonV1	inverse_cdf	245	0.0944919	0.5515085	0.42133003	0.13017845	0.10265341
04	BensonV1	inverse_cdf	324	0.09445208	0.54841435	0.5137279	0.034686446	0.10305494
04	BensonV1	inverse_cdf	467	0.094280005	0.3233731	0.21182027	0.111552835	0.111106664
04	BensonV1	inverse_cdf	365	0.09397364	0.2764001	0.42801228	-0.15161219	0.23908184
04	BensonV1	inverse_cdf	136	0.090142965	-0.0005516657	0.026156025	-0.02670769	0.0874255
04	BensonV1	inverse_cdf	296	0.089797914	0.23347509	0.2169435	0.016531587	0.1269055
04	BensonV1	inverse_cdf	408	0.08963227	0.5469051	0.5208679	0.026037216	0.265922
04	BensonV1	inverse_cdf	612	0.0888893	0.33404607	0.44945735	-0.11541128	0.07130868
04	BensonV1	inverse_cdf	276	0.08852631	0.43525133	0.46914652	-0.033895195	0.14233527
04	BensonV1	inverse_cdf	17	0.08774984	0.3518912	0.041329686	0.3105615	0.176398
04	BensonV1	inverse_cdf	183	0.08345115	0.26578438	0.34472364	-0.07893926	0.09821865
04	BensonV1	inverse_cdf	228	0.0824793	0.33445355	0.39151177	-0.057058215	0.12849735
04	BensonV1	inverse_cdf	375	0.08233285	0.61005133	0.5448793	0.06517202	0.097778976
04	BensonV1	inverse_cdf	287	0.08223349	0.66121763	0.6217902	0.03942746	0.08834494
04	BensonV1	inverse_cdf	644	0.08215237	0.4383781	0.067574196	0.3708039	0.5089896
04	BensonV1	inverse_cdf	325	0.081879675	0.56082135	0.46201926	0.09880209	0.08094777
04	BensonV1	inverse_cdf	182	0.08108187	0.6950354	0.748843	-0.053807616	0.08648554
04	BensonV1	inverse_cdf	633	0.08081967	0.092841014	-0.028793532	0.12163454	0.13337179
04	BensonV1	inverse_cdf	418	0.08005333	0.38108718	0.20373522	0.17735197	0.22685745
04	BensonV1	inverse_cdf	203	0.07871109	0.14464244	0.3904857	-0.24584326	0.18834051
04	BensonV1	inverse_cdf	20	0.07866222	0.36070395	0.35187963	0.008824319	0.12554573
04	BensonV1	inverse_cdf	399	0.078054905	0.2941569	0.515458	-0.22130108	0.3520339
04	BensonV1	inverse_cdf	293	0.077596486	0.29825047	0.15232588	0.14592458	0.16120985
04	BensonV1	inverse_cdf	500	0.07746178	0.3952218	0.5560442	-0.16082242	0.37976965
04	BensonV1	inverse_cdf	277	0.07614046	0.4202151	0.40661594	0.013599157	0.07785499
04	BensonV1	inverse_cdf	613	0.07593125	0.31229052	0.34244585	-0.03015533	0.13004231
04	BensonV1	inverse_cdf	279	0.075645864	-0.22208175	-0.111293375	-0.110788375	0.13374987
04	BensonV1	inverse_cdf	508	0.075075924	-0.37274382	-0.298367	-0.07437682	0.057522207
04	BensonV1	inverse_cdf	142	0.074866176	0.63925785	0.63274425	0.0065135956	0.095491484
04	BensonV1	inverse_cdf	413	0.07450676	0.4786748	0.3893799	0.08929491	0.20933306
04	BensonV1	inverse_cdf	445	0.074331045	0.65834355	0.5469783	0.11136526	0.14665928
04	BensonV1	inverse_cdf	559	0.0740754	0.34982234	0.49996087	-0.15013853	0.10153502
04	BensonV1	inverse_cdf	378	0.073483944	0.61983466	0.5793556	0.040479064	0.28530216
04	BensonV1	inverse_cdf	608	0.0732255	0.742041	0.7000796	0.041961372	0.09218025
04	BensonV1	inverse_cdf	18	0.07258189	-0.09045662	0.03025105	-0.12070767	0.086949944
04	BensonV1	inverse_cdf	422	0.07247895	0.396821	0.37915322	0.01766777	0.13407171
04	BensonV1	inverse_cdf	239	0.07228446	0.47759113	0.64968807	-0.17209694	0.12013446
04	BensonV1	inverse_cdf	116	0.070560634	0.34335503	0.33425763	0.009097397	0.100033015
04	BensonV1	inverse_cdf	301	0.07047391	0.45430604	0.26089635	0.19340968	0.11625743
04	BensonV1	inverse_cdf	407	0.07025802	0.62644386	0.6746369	-0.048193038	0.05384619
04	BensonV1	inverse_cdf	545	0.069743395	0.4467199	0.4671139	-0.020393997	0.07152533
04	BensonV1	inverse_cdf	334	0.069692194	0.5980898	0.51782095	0.08026886	0.121147215
04	BensonV1	inverse_cdf	233	0.06885487	0.6107238	0.7250132	-0.1142894	0.10120514
04	BensonV1	inverse_cdf	242	0.068727076	0.50470096	0.53557926	-0.030878305	0.08825302
04	BensonV1	inverse_cdf	329	0.06836319	0.6587525	0.4708216	0.18793091	0.2490474
04	BensonV1	inverse_cdf	397	0.06811029	0.28298014	0.54758275	-0.2646026	0.103350796
04	BensonV1	inverse_cdf	16	0.06808591	0.10540864	0.05879985	0.046608787	0.24001494
04	BensonV1	inverse_cdf	15	0.067388	0.007021283	-0.05303655	0.06005783	0.055500954
04	BensonV1	inverse_cdf	185	0.06714362	0.53562963	0.6398907	-0.10426104	0.07367894
04	BensonV1	inverse_cdf	662	0.066486	0.22879659	0.47789922	-0.24910264	0.19495854
04	BensonV1	inverse_cdf	267	0.06627089	0.62402624	0.4674195	0.15660673	0.09935189
04	BensonV1	inverse_cdf	363	0.06613487	0.6368928	0.40321627	0.23367652	0.08761197
04	BensonV1	inverse_cdf	359	0.06582749	-0.018620579	0.069131106	-0.08775169	0.14579067
04	BensonV1	inverse_cdf	187	0.06550676	0.42434052	0.4676412	-0.04330069	0.09523325
04	BensonV1	inverse_cdf	556	0.064355135	0.6218702	0.61144435	0.010425866	0.14642477
04	BensonV1	inverse_cdf	563	0.064231336	0.19514748	0.29317805	-0.09803057	0.08366205
04	BensonV1	inverse_cdf	492	0.06367421	-0.06542849	-0.1426154	0.077186905	0.22182724
04	BensonV1	inverse_cdf	596	0.063666224	0.68831855	0.5841818	0.104136765	0.095330335
04	BensonV1	inverse_cdf	320	0.06311357	-0.14708221	-0.018902967	-0.12817924	0.096149504
04	BensonV1	inverse_cdf	475	0.0626412	0.37400705	0.568553	-0.19454592	0.119069345
04	BensonV1	inverse_cdf	88	0.06249392	0.17838524	-0.02189873	0.20028397	21.363731
04	BensonV1	inverse_cdf	498	0.062449157	0.16121466	0.10158866	0.059626006	0.07468076
04	BensonV1	inverse_cdf	460	0.062387884	0.36806607	0.45982933	-0.09176326	0.12764291
04	BensonV1	inverse_cdf	495	0.062333822	0.82775706	0.7762426	0.051514447	0.12205656
04	BensonV1	inverse_cdf	513	0.0623222	0.37530762	0.16884893	0.20645869	0.13402352
04	BensonV1	inverse_cdf	550	0.062291324	0.3811177	0.54668415	-0.16556644	0.08813171
04	BensonV1	inverse_cdf	507	0.06206149	0.2692717	0.35783362	-0.08856192	0.1194455
04	BensonV1	inverse_cdf	312	0.061967194	0.0053458926	0.22972299	-0.2243771	0.087558456
04	BensonV1	inverse_cdf	539	0.061713994	0.2224369	0.46009904	-0.23766214	0.10208952
04	BensonV1	inverse_cdf	339	0.060984015	0.5862333	0.5214909	0.064742446	0.12296272
04	NPCr	cdf	159	0.32050735	0.707355	0.7611457	-0.05379069	0.12938267
04	NPCr	cdf	134	0.1686703	0.76378196	0.83537644	-0.07159448	0.07917633
04	NPCr	cdf	535	0.16237581	0.2751633	0.44253135	-0.16736805	0.35370278
04	NPCr	cdf	314	0.1501841	0.4882165	0.5050649	-0.016848415	0.43090177
04	NPCr	cdf	289	0.14734572	0.19356555	0.11265726	0.08090829	0.27723533
04	NPCr	cdf	489	0.12993085	0.18578456	0.4711566	-0.28537202	0.25781545
04	NPCr	cdf	218	0.12832117	-0.31090575	-0.10245746	-0.20844829	0.09608796
04	NPCr	cdf	494	0.12759906	0.38682404	0.67168415	-0.2848601	0.40535918
04	NPCr	cdf	295	0.12656647	0.46679053	0.69202673	-0.2252362	0.17248043
04	NPCr	cdf	223	0.12229794	0.38866246	0.15328534	0.23537712	0.19435963
04	NPCr	cdf	373	0.12144023	0.5597489	0.7085228	-0.14877391	0.21892351
04	NPCr	cdf	317	0.120619714	0.4273076	0.5250863	-0.09777868	0.6127316
04	NPCr	cdf	92	0.114583194	0.7005034	0.83342665	-0.13292325	0.11001021
04	NPCr	cdf	663	0.11178106	-0.11971601	0.20200454	-0.32172054	0.107618935
04	NPCr	cdf	490	0.11014259	0.3759231	0.45190388	-0.07598078	0.24715865
04	NPCr	cdf	372	0.10902876	0.36127216	0.553146	-0.19187385	0.52763766
04	NPCr	cdf	381	0.107213736	-0.054953277	0.19135788	-0.24631116	0.20608537
04	NPCr	cdf	552	0.10589105	0.31267732	0.3815571	-0.06887978	0.23213361
04	NPCr	cdf	367	0.105030954	0.29343534	0.6776299	-0.38419455	0.5359077
04	NPCr	cdf	599	0.10492462	0.023280565	0.23763093	-0.21435037	0.13023566
04	NPCr	cdf	210	0.10451877	0.4417494	0.65079445	-0.20904505	0.42022046
04	NPCr	cdf	371	0.102882266	0.44875628	0.41439492	0.034361362	0.04935818
04	NPCr	cdf	282	0.102388024	0.16508748	0.22857638	-0.0634889	0.18229261
04	NPCr	cdf	225	0.1020025	0.49007508	0.6045525	-0.114477426	0.258582
04	NPCr	cdf	537	0.10184604	0.70313454	0.59455943	0.108575106	0.11782189
04	NPCr	cdf	554	0.099742234	0.26972753	0.31682384	-0.047096312	0.21842569
04	NPCr	cdf	444	0.098413944	0.25167838	0.479175	-0.22749662	0.5218939
04	NPCr	cdf	533	0.09621334	0.16449262	0.39738595	-0.23289333	0.22678827
04	NPCr	cdf	443	0.0962019	0.22514829	0.47382057	-0.24867228	0.38293946
04	NPCr	cdf	189	0.09424561	0.25412714	0.22495566	0.029171482	0.10627418
04	NPCr	cdf	226	0.09414482	0.4055881	0.73590016	-0.33031207	0.2662301
04	NPCr	cdf	170	0.0937655	0.5035628	0.79766375	-0.29410094	0.16161759
04	NPCr	cdf	385	0.09328371	0.03474823	0.35991392	-0.3251657	0.47069758
04	NPCr	cdf	302	0.09300482	0.17929624	0.47338054	-0.2940843	1.3045026
04	NPCr	cdf	199	0.091775656	0.3793029	0.51178354	-0.13248065	0.39505982
04	NPCr	cdf	212	0.09130925	0.42489457	0.54200387	-0.1171093	0.27564448
04	NPCr	cdf	222	0.09071022	0.5961747	0.8388022	-0.2426275	0.30616164
04	NPCr	cdf	388	0.089785576	0.010839832	0.046890132	-0.0360503	0.09190319
04	NPCr	cdf	122	0.089235306	0.1511363	0.57228965	-0.42115337	0.25433838
04	NPCr	cdf	262	0.08897221	0.25215137	0.38021898	-0.12806761	0.3949392
04	NPCr	cdf	306	0.088621736	0.5978762	0.27318266	0.32469353	0.09875104
04	NPCr	cdf	161	0.088425815	0.4834083	0.7361784	-0.2527701	0.057291575
04	NPCr	cdf	425	0.08798224	0.17114569	0.6211458	-0.4500001	0.1551084
04	NPCr	cdf	255	0.08779293	0.4382531	0.68302387	-0.24477077	0.123753406
04	NPCr	cdf	190	0.08770096	0.12586273	0.18187343	-0.056010693	0.09322177
04	NPCr	cdf	21	0.08554411	0.099856906	0.24169807	-0.14184117	0.1763298
04	NPCr	cdf	202	0.08456892	0.38324758	0.65100306	-0.26775548	0.42645955
04	NPCr	cdf	98	0.08354676	-0.30055252	-0.4227401	0.122187585	0.08110163
04	NPCr	cdf	572	0.08342481	0.18524395	0.2813209	-0.09607695	0.15975891
04	NPCr	cdf	510	0.08283597	-0.022569116	0.30873245	-0.33130157	0.2778849
04	NPCr	cdf	220	0.08275241	0.486612	0.65691864	-0.17030665	0.094074145
04	NPCr	cdf	374	0.08256221	0.18469027	0.05810267	0.1265876	0.10130621
04	NPCr	cdf	288	0.079968154	0.39887047	0.6923918	-0.29352134	0.3044469
04	NPCr	cdf	200	0.07959473	0.3545439	0.45934138	-0.10479748	0.07157681
04	NPCr	cdf	321	0.07867122	0.19762121	0.09346484	0.104156375	0.1650324
04	NPCr	cdf	269	0.077165306	0.14516558	0.22569206	-0.080526486	0.4937521
04	NPCr	cdf	553	0.07582408	0.21184069	0.436448	-0.22460732	0.40619594
04	NPCr	cdf	397	0.07576907	0.32982892	0.3016137	0.02821523	0.07753511
04	NPCr	cdf	536	0.07543212	0.63534844	0.5781264	0.05722207	0.18219651
04	NPCr	cdf	263	0.075149715	0.27068332	0.40188223	-0.13119891	0.29024792
04	NPCr	cdf	243	0.07408464	0.08510047	0.23792928	-0.15282881	0.29583246
04	NPCr	cdf	483	0.07344711	0.12590668	0.1172146	0.008692078	0.12852097
04	NPCr	cdf	449	0.07183421	0.110054955	0.5624442	-0.45238924	0.17096137
04	NPCr	cdf	495	0.071555614	0.2948663	0.41294882	-0.11808252	0.19238791
04	NPCr	cdf	661	0.070932746	0.29415527	0.14439219	0.14976308	0.08316703
04	NPCr	cdf	124	0.07001239	0.33117723	0.40631735	-0.07514012	0.103894174
04	NPCr	cdf	442	0.06984973	-0.15852165	0.05224568	-0.21076733	0.09269497
04	NPCr	cdf	459	0.06937379	0.19558531	0.11890128	0.07668403	0.13273843
04	NPCr	cdf	247	0.06896353	0.18966463	0.22461244	-0.034947813	0.14439577
04	NPCr	cdf	662	0.068959236	0.036999978	0.185571	-0.14857101	0.092233524
04	NPCr	cdf	224	0.06822795	0.2398094	0.6512552	-0.4114458	0.6439287
04	NPCr	cdf	277	0.068103135	0.38110688	0.29752934	0.08357754	0.13763021
04	NPCr	cdf	246	0.06807232	0.457835	0.650612	-0.19277701	0.14611611
04	NPCr	cdf	139	0.06714064	0.46058938	0.5109617	-0.050372332	0.035175063
04	NPCr	cdf	64	0.06658292	0.038398635	-0.26561707	0.3040157	0.2596192
04	NPCr	cdf	377	0.06653243	0.4499055	0.30369204	0.14621347	0.103440866
04	NPCr	cdf	303	0.06646228	0.28464204	0.36014903	-0.075506985	0.096587904
04	NPCr	cdf	93	0.06606346	0.5415362	0.763458	-0.2219218	0.15238324
04	NPCr	cdf	542	0.06556523	-0.21416256	0.041534893	-0.25569746	0.09029711
04	NPCr	cdf	571	0.06535125	0.21988179	0.17417997	0.045701817	0.12225546
04	NPCr	cdf	653	0.06518912	-0.23066786	0.07958679	-0.31025463	0.12729993
04	NPCr	cdf	493	0.06509942	-0.0033037486	0.47513065	-0.47843438	0.2749073
04	NPCr	cdf	460	0.065036595	0.009723165	0.17149869	-0.16177551	0.14553818
04	NPCr	cdf	505	0.06476939	0.05467114	0.39425904	-0.3395879	0.09103619
04	NPCr	cdf	312	0.06467056	0.48333278	0.36024085	0.123091936	0.13221419
04	NPCr	cdf	244	0.06467003	0.22884908	0.12715647	0.10169262	0.4309261
04	NPCr	cdf	651	0.06362611	-0.059049528	0.01114851	-0.07019804	0.06915742
04	NPCr	cdf	38	0.06362468	0.18633103	0.49211612	-0.3057851	0.25764903
04	NPCr	cdf	664	0.063483834	0.060755253	0.10539387	-0.04463862	0.073707364
04	NPCr	cdf	227	0.06340468	0.48791638	0.4932288	-0.005312413	0.26519537
04	NPCr	cdf	238	0.06333196	0.24033192	0.44155478	-0.20122287	0.4152373
04	NPCr	cdf	123	0.06306183	0.16716711	0.21720882	-0.050041705	0.2127606
04	NPCr	cdf	174	0.06302863	0.17282094	0.12014606	0.052674882	0.11470784
04	NPCr	cdf	154	0.062485576	-0.5089852	-0.39827812	-0.110707104	0.04192667
04	NPCr	cdf	165	0.061870694	0.07809806	0.06959538	0.008502677	0.09860743
04	NPCr	cdf	322	0.061567903	0.040842544	0.016183464	0.02465908	0.19218859
04	NPCr	cdf	45	0.06137997	0.074462436	0.27713874	-0.2026763	0.25628483
04	NPCr	cdf	204	0.0609107	-0.01110074	0.03255313	-0.04365387	0.3388908
04	NPCr	cdf	522	0.06063682	0.10842835	0.29187807	-0.18344972	0.47225127
04	NPCr	cdf	182	0.060156584	-0.013062097	0.17933054	-0.19239265	0.086582564
04	NPCr	inverse_cdf	93	0.28224987	0.65020114	0.67581147	-0.025610328	0.10093296
04	NPCr	inverse_cdf	134	0.18712306	0.7807696	0.7732456	0.0075240135	0.052962832
04	NPCr	inverse_cdf	159	0.18549508	0.83142745	0.7716331	0.059794366	0.080133654
04	NPCr	inverse_cdf	92	0.18094182	0.64443123	0.56122977	0.08320147	0.0975033
04	NPCr	inverse_cdf	96	0.17870963	0.48426706	0.46480215	0.01946491	0.13927884
04	NPCr	inverse_cdf	65	0.17851275	0.38935483	0.47980115	-0.09044632	0.08980699
04	NPCr	inverse_cdf	91	0.16787362	0.36920056	0.36499193	0.0042086244	0.055331096
04	NPCr	inverse_cdf	66	0.16737974	0.4906385	0.5156774	-0.025038898	0.061849624
04	NPCr	inverse_cdf	222	0.15368682	0.4938401	0.5422737	-0.0484336	0.1307693
04	NPCr	inverse_cdf	220	0.14408338	0.3881327	0.44072777	-0.05259508	0.089735985
04	NPCr	inverse_cdf	78	0.13317066	0.17528597	0.012832923	0.16245304	0.06803433
04	NPCr	inverse_cdf	57	0.12987894	-0.036227066	0.043933477	-0.08016054	0.060410276
04	NPCr	inverse_cdf	346	0.121470094	0.11935607	0.12623248	-0.0068764016	0.054295976
04	NPCr	inverse_cdf	100	0.11677277	0.10558892	0.12731571	-0.021726795	0.0448437
04	NPCr	inverse_cdf	85	0.11003232	0.4863535	0.4519344	0.03441909	0.074020036
04	NPCr	inverse_cdf	147	0.10909617	0.427282	0.5569463	-0.12966427	0.06784665
04	NPCr	inverse_cdf	287	0.10722309	0.4171079	0.3049756	0.11213231	0.0675089
04	NPCr	inverse_cdf	95	0.10519612	0.57810426	0.62108594	-0.042981684	0.08875985
04	NPCr	inverse_cdf	122	0.104777336	0.6366566	0.643999	-0.007342398	0.09274731
04	NPCr	inverse_cdf	119	0.104142964	0.11986444	0.16725674	-0.0473923	0.1285884
04	NPCr	inverse_cdf	10	0.10157889	0.5986253	0.62223977	-0.023614466	0.052739713
04	NPCr	inverse_cdf	281	0.09758222	0.21121193	0.16189721	0.049314722	0.060308885
04	NPCr	inverse_cdf	106	0.09626073	-0.017642826	-0.08697312	0.0693303	0.051029984
04	NPCr	inverse_cdf	31	0.09570545	0.032067105	-0.002505084	0.034572188	0.0658571
04	NPCr	inverse_cdf	215	0.09558457	0.2946154	0.3858774	-0.09126201	0.12535612
04	NPCr	inverse_cdf	39	0.0954535	0.13516557	0.18781313	-0.05264756	0.11166156
04	NPCr	inverse_cdf	22	0.09480739	-0.05347917	0.0021366845	-0.055615854	0.061537866
04	NPCr	inverse_cdf	108	0.09473491	-0.019179408	0.012822059	-0.032001466	0.11574233
04	NPCr	inverse_cdf	277	0.091985166	0.3729163	0.5348107	-0.16189441	0.093279526
04	NPCr	inverse_cdf	33	0.09110457	0.14085433	0.16978921	-0.028934881	0.10673215
04	NPCr	inverse_cdf	123	0.08858389	0.38854	0.1518777	0.2366623	0.12682381
04	NPCr	inverse_cdf	139	0.08764607	0.5440879	0.65164554	-0.107557654	0.06253674
04	NPCr	inverse_cdf	161	0.087572336	0.4089595	0.5143339	-0.105374396	0.035948835
04	NPCr	inverse_cdf	226	0.0867849	0.32579452	0.39074314	-0.06494862	0.1324977
04	NPCr	inverse_cdf	20	0.085868835	0.27689937	0.23376583	0.043133542	0.0764562
04	NPCr	inverse_cdf	12	0.08429599	-0.0064558242	0.30469206	-0.3111479	0.048342146
04	NPCr	inverse_cdf	361	0.08370274	-0.06384955	-0.11650311	0.05265356	0.061756846
04	NPCr	inverse_cdf	373	0.08351928	0.38794336	0.17744772	0.21049564	0.09736086
04	NPCr	inverse_cdf	107	0.08093929	-0.17808108	-0.21167663	0.033595547	0.044508256
04	NPCr	inverse_cdf	29	0.08073521	0.12171259	0.18988118	-0.06816859	0.15640353
04	NPCr	inverse_cdf	170	0.0803439	0.2763987	0.4523137	-0.175915	0.095627755
04	NPCr	inverse_cdf	541	0.07880014	0.20371512	0.23429917	-0.030584052	0.061517254
04	NPCr	inverse_cdf	483	0.07806039	-0.013982494	-0.06267086	0.048688363	0.08877781
04	NPCr	inverse_cdf	621	0.07697791	-0.2814748	-0.18633112	-0.095143676	0.09911213
04	NPCr	inverse_cdf	160	0.07641441	0.27799398	0.23755658	0.0404374	0.06811616
04	NPCr	inverse_cdf	360	0.07608807	0.18350875	0.21495083	-0.031442076	0.085722685
04	NPCr	inverse_cdf	440	0.07564366	0.06765612	-0.009856783	0.077512905	0.091359556
04	NPCr	inverse_cdf	312	0.075609386	0.4993018	0.58178097	-0.08247918	0.08681611
04	NPCr	inverse_cdf	200	0.075166285	0.45267513	0.49481696	-0.042141825	0.044229995
04	NPCr	inverse_cdf	30	0.07467759	0.44678915	0.45390838	-0.0071192384	0.05114447
04	NPCr	inverse_cdf	13	0.07350081	-0.027086835	0.15669025	-0.1837771	0.122857355
04	NPCr	inverse_cdf	288	0.07312572	0.49399433	0.5487146	-0.054720253	0.08262892
04	NPCr	inverse_cdf	116	0.07270211	0.085321106	0.1328503	-0.0475292	0.08672357
04	NPCr	inverse_cdf	575	0.07251614	0.21039143	0.3654807	-0.15508926	0.09373538
04	NPCr	inverse_cdf	97	0.072197974	0.13142134	0.07072326	0.060698085	0.044923186
04	NPCr	inverse_cdf	370	0.07160461	0.2711731	0.22509243	0.046080664	0.074898556
04	NPCr	inverse_cdf	217	0.071525455	0.5559976	0.5311335	0.024864137	0.074801944
04	NPCr	inverse_cdf	365	0.071184635	0.26450187	0.2841261	-0.019624233	0.081531025
04	NPCr	inverse_cdf	149	0.07053411	-0.28153053	-0.3216615	0.040130973	0.07918755
04	NPCr	inverse_cdf	300	0.0703094	0.4937706	0.21337387	0.28039673	0.090542845
04	NPCr	inverse_cdf	54	0.06984526	0.06528456	0.06427865	0.0010059103	0.09660546
04	NPCr	inverse_cdf	17	0.06917369	0.19037992	0.15181549	0.03856443	0.33719933
04	NPCr	inverse_cdf	27	0.069025636	0.25969234	0.21881129	0.040881053	0.07302082
04	NPCr	inverse_cdf	465	0.06835896	0.1364777	0.22479618	-0.08831848	0.06664615
04	NPCr	inverse_cdf	150	0.068283856	0.005457387	0.2017221	-0.19626471	0.05545929
04	NPCr	inverse_cdf	367	0.068246126	0.4127897	0.5400007	-0.12721097	0.084795244
04	NPCr	inverse_cdf	26	0.067892015	-0.23905839	-0.3715541	0.13249572	0.064371176
04	NPCr	inverse_cdf	59	0.06779879	0.019905854	0.104917906	-0.08501205	0.045755133
04	NPCr	inverse_cdf	52	0.06694859	0.17714661	0.16317159	0.013975024	0.04083129
04	NPCr	inverse_cdf	124	0.06694847	0.4458306	0.489066	-0.04323539	0.048885625
04	NPCr	inverse_cdf	104	0.065894365	0.23090266	0.26249525	-0.031592593	0.02928224
04	NPCr	inverse_cdf	306	0.065187275	0.4945493	0.3345381	0.1600112	0.07693173
04	NPCr	inverse_cdf	143	0.06491476	0.27845752	0.23561677	0.04284075	0.087362714
04	NPCr	inverse_cdf	271	0.06440413	-0.004022639	0.30826432	-0.31228694	0.05748677
04	NPCr	inverse_cdf	511	0.06437135	0.40183702	0.17748667	0.22435035	0.10202777
04	NPCr	inverse_cdf	554	0.06411672	-0.0013883432	0.27183366	-0.273222	0.12669198
04	NPCr	inverse_cdf	603	0.06371504	0.060484856	-0.025544837	0.08602969	0.093736514
04	NPCr	inverse_cdf	500	0.06332165	-0.22202708	-0.09357162	-0.12845546	0.09379076
04	NPCr	inverse_cdf	178	0.06324953	0.19149458	0.076579586	0.114915	0.111723706
04	NPCr	inverse_cdf	622	0.062550366	0.13568744	0.12524204	0.010445401	0.08929677
04	NPCr	inverse_cdf	411	0.0625186	0.1000979	0.03604122	0.06405668	0.0313739
04	NPCr	inverse_cdf	333	0.062045038	-0.061528035	0.331934	-0.39346203	0.13063991
04	NPCr	inverse_cdf	363	0.061989248	0.41233858	0.3746654	0.037673175	0.08755877
04	NPCr	inverse_cdf	439	0.061816216	-0.15364425	-0.1561059	0.002461657	0.07710523
04	NPCr	inverse_cdf	242	0.061665118	0.104110815	0.08912976	0.014981054	0.0847081
04	NPCr	inverse_cdf	486	0.061468363	-0.26211968	-0.26668957	0.004569888	0.08747414
04	NPCr	inverse_cdf	635	0.06093216	0.009448627	0.21699126	-0.20754263	0.11373822
04	NPCr	inverse_cdf	148	0.06008333	0.09565607	0.1019943	-0.0063382313	0.03500046
04	NPCr	inverse_cdf	337	0.060009956	-0.02597211	0.067546286	-0.09351839	0.03834696
04	NPCr	inverse_cdf	351	0.059851885	0.29928046	0.17396513	0.12531534	0.062587954
04	NPCr	inverse_cdf	51	0.059307277	-0.22303936	-0.27426487	0.051225513	0.03799771
04	NPCr	inverse_cdf	553	0.059043884	-0.14162058	0.17924319	-0.32086378	0.22193925
04	NPCr	inverse_cdf	227	0.05873269	0.54229635	0.46025062	0.082045734	0.11765872
04	NPCr	inverse_cdf	72	0.058437765	0.43026605	0.24729198	0.18297407	0.055327896
04	NPCr	inverse_cdf	377	0.05824381	0.47376305	0.6034336	-0.12967056	0.07174105
04	NPCr	inverse_cdf	82	0.0580225	-0.21068232	-0.08455681	-0.12612551	0.14455615
04	NPCr	inverse_cdf	223	0.057832778	0.0013203478	0.15033601	-0.14901567	0.067476526
04	NPCr	inverse_cdf	503	0.057354093	-0.0006361916	0.19698456	-0.19762075	0.07627525
04	NPCr	inverse_cdf	0	0.05703658	0.038646527	-0.0025331404	0.04117967	0.19236861
04	NPCr	inverse_cdf	109	0.056919694	-0.2471077	-0.0021933233	-0.24491438	0.13129309
05	BensonV1	cdf	513	0.39486194	0.8363676	0.8395161	-0.0031484962	0.39428616
05	BensonV1	cdf	276	0.26513308	0.76539767	0.6304884	0.13490927	0.24321647
05	BensonV1	cdf	363	0.26413393	0.45973852	0.5817592	-0.12202069	0.27996564
05	BensonV1	cdf	275	0.25694597	0.31261393	0.5102191	-0.19760516	0.20125887
05	BensonV1	cdf	459	0.25459194	0.5098956	0.6676348	-0.15773916	0.23306291
05	BensonV1	cdf	452	0.25045425	0.67346656	0.73264354	-0.05917698	0.2141551
05	BensonV1	cdf	455	0.24109066	0.40603846	0.6952924	-0.28925395	0.2645771
05	BensonV1	cdf	546	0.23627454	0.5593859	0.69365305	-0.13426715	0.2007019
05	BensonV1	cdf	372	0.22959363	0.62951416	0.59679574	0.03271842	0.26333916
05	BensonV1	cdf	381	0.2128601	0.38878453	0.32757837	0.061206162	0.25082195
05	BensonV1	cdf	212	0.20903134	0.40927714	0.48190954	-0.0726324	0.1358567
05	BensonV1	cdf	463	0.19827741	0.41490507	0.5070618	-0.09215671	0.16309814
05	BensonV1	cdf	621	0.19771147	0.27427998	0.6817614	-0.4074814	0.12936208
05	BensonV1	cdf	371	0.18944317	0.4107905	0.54975617	-0.13896567	0.24901332
05	BensonV1	cdf	207	0.18502712	0.60136116	0.634128	-0.03276682	0.13404788
05	BensonV1	cdf	281	0.18456763	0.6671187	0.53070885	0.13640988	0.18382959
05	BensonV1	cdf	282	0.18324536	0.5924994	0.8105021	-0.21800274	0.1600946
05	BensonV1	cdf	204	0.18192941	0.51298904	0.4212781	0.091710955	0.12503517
05	BensonV1	cdf	385	0.17145509	0.32975096	0.5210669	-0.19131595	0.2547329
05	BensonV1	cdf	445	0.1690703	0.53978693	0.5312521	0.008534849	0.16221735
05	BensonV1	cdf	267	0.1653269	0.04689124	0.37102023	-0.324129	0.1617544
05	BensonV1	cdf	456	0.16002625	0.7204833	0.70541424	0.0150690675	0.19282098
05	BensonV1	cdf	364	0.15566283	0.5554412	0.28024495	0.27519625	0.1621905
05	BensonV1	cdf	347	0.15533459	0.09912695	-0.05945925	0.1585862	0.11777687
05	BensonV1	cdf	409	0.15443277	0.665238	0.7222072	-0.056969166	0.21890004
05	BensonV1	cdf	550	0.15396678	0.11868842	0.63887376	-0.52018535	0.1667695
05	BensonV1	cdf	415	0.15381771	0.64878273	0.5838676	0.06491512	0.22759004
05	BensonV1	cdf	289	0.14715528	0.4694231	0.681761	-0.21233794	0.15827742
05	BensonV1	cdf	457	0.14580196	0.6471121	0.7777187	-0.13060665	0.1575931
05	BensonV1	cdf	177	0.14179462	0.18598434	0.32765615	-0.1416718	0.18293878
05	BensonV1	cdf	244	0.13715047	0.65791124	0.29569903	0.3622122	0.13907096
05	BensonV1	cdf	384	0.13668865	0.11297041	0.45181835	-0.33884794	0.15391608
05	BensonV1	cdf	542	0.1366576	0.59424496	0.64830124	-0.054056287	0.09074571
05	BensonV1	cdf	486	0.13537884	0.3133085	0.55033183	-0.23702332	0.17601363
05	BensonV1	cdf	301	0.13377666	0.3410713	0.41669455	-0.075623244	0.19505225
05	BensonV1	cdf	288	0.13271195	0.439258	0.60819834	-0.16894034	0.14035846
05	BensonV1	cdf	355	0.12999928	0.43487462	0.5628253	-0.1279507	0.16792868
05	BensonV1	cdf	78	0.12525362	0.20583646	0.25148615	-0.045649692	0.10764856
05	BensonV1	cdf	406	0.12347901	0.544303	0.4652754	0.07902759	0.3082243
05	BensonV1	cdf	515	0.12226534	0.3944533	0.67295116	-0.27849787	0.15503477
05	BensonV1	cdf	690	0.12110102	0.45162964	0.38347512	0.068154514	0.1951934
05	BensonV1	cdf	213	0.12042999	0.31862515	0.56416565	-0.2455405	0.15100391
05	BensonV1	cdf	345	0.11448479	0.29702157	0.32148033	-0.024458766	0.09098088
05	BensonV1	cdf	27	0.11311704	0.60586125	0.4822875	0.12357375	0.56181425
05	BensonV1	cdf	362	0.11261237	0.5859153	0.7309263	-0.14501095	0.17397378
05	BensonV1	cdf	413	0.11254412	0.7393902	0.59019643	0.14919376	0.26682714
05	BensonV1	cdf	268	0.11135453	0.53005564	0.61179435	-0.08173871	0.10496672
05	BensonV1	cdf	444	0.11000234	0.59545976	0.68964136	-0.0941816	0.09965032
05	BensonV1	cdf	287	0.109625876	0.60822016	0.70046055	-0.09224039	0.1480585
05	BensonV1	cdf	315	0.108659446	0.19599359	0.21952866	-0.023535073	0.15840836
05	BensonV1	cdf	549	0.107614934	0.19945328	0.4333567	-0.23390342	0.11617476
05	BensonV1	cdf	519	0.10736865	0.22750768	0.39818323	-0.17067555	0.20633554
05	BensonV1	cdf	430	0.10563016	0.5823448	0.43557376	0.14677101	0.10763613
05	BensonV1	cdf	354	0.104861915	0.6030656	0.517942	0.0851236	0.34729758
05	BensonV1	cdf	208	0.104352295	0.70285076	0.7070208	-0.00417006	0.08892902
05	BensonV1	cdf	715	0.10345453	-0.0006587968	0.15938354	-0.16004233	0.2550374
05	BensonV1	cdf	620	0.10133684	0.4712642	0.49340737	-0.022143155	0.1821358
05	BensonV1	cdf	344	0.10067326	0.41181204	0.48557383	-0.07376179	0.09675992
05	BensonV1	cdf	150	0.09986949	-0.055805545	0.069083855	-0.1248894	0.17224015
05	BensonV1	cdf	232	0.099604964	0.45044374	0.2752602	0.17518353	0.07579336
05	BensonV1	cdf	233	0.09922159	0.6343822	0.5188155	0.11556667	0.083568305
05	BensonV1	cdf	346	0.09661108	-0.2440904	-0.27460188	0.030511484	0.08783442
05	BensonV1	cdf	627	0.09646779	0.47846982	0.71427864	-0.23580882	0.11810514
05	BensonV1	cdf	460	0.09636825	0.7739194	0.7542281	0.019691288	0.11911842
05	BensonV1	cdf	521	0.0962649	0.43391484	0.5027491	-0.068834245	0.4626926
05	BensonV1	cdf	258	0.09592056	0.5584304	0.3353089	0.22312146	0.13946751
05	BensonV1	cdf	386	0.095857084	0.43872878	0.3434821	0.09524667	0.13409328
05	BensonV1	cdf	322	0.09565967	-0.12057502	0.04513279	-0.16570781	0.12691948
05	BensonV1	cdf	339	0.09564358	0.26016042	0.29256466	-0.032404244	0.10240936
05	BensonV1	cdf	318	0.0943895	0.7741427	0.7592069	0.0149357915	0.12079836
05	BensonV1	cdf	762	0.09387374	0.24265605	0.031122299	0.21153376	0.20999353
05	BensonV1	cdf	411	0.093092024	0.42206034	0.43430486	-0.012244523	0.15769568
05	BensonV1	cdf	520	0.09234303	0.5079235	0.5401431	-0.03221959	0.23095025
05	BensonV1	cdf	555	0.09203279	0.09850762	0.29773006	-0.19922245	0.17595784
05	BensonV1	cdf	326	0.09030467	0.23968698	0.25415888	-0.014471903	0.14258623
05	BensonV1	cdf	240	0.09018928	0.19811457	0.048728902	0.14938568	0.23687105
05	BensonV1	cdf	336	0.090088665	0.68171173	0.75861144	-0.07689971	0.17400746
05	BensonV1	cdf	391	0.08924103	0.024839668	0.377934	-0.35309434	0.15796623
05	BensonV1	cdf	113	0.0891034	0.5296173	0.41328016	0.11633715	0.32876423
05	BensonV1	cdf	142	0.08795303	0.39693022	0.585114	-0.18818378	0.26594406
05	BensonV1	cdf	352	0.08777207	0.506241	0.42248276	0.083758265	0.07838611
05	BensonV1	cdf	414	0.087337196	0.4720497	0.46830514	0.0037445724	0.2097623
05	BensonV1	cdf	697	0.08722627	-0.0271821	0.057959992	-0.08514209	0.20183346
05	BensonV1	cdf	676	0.086839974	0.09935825	-0.35934517	0.45870343	0.15617321
05	BensonV1	cdf	619	0.086694956	0.35676822	0.30947652	0.047291696	0.16892347
05	BensonV1	cdf	468	0.0860396	0.44961566	0.69541645	-0.2458008	0.5152228
05	BensonV1	cdf	183	0.0856787	0.091797076	0.19408956	-0.102292486	0.08781147
05	BensonV1	cdf	487	0.08542931	0.5032082	0.517948	-0.014739752	0.09204515
05	BensonV1	cdf	143	0.08513123	0.3711898	0.6508423	-0.2796525	0.114753455
05	BensonV1	cdf	195	0.08484554	0.42180613	0.42799342	-0.00618729	0.06840656
05	BensonV1	cdf	320	0.08462858	0.45825335	0.39840004	0.059853315	0.109726116
05	BensonV1	cdf	257	0.08249837	0.36462477	0.38355413	-0.018929362	0.06969545
05	BensonV1	cdf	351	0.080503225	0.31072864	0.23251186	0.078216776	0.09969375
05	BensonV1	cdf	357	0.08044958	0.38883948	0.50687945	-0.118039966	0.13548566
05	BensonV1	cdf	286	0.08033723	0.69970495	0.63552827	0.06417668	0.17689237
05	BensonV1	cdf	504	0.079868674	0.27034175	0.27234992	-0.00200817	0.073286526
05	BensonV1	cdf	429	0.079377234	0.41479445	0.34984708	0.06494737	0.11904266
05	BensonV1	cdf	77	0.07905656	0.31492588	0.32896852	-0.014042646	0.115
05	BensonV1	cdf	399	0.07880646	0.2970458	0.45094213	-0.15389633	0.7621721
05	BensonV1	cdf	56	0.07797074	0.4874305	0.6875982	-0.20016772	0.39923882
05	BensonV1	inverse_cdf	513	0.33616346	0.8737685	0.8856019	-0.01183337	0.26377374
05	BensonV1	inverse_cdf	459	0.22510135	0.76049596	0.6624242	0.098071754	0.31266838
05	BensonV1	inverse_cdf	276	0.1938315	0.7478449	0.74260783	0.005237043	0.18205087
05	BensonV1	inverse_cdf	452	0.18635827	0.7787984	0.81154466	-0.032746255	0.23302697
05	BensonV1	inverse_cdf	364	0.17283028	0.48361918	0.535839	-0.052219838	0.17603327
05	BensonV1	inverse_cdf	546	0.1655631	0.6985388	0.6171945	0.08134431	0.13452227
05	BensonV1	inverse_cdf	281	0.1623342	0.6701711	0.6692008	0.000970304	0.16996484
05	BensonV1	inverse_cdf	456	0.15568626	0.6444989	0.7861213	-0.14162242	0.17465147
05	BensonV1	inverse_cdf	341	0.1509127	0.49273428	0.5187287	-0.02599439	0.20960416
05	BensonV1	inverse_cdf	413	0.1500364	0.6768381	0.74261487	-0.065776765	0.19014847
05	BensonV1	inverse_cdf	336	0.14931446	0.55800724	0.6157132	-0.05770594	0.20696393
05	BensonV1	inverse_cdf	282	0.14708251	0.7379521	0.80749726	-0.06954515	0.10325026
05	BensonV1	inverse_cdf	457	0.13993788	0.7187376	0.7688417	-0.05010408	0.09511874
05	BensonV1	inverse_cdf	515	0.1398139	0.5847504	0.5876092	-0.002858758	0.10005403
05	BensonV1	inverse_cdf	286	0.1387366	0.43061334	0.67740107	-0.24678773	0.19990519
05	BensonV1	inverse_cdf	287	0.13833648	0.7061168	0.7818522	-0.07573539	0.14511254
05	BensonV1	inverse_cdf	363	0.13117832	0.7590373	0.70310736	0.05592996	0.20928992
05	BensonV1	inverse_cdf	460	0.12987721	0.59161776	0.6446087	-0.052990913	0.13521202
05	BensonV1	inverse_cdf	318	0.12881136	0.5990917	0.7150737	-0.115981996	0.13106485
05	BensonV1	inverse_cdf	414	0.12861866	0.48512307	0.5277637	-0.042640656	0.10887037
05	BensonV1	inverse_cdf	372	0.12693477	0.7454228	0.76651144	-0.02108866	0.31994393
05	BensonV1	inverse_cdf	232	0.12506282	0.09298005	0.53786564	-0.44488558	0.10138494
05	BensonV1	inverse_cdf	415	0.11902541	0.6687309	0.6747923	-0.006061375	0.18790822
05	BensonV1	inverse_cdf	627	0.11748874	0.4320999	0.4727384	-0.040638477	0.11506786
05	BensonV1	inverse_cdf	246	0.11689013	0.20844457	0.47917196	-0.2707274	0.08748537
05	BensonV1	inverse_cdf	107	0.11437762	-0.012482589	-0.070456795	0.057974204	0.10109493
05	BensonV1	inverse_cdf	27	0.11259806	0.42463434	0.34853384	0.0761005	0.3477307
05	BensonV1	inverse_cdf	275	0.11234665	0.63727826	0.6018557	0.035422564	0.11033246
05	BensonV1	inverse_cdf	490	0.110238254	0.5162706	0.62013817	-0.10386759	0.11166485
05	BensonV1	inverse_cdf	542	0.1097973	0.66750854	0.70534694	-0.0378384	0.08408184
05	BensonV1	inverse_cdf	455	0.10856539	0.8326388	0.80132496	0.031313837	0.1705803
05	BensonV1	inverse_cdf	330	0.10804385	0.58552045	0.54540354	0.040116906	0.1446917
05	BensonV1	inverse_cdf	207	0.10711223	0.6973981	0.8350001	-0.13760197	0.09797543
05	BensonV1	inverse_cdf	491	0.1057353	0.4897813	0.2927803	0.19700098	0.18718973
05	BensonV1	inverse_cdf	243	0.10355985	0.28993875	0.27629042	0.013648331	0.1611565
05	BensonV1	inverse_cdf	409	0.10318941	0.6125502	0.82489103	-0.21234083	0.12019705
05	BensonV1	inverse_cdf	497	0.09826648	0.22472812	0.40990523	-0.1851771	0.09509278
05	BensonV1	inverse_cdf	208	0.09709895	0.6603964	0.68766284	-0.027266443	0.08636982
05	BensonV1	inverse_cdf	289	0.09709495	0.677157	0.6618217	0.015335262	0.10565493
05	BensonV1	inverse_cdf	419	0.094634056	0.32735565	0.40678412	-0.079428464	0.08732187
05	BensonV1	inverse_cdf	362	0.09354603	0.4454421	0.50401825	-0.058576137	0.13258803
05	BensonV1	inverse_cdf	349	0.09264338	0.6161764	0.5311459	0.085030556	0.1883029
05	BensonV1	inverse_cdf	420	0.092240036	0.33475968	0.57034403	-0.23558435	0.1197749
05	BensonV1	inverse_cdf	268	0.09204012	0.56632954	0.65462506	-0.08829552	0.10561445
05	BensonV1	inverse_cdf	446	0.09190929	0.35829404	0.31755093	0.040743113	0.1565694
05	BensonV1	inverse_cdf	430	0.09051257	0.5386383	0.5539961	-0.015357792	0.13372704
05	BensonV1	inverse_cdf	163	0.088312685	0.017417965	-0.16978087	0.18719883	0.117878675
05	BensonV1	inverse_cdf	94	0.088226795	-0.14509977	-0.13930991	-0.005789861	0.16171928
05	BensonV1	inverse_cdf	671	0.0880487	-0.10456959	-0.03757656	-0.06699303	0.21877289
05	BensonV1	inverse_cdf	445	0.08795136	0.715741	0.681367	0.034374	0.113961056
05	BensonV1	inverse_cdf	621	0.08794665	0.50908357	0.5156168	-0.0065332055	0.084556796
05	BensonV1	inverse_cdf	334	0.087544024	0.1134127	0.4575148	-0.34410208	0.18398938
05	BensonV1	inverse_cdf	351	0.08730692	0.26453248	0.39263067	-0.12809819	0.15193962
05	BensonV1	inverse_cdf	485	0.08672798	0.56539166	0.40042377	0.1649679	0.19439872
05	BensonV1	inverse_cdf	453	0.086681664	0.14971794	0.12527935	0.02443859	0.08194989
05	BensonV1	inverse_cdf	352	0.08484101	0.5925901	0.3433853	0.24920478	0.118448555
05	BensonV1	inverse_cdf	357	0.084659696	0.3338952	0.39515865	-0.061263442	0.07848838
05	BensonV1	inverse_cdf	328	0.0841434	0.21354517	0.42915404	-0.21560887	0.15231825
05	BensonV1	inverse_cdf	288	0.0835405	0.66444236	0.68379027	-0.019347906	0.072456025
05	BensonV1	inverse_cdf	347	0.08153665	-0.107670434	0.19768777	-0.3053582	0.10518465
05	BensonV1	inverse_cdf	313	0.0811587	0.69912255	0.75000656	-0.05088401	0.10832999
05	BensonV1	inverse_cdf	329	0.0811432	0.058645885	0.28200576	-0.22335987	0.12628345
05	BensonV1	inverse_cdf	222	0.08091164	0.31943232	0.23580611	0.08362621	0.20595858
05	BensonV1	inverse_cdf	213	0.07999915	0.5852941	0.62036896	-0.03507483	0.06440071
05	BensonV1	inverse_cdf	486	0.07942712	0.5292327	0.49100518	0.0382275	0.10981162
05	BensonV1	inverse_cdf	126	0.07921183	0.117249876	0.09472503	0.022524849	0.09474113
05	BensonV1	inverse_cdf	186	0.079117775	0.11049835	-0.027380101	0.13787845	0.14892274
05	BensonV1	inverse_cdf	550	0.07830042	0.36162454	0.30087048	0.06075406	0.1215225
05	BensonV1	inverse_cdf	244	0.07810211	0.4983846	0.46929628	0.029088318	0.1371342
05	BensonV1	inverse_cdf	537	0.0768671	0.509798	0.35801956	0.15177843	0.27827573
05	BensonV1	inverse_cdf	302	0.0768584	-0.14607185	0.09119101	-0.23726286	0.20175901
05	BensonV1	inverse_cdf	574	0.076466024	-0.04148968	0.111690976	-0.15318066	0.1308379
05	BensonV1	inverse_cdf	338	0.07623792	0.4879683	0.32515275	0.16281554	0.10317413
05	BensonV1	inverse_cdf	31	0.076141655	0.39073855	0.19258381	0.19815473	0.12664449
05	BensonV1	inverse_cdf	496	0.07572055	0.54990166	0.5587768	-0.008875132	0.14113455
05	BensonV1	inverse_cdf	505	0.074818134	0.53651905	0.44687313	0.08964592	0.11483179
05	BensonV1	inverse_cdf	406	0.07478821	0.43681732	0.70157075	-0.26475343	0.22239867
05	BensonV1	inverse_cdf	607	0.074302495	0.1995009	0.31573996	-0.116239056	0.1395806
05	BensonV1	inverse_cdf	355	0.07401276	0.6741204	0.6838266	-0.009706199	0.10067582
05	BensonV1	inverse_cdf	685	0.07398939	0.4801993	0.32479078	0.15540853	0.100720726
05	BensonV1	inverse_cdf	340	0.07367939	0.23473518	0.12582272	0.10891245	0.10462955
05	BensonV1	inverse_cdf	50	0.07353729	0.3931365	-0.010910009	0.4040465	0.22391371
05	BensonV1	inverse_cdf	320	0.07238579	0.2875426	0.5334278	-0.24588516	0.09016094
05	BensonV1	inverse_cdf	15	0.07235974	-0.1340307	-0.17838776	0.04435706	0.122131854
05	BensonV1	inverse_cdf	200	0.072310865	0.1238421	-0.037146833	0.16098893	0.102770016
05	BensonV1	inverse_cdf	724	0.07207388	-0.07022109	0.020219024	-0.09044011	0.22607756
05	BensonV1	inverse_cdf	354	0.0715	0.559175	0.3515523	0.2076227	0.19218345
05	BensonV1	inverse_cdf	233	0.0712477	0.7047655	0.5344448	0.17032069	0.052887563
05	BensonV1	inverse_cdf	137	0.07114309	0.25199643	0.26046512	-0.0084686875	0.32503873
05	BensonV1	inverse_cdf	679	0.07098079	0.24218662	0.120014824	0.1221718	0.13880575
05	BensonV1	inverse_cdf	501	0.07002336	0.30904514	0.5119513	-0.20290619	0.10515308
05	BensonV1	inverse_cdf	687	0.06883353	0.5200362	0.41782698	0.10220924	0.13963746
05	BensonV1	inverse_cdf	344	0.06842297	0.5805365	0.56355256	0.016983926	0.11143088
05	BensonV1	inverse_cdf	403	0.06817263	0.18486896	0.23483224	-0.04996328	0.10193061
05	BensonV1	inverse_cdf	407	0.0679124	0.3572515	0.4690969	-0.111845404	0.1683758
05	BensonV1	inverse_cdf	375	0.06779212	0.4971563	0.43321943	0.06393686	0.19435629
05	BensonV1	inverse_cdf	421	0.06774044	0.50663334	0.56449926	-0.057865918	0.13565798
05	BensonV1	inverse_cdf	56	0.06764716	0.43400562	0.36220223	0.07180339	0.24496165
05	BensonV1	inverse_cdf	532	0.06741291	0.0627147	-0.009892107	0.07260681	0.10832114
05	BensonV1	inverse_cdf	263	0.06698525	0.3502857	0.29185495	0.05843076	0.114863895
05	NPCr	cdf	737	0.1960113	-0.12451575	-0.16653755	0.042021804	0.5460904
05	NPCr	cdf	643	0.15131527	0.30698523	0.15060544	0.15637979	0.41848734
05	NPCr	cdf	497	0.14807242	-0.19466108	-0.1273386	-0.06732248	0.47939545
05	NPCr	cdf	492	0.14757764	-0.011861016	-0.014392121	0.0025311047	0.35588783
05	NPCr	cdf	498	0.14569885	0.002654464	-0.076819494	0.07947396	0.58949965
05	NPCr	cdf	585	0.14355397	0.08062943	0.25307694	-0.1724475	0.26693603
05	NPCr	cdf	817	0.14200288	0.11175833	0.00043125634	0.111327074	0.33397576
05	NPCr	cdf	681	0.13693708	0.14513335	-0.12435598	0.26948932	0.4581247
05	NPCr	cdf	637	0.13413215	-0.15721384	-0.0492022	-0.10801163	0.3896119
05	NPCr	cdf	547	0.13227719	-0.096916854	0.22413203	-0.3210489	0.92200154
05	NPCr	cdf	496	0.13002163	-0.28680822	-0.086179934	-0.20062828	0.24293308
05	NPCr	cdf	577	0.12525779	-0.05232905	0.063429765	-0.115758814	0.43056086
05	NPCr	cdf	47	0.12514228	0.20873442	0.10326052	0.105473906	0.6781626
05	NPCr	cdf	776	0.124498904	0.023632944	-0.23275372	0.25638667	0.33482593
05	NPCr	cdf	9	0.12442392	0.1597229	0.26861995	-0.10889706	0.2758018
05	NPCr	cdf	579	0.123188555	0.18465576	-0.02518683	0.20984259	0.4530925
05	NPCr	cdf	778	0.12190634	0.0403429	0.044813924	-0.0044710226	0.3720726
05	NPCr	cdf	551	0.12168151	0.0147119155	0.17663819	-0.16192627	0.623286
05	NPCr	cdf	647	0.121492445	0.13328278	0.052839853	0.08044293	0.25849366
05	NPCr	cdf	636	0.12122178	0.18500051	0.27634162	-0.09134111	0.5429133
05	NPCr	cdf	642	0.119532764	0.45988494	0.3624932	0.097391754	0.6354184
05	NPCr	cdf	648	0.11864936	0.07166788	-0.059192963	0.13086084	0.30584458
05	NPCr	cdf	21	0.1172902	0.15347703	0.12763315	0.025843874	0.5057553
05	NPCr	cdf	854	0.11724758	0.15582503	0.06606338	0.08976165	0.30427343
05	NPCr	cdf	920	0.11633158	0.2626271	0.6332177	-0.3705906	0.4866404
05	NPCr	cdf	680	0.115272224	0.0009797768	-0.07831073	0.0792905	0.25200334
05	NPCr	cdf	823	0.114792824	0.16192374	-0.011335807	0.17325954	0.19566238
05	NPCr	cdf	831	0.11405414	-0.13747853	-0.09455629	-0.042922243	0.22818804
05	NPCr	cdf	586	0.11389899	0.106492944	-0.089602515	0.19609547	0.4323968
05	NPCr	cdf	174	0.11321288	0.37784874	0.39086008	-0.013011336	0.09504013
05	NPCr	cdf	266	0.113161504	0.013253855	0.084581286	-0.07132743	0.2806402
05	NPCr	cdf	644	0.11041206	-0.27838597	-0.24015819	-0.03822778	0.2374342
05	NPCr	cdf	555	0.110186934	0.20831823	0.30057052	-0.092252284	0.3742167
05	NPCr	cdf	580	0.110156	0.337437	0.10601292	0.2314241	0.45577985
05	NPCr	cdf	686	0.10974598	-0.023819663	-0.06520387	0.041384205	0.17032695
05	NPCr	cdf	14	0.10944557	0.23603046	0.04008142	0.19594905	0.83670574
05	NPCr	cdf	179	0.10820663	0.21704088	0.19237839	0.024662495	0.10080348
05	NPCr	cdf	548	0.10758197	-0.21048309	-0.15159911	-0.05888398	0.3380407
05	NPCr	cdf	725	0.10728735	0.2945277	0.1325161	0.16201161	0.30099067
05	NPCr	cdf	819	0.10643816	-0.17121671	-0.15874894	-0.012467772	0.26897186
05	NPCr	cdf	834	0.10586679	-0.06121992	-0.24630214	0.18508223	0.3529218
05	NPCr	cdf	806	0.10439873	-0.13765576	-0.13742897	-0.00022679567	0.3874255
05	NPCr	cdf	28	0.10388833	0.34364775	0.41719067	-0.07354292	0.3603055
05	NPCr	cdf	228	0.10359448	-0.14603855	0.024599219	-0.17063777	0.113169
05	NPCr	cdf	263	0.103066444	-0.017401688	0.14442372	-0.16182542	0.36196476
05	NPCr	cdf	383	0.103027344	-0.0505133	-0.1211945	0.0706812	0.19511099
05	NPCr	cdf	936	0.10242486	-0.1260979	-0.15963262	0.03353472	0.16972372
05	NPCr	cdf	16	0.102196574	0.4738667	0.37131888	0.102547824	0.58533615
05	NPCr	cdf	442	0.1017521	0.34086007	0.52466166	-0.18380159	0.31131372
05	NPCr	cdf	209	0.10157633	-0.14038321	0.057602283	-0.1979855	0.9662798
05	NPCr	cdf	27	0.10082382	0.49172863	0.29735854	0.19437009	0.27396148
05	NPCr	cdf	32	0.10048562	0.4315061	0.39384386	0.037662238	0.27152142
05	NPCr	cdf	743	0.100195765	0.19566543	-0.048911702	0.24457714	0.35665032
05	NPCr	cdf	17	0.100176394	0.25743547	0.11525408	0.1421814	0.693851
05	NPCr	cdf	738	0.09956771	-0.0068705077	0.027088946	-0.033959452	0.51232785
05	NPCr	cdf	582	0.099202275	-0.08518628	-0.13109584	0.04590956	0.4767351
05	NPCr	cdf	675	0.09878373	0.23537599	0.15815718	0.0772188	1.0024405
05	NPCr	cdf	440	0.09854174	0.23215187	0.05665537	0.17549649	0.3358927
05	NPCr	cdf	744	0.098501086	0.15575588	-0.26216358	0.41791946	0.3210626
05	NPCr	cdf	5	0.09774464	-0.009107883	0.1444979	-0.15360579	0.23680909
05	NPCr	cdf	11	0.09765631	0.07924202	0.018012682	0.06122934	0.19448726
05	NPCr	cdf	550	0.09763354	0.10571177	0.07626048	0.029451296	0.14900135
05	NPCr	cdf	518	0.0975405	-0.070323706	0.022969035	-0.09329274	0.2742406
05	NPCr	cdf	674	0.09645468	0.19319777	0.15779269	0.035405084	0.41585666
05	NPCr	cdf	922	0.09629786	-0.28865346	-0.2514882	-0.037165254	0.09868625
05	NPCr	cdf	205	0.09628785	0.04636139	0.07167317	-0.02531178	1.4322077
05	NPCr	cdf	31	0.09621149	0.2339827	0.080543384	0.15343931	0.23225556
05	NPCr	cdf	655	0.09568834	-0.011024983	0.07342453	-0.084449515	0.34904447
05	NPCr	cdf	503	0.09539968	-0.2747383	-0.28681794	0.012079626	0.32064334
05	NPCr	cdf	670	0.0953297	-0.011894749	0.06097	-0.07286475	0.1544082
05	NPCr	cdf	795	0.09486383	0.14971423	0.0057122493	0.14400198	0.19376168
05	NPCr	cdf	166	0.094558954	-0.057455152	-0.007401555	-0.050053596	0.3426711
05	NPCr	cdf	790	0.09435886	0.18051092	-0.0077865343	0.18829745	0.2143143
05	NPCr	cdf	109	0.09430814	-0.004813305	-0.0027879556	-0.0020253495	0.27529243
05	NPCr	cdf	139	0.09319866	0.2803835	0.30611053	-0.025727034	0.11932198
05	NPCr	cdf	356	0.093028784	0.37903813	0.4051814	-0.026143283	0.35285696
05	NPCr	cdf	888	0.092838705	-0.30410993	-0.09392558	-0.21018435	0.16465446
05	NPCr	cdf	833	0.09269065	-0.09411534	0.07722914	-0.17134449	0.3075545
05	NPCr	cdf	36	0.0922361	0.42232183	0.2440363	0.17828552	0.24575292
05	NPCr	cdf	475	0.09216654	-0.18688403	-0.20506328	0.018179253	0.21770202
05	NPCr	cdf	788	0.091626465	-0.048292674	-0.15333366	0.10504099	0.20959505
05	NPCr	cdf	732	0.09117675	0.08449867	0.034298	0.050200675	0.33768353
05	NPCr	cdf	891	0.09100944	0.14107767	0.40622237	-0.2651447	0.15919891
05	NPCr	cdf	23	0.08995181	0.3063554	0.23996787	0.06638752	0.37549305
05	NPCr	cdf	504	0.089130044	-0.102328934	-0.09291109	-0.009417847	0.37406856
05	NPCr	cdf	78	0.08893168	0.16452828	-0.16824466	0.33277294	0.21169566
05	NPCr	cdf	217	0.087996066	-0.27565172	-0.31650284	0.040851116	0.28664368
05	NPCr	cdf	454	0.087542295	0.014220352	-0.09275479	0.10697514	0.49064162
05	NPCr	cdf	568	0.08748448	-0.042699967	0.10618916	-0.14888912	0.26947638
05	NPCr	cdf	288	0.0870924	0.5312283	0.44444817	0.08678013	0.401218
05	NPCr	cdf	437	0.08652526	0.3829884	0.42494917	-0.041960776	0.33092314
05	NPCr	cdf	856	0.08629322	0.1507851	-0.042657338	0.19344243	0.22018601
05	NPCr	cdf	363	0.0855028	-0.047061738	-0.11570702	0.06864528	0.6727868
05	NPCr	cdf	910	0.08547288	-0.5542568	-0.3671283	-0.18712848	0.21345948
05	NPCr	cdf	273	0.085422814	0.28016132	0.09847118	0.18169014	0.36730912
05	NPCr	cdf	728	0.08530009	0.16224128	0.079861134	0.082380146	0.40968376
05	NPCr	cdf	855	0.084846616	0.25471258	-0.034849033	0.28956163	0.2881674
05	NPCr	cdf	128	0.08437663	0.072712995	-0.21716118	0.28987417	0.28262264
05	NPCr	cdf	18	0.08370364	0.28165436	0.43968222	-0.15802786	0.30122033
05	NPCr	cdf	606	0.08369911	0.30374146	0.06593293	0.23780853	0.2844204
05	NPCr	inverse_cdf	642	0.14041793	0.13955039	0.009182495	0.13036789	0.31294346
05	NPCr	inverse_cdf	353	0.13586873	0.103051566	0.16320625	-0.060154684	0.4490723
05	NPCr	inverse_cdf	636	0.11940837	-0.025833178	-0.08879008	0.0629569	0.27689865
05	NPCr	inverse_cdf	719	0.11590737	-0.10083082	-0.052472603	-0.04835822	0.13198833
05	NPCr	inverse_cdf	459	0.115073204	-0.32216817	0.023029784	-0.34519795	0.16029505
05	NPCr	inverse_cdf	352	0.11470157	-0.12247597	0.014010603	-0.13648658	0.14003077
05	NPCr	inverse_cdf	379	0.11285472	-0.12093027	0.0007027878	-0.12163306	0.25174817
05	NPCr	inverse_cdf	643	0.112142086	0.008904459	0.09702117	-0.08811671	0.16191152
05	NPCr	inverse_cdf	15	0.11027014	0.08667391	0.115205325	-0.028531417	0.12421054
05	NPCr	inverse_cdf	914	0.10691494	0.03332977	0.053135604	-0.019805834	0.10610194
05	NPCr	inverse_cdf	881	0.10570431	-0.038534135	0.098583534	-0.13711767	0.119929284
05	NPCr	inverse_cdf	588	0.104549766	-0.08167443	0.016425554	-0.09809998	0.06645121
05	NPCr	inverse_cdf	555	0.10135287	-0.08195669	-0.0413577	-0.040598992	0.18558794
05	NPCr	inverse_cdf	551	0.09845334	-0.2539052	-0.15650097	-0.09740424	0.33336288
05	NPCr	inverse_cdf	284	0.09841484	-0.06650123	-0.12894182	0.06244059	0.12260385
05	NPCr	inverse_cdf	120	0.09703928	-0.06691223	0.042399365	-0.109311596	0.08574657
05	NPCr	inverse_cdf	216	0.093958855	0.22904235	0.2792565	-0.05021414	0.10815948
05	NPCr	inverse_cdf	903	0.09089917	0.037700955	-0.05833302	0.096033975	0.14272791
05	NPCr	inverse_cdf	274	0.09063083	-0.19751558	0.08724278	-0.28475836	0.11498531
05	NPCr	inverse_cdf	271	0.08956474	0.05993492	-0.0932681	0.15320301	0.81480974
05	NPCr	inverse_cdf	264	0.08911514	0.03339458	0.09646266	-0.06306808	0.11205103
05	NPCr	inverse_cdf	18	0.08903116	0.16869123	-0.052998587	0.22168982	0.1331023
05	NPCr	inverse_cdf	943	0.08900523	0.036625028	0.080337614	-0.043712586	0.21780369
05	NPCr	inverse_cdf	884	0.08886129	0.10030428	0.054403394	0.04590089	0.09983084
05	NPCr	inverse_cdf	361	0.08820659	-0.33683726	-0.29974756	-0.037089705	0.12830399
05	NPCr	inverse_cdf	454	0.08817315	-0.23826244	-0.17086287	-0.06739958	0.24353811
05	NPCr	inverse_cdf	772	0.087771654	0.3255494	0.3065428	0.01900658	0.15996137
05	NPCr	inverse_cdf	17	0.087697625	-0.16628163	-0.20642255	0.040140927	0.2854693
05	NPCr	inverse_cdf	276	0.08732122	-0.26378372	0.02205787	-0.28584158	0.09463062
05	NPCr	inverse_cdf	711	0.08703333	0.14773479	0.2683266	-0.12059182	0.14523914
05	NPCr	inverse_cdf	243	0.086515725	-0.1629786	-0.10737784	-0.055600762	0.108653784
05	NPCr	inverse_cdf	34	0.086316705	0.026173387	0.10216274	-0.07598935	0.11019598
05	NPCr	inverse_cdf	193	0.084733486	-0.0656412	0.0680321	-0.13367331	0.11170996
05	NPCr	inverse_cdf	635	0.083581746	-0.37904045	-0.29781488	-0.081225574	0.124512486
05	NPCr	inverse_cdf	723	0.0834198	0.2994092	0.36301	-0.06360078	0.09066084
05	NPCr	inverse_cdf	23	0.08318716	0.019633802	-0.124908425	0.14454223	0.15734378
05	NPCr	inverse_cdf	265	0.08208376	0.030994883	0.19042116	-0.15942629	0.14010265
05	NPCr	inverse_cdf	375	0.081689954	-0.030821176	0.067136735	-0.09795791	0.12020572
05	NPCr	inverse_cdf	618	0.081118405	-0.114633955	0.024785623	-0.13941959	0.09453525
05	NPCr	inverse_cdf	547	0.08089268	-0.2301007	-0.07135597	-0.15874474	0.25810102
05	NPCr	inverse_cdf	902	0.08082688	0.17449632	-0.049475186	0.22397152	0.091053255
05	NPCr	inverse_cdf	37	0.08040887	-0.093432814	-0.11325979	0.019826978	0.12274532
05	NPCr	inverse_cdf	94	0.08015388	-0.31580132	-0.32990435	0.014103025	0.06458316
05	NPCr	inverse_cdf	36	0.07962608	0.43514368	-0.0072151925	0.44235888	0.15282132
05	NPCr	inverse_cdf	21	0.07944727	-0.10432618	-0.1620955	0.05776932	0.20054483
05	NPCr	inverse_cdf	345	0.078838825	0.12847665	0.06286526	0.06561139	0.12922764
05	NPCr	inverse_cdf	819	0.07832444	-0.31136632	-0.20592324	-0.105443075	0.112203196
05	NPCr	inverse_cdf	317	0.078234255	-0.17441164	-0.030452337	-0.1439593	0.076673426
05	NPCr	inverse_cdf	205	0.07693946	-0.19290078	-0.043764986	-0.1491358	0.6247775
05	NPCr	inverse_cdf	398	0.07639766	-0.13053203	-0.02875051	-0.10178152	0.1059442
05	NPCr	inverse_cdf	14	0.07562548	-0.16112413	-0.1763179	0.015193775	0.26764074
05	NPCr	inverse_cdf	156	0.07556152	0.24603114	0.3363104	-0.09027925	0.105007075
05	NPCr	inverse_cdf	900	0.0754168	0.26805818	-0.016798543	0.28485674	0.0952932
05	NPCr	inverse_cdf	16	0.074911416	0.10383783	0.038680483	0.065157354	0.1998183
05	NPCr	inverse_cdf	529	0.07345158	0.20398201	0.027334929	0.17664708	0.21467204
05	NPCr	inverse_cdf	650	0.07340008	-0.11497335	0.026705379	-0.14167874	0.13531037
05	NPCr	inverse_cdf	899	0.0732348	-0.23674062	-0.44249344	0.20575282	0.066594146
05	NPCr	inverse_cdf	830	0.073221624	0.010391909	0.24126463	-0.23087272	0.10419993
05	NPCr	inverse_cdf	368	0.073020816	0.09835902	0.16386464	-0.065505624	0.12855402
05	NPCr	inverse_cdf	629	0.07274145	0.08772705	0.054281756	0.03344529	0.09340914
05	NPCr	inverse_cdf	306	0.071906626	0.0064279176	-0.08861035	0.095038265	0.11048523
05	NPCr	inverse_cdf	178	0.07174313	0.3308671	0.3394396	-0.008572489	0.046529386
05	NPCr	inverse_cdf	76	0.0711261	0.18825717	0.079667546	0.10858963	0.05916356
05	NPCr	inverse_cdf	718	0.07106626	0.14289783	0.15946932	-0.016571492	0.12909366
05	NPCr	inverse_cdf	362	0.07106453	0.004726699	-0.15987246	0.16459915	0.08109072
05	NPCr	inverse_cdf	297	0.07084781	-0.047729064	-0.17501904	0.12728998	0.10582509
05	NPCr	inverse_cdf	645	0.06972104	-0.074016444	0.038611263	-0.11262771	0.14260189
05	NPCr	inverse_cdf	288	0.069648445	0.19235021	0.11355737	0.07879284	0.14115709
05	NPCr	inverse_cdf	808	0.069324374	-0.17534618	-0.46176502	0.28641886	0.1288208
05	NPCr	inverse_cdf	127	0.06865883	-0.08292895	-0.20105001	0.118121065	0.098837316
05	NPCr	inverse_cdf	677	0.06813741	-0.09336497	-0.13916355	0.045798585	0.10364717
05	NPCr	inverse_cdf	465	0.067926526	0.14253299	0.21785748	-0.07532449	0.075578965
05	NPCr	inverse_cdf	807	0.067604184	-0.04236507	0.13476968	-0.17713475	0.16540036
05	NPCr	inverse_cdf	550	0.06760377	0.22486643	0.056865007	0.16800143	0.07463873
05	NPCr	inverse_cdf	438	0.06745684	0.013933846	-0.1630983	0.17703216	0.074561246
05	NPCr	inverse_cdf	351	0.06743777	-0.10213645	-0.069847256	-0.032289192	0.10212273
05	NPCr	inverse_cdf	249	0.06694859	-0.08814978	0.027630055	-0.11577983	0.09081378
05	NPCr	inverse_cdf	923	0.06642932	0.19195317	0.12871619	0.06323698	0.0895332
05	NPCr	inverse_cdf	48	0.06581503	0.14658219	0.47878182	-0.33219963	0.09262983
05	NPCr	inverse_cdf	165	0.065757394	-0.33002663	0.025708044	-0.35573468	0.06711708
05	NPCr	inverse_cdf	313	0.06554747	0.05854368	0.17829208	-0.1197484	0.098628074
05	NPCr	inverse_cdf	594	0.06552935	-0.16970786	-0.12567914	-0.04402873	0.10119366
05	NPCr	inverse_cdf	144	0.0652923	0.06750437	-0.048295684	0.11580005	0.058846075
05	NPCr	inverse_cdf	374	0.06526917	0.015708476	0.04276701	-0.027058534	0.13128711
05	NPCr	inverse_cdf	647	0.06525302	0.17525806	0.14272113	0.032536924	0.11955269
05	NPCr	inverse_cdf	452	0.06516814	0.44994456	0.24498944	0.20495512	0.131924
05	NPCr	inverse_cdf	824	0.065160275	0.5569551	0.23128144	0.32567364	0.09536173
05	NPCr	inverse_cdf	209	0.06508297	-0.123763256	-0.04161564	-0.08214761	0.328928
05	NPCr	inverse_cdf	244	0.06504679	-0.1598739	-0.13888396	-0.02098994	0.10356191
05	NPCr	inverse_cdf	5	0.064940035	0.048327316	-0.15629673	0.20462404	0.12930956
05	NPCr	inverse_cdf	463	0.06437796	0.2725941	0.027089491	0.2455046	0.07907699
05	NPCr	inverse_cdf	631	0.064207256	0.06825523	0.036500342	0.03175489	0.08651281
05	NPCr	inverse_cdf	904	0.06403315	-0.049826965	-0.00021695466	-0.04961001	0.070299715
05	NPCr	inverse_cdf	283	0.06396097	-0.07003609	0.0188697	-0.08890579	0.18198411
05	NPCr	inverse_cdf	185	0.06361878	-0.12617934	-0.2334981	0.10731876	0.088411115
05	NPCr	inverse_cdf	935	0.06307149	-0.3139856	0.03369277	-0.34767836	0.08718599
05	NPCr	inverse_cdf	415	0.063046396	0.22235322	0.010351136	0.21200208	0.106935166
05	NPCr	inverse_cdf	440	0.06303549	0.014778357	-0.07633732	0.09111568	0.13146871
05	NPCr	inverse_cdf	201	0.06299806	0.16249664	0.27795428	-0.11545764	0.15768775
05	NPCr	inverse_cdf	0	0.06287217	0.21910731	-0.117722	0.3368293	0.30021405
06	BensonV1	cdf	771	0.4134624	0.9007913	0.84609765	0.05469364	0.32851386
06	BensonV1	cdf	327	0.40408224	0.90758824	0.83901817	0.06857008	0.35939813
06	BensonV1	cdf	775	0.38789374	0.7333996	0.75797325	-0.024573624	0.32427692
06	BensonV1	cdf	328	0.3876748	0.8978467	0.80912715	0.08871955	0.26430854
06	BensonV1	cdf	767	0.38521355	0.78741276	0.7821606	0.0052521825	0.3819218
06	BensonV1	cdf	286	0.3821693	0.8654366	0.8710444	-0.005607784	0.36283517
06	BensonV1	cdf	683	0.37657142	0.88416636	0.691398	0.19276834	0.45313752
06	BensonV1	cdf	430	0.35293245	0.718175	0.8636972	-0.14552218	0.8500305
06	BensonV1	cdf	525	0.35136998	0.760838	0.88183886	-0.121000886	0.66544807
06	BensonV1	cdf	243	0.31274956	0.6868575	0.79342204	-0.10656452	0.24686332
06	BensonV1	cdf	319	0.3016078	0.8944083	0.91442627	-0.020017982	0.30336013
06	BensonV1	cdf	316	0.29769593	0.8473773	0.90770024	-0.06032294	0.2606671
06	BensonV1	cdf	330	0.2875954	0.8987235	0.724706	0.17401749	0.2601042
06	BensonV1	cdf	763	0.2874667	0.74426705	0.7470351	-0.0027680397	0.3061769
06	BensonV1	cdf	276	0.27815968	0.8157832	0.8649513	-0.04916811	0.25794312
06	BensonV1	cdf	538	0.2763024	0.6415347	0.8488265	-0.20729184	0.25200772
06	BensonV1	cdf	766	0.27201796	0.47393432	0.53465694	-0.06072262	0.31717542
06	BensonV1	cdf	491	0.2647096	0.4293437	0.5205554	-0.09121168	0.51693237
06	BensonV1	cdf	741	0.26020318	0.92255425	0.80429584	0.11825842	0.31323233
06	BensonV1	cdf	474	0.2597167	0.36703804	0.70991606	-0.342878	0.5325941
06	BensonV1	cdf	503	0.2596947	0.5290717	0.54938346	-0.020311773	0.33109218
06	BensonV1	cdf	535	0.2569483	0.6685853	0.8328756	-0.16429031	0.24710588
06	BensonV1	cdf	738	0.24682742	0.9217528	0.813439	0.1083138	0.24706814
06	BensonV1	cdf	735	0.23630768	0.8217694	0.83101803	-0.009248614	0.22163649
06	BensonV1	cdf	289	0.22834647	0.6803169	0.6806198	-0.0003028512	0.2579267
06	BensonV1	cdf	576	0.22745425	0.85079813	0.8773831	-0.026584983	0.6462706
06	BensonV1	cdf	485	0.22072798	0.577502	0.87681913	-0.29931712	0.34371707
06	BensonV1	cdf	143	0.21667016	0.53822756	0.5686517	-0.030424118	0.20452806
06	BensonV1	cdf	779	0.21366364	0.62466264	0.6893651	-0.06470245	0.2366735
06	BensonV1	cdf	257	0.20867151	-0.16997553	-0.1471677	-0.022807837	0.14572434
06	BensonV1	cdf	762	0.20796514	0.7110356	0.6687885	0.042247117	0.22023593
06	BensonV1	cdf	778	0.2066713	0.806201	0.7952325	0.010968506	0.2836001
06	BensonV1	cdf	329	0.20386076	0.5145149	0.5671334	-0.052618504	0.2577656
06	BensonV1	cdf	682	0.2035988	0.9096227	0.7740622	0.13556051	0.3940314
06	BensonV1	cdf	453	0.1996988	0.63911223	0.79845893	-0.1593467	0.30749944
06	BensonV1	cdf	192	0.19942743	0.7814035	0.7241619	0.05724156	0.18634768
06	BensonV1	cdf	534	0.19932902	0.79883367	0.85711193	-0.058278263	0.1642136
06	BensonV1	cdf	230	0.19809425	0.7030369	0.6971536	0.0058832765	0.14749277
06	BensonV1	cdf	733	0.19210213	0.83114624	0.71396744	0.1171788	0.25599828
06	BensonV1	cdf	68	0.18958247	0.6659123	0.6659684	-5.6147575e-05	0.15669887
06	BensonV1	cdf	273	0.18841404	0.9135218	0.92873037	-0.015208542	0.24331379
06	BensonV1	cdf	435	0.18524688	0.22383326	0.5999661	-0.37613285	0.26205307
06	BensonV1	cdf	307	0.18520832	0.6706158	0.7752445	-0.10462868	0.31484333
06	BensonV1	cdf	283	0.17885035	0.6657263	0.7115853	-0.04585898	0.2829616
06	BensonV1	cdf	193	0.17773801	0.70785946	0.7369422	-0.029082716	0.17750852
06	BensonV1	cdf	439	0.1773352	0.64423645	0.65068716	-0.0064507127	0.41252273
06	BensonV1	cdf	524	0.17541075	0.84812576	0.7833164	0.06480938	0.5398291
06	BensonV1	cdf	396	0.17374903	0.7071115	0.6212731	0.08583838	0.14008816
06	BensonV1	cdf	770	0.17357624	0.6665724	0.58785367	0.07871872	0.16470172
06	BensonV1	cdf	317	0.17224246	0.6690369	0.826289	-0.15725207	0.22823133
06	BensonV1	cdf	205	0.17021453	0.47533834	0.33393565	0.14140269	0.1397626
06	BensonV1	cdf	320	0.16861874	0.7664951	0.81481165	-0.04831654	0.23260058
06	BensonV1	cdf	352	0.16715574	0.7008197	0.7538732	-0.053053558	0.11538281
06	BensonV1	cdf	740	0.16397637	0.8883502	0.7490844	0.13926578	0.48381266
06	BensonV1	cdf	37	0.16362071	0.6796001	0.6199793	0.059620798	0.25008002
06	BensonV1	cdf	742	0.1633718	0.72234565	0.74486303	-0.022517383	0.25719714
06	BensonV1	cdf	366	0.1620729	0.42144203	0.38727683	0.034165204	0.1454296
06	BensonV1	cdf	486	0.1601296	0.6540912	0.45874128	0.1953499	0.23443963
06	BensonV1	cdf	628	0.15856737	0.14789489	-0.0061636125	0.1540585	0.49022874
06	BensonV1	cdf	209	0.15728843	-0.18587773	-0.19459325	0.008715525	0.16802214
06	BensonV1	cdf	265	0.15725696	0.7123822	0.6623193	0.050062895	0.9264193
06	BensonV1	cdf	264	0.15678978	0.76309246	0.8160546	-0.052962124	0.49387836
06	BensonV1	cdf	729	0.15506059	0.5550994	0.6900593	-0.13495988	0.3086279
06	BensonV1	cdf	201	0.15308261	0.29558718	0.5190721	-0.22348493	0.16027004
06	BensonV1	cdf	569	0.1514613	0.2803059	-0.10835059	0.3886565	0.23888399
06	BensonV1	cdf	730	0.14982527	0.4393476	0.67975444	-0.24040684	0.40919325
06	BensonV1	cdf	41	0.1496746	0.7182576	0.6606307	0.057626903	0.18831263
06	BensonV1	cdf	324	0.14919579	0.6116188	0.51687026	0.09474856	0.4000442
06	BensonV1	cdf	504	0.1490761	0.41561896	0.58403367	-0.16841471	0.2361786
06	BensonV1	cdf	99	0.14876276	0.5416379	0.5538458	-0.012207925	0.15839982
06	BensonV1	cdf	529	0.1485933	0.818324	0.830429	-0.012104988	0.35331273
06	BensonV1	cdf	450	0.14758956	0.46792737	0.7158206	-0.24789324	0.13147898
06	BensonV1	cdf	595	0.14413506	0.47158298	0.47095197	0.0006310046	0.40014896
06	BensonV1	cdf	154	0.14395171	0.31281817	0.23152363	0.08129454	0.1341588
06	BensonV1	cdf	323	0.14386588	0.80279106	0.7038071	0.09898394	0.1879542
06	BensonV1	cdf	592	0.14212447	0.6752842	0.72984815	-0.05456394	0.17350721
06	BensonV1	cdf	499	0.1402837	0.42380506	0.8020226	-0.37821752	0.15570168
06	BensonV1	cdf	739	0.13924485	0.33407986	0.41796735	-0.08388749	0.34322637
06	BensonV1	cdf	774	0.1376847	0.5946301	0.71018434	-0.11555421	0.15381828
06	BensonV1	cdf	81	0.1374991	0.07163927	0.13665554	-0.06501627	0.3305618
06	BensonV1	cdf	275	0.1361633	0.7861703	0.80435	-0.018179715	0.17967805
06	BensonV1	cdf	266	0.133636	0.60835475	0.6697836	-0.061428845	0.24983919
06	BensonV1	cdf	685	0.13141173	0.8775448	0.69864523	0.17889959	0.17945439
06	BensonV1	cdf	582	0.13134384	0.74033874	0.77533764	-0.034998894	0.381405
06	BensonV1	cdf	805	0.13070393	0.73605305	0.6435023	0.092550755	0.48037437
06	BensonV1	cdf	279	0.1295948	0.58217776	0.6928685	-0.11069071	0.16636483
06	BensonV1	cdf	109	0.12920141	0.5368416	0.38664934	0.15019223	0.11074033
06	BensonV1	cdf	553	0.12917858	0.2045609	0.22919044	-0.024629533	0.22128835
06	BensonV1	cdf	789	0.12836516	0.30754393	0.2762402	0.031303734	0.3189152
06	BensonV1	cdf	326	0.12722242	0.4816632	0.646843	-0.16517982	0.09686435
06	BensonV1	cdf	284	0.12602484	0.6106217	0.6163537	-0.005732	0.20838879
06	BensonV1	cdf	736	0.12560463	0.47595	0.4594863	0.016463697	0.48150444
06	BensonV1	cdf	626	0.12494171	0.70126885	0.3858991	0.31536976	0.28578946
06	BensonV1	cdf	484	0.12408936	0.70469934	0.7906624	-0.08596307	0.10220445
06	BensonV1	cdf	310	0.121126056	0.36572865	0.4909854	-0.12525675	0.13371354
06	BensonV1	cdf	77	0.12016368	0.44904798	0.28388456	0.16516343	0.1418122
06	BensonV1	cdf	693	0.11897379	0.5191175	0.5983119	-0.07919443	0.1853395
06	BensonV1	cdf	331	0.11785209	0.7142753	0.6956627	0.018612623	0.10596479
06	BensonV1	cdf	232	0.11701524	0.75223345	0.67960674	0.07262671	0.32387492
06	BensonV1	cdf	777	0.11666769	0.70979553	0.5604034	0.14939213	0.21792105
06	BensonV1	inverse_cdf	328	0.49685603	0.88387305	0.8056714	0.07820165	0.34259298
06	BensonV1	inverse_cdf	320	0.48835582	0.76560426	0.74512464	0.02047962	0.30402336
06	BensonV1	inverse_cdf	319	0.48604786	0.8055791	0.7983065	0.007272601	0.27414688
06	BensonV1	inverse_cdf	273	0.4764132	0.7519397	0.77624327	-0.024303555	0.2795279
06	BensonV1	inverse_cdf	538	0.46261168	0.7785029	0.8016823	-0.023179412	0.30422488
06	BensonV1	inverse_cdf	316	0.4590332	0.83131105	0.9118684	-0.08055735	0.266071
06	BensonV1	inverse_cdf	771	0.45868337	0.86840415	0.93410677	-0.06570262	0.27910584
06	BensonV1	inverse_cdf	738	0.4397236	0.7327229	0.90374905	-0.17102617	0.33333886
06	BensonV1	inverse_cdf	683	0.4323855	0.7765374	0.8626583	-0.0861209	0.38290286
06	BensonV1	inverse_cdf	276	0.42301017	0.8635359	0.8563939	0.0071420074	0.22854128
06	BensonV1	inverse_cdf	286	0.40429527	0.89360803	0.9188196	-0.025211573	0.29566967
06	BensonV1	inverse_cdf	430	0.40301824	0.9379708	0.88618916	0.051781654	0.96088195
06	BensonV1	inverse_cdf	525	0.3997699	0.88142616	0.9302168	-0.048790634	0.64480007
06	BensonV1	inverse_cdf	535	0.39725286	0.71398085	0.748361	-0.034380138	0.1690381
06	BensonV1	inverse_cdf	264	0.39685225	0.76627207	0.77659625	-0.01032418	0.6200963
06	BensonV1	inverse_cdf	330	0.39166355	0.8764857	0.77711266	0.09937304	0.2788485
06	BensonV1	inverse_cdf	496	0.3904224	0.70763326	0.69750744	0.010125816	0.23895326
06	BensonV1	inverse_cdf	327	0.37525874	0.89143556	0.8732061	0.018229485	0.33176252
06	BensonV1	inverse_cdf	682	0.35565054	0.7909646	0.7873137	0.0036509037	0.37274382
06	BensonV1	inverse_cdf	275	0.3539275	0.6436857	0.5856723	0.05801338	0.18159077
06	BensonV1	inverse_cdf	767	0.34749377	0.82649815	0.8949705	-0.068472326	0.2830066
06	BensonV1	inverse_cdf	68	0.34576452	0.7454181	0.69109845	0.05431962	0.15722713
06	BensonV1	inverse_cdf	740	0.33986962	0.6551391	0.7231412	-0.068002105	0.3848683
06	BensonV1	inverse_cdf	741	0.33847088	0.8673929	0.84896374	0.01842916	0.28901517
06	BensonV1	inverse_cdf	685	0.33190656	0.6491469	0.77625936	-0.12711245	0.23017173
06	BensonV1	inverse_cdf	576	0.32474995	0.81105727	0.8373426	-0.02628535	0.59691715
06	BensonV1	inverse_cdf	219	0.3124019	0.40504727	0.6059468	-0.20089951	0.2929863
06	BensonV1	inverse_cdf	177	0.31114936	0.7736178	0.76238126	0.011236548	0.26278996
06	BensonV1	inverse_cdf	485	0.30164105	0.810007	0.79171175	0.018295228	0.28856644
06	BensonV1	inverse_cdf	187	0.2951492	0.36910447	0.5350834	-0.16597894	0.3202402
06	BensonV1	inverse_cdf	317	0.2937119	0.791851	0.8245869	-0.032735944	0.2913579
06	BensonV1	inverse_cdf	307	0.29021627	0.5631856	0.6016587	-0.03847313	0.24172239
06	BensonV1	inverse_cdf	763	0.27682567	0.81989837	0.85766786	-0.037769496	0.28114212
06	BensonV1	inverse_cdf	474	0.2722984	0.803755	0.707383	0.09637201	0.39728013
06	BensonV1	inverse_cdf	41	0.2694229	0.5663358	0.62493986	-0.05860406	0.21162668
06	BensonV1	inverse_cdf	321	0.2684899	0.5053406	0.49559182	0.009748757	0.21889468
06	BensonV1	inverse_cdf	145	0.2668296	0.3949237	0.6292928	-0.2343691	0.35136363
06	BensonV1	inverse_cdf	310	0.2656957	0.26475406	0.29675063	-0.031996578	0.24268472
06	BensonV1	inverse_cdf	737	0.26396066	0.5912967	0.7044724	-0.11317575	0.44927034
06	BensonV1	inverse_cdf	37	0.26337093	0.6616056	0.62486154	0.036744058	0.20739491
06	BensonV1	inverse_cdf	735	0.2616846	0.67225397	0.8135182	-0.14126426	0.17633598
06	BensonV1	inverse_cdf	323	0.25668	0.58973193	0.7126803	-0.12294835	0.21562603
06	BensonV1	inverse_cdf	220	0.25548714	0.46998653	0.4572682	0.01271832	0.27545983
06	BensonV1	inverse_cdf	38	0.2553051	0.44940948	0.4515797	-0.002170205	0.52795076
06	BensonV1	inverse_cdf	226	0.2541206	0.4398228	0.598609	-0.15878618	0.34661296
06	BensonV1	inverse_cdf	819	0.2503618	0.18246557	0.3674345	-0.18496893	0.25845435
06	BensonV1	inverse_cdf	580	0.24887961	0.36231342	0.6054906	-0.2431772	1.1896464
06	BensonV1	inverse_cdf	136	0.24371344	0.5675571	0.5068142	0.060742915	0.14553514
06	BensonV1	inverse_cdf	196	0.24245125	0.37014195	0.6027225	-0.23258057	0.23559216
06	BensonV1	inverse_cdf	277	0.24171335	0.19058697	0.18698075	0.0036062151	0.19423474
06	BensonV1	inverse_cdf	778	0.23914516	0.809555	0.8236074	-0.014052391	0.27047065
06	BensonV1	inverse_cdf	433	0.23631418	0.5450247	0.5802495	-0.035224795	0.22554187
06	BensonV1	inverse_cdf	571	0.23582959	0.62971073	0.65887547	-0.029164732	0.3686103
06	BensonV1	inverse_cdf	235	0.23452842	0.018330282	0.0644438	-0.046113513	0.15710111
06	BensonV1	inverse_cdf	569	0.23177707	-0.17990932	-0.07534881	-0.10456051	0.2917076
06	BensonV1	inverse_cdf	432	0.23136735	0.103503674	0.08412314	0.019380532	0.34617037
06	BensonV1	inverse_cdf	334	0.22565979	0.33843625	0.24168701	0.09674923	0.14845192
06	BensonV1	inverse_cdf	222	0.22554505	0.35420468	0.5348909	-0.1806862	0.4957611
06	BensonV1	inverse_cdf	534	0.22259474	0.8376646	0.87314385	-0.035479248	0.118768565
06	BensonV1	inverse_cdf	453	0.22204137	0.7959952	0.827506	-0.03151083	0.19637597
06	BensonV1	inverse_cdf	775	0.22202277	0.8625594	0.9408148	-0.078255415	0.18217279
06	BensonV1	inverse_cdf	574	0.2156102	0.57533073	0.51490176	0.060428977	0.45252755
06	BensonV1	inverse_cdf	499	0.21382707	0.6335006	0.72862136	-0.09512079	0.14165877
06	BensonV1	inverse_cdf	294	0.21135014	-0.43098912	-0.37201566	-0.05897346	0.17678314
06	BensonV1	inverse_cdf	484	0.21063006	0.73685837	0.77927583	-0.042417467	0.10335417
06	BensonV1	inverse_cdf	591	0.20924103	0.6273524	0.71816796	-0.090815544	0.12059188
06	BensonV1	inverse_cdf	232	0.20882505	0.6013454	0.77070475	-0.16935933	0.45577484
06	BensonV1	inverse_cdf	265	0.20771205	0.5438532	0.6190355	-0.07518226	0.8220658
06	BensonV1	inverse_cdf	451	0.2071538	0.42308852	0.4420597	-0.018971175	0.08093604
06	BensonV1	inverse_cdf	185	0.20676136	-0.13657992	0.1598881	-0.29646802	0.26809323
06	BensonV1	inverse_cdf	804	0.2059775	0.4704962	0.48377824	-0.013282031	0.32715046
06	BensonV1	inverse_cdf	428	0.20534265	0.4279995	0.6311238	-0.20312428	0.25199738
06	BensonV1	inverse_cdf	100	0.20455623	0.48805174	0.493584	-0.0055322647	0.17758937
06	BensonV1	inverse_cdf	733	0.20316386	0.85439557	0.8245441	0.029851496	0.17437452
06	BensonV1	inverse_cdf	230	0.2022134	0.7671418	0.7046267	0.06251514	0.13170041
06	BensonV1	inverse_cdf	524	0.20135689	0.7213806	0.8184236	-0.09704304	0.44092804
06	BensonV1	inverse_cdf	480	0.19994938	0.6411106	0.70939314	-0.068282545	0.35794017
06	BensonV1	inverse_cdf	289	0.19801956	0.7536377	0.88413167	-0.130494	0.22802809
06	BensonV1	inverse_cdf	337	0.19695252	-0.3838369	-0.27177775	-0.112059146	0.22238359
06	BensonV1	inverse_cdf	565	0.19546944	0.13400999	-0.11072408	0.24473406	0.120473735
06	BensonV1	inverse_cdf	352	0.19407493	0.7145015	0.82147175	-0.10697025	0.14346348
06	BensonV1	inverse_cdf	279	0.19393271	0.41332617	0.60067177	-0.1873456	0.16108249
06	BensonV1	inverse_cdf	724	0.19230092	0.50790477	0.51022315	-0.0023183823	0.21150808
06	BensonV1	inverse_cdf	148	0.18928742	0.511778	0.7667261	-0.25494808	0.20779717
06	BensonV1	inverse_cdf	805	0.18863189	0.7001347	0.7205817	-0.020447016	0.36949685
06	BensonV1	inverse_cdf	193	0.18799227	0.40535986	0.7682546	-0.3628947	0.17486657
06	BensonV1	inverse_cdf	143	0.18789452	0.7185984	0.75541395	-0.036815524	0.1915361
06	BensonV1	inverse_cdf	632	0.18444365	0.39282596	0.5168706	-0.12404466	0.17402013
06	BensonV1	inverse_cdf	529	0.18439549	0.7008966	0.77903134	-0.078134716	0.25312215
06	BensonV1	inverse_cdf	361	0.18348825	0.1550744	0.29861805	-0.14354365	0.22324243
06	BensonV1	inverse_cdf	239	0.18317908	0.55755514	0.6385472	-0.08099204	0.24514994
06	BensonV1	inverse_cdf	243	0.18279445	0.8211901	0.9044191	-0.083229005	0.12450904
06	BensonV1	inverse_cdf	99	0.17964095	0.6533287	0.5378911	0.11543763	0.17154594
06	BensonV1	inverse_cdf	356	0.17784756	0.5786313	0.66001314	-0.08138186	0.1728839
06	BensonV1	inverse_cdf	396	0.17713022	0.7742669	0.6069172	0.1673497	0.19601466
06	BensonV1	inverse_cdf	438	0.17456174	0.31106892	0.3164446	-0.0053756833	0.1561713
06	BensonV1	inverse_cdf	592	0.17229867	0.7171007	0.79206336	-0.074962676	0.11572462
06	BensonV1	inverse_cdf	234	0.17218453	0.36578044	0.60056823	-0.23478779	0.11182868
06	BensonV1	inverse_cdf	306	0.17128992	0.045946598	-0.038550466	0.084497064	0.2612241
06	BensonV1	inverse_cdf	282	0.16994745	0.3263264	0.49229306	-0.16596666	0.17591158
06	NPCr	cdf	229	0.21423995	0.88327485	0.85769916	0.025575697	0.1314168
06	NPCr	cdf	538	0.16119856	0.25939506	0.6468438	-0.38744873	0.33578515
06	NPCr	cdf	672	0.15311491	0.18908995	0.5963502	-0.40726024	0.48107317
06	NPCr	cdf	473	0.15160507	0.21455005	0.5697662	-0.35521618	0.20822029
06	NPCr	cdf	534	0.14891553	0.33870673	0.59871036	-0.26000363	0.29156688
06	NPCr	cdf	683	0.14126712	-0.53360635	-0.42323035	-0.110376	0.110307954
06	NPCr	cdf	653	0.13747126	0.2333314	0.6356913	-0.4023599	0.5785701
06	NPCr	cdf	422	0.13385409	0.4075763	0.7121794	-0.30460313	0.49948362
06	NPCr	cdf	156	0.13272071	0.5711372	0.6962995	-0.1251623	0.16330864
06	NPCr	cdf	189	0.12720644	0.27572313	0.28831035	-0.0125872195	0.31753126
06	NPCr	cdf	35	0.123153806	0.3371158	0.5585698	-0.221454	0.36436898
06	NPCr	cdf	403	0.12182009	0.012729192	0.4428063	-0.4300771	0.17790906
06	NPCr	cdf	658	0.121415734	0.012823693	0.44192463	-0.42910093	0.48074117
06	NPCr	cdf	590	0.1211493	0.5289239	0.70658785	-0.17766392	0.21977594
06	NPCr	cdf	479	0.11780673	0.3892152	0.7221411	-0.3329259	0.2468739
06	NPCr	cdf	661	0.11684281	0.031074649	0.41158426	-0.38050961	0.35726428
06	NPCr	cdf	103	0.11498338	0.42959902	0.4687635	-0.039164484	0.17166337
06	NPCr	cdf	657	0.110402465	0.09328041	0.38701254	-0.29373214	0.29220462
06	NPCr	cdf	397	0.10878426	0.23744108	0.52826613	-0.29082507	0.45794994
06	NPCr	cdf	404	0.1073913	0.09269003	0.43574077	-0.34305075	0.3638259
06	NPCr	cdf	8	0.106916845	0.2866564	0.6292567	-0.34260032	0.2960403
06	NPCr	cdf	644	0.10520309	0.047689423	0.30077836	-0.25308895	0.25200853
06	NPCr	cdf	16	0.10356861	0.34227204	0.46477172	-0.122499675	0.20348622
06	NPCr	cdf	2	0.103485644	0.10980427	0.10562576	0.004178509	0.12702714
06	NPCr	cdf	700	0.10339004	0.2249881	0.47124907	-0.24626097	0.19501333
06	NPCr	cdf	21	0.10337436	0.16270195	0.3116445	-0.14894255	0.18255912
06	NPCr	cdf	640	0.101563096	0.21884789	0.5489156	-0.33006775	0.47358018
06	NPCr	cdf	50	0.10091597	0.35317153	0.5617249	-0.20855337	0.5253122
06	NPCr	cdf	467	0.09976727	0.4552817	0.58267015	-0.12738845	0.3605518
06	NPCr	cdf	4	0.09903818	0.38233918	0.62619454	-0.24385536	0.33169585
06	NPCr	cdf	665	0.09888011	0.2615602	0.48223722	-0.22067702	0.7926472
06	NPCr	cdf	474	0.09850812	0.1620176	0.5020345	-0.3400169	0.27090806
06	NPCr	cdf	645	0.0976845	-0.14501563	0.11620459	-0.26122022	0.16058353
06	NPCr	cdf	434	0.09767717	0.4643218	0.6976501	-0.23332828	0.27915153
06	NPCr	cdf	25	0.097313285	0.52741003	0.3861527	0.14125732	0.12649326
06	NPCr	cdf	539	0.097281516	0.37015328	0.73322934	-0.36307606	0.1750757
06	NPCr	cdf	335	0.09696609	0.26899856	0.6525789	-0.38358033	0.47557822
06	NPCr	cdf	428	0.0964272	0.37007126	0.5590826	-0.18901137	0.3270923
06	NPCr	cdf	501	0.094886005	0.06293993	0.30675828	-0.24381836	0.19821103
06	NPCr	cdf	632	0.0945366	0.2943528	0.55919886	-0.26484606	0.43655363
06	NPCr	cdf	674	0.09429228	0.11909884	0.2224538	-0.10335496	0.09070071
06	NPCr	cdf	650	0.09402585	-0.204773	0.028646166	-0.23341917	0.1880226
06	NPCr	cdf	29	0.09328252	0.41671586	0.5729595	-0.15624362	0.568786
06	NPCr	cdf	97	0.093200564	0.26318797	0.54099166	-0.2778037	0.14051098
06	NPCr	cdf	142	0.09215629	-0.0026165023	-0.13729024	0.13467374	0.064945996
06	NPCr	cdf	387	0.09176546	0.13502973	-0.025906343	0.16093607	0.16073343
06	NPCr	cdf	453	0.09166056	0.33147848	0.6109252	-0.27944672	0.37271258
06	NPCr	cdf	89	0.08969867	0.49316627	0.73174083	-0.23857456	0.41753274
06	NPCr	cdf	414	0.08867651	0.25331676	0.40240383	-0.14908707	0.21221098
06	NPCr	cdf	566	0.0880782	0.32942048	0.49574816	-0.16632769	0.619787
06	NPCr	cdf	152	0.08705366	0.03182996	0.051841523	-0.020011563	0.10425544
06	NPCr	cdf	652	0.08622128	-0.11418292	0.22874226	-0.3429252	0.15509391
06	NPCr	cdf	165	0.08604187	0.37864825	0.3529998	0.025648445	0.11612897
06	NPCr	cdf	259	0.08473641	0.46829623	0.59243095	-0.12413472	0.4669108
06	NPCr	cdf	45	0.08425349	0.23631603	0.2868405	-0.050524473	0.18125257
06	NPCr	cdf	628	0.08422917	0.2271197	0.5335572	-0.3064375	0.23776239
06	NPCr	cdf	535	0.08405292	0.3848783	0.3782013	0.0066770017	0.14191805
06	NPCr	cdf	624	0.08398855	0.27776188	0.4762003	-0.19843844	0.46962208
06	NPCr	cdf	126	0.08357048	0.057925355	0.15530431	-0.097378954	0.42825225
06	NPCr	cdf	26	0.08295655	0.15857759	0.28143644	-0.12285885	0.08364663
06	NPCr	cdf	668	0.08266014	0.09611588	0.43913507	-0.3430192	0.273588
06	NPCr	cdf	506	0.08254796	0.3151983	0.6746622	-0.35946387	0.28209186
06	NPCr	cdf	537	0.081480265	0.25471583	0.4616434	-0.20692757	0.24544963
06	NPCr	cdf	88	0.081008434	0.4734004	0.7312473	-0.2578469	0.52198607
06	NPCr	cdf	353	0.08042371	0.49380603	0.7295608	-0.23575476	0.37667307
06	NPCr	cdf	354	0.080391884	0.1840625	0.3715445	-0.18748201	0.25703248
06	NPCr	cdf	195	0.08014542	0.3108354	0.43035275	-0.119517356	0.42090034
06	NPCr	cdf	593	0.08010644	0.20760557	0.49857986	-0.2909743	0.93557173
06	NPCr	cdf	53	0.079894304	0.16450436	0.1575958	0.0069085658	0.22284529
06	NPCr	cdf	67	0.079083204	0.23457992	0.58798414	-0.35340422	0.2083355
06	NPCr	cdf	579	0.07838303	0.039546914	0.19613354	-0.15658662	0.204016
06	NPCr	cdf	648	0.07798588	0.261233	0.30070403	-0.03947103	0.39733502
06	NPCr	cdf	476	0.077706814	0.19330758	0.34541908	-0.1521115	0.24925089
06	NPCr	cdf	552	0.077582	0.3067008	0.47669223	-0.16999143	0.28853884
06	NPCr	cdf	635	0.07714981	0.25342444	0.54625434	-0.2928299	0.35735705
06	NPCr	cdf	192	0.076726675	-0.16453522	0.07412398	-0.2386592	0.06384099
06	NPCr	cdf	30	0.07644796	0.47998965	0.76543117	-0.28544152	0.27811977
06	NPCr	cdf	273	0.07637489	0.2956414	0.38867512	-0.09303373	0.25085583
06	NPCr	cdf	44	0.0763275	0.03388969	0.35287294	-0.31898326	0.10979585
06	NPCr	cdf	69	0.076316595	0.4054158	0.7383653	-0.3329495	0.72402316
06	NPCr	cdf	405	0.07620919	0.15265864	0.42958322	-0.27692458	0.38518342
06	NPCr	cdf	452	0.0757252	0.42634088	0.6517464	-0.22540551	0.33463103
06	NPCr	cdf	450	0.07552868	0.13643675	0.37464854	-0.2382118	0.18781844
06	NPCr	cdf	559	0.07499534	0.49832484	0.6444899	-0.14616504	0.32405186
06	NPCr	cdf	381	0.07481295	0.027845586	0.2601245	-0.23227891	0.11502161
06	NPCr	cdf	622	0.07456696	0.35014164	0.26722488	0.08291677	0.09252273
06	NPCr	cdf	592	0.07452917	0.64513797	0.8215054	-0.17636746	0.20864302
06	NPCr	cdf	424	0.07450843	-0.13019001	0.026603036	-0.15679306	0.25777635
06	NPCr	cdf	312	0.073811114	0.2949351	0.4131835	-0.1182484	0.13762285
06	NPCr	cdf	300	0.073548675	0.70384973	0.6241913	0.07965845	0.19179095
06	NPCr	cdf	134	0.07351124	0.14117703	0.50925016	-0.36807314	0.2251899
06	NPCr	cdf	639	0.07339293	0.26457202	0.5289251	-0.2643531	0.24043763
06	NPCr	cdf	340	0.07292718	0.38246906	0.7393955	-0.35692644	0.2283731
06	NPCr	cdf	77	0.072822094	0.1505353	0.49729154	-0.34675622	0.6076744
06	NPCr	cdf	554	0.07251793	-0.09366988	0.29692546	-0.39059532	0.6081797
06	NPCr	cdf	282	0.07160431	0.54785967	0.6401771	-0.0923174	0.19384621
06	NPCr	cdf	574	0.07134211	0.07245172	0.3786434	-0.30619168	0.24425712
06	NPCr	cdf	12	0.0713073	0.34995988	0.4535663	-0.10360643	0.16142413
06	NPCr	cdf	115	0.070881605	0.02810902	-0.053285982	0.081395	0.12196096
06	NPCr	cdf	542	0.070869684	0.1559787	0.2740166	-0.118037894	0.13076897
06	NPCr	inverse_cdf	229	0.39557064	0.8240707	0.7594088	0.06466192	0.21886453
06	NPCr	inverse_cdf	457	0.1907937	0.05121588	0.17631534	-0.12509945	0.15175489
06	NPCr	inverse_cdf	458	0.17759794	0.081662335	-0.03529744	0.11695977	0.21238005
06	NPCr	inverse_cdf	295	0.15702724	0.48703876	0.5108362	-0.023797423	0.12191081
06	NPCr	inverse_cdf	3	0.15338826	0.5543136	0.19352493	0.36078867	0.55319273
06	NPCr	inverse_cdf	84	0.1388911	0.39240983	0.45580965	-0.06339982	0.15964386
06	NPCr	inverse_cdf	592	0.13730389	0.45881492	0.28635487	0.17246005	0.22681664
06	NPCr	inverse_cdf	300	0.13307256	0.6105539	0.59466934	0.015884578	0.15753816
06	NPCr	inverse_cdf	591	0.12760419	0.5259246	0.2052753	0.32064933	0.153316
06	NPCr	inverse_cdf	587	0.119935274	0.4258587	0.34192806	0.08393064	0.26651135
06	NPCr	inverse_cdf	150	0.11862266	0.024289897	0.028827064	-0.004537167	0.08639997
06	NPCr	inverse_cdf	306	0.11791617	0.29815742	0.29584944	0.0023079813	0.17730227
06	NPCr	inverse_cdf	490	0.11477727	0.013610296	0.04598545	-0.032375153	0.1439394
06	NPCr	inverse_cdf	378	0.11333549	0.14646469	0.09605172	0.050412968	0.21243261
06	NPCr	inverse_cdf	313	0.113144815	0.4126749	0.24796118	0.16471373	0.1729701
06	NPCr	inverse_cdf	301	0.11228037	0.41217947	0.4021454	0.010034084	0.14491734
06	NPCr	inverse_cdf	47	0.109470904	0.3100192	0.20684934	0.10316986	0.5274405
06	NPCr	inverse_cdf	194	0.109384775	-0.12577537	-0.021900997	-0.10387437	0.07329851
06	NPCr	inverse_cdf	290	0.10623729	-0.20247538	-0.14950147	-0.05297391	0.1277289
06	NPCr	inverse_cdf	544	0.104454756	0.4030156	0.27662215	0.12639347	0.19045457
06	NPCr	inverse_cdf	479	0.10313362	0.23860836	0.09949422	0.13911414	0.15405741
06	NPCr	inverse_cdf	388	0.10279399	0.38292974	0.5119679	-0.12903816	0.14084725
06	NPCr	inverse_cdf	538	0.09941363	0.16554601	0.20461543	-0.039069414	0.16216207
06	NPCr	inverse_cdf	531	0.099250615	0.25964022	0.3324818	-0.072841585	0.45896697
06	NPCr	inverse_cdf	472	0.09829813	0.31700024	0.26954758	0.04745266	0.14102066
06	NPCr	inverse_cdf	272	0.09815419	-0.04541093	-0.039005935	-0.006404996	0.16461837
06	NPCr	inverse_cdf	590	0.097611666	0.3529136	0.34589785	0.007015735	0.13201645
06	NPCr	inverse_cdf	327	0.09740698	0.5907827	0.19998127	0.39080143	0.17359501
06	NPCr	inverse_cdf	103	0.09653717	0.20513165	0.29170746	-0.086575806	0.25873652
06	NPCr	inverse_cdf	489	0.09636104	0.009953526	0.044325177	-0.03437165	0.24314842
06	NPCr	inverse_cdf	377	0.09491539	-0.03842687	-0.082037225	0.043610357	0.2099949
06	NPCr	inverse_cdf	467	0.09327954	0.25778016	0.26365274	-0.0058725774	0.18682629
06	NPCr	inverse_cdf	89	0.09274608	0.5395789	0.44562837	0.09395054	0.40862477
06	NPCr	inverse_cdf	434	0.09208655	0.49179953	0.31288427	0.17891526	0.26717278
06	NPCr	inverse_cdf	191	0.09177613	0.07865796	-0.033990975	0.112648934	0.15200992
06	NPCr	inverse_cdf	561	0.089708924	0.26838464	0.24166103	0.026723608	0.056973897
06	NPCr	inverse_cdf	358	0.08897793	0.41671708	0.35781583	0.05890125	0.3300173
06	NPCr	inverse_cdf	482	0.08881444	0.17910166	0.14636567	0.03273599	0.13112001
06	NPCr	inverse_cdf	462	0.088404834	0.091799624	-0.018732488	0.11053211	0.36102083
06	NPCr	inverse_cdf	516	0.08757347	-0.13308132	-0.11106585	-0.022015467	0.18360461
06	NPCr	inverse_cdf	292	0.0873304	0.30330542	0.18741031	0.11589511	0.13815732
06	NPCr	inverse_cdf	529	0.08711392	0.27675617	0.12786475	0.14889142	0.20545626
06	NPCr	inverse_cdf	691	0.08698386	0.10204795	0.24389382	-0.14184587	0.14297691
06	NPCr	inverse_cdf	291	0.08693427	-0.37722167	-0.338243	-0.038978666	0.07417376
06	NPCr	inverse_cdf	48	0.086655736	0.5787427	0.65855855	-0.079815865	0.20179081
06	NPCr	inverse_cdf	67	0.08467078	0.15566759	0.17213833	-0.016470745	0.09783763
06	NPCr	inverse_cdf	692	0.08403307	0.2874962	0.23845647	0.049039736	0.06353357
06	NPCr	inverse_cdf	606	0.08385599	0.21695918	0.041144058	0.17581512	0.17225799
06	NPCr	inverse_cdf	429	0.083806455	0.17357896	0.085811675	0.08776729	0.16814056
06	NPCr	inverse_cdf	305	0.08358145	0.34772882	-0.014687104	0.3624159	0.11114356
06	NPCr	inverse_cdf	296	0.08329809	0.4677882	0.43193418	0.03585401	0.21666734
06	NPCr	inverse_cdf	414	0.08125073	0.08676853	0.23016839	-0.14339986	0.16226597
06	NPCr	inverse_cdf	353	0.08120775	0.37134334	0.2656366	0.10570675	0.2775627
06	NPCr	inverse_cdf	535	0.08097768	0.16760388	0.012212093	0.15539178	0.1600584
06	NPCr	inverse_cdf	321	0.08043933	0.1456074	0.18067156	-0.03506416	0.1922634
06	NPCr	inverse_cdf	29	0.08033574	0.43013704	0.32126763	0.1088694	0.58050966
06	NPCr	inverse_cdf	704	0.08004773	0.116534	0.09143589	0.025098115	0.34195256
06	NPCr	inverse_cdf	633	0.07991356	0.081827395	0.18468162	-0.10285423	0.087146945
06	NPCr	inverse_cdf	88	0.07956922	0.46248695	0.39047724	0.07200971	0.41154057
06	NPCr	inverse_cdf	435	0.079322636	0.19313379	-0.063982025	0.2571158	0.27263182
06	NPCr	inverse_cdf	673	0.079123735	0.07374038	-0.1185079	0.19224828	0.10480548
06	NPCr	inverse_cdf	681	0.07911587	0.2817979	-0.045423724	0.3272216	0.12764677
06	NPCr	inverse_cdf	359	0.079007804	0.10981801	0.28621244	-0.17639443	0.21338129
06	NPCr	inverse_cdf	87	0.07872021	0.39403054	0.09462291	0.29940763	0.2541395
06	NPCr	inverse_cdf	355	0.078317285	-0.16192983	-0.3004214	0.13849156	0.08360539
06	NPCr	inverse_cdf	588	0.07809371	0.34238446	0.21440333	0.12798113	0.4243409
06	NPCr	inverse_cdf	502	0.07724929	-0.06694148	-0.10376073	0.03681925	0.14780708
06	NPCr	inverse_cdf	532	0.076807976	0.43836394	0.28143662	0.15692732	0.21153699
06	NPCr	inverse_cdf	559	0.07647079	0.26944622	0.03221158	0.23723465	0.2946199
06	NPCr	inverse_cdf	231	0.076453686	0.12483884	0.15201901	-0.027180173	0.11197773
06	NPCr	inverse_cdf	545	0.07630134	0.3728287	0.46120667	-0.08837798	0.14748646
06	NPCr	inverse_cdf	38	0.0761863	0.029793229	-0.0431275	0.072920725	0.12447294
06	NPCr	inverse_cdf	350	0.075785935	0.21448424	0.12461454	0.08986971	0.11235206
06	NPCr	inverse_cdf	180	0.07563436	0.15761437	0.22259167	-0.0649773	0.052057877
06	NPCr	inverse_cdf	7	0.07535231	0.36785147	0.33599094	0.03186053	0.20848341
06	NPCr	inverse_cdf	123	0.07502693	0.26628938	0.23684613	0.02944325	0.102973044
06	NPCr	inverse_cdf	471	0.07475895	0.2256953	0.11409314	0.11160216	0.27078143
06	NPCr	inverse_cdf	37	0.074429214	0.59777284	0.5409572	0.056815624	0.16720866
06	NPCr	inverse_cdf	354	0.07398659	0.109542534	-0.06323048	0.172773	0.21238895
06	NPCr	inverse_cdf	395	0.073685944	0.08042285	0.42664596	-0.34622312	0.22395988
06	NPCr	inverse_cdf	279	0.073438704	-0.081024475	-0.012950129	-0.068074346	0.17894194
06	NPCr	inverse_cdf	508	0.07239574	-0.2281657	-0.30524448	0.077078775	0.19512516
06	NPCr	inverse_cdf	24	0.07167983	0.10637235	0.20986974	-0.10349739	0.2909248
06	NPCr	inverse_cdf	478	0.0715484	0.27701622	0.16613467	0.11088155	0.13943584
06	NPCr	inverse_cdf	362	0.071508884	0.43766478	0.4356759	0.0019888878	0.1168016
06	NPCr	inverse_cdf	551	0.07136607	0.41821298	0.20567772	0.21253526	0.14566912
06	NPCr	inverse_cdf	70	0.070865035	0.561702	0.3202235	0.2414785	0.52950984
06	NPCr	inverse_cdf	703	0.0707528	0.040639445	0.13241622	-0.09177677	0.18925978
06	NPCr	inverse_cdf	525	0.069458306	-0.30991158	-0.0725894	-0.23732218	0.12914473
06	NPCr	inverse_cdf	566	0.06902254	0.15799989	-0.025559394	0.18355928	0.4353412
06	NPCr	inverse_cdf	85	0.06877375	0.21440911	0.21049266	0.0039164573	0.18282238
06	NPCr	inverse_cdf	466	0.068431795	0.21589792	0.16367318	0.05222474	0.26163882
06	NPCr	inverse_cdf	555	0.06838775	0.2367922	0.06781697	0.16897523	0.553105
06	NPCr	inverse_cdf	523	0.06831354	0.5041331	0.45010194	0.054031163	0.17058492
06	NPCr	inverse_cdf	260	0.06826186	0.3486363	0.3688974	-0.020261109	0.15115443
06	NPCr	inverse_cdf	699	0.06802732	-0.109062806	0.03838767	-0.14745048	0.065226786
06	NPCr	inverse_cdf	307	0.06765163	0.5081724	0.5804621	-0.072289705	0.13005449
06	NPCr	inverse_cdf	483	0.06730527	0.29824248	0.2908402	0.007402271	0.1189711
06	NPCr	inverse_cdf	43	0.0670467	0.28567535	0.062333263	0.22334209	0.2265217
06	NPCr	inverse_cdf	541	0.06702691	0.15625283	0.20965062	-0.05339779	0.64633775
07	BensonV1	cdf	312	0.22434777	0.6176309	0.8499548	-0.23232388	0.1932353
07	BensonV1	cdf	364	0.19550586	0.8977903	0.78793997	0.10985035	0.24534526
07	BensonV1	cdf	825	0.19450456	0.43621272	0.708429	-0.27221626	0.44258454
07	BensonV1	cdf	830	0.19011033	0.37665656	0.6801305	-0.30347392	0.32356837
07	BensonV1	cdf	244	0.19008952	0.13264461	0.30428207	-0.17163746	0.1549648
07	BensonV1	cdf	456	0.18434018	0.5532075	0.61256	-0.059352458	0.45919502
07	BensonV1	cdf	451	0.15894651	0.5609394	0.59983915	-0.03889978	0.1785166
07	BensonV1	cdf	779	0.15624052	0.30030683	0.67998844	-0.37968162	0.34505224
07	BensonV1	cdf	500	0.14278436	0.5506477	0.55144465	-0.0007969737	0.2668928
07	BensonV1	cdf	833	0.14247745	0.34106332	0.5500831	-0.20901978	0.5437766
07	BensonV1	cdf	775	0.141065	0.2723265	0.6509615	-0.37863502	0.24068047
07	BensonV1	cdf	735	0.1399079	0.34155208	0.40541613	-0.06386405	0.50239086
07	BensonV1	cdf	712	0.13801795	0.3928575	0.71887094	-0.32601345	0.35612518
07	BensonV1	cdf	444	0.1377669	0.60615164	0.69300437	-0.08685273	0.1794682
07	BensonV1	cdf	66	0.13767052	0.09039021	0.35492325	-0.26453304	0.48125586
07	BensonV1	cdf	716	0.13677299	0.3733074	0.6801095	-0.3068021	0.5986463
07	BensonV1	cdf	103	0.13603741	0.52357644	0.68158954	-0.1580131	0.14580633
07	BensonV1	cdf	201	0.13594025	0.7932807	0.77401847	0.019262254	0.16759744
07	BensonV1	cdf	242	0.13516939	-0.037326075	-0.0020017761	-0.035324298	0.25820273
07	BensonV1	cdf	782	0.13431418	0.28578153	0.72623366	-0.44045213	0.44377032
07	BensonV1	cdf	393	0.13147563	0.4323569	0.5475432	-0.11518633	0.25831145
07	BensonV1	cdf	668	0.13142794	-0.14796245	-0.17361157	0.025649115	0.12881577
07	BensonV1	cdf	316	0.13026232	-0.28585863	-0.41834068	0.13248205	0.20700046
07	BensonV1	cdf	561	0.12713486	0.38902327	0.39480266	-0.0057793856	0.24868625
07	BensonV1	cdf	613	0.1268304	0.58495873	0.6717039	-0.08674514	0.24651219
07	BensonV1	cdf	67	0.1258241	0.15240768	0.5598908	-0.40748313	0.17722718
07	BensonV1	cdf	6	0.12396276	0.19704564	0.5469418	-0.3498962	0.49908352
07	BensonV1	cdf	730	0.12148374	0.36102363	0.5889017	-0.22787806	0.4533449
07	BensonV1	cdf	438	0.113649726	0.80497307	0.7797346	0.025238454	0.08696867
07	BensonV1	cdf	356	0.11171883	0.69216216	0.71672416	-0.024562001	0.1841826
07	BensonV1	cdf	437	0.11153448	0.6440498	0.60706097	0.036988854	0.13374797
07	BensonV1	cdf	332	0.111462355	0.50203544	0.43819255	0.06384289	0.14031382
07	BensonV1	cdf	292	0.11126256	0.6462763	0.5591875	0.08708882	0.09253154
07	BensonV1	cdf	494	0.110488236	0.22902894	0.11280584	0.1162231	0.6192079
07	BensonV1	cdf	452	0.108706	0.7090727	0.5609044	0.14816833	0.19739118
07	BensonV1	cdf	412	0.10755819	0.061761234	0.060425617	0.0013356172	0.16328654
07	BensonV1	cdf	560	0.107278824	0.5387678	0.52238	0.01638782	0.4195805
07	BensonV1	cdf	362	0.10653269	0.25941607	0.6093096	-0.34989354	0.13115694
07	BensonV1	cdf	614	0.10385758	0.43209103	0.5724349	-0.14034387	0.10033202
07	BensonV1	cdf	373	0.10340166	0.44126707	0.5519172	-0.11065012	0.14603776
07	BensonV1	cdf	215	0.103232026	0.35491163	0.44863403	-0.0937224	0.22186455
07	BensonV1	cdf	823	0.10128683	0.5753198	0.7331346	-0.1578148	0.13472411
07	BensonV1	cdf	149	0.101033926	0.7471722	0.7256129	0.021559298	0.111833364
07	BensonV1	cdf	836	0.10100597	0.07438999	0.164468	-0.09007802	0.44551083
07	BensonV1	cdf	457	0.10055488	0.31090802	0.5369157	-0.2260077	0.18937385
07	BensonV1	cdf	232	0.10054779	0.51375127	0.59794587	-0.0841946	0.15974687
07	BensonV1	cdf	455	0.099960566	0.35533407	0.48932317	-0.1339891	0.33913985
07	BensonV1	cdf	609	0.09947175	0.32339928	0.41570777	-0.09230849	0.52089095
07	BensonV1	cdf	443	0.09831494	0.6883466	0.6494772	0.03886944	0.1503265
07	BensonV1	cdf	210	0.097014725	0.19199064	0.32522678	-0.13323614	0.5160651
07	BensonV1	cdf	234	0.09692389	-0.16607301	0.12111887	-0.28719187	0.17333584
07	BensonV1	cdf	732	0.0964064	0.26617217	0.4124218	-0.14624962	0.4117438
07	BensonV1	cdf	278	0.095892906	0.65012074	0.6455646	0.0045561194	0.08866721
07	BensonV1	cdf	621	0.09585714	0.6519108	0.5899882	0.06192261	0.20377941
07	BensonV1	cdf	548	0.09571129	0.468197	0.445578	0.02261898	0.15213843
07	BensonV1	cdf	610	0.095472336	-0.06679338	0.17793927	-0.24473265	0.11972904
07	BensonV1	cdf	41	0.095276594	0.52484155	0.6842591	-0.15941757	0.11372715
07	BensonV1	cdf	605	0.094795644	-0.05650447	-0.033735998	-0.022768471	0.16270457
07	BensonV1	cdf	400	0.093141615	0.41236886	0.43087333	-0.01850447	0.20571864
07	BensonV1	cdf	542	0.09261805	0.53351027	0.4803194	0.053190857	0.10883523
07	BensonV1	cdf	495	0.09187746	0.01657156	-0.21421386	0.23078543	0.2735153
07	BensonV1	cdf	835	0.0916211	0.28222832	0.40516487	-0.12293655	0.30003145
07	BensonV1	cdf	19	0.090750575	0.44703364	0.55915695	-0.11212331	0.09289053
07	BensonV1	cdf	396	0.090629876	0.3327492	0.25629628	0.07645291	0.284614
07	BensonV1	cdf	661	0.09040022	0.083453536	0.45173368	-0.36828014	0.61441594
07	BensonV1	cdf	71	0.08761847	-0.06079281	-0.046299335	-0.014493477	0.19943778
07	BensonV1	cdf	160	0.08751631	-0.17457585	0.067412965	-0.24198881	0.23934814
07	BensonV1	cdf	634	0.08731449	0.349304	0.2558947	0.0934093	0.13431685
07	BensonV1	cdf	42	0.08729017	0.2047641	0.46401608	-0.25925198	0.183848
07	BensonV1	cdf	74	0.08715403	-0.21353495	-0.1845731	-0.028961852	0.1971159
07	BensonV1	cdf	625	0.08653772	0.57720405	0.7597531	-0.18254906	0.23373502
07	BensonV1	cdf	590	0.086464584	0.014767817	0.3921817	-0.37741387	0.2479721
07	BensonV1	cdf	218	0.086057365	0.31010747	0.54179066	-0.2316832	0.15528478
07	BensonV1	cdf	540	0.085832596	0.041951958	0.09218943	-0.050237473	0.52152437
07	BensonV1	cdf	682	0.08525461	0.27292845	0.36036593	-0.08743748	0.14245783
07	BensonV1	cdf	607	0.08437163	0.4868146	0.5593439	-0.072529286	0.11799388
07	BensonV1	cdf	543	0.08385736	0.07083199	0.41523913	-0.34440714	0.14179629
07	BensonV1	cdf	725	0.08331883	-0.24455547	0.14648543	-0.39104092	0.43606654
07	BensonV1	cdf	202	0.08330566	0.69263583	0.6737643	0.018871546	0.22560108
07	BensonV1	cdf	620	0.083025575	0.14564301	0.24691842	-0.101275414	0.19640139
07	BensonV1	cdf	678	0.0828408	0.28510666	0.5550253	-0.26991862	0.13505684
07	BensonV1	cdf	317	0.08241546	0.03679907	-0.17221452	0.2090136	0.21992396
07	BensonV1	cdf	669	0.08237511	-0.14255825	-0.120810755	-0.021747492	0.14498731
07	BensonV1	cdf	746	0.08215809	-0.24759915	-0.058964808	-0.18863435	0.22374769
07	BensonV1	cdf	341	0.0820784	-0.13291465	-0.012294248	-0.1206204	0.1255233
07	BensonV1	cdf	277	0.081970096	0.3909199	0.4534918	-0.06257191	0.1994153
07	BensonV1	cdf	39	0.08181286	0.60003567	0.63132477	-0.0312891	0.06557455
07	BensonV1	cdf	119	0.0814181	0.16006155	0.36619088	-0.20612933	0.32331416
07	BensonV1	cdf	403	0.08092111	0.5749717	0.45655388	0.1184178	0.13395928
07	BensonV1	cdf	435	0.07998711	0.3324664	0.5015084	-0.16904202	0.12233723
07	BensonV1	cdf	22	0.07995778	-0.051954515	0.36766157	-0.41961607	0.3228484
07	BensonV1	cdf	632	0.07953429	0.41749373	0.5719742	-0.15448049	0.19284321
07	BensonV1	cdf	314	0.078680515	0.038235553	0.3672338	-0.32899827	0.44793397
07	BensonV1	cdf	369	0.07774413	-0.02022462	0.11804482	-0.13826944	0.21236335
07	BensonV1	cdf	863	0.077349484	0.3932142	0.55553293	-0.16231874	0.14872661
07	BensonV1	cdf	104	0.076761246	0.37694815	0.43538564	-0.058437496	0.0733102
07	BensonV1	cdf	155	0.07671559	0.057576615	0.17269671	-0.1151201	0.2981494
07	BensonV1	cdf	503	0.07619041	0.31010008	0.36050487	-0.050404787	0.11115895
07	BensonV1	cdf	345	0.07611716	0.48262674	0.6289104	-0.14628369	0.18662882
07	BensonV1	cdf	734	0.07539433	0.2130642	0.37458506	-0.16152087	0.5469296
07	BensonV1	inverse_cdf	730	0.16854566	0.5886142	0.6643444	-0.075730145	0.2240459
07	BensonV1	inverse_cdf	825	0.16503495	0.7198764	0.75340647	-0.033530056	0.18735866
07	BensonV1	inverse_cdf	201	0.16196448	0.7382783	0.737516	0.0007623434	0.14230251
07	BensonV1	inverse_cdf	274	0.1531958	0.0076557854	0.03900287	-0.031347085	0.06586004
07	BensonV1	inverse_cdf	218	0.14498478	0.51416147	0.33876896	0.17539251	0.09026861
07	BensonV1	inverse_cdf	791	0.13987064	0.3634037	0.40328673	-0.039883018	0.1805947
07	BensonV1	inverse_cdf	312	0.13963646	0.7763493	0.8026739	-0.02632457	0.09447341
07	BensonV1	inverse_cdf	398	0.13642973	0.46300974	0.48866528	-0.025655538	0.11372847
07	BensonV1	inverse_cdf	823	0.13543105	0.7332559	0.72363544	0.009620488	0.100683816
07	BensonV1	inverse_cdf	6	0.1347403	0.71504647	0.6534083	0.061638176	0.19707064
07	BensonV1	inverse_cdf	362	0.12926859	0.5211676	0.45098537	0.070182204	0.083347075
07	BensonV1	inverse_cdf	444	0.12771016	0.704831	0.5677541	0.13707691	0.10786724
07	BensonV1	inverse_cdf	364	0.12761104	0.85612476	0.80919534	0.04692942	0.28412017
07	BensonV1	inverse_cdf	443	0.12524772	0.65008456	0.55031884	0.09976572	0.09655113
07	BensonV1	inverse_cdf	666	0.122858405	0.4063243	0.5238525	-0.11752823	0.34860867
07	BensonV1	inverse_cdf	149	0.12056577	0.56579715	0.6853025	-0.119505346	0.11035537
07	BensonV1	inverse_cdf	625	0.11880928	0.49732006	0.5792335	-0.08191347	0.15083656
07	BensonV1	inverse_cdf	437	0.117058635	0.7445195	0.61365813	0.13086134	0.124388136
07	BensonV1	inverse_cdf	311	0.11681384	0.49488863	0.5409677	-0.04607907	0.096102126
07	BensonV1	inverse_cdf	19	0.11664164	0.6627151	0.6772833	-0.01456821	0.08419786
07	BensonV1	inverse_cdf	41	0.11605579	0.5070274	0.530396	-0.023368597	0.08665406
07	BensonV1	inverse_cdf	39	0.11222851	0.59181386	0.71151346	-0.1196996	0.06482684
07	BensonV1	inverse_cdf	436	0.11117041	0.40272278	0.5053992	-0.10267645	0.11752418
07	BensonV1	inverse_cdf	202	0.10766214	0.57184184	0.6324549	-0.060613036	0.23141952
07	BensonV1	inverse_cdf	438	0.104973316	0.6653116	0.53210926	0.13320231	0.09299862
07	BensonV1	inverse_cdf	407	0.10234499	0.12992966	0.027255647	0.102674015	0.55066043
07	BensonV1	inverse_cdf	409	0.09971827	-0.12997957	-0.20549013	0.07551056	0.17343204
07	BensonV1	inverse_cdf	392	0.098012924	-0.108447246	-0.13800554	0.029558294	0.18772028
07	BensonV1	inverse_cdf	667	0.09736365	0.6395746	0.63165426	0.007920325	0.24067107
07	BensonV1	inverse_cdf	712	0.09675956	0.6331461	0.69493556	-0.061789453	0.24471618
07	BensonV1	inverse_cdf	22	0.09507674	0.5669471	0.4928627	0.0740844	0.118479244
07	BensonV1	inverse_cdf	450	0.09489328	0.007907684	0.41257265	-0.40466496	0.15938042
07	BensonV1	inverse_cdf	356	0.090592384	0.69403523	0.728857	-0.03482175	0.16679262
07	BensonV1	inverse_cdf	607	0.09049827	0.5910226	0.57498	0.01604259	0.08739387
07	BensonV1	inverse_cdf	373	0.090249	0.70435095	0.6531011	0.05124986	0.1298982
07	BensonV1	inverse_cdf	191	0.08948481	0.37345776	0.26842356	0.1050342	0.15512468
07	BensonV1	inverse_cdf	394	0.08633703	0.039753176	0.09639407	-0.056640893	0.14166974
07	BensonV1	inverse_cdf	830	0.08372462	0.5386793	0.7665415	-0.22786218	0.1977068
07	BensonV1	inverse_cdf	865	0.08311796	0.42837286	0.274479	0.15389386	0.25781384
07	BensonV1	inverse_cdf	777	0.082757235	0.22223665	0.29157764	-0.06934099	0.11949733
07	BensonV1	inverse_cdf	864	0.08242488	0.29985017	0.37858945	-0.078739285	0.108151406
07	BensonV1	inverse_cdf	318	0.08031434	0.15124708	0.09722929	0.054017797	0.27656898
07	BensonV1	inverse_cdf	329	0.07932067	0.23613259	0.30220273	-0.06607014	0.29555538
07	BensonV1	inverse_cdf	237	0.07875186	0.5368652	0.5011927	0.035672486	0.07709563
07	BensonV1	inverse_cdf	499	0.078541696	0.59242797	0.50740594	0.08502203	0.16252466
07	BensonV1	inverse_cdf	866	0.0774734	0.35416642	0.39157403	-0.037407607	0.13933799
07	BensonV1	inverse_cdf	711	0.077011645	-0.09920528	0.072899885	-0.17210516	0.22491454
07	BensonV1	inverse_cdf	214	0.07700187	0.4774562	0.33312714	0.14432907	0.10672922
07	BensonV1	inverse_cdf	679	0.076480865	0.34895357	0.4760963	-0.12714273	0.10752226
07	BensonV1	inverse_cdf	403	0.07540971	0.67953014	0.5619359	0.11759424	0.14357041
07	BensonV1	inverse_cdf	457	0.073774695	0.64230376	0.72897977	-0.086676	0.13997853
07	BensonV1	inverse_cdf	328	0.07265437	0.002109791	0.16221368	-0.16010389	0.20802902
07	BensonV1	inverse_cdf	782	0.07259321	0.5934388	0.73608917	-0.14265037	0.32070073
07	BensonV1	inverse_cdf	473	0.07210159	0.11298544	0.03047191	0.082513526	0.10903325
07	BensonV1	inverse_cdf	834	0.07178545	0.3356455	0.1443767	0.1912688	0.14501901
07	BensonV1	inverse_cdf	428	0.07154679	0.43733016	0.36980623	0.06752393	0.41121897
07	BensonV1	inverse_cdf	715	0.069802105	-0.016041512	0.044137567	-0.060179077	0.2577075
07	BensonV1	inverse_cdf	550	0.06855357	0.13345012	0.15871811	-0.025267988	0.05943257
07	BensonV1	inverse_cdf	42	0.068124056	0.5307186	0.4972996	0.033419013	0.073985144
07	BensonV1	inverse_cdf	332	0.06803715	0.66112983	0.69324255	-0.032112718	0.16077778
07	BensonV1	inverse_cdf	278	0.067496955	0.7776569	0.8020244	-0.024367511	0.0695379
07	BensonV1	inverse_cdf	289	0.06722355	0.51297486	0.5138067	-0.0008318424	0.11561405
07	BensonV1	inverse_cdf	196	0.06668806	0.46740794	0.31419513	0.15321282	0.24629742
07	BensonV1	inverse_cdf	386	0.065873384	-0.009191726	-0.055825897	0.04663417	0.13976803
07	BensonV1	inverse_cdf	145	0.065620005	0.20360042	-0.019030128	0.22263055	0.14709234
07	BensonV1	inverse_cdf	551	0.06553388	0.4067108	0.2312919	0.1754189	0.094719484
07	BensonV1	inverse_cdf	841	0.06543958	-0.0067627477	0.20160794	-0.20837069	0.08395283
07	BensonV1	inverse_cdf	613	0.065068245	0.6784972	0.65684175	0.02165544	0.1475259
07	BensonV1	inverse_cdf	317	0.06457573	-0.22515848	-0.09289179	-0.1322667	0.12751131
07	BensonV1	inverse_cdf	614	0.06406772	0.63862216	0.76535213	-0.12672997	0.054632362
07	BensonV1	inverse_cdf	56	0.06372899	0.24852589	0.17384256	0.07468332	0.2433851
07	BensonV1	inverse_cdf	675	0.06337941	0.30809194	0.26836497	0.039726973	0.07395556
07	BensonV1	inverse_cdf	188	0.06336838	0.41002125	0.2843629	0.12565833	0.112890035
07	BensonV1	inverse_cdf	395	0.06319302	0.3046144	0.035849232	0.26876515	0.14891544
07	BensonV1	inverse_cdf	810	0.0630759	-3.8774165e-06	-0.081108645	0.08110477	0.1579422
07	BensonV1	inverse_cdf	629	0.06281239	0.350368	0.2991282	0.05123979	0.09551139
07	BensonV1	inverse_cdf	633	0.06259513	0.26403332	0.3060041	-0.04197079	0.13575555
07	BensonV1	inverse_cdf	530	0.0625307	0.1305138	0.1862915	-0.0557777	0.16082807
07	BensonV1	inverse_cdf	554	0.06197089	0.431504	0.5388943	-0.107390285	0.08107483
07	BensonV1	inverse_cdf	863	0.061947703	0.46948022	0.4941524	-0.02467218	0.14307621
07	BensonV1	inverse_cdf	402	0.06189388	0.45306188	0.37732217	0.07573971	0.17097948
07	BensonV1	inverse_cdf	397	0.061843216	-0.23229712	-0.3623225	0.13002539	0.17821994
07	BensonV1	inverse_cdf	543	0.061426938	0.38437313	0.45148608	-0.06711295	0.07768674
07	BensonV1	inverse_cdf	291	0.061083972	0.5529809	0.53124565	0.021735251	0.09338223
07	BensonV1	inverse_cdf	500	0.060748935	0.70428926	0.55362934	0.15065992	0.18991296
07	BensonV1	inverse_cdf	313	0.06070763	0.45227093	0.33599022	0.116280705	0.0927151
07	BensonV1	inverse_cdf	481	0.060323477	0.3507839	0.43859982	-0.08781591	0.08312821
07	BensonV1	inverse_cdf	408	0.060308754	0.30213088	0.2764993	0.025631577	0.2148125
07	BensonV1	inverse_cdf	400	0.060005963	0.6077095	0.5605136	0.04719591	0.13060413
07	BensonV1	inverse_cdf	401	0.059939444	-0.25448158	-0.27627328	0.021791697	0.13028988
07	BensonV1	inverse_cdf	556	0.05961001	-0.09721821	0.02265422	-0.11987243	0.07047878
07	BensonV1	inverse_cdf	480	0.05949056	0.30294132	0.41293135	-0.10999003	0.1655307
07	BensonV1	inverse_cdf	114	0.05932921	-0.05167283	0.0070418366	-0.05871467	0.08861661
07	BensonV1	inverse_cdf	391	0.05892098	0.28515038	0.37473142	-0.08958104	0.2989962
07	BensonV1	inverse_cdf	452	0.058371842	0.81667316	0.81177264	0.004900515	0.1499573
07	BensonV1	inverse_cdf	151	0.058071673	-0.11243919	-0.08244424	-0.02999495	0.083273456
07	BensonV1	inverse_cdf	661	0.05760604	0.47513577	0.48625287	-0.011117101	0.48016867
07	BensonV1	inverse_cdf	604	0.057317972	0.037384562	0.28425694	-0.24687237	0.08876054
07	BensonV1	inverse_cdf	549	0.057277262	0.519213	0.48451293	0.034700096	0.11720194
07	BensonV1	inverse_cdf	78	0.057148516	0.010279008	0.10218298	-0.09190397	0.10675598
07	NPCr	cdf	294	0.105781555	0.06667682	0.041404918	0.0252719	0.10556513
07	NPCr	cdf	60	0.0991357	-0.36287937	-0.04400222	-0.31887716	0.37550882
07	NPCr	cdf	522	0.08976036	0.63747454	0.66121364	-0.0237391	0.103726625
07	NPCr	cdf	85	0.08944702	0.48808753	0.49628985	-0.008202314	0.30739427
07	NPCr	cdf	89	0.089356124	0.42402542	0.5085706	-0.084545195	0.19895506
07	NPCr	cdf	222	0.08238125	0.32346132	0.5104479	-0.1869866	0.15827858
07	NPCr	cdf	124	0.08236432	0.32038018	0.3679253	-0.047545105	0.23109944
07	NPCr	cdf	582	0.08084798	0.03544416	0.08697531	-0.051531155	0.16968326
07	NPCr	cdf	307	0.073672175	0.19725095	0.09334474	0.10390621	0.17288874
07	NPCr	cdf	528	0.071602166	0.28712487	0.46999076	-0.18286589	0.14398883
07	NPCr	cdf	654	0.06962103	0.01567657	-0.06342096	0.079097524	0.121694274
07	NPCr	cdf	404	0.06869602	-0.03166384	-0.061855745	0.030191906	0.08416759
07	NPCr	cdf	290	0.06850886	0.3568959	0.47631052	-0.11941463	0.30632353
07	NPCr	cdf	144	0.06695002	0.19491377	0.14142929	0.053484485	0.114276856
07	NPCr	cdf	291	0.06650549	0.284199	0.40540832	-0.12120932	0.12847674
07	NPCr	cdf	603	0.066447794	-0.09733981	-0.21948189	0.12214208	0.07682065
07	NPCr	cdf	88	0.06591481	0.5839156	0.6379479	-0.054032326	0.16809161
07	NPCr	cdf	99	0.06538224	-0.13094027	-0.2360537	0.10511343	0.08051973
07	NPCr	cdf	49	0.0649994	-0.3233823	-0.071411826	-0.25197047	0.50458807
07	NPCr	cdf	723	0.06454229	0.15365876	0.2624713	-0.108812526	0.1948146
07	NPCr	cdf	146	0.06377804	0.051189754	-0.045752365	0.09694212	0.09406664
07	NPCr	cdf	224	0.06326783	0.073211424	0.19713439	-0.12392297	0.14101371
07	NPCr	cdf	738	0.062489748	0.30452752	0.41734126	-0.11281374	0.14596742
07	NPCr	cdf	74	0.06073636	-0.16406366	0.013476487	-0.17754015	0.080362335
07	NPCr	cdf	113	0.060224354	-0.101917766	-0.13477543	0.032857664	0.104253404
07	NPCr	cdf	149	0.06017369	0.19577138	0.48079798	-0.2850266	0.17412457
07	NPCr	cdf	338	0.059696257	0.25990182	0.35372204	-0.093820214	0.14662004
07	NPCr	cdf	643	0.058316708	0.23335549	0.0065249773	0.22683051	0.20515008
07	NPCr	cdf	90	0.058242798	0.24785751	0.29804114	-0.050183624	0.09297792
07	NPCr	cdf	115	0.057490885	-0.23334916	-0.262353	0.029003844	0.2033697
07	NPCr	cdf	6	0.05739981	0.27799517	0.3230431	-0.04504794	0.08081173
07	NPCr	cdf	59	0.057301283	-0.20172155	0.203946	-0.40566754	0.66709906
07	NPCr	cdf	608	0.057111144	0.41415647	0.53106034	-0.11690387	0.31182823
07	NPCr	cdf	234	0.05634296	0.26258492	0.37518105	-0.112596124	0.37292302
07	NPCr	cdf	721	0.05417615	0.24479775	0.36150146	-0.116703704	0.28315827
07	NPCr	cdf	527	0.054015517	-0.36275488	-0.16275552	-0.19999936	0.120658286
07	NPCr	cdf	120	0.05363393	0.08331137	0.25407752	-0.17076614	0.42813924
07	NPCr	cdf	185	0.053012967	-0.42465854	0.026484895	-0.45114344	0.29169652
07	NPCr	cdf	15	0.052536666	-0.12998359	-0.07930241	-0.05068118	0.078715734
07	NPCr	cdf	454	0.052106023	0.23724186	0.42027572	-0.18303385	0.33781293
07	NPCr	cdf	720	0.0520702	-0.16130352	0.11345626	-0.27475977	0.1388774
07	NPCr	cdf	469	0.051544428	-0.05510704	0.014230572	-0.06933761	0.044752344
07	NPCr	cdf	722	0.05093777	-0.1076109	-0.12804827	0.020437367	0.27924526
07	NPCr	cdf	67	0.050890267	-0.45035717	-0.28255317	-0.167804	0.24538995
07	NPCr	cdf	630	0.05079168	-0.011792792	0.19644074	-0.20823354	0.116743274
07	NPCr	cdf	14	0.050750494	-0.19868332	-0.08290041	-0.11578291	0.07515157
07	NPCr	cdf	28	0.05020219	0.076366946	-0.0026535606	0.07902051	0.12143398
07	NPCr	cdf	119	0.049664915	0.42128113	0.5348178	-0.113536686	0.13358653
07	NPCr	cdf	607	0.049607694	0.16615847	-0.03204036	0.19819883	0.06873713
07	NPCr	cdf	538	0.04950267	0.0013955492	0.24486002	-0.24346447	0.1291502
07	NPCr	cdf	382	0.049133718	0.40028724	0.471809	-0.07152176	0.13497424
07	NPCr	cdf	484	0.048570752	-0.16211268	-0.010347201	-0.15176548	0.080264136
07	NPCr	cdf	125	0.048420966	0.09984649	0.22224581	-0.12239932	0.5860858
07	NPCr	cdf	156	0.04836178	0.073656596	0.20169514	-0.12803856	0.062011294
07	NPCr	cdf	742	0.047683954	0.55575395	0.52966774	0.026086211	0.12745689
07	NPCr	cdf	242	0.04753238	0.07586594	0.23042883	-0.15456289	0.09139835
07	NPCr	cdf	244	0.046946645	0.13665076	-0.104662746	0.2413135	0.16149896
07	NPCr	cdf	27	0.046871603	-0.032348022	-0.18478225	0.15243423	0.061623376
07	NPCr	cdf	724	0.046275914	0.14692909	0.42896393	-0.28203484	0.18097693
07	NPCr	cdf	114	0.046204865	0.5131922	0.66019726	-0.14700508	0.14417347
07	NPCr	cdf	285	0.04615903	0.1713812	0.25958246	-0.088201255	0.5607595
07	NPCr	cdf	296	0.04606062	0.2238578	0.32251945	-0.098661646	0.20851274
07	NPCr	cdf	100	0.045971394	-0.39841607	-0.38405806	-0.014358014	0.06482053
07	NPCr	cdf	65	0.045525253	0.09693879	0.043620244	0.053318545	0.109635666
07	NPCr	cdf	297	0.045292556	0.4639113	0.42058158	0.043329716	0.062322896
07	NPCr	cdf	183	0.045222044	0.29875308	0.44756863	-0.14881554	0.12282403
07	NPCr	cdf	340	0.045185983	0.057478286	0.17139456	-0.11391627	0.061238356
07	NPCr	cdf	499	0.045030117	0.105518036	0.27748778	-0.17196974	0.09058131
07	NPCr	cdf	555	0.045025885	0.35977623	0.6191233	-0.25934705	0.28367254
07	NPCr	cdf	217	0.044893622	-0.16173854	-0.14999889	-0.011739656	0.043190178
07	NPCr	cdf	239	0.044700325	0.06829416	0.058418833	0.009875327	0.19983244
07	NPCr	cdf	437	0.044635177	0.46855792	0.52262586	-0.05406794	0.13762203
07	NPCr	cdf	246	0.044593394	0.01123721	0.17678142	-0.16554421	0.06993598
07	NPCr	cdf	130	0.04386425	0.05934505	0.08083802	-0.021492966	0.42903236
07	NPCr	cdf	432	0.04333806	0.11715485	0.16665243	-0.049497575	0.0770273
07	NPCr	cdf	111	0.043236077	0.2132485	0.26763004	-0.054381534	0.098823234
07	NPCr	cdf	323	0.042781115	0.33465335	0.25435373	0.080299616	0.033842377
07	NPCr	cdf	221	0.04247904	-0.018201606	0.20568205	-0.22388366	0.0751363
07	NPCr	cdf	179	0.041862965	-0.13587995	0.079393424	-0.21527338	0.36695862
07	NPCr	cdf	178	0.041779876	0.07607422	0.062159326	0.013914894	0.058802947
07	NPCr	cdf	270	0.04160285	-0.08951993	0.0010929605	-0.090612896	0.07644204
07	NPCr	cdf	546	0.041518927	0.043903783	0.06409868	-0.020194896	0.31106898
07	NPCr	cdf	595	0.041248143	-0.015768413	0.24247293	-0.25824136	0.29046902
07	NPCr	cdf	236	0.04121661	0.111751445	-0.06855995	0.1803114	0.1935705
07	NPCr	cdf	688	0.041196465	0.10914326	0.067464374	0.041678883	0.19720641
07	NPCr	cdf	269	0.041038692	0.1753526	0.1462637	0.0290889	0.08053098
07	NPCr	cdf	364	0.040926814	0.24650045	0.15065156	0.09584889	0.0945115
07	NPCr	cdf	736	0.040679753	-0.15454985	0.04557532	-0.20012517	0.11081414
07	NPCr	cdf	278	0.04042816	-0.19776973	-0.17366394	-0.024105787	0.25329387
07	NPCr	cdf	206	0.0403378	0.020868065	-0.12195294	0.14282101	0.08272206
07	NPCr	cdf	86	0.040073216	0.4076404	0.34914076	0.058499634	0.36412027
07	NPCr	cdf	714	0.039859712	-0.11911545	0.18476069	-0.30387613	0.13541809
07	NPCr	cdf	203	0.039515555	-0.28904244	0.00067330286	-0.28971574	0.11473214
07	NPCr	cdf	173	0.03946328	0.22313118	0.19551823	0.027612954	0.09777373
07	NPCr	cdf	117	0.03945875	-0.11729312	-0.26242566	0.14513254	0.091792695
07	NPCr	cdf	116	0.039387107	-0.37685627	-0.18432246	-0.1925338	0.08931968
07	NPCr	cdf	83	0.039329886	0.22131312	0.3672749	-0.14596179	0.26022458
07	NPCr	cdf	358	0.039166033	0.36234584	0.3511332	0.011212647	0.10887292
07	NPCr	cdf	82	0.038883865	0.14816622	0.15138589	-0.003219664	0.318547
07	NPCr	cdf	692	0.038529932	-0.017604666	0.27529564	-0.29290032	0.2487998
07	NPCr	inverse_cdf	186	0.12107307	0.35148257	0.43219107	-0.0807085	0.056652483
07	NPCr	inverse_cdf	556	0.112431526	0.17831403	0.17365208	0.0046619475	0.112459175
07	NPCr	inverse_cdf	699	0.10462177	0.08441627	0.06001297	0.0244033	0.116519846
07	NPCr	inverse_cdf	89	0.10308248	0.38122165	0.413956	-0.032734334	0.07724838
07	NPCr	inverse_cdf	300	0.09952688	-0.2375582	-0.33702764	0.09946944	0.14752188
07	NPCr	inverse_cdf	154	0.09534007	0.14583439	0.09484572	0.050988667	0.082793854
07	NPCr	inverse_cdf	424	0.08749163	0.28018415	0.12237462	0.15780953	0.050303396
07	NPCr	inverse_cdf	190	0.0868516	0.31550097	0.20220773	0.113293245	0.0478223
07	NPCr	inverse_cdf	462	0.08648223	0.28654903	0.35231274	-0.06576371	0.15255654
07	NPCr	inverse_cdf	324	0.08024609	-0.024725309	0.15227902	-0.17700432	0.098215945
07	NPCr	inverse_cdf	92	0.07273984	0.1756172	0.122080795	0.053536408	0.05001066
07	NPCr	inverse_cdf	150	0.0713588	-0.059573397	-0.046889614	-0.012683783	0.065345
07	NPCr	inverse_cdf	101	0.069713235	-0.029754763	-0.115962185	0.08620742	0.04790219
07	NPCr	inverse_cdf	439	0.06929082	0.15297686	0.09749445	0.055482402	0.103772
07	NPCr	inverse_cdf	354	0.06828785	0.12009459	0.08163259	0.038461998	0.14241782
07	NPCr	inverse_cdf	114	0.06737298	0.2552376	0.3935616	-0.13832399	0.08198366
07	NPCr	inverse_cdf	115	0.06715065	-0.3409937	-0.12643966	-0.21455404	0.08859783
07	NPCr	inverse_cdf	583	0.06613594	-0.25112993	-0.35351342	0.102383494	0.108498335
07	NPCr	inverse_cdf	606	0.06531906	-0.2107998	-0.024508476	-0.18629132	0.12805943
07	NPCr	inverse_cdf	430	0.06498796	0.14757356	0.113619015	0.033954546	0.07412058
07	NPCr	inverse_cdf	527	0.064964354	-0.15489897	-0.21423271	0.05933374	0.109587826
07	NPCr	inverse_cdf	290	0.06461185	0.3713748	0.4076318	-0.03625703	0.10996827
07	NPCr	inverse_cdf	493	0.064435005	0.211917	0.07845375	0.13346325	0.08708379
07	NPCr	inverse_cdf	670	0.061892867	-0.20127615	-0.3179708	0.11669466	0.15606508
07	NPCr	inverse_cdf	611	0.061573148	0.43716627	0.35924557	0.077920705	0.14360045
07	NPCr	inverse_cdf	715	0.06116146	0.052354116	0.22860746	-0.17625335	0.07390549
07	NPCr	inverse_cdf	120	0.060967267	0.048262402	0.1866603	-0.1383979	0.16434735
07	NPCr	inverse_cdf	535	0.060768306	0.314492	0.23686634	0.07762565	0.06670106
07	NPCr	inverse_cdf	86	0.060400844	0.14920457	0.18860576	-0.03940119	0.12962428
07	NPCr	inverse_cdf	301	0.059838235	0.20756507	0.19457684	0.012988225	0.08925968
07	NPCr	inverse_cdf	293	0.059090734	0.32806262	0.38360304	-0.055540413	0.06949551
07	NPCr	inverse_cdf	371	0.05843234	0.26291883	0.39012992	-0.1272111	0.11319741
07	NPCr	inverse_cdf	85	0.058394134	0.29309517	0.32909635	-0.036001176	0.10937492
07	NPCr	inverse_cdf	195	0.058330715	0.015173495	-0.025795965	0.04096946	0.06675881
07	NPCr	inverse_cdf	438	0.058292508	0.14085734	0.1653796	-0.02452226	0.10357539
07	NPCr	inverse_cdf	119	0.058257222	0.37394378	0.4341041	-0.06016034	0.07554549
07	NPCr	inverse_cdf	121	0.056860268	0.10397111	0.14773385	-0.043762743	0.1274929
07	NPCr	inverse_cdf	268	0.05640614	-0.0002447134	-0.030099154	0.02985444	0.05921091
07	NPCr	inverse_cdf	531	0.0562855	0.01154014	-0.09574183	0.10728197	0.074043944
07	NPCr	inverse_cdf	373	0.056040525	0.14205986	0.14662533	-0.0045654625	0.09124221
07	NPCr	inverse_cdf	522	0.055802524	0.62161165	0.5995125	0.022099137	0.04985199
07	NPCr	inverse_cdf	266	0.0557096	-0.1996396	-0.20175599	0.0021163821	0.051276885
07	NPCr	inverse_cdf	460	0.055493474	0.3764286	0.3915552	-0.015126586	0.11092691
07	NPCr	inverse_cdf	129	0.05549127	0.13271418	0.05536917	0.07734501	0.08190963
07	NPCr	inverse_cdf	304	0.0548898	-0.15344413	-0.19644001	0.042995885	0.12073869
07	NPCr	inverse_cdf	490	0.053868175	-0.029293714	-0.26979807	0.24050435	0.067169495
07	NPCr	inverse_cdf	295	0.053793013	-0.36253384	-0.44970056	0.08716673	0.07979908
07	NPCr	inverse_cdf	383	0.053142548	0.2740675	0.3354049	-0.06133741	0.115264595
07	NPCr	inverse_cdf	411	0.052991748	0.36674628	0.19993564	0.16681063	0.082800634
07	NPCr	inverse_cdf	386	0.05271262	-0.14646503	-0.3261541	0.17968908	0.103558056
07	NPCr	inverse_cdf	88	0.052509725	0.48739338	0.50708896	-0.01969558	0.09204261
07	NPCr	inverse_cdf	139	0.05248481	0.2112578	0.025522944	0.18573485	0.08388285
07	NPCr	inverse_cdf	418	0.052223086	0.2627136	0.056464624	0.20624898	0.100932166
07	NPCr	inverse_cdf	249	0.052105308	-0.12393663	-0.21746884	0.09353221	0.06903857
07	NPCr	inverse_cdf	282	0.05189216	-0.18696244	-0.12604123	-0.060921207	0.09227875
07	NPCr	inverse_cdf	338	0.051602244	0.36535466	0.22743222	0.13792244	0.111477986
07	NPCr	inverse_cdf	485	0.05145806	0.11905847	-0.10044271	0.21950117	0.080649585
07	NPCr	inverse_cdf	303	0.051378727	0.07717007	0.17247787	-0.095307805	0.048559655
07	NPCr	inverse_cdf	260	0.051135063	0.07501197	-0.08587787	0.16088983	0.20544285
07	NPCr	inverse_cdf	230	0.05102104	0.23028196	0.12204855	0.108233415	0.052637734
07	NPCr	inverse_cdf	125	0.050792933	0.026989698	0.12300157	-0.09601187	0.21185823
07	NPCr	inverse_cdf	558	0.05065602	0.13961801	0.17092617	-0.03130816	0.08524444
07	NPCr	inverse_cdf	275	0.050456047	0.16677812	0.25007567	-0.08329755	0.05891687
07	NPCr	inverse_cdf	117	0.050451636	-0.1350311	-0.14957614	0.014545038	0.088757984
07	NPCr	inverse_cdf	296	0.050394297	0.21143536	0.29579777	-0.0843624	0.069071755
07	NPCr	inverse_cdf	332	0.05034226	0.078431435	0.055709295	0.02272214	0.031765126
07	NPCr	inverse_cdf	345	0.050341964	-0.03601247	-0.07884714	0.04283467	0.084854715
07	NPCr	inverse_cdf	682	0.049949408	0.23833169	0.37638837	-0.13805668	0.08000805
07	NPCr	inverse_cdf	625	0.0498451	-0.28006363	-0.537512	0.25744838	0.10760636
07	NPCr	inverse_cdf	279	0.0496974	-0.032024633	-0.0007403237	-0.03128431	0.08662824
07	NPCr	inverse_cdf	331	0.04956621	0.27255479	0.16897877	0.10357602	0.04552248
07	NPCr	inverse_cdf	15	0.04919362	-0.27637097	0.019659836	-0.29603082	0.08479555
07	NPCr	inverse_cdf	146	0.04917091	-0.15998927	-0.1292658	-0.030723467	0.08590974
07	NPCr	inverse_cdf	265	0.048992634	-0.053768504	-0.10918752	0.055419017	0.14555435
07	NPCr	inverse_cdf	555	0.048882067	0.28279588	0.38725284	-0.10445696	0.12564556
07	NPCr	inverse_cdf	393	0.048826218	0.28665078	0.27888912	0.0077616572	0.07889961
07	NPCr	inverse_cdf	44	0.048797607	-0.08934801	0.13128747	-0.22063547	0.076827526
07	NPCr	inverse_cdf	231	0.04871595	-0.044754047	0.10725414	-0.15200819	0.13843817
07	NPCr	inverse_cdf	124	0.048610568	0.3200269	0.24703418	0.07299273	0.086893
07	NPCr	inverse_cdf	436	0.048598766	-0.35079813	-0.020555807	-0.33024234	0.105207734
07	NPCr	inverse_cdf	476	0.048229635	0.18559876	0.36767423	-0.18207547	0.09253203
07	NPCr	inverse_cdf	189	0.048211336	-0.286723	-0.41719148	0.13046849	0.06527998
07	NPCr	inverse_cdf	525	0.048110425	-0.17176804	-0.13476856	-0.03699948	0.06796293
07	NPCr	inverse_cdf	533	0.04771793	0.008175296	-0.11588284	0.124058135	0.0906894
07	NPCr	inverse_cdf	627	0.047594905	-0.07193728	0.24369407	-0.31563133	0.074934594
07	NPCr	inverse_cdf	459	0.04728192	0.16402933	0.12533785	0.038691476	0.09535823
07	NPCr	inverse_cdf	498	0.047228217	0.19158582	0.3378285	-0.14624266	0.07739507
07	NPCr	inverse_cdf	99	0.0470109	-0.20273884	-0.15880987	-0.043928966	0.07545663
07	NPCr	inverse_cdf	614	0.046953678	-0.11354294	-0.37532848	0.26178554	0.07982413
07	NPCr	inverse_cdf	557	0.046800792	0.013219897	0.23333162	-0.22011173	0.107425235
07	NPCr	inverse_cdf	534	0.046649575	-0.046098612	-0.027032092	-0.01906652	0.060218
07	NPCr	inverse_cdf	128	0.04594779	-0.22055201	-0.31373107	0.09317906	0.06138623
07	NPCr	inverse_cdf	472	0.04594475	0.2376188	0.24521026	-0.007591456	0.066916555
07	NPCr	inverse_cdf	33	0.045886695	0.2785714	0.2693846	0.009186804	0.07750466
07	NPCr	inverse_cdf	277	0.045339763	0.3019957	0.40435398	-0.10235828	0.0657656
07	NPCr	inverse_cdf	391	0.044587612	-0.07516044	-0.27390462	0.19874418	0.10861317
07	NPCr	inverse_cdf	261	0.044468343	0.42180055	0.42781496	-0.0060144067	0.104470044
07	NPCr	inverse_cdf	163	0.044388354	0.14618407	0.12877405	0.017410025	0.071719676
07	NPCr	inverse_cdf	376	0.04437554	0.25012076	0.3181759	-0.06805515	0.06361773
07	NPCr	inverse_cdf	111	0.044351995	0.15165412	0.078648776	0.07300535	0.11035228
08	BensonV1	cdf	517	0.344321	0.47786543	0.7251497	-0.24728426	0.26854134
08	BensonV1	cdf	298	0.28242934	0.5365092	0.56981844	-0.03330922	0.11279172
08	BensonV1	cdf	541	0.27787685	0.41103798	0.40778074	0.0032572448	0.3319881
08	BensonV1	cdf	542	0.26486838	0.73038054	0.8276425	-0.097261965	0.16249932
08	BensonV1	cdf	390	0.2637747	0.23900852	0.4261313	-0.18712279	0.13064839
08	BensonV1	cdf	241	0.25380385	0.34326282	0.51733345	-0.17407063	0.27243924
08	BensonV1	cdf	465	0.25358582	0.7834619	0.73364395	0.04981798	0.2067858
08	BensonV1	cdf	418	0.24844325	0.58589536	0.6379824	-0.05208707	0.38025558
08	BensonV1	cdf	501	0.24732846	0.6690004	0.7138279	-0.04482752	0.19734582
08	BensonV1	cdf	531	0.24106616	0.62486905	0.73317057	-0.10830152	0.13573918
08	BensonV1	cdf	369	0.22486049	0.45989075	0.43023607	0.029654682	0.22809793
08	BensonV1	cdf	502	0.20822185	0.24965036	0.31445944	-0.064809084	0.16635095
08	BensonV1	cdf	520	0.2024731	0.67596126	0.6575496	0.018411636	0.11624572
08	BensonV1	cdf	407	0.2015034	0.512834	0.60502064	-0.09218663	0.31046525
08	BensonV1	cdf	303	0.19966263	0.6742304	0.69906217	-0.024831772	0.11077117
08	BensonV1	cdf	324	0.19925368	0.52573085	0.6665453	-0.14081442	0.16540602
08	BensonV1	cdf	444	0.1962645	0.4334718	0.48356208	-0.050090283	0.13094734
08	BensonV1	cdf	628	0.19087833	-0.1927679	0.09978057	-0.29254848	0.15214792
08	BensonV1	cdf	240	0.18846929	0.000118870994	0.21563575	-0.21551688	0.29342765
08	BensonV1	cdf	651	0.1873858	0.55417323	0.5484617	0.0057115555	0.14576331
08	BensonV1	cdf	710	0.18413031	0.75914395	0.7172531	0.04189086	0.19168651
08	BensonV1	cdf	529	0.18240029	0.39134827	0.5823237	-0.1909754	0.15891248
08	BensonV1	cdf	509	0.18034089	0.3269377	0.42879674	-0.10185903	0.19160752
08	BensonV1	cdf	629	0.16820359	0.059353523	0.22505316	-0.16569963	0.15174694
08	BensonV1	cdf	715	0.16311401	0.6471224	0.63894224	0.008180141	0.2739896
08	BensonV1	cdf	811	0.16296887	0.2507925	0.41516018	-0.16436768	0.19807355
08	BensonV1	cdf	799	0.16221529	0.46857733	0.75733674	-0.2887594	0.19745502
08	BensonV1	cdf	430	0.16150433	0.53021693	0.53956807	-0.009351134	0.44095007
08	BensonV1	cdf	391	0.16106111	0.5597579	0.57679874	-0.017040849	0.1388186
08	BensonV1	cdf	417	0.15547621	0.64363146	0.6443456	-0.00071412325	0.19203217
08	BensonV1	cdf	478	0.15506464	0.6926531	0.6694647	0.023188412	0.21021974
08	BensonV1	cdf	684	0.15173817	0.15096761	0.277997	-0.12702937	0.09968808
08	BensonV1	cdf	387	0.15131819	0.45621487	0.39266083	0.06355405	0.17832735
08	BensonV1	cdf	966	0.15016544	0.35458934	0.5011202	-0.14653087	0.15300797
08	BensonV1	cdf	178	0.14746171	0.6600703	0.7158633	-0.055792987	0.18929419
08	BensonV1	cdf	419	0.14718837	0.3637984	0.49400896	-0.13021055	0.10977184
08	BensonV1	cdf	965	0.14694583	0.33681422	0.5032986	-0.16648436	0.15308253
08	BensonV1	cdf	622	0.14690739	-0.22230896	-0.019333601	-0.20297536	0.16390076
08	BensonV1	cdf	635	0.14492309	0.70848846	0.77524424	-0.06675577	0.11658573
08	BensonV1	cdf	752	0.14311391	0.32765755	0.48456186	-0.15690431	0.123898365
08	BensonV1	cdf	206	0.14192915	0.44259465	0.2742313	0.16836333	0.07428272
08	BensonV1	cdf	812	0.13966769	0.4680526	0.5907064	-0.12265381	0.14321141
08	BensonV1	cdf	711	0.13888133	0.548788	0.7140159	-0.16522789	0.122758344
08	BensonV1	cdf	519	0.13668263	0.30120158	0.29585516	0.0053464174	0.13338874
08	BensonV1	cdf	408	0.13633847	0.46218446	0.2300591	0.23212536	0.1845736
08	BensonV1	cdf	964	0.13119334	0.3494707	0.5051256	-0.15565488	0.17232245
08	BensonV1	cdf	648	0.1305452	0.67400616	0.6601718	0.013834357	0.32350877
08	BensonV1	cdf	610	0.12984169	0.23492116	0.131055	0.10386616	0.11521954
08	BensonV1	cdf	370	0.12853062	0.54414386	0.48827353	0.055870324	0.123520166
08	BensonV1	cdf	842	0.12794352	0.43233934	0.56913453	-0.1367952	0.19755368
08	BensonV1	cdf	962	0.1264854	0.32381052	0.4761454	-0.15233487	0.18124178
08	BensonV1	cdf	524	0.12623209	0.6816114	0.5061177	0.17549372	0.18721496
08	BensonV1	cdf	630	0.12570924	-0.33644024	-0.30211186	-0.03432837	0.15087895
08	BensonV1	cdf	552	0.12561774	0.60249543	0.48711652	0.115378916	0.13312282
08	BensonV1	cdf	563	0.12506747	0.40795168	0.3205698	0.08738187	0.20911393
08	BensonV1	cdf	358	0.12383205	-0.08312647	0.18914086	-0.27226734	0.20342536
08	BensonV1	cdf	625	0.12381858	0.4826535	0.28074282	0.20191067	0.12657537
08	BensonV1	cdf	376	0.12308252	0.52975136	0.50384253	0.025908828	0.19559628
08	BensonV1	cdf	751	0.12246019	0.26690972	0.48848352	-0.2215738	0.17172484
08	BensonV1	cdf	631	0.12185526	-0.19217834	-0.13352057	-0.058657765	0.42093584
08	BensonV1	cdf	767	0.12175244	0.6830529	0.68361384	-0.0005609393	0.11327179
08	BensonV1	cdf	683	0.12108284	-0.12780187	0.17251343	-0.3003153	0.36797133
08	BensonV1	cdf	609	0.11995089	0.23001856	0.24266815	-0.012649596	0.11542418
08	BensonV1	cdf	377	0.11883336	0.40443784	0.51675546	-0.11231762	0.36185703
08	BensonV1	cdf	553	0.11872321	0.44015875	0.49092606	-0.050767303	0.14787836
08	BensonV1	cdf	363	0.117114484	-0.073871285	0.050607845	-0.12447913	0.12766127
08	BensonV1	cdf	477	0.11653185	0.5740119	0.6993007	-0.12528878	0.2521653
08	BensonV1	cdf	232	0.11561924	0.41520134	0.6068724	-0.19167104	0.08405792
08	BensonV1	cdf	249	0.11553526	-0.6446416	-0.6176009	-0.02704066	0.13234985
08	BensonV1	cdf	797	0.11530465	0.51741254	0.7315064	-0.21409386	0.38252026
08	BensonV1	cdf	664	0.11390954	0.10752637	0.10310673	0.0044196397	0.09429206
08	BensonV1	cdf	983	0.11371523	0.14034998	0.3669911	-0.22664112	0.08286211
08	BensonV1	cdf	909	0.11170721	0.51889163	0.5611253	-0.042233646	0.45290807
08	BensonV1	cdf	613	0.110432625	0.32591534	0.27381277	0.052102566	0.18356849
08	BensonV1	cdf	362	0.10996425	-0.015254998	0.039716177	-0.054971173	0.08441006
08	BensonV1	cdf	366	0.109833896	0.26779994	0.30900946	-0.04120952	0.100513704
08	BensonV1	cdf	452	0.109000325	0.40294406	0.4935439	-0.090599835	0.097291015
08	BensonV1	cdf	850	0.10609597	0.27783445	0.4364749	-0.15864044	0.17832416
08	BensonV1	cdf	538	0.10585278	0.7607983	0.63347006	0.12732822	0.12507455
08	BensonV1	cdf	266	0.10563415	0.15064837	0.25143647	-0.1007881	0.23845582
08	BensonV1	cdf	374	0.10559726	0.17450714	0.32581225	-0.15130511	0.068244964
08	BensonV1	cdf	698	0.10540104	0.6454357	0.59736943	0.04806626	0.075196646
08	BensonV1	cdf	654	0.104949296	0.5028122	0.6051157	-0.102303505	0.16716392
08	BensonV1	cdf	906	0.102247	0.32144243	0.36144772	-0.040005296	0.20051908
08	BensonV1	cdf	623	0.10190421	-0.046502955	0.03929658	-0.08579953	0.1130583
08	BensonV1	cdf	386	0.10165292	-0.059223235	0.1281147	-0.18733793	0.2642155
08	BensonV1	cdf	716	0.100878894	0.60118043	0.6889099	-0.087729454	0.2561407
08	BensonV1	cdf	807	0.10045558	0.34314013	0.33390194	0.0092381835	0.08943768
08	BensonV1	cdf	431	0.0987792	0.36047682	0.45898655	-0.09850973	0.16557252
08	BensonV1	cdf	725	0.098538995	0.06922853	0.1971564	-0.12792787	0.08326817
08	BensonV1	cdf	603	0.09839624	0.09709724	0.09597662	0.0011206195	1.0346454
08	BensonV1	cdf	608	0.09799284	-0.081192605	0.07307709	-0.1542697	0.36570856
08	BensonV1	cdf	175	0.09790295	0.17614199	0.16925657	0.0068854243	0.11467145
08	BensonV1	cdf	359	0.097302854	0.5782129	0.75067365	-0.17246073	0.12112164
08	BensonV1	cdf	219	0.09594756	-0.22529188	-0.2807605	0.05546862	0.11041824
08	BensonV1	cdf	476	0.095817864	0.3442189	0.25032437	0.09389454	0.21113767
08	BensonV1	cdf	695	0.09573144	-0.19130349	-0.19868019	0.0073767006	0.36984095
08	BensonV1	cdf	685	0.095116794	0.48276454	0.5208621	-0.03809756	0.050154954
08	BensonV1	cdf	607	0.09509587	0.11306921	0.054136354	0.058932852	0.36183557
08	BensonV1	cdf	515	0.09452689	0.09663401	0.2065101	-0.10987609	0.10640107
08	BensonV1	inverse_cdf	466	0.3102575	0.5503839	0.343652	0.20673192	0.19493017
08	BensonV1	inverse_cdf	478	0.28375536	0.80578095	0.68454915	0.121231794	0.21760596
08	BensonV1	inverse_cdf	465	0.2783416	0.862409	0.8097865	0.052622497	0.21351147
08	BensonV1	inverse_cdf	798	0.26206148	0.54471546	0.6329366	-0.08822113	0.2070171
08	BensonV1	inverse_cdf	799	0.24962676	0.54010224	0.7162159	-0.17611367	0.1789238
08	BensonV1	inverse_cdf	479	0.24616325	0.44098458	0.38030818	0.060676396	0.15758616
08	BensonV1	inverse_cdf	542	0.22773188	0.8023503	0.79281825	0.009532034	0.13474181
08	BensonV1	inverse_cdf	391	0.2127617	0.71518755	0.5253733	0.18981427	0.11237578
08	BensonV1	inverse_cdf	573	0.1946711	0.27618513	0.23722579	0.03895934	0.17946275
08	BensonV1	inverse_cdf	232	0.19002503	0.6528826	0.55486375	0.098018825	0.10219605
08	BensonV1	inverse_cdf	241	0.17333198	0.6704442	0.5490088	0.121435404	0.18447405
08	BensonV1	inverse_cdf	314	0.1709891	0.46991214	0.5748895	-0.10497734	0.16025287
08	BensonV1	inverse_cdf	563	0.1683318	0.45029297	0.23314129	0.21715169	0.19966513
08	BensonV1	inverse_cdf	552	0.16410792	0.5800338	0.5447797	0.03525406	0.18131965
08	BensonV1	inverse_cdf	467	0.15737826	-0.002567938	-0.19064571	0.18807778	0.23020199
08	BensonV1	inverse_cdf	564	0.15559816	0.6660776	0.60664535	0.05943227	0.13728228
08	BensonV1	inverse_cdf	252	0.15256512	0.27675974	0.4206197	-0.14385995	0.07978989
08	BensonV1	inverse_cdf	387	0.15114176	0.20319776	0.33906725	-0.13586949	0.19718857
08	BensonV1	inverse_cdf	531	0.15103734	0.82974267	0.85609484	-0.026352167	0.102298014
08	BensonV1	inverse_cdf	540	0.15060622	0.65777874	0.7028686	-0.04508984	0.15618677
08	BensonV1	inverse_cdf	186	0.14998966	-0.36100107	-0.47257924	0.11157817	0.11832528
08	BensonV1	inverse_cdf	407	0.14786106	0.7588354	0.6901615	0.06867385	0.5382074
08	BensonV1	inverse_cdf	517	0.1460821	0.76016116	0.8224817	-0.06232053	0.1817716
08	BensonV1	inverse_cdf	178	0.14591599	0.75896806	0.7554032	0.0035648346	0.12539823
08	BensonV1	inverse_cdf	752	0.14059913	0.54061806	0.5509298	-0.010311723	0.16968136
08	BensonV1	inverse_cdf	789	0.1364569	0.5672829	0.4463907	0.12089223	0.21342623
08	BensonV1	inverse_cdf	572	0.13627678	0.3357494	0.3628671	-0.0271177	0.18749975
08	BensonV1	inverse_cdf	710	0.13253266	0.91417426	0.9082285	0.005945742	0.14960308
08	BensonV1	inverse_cdf	377	0.12991917	0.6877122	0.4476557	0.24005648	0.3327529
08	BensonV1	inverse_cdf	334	0.12990654	0.14507183	0.11446733	0.030604504	0.12049063
08	BensonV1	inverse_cdf	303	0.12917781	0.7786533	0.687279	0.09137434	0.098633945
08	BensonV1	inverse_cdf	635	0.12810618	0.77228177	0.80531514	-0.03303337	0.15092684
08	BensonV1	inverse_cdf	797	0.12636113	0.62776184	0.7015342	-0.07377237	0.13168259
08	BensonV1	inverse_cdf	933	0.125175	0.14097834	-0.038441	0.17941934	0.12952943
08	BensonV1	inverse_cdf	849	0.11918193	0.39289528	0.46399936	-0.07110408	0.18826897
08	BensonV1	inverse_cdf	204	0.11895698	0.3636034	0.40830997	-0.044706553	0.2960865
08	BensonV1	inverse_cdf	418	0.11509937	0.8256761	0.692771	0.13290507	0.37338808
08	BensonV1	inverse_cdf	483	0.113833964	0.5537865	0.33119962	0.2225869	0.18881887
08	BensonV1	inverse_cdf	423	0.11277658	0.50695306	0.4127158	0.09423727	0.063453004
08	BensonV1	inverse_cdf	417	0.11272043	0.8164175	0.84014434	-0.023726821	0.13385573
08	BensonV1	inverse_cdf	850	0.111993015	0.3588442	0.54796773	-0.18912354	0.1013636
08	BensonV1	inverse_cdf	370	0.11197871	0.75216436	0.51830304	0.23386133	0.21920913
08	BensonV1	inverse_cdf	305	0.1111626	0.52855694	0.6093655	-0.08080858	0.07993979
08	BensonV1	inverse_cdf	153	0.108609974	0.19406433	0.26370612	-0.069641784	0.1453119
08	BensonV1	inverse_cdf	443	0.10782665	0.4782286	0.36001006	0.11821854	0.22283985
08	BensonV1	inverse_cdf	529	0.106612265	0.6895711	0.60515416	0.084416926	0.11229435
08	BensonV1	inverse_cdf	755	0.10640794	0.35969847	0.3104325	0.04926598	0.061238978
08	BensonV1	inverse_cdf	1	0.10590637	0.57191753	0.43368912	0.13822842	0.0650882
08	BensonV1	inverse_cdf	233	0.10527837	0.32829925	0.4984469	-0.17014766	0.06597451
08	BensonV1	inverse_cdf	184	0.105080426	0.29057363	0.24049911	0.050074518	0.16263469
08	BensonV1	inverse_cdf	431	0.10491717	0.66348493	0.4458159	0.21766904	0.25832158
08	BensonV1	inverse_cdf	520	0.10395366	0.8712142	0.80173653	0.06947768	0.07384187
08	BensonV1	inverse_cdf	512	0.10374868	0.52483994	0.5519939	-0.027153969	0.09922268
08	BensonV1	inverse_cdf	16	0.10357356	0.43969515	0.34159476	0.098100394	0.07170196
08	BensonV1	inverse_cdf	746	0.10346323	-0.0014641874	0.19525562	-0.19671981	0.28095862
08	BensonV1	inverse_cdf	394	0.10343999	-0.15565735	-0.20792842	0.052271068	0.110840105
08	BensonV1	inverse_cdf	459	0.10312027	0.45917946	0.44850516	0.010674298	0.19110885
08	BensonV1	inverse_cdf	359	0.10301876	0.52830434	0.612452	-0.08414763	0.081144504
08	BensonV1	inverse_cdf	740	0.10271752	-0.06516144	-0.14374837	0.078586936	0.17188963
08	BensonV1	inverse_cdf	328	0.10259575	-0.62723243	-0.70162994	0.074397504	0.072000444
08	BensonV1	inverse_cdf	129	0.10244179	0.31862563	0.19784161	0.120784014	0.078957774
08	BensonV1	inverse_cdf	715	0.10195094	0.797816	0.8288775	-0.03106153	0.18338862
08	BensonV1	inverse_cdf	696	0.10089147	-0.41823617	-0.35690996	-0.061326206	0.3541072
08	BensonV1	inverse_cdf	693	0.10050702	0.29426783	0.22568344	0.0685844	0.17583522
08	BensonV1	inverse_cdf	430	0.10047537	0.77667445	0.6297375	0.14693695	0.35445374
08	BensonV1	inverse_cdf	188	0.10009068	-0.23216937	-0.3847409	0.15257151	0.08650793
08	BensonV1	inverse_cdf	432	0.09913534	0.35362342	0.39287803	-0.039254606	0.14552449
08	BensonV1	inverse_cdf	751	0.098836124	0.5144504	0.53620756	-0.021757185	0.104073144
08	BensonV1	inverse_cdf	396	0.0988034	0.57353705	0.4871871	0.086349964	0.08827703
08	BensonV1	inverse_cdf	557	0.09848142	0.21164997	0.3083076	-0.09665762	0.14633177
08	BensonV1	inverse_cdf	887	0.09828758	0.23477253	0.49659482	-0.26182228	0.121589445
08	BensonV1	inverse_cdf	325	0.09768456	0.49677306	0.3636111	0.13316196	0.051859085
08	BensonV1	inverse_cdf	477	0.09701741	0.66726804	0.7430651	-0.07579708	0.27347234
08	BensonV1	inverse_cdf	133	0.096678555	0.5566911	0.45468214	0.10200897	0.068057664
08	BensonV1	inverse_cdf	205	0.096333444	0.42239136	0.54788554	-0.12549418	0.13433285
08	BensonV1	inverse_cdf	315	0.09603888	0.4234569	0.47772324	-0.054266334	0.06967834
08	BensonV1	inverse_cdf	298	0.09510273	0.800803	0.70347077	0.09733224	0.074048765
08	BensonV1	inverse_cdf	453	0.09448242	0.74557906	0.66799515	0.07758391	0.076797664
08	BensonV1	inverse_cdf	316	0.09445006	0.5017935	0.5022654	-0.00047188997	0.10912488
08	BensonV1	inverse_cdf	281	0.094160914	0.58905774	0.5816751	0.0073826313	0.1717326
08	BensonV1	inverse_cdf	716	0.09415865	0.65851235	0.7699301	-0.11141777	0.26042667
08	BensonV1	inverse_cdf	794	0.093958974	0.42540422	0.35520566	0.070198566	0.42623422
08	BensonV1	inverse_cdf	20	0.093805015	0.46256036	0.422857	0.03970337	0.07508831
08	BensonV1	inverse_cdf	687	0.093576014	0.56499195	0.5667718	-0.0017798543	0.157359
08	BensonV1	inverse_cdf	24	0.09349668	0.4275197	0.32104105	0.10647866	0.11897331
08	BensonV1	inverse_cdf	501	0.09342933	0.84186935	0.79786813	0.04400122	0.22737254
08	BensonV1	inverse_cdf	842	0.09325147	0.5222229	0.5337106	-0.011487722	0.118614614
08	BensonV1	inverse_cdf	574	0.09319949	-0.13816477	-0.26775816	0.12959339	0.08614849
08	BensonV1	inverse_cdf	128	0.09297472	0.403781	0.28544992	0.118331075	0.05421085
08	BensonV1	inverse_cdf	834	0.09249419	0.091208234	0.17727438	-0.08606614	0.0881057
08	BensonV1	inverse_cdf	643	0.09232092	0.4769951	0.5177201	-0.040724993	0.17849103
08	BensonV1	inverse_cdf	271	0.09192181	0.09537105	0.0935432	0.0018278509	0.09047983
08	BensonV1	inverse_cdf	378	0.091700315	0.5063956	0.5825003	-0.0761047	0.09343205
08	BensonV1	inverse_cdf	754	0.0916419	0.41480666	0.42917785	-0.0143711865	0.10420007
08	BensonV1	inverse_cdf	402	0.09131092	-0.20896134	-0.12100913	-0.08795221	0.16939296
08	BensonV1	inverse_cdf	721	0.09101421	0.30783913	0.3039375	0.0039016306	0.13454892
08	BensonV1	inverse_cdf	685	0.090534806	0.7152409	0.58768284	0.12755805	0.059594713
08	BensonV1	inverse_cdf	711	0.090053976	0.76258326	0.8326864	-0.07010317	0.074489124
08	BensonV1	inverse_cdf	329	0.08961576	0.21432349	0.24180713	-0.027483642	0.22500187
08	BensonV1	inverse_cdf	324	0.08924019	0.7892619	0.7124981	0.07676375	0.08339537
08	NPCr	cdf	256	0.1266287	0.3264071	0.47604546	-0.14963835	0.06637804
08	NPCr	cdf	289	0.12237322	0.63596755	0.5432117	0.092755854	0.110600814
08	NPCr	cdf	293	0.12205386	-0.136709	0.13099593	-0.26770493	0.057921752
08	NPCr	cdf	223	0.08770442	0.4477224	0.6755276	-0.22780517	0.07021336
08	NPCr	cdf	354	0.084255815	0.5220987	0.5956915	-0.07359278	0.1274766
08	NPCr	cdf	439	0.0802173	0.07559499	0.075407535	0.00018745661	0.053474136
08	NPCr	cdf	220	0.07661688	-0.24076225	-0.018041855	-0.2227204	0.09618544
08	NPCr	cdf	378	0.074267805	0.48846948	0.31002975	0.17843974	0.13056828
08	NPCr	cdf	155	0.07411909	-0.0803382	0.027870508	-0.10820871	0.061471105
08	NPCr	cdf	621	0.07290906	0.25191128	0.24761388	0.0042974055	0.12368482
08	NPCr	cdf	455	0.072219014	0.24972633	0.380776	-0.13104966	0.043344248
08	NPCr	cdf	261	0.07074767	0.38751778	0.58610356	-0.19858578	0.05971295
08	NPCr	cdf	351	0.0693869	0.111808196	-0.033836182	0.14564438	0.0662503
08	NPCr	cdf	603	0.068339884	0.39592972	0.47507602	-0.079146296	0.042192977
08	NPCr	cdf	127	0.0678187	0.4171517	0.33664685	0.080504835	0.07919593
08	NPCr	cdf	211	0.06716424	0.82241005	0.8343799	-0.011969864	0.03916383
08	NPCr	cdf	365	0.066475034	0.34732363	0.3860832	-0.03875956	0.034596626
08	NPCr	cdf	345	0.06621987	-0.20559952	-0.090110086	-0.11548943	0.049105674
08	NPCr	cdf	234	0.06617308	-0.059939697	-0.21476558	0.15482588	0.05269256
08	NPCr	cdf	498	0.06591028	-0.2129825	0.18451945	-0.39750195	0.10144611
08	NPCr	cdf	406	0.065176845	0.30636007	0.35053292	-0.044172853	0.07794837
08	NPCr	cdf	271	0.06513792	0.045877364	0.1288393	-0.08296193	0.16278353
08	NPCr	cdf	645	0.06441933	0.17651874	-0.092951596	0.26947033	0.07926067
08	NPCr	cdf	224	0.06354594	0.5969879	0.81557	-0.2185821	0.068076484
08	NPCr	cdf	269	0.06202197	-0.38448116	-0.24717772	-0.13730344	0.07510208
08	NPCr	cdf	30	0.061535537	0.2809133	0.30294585	-0.022032559	0.0940272
08	NPCr	cdf	403	0.06019157	0.020603608	-0.22655962	0.24716324	0.14009318
08	NPCr	cdf	57	0.06012988	-0.09089742	-0.19843774	0.10754032	0.12280244
08	NPCr	cdf	85	0.05935514	0.041649263	-0.3539395	0.39558876	0.08717524
08	NPCr	cdf	16	0.059081435	0.18668768	0.33876857	-0.1520809	0.10465068
08	NPCr	cdf	702	0.058386028	0.26342753	0.37497073	-0.11154321	0.072197415
08	NPCr	cdf	501	0.058231592	0.3998943	0.3893594	0.010534883	0.05576409
08	NPCr	cdf	334	0.056673408	-0.11079625	-0.23776284	0.1269666	0.1069074
08	NPCr	cdf	110	0.055650532	0.573033	0.70287526	-0.12984228	0.07207011
08	NPCr	cdf	185	0.055217028	0.19317192	0.62412685	-0.43095493	0.08491601
08	NPCr	cdf	324	0.054986656	-0.35089973	-0.29534736	-0.055552363	0.11454856
08	NPCr	cdf	257	0.054644644	0.2658668	0.41669604	-0.15082926	0.04263748
08	NPCr	cdf	101	0.05412996	0.3538734	0.37672773	-0.022854328	0.10771684
08	NPCr	cdf	212	0.05399561	0.06807332	0.24567667	-0.17760335	0.08147615
08	NPCr	cdf	728	0.05393201	0.35792843	0.547024	-0.18909559	0.06555097
08	NPCr	cdf	368	0.053818285	0.45360196	0.14894754	0.30465442	0.09081371
08	NPCr	cdf	217	0.052435577	0.23317413	-0.0021255692	0.2352997	0.06746955
08	NPCr	cdf	87	0.051479876	0.22487982	0.04505842	0.1798214	0.057317205
08	NPCr	cdf	111	0.051469445	-0.09859072	0.037316978	-0.1359077	0.08984794
08	NPCr	cdf	35	0.05111611	0.6191952	0.594854	0.024341226	0.07856179
08	NPCr	cdf	183	0.05089408	-0.06907034	0.34989735	-0.4189677	0.13958251
08	NPCr	cdf	264	0.050729394	0.23380029	0.05279173	0.18100856	0.08295037
08	NPCr	cdf	109	0.049417257	-0.35446182	-0.29781377	-0.056648046	0.07590919
08	NPCr	cdf	13	0.049251795	0.13185632	0.24055563	-0.10869931	0.18157674
08	NPCr	cdf	284	0.049138427	0.14586306	0.20897983	-0.063116774	0.06683911
08	NPCr	cdf	320	0.049076438	0.24706145	0.25408405	-0.0070226043	0.059573006
08	NPCr	cdf	279	0.049066365	-0.057294097	-0.10443438	0.04714028	0.048485864
08	NPCr	cdf	81	0.04896587	0.43972284	0.5439218	-0.10419899	0.08550805
08	NPCr	cdf	683	0.04881537	0.4123699	0.42393175	-0.011561841	0.055229064
08	NPCr	cdf	238	0.048808396	-0.01017029	-0.07074525	0.060574964	0.12242513
08	NPCr	cdf	393	0.048530996	-0.0682359	-0.037421323	-0.030814573	0.07422896
08	NPCr	cdf	444	0.048527658	0.48584533	0.49262094	-0.0067756176	0.06721908
08	NPCr	cdf	53	0.04848796	0.6016955	0.6502557	-0.048560202	0.063501306
08	NPCr	cdf	201	0.047857344	-0.17974436	0.08598729	-0.26573166	0.081404924
08	NPCr	cdf	685	0.047809005	0.090564035	-0.048937462	0.1395015	0.10471503
08	NPCr	cdf	71	0.04765892	0.4116831	0.16145712	0.250226	0.10153656
08	NPCr	cdf	356	0.047255397	0.26517066	0.3238489	-0.05867824	0.05508439
08	NPCr	cdf	471	0.04694009	0.6763448	0.48846602	0.18787879	0.093052365
08	NPCr	cdf	394	0.046160936	0.04014138	-0.14986348	0.19000486	0.16187538
08	NPCr	cdf	663	0.046126664	0.0765014	0.13542694	-0.05892554	0.11832963
08	NPCr	cdf	581	0.046023488	-0.17406364	-0.21081866	0.036755025	0.085475646
08	NPCr	cdf	326	0.045488298	0.13830218	0.13026446	0.008037716	0.06380571
08	NPCr	cdf	601	0.045446098	0.21156469	0.48714134	-0.27557665	0.14080283
08	NPCr	cdf	435	0.04518807	0.1541309	0.20833826	-0.054207355	0.071854785
08	NPCr	cdf	482	0.045151412	0.27140585	0.14411011	0.12729573	0.09051762
08	NPCr	cdf	67	0.0450539	-0.29220182	-0.21731463	-0.07488719	0.055062108
08	NPCr	cdf	463	0.045038342	0.21016899	0.2511343	-0.04096532	0.06526117
08	NPCr	cdf	192	0.04494363	-0.10128276	0.02652461	-0.12780738	0.04982069
08	NPCr	cdf	182	0.044627428	0.40296647	0.5019549	-0.09898844	0.07576913
08	NPCr	cdf	98	0.0443635	-0.011800916	0.08992799	-0.10172891	0.047611937
08	NPCr	cdf	29	0.044186115	-0.1826187	0.07405034	-0.25666904	0.05269334
08	NPCr	cdf	188	0.04406178	-0.21680592	-0.1502528	-0.066553116	0.046999145
08	NPCr	cdf	496	0.043703318	0.08874911	0.25361115	-0.16486204	0.06827721
08	NPCr	cdf	527	0.043581367	0.09750973	0.21529499	-0.11778526	0.1289437
08	NPCr	cdf	648	0.04318881	-0.10870094	-0.20804179	0.09934085	0.05691102
08	NPCr	cdf	160	0.043106556	0.16955711	0.39956847	-0.23001136	0.04601088
08	NPCr	cdf	573	0.04304713	0.28634462	0.32790312	-0.041558504	0.17361298
08	NPCr	cdf	440	0.042980492	0.33190462	0.6824216	-0.350517	0.10250306
08	NPCr	cdf	248	0.042924464	-0.03381424	0.10377953	-0.13759378	0.07004921
08	NPCr	cdf	126	0.042719066	0.5029576	0.47949743	0.02346015	0.07595007
08	NPCr	cdf	628	0.042719066	0.22308765	0.18737178	0.035715878	0.11693053
08	NPCr	cdf	422	0.04271388	0.3233659	0.25127363	0.072092265	0.08059852
08	NPCr	cdf	526	0.0426082	0.49808538	0.327107	0.17097837	0.14026676
08	NPCr	cdf	216	0.0424276	0.17522511	0.1911514	-0.015926287	0.031282905
08	NPCr	cdf	112	0.042368233	0.19873461	0.19806764	0.000666976	0.05653535
08	NPCr	cdf	314	0.04115057	-0.054858886	-0.2937529	0.23889402	0.05326842
08	NPCr	cdf	92	0.041026294	-0.24231675	-0.10160426	-0.1407125	0.08354077
08	NPCr	cdf	158	0.040426552	0.2224529	0.31042817	-0.08797528	0.03924247
08	NPCr	cdf	370	0.040329218	0.30117962	0.30080262	0.00037699938	0.05072578
08	NPCr	cdf	156	0.040000975	-0.21395388	-0.27280113	0.05884725	0.07517672
08	NPCr	cdf	569	0.03999847	-0.02815199	0.08146439	-0.10961638	0.07972155
08	NPCr	cdf	457	0.0398764	-0.12654655	-0.003345283	-0.123201266	0.090006486
08	NPCr	cdf	373	0.039777815	0.34915787	0.534458	-0.18530011	0.10653515
08	NPCr	cdf	27	0.03962636	0.08295556	0.21132931	-0.12837374	0.15432873
08	NPCr	cdf	52	0.039427996	0.060017224	0.25674403	-0.1967268	0.05137727
08	NPCr	inverse_cdf	211	0.15107852	0.50913787	0.49465054	0.014487326	0.06195601
08	NPCr	inverse_cdf	440	0.14142227	0.390099	0.3415667	0.048532277	0.09911199
08	NPCr	inverse_cdf	380	0.105104625	-0.10934822	-0.049948905	-0.059399318	0.1452963
08	NPCr	inverse_cdf	342	0.09747887	-0.042320367	-0.09498679	0.052666422	0.06370021
08	NPCr	inverse_cdf	35	0.096033335	0.41907245	0.39149788	0.027574569	0.094462104
08	NPCr	inverse_cdf	576	0.093197405	0.19000615	0.27442753	-0.08442138	0.08323044
08	NPCr	inverse_cdf	728	0.09016198	0.5372473	0.3820823	0.15516499	0.12776428
08	NPCr	inverse_cdf	330	0.08722532	0.21374732	0.19668333	0.01706399	0.06463158
08	NPCr	inverse_cdf	513	0.086615264	0.14623998	0.030146556	0.11609343	0.10287545
08	NPCr	inverse_cdf	740	0.086607456	0.39450315	-0.030445201	0.42494833	0.09244669
08	NPCr	inverse_cdf	484	0.08627254	-0.15696397	-0.3266395	0.16967553	0.13763587
08	NPCr	inverse_cdf	414	0.085912645	0.19649091	0.1961832	0.00030770898	0.05750317
08	NPCr	inverse_cdf	742	0.08523393	0.36639786	0.08361257	0.2827853	0.16351609
08	NPCr	inverse_cdf	694	0.083845854	-0.031186033	0.024340425	-0.055526458	0.07519565
08	NPCr	inverse_cdf	231	0.08368945	-0.29950193	-0.42010134	0.12059942	0.07130045
08	NPCr	inverse_cdf	247	0.08362836	0.35781813	0.41166067	-0.053842545	0.07677192
08	NPCr	inverse_cdf	185	0.08297306	0.42540938	0.542305	-0.116895616	0.03952888
08	NPCr	inverse_cdf	445	0.08120775	0.027441839	-0.06852338	0.095965214	0.113151215
08	NPCr	inverse_cdf	455	0.08040714	0.32832393	0.51206636	-0.18374243	0.06655307
08	NPCr	inverse_cdf	718	0.080229044	0.045244526	0.015964786	0.02927974	0.15660584
08	NPCr	inverse_cdf	224	0.07997841	0.4537053	0.6303529	-0.1766476	0.042996395
08	NPCr	inverse_cdf	46	0.07960141	0.0787021	0.036027066	0.042675033	0.08251931
08	NPCr	inverse_cdf	413	0.07915878	0.098498695	0.21442178	-0.115923084	0.059515964
08	NPCr	inverse_cdf	268	0.07849443	0.1594902	0.112324804	0.047165394	0.052920543
08	NPCr	inverse_cdf	452	0.07788271	0.2719882	0.23781043	0.03417778	0.07132207
08	NPCr	inverse_cdf	69	0.0763365	-0.005288179	0.010598764	-0.015886944	0.05399289
08	NPCr	inverse_cdf	519	0.07395202	0.04153568	-0.029127635	0.07066332	0.09218733
08	NPCr	inverse_cdf	512	0.0736531	0.29352996	0.28650856	0.0070213974	0.07552258
08	NPCr	inverse_cdf	658	0.073455274	0.109617665	0.16969064	-0.060072973	0.08132251
08	NPCr	inverse_cdf	81	0.071992815	0.31718776	0.36667535	-0.04948759	0.075482346
08	NPCr	inverse_cdf	36	0.071357846	-0.0022971751	0.10385857	-0.106155746	0.065834746
08	NPCr	inverse_cdf	356	0.07088733	0.45380366	0.38661507	0.06718859	0.0869835
08	NPCr	inverse_cdf	293	0.07084292	0.018827807	0.1115766	-0.09274879	0.08075897
08	NPCr	inverse_cdf	259	0.070610166	0.25132716	0.27945676	-0.028129607	0.09042321
08	NPCr	inverse_cdf	698	0.07022208	0.0528396	0.12668286	-0.07384326	0.057707578
08	NPCr	inverse_cdf	173	0.06987107	-0.20808263	0.17266911	-0.38075173	0.07726311
08	NPCr	inverse_cdf	610	0.06906855	0.26563242	0.1592604	0.10637201	0.15597041
08	NPCr	inverse_cdf	223	0.06747061	0.4416692	0.5925012	-0.15083203	0.053397022
08	NPCr	inverse_cdf	261	0.06695014	0.5089882	0.5922358	-0.0832476	0.03697704
08	NPCr	inverse_cdf	604	0.066716135	0.071033	0.0716336	-0.00060059875	0.08518765
08	NPCr	inverse_cdf	667	0.06666547	0.03177878	0.10956004	-0.07778126	0.100277975
08	NPCr	inverse_cdf	21	0.06662315	0.18803957	0.15499787	0.0330417	0.43577987
08	NPCr	inverse_cdf	49	0.065778494	0.03809328	0.32565692	-0.28756365	0.05059681
08	NPCr	inverse_cdf	677	0.06573713	-0.063631155	0.02132019	-0.08495134	0.12011795
08	NPCr	inverse_cdf	741	0.06523126	0.4402698	0.35702583	0.083243966	0.09685498
08	NPCr	inverse_cdf	301	0.06519002	0.0064866785	0.1158258	-0.109339125	0.06521601
08	NPCr	inverse_cdf	699	0.06479275	-0.07511936	-0.3249744	0.24985503	0.06944193
08	NPCr	inverse_cdf	53	0.06474739	0.49543035	0.54938835	-0.053958	0.041699085
08	NPCr	inverse_cdf	275	0.06273073	0.21867546	0.070463836	0.14821163	0.034656707
08	NPCr	inverse_cdf	76	0.06268346	-0.32381958	-0.27376214	-0.05005744	0.048784085
08	NPCr	inverse_cdf	738	0.06260961	0.5229841	0.455782	0.06720209	0.05557312
08	NPCr	inverse_cdf	320	0.06222087	0.11011379	0.31905654	-0.20894274	0.07195529
08	NPCr	inverse_cdf	520	0.06165868	0.29819605	0.22746536	0.070730686	0.08379199
08	NPCr	inverse_cdf	59	0.061349154	-0.17124726	-0.18371436	0.012467101	0.09481388
08	NPCr	inverse_cdf	20	0.061323106	0.20193328	0.06202798	0.1399053	0.4062842
08	NPCr	inverse_cdf	32	0.06125599	0.0070468723	0.27203977	-0.2649929	0.05357301
08	NPCr	inverse_cdf	732	0.060919464	-0.0931967	-0.09260118	-0.00059551746	0.17444925
08	NPCr	inverse_cdf	4	0.060892522	0.23052905	0.1121597	0.118369356	0.16830678
08	NPCr	inverse_cdf	75	0.060098052	-0.099026345	-0.0017000228	-0.09732632	0.15912226
08	NPCr	inverse_cdf	206	0.0596599	0.36808917	0.45369864	-0.085609466	0.058298968
08	NPCr	inverse_cdf	641	0.05953312	-0.021389445	-0.34578702	0.32439756	0.07896872
08	NPCr	inverse_cdf	410	0.05952066	0.1344117	0.14962561	-0.015213922	0.08358815
08	NPCr	inverse_cdf	159	0.059241354	-0.13426854	-0.17653441	0.042265877	0.07404405
08	NPCr	inverse_cdf	30	0.058942437	0.23952788	0.3339579	-0.09443003	0.07399255
08	NPCr	inverse_cdf	2	0.058843017	0.26607847	0.13511534	0.13096313	0.49590427
08	NPCr	inverse_cdf	739	0.05851662	0.34929937	0.27530652	0.07399285	0.045820784
08	NPCr	inverse_cdf	476	0.058281362	0.14196287	-0.14954703	0.2915099	0.10724783
08	NPCr	inverse_cdf	126	0.058002293	0.30158243	0.43569767	-0.13411525	0.09684009
08	NPCr	inverse_cdf	135	0.05693251	-0.21432711	-0.098553315	-0.1157738	0.1962681
08	NPCr	inverse_cdf	110	0.05690241	0.4332042	0.45207393	-0.018869728	0.06745801
08	NPCr	inverse_cdf	108	0.056757987	0.12825951	0.20896454	-0.08070503	0.07702546
08	NPCr	inverse_cdf	701	0.05663693	0.09629615	-0.06349325	0.1597894	0.078672126
08	NPCr	inverse_cdf	603	0.05641961	0.41184932	0.26805598	0.14379334	0.071463816
08	NPCr	inverse_cdf	693	0.056022823	-0.28046858	-0.09114728	-0.18932131	0.05181766
08	NPCr	inverse_cdf	65	0.055576146	-0.18048927	-0.27024698	0.08975771	0.071017765
08	NPCr	inverse_cdf	681	0.055220902	-0.029921127	0.09771981	-0.12764093	0.043814022
08	NPCr	inverse_cdf	354	0.054959357	0.71806914	0.66333216	0.05473697	0.076085225
08	NPCr	inverse_cdf	373	0.054945886	0.32276225	0.30277705	0.019985199	0.084320806
08	NPCr	inverse_cdf	642	0.054847598	0.08991905	-0.09979592	0.18971497	0.080732845
08	NPCr	inverse_cdf	398	0.054826677	0.40435013	0.37043118	0.033918947	0.040042
08	NPCr	inverse_cdf	104	0.054412544	-0.28491592	-0.063276425	-0.2216395	0.18887945
08	NPCr	inverse_cdf	37	0.05436635	0.043259554	0.2817222	-0.23846263	0.16964445
08	NPCr	inverse_cdf	0	0.05404085	0.3509696	0.20453109	0.14643852	0.26658055
08	NPCr	inverse_cdf	609	0.05400783	0.21687606	0.17036131	0.04651475	0.08469693
08	NPCr	inverse_cdf	187	0.053618312	0.36421397	0.4068271	-0.04261312	0.0379708
08	NPCr	inverse_cdf	540	0.053607047	0.29356778	0.17264216	0.12092562	0.08486612
08	NPCr	inverse_cdf	95	0.05357313	-0.1365227	-0.1848972	0.048374504	0.041213933
08	NPCr	inverse_cdf	309	0.053493977	0.41260558	0.2877663	0.124839276	0.05429868
08	NPCr	inverse_cdf	70	0.053162217	0.24171466	0.16485782	0.07685684	0.038822766
08	NPCr	inverse_cdf	96	0.053101003	0.14653422	0.23999946	-0.09346524	0.055042163
08	NPCr	inverse_cdf	349	0.05242759	0.14560242	0.29818577	-0.15258335	0.06283875
08	NPCr	inverse_cdf	702	0.05225408	0.35207957	0.4252195	-0.073139936	0.07245793
08	NPCr	inverse_cdf	653	0.052253067	-0.05842772	-0.11973651	0.061308786	0.07073788
08	NPCr	inverse_cdf	715	0.051939487	-0.102185726	-0.04674227	-0.055443455	0.052807424
08	NPCr	inverse_cdf	376	0.051793277	0.27836332	0.17286277	0.10550055	0.10412984
08	NPCr	inverse_cdf	521	0.051516593	0.061076343	-0.0032709613	0.064347304	0.0853268
08	NPCr	inverse_cdf	22	0.051496983	0.069992155	0.054150835	0.01584132	0.2129556
08	NPCr	inverse_cdf	585	0.051308393	-0.32058764	-0.38958782	0.069000185	0.12522301
08	NPCr	inverse_cdf	1	0.05129975	0.3002451	0.26905122	0.031193882	0.18433602
08	NPCr	inverse_cdf	78	0.051048577	-0.22945854	-0.20603323	-0.02342531	0.072404504
09	BensonV1	cdf	668	0.34378195	0.7632409	0.8440587	-0.08081782	0.26145163
09	BensonV1	cdf	685	0.33948696	0.7524931	0.8257417	-0.073248625	0.21366411
09	BensonV1	cdf	728	0.3100515	0.7667928	0.7931466	-0.026353836	0.25777835
09	BensonV1	cdf	678	0.29507488	0.8629333	0.8681998	-0.005266547	0.13227417
09	BensonV1	cdf	722	0.2931245	0.8445301	0.8850219	-0.04049182	0.21588767
09	BensonV1	cdf	669	0.2810197	0.80660474	0.7988141	0.007790625	0.22107062
09	BensonV1	cdf	719	0.26310128	0.8104202	0.82049304	-0.010072827	0.14217043
09	BensonV1	cdf	674	0.26150775	0.83913726	0.83202684	0.007110417	0.20664951
09	BensonV1	cdf	370	0.239676	0.4951507	0.601803	-0.10665232	0.41479227
09	BensonV1	cdf	90	0.23934042	0.53963137	0.64339197	-0.1037606	0.25043184
09	BensonV1	cdf	92	0.22465748	0.71121	0.51273155	0.19847846	0.1345668
09	BensonV1	cdf	607	0.22142935	0.6875861	0.74468124	-0.05709511	0.443612
09	BensonV1	cdf	663	0.19443601	0.5494873	0.41136864	0.13811865	0.15395412
09	BensonV1	cdf	423	0.18712407	0.7175144	0.8520582	-0.13454378	0.41398102
09	BensonV1	cdf	429	0.17864943	0.5815339	0.66122264	-0.07968873	0.22890352
09	BensonV1	cdf	422	0.17267412	0.54510313	0.7712233	-0.22612017	0.22256124
09	BensonV1	cdf	94	0.16949236	0.25646642	0.10886335	0.14760306	0.12911476
09	BensonV1	cdf	730	0.1674298	0.3483278	0.37471858	-0.026390791	0.15830725
09	BensonV1	cdf	371	0.16598177	0.5979386	0.8407914	-0.2428528	0.20679283
09	BensonV1	cdf	605	0.15874618	0.7787288	0.85636985	-0.07764107	0.17058551
09	BensonV1	cdf	673	0.15326583	0.66917694	0.7109977	-0.041820765	0.10018752
09	BensonV1	cdf	381	0.14982861	0.5424757	0.34040958	0.20206612	0.22957419
09	BensonV1	cdf	86	0.14948487	0.6792341	0.644346	0.03488809	0.1490246
09	BensonV1	cdf	467	0.14798123	0.631419	0.5963808	0.035038233	0.38641843
09	BensonV1	cdf	60	0.14756006	0.5410462	0.61839396	-0.077347755	0.18344545
09	BensonV1	cdf	2	0.14547777	0.5984183	0.66968316	-0.07126486	0.18262112
09	BensonV1	cdf	612	0.14438963	0.6566105	0.7461407	-0.08953023	0.1956172
09	BensonV1	cdf	661	0.13995099	0.79279304	0.7583069	0.034486115	0.083774984
09	BensonV1	cdf	63	0.13876283	0.25416756	0.41805613	-0.16388857	0.16221075
09	BensonV1	cdf	369	0.13625425	0.35918504	0.3554152	0.0037698448	0.303175
09	BensonV1	cdf	372	0.13607526	0.39856127	0.44457492	-0.046013653	0.37310624
09	BensonV1	cdf	666	0.13503933	0.55489063	0.49831536	0.05657527	0.15419546
09	BensonV1	cdf	684	0.13175547	0.5195051	0.50189495	0.017610133	0.2098321
09	BensonV1	cdf	662	0.13137794	0.7331133	0.77777094	-0.044657648	0.124417946
09	BensonV1	cdf	374	0.1303677	0.2825299	0.46534345	-0.18281356	0.17143503
09	BensonV1	cdf	121	0.12849915	0.5078849	0.5814991	-0.07361418	0.17585023
09	BensonV1	cdf	500	0.12674105	0.179676	0.21905985	-0.03938386	0.1931643
09	BensonV1	cdf	672	0.12555176	0.6928865	0.6517316	0.04115486	0.16073836
09	BensonV1	cdf	125	0.124954104	0.009222776	-0.16238607	0.17160885	0.08878515
09	BensonV1	cdf	615	0.122469306	0.3454556	0.429075	-0.083619416	0.10286051
09	BensonV1	cdf	679	0.121376276	0.5692627	0.56461823	0.0046444535	0.05346657
09	BensonV1	cdf	442	0.120131314	0.41045138	0.3877417	0.022709668	0.21165249
09	BensonV1	cdf	91	0.11771321	0.3036237	0.4228003	-0.1191766	0.11973745
09	BensonV1	cdf	440	0.11467826	0.5092079	0.47469714	0.03451076	0.12488019
09	BensonV1	cdf	411	0.113533795	0.12828514	0.40748963	-0.2792045	0.21197109
09	BensonV1	cdf	156	0.10781795	0.2968794	0.23795824	0.058921173	0.17258713
09	BensonV1	cdf	525	0.10755098	0.26927194	0.22188196	0.047389984	0.17682356
09	BensonV1	cdf	508	0.10744375	0.14760002	0.27541965	-0.12781963	0.74345994
09	BensonV1	cdf	667	0.107233286	0.49894923	0.47096646	0.027982771	0.06686975
09	BensonV1	cdf	96	0.10404068	0.17255814	0.08978801	0.08277013	0.105351
09	BensonV1	cdf	338	0.1015383	-0.38084182	-0.29754508	-0.083296746	0.17263374
09	BensonV1	cdf	718	0.10090929	-0.028075015	0.27224857	-0.30032358	0.23292996
09	BensonV1	cdf	665	0.099162936	0.50428003	0.38330007	0.120979965	0.2031635
09	BensonV1	cdf	122	0.09833044	0.7904222	0.7861882	0.004234016	0.09943618
09	BensonV1	cdf	608	0.097850025	-0.025807798	0.022368189	-0.048175987	0.11693544
09	BensonV1	cdf	594	0.0954991	0.46451634	0.24008659	0.22442976	0.16302383
09	BensonV1	cdf	597	0.09174538	0.35553423	0.42667142	-0.07113719	0.31035995
09	BensonV1	cdf	36	0.09167725	-0.03150562	0.33700323	-0.36850885	0.19723764
09	BensonV1	cdf	236	0.09086025	0.49354228	0.29022473	0.20331755	0.14961173
09	BensonV1	cdf	604	0.09039241	0.55613273	0.7305922	-0.17445946	0.13809896
09	BensonV1	cdf	126	0.089770675	0.1692063	0.07195103	0.097255275	0.098383635
09	BensonV1	cdf	677	0.08906257	0.6102577	0.56684136	0.04341632	0.13130987
09	BensonV1	cdf	158	0.0886901	0.6258562	0.59289694	0.032959282	0.2237036
09	BensonV1	cdf	729	0.08783549	0.4636814	0.36119252	0.102488875	0.074883364
09	BensonV1	cdf	658	0.086517215	0.61214954	0.5869847	0.025164843	0.40184984
09	BensonV1	cdf	128	0.085852206	0.20302346	-0.09163956	0.294663	0.09258137
09	BensonV1	cdf	124	0.085430086	0.20377915	0.14185801	0.061921135	0.09811855
09	BensonV1	cdf	20	0.08476204	-0.02624648	0.28306404	-0.30931053	0.2917119
09	BensonV1	cdf	375	0.08409613	0.3195281	0.041241407	0.2782867	0.246776
09	BensonV1	cdf	464	0.08394241	0.3437773	0.34241626	0.0013610423	0.2469567
09	BensonV1	cdf	688	0.08384615	0.4879694	0.3785381	0.1094313	0.1814509
09	BensonV1	cdf	416	0.08373886	0.62073845	0.64816844	-0.027429998	0.22217411
09	BensonV1	cdf	155	0.083652556	0.35987243	0.5013883	-0.14151588	0.15718675
09	BensonV1	cdf	657	0.0835768	0.408839	0.5232885	-0.1144495	0.24436142
09	BensonV1	cdf	268	0.08304685	-0.46044153	-0.23792969	-0.22251184	0.16165943
09	BensonV1	cdf	654	0.08199835	0.37466943	0.008759609	0.3659098	0.28818762
09	BensonV1	cdf	376	0.08192766	0.07718779	-0.07671456	0.15390235	0.25241154
09	BensonV1	cdf	549	0.080326855	0.48885056	0.6541213	-0.16527072	0.1962932
09	BensonV1	cdf	492	0.07954639	-0.12206598	0.020809373	-0.14287536	0.16843948
09	BensonV1	cdf	610	0.07951337	0.47087565	0.6553371	-0.18446144	0.1645932
09	BensonV1	cdf	616	0.07909584	0.66209465	0.7474918	-0.085397124	0.10281112
09	BensonV1	cdf	559	0.07902223	0.18290104	0.22027381	-0.037372768	0.6320392
09	BensonV1	cdf	660	0.07779145	0.24508001	0.33907914	-0.09399913	0.16038229
09	BensonV1	cdf	281	0.077302456	0.588103	0.73244655	-0.14434355	0.13672973
09	BensonV1	cdf	386	0.07721102	0.06576573	0.0984634	-0.03269767	0.2784936
09	BensonV1	cdf	479	0.07718915	-0.21087432	-0.24356414	0.032689825	0.059988447
09	BensonV1	cdf	211	0.07635254	-0.18033852	0.08809733	-0.26843584	0.1300321
09	BensonV1	cdf	389	0.07624632	0.6184328	0.6524421	-0.034009278	0.13720636
09	BensonV1	cdf	518	0.075969756	0.20931375	0.18719974	0.022114009	0.09073689
09	BensonV1	cdf	76	0.074799776	-0.10250219	-0.12704268	0.024540491	0.16117282
09	BensonV1	cdf	230	0.07427025	-0.009991945	0.08445145	-0.094443396	0.21089394
09	BensonV1	cdf	123	0.07404977	0.09214782	-0.009401643	0.10154946	0.1501211
09	BensonV1	cdf	456	0.07289052	-0.1489152	0.29343382	-0.44234902	0.42306638
09	BensonV1	cdf	554	0.07202846	0.009338174	-0.035819165	0.04515734	0.07408185
09	BensonV1	cdf	305	0.07098383	0.3069508	0.1934187	0.11353211	0.09036281
09	BensonV1	cdf	278	0.07086784	0.38783026	0.57170016	-0.1838699	0.10474113
09	BensonV1	cdf	650	0.07014787	0.14351334	0.15718707	-0.013673738	0.29343683
09	BensonV1	cdf	540	0.06953716	0.21758054	0.3245652	-0.10698466	0.08375366
09	BensonV1	cdf	620	0.069371045	0.7376848	0.6893269	0.048357904	0.088933386
09	BensonV1	cdf	396	0.06743497	0.17693861	-0.00034554471	0.17728415	0.15407464
09	BensonV1	inverse_cdf	722	0.30830282	0.7813746	0.86898965	-0.08761507	0.15837583
09	BensonV1	inverse_cdf	371	0.29639083	0.6612262	0.7178649	-0.056638658	0.24907912
09	BensonV1	inverse_cdf	685	0.23627913	0.7151589	0.8450003	-0.12984145	0.14632738
09	BensonV1	inverse_cdf	678	0.23591685	0.8632905	0.89562124	-0.03233075	0.14019787
09	BensonV1	inverse_cdf	668	0.21215999	0.7128774	0.75718087	-0.044303477	0.20223701
09	BensonV1	inverse_cdf	674	0.20074409	0.75521564	0.6680979	0.08711773	0.14927505
09	BensonV1	inverse_cdf	728	0.18904603	0.7965411	0.87483317	-0.07829207	0.11699451
09	BensonV1	inverse_cdf	2	0.1839996	0.75989515	0.62875986	0.13113528	0.21458694
09	BensonV1	inverse_cdf	669	0.18228477	0.8555923	0.8293458	0.026246488	0.121488325
09	BensonV1	inverse_cdf	604	0.17937082	0.37135535	0.560635	-0.18927962	0.08975702
09	BensonV1	inverse_cdf	719	0.17922771	0.79658806	0.82468796	-0.028099895	0.10024074
09	BensonV1	inverse_cdf	423	0.16796231	0.7929949	0.78418463	0.008810282	0.3095434
09	BensonV1	inverse_cdf	90	0.15717101	0.85101753	0.849879	0.0011385083	0.117596924
09	BensonV1	inverse_cdf	662	0.15705878	0.6973963	0.5743413	0.12305498	0.13923438
09	BensonV1	inverse_cdf	122	0.15540975	0.73629564	0.6191249	0.11717075	0.10148048
09	BensonV1	inverse_cdf	422	0.15300465	0.7484875	0.6505172	0.09797025	0.14434251
09	BensonV1	inverse_cdf	605	0.152385	0.6075633	0.6897734	-0.082210064	0.119620994
09	BensonV1	inverse_cdf	451	0.13998288	-0.027914772	0.019069653	-0.046984427	1.426203
09	BensonV1	inverse_cdf	86	0.1360693	0.7913095	0.6805619	0.110747576	0.10644554
09	BensonV1	inverse_cdf	549	0.13415909	0.57065254	0.6748752	-0.104222655	0.19495593
09	BensonV1	inverse_cdf	673	0.12760794	0.8176741	0.7659962	0.051677883	0.09741898
09	BensonV1	inverse_cdf	241	0.12519622	0.536193	0.43673003	0.099462986	0.14887655
09	BensonV1	inverse_cdf	607	0.124096215	0.7574661	0.6647437	0.09272236	0.25233394
09	BensonV1	inverse_cdf	429	0.1236164	0.823136	0.8749922	-0.05185622	0.122389585
09	BensonV1	inverse_cdf	234	0.1228556	0.0950607	0.18362384	-0.08856314	0.2219479
09	BensonV1	inverse_cdf	91	0.12128514	0.5524311	0.5929186	-0.04048747	0.066224866
09	BensonV1	inverse_cdf	672	0.12007284	0.6834661	0.53646654	0.14699954	0.121050626
09	BensonV1	inverse_cdf	601	0.11921728	0.5514117	0.4043766	0.14703509	0.16802551
09	BensonV1	inverse_cdf	421	0.11877918	0.42056757	0.48696688	-0.066399306	0.0824606
09	BensonV1	inverse_cdf	209	0.11845982	0.31417006	0.18629219	0.12787788	0.060178492
09	BensonV1	inverse_cdf	274	0.115308344	0.39973766	0.5679791	-0.16824144	0.2744589
09	BensonV1	inverse_cdf	135	0.114533424	0.09806683	-0.06739585	0.16546267	0.09224454
09	BensonV1	inverse_cdf	718	0.111290336	0.6899969	0.36048865	0.32950824	0.16174082
09	BensonV1	inverse_cdf	411	0.1110118	0.2035858	0.30328643	-0.09970063	0.18304095
09	BensonV1	inverse_cdf	473	0.11027354	0.3847113	0.47110868	-0.08639738	0.15041374
09	BensonV1	inverse_cdf	370	0.109855056	0.7908198	0.79241276	-0.0015929341	0.22502439
09	BensonV1	inverse_cdf	194	0.10582894	-0.014666514	0.17397809	-0.1886446	0.26278073
09	BensonV1	inverse_cdf	677	0.10512489	0.549172	0.47586834	0.07330364	0.13179836
09	BensonV1	inverse_cdf	389	0.10391003	0.612233	0.6898024	-0.077569425	0.18829219
09	BensonV1	inverse_cdf	661	0.10365087	0.8077412	0.77475953	0.032981694	0.06192854
09	BensonV1	inverse_cdf	552	0.10101771	0.23296194	0.17775252	0.055209413	0.06087291
09	BensonV1	inverse_cdf	612	0.097833276	0.6797291	0.57336366	0.10636544	0.11154347
09	BensonV1	inverse_cdf	119	0.0960089	0.27892742	-0.2807521	0.5596795	0.35546443
09	BensonV1	inverse_cdf	597	0.09498477	0.49576756	0.49557683	0.00019073486	0.16264683
09	BensonV1	inverse_cdf	332	0.09488207	0.289353	0.28334767	0.006005347	0.34605643
09	BensonV1	inverse_cdf	66	0.094846666	0.34168357	0.3397422	0.0019413531	0.08986217
09	BensonV1	inverse_cdf	273	0.094581604	0.23525909	0.45633802	-0.22107893	0.14488335
09	BensonV1	inverse_cdf	390	0.0941515	0.40520447	0.52942	-0.12421554	0.09073673
09	BensonV1	inverse_cdf	281	0.093997	0.43999	0.5606637	-0.120673686	0.09447991
09	BensonV1	inverse_cdf	443	0.09134221	0.51506025	0.6349496	-0.11988938	0.12246987
09	BensonV1	inverse_cdf	271	0.09127253	0.53803086	0.37310228	0.16492859	1.1503856
09	BensonV1	inverse_cdf	440	0.09020245	0.6009685	0.5428373	0.05813116	0.11027555
09	BensonV1	inverse_cdf	315	0.08828598	0.070277594	-0.036867697	0.107145295	0.16124944
09	BensonV1	inverse_cdf	620	0.08788544	0.5736024	0.708589	-0.13498664	0.107861124
09	BensonV1	inverse_cdf	256	0.087679625	0.42209527	0.41297662	0.009118646	0.090416305
09	BensonV1	inverse_cdf	7	0.08735889	0.16806285	0.11741188	0.05065097	0.44846535
09	BensonV1	inverse_cdf	609	0.085219145	0.31778288	0.45574838	-0.1379655	0.061013483
09	BensonV1	inverse_cdf	39	0.08499783	-0.08822572	0.07568071	-0.16390643	0.072808325
09	BensonV1	inverse_cdf	363	0.08453196	0.55984354	0.49427992	0.06556362	0.092290185
09	BensonV1	inverse_cdf	170	0.083937526	0.45332626	0.30005327	0.15327299	0.097474635
09	BensonV1	inverse_cdf	318	0.08383745	0.42863908	0.36909205	0.059547037	0.13419564
09	BensonV1	inverse_cdf	402	0.08367336	-0.14031537	-0.07682873	-0.063486636	0.096656926
09	BensonV1	inverse_cdf	30	0.08261067	0.14494045	0.049448892	0.09549156	0.15631157
09	BensonV1	inverse_cdf	657	0.08169681	0.51338476	0.42412597	0.08925879	0.09310375
09	BensonV1	inverse_cdf	593	0.08151263	0.43767598	0.5439131	-0.10623714	0.20647366
09	BensonV1	inverse_cdf	679	0.0805704	0.61137277	0.42507407	0.1862987	0.10374252
09	BensonV1	inverse_cdf	467	0.0803889	0.7571245	0.76940745	-0.012282968	0.24395655
09	BensonV1	inverse_cdf	92	0.07916862	0.7037845	0.61813307	0.08565146	0.055119347
09	BensonV1	inverse_cdf	536	0.07897258	0.13828117	0.14307043	-0.004789263	0.24236281
09	BensonV1	inverse_cdf	341	0.07841027	0.21562825	0.32187593	-0.10624768	0.2284608
09	BensonV1	inverse_cdf	594	0.077854514	0.40075713	0.39309314	0.007663995	0.1682676
09	BensonV1	inverse_cdf	412	0.07783437	0.35426262	0.49325928	-0.13899666	0.07877918
09	BensonV1	inverse_cdf	619	0.077218235	-0.013521184	0.22233336	-0.23585454	0.10726519
09	BensonV1	inverse_cdf	244	0.07649493	0.20285323	0.118734255	0.08411898	0.046998873
09	BensonV1	inverse_cdf	426	0.07553697	-0.03594258	-0.2087121	0.17276952	0.13944004
09	BensonV1	inverse_cdf	610	0.07547003	0.34764194	0.5382198	-0.19057786	0.07473828
09	BensonV1	inverse_cdf	721	0.075182796	0.35292074	0.24618423	0.10673651	0.106028534
09	BensonV1	inverse_cdf	121	0.07396263	0.6742739	0.5772997	0.096974194	0.079732016
09	BensonV1	inverse_cdf	208	0.073638976	0.2669376	0.52011526	-0.25317764	0.0993878
09	BensonV1	inverse_cdf	60	0.07290989	0.7807132	0.71681887	0.06389433	0.093019515
09	BensonV1	inverse_cdf	499	0.07234901	0.15734552	0.3201682	-0.16282268	0.06931446
09	BensonV1	inverse_cdf	181	0.072222054	0.38979062	0.2620503	0.12774032	0.052176036
09	BensonV1	inverse_cdf	125	0.071980596	-0.34146124	0.040825013	-0.38228625	0.074273236
09	BensonV1	inverse_cdf	223	0.0718168	0.25034362	0.27249628	-0.022152662	0.09631509
09	BensonV1	inverse_cdf	321	0.06957948	-0.0801987	-0.03058878	-0.04960992	0.074859664
09	BensonV1	inverse_cdf	9	0.06887156	0.12386786	0.13095312	-0.0070852563	0.16843913
09	BensonV1	inverse_cdf	658	0.06883091	0.7378757	0.5904544	0.1474213	0.17531602
09	BensonV1	inverse_cdf	200	0.068697214	0.36380604	0.34326664	0.020539403	0.07223789
09	BensonV1	inverse_cdf	216	0.06788182	0.21983463	0.23426731	-0.014432684	0.16340454
09	BensonV1	inverse_cdf	224	0.06738138	-0.1374453	-0.20194599	0.06450069	0.096483625
09	BensonV1	inverse_cdf	336	0.0672887	0.02650288	-0.09914655	0.12564944	0.12592225
09	BensonV1	inverse_cdf	415	0.067061186	0.020402001	-0.024193516	0.044595517	0.103003904
09	BensonV1	inverse_cdf	333	0.06663287	-0.14065908	-0.107741274	-0.032917805	0.28765264
09	BensonV1	inverse_cdf	425	0.06640798	0.22920118	0.2874207	-0.058219507	0.11369816
09	BensonV1	inverse_cdf	179	0.06611729	0.11555775	0.0054713082	0.11008644	0.11647937
09	BensonV1	inverse_cdf	374	0.066081226	0.5436238	0.39369738	0.14992642	0.13078256
09	BensonV1	inverse_cdf	707	0.06605387	0.40342158	0.21735089	0.1860707	0.15998964
09	BensonV1	inverse_cdf	113	0.06591451	0.16042548	0.3988291	-0.23840362	0.13283138
09	BensonV1	inverse_cdf	522	0.06583077	0.0405367	-0.2685039	0.3090406	0.08407352
09	BensonV1	inverse_cdf	182	0.065541446	0.19245376	0.17485732	0.017596439	0.060279846
09	NPCr	cdf	212	0.18375164	0.5877385	0.6369107	-0.049172163	0.6720304
09	NPCr	cdf	265	0.15770191	0.71170807	0.5183633	0.19334477	0.26608166
09	NPCr	cdf	8	0.15682095	0.6075124	0.72341055	-0.11589813	0.09646451
09	NPCr	cdf	9	0.14670098	0.61274505	0.6433416	-0.030596554	0.09674086
09	NPCr	cdf	281	0.1424123	0.61399597	0.36823562	0.24576035	0.6230728
09	NPCr	cdf	333	0.13721484	0.57830036	0.40212145	0.1761789	0.26302525
09	NPCr	cdf	262	0.13668466	0.7487185	0.54479516	0.20392334	0.45029446
09	NPCr	cdf	223	0.13556868	0.46882513	0.4157915	0.05303362	0.52988005
09	NPCr	cdf	327	0.13048041	0.56754476	0.4179336	0.14961115	0.338922
09	NPCr	cdf	357	0.12195951	0.64959675	0.45562363	0.19397312	0.4854712
09	NPCr	cdf	168	0.12189686	0.5217835	0.53695357	-0.015170097	0.72955173
09	NPCr	cdf	227	0.119142056	0.33576152	0.27498853	0.060772985	0.18884255
09	NPCr	cdf	215	0.11876094	0.5426498	0.5093265	0.033323288	0.8221258
09	NPCr	cdf	423	0.11640322	0.38005924	0.50350064	-0.1234414	0.42761877
09	NPCr	cdf	326	0.116191864	0.45784545	0.33499917	0.122846276	0.19042885
09	NPCr	cdf	266	0.11377275	0.56713045	0.70095795	-0.13382751	0.40695956
09	NPCr	cdf	395	0.11359751	0.54803056	0.7010914	-0.15306085	0.13830394
09	NPCr	cdf	231	0.11322391	0.5618669	0.71862763	-0.15676075	0.30501607
09	NPCr	cdf	335	0.11270088	0.28326094	0.54834336	-0.26508242	0.28819084
09	NPCr	cdf	226	0.112581074	0.2653643	0.023278596	0.2420857	0.2511021
09	NPCr	cdf	472	0.112517774	0.039195735	0.31127334	-0.2720776	0.17229201
09	NPCr	cdf	189	0.10812527	0.4428456	0.4925958	-0.04975018	0.14383076
09	NPCr	cdf	210	0.10639155	0.6055799	0.59988123	0.005698681	0.21628456
09	NPCr	cdf	136	0.10596573	0.58099604	0.70586556	-0.124869525	1.3080446
09	NPCr	cdf	200	0.105198026	0.524771	0.58230585	-0.057534873	0.4589636
09	NPCr	cdf	185	0.104783356	0.13050663	0.14134926	-0.010842621	0.29931542
09	NPCr	cdf	207	0.10215008	0.36468738	0.4017699	-0.037082523	0.43119296
09	NPCr	cdf	37	0.09962022	0.20138064	0.2387883	-0.037407666	0.09855093
09	NPCr	cdf	297	0.0987488	-0.014671584	-0.09392035	0.07924876	0.14942059
09	NPCr	cdf	111	0.09814274	-0.07954333	0.13011302	-0.20965636	0.17694908
09	NPCr	cdf	243	0.09717119	0.0077113877	-0.06855708	0.07626847	0.20042697
09	NPCr	cdf	463	0.096898794	0.3483557	0.633113	-0.28475732	0.27435157
09	NPCr	cdf	427	0.0958699	0.44368377	0.37771407	0.065969706	0.1980567
09	NPCr	cdf	328	0.09548956	0.48989168	0.65967053	-0.16977885	0.6626081
09	NPCr	cdf	428	0.094968736	0.57245094	0.5726978	-0.00024688244	0.22934762
09	NPCr	cdf	348	0.09449595	0.44103777	0.5865262	-0.14548844	0.4476245
09	NPCr	cdf	218	0.093027055	0.5675037	0.30307662	0.26442707	0.32083553
09	NPCr	cdf	206	0.092139244	0.5618244	0.5110933	0.050731063	0.43841133
09	NPCr	cdf	177	0.091031075	0.5554941	0.33159634	0.22389778	0.20405585
09	NPCr	cdf	205	0.0904091	0.581204	0.37578893	0.20541507	0.47205925
09	NPCr	cdf	42	0.0886575	0.22859477	0.27399495	-0.045400187	0.5329507
09	NPCr	cdf	198	0.08852637	0.4936803	0.31580794	0.17787236	0.5286714
09	NPCr	cdf	203	0.087907374	0.6022296	0.37747473	0.22475487	0.3145881
09	NPCr	cdf	276	0.08762413	0.6116648	0.36025748	0.2514073	0.34825432
09	NPCr	cdf	240	0.08690876	0.4926801	0.4233845	0.069295615	0.16798203
09	NPCr	cdf	254	0.08665681	0.1752921	0.37973708	-0.20444497	0.16252036
09	NPCr	cdf	67	0.086120546	-0.25203827	-0.2373285	-0.014709771	0.15044115
09	NPCr	cdf	221	0.0860489	-0.10947053	0.065393314	-0.17486385	0.102681026
09	NPCr	cdf	420	0.085692525	0.556166	0.71758306	-0.16141707	0.648473
09	NPCr	cdf	170	0.08558297	-0.2797048	0.035157364	-0.31486216	0.18508242
09	NPCr	cdf	460	0.08525175	0.08441167	0.46594676	-0.38153508	0.5842719
09	NPCr	cdf	169	0.08473611	0.17785454	0.35921404	-0.1813595	0.3055247
09	NPCr	cdf	314	0.08308977	-0.11434655	0.055812996	-0.17015955	0.086029045
09	NPCr	cdf	270	0.082609355	0.09336655	0.09444485	-0.0010783002	0.2493523
09	NPCr	cdf	264	0.082172215	0.27712625	0.41332042	-0.13619417	0.19634
09	NPCr	cdf	133	0.08191687	0.18749477	0.2031575	-0.01566273	0.17537434
09	NPCr	cdf	392	0.08191615	0.21546234	0.3230002	-0.10753785	0.37596723
09	NPCr	cdf	464	0.08173168	0.38671964	0.6906342	-0.30391455	0.2819533
09	NPCr	cdf	397	0.081400394	0.028950535	0.2933327	-0.26438215	0.08331883
09	NPCr	cdf	60	0.08099699	0.3087535	0.41530362	-0.10655013	0.29710487
09	NPCr	cdf	11	0.08097243	0.27973917	0.3546769	-0.07493773	0.0644226
09	NPCr	cdf	80	0.08087534	0.5369368	0.6891702	-0.15223336	0.34530628
09	NPCr	cdf	560	0.08040029	0.43219736	0.38552943	0.046667933	0.263123
09	NPCr	cdf	563	0.08009094	0.6893442	0.4846235	0.20472074	0.19102494
09	NPCr	cdf	267	0.07923275	0.5721655	0.6918497	-0.11968422	0.23257743
09	NPCr	cdf	564	0.07913494	0.5700144	0.31265453	0.2573599	0.17753029
09	NPCr	cdf	248	0.07909989	0.3476703	0.36714202	-0.019471735	0.20748293
09	NPCr	cdf	467	0.07898241	-0.33728823	-0.0019332304	-0.335355	0.11871823
09	NPCr	cdf	187	0.07869959	0.21898659	0.39185566	-0.17286907	0.16914919
09	NPCr	cdf	259	0.07856089	0.7598815	0.5329066	0.2269749	0.21765512
09	NPCr	cdf	211	0.077849984	0.17120934	0.39464408	-0.22343475	0.2747254
09	NPCr	cdf	249	0.077037215	0.49612	0.45021108	0.045908928	0.3848072
09	NPCr	cdf	277	0.07641363	0.75611925	0.602549	0.15357023	0.20692952
09	NPCr	cdf	317	0.076336145	0.30155554	0.545063	-0.24350747	0.11370682
09	NPCr	cdf	190	0.076244295	0.28281087	0.37728682	-0.094475955	0.1624517
09	NPCr	cdf	93	0.07547265	0.46423587	0.6441917	-0.17995581	0.19520088
09	NPCr	cdf	539	0.07536	-0.021746967	0.15791023	-0.17965719	0.30567977
09	NPCr	cdf	166	0.07309055	0.3558787	0.27468753	0.08119118	0.23248689
09	NPCr	cdf	582	0.073013365	0.57328284	0.76904315	-0.19576031	0.20419721
09	NPCr	cdf	419	0.07275218	0.2694269	0.45307684	-0.18364993	0.23172967
09	NPCr	cdf	323	0.07265383	0.00071546703	0.08733056	-0.08661509	0.08387597
09	NPCr	cdf	334	0.07254046	0.4867149	0.3325494	0.1541655	0.28285116
09	NPCr	cdf	257	0.07188088	-0.00484078	0.16578177	-0.17062254	0.12720843
09	NPCr	cdf	92	0.07158601	0.48929584	0.5462483	-0.056952477	0.35730764
09	NPCr	cdf	271	0.07112014	0.6692937	0.44546106	0.22383264	0.28148702
09	NPCr	cdf	225	0.07074052	0.22763042	0.063011795	0.16461863	0.089534365
09	NPCr	cdf	381	0.07065332	0.22519556	0.35369647	-0.12850091	0.28970918
09	NPCr	cdf	173	0.06995773	0.43308675	0.41825247	0.014834285	0.48438975
09	NPCr	cdf	320	0.06943607	0.5516694	0.45741898	0.09425044	0.38401932
09	NPCr	cdf	588	0.068891704	0.03140482	-0.018149113	0.04955393	0.18631653
09	NPCr	cdf	532	0.06857842	0.122109	0.15642144	-0.034312434	0.3030968
09	NPCr	cdf	40	0.06827247	0.3513715	0.1957541	0.1556174	0.0759578
09	NPCr	cdf	219	0.06810105	0.26741678	0.2444582	0.022958577	0.12949213
09	NPCr	cdf	272	0.067915976	0.45183244	0.1774295	0.27440295	0.21156593
09	NPCr	cdf	508	0.06780177	0.22294761	0.6895707	-0.46662313	0.3065729
09	NPCr	cdf	300	0.06725371	0.41112047	0.4234804	-0.012359917	0.2676758
09	NPCr	cdf	71	0.06706017	0.63645077	0.61091655	0.025534213	0.31259486
09	NPCr	cdf	426	0.06683445	0.47923028	0.56183094	-0.08260065	0.22724105
09	NPCr	cdf	139	0.066289246	0.42870757	0.36902604	0.059681535	0.1281373
09	NPCr	cdf	73	0.06603712	-0.023227556	0.2004757	-0.22370325	0.34792814
09	NPCr	inverse_cdf	132	0.19260144	0.2768776	0.45712194	-0.18024433	0.119361274
09	NPCr	inverse_cdf	494	0.1598962	0.306008	0.23856151	0.0674465	0.1573835
09	NPCr	inverse_cdf	459	0.15313828	0.19118835	0.15796432	0.03322403	0.16452532
09	NPCr	inverse_cdf	569	0.15099913	0.29634696	0.2577619	0.038585067	0.1289685
09	NPCr	inverse_cdf	583	0.14281112	-0.013343305	0.045401398	-0.058744702	0.13385148
09	NPCr	inverse_cdf	9	0.14204162	0.60330003	0.5371096	0.06619042	0.13858582
09	NPCr	inverse_cdf	408	0.13308698	0.31836444	0.3997848	-0.08142036	0.08408305
09	NPCr	inverse_cdf	207	0.13273096	0.10799432	0.11635449	-0.00836017	0.23982736
09	NPCr	inverse_cdf	215	0.13183272	0.21380131	0.1915099	0.022291407	0.38985774
09	NPCr	inverse_cdf	216	0.13162321	0.052762035	0.21147384	-0.1587118	0.20408636
09	NPCr	inverse_cdf	450	0.1284805	0.034022897	0.1519993	-0.1179764	0.12326379
09	NPCr	inverse_cdf	93	0.12675518	0.36510623	0.43232015	-0.06721392	0.22476943
09	NPCr	inverse_cdf	499	0.12643862	-0.0056711514	0.1758937	-0.18156485	0.20150058
09	NPCr	inverse_cdf	438	0.12621135	-0.024421731	-0.09522783	0.0708061	0.1327412
09	NPCr	inverse_cdf	87	0.12618697	0.19810624	0.26894408	-0.07083784	0.2795294
09	NPCr	inverse_cdf	109	0.12533021	0.3453461	0.26909128	0.076254815	0.110597424
09	NPCr	inverse_cdf	563	0.123226345	0.31669432	0.35769996	-0.04100564	0.116625115
09	NPCr	inverse_cdf	294	0.12185049	0.040559612	0.05823621	-0.0176766	0.13303545
09	NPCr	inverse_cdf	223	0.121379554	0.34540302	0.19492593	0.15047708	0.3018398
09	NPCr	inverse_cdf	154	0.118745744	0.6412437	0.64035034	0.0008933544	0.08203857
09	NPCr	inverse_cdf	147	0.116965115	0.096664354	0.22890997	-0.13224562	0.108698875
09	NPCr	inverse_cdf	209	0.116897285	0.43621174	0.5259807	-0.089768976	0.21045394
09	NPCr	inverse_cdf	621	0.11477244	0.117179796	0.21186428	-0.09468448	0.11863522
09	NPCr	inverse_cdf	63	0.11459613	0.06780101	0.09584382	-0.028042808	0.20343807
09	NPCr	inverse_cdf	90	0.11243433	0.088023245	0.20428485	-0.1162616	0.23027845
09	NPCr	inverse_cdf	262	0.11164451	0.57052314	0.26703927	0.30348387	0.22219098
09	NPCr	inverse_cdf	392	0.11065221	0.17770597	0.1463034	0.031402573	0.2103973
09	NPCr	inverse_cdf	329	0.11043888	-0.28172275	-0.15881869	-0.12290406	0.0736794
09	NPCr	inverse_cdf	206	0.10988617	0.30890957	0.27142915	0.037480414	0.2658326
09	NPCr	inverse_cdf	71	0.10793817	0.5520418	0.58387893	-0.031837106	0.38669786
09	NPCr	inverse_cdf	266	0.105700016	0.25502148	0.47864485	-0.22362337	0.24095431
09	NPCr	inverse_cdf	19	0.1043542	0.33577845	0.43662515	-0.10084671	0.12490874
09	NPCr	inverse_cdf	162	0.10320181	0.6236432	0.567793	0.055850208	0.299905
09	NPCr	inverse_cdf	341	0.102989376	0.08953856	0.026441567	0.06309699	0.10879795
09	NPCr	inverse_cdf	537	0.10245544	0.19339794	0.22346029	-0.030062348	0.14830911
09	NPCr	inverse_cdf	247	0.10232723	0.16939427	0.28441033	-0.11501606	0.14523147
09	NPCr	inverse_cdf	629	0.10131168	0.25679603	0.3803619	-0.12356588	0.13282986
09	NPCr	inverse_cdf	164	0.10109085	0.24457756	0.4055915	-0.16101393	0.16774064
09	NPCr	inverse_cdf	582	0.10045189	0.32914227	0.479839	-0.15069672	0.13917857
09	NPCr	inverse_cdf	102	0.10044235	-0.052469116	-0.20857508	0.15610597	0.19127251
09	NPCr	inverse_cdf	541	0.099120796	-0.21750285	-0.0011620705	-0.21634078	0.17221902
09	NPCr	inverse_cdf	259	0.09907037	0.5587564	0.32242665	0.23632976	0.10315775
09	NPCr	inverse_cdf	420	0.09895581	0.22202367	0.2219569	6.67721e-05	0.32277906
09	NPCr	inverse_cdf	8	0.0986895	0.7111936	0.76847917	-0.057285547	0.07758274
09	NPCr	inverse_cdf	144	0.09853667	-0.15956253	-0.0048488183	-0.1547137	0.09926415
09	NPCr	inverse_cdf	195	0.09736699	0.4718053	0.30476075	0.16704455	0.14378628
09	NPCr	inverse_cdf	157	0.09713429	0.64758307	0.5909024	0.05668068	0.4173873
09	NPCr	inverse_cdf	21	0.09639108	-0.004356473	0.036218453	-0.040574927	0.13552533
09	NPCr	inverse_cdf	575	0.09628016	0.07815975	0.16972259	-0.09156284	0.1769071
09	NPCr	inverse_cdf	327	0.096143305	0.64003235	0.33345345	0.3065789	0.17442888
09	NPCr	inverse_cdf	231	0.09602314	0.6411745	0.250198	0.3909765	0.19137107
09	NPCr	inverse_cdf	121	0.095885456	-0.23719439	-0.45231065	0.21511626	0.20986071
09	NPCr	inverse_cdf	60	0.095335245	-0.07516162	0.1787161	-0.2538777	0.17746277
09	NPCr	inverse_cdf	606	0.09523755	0.01407878	0.28183258	-0.2677538	0.15730976
09	NPCr	inverse_cdf	218	0.09491372	0.44522843	0.25571194	0.18951648	0.19058748
09	NPCr	inverse_cdf	519	0.094783545	0.4956443	0.42458922	0.071055084	0.16460826
09	NPCr	inverse_cdf	281	0.09445077	0.6185354	0.2748382	0.3436972	0.35852244
09	NPCr	inverse_cdf	7	0.09393954	0.22675635	0.102543294	0.124213055	0.07713099
09	NPCr	inverse_cdf	579	0.0928005	-0.10611986	0.028576799	-0.13469666	0.15529127
09	NPCr	inverse_cdf	95	0.09278047	-0.37411794	-0.11762265	-0.2564953	0.134423
09	NPCr	inverse_cdf	478	0.092745066	0.45134094	0.28024858	0.17109236	0.07758214
09	NPCr	inverse_cdf	564	0.09247601	0.49651578	0.3789078	0.11760798	0.13327482
09	NPCr	inverse_cdf	423	0.09159362	0.18902573	0.18421166	0.0048140734	0.17531484
09	NPCr	inverse_cdf	320	0.09151214	0.22708428	0.3972509	-0.17016661	0.18744174
09	NPCr	inverse_cdf	282	0.09129536	0.19487286	0.13584234	0.059030518	0.19401067
09	NPCr	inverse_cdf	664	0.09030819	0.37143433	0.48032984	-0.10889551	0.09495293
09	NPCr	inverse_cdf	0	0.08954567	0.3161941	0.2733602	0.042833894	0.07456148
09	NPCr	inverse_cdf	495	0.08919805	0.051342215	0.20283984	-0.15149762	0.11456101
09	NPCr	inverse_cdf	353	0.08884251	0.6595741	0.5778405	0.081733584	0.1545584
09	NPCr	inverse_cdf	490	0.08861697	0.11101439	0.0038530284	0.10716136	0.106865376
09	NPCr	inverse_cdf	567	0.087301254	0.38791063	0.46476218	-0.07685155	0.09962198
09	NPCr	inverse_cdf	72	0.08712947	0.0973834	0.21030137	-0.11291797	0.13851345
09	NPCr	inverse_cdf	131	0.08615297	0.3840079	0.5632794	-0.17927149	0.20909856
09	NPCr	inverse_cdf	277	0.08605844	0.62258554	0.52239466	0.10019088	0.1924858
09	NPCr	inverse_cdf	271	0.08590704	0.6839163	0.62295616	0.060960114	0.23861678
09	NPCr	inverse_cdf	560	0.085816145	0.21405083	0.23014885	-0.016098022	0.16234839
09	NPCr	inverse_cdf	273	0.08556545	0.37800163	0.23318872	0.14481291	0.11005238
09	NPCr	inverse_cdf	265	0.085256755	0.75254637	0.431639	0.32090738	0.17957307
09	NPCr	inverse_cdf	375	0.08481759	0.12558459	0.24104351	-0.11545892	0.104205474
09	NPCr	inverse_cdf	407	0.08413255	0.0151358005	0.050673533	-0.035537735	0.07538599
09	NPCr	inverse_cdf	550	0.08396202	-0.10688818	-0.15717229	0.05028411	0.116350695
09	NPCr	inverse_cdf	641	0.08360046	-0.09788512	0.23073548	-0.3286206	0.13886382
09	NPCr	inverse_cdf	451	0.0834527	0.24471639	0.40816313	-0.16344674	0.10593663
09	NPCr	inverse_cdf	565	0.0831691	-0.06979183	0.07425137	-0.1440432	0.18487719
09	NPCr	inverse_cdf	587	0.08307177	0.43554547	0.5914745	-0.155929	0.1206261
09	NPCr	inverse_cdf	368	0.0825609	0.27122706	-0.033971734	0.3051988	0.1394298
09	NPCr	inverse_cdf	566	0.08255333	0.13578056	0.11454065	0.021239907	0.15166223
09	NPCr	inverse_cdf	540	0.08234674	-0.145361	0.03720511	-0.18256612	0.1727275
09	NPCr	inverse_cdf	84	0.08223027	-0.13108258	0.03488848	-0.16597106	0.14927377
09	NPCr	inverse_cdf	29	0.08134419	-0.114420764	0.054004576	-0.16842534	0.14006606
09	NPCr	inverse_cdf	395	0.0810653	0.64486665	0.7339192	-0.08905256	0.08577748
09	NPCr	inverse_cdf	630	0.080302656	0.32739294	0.22331229	0.10408065	0.077891715
09	NPCr	inverse_cdf	97	0.08027077	0.17147875	0.11554168	0.055937067	0.17441319
09	NPCr	inverse_cdf	586	0.080147326	0.5361244	0.53581035	0.00031405687	0.15190266
09	NPCr	inverse_cdf	226	0.078950286	-0.07868718	0.06505554	-0.14374273	0.10655428
09	NPCr	inverse_cdf	315	0.07857847	0.355716	0.45622241	-0.100506425	0.13532127
09	NPCr	inverse_cdf	91	0.07844174	0.2040559	0.16327947	0.04077643	0.1606673
09	NPCr	inverse_cdf	364	0.07836187	-0.028480073	-0.41960412	0.39112404	0.15312314
09	NPCr	inverse_cdf	3	0.07757926	0.23788251	0.0681611	0.16972141	0.087836884
09	NPCr	inverse_cdf	210	0.07656586	0.6045008	0.61548305	-0.010982275	0.16926284
10	BensonV1	cdf	618	0.27264667	0.8839181	0.85601443	0.027903676	0.30566865
10	BensonV1	cdf	492	0.24649596	0.419161	0.65848976	-0.23932877	0.29183844
10	BensonV1	cdf	762	0.21373284	0.79227257	0.7564593	0.035813272	0.33761853
10	BensonV1	cdf	620	0.17310894	0.9050665	0.83311075	0.07195574	0.22645329
10	BensonV1	cdf	540	0.16879302	0.62115943	0.6305684	-0.009408951	0.6131744
10	BensonV1	cdf	60	0.1495589	0.15048927	0.1729506	-0.022461325	0.19848812
10	BensonV1	cdf	727	0.14789826	0.81232053	0.79289985	0.019420683	0.17601319
10	BensonV1	cdf	557	0.14780802	0.7950645	0.81028634	-0.015221834	0.18856281
10	BensonV1	cdf	558	0.14684463	0.81647855	0.83686036	-0.020381808	0.13913496
10	BensonV1	cdf	496	0.14602572	0.7589779	0.91477287	-0.15579498	0.22467878
10	BensonV1	cdf	609	0.14321679	0.558407	0.48451886	0.07388815	0.38639215
10	BensonV1	cdf	761	0.14219612	0.37356165	0.6278516	-0.25428995	0.25718474
10	BensonV1	cdf	493	0.14213252	0.55097324	0.6649752	-0.11400199	0.23340246
10	BensonV1	cdf	622	0.13931686	0.675792	0.8458016	-0.17000961	0.18918352
10	BensonV1	cdf	554	0.1300928	0.7474876	0.8550606	-0.10757297	0.19200487
10	BensonV1	cdf	680	0.12877446	0.17269722	0.22577685	-0.053079635	0.20979738
10	BensonV1	cdf	185	0.121540666	0.7895818	0.7744171	0.015164673	0.31009254
10	BensonV1	cdf	678	0.12045741	0.40542457	0.6700798	-0.26465526	0.20664103
10	BensonV1	cdf	579	0.119220674	0.32814875	0.5313531	-0.20320436	1.4718605
10	BensonV1	cdf	614	0.11689508	0.6268129	0.50663227	0.12018061	0.39369085
10	BensonV1	cdf	604	0.11584455	0.4334503	0.540763	-0.10731271	0.19704172
10	BensonV1	cdf	621	0.110708356	0.8174002	0.83001995	-0.012619734	0.173645
10	BensonV1	cdf	126	0.10933083	0.8344972	0.77559334	0.058903873	0.38192737
10	BensonV1	cdf	555	0.10736966	0.6347563	0.7714592	-0.1367029	0.20749108
10	BensonV1	cdf	760	0.10585016	0.51039255	0.46562237	0.04477018	0.121761665
10	BensonV1	cdf	447	0.10547149	0.31915453	0.45058435	-0.13142982	0.24492374
10	BensonV1	cdf	556	0.10531306	0.6647259	0.8525793	-0.1878534	0.1820259
10	BensonV1	cdf	29	0.104350984	0.3192349	0.29764983	0.021585077	0.34671324
10	BensonV1	cdf	630	0.102977574	0.18327488	0.35814518	-0.1748703	0.30545396
10	BensonV1	cdf	178	0.10220063	-0.00029526683	0.12408627	-0.124381535	0.3557322
10	BensonV1	cdf	461	0.10157323	0.344628	0.48100173	-0.13637373	0.393457
10	BensonV1	cdf	585	0.10113633	0.28713602	0.43435094	-0.14721492	1.2466925
10	BensonV1	cdf	37	0.100039184	0.5131452	0.63599867	-0.12285346	0.11946945
10	BensonV1	cdf	675	0.09902632	0.65729845	0.8573855	-0.20008707	0.15322216
10	BensonV1	cdf	529	0.098899305	0.41208225	0.60716367	-0.19508141	0.3168413
10	BensonV1	cdf	384	0.098169506	0.17731664	0.2599093	-0.082592666	0.41053897
10	BensonV1	cdf	175	0.097397625	0.30589762	0.29447055	0.011427075	0.12042337
10	BensonV1	cdf	655	0.09703463	0.4130681	0.48874035	-0.07567227	0.22796886
10	BensonV1	cdf	684	0.09558582	0.4203594	0.6041564	-0.18379697	0.70956266
10	BensonV1	cdf	573	0.09455168	0.14751172	0.2883811	-0.14086938	0.6685887
10	BensonV1	cdf	645	0.093182206	0.48845032	0.53890705	-0.050456733	0.3492957
10	BensonV1	cdf	659	0.09225261	0.34305736	0.62792283	-0.28486547	0.15883996
10	BensonV1	cdf	831	0.09095752	0.025469052	0.16545793	-0.13998888	0.20818733
10	BensonV1	cdf	506	0.08999425	0.49441236	0.65838134	-0.16396898	0.17441893
10	BensonV1	cdf	619	0.089405954	0.8906199	0.80961716	0.08100271	0.14039727
10	BensonV1	cdf	224	0.0883193	0.18168113	0.44401738	-0.26233625	0.19719288
10	BensonV1	cdf	526	0.08549845	0.37439388	0.48691627	-0.11252239	0.24714471
10	BensonV1	cdf	643	0.085425794	0.2669023	0.37556103	-0.10865873	0.6990593
10	BensonV1	cdf	329	0.0849815	0.08486623	0.18769336	-0.102827124	0.57652813
10	BensonV1	cdf	511	0.0849514	0.548292	0.6773143	-0.1290223	0.45076022
10	BensonV1	cdf	516	0.08469486	-0.24086693	0.09109268	-0.3319596	0.21813683
10	BensonV1	cdf	96	0.08450782	0.30564567	0.34505984	-0.039414167	0.3597301
10	BensonV1	cdf	596	0.083785534	0.061071575	0.23833734	-0.17726576	0.3551697
10	BensonV1	cdf	497	0.08335769	0.5169552	0.7200676	-0.20311242	0.26623303
10	BensonV1	cdf	267	0.08329046	0.14387591	0.20593514	-0.062059224	0.60884416
10	BensonV1	cdf	451	0.082393825	0.3204775	0.6867682	-0.3662907	0.25551656
10	BensonV1	cdf	53	0.080381274	0.122802585	0.23143138	-0.108628795	0.55651456
10	BensonV1	cdf	658	0.08001685	0.008474962	0.17956565	-0.17109069	0.14681311
10	BensonV1	cdf	83	0.07997882	-0.13251114	0.021275971	-0.1537871	0.1580443
10	BensonV1	cdf	18	0.07914364	0.030649154	0.28884825	-0.2581991	0.16802517
10	BensonV1	cdf	240	0.07901627	0.54099256	0.49875316	0.042239398	0.11035095
10	BensonV1	cdf	528	0.07836807	-0.11797892	0.17842023	-0.29639915	0.32470387
10	BensonV1	cdf	336	0.078293025	0.11052083	0.20791975	-0.097398914	1.2556331
10	BensonV1	cdf	464	0.07795954	0.45104438	0.57977146	-0.12872708	0.18215144
10	BensonV1	cdf	88	0.07746357	0.41833225	0.48526278	-0.06693053	0.31280738
10	BensonV1	cdf	677	0.077397525	0.47394678	0.5494652	-0.0755184	0.213342
10	BensonV1	cdf	226	0.07703543	0.18211062	0.43472767	-0.25261706	0.30795985
10	BensonV1	cdf	685	0.076490104	0.29055023	0.24986199	0.040688246	0.2780058
10	BensonV1	cdf	581	0.076473475	-0.25836283	-0.04400994	-0.21435289	0.24256982
10	BensonV1	cdf	641	0.07600945	0.12299917	0.19014524	-0.06714607	0.20091376
10	BensonV1	cdf	393	0.07528812	0.1517092	0.09062362	0.06108558	0.34382626
10	BensonV1	cdf	341	0.07403463	0.103097074	0.13491875	-0.031821676	0.4702759
10	BensonV1	cdf	117	0.07381314	-0.089645855	0.033602875	-0.123248726	0.20546925
10	BensonV1	cdf	715	0.07325673	0.626022	0.6298536	-0.003831625	0.47306874
10	BensonV1	cdf	27	0.07292467	0.3351853	0.35627314	-0.021087855	0.56826407
10	BensonV1	cdf	63	0.072787285	0.087802365	0.29830837	-0.210506	0.1516843
10	BensonV1	cdf	656	0.072491825	0.5443095	0.5966716	-0.052362084	0.28192958
10	BensonV1	cdf	674	0.07223737	0.5974884	0.56272155	0.034766853	0.17863904
10	BensonV1	cdf	292	0.071968436	0.09338627	0.26935142	-0.17596516	0.24005772
10	BensonV1	cdf	648	0.07095671	-0.20099926	-0.10926904	-0.09173022	0.12387619
10	BensonV1	cdf	342	0.07092589	0.06333657	0.15911421	-0.09577764	0.6518917
10	BensonV1	cdf	91	0.0708096	0.30213606	0.354469	-0.052332938	0.09043453
10	BensonV1	cdf	814	0.07070559	0.33467972	0.391769	-0.05708927	0.42763767
10	BensonV1	cdf	608	0.0706808	0.29787493	0.10967945	0.18819547	0.22515637
10	BensonV1	cdf	695	0.070584655	0.3171595	0.42110527	-0.10394576	0.24026102
10	BensonV1	cdf	51	0.07025337	0.29370213	0.4392191	-0.14551696	0.16524245
10	BensonV1	cdf	763	0.070176125	0.39355654	0.2898798	0.10367674	0.08722498
10	BensonV1	cdf	587	0.06937301	-0.119753815	0.09836738	-0.2181212	0.28527835
10	BensonV1	cdf	80	0.06869322	0.21969439	0.16981965	0.049874738	0.09039362
10	BensonV1	cdf	721	0.06837422	0.2783324	0.3772879	-0.09895548	0.20207404
10	BensonV1	cdf	642	0.06822741	-0.08154952	0.0859038	-0.16745332	0.25083074
10	BensonV1	cdf	628	0.06797576	0.16460007	0.32493514	-0.16033506	0.2874976
10	BensonV1	cdf	268	0.06777495	0.09342406	0.1961722	-0.10274813	0.690152
10	BensonV1	cdf	389	0.06771129	0.11378371	0.08137703	0.03240668	0.17039502
10	BensonV1	cdf	649	0.06744462	0.12893015	0.42898726	-0.3000571	0.16555531
10	BensonV1	cdf	617	0.06697744	0.6347808	0.69270647	-0.05792564	0.19616127
10	BensonV1	cdf	832	0.066931605	-0.07241392	0.024481324	-0.09689525	0.21822135
10	BensonV1	cdf	589	0.066813886	0.3900821	0.5258242	-0.1357421	0.26226425
10	BensonV1	cdf	101	0.066520095	0.17964286	0.3090178	-0.12937495	0.704177
10	BensonV1	cdf	138	0.06618434	0.06905026	0.09728406	-0.028233804	0.43620643
10	BensonV1	inverse_cdf	126	0.34018892	0.68259597	0.73473567	-0.0521397	0.44063014
10	BensonV1	inverse_cdf	554	0.29538858	0.69078285	0.6554081	0.03537476	0.2655038
10	BensonV1	inverse_cdf	496	0.2932734	0.74534494	0.7629098	-0.017564893	0.22824392
10	BensonV1	inverse_cdf	557	0.25862825	0.81768894	0.77464753	0.043041408	0.21977456
10	BensonV1	inverse_cdf	558	0.25156796	0.84480274	0.75996184	0.084840894	0.15250856
10	BensonV1	inverse_cdf	622	0.23799753	0.7432952	0.83093876	-0.087643564	0.18805118
10	BensonV1	inverse_cdf	556	0.21528447	0.72741675	0.79188794	-0.064471185	0.22255076
10	BensonV1	inverse_cdf	620	0.20446557	0.82846355	0.8537045	-0.025240958	0.25335506
10	BensonV1	inverse_cdf	618	0.19639504	0.88250345	0.80894053	0.07356292	0.19287482
10	BensonV1	inverse_cdf	619	0.19328761	0.8008027	0.6910995	0.10970318	0.21007289
10	BensonV1	inverse_cdf	185	0.18192065	0.7066856	0.74566597	-0.038980365	0.19755454
10	BensonV1	inverse_cdf	492	0.17923725	0.7317672	0.81695795	-0.08519077	0.2068605
10	BensonV1	inverse_cdf	451	0.16523165	0.7041857	0.7952632	-0.09107745	0.1836685
10	BensonV1	inverse_cdf	593	0.1605463	0.5927119	0.6517489	-0.05903697	0.20672867
10	BensonV1	inverse_cdf	446	0.15901375	0.46915495	0.47479478	-0.0056398213	0.13666815
10	BensonV1	inverse_cdf	727	0.15480822	0.75641525	0.7516878	0.004727423	0.15509649
10	BensonV1	inverse_cdf	675	0.15139395	0.7480812	0.85268813	-0.10460693	0.11771708
10	BensonV1	inverse_cdf	150	0.14801991	0.5554834	0.57261676	-0.017133355	0.20395656
10	BensonV1	inverse_cdf	621	0.14413404	0.7413497	0.7562183	-0.014868617	0.2095931
10	BensonV1	inverse_cdf	316	0.14125061	0.31694323	0.3911863	-0.07424307	0.15884973
10	BensonV1	inverse_cdf	555	0.14041054	0.70054394	0.7303312	-0.029787242	0.19025348
10	BensonV1	inverse_cdf	540	0.13407606	0.61831564	0.70854515	-0.09022951	0.36897236
10	BensonV1	inverse_cdf	240	0.13042712	0.33762515	0.7411948	-0.40356964	0.10582866
10	BensonV1	inverse_cdf	614	0.12980229	0.42581806	0.7266706	-0.30085257	0.34909362
10	BensonV1	inverse_cdf	570	0.12925315	0.25544178	0.025649386	0.2297924	0.38688934
10	BensonV1	inverse_cdf	71	0.12870991	0.41530892	0.4052152	0.010093719	0.25059947
10	BensonV1	inverse_cdf	377	0.12331712	0.15907843	0.22282912	-0.063750684	0.22275767
10	BensonV1	inverse_cdf	477	0.122912645	0.31535992	0.31922507	-0.0038651526	0.17904195
10	BensonV1	inverse_cdf	129	0.12173492	0.388811	0.29401353	0.09479746	0.10123659
10	BensonV1	inverse_cdf	617	0.11584556	0.54176056	0.58395565	-0.04219508	0.26397887
10	BensonV1	inverse_cdf	237	0.11531752	0.34827396	0.36510426	-0.016830295	0.17348805
10	BensonV1	inverse_cdf	730	0.11439115	0.5407548	0.6191754	-0.07842058	0.25764418
10	BensonV1	inverse_cdf	186	0.1131137	0.57942885	0.3166026	0.26282626	0.2781448
10	BensonV1	inverse_cdf	246	0.109360516	-0.2467411	-0.3829207	0.13617961	0.37459365
10	BensonV1	inverse_cdf	243	0.106850564	0.5145363	0.59519875	-0.08066243	0.093916684
10	BensonV1	inverse_cdf	592	0.106452465	0.20196539	0.27218482	-0.07021943	0.114096
10	BensonV1	inverse_cdf	294	0.10034883	-0.060666725	0.08416004	-0.14482677	0.2884451
10	BensonV1	inverse_cdf	81	0.10026151	0.42656994	0.40691164	0.019658297	0.060690824
10	BensonV1	inverse_cdf	497	0.09858155	0.5795082	0.63573503	-0.05622685	0.2537164
10	BensonV1	inverse_cdf	560	0.09755319	0.24803947	0.38649544	-0.13845597	0.09472103
10	BensonV1	inverse_cdf	476	0.097200274	0.09571597	0.024488725	0.071227245	0.21206586
10	BensonV1	inverse_cdf	529	0.09668082	0.55534685	0.5045802	0.050766647	0.30971175
10	BensonV1	inverse_cdf	204	0.096156836	0.41452482	0.37921923	0.03530559	0.1951661
10	BensonV1	inverse_cdf	511	0.09602958	0.63670117	0.7672027	-0.13050151	0.3176451
10	BensonV1	inverse_cdf	550	0.09522104	0.15225305	0.25726652	-0.105013475	0.24323942
10	BensonV1	inverse_cdf	506	0.09471071	0.64211994	0.6917779	-0.04965794	0.15842222
10	BensonV1	inverse_cdf	44	0.09441632	0.053868223	0.06209416	-0.008225936	0.07028904
10	BensonV1	inverse_cdf	669	0.09410781	0.6231326	0.5630619	0.060070693	0.3979139
10	BensonV1	inverse_cdf	490	0.09201801	0.39349428	0.4184447	-0.024950415	0.11920985
10	BensonV1	inverse_cdf	435	0.09026945	0.13718581	-0.16862272	0.30580854	1.0085844
10	BensonV1	inverse_cdf	475	0.09009856	0.106815845	0.06383786	0.04297798	0.23996967
10	BensonV1	inverse_cdf	609	0.08663064	0.55723214	0.6683548	-0.11112267	0.28804535
10	BensonV1	inverse_cdf	545	0.08647841	0.33744112	0.7199083	-0.38246718	0.17276435
10	BensonV1	inverse_cdf	766	0.08630204	-0.22064994	-0.067099065	-0.15355088	0.08613322
10	BensonV1	inverse_cdf	464	0.0856365	0.5046114	0.6545771	-0.1499657	0.083201826
10	BensonV1	inverse_cdf	541	0.08522493	0.09499886	0.2371747	-0.14217585	0.3402982
10	BensonV1	inverse_cdf	493	0.085223794	0.6595673	0.7581643	-0.09859699	0.2234601
10	BensonV1	inverse_cdf	566	0.08471316	-0.15803713	-0.13777123	-0.020265892	0.09011661
10	BensonV1	inverse_cdf	604	0.084401965	0.73945934	0.6248507	0.114608645	0.11066354
10	BensonV1	inverse_cdf	762	0.083441615	0.82281977	0.6878751	0.13494468	0.18696985
10	BensonV1	inverse_cdf	436	0.08292073	-0.11937613	-0.15330684	0.03393071	0.6432057
10	BensonV1	inverse_cdf	195	0.082037866	-0.012608422	-0.11615399	0.10354557	0.1619485
10	BensonV1	inverse_cdf	447	0.08024502	0.36095136	0.6233956	-0.26244426	0.13075046
10	BensonV1	inverse_cdf	128	0.07962471	0.2008682	-0.016559439	0.21742764	0.121927395
10	BensonV1	inverse_cdf	132	0.0795477	0.25887236	0.09104405	0.1678283	0.10621387
10	BensonV1	inverse_cdf	437	0.0793553	0.05596816	0.079885714	-0.023917552	0.8890549
10	BensonV1	inverse_cdf	340	0.078939974	-0.34173343	-0.15314756	-0.18858586	0.123183325
10	BensonV1	inverse_cdf	481	0.0788514	0.41932225	0.4674841	-0.048161834	0.122392155
10	BensonV1	inverse_cdf	459	0.0786947	-0.1397449	0.38522276	-0.5249677	0.20837979
10	BensonV1	inverse_cdf	547	0.076396406	0.19999325	0.1460221	0.053971156	0.14419784
10	BensonV1	inverse_cdf	674	0.075535834	0.65923107	0.6096488	0.049582243	0.21935533
10	BensonV1	inverse_cdf	726	0.074993014	0.5702309	0.62811846	-0.057887554	0.29668674
10	BensonV1	inverse_cdf	244	0.074646056	0.44811565	0.34306714	0.10504851	0.13823582
10	BensonV1	inverse_cdf	73	0.07413429	0.38558322	0.32745698	0.05812624	0.1392448
10	BensonV1	inverse_cdf	539	0.07377219	0.54212797	0.5511012	-0.008973241	0.19177835
10	BensonV1	inverse_cdf	564	0.072936356	0.26941165	0.36444125	-0.09502959	0.16032536
10	BensonV1	inverse_cdf	38	0.07109177	0.15344009	-0.17173834	0.32517844	0.1133795
10	BensonV1	inverse_cdf	439	0.07105601	0.041487314	0.034634545	0.0068527684	0.24757035
10	BensonV1	inverse_cdf	224	0.07090753	0.5984545	0.6293491	-0.030894637	0.14723453
10	BensonV1	inverse_cdf	484	0.06978464	-0.18159232	-0.08896888	-0.092623435	0.099728376
10	BensonV1	inverse_cdf	203	0.069732845	-0.15437865	0.00897811	-0.16335677	0.2830236
10	BensonV1	inverse_cdf	18	0.06968194	0.19275972	0.21706727	-0.024307549	0.09749267
10	BensonV1	inverse_cdf	588	0.06952262	-0.3452551	-0.04509937	-0.30015573	0.1356035
10	BensonV1	inverse_cdf	760	0.06826419	0.641675	0.5539965	0.08767849	0.103099555
10	BensonV1	inverse_cdf	803	0.068261206	0.03734131	0.2134408	-0.1760995	0.20498966
10	BensonV1	inverse_cdf	15	0.068145156	0.28943178	0.3186205	-0.029188722	0.2000245
10	BensonV1	inverse_cdf	519	0.06741512	0.05027353	0.21540236	-0.16512883	0.12759596
10	BensonV1	inverse_cdf	202	0.0667029	0.30832836	0.45612973	-0.14780137	0.14643869
10	BensonV1	inverse_cdf	395	0.06598437	0.42965525	0.3294266	0.10022867	0.056168422
10	BensonV1	inverse_cdf	767	0.06547952	-0.390693	-0.35145345	-0.039239556	0.13896038
10	BensonV1	inverse_cdf	488	0.06538051	0.25027063	0.44051144	-0.1902408	0.06511484
10	BensonV1	inverse_cdf	397	0.06513584	-0.30102688	0.007350595	-0.30837747	0.3459392
10	BensonV1	inverse_cdf	278	0.06502324	0.15190251	0.11875253	0.03314998	0.11081057
10	BensonV1	inverse_cdf	512	0.063522995	0.6612772	0.7210695	-0.05979234	0.12130637
10	BensonV1	inverse_cdf	404	0.06351519	0.08277598	0.16474307	-0.081967086	0.545351
10	BensonV1	inverse_cdf	293	0.06350529	-0.44708338	-0.29132864	-0.15575475	0.158761
10	BensonV1	inverse_cdf	295	0.06348455	0.14595975	0.24389902	-0.09793927	0.22289732
10	BensonV1	inverse_cdf	640	0.06262487	0.2404713	0.25747815	-0.017006844	0.11123557
10	BensonV1	inverse_cdf	74	0.06246525	0.3400166	0.1464975	0.1935191	0.090350434
10	BensonV1	inverse_cdf	655	0.062377512	0.6047793	0.438929	0.16585031	0.25258797
10	NPCr	cdf	164	0.15634227	0.36436212	0.51048315	-0.14612103	0.20014687
10	NPCr	cdf	264	0.15312183	0.56159323	0.58618224	-0.024589002	0.19522186
10	NPCr	cdf	473	0.11938369	0.5732331	0.65479416	-0.08156103	0.08665054
10	NPCr	cdf	136	0.116007686	0.5967864	0.80125386	-0.20446748	0.15710282
10	NPCr	cdf	356	0.11546159	0.53804314	0.5874285	-0.04938537	0.2614276
10	NPCr	cdf	371	0.10746515	0.49459958	0.6339718	-0.13937223	0.6448444
10	NPCr	cdf	408	0.1052385	0.7056383	0.5576545	0.14798379	0.17077093
10	NPCr	cdf	362	0.10213721	0.47164094	0.584071	-0.112430036	0.36381692
10	NPCr	cdf	147	0.10140169	0.55233866	0.7213269	-0.16898823	0.20704155
10	NPCr	cdf	653	0.09965533	0.32697898	0.19860621	0.12837277	0.24527177
10	NPCr	cdf	717	0.09920126	0.7624779	0.7601261	0.0023517609	0.124526955
10	NPCr	cdf	288	0.09247607	0.42406136	0.5587016	-0.13464022	0.6783889
10	NPCr	cdf	265	0.09136379	0.51725674	0.5760953	-0.058838546	0.20947202
10	NPCr	cdf	489	0.08676767	0.5482757	0.27407566	0.27420005	0.31353265
10	NPCr	cdf	348	0.08599752	0.5740428	0.5033566	0.07068622	0.42349172
10	NPCr	cdf	423	0.08491522	0.4849421	0.30902052	0.17592159	0.21949126
10	NPCr	cdf	716	0.08398801	0.6135997	0.59850705	0.015092671	0.22149813
10	NPCr	cdf	126	0.08210963	0.39890188	0.5740596	-0.17515773	0.18966424
10	NPCr	cdf	635	0.081317365	0.39914998	0.48324233	-0.08409235	0.18581645
10	NPCr	cdf	443	0.08043915	0.28954428	0.5414478	-0.25190353	0.09938915
10	NPCr	cdf	224	0.07945496	0.4683794	0.5193815	-0.051002115	0.63381064
10	NPCr	cdf	112	0.0793916	0.26120996	0.43983352	-0.17862356	0.18356274
10	NPCr	cdf	107	0.07933569	0.59166193	0.52670276	0.06495917	0.20776133
10	NPCr	cdf	742	0.07881099	0.31011003	0.37187406	-0.06176403	0.18734263
10	NPCr	cdf	424	0.07783198	0.40019155	0.43382147	-0.033629924	0.11767507
10	NPCr	cdf	481	0.07673228	0.65385014	0.52286094	0.1309892	0.15331458
10	NPCr	cdf	349	0.076301455	0.37904862	0.27765027	0.10139835	0.2618628
10	NPCr	cdf	748	0.07539505	0.42518428	0.5404943	-0.11531004	0.27566436
10	NPCr	cdf	703	0.07441807	0.63567996	0.3842183	0.25146165	0.462256
10	NPCr	cdf	151	0.07384002	0.46100858	0.5317008	-0.07069221	0.08430212
10	NPCr	cdf	462	0.07349312	0.55158585	0.72071767	-0.16913182	0.07147615
10	NPCr	cdf	486	0.07128191	0.15694332	-0.084917635	0.24186096	0.084719636
10	NPCr	cdf	263	0.0709303	0.66018456	0.48473412	0.17545044	0.2177913
10	NPCr	cdf	450	0.070141554	0.36003387	0.2647673	0.09526658	0.12573215
10	NPCr	cdf	569	0.0700627	0.2416128	0.35663414	-0.11502133	0.057751328
10	NPCr	cdf	269	0.06937742	0.5447903	0.6243932	-0.0796029	0.16000363
10	NPCr	cdf	8	0.068923295	-0.19583717	-0.2850355	0.08919832	0.115285106
10	NPCr	cdf	215	0.06836152	0.73215556	0.6461502	0.08600539	0.2339679
10	NPCr	cdf	233	0.068175554	0.47282696	0.49553886	-0.022711903	0.255681
10	NPCr	cdf	214	0.0673427	0.55495334	0.4301055	0.12484783	0.29500768
10	NPCr	cdf	729	0.066936255	0.51386666	0.5465306	-0.03266394	0.15048508
10	NPCr	cdf	624	0.06587148	0.105006225	0.051584803	0.053421423	0.08685145
10	NPCr	cdf	608	0.065841734	-0.30499572	0.046308897	-0.35130462	0.13356027
10	NPCr	cdf	129	0.06532067	0.25159016	0.5286718	-0.27708164	0.14083743
10	NPCr	cdf	376	0.0650633	0.14598468	0.09840078	0.0475839	0.08004894
10	NPCr	cdf	184	0.0645957	0.39552557	0.4284888	-0.032963216	0.5316828
10	NPCr	cdf	116	0.06442577	0.28201059	0.36113515	-0.07912457	0.4029582
10	NPCr	cdf	431	0.06415087	0.18792157	0.3667663	-0.17884474	0.08988275
10	NPCr	cdf	459	0.06330818	0.289038	0.3187412	-0.0297032	0.17774859
10	NPCr	cdf	655	0.06301302	0.2910042	0.26989356	0.021110654	0.07633006
10	NPCr	cdf	520	0.062855065	0.23803942	-0.038297098	0.27633652	0.06951847
10	NPCr	cdf	186	0.061252236	0.2500178	0.14251158	0.107506216	0.21908808
10	NPCr	cdf	592	0.06120181	0.18525049	0.41382504	-0.22857454	0.11828022
10	NPCr	cdf	208	0.060347795	0.49486896	0.28741765	0.20745131	0.17699781
10	NPCr	cdf	467	0.06022376	0.3384842	0.36797333	-0.02948913	0.10144747
10	NPCr	cdf	789	0.0599854	0.1170922	-0.110552944	0.22764514	0.090868294
10	NPCr	cdf	549	0.059211254	0.04029212	0.22412658	-0.18383446	0.07003753
10	NPCr	cdf	687	0.059107363	0.40384987	0.22614825	0.17770162	0.101122916
10	NPCr	cdf	92	0.058757782	0.2681714	0.5058568	-0.23768541	0.2708806
10	NPCr	cdf	543	0.05875534	0.23958626	0.16384499	0.075741276	0.10707807
10	NPCr	cdf	46	0.05846715	0.22212395	0.26056227	-0.03843832	0.15962674
10	NPCr	cdf	175	0.05778289	0.42142797	0.5495822	-0.12815422	0.16339125
10	NPCr	cdf	427	0.05742401	0.22026125	0.28372884	-0.06346759	0.06932141
10	NPCr	cdf	31	0.057272613	0.06803826	0.17207552	-0.10403726	0.14096656
10	NPCr	cdf	183	0.057071805	0.4166014	0.40826002	0.008341372	0.5336483
10	NPCr	cdf	688	0.057011783	0.47337088	0.18759924	0.28577164	0.3555873
10	NPCr	cdf	795	0.056865335	0.060100038	0.496556	-0.43645597	0.14560695
10	NPCr	cdf	202	0.05619788	0.22150189	0.42727906	-0.20577717	0.06803808
10	NPCr	cdf	521	0.056074917	0.25724712	0.13217743	0.1250697	0.09186193
10	NPCr	cdf	338	0.055243194	0.23437321	0.22420856	0.010164648	0.08618253
10	NPCr	cdf	673	0.054798305	0.44366544	0.32958028	0.11408517	0.14221601
10	NPCr	cdf	542	0.05456972	0.39946955	0.4194295	-0.019959956	0.21466577
10	NPCr	cdf	190	0.054011405	0.36353728	0.2934243	0.07011297	0.433598
10	NPCr	cdf	692	0.053109825	0.031245636	-0.01604674	0.047292374	0.18650971
10	NPCr	cdf	753	0.0530349	-0.28930616	-0.16900001	-0.12030615	0.059053935
10	NPCr	cdf	34	0.05267197	-0.060992572	-0.043355245	-0.017637327	0.122102745
10	NPCr	cdf	662	0.05264741	0.08087314	0.13696973	-0.05609659	0.09178704
10	NPCr	cdf	691	0.052358747	0.5043785	0.07989363	0.42448485	0.18823652
10	NPCr	cdf	412	0.052281022	0.56597394	0.547211	0.018762946	0.16395687
10	NPCr	cdf	335	0.052045107	-0.11139731	-0.02040398	-0.09099333	0.30154717
10	NPCr	cdf	672	0.05203861	0.16986014	0.0036895375	0.1661706	0.20060581
10	NPCr	cdf	471	0.05188155	-0.14376602	0.18789716	-0.3316632	0.056581393
10	NPCr	cdf	378	0.05145371	0.5697992	0.483139	0.08666018	0.41921243
10	NPCr	cdf	328	0.051387846	0.100037806	0.2045389	-0.10450109	0.09650032
10	NPCr	cdf	600	0.05130893	-0.2707969	-0.34055996	0.069763064	0.13274743
10	NPCr	cdf	225	0.051205873	0.4914076	0.49830943	-0.0069018304	0.36563987
10	NPCr	cdf	519	0.05094284	0.14238918	0.013254532	0.12913464	0.08430693
10	NPCr	cdf	29	0.0508762	0.23398693	0.14224623	0.0917407	0.1139475
10	NPCr	cdf	654	0.050857365	-0.035010885	-0.099406175	0.06439529	0.14036588
10	NPCr	cdf	577	0.050762057	-0.12113042	0.07549693	-0.19662735	0.08126831
10	NPCr	cdf	121	0.050620496	0.1303405	0.17302342	-0.042682916	0.13207212
10	NPCr	cdf	593	0.05060774	-0.089492686	0.40061894	-0.49011162	0.08913135
10	NPCr	cdf	709	0.050552428	0.24006014	0.14586173	0.094198406	0.14549804
10	NPCr	cdf	809	0.049955368	0.3165204	0.4283059	-0.1117855	0.89117396
10	NPCr	cdf	505	0.049857855	0.10714022	0.008147362	0.09899286	0.069051154
10	NPCr	cdf	596	0.0498119	-0.28521577	-0.17145301	-0.11376275	0.20676179
10	NPCr	cdf	370	0.049666286	0.06604658	0.26069972	-0.19465314	0.18154445
10	NPCr	cdf	536	0.04962951	0.10742465	0.3524803	-0.24505565	0.0790574
10	NPCr	cdf	109	0.049322844	0.41424763	0.29570425	0.11854339	0.080792345
10	NPCr	cdf	674	0.049211204	0.16717418	0.03374323	0.13343094	0.061688304
10	NPCr	inverse_cdf	408	0.22293413	0.53284526	0.49047726	0.042367995	0.267349
10	NPCr	inverse_cdf	264	0.17075342	0.60451216	0.5667664	0.037745774	0.2570315
10	NPCr	inverse_cdf	136	0.17060894	0.5990749	0.46827614	0.13079876	0.13510461
10	NPCr	inverse_cdf	126	0.16162556	0.6914126	0.514508	0.17690462	0.2538402
10	NPCr	inverse_cdf	717	0.16029483	0.6152816	0.5126344	0.102647185	0.15094188
10	NPCr	inverse_cdf	92	0.15927684	0.45918676	0.3857554	0.07343137	0.26115638
10	NPCr	inverse_cdf	123	0.13269049	0.37456366	0.2087775	0.16578616	0.162853
10	NPCr	inverse_cdf	543	0.1262508	0.30550116	0.15939015	0.14611101	0.18800323
10	NPCr	inverse_cdf	263	0.12390238	0.58051455	0.41093457	0.16957998	0.27070567
10	NPCr	inverse_cdf	412	0.12190801	0.49297136	0.61397517	-0.12100381	0.20909835
10	NPCr	inverse_cdf	481	0.118258	0.7708085	0.50753266	0.26327586	0.17466602
10	NPCr	inverse_cdf	747	0.117687464	0.20389448	0.09347134	0.11042314	0.12276027
10	NPCr	inverse_cdf	754	0.11629158	-0.034765545	0.10258753	-0.13735308	0.16769026
10	NPCr	inverse_cdf	424	0.11132836	0.39425698	0.49041256	-0.096155584	0.121556625
10	NPCr	inverse_cdf	694	0.11003798	0.27278015	0.074206516	0.19857363	0.2026267
10	NPCr	inverse_cdf	362	0.10823721	0.45015395	0.50388837	-0.05373442	0.41177282
10	NPCr	inverse_cdf	545	0.10539955	0.57149947	0.5137536	0.057745874	0.23170254
10	NPCr	inverse_cdf	422	0.10345435	0.31169963	0.5921187	-0.28041905	0.17404334
10	NPCr	inverse_cdf	151	0.100048125	0.5969165	0.44950274	0.14741376	0.13679078
10	NPCr	inverse_cdf	88	0.09703702	0.043564197	-0.10878729	0.15235148	0.08619049
10	NPCr	inverse_cdf	112	0.0967049	0.49627513	0.44394913	0.052325994	0.24963322
10	NPCr	inverse_cdf	443	0.09457219	0.31418362	0.45170486	-0.13752124	0.15446958
10	NPCr	inverse_cdf	3	0.09413475	-0.12864946	-0.11619801	-0.012451448	0.62210804
10	NPCr	inverse_cdf	205	0.09347856	-0.047200963	-0.10079469	0.053593725	0.11285343
10	NPCr	inverse_cdf	681	0.092971206	-0.28059396	-0.013280689	-0.26731327	0.17696181
10	NPCr	inverse_cdf	418	0.09273058	-0.14110348	-0.16403934	0.022935867	0.22380398
10	NPCr	inverse_cdf	479	0.09126282	0.15555662	-0.0314335	0.18699011	0.08333398
10	NPCr	inverse_cdf	107	0.09036803	0.71641564	0.61397094	0.10244471	0.19517672
10	NPCr	inverse_cdf	331	0.08995652	0.45529804	0.18002714	0.27527088	0.19936094
10	NPCr	inverse_cdf	703	0.0888263	0.6866997	0.39991334	0.28678635	0.39299014
10	NPCr	inverse_cdf	716	0.088721275	0.5809195	0.4324691	0.1484504	0.18803547
10	NPCr	inverse_cdf	474	0.087861	0.2782795	-0.014710069	0.29298958	0.16265988
10	NPCr	inverse_cdf	147	0.08767563	0.62301326	0.457989	0.16502425	0.14251736
10	NPCr	inverse_cdf	733	0.08677477	0.0026621276	0.179641	-0.17697887	0.093562305
10	NPCr	inverse_cdf	348	0.0855667	0.531625	0.4976798	0.033945173	0.3761193
10	NPCr	inverse_cdf	164	0.08439994	0.52867067	0.37368038	0.15499029	0.12031748
10	NPCr	inverse_cdf	95	0.08301264	0.36182866	0.23262137	0.12920728	0.12532651
10	NPCr	inverse_cdf	728	0.08230358	0.57031614	0.35085836	0.21945778	0.14054763
10	NPCr	inverse_cdf	371	0.0818007	0.52328765	0.58567464	-0.06238699	0.6099297
10	NPCr	inverse_cdf	215	0.08005804	0.64750564	0.3661215	0.28138414	0.18244445
10	NPCr	inverse_cdf	487	0.07978076	0.07410141	-0.095731825	0.16983324	0.18282442
10	NPCr	inverse_cdf	129	0.0797084	0.5492582	0.3391677	0.21009046	0.107439354
10	NPCr	inverse_cdf	647	0.07933658	0.10125685	0.32159254	-0.22033569	0.11433715
10	NPCr	inverse_cdf	462	0.0788334	0.620829	0.6584039	-0.037574887	0.07384824
10	NPCr	inverse_cdf	548	0.07841998	0.10051351	0.1444788	-0.043965288	0.5782673
10	NPCr	inverse_cdf	729	0.07822001	0.36186898	0.33725107	0.02461791	0.13350601
10	NPCr	inverse_cdf	213	0.077513576	-0.24736118	-0.27914807	0.03178689	0.09780989
10	NPCr	inverse_cdf	725	0.07724631	0.15753284	0.25702575	-0.09949291	0.30673036
10	NPCr	inverse_cdf	22	0.07716012	0.24218364	0.05676329	0.18542035	0.17040846
10	NPCr	inverse_cdf	811	0.07682508	0.15299305	0.37903327	-0.22604021	0.2945091
10	NPCr	inverse_cdf	224	0.07681197	0.43221313	0.38757193	0.044641197	0.65217364
10	NPCr	inverse_cdf	155	0.07655126	0.34408754	0.2525135	0.09157404	0.102545
10	NPCr	inverse_cdf	356	0.076494515	0.7497637	0.5351744	0.2145893	0.17693855
10	NPCr	inverse_cdf	52	0.07573563	-0.14316301	-0.20779854	0.06463553	0.27684996
10	NPCr	inverse_cdf	310	0.07523823	0.0064650415	0.14881496	-0.14234991	0.10695756
10	NPCr	inverse_cdf	117	0.0752064	-0.1432364	0.008172478	-0.15140888	0.18232483
10	NPCr	inverse_cdf	208	0.07429421	0.33141994	0.0920691	0.23935086	0.22189692
10	NPCr	inverse_cdf	463	0.07428622	0.1337077	0.2749769	-0.1412692	0.1041616
10	NPCr	inverse_cdf	246	0.07399577	0.24329044	0.3142387	-0.07094826	0.16292499
10	NPCr	inverse_cdf	250	0.073667884	0.4375704	0.27812135	0.15944904	0.14857472
10	NPCr	inverse_cdf	10	0.07214874	0.03675749	0.12028532	-0.083527826	0.2154405
10	NPCr	inverse_cdf	358	0.07186508	0.22548644	0.13932925	0.08615719	0.13299064
10	NPCr	inverse_cdf	30	0.07175428	-0.03936966	-0.0988949	0.05952524	0.21160619
10	NPCr	inverse_cdf	288	0.07168043	0.4447637	0.50093466	-0.05617097	0.59744686
10	NPCr	inverse_cdf	547	0.07074273	-0.2242187	-0.0832313	-0.1409874	0.17410822
10	NPCr	inverse_cdf	473	0.070424795	0.6114221	0.55884993	0.05257219	0.09329717
10	NPCr	inverse_cdf	435	0.07037103	-0.21896628	0.028777342	-0.24774362	0.2663054
10	NPCr	inverse_cdf	206	0.06988752	0.17139217	0.21791384	-0.046521664	0.13124588
10	NPCr	inverse_cdf	66	0.069704235	-0.05724487	0.12417642	-0.1814213	0.13902287
10	NPCr	inverse_cdf	265	0.06856185	0.61155605	0.46895665	0.1425994	0.13711812
10	NPCr	inverse_cdf	0	0.06829327	-0.47409546	-0.3171538	-0.15694165	0.17899624
10	NPCr	inverse_cdf	97	0.067367315	0.23753722	0.2587269	-0.021189675	0.13932684
10	NPCr	inverse_cdf	233	0.067218006	0.30964822	0.36033204	-0.050683826	0.27792335
10	NPCr	inverse_cdf	413	0.066880286	-0.17577137	-0.24597593	0.070204556	0.09411865
10	NPCr	inverse_cdf	225	0.06599975	0.2844084	0.23302315	0.05138524	0.23755364
10	NPCr	inverse_cdf	17	0.065426946	0.21508121	0.038511027	0.17657019	0.3571234
10	NPCr	inverse_cdf	120	0.06536704	0.25762206	0.25517154	0.0024505258	0.41709772
10	NPCr	inverse_cdf	81	0.065283775	0.12945649	0.09068902	0.038767472	0.19922999
10	NPCr	inverse_cdf	434	0.065250635	-0.04608476	0.022272242	-0.068357006	0.08589691
10	NPCr	inverse_cdf	642	0.06506497	-0.120564245	-0.08695744	-0.033606805	0.15943825
10	NPCr	inverse_cdf	349	0.06488812	0.22946407	0.23439847	-0.0049344003	0.17903975
10	NPCr	inverse_cdf	75	0.064472795	0.606516	0.5315567	0.07495928	0.2591985
10	NPCr	inverse_cdf	242	0.06437689	0.1702055	0.25263143	-0.08242592	0.14387396
10	NPCr	inverse_cdf	441	0.06411481	-0.3224653	-0.10124664	-0.22121866	0.29076007
10	NPCr	inverse_cdf	590	0.063657165	0.16823193	0.14401905	0.024212882	0.10974129
10	NPCr	inverse_cdf	101	0.063636005	0.22896431	-0.15458058	0.3835449	0.10422545
10	NPCr	inverse_cdf	116	0.06336969	0.490442	0.42783478	0.06260723	0.2959156
10	NPCr	inverse_cdf	409	0.06329119	0.41776782	0.19681136	0.22095646	0.09877687
10	NPCr	inverse_cdf	483	0.06292117	0.027825868	0.4806999	-0.45287403	0.21940185
10	NPCr	inverse_cdf	520	0.062883675	0.26396787	0.105646186	0.15832168	0.06136309
10	NPCr	inverse_cdf	367	0.06270987	0.13650982	0.29281974	-0.15630992	0.12465558
10	NPCr	inverse_cdf	5	0.06257999	-0.21334547	-0.05719337	-0.1561521	0.19429068
10	NPCr	inverse_cdf	552	0.06213987	-0.10730379	-0.3068676	0.1995638	0.12676999
10	NPCr	inverse_cdf	680	0.06208545	-0.16774662	-0.15551946	-0.012227163	0.24759458
10	NPCr	inverse_cdf	715	0.062052667	0.14909664	0.058487576	0.09060906	0.15860616
10	NPCr	inverse_cdf	11	0.06203872	0.08714725	0.18066788	-0.09352063	0.37189534
10	NPCr	inverse_cdf	504	0.061711967	0.15196526	0.17771043	-0.025745168	0.06970862
10	NPCr	inverse_cdf	797	0.0616377	0.28212607	0.46232104	-0.18019497	0.08852488
10	NPCr	inverse_cdf	63	0.061535537	0.020228818	0.4168532	-0.3966244	0.10017047
10	NPCr	inverse_cdf	18	0.06149763	0.1716055	0.19532774	-0.023722246	0.1689291
11	BensonV1	cdf	797	0.31297696	0.74254066	0.8252862	-0.08274555	0.14187872
11	BensonV1	cdf	535	0.30547923	0.7153012	0.75777376	-0.04247254	0.28365383
11	BensonV1	cdf	799	0.29571855	0.7634228	0.76103324	0.0023895502	0.16178384
11	BensonV1	cdf	734	0.22691762	0.6846949	0.85399824	-0.16930336	0.21313371
11	BensonV1	cdf	405	0.20658034	0.4623448	0.56542844	-0.10308364	0.12949811
11	BensonV1	cdf	424	0.19697303	0.5534266	0.64354676	-0.09012014	0.17736636
11	BensonV1	cdf	634	0.19442648	0.5606929	0.65667766	-0.09598476	0.20280819
11	BensonV1	cdf	350	0.19082534	0.6472424	0.57520664	0.07203579	0.13572527
11	BensonV1	cdf	793	0.18947637	0.80592537	0.80207384	0.003851533	0.16041955
11	BensonV1	cdf	205	0.18801123	0.7104664	0.6651966	0.045269787	0.10757086
11	BensonV1	cdf	798	0.18212593	0.62397397	0.6776059	-0.05363196	0.14372239
11	BensonV1	cdf	610	0.18091714	0.4118902	0.4994401	-0.087549895	0.20093812
11	BensonV1	cdf	579	0.17828119	0.7389363	0.7544965	-0.01556021	0.16170698
11	BensonV1	cdf	264	0.17336333	0.49715427	0.6134686	-0.11631432	0.16709349
11	BensonV1	cdf	476	0.1710735	0.64790314	0.6535929	-0.00568974	0.28663027
11	BensonV1	cdf	611	0.1578266	0.23231064	0.32669044	-0.0943798	0.47135758
11	BensonV1	cdf	630	0.14461356	0.65419793	0.7265376	-0.072339654	0.116167724
11	BensonV1	cdf	837	0.14404881	0.46967688	0.7752615	-0.30558464	0.42839155
11	BensonV1	cdf	533	0.14180839	0.43110445	0.38071182	0.050392628	0.11829032
11	BensonV1	cdf	683	0.1383639	0.5891018	0.73919487	-0.15009308	0.19476837
11	BensonV1	cdf	737	0.1376785	0.6339767	0.68174034	-0.047763646	0.10098259
11	BensonV1	cdf	536	0.13687205	0.7207997	0.84132683	-0.12052715	0.16523428
11	BensonV1	cdf	411	0.13671535	0.5546495	0.7387406	-0.18409115	0.17018412
11	BensonV1	cdf	543	0.13557875	-0.05247373	0.29768407	-0.3501578	0.14431623
11	BensonV1	cdf	423	0.13520008	0.4239923	0.5162287	-0.09223637	0.19716884
11	BensonV1	cdf	682	0.13310915	-0.0058939285	0.289162	-0.29505593	0.24561356
11	BensonV1	cdf	288	0.13000095	0.17693022	0.2622894	-0.085359186	0.09380136
11	BensonV1	cdf	692	0.12877291	0.34346843	0.5270825	-0.18361408	0.27195215
11	BensonV1	cdf	603	0.12809616	0.36293656	0.40477002	-0.04183346	0.21212584
11	BensonV1	cdf	733	0.12741059	0.5848933	0.6809503	-0.096057	0.11061249
11	BensonV1	cdf	253	0.12670606	0.40473914	0.48639584	-0.081656694	0.2265063
11	BensonV1	cdf	627	0.12606192	0.4395147	0.39634806	0.043166637	0.18587324
11	BensonV1	cdf	639	0.1258092	-0.009683317	0.17424925	-0.18393256	0.3127182
11	BensonV1	cdf	578	0.122457564	0.5398792	0.35398525	0.18589395	0.1477759
11	BensonV1	cdf	343	0.11950058	0.734064	0.77240235	-0.038338363	0.12805833
11	BensonV1	cdf	518	0.117982686	0.63972914	0.6572644	-0.01753527	0.12419216
11	BensonV1	cdf	210	0.11761582	0.0258683	0.102587424	-0.07671912	0.08205105
11	BensonV1	cdf	159	0.117441595	0.59368515	0.8115622	-0.21787703	0.13732545
11	BensonV1	cdf	846	0.117102325	0.7312554	0.6659787	0.06527668	0.17021735
11	BensonV1	cdf	219	0.11627543	0.46460888	0.5960093	-0.13140044	0.18173356
11	BensonV1	cdf	631	0.115121305	0.5576247	0.4371586	0.12046608	0.15005577
11	BensonV1	cdf	468	0.11086893	0.6701271	0.61418563	0.055941463	0.13690622
11	BensonV1	cdf	609	0.10941666	0.17944133	-0.010053907	0.18949524	0.50699216
11	BensonV1	cdf	438	0.10878098	0.64652944	0.7401784	-0.09364897	0.20095797
11	BensonV1	cdf	652	0.107682884	0.19878656	0.3944979	-0.19571134	0.5044361
11	BensonV1	cdf	467	0.10737318	0.4891976	0.49924403	-0.0100464225	0.1701302
11	BensonV1	cdf	880	0.10647446	0.45482278	0.76478976	-0.30996698	0.20234013
11	BensonV1	cdf	410	0.10565722	0.11513209	-0.013836205	0.1289683	0.14244054
11	BensonV1	cdf	632	0.105537415	0.37235323	0.50469685	-0.13234362	0.22436312
11	BensonV1	cdf	608	0.105264604	0.21097578	0.44563785	-0.23466207	0.6626482
11	BensonV1	cdf	376	0.104132116	0.18522249	-0.04146942	0.22669192	0.18198708
11	BensonV1	cdf	422	0.10093969	0.27614933	0.31858417	-0.04243484	0.11981129
11	BensonV1	cdf	830	0.10079116	0.42180017	0.83720464	-0.41540447	0.37427628
11	BensonV1	cdf	388	0.09952122	0.15705128	0.24984427	-0.09279299	0.08828192
11	BensonV1	cdf	612	0.0988251	0.34065214	0.5476701	-0.20701799	0.08573326
11	BensonV1	cdf	695	0.09825939	0.18395384	0.5035646	-0.31961077	0.40274787
11	BensonV1	cdf	738	0.0982033	0.40429023	0.64338696	-0.23909673	0.1862584
11	BensonV1	cdf	735	0.09773278	0.5194497	0.5896643	-0.07021457	0.06843227
11	BensonV1	cdf	916	0.09649205	0.3912543	0.7136315	-0.3223772	0.28699702
11	BensonV1	cdf	323	0.09423095	0.6251834	0.7447804	-0.11959702	0.074068524
11	BensonV1	cdf	674	0.0940299	0.67016435	0.76305264	-0.092888296	0.13888654
11	BensonV1	cdf	736	0.093619764	0.5701501	0.59555805	-0.02540797	0.0648801
11	BensonV1	cdf	511	0.0931505	0.4707029	0.6227719	-0.15206903	0.15326223
11	BensonV1	cdf	309	0.0922147	0.20635279	0.39419645	-0.18784367	0.089883946
11	BensonV1	cdf	448	0.091720104	0.2945966	0.62894577	-0.33434916	0.19306764
11	BensonV1	cdf	203	0.09146124	0.33205792	0.55841917	-0.22636124	0.12369942
11	BensonV1	cdf	378	0.09109825	0.62125945	0.5591157	0.062143743	0.097449034
11	BensonV1	cdf	306	0.09043211	0.063600175	-0.20782201	0.27142218	0.110325605
11	BensonV1	cdf	679	0.08970046	0.60231495	0.5818532	0.020461738	0.06628573
11	BensonV1	cdf	563	0.08735776	0.5010639	0.26717132	0.23389256	0.1384953
11	BensonV1	cdf	626	0.08669019	0.57102007	0.69684726	-0.1258272	0.110486455
11	BensonV1	cdf	532	0.0864287	0.1828744	0.25567377	-0.07279937	0.11904737
11	BensonV1	cdf	259	0.086386144	0.37426722	0.556852	-0.18258476	0.1376361
11	BensonV1	cdf	434	0.0863359	0.2554696	0.33364898	-0.07817939	0.11702557
11	BensonV1	cdf	27	0.08574778	0.077446915	0.10274032	-0.025293402	0.09917398
11	BensonV1	cdf	628	0.08542019	0.33370882	0.17387387	0.15983495	0.075350955
11	BensonV1	cdf	283	0.08509171	0.6102644	0.6609917	-0.050727308	0.13665795
11	BensonV1	cdf	824	0.08334762	0.37896773	0.60277724	-0.22380951	0.3592665
11	BensonV1	cdf	469	0.08323097	0.5042419	0.58384717	-0.07960528	0.2922666
11	BensonV1	cdf	373	0.0830192	0.19300959	0.037927665	0.15508193	0.29190505
11	BensonV1	cdf	686	0.08242363	0.02982173	0.03533641	-0.0055146795	0.101288445
11	BensonV1	cdf	783	0.08202779	0.28395647	0.44710422	-0.16314775	0.06912368
11	BensonV1	cdf	687	0.08113098	0.29210556	0.42788872	-0.13578317	0.07939026
11	BensonV1	cdf	47	0.08081508	-0.2083551	-0.07756262	-0.13079247	0.07114596
11	BensonV1	cdf	89	0.080684125	0.17846733	0.1402575	0.03820984	0.081170745
11	BensonV1	cdf	121	0.08053666	0.40410438	0.5910039	-0.18689951	0.07990901
11	BensonV1	cdf	823	0.08044988	0.30837837	0.66672975	-0.35835138	0.38209927
11	BensonV1	cdf	461	0.07980353	0.5876495	0.58202595	0.005623579	0.17529574
11	BensonV1	cdf	542	0.07931197	0.06720692	0.20787284	-0.14066592	0.14346254
11	BensonV1	cdf	893	0.07915127	-0.14276691	-0.03516414	-0.10760277	0.11343206
11	BensonV1	cdf	94	0.07903117	0.50407434	0.62165254	-0.11757821	0.16607824
11	BensonV1	cdf	146	0.078784585	0.37861	0.48729932	-0.10868934	0.066961564
11	BensonV1	cdf	678	0.07849902	0.31585315	0.6163893	-0.30053613	0.10807061
11	BensonV1	cdf	794	0.07765728	0.5526275	0.6835516	-0.1309241	0.075688876
11	BensonV1	cdf	484	0.07760584	0.3692919	0.41126946	-0.041977555	0.17713116
11	BensonV1	cdf	401	0.07750958	0.478584	0.4707656	0.007818401	0.11007336
11	BensonV1	cdf	263	0.07690108	-0.06846349	-0.13794644	0.06948295	0.0630567
11	BensonV1	cdf	642	0.07626629	0.14111055	0.41664028	-0.27552974	0.40503827
11	BensonV1	cdf	534	0.076253	0.47044313	0.4231646	0.047278523	0.14145897
11	BensonV1	cdf	217	0.07617879	0.012197083	0.13821416	-0.12601708	0.0997727
11	BensonV1	inverse_cdf	671	0.31279975	0.097919665	0.09530309	0.0026165769	0.21733174
11	BensonV1	inverse_cdf	830	0.28357667	0.54887235	0.6360634	-0.087191045	0.25335
11	BensonV1	inverse_cdf	343	0.26949292	0.5690767	0.6492087	-0.08013201	0.13777137
11	BensonV1	inverse_cdf	793	0.25815833	0.7928153	0.75316167	0.03965366	0.20877972
11	BensonV1	inverse_cdf	536	0.23829675	0.6864873	0.7770243	-0.09053701	0.20283899
11	BensonV1	inverse_cdf	797	0.2176686	0.8820583	0.86643887	0.015619457	0.104477376
11	BensonV1	inverse_cdf	535	0.18603015	0.88855	0.8564015	0.03214848	0.32585835
11	BensonV1	inverse_cdf	734	0.18398339	0.7256617	0.74118185	-0.015520155	0.11539426
11	BensonV1	inverse_cdf	729	0.17752302	0.41875002	0.42890528	-0.010155261	0.14164953
11	BensonV1	inverse_cdf	323	0.17049915	0.68316394	0.6513512	0.031812727	0.097107455
11	BensonV1	inverse_cdf	799	0.16917485	0.9215609	0.8029339	0.11862701	0.09865711
11	BensonV1	inverse_cdf	674	0.16595411	0.6499799	0.6904637	-0.040483832	0.18546104
11	BensonV1	inverse_cdf	159	0.16458058	0.5577982	0.5454481	0.012350082	0.100879535
11	BensonV1	inverse_cdf	205	0.1635223	0.83610886	0.78155315	0.054555714	0.11559299
11	BensonV1	inverse_cdf	476	0.1544491	0.7030556	0.7550963	-0.052040696	0.21868731
11	BensonV1	inverse_cdf	90	0.15302563	0.36726528	0.36282036	0.004444927	0.10996862
11	BensonV1	inverse_cdf	140	0.14839447	0.29131818	0.3774006	-0.08608243	0.091796815
11	BensonV1	inverse_cdf	437	0.14543813	0.4872638	0.49977756	-0.012513757	0.11211784
11	BensonV1	inverse_cdf	439	0.14417768	0.58190644	0.5891351	-0.0072286725	0.14687887
11	BensonV1	inverse_cdf	212	0.1404171	0.22192839	0.3574827	-0.13555431	0.115414836
11	BensonV1	inverse_cdf	735	0.1400063	0.5521337	0.6375581	-0.08542442	0.10536442
11	BensonV1	inverse_cdf	683	0.13746738	0.7034032	0.647938	0.05546516	0.15996754
11	BensonV1	inverse_cdf	579	0.13346112	0.79609925	0.648503	0.14759624	0.17236817
11	BensonV1	inverse_cdf	880	0.13343102	0.52854604	0.6485687	-0.120022655	0.117143095
11	BensonV1	inverse_cdf	839	0.12684083	0.30013794	0.21243867	0.087699264	0.06621945
11	BensonV1	inverse_cdf	679	0.1258322	0.68150115	0.6520536	0.029447556	0.11727338
11	BensonV1	inverse_cdf	468	0.12241453	0.625636	0.5949376	0.030698359	0.12089081
11	BensonV1	inverse_cdf	626	0.12204009	0.75468254	0.6724928	0.08218974	0.15349187
11	BensonV1	inverse_cdf	669	0.120975435	-0.09465331	-0.051692765	-0.042960543	0.17697799
11	BensonV1	inverse_cdf	185	0.120313525	0.5313539	0.45158154	0.07977235	0.3644223
11	BensonV1	inverse_cdf	630	0.120197296	0.6595681	0.5953962	0.06417185	0.1195524
11	BensonV1	inverse_cdf	350	0.117697716	0.82089233	0.8014036	0.019488752	0.10753973
11	BensonV1	inverse_cdf	888	0.117629826	0.50701696	0.42527157	0.081745386	0.12033968
11	BensonV1	inverse_cdf	678	0.11520207	0.4878376	0.5670338	-0.079196215	0.106269315
11	BensonV1	inverse_cdf	685	0.11487937	0.6225896	0.5580567	0.064532876	0.10975827
11	BensonV1	inverse_cdf	273	0.11201215	0.292547	0.37594742	-0.08340043	0.114638746
11	BensonV1	inverse_cdf	633	0.11194527	0.41532618	0.4039703	0.011355877	0.10329051
11	BensonV1	inverse_cdf	824	0.10959703	0.5100701	0.48958117	0.020488918	0.13830134
11	BensonV1	inverse_cdf	763	0.108828664	0.59989	0.57076156	0.029128432	0.39179587
11	BensonV1	inverse_cdf	840	0.10845351	0.5856648	0.4133291	0.17233571	0.15361615
11	BensonV1	inverse_cdf	283	0.10796362	0.5322757	0.36780283	0.16447285	0.23328762
11	BensonV1	inverse_cdf	511	0.107605636	0.66055155	0.63070756	0.029843986	0.1641765
11	BensonV1	inverse_cdf	156	0.10743153	0.6077773	0.3565565	0.2512208	0.15260412
11	BensonV1	inverse_cdf	837	0.10625273	0.6051101	0.6817338	-0.07662368	0.21624428
11	BensonV1	inverse_cdf	846	0.10306907	0.7534157	0.61652786	0.13688785	0.17813326
11	BensonV1	inverse_cdf	123	0.10231769	0.36110112	0.42205244	-0.060951322	0.12618904
11	BensonV1	inverse_cdf	93	0.102178514	0.43061313	0.38979685	0.040816277	0.08218538
11	BensonV1	inverse_cdf	733	0.10199869	0.685328	0.64854985	0.036778152	0.1033141
11	BensonV1	inverse_cdf	424	0.101994514	0.80736077	0.7164731	0.090887666	0.1614278
11	BensonV1	inverse_cdf	881	0.10171527	0.40502954	0.2515553	0.15347424	0.10546496
11	BensonV1	inverse_cdf	221	0.10099298	0.50567675	0.44503772	0.060639024	0.13832822
11	BensonV1	inverse_cdf	393	0.10018617	-0.027413258	-0.09481634	0.067403086	0.10717871
11	BensonV1	inverse_cdf	736	0.09937668	0.56857634	0.53380257	0.034773767	0.1250901
11	BensonV1	inverse_cdf	438	0.09755623	0.59303117	0.62426364	-0.031232476	0.11907475
11	BensonV1	inverse_cdf	186	0.09727186	0.513078	0.478597	0.03448099	0.1604861
11	BensonV1	inverse_cdf	189	0.09723741	0.39575467	0.35895795	0.03679672	0.28267366
11	BensonV1	inverse_cdf	236	0.09625226	0.24655458	0.25191268	-0.0053581	0.15081358
11	BensonV1	inverse_cdf	92	0.09377372	0.5603319	0.31963217	0.24069971	0.14320798
11	BensonV1	inverse_cdf	551	0.091914356	0.5116962	0.49363568	0.018060535	0.09859856
11	BensonV1	inverse_cdf	259	0.09122735	0.55598956	0.54417664	0.011812925	0.088694766
11	BensonV1	inverse_cdf	776	0.09096068	0.44033873	0.2379493	0.20238943	0.3530442
11	BensonV1	inverse_cdf	769	0.09093869	0.39427146	0.29826877	0.0960027	0.10062281
11	BensonV1	inverse_cdf	428	0.08912647	0.4208499	0.28962317	0.13122672	0.17730004
11	BensonV1	inverse_cdf	861	0.08857566	0.37425822	0.3345198	0.039738417	0.22574624
11	BensonV1	inverse_cdf	857	0.0881322	0.35205165	0.1907215	0.16133015	0.101988316
11	BensonV1	inverse_cdf	199	0.08800143	0.6541369	0.5136082	0.14052868	0.250179
11	BensonV1	inverse_cdf	94	0.08777362	0.62735003	0.46486127	0.16248876	0.1283054
11	BensonV1	inverse_cdf	876	0.08772969	0.17740276	0.31831822	-0.14091545	0.12637767
11	BensonV1	inverse_cdf	128	0.08751774	0.62004286	0.4048094	0.21523347	0.14596733
11	BensonV1	inverse_cdf	798	0.08659053	0.80980164	0.7992516	0.010550022	0.117894255
11	BensonV1	inverse_cdf	113	0.08654332	0.029306294	0.15611702	-0.12681073	0.07101834
11	BensonV1	inverse_cdf	405	0.08628428	0.76497966	0.7165468	0.048432887	0.07599683
11	BensonV1	inverse_cdf	411	0.08618271	0.68286425	0.60257787	0.08028638	0.17495681
11	BensonV1	inverse_cdf	632	0.086034715	0.5525537	0.39074966	0.16180405	0.1500449
11	BensonV1	inverse_cdf	580	0.085681975	0.4912182	0.4107237	0.08049452	0.15094467
11	BensonV1	inverse_cdf	194	0.08561611	0.5662549	0.5594993	0.0067555904	0.3078305
11	BensonV1	inverse_cdf	418	0.08540392	0.33208773	0.12214372	0.20994401	0.15001276
11	BensonV1	inverse_cdf	95	0.085267186	0.62902445	0.43642956	0.19259489	0.21231353
11	BensonV1	inverse_cdf	673	0.08419591	0.3463165	0.30891928	0.037397206	0.095425025
11	BensonV1	inverse_cdf	886	0.08396602	0.5600955	0.35969737	0.20039812	0.118690275
11	BensonV1	inverse_cdf	244	0.08243233	0.39345777	0.43074164	-0.037283868	0.18782379
11	BensonV1	inverse_cdf	546	0.08229834	0.33295864	0.39756182	-0.06460318	0.14207076
11	BensonV1	inverse_cdf	256	0.081516325	0.6983016	0.44740847	0.25089315	0.10988257
11	BensonV1	inverse_cdf	449	0.08131069	0.009238084	0.117634706	-0.10839662	0.11699232
11	BensonV1	inverse_cdf	794	0.081309795	0.5543533	0.40205905	0.15229425	0.06452934
11	BensonV1	inverse_cdf	220	0.08009219	0.64154154	0.4347336	0.20680794	0.15536126
11	BensonV1	inverse_cdf	206	0.08002907	0.43739918	0.38455185	0.052847326	0.10251303
11	BensonV1	inverse_cdf	299	0.07950097	0.07650969	0.20848928	-0.13197958	0.15933467
11	BensonV1	inverse_cdf	433	0.079432964	0.40270877	0.24944267	0.1532661	0.1331192
11	BensonV1	inverse_cdf	590	0.07932234	-0.40197203	-0.38473862	-0.017233402	0.14354922
11	BensonV1	inverse_cdf	337	0.07906604	0.45653534	0.45764333	-0.0011079907	0.07593687
11	BensonV1	inverse_cdf	461	0.079013824	0.63724685	0.5489606	0.08828622	0.20722887
11	BensonV1	inverse_cdf	419	0.07852757	0.32086796	0.28897148	0.031896472	0.42626438
11	BensonV1	inverse_cdf	738	0.078285456	0.51385355	0.5523729	-0.038519323	0.089071035
11	BensonV1	inverse_cdf	922	0.07764405	0.14891896	0.0783029	0.07061606	0.22080152
11	BensonV1	inverse_cdf	280	0.07738292	0.4592971	0.4208705	0.038426578	0.23336199
11	BensonV1	inverse_cdf	147	0.07735872	-0.01757315	-0.13313578	0.11556263	0.1286236
11	BensonV1	inverse_cdf	397	0.07687527	0.20538121	0.1131617	0.09221952	0.09593717
11	BensonV1	inverse_cdf	518	0.07664293	0.6631592	0.5904935	0.07266569	0.14375538
11	BensonV1	inverse_cdf	318	0.07637477	0.08808038	0.14673021	-0.058649838	0.09653554
11	NPCr	cdf	226	0.12450248	0.1217208	0.19093578	-0.06921498	0.0852769
11	NPCr	cdf	380	0.1219129	0.6330921	0.69466615	-0.06157404	0.4063179
11	NPCr	cdf	473	0.10432148	0.65304357	0.6220739	0.03096968	0.17080766
11	NPCr	cdf	878	0.10081977	0.69555247	0.66031784	0.03523463	0.2941104
11	NPCr	cdf	373	0.09712756	0.550871	0.7669292	-0.2160582	0.41196355
11	NPCr	cdf	310	0.09559989	0.36867863	0.4902055	-0.12152687	0.12796997
11	NPCr	cdf	360	0.095361054	-0.022179628	0.021027692	-0.043207318	0.39395887
11	NPCr	cdf	481	0.093868256	0.33782774	0.4767014	-0.13887367	0.14581603
11	NPCr	cdf	616	0.09140557	0.12509085	0.1801283	-0.055037454	0.10466435
11	NPCr	cdf	246	0.08988476	0.59702826	0.6155333	-0.018505037	0.46490523
11	NPCr	cdf	198	0.08907348	0.29307845	0.35879076	-0.0657123	0.08909259
11	NPCr	cdf	934	0.08368629	0.1315249	0.2531812	-0.121656284	0.12552458
11	NPCr	cdf	315	0.083200514	0.4508675	0.3581342	0.092733294	0.106339075
11	NPCr	cdf	584	0.08310032	0.6327855	0.6381141	-0.0053285956	0.3942053
11	NPCr	cdf	638	0.08273047	0.34246808	0.45286372	-0.11039564	0.13376224
11	NPCr	cdf	898	0.08254212	0.53599817	0.47102946	0.064968705	0.1339366
11	NPCr	cdf	900	0.0823679	0.5468747	0.60625094	-0.05937624	0.19692846
11	NPCr	cdf	377	0.08233899	0.19081049	0.21917574	-0.028365254	0.10629405
11	NPCr	cdf	625	0.08224249	-0.055807818	0.19648659	-0.25229442	0.22534332
11	NPCr	cdf	497	0.08171284	0.3856465	0.24167554	0.14397095	0.1311607
11	NPCr	cdf	146	0.08132744	-0.04738026	-0.19510163	0.14772138	0.116846666
11	NPCr	cdf	676	0.08010405	0.17552349	-0.12529728	0.30082077	0.24247551
11	NPCr	cdf	882	0.07960558	0.3045095	0.39410883	-0.08959934	0.17512813
11	NPCr	cdf	512	0.07937533	0.24420778	0.6147952	-0.3705874	0.34125838
11	NPCr	cdf	316	0.07878727	0.24197753	0.10620091	0.13577661	0.32181874
11	NPCr	cdf	577	0.077940226	0.281326	0.19103035	0.09029564	0.07891721
11	NPCr	cdf	646	0.0778079	0.27962714	0.4737542	-0.19412705	0.15041754
11	NPCr	cdf	831	0.07662535	0.022431457	-0.0012895784	0.023721036	0.10224164
11	NPCr	cdf	702	0.07640684	0.42092228	0.5442972	-0.12337494	0.37881944
11	NPCr	cdf	732	0.075576246	0.611839	0.69093406	-0.079095066	0.7117225
11	NPCr	cdf	534	0.07389957	0.58488214	0.37700316	0.20787898	0.07772005
11	NPCr	cdf	311	0.07360917	0.49136567	0.61407954	-0.122713864	0.07590679
11	NPCr	cdf	803	0.073087275	0.12950057	-0.17673333	0.30623388	0.06748428
11	NPCr	cdf	610	0.072010875	0.23931515	0.17746523	0.061849922	0.13776296
11	NPCr	cdf	388	0.07155001	0.43420622	0.46209624	-0.027890027	0.20881541
11	NPCr	cdf	472	0.07136792	0.63957345	0.6158043	0.02376914	0.2116183
11	NPCr	cdf	259	0.07121563	0.3056112	0.21821709	0.0873941	0.05525914
11	NPCr	cdf	725	0.0709877	0.012439148	0.020800283	-0.008361136	0.14878108
11	NPCr	cdf	197	0.070581734	0.23166366	0.23619187	-0.0045282096	0.29878026
11	NPCr	cdf	205	0.069562435	0.11656464	0.13790034	-0.021335699	0.1399351
11	NPCr	cdf	609	0.06936258	0.35086772	0.42746577	-0.07659805	0.1642753
11	NPCr	cdf	476	0.06934756	-0.008129743	0.32091585	-0.3290456	0.21753979
11	NPCr	cdf	404	0.06776756	0.49191418	0.6943442	-0.20243004	0.2308286
11	NPCr	cdf	470	0.06744772	0.43842345	0.49654162	-0.058118165	0.15052338
11	NPCr	cdf	695	0.06734711	0.007237403	0.12676673	-0.11952932	0.12898274
11	NPCr	cdf	907	0.06729388	-0.18827356	-0.1304189	-0.057854667	0.116813004
11	NPCr	cdf	782	0.067201555	0.4556502	0.6607035	-0.20505327	0.29041117
11	NPCr	cdf	845	0.066586256	0.046903633	-0.06147592	0.10837956	0.15879259
11	NPCr	cdf	491	0.06641054	0.48816007	0.19991815	0.28824192	0.070490986
11	NPCr	cdf	599	0.06586397	-0.050118793	0.026573762	-0.07669255	0.07310525
11	NPCr	cdf	394	0.065492034	0.35686412	0.6069183	-0.25005415	0.26155645
11	NPCr	cdf	201	0.06506461	0.2578291	0.33562985	-0.07780075	0.07286459
11	NPCr	cdf	469	0.064989924	0.5810562	0.73602134	-0.15496516	0.5362173
11	NPCr	cdf	876	0.06485337	0.30701903	0.36543393	-0.058414906	0.08475314
11	NPCr	cdf	193	0.06337935	0.18222634	0.16635585	0.015870497	0.16691281
11	NPCr	cdf	682	0.063227594	0.14079352	0.01860344	0.12219007	0.0867044
11	NPCr	cdf	872	0.063138306	0.35443366	0.45418546	-0.0997518	0.14469495
11	NPCr	cdf	284	0.0630821	0.5042019	0.65183556	-0.14763367	0.19401798
11	NPCr	cdf	509	0.062987626	0.31290656	0.64846677	-0.3355602	0.17773245
11	NPCr	cdf	717	0.06296313	0.31215015	0.15635858	0.15579157	0.1296752
11	NPCr	cdf	245	0.06273323	0.4708175	0.40768948	0.063128024	0.15235288
11	NPCr	cdf	773	0.062663555	0.5029852	0.20406315	0.29892203	0.14602776
11	NPCr	cdf	879	0.062488675	0.67960423	0.5584666	0.12113762	0.22417687
11	NPCr	cdf	331	0.062357724	0.41688555	0.3007187	0.11616686	0.20140532
11	NPCr	cdf	63	0.062289596	0.016848555	-0.08270152	0.099550076	0.06154588
11	NPCr	cdf	55	0.061979473	-0.17346239	-0.0470394	-0.12642299	0.1361336
11	NPCr	cdf	727	0.06192726	0.5978058	0.5497174	0.04808837	0.20516707
11	NPCr	cdf	703	0.06189996	0.26861125	0.4840917	-0.21548045	0.25499198
11	NPCr	cdf	417	0.061364353	0.3413235	0.4565881	-0.115264595	0.16317335
11	NPCr	cdf	841	0.061320066	0.18619972	0.16775079	0.018448934	0.14905934
11	NPCr	cdf	280	0.0611884	0.0014288129	0.0582902	-0.056861386	0.06443951
11	NPCr	cdf	412	0.06104058	0.40891692	0.26596692	0.14295	0.16557136
11	NPCr	cdf	937	0.06076342	0.4300987	0.38533992	0.044758797	0.1720721
11	NPCr	cdf	214	0.060759068	0.2929783	0.4696425	-0.1766642	0.09140351
11	NPCr	cdf	156	0.060460865	0.08902022	0.19691965	-0.10789943	0.07594875
11	NPCr	cdf	653	0.060070515	0.43176582	0.61589116	-0.18412533	0.3678681
11	NPCr	cdf	504	0.05997348	0.22830637	0.62225044	-0.39394408	0.20872901
11	NPCr	cdf	875	0.059964657	0.19920428	0.3252727	-0.12606843	0.14786907
11	NPCr	cdf	490	0.059733927	0.036496725	0.13190846	-0.09541173	0.06740821
11	NPCr	cdf	755	0.05960828	0.14282784	0.20987362	-0.06704578	0.33485806
11	NPCr	cdf	482	0.05953741	0.13642912	-0.058910538	0.19533965	0.0573964
11	NPCr	cdf	67	0.059447765	-0.16642213	-0.066688456	-0.09973367	0.098922044
11	NPCr	cdf	66	0.05935639	-0.03235091	-0.08594614	0.053595234	0.14751765
11	NPCr	cdf	251	0.059147418	0.62243426	0.74324125	-0.12080699	0.1880038
11	NPCr	cdf	590	0.059046328	0.45679283	0.44215932	0.014633507	0.18537721
11	NPCr	cdf	574	0.05824572	0.09709026	0.20751467	-0.110424414	0.078541346
11	NPCr	cdf	462	0.058217704	0.61536086	0.64662063	-0.031259775	0.34224385
11	NPCr	cdf	408	0.058076978	0.42807397	0.3465393	0.08153468	0.16085033
11	NPCr	cdf	569	0.058018267	0.1873813	0.20812787	-0.020746574	0.10948342
11	NPCr	cdf	428	0.057842076	0.25880834	0.15728214	0.1015262	0.08538386
11	NPCr	cdf	346	0.057734072	0.3880135	0.5148277	-0.12681422	0.08722071
11	NPCr	cdf	854	0.057715714	0.2182036	0.09291112	0.12529248	0.083084196
11	NPCr	cdf	733	0.05758798	0.019779338	-0.049553566	0.069332905	0.055135068
11	NPCr	cdf	363	0.05735272	0.3003169	0.3621125	-0.061795592	0.14250703
11	NPCr	cdf	930	0.057349145	0.33031842	0.41096678	-0.08064836	0.06984909
11	NPCr	cdf	103	0.05728817	0.42046192	0.4284808	-0.008018881	0.06920467
11	NPCr	cdf	416	0.05689931	0.33575976	0.28272697	0.053032786	0.16563144
11	NPCr	cdf	343	0.056867003	0.21848044	0.33500272	-0.11652228	0.16678797
11	NPCr	cdf	624	0.056801677	0.2771239	0.34134078	-0.06421688	0.10626978
11	NPCr	cdf	524	0.056776762	0.41721538	0.39334425	0.023871124	0.2814655
11	NPCr	inverse_cdf	940	0.123794794	0.45593166	0.35886863	0.097063035	0.11273363
11	NPCr	inverse_cdf	212	0.11975157	0.5576476	0.39934024	0.15830734	0.12893029
11	NPCr	inverse_cdf	584	0.11451036	0.5521955	0.2324485	0.31974697	0.30582416
11	NPCr	inverse_cdf	472	0.11071068	0.63071597	0.5714934	0.05922258	0.20520882
11	NPCr	inverse_cdf	901	0.107345045	0.47838956	0.35722163	0.12116793	0.2404961
11	NPCr	inverse_cdf	966	0.105213225	0.23686445	0.20096324	0.035901204	0.06495048
11	NPCr	inverse_cdf	213	0.104403555	0.225628	0.12868823	0.09693977	0.1091957
11	NPCr	inverse_cdf	773	0.10364473	0.21138056	0.0855108	0.12586975	0.13586427
11	NPCr	inverse_cdf	230	0.102819204	0.6128517	0.54556406	0.067287624	0.16429004
11	NPCr	inverse_cdf	170	0.102214575	0.19424199	0.032045007	0.16219698	0.11113512
11	NPCr	inverse_cdf	900	0.09822637	0.52332133	0.48119783	0.042123497	0.20557442
11	NPCr	inverse_cdf	879	0.0976156	0.4273117	0.2953892	0.13192248	0.14418921
11	NPCr	inverse_cdf	878	0.09710437	0.47153208	0.41060287	0.06092921	0.13715391
11	NPCr	inverse_cdf	732	0.09502953	0.6224032	0.61987275	0.0025304556	0.4181463
11	NPCr	inverse_cdf	917	0.094002604	0.5087474	0.27652946	0.23221794	0.1270315
11	NPCr	inverse_cdf	380	0.08911216	0.6929787	0.6523466	0.04063207	0.2711228
11	NPCr	inverse_cdf	483	0.0880875	0.13350274	0.084724955	0.04877778	0.12566595
11	NPCr	inverse_cdf	481	0.086206734	0.43070337	0.42449033	0.006213039	0.19147149
11	NPCr	inverse_cdf	444	0.0861212	0.15853576	-0.427425	0.58596075	0.17209321
11	NPCr	inverse_cdf	373	0.08547735	0.5817137	0.57484144	0.0068722367	0.20363034
11	NPCr	inverse_cdf	727	0.0851351	0.60687834	0.55847645	0.048401892	0.19468558
11	NPCr	inverse_cdf	629	0.08467305	-0.011069561	-0.33542332	0.32435375	0.19511504
11	NPCr	inverse_cdf	284	0.08116621	0.40995646	0.35017592	0.059780538	0.13084805
11	NPCr	inverse_cdf	254	0.080432296	0.4436033	0.3000182	0.14358512	0.094535425
11	NPCr	inverse_cdf	246	0.08027619	0.6915228	0.49453184	0.19699094	0.34269708
11	NPCr	inverse_cdf	881	0.079661965	-0.038946677	0.044396255	-0.08334293	0.11335551
11	NPCr	inverse_cdf	286	0.07952231	0.21238534	0.2082513	0.004134044	0.102454744
11	NPCr	inverse_cdf	919	0.07805276	0.46707132	0.4711631	-0.0040917695	0.14089565
11	NPCr	inverse_cdf	903	0.07774812	0.18956919	0.083072826	0.106496364	0.110303745
11	NPCr	inverse_cdf	899	0.07770234	0.12328785	0.35922664	-0.23593879	0.08057897
11	NPCr	inverse_cdf	950	0.07736546	0.00029587833	0.16738799	-0.16709211	0.07187382
11	NPCr	inverse_cdf	462	0.07685357	0.42461824	0.36056095	0.06405729	0.22766742
11	NPCr	inverse_cdf	22	0.07637042	0.088098176	-0.031179002	0.11927718	0.17133366
11	NPCr	inverse_cdf	403	0.07570422	0.35645148	0.18721795	0.16923353	0.18730125
11	NPCr	inverse_cdf	235	0.07566345	0.047365762	0.13324484	-0.08587908	0.08050161
11	NPCr	inverse_cdf	469	0.075387895	0.5898929	0.31785262	0.2720403	0.3560116
11	NPCr	inverse_cdf	267	0.075258136	0.013582909	0.07544997	-0.061867066	0.13080889
11	NPCr	inverse_cdf	354	0.07465142	0.3631868	0.049441088	0.3137457	0.13933082
11	NPCr	inverse_cdf	540	0.07454598	0.16071104	-0.19388694	0.354598	0.2702788
11	NPCr	inverse_cdf	534	0.07428634	0.48001462	0.4252476	0.054767013	0.050829597
11	NPCr	inverse_cdf	547	0.07390422	0.2695426	-0.17089175	0.44043434	0.25976428
11	NPCr	inverse_cdf	377	0.073622584	-0.1304964	0.11559397	-0.24609037	0.15557458
11	NPCr	inverse_cdf	896	0.07349712	-0.28492203	-0.30862898	0.023706943	0.09457932
11	NPCr	inverse_cdf	611	0.07297051	0.027634546	0.022598427	0.0050361194	0.09654361
11	NPCr	inverse_cdf	311	0.07285261	0.6576768	0.6816956	-0.024018764	0.060571816
11	NPCr	inverse_cdf	202	0.072066605	0.5175791	0.4356898	0.08188927	0.072960354
11	NPCr	inverse_cdf	602	0.071961164	0.1066464	0.02984966	0.07679674	0.06698535
11	NPCr	inverse_cdf	404	0.07188547	0.4658066	0.28812438	0.17768222	0.15429847
11	NPCr	inverse_cdf	251	0.07116097	0.59151936	0.5723844	0.019134939	0.19071056
11	NPCr	inverse_cdf	289	0.071092784	0.5200142	0.35427776	0.16573647	0.13413282
11	NPCr	inverse_cdf	503	0.07063776	0.305012	0.025887605	0.27912438	0.18860525
11	NPCr	inverse_cdf	194	0.07062167	0.2503923	0.08372374	0.16666855	0.06598456
11	NPCr	inverse_cdf	317	0.07030529	0.28063548	0.39224848	-0.111613005	0.09198995
11	NPCr	inverse_cdf	240	0.0697965	0.21434051	0.265528	-0.051187485	0.11145759
11	NPCr	inverse_cdf	771	0.069482386	0.30925527	0.041071795	0.26818347	0.12505014
11	NPCr	inverse_cdf	798	0.06903577	0.4528738	0.16767988	0.28519392	0.06742606
11	NPCr	inverse_cdf	303	0.06899178	0.15484925	0.20408848	-0.049239233	0.117794774
11	NPCr	inverse_cdf	159	0.068809986	0.060088344	0.049412426	0.010675918	0.05909059
11	NPCr	inverse_cdf	290	0.06842959	0.103148274	0.23555554	-0.13240728	0.10940248
11	NPCr	inverse_cdf	591	0.06734139	0.37446272	0.24365127	0.13081145	0.12246143
11	NPCr	inverse_cdf	440	0.06728274	0.3874264	-0.07221405	0.45964044	0.19786501
11	NPCr	inverse_cdf	749	0.06715399	0.10360966	0.17781176	-0.0742021	0.05602653
11	NPCr	inverse_cdf	175	0.06712049	0.06440264	0.21657619	-0.15217355	0.12629703
11	NPCr	inverse_cdf	877	0.06706518	0.12082124	0.23187183	-0.11105059	0.13180655
11	NPCr	inverse_cdf	203	0.065493345	0.55501926	0.3730566	0.18196267	0.11763131
11	NPCr	inverse_cdf	904	0.06534445	0.017704917	-0.019790886	0.037495803	0.07146761
11	NPCr	inverse_cdf	648	0.06509292	-0.13851108	-0.02632108	-0.11218999	0.11972588
11	NPCr	inverse_cdf	278	0.064710915	0.30600902	-0.05555834	0.36156738	0.12908483
11	NPCr	inverse_cdf	664	0.06461877	0.06920093	0.22981746	-0.16061653	0.06556444
11	NPCr	inverse_cdf	231	0.064579666	0.4535075	0.55218595	-0.09867844	0.07799777
11	NPCr	inverse_cdf	880	0.064288855	0.26322448	0.33529058	-0.0720661	0.13733087
11	NPCr	inverse_cdf	731	0.0641523	0.5479744	0.20828353	0.33969086	0.3719742
11	NPCr	inverse_cdf	461	0.06357509	-0.123024814	0.13723627	-0.2602611	0.07189857
11	NPCr	inverse_cdf	554	0.063132524	0.11141032	0.13861185	-0.027201533	0.0873612
11	NPCr	inverse_cdf	437	0.06308317	0.19649062	-0.035801902	0.23229252	0.14279452
11	NPCr	inverse_cdf	898	0.062949836	0.4744249	0.40118644	0.07323846	0.12898877
11	NPCr	inverse_cdf	603	0.06234151	0.37712532	0.21275903	0.16436629	0.28423962
11	NPCr	inverse_cdf	217	0.061730087	0.3916923	0.24788429	0.14380802	0.0854738
11	NPCr	inverse_cdf	619	0.061683536	0.19568722	0.078892894	0.116794325	0.12564506
11	NPCr	inverse_cdf	37	0.061673284	-0.31892842	0.21270198	-0.5316304	0.098086625
11	NPCr	inverse_cdf	277	0.06166756	0.19495156	0.298699	-0.10374743	0.11910026
11	NPCr	inverse_cdf	607	0.06164038	0.01679196	-0.1573037	0.17409566	0.06148627
11	NPCr	inverse_cdf	656	0.061575115	0.29901513	0.40167573	-0.1026606	0.10765994
11	NPCr	inverse_cdf	698	0.060923934	0.13493052	0.12868653	0.006243989	0.104967885
11	NPCr	inverse_cdf	723	0.060850143	-0.14560051	0.1750373	-0.32063782	0.08686813
11	NPCr	inverse_cdf	408	0.060534358	0.07452057	0.3668043	-0.2922837	0.11874498
11	NPCr	inverse_cdf	315	0.06021279	0.56215096	0.5778796	-0.015728652	0.12497361
11	NPCr	inverse_cdf	100	0.060082316	0.078544915	0.28663442	-0.2080895	0.0680959
11	NPCr	inverse_cdf	266	0.06003803	0.3991475	0.31421986	0.08492765	0.124090835
11	NPCr	inverse_cdf	99	0.060011983	0.12790428	-0.114579946	0.24248423	0.090487055
11	NPCr	inverse_cdf	505	0.05995047	0.21465577	-0.09074425	0.3054	0.18402779
11	NPCr	inverse_cdf	394	0.05991584	0.37607318	0.199375	0.17669818	0.14554718
11	NPCr	inverse_cdf	259	0.05953741	0.32682696	0.4190566	-0.092229635	0.07941266
11	NPCr	inverse_cdf	642	0.059131265	0.065224566	0.0031103566	0.06211421	0.076117046
11	NPCr	inverse_cdf	491	0.059113503	0.30725536	0.2828091	0.024446249	0.06864297
11	NPCr	inverse_cdf	407	0.05888635	0.46702904	0.34336907	0.12365997	0.17118718
11	NPCr	inverse_cdf	494	0.058632255	0.3692786	0.18389271	0.1853859	0.14566804
11	NPCr	inverse_cdf	474	0.05832261	0.30618602	0.15504679	0.15113923	0.08455285
11	NPCr	inverse_cdf	145	0.05815369	0.2354523	0.17388256	0.061569735	0.066326424
11	NPCr	inverse_cdf	223	0.057951212	0.2781715	0.04751766	0.23065385	0.10141821
12	BensonV1	cdf	287	0.2836039	0.7171314	0.729013	-0.0118816495	0.3609779
12	BensonV1	cdf	366	0.2825774	0.625436	0.76735485	-0.14191884	0.31022912
12	BensonV1	cdf	232	0.2757811	0.62881386	0.66400844	-0.035194576	0.46703953
12	BensonV1	cdf	394	0.26525223	0.63802373	0.85383487	-0.21581113	0.31982765
12	BensonV1	cdf	364	0.24726528	0.7161215	0.8203178	-0.10419631	0.9449135
12	BensonV1	cdf	371	0.24447751	0.61473644	0.7219063	-0.10716987	0.25168997
12	BensonV1	cdf	419	0.23714578	0.85073036	0.78496903	0.06576133	0.28716853
12	BensonV1	cdf	365	0.23393649	0.59428453	0.70818204	-0.1138975	0.39213872
12	BensonV1	cdf	436	0.22426277	0.57214725	0.7148227	-0.14267546	0.41648537
12	BensonV1	cdf	423	0.21285206	0.28926575	0.44461128	-0.15534553	0.2961161
12	BensonV1	cdf	391	0.20992655	0.59180814	0.875887	-0.28407884	0.21180943
12	BensonV1	cdf	369	0.20746702	0.3247469	0.5777159	-0.25296897	0.5025988
12	BensonV1	cdf	420	0.2072444	0.6214846	0.53747356	0.08401102	0.18829021
12	BensonV1	cdf	398	0.1987043	0.6528966	0.6638067	-0.010910094	0.36370245
12	BensonV1	cdf	368	0.18987888	0.4741325	0.7314578	-0.25732532	0.9044266
12	BensonV1	cdf	330	0.18392289	0.59613943	0.833332	-0.23719257	0.32436928
12	BensonV1	cdf	228	0.18161517	0.6376306	0.71517223	-0.07754165	0.39539266
12	BensonV1	cdf	471	0.18138397	0.69376636	0.52368355	0.17008281	0.3599129
12	BensonV1	cdf	56	0.17066866	0.65039897	0.36979207	0.2806069	0.2505914
12	BensonV1	cdf	625	0.16984165	0.6525394	0.6712163	-0.018676937	0.3473378
12	BensonV1	cdf	489	0.16897893	0.60150564	0.7141981	-0.112692475	0.26470292
12	BensonV1	cdf	337	0.1683076	0.59823287	0.39545318	0.20277968	0.1867157
12	BensonV1	cdf	540	0.16320992	0.70919627	0.77402353	-0.06482726	0.37592697
12	BensonV1	cdf	483	0.1623717	0.762862	0.6840326	0.07882941	0.5053791
12	BensonV1	cdf	469	0.16235375	0.47453526	0.5447445	-0.070209235	0.18287729
12	BensonV1	cdf	583	0.16137081	0.6723482	0.7755974	-0.10324919	0.465585
12	BensonV1	cdf	171	0.14501143	0.27875677	0.2706872	0.008069575	0.13520575
12	BensonV1	cdf	504	0.14485425	0.69968975	0.7677401	-0.068050325	0.11036709
12	BensonV1	cdf	389	0.14470196	0.58905286	0.73760194	-0.14854908	0.4237818
12	BensonV1	cdf	343	0.14379555	0.3485298	0.51004004	-0.16151026	0.1578905
12	BensonV1	cdf	360	0.13909668	0.50294	0.59600216	-0.09306216	0.16620877
12	BensonV1	cdf	537	0.1378206	0.57981247	0.78393227	-0.2041198	0.22115198
12	BensonV1	cdf	390	0.13714421	0.5542827	0.47122696	0.083055764	0.2434721
12	BensonV1	cdf	488	0.1361475	0.3708572	0.31430206	0.056555152	0.2866382
12	BensonV1	cdf	535	0.13491571	0.45013765	0.6320174	-0.18187973	0.2952234
12	BensonV1	cdf	7	0.13380283	0.29656962	0.4544874	-0.1579178	0.2386804
12	BensonV1	cdf	252	0.13336974	0.47994524	0.4674408	0.012504429	0.10164603
12	BensonV1	cdf	255	0.13024932	0.41337508	0.56347054	-0.15009546	0.24148701
12	BensonV1	cdf	216	0.1238094	-0.1984172	-0.07710255	-0.12131465	0.14020409
12	BensonV1	cdf	355	0.123297274	0.30599487	0.38530973	-0.07931486	0.13720866
12	BensonV1	cdf	209	0.122502744	0.2700426	0.3509203	-0.08087769	0.13027684
12	BensonV1	cdf	627	0.12249148	0.5833999	0.550371	0.0330289	0.23501882
12	BensonV1	cdf	318	0.12052792	0.3177471	0.058195934	0.25955117	0.50515467
12	BensonV1	cdf	6	0.11846715	0.38078654	0.35385567	0.026930869	0.1352503
12	BensonV1	cdf	35	0.11823052	0.42095083	0.27935904	0.14159179	0.1337567
12	BensonV1	cdf	138	0.11762434	0.28987575	0.5953168	-0.30544108	0.26225612
12	BensonV1	cdf	434	0.11686653	0.66859996	0.69832635	-0.029726386	0.25129217
12	BensonV1	cdf	372	0.11573756	0.4197794	0.56733745	-0.14755806	0.1259606
12	BensonV1	cdf	444	0.11571598	0.43953753	0.49579626	-0.056258738	0.20275259
12	BensonV1	cdf	448	0.11549586	0.29948932	0.46998447	-0.17049515	0.19367616
12	BensonV1	cdf	234	0.11514902	0.602946	0.500826	0.10211998	0.09420154
12	BensonV1	cdf	393	0.11507726	0.34373772	0.44392714	-0.10018942	0.24333142
12	BensonV1	cdf	235	0.11484951	0.26772425	0.32173333	-0.05400908	0.096674025
12	BensonV1	cdf	294	0.11275476	0.43439782	0.5563491	-0.12195128	0.1707351
12	BensonV1	cdf	229	0.11238241	0.5990912	0.6307329	-0.03164172	0.46528512
12	BensonV1	cdf	191	0.11152238	0.31036657	0.3579164	-0.047549844	0.14569648
12	BensonV1	cdf	447	0.11021459	0.19870633	0.40571606	-0.20700973	0.23079084
12	BensonV1	cdf	307	0.10833281	0.61799073	0.8415156	-0.22352487	0.91351146
12	BensonV1	cdf	546	0.10568887	-0.02740637	0.21829592	-0.24570228	0.35263887
12	BensonV1	cdf	435	0.10549718	0.5525241	0.3393107	0.21321338	0.25108582
12	BensonV1	cdf	34	0.10252315	-0.10876726	-0.2624716	0.15370432	0.14893416
12	BensonV1	cdf	424	0.10244578	0.25495866	0.28956616	-0.0346075	0.10725668
12	BensonV1	cdf	33	0.10141444	0.1474314	0.024813527	0.12261788	0.13997968
12	BensonV1	cdf	367	0.10029787	0.4055922	0.55180365	-0.14621145	0.26104623
12	BensonV1	cdf	317	0.0968166	0.372224	0.2693792	0.102844805	0.12023053
12	BensonV1	cdf	329	0.09507418	0.60644394	0.5541055	0.05233842	0.26550156
12	BensonV1	cdf	146	0.09394485	0.6671919	0.7323041	-0.06511217	0.06958296
12	BensonV1	cdf	439	0.09347409	0.3979291	0.5967629	-0.1988338	0.24737643
12	BensonV1	cdf	433	0.091701865	0.30852702	0.39455217	-0.08602515	0.5233853
12	BensonV1	cdf	406	0.09144384	0.614044	0.673266	-0.059221983	0.11561532
12	BensonV1	cdf	335	0.09063393	0.6328705	0.64777744	-0.014906943	0.20419323
12	BensonV1	cdf	484	0.08964628	0.69291323	0.5659699	0.12694335	0.31372103
12	BensonV1	cdf	303	0.08884746	0.5226754	0.79127663	-0.26860124	0.8688558
12	BensonV1	cdf	88	0.087394774	0.37418446	0.5478553	-0.17367086	0.13396241
12	BensonV1	cdf	267	0.08731973	0.3352639	0.3462047	-0.01094079	0.10258397
12	BensonV1	cdf	416	0.08682132	0.5889169	0.546072	0.04284489	0.1053155
12	BensonV1	cdf	26	0.085164964	0.39434713	0.53401524	-0.1396681	0.11140041
12	BensonV1	cdf	204	0.085047305	0.3270967	0.53480524	-0.20770854	0.10156711
12	BensonV1	cdf	666	0.084384024	-0.015484183	-0.033285987	0.017801803	0.08376054
12	BensonV1	cdf	101	0.08438182	0.48542494	0.6585922	-0.17316729	0.082804754
12	BensonV1	cdf	243	0.08438122	0.26902816	0.5036702	-0.23464206	0.5779923
12	BensonV1	cdf	577	0.084213674	0.73537	0.7077066	0.02766341	0.1623597
12	BensonV1	cdf	247	0.08305228	0.28202683	0.30797017	-0.025943339	0.23166603
12	BensonV1	cdf	240	0.08275384	0.68136036	0.68313426	-0.0017738938	0.049929615
12	BensonV1	cdf	451	0.08260405	0.19667955	0.4447024	-0.24802284	0.13293621
12	BensonV1	cdf	485	0.08248919	0.4612745	0.51871234	-0.057437837	0.25933924
12	BensonV1	cdf	242	0.08185077	0.48433402	0.59863037	-0.11429635	0.11462117
12	BensonV1	cdf	271	0.081843495	0.10613229	0.291014	-0.18488169	0.099243805
12	BensonV1	cdf	277	0.080253005	0.40145764	0.5426379	-0.14118025	0.36148626
12	BensonV1	cdf	417	0.080194235	0.45213577	0.4223335	0.029802263	0.10873673
12	BensonV1	cdf	629	0.07996613	0.25340542	0.29164192	-0.0382365	0.26906937
12	BensonV1	cdf	189	0.07794583	0.36773708	0.522528	-0.15479091	0.101002835
12	BensonV1	cdf	174	0.07790387	0.40354556	0.6174738	-0.21392822	0.15862021
12	BensonV1	cdf	13	0.076434314	0.40707153	0.85672385	-0.4496523	0.59584683
12	BensonV1	cdf	628	0.07605642	0.38076636	0.3167528	0.06401357	0.12166344
12	BensonV1	cdf	446	0.07588345	-0.021323904	0.14581926	-0.16714317	0.08415404
12	BensonV1	cdf	492	0.07575387	0.566857	0.564332	0.002524972	0.16533627
12	BensonV1	cdf	482	0.0756976	0.4848415	0.44114578	0.043695718	0.34092027
12	BensonV1	cdf	314	0.07557964	0.055198558	0.25803417	-0.20283562	0.48916405
12	BensonV1	cdf	659	0.07454789	0.42530677	0.2799427	0.14536408	0.10903044
12	BensonV1	inverse_cdf	394	0.2579261	0.6992483	0.779127	-0.07987869	0.27505186
12	BensonV1	inverse_cdf	436	0.24191505	0.6539437	0.6108048	0.04313892	0.39056003
12	BensonV1	inverse_cdf	414	0.224015	0.43182704	0.58027875	-0.14845172	0.24319696
12	BensonV1	inverse_cdf	583	0.22121257	0.7635034	0.86953664	-0.106033266	0.42792448
12	BensonV1	inverse_cdf	419	0.21994442	0.7701748	0.8458436	-0.07566881	0.3076241
12	BensonV1	inverse_cdf	303	0.21603668	0.30747902	0.426798	-0.11931896	0.9122566
12	BensonV1	inverse_cdf	307	0.21418631	0.40747476	0.59778184	-0.19030708	0.9823471
12	BensonV1	inverse_cdf	391	0.21348417	0.7078163	0.7708612	-0.063044906	0.15986353
12	BensonV1	inverse_cdf	364	0.21218377	0.73770565	0.7784736	-0.040767968	0.5817774
12	BensonV1	inverse_cdf	390	0.20223701	0.67057174	0.7065847	-0.036012948	0.30691198
12	BensonV1	inverse_cdf	365	0.19926327	0.7048965	0.7505102	-0.045613706	0.23461108
12	BensonV1	inverse_cdf	101	0.19888604	0.6074909	0.64245087	-0.034959972	0.099142715
12	BensonV1	inverse_cdf	625	0.18896097	0.620105	0.8446797	-0.22457469	0.27495763
12	BensonV1	inverse_cdf	371	0.18748975	0.63144004	0.66211003	-0.030669987	0.21467336
12	BensonV1	inverse_cdf	146	0.18311459	0.6405595	0.6786616	-0.03810209	0.1259299
12	BensonV1	inverse_cdf	540	0.17489928	0.84318995	0.8449605	-0.001770556	0.31149417
12	BensonV1	inverse_cdf	483	0.16407835	0.7983818	0.6621189	0.1362629	0.4460664
12	BensonV1	inverse_cdf	240	0.16035473	0.61886626	0.5279477	0.09091854	0.08625607
12	BensonV1	inverse_cdf	377	0.15911067	-0.20217156	-0.10324866	-0.0989229	0.21448347
12	BensonV1	inverse_cdf	329	0.15850908	0.5606109	0.6593137	-0.09870279	0.2389181
12	BensonV1	inverse_cdf	358	0.15672004	0.3659431	0.41733593	-0.051392823	0.2943911
12	BensonV1	inverse_cdf	232	0.1546334	0.7897911	0.64021474	0.14957637	0.36733222
12	BensonV1	inverse_cdf	366	0.15194744	0.7943871	0.71438	0.080007076	0.18525177
12	BensonV1	inverse_cdf	287	0.14260602	0.8160279	0.7812919	0.034735978	0.25331602
12	BensonV1	inverse_cdf	222	0.14217919	0.042634793	0.33002198	-0.2873872	0.27367806
12	BensonV1	inverse_cdf	389	0.13964623	0.5967907	0.7213694	-0.124578714	0.27583286
12	BensonV1	inverse_cdf	330	0.13948137	0.69323945	0.79648125	-0.1032418	0.2108386
12	BensonV1	inverse_cdf	234	0.13152492	0.6667482	0.7777642	-0.111015975	0.15170337
12	BensonV1	inverse_cdf	577	0.13132805	0.73957366	0.6125377	0.12703598	0.13226925
12	BensonV1	inverse_cdf	398	0.12891895	0.6791754	0.6941592	-0.014983833	0.23697032
12	BensonV1	inverse_cdf	415	0.12528771	0.48967507	0.5729809	-0.083305806	0.13761282
12	BensonV1	inverse_cdf	210	0.12507421	0.3510501	0.395753	-0.044702888	0.23546782
12	BensonV1	inverse_cdf	228	0.124656916	0.6304244	0.65228033	-0.02185595	0.39424
12	BensonV1	inverse_cdf	173	0.12151694	0.5218695	0.5393255	-0.017455995	0.15720363
12	BensonV1	inverse_cdf	480	0.121420026	0.13729122	0.046416488	0.09087473	0.2953252
12	BensonV1	inverse_cdf	434	0.12053597	0.6903265	0.61791795	0.07240856	0.31988204
12	BensonV1	inverse_cdf	406	0.11833143	0.70878464	0.7594651	-0.05068046	0.18915808
12	BensonV1	inverse_cdf	242	0.118318915	0.60041904	0.52562195	0.074797094	0.18519522
12	BensonV1	inverse_cdf	356	0.11804861	0.36533496	0.41100535	-0.04567039	0.17979173
12	BensonV1	inverse_cdf	504	0.11391401	0.7399037	0.7451405	-0.0052368045	0.109185584
12	BensonV1	inverse_cdf	627	0.112234354	0.63655007	0.8494988	-0.21294874	0.18951486
12	BensonV1	inverse_cdf	369	0.111230195	0.6348816	0.57996905	0.054912567	0.23371369
12	BensonV1	inverse_cdf	489	0.111148596	0.66203386	0.5411547	0.12087917	0.19782765
12	BensonV1	inverse_cdf	370	0.11103761	-0.0039612167	0.35103992	-0.35500112	0.2601729
12	BensonV1	inverse_cdf	338	0.11006993	0.502398	0.59648764	-0.09408963	0.22067678
12	BensonV1	inverse_cdf	211	0.10988861	0.423056	0.5837775	-0.16072148	0.15617675
12	BensonV1	inverse_cdf	534	0.10853672	0.4477883	0.56260514	-0.114816844	0.20621315
12	BensonV1	inverse_cdf	471	0.107299805	0.81752443	0.5743538	0.24317062	0.27562436
12	BensonV1	inverse_cdf	520	0.10716879	0.29739392	0.2840367	0.013357222	0.092072085
12	BensonV1	inverse_cdf	26	0.10713601	0.67339206	0.6229425	0.05044955	0.2016529
12	BensonV1	inverse_cdf	368	0.10684717	0.67084277	0.63919	0.03165275	0.49622267
12	BensonV1	inverse_cdf	535	0.10491878	0.7495856	0.7607072	-0.011121571	0.22137944
12	BensonV1	inverse_cdf	393	0.10143602	0.6887265	0.7269848	-0.038258314	0.26438677
12	BensonV1	inverse_cdf	572	0.10061908	0.14159368	0.038048755	0.10354492	0.2556501
12	BensonV1	inverse_cdf	386	0.09956318	0.4715786	0.50851953	-0.036940932	0.53663224
12	BensonV1	inverse_cdf	331	0.09767592	0.32487962	0.4539912	-0.12911159	0.1920471
12	BensonV1	inverse_cdf	195	0.097222626	0.46904522	0.48811796	-0.019072741	0.08269221
12	BensonV1	inverse_cdf	388	0.095906556	0.28501275	0.3190081	-0.03399536	0.5740238
12	BensonV1	inverse_cdf	238	0.09552443	0.26815698	0.168615	0.09954198	0.09828979
12	BensonV1	inverse_cdf	109	0.09356326	0.41722155	0.457536	-0.040314466	0.101186566
12	BensonV1	inverse_cdf	343	0.090367615	0.63474977	0.7014244	-0.06667465	0.10553383
12	BensonV1	inverse_cdf	258	0.08807331	0.5999273	0.56783736	0.03208995	0.073122226
12	BensonV1	inverse_cdf	11	0.08670092	0.40434694	0.46580547	-0.061458528	0.47670448
12	BensonV1	inverse_cdf	484	0.08646399	0.6390608	0.40750164	0.23155916	0.28042457
12	BensonV1	inverse_cdf	451	0.0858891	0.38710213	0.37616757	0.0109345615	0.10029393
12	BensonV1	inverse_cdf	416	0.08566874	0.64276063	0.6233799	0.019380748	0.118281625
12	BensonV1	inverse_cdf	229	0.08346671	0.555199	0.4995883	0.055610716	0.3419937
12	BensonV1	inverse_cdf	639	0.082809925	-0.07912301	-0.035483897	-0.043639116	0.14189021
12	BensonV1	inverse_cdf	335	0.08184719	0.48553634	0.50730914	-0.021772802	0.1897185
12	BensonV1	inverse_cdf	135	0.08183098	0.5630469	0.4779198	0.085127085	0.09633697
12	BensonV1	inverse_cdf	265	0.08030105	0.6610715	0.66917217	-0.008100688	0.14676382
12	BensonV1	inverse_cdf	539	0.0792703	0.35122195	0.49126732	-0.14004537	0.27285224
12	BensonV1	inverse_cdf	515	0.07915449	0.4359887	0.38244063	0.053548068	0.091144696
12	BensonV1	inverse_cdf	15	0.079084575	0.19926716	0.3380494	-0.13878225	0.29976696
12	BensonV1	inverse_cdf	566	0.07708204	-0.023949536	-0.037307978	0.013358442	0.06640409
12	BensonV1	inverse_cdf	7	0.07700616	0.7248848	0.7005597	0.024325132	0.21527448
12	BensonV1	inverse_cdf	680	0.07664597	0.13847953	0.21554121	-0.07706168	0.20564556
12	BensonV1	inverse_cdf	0	0.076072276	0.5453397	0.52529866	0.020041049	0.17071535
12	BensonV1	inverse_cdf	624	0.075199544	0.27290916	0.53227025	-0.2593611	0.16740437
12	BensonV1	inverse_cdf	387	0.07496464	0.18344726	0.32722965	-0.14378239	0.42529553
12	BensonV1	inverse_cdf	630	0.07462275	0.47087875	0.50598514	-0.03510639	0.48012564
12	BensonV1	inverse_cdf	428	0.07407153	0.067064665	0.08742466	-0.020359993	0.11863999
12	BensonV1	inverse_cdf	537	0.07326043	0.601918	0.54483736	0.057080626	0.138552
12	BensonV1	inverse_cdf	411	0.07316798	0.051206607	0.02995001	0.021256598	0.11894804
12	BensonV1	inverse_cdf	405	0.07221514	0.26669008	0.4227641	-0.15607402	0.10586603
12	BensonV1	inverse_cdf	124	0.07180059	0.25243923	0.3113155	-0.058876276	0.087238334
12	BensonV1	inverse_cdf	475	0.071737766	0.4418185	0.52813596	-0.08631745	0.12432912
12	BensonV1	inverse_cdf	33	0.0708434	-0.0039096414	0.08521312	-0.08912276	0.14263493
12	BensonV1	inverse_cdf	508	0.07082474	0.1082572	-0.11263611	0.22089331	0.10979996
12	BensonV1	inverse_cdf	64	0.07015109	0.19398552	0.30496818	-0.11098266	0.07507349
12	BensonV1	inverse_cdf	161	0.070105314	0.067993626	0.11372347	-0.045729846	0.08810841
12	BensonV1	inverse_cdf	590	0.069898844	0.5632506	0.6421354	-0.07888478	0.38463977
12	BensonV1	inverse_cdf	658	0.06958014	0.32274625	0.35517812	-0.03243187	0.1413765
12	BensonV1	inverse_cdf	360	0.06904858	0.7661405	0.742092	0.024048507	0.10192681
12	BensonV1	inverse_cdf	350	0.068752825	0.16266292	0.17706473	-0.014401808	0.14049119
12	BensonV1	inverse_cdf	275	0.06854677	0.5597139	0.4623081	0.09740579	0.7290245
12	BensonV1	inverse_cdf	469	0.06836063	0.6973303	0.7936963	-0.09636599	0.10761754
12	BensonV1	inverse_cdf	372	0.067840874	0.7710747	0.70816916	0.06290555	0.101145804
12	BensonV1	inverse_cdf	13	0.06776738	0.49481645	0.44488195	0.049934506	0.49504417
12	BensonV1	inverse_cdf	478	0.06776148	0.22534597	0.093542755	0.13180321	0.25700974
12	NPCr	cdf	157	0.21620083	0.36611387	0.82523465	-0.45912078	1.7640638
12	NPCr	cdf	498	0.20452625	0.58844066	0.7813289	-0.19288826	0.47224468
12	NPCr	cdf	492	0.20386869	0.60376036	0.8247667	-0.22100633	0.59110796
12	NPCr	cdf	581	0.19393891	0.5726321	0.8057353	-0.23310322	0.52918464
12	NPCr	cdf	504	0.19306022	0.36918247	0.7352009	-0.3660184	0.4413022
12	NPCr	cdf	90	0.19056815	0.4678571	0.8749273	-0.4070702	0.72843057
12	NPCr	cdf	166	0.18954206	0.3490588	0.8199969	-0.4709381	0.7183618
12	NPCr	cdf	128	0.18866056	0.58665097	0.8945138	-0.30786282	0.43398765
12	NPCr	cdf	32	0.18116695	0.66087985	0.8506546	-0.18977475	0.7505557
12	NPCr	cdf	408	0.17901069	0.5316323	0.84258235	-0.31095004	0.7958523
12	NPCr	cdf	227	0.17611468	0.38740757	0.7759714	-0.38856384	0.53079015
12	NPCr	cdf	71	0.17364472	0.70571446	0.85234684	-0.14663237	0.77707523
12	NPCr	cdf	545	0.17331254	0.44781604	0.7477458	-0.29992977	0.641703
12	NPCr	cdf	587	0.16986734	0.512104	0.75781953	-0.24571556	0.3761065
12	NPCr	cdf	625	0.16916215	0.73503673	0.800573	-0.06553626	0.3253402
12	NPCr	cdf	29	0.16854262	0.5347022	0.84351915	-0.30881697	0.8053048
12	NPCr	cdf	496	0.16634536	0.5110212	0.8401524	-0.3291312	0.4160701
12	NPCr	cdf	118	0.16519898	0.4992238	0.80843514	-0.30921134	0.7497194
12	NPCr	cdf	397	0.1648696	0.71875495	0.90056044	-0.18180549	0.5294805
12	NPCr	cdf	883	0.16478729	0.25581264	0.5934368	-0.33762413	0.56842214
12	NPCr	cdf	870	0.16258466	0.423795	0.643825	-0.22002998	0.2849424
12	NPCr	cdf	536	0.1610735	0.28687242	0.4613185	-0.17444608	0.31994256
12	NPCr	cdf	617	0.15625155	0.5003096	0.7445968	-0.2442872	0.56870586
12	NPCr	cdf	503	0.15619457	0.43536666	0.7543376	-0.31897095	0.5606838
12	NPCr	cdf	67	0.15545088	0.6113754	0.8431315	-0.23175609	0.43042699
12	NPCr	cdf	887	0.15410507	0.20778295	0.5856128	-0.37782982	0.5456168
12	NPCr	cdf	68	0.1539141	0.5650098	0.7967951	-0.23178536	0.602211
12	NPCr	cdf	493	0.15331727	0.58878005	0.6860921	-0.09731203	0.49203533
12	NPCr	cdf	412	0.15103179	0.4314507	0.7208448	-0.2893941	0.46246853
12	NPCr	cdf	393	0.1508987	0.66987437	0.75233644	-0.08246207	0.17771392
12	NPCr	cdf	613	0.15054935	0.55544955	0.75901085	-0.2035613	1.8411881
12	NPCr	cdf	901	0.1503334	0.51725346	0.6673169	-0.15006346	0.9231286
12	NPCr	cdf	535	0.14982927	0.45276317	0.6699573	-0.21719411	0.59746706
12	NPCr	cdf	35	0.14981323	0.62322605	0.8131813	-0.18995523	0.27624494
12	NPCr	cdf	590	0.14906824	0.398806	0.7789962	-0.38019022	0.4297249
12	NPCr	cdf	528	0.14815217	0.42373225	0.6646637	-0.24093142	0.49243832
12	NPCr	cdf	907	0.14610147	0.42972583	0.7665932	-0.3368674	0.46081758
12	NPCr	cdf	45	0.14583576	0.55083096	0.87815684	-0.32732588	0.47885194
12	NPCr	cdf	899	0.14583153	0.32505387	0.77846664	-0.45341277	0.6035716
12	NPCr	cdf	616	0.14508122	0.520538	0.8144661	-0.29392815	0.3719241
12	NPCr	cdf	109	0.14481813	0.64048	0.851286	-0.21080601	0.35766244
12	NPCr	cdf	687	0.14303064	0.5040803	0.79685223	-0.29277194	1.0253787
12	NPCr	cdf	641	0.14294964	0.58384514	0.77509505	-0.1912499	0.38513055
12	NPCr	cdf	394	0.14271468	0.61242163	0.67240995	-0.05998832	0.2704734
12	NPCr	cdf	202	0.1409939	0.5053799	0.6367861	-0.13140619	0.0943815
12	NPCr	cdf	23	0.13971996	0.51675534	0.83606344	-0.3193081	0.51003087
12	NPCr	cdf	133	0.13835055	0.550715	0.8509065	-0.30019146	0.8304732
12	NPCr	cdf	475	0.13749307	0.6892863	0.83977073	-0.15048444	0.8486654
12	NPCr	cdf	161	0.13691026	0.3080266	0.73114383	-0.42311722	0.70666754
12	NPCr	cdf	476	0.13672769	0.5703466	0.7224333	-0.15208673	0.1592527
12	NPCr	cdf	129	0.13667822	0.3444935	0.81509584	-0.47060233	0.42885622
12	NPCr	cdf	497	0.13582724	0.6459141	0.84210336	-0.19618928	0.42022437
12	NPCr	cdf	905	0.13392836	0.62035036	0.7534326	-0.13308221	0.23393604
12	NPCr	cdf	400	0.1335777	0.39063615	0.62207747	-0.23144132	0.11231375
12	NPCr	cdf	838	0.13207924	0.2230746	0.58482254	-0.36174792	0.49258953
12	NPCr	cdf	43	0.13137418	0.42370406	0.67762566	-0.2539216	1.2104849
12	NPCr	cdf	626	0.1304385	0.42175797	0.6875836	-0.26582566	0.32529324
12	NPCr	cdf	48	0.13020062	0.29735136	0.67822796	-0.3808766	0.54636186
12	NPCr	cdf	47	0.12965232	0.4397201	0.7883435	-0.3486234	0.8244633
12	NPCr	cdf	480	0.12922889	0.63829964	0.87137055	-0.23307091	0.4877049
12	NPCr	cdf	446	0.12900257	0.3785119	0.8106149	-0.43210298	0.31925687
12	NPCr	cdf	663	0.12794143	0.3724806	0.7083893	-0.33590868	0.45651403
12	NPCr	cdf	108	0.12769574	0.5356448	0.8203171	-0.28467226	0.3436441
12	NPCr	cdf	123	0.1275469	0.3365006	0.59520704	-0.25870642	0.20663515
12	NPCr	cdf	332	0.12726104	0.43781283	0.43306118	0.0047516525	0.086452104
12	NPCr	cdf	148	0.12670088	0.25827911	0.39574626	-0.13746715	0.08508382
12	NPCr	cdf	418	0.12661326	0.26814792	0.60418355	-0.33603564	0.28404585
12	NPCr	cdf	849	0.1257171	0.39578748	0.6283276	-0.23254013	0.3989385
12	NPCr	cdf	644	0.12424171	0.5042042	0.75068206	-0.24647784	0.95224905
12	NPCr	cdf	612	0.12381482	0.5080648	0.75773996	-0.24967515	0.57880294
12	NPCr	cdf	611	0.12366384	0.46271786	0.75583917	-0.2931213	0.48755223
12	NPCr	cdf	582	0.123618186	0.6330671	0.868189	-0.2351219	0.3781159
12	NPCr	cdf	56	0.12337661	0.5399696	0.8300354	-0.29006577	0.42722297
12	NPCr	cdf	38	0.12332159	0.72137403	0.8587348	-0.13736075	0.48014992
12	NPCr	cdf	712	0.12226015	0.56317395	0.64550465	-0.082330704	0.26485428
12	NPCr	cdf	39	0.12205827	0.7040148	0.8522573	-0.14824253	0.42094964
12	NPCr	cdf	897	0.12156886	0.51521355	0.71597505	-0.2007615	0.4464698
12	NPCr	cdf	79	0.119832814	0.41848323	0.77471	-0.35622677	0.57240605
12	NPCr	cdf	188	0.11982411	0.45260113	0.8492334	-0.39663225	0.4168345
12	NPCr	cdf	804	0.11973745	0.3657056	0.60633993	-0.24063432	0.3412098
12	NPCr	cdf	24	0.11951774	0.57686013	0.8852084	-0.3083483	0.6679833
12	NPCr	cdf	20	0.11922032	0.5786219	0.808557	-0.22993505	0.78113127
12	NPCr	cdf	10	0.119113564	0.6870771	0.77584815	-0.088771045	0.8133473
12	NPCr	cdf	529	0.117388606	0.62143815	0.7932817	-0.17184353	0.24856545
12	NPCr	cdf	49	0.11729497	0.4673931	0.8145478	-0.34715468	0.39683023
12	NPCr	cdf	30	0.1171515	0.6675884	0.8337192	-0.16613078	0.6780975
12	NPCr	cdf	599	0.11637509	0.49830228	0.6889619	-0.19065964	0.28239873
12	NPCr	cdf	836	0.116252005	0.48755214	0.6103262	-0.122774035	0.39421698
12	NPCr	cdf	193	0.11619425	0.45458856	0.73845637	-0.2838678	0.37336838
12	NPCr	cdf	664	0.11611134	0.4299863	0.61621696	-0.18623066	0.27563512
12	NPCr	cdf	125	0.11554861	0.52116954	0.8872776	-0.36610806	0.47527486
12	NPCr	cdf	484	0.11540705	0.5116681	0.8013253	-0.28965724	0.25723594
12	NPCr	cdf	596	0.1150617	0.4813081	0.74486595	-0.26355785	0.33352816
12	NPCr	cdf	120	0.1144954	0.4432995	0.7886238	-0.3453243	0.38880318
12	NPCr	cdf	746	0.11444491	0.34147614	0.70576614	-0.36429	0.29671997
12	NPCr	cdf	562	0.11416489	0.49048114	0.69084585	-0.20036471	0.41027015
12	NPCr	cdf	105	0.11349124	0.3143312	0.59540147	-0.28107026	0.2098744
12	NPCr	cdf	152	0.113199234	-0.06887517	0.32843378	-0.39730895	0.5801788
12	NPCr	cdf	798	0.112544656	0.5476199	0.80152875	-0.25390887	0.3636484
12	NPCr	cdf	703	0.11203182	-0.2939683	0.021283796	-0.3152521	0.16967359
12	NPCr	inverse_cdf	480	0.20847744	0.6343031	0.3976507	0.2366524	0.3813195
12	NPCr	inverse_cdf	475	0.20051587	0.65555006	0.38593194	0.26961812	0.87127435
12	NPCr	inverse_cdf	393	0.19932061	0.76887226	0.7855474	-0.016675115	0.193317
12	NPCr	inverse_cdf	140	0.19502825	0.47236225	0.59339184	-0.121029586	0.16157544
12	NPCr	inverse_cdf	397	0.19452578	0.74123853	0.45706865	0.28416988	0.59110916
12	NPCr	inverse_cdf	180	0.18931407	0.64491796	0.6393083	0.005609691	0.2539824
12	NPCr	inverse_cdf	27	0.18810171	0.6119044	0.21282881	0.39907557	0.622783
12	NPCr	inverse_cdf	71	0.18538779	0.8150987	0.4666548	0.3484439	0.5963681
12	NPCr	inverse_cdf	625	0.17476833	0.7445823	0.5980551	0.14652717	0.28907445
12	NPCr	inverse_cdf	33	0.17378044	0.5372024	0.21402438	0.32317805	0.5368576
12	NPCr	inverse_cdf	10	0.17333293	0.5932854	0.22469911	0.36858627	0.6830447
12	NPCr	inverse_cdf	73	0.1723193	0.50464743	0.32437912	0.18026832	0.29002282
12	NPCr	inverse_cdf	574	0.1692611	0.56638896	0.27820292	0.28818604	0.19579136
12	NPCr	inverse_cdf	575	0.1638127	0.4669595	0.29977667	0.16718283	0.2413537
12	NPCr	inverse_cdf	104	0.16315258	0.652919	0.62220436	0.030714631	0.19492006
12	NPCr	inverse_cdf	118	0.16130257	0.7475494	0.5678753	0.17967409	0.35672826
12	NPCr	inverse_cdf	311	0.16039324	0.55634034	0.41964924	0.1366911	1.1427063
12	NPCr	inverse_cdf	91	0.16007197	0.56219405	0.21516564	0.3470284	0.42614838
12	NPCr	inverse_cdf	28	0.1592747	0.601893	0.27728006	0.32461295	0.31399974
12	NPCr	inverse_cdf	21	0.15838873	0.6801566	0.4156944	0.2644622	0.53627324
12	NPCr	inverse_cdf	30	0.15463781	0.6556446	0.30653825	0.34910634	0.69098306
12	NPCr	inverse_cdf	62	0.15316099	0.60921943	0.5348968	0.07432264	0.1547147
12	NPCr	inverse_cdf	487	0.15211564	0.34885848	0.39902908	-0.0501706	0.27246967
12	NPCr	inverse_cdf	147	0.1507886	0.27684417	0.4818428	-0.20499861	0.1246629
12	NPCr	inverse_cdf	139	0.15060937	0.5106402	0.63843274	-0.12779254	0.10840267
12	NPCr	inverse_cdf	45	0.14838552	0.61435527	0.31391153	0.30044374	0.2953546
12	NPCr	inverse_cdf	492	0.14597392	0.76824015	0.4899074	0.27833274	0.38573888
12	NPCr	inverse_cdf	267	0.14419597	0.6844302	0.7473007	-0.0628705	0.1665996
12	NPCr	inverse_cdf	563	0.14356756	0.51956224	0.26228797	0.25727427	0.2077749
12	NPCr	inverse_cdf	119	0.14189935	0.4435904	0.4608231	-0.017232686	0.124253824
12	NPCr	inverse_cdf	113	0.1418128	0.7339769	0.39315456	0.34082234	0.31421766
12	NPCr	inverse_cdf	39	0.13977605	0.7522506	0.48042026	0.27183035	0.3191345
12	NPCr	inverse_cdf	98	0.13565671	0.80992556	0.6567477	0.15317786	0.10467012
12	NPCr	inverse_cdf	151	0.13549435	0.56604296	0.61077344	-0.044730484	0.12396527
12	NPCr	inverse_cdf	478	0.13509625	0.59804916	0.6170668	-0.019017637	0.11819389
12	NPCr	inverse_cdf	192	0.13496554	0.6241751	0.68983036	-0.06565529	0.16345826
12	NPCr	inverse_cdf	582	0.13471508	0.6866501	0.6154709	0.07117921	0.24072397
12	NPCr	inverse_cdf	394	0.13444716	0.80366296	0.6539266	0.14973634	0.27619618
12	NPCr	inverse_cdf	176	0.1326775	0.35475272	0.46028757	-0.10553485	0.17218843
12	NPCr	inverse_cdf	32	0.13264269	0.7921306	0.44574463	0.34638596	0.43639362
12	NPCr	inverse_cdf	484	0.13240391	0.51580524	0.3501452	0.16566005	0.19611968
12	NPCr	inverse_cdf	498	0.13128775	0.7699892	0.52611554	0.24387366	0.3207389
12	NPCr	inverse_cdf	622	0.13025206	0.6715904	0.46061376	0.21097663	0.35913804
12	NPCr	inverse_cdf	398	0.13002902	0.6251294	0.2503291	0.3748003	0.19766279
12	NPCr	inverse_cdf	90	0.12986964	0.7291941	0.49914408	0.23005003	0.54066366
12	NPCr	inverse_cdf	20	0.12956476	0.57807803	0.34913412	0.22894391	0.47198954
12	NPCr	inverse_cdf	9	0.12881434	0.5078386	0.4823974	0.0254412	0.34515926
12	NPCr	inverse_cdf	396	0.12864053	0.5472601	0.2596853	0.2875748	0.32579187
12	NPCr	inverse_cdf	678	0.12825108	0.3780544	0.2605883	0.11746612	0.20333761
12	NPCr	inverse_cdf	613	0.12749761	0.7037635	0.47939932	0.22436416	1.2868668
12	NPCr	inverse_cdf	24	0.12736398	0.59260774	0.46929362	0.12331411	0.53402567
12	NPCr	inverse_cdf	38	0.12695289	0.7399149	0.3283096	0.4116053	0.34703654
12	NPCr	inverse_cdf	78	0.12523198	0.5628939	0.38424742	0.1786465	0.62269163
12	NPCr	inverse_cdf	68	0.12491536	0.6526497	0.3907168	0.2619329	0.4124418
12	NPCr	inverse_cdf	49	0.12450582	0.5878742	0.26907447	0.3187997	0.3693209
12	NPCr	inverse_cdf	29	0.12401807	0.6688385	0.4307617	0.2380768	0.49432614
12	NPCr	inverse_cdf	268	0.123221695	0.30864784	0.51038617	-0.20173833	0.13120146
12	NPCr	inverse_cdf	36	0.12302196	0.14328547	-0.11366826	0.25695372	0.18008928
12	NPCr	inverse_cdf	400	0.12164527	0.5564589	0.67573124	-0.11927235	0.068005264
12	NPCr	inverse_cdf	108	0.12152046	0.61844313	0.52429247	0.09415066	0.26450738
12	NPCr	inverse_cdf	406	0.12133092	0.5024203	0.4632605	0.039159805	0.18087627
12	NPCr	inverse_cdf	158	0.12067157	0.53329825	0.36351156	0.16978669	0.44555494
12	NPCr	inverse_cdf	320	0.120489	0.7180398	0.5802705	0.13776928	0.72608125
12	NPCr	inverse_cdf	86	0.12034595	0.38410974	0.17080389	0.21330585	0.19043106
12	NPCr	inverse_cdf	23	0.11777246	0.4654263	0.50861394	-0.043187648	0.2993751
12	NPCr	inverse_cdf	409	0.11768764	0.42445388	0.4590941	-0.034640223	0.31790125
12	NPCr	inverse_cdf	177	0.11745477	0.035649717	0.17939742	-0.1437477	0.12075265
12	NPCr	inverse_cdf	109	0.11732012	0.69430214	0.47383767	0.22046447	0.2810095
12	NPCr	inverse_cdf	621	0.115799785	0.22948174	0.20079005	0.028691694	0.20452143
12	NPCr	inverse_cdf	175	0.11543608	0.50572884	0.5000173	0.0057115555	0.16292791
12	NPCr	inverse_cdf	767	0.11508489	0.4827797	0.25352347	0.22925624	0.56616044
12	NPCr	inverse_cdf	264	0.11487192	0.5808255	0.57536393	0.0054615736	0.115903676
12	NPCr	inverse_cdf	485	0.11458737	0.50797945	0.14979562	0.35818383	0.25313762
12	NPCr	inverse_cdf	81	0.11447084	0.5371713	0.3182207	0.2189506	0.14463471
12	NPCr	inverse_cdf	202	0.11431503	0.50545764	0.65404946	-0.14859182	0.11070178
12	NPCr	inverse_cdf	483	0.113321304	0.32816917	0.035102934	0.29306623	0.19840786
12	NPCr	inverse_cdf	486	0.1129117	0.53070325	0.3862204	0.14448285	0.31834736
12	NPCr	inverse_cdf	172	0.112696886	0.39472517	0.42387015	-0.029144973	0.10845796
12	NPCr	inverse_cdf	133	0.11242485	0.52383244	0.43486413	0.08896831	0.4358061
12	NPCr	inverse_cdf	31	0.110803366	0.59553045	0.3742407	0.22128975	0.3527065
12	NPCr	inverse_cdf	624	0.11056596	0.6088123	0.41394892	0.19486335	0.1891846
12	NPCr	inverse_cdf	22	0.10971898	0.17026664	0.29558647	-0.12531982	0.22001076
12	NPCr	inverse_cdf	599	0.10955644	0.5221336	0.1967577	0.32537588	0.20829064
12	NPCr	inverse_cdf	741	0.10923499	0.4728454	0.3311142	0.1417312	0.3754692
12	NPCr	inverse_cdf	496	0.10920161	0.58896905	0.48801246	0.10095659	0.22761858
12	NPCr	inverse_cdf	54	0.109184265	0.32389507	0.18845226	0.13544281	0.28322768
12	NPCr	inverse_cdf	228	0.10889661	0.3970914	0.5549183	-0.1578269	0.17754957
12	NPCr	inverse_cdf	35	0.10852653	0.50236887	0.40349066	0.098878205	0.17142743
12	NPCr	inverse_cdf	664	0.10797292	0.26090148	0.3506115	-0.08971003	0.19859925
12	NPCr	inverse_cdf	134	0.1078105	0.6154914	0.4952726	0.12021878	0.39595094
12	NPCr	inverse_cdf	476	0.107581735	0.5517022	0.53416485	0.017537355	0.13893712
12	NPCr	inverse_cdf	56	0.10746467	0.5530421	0.2845681	0.268474	0.29816467
12	NPCr	inverse_cdf	8	0.1065774	0.589839	0.20041274	0.38942623	0.56893325
12	NPCr	inverse_cdf	607	0.10604888	0.39771175	0.15614185	0.2415699	0.14413027
12	NPCr	inverse_cdf	491	0.105238855	0.5933526	0.29422697	0.29912564	0.19581248
12	NPCr	inverse_cdf	47	0.10518527	0.5943112	0.5153568	0.0789544	0.48733687
12	NPCr	inverse_cdf	735	0.10309559	0.47874203	0.19678275	0.2819593	0.15322646
12	NPCr	inverse_cdf	535	0.10284972	0.5948202	0.56119	0.033630192	0.34034127
12	NPCr	inverse_cdf	263	0.10268533	0.5727361	0.45392936	0.11880672	0.82685316
12	NPCr	inverse_cdf	144	0.10265261	0.37179446	0.32881808	0.04297638	0.055224366
13	BensonV1	cdf	378	0.16907603	0.7059393	0.83820647	-0.13226718	0.19104438
13	BensonV1	cdf	40	0.16587579	0.18491143	0.22921066	-0.04429923	0.22177477
13	BensonV1	cdf	106	0.16389704	0.69736904	0.75165695	-0.05428791	0.27624273
13	BensonV1	cdf	601	0.16145962	0.42462316	0.3075642	0.11705896	0.31024745
13	BensonV1	cdf	226	0.14132613	0.0074210297	0.50007427	-0.49265325	0.21132722
13	BensonV1	cdf	10	0.13415354	0.0985827	0.43278474	-0.33420205	0.18829297
13	BensonV1	cdf	274	0.12563485	0.43639833	0.49726805	-0.060869724	0.44294804
13	BensonV1	cdf	446	0.123716	0.7250765	0.6858457	0.039230824	0.19036493
13	BensonV1	cdf	21	0.11670345	0.4017648	0.5753394	-0.17357457	0.48004365
13	BensonV1	cdf	496	0.1154179	0.23460717	0.35557395	-0.12096678	0.40077126
13	BensonV1	cdf	37	0.11453503	0.044339735	-0.08995424	0.13429397	0.46153578
13	BensonV1	cdf	447	0.11091721	0.8217798	0.8135231	0.008256674	0.1493956
13	BensonV1	cdf	164	0.10732722	0.3195201	0.5619897	-0.24246964	0.22740625
13	BensonV1	cdf	398	0.107084334	0.62985796	0.51525664	0.114601314	0.262637
13	BensonV1	cdf	39	0.10530341	0.22040974	0.4381758	-0.21776606	0.4387421
13	BensonV1	cdf	920	0.10436827	0.2401901	0.46987024	-0.22968014	0.47138748
13	BensonV1	cdf	7	0.10432345	0.44763762	0.54559135	-0.09795374	0.36486349
13	BensonV1	cdf	1	0.101861715	-0.16713503	-0.34158498	0.17444995	0.8247267
13	BensonV1	cdf	392	0.098416805	0.46582785	0.27713078	0.18869707	0.3636195
13	BensonV1	cdf	66	0.09695691	-0.0061956015	0.4160371	-0.42223272	0.32315025
13	BensonV1	cdf	951	0.09636867	0.20979217	0.38037118	-0.17057902	0.20521918
13	BensonV1	cdf	649	0.093816936	0.3777138	0.53472036	-0.15700656	0.13896705
13	BensonV1	cdf	942	0.09185481	0.3408006	0.39982587	-0.059025258	0.20996681
13	BensonV1	cdf	330	0.08912188	0.4730928	0.35741448	0.11567831	0.27328894
13	BensonV1	cdf	23	0.086901546	0.19723228	0.28448382	-0.087251544	0.18979926
13	BensonV1	cdf	6	0.085785806	-0.06404086	0.24825978	-0.31230065	0.36027843
13	BensonV1	cdf	198	0.08478916	0.56660545	0.6489497	-0.082344234	0.10182409
13	BensonV1	cdf	4	0.0847671	-0.06682605	0.16489765	-0.2317237	0.23016676
13	BensonV1	cdf	195	0.08334917	-0.072903425	0.52704555	-0.599949	0.15484984
13	BensonV1	cdf	792	0.08154118	0.003195175	0.081891716	-0.07869654	0.1417595
13	BensonV1	cdf	921	0.080731094	0.39165992	0.27412888	0.11753103	0.16383345
13	BensonV1	cdf	887	0.080331266	0.25146908	0.08583828	0.16563079	0.15411331
13	BensonV1	cdf	334	0.079722166	0.18091697	0.22698902	-0.04607205	0.26619375
13	BensonV1	cdf	267	0.079321265	0.011812713	0.11764148	-0.10582876	0.25503644
13	BensonV1	cdf	789	0.07929295	0.23051491	0.25476545	-0.024250537	0.15848726
13	BensonV1	cdf	941	0.07843667	0.30690655	0.54351807	-0.23661152	0.32101014
13	BensonV1	cdf	453	0.077682376	0.7053485	0.8136302	-0.10828173	0.27356264
13	BensonV1	cdf	22	0.07575381	0.3598169	0.0058783405	0.35393858	0.31721267
13	BensonV1	cdf	807	0.07566148	0.5269541	0.38181785	0.14513627	0.25450715
13	BensonV1	cdf	3	0.075163126	0.24215752	0.44228494	-0.20012742	0.20776933
13	BensonV1	cdf	2	0.07504624	0.13876502	0.24405243	-0.1052874	0.45626208
13	BensonV1	cdf	851	0.074747145	0.27235243	0.39255244	-0.12020001	0.29387143
13	BensonV1	cdf	98	0.07172632	0.22504367	0.23061445	-0.005570784	0.29345837
13	BensonV1	cdf	608	0.071495295	0.5235945	0.42209908	0.101495415	0.10673443
13	BensonV1	cdf	911	0.07142645	0.09926116	0.21970148	-0.12044033	0.33877128
13	BensonV1	cdf	539	0.06945974	0.22908789	0.17701943	0.052068457	0.10911907
13	BensonV1	cdf	140	0.069215894	0.18860817	0.62361014	-0.43500197	0.14384401
13	BensonV1	cdf	928	0.0684225	0.0352238	0.33846346	-0.30323964	0.23445366
13	BensonV1	cdf	326	0.066770256	0.4981352	0.44228193	0.055853277	0.58346236
13	BensonV1	cdf	511	0.06655538	0.74107456	0.5679366	0.17313796	0.10709319
13	BensonV1	cdf	474	0.06637919	0.614435	0.66314334	-0.04870832	0.13422689
13	BensonV1	cdf	538	0.06621432	0.019531116	-0.15121907	0.17075019	0.16826856
13	BensonV1	cdf	185	0.06448811	-0.011451058	0.2600656	-0.27151665	0.09776593
13	BensonV1	cdf	373	0.06424552	0.6143455	0.48529157	0.12905392	0.09863382
13	BensonV1	cdf	346	0.06351805	0.090388425	0.22338991	-0.13300148	0.57166296
13	BensonV1	cdf	426	0.062951565	0.43419862	0.49152768	-0.05732906	0.17169628
13	BensonV1	cdf	336	0.06267583	-0.23835154	0.1784669	-0.41681844	0.27413842
13	BensonV1	cdf	401	0.06255692	0.73934865	0.7370792	0.0022694468	0.22125995
13	BensonV1	cdf	895	0.061938405	-0.056074314	0.24585626	-0.30193058	0.13668945
13	BensonV1	cdf	407	0.061919153	0.45539087	0.45253155	0.0028593242	0.15540175
13	BensonV1	cdf	787	0.061563373	-0.22702576	-0.024052424	-0.20297334	0.13592647
13	BensonV1	cdf	795	0.06021118	0.23343919	0.23944502	-0.0060058236	0.12781441
13	BensonV1	cdf	171	0.05925268	-0.19064085	-0.0011570099	-0.18948384	0.158422
13	BensonV1	cdf	890	0.0591231	0.15455057	0.47200796	-0.31745738	0.20697919
13	BensonV1	cdf	416	0.059083164	0.5195185	0.6656103	-0.14609182	0.065244935
13	BensonV1	cdf	479	0.05881828	0.7707815	0.7463856	0.024395943	0.16689527
13	BensonV1	cdf	61	0.058441997	0.26385513	0.51996315	-0.25610802	0.24861313
13	BensonV1	cdf	364	0.058348656	0.3860521	0.55957806	-0.17352596	0.12861401
13	BensonV1	cdf	335	0.0583207	0.53836334	0.6123975	-0.074034154	0.19591373
13	BensonV1	cdf	245	0.058125257	0.14282621	0.24774641	-0.10492019	0.09759505
13	BensonV1	cdf	559	0.05768621	0.23822933	0.15106542	0.08716391	0.11134101
13	BensonV1	cdf	832	0.057581186	0.04352412	0.28159204	-0.23806792	0.13349973
13	BensonV1	cdf	441	0.05738616	0.54936033	0.54053617	0.00882417	0.07854958
13	BensonV1	cdf	785	0.057209015	0.40655917	0.56357616	-0.157017	0.15254554
13	BensonV1	cdf	894	0.05709678	-0.15425904	-0.015542744	-0.1387163	0.1092212
13	BensonV1	cdf	331	0.057096124	0.40104067	0.36028272	0.040757954	0.5707217
13	BensonV1	cdf	340	0.056562066	0.20327401	0.43926373	-0.23598972	0.30180377
13	BensonV1	cdf	699	0.05652547	0.22069238	0.3904673	-0.1697749	0.23596725
13	BensonV1	cdf	856	0.056289792	0.22222142	0.29823792	-0.0760165	0.21152115
13	BensonV1	cdf	151	0.056089222	0.10729266	-0.012371743	0.1196644	0.08206313
13	BensonV1	cdf	8	0.05598122	0.5439337	0.35413775	0.18979594	0.2884346
13	BensonV1	cdf	555	0.055824935	0.4556569	0.425658	0.029998899	0.09953221
13	BensonV1	cdf	393	0.055533588	0.77415943	0.41847932	0.3556801	0.26279095
13	BensonV1	cdf	123	0.05548966	0.09439264	0.36741412	-0.27302146	0.20575379
13	BensonV1	cdf	399	0.05504155	0.7198886	0.42222258	0.29766604	0.24259016
13	BensonV1	cdf	211	0.05496812	0.14020361	0.44558287	-0.30537927	0.20873302
13	BensonV1	cdf	754	0.05455655	-0.036647856	0.14614068	-0.18278854	0.27087963
13	BensonV1	cdf	417	0.054410994	0.39070922	0.6687176	-0.2780084	0.19855522
13	BensonV1	cdf	65	0.054375052	0.40265635	0.45371875	-0.051062405	0.13880979
13	BensonV1	cdf	400	0.05422181	0.696554	0.78607213	-0.08951813	0.137643
13	BensonV1	cdf	329	0.05400449	-0.24564917	0.004980602	-0.25062978	0.2851059
13	BensonV1	cdf	270	0.053565502	-0.015564392	0.23906812	-0.2546325	0.19288838
13	BensonV1	cdf	418	0.05344498	0.6196865	0.75276196	-0.13307548	0.08479693
13	BensonV1	cdf	842	0.052737415	-0.3032557	-0.17263071	-0.130625	0.13809142
13	BensonV1	cdf	222	0.05208069	-0.12436089	-0.01730684	-0.10705405	0.1388649
13	BensonV1	cdf	141	0.052075565	0.55788416	0.5113334	0.04655075	0.18746841
13	BensonV1	cdf	857	0.051934063	-0.09800646	0.050110627	-0.14811708	0.09608708
13	BensonV1	cdf	811	0.05187124	-0.33730048	0.22531013	-0.5626106	0.23123218
13	BensonV1	cdf	221	0.051594853	-0.109216526	-0.046743013	-0.062473513	0.15887225
13	BensonV1	cdf	395	0.051536262	0.28836092	0.610478	-0.32211706	0.1162342
13	BensonV1	inverse_cdf	447	0.2575935	0.59490013	0.8176139	-0.22271377	0.24608178
13	BensonV1	inverse_cdf	410	0.22725838	0.4434833	0.4756261	-0.032142818	0.3704177
13	BensonV1	inverse_cdf	625	0.20900947	0.114124164	0.15509453	-0.04097037	0.14864323
13	BensonV1	inverse_cdf	417	0.20655292	0.50869143	0.5113797	-0.0026882887	0.4019775
13	BensonV1	inverse_cdf	401	0.20539486	0.40523288	0.41624138	-0.011008501	0.42149848
13	BensonV1	inverse_cdf	479	0.20254558	0.5402271	0.7550487	-0.21482158	0.29802993
13	BensonV1	inverse_cdf	464	0.19568282	0.44000867	0.49714282	-0.05713415	0.66199607
13	BensonV1	inverse_cdf	510	0.1955561	0.41954195	0.52344126	-0.1038993	0.49818292
13	BensonV1	inverse_cdf	313	0.19311357	0.20473006	0.45693615	-0.2522061	0.20391724
13	BensonV1	inverse_cdf	416	0.19047499	0.4240114	0.5582866	-0.1342752	0.18354158
13	BensonV1	inverse_cdf	378	0.18879813	0.6454296	0.7670375	-0.1216079	0.19323991
13	BensonV1	inverse_cdf	634	0.18623376	0.3601115	0.37547797	-0.015366465	0.21636432
13	BensonV1	inverse_cdf	571	0.1839878	0.37039378	0.3716346	-0.0012408197	0.14279084
13	BensonV1	inverse_cdf	453	0.18393523	0.5183816	0.66224784	-0.14386624	0.38870037
13	BensonV1	inverse_cdf	409	0.18264586	0.47817275	0.43835494	0.03981781	0.21835464
13	BensonV1	inverse_cdf	472	0.18236929	0.310821	0.45294335	-0.14212236	0.32780817
13	BensonV1	inverse_cdf	465	0.17939192	0.4790681	0.5912405	-0.112172425	0.44295028
13	BensonV1	inverse_cdf	572	0.17353117	-0.0909159	-0.0873918	-0.0035241023	0.14887424
13	BensonV1	inverse_cdf	418	0.17023098	0.55666816	0.60634696	-0.049678802	0.28001174
13	BensonV1	inverse_cdf	400	0.16478574	0.5268217	0.39764798	0.1291737	0.3223751
13	BensonV1	inverse_cdf	330	0.1606521	0.5049302	0.23096144	0.27396876	0.327472
13	BensonV1	inverse_cdf	499	0.16061884	0.4662308	0.45783225	0.008398563	0.45424908
13	BensonV1	inverse_cdf	375	0.1594829	0.39342988	0.6367947	-0.24336481	0.39070663
13	BensonV1	inverse_cdf	446	0.15741134	0.6335952	0.7164429	-0.082847655	0.18731673
13	BensonV1	inverse_cdf	523	0.15617245	0.47051188	0.5709275	-0.10041562	0.37458494
13	BensonV1	inverse_cdf	578	0.15560877	0.483331	0.60209596	-0.11876497	0.42794204
13	BensonV1	inverse_cdf	439	0.14922947	0.26573315	0.5508545	-0.28512135	0.45137763
13	BensonV1	inverse_cdf	566	0.14914387	0.09286089	0.11735374	-0.024492845	0.17558633
13	BensonV1	inverse_cdf	274	0.14855468	0.57160056	0.32199985	0.24960071	0.5215152
13	BensonV1	inverse_cdf	516	0.14751416	0.3373724	0.48696533	-0.14959294	0.26106226
13	BensonV1	inverse_cdf	211	0.14576483	0.36917332	0.5704139	-0.20124057	0.17846374
13	BensonV1	inverse_cdf	518	0.14442468	0.49970904	0.42433017	0.075378865	0.17481646
13	BensonV1	inverse_cdf	202	0.14307797	0.32794085	0.47698516	-0.1490443	0.1827154
13	BensonV1	inverse_cdf	402	0.14189786	0.25458157	0.17574303	0.07883854	0.22407207
13	BensonV1	inverse_cdf	527	0.14146811	0.2613774	0.5451228	-0.2837454	0.3750602
13	BensonV1	inverse_cdf	425	0.139983	0.4400635	0.45642915	-0.016365647	0.16922578
13	BensonV1	inverse_cdf	426	0.13865572	0.46146652	0.4019466	0.059519917	0.28419912
13	BensonV1	inverse_cdf	503	0.13734108	0.40258026	0.6322586	-0.22967833	0.842728
13	BensonV1	inverse_cdf	579	0.13672161	0.12865396	0.3695899	-0.24093594	0.16440724
13	BensonV1	inverse_cdf	691	0.13443029	0.46829012	0.4890772	-0.02078709	0.38751146
13	BensonV1	inverse_cdf	106	0.13136697	0.7268306	0.44985664	0.27697396	0.24930969
13	BensonV1	inverse_cdf	576	0.13084215	0.47966245	0.5588188	-0.07915637	0.29173678
13	BensonV1	inverse_cdf	505	0.12970263	0.34767202	0.29857433	0.049097687	0.18714921
13	BensonV1	inverse_cdf	22	0.12913436	0.08005845	0.15211292	-0.07205447	0.3190994
13	BensonV1	inverse_cdf	511	0.12910461	0.63328844	0.48191658	0.15137187	0.1516829
13	BensonV1	inverse_cdf	226	0.12749529	0.6190113	0.38329208	0.2357192	0.16787216
13	BensonV1	inverse_cdf	289	0.1268146	0.31765175	0.34186184	-0.024210095	0.14162211
13	BensonV1	inverse_cdf	437	0.12614644	0.16116574	0.26814854	-0.1069828	0.12531768
13	BensonV1	inverse_cdf	692	0.12405926	0.4231417	0.35857838	0.064563304	0.3306255
13	BensonV1	inverse_cdf	620	0.12384832	0.26474452	0.5522513	-0.28750676	0.22804625
13	BensonV1	inverse_cdf	376	0.12213981	0.099189885	0.4867303	-0.38754043	0.19628991
13	BensonV1	inverse_cdf	555	0.121635616	0.48448852	0.4605119	0.023976624	0.16230576
13	BensonV1	inverse_cdf	210	0.1213181	0.3888838	0.56417733	-0.17529353	0.38182542
13	BensonV1	inverse_cdf	407	0.12085527	0.21562535	0.15005678	0.06556857	0.13796279
13	BensonV1	inverse_cdf	554	0.12071043	0.17624363	0.22745542	-0.05121179	0.1602356
13	BensonV1	inverse_cdf	408	0.11851978	0.34360993	0.35783947	-0.014229536	0.16741794
13	BensonV1	inverse_cdf	558	0.117819846	0.22793756	0.46067894	-0.23274137	0.5918934
13	BensonV1	inverse_cdf	365	0.1171031	0.23604235	0.43858266	-0.20254031	1.3138878
13	BensonV1	inverse_cdf	214	0.116425574	0.48716253	0.40422073	0.0829418	0.09511531
13	BensonV1	inverse_cdf	326	0.114845455	0.36714095	0.077643014	0.28949794	0.63294786
13	BensonV1	inverse_cdf	265	0.11447793	0.45144492	0.609758	-0.1583131	0.17044221
13	BensonV1	inverse_cdf	209	0.11407584	0.38088983	0.38685498	-0.0059651434	0.1982085
13	BensonV1	inverse_cdf	637	0.11396134	0.440818	0.20756522	0.2332528	0.41573888
13	BensonV1	inverse_cdf	739	0.11353314	0.24498524	0.42756703	-0.1825818	0.16592722
13	BensonV1	inverse_cdf	736	0.11352813	0.39149904	0.49522588	-0.103726834	0.21173884
13	BensonV1	inverse_cdf	329	0.11239076	0.17708576	0.15547991	0.02160585	0.43902284
13	BensonV1	inverse_cdf	466	0.11234975	0.5201972	0.29909217	0.22110504	0.12524411
13	BensonV1	inverse_cdf	627	0.112115026	0.05592413	0.5123381	-0.45641398	0.15156662
13	BensonV1	inverse_cdf	504	0.11105019	-0.018801138	0.052552827	-0.071353965	0.35373446
13	BensonV1	inverse_cdf	432	0.11104971	0.23787355	0.37271282	-0.13483927	0.22346509
13	BensonV1	inverse_cdf	398	0.11051434	0.5714794	0.26962805	0.30185133	0.31057116
13	BensonV1	inverse_cdf	517	0.110238016	0.49662352	0.5937431	-0.09711957	0.15959445
13	BensonV1	inverse_cdf	250	0.109365046	0.21753505	0.4257334	-0.20819834	0.23360758
13	BensonV1	inverse_cdf	469	0.10774189	0.40344626	0.40466595	-0.0012196898	0.20121898
13	BensonV1	inverse_cdf	306	0.10750216	0.28969276	0.51746416	-0.2277714	0.46556738
13	BensonV1	inverse_cdf	70	0.10705817	0.370065	0.34168997	0.02837503	0.35535833
13	BensonV1	inverse_cdf	462	0.1065768	0.40168658	0.26084074	0.14084584	0.4592816
13	BensonV1	inverse_cdf	366	0.10632026	0.053670578	0.32177982	-0.26810923	0.24505843
13	BensonV1	inverse_cdf	614	0.10603243	0.51071423	0.30957514	0.20113909	0.10159903
13	BensonV1	inverse_cdf	390	0.10600495	0.2917211	0.43989402	-0.14817291	0.30997047
13	BensonV1	inverse_cdf	301	0.10511607	0.16697946	0.37550205	-0.20852259	0.39357468
13	BensonV1	inverse_cdf	164	0.10499817	0.36834794	0.5361904	-0.16784245	0.11890973
13	BensonV1	inverse_cdf	428	0.10482854	0.20051436	0.24669695	-0.046182588	0.1857639
13	BensonV1	inverse_cdf	560	0.10481185	0.22034395	0.28619885	-0.06585491	0.16818348
13	BensonV1	inverse_cdf	395	0.10432315	0.46346942	0.4365666	0.026902825	0.2451911
13	BensonV1	inverse_cdf	635	0.10427445	0.25370973	0.44786942	-0.19415969	0.16774851
13	BensonV1	inverse_cdf	545	0.10353464	0.03992635	0.021831116	0.018095234	0.60035497
13	BensonV1	inverse_cdf	497	0.10337514	0.1628672	0.17307134	-0.010204136	0.32870048
13	BensonV1	inverse_cdf	295	0.10322982	0.14876972	0.32940525	-0.18063553	0.3426668
13	BensonV1	inverse_cdf	598	0.10310215	0.25447616	0.21738216	0.037093997	0.14481673
13	BensonV1	inverse_cdf	742	0.102903664	0.39959097	0.4346273	-0.035036325	0.24744436
13	BensonV1	inverse_cdf	393	0.10226941	0.4513288	0.39761066	0.05371815	0.28475472
13	BensonV1	inverse_cdf	445	0.101943195	-0.11294355	0.20537907	-0.31832263	0.20086975
13	BensonV1	inverse_cdf	364	0.10180861	0.35834858	0.45887333	-0.10052475	0.09627435
13	BensonV1	inverse_cdf	119	0.10140127	0.28071868	0.38837746	-0.10765877	0.17881615
13	BensonV1	inverse_cdf	688	0.10109198	0.35745692	0.34917262	0.008284301	0.12288404
13	BensonV1	inverse_cdf	251	0.10086864	0.19968207	0.38423583	-0.18455376	0.23881103
13	BensonV1	inverse_cdf	258	0.100853205	0.09914169	0.45266005	-0.35351837	0.24385405
13	BensonV1	inverse_cdf	704	0.10060388	-0.05081276	0.16464165	-0.2154544	0.24279992
13	BensonV1	inverse_cdf	327	0.100043654	0.34383792	0.339476	0.0043619275	0.268082
13	NPCr	cdf	369	0.30765283	0.62797844	0.71117413	-0.08319569	0.60283846
13	NPCr	cdf	443	0.27733916	0.80452025	0.79140127	0.013118982	0.50930345
13	NPCr	cdf	338	0.27353758	0.54327315	0.6927026	-0.14942944	1.5975125
13	NPCr	cdf	805	0.26050365	0.7099519	0.6572789	0.052672982	0.91018724
13	NPCr	cdf	649	0.2591182	0.57951325	0.60375905	-0.024245799	0.4977811
13	NPCr	cdf	345	0.25700027	0.55439883	0.71174824	-0.15734941	0.93570036
13	NPCr	cdf	304	0.21993715	0.41558313	0.56285596	-0.14727283	1.0614198
13	NPCr	cdf	850	0.21952611	0.5884427	0.49055535	0.09788734	0.45680383
13	NPCr	cdf	299	0.21753925	0.5102364	0.6299374	-0.11970103	2.1344361
13	NPCr	cdf	799	0.21350914	0.648904	0.6658151	-0.01691109	1.0745682
13	NPCr	cdf	397	0.21274066	0.42944178	0.7438738	-0.314432	0.67407936
13	NPCr	cdf	362	0.21168673	0.48965636	0.6480699	-0.15841356	0.677544
13	NPCr	cdf	806	0.20921278	0.65566784	0.6932318	-0.03756398	0.76361233
13	NPCr	cdf	491	0.20882362	0.5325018	0.54754066	-0.015038848	1.7052011
13	NPCr	cdf	746	0.20831215	0.7677245	0.67935055	0.08837396	0.7042573
13	NPCr	cdf	447	0.20734483	0.6430478	0.6867102	-0.04366237	0.41439986
13	NPCr	cdf	310	0.2064572	0.528079	0.5881347	-0.060055733	1.2616593
13	NPCr	cdf	527	0.20577401	0.60205716	0.6576063	-0.055549145	0.7066646
13	NPCr	cdf	967	0.20495391	0.3983795	0.53761935	-0.13923985	0.8602746
13	NPCr	cdf	851	0.20229495	0.77644044	0.71212196	0.06431848	0.7928894
13	NPCr	cdf	429	0.19863993	0.62915283	0.6721136	-0.042960763	0.35360685
13	NPCr	cdf	372	0.19694614	0.1718888	0.3778139	-0.2059251	1.1917268
13	NPCr	cdf	442	0.19540137	0.69675267	0.67656386	0.020188808	0.34021205
13	NPCr	cdf	800	0.19487	0.56131315	0.71042126	-0.14910811	0.33947766
13	NPCr	cdf	533	0.1939804	0.5920347	0.7028033	-0.110768616	0.5387124
13	NPCr	cdf	633	0.19273716	0.6168309	0.7103661	-0.093535185	1.2327348
13	NPCr	cdf	965	0.19040895	0.29309154	0.57712704	-0.2840355	0.57159317
13	NPCr	cdf	946	0.19007528	0.42615002	0.49389783	-0.0677478	0.48749882
13	NPCr	cdf	293	0.18761289	0.52939695	0.6070236	-0.077626646	2.418684
13	NPCr	cdf	389	0.18714434	0.5547656	0.67458713	-0.11982155	0.4925299
13	NPCr	cdf	457	0.18457931	0.1990648	0.41039252	-0.21132772	0.48860633
13	NPCr	cdf	402	0.18149227	0.48091084	0.6608586	-0.17994773	2.150525
13	NPCr	cdf	437	0.18016458	0.6379809	0.45427415	0.18370673	0.2674891
13	NPCr	cdf	490	0.17886955	0.61506796	0.71660566	-0.101537704	0.88825494
13	NPCr	cdf	638	0.17795563	0.5850116	0.68945086	-0.10443926	1.1821496
13	NPCr	cdf	250	0.17696369	0.5236164	0.49204364	0.03157273	0.36537975
13	NPCr	cdf	359	0.17576486	0.54521674	0.7827598	-0.23754305	0.30947477
13	NPCr	cdf	637	0.17561257	0.54591215	0.6139225	-0.06801033	0.34630674
13	NPCr	cdf	333	0.17465681	0.30770198	0.59234625	-0.28464428	0.3315887
13	NPCr	cdf	642	0.1728819	0.47853574	0.6293774	-0.15084168	0.6440653
13	NPCr	cdf	337	0.17146105	0.52336586	0.62044626	-0.09708041	2.038042
13	NPCr	cdf	885	0.16960597	0.5638137	0.67771554	-0.11390185	0.45614967
13	NPCr	cdf	287	0.16819298	0.56628466	0.6182746	-0.051989973	0.31595185
13	NPCr	cdf	286	0.1667189	0.54876965	0.6098806	-0.061110973	1.6711963
13	NPCr	cdf	479	0.1664021	0.23410009	0.36944386	-0.13534378	1.7093065
13	NPCr	cdf	828	0.16601604	0.61138356	0.74969995	-0.1383164	0.31092903
13	NPCr	cdf	745	0.16577715	0.4478416	0.45583704	-0.007995427	0.4212277
13	NPCr	cdf	804	0.16506445	0.6131082	0.56101483	0.052093387	0.32119435
13	NPCr	cdf	313	0.16399819	0.47091246	0.62234163	-0.15142918	1.285803
13	NPCr	cdf	889	0.1604451	0.25007167	0.48189804	-0.23182636	0.517333
13	NPCr	cdf	300	0.15984595	0.49629566	0.7478763	-0.25158063	0.31442925
13	NPCr	cdf	303	0.15826643	0.45910665	0.49703267	-0.03792602	1.6830491
13	NPCr	cdf	448	0.15449363	0.5545713	0.7299089	-0.17533761	0.4929333
13	NPCr	cdf	979	0.15402079	0.10846695	0.44471458	-0.33624762	0.4165764
13	NPCr	cdf	281	0.15395927	0.35198992	0.3598054	-0.00781548	0.21564278
13	NPCr	cdf	880	0.15207827	0.45793983	0.5180471	-0.06010726	0.7569947
13	NPCr	cdf	214	0.15190905	0.1787426	0.3881594	-0.20941679	0.07728913
13	NPCr	cdf	373	0.15180308	0.26326707	0.41952223	-0.15625516	0.45395568
13	NPCr	cdf	288	0.15051496	0.53593564	0.5248392	0.011096418	0.5618835
13	NPCr	cdf	309	0.15038693	0.28374738	0.4367086	-0.15296122	0.79222065
13	NPCr	cdf	884	0.14977175	0.45875394	0.5964725	-0.13771856	0.83864975
13	NPCr	cdf	249	0.14962274	0.5519807	0.6545808	-0.1026001	0.32461804
13	NPCr	cdf	322	0.14894533	0.6337397	0.4595004	0.17423931	0.2525532
13	NPCr	cdf	855	0.14864373	0.49292663	0.5259269	-0.03300026	0.63523036
13	NPCr	cdf	503	0.14837635	0.45847723	0.7113336	-0.25285634	0.28895685
13	NPCr	cdf	368	0.14823705	0.44422138	0.40591526	0.038306117	0.5987331
13	NPCr	cdf	730	0.14804083	0.64188296	0.73056966	-0.088686705	0.71662927
13	NPCr	cdf	632	0.14393198	0.5957803	0.62288	-0.027099669	0.41143054
13	NPCr	cdf	740	0.14318818	0.5817996	0.66668665	-0.08488703	0.4021062
13	NPCr	cdf	849	0.14207178	0.7001927	0.66823965	0.031953037	0.38858965
13	NPCr	cdf	496	0.14066112	0.45634508	0.6119013	-0.1555562	0.7360018
13	NPCr	cdf	215	0.14007199	0.12629619	0.245152	-0.118855804	0.057511743
13	NPCr	cdf	1023	0.13931632	-0.072672695	0.26657823	-0.33925092	0.3588883
13	NPCr	cdf	357	0.1376813	0.6028475	0.70147854	-0.098631024	0.5640288
13	NPCr	cdf	866	0.13753009	0.2880004	0.32247928	-0.034478873	0.24632211
13	NPCr	cdf	743	0.13591707	0.016065719	0.28130296	-0.26523724	0.26221913
13	NPCr	cdf	528	0.13553387	0.59075797	0.7582094	-0.16745144	0.29275036
13	NPCr	cdf	848	0.13451004	0.37177423	0.4162654	-0.04449117	0.74475646
13	NPCr	cdf	966	0.13371915	0.3154862	0.41278738	-0.097301185	0.24419674
13	NPCr	cdf	405	0.13352054	0.41513637	0.51947755	-0.10434118	0.37297112
13	NPCr	cdf	383	0.13335037	0.55853146	0.6688864	-0.11035496	0.53464514
13	NPCr	cdf	294	0.13289976	0.3997817	0.46098968	-0.06120798	0.22834705
13	NPCr	cdf	534	0.13235015	0.26639032	0.39373493	-0.12734461	0.3392239
13	NPCr	cdf	438	0.13226259	0.64754313	0.59958863	0.0479545	0.21722533
13	NPCr	cdf	542	0.13124657	0.4962757	0.6053508	-0.1090751	0.6943826
13	NPCr	cdf	358	0.13046014	0.5176989	0.69667596	-0.17897707	0.24828528
13	NPCr	cdf	371	0.1278947	0.080542676	0.3563061	-0.27576342	0.76195437
13	NPCr	cdf	171	0.12743896	0.33788547	0.5227804	-0.18489495	0.24571288
13	NPCr	cdf	367	0.12569988	0.23638445	0.37802374	-0.14163929	0.90735143
13	NPCr	cdf	875	0.12513185	0.61960673	0.73432314	-0.11471641	0.26447573
13	NPCr	cdf	513	0.1246829	0.44164947	0.49401373	-0.05236426	0.22470908
13	NPCr	cdf	298	0.12439799	0.4970704	0.5364698	-0.039399415	1.1111343
13	NPCr	cdf	384	0.12346381	0.4671364	0.6912681	-0.22413167	0.2055217
13	NPCr	cdf	635	0.12228072	0.01774297	0.3721929	-0.35444993	0.43799052
13	NPCr	cdf	980	0.12118536	0.2151952	0.41741058	-0.20221539	0.36855817
13	NPCr	cdf	246	0.120882094	0.5938316	0.70289445	-0.10906285	0.34627524
13	NPCr	cdf	870	0.120376945	0.0115220975	0.23729889	-0.22577679	0.3538405
13	NPCr	cdf	410	0.12023157	0.4899522	0.59187245	-0.10192025	0.76102334
13	NPCr	cdf	908	0.119381666	0.1700564	0.63188475	-0.46182835	0.49094665
13	NPCr	cdf	245	0.11935145	0.50352156	0.57377	-0.070248425	0.25003144
13	NPCr	inverse_cdf	369	0.22264057	0.7553542	0.40278894	0.3525653	0.3874798
13	NPCr	inverse_cdf	805	0.20214373	0.49197966	0.31628028	0.17569938	0.368291
13	NPCr	inverse_cdf	850	0.19070971	0.5145394	0.14870872	0.36583072	0.21914536
13	NPCr	inverse_cdf	443	0.18781376	0.695179	0.5041829	0.19099611	0.3126461
13	NPCr	inverse_cdf	442	0.18580192	0.7324913	0.5112003	0.221291	0.25894144
13	NPCr	inverse_cdf	851	0.18573862	0.6784118	0.41062966	0.26778212	0.45185173
13	NPCr	inverse_cdf	362	0.17918992	0.50680196	0.1883896	0.31841236	0.43944976
13	NPCr	inverse_cdf	746	0.16413307	0.5850931	0.3833045	0.20178857	0.3268185
13	NPCr	inverse_cdf	345	0.15728778	0.7068052	0.42085052	0.2859547	0.53505266
13	NPCr	inverse_cdf	799	0.15704995	0.42800984	0.25775352	0.17025632	0.4007196
13	NPCr	inverse_cdf	849	0.15475684	0.6955655	0.47754672	0.2180188	0.18349728
13	NPCr	inverse_cdf	527	0.14972341	0.40418342	0.32715678	0.077026635	0.3268384
13	NPCr	inverse_cdf	447	0.14886469	0.56282586	0.4044458	0.15838006	0.2504866
13	NPCr	inverse_cdf	880	0.14868212	-0.10217446	0.08858746	-0.19076192	0.30237848
13	NPCr	inverse_cdf	649	0.14727658	0.62695765	0.4081959	0.21876174	0.20016491
13	NPCr	inverse_cdf	437	0.1461137	0.7013567	0.5823114	0.11904532	0.19747913
13	NPCr	inverse_cdf	806	0.14475662	0.4636466	0.41256723	0.051079363	0.29436606
13	NPCr	inverse_cdf	300	0.14207047	0.32749692	0.38291663	-0.055419713	0.19076596
13	NPCr	inverse_cdf	730	0.13736147	0.47163948	0.439766	0.031873494	0.31382468
13	NPCr	inverse_cdf	429	0.13580734	0.8535241	0.78146505	0.072059035	0.27388117
13	NPCr	inverse_cdf	855	0.13538748	-0.0053692646	0.11350613	-0.1188754	0.26817307
13	NPCr	inverse_cdf	848	0.13522947	-0.16475363	0.08356556	-0.2483192	0.31229648
13	NPCr	inverse_cdf	860	0.13461477	0.14395526	0.35068187	-0.20672661	0.17297707
13	NPCr	inverse_cdf	359	0.13426709	0.41962793	0.46122485	-0.04159692	0.14353216
13	NPCr	inverse_cdf	748	0.13148546	0.5851653	0.53702444	0.048140883	0.16281794
13	NPCr	inverse_cdf	338	0.13122326	0.6736336	0.32330227	0.3503313	0.64553785
13	NPCr	inverse_cdf	854	0.130826	0.035257567	0.118897915	-0.08364035	0.28954178
13	NPCr	inverse_cdf	946	0.12920374	0.28314692	0.048708316	0.2344386	0.18431304
13	NPCr	inverse_cdf	629	0.1286301	-0.13066287	0.09357833	-0.2242412	0.26996762
13	NPCr	inverse_cdf	856	0.12783754	0.012330352	0.141537	-0.12920664	0.14529724
13	NPCr	inverse_cdf	605	0.1265223	0.38460305	0.6281177	-0.24351463	0.2502993
13	NPCr	inverse_cdf	637	0.12613887	0.34816197	0.49104765	-0.14288568	0.14216149
13	NPCr	inverse_cdf	948	0.1255455	-0.15953782	-0.18426038	0.024722561	0.17885458
13	NPCr	inverse_cdf	642	0.12386745	0.22739474	0.22457886	0.0028158873	0.27590966
13	NPCr	inverse_cdf	885	0.12382227	0.53373146	0.3990065	0.13472497	0.2172347
13	NPCr	inverse_cdf	438	0.12294865	0.46943256	0.48579618	-0.01636362	0.17676613
13	NPCr	inverse_cdf	745	0.12227523	0.25254366	-0.022275759	0.2748194	0.19150276
13	NPCr	inverse_cdf	810	0.12197417	-0.3735923	-0.0032063834	-0.37038592	0.32505113
13	NPCr	inverse_cdf	804	0.11992961	0.5307943	0.26958057	0.26121375	0.19052686
13	NPCr	inverse_cdf	390	0.117979705	0.5011733	0.6367488	-0.13557547	0.2798886
13	NPCr	inverse_cdf	164	0.117153525	0.59219825	0.51118803	0.08101022	0.109251164
13	NPCr	inverse_cdf	883	0.11557722	-0.2897008	0.11972596	-0.40942675	0.18080342
13	NPCr	inverse_cdf	310	0.11518359	0.47295767	0.0754701	0.39748758	0.46269757
13	NPCr	inverse_cdf	288	0.11424208	0.68755484	0.4931072	0.19444764	0.2807505
13	NPCr	inverse_cdf	385	0.11423588	0.56945753	0.638827	-0.069369495	0.21946482
13	NPCr	inverse_cdf	862	0.11385423	0.5751224	0.72514826	-0.15002584	0.15060458
13	NPCr	inverse_cdf	304	0.11370993	0.22287476	0.14852916	0.0743456	0.4525844
13	NPCr	inverse_cdf	853	0.11248231	-0.19098996	0.07002175	-0.26101172	0.19471525
13	NPCr	inverse_cdf	638	0.11202192	0.52044636	0.4277258	0.09272057	0.5927645
13	NPCr	inverse_cdf	884	0.1116389	-0.038061865	0.19477867	-0.23284054	0.36222258
13	NPCr	inverse_cdf	643	0.11075866	0.41606158	0.3880852	0.027976394	0.20071743
13	NPCr	inverse_cdf	538	0.10680717	0.3177679	0.06564173	0.25212616	0.18199146
13	NPCr	inverse_cdf	380	0.105463445	0.3661803	0.12892298	0.23725732	0.19652039
13	NPCr	inverse_cdf	351	0.103823304	0.040413365	0.084547184	-0.04413382	0.12808084
13	NPCr	inverse_cdf	878	0.10303134	-0.30576497	-0.05161418	-0.2541508	0.23293474
13	NPCr	inverse_cdf	357	0.1007393	0.42219448	0.28062847	0.14156601	0.3021969
13	NPCr	inverse_cdf	452	0.10000855	0.3132791	0.14302318	0.17025591	0.16628028
13	NPCr	inverse_cdf	632	0.099838614	0.4602089	0.41821894	0.041989952	0.19601145
13	NPCr	inverse_cdf	368	0.09977299	0.14492482	-0.065441675	0.21036649	0.2412121
13	NPCr	inverse_cdf	967	0.09942156	0.1551667	-0.03906257	0.19422927	0.36303437
13	NPCr	inverse_cdf	964	0.09934831	0.10412255	0.055586196	0.048536353	0.10436734
13	NPCr	inverse_cdf	859	0.0981037	-0.179011	0.024230162	-0.20324117	0.18364953
13	NPCr	inverse_cdf	491	0.097201586	0.4704839	0.2438105	0.2266734	0.5021523
13	NPCr	inverse_cdf	858	0.09706056	0.15942548	0.20004411	-0.04061863	0.14298706
13	NPCr	inverse_cdf	815	0.09660566	-0.08558225	0.036836132	-0.12241838	0.20150213
13	NPCr	inverse_cdf	633	0.09631705	0.67107505	0.56570077	0.10537428	0.62709385
13	NPCr	inverse_cdf	320	0.09611422	0.4981092	0.6142673	-0.1161581	0.23552836
13	NPCr	inverse_cdf	845	0.09538126	0.28002763	0.50841254	-0.22838491	0.07735012
13	NPCr	inverse_cdf	457	0.09479606	-0.009447398	-0.033525907	0.024078509	0.19811656
13	NPCr	inverse_cdf	260	0.09374279	0.42656446	0.44960505	-0.023040593	0.11035867
13	NPCr	inverse_cdf	820	0.09359646	0.49087626	0.50872314	-0.017846882	0.1988012
13	NPCr	inverse_cdf	159	0.092972815	0.21565469	0.069556184	0.1460985	0.07563457
13	NPCr	inverse_cdf	636	0.09286356	0.1597938	0.38117936	-0.22138557	0.17282736
13	NPCr	inverse_cdf	378	0.09278631	0.2547362	0.040940158	0.21379605	0.12784888
13	NPCr	inverse_cdf	648	0.09066683	-0.014413247	0.06937405	-0.08378729	0.1737645
13	NPCr	inverse_cdf	662	0.08938211	0.009168693	0.3515787	-0.34241003	0.10881323
13	NPCr	inverse_cdf	680	0.08845919	-0.12163111	0.10004885	-0.22167996	0.08519886
13	NPCr	inverse_cdf	0	0.0880267	0.39756602	0.5923359	-0.19476986	1.3479934
13	NPCr	inverse_cdf	229	0.08770722	0.42929432	0.417116	0.012178332	0.070300125
13	NPCr	inverse_cdf	395	0.087285876	0.33795506	0.12411038	0.21384469	0.10528407
13	NPCr	inverse_cdf	211	0.0869748	0.63906294	0.6557361	-0.016673148	0.061771102
13	NPCr	inverse_cdf	307	0.08694148	0.39796707	0.36446166	0.03350541	0.09999858
13	NPCr	inverse_cdf	542	0.086811244	0.40609273	0.34232867	0.063764066	0.37048486
13	NPCr	inverse_cdf	329	0.08671391	0.09448445	0.19876382	-0.10427937	0.056638822
13	NPCr	inverse_cdf	250	0.08645058	0.74836665	0.6504112	0.097955465	0.19450141
13	NPCr	inverse_cdf	2	0.086126566	0.15469456	0.4996066	-0.34491205	0.7859075
13	NPCr	inverse_cdf	1006	0.085788906	-0.18262789	-0.0902783	-0.09234959	0.11967738
13	NPCr	inverse_cdf	772	0.08516246	0.35042456	0.535544	-0.18511942	0.16944394
13	NPCr	inverse_cdf	735	0.08513117	0.34601718	0.1701431	0.17587408	0.33219528
13	NPCr	inverse_cdf	101	0.08446777	0.60726094	0.6857011	-0.07844013	0.08960165
13	NPCr	inverse_cdf	740	0.08440268	0.49730128	0.4167572	0.080544084	0.15773854
13	NPCr	inverse_cdf	1014	0.084002495	0.22457138	0.11216097	0.112410404	0.17127879
13	NPCr	inverse_cdf	1002	0.0833562	-0.046330284	0.118973136	-0.16530342	0.10630717
13	NPCr	inverse_cdf	356	0.08276391	0.23598458	0.19518864	0.040795937	0.22384569
13	NPCr	inverse_cdf	930	0.082534075	0.5731031	0.43956894	0.13353413	0.118248485
13	NPCr	inverse_cdf	306	0.081619024	0.3884007	0.4299251	-0.04152441	0.1429138
13	NPCr	inverse_cdf	246	0.0814051	0.53780895	0.37547612	0.16233283	0.13697773
13	NPCr	inverse_cdf	287	0.081097305	0.55981576	0.38559422	0.17422155	0.13689348
13	NPCr	inverse_cdf	299	0.080857396	0.334834	0.14315568	0.19167833	0.7472248
13	NPCr	inverse_cdf	773	0.08064371	0.61721027	0.5419177	0.07529259	0.19474736
14	BensonV1	cdf	586	0.16133446	0.6045568	0.57244855	0.032108247	0.28351393
14	BensonV1	cdf	362	0.15410215	0.16121677	0.32323825	-0.16202149	0.42934564
14	BensonV1	cdf	572	0.15137607	0.36048722	0.6972118	-0.33672458	0.24791522
14	BensonV1	cdf	493	0.15136802	0.6703592	0.8500751	-0.17971593	0.36704984
14	BensonV1	cdf	577	0.14885217	0.2658106	0.5101408	-0.24433017	0.21635772
14	BensonV1	cdf	478	0.14392757	0.24616243	0.45591727	-0.20975484	0.24283959
14	BensonV1	cdf	416	0.13920736	0.364704	0.4811234	-0.116419375	1.5311028
14	BensonV1	cdf	372	0.13794082	0.4109004	0.59109175	-0.18019134	0.19865522
14	BensonV1	cdf	23	0.13380885	0.37585184	0.6601834	-0.2843316	0.37756398
14	BensonV1	cdf	140	0.12289274	0.48554254	0.5961425	-0.110599935	0.18396464
14	BensonV1	cdf	226	0.121472776	0.4204343	0.1778944	0.2425399	0.22993596
14	BensonV1	cdf	541	0.12101352	0.3471359	0.46098703	-0.11385113	0.14969562
14	BensonV1	cdf	324	0.11846602	0.50437635	0.47681367	0.027562678	0.47114998
14	BensonV1	cdf	249	0.11821985	0.6742415	0.6704355	0.003805995	0.16048026
14	BensonV1	cdf	319	0.11373758	0.37026182	0.43525714	-0.06499532	0.5361164
14	BensonV1	cdf	459	0.111703455	0.3368895	0.23473747	0.102152035	0.23024802
14	BensonV1	cdf	192	0.110153615	0.08060765	0.31923422	-0.23862657	0.13754278
14	BensonV1	cdf	210	0.10981101	0.19365866	-0.057911202	0.25156987	0.18055883
14	BensonV1	cdf	360	0.10957742	0.26517752	0.4574313	-0.19225377	0.21334855
14	BensonV1	cdf	540	0.10894984	0.419017	0.31866747	0.100349516	0.14479458
14	BensonV1	cdf	576	0.10864109	0.35728696	0.5444112	-0.18712422	0.22337824
14	BensonV1	cdf	115	0.108189225	0.5362421	0.8727339	-0.33649176	0.27510646
14	BensonV1	cdf	521	0.10610044	0.40343288	0.39029735	0.013135523	0.14834155
14	BensonV1	cdf	408	0.10167408	0.52328247	0.5604727	-0.03719026	0.24696974
14	BensonV1	cdf	361	0.099743485	0.32824743	0.60303783	-0.2747904	0.2542781
14	BensonV1	cdf	538	0.09835863	0.63272136	0.5952598	0.03746158	0.22538799
14	BensonV1	cdf	387	0.097922266	0.24535649	0.2691869	-0.023830429	0.37397298
14	BensonV1	cdf	318	0.094973445	0.37352931	0.52167034	-0.14814103	0.25802192
14	BensonV1	cdf	490	0.09221786	0.49695435	0.5460464	-0.049092025	0.1510632
14	BensonV1	cdf	397	0.09215146	0.42595696	0.2819956	0.14396137	0.3242487
14	BensonV1	cdf	270	0.090580344	0.4273232	0.3586945	0.0686287	0.17885038
14	BensonV1	cdf	99	0.089779615	0.11269584	0.13979913	-0.02710329	0.30098054
14	BensonV1	cdf	20	0.08925915	0.49061117	0.6545198	-0.16390863	0.4154735
14	BensonV1	cdf	366	0.08835238	0.23944978	0.42838326	-0.18893348	0.24286503
14	BensonV1	cdf	112	0.08817905	0.46522915	0.6543515	-0.18912232	0.21046156
14	BensonV1	cdf	466	0.08817184	0.25746328	0.29807216	-0.040608883	0.27600518
14	BensonV1	cdf	39	0.08686334	0.450773	0.7322928	-0.28151977	0.41924554
14	BensonV1	cdf	314	0.086541176	0.15895328	0.21039407	-0.05144079	0.42566508
14	BensonV1	cdf	19	0.08639097	0.5658574	0.5726371	-0.0067796707	0.20057952
14	BensonV1	cdf	571	0.08581138	0.4236974	0.4735208	-0.049823374	0.21818152
14	BensonV1	cdf	22	0.08501357	0.6127781	0.72840095	-0.11562282	0.44585928
14	BensonV1	cdf	328	0.08495265	0.46102658	0.37747762	0.08354896	0.27403036
14	BensonV1	cdf	496	0.08386326	0.07250441	0.0960738	-0.02356939	0.12111139
14	BensonV1	cdf	310	0.083503366	0.3590741	0.40603215	-0.04695806	0.4670734
14	BensonV1	cdf	187	0.082932174	0.41458467	0.43325973	-0.01867506	0.19742289
14	BensonV1	cdf	410	0.08230406	0.18471915	0.15355568	0.031163469	0.1341164
14	BensonV1	cdf	442	0.08190566	0.50865936	0.5977649	-0.08910555	0.26389575
14	BensonV1	cdf	35	0.081765294	0.46593812	0.43175262	0.0341855	0.1625851
14	BensonV1	cdf	461	0.08162236	0.13327625	0.08665236	0.046623893	0.2006198
14	BensonV1	cdf	354	0.08024156	-0.041817605	0.038810123	-0.080627725	0.29093623
14	BensonV1	cdf	137	0.08020836	0.32348907	0.3769395	-0.053450435	0.16685237
14	BensonV1	cdf	78	0.07852739	0.2229199	0.63675857	-0.41383868	0.25677338
14	BensonV1	cdf	621	0.07710463	0.3742983	0.49723524	-0.122936934	0.13224436
14	BensonV1	cdf	49	0.07671237	0.52419233	0.41544238	0.108749956	0.17675188
14	BensonV1	cdf	42	0.07660389	0.17860703	0.49849403	-0.31988698	0.24017107
14	BensonV1	cdf	585	0.07562184	-0.024858257	0.17855717	-0.20341542	0.09194663
14	BensonV1	cdf	441	0.074961126	0.42020056	0.6639177	-0.24371716	0.1971002
14	BensonV1	cdf	40	0.07441783	0.06315162	0.42516991	-0.3620183	0.3068433
14	BensonV1	cdf	421	0.07440996	0.21539608	0.23304462	-0.017648548	0.23908654
14	BensonV1	cdf	145	0.07426518	0.23110722	0.35045367	-0.119346455	0.21212308
14	BensonV1	cdf	209	0.07421613	0.52329886	0.35041	0.17288885	0.12924056
14	BensonV1	cdf	494	0.07351762	0.5144659	0.5976409	-0.083174944	0.14102896
14	BensonV1	cdf	425	0.07350874	0.2309672	0.5736421	-0.34267488	0.4465576
14	BensonV1	cdf	491	0.072243035	0.5762396	0.49244794	0.08379164	0.076383114
14	BensonV1	cdf	382	0.07221383	0.4048019	0.23868509	0.16611682	0.27812776
14	BensonV1	cdf	377	0.07210171	0.377642	0.4121209	-0.034478903	0.24939208
14	BensonV1	cdf	450	0.070090175	0.22396256	0.37130556	-0.147343	0.20122932
14	BensonV1	cdf	391	0.06916767	0.26108053	0.2806428	-0.019562274	0.19726029
14	BensonV1	cdf	369	0.068371356	0.086190306	0.17099282	-0.084802516	0.15429215
14	BensonV1	cdf	294	0.06829268	0.4902189	0.4149983	0.075220615	0.13793664
14	BensonV1	cdf	685	0.06819594	-0.17818683	-0.48226702	0.3040802	0.19912243
14	BensonV1	cdf	474	0.06790662	0.030555146	-0.33366123	0.3642164	0.1775883
14	BensonV1	cdf	383	0.067720294	0.23404689	0.32207593	-0.08802904	0.13025688
14	BensonV1	cdf	343	0.06694317	0.08790689	0.059269708	0.028637182	0.14675686
14	BensonV1	cdf	584	0.066376925	0.27460858	0.37191835	-0.09730977	1.2807865
14	BensonV1	cdf	404	0.066269994	0.5184471	0.2561635	0.2622836	0.17222019
14	BensonV1	cdf	529	0.06621617	-0.11157735	-0.19123362	0.07965627	0.21994723
14	BensonV1	cdf	386	0.06620151	0.5884512	0.3869937	0.2014575	0.11656459
14	BensonV1	cdf	495	0.06604493	0.25119698	0.22922213	0.021974847	0.096721806
14	BensonV1	cdf	503	0.06598747	0.15569758	0.17268774	-0.016990155	0.09769371
14	BensonV1	cdf	26	0.06587446	0.26915297	0.49481392	-0.22566095	0.15002245
14	BensonV1	cdf	596	0.06583357	0.3642737	0.33693713	0.027336568	0.11694219
14	BensonV1	cdf	632	0.0657627	0.053702645	-0.15052131	0.20422396	0.238488
14	BensonV1	cdf	197	0.065449715	0.15455239	-0.037835658	0.19238804	0.093982466
14	BensonV1	cdf	191	0.06451827	-0.07308448	0.3160389	-0.38912338	0.1538215
14	BensonV1	cdf	73	0.06447142	0.22468112	0.24968408	-0.025002956	0.23935647
14	BensonV1	cdf	688	0.06433046	0.26619396	0.2881425	-0.021948546	0.11964933
14	BensonV1	cdf	380	0.06356424	0.07661666	0.027189795	0.049426865	0.14775757
14	BensonV1	cdf	331	0.06266856	0.38948584	0.19360664	0.19587919	0.19173332
14	BensonV1	cdf	687	0.06265324	-0.02713769	-0.056625627	0.029487938	0.09621334
14	BensonV1	cdf	573	0.061590433	0.5789185	0.6108178	-0.031899273	0.4754402
14	BensonV1	cdf	456	0.061575472	0.061242994	0.15858272	-0.09733972	0.18912427
14	BensonV1	cdf	306	0.06135273	0.120392844	0.07129689	0.04909595	0.1693392
14	BensonV1	cdf	302	0.06119269	-0.22840841	0.060561754	-0.28897017	0.1253685
14	BensonV1	cdf	624	0.06063944	0.088214844	-0.086752184	0.17496702	0.22749153
14	BensonV1	cdf	392	0.060146213	0.48301265	0.3430748	0.13993785	0.22838406
14	BensonV1	cdf	320	0.059731364	0.08477363	0.3616894	-0.27691576	0.1435781
14	BensonV1	cdf	290	0.059112728	0.552224	0.5216649	0.030559063	0.12563853
14	BensonV1	cdf	590	0.05880344	0.08211286	0.08115438	0.00095847994	0.072007634
14	BensonV1	cdf	313	0.058735907	0.24621019	0.27090883	-0.024698645	0.25238678
14	BensonV1	inverse_cdf	115	0.21608818	0.55832887	0.5750236	-0.016694725	0.31017402
14	BensonV1	inverse_cdf	493	0.17600858	0.6307857	0.74270743	-0.11192173	0.2621395
14	BensonV1	inverse_cdf	193	0.17027825	0.28211075	0.32236224	-0.040251493	0.11225668
14	BensonV1	inverse_cdf	39	0.15273416	0.31520152	0.23352882	0.0816727	0.31931943
14	BensonV1	inverse_cdf	23	0.12856084	0.31340635	0.22584632	0.08756003	0.35700923
14	BensonV1	inverse_cdf	20	0.12731206	0.3831576	0.26547322	0.117684394	0.32038522
14	BensonV1	inverse_cdf	494	0.1212548	0.49044123	0.56967753	-0.0792363	0.10158191
14	BensonV1	inverse_cdf	262	0.11118549	0.23022412	0.36329228	-0.13306816	0.10688798
14	BensonV1	inverse_cdf	447	0.11019713	0.279384	0.29766202	-0.018278033	0.26266506
14	BensonV1	inverse_cdf	469	0.107988596	-0.162378	-0.23197529	0.06959729	0.16063546
14	BensonV1	inverse_cdf	22	0.10639244	0.47960916	0.42825678	0.05135238	0.39133197
14	BensonV1	inverse_cdf	437	0.1032874	0.31570017	0.2808808	0.034819365	0.08373849
14	BensonV1	inverse_cdf	361	0.10264236	0.7553888	0.62401694	0.13137186	0.14156415
14	BensonV1	inverse_cdf	442	0.10004282	0.53760445	0.5229654	0.01463908	0.16608709
14	BensonV1	inverse_cdf	261	0.098189354	-0.014710309	0.25023633	-0.26494664	0.25890788
14	BensonV1	inverse_cdf	491	0.09781289	0.5546336	0.5904016	-0.035767972	0.078597605
14	BensonV1	inverse_cdf	243	0.09431112	0.6214042	0.46136487	0.1600393	0.121295005
14	BensonV1	inverse_cdf	249	0.092322946	0.6591372	0.765716	-0.10657883	0.12159028
14	BensonV1	inverse_cdf	366	0.0892756	0.5410078	0.49464852	0.0463593	0.23411548
14	BensonV1	inverse_cdf	26	0.08912766	0.3448645	0.1536479	0.19121659	0.17700228
14	BensonV1	inverse_cdf	336	0.08898139	0.2525756	0.45076713	-0.19819152	0.4627128
14	BensonV1	inverse_cdf	540	0.0889343	0.17979036	0.34949094	-0.16970058	0.11983259
14	BensonV1	inverse_cdf	406	0.086943924	-0.008739064	0.22296369	-0.23170276	1.3010217
14	BensonV1	inverse_cdf	586	0.08647108	0.55446285	0.5807855	-0.026322663	0.1712902
14	BensonV1	inverse_cdf	538	0.085710466	0.625663	0.49576116	0.12990183	0.15495157
14	BensonV1	inverse_cdf	7	0.08338171	0.5994007	0.3943537	0.20504701	0.41174823
14	BensonV1	inverse_cdf	38	0.08316088	0.0914561	0.040007006	0.051449094	0.72237825
14	BensonV1	inverse_cdf	386	0.0827868	0.55120367	0.48518482	0.06601885	0.1102119
14	BensonV1	inverse_cdf	37	0.08238226	-0.091563754	-0.0487198	-0.042843953	0.18369691
14	BensonV1	inverse_cdf	42	0.081673026	0.18236461	0.13533321	0.047031403	0.19305389
14	BensonV1	inverse_cdf	577	0.08109033	0.25317925	0.21198967	0.04118958	0.08561955
14	BensonV1	inverse_cdf	266	0.08004373	0.15910414	0.31987166	-0.16076753	0.087602265
14	BensonV1	inverse_cdf	576	0.07888138	0.30834693	0.29315272	0.015194207	0.14555205
14	BensonV1	inverse_cdf	303	0.0780617	0.2671889	0.40652812	-0.13933921	0.12776768
14	BensonV1	inverse_cdf	522	0.07769483	0.45450467	0.17952007	0.2749846	0.33990413
14	BensonV1	inverse_cdf	405	0.07721788	-0.13906084	0.19133545	-0.3303963	0.14053132
14	BensonV1	inverse_cdf	40	0.07646263	0.15156241	0.090644464	0.060917944	0.0967469
14	BensonV1	inverse_cdf	521	0.07625872	0.6551751	0.34841338	0.3067617	0.07815246
14	BensonV1	inverse_cdf	517	0.074997425	-0.034657657	-0.029900763	-0.004756894	0.16884337
14	BensonV1	inverse_cdf	110	0.07468158	0.3083773	0.29477143	0.013605863	0.14622566
14	BensonV1	inverse_cdf	362	0.07429987	0.5532191	0.52489805	0.028321028	0.462036
14	BensonV1	inverse_cdf	450	0.073633194	0.4084956	0.5438145	-0.13531888	0.23821825
14	BensonV1	inverse_cdf	294	0.073121846	0.2283448	0.36251563	-0.13417083	0.14259025
14	BensonV1	inverse_cdf	290	0.07265586	0.46511966	0.5354574	-0.07033771	0.10666394
14	BensonV1	inverse_cdf	571	0.0710507	0.46760255	0.45779145	0.009811103	0.11282608
14	BensonV1	inverse_cdf	21	0.07086074	0.021757383	-0.0269904	0.048747785	0.1518403
14	BensonV1	inverse_cdf	575	0.07038432	0.21859014	0.22381863	-0.0052284896	0.12259171
14	BensonV1	inverse_cdf	417	0.07007271	-0.10337801	-0.21680382	0.113425806	0.18429391
14	BensonV1	inverse_cdf	420	0.06993544	-0.25002584	-0.36622322	0.11619738	0.2451252
14	BensonV1	inverse_cdf	192	0.06977445	0.4242066	0.44573703	-0.02153042	0.07198161
14	BensonV1	inverse_cdf	74	0.06947839	0.17235388	0.13733019	0.03502369	0.17348617
14	BensonV1	inverse_cdf	227	0.06927055	0.1410823	0.3629005	-0.2218182	0.06889353
14	BensonV1	inverse_cdf	332	0.06869465	0.33360294	0.3171747	0.016428232	0.5496213
14	BensonV1	inverse_cdf	544	0.068418205	0.16723002	0.019275155	0.14795487	0.053738233
14	BensonV1	inverse_cdf	466	0.0680303	0.21423677	0.50453746	-0.2903007	0.20718597
14	BensonV1	inverse_cdf	319	0.06705612	0.66385096	0.6048462	0.059004784	0.3667511
14	BensonV1	inverse_cdf	111	0.0669592	0.43574643	0.35220197	0.08354446	0.13573746
14	BensonV1	inverse_cdf	142	0.06630921	0.54944766	0.5805521	-0.031104445	0.08926224
14	BensonV1	inverse_cdf	64	0.06596857	0.09749875	-0.07392299	0.17142174	0.74432456
14	BensonV1	inverse_cdf	674	0.064924955	0.11999461	0.15358575	-0.033591136	0.22761583
14	BensonV1	inverse_cdf	572	0.06435573	0.4760208	0.42795947	0.04806134	0.09115177
14	BensonV1	inverse_cdf	104	0.06357139	0.48015448	0.43228567	0.047868818	0.12504117
14	BensonV1	inverse_cdf	112	0.06354207	0.54860026	0.7735089	-0.22490865	0.15020423
14	BensonV1	inverse_cdf	408	0.063421965	0.44597295	0.71307915	-0.2671062	0.15808792
14	BensonV1	inverse_cdf	570	0.06332177	0.2778406	0.2850493	-0.007208675	0.14235148
14	BensonV1	inverse_cdf	480	0.06318253	0.2880997	-0.016637672	0.3047374	0.1562309
14	BensonV1	inverse_cdf	320	0.06297004	0.17529099	0.19340001	-0.018109024	0.0889167
14	BensonV1	inverse_cdf	551	0.06295639	0.06737584	0.050565116	0.016810723	0.12072396
14	BensonV1	inverse_cdf	242	0.06264627	-0.12508254	0.017847015	-0.14292955	0.10489238
14	BensonV1	inverse_cdf	418	0.062425792	0.18106274	0.18504854	-0.0039857924	0.16217266
14	BensonV1	inverse_cdf	573	0.06139922	0.54583234	0.48201224	0.063820094	0.34466037
14	BensonV1	inverse_cdf	421	0.0613814	0.20646171	0.46311137	-0.25664967	0.08698277
14	BensonV1	inverse_cdf	310	0.06114286	0.65023786	0.46895152	0.18128633	0.42053887
14	BensonV1	inverse_cdf	324	0.061038733	0.69868374	0.6249129	0.07377082	0.30427685
14	BensonV1	inverse_cdf	378	0.060964406	0.2641987	0.41158167	-0.14738297	0.094608545
14	BensonV1	inverse_cdf	539	0.060457468	0.41058144	0.39743537	0.013146073	0.105920136
14	BensonV1	inverse_cdf	248	0.06024432	0.2391455	0.32398415	-0.08483864	0.1562329
14	BensonV1	inverse_cdf	19	0.059538722	0.6553429	0.65728104	-0.0019381642	0.1644587
14	BensonV1	inverse_cdf	25	0.059290767	0.47585437	0.22642036	0.24943401	0.40580875
14	BensonV1	inverse_cdf	519	0.05888796	0.2305754	0.42123044	-0.19065504	0.11531739
14	BensonV1	inverse_cdf	12	0.058314025	0.3750032	0.1689818	0.20602138	0.15521567
14	BensonV1	inverse_cdf	35	0.05820626	0.5840777	0.65905267	-0.074974954	0.17821313
14	BensonV1	inverse_cdf	377	0.057944953	0.48612952	0.5203285	-0.034199	0.22235288
14	BensonV1	inverse_cdf	77	0.057635486	0.18567023	-0.015701052	0.20137128	0.11224448
14	BensonV1	inverse_cdf	318	0.05734843	0.609784	0.551548	0.058236003	0.22357957
14	BensonV1	inverse_cdf	431	0.057124972	0.3781658	0.25390586	0.12425995	0.32015604
14	BensonV1	inverse_cdf	83	0.05665368	0.07928913	0.40102077	-0.32173163	0.09337497
14	BensonV1	inverse_cdf	138	0.056278586	0.25087574	0.093878105	0.15699764	0.22857831
14	BensonV1	inverse_cdf	334	0.05616927	0.2040754	0.26533973	-0.061264336	0.10895827
14	BensonV1	inverse_cdf	384	0.056061506	0.2448376	0.31557298	-0.07073538	0.14504188
14	BensonV1	inverse_cdf	477	0.056010544	0.3335574	0.14531171	0.18824568	0.05271728
14	BensonV1	inverse_cdf	269	0.05592382	-0.012156207	0.07050166	-0.08265787	0.18241602
14	BensonV1	inverse_cdf	351	0.05576569	-0.2017374	-0.16432053	-0.037416875	0.32725945
14	BensonV1	inverse_cdf	523	0.054923654	0.06774816	0.019394197	0.048353963	0.11013349
14	BensonV1	inverse_cdf	620	0.054250777	0.4906341	0.17813984	0.31249428	0.14975245
14	BensonV1	inverse_cdf	65	0.054023802	0.30044994	0.17934956	0.12110038	0.41570306
14	BensonV1	inverse_cdf	329	0.053771973	0.3963919	0.38150495	0.0148869455	0.30416772
14	BensonV1	inverse_cdf	520	0.053628266	0.21524413	0.20292996	0.012314171	0.10837693
14	BensonV1	inverse_cdf	630	0.053474426	0.043569352	0.20678444	-0.16321509	0.14750792
14	BensonV1	inverse_cdf	41	0.052767575	0.23107551	0.1626283	0.06844722	0.22711535
14	NPCr	cdf	304	0.109692276	0.66088665	0.49698374	0.16390291	0.32348764
14	NPCr	cdf	167	0.103266776	0.57581645	0.66460514	-0.08878869	0.65405643
14	NPCr	cdf	116	0.10319781	0.1679288	0.56643754	-0.39850873	0.43396005
14	NPCr	cdf	303	0.10255402	0.5041637	0.64108145	-0.13691777	0.25862643
14	NPCr	cdf	679	0.09779328	0.29060805	0.1794467	0.11116135	0.058439597
14	NPCr	cdf	138	0.09776777	0.40411928	0.6747629	-0.27064362	0.6040135
14	NPCr	cdf	206	0.09536785	0.65105885	0.63033134	0.020727515	0.14075062
14	NPCr	cdf	386	0.09515482	0.4219948	0.76296204	-0.34096724	0.30352643
14	NPCr	cdf	205	0.09262216	0.59876674	0.59298044	0.0057862997	0.13981666
14	NPCr	cdf	302	0.09167129	0.38388342	0.5539856	-0.17010218	0.17126119
14	NPCr	cdf	143	0.09061366	0.6360407	0.6067066	0.029334068	0.5803923
14	NPCr	cdf	411	0.09032047	0.51782703	0.51466674	0.0031602979	0.1882621
14	NPCr	cdf	465	0.089366496	0.6486013	0.65171665	-0.003115356	0.19330493
14	NPCr	cdf	182	0.08923775	0.44568416	0.5048176	-0.05913344	0.1052289
14	NPCr	cdf	329	0.086496234	0.67778623	0.6464912	0.031295	0.21399726
14	NPCr	cdf	166	0.08619887	0.55317384	0.5525746	0.0005992651	0.6443525
14	NPCr	cdf	241	0.08504212	0.36198878	0.30747202	0.054516762	0.20735624
14	NPCr	cdf	327	0.08332622	0.033617053	0.4472633	-0.41364625	0.1248698
14	NPCr	cdf	513	0.083031595	0.6349313	0.63832253	-0.0033912063	0.24417743
14	NPCr	cdf	187	0.080275476	0.27529222	0.4328326	-0.15754038	0.079319164
14	NPCr	cdf	171	0.0789668	0.5090361	0.5774178	-0.06838167	0.7639438
14	NPCr	cdf	172	0.0773474	0.5991936	0.6950635	-0.0958699	0.32955015
14	NPCr	cdf	569	0.07534325	0.2627528	0.25269097	0.01006183	0.12875688
14	NPCr	cdf	195	0.07532877	0.49221188	0.3441931	0.14801878	0.3173704
14	NPCr	cdf	240	0.075267434	0.6546585	0.616596	0.038062513	0.52049124
14	NPCr	cdf	115	0.074983954	0.46891195	0.56305677	-0.09414482	0.26468533
14	NPCr	cdf	163	0.07365447	0.54442066	0.5311971	0.0132235885	0.48999786
14	NPCr	cdf	276	0.072013676	0.6664976	0.48801732	0.17848027	0.10600009
14	NPCr	cdf	113	0.07194799	0.12762728	0.25213954	-0.124512255	0.16654529
14	NPCr	cdf	339	0.07158673	0.7284062	0.70676476	0.021641433	0.17182574
14	NPCr	cdf	145	0.07019919	-0.0077162297	0.20167574	-0.20939197	0.12273238
14	NPCr	cdf	235	0.069377065	0.5059002	0.4244337	0.081466496	0.04355872
14	NPCr	cdf	158	0.06937188	0.026801655	0.110200524	-0.08339887	0.19368182
14	NPCr	cdf	53	0.06925541	0.46351016	0.43095627	0.03255388	0.15942708
14	NPCr	cdf	489	0.0688104	0.44577196	0.34105885	0.10471311	0.1536084
14	NPCr	cdf	34	0.068807065	0.18301377	0.0037335928	0.17928018	0.05924919
14	NPCr	cdf	14	0.06872326	0.2827972	0.20010331	0.082693875	0.19160394
14	NPCr	cdf	181	0.06837517	0.3137211	0.3646019	-0.05088082	0.14589743
14	NPCr	cdf	460	0.06833309	0.7403289	0.6797673	0.060561597	0.22481309
14	NPCr	cdf	104	0.067457855	0.23251592	0.6288895	-0.39637357	0.11460774
14	NPCr	cdf	178	0.06736225	0.3877705	0.46592435	-0.07815385	0.052626055
14	NPCr	cdf	515	0.067258894	0.5399318	0.53869635	0.0012354255	0.16027261
14	NPCr	cdf	17	0.06538516	0.43459865	0.5032859	-0.06868723	0.19965823
14	NPCr	cdf	198	0.06521469	0.50297725	0.54790974	-0.044932485	0.6873851
14	NPCr	cdf	40	0.06484491	0.5633052	0.30549115	0.25781405	0.39062646
14	NPCr	cdf	258	0.06481403	0.34179598	0.31977332	0.022022665	0.14798823
14	NPCr	cdf	287	0.06433374	-0.14708737	0.15889707	-0.30598444	0.07365434
14	NPCr	cdf	580	0.06367195	0.58963984	0.36459652	0.22504333	0.20059972
14	NPCr	cdf	192	0.0634886	-0.106305264	0.18649316	-0.29279843	0.16537686
14	NPCr	cdf	599	0.06334442	0.65149885	0.2514452	0.40005365	0.36679915
14	NPCr	cdf	404	0.063108146	0.40421802	0.17326371	0.2309543	0.093615584
14	NPCr	cdf	57	0.06293088	0.37931412	0.4475923	-0.06827816	0.1481249
14	NPCr	cdf	169	0.06255454	0.34121782	0.2915993	0.049618512	0.093429536
14	NPCr	cdf	345	0.061834455	0.40900117	0.68336815	-0.27436697	0.1883696
14	NPCr	cdf	777	0.06108123	0.35628772	0.34276742	0.0135203	0.12965265
14	NPCr	cdf	58	0.060215473	0.57158226	0.7606109	-0.18902862	0.3168395
14	NPCr	cdf	346	0.06011671	0.10669443	0.031100046	0.07559438	0.07104161
14	NPCr	cdf	545	0.06006062	0.19684742	0.14143798	0.055409446	0.095365584
14	NPCr	cdf	478	0.05982077	0.26319483	0.5436725	-0.28047767	0.23924398
14	NPCr	cdf	543	0.05952698	0.68862903	0.6051152	0.083513856	0.23907132
14	NPCr	cdf	553	0.0588243	0.33506823	0.37904733	-0.04397911	0.2042845
14	NPCr	cdf	56	0.058718503	0.30723017	0.67169863	-0.36446846	0.17357759
14	NPCr	cdf	430	0.05823618	0.36438054	0.4427062	-0.07832566	0.13078333
14	NPCr	cdf	90	0.058131218	0.45884138	0.65895975	-0.20011836	0.13042894
14	NPCr	cdf	344	0.058048904	0.07832669	0.0511578	0.027168889	0.0661987
14	NPCr	cdf	480	0.05800402	0.3709123	0.60403764	-0.23312533	0.2950847
14	NPCr	cdf	309	0.05788648	0.38789776	0.47391385	-0.08601609	0.20630851
14	NPCr	cdf	91	0.057653964	0.45542535	0.28712684	0.16829851	0.38226396
14	NPCr	cdf	223	0.057212114	0.10930285	-0.23836331	0.34766614	0.09235319
14	NPCr	cdf	176	0.056944072	0.09303542	0.20597883	-0.1129434	0.074091226
14	NPCr	cdf	93	0.056696475	0.26487333	0.4415706	-0.17669728	0.18871847
14	NPCr	cdf	136	0.05643809	0.3604187	0.55262893	-0.19221023	0.20452975
14	NPCr	cdf	310	0.056313097	0.5519819	0.72001505	-0.16803312	0.18683253
14	NPCr	cdf	11	0.056205392	0.23903196	0.20437837	0.03465359	0.11504979
14	NPCr	cdf	550	0.05608332	0.34264868	0.4775849	-0.13493621	0.18573351
14	NPCr	cdf	558	0.056079924	0.42821127	0.3601279	0.068083376	0.10483422
14	NPCr	cdf	476	0.0557943	-0.09749874	0.08527506	-0.1827738	0.1970744
14	NPCr	cdf	482	0.055280447	0.5998085	0.60545355	-0.0056450367	0.2742108
14	NPCr	cdf	89	0.05467367	0.37457615	0.6166641	-0.24208796	0.16720994
14	NPCr	cdf	160	0.054598212	0.39626276	0.47013777	-0.07387501	0.20965359
14	NPCr	cdf	754	0.054385245	0.35223123	0.15616828	0.19606295	0.056317173
14	NPCr	cdf	175	0.054242253	0.59290737	0.5180481	0.07485926	0.08432437
14	NPCr	cdf	119	0.054123938	0.1852388	0.54196966	-0.35673088	0.28592175
14	NPCr	cdf	774	0.054115355	0.12944236	0.046700306	0.08274206	0.061342746
14	NPCr	cdf	575	0.054054618	0.50333685	0.3516656	0.15167126	0.18288703
14	NPCr	cdf	100	0.053818405	0.45096976	0.6448354	-0.19386566	0.1481632
14	NPCr	cdf	268	0.053807557	0.2153948	0.3018896	-0.0864948	0.06988623
14	NPCr	cdf	541	0.053531766	0.1296664	0.39818636	-0.26851994	0.079337105
14	NPCr	cdf	32	0.053414702	0.108116224	0.17377494	-0.06565872	0.12732232
14	NPCr	cdf	264	0.053315878	0.31149438	0.38536313	-0.07386875	0.12153859
14	NPCr	cdf	579	0.053182423	0.5707429	0.32414782	0.24659508	0.25328064
14	NPCr	cdf	452	0.052992582	-0.25176477	-0.27360818	0.021843404	0.06559446
14	NPCr	cdf	608	0.05293107	-0.038729943	0.07040512	-0.10913506	0.14886379
14	NPCr	cdf	118	0.05277729	0.47176555	0.41492867	0.056836873	0.4997658
14	NPCr	cdf	554	0.052506685	0.09118454	0.1477648	-0.05658026	0.06281903
14	NPCr	cdf	81	0.05216205	0.3110439	0.29453713	0.016506761	0.10790811
14	NPCr	cdf	340	0.052002788	0.60101414	0.5181099	0.08290422	0.104831636
14	NPCr	cdf	15	0.0516454	0.136405	0.36837658	-0.23197158	0.10534449
14	NPCr	cdf	44	0.051626682	0.17668319	0.1884522	-0.011769012	0.14969425
14	NPCr	cdf	273	0.05149716	0.3534852	0.5589719	-0.20548669	0.2589027
14	NPCr	inverse_cdf	329	0.21611279	0.68216145	0.5128507	0.16931075	0.3733934
14	NPCr	inverse_cdf	276	0.20958918	0.6136888	0.4415172	0.17217162	0.24018829
14	NPCr	inverse_cdf	206	0.19581711	0.7557323	0.58955747	0.16617483	0.25231248
14	NPCr	inverse_cdf	205	0.18672109	0.5926341	0.36023426	0.23239982	0.19542865
14	NPCr	inverse_cdf	580	0.17672545	0.22557382	0.25754344	-0.03196962	0.31128913
14	NPCr	inverse_cdf	340	0.16718763	0.5293447	0.56379485	-0.034450173	0.20534542
14	NPCr	inverse_cdf	339	0.16253185	0.72039425	0.61508626	0.105307996	0.20291547
14	NPCr	inverse_cdf	570	0.15298754	0.3854268	0.032599792	0.352827	0.21043718
14	NPCr	inverse_cdf	176	0.14881992	0.31128275	-0.10527168	0.41655445	0.13622548
14	NPCr	inverse_cdf	280	0.14019096	0.4089171	0.63167596	-0.22275886	0.12673363
14	NPCr	inverse_cdf	170	0.13977188	0.32466266	0.5064049	-0.18174222	0.19543181
14	NPCr	inverse_cdf	465	0.13734609	0.7078067	0.53559965	0.17220706	0.24634042
14	NPCr	inverse_cdf	279	0.13603514	0.4503352	0.40935403	0.040981174	0.09820895
14	NPCr	inverse_cdf	620	0.13236749	0.036790464	-0.0040432657	0.04083373	0.14318943
14	NPCr	inverse_cdf	219	0.13006008	0.26459607	0.2004843	0.06411177	0.19599964
14	NPCr	inverse_cdf	303	0.1296252	0.35429662	0.592412	-0.23811537	0.23454514
14	NPCr	inverse_cdf	182	0.12725347	0.5035565	0.45285138	0.050705105	0.07130922
14	NPCr	inverse_cdf	739	0.12718862	0.22574861	-0.050060865	0.27580947	0.18355565
14	NPCr	inverse_cdf	411	0.12645656	0.6061691	0.2274258	0.3787433	0.24417353
14	NPCr	inverse_cdf	359	0.12323284	0.25774428	0.3503905	-0.09264621	0.19920751
14	NPCr	inverse_cdf	513	0.11635131	0.7559301	0.54298407	0.21294606	0.2547387
14	NPCr	inverse_cdf	677	0.11610401	-0.014781836	-0.3250106	0.31022877	0.23688246
14	NPCr	inverse_cdf	151	0.115173995	0.064811036	0.109946944	-0.045135908	0.10838207
14	NPCr	inverse_cdf	175	0.114164054	0.48565397	0.38220057	0.1034534	0.1387488
14	NPCr	inverse_cdf	246	0.11319417	0.51163656	0.41175067	0.09988588	0.32458395
14	NPCr	inverse_cdf	672	0.11267805	0.027829763	-0.29776615	0.32559592	0.32492593
14	NPCr	inverse_cdf	506	0.1124562	0.13641588	-0.3853011	0.521717	0.28086588
14	NPCr	inverse_cdf	147	0.11212534	0.10987444	0.4394736	-0.32959914	0.36117476
14	NPCr	inverse_cdf	204	0.111415625	0.5679543	0.50457245	0.06338185	0.07788488
14	NPCr	inverse_cdf	515	0.10988629	0.6403933	0.61321497	0.027178347	0.17725392
14	NPCr	inverse_cdf	200	0.109743655	0.096677594	0.2594549	-0.1627773	0.15535523
14	NPCr	inverse_cdf	770	0.109226525	0.40662313	0.19138283	0.2152403	0.12571272
14	NPCr	inverse_cdf	253	0.108979106	0.3460791	0.2691639	0.076915205	0.16122194
14	NPCr	inverse_cdf	603	0.108643055	0.39127025	0.42726144	-0.035991192	0.06592808
14	NPCr	inverse_cdf	460	0.10762411	0.7061767	0.33112258	0.37505412	0.26197383
14	NPCr	inverse_cdf	579	0.10637593	0.28716394	-0.18535742	0.47252136	0.24749461
14	NPCr	inverse_cdf	519	0.106361985	0.25029013	-0.1291725	0.37946263	0.13612208
14	NPCr	inverse_cdf	645	0.10136837	0.008366621	-0.15388656	0.16225317	0.20816305
14	NPCr	inverse_cdf	152	0.10050237	0.13819772	0.20823152	-0.0700338	0.09174925
14	NPCr	inverse_cdf	454	0.09983528	-0.05753889	-0.22922604	0.17168716	0.30865836
14	NPCr	inverse_cdf	162	0.09892696	0.11836541	0.012922448	0.105442956	0.18745252
14	NPCr	inverse_cdf	311	0.098418295	0.46184474	0.16381705	0.2980277	0.27613235
14	NPCr	inverse_cdf	665	0.09797466	0.21043506	-0.16918132	0.37961638	0.21645953
14	NPCr	inverse_cdf	482	0.096943974	0.4687179	0.16610917	0.30260873	0.31668717
14	NPCr	inverse_cdf	679	0.096015096	0.5093609	0.0010848022	0.5082761	0.17444983
14	NPCr	inverse_cdf	487	0.09492117	0.18043043	-0.24352306	0.42395347	0.15041022
14	NPCr	inverse_cdf	578	0.09423804	0.1544557	-0.08974322	0.24419892	0.2787681
14	NPCr	inverse_cdf	764	0.09420359	0.24775085	-0.19396284	0.4417137	0.18991475
14	NPCr	inverse_cdf	65	0.094179094	0.123645514	0.33727577	-0.21363026	0.14055976
14	NPCr	inverse_cdf	686	0.09404737	0.051373523	0.06658018	-0.015206654	0.12325172
14	NPCr	inverse_cdf	53	0.09397179	0.44868875	0.06892617	0.3797626	0.18263282
14	NPCr	inverse_cdf	624	0.093497634	0.1292969	-0.19649513	0.325792	0.20664692
14	NPCr	inverse_cdf	122	0.09326345	0.08972562	0.531267	-0.44154137	0.28103
14	NPCr	inverse_cdf	381	0.0929203	0.3478055	0.16032307	0.18748243	0.13244851
14	NPCr	inverse_cdf	625	0.092799485	0.03847164	-0.16640148	0.20487311	0.2785098
14	NPCr	inverse_cdf	304	0.09264004	0.5776651	0.29490635	0.28275874	0.26583457
14	NPCr	inverse_cdf	105	0.092517614	0.07028886	-0.14320159	0.21349046	0.13008891
14	NPCr	inverse_cdf	259	0.09250128	0.37924933	0.33128256	0.04796678	0.07325687
14	NPCr	inverse_cdf	585	0.09237909	-0.079461925	-0.25326294	0.173801	0.18990844
14	NPCr	inverse_cdf	288	0.09235203	0.22607347	0.18579721	0.04027626	0.08865466
14	NPCr	inverse_cdf	422	0.09190917	0.15336384	0.15827717	-0.00491333	0.3105621
14	NPCr	inverse_cdf	428	0.0914461	0.22542651	0.22874668	-0.0033201724	0.23431687
14	NPCr	inverse_cdf	166	0.09111285	0.33645907	-0.04272276	0.37918183	0.5995204
14	NPCr	inverse_cdf	784	0.09110844	0.4036408	0.36097124	0.042669564	0.1297454
14	NPCr	inverse_cdf	143	0.09095329	0.52063936	-0.013088298	0.53372765	0.4996607
14	NPCr	inverse_cdf	543	0.09054142	0.5680576	0.012799675	0.5552579	0.23266777
14	NPCr	inverse_cdf	161	0.089627385	0.059788704	-0.026362536	0.08615124	0.31721663
14	NPCr	inverse_cdf	180	0.089594305	0.2763802	0.3571	-0.0807198	0.065553844
14	NPCr	inverse_cdf	243	0.08949965	0.39487106	0.43827578	-0.04340473	0.0625278
14	NPCr	inverse_cdf	184	0.089365065	0.37346765	0.3841018	-0.010634154	0.14134254
14	NPCr	inverse_cdf	505	0.08928949	0.36395225	0.17304313	0.19090912	0.13994148
14	NPCr	inverse_cdf	637	0.08891356	0.36304948	0.0038954453	0.35915405	0.19100988
14	NPCr	inverse_cdf	126	0.088191986	0.3024212	0.55245477	-0.25003356	0.12896742
14	NPCr	inverse_cdf	167	0.08817184	0.44199002	-0.05887878	0.5008688	0.4909585
14	NPCr	inverse_cdf	323	0.08815235	0.56858456	0.16096748	0.4076171	0.40751532
14	NPCr	inverse_cdf	571	0.0876261	0.07545128	0.2166468	-0.14119554	0.14838365
14	NPCr	inverse_cdf	57	0.08751279	0.2179536	-0.061320093	0.2792737	0.12794061
14	NPCr	inverse_cdf	615	0.087319076	0.15238203	0.003722501	0.14865953	0.1670375
14	NPCr	inverse_cdf	593	0.087216556	0.17971183	-0.1470916	0.32680345	0.18389444
14	NPCr	inverse_cdf	634	0.087186635	-0.07129014	-0.3207224	0.24943227	0.22608565
14	NPCr	inverse_cdf	509	0.08706248	0.17304693	0.33314073	-0.1600938	0.21856976
14	NPCr	inverse_cdf	328	0.086811304	0.06496487	0.05098376	0.013981108	0.20823446
14	NPCr	inverse_cdf	183	0.08657372	0.06473739	0.116945975	-0.052208588	0.111429594
14	NPCr	inverse_cdf	420	0.08626276	0.03209868	0.10163335	-0.06953467	0.11156609
14	NPCr	inverse_cdf	763	0.08553761	0.27733973	0.0007172403	0.27662247	0.10507084
14	NPCr	inverse_cdf	87	0.084888816	0.041920077	0.06778637	-0.025866296	0.13189897
14	NPCr	inverse_cdf	347	0.08485812	0.38471332	0.60258645	-0.21787313	0.11149555
14	NPCr	inverse_cdf	501	0.08446616	-0.02715797	-0.28031003	0.25315207	0.3216828
14	NPCr	inverse_cdf	575	0.084123135	0.32411253	0.17524007	0.14887246	0.14033772
14	NPCr	inverse_cdf	632	0.08408356	0.2643966	-0.22958803	0.49398464	0.52415025
14	NPCr	inverse_cdf	626	0.08395457	0.21228494	-0.27218685	0.4844718	0.2307644
14	NPCr	inverse_cdf	541	0.083743155	0.2725548	0.31606588	-0.043511063	0.09916931
14	NPCr	inverse_cdf	510	0.08313227	0.23543309	0.4497486	-0.21431552	0.18314552
14	NPCr	inverse_cdf	171	0.08297193	0.2880351	-0.09802034	0.38605544	0.6101259
14	NPCr	inverse_cdf	621	0.08161408	0.15193193	-0.109002955	0.2609349	0.137129
14	NPCr	inverse_cdf	639	0.08141357	0.14524317	-0.027468642	0.1727118	0.3383763
14	NPCr	inverse_cdf	547	0.08088392	0.50395817	0.34862995	0.15532821	0.18258472
14	NPCr	inverse_cdf	208	0.08083415	0.42068988	0.46693757	-0.04624769	0.08053188
14	NPCr	inverse_cdf	1	0.0801813	-0.20461427	-0.37630177	0.1716875	0.21827963
14	NPCr	inverse_cdf	577	0.08010858	0.25651497	-0.23126838	0.48778334	0.15100142
15	BensonV1	cdf	838	0.16182488	0.62121814	0.738165	-0.116946876	0.16222645
15	BensonV1	cdf	242	0.08763713	0.2874361	0.16362335	0.12381275	0.103953205
15	BensonV1	cdf	24	0.084008396	0.15395845	0.16659148	-0.012633026	0.07645545
15	BensonV1	cdf	414	0.082505584	0.15194303	0.16253361	-0.010590583	0.18198462
15	BensonV1	cdf	839	0.07917142	0.62943655	0.5893096	0.04012698	0.34652707
15	BensonV1	cdf	671	0.07881522	0.0004988766	0.21470976	-0.21421088	0.21336544
15	BensonV1	cdf	501	0.07836521	0.42151126	0.33997625	0.08153501	0.20617464
15	BensonV1	cdf	836	0.07820219	0.62220293	0.54286087	0.07934207	0.1240197
15	BensonV1	cdf	157	0.07812393	0.17890212	0.18744092	-0.0085387975	0.082402304
15	BensonV1	cdf	19	0.0772953	0.3596562	0.31845495	0.041201264	0.1332549
15	BensonV1	cdf	721	0.0771718	0.34536785	0.39610294	-0.050735086	0.32590514
15	BensonV1	cdf	87	0.072719514	0.1909659	0.39003858	-0.19907267	0.16936587
15	BensonV1	cdf	377	0.07204175	-0.2600202	-0.004410303	-0.2556099	0.12345986
15	BensonV1	cdf	634	0.071896076	0.3208432	0.22774355	0.09309964	0.15189764
15	BensonV1	cdf	495	0.071867764	-0.011205059	0.19075307	-0.20195813	0.15055662
15	BensonV1	cdf	599	0.070592046	0.3677561	0.4410136	-0.073257506	0.111805946
15	BensonV1	cdf	528	0.07040006	0.06737336	0.21662226	-0.1492489	0.2063962
15	BensonV1	cdf	88	0.067231596	-0.35435274	-0.40601534	0.051662594	0.07811041
15	BensonV1	cdf	791	0.0668267	0.15727219	0.07937525	0.07789694	0.10821274
15	BensonV1	cdf	577	0.06551254	0.254261	0.4198827	-0.16562173	0.2826996
15	BensonV1	cdf	397	0.06443316	-0.1481693	-0.114476025	-0.03369327	0.0870258
15	BensonV1	cdf	502	0.06385547	0.08672197	0.17942646	-0.09270449	0.058166157
15	BensonV1	cdf	303	0.06282246	0.19818142	0.32406884	-0.12588742	0.102360085
15	BensonV1	cdf	491	0.062146485	0.033442926	0.19075947	-0.15731654	0.07418406
15	BensonV1	cdf	545	0.061986983	0.07347136	0.2855137	-0.21204233	0.078077
15	BensonV1	cdf	7	0.060872436	0.4627229	0.49165022	-0.028927326	0.1365185
15	BensonV1	cdf	362	0.06032288	-0.2742492	0.17655934	-0.45080853	0.1337931
15	BensonV1	cdf	62	0.060301363	0.46385986	0.51863056	-0.054770708	0.17898676
15	BensonV1	cdf	566	0.059932232	-0.5385845	-0.32532138	-0.2132631	0.08379548
15	BensonV1	cdf	558	0.059594274	0.4295094	0.4176002	0.011909187	0.08665586
15	BensonV1	cdf	379	0.05935371	-0.14562495	-0.0402201	-0.105404854	0.13031021
15	BensonV1	cdf	290	0.059248805	0.20145015	0.15196644	0.049483716	0.13905998
15	BensonV1	cdf	536	0.058023453	-0.24076667	-0.3470653	0.106298625	0.16130626
15	BensonV1	cdf	764	0.057067156	0.32471982	0.15318573	0.17153409	0.11642565
15	BensonV1	cdf	9	0.056575	0.49603024	0.5706835	-0.07465324	0.097957365
15	BensonV1	cdf	308	0.056289256	0.22219503	0.2014426	0.02075243	0.07738712
15	BensonV1	cdf	542	0.056223452	0.35952675	0.167424	0.19210276	0.11809739
15	BensonV1	cdf	529	0.056218088	0.07287424	0.27663577	-0.20376152	0.20891662
15	BensonV1	cdf	595	0.056207538	0.446176	0.38618013	0.05999586	0.073726796
15	BensonV1	cdf	507	0.05612105	0.067584574	0.28391704	-0.21633247	0.05358981
15	BensonV1	cdf	517	0.055492878	-0.07620559	0.04487659	-0.12108218	0.06662234
15	BensonV1	cdf	580	0.055182934	0.21767528	0.15003595	0.067639336	0.1515733
15	BensonV1	cdf	448	0.054983556	-0.06091429	0.3231543	-0.38406858	0.08791471
15	BensonV1	cdf	684	0.0545156	0.24659717	0.11091576	0.13568142	0.0479064
15	BensonV1	cdf	535	0.05426383	0.7216997	0.3949026	0.32679713	0.22149344
15	BensonV1	cdf	504	0.054211915	0.38198522	0.34149322	0.040492	0.19651587
15	BensonV1	cdf	337	0.05398649	-0.07464812	0.04269228	-0.1173404	0.13196915
15	BensonV1	cdf	120	0.05390179	0.22208963	0.20934977	0.012739867	0.1118519
15	BensonV1	cdf	361	0.053082943	0.48244056	0.13379893	0.34864163	0.1408863
15	BensonV1	cdf	316	0.052888513	0.4665178	0.28918937	0.17732844	0.19457251
15	BensonV1	cdf	613	0.051477015	-0.047847588	0.2850386	-0.3328862	0.14553258
15	BensonV1	cdf	837	0.051383615	0.39892542	0.26482424	0.13410118	0.24749301
15	BensonV1	cdf	523	0.051320612	0.17290941	0.1763873	-0.0034778863	0.09448893
15	BensonV1	cdf	786	0.051317155	0.0057761143	0.17063248	-0.16485637	0.16660604
15	BensonV1	cdf	833	0.05084014	-0.2694531	-0.14067219	-0.12878092	0.17283554
15	BensonV1	cdf	698	0.05082965	-0.031924143	0.082857	-0.11478114	0.16837786
15	BensonV1	cdf	85	0.05077517	0.099768385	0.41477144	-0.31500304	0.2531067
15	BensonV1	cdf	578	0.05027169	0.15644568	0.29890087	-0.14245519	0.26631704
15	BensonV1	cdf	71	0.04964733	0.09781178	-0.009311304	0.107123084	0.070006266
15	BensonV1	cdf	642	0.049515426	0.53687644	0.4238312	0.113045245	0.07539605
15	BensonV1	cdf	680	0.04946655	0.08217046	0.4191558	-0.33698535	0.10074265
15	BensonV1	cdf	18	0.04944873	0.08466923	-0.10271255	0.18738177	0.15519114
15	BensonV1	cdf	518	0.0493024	-0.06471158	-0.0066591688	-0.05805241	0.079171635
15	BensonV1	cdf	404	0.049228847	0.10416349	-0.20850176	0.31266525	0.08098073
15	BensonV1	cdf	719	0.04856819	-0.09079108	-0.030954145	-0.05983693	0.09417754
15	BensonV1	cdf	423	0.047507405	-0.0814798	-0.21753302	0.13605322	0.22994943
15	BensonV1	cdf	606	0.046971917	0.06144831	0.059220146	0.0022281632	0.07902979
15	BensonV1	cdf	683	0.046231627	-0.2428494	-0.3504447	0.10759531	0.06860693
15	BensonV1	cdf	712	0.045972824	0.07543687	0.16628233	-0.09084546	0.2612862
15	BensonV1	cdf	500	0.04593247	0.35245994	0.28504178	0.06741816	0.08469726
15	BensonV1	cdf	256	0.045899987	-0.039528336	0.07450036	-0.11402869	0.06846492
15	BensonV1	cdf	640	0.045807302	-0.09789674	-0.048941974	-0.048954766	0.05648698
15	BensonV1	cdf	271	0.04579258	0.24233785	0.2998631	-0.057525247	0.09036666
15	BensonV1	cdf	296	0.045018017	0.1563524	0.17482841	-0.01847601	0.11587416
15	BensonV1	cdf	254	0.04496962	-0.014077332	0.2239432	-0.23802054	0.14206366
15	BensonV1	cdf	101	0.044909	0.23132908	-0.115066424	0.3463955	0.13718663
15	BensonV1	cdf	524	0.04487878	0.12527688	0.4355498	-0.31027293	0.14225882
15	BensonV1	cdf	543	0.0448488	0.19434845	0.11598292	0.078365535	0.10881124
15	BensonV1	cdf	513	0.044649363	-0.2531306	-0.20431197	-0.048818648	0.060945574
15	BensonV1	cdf	682	0.04454428	0.1626766	-0.07353552	0.23621212	0.10359363
15	BensonV1	cdf	421	0.044500172	0.39755142	0.3895991	0.007952303	0.084165834
15	BensonV1	cdf	255	0.044258714	0.3502859	0.53414184	-0.18385595	0.15496708
15	BensonV1	cdf	110	0.044226885	0.28805014	0.49981385	-0.21176371	0.11614794
15	BensonV1	cdf	821	0.044131994	0.11026776	0.08017806	0.030089699	0.109388545
15	BensonV1	cdf	532	0.04388386	0.6470137	0.38133326	0.26568046	0.38626355
15	BensonV1	cdf	176	0.04386127	0.5571439	0.65567714	-0.09853321	0.15595482
15	BensonV1	cdf	450	0.043752134	-0.10843784	-0.18352452	0.075086676	0.1528173
15	BensonV1	cdf	579	0.043570995	0.390431	0.4171662	-0.026735216	0.16731536
15	BensonV1	cdf	348	0.04321587	-0.5055984	-0.48299372	-0.022604704	0.10300356
15	BensonV1	cdf	618	0.043213367	0.23200181	0.3896139	-0.15761209	0.080618
15	BensonV1	cdf	79	0.043169737	0.1256092	-0.053807408	0.17941661	0.060456716
15	BensonV1	cdf	384	0.043055058	0.10559926	0.23372766	-0.12812841	0.124005
15	BensonV1	cdf	57	0.04304552	0.38903186	0.099741645	0.28929022	0.22469606
15	BensonV1	cdf	43	0.04284972	0.108555585	-0.022687748	0.13124333	0.09965028
15	BensonV1	cdf	582	0.042691946	0.06865452	0.21636415	-0.14770962	0.18686014
15	BensonV1	cdf	86	0.042572796	0.086790174	0.14432982	-0.05753964	0.097664416
15	BensonV1	cdf	744	0.042080224	0.07468624	0.09911205	-0.024425812	0.07179542
15	BensonV1	cdf	215	0.041945875	-0.0608118	-0.18244338	0.12163158	0.099716395
15	BensonV1	cdf	826	0.041933954	-0.05644243	-0.14367296	0.08723053	0.06332377
15	BensonV1	cdf	824	0.041920483	-0.08756298	0.09930527	-0.18686825	0.06604695
15	BensonV1	inverse_cdf	724	0.10207611	-0.069085054	-0.33545166	0.2663666	0.09459488
15	BensonV1	inverse_cdf	772	0.09821206	0.10223413	0.011624227	0.09060991	0.13566844
15	BensonV1	inverse_cdf	626	0.09492952	0.35384	0.3380463	0.015793681	0.14236343
15	BensonV1	inverse_cdf	641	0.09386891	0.3717739	0.25549302	0.11628088	0.08600246
15	BensonV1	inverse_cdf	648	0.09366971	-0.117827825	0.07541021	-0.19323803	0.13528588
15	BensonV1	inverse_cdf	286	0.092772365	0.06957935	0.07038833	-0.00080898404	0.13747409
15	BensonV1	inverse_cdf	338	0.09257728	0.24672131	0.22326396	0.023457348	0.1334693
15	BensonV1	inverse_cdf	645	0.09250283	0.2318185	0.16789523	0.06392327	0.14285764
15	BensonV1	inverse_cdf	717	0.08936596	0.177741	0.336411	-0.15867	0.13306779
15	BensonV1	inverse_cdf	412	0.08928335	0.33951205	0.38963205	-0.050119996	0.11693654
15	BensonV1	inverse_cdf	2	0.08749962	0.25028148	0.22358079	0.02670069	0.07905097
15	BensonV1	inverse_cdf	721	0.0865854	0.3259069	0.29596254	0.02994436	0.16814423
15	BensonV1	inverse_cdf	715	0.086544275	0.08052845	0.35557145	-0.275043	0.24182975
15	BensonV1	inverse_cdf	49	0.08603716	0.21208063	0.31631836	-0.104237735	0.048077025
15	BensonV1	inverse_cdf	713	0.08556235	0.108783804	0.20024998	-0.09146618	0.22367547
15	BensonV1	inverse_cdf	226	0.08347851	0.055364836	0.050812624	0.0045522116	0.06713627
15	BensonV1	inverse_cdf	9	0.08343977	0.65353805	0.65221	0.0013280511	0.1139858
15	BensonV1	inverse_cdf	289	0.081186056	-0.16076611	-0.26648003	0.10571392	0.14122249
15	BensonV1	inverse_cdf	46	0.07977378	0.31743947	0.3680811	-0.050641626	0.078052446
15	BensonV1	inverse_cdf	138	0.078867614	0.18377891	0.27097526	-0.08719635	0.08267048
15	BensonV1	inverse_cdf	245	0.07764107	-0.17222102	-0.006335971	-0.16588505	0.13707796
15	BensonV1	inverse_cdf	581	0.07722479	0.09061502	0.2612952	-0.17068018	0.15206186
15	BensonV1	inverse_cdf	627	0.077055216	0.29135484	0.25843498	0.032919854	0.12421525
15	BensonV1	inverse_cdf	797	0.0770365	-0.09139725	-0.12463951	0.033242263	0.12048623
15	BensonV1	inverse_cdf	838	0.07689029	0.6891982	0.7677393	-0.0785411	0.14309002
15	BensonV1	inverse_cdf	432	0.076199114	0.08672386	-0.0021005692	0.08882443	0.2134854
15	BensonV1	inverse_cdf	52	0.07616466	0.16118859	0.12932649	0.031862095	0.13194811
15	BensonV1	inverse_cdf	427	0.07557821	0.21950969	0.07611232	0.14339736	0.14442977
15	BensonV1	inverse_cdf	225	0.07534897	0.11698798	0.034013346	0.082974635	0.09291239
15	BensonV1	inverse_cdf	327	0.07458502	0.08660892	0.05452716	0.032081757	0.08521321
15	BensonV1	inverse_cdf	45	0.074557185	0.04023757	0.07440785	-0.034170285	0.09581232
15	BensonV1	inverse_cdf	507	0.07400823	0.28539997	0.14072496	0.14467502	0.07373942
15	BensonV1	inverse_cdf	547	0.07368952	0.16978453	0.016260637	0.15352389	0.07707265
15	BensonV1	inverse_cdf	532	0.07292724	0.49988458	0.36921665	0.13066792	0.29749247
15	BensonV1	inverse_cdf	625	0.07241869	0.40490216	0.570281	-0.16537887	0.2712188
15	BensonV1	inverse_cdf	36	0.071982265	0.06324072	0.33708426	-0.27384353	0.13486151
15	BensonV1	inverse_cdf	535	0.07135278	0.4622746	0.07767745	0.38459715	0.1482101
15	BensonV1	inverse_cdf	575	0.07069862	0.17169428	0.22524773	-0.053553447	0.1881752
15	BensonV1	inverse_cdf	814	0.0693441	0.06325829	-0.0069530127	0.070211306	0.092480324
15	BensonV1	inverse_cdf	363	0.06887668	-0.090280116	-0.11361172	0.023331605	0.07236058
15	BensonV1	inverse_cdf	577	0.06881589	0.50829834	0.53857625	-0.030277908	0.16876252
15	BensonV1	inverse_cdf	500	0.06872553	0.17542717	0.19621176	-0.020784587	0.09686072
15	BensonV1	inverse_cdf	418	0.067154765	0.29800028	0.22319332	0.07480696	0.09030565
15	BensonV1	inverse_cdf	328	0.067115724	0.027816152	-0.21944116	0.2472573	0.074809484
15	BensonV1	inverse_cdf	217	0.06700444	-0.26091784	-0.29071105	0.029793203	0.10339008
15	BensonV1	inverse_cdf	128	0.06681138	0.042659823	-0.21506484	0.25772467	0.15780658
15	BensonV1	inverse_cdf	549	0.066660225	0.43174213	0.27692342	0.15481871	0.079651564
15	BensonV1	inverse_cdf	239	0.06659871	-0.12038575	-0.12478684	0.0044010878	0.12649807
15	BensonV1	inverse_cdf	368	0.06628919	0.21894838	0.041179188	0.17776918	0.1193253
15	BensonV1	inverse_cdf	483	0.06616253	0.23453717	0.21347958	0.02105759	0.08312235
15	BensonV1	inverse_cdf	759	0.065733075	0.17267407	-0.08281811	0.25549218	0.07006377
15	BensonV1	inverse_cdf	0	0.065571964	0.2374625	0.45051914	-0.21305664	0.26946783
15	BensonV1	inverse_cdf	42	0.065422714	0.2179541	0.36379007	-0.14583597	0.07492968
15	BensonV1	inverse_cdf	512	0.06508851	-0.3078063	-0.3554048	0.04759848	0.11420815
15	BensonV1	inverse_cdf	82	0.06386769	0.5061324	0.6337682	-0.12763578	0.07970746
15	BensonV1	inverse_cdf	600	0.06372374	0.44188035	0.40542477	0.03645557	0.07977509
15	BensonV1	inverse_cdf	271	0.06284821	0.31863913	0.33280906	-0.014169931	0.112224825
15	BensonV1	inverse_cdf	622	0.062405765	-0.049995277	-0.07100789	0.021012615	0.10065727
15	BensonV1	inverse_cdf	521	0.06235057	0.23420405	0.039304346	0.19489971	0.08315496
15	BensonV1	inverse_cdf	301	0.062066555	-0.097176105	-0.02863384	-0.068542264	0.12660816
15	BensonV1	inverse_cdf	406	0.062027693	-0.017346183	0.15408531	-0.1714315	0.0684858
15	BensonV1	inverse_cdf	103	0.062022686	0.16067137	0.11098273	0.049688637	0.062325038
15	BensonV1	inverse_cdf	731	0.061234593	0.14185034	0.050161794	0.09168854	0.050029833
15	BensonV1	inverse_cdf	525	0.06111741	0.18263102	-0.16015296	0.342784	0.18314816
15	BensonV1	inverse_cdf	227	0.06070751	-0.24417844	-0.15119965	-0.09297879	0.08416926
15	BensonV1	inverse_cdf	479	0.060667276	0.46383756	0.15694325	0.3068943	0.13007087
15	BensonV1	inverse_cdf	621	0.060573757	0.3560556	0.4060812	-0.050025612	0.057540387
15	BensonV1	inverse_cdf	646	0.06022322	0.45123115	0.53708273	-0.08585158	0.10617139
15	BensonV1	inverse_cdf	100	0.060067296	0.0446496	0.09644978	-0.051800177	0.27210838
15	BensonV1	inverse_cdf	677	0.05996144	0.45091194	0.3316676	0.11924434	0.067808546
15	BensonV1	inverse_cdf	670	0.05995834	0.2568827	0.3335839	-0.076701194	0.093017764
15	BensonV1	inverse_cdf	566	0.059655488	-0.41359454	-0.41425186	0.00065732	0.083995
15	BensonV1	inverse_cdf	404	0.059653282	0.21127982	-0.044468496	0.25574833	0.09159502
15	BensonV1	inverse_cdf	665	0.059643567	0.20739394	0.2486182	-0.041224256	0.11476184
15	BensonV1	inverse_cdf	769	0.059575498	0.15915897	-0.22924362	0.38840258	0.07649921
15	BensonV1	inverse_cdf	312	0.05956626	0.2023583	0.17297333	0.02938497	0.08029551
15	BensonV1	inverse_cdf	591	0.05956608	0.13609137	0.055852614	0.08023875	0.07583856
15	BensonV1	inverse_cdf	629	0.05932808	0.17669407	0.3853292	-0.20863512	0.10125213
15	BensonV1	inverse_cdf	836	0.058912158	0.61221784	0.5958123	0.016405523	0.1587847
15	BensonV1	inverse_cdf	283	0.058766425	0.017590597	-0.20119743	0.21878803	0.091310985
15	BensonV1	inverse_cdf	62	0.05833751	0.14035714	0.41101542	-0.27065828	0.08328118
15	BensonV1	inverse_cdf	443	0.057815373	0.017002996	-0.116867356	0.13387035	0.25455743
15	BensonV1	inverse_cdf	362	0.057774365	-0.053861994	-0.20907149	0.1552095	0.048185464
15	BensonV1	inverse_cdf	494	0.057620764	-0.10057423	-0.0046335803	-0.09594065	0.044498056
15	BensonV1	inverse_cdf	675	0.057517648	-0.028239107	-0.11099501	0.0827559	0.17631733
15	BensonV1	inverse_cdf	471	0.05750656	0.25894892	0.29040113	-0.03145221	0.22025748
15	BensonV1	inverse_cdf	390	0.057486236	0.16354142	0.03168103	0.13186039	0.3103773
15	BensonV1	inverse_cdf	71	0.057385147	0.45895296	0.084555134	0.3743978	0.117508434
15	BensonV1	inverse_cdf	156	0.05659151	-0.15939838	-0.22282454	0.06342617	0.08575343
15	BensonV1	inverse_cdf	680	0.05656004	0.3881391	0.294483	0.09365609	0.068616346
15	BensonV1	inverse_cdf	437	0.05652547	-0.06014194	-0.24923514	0.1890932	0.09133797
15	BensonV1	inverse_cdf	691	0.056483746	0.14259946	0.20114689	-0.058547422	0.073752694
15	BensonV1	inverse_cdf	223	0.056437254	-0.031878	-0.2175302	0.18565221	0.07653862
15	BensonV1	inverse_cdf	123	0.056372106	0.097963944	0.22441171	-0.12644777	0.10234393
15	BensonV1	inverse_cdf	1	0.05608064	0.16778381	0.19424117	-0.026457354	0.11242289
15	BensonV1	inverse_cdf	770	0.055734396	0.2566435	-0.1243485	0.380992	0.09990663
15	BensonV1	inverse_cdf	394	0.05566126	-0.15356714	-0.32603893	0.17247179	0.49538147
15	BensonV1	inverse_cdf	546	0.05552602	0.35624143	0.10828805	0.24795339	0.08560314
15	BensonV1	inverse_cdf	290	0.055391967	0.31369483	0.12612927	0.18756557	0.16636288
15	BensonV1	inverse_cdf	269	0.054836094	0.18827924	0.06643832	0.121840924	0.048032425
15	NPCr	cdf	383	0.20651335	0.4206395	0.57385486	-0.15321538	0.075748004
15	NPCr	cdf	170	0.11171532	0.53175604	0.7097591	-0.17800307	0.4119816
15	NPCr	cdf	375	0.110141456	0.51786125	0.32618177	0.19167948	0.690189
15	NPCr	cdf	766	0.108694375	0.385594	0.42593282	-0.040338814	0.24797438
15	NPCr	cdf	315	0.1037001	0.54878867	0.40790835	0.14088032	0.17737515
15	NPCr	cdf	490	0.09636694	0.37771785	0.4230136	-0.045295745	0.49317044
15	NPCr	cdf	125	0.09400684	0.4817608	0.36422375	0.11753705	0.32724804
15	NPCr	cdf	427	0.09396881	-0.08039375	0.07218319	-0.15257694	0.13470447
15	NPCr	cdf	215	0.09357244	0.57808834	0.36519063	0.21289772	0.5339283
15	NPCr	cdf	569	0.089925945	0.44087726	0.6101621	-0.16928482	0.42734498
15	NPCr	cdf	203	0.08894402	-0.29408708	-0.3566517	0.06256461	0.07375259
15	NPCr	cdf	126	0.087403774	0.3500445	0.5563568	-0.2063123	0.20970857
15	NPCr	cdf	705	0.08704835	0.04423912	0.13900946	-0.09477034	0.111745626
15	NPCr	cdf	711	0.08430612	0.554642	0.46825302	0.086389005	0.22527769
15	NPCr	cdf	768	0.08306116	0.25650567	0.43706322	-0.18055755	0.25496194
15	NPCr	cdf	379	0.08242124	0.3682908	0.456385	-0.088094175	0.28590184
15	NPCr	cdf	430	0.080411434	0.2259284	0.2429415	-0.017013103	0.15718599
15	NPCr	cdf	770	0.08026832	0.05926646	-0.024050944	0.0833174	0.07977476
15	NPCr	cdf	499	0.08011234	0.13400722	0.29770336	-0.16369614	0.3066666
15	NPCr	cdf	14	0.07814902	0.2996645	0.421651	-0.12198651	0.16367553
15	NPCr	cdf	600	0.07795453	0.21392743	0.06211732	0.15181011	1.0840801
15	NPCr	cdf	118	0.077798426	0.16963768	0.31437185	-0.14473417	0.24564022
15	NPCr	cdf	777	0.07732421	0.16048086	0.091206506	0.06927435	0.14775659
15	NPCr	cdf	237	0.07673466	0.20696823	0.058968578	0.14799966	0.11619969
15	NPCr	cdf	703	0.076672554	0.31170562	0.14507483	0.16663079	0.17900898
15	NPCr	cdf	756	0.07639557	0.18919156	0.19569935	-0.006507784	0.124462835
15	NPCr	cdf	205	0.07602525	0.16209142	0.09949528	0.06259614	0.2923238
15	NPCr	cdf	568	0.075512946	0.413651	0.5616921	-0.14804113	0.4726517
15	NPCr	cdf	752	0.07422304	0.575945	0.3573441	0.21860093	0.22657531
15	NPCr	cdf	175	0.07402462	0.52881515	0.720387	-0.19157183	0.23046693
15	NPCr	cdf	620	0.07372719	-0.119266845	-0.085210815	-0.03405603	0.11252465
15	NPCr	cdf	657	0.07345134	0.46191376	0.4176167	0.04429707	0.17854805
15	NPCr	cdf	344	0.07316446	0.01629475	0.019329764	-0.0030350145	0.1724927
15	NPCr	cdf	685	0.07286823	0.3542701	0.24715507	0.10711503	0.1329991
15	NPCr	cdf	130	0.07278556	0.21775068	0.33398387	-0.116233185	0.19814274
15	NPCr	cdf	115	0.07149184	0.33388388	0.35742602	-0.023542136	0.54002595
15	NPCr	cdf	417	0.07145506	-0.17698626	0.08892606	-0.26591232	0.29606715
15	NPCr	cdf	655	0.070780575	0.33713832	0.27747533	0.059662998	0.2711009
15	NPCr	cdf	17	0.0707466	-0.101581216	0.23631103	-0.33789223	0.20642795
15	NPCr	cdf	788	0.07068968	0.38882297	0.36655807	0.022264898	0.20758715
15	NPCr	cdf	474	0.07055992	0.20109043	0.31432015	-0.11322972	0.25146046
15	NPCr	cdf	763	0.07044697	0.20475398	0.10620116	0.09855282	0.30302036
15	NPCr	cdf	651	0.070373476	0.32226357	0.40182438	-0.07956082	0.41491696
15	NPCr	cdf	33	0.07009262	0.49197814	0.5155798	-0.023601681	0.089617066
15	NPCr	cdf	449	0.06989902	0.29227632	0.29425028	-0.0019739568	0.66970086
15	NPCr	cdf	790	0.069835305	0.3379269	0.3040503	0.033876598	0.069713876
15	NPCr	cdf	549	0.06976986	-0.09754591	-0.09848804	0.00094213337	0.07337916
15	NPCr	cdf	2	0.069686174	0.113922514	0.3962949	-0.2823724	0.2991115
15	NPCr	cdf	297	0.06966901	0.3944971	0.58783853	-0.19334143	0.1103796
15	NPCr	cdf	762	0.06952584	0.2929287	0.32897398	-0.036045283	0.22315684
15	NPCr	cdf	661	0.06949723	0.40949607	0.418407	-0.008910924	0.27943704
15	NPCr	cdf	621	0.069336	0.117656946	0.33471513	-0.21705818	0.24054065
15	NPCr	cdf	478	0.069283545	0.3059056	0.38084275	-0.074937135	0.30600786
15	NPCr	cdf	469	0.06922239	0.35799232	0.34652665	0.011465669	0.6062975
15	NPCr	cdf	3	0.06911957	0.12766813	0.26368135	-0.13601322	0.23153251
15	NPCr	cdf	58	0.06842768	0.08772137	-0.009239776	0.09696115	0.0446176
15	NPCr	cdf	704	0.068009794	0.29067263	0.19732012	0.09335251	0.1725295
15	NPCr	cdf	706	0.06699324	-0.15119056	-0.059470404	-0.091720164	0.082215145
15	NPCr	cdf	223	0.066957235	0.0038634017	0.007499852	-0.0036364505	0.7031525
15	NPCr	cdf	678	0.066740274	0.31283367	0.12904236	0.18379131	0.742339
15	NPCr	cdf	372	0.06642735	0.5442979	0.55598676	-0.011688888	0.743746
15	NPCr	cdf	701	0.065942466	0.12815994	0.087350555	0.040809385	0.16030768
15	NPCr	cdf	309	0.065781176	0.19730248	0.29777175	-0.10046928	0.2527759
15	NPCr	cdf	266	0.06574726	0.019838056	-0.04630811	0.066146165	0.21812396
15	NPCr	cdf	108	0.06452197	0.0046591014	0.03224828	-0.02758918	0.18712531
15	NPCr	cdf	709	0.06400865	0.23066545	0.111515276	0.11915017	0.2345569
15	NPCr	cdf	161	0.06377244	0.3063332	0.38054943	-0.07421622	0.27950552
15	NPCr	cdf	166	0.06364876	0.21631293	0.4377909	-0.22147797	0.116381876
15	NPCr	cdf	63	0.063406825	0.20106016	0.45917296	-0.2581128	0.43450078
15	NPCr	cdf	224	0.06317586	0.28078136	0.18737836	0.093403	0.27693057
15	NPCr	cdf	32	0.06281966	-0.05074647	-0.24354078	0.19279431	0.11183577
15	NPCr	cdf	745	0.062482238	0.23973878	0.32456228	-0.084823504	0.15467224
15	NPCr	cdf	149	0.062319577	0.31890154	0.10615451	0.21274704	0.2614288
15	NPCr	cdf	498	0.06173855	-0.12339453	0.11477014	-0.23816466	0.2845414
15	NPCr	cdf	160	0.0615952	0.024721667	-0.005162299	0.029883966	0.20639282
15	NPCr	cdf	648	0.061417043	0.3191754	0.12398969	0.1951857	0.10874245
15	NPCr	cdf	570	0.061385572	0.29185748	0.24360192	0.048255563	0.28607228
15	NPCr	cdf	578	0.061324775	-0.041516077	-0.014436952	-0.027079124	0.37925476
15	NPCr	cdf	712	0.06086403	0.2440899	0.2867004	-0.042610496	0.38353404
15	NPCr	cdf	64	0.06076902	0.06971637	0.03656312	0.03315325	0.327911
15	NPCr	cdf	486	0.060743034	0.32399777	0.36196327	-0.037965506	0.65672237
15	NPCr	cdf	805	0.06047809	-0.22395307	-0.22976933	0.005816266	0.06508661
15	NPCr	cdf	482	0.06015581	0.24346285	0.36372843	-0.12026559	0.59254533
15	NPCr	cdf	765	0.060048103	0.32743135	0.14798428	0.17944707	0.15336841
15	NPCr	cdf	576	0.059922516	0.48583594	0.4629238	0.022912145	0.2739196
15	NPCr	cdf	758	0.05981338	0.15867697	0.22791089	-0.069233924	0.06583616
15	NPCr	cdf	734	0.05896938	0.24156334	0.17694163	0.0646217	0.24138509
15	NPCr	cdf	420	0.05874622	0.1970856	0.03335477	0.16373083	0.09532843
15	NPCr	cdf	382	0.05858791	0.113915645	0.13523734	-0.021321692	0.058416102
15	NPCr	cdf	654	0.058242857	-0.016121468	0.28100383	-0.2971253	0.27160004
15	NPCr	cdf	674	0.058110833	0.31308106	0.33363837	-0.020557314	2.1141257
15	NPCr	cdf	169	0.0577659	0.358452	0.26777348	0.09067851	0.32200816
15	NPCr	cdf	305	0.05759096	0.192666	0.06055248	0.13211352	0.39019692
15	NPCr	cdf	434	0.05754316	-0.009711345	-0.02674822	0.017036874	0.25231698
15	NPCr	cdf	314	0.05748266	0.24719949	0.24823706	-0.0010375679	0.20099965
15	NPCr	cdf	168	0.057176948	0.3289659	0.066456005	0.26250988	0.061979003
15	NPCr	cdf	167	0.056961298	0.09065083	-0.023264324	0.11391515	0.13593261
15	NPCr	cdf	419	0.05690819	0.11483712	-0.018299503	0.13313662	0.22381116
15	NPCr	cdf	83	0.05684012	0.18049979	0.12722912	0.053270668	0.17605793
15	NPCr	cdf	12	0.05668354	0.0018337949	0.05065987	-0.048826072	0.19375065
15	NPCr	inverse_cdf	383	0.1391223	0.6705624	0.62255895	0.048003435	0.085419446
15	NPCr	inverse_cdf	739	0.122568905	0.30358422	0.35265243	-0.049068213	0.12755449
15	NPCr	inverse_cdf	235	0.11515927	0.32173473	0.14070597	0.18102875	0.112548955
15	NPCr	inverse_cdf	416	0.107745886	0.38336322	0.30799362	0.0753696	0.0821326
15	NPCr	inverse_cdf	276	0.095409095	0.13134703	0.11636333	0.014983699	0.10118169
15	NPCr	inverse_cdf	459	0.093631685	-0.3691775	-0.36101457	-0.008162916	0.111495726
15	NPCr	inverse_cdf	111	0.09207797	0.32214397	0.40793464	-0.085790664	0.11468119
15	NPCr	inverse_cdf	24	0.09027803	-0.22844616	-0.14798161	-0.08046454	0.104710445
15	NPCr	inverse_cdf	583	0.08944321	0.27283162	0.14191505	0.13091657	0.1787066
15	NPCr	inverse_cdf	56	0.08700299	0.23716466	0.023717117	0.21344754	0.09264154
15	NPCr	inverse_cdf	623	0.08566606	-0.1174903	-0.112533525	-0.0049567744	0.15330292
15	NPCr	inverse_cdf	228	0.08447558	0.45640996	0.10516256	0.3512474	0.1718462
15	NPCr	inverse_cdf	38	0.08339316	0.06664046	-0.033434052	0.100074515	0.07168118
15	NPCr	inverse_cdf	72	0.08167642	-0.06511586	-0.09970839	0.03459253	0.061133143
15	NPCr	inverse_cdf	619	0.08161622	-0.27777848	-0.31807056	0.040292084	0.12185162
15	NPCr	inverse_cdf	716	0.08015686	0.19923116	0.17264515	0.026586011	0.18520401
15	NPCr	inverse_cdf	359	0.08006871	0.26100767	0.4201297	-0.15912202	0.15725021
15	NPCr	inverse_cdf	170	0.07900393	0.41945022	0.41477585	0.004674375	0.15480779
15	NPCr	inverse_cdf	711	0.07893306	0.56205577	0.48488572	0.077170044	0.13630813
15	NPCr	inverse_cdf	315	0.07891697	0.5344939	0.3144	0.22009394	0.08276898
15	NPCr	inverse_cdf	589	0.078749955	0.13673462	0.075930744	0.060803875	0.1773874
15	NPCr	inverse_cdf	227	0.077299535	0.10342643	0.20128426	-0.09785783	0.086141646
15	NPCr	inverse_cdf	755	0.07604748	0.31437677	0.026957363	0.2874194	0.088389814
15	NPCr	inverse_cdf	189	0.07540637	0.32964748	0.25569457	0.07395291	0.13760014
15	NPCr	inverse_cdf	603	0.07537091	0.30833584	-0.066671625	0.37500745	0.14665021
15	NPCr	inverse_cdf	175	0.07475817	0.26492152	0.46937248	-0.20445096	0.11886925
15	NPCr	inverse_cdf	66	0.07333583	0.43386525	0.31678104	0.117084205	0.10650612
15	NPCr	inverse_cdf	126	0.0732671	0.078047544	0.40455443	-0.32650688	0.115461394
15	NPCr	inverse_cdf	116	0.07316202	0.33746582	0.31361043	0.023855388	0.120665796
15	NPCr	inverse_cdf	628	0.07246429	-0.014340708	-0.18106872	0.166728	0.112287395
15	NPCr	inverse_cdf	380	0.07244772	0.37756452	0.35733038	0.020234138	0.076939985
15	NPCr	inverse_cdf	606	0.07233244	0.22398514	0.3090331	-0.08504796	0.12502566
15	NPCr	inverse_cdf	376	0.072096705	0.32047138	0.35570508	-0.035233706	0.16699126
15	NPCr	inverse_cdf	584	0.07112414	0.035917614	0.21160802	-0.17569041	0.064512394
15	NPCr	inverse_cdf	243	0.0701403	0.47936985	0.13509126	0.34427857	0.08898727
15	NPCr	inverse_cdf	77	0.06843823	0.12065228	0.31805795	-0.19740567	0.0676831
15	NPCr	inverse_cdf	154	0.06838113	0.09810644	0.07965559	0.018450849	0.12311184
15	NPCr	inverse_cdf	206	0.06636369	0.3850973	0.34013668	0.044960618	0.054848026
15	NPCr	inverse_cdf	70	0.066159904	0.0120030185	0.061508097	-0.049505077	0.13913482
15	NPCr	inverse_cdf	450	0.0658986	-0.05332878	-0.13402925	0.08070047	0.06868164
15	NPCr	inverse_cdf	585	0.065680206	0.1514149	-0.13401161	0.2854265	0.06264165
15	NPCr	inverse_cdf	395	0.06490761	-0.16359398	-0.11008554	-0.05350844	0.087120764
15	NPCr	inverse_cdf	677	0.06478381	0.14813912	0.25083104	-0.10269192	0.09521188
15	NPCr	inverse_cdf	238	0.06437552	0.51334465	0.49188772	0.021456927	0.08444528
15	NPCr	inverse_cdf	153	0.064231336	0.27311918	0.47131878	-0.1981996	0.10397264
15	NPCr	inverse_cdf	626	0.06311458	-0.33524722	0.02886882	-0.36411604	0.11134242
15	NPCr	inverse_cdf	84	0.06198907	0.1789213	0.32852545	-0.14960416	0.08996421
15	NPCr	inverse_cdf	441	0.06147164	0.5277701	0.357065	0.17070511	0.11202389
15	NPCr	inverse_cdf	334	0.061190724	0.21870635	-0.0010902071	0.21979657	0.11293011
15	NPCr	inverse_cdf	802	0.06063181	0.38219908	0.3344813	0.04771778	0.065069854
15	NPCr	inverse_cdf	71	0.06034428	0.07601065	0.30111647	-0.22510582	0.08619526
15	NPCr	inverse_cdf	717	0.059830427	0.17714567	0.1905044	-0.013358727	0.06106946
15	NPCr	inverse_cdf	366	0.059764326	-0.3350323	0.016526613	-0.35155892	0.08721533
15	NPCr	inverse_cdf	571	0.059538722	0.24894841	0.42195153	-0.17300312	0.07185577
15	NPCr	inverse_cdf	545	0.05931264	0.25480264	0.06594321	0.18885943	0.084766224
15	NPCr	inverse_cdf	230	0.05924362	0.5175733	0.2918689	0.2257044	0.13566338
15	NPCr	inverse_cdf	370	0.057875633	-0.18099874	-0.09029307	-0.09070567	0.07323157
15	NPCr	inverse_cdf	615	0.05748546	0.091114044	0.024152244	0.0669618	0.06778233
15	NPCr	inverse_cdf	203	0.05722916	-0.29462087	-0.29860052	0.003979653	0.055308074
15	NPCr	inverse_cdf	234	0.057195008	0.30508587	0.50332654	-0.19824067	0.09938759
15	NPCr	inverse_cdf	658	0.057191253	0.36104354	0.52743345	-0.16638991	0.060668867
15	NPCr	inverse_cdf	496	0.056925416	-0.30113703	-0.16311987	-0.13801716	0.06350122
15	NPCr	inverse_cdf	801	0.056458235	0.18653713	0.12610044	0.060436696	0.08573827
15	NPCr	inverse_cdf	538	0.056149065	0.07797238	0.042058457	0.035913926	0.07362032
15	NPCr	inverse_cdf	381	0.056086063	0.1400682	0.10970699	0.030361213	0.115232624
15	NPCr	inverse_cdf	263	0.05583185	0.23212135	0.26125985	-0.029138505	0.071737215
15	NPCr	inverse_cdf	633	0.055782437	-0.16664486	0.09848358	-0.26512843	0.08400968
15	NPCr	inverse_cdf	231	0.055772662	0.2939991	0.28478384	0.0092152655	0.06397761
15	NPCr	inverse_cdf	330	0.055728376	0.105460435	-0.16937368	0.2748341	0.07165189
15	NPCr	inverse_cdf	293	0.055502117	0.40456665	0.48492348	-0.08035684	0.05816703
15	NPCr	inverse_cdf	252	0.0552454	0.16636367	-0.09648551	0.26284918	0.063749105
15	NPCr	inverse_cdf	573	0.055089653	-0.040849984	0.044595957	-0.08544594	0.12318122
15	NPCr	inverse_cdf	54	0.05507171	-0.05310027	0.22328123	-0.2763815	0.117814325
15	NPCr	inverse_cdf	327	0.0547325	0.24072444	0.43432543	-0.19360098	0.088077046
15	NPCr	inverse_cdf	568	0.05466944	0.1623486	0.5584607	-0.3961121	0.22862868
15	NPCr	inverse_cdf	536	0.054269373	0.2769144	0.3287448	-0.05183041	0.09240387
15	NPCr	inverse_cdf	559	0.054212213	0.057980493	0.22817126	-0.17019077	0.09208542
15	NPCr	inverse_cdf	188	0.054037154	0.5127632	0.5341877	-0.021424472	0.14854306
15	NPCr	inverse_cdf	673	0.05394602	0.14470024	0.2293818	-0.084681556	0.13616128
15	NPCr	inverse_cdf	149	0.05380869	0.031509545	0.047173288	-0.015663743	0.19176504
15	NPCr	inverse_cdf	751	0.05378747	0.26335368	0.07006038	0.1932933	0.13496622
15	NPCr	inverse_cdf	741	0.053616107	0.1439653	0.3586191	-0.21465379	0.096313395
15	NPCr	inverse_cdf	774	0.053244352	0.37999907	0.18790163	0.19209744	0.09722056
15	NPCr	inverse_cdf	657	0.05265057	0.45555228	0.3950729	0.060479373	0.09237814
15	NPCr	inverse_cdf	654	0.05244714	-0.55185777	0.07904541	-0.6309032	0.124793425
15	NPCr	inverse_cdf	135	0.05230367	0.2272501	0.2549383	-0.027688205	0.12024072
15	NPCr	inverse_cdf	518	0.052121222	-0.080023415	0.107196406	-0.18721983	0.10791768
15	NPCr	inverse_cdf	287	0.052074373	0.22160836	0.31587622	-0.09426786	0.092630275
15	NPCr	inverse_cdf	787	0.052001655	0.40344796	0.26234627	0.14110169	0.10720763
15	NPCr	inverse_cdf	725	0.05178106	0.089449964	0.18456173	-0.095111765	0.11607422
15	NPCr	inverse_cdf	199	0.05123222	0.028902909	-0.16061108	0.18951398	0.10650846
15	NPCr	inverse_cdf	577	0.051039875	0.22718018	0.17548881	0.05169137	0.1043735
15	NPCr	inverse_cdf	414	0.050407052	0.25107092	0.40203595	-0.15096503	0.091015875
15	NPCr	inverse_cdf	452	0.050266504	0.2075231	0.17513542	0.032387674	0.0658495
15	NPCr	inverse_cdf	226	0.05005592	0.34029573	0.31380364	0.026492089	0.10689406
15	NPCr	inverse_cdf	445	0.049977124	0.08471525	0.17543171	-0.09071647	0.06971749
15	NPCr	inverse_cdf	796	0.04994452	-0.3716145	-0.34557945	-0.02603504	0.1073646
15	NPCr	inverse_cdf	192	0.04970509	-0.11692799	0.05079673	-0.16772471	0.066380605
15	NPCr	inverse_cdf	316	0.049322307	0.26301178	0.31555995	-0.05254817	0.10271941
15	NPCr	inverse_cdf	752	0.049305677	0.74054796	0.32097936	0.4195686	0.10953133
16	BensonV1	cdf	280	0.13673675	0.563631	0.31355655	0.25007445	0.16899243
16	BensonV1	cdf	185	0.11772722	0.14941695	0.27784404	-0.12842709	0.12305068
16	BensonV1	cdf	23	0.10094929	0.11401307	0.16612628	-0.052113213	0.12694578
16	BensonV1	cdf	363	0.0938189	0.32063183	0.34864956	-0.02801773	0.08612938
16	BensonV1	cdf	101	0.0935393	0.1322757	0.16312557	-0.030849874	0.11502093
16	BensonV1	cdf	103	0.081783056	-0.005626598	0.14897999	-0.1546066	0.06539271
16	BensonV1	cdf	272	0.08138281	0.11966316	-0.113792226	0.23345539	1.101756
16	BensonV1	cdf	296	0.0754751	-0.00752228	-0.17050205	0.16297977	0.09602844
16	BensonV1	cdf	275	0.07486457	0.026156813	0.13014877	-0.103991956	0.20614755
16	BensonV1	cdf	514	0.07111496	0.37226093	0.43817052	-0.065909594	0.06711949
16	BensonV1	cdf	91	0.071083665	0.056179307	0.3231571	-0.2669778	0.15623473
16	BensonV1	cdf	180	0.07043338	0.039048024	0.23744974	-0.19840172	0.14672346
16	BensonV1	cdf	372	0.070190966	-0.30338937	-0.1466188	-0.15677057	0.107391655
16	BensonV1	cdf	109	0.06984931	-0.037989635	-0.07517216	0.03718253	0.22520785
16	BensonV1	cdf	453	0.069768965	-0.034538228	0.13273655	-0.16727477	0.062436532
16	BensonV1	cdf	50	0.068405986	-0.12094281	-0.33289182	0.21194902	0.2769422
16	BensonV1	cdf	105	0.06828171	-0.03371036	0.10385329	-0.13756365	0.12936832
16	BensonV1	cdf	200	0.06786245	0.3177629	0.2876066	0.030156314	0.11092925
16	BensonV1	cdf	409	0.06762564	0.15014291	0.1974119	-0.047268987	0.107816346
16	BensonV1	cdf	102	0.067292035	0.41584525	0.42463517	-0.008789927	0.08748245
16	BensonV1	cdf	290	0.06609154	0.15242094	0.2038452	-0.051424265	0.06052422
16	BensonV1	cdf	533	0.065611064	-0.1193755	0.103512585	-0.22288808	0.13929965
16	BensonV1	cdf	184	0.060100615	0.10048024	0.3164102	-0.21592997	0.13450246
16	BensonV1	cdf	35	0.059963703	-0.23278749	-0.284366	0.05157852	0.13744798
16	BensonV1	cdf	410	0.058336914	0.13312608	0.24883348	-0.1157074	0.059478853
16	BensonV1	cdf	266	0.05655229	0.009053226	-0.019873627	0.028926853	0.058648113
16	BensonV1	cdf	283	0.056467474	0.2907193	0.58185613	-0.29113683	0.21663438
16	BensonV1	cdf	17	0.05466491	0.07553689	0.33127353	-0.25573665	1.4049141
16	BensonV1	cdf	81	0.054436564	0.18743701	0.25211993	-0.064682916	0.14123179
16	BensonV1	cdf	294	0.054276705	0.11877373	0.29721817	-0.17844445	0.101074874
16	BensonV1	cdf	322	0.054255188	0.109392084	-0.072417066	0.18180916	0.114447996
16	BensonV1	cdf	112	0.0540756	0.31128222	0.62849164	-0.31720942	0.18509579
16	BensonV1	cdf	203	0.053588986	-0.2584623	-0.10353673	-0.15492558	0.0832303
16	BensonV1	cdf	107	0.05317402	-0.1316637	-0.14850424	0.016840547	0.34230882
16	BensonV1	cdf	11	0.051600814	-0.009810904	0.26863068	-0.27844158	0.0860325
16	BensonV1	cdf	528	0.050973475	0.47127372	0.30730587	0.16396785	0.06623401
16	BensonV1	cdf	71	0.050765574	0.002871648	0.24514812	-0.24227647	0.07917235
16	BensonV1	cdf	449	0.050497293	0.6629488	0.6543008	0.008647978	0.15111665
16	BensonV1	cdf	329	0.049104214	0.43066564	0.5215011	-0.09083548	0.120945685
16	BensonV1	cdf	234	0.04858333	0.16304012	0.082844004	0.08019611	0.19583002
16	BensonV1	cdf	176	0.048528194	-0.06880664	-0.28155172	0.21274507	0.09287871
16	BensonV1	cdf	350	0.048416734	-0.16414583	-0.035293054	-0.12885277	0.09807354
16	BensonV1	cdf	452	0.048410892	0.29204747	0.22559758	0.066449896	0.07663463
16	BensonV1	cdf	57	0.048393726	0.041986562	0.31311628	-0.27112973	0.1188647
16	BensonV1	cdf	361	0.047744513	-0.070071824	-0.4118999	0.34182808	0.35743365
16	BensonV1	cdf	326	0.04766673	0.100884914	0.055159334	0.04572558	0.8188441
16	BensonV1	cdf	127	0.047572613	0.24324387	0.08138555	0.16185832	0.07933483
16	BensonV1	cdf	416	0.04714626	-0.22136292	-0.45306072	0.2316978	0.097963125
16	BensonV1	cdf	60	0.047137797	-0.14875755	-0.041706245	-0.1070513	0.06464879
16	BensonV1	cdf	4	0.046946883	0.4110738	0.62045944	-0.20938563	0.21884531
16	BensonV1	cdf	45	0.046723425	0.010919549	0.0015128835	0.009406665	0.07563486
16	BensonV1	cdf	494	0.04575485	0.34844515	0.26145014	0.086995006	0.11478318
16	BensonV1	cdf	304	0.044845045	0.035319846	0.13143237	-0.09611252	0.2068776
16	BensonV1	cdf	405	0.04484111	0.43700412	0.47578937	-0.03878525	0.23836808
16	BensonV1	cdf	333	0.044786215	0.46175432	0.55029655	-0.08854222	0.12332799
16	BensonV1	cdf	139	0.044630945	0.28496373	0.32809427	-0.043130547	0.07327382
16	BensonV1	cdf	38	0.04434246	-0.04947999	0.23337431	-0.28285432	0.08158197
16	BensonV1	cdf	323	0.04424417	0.43241018	0.28995183	0.14245835	0.062566884
16	BensonV1	cdf	262	0.043735385	-0.13034755	-0.2215674	0.09121986	0.08833115
16	BensonV1	cdf	481	0.043698728	0.13143663	0.23847063	-0.107034	0.10072181
16	BensonV1	cdf	108	0.04369831	-0.23760605	-0.20436604	-0.033240005	1.1011386
16	BensonV1	cdf	113	0.043616652	0.4004003	0.51419944	-0.113799125	0.22531219
16	BensonV1	cdf	447	0.043073416	0.31889927	0.15870571	0.16019356	0.09774817
16	BensonV1	cdf	486	0.042720675	0.6688112	0.63885045	0.029960752	0.12371427
16	BensonV1	cdf	271	0.04260528	-0.048980284	-0.05574094	0.006760657	0.22593229
16	BensonV1	cdf	40	0.04249394	-0.23379114	-0.14691228	-0.086878866	0.061402164
16	BensonV1	cdf	330	0.042074203	0.08953666	0.2514887	-0.16195202	0.55028075
16	BensonV1	cdf	202	0.041854084	-0.06676538	0.03935313	-0.106118515	0.0697139
16	BensonV1	cdf	276	0.04184699	-0.42835626	-0.09726909	-0.33108717	0.1250415
16	BensonV1	cdf	141	0.04171318	0.0636035	0.09105734	-0.02745384	0.08203242
16	BensonV1	cdf	90	0.041069984	0.035583492	0.066592835	-0.031009343	0.06169281
16	BensonV1	cdf	52	0.040991426	0.14177102	0.46959636	-0.32782534	0.4536642
16	BensonV1	cdf	386	0.04074359	-0.067375414	-0.07037182	0.0029964074	0.11346312
16	BensonV1	cdf	315	0.040441155	0.26621908	0.3221939	-0.05597481	0.09683995
16	BensonV1	cdf	150	0.040314853	-0.18440703	0.05457311	-0.23898014	0.08100468
16	BensonV1	cdf	140	0.03965938	-0.28020796	0.012799045	-0.29300702	0.12337054
16	BensonV1	cdf	336	0.039551258	0.38225412	0.49653912	-0.11428499	0.13169812
16	BensonV1	cdf	143	0.039346397	-0.19558153	0.09808107	-0.2936626	0.09908493
16	BensonV1	cdf	332	0.03904462	-0.00013614229	0.056268673	-0.056404814	0.08641397
16	BensonV1	cdf	69	0.038988173	-0.12511751	-0.012604644	-0.112512864	0.0952164
16	BensonV1	cdf	175	0.03870064	0.14467783	0.20102772	-0.05634989	0.086807445
16	BensonV1	cdf	352	0.03840208	-0.3132364	-0.15882692	-0.15440947	0.068818904
16	BensonV1	cdf	30	0.038389742	-0.20662628	-0.15236579	-0.054260492	0.33392754
16	BensonV1	cdf	340	0.037936866	0.04561688	0.2322675	-0.18665062	0.081434704
16	BensonV1	cdf	250	0.037582695	-0.37290463	-0.24089754	-0.13200709	0.084667675
16	BensonV1	cdf	42	0.03714204	0.39095142	0.32238352	0.0685679	0.07893024
16	BensonV1	cdf	5	0.03643608	0.087116376	-0.079637006	0.16675338	0.22410133
16	BensonV1	cdf	144	0.036239564	-0.12036286	0.12570845	-0.24607131	0.11788754
16	BensonV1	cdf	527	0.035965502	0.4070586	0.4875322	-0.0804736	0.12111553
16	BensonV1	cdf	225	0.035648167	0.43997338	0.40617502	0.033798367	0.07103171
16	BensonV1	cdf	505	0.035356283	-0.24748833	0.20250621	-0.44999456	0.18285015
16	BensonV1	cdf	131	0.035342574	0.27661207	0.59648967	-0.3198776	0.19926389
16	BensonV1	cdf	31	0.035028934	-0.06921627	0.10652206	-0.17573833	0.16707306
16	BensonV1	cdf	106	0.03496456	0.32623458	0.33977693	-0.013542354	0.25404295
16	BensonV1	cdf	261	0.03461957	0.09273164	0.20640862	-0.11367698	0.07190428
16	BensonV1	cdf	208	0.034531593	0.34049648	0.49056932	-0.15007284	0.10254642
16	BensonV1	cdf	529	0.0344826	0.0696262	0.18491235	-0.11528616	0.6558426
16	BensonV1	cdf	401	0.034270704	0.11791977	0.36338753	-0.24546775	0.13842776
16	BensonV1	cdf	192	0.034250617	0.3277555	0.31533858	0.012416929	0.09156449
16	BensonV1	cdf	279	0.03423959	-0.37267056	-0.43542704	0.06275648	0.10490235
16	BensonV1	inverse_cdf	58	0.1893872	0.4008631	0.33332875	0.06753436	0.13525736
16	BensonV1	inverse_cdf	256	0.11009973	0.008576658	0.1289279	-0.12035124	0.17097673
16	BensonV1	inverse_cdf	81	0.099561036	0.39850333	0.268152	0.13035133	0.12189137
16	BensonV1	inverse_cdf	112	0.09828824	0.50074184	0.6585477	-0.15780586	0.09147136
16	BensonV1	inverse_cdf	486	0.09251672	0.36466706	0.4147808	-0.050113738	0.102526136
16	BensonV1	inverse_cdf	88	0.088062584	0.4396247	0.38331306	0.056311637	0.0927905
16	BensonV1	inverse_cdf	2	0.08160168	0.051845167	0.051475756	0.00036941096	0.2542089
16	BensonV1	inverse_cdf	145	0.08092588	0.36197075	0.22240864	0.13956212	0.24816804
16	BensonV1	inverse_cdf	404	0.08080304	0.26600888	0.24885938	0.017149508	0.21461168
16	BensonV1	inverse_cdf	509	0.07952356	0.31282434	0.20530847	0.10751587	0.10955543
16	BensonV1	inverse_cdf	59	0.078351915	0.11455074	-0.012170901	0.12672164	0.061121214
16	BensonV1	inverse_cdf	95	0.07543111	0.121210985	0.36265048	-0.24143949	0.081496134
16	BensonV1	inverse_cdf	224	0.07465422	0.09899507	0.09692879	0.002066277	0.14499907
16	BensonV1	inverse_cdf	131	0.0739426	0.55152094	0.49080917	0.06071177	0.12318076
16	BensonV1	inverse_cdf	353	0.073370874	0.030261047	-0.0032659105	0.033526957	0.15255071
16	BensonV1	inverse_cdf	113	0.069956124	0.7070969	0.5518366	0.15526026	0.087408006
16	BensonV1	inverse_cdf	296	0.06833142	-0.537916	-0.039714377	-0.49820164	0.08215032
16	BensonV1	inverse_cdf	527	0.06813502	0.32282838	0.32383868	-0.0010102987	0.06788151
16	BensonV1	inverse_cdf	141	0.06776178	0.24133109	-0.03651307	0.27784416	0.13293457
16	BensonV1	inverse_cdf	451	0.0654037	0.26063278	0.3897953	-0.12916252	0.085292794
16	BensonV1	inverse_cdf	218	0.06453055	-0.04595279	-0.12922615	0.08327336	0.06311624
16	BensonV1	inverse_cdf	252	0.06438565	-0.119487025	-0.14366469	0.024177663	0.09649329
16	BensonV1	inverse_cdf	324	0.06402886	0.1684955	0.12493742	0.043558083	0.106028825
16	BensonV1	inverse_cdf	276	0.063985944	-0.14500898	-0.017456902	-0.12755208	0.08374824
16	BensonV1	inverse_cdf	279	0.06386	-0.40233836	-0.269593	-0.13274536	0.08358679
16	BensonV1	inverse_cdf	310	0.061981678	-0.0069025047	-0.019723887	0.012821382	0.07968894
16	BensonV1	inverse_cdf	46	0.061944008	0.08401576	0.009094148	0.07492161	0.085248366
16	BensonV1	inverse_cdf	51	0.061880648	0.050611246	0.136428	-0.085816756	0.16045518
16	BensonV1	inverse_cdf	151	0.060696423	-0.3718042	-0.2707189	-0.101085305	0.12999628
16	BensonV1	inverse_cdf	500	0.059665263	0.055311494	0.058276504	-0.0029650107	0.17730412
16	BensonV1	inverse_cdf	86	0.059052467	0.5828613	0.35592842	0.22693288	0.15301923
16	BensonV1	inverse_cdf	1	0.05875033	0.18024103	0.009781833	0.1704592	0.1401347
16	BensonV1	inverse_cdf	248	0.056714714	-0.06270242	0.048377316	-0.11107974	0.12210428
16	BensonV1	inverse_cdf	135	0.056582212	0.17863563	0.25318226	-0.074546635	0.06790705
16	BensonV1	inverse_cdf	330	0.05650711	0.26827744	0.24204348	0.026233956	1.2215912
16	BensonV1	inverse_cdf	230	0.05583644	0.017022895	0.0842115	-0.067188606	0.08704063
16	BensonV1	inverse_cdf	129	0.05522424	0.15290542	0.07955453	0.07335089	0.08217697
16	BensonV1	inverse_cdf	448	0.054359615	0.3252769	0.30483472	0.020442188	0.15715188
16	BensonV1	inverse_cdf	524	0.054104924	0.33486414	0.25705168	0.07781246	0.08528853
16	BensonV1	inverse_cdf	378	0.053658783	-0.26724368	-0.17080632	-0.096437365	0.087162144
16	BensonV1	inverse_cdf	482	0.053564608	0.21240757	0.2682913	-0.05588372	0.31368065
16	BensonV1	inverse_cdf	436	0.052496254	0.25075063	-0.011630455	0.26238108	0.09635025
16	BensonV1	inverse_cdf	422	0.052200675	0.39380142	0.07853623	0.31526518	0.14812838
16	BensonV1	inverse_cdf	299	0.052090228	0.27100328	0.060512718	0.21049055	0.081881054
16	BensonV1	inverse_cdf	449	0.052032173	0.4451265	0.49141732	-0.046290815	0.112877585
16	BensonV1	inverse_cdf	454	0.0510242	-0.017372904	0.1865242	-0.2038971	0.057753433
16	BensonV1	inverse_cdf	469	0.050426245	-0.1456641	-0.22954196	0.08387786	0.1553837
16	BensonV1	inverse_cdf	458	0.049839556	0.0879332	-0.05907843	0.14701162	0.13401337
16	BensonV1	inverse_cdf	329	0.04952258	0.5681654	0.52760416	0.04056126	0.16460666
16	BensonV1	inverse_cdf	403	0.04939413	0.24458005	0.22827548	0.016304567	0.13818203
16	BensonV1	inverse_cdf	6	0.04908824	-0.08267823	-0.19092944	0.108251214	0.117850825
16	BensonV1	inverse_cdf	78	0.048973978	-0.009704102	-0.14061941	0.13091531	0.14450854
16	BensonV1	inverse_cdf	106	0.048900068	0.24471521	0.14263071	0.1020845	0.2181514
16	BensonV1	inverse_cdf	480	0.048594296	0.36522582	0.41754398	-0.052318156	0.46896306
16	BensonV1	inverse_cdf	514	0.048555315	0.6708628	0.39771262	0.27315018	0.089736484
16	BensonV1	inverse_cdf	82	0.048532844	0.36928138	0.027411452	0.34186992	0.3683247
16	BensonV1	inverse_cdf	226	0.048516273	0.26935878	0.25247586	0.016882926	0.124944314
16	BensonV1	inverse_cdf	111	0.048440754	0.11682339	0.2580093	-0.14118592	0.06869057
16	BensonV1	inverse_cdf	42	0.04839331	0.45064875	0.37730202	0.073346734	0.0690041
16	BensonV1	inverse_cdf	394	0.048108995	-0.25709495	-0.090588965	-0.16650599	0.1097236
16	BensonV1	inverse_cdf	264	0.0479095	0.20842822	0.18249226	0.025935963	0.052499894
16	BensonV1	inverse_cdf	485	0.047766805	0.23572898	0.24123743	-0.0055084527	0.06882643
16	BensonV1	inverse_cdf	450	0.04728657	-0.03267657	0.209251	-0.24192756	0.111746304
16	BensonV1	inverse_cdf	525	0.047251463	-0.013872616	-0.15896507	0.14509246	0.060026858
16	BensonV1	inverse_cdf	225	0.046796322	0.3668501	0.4345209	-0.06767079	0.11327187
16	BensonV1	inverse_cdf	259	0.046714365	0.18856719	0.27560818	-0.08704099	0.07661408
16	BensonV1	inverse_cdf	267	0.04670286	0.20128769	0.26748163	-0.06619394	0.11973237
16	BensonV1	inverse_cdf	532	0.046656787	0.13592711	0.023946807	0.111980304	0.12916726
16	BensonV1	inverse_cdf	439	0.04647571	0.058162097	0.05166904	0.006493058	0.15830158
16	BensonV1	inverse_cdf	282	0.045470476	0.53026164	0.37715888	0.15310276	0.111177504
16	BensonV1	inverse_cdf	280	0.045457363	0.76103574	0.44050047	0.32053527	0.11012361
16	BensonV1	inverse_cdf	67	0.045114398	0.1405821	0.24664196	-0.106059864	0.06458823
16	BensonV1	inverse_cdf	206	0.04493779	0.024075678	-0.45132163	0.47539732	0.12307397
16	BensonV1	inverse_cdf	171	0.044110537	0.09694337	-0.03401053	0.13095391	0.09565594
16	BensonV1	inverse_cdf	120	0.04390061	-0.030550046	0.1766404	-0.20719045	0.054463252
16	BensonV1	inverse_cdf	237	0.043723345	0.32895797	0.29426077	0.034697205	0.06657252
16	BensonV1	inverse_cdf	144	0.043534815	-0.27033195	0.021683726	-0.29201567	0.12815496
16	BensonV1	inverse_cdf	70	0.043438435	0.14729397	0.1650271	-0.017733127	0.115972124
16	BensonV1	inverse_cdf	351	0.0433895	-0.28186765	-0.25923258	-0.022635072	0.089153245
16	BensonV1	inverse_cdf	395	0.04334116	-0.27419174	-0.14776671	-0.12642503	0.11247571
16	BensonV1	inverse_cdf	293	0.043234646	0.35560215	0.2107656	0.14483654	0.14088663
16	BensonV1	inverse_cdf	155	0.043153882	0.21225616	0.26757115	-0.055314988	0.049493615
16	BensonV1	inverse_cdf	278	0.043091357	-0.32825524	-0.20517077	-0.12308447	0.22686328
16	BensonV1	inverse_cdf	530	0.042784154	0.13466541	0.16671038	-0.032044962	0.37653798
16	BensonV1	inverse_cdf	20	0.042606294	-0.059891228	0.15735412	-0.21724534	0.5663066
16	BensonV1	inverse_cdf	186	0.042535067	-0.26993743	-0.34163	0.071692586	0.11309509
16	BensonV1	inverse_cdf	409	0.04188925	0.06567136	0.43175188	-0.36608052	0.08347957
16	BensonV1	inverse_cdf	435	0.041378975	0.20734774	0.13584407	0.07150367	0.12913007
16	BensonV1	inverse_cdf	428	0.041090846	-0.32656708	-0.4756221	0.149055	0.07034011
16	BensonV1	inverse_cdf	153	0.04069829	0.12382756	0.35309458	-0.22926702	0.07117402
16	BensonV1	inverse_cdf	466	0.040641963	-0.18898562	-0.20140392	0.0124183	0.119552754
16	BensonV1	inverse_cdf	493	0.040457904	0.06289609	0.13050301	-0.067606926	0.0854293
16	BensonV1	inverse_cdf	8	0.040247083	-0.3234255	-0.40628722	0.08286172	0.53078574
16	BensonV1	inverse_cdf	119	0.040140927	0.095464416	0.14021482	-0.0447504	0.056261834
16	BensonV1	inverse_cdf	475	0.039903104	0.25131	0.21480702	0.036502972	0.07377102
16	BensonV1	inverse_cdf	12	0.039410174	-0.07288834	-0.09967313	0.026784793	0.120853856
16	BensonV1	inverse_cdf	152	0.039203048	0.16997525	0.088819616	0.081155635	0.10285256
16	BensonV1	inverse_cdf	470	0.03894472	-0.2372968	-0.3995617	0.1622649	0.08342908
16	BensonV1	inverse_cdf	220	0.038639545	0.013459371	-0.20553492	0.21899429	0.14687096
16	BensonV1	inverse_cdf	484	0.038597047	0.34932652	0.47821322	-0.1288867	0.06440827
16	NPCr	cdf	344	0.12613821	0.38035962	0.42837954	-0.048019916	0.13118573
16	NPCr	cdf	423	0.08779514	0.026976526	0.0761518	-0.049175277	0.11786426
16	NPCr	cdf	387	0.08690339	-0.03874461	-0.0874177	0.04867309	0.053749207
16	NPCr	cdf	277	0.08353233	0.11840245	0.33686626	-0.21846381	0.11183005
16	NPCr	cdf	306	0.08234787	0.13019888	0.21753791	-0.08733903	0.20414327
16	NPCr	cdf	351	0.08062452	0.03405243	0.1734838	-0.13943137	0.078497455
16	NPCr	cdf	425	0.079303086	-0.062101696	0.07895248	-0.14105417	0.15898666
16	NPCr	cdf	440	0.07833481	0.08704287	0.16167587	-0.074633	0.11749201
16	NPCr	cdf	241	0.07537019	0.12239262	-0.01105206	0.13344468	0.05271587
16	NPCr	cdf	12	0.069921315	0.043151215	0.07687069	-0.033719473	0.12951614
16	NPCr	cdf	350	0.06803441	-0.16567719	0.06791054	-0.23358773	0.07839719
16	NPCr	cdf	178	0.06762117	-0.20406903	0.0025731162	-0.20664215	0.06666809
16	NPCr	cdf	280	0.06686151	0.30988726	0.25581628	0.05407098	0.07661737
16	NPCr	cdf	421	0.06668317	-0.18397537	0.10289329	-0.28686866	0.11883592
16	NPCr	cdf	499	0.06604147	-0.13765734	-0.012674038	-0.1249833	0.07130004
16	NPCr	cdf	420	0.065742075	-0.13441934	0.14765836	-0.2820777	0.06848233
16	NPCr	cdf	226	0.06436932	0.22944504	-0.07612274	0.30556777	0.06700806
16	NPCr	cdf	372	0.06113088	-0.044972375	-0.0035988288	-0.041373547	0.09988902
16	NPCr	cdf	285	0.060908675	-0.055539392	0.14175817	-0.19729757	0.057621848
16	NPCr	cdf	422	0.060349643	-0.10257995	0.030568972	-0.13314892	0.13766102
16	NPCr	cdf	79	0.059606075	-0.03390172	0.15940903	-0.19331075	0.25345072
16	NPCr	cdf	349	0.0585739	0.23945706	0.39143524	-0.15197818	0.079035595
16	NPCr	cdf	439	0.058362246	0.043933533	0.2741698	-0.23023626	0.07439445
16	NPCr	cdf	508	0.056035638	-0.11187132	0.20566139	-0.31753272	0.09101104
16	NPCr	cdf	235	0.056008697	0.41196293	0.5814217	-0.16945875	0.057080213
16	NPCr	cdf	427	0.055955052	0.31502163	0.30404702	0.010974616	0.07916915
16	NPCr	cdf	438	0.055786192	-0.186214	0.13410269	-0.32031667	0.08243405
16	NPCr	cdf	246	0.055481493	-0.18311103	-0.28883234	0.10572131	0.060174674
16	NPCr	cdf	389	0.054728627	0.15917858	0.32874256	-0.16956398	0.09645099
16	NPCr	cdf	27	0.05470091	0.061426178	0.21341144	-0.15198526	0.0739657
16	NPCr	cdf	49	0.054607987	0.5426125	0.33749595	0.20511654	0.049826078
16	NPCr	cdf	292	0.0541842	-0.1907734	0.006010017	-0.19678341	0.12323222
16	NPCr	cdf	127	0.052720368	-0.22972237	-0.20242141	-0.027300954	0.070271716
16	NPCr	cdf	187	0.052591026	0.03467487	0.17190666	-0.1372318	0.062875934
16	NPCr	cdf	505	0.052512765	-0.12435044	-0.1719738	0.04762335	0.17912796
16	NPCr	cdf	103	0.05152607	0.22236088	0.18794197	0.03441891	0.17078727
16	NPCr	cdf	5	0.051290154	-0.008174653	0.022863358	-0.031038012	0.062586136
16	NPCr	cdf	62	0.05114311	-0.10135694	-0.07672662	-0.024630316	0.25059494
16	NPCr	cdf	91	0.050827444	0.4147225	0.08770775	0.32701474	0.08529868
16	NPCr	cdf	446	0.05063647	-0.07479666	0.044659313	-0.11945598	0.0718999
16	NPCr	cdf	11	0.05042684	-0.06445042	-0.025194673	-0.039255746	0.28964454
16	NPCr	cdf	31	0.050371826	0.22926252	0.06992281	0.1593397	0.047494624
16	NPCr	cdf	48	0.04929459	0.0801575	0.20832042	-0.12816292	0.0910867
16	NPCr	cdf	492	0.04922849	0.23657292	0.2997127	-0.06313977	0.088198364
16	NPCr	cdf	303	0.048526227	-0.053795062	0.09886945	-0.15266451	0.086769804
16	NPCr	cdf	286	0.048381805	0.40998426	0.5488832	-0.13889894	0.07048676
16	NPCr	cdf	15	0.047813296	0.14787395	0.219689	-0.07181504	0.13400567
16	NPCr	cdf	331	0.047804475	-0.06852458	-0.18174434	0.11321976	0.04976422
16	NPCr	cdf	299	0.046703517	-0.24436809	0.012076993	-0.25644508	0.14694914
16	NPCr	cdf	307	0.04666549	0.21479438	0.32539535	-0.11060096	0.09791678
16	NPCr	cdf	502	0.046379745	-0.12974957	0.0900655	-0.21981508	0.18927076
16	NPCr	cdf	281	0.046183288	-0.12496905	0.0030259413	-0.12799498	0.06952529
16	NPCr	cdf	149	0.045517743	0.0691108	0.3543421	-0.2852313	0.11661733
16	NPCr	cdf	352	0.045509934	0.19477482	0.5218327	-0.3270579	0.11083311
16	NPCr	cdf	180	0.045482635	-0.055039298	-0.1530218	0.097982496	0.07858218
16	NPCr	cdf	119	0.045426726	0.24547933	0.40309048	-0.15761115	0.07260516
16	NPCr	cdf	17	0.04530853	0.30525598	0.3731885	-0.06793252	0.06733348
16	NPCr	cdf	300	0.044718564	0.07456692	0.31966075	-0.24509382	0.06624269
16	NPCr	cdf	228	0.044293642	0.12575792	0.2652966	-0.13953869	0.09249309
16	NPCr	cdf	268	0.04423207	-0.23188275	-0.10302488	-0.12885788	0.06444377
16	NPCr	cdf	237	0.044132113	0.07191792	0.39716065	-0.32524273	0.09592991
16	NPCr	cdf	95	0.043833494	0.3382147	0.33775413	0.0004605651	0.12231278
16	NPCr	cdf	233	0.043633103	-0.122404985	-0.043113325	-0.07929166	0.065436594
16	NPCr	cdf	109	0.043551266	0.18043566	0.21963587	-0.039200217	0.04546893
16	NPCr	cdf	216	0.043185234	0.016685173	0.23148179	-0.21479662	0.06518819
16	NPCr	cdf	232	0.042941093	0.080713175	0.047606014	0.03310716	0.047178477
16	NPCr	cdf	315	0.04153067	-0.123874225	-0.047039185	-0.07683504	0.0705739
16	NPCr	cdf	314	0.041457713	0.2890158	0.32072008	-0.031704277	0.07338967
16	NPCr	cdf	327	0.041224062	-0.06706221	-0.11024007	0.043177865	0.16841383
16	NPCr	cdf	13	0.041014552	0.02478049	0.04003414	-0.015253652	0.1742796
16	NPCr	cdf	84	0.04074478	0.22038138	0.03791634	0.18246505	0.060954887
16	NPCr	cdf	272	0.03983432	0.31334475	0.20162122	0.11172353	0.07850194
16	NPCr	cdf	171	0.039812922	0.14052868	0.4066244	-0.26609573	0.0529973
16	NPCr	cdf	165	0.039725065	-0.25641248	-0.10032879	-0.15608369	0.1484591
16	NPCr	cdf	274	0.039586782	0.29444274	0.47274908	-0.17830634	0.06749399
16	NPCr	cdf	413	0.03945023	0.18946259	0.3754292	-0.18596663	0.104759745
16	NPCr	cdf	37	0.03933078	-0.13891388	0.0033129612	-0.14222685	0.09374481
16	NPCr	cdf	196	0.038707316	0.21922952	0.28361514	-0.06438562	0.043263037
16	NPCr	cdf	442	0.03852868	0.037262615	0.10520939	-0.06794678	0.06838672
16	NPCr	cdf	321	0.038341165	-0.17594653	0.032484025	-0.20843056	0.0693145
16	NPCr	cdf	200	0.03791988	0.45391774	0.4340311	0.019886643	0.08000176
16	NPCr	cdf	215	0.03789693	0.2785314	0.3476335	-0.06910211	0.09364008
16	NPCr	cdf	229	0.037831128	-0.11098234	0.2991048	-0.41008717	0.17038241
16	NPCr	cdf	25	0.037732303	-0.31077367	0.14265034	-0.453424	0.18841864
16	NPCr	cdf	131	0.037654877	0.26933643	0.096826434	0.17251	0.11248753
16	NPCr	cdf	266	0.037363112	0.25012574	0.36340666	-0.11328092	0.14139953
16	NPCr	cdf	238	0.037329197	0.23336147	0.43664685	-0.20328538	0.06776055
16	NPCr	cdf	204	0.037285626	0.07332959	0.25039437	-0.17706478	0.09910848
16	NPCr	cdf	43	0.037056863	0.36589834	0.4410747	-0.07517636	0.044996668
16	NPCr	cdf	253	0.03704828	0.12093523	0.16999023	-0.049054995	0.07515047
16	NPCr	cdf	164	0.036311805	-0.122630276	-0.03555383	-0.08707644	0.07152001
16	NPCr	cdf	390	0.03619963	-0.19308002	-0.30955055	0.11647053	0.053204387
16	NPCr	cdf	500	0.03590423	-0.3219286	0.028178414	-0.350107	0.07604392
16	NPCr	cdf	393	0.03571695	-0.045691393	-0.05716672	0.011475328	0.0494438
16	NPCr	cdf	14	0.03525752	0.27356073	0.3424597	-0.068898976	0.06971202
16	NPCr	cdf	34	0.035116494	0.34364375	0.41321164	-0.06956789	0.14344613
16	NPCr	cdf	189	0.035080433	0.26884556	0.18109044	0.087755114	0.048132647
16	NPCr	cdf	473	0.035046875	0.013453878	0.15877979	-0.1453259	0.07382064
16	NPCr	cdf	168	0.03496337	0.17195372	0.023924878	0.14802885	0.06031708
16	NPCr	cdf	83	0.034546435	-0.23322667	-0.09328606	-0.13994062	0.052601803
16	NPCr	inverse_cdf	274	0.12163895	0.3511848	0.23850784	0.11267695	0.11342087
16	NPCr	inverse_cdf	320	0.09124118	-0.27122706	0.11974124	-0.3909683	0.07463875
16	NPCr	inverse_cdf	235	0.08263236	0.5760003	0.6485293	-0.07252902	0.043966267
16	NPCr	inverse_cdf	366	0.077460825	0.17792661	0.33740234	-0.15947573	0.09685728
16	NPCr	inverse_cdf	32	0.07290107	-0.06949808	0.23057531	-0.3000734	0.09391128
16	NPCr	inverse_cdf	183	0.071748674	0.2426668	0.07227426	0.17039254	0.0756489
16	NPCr	inverse_cdf	212	0.07110107	-0.009133441	0.22608311	-0.23521656	0.08277819
16	NPCr	inverse_cdf	343	0.07053751	0.109195344	0.07100424	0.038191102	0.094753824
16	NPCr	inverse_cdf	492	0.06967443	0.36154568	0.31203932	0.049506366	0.13879144
16	NPCr	inverse_cdf	344	0.069239676	0.5975344	0.55902624	0.038508177	0.087479346
16	NPCr	inverse_cdf	295	0.066628516	0.26609287	0.40416873	-0.13807586	0.075655535
16	NPCr	inverse_cdf	305	0.06604797	-0.042760227	0.3191723	-0.36193252	0.10043819
16	NPCr	inverse_cdf	104	0.06555128	-0.056206476	-0.030744655	-0.02546182	0.043920983
16	NPCr	inverse_cdf	94	0.06516993	-0.008748535	-0.036943715	0.02819518	0.10077257
16	NPCr	inverse_cdf	108	0.06433368	0.22469425	0.0013729103	0.22332135	0.08086626
16	NPCr	inverse_cdf	313	0.064285815	0.154093	0.38992742	-0.23583442	0.05675707
16	NPCr	inverse_cdf	220	0.06385845	0.30467436	0.47782576	-0.1731514	0.054374777
16	NPCr	inverse_cdf	194	0.06359428	0.12343957	-0.0066518146	0.13009138	0.12459307
16	NPCr	inverse_cdf	414	0.063052416	0.14552341	-0.07957631	0.22509973	0.07445311
16	NPCr	inverse_cdf	351	0.06273836	-0.025187688	0.10187453	-0.12706222	0.09430472
16	NPCr	inverse_cdf	464	0.062340498	0.2899569	0.15444082	0.13551608	0.09552512
16	NPCr	inverse_cdf	312	0.062226474	0.14183137	0.0119644115	0.12986696	0.0888134
16	NPCr	inverse_cdf	329	0.061626613	-0.320147	-0.077892214	-0.2422548	0.12508427
16	NPCr	inverse_cdf	213	0.061298788	-0.18202503	0.059120182	-0.24114521	0.06431163
16	NPCr	inverse_cdf	17	0.060359776	0.44088086	0.47452134	-0.033640474	0.05732066
16	NPCr	inverse_cdf	59	0.0603292	-0.07965952	-0.108605325	0.028945804	0.10524149
16	NPCr	inverse_cdf	72	0.058978736	0.2900203	0.13626342	0.15375687	0.06461499
16	NPCr	inverse_cdf	324	0.058606684	-0.058662932	-0.16106528	0.102402344	0.06521561
16	NPCr	inverse_cdf	359	0.05781448	0.18342452	0.051823344	0.13160117	0.07582581
16	NPCr	inverse_cdf	479	0.057756066	0.048365664	0.10406845	-0.055702787	0.08666674
16	NPCr	inverse_cdf	256	0.057614684	0.38924944	-0.019706007	0.40895545	0.100965716
16	NPCr	inverse_cdf	30	0.057545185	0.07847009	0.36188117	-0.2834111	0.08685876
16	NPCr	inverse_cdf	43	0.0572955	0.1875143	0.5187676	-0.3312533	0.044922497
16	NPCr	inverse_cdf	91	0.05699134	0.40450636	0.11298213	0.29152423	0.07683785
16	NPCr	inverse_cdf	485	0.056916654	-0.09925565	0.115743674	-0.21499932	0.094146535
16	NPCr	inverse_cdf	494	0.055846035	0.1008206	-0.0024000327	0.103220634	0.15093495
16	NPCr	inverse_cdf	44	0.055458367	0.3739203	0.2304679	0.14345239	0.058268905
16	NPCr	inverse_cdf	495	0.055248618	0.43559745	0.35238138	0.08321607	0.1048256
16	NPCr	inverse_cdf	391	0.054837942	0.2521445	0.15758972	0.09455477	0.03493747
16	NPCr	inverse_cdf	77	0.05456698	0.2848601	0.3213542	-0.036494106	0.06526268
16	NPCr	inverse_cdf	328	0.054349005	0.26196373	0.2699422	-0.007978469	0.08548497
16	NPCr	inverse_cdf	234	0.054341912	0.17434417	0.04349444	0.13084972	0.061646644
16	NPCr	inverse_cdf	139	0.053783774	-0.06961802	-0.12063217	0.051014155	0.039460868
16	NPCr	inverse_cdf	457	0.053720355	-0.07471853	-0.083600976	0.008882448	0.19325452
16	NPCr	inverse_cdf	199	0.053162158	0.04578893	0.13029408	-0.084505156	0.07089891
16	NPCr	inverse_cdf	401	0.05268264	-0.12764649	-0.30829573	0.18064924	0.08705711
16	NPCr	inverse_cdf	454	0.050712645	0.20152551	0.30513668	-0.10361117	0.070967354
16	NPCr	inverse_cdf	66	0.050557315	-0.03359188	-0.039242115	0.0056502335	0.05343378
16	NPCr	inverse_cdf	178	0.050256193	-0.45682994	-0.4001073	-0.05672264	0.056678284
16	NPCr	inverse_cdf	226	0.05023694	-0.173609	0.14352505	-0.31713405	0.046206497
16	NPCr	inverse_cdf	190	0.050142825	0.19701038	0.12943871	0.06757167	0.10945425
16	NPCr	inverse_cdf	95	0.050139785	0.3766152	0.34693658	0.029678613	0.10543633
16	NPCr	inverse_cdf	92	0.049816966	0.11138	-0.15762268	0.26900268	0.2079259
16	NPCr	inverse_cdf	303	0.049180508	0.09744197	-0.17140493	0.2688469	0.066534616
16	NPCr	inverse_cdf	200	0.048997223	0.43893462	0.29335856	0.14557606	0.08737937
16	NPCr	inverse_cdf	370	0.04899645	0.35341084	0.33912694	0.0142838955	0.10262982
16	NPCr	inverse_cdf	184	0.048732936	-0.18658996	-0.4642035	0.27761355	0.08981487
16	NPCr	inverse_cdf	34	0.048641026	0.36122164	0.4045656	-0.04334396	0.15544604
16	NPCr	inverse_cdf	415	0.048624814	0.3118151	0.13254711	0.179268	0.07163107
16	NPCr	inverse_cdf	3	0.048172057	0.2912889	0.13083826	0.16045065	0.16022909
16	NPCr	inverse_cdf	442	0.048003256	0.1283955	0.027974473	0.10042103	0.07133339
16	NPCr	inverse_cdf	375	0.047777295	0.0838949	0.21854028	-0.13464537	0.047377456
16	NPCr	inverse_cdf	440	0.04752308	0.3746418	0.40012494	-0.025483131	0.0724886
16	NPCr	inverse_cdf	80	0.04709083	0.07277398	0.117598444	-0.044824466	0.102437556
16	NPCr	inverse_cdf	129	0.046687067	0.3335576	0.27081743	0.06274018	0.028946612
16	NPCr	inverse_cdf	363	0.045749247	0.33798108	0.03010596	0.30787513	0.07034592
16	NPCr	inverse_cdf	372	0.045193434	0.15326251	0.08818695	0.06507556	0.09024446
16	NPCr	inverse_cdf	55	0.044821322	0.092099294	0.031044897	0.061054397	0.12233393
16	NPCr	inverse_cdf	497	0.04465711	0.06489806	-0.014434832	0.07933289	0.058045357
16	NPCr	inverse_cdf	304	0.04463947	0.0903373	0.08120744	0.0091298595	0.1501915
16	NPCr	inverse_cdf	242	0.044190407	0.17134124	0.25829142	-0.08695018	0.05264151
16	NPCr	inverse_cdf	477	0.043717265	-0.2760288	0.03823052	-0.31425932	0.123071164
16	NPCr	inverse_cdf	62	0.043574095	0.028805956	-0.019626971	0.048432928	0.38565445
16	NPCr	inverse_cdf	74	0.04332441	-0.1509355	-0.32131153	0.17037603	0.11099074
16	NPCr	inverse_cdf	15	0.043232262	0.3034637	0.36239126	-0.058927566	0.11206973
16	NPCr	inverse_cdf	450	0.04304248	-0.3180864	-0.41602263	0.09793624	0.08752433
16	NPCr	inverse_cdf	14	0.04303944	0.4233081	0.29398265	0.12932545	0.057856638
16	NPCr	inverse_cdf	268	0.04296416	-0.047065724	0.17702033	-0.22408605	0.060651027
16	NPCr	inverse_cdf	227	0.04288006	0.003317259	0.15773062	-0.15441337	0.080859326
16	NPCr	inverse_cdf	141	0.042860746	0.09660281	-0.22159198	0.3181948	0.10070694
16	NPCr	inverse_cdf	167	0.042754352	0.120839566	0.08576778	0.035071783	0.052425966
16	NPCr	inverse_cdf	113	0.042592227	0.27745113	0.09034249	0.18710864	0.10955471
16	NPCr	inverse_cdf	316	0.04244125	-0.02745399	-0.045983803	0.018529812	0.06921153
16	NPCr	inverse_cdf	384	0.042352736	0.19482051	0.02779481	0.1670257	0.07313154
16	NPCr	inverse_cdf	396	0.042178154	0.2647485	0.12734021	0.1374083	0.048972245
16	NPCr	inverse_cdf	84	0.04208058	0.17279045	0.19978948	-0.026999027	0.08006114
16	NPCr	inverse_cdf	371	0.041757643	-0.06281762	-0.17735982	0.1145422	0.063540146
16	NPCr	inverse_cdf	40	0.041480124	-0.08177744	-0.085099734	0.0033222958	0.06846545
16	NPCr	inverse_cdf	58	0.041291893	-0.22318618	-0.07644374	-0.14674243	0.14215192
16	NPCr	inverse_cdf	286	0.041246295	0.5408909	0.72030056	-0.17940968	0.06764592
16	NPCr	inverse_cdf	491	0.04108423	0.19369677	0.00010104263	0.19359572	0.073643275
16	NPCr	inverse_cdf	478	0.041080296	0.08392986	0.108585246	-0.024655387	0.05133987
16	NPCr	inverse_cdf	53	0.041040897	-0.12577865	-0.21859585	0.0928172	0.12218892
16	NPCr	inverse_cdf	147	0.04095632	0.3447944	0.16136797	0.18342642	0.06595987
16	NPCr	inverse_cdf	20	0.040868163	0.29592428	0.2739042	0.022020072	0.069403246
16	NPCr	inverse_cdf	188	0.04040295	0.1880486	-0.041284014	0.22933261	0.060387693
16	NPCr	inverse_cdf	385	0.04031223	0.31246975	0.20358658	0.10888317	0.15028647
16	NPCr	inverse_cdf	367	0.040167093	0.35313544	0.2286732	0.12446223	0.057641767
16	NPCr	inverse_cdf	297	0.040081084	0.33966294	0.105667226	0.2339957	0.19716267
16	NPCr	inverse_cdf	107	0.039951324	-0.25034276	-0.23871678	-0.011625975	0.038087055
17	BensonV1	cdf	3	0.14722377	0.6300466	0.5995768	0.030469835	0.21822822
17	BensonV1	cdf	10	0.13173723	0.47768515	0.37438375	0.103301406	0.17008756
17	BensonV1	cdf	1	0.11356211	0.4110995	0.33865187	0.07244763	0.29670817
17	BensonV1	cdf	98	0.11282599	0.7613126	0.7546393	0.0066732764	0.21037397
17	BensonV1	cdf	409	0.10027081	-0.07605238	0.009656099	-0.085708484	0.52895033
17	BensonV1	cdf	2	0.0978179	0.54882795	0.57935715	-0.030529201	0.23189905
17	BensonV1	cdf	14	0.09405923	0.44635478	0.5420049	-0.09565011	0.19163814
17	BensonV1	cdf	358	0.09253442	-0.17775878	0.03200391	-0.20976269	1.0478783
17	BensonV1	cdf	455	0.09206486	0.45213786	0.6899907	-0.23785284	0.5445501
17	BensonV1	cdf	291	0.089031756	0.532848	0.66623807	-0.13339007	0.1296095
17	BensonV1	cdf	336	0.087892175	0.74619865	0.6166501	0.12954855	0.11555544
17	BensonV1	cdf	0	0.08634001	0.37375924	0.5605912	-0.18683198	0.3387948
17	BensonV1	cdf	457	0.085947156	0.1045821	0.2530474	-0.1484653	0.562432
17	BensonV1	cdf	494	0.08223981	0.24899666	0.2294839	0.019512758	0.2593758
17	BensonV1	cdf	521	0.08108646	0.4146568	0.5079904	-0.09333363	0.27217737
17	BensonV1	cdf	250	0.078908145	-0.008223953	-0.010021057	0.0017971043	0.21298636
17	BensonV1	cdf	414	0.07701379	0.08282606	0.26515985	-0.18233378	0.21184732
17	BensonV1	cdf	6	0.076280594	0.4025104	0.4954783	-0.0929679	0.27414298
17	BensonV1	cdf	251	0.075231194	-0.05033803	-0.06786573	0.0175277	0.34244162
17	BensonV1	cdf	548	0.074184775	0.45852855	0.57415503	-0.115626484	0.7410323
17	BensonV1	cdf	260	0.073681355	0.35776535	0.5220236	-0.16425827	0.25235212
17	BensonV1	cdf	240	0.07322979	0.54600644	0.7290809	-0.18307447	0.17598067
17	BensonV1	cdf	491	0.07301968	-0.026204884	0.107920304	-0.13412519	0.4970296
17	BensonV1	cdf	212	0.07231605	0.33933255	0.22332782	0.116004735	0.11558099
17	BensonV1	cdf	458	0.07193518	0.101614304	0.1311598	-0.029545493	0.48196876
17	BensonV1	cdf	461	0.07010764	0.04864476	0.17828228	-0.12963751	0.13171141
17	BensonV1	cdf	329	0.06998855	0.30721313	0.17135718	0.13585594	0.16732217
17	BensonV1	cdf	465	0.06997633	0.6950529	0.6007414	0.094311535	0.16778634
17	BensonV1	cdf	558	0.06984401	0.38614705	0.57681155	-0.1906645	0.14837545
17	BensonV1	cdf	519	0.068122685	-0.16110757	-0.06717195	-0.09393562	0.5356966
17	BensonV1	cdf	135	0.06757921	0.4695667	0.4669285	0.002638191	0.09337018
17	BensonV1	cdf	522	0.06719178	0.14718391	0.29184896	-0.14466505	0.5702713
17	BensonV1	cdf	531	0.06687367	-0.4940588	-0.4691421	-0.024916679	0.1349951
17	BensonV1	cdf	527	0.0650323	0.2725281	0.09781899	0.17470911	0.38620377
17	BensonV1	cdf	363	0.06494647	0.005462326	0.13042536	-0.12496304	0.62814
17	BensonV1	cdf	503	0.06461477	-0.29235494	-0.2393722	-0.052982748	0.12036925
17	BensonV1	cdf	85	0.064269364	0.19352873	-0.018289117	0.21181785	0.09492387
17	BensonV1	cdf	200	0.06403881	0.06846503	0.11453591	-0.04607088	0.18351014
17	BensonV1	cdf	523	0.0618124	0.054644555	0.30836114	-0.2537166	0.46386856
17	BensonV1	cdf	187	0.061650813	0.39634573	0.30732012	0.08902562	0.12132187
17	BensonV1	cdf	144	0.061598957	0.3377091	0.68265367	-0.34494457	0.11759376
17	BensonV1	cdf	498	0.061582386	0.62123346	0.63063896	-0.009405494	0.2070883
17	BensonV1	cdf	207	0.060824096	0.102349	0.3157021	-0.21335311	0.24768633
17	BensonV1	cdf	91	0.06060821	0.2908966	0.43576354	-0.14486694	0.16496646
17	BensonV1	cdf	334	0.06039834	0.21001612	0.6664533	-0.45643717	0.11984921
17	BensonV1	cdf	543	0.060323477	0.22947699	0.31757215	-0.08809516	0.44162792
17	BensonV1	cdf	410	0.0601992	0.25925162	0.26777264	-0.00852102	0.11802739
17	BensonV1	cdf	55	0.05969912	0.35984862	0.34471714	0.015131474	0.13773733
17	BensonV1	cdf	413	0.058409393	0.66834575	0.6338152	0.03453052	0.059623815
17	BensonV1	cdf	355	0.058264315	0.2759903	0.23234335	0.04364696	0.32512006
17	BensonV1	cdf	157	0.057882488	-0.012402122	0.07466004	-0.087062165	0.14308366
17	BensonV1	cdf	328	0.05752772	0.18295923	-0.02506648	0.20802571	0.15106611
17	BensonV1	cdf	44	0.055808783	0.46816957	0.4099693	0.05820027	0.16271783
17	BensonV1	cdf	524	0.05576527	0.72589254	0.5298996	0.19599295	0.14929555
17	BensonV1	cdf	467	0.055282474	0.2708308	0.1597533	0.11107752	0.103165075
17	BensonV1	cdf	206	0.055051327	-0.10265817	0.018714339	-0.121372506	0.18529326
17	BensonV1	cdf	309	0.054587543	0.46521848	0.19283034	0.27238816	0.121266186
17	BensonV1	cdf	303	0.054569602	0.56466764	0.7230187	-0.15835106	0.27367485
17	BensonV1	cdf	539	0.054210365	0.28674805	0.25803995	0.0287081	0.384401
17	BensonV1	cdf	15	0.05413443	0.36118358	0.29082292	0.07036066	0.15780643
17	BensonV1	cdf	538	0.05401838	0.50382936	0.31306267	0.19076669	0.06072357
17	BensonV1	cdf	431	0.0538702	0.23882724	0.36637065	-0.1275434	0.08884303
17	BensonV1	cdf	100	0.053773522	0.33803073	0.40968755	-0.07165682	0.16479705
17	BensonV1	cdf	196	0.053372324	0.2479624	0.30476838	-0.056805983	0.10501939
17	BensonV1	cdf	214	0.05290222	0.51218545	0.7152974	-0.20311195	0.106730215
17	BensonV1	cdf	386	0.05275178	0.7390638	0.79296947	-0.053905666	0.09156057
17	BensonV1	cdf	495	0.052722633	0.47571093	0.5447431	-0.06903219	0.18402731
17	BensonV1	cdf	318	0.05198461	0.1290495	-0.05093711	0.1799866	0.07721875
17	BensonV1	cdf	246	0.05196041	-0.073809415	0.24782085	-0.32163027	0.18470415
17	BensonV1	cdf	255	0.051834583	0.29048818	0.3488767	-0.05838853	0.39432314
17	BensonV1	cdf	166	0.050878465	0.10074489	0.5142224	-0.41347748	0.08077248
17	BensonV1	cdf	19	0.04967773	0.32096115	0.22765508	0.093306065	0.26899603
17	BensonV1	cdf	143	0.048983216	0.5619616	0.6768123	-0.1148507	0.19647057
17	BensonV1	cdf	270	0.04707265	0.15058726	0.22231968	-0.07173242	0.059178714
17	BensonV1	cdf	277	0.046868324	0.36792952	0.3279755	0.039954007	0.16383176
17	BensonV1	cdf	124	0.046863556	0.163235	0.08129534	0.08193965	0.067493424
17	BensonV1	cdf	289	0.04683721	0.76166093	0.82230866	-0.060647726	0.116290696
17	BensonV1	cdf	357	0.046187162	0.22785595	0.24890964	-0.021053687	0.28701046
17	BensonV1	cdf	440	0.046177804	0.36619157	0.5210492	-0.15485764	0.21521638
17	BensonV1	cdf	195	0.046129167	-0.012665242	-0.3104963	0.29783106	0.11189516
17	BensonV1	cdf	456	0.04525423	0.49632636	0.48585957	0.010466784	0.3446591
17	BensonV1	cdf	452	0.044855893	-0.23430656	-0.16256167	-0.07174489	0.116246544
17	BensonV1	cdf	478	0.04473585	-0.28314343	-0.2945272	0.011383772	0.22531906
17	BensonV1	cdf	354	0.044340372	0.30573294	0.1950781	0.11065483	2.2506492
17	BensonV1	cdf	12	0.044320703	0.36760437	0.43707278	-0.06946841	0.24564208
17	BensonV1	cdf	220	0.04411465	0.42255607	0.41104862	0.0115074515	0.06362187
17	BensonV1	cdf	252	0.04399067	0.001880302	-0.062315058	0.06419536	0.2508975
17	BensonV1	cdf	288	0.04391402	0.397897	0.41970053	-0.021803528	0.18051809
17	BensonV1	cdf	468	0.043862402	0.46230325	0.29899785	0.1633054	0.07996872
17	BensonV1	cdf	479	0.043422043	-0.18308866	-0.2650832	0.08199453	0.102569714
17	BensonV1	cdf	320	0.04339373	-0.28416333	-0.22037321	-0.06379011	0.1278354
17	BensonV1	cdf	451	0.043350697	-0.027583484	0.04584718	-0.073430665	0.15645683
17	BensonV1	cdf	136	0.043332696	0.05046381	-0.21338907	0.2638529	0.09958248
17	BensonV1	cdf	445	0.043285728	0.0808606	0.004175474	0.07668512	0.10447731
17	BensonV1	cdf	297	0.043073833	0.089402415	0.30239138	-0.21298897	0.15691978
17	BensonV1	cdf	141	0.04283309	0.2875237	0.287688	-0.0001643002	0.11718988
17	BensonV1	cdf	150	0.042751193	-0.26370496	-0.41026604	0.14656109	0.19703612
17	BensonV1	cdf	97	0.04266244	0.45654446	0.37033504	0.08620942	0.073985904
17	BensonV1	cdf	393	0.042626917	0.069637395	0.35363767	-0.28400028	0.27293745
17	BensonV1	cdf	204	0.04262638	-0.4647267	-0.42244986	-0.04227683	0.15736502
17	BensonV1	inverse_cdf	190	0.22226399	0.3770896	0.44270694	-0.06561735	0.16095276
17	BensonV1	inverse_cdf	429	0.22167277	-0.0065162363	0.013492622	-0.020008858	0.18107435
17	BensonV1	inverse_cdf	289	0.20205224	0.55141115	0.5347467	0.016664445	0.27261138
17	BensonV1	inverse_cdf	456	0.18976957	0.42183092	0.42564505	-0.003814131	0.2590231
17	BensonV1	inverse_cdf	504	0.16918874	0.37956554	0.4139327	-0.034367174	0.17723268
17	BensonV1	inverse_cdf	368	0.16555345	0.40356138	0.3584153	0.045146078	0.28031743
17	BensonV1	inverse_cdf	144	0.16393751	0.42776692	0.44224757	-0.01448065	0.16128054
17	BensonV1	inverse_cdf	3	0.16242766	0.6501976	0.6064746	0.043723047	0.21469995
17	BensonV1	inverse_cdf	170	0.14683115	0.24631484	0.35036922	-0.10405438	0.12546654
17	BensonV1	inverse_cdf	455	0.14376587	0.5668383	0.55596876	0.010869563	0.3545069
17	BensonV1	inverse_cdf	291	0.13618255	0.46310332	0.4991633	-0.036059976	0.11559638
17	BensonV1	inverse_cdf	96	0.13101101	0.4291356	0.44464666	-0.015511066	0.13843083
17	BensonV1	inverse_cdf	2	0.1304658	0.6305733	0.6101295	0.020443797	0.21187311
17	BensonV1	inverse_cdf	498	0.13028318	0.58015496	0.53578866	0.0443663	0.14709492
17	BensonV1	inverse_cdf	214	0.12669462	0.40700552	0.3560882	0.050917327	0.123805106
17	BensonV1	inverse_cdf	489	0.12526268	0.45910206	0.37582555	0.08327651	0.5302704
17	BensonV1	inverse_cdf	217	0.123799264	0.05694652	0.109697446	-0.052750926	0.1553547
17	BensonV1	inverse_cdf	98	0.123097956	0.72150826	0.68930274	0.032205522	0.17356846
17	BensonV1	inverse_cdf	171	0.122713804	0.2318073	0.31198367	-0.08017637	0.08204772
17	BensonV1	inverse_cdf	166	0.12155414	0.31780985	0.34697768	-0.029167831	0.07358368
17	BensonV1	inverse_cdf	407	0.11947143	0.29329774	0.1928731	0.10042463	0.21265808
17	BensonV1	inverse_cdf	180	0.118653476	0.40021336	0.43435895	-0.034145594	0.14782733
17	BensonV1	inverse_cdf	303	0.11375815	0.48158056	0.5944539	-0.112873316	0.25241536
17	BensonV1	inverse_cdf	386	0.1114136	0.5577466	0.61161965	-0.053873062	0.12636864
17	BensonV1	inverse_cdf	524	0.11069816	0.5406906	0.30666992	0.23402068	0.17975856
17	BensonV1	inverse_cdf	336	0.11005491	0.6746519	0.5839855	0.09066641	0.18354322
17	BensonV1	inverse_cdf	285	0.10987824	0.3179373	0.36230364	-0.04436633	0.22774607
17	BensonV1	inverse_cdf	237	0.10773975	0.27529082	0.31942126	-0.044130445	0.22128999
17	BensonV1	inverse_cdf	468	0.104127705	0.4668425	0.06658868	0.40025383	0.17516233
17	BensonV1	inverse_cdf	408	0.10156399	0.16186193	0.34479612	-0.1829342	0.08693914
17	BensonV1	inverse_cdf	490	0.1012494	0.25518635	0.3334253	-0.078238964	0.2135566
17	BensonV1	inverse_cdf	184	0.101138175	0.3510879	0.2683949	0.08269301	0.10398276
17	BensonV1	inverse_cdf	415	0.10027522	0.19013728	0.22073592	-0.03059864	0.13789342
17	BensonV1	inverse_cdf	465	0.09952754	0.56121325	0.47726506	0.083948195	0.13244474
17	BensonV1	inverse_cdf	61	0.09924686	-0.3005313	-0.2646654	-0.035865903	0.0859767
17	BensonV1	inverse_cdf	316	0.09906328	0.20905076	0.17918599	0.029864773	0.10240502
17	BensonV1	inverse_cdf	133	0.09632367	0.27576527	0.3117209	-0.035955638	0.11673055
17	BensonV1	inverse_cdf	247	0.094385386	0.09888988	0.20151654	-0.10262666	0.48338002
17	BensonV1	inverse_cdf	248	0.09211248	0.07648323	0.14173621	-0.06525298	0.51784843
17	BensonV1	inverse_cdf	370	0.09133977	0.40672946	0.33143348	0.075295985	0.1552478
17	BensonV1	inverse_cdf	334	0.09113896	0.31424293	0.4519809	-0.13773796	0.10927307
17	BensonV1	inverse_cdf	287	0.08822483	0.37005767	0.41649497	-0.046437293	0.27743503
17	BensonV1	inverse_cdf	366	0.0839144	0.21905336	0.33339584	-0.11434248	0.11824327
17	BensonV1	inverse_cdf	356	0.08387506	0.25713533	0.31421784	-0.057082504	0.07633607
17	BensonV1	inverse_cdf	274	0.08370131	0.27938792	0.3560176	-0.07662967	0.10008926
17	BensonV1	inverse_cdf	355	0.083251774	0.26215586	0.49285266	-0.2306968	0.41794106
17	BensonV1	inverse_cdf	143	0.08324033	0.30839726	0.42123303	-0.112835765	0.120441414
17	BensonV1	inverse_cdf	416	0.082702756	0.38860235	0.39892778	-0.010325432	0.112366736
17	BensonV1	inverse_cdf	241	0.082675755	0.28143454	0.32059073	-0.0391562	0.079023816
17	BensonV1	inverse_cdf	428	0.081633925	-0.29738134	-0.22514191	-0.07223943	0.10414841
17	BensonV1	inverse_cdf	32	0.08093774	0.16792586	0.22776426	-0.0598384	0.19231923
17	BensonV1	inverse_cdf	158	0.08090502	-0.128982	-0.20297876	0.07399677	0.15098743
17	BensonV1	inverse_cdf	323	0.079386055	0.0691503	0.21649502	-0.14734472	0.11520502
17	BensonV1	inverse_cdf	216	0.079164565	-0.0762996	-0.21727197	0.14097238	0.1644914
17	BensonV1	inverse_cdf	1	0.07814604	0.50782865	0.49104682	0.016781837	0.2931262
17	BensonV1	inverse_cdf	319	0.07722366	0.16769068	0.09571462	0.07197606	0.16629444
17	BensonV1	inverse_cdf	233	0.07719886	0.05596718	0.15171307	-0.09574589	0.15197802
17	BensonV1	inverse_cdf	537	0.076934695	0.34437805	0.4601206	-0.115742534	0.38448575
17	BensonV1	inverse_cdf	58	0.07679969	-0.22610344	-0.14100204	-0.085101396	0.22883753
17	BensonV1	inverse_cdf	30	0.075522065	-0.20892438	-0.12772974	-0.08119464	0.15176608
17	BensonV1	inverse_cdf	94	0.07424283	0.0018241933	0.0114774965	-0.009653303	0.11684375
17	BensonV1	inverse_cdf	131	0.07310885	-0.017425865	0.048485037	-0.065910906	0.06934867
17	BensonV1	inverse_cdf	149	0.07203525	0.08268322	0.15078926	-0.06810604	0.25635055
17	BensonV1	inverse_cdf	168	0.07179564	-0.12756045	-0.118117675	-0.009442776	0.071072996
17	BensonV1	inverse_cdf	21	0.07168847	0.32875085	0.2045583	0.12419255	0.39678222
17	BensonV1	inverse_cdf	310	0.071658134	-0.25269812	-0.02654329	-0.22615483	0.45203376
17	BensonV1	inverse_cdf	324	0.0716477	0.126526	0.16061497	-0.03408897	0.075410105
17	BensonV1	inverse_cdf	312	0.07143897	0.21127012	0.1856675	0.025602624	0.07113577
17	BensonV1	inverse_cdf	236	0.07125747	0.5135852	0.44274014	0.07084507	0.08894596
17	BensonV1	inverse_cdf	51	0.07076883	0.040399127	-0.0045319307	0.044931058	0.10502026
17	BensonV1	inverse_cdf	19	0.070721924	0.4226899	0.4092621	0.013427824	0.16961229
17	BensonV1	inverse_cdf	33	0.07067913	0.29220408	0.28269467	0.009509414	0.09712084
17	BensonV1	inverse_cdf	301	0.07037997	0.090283126	0.14129539	-0.051012263	0.15964666
17	BensonV1	inverse_cdf	271	0.069857	-0.010676758	0.04952903	-0.060205787	0.09287151
17	BensonV1	inverse_cdf	259	0.069072485	0.24027784	0.25736633	-0.017088488	0.118553154
17	BensonV1	inverse_cdf	200	0.06824952	0.12437491	0.23277703	-0.10840212	0.12258866
17	BensonV1	inverse_cdf	541	0.06784958	0.3846902	0.37456295	0.010127246	0.12875961
17	BensonV1	inverse_cdf	317	0.06720376	0.2690505	0.39993477	-0.13088426	0.12916161
17	BensonV1	inverse_cdf	265	0.067100465	-0.04847866	0.039710645	-0.088189304	0.099754564
17	BensonV1	inverse_cdf	125	0.06688529	0.18856546	0.14189239	0.046673074	0.109486744
17	BensonV1	inverse_cdf	14	0.06555265	0.36995637	0.42634907	-0.0563927	0.064796604
17	BensonV1	inverse_cdf	240	0.06523442	0.57503515	0.7080808	-0.13304567	0.09176178
17	BensonV1	inverse_cdf	213	0.06519002	-0.41731414	-0.5422164	0.12490228	0.4060382
17	BensonV1	inverse_cdf	22	0.064848065	0.43919918	0.43969068	-0.0004914999	0.1669016
17	BensonV1	inverse_cdf	203	0.064293444	0.43432492	0.5009988	-0.066673875	0.111537114
17	BensonV1	inverse_cdf	0	0.06396294	0.43016613	0.5363298	-0.10616368	0.20072302
17	BensonV1	inverse_cdf	282	0.063761294	0.40881303	0.4858699	-0.077056885	0.31768554
17	BensonV1	inverse_cdf	335	0.06327492	0.2826816	0.32073632	-0.038054705	0.12513606
17	BensonV1	inverse_cdf	392	0.06294876	0.23392835	0.1209047	0.11302365	0.08861381
17	BensonV1	inverse_cdf	558	0.06255394	0.5183456	0.5503186	-0.031973004	0.10810422
17	BensonV1	inverse_cdf	16	0.061671853	0.27579096	0.21799092	0.05780004	0.060912028
17	BensonV1	inverse_cdf	286	0.061626017	0.20649095	0.21866569	-0.01217474	0.19583254
17	BensonV1	inverse_cdf	423	0.061621368	-0.051998034	-0.02315563	-0.028842404	0.07496075
17	BensonV1	inverse_cdf	26	0.06096345	-0.114197105	-0.07007416	-0.04412294	0.067750566
17	BensonV1	inverse_cdf	137	0.060938	0.20115495	0.012268249	0.1888867	0.059478153
17	BensonV1	inverse_cdf	460	0.060866	0.19409922	0.12341703	0.07068219	0.21903574
17	BensonV1	inverse_cdf	212	0.05947715	0.33466265	0.12220988	0.21245277	0.10114913
17	BensonV1	inverse_cdf	311	0.059204817	0.14623189	0.1508318	-0.004599914	0.074914426
17	BensonV1	inverse_cdf	273	0.059182882	0.30634114	0.29728383	0.009057313	0.102501206
17	BensonV1	inverse_cdf	418	0.059051394	-0.13931283	-0.2042924	0.06497957	0.09676742
17	NPCr	cdf	638	0.10194868	-0.00079037104	0.37923986	-0.3800302	0.17763062
17	NPCr	cdf	539	0.09762967	0.19054043	0.057742953	0.13279748	0.15440956
17	NPCr	cdf	790	0.09472054	0.18906786	0.35292032	-0.16385247	0.12938686
17	NPCr	cdf	583	0.08996141	0.09252111	0.1968765	-0.10435539	0.124001026
17	NPCr	cdf	358	0.0897516	0.15709549	0.16753016	-0.010434672	0.17646864
17	NPCr	cdf	89	0.08453083	0.29858202	0.21174921	0.08683281	0.08750243
17	NPCr	cdf	733	0.08435804	0.021026025	0.12496691	-0.10394089	0.12169306
17	NPCr	cdf	191	0.0841369	0.5241507	0.5139587	0.010192037	0.11643376
17	NPCr	cdf	748	0.0827477	0.3128258	0.60372984	-0.29090405	0.1661431
17	NPCr	cdf	147	0.08259487	0.42306978	0.50485516	-0.08178538	0.123835355
17	NPCr	cdf	785	0.08045691	0.44379547	0.48085102	-0.037055552	0.11895673
17	NPCr	cdf	400	0.07994634	0.07085976	0.032934733	0.037925027	0.09940227
17	NPCr	cdf	595	0.07659125	0.23087768	0.39206088	-0.1611832	0.12033419
17	NPCr	cdf	580	0.07602227	0.06601061	-0.062034708	0.12804532	0.19120808
17	NPCr	cdf	771	0.075782835	0.44508386	0.6841828	-0.23909897	0.28912148
17	NPCr	cdf	680	0.07557243	0.06782621	0.16075017	-0.092923954	0.10620404
17	NPCr	cdf	9	0.07510519	-0.31722984	-0.1779713	-0.13925853	0.10672214
17	NPCr	cdf	629	0.07434338	-0.15670072	-0.01203101	-0.14466971	0.13097277
17	NPCr	cdf	173	0.074044466	0.4836883	0.39562917	0.08805913	0.048929743
17	NPCr	cdf	186	0.07335889	0.4761608	0.53291446	-0.056753665	0.18098316
17	NPCr	cdf	204	0.07185966	-0.11997319	-0.11889382	-0.0010793731	0.08163739
17	NPCr	cdf	565	0.07030046	-0.29584703	-0.09802679	-0.19782025	0.081702635
17	NPCr	cdf	773	0.06979251	0.41529247	0.54424495	-0.12895247	0.22104143
17	NPCr	cdf	772	0.06959665	0.40207335	0.56295466	-0.16088131	0.19761816
17	NPCr	cdf	631	0.067911625	0.3437233	0.44964263	-0.10591933	0.17688689
17	NPCr	cdf	728	0.06753057	0.2583986	0.5264461	-0.2680475	0.19178623
17	NPCr	cdf	770	0.0672279	0.55441123	0.7818555	-0.22744429	0.10499891
17	NPCr	cdf	39	0.06616652	0.08752542	-0.074823774	0.1623492	0.13325618
17	NPCr	cdf	499	0.06613886	0.2878533	0.5474976	-0.25964427	0.29593253
17	NPCr	cdf	217	0.06576216	0.16628285	0.18019222	-0.01390937	0.08870581
17	NPCr	cdf	168	0.06545907	-0.105315626	-0.034565616	-0.07075001	0.049325187
17	NPCr	cdf	304	0.064641416	-0.07168263	-0.052447047	-0.019235585	0.07092732
17	NPCr	cdf	362	0.06425917	0.06816202	0.008907083	0.059254933	0.10374636
17	NPCr	cdf	668	0.06408405	-0.06709187	0.0127271665	-0.07981903	0.25288925
17	NPCr	cdf	96	0.06404966	0.40239733	0.38239473	0.020002604	0.14067544
17	NPCr	cdf	132	0.06374848	-0.21112111	-0.14122576	-0.06989536	0.050788432
17	NPCr	cdf	708	0.06336397	-0.16136734	-0.030710693	-0.13065664	0.14759439
17	NPCr	cdf	8	0.06326133	0.07723726	0.14058082	-0.063343555	0.1316588
17	NPCr	cdf	535	0.06323141	0.5912699	0.61045563	-0.019185722	0.12236333
17	NPCr	cdf	16	0.06319541	-0.15527432	-0.046121158	-0.10915316	0.052151628
17	NPCr	cdf	436	0.06264144	0.17858844	0.07287351	0.105714925	0.24506843
17	NPCr	cdf	521	0.062330604	-0.039726794	0.14399262	-0.18371941	0.12785259
17	NPCr	cdf	408	0.06207186	-0.11206532	0.15349837	-0.2655637	0.10245614
17	NPCr	cdf	550	0.061739683	-0.017168496	0.13903116	-0.15619965	0.107423544
17	NPCr	cdf	368	0.06110716	0.122598425	0.27351323	-0.1509148	0.078524895
17	NPCr	cdf	144	0.060103714	0.38642514	0.4712246	-0.08479947	0.13127106
17	NPCr	cdf	751	0.05975789	0.39973632	0.47794574	-0.07820943	0.10888845
17	NPCr	cdf	681	0.05944699	0.07973354	0.27331716	-0.19358361	0.145725
17	NPCr	cdf	336	0.058696747	0.24115081	0.53466934	-0.29351854	0.18419233
17	NPCr	cdf	735	0.058523	0.1658219	0.3460985	-0.18027662	0.065727904
17	NPCr	cdf	37	0.058483005	0.054741513	0.15330623	-0.098564714	0.11218562
17	NPCr	cdf	272	0.058443904	0.21314393	0.25361323	-0.040469304	0.05644224
17	NPCr	cdf	182	0.05840361	-0.1739098	-0.16127568	-0.012634113	0.07353799
17	NPCr	cdf	706	0.0580585	0.07834097	0.23516008	-0.1568191	0.12719302
17	NPCr	cdf	582	0.057623267	-0.2438257	-0.03780647	-0.20601924	0.08195827
17	NPCr	cdf	392	0.057367206	-0.034647502	-0.02194148	-0.012706023	0.07216557
17	NPCr	cdf	81	0.057306707	0.28368238	0.41397744	-0.13029507	0.14186443
17	NPCr	cdf	532	0.057260275	0.11889034	0.1088572	0.010033138	0.067108005
17	NPCr	cdf	359	0.05715829	-0.06916155	-0.009871501	-0.059290048	0.08142141
17	NPCr	cdf	263	0.057104707	0.16278708	0.29734808	-0.134561	0.120235845
17	NPCr	cdf	222	0.056975424	0.08703886	0.08291858	0.004120283	0.09039667
17	NPCr	cdf	331	0.056909263	0.19733782	0.4351727	-0.23783489	0.3899461
17	NPCr	cdf	228	0.056896865	0.4402475	0.4313213	0.008926213	0.08296787
17	NPCr	cdf	116	0.056824446	0.34984303	0.32052392	0.029319108	0.20324962
17	NPCr	cdf	212	0.056678176	-0.087876245	-0.16178088	0.07390463	0.14391416
17	NPCr	cdf	73	0.056246042	-0.14095975	-0.14637491	0.0054151565	0.16579755
17	NPCr	cdf	743	0.05582428	0.08081641	-0.12648952	0.20730594	0.061406903
17	NPCr	cdf	107	0.055724442	-0.36781973	-0.3004441	-0.06737563	0.40619603
17	NPCr	cdf	639	0.055570126	-0.17520978	-0.050347768	-0.12486201	0.10190405
17	NPCr	cdf	424	0.055441678	0.37113845	0.48137003	-0.11023158	0.33158144
17	NPCr	cdf	231	0.055065393	0.03201285	0.24214064	-0.21012779	0.07705276
17	NPCr	cdf	737	0.054794073	0.13431966	0.30343634	-0.16911668	0.08809641
17	NPCr	cdf	351	0.054151773	0.23582646	0.1543389	0.081487566	0.10425313
17	NPCr	cdf	262	0.053871512	0.13032942	0.3205405	-0.19021107	0.08241542
17	NPCr	cdf	245	0.053697944	0.16631405	0.34385884	-0.17754479	0.19578238
17	NPCr	cdf	689	0.0535295	0.3157163	0.058336705	0.2573796	0.07371843
17	NPCr	cdf	93	0.053254604	0.15915515	0.12925379	0.029901356	0.0662932
17	NPCr	cdf	106	0.053119004	0.38996616	0.39942223	-0.009456068	0.14474459
17	NPCr	cdf	441	0.052758276	-0.12264031	-0.13853328	0.015892968	0.20532069
17	NPCr	cdf	692	0.052625358	-0.18429172	0.12014347	-0.3044352	0.063934915
17	NPCr	cdf	123	0.052056193	-0.20166954	-0.20978858	0.008119032	0.06537132
17	NPCr	cdf	675	0.05200404	0.0053997184	0.27003023	-0.26463053	0.12660198
17	NPCr	cdf	278	0.051949978	0.024133319	0.048653413	-0.024520094	0.06090506
17	NPCr	cdf	516	0.051636636	0.18839645	0.12543514	0.06296131	0.08681249
17	NPCr	cdf	224	0.051424682	0.11941693	0.057190005	0.062226925	0.051064096
17	NPCr	cdf	634	0.051404417	0.25205624	0.2934217	-0.041365445	0.054969836
17	NPCr	cdf	416	0.051070035	0.23100112	0.18738885	0.04361227	0.07716866
17	NPCr	cdf	553	0.05105549	0.027607772	0.081954606	-0.054346833	0.09669008
17	NPCr	cdf	611	0.050971985	0.37167126	0.6171452	-0.24547392	0.12128492
17	NPCr	cdf	621	0.050908208	-0.0032463092	0.083371826	-0.08661813	0.0556761
17	NPCr	cdf	653	0.050874114	0.18229224	0.18190336	0.0003888756	0.09225211
17	NPCr	cdf	732	0.050806224	0.1274826	-0.09377592	0.22125852	0.05447421
17	NPCr	cdf	512	0.050594747	0.06487945	0.226164	-0.16128455	0.068054974
17	NPCr	cdf	508	0.05056733	0.10668893	0.0064759217	0.100213006	0.053995926
17	NPCr	cdf	354	0.050230205	0.18591587	0.10404002	0.08187585	0.073271215
17	NPCr	cdf	597	0.050193608	0.010665411	-0.09973444	0.11039985	0.18842264
17	NPCr	cdf	240	0.04990846	-0.024161363	0.30008182	-0.3242432	0.103749335
17	NPCr	cdf	343	0.049741566	0.47634187	0.6620608	-0.18571892	0.26522595
17	NPCr	cdf	27	0.0496611	0.15840921	0.33435148	-0.17594227	0.11177616
17	NPCr	cdf	99	0.049496055	0.23298797	0.32485855	-0.091870576	0.11097625
17	NPCr	inverse_cdf	674	0.08922756	0.079146065	0.3106496	-0.23150355	0.14430848
17	NPCr	inverse_cdf	137	0.08721328	-0.08010561	0.09063751	-0.17074312	0.17561387
17	NPCr	inverse_cdf	29	0.085632265	0.45644113	0.55077195	-0.09433082	0.1163418
17	NPCr	inverse_cdf	635	0.08560842	0.35481802	0.4226517	-0.06783369	0.27486885
17	NPCr	inverse_cdf	651	0.08499324	0.48766884	0.2984268	0.18924204	0.1996914
17	NPCr	inverse_cdf	785	0.084692895	0.597342	0.28115872	0.3161833	0.09381819
17	NPCr	inverse_cdf	573	0.08412957	0.4328475	0.22475038	0.20809712	0.10883185
17	NPCr	inverse_cdf	735	0.08216894	0.20843227	0.12324112	0.08519115	0.07974606
17	NPCr	inverse_cdf	688	0.07803875	0.23916382	-0.03670696	0.27587077	0.15781365
17	NPCr	inverse_cdf	778	0.07544452	0.18706255	0.23139681	-0.044334263	0.076963656
17	NPCr	inverse_cdf	652	0.07541132	0.40710363	0.20060726	0.20649637	0.2512567
17	NPCr	inverse_cdf	191	0.07508266	0.5780279	0.5846411	-0.006613195	0.1401926
17	NPCr	inverse_cdf	608	0.07452321	0.16167471	0.19067685	-0.029002145	0.15229684
17	NPCr	inverse_cdf	535	0.07295847	0.5670895	0.44841367	0.11867583	0.10398583
17	NPCr	inverse_cdf	385	0.07265502	0.1885573	-0.036350172	0.22490747	0.092590034
17	NPCr	inverse_cdf	538	0.07060331	0.102183774	0.20564869	-0.10346492	0.09489389
17	NPCr	inverse_cdf	164	0.06983906	0.19530176	0.393562	-0.19826023	0.062109116
17	NPCr	inverse_cdf	367	0.06787974	0.21798363	0.02059734	0.1973863	0.18558268
17	NPCr	inverse_cdf	590	0.06763482	0.50568086	0.32914466	0.1765362	0.19694142
17	NPCr	inverse_cdf	419	0.06712896	0.22964166	-0.012823582	0.24246524	0.2550662
17	NPCr	inverse_cdf	604	0.06668079	0.3697548	0.120216325	0.24953847	0.12731421
17	NPCr	inverse_cdf	736	0.06548518	-0.057257023	0.14156123	-0.19881825	0.099390976
17	NPCr	inverse_cdf	450	0.06230104	0.12655866	0.061841037	0.06471762	0.096407846
17	NPCr	inverse_cdf	376	0.062292516	0.21769463	0.031178959	0.18651566	0.18530697
17	NPCr	inverse_cdf	558	0.061807454	0.44801223	0.39072677	0.057285458	0.13278507
17	NPCr	inverse_cdf	606	0.061387837	-0.038202766	0.023389073	-0.06159184	0.15145916
17	NPCr	inverse_cdf	550	0.061185896	-0.19945575	0.16830549	-0.36776125	0.14585592
17	NPCr	inverse_cdf	603	0.06061983	0.22692163	-0.18660912	0.41353077	0.105104476
17	NPCr	inverse_cdf	739	0.060153663	-0.07969277	0.0055363453	-0.08522912	0.1083453
17	NPCr	inverse_cdf	291	0.059324622	-0.14197351	-0.23920445	0.09723094	0.062910855
17	NPCr	inverse_cdf	537	0.058104515	-0.24361703	-0.022238055	-0.22137897	0.093873166
17	NPCr	inverse_cdf	710	0.05752808	0.0050078346	-0.029806336	0.03481417	0.07483831
17	NPCr	inverse_cdf	631	0.05702901	0.31561714	0.25853363	0.057083517	0.16466951
17	NPCr	inverse_cdf	324	0.056972265	0.28693494	0.11929457	0.16764037	0.12802628
17	NPCr	inverse_cdf	375	0.056916356	0.30675006	0.16918282	0.13756724	0.172152
17	NPCr	inverse_cdf	677	0.056378543	-0.09147734	-0.06652294	-0.024954401	0.18790032
17	NPCr	inverse_cdf	199	0.055966496	0.13846	0.23210719	-0.0936472	0.16490637
17	NPCr	inverse_cdf	770	0.05531442	0.5920221	0.36501527	0.22700685	0.10092769
17	NPCr	inverse_cdf	395	0.055290937	0.015912019	0.12599725	-0.11008523	0.08173737
17	NPCr	inverse_cdf	587	0.054771304	0.55526376	0.21381666	0.34144711	0.40065524
17	NPCr	inverse_cdf	773	0.05464083	0.4116251	0.35029292	0.061332166	0.2104984
17	NPCr	inverse_cdf	451	0.05442804	0.1789401	-0.20938061	0.3883207	0.12200986
17	NPCr	inverse_cdf	798	0.053827584	0.54483044	0.087121956	0.45770848	0.085808
17	NPCr	inverse_cdf	54	0.05342239	-0.21971568	-0.17617324	-0.043542445	0.05878649
17	NPCr	inverse_cdf	592	0.05327058	-0.08236967	-0.060737718	-0.021631952	0.1250052
17	NPCr	inverse_cdf	404	0.05307138	0.5195147	0.4134852	0.10602948	0.14549415
17	NPCr	inverse_cdf	723	0.052978516	-0.3174381	0.0015237775	-0.31896186	0.07803264
17	NPCr	inverse_cdf	151	0.05280125	0.18644257	0.06426131	0.12218126	0.14933442
17	NPCr	inverse_cdf	311	0.052744687	-0.36439893	-0.1913142	-0.17308472	0.09466843
17	NPCr	inverse_cdf	747	0.052473903	0.5240876	0.25969234	0.26439527	0.12845647
17	NPCr	inverse_cdf	725	0.052439213	0.09530656	0.12996149	-0.03465493	0.07473032
17	NPCr	inverse_cdf	678	0.052408338	-0.18129253	-0.293675	0.11238247	0.090862654
17	NPCr	inverse_cdf	713	0.05186695	-0.04463971	-0.25527558	0.21063587	0.13005705
17	NPCr	inverse_cdf	733	0.05183965	-0.063669175	-0.024799753	-0.038869422	0.06435705
17	NPCr	inverse_cdf	186	0.05164653	0.506395	0.3731186	0.13327637	0.11982534
17	NPCr	inverse_cdf	345	0.05147648	0.29626936	0.21975131	0.076518044	0.16253671
17	NPCr	inverse_cdf	623	0.0513435	0.26586816	0.042743973	0.22312418	0.04178067
17	NPCr	inverse_cdf	130	0.051329017	0.46690896	0.35111704	0.11579192	0.06251486
17	NPCr	inverse_cdf	578	0.051146984	0.034055993	-0.0546842	0.08874019	0.04297889
17	NPCr	inverse_cdf	458	0.050977945	0.29822284	0.38628426	-0.08806142	0.06332256
17	NPCr	inverse_cdf	609	0.050937057	0.07256758	-0.14768983	0.22025742	0.21295938
17	NPCr	inverse_cdf	424	0.050886273	0.6073601	0.19739427	0.40996587	0.34980077
17	NPCr	inverse_cdf	174	0.050343275	-0.112113066	0.058871057	-0.17098412	0.06846916
17	NPCr	inverse_cdf	807	0.050106704	0.02798814	0.20787777	-0.17988963	0.08691666
17	NPCr	inverse_cdf	772	0.049925745	0.47711903	0.32648048	0.15063855	0.16233142
17	NPCr	inverse_cdf	741	0.04987204	0.18820073	0.26841456	-0.08021383	0.09793571
17	NPCr	inverse_cdf	422	0.04980254	0.47330463	0.08578973	0.3875149	0.34488866
17	NPCr	inverse_cdf	420	0.049669445	0.3088955	0.14990537	0.15899013	0.105671145
17	NPCr	inverse_cdf	445	0.04966235	0.14844032	-0.15626253	0.30470285	0.10064199
17	NPCr	inverse_cdf	363	0.049658358	-0.06975618	-0.21172011	0.14196393	0.07505637
17	NPCr	inverse_cdf	563	0.049456954	-0.035792585	-0.08944335	0.053650763	0.20109437
17	NPCr	inverse_cdf	811	0.049263477	0.011531864	-0.037618686	0.04915055	0.04080772
17	NPCr	inverse_cdf	783	0.04878944	0.34143412	0.21900684	0.122427285	0.06728581
17	NPCr	inverse_cdf	816	0.048732877	-0.14747411	-0.17206925	0.024595141	0.0818248
17	NPCr	inverse_cdf	322	0.04870218	-0.045551103	-0.10365219	0.058101084	0.055212177
17	NPCr	inverse_cdf	267	0.04824698	-0.15117376	0.019248351	-0.1704221	0.097255096
17	NPCr	inverse_cdf	662	0.048208	-0.019290233	0.023498217	-0.04278845	0.04079153
17	NPCr	inverse_cdf	108	0.048175633	0.19353963	-0.08608687	0.2796265	0.089640245
17	NPCr	inverse_cdf	256	0.048050463	0.3413616	0.09482455	0.24653706	0.16218835
17	NPCr	inverse_cdf	121	0.047994137	-0.31378686	-0.21973108	-0.09405579	0.14253311
17	NPCr	inverse_cdf	607	0.04782766	0.23980007	-0.014676362	0.25447643	0.08786395
17	NPCr	inverse_cdf	325	0.04771638	0.044408187	0.037733965	0.0066742226	0.14679335
17	NPCr	inverse_cdf	442	0.047591805	-0.24721242	-0.3560856	0.10887317	0.07617064
17	NPCr	inverse_cdf	377	0.047517955	0.36738616	0.13607812	0.23130804	0.08400041
17	NPCr	inverse_cdf	92	0.047397554	0.23051772	0.05031754	0.18020017	0.21130589
17	NPCr	inverse_cdf	255	0.047330856	0.022582704	-0.068362065	0.09094477	0.058410503
17	NPCr	inverse_cdf	18	0.047207296	0.38937074	0.3981489	-0.008778155	0.15056312
17	NPCr	inverse_cdf	106	0.047097147	0.55414605	0.32150802	0.23263803	0.1025571
17	NPCr	inverse_cdf	315	0.046877205	0.26952258	0.12470816	0.14481442	0.10483943
17	NPCr	inverse_cdf	690	0.04669881	-0.05563906	-0.08216424	0.026525185	0.03461623
17	NPCr	inverse_cdf	153	0.046627045	0.4848252	0.5389972	-0.05417198	0.05059693
17	NPCr	inverse_cdf	366	0.04624659	0.38621345	-0.1579344	0.54414785	0.08656757
17	NPCr	inverse_cdf	25	0.046088696	0.117301166	0.18688501	-0.06958385	0.12143132
17	NPCr	inverse_cdf	314	0.046019197	-0.16031408	-0.34867984	0.18836576	0.10888839
17	NPCr	inverse_cdf	646	0.045863926	-0.20818993	-0.27275264	0.06456271	0.1328059
17	NPCr	inverse_cdf	781	0.045730293	0.22210315	0.04417229	0.17793086	0.06008253
17	NPCr	inverse_cdf	803	0.04566896	-0.26806754	-0.19427064	-0.0737969	0.04907439
17	NPCr	inverse_cdf	640	0.04565239	-0.120467044	0.22529896	-0.345766	0.1045798
17	NPCr	inverse_cdf	562	0.045559466	0.1051834	0.036984734	0.068198666	0.15435587
17	NPCr	inverse_cdf	47	0.045410752	0.3440493	0.284947	0.059102297	0.07751746
18	BensonV1	cdf	713	0.14007384	0.5633472	0.6373688	-0.07402158	0.15218285
18	BensonV1	cdf	709	0.13841027	0.5518243	0.7457723	-0.19394803	0.19460995
18	BensonV1	cdf	340	0.11348671	-0.34208706	-0.1287265	-0.21336056	0.16757517
18	BensonV1	cdf	752	0.112704635	0.57839763	0.68269527	-0.10429764	0.075919986
18	BensonV1	cdf	701	0.11254424	0.45098856	0.5645314	-0.113542825	0.0999346
18	BensonV1	cdf	113	0.111923575	0.3792525	0.8541288	-0.47487628	0.1425938
18	BensonV1	cdf	70	0.10088968	0.25069982	0.36480758	-0.11410776	0.14330123
18	BensonV1	cdf	199	0.094034255	0.5376714	0.5479807	-0.010309339	0.32492027
18	BensonV1	cdf	91	0.09052634	-0.14152728	0.0729659	-0.21449319	0.485427
18	BensonV1	cdf	420	0.08824152	0.1820325	0.18081132	0.00122118	0.15672056
18	BensonV1	cdf	147	0.08779836	0.35408404	0.2865873	0.06749675	0.16993813
18	BensonV1	cdf	397	0.08690691	0.026459076	0.033165976	-0.006706901	0.10404563
18	BensonV1	cdf	310	0.08679229	-0.10181656	-0.059112545	-0.042704012	0.042157024
18	BensonV1	cdf	483	0.08514893	0.19198534	0.115073666	0.07691167	0.109689526
18	BensonV1	cdf	711	0.08452225	0.04895231	0.30878693	-0.25983462	0.10930495
18	BensonV1	cdf	196	0.083465576	0.44679272	0.5556721	-0.10887939	0.2307006
18	BensonV1	cdf	2	0.080803454	-0.0149812605	-0.2282944	0.21331315	0.21551962
18	BensonV1	cdf	423	0.080103874	0.3315228	0.2629944	0.068528384	0.15095863
18	BensonV1	cdf	455	0.080069005	0.17744201	0.1783324	-0.0008903891	0.5219192
18	BensonV1	cdf	652	0.079942405	0.5864207	0.68633926	-0.099918544	0.1848403
18	BensonV1	cdf	436	0.07888287	-0.37461975	-0.13255814	-0.24206161	0.4393711
18	BensonV1	cdf	414	0.078303814	0.12689891	-0.028626096	0.15552501	0.17259389
18	BensonV1	cdf	275	0.0767616	-0.2561818	0.011427208	-0.267609	0.088730544
18	BensonV1	cdf	431	0.07672417	0.003743094	-0.040546283	0.044289377	0.09196663
18	BensonV1	cdf	263	0.07626337	0.011219866	0.27031642	-0.25909656	0.19518428
18	BensonV1	cdf	597	0.075951576	0.21673511	0.4408231	-0.224088	0.14720659
18	BensonV1	cdf	324	0.073927104	-0.28773478	-0.15396746	-0.13376732	0.10418702
18	BensonV1	cdf	41	0.07347989	-0.12526774	0.016515957	-0.1417837	0.17044763
18	BensonV1	cdf	136	0.073409736	-0.23107596	-0.035074636	-0.19600132	0.35758674
18	BensonV1	cdf	28	0.07271159	0.009236624	0.43985826	-0.43062162	0.16070062
18	BensonV1	cdf	292	0.07203245	0.057843223	0.26662016	-0.20877694	0.26806578
18	BensonV1	cdf	272	0.07162446	-0.07286568	-0.035930138	-0.03693554	0.21318208
18	BensonV1	cdf	496	0.071614325	-0.010495898	-0.028468104	0.017972205	0.12808256
18	BensonV1	cdf	9	0.07147902	0.092310466	0.26736745	-0.175057	0.14826944
18	BensonV1	cdf	746	0.07075566	0.27954563	0.18920225	0.090343386	0.18650313
18	BensonV1	cdf	504	0.069928825	0.14248213	0.123639286	0.018842846	0.12758312
18	BensonV1	cdf	89	0.068680525	-0.29552788	-0.21741563	-0.078112245	0.16273767
18	BensonV1	cdf	335	0.06843668	-0.34143397	-0.14996856	-0.19146541	0.13446446
18	BensonV1	cdf	327	0.06842202	-0.24953416	-0.14625445	-0.10327971	0.12902382
18	BensonV1	cdf	138	0.06803012	0.16649453	0.063251145	0.10324339	0.15955175
18	BensonV1	cdf	736	0.06797421	-0.02764063	0.34281057	-0.3704512	0.54058534
18	BensonV1	cdf	723	0.0679394	0.13979185	0.21857013	-0.07877828	0.3114621
18	BensonV1	cdf	654	0.0678705	0.21647124	0.43698555	-0.22051431	0.16818787
18	BensonV1	cdf	195	0.06769401	0.305632	0.38059115	-0.07495916	0.25297824
18	BensonV1	cdf	49	0.06653166	0.41536614	0.34828183	0.06708431	0.14751671
18	BensonV1	cdf	536	0.06551516	0.23584367	0.43286553	-0.19702186	0.26529026
18	BensonV1	cdf	763	0.065318346	0.08952144	-0.031388815	0.12091026	0.18978399
18	BensonV1	cdf	719	0.06511706	0.039709214	0.09228018	-0.052570965	0.06877413
18	BensonV1	cdf	24	0.065075874	0.18230964	0.46429288	-0.28198326	0.08029536
18	BensonV1	cdf	129	0.064866304	-0.16398561	-0.04909367	-0.11489194	0.40443015
18	BensonV1	cdf	645	0.06475574	0.4450858	0.5997075	-0.15462169	0.10116665
18	BensonV1	cdf	505	0.06469846	-0.4728401	-0.016651519	-0.4561886	0.3860939
18	BensonV1	cdf	715	0.064080656	0.32748416	0.32112852	0.0063556433	0.056290902
18	BensonV1	cdf	461	0.06384373	0.36174452	0.4974619	-0.13571736	0.100844495
18	BensonV1	cdf	134	0.06373024	-0.14662585	-0.021087037	-0.12553881	0.16776766
18	BensonV1	cdf	381	0.06319785	-0.111676514	-0.12778832	0.016111806	0.09277246
18	BensonV1	cdf	596	0.062888205	0.22432351	0.4362365	-0.21191299	0.17063093
18	BensonV1	cdf	683	0.06273937	-0.31120178	-0.14776872	-0.16343306	0.3394638
18	BensonV1	cdf	506	0.062242508	0.19198991	0.08885295	0.103136964	0.091269575
18	BensonV1	cdf	109	0.06215805	0.0665851	0.5703169	-0.5037318	0.096980855
18	BensonV1	cdf	722	0.0617131	-0.01296941	0.19025116	-0.20322056	0.17044955
18	BensonV1	cdf	291	0.061054528	-0.103899635	-0.11067196	0.0067723244	0.21667032
18	BensonV1	cdf	71	0.060789824	0.45456275	0.61287415	-0.1583114	0.35495523
18	BensonV1	cdf	602	0.06060177	0.37265542	0.4837433	-0.11108789	0.08548012
18	BensonV1	cdf	23	0.06049776	0.4675121	0.6063536	-0.13884148	0.10377468
18	BensonV1	cdf	555	0.05967045	-0.31461594	-0.18431939	-0.13029654	0.17699417
18	BensonV1	cdf	108	0.05966437	-0.2302309	0.1411558	-0.3713867	0.13368343
18	BensonV1	cdf	486	0.059186995	-0.27267167	-0.12359227	-0.1490794	0.1866043
18	BensonV1	cdf	282	0.05879426	0.17495205	-0.11792156	0.29287362	0.13726375
18	BensonV1	cdf	426	0.0585863	-0.11497157	0.026242822	-0.1412144	0.14555044
18	BensonV1	cdf	707	0.058490038	0.15240598	0.27597964	-0.12357366	0.09465247
18	BensonV1	cdf	323	0.057739615	-0.04277732	0.13564783	-0.17842515	0.38570055
18	BensonV1	cdf	590	0.05763811	0.28717417	0.512081	-0.22490686	0.10791005
18	BensonV1	cdf	539	0.05747074	0.3911837	0.31088147	0.08030224	0.15682368
18	BensonV1	cdf	427	0.057207644	-0.42780286	-0.3260188	-0.10178405	0.15763819
18	BensonV1	cdf	593	0.05646491	-0.024371171	-0.07245058	0.04807941	0.19314025
18	BensonV1	cdf	497	0.056073606	-0.38856792	0.0007264669	-0.3892944	0.23325935
18	BensonV1	cdf	37	0.055678546	0.51388323	0.40402904	0.10985419	0.096587844
18	BensonV1	cdf	617	0.055318058	0.12949213	0.2050912	-0.07559906	0.15854365
18	BensonV1	cdf	751	0.05520457	0.18702847	0.3156229	-0.12859443	0.14490533
18	BensonV1	cdf	622	0.054829597	-0.46760404	0.08486612	-0.55247015	0.23414102
18	BensonV1	cdf	639	0.054747045	0.24184605	0.08026539	0.16158067	0.17738476
18	BensonV1	cdf	628	0.05443734	-0.0836979	0.101273686	-0.18497159	0.2995089
18	BensonV1	cdf	18	0.054241955	-0.006169456	0.38575473	-0.3919242	0.114127986
18	BensonV1	cdf	580	0.05406612	0.14408526	0.30039263	-0.15630737	0.12751156
18	BensonV1	cdf	36	0.053896844	0.4714969	0.4767062	-0.005209297	0.09083753
18	BensonV1	cdf	572	0.053842783	-0.053064704	0.37955612	-0.43262082	0.24863927
18	BensonV1	cdf	294	0.053802013	0.2517759	0.35339808	-0.101622194	0.12412624
18	BensonV1	cdf	61	0.05369109	-0.2648603	-0.083101824	-0.18175848	0.2802032
18	BensonV1	cdf	131	0.05315131	-0.15833038	-0.10109166	-0.05723872	0.4157658
18	BensonV1	cdf	493	0.053073704	-0.562412	-0.27644008	-0.28597194	0.11683957
18	BensonV1	cdf	764	0.053036153	0.31657502	0.35704106	-0.04046604	0.08034581
18	BensonV1	cdf	299	0.052869976	0.240829	0.33634	-0.095511004	0.11632631
18	BensonV1	cdf	62	0.052832067	-0.0467988	0.05690819	-0.103706986	0.2880244
18	BensonV1	cdf	46	0.052506328	0.30839774	0.4456721	-0.13727435	0.13363561
18	BensonV1	cdf	212	0.052416205	0.17356585	0.31492224	-0.1413564	0.08028102
18	BensonV1	cdf	401	0.052181482	-0.27326134	-0.10447445	-0.16878688	0.1425066
18	BensonV1	cdf	112	0.052167833	0.26520953	0.25181818	0.013391346	0.080853276
18	BensonV1	cdf	167	0.051733553	0.024455743	0.004863162	0.019592581	0.14294681
18	BensonV1	cdf	732	0.05170536	-0.11033484	0.044409182	-0.15474403	0.6370708
18	BensonV1	inverse_cdf	567	0.13741475	-0.14963722	-0.07662272	-0.073014505	0.13861975
18	BensonV1	inverse_cdf	701	0.13712454	0.59657043	0.4478393	0.14873114	0.15437162
18	BensonV1	inverse_cdf	663	0.13513827	0.40903512	0.27424204	0.13479307	0.16305411
18	BensonV1	inverse_cdf	670	0.115051806	0.020989101	0.116570935	-0.09558183	0.102509335
18	BensonV1	inverse_cdf	657	0.113960266	0.593161	0.5084168	0.084744215	0.18683922
18	BensonV1	inverse_cdf	721	0.11097908	0.09823675	0.23399368	-0.13575694	0.12089499
18	BensonV1	inverse_cdf	723	0.11013943	-0.0311848	0.2253201	-0.2565049	0.20859417
18	BensonV1	inverse_cdf	94	0.10702145	0.2190871	0.2522906	-0.033203512	0.15759918
18	BensonV1	inverse_cdf	517	0.10563147	0.08876119	0.10939743	-0.020636246	0.17066848
18	BensonV1	inverse_cdf	643	0.10399181	0.5432444	0.36876148	0.17448294	0.103042394
18	BensonV1	inverse_cdf	709	0.101836324	0.7531319	0.6875956	0.06553632	0.17428856
18	BensonV1	inverse_cdf	725	0.09961939	-0.07193097	0.14826512	-0.2201961	0.21775687
18	BensonV1	inverse_cdf	232	0.096096754	0.06336524	0.17681924	-0.11345399	0.13581339
18	BensonV1	inverse_cdf	602	0.09411377	0.29678038	0.6347365	-0.3379561	0.14072007
18	BensonV1	inverse_cdf	196	0.09064704	0.30308712	0.30875748	-0.0056703687	0.17230396
18	BensonV1	inverse_cdf	264	0.09028947	-0.108356774	0.051386014	-0.15974279	0.119104326
18	BensonV1	inverse_cdf	436	0.08953369	-0.23149362	-0.1508592	-0.080634415	0.13710095
18	BensonV1	inverse_cdf	313	0.088805676	0.06541474	0.15252097	-0.08710623	0.14550976
18	BensonV1	inverse_cdf	217	0.086360276	-0.27296785	-0.06126776	-0.21170008	0.12665492
18	BensonV1	inverse_cdf	48	0.08600432	0.5869329	0.4097958	0.1771371	0.087659694
18	BensonV1	inverse_cdf	113	0.085754275	0.6127396	0.59855133	0.01418829	0.07247458
18	BensonV1	inverse_cdf	209	0.08291525	0.05185957	0.26430997	-0.2124504	0.13369901
18	BensonV1	inverse_cdf	520	0.08205515	0.012504783	0.14457154	-0.13206676	0.092123516
18	BensonV1	inverse_cdf	674	0.08202696	-0.12386374	0.14925165	-0.2731154	0.14295045
18	BensonV1	inverse_cdf	503	0.08178234	-0.35322508	-0.09827174	-0.25495332	0.11123821
18	BensonV1	inverse_cdf	427	0.081701815	-0.38406578	-0.3543782	-0.029687583	0.09598277
18	BensonV1	inverse_cdf	285	0.08091372	-0.19326672	-0.12842552	-0.064841196	0.13519803
18	BensonV1	inverse_cdf	136	0.07980347	-0.25491694	-0.035723664	-0.21919328	0.15201771
18	BensonV1	inverse_cdf	676	0.07927352	-0.12178861	0.12072383	-0.24251243	0.20344639
18	BensonV1	inverse_cdf	207	0.07837242	0.049000733	0.055258255	-0.006257523	0.08398028
18	BensonV1	inverse_cdf	138	0.076958776	0.20227127	0.3625881	-0.16031684	0.1767972
18	BensonV1	inverse_cdf	42	0.07671392	0.16644119	0.0999197	0.06652149	0.16450706
18	BensonV1	inverse_cdf	681	0.076670945	-0.052317113	-0.051243704	-0.0010734089	0.12473465
18	BensonV1	inverse_cdf	175	0.07666445	-0.18967755	-0.024820765	-0.16485679	0.16948614
18	BensonV1	inverse_cdf	548	0.0763188	0.23010044	0.27391285	-0.04381241	0.17196779
18	BensonV1	inverse_cdf	61	0.07607615	-0.27308065	0.07626813	-0.34934878	0.21208075
18	BensonV1	inverse_cdf	289	0.07576591	0.031088414	-0.006949533	0.03803795	0.18319325
18	BensonV1	inverse_cdf	273	0.07560021	-0.006100918	-0.0175751	0.011474182	0.08489656
18	BensonV1	inverse_cdf	165	0.07430053	-0.19119066	0.02614043	-0.21733108	0.12457527
18	BensonV1	inverse_cdf	312	0.07394683	-0.178267	-0.034865953	-0.14340106	0.4623913
18	BensonV1	inverse_cdf	621	0.07393676	-0.31578255	-0.09174442	-0.22403812	0.10358553
18	BensonV1	inverse_cdf	622	0.07346952	-0.21583207	-0.018675234	-0.19715683	0.10077464
18	BensonV1	inverse_cdf	557	0.07304466	-0.13852884	-0.11165192	-0.026876919	0.07044889
18	BensonV1	inverse_cdf	510	0.07277161	0.024159769	0.2062688	-0.18210903	0.11676202
18	BensonV1	inverse_cdf	679	0.072720826	0.045688204	0.088624075	-0.04293587	0.20868133
18	BensonV1	inverse_cdf	62	0.07212162	-0.111123614	0.15357096	-0.26469457	0.20632638
18	BensonV1	inverse_cdf	488	0.07197231	-0.13016261	-0.075141326	-0.055021286	0.10413069
18	BensonV1	inverse_cdf	60	0.07166886	-0.003488914	0.10163844	-0.10512735	0.113164656
18	BensonV1	inverse_cdf	130	0.07132989	-0.19055453	0.080818444	-0.27137297	0.39825714
18	BensonV1	inverse_cdf	713	0.07126129	0.74542874	0.77692336	-0.031494617	0.08203948
18	BensonV1	inverse_cdf	174	0.070744514	-0.12618814	-0.27760342	0.15141527	0.1720303
18	BensonV1	inverse_cdf	574	0.07041669	-0.09685065	0.061950672	-0.15880132	0.20192713
18	BensonV1	inverse_cdf	178	0.070280075	-0.18998742	0.123297095	-0.31328452	0.10608182
18	BensonV1	inverse_cdf	590	0.06967205	0.53024554	0.37006128	0.16018426	0.11116915
18	BensonV1	inverse_cdf	462	0.069123864	0.27923858	0.17039973	0.108838856	0.09309783
18	BensonV1	inverse_cdf	257	0.06854564	-0.02681695	0.08971305	-0.11653	0.12483099
18	BensonV1	inverse_cdf	756	0.06704897	0.10658847	0.30202788	-0.19543941	0.14525518
18	BensonV1	inverse_cdf	408	0.066939116	-0.41148	-0.15010215	-0.26137787	0.111620665
18	BensonV1	inverse_cdf	631	0.06680906	-0.22660083	0.051302183	-0.27790302	0.2718356
18	BensonV1	inverse_cdf	91	0.06660801	-0.22314817	0.010300153	-0.23344833	0.16632748
18	BensonV1	inverse_cdf	673	0.06593388	-0.12810467	-0.0833286	-0.044776075	0.09554341
18	BensonV1	inverse_cdf	726	0.06542009	0.00598749	0.120798334	-0.11481085	0.12111298
18	BensonV1	inverse_cdf	37	0.06503081	0.5449815	0.3417456	0.2032359	0.10794133
18	BensonV1	inverse_cdf	153	0.06478304	0.32554013	0.46410578	-0.13856566	0.13061005
18	BensonV1	inverse_cdf	131	0.064754546	-0.18008548	0.14278544	-0.3228709	0.23552518
18	BensonV1	inverse_cdf	638	0.06471735	-0.21832941	-0.1217461	-0.096583314	0.08265127
18	BensonV1	inverse_cdf	493	0.06448102	-0.46603552	-0.03248363	-0.43355188	0.114720054
18	BensonV1	inverse_cdf	502	0.06443828	-0.13161288	-0.19042644	0.058813557	0.13718605
18	BensonV1	inverse_cdf	728	0.063994825	0.018352317	0.19916384	-0.18081152	0.36883843
18	BensonV1	inverse_cdf	33	0.06362945	0.1591604	0.19745007	-0.038289666	0.10877142
18	BensonV1	inverse_cdf	519	0.06349599	-0.0748852	0.2778987	-0.3527839	0.16395801
18	BensonV1	inverse_cdf	190	0.063494325	-0.099803634	-0.08647724	-0.013326392	0.19094057
18	BensonV1	inverse_cdf	752	0.06343019	0.7140832	0.771644	-0.0575608	0.06705551
18	BensonV1	inverse_cdf	40	0.06283629	-0.12625003	0.09112042	-0.21737045	0.123205006
18	BensonV1	inverse_cdf	337	0.06258428	-0.018952375	-0.10695158	0.0879992	0.26612335
18	BensonV1	inverse_cdf	680	0.06254864	-0.3173313	0.008830097	-0.3261614	0.156235
18	BensonV1	inverse_cdf	660	0.06253475	0.3483738	0.4629022	-0.11452839	0.108202346
18	BensonV1	inverse_cdf	268	0.06230998	-0.17980821	0.0046932995	-0.18450151	0.22552803
18	BensonV1	inverse_cdf	168	0.06218344	-0.17660718	0.005527324	-0.1821345	0.31480378
18	BensonV1	inverse_cdf	378	0.06204629	-0.13768479	0.037393093	-0.17507789	0.26466605
18	BensonV1	inverse_cdf	410	0.06158793	-0.15723608	0.02581873	-0.18305482	0.10760622
18	BensonV1	inverse_cdf	758	0.06154269	-0.016296301	0.18351488	-0.19981118	0.16545029
18	BensonV1	inverse_cdf	569	0.061503947	-0.39148465	-0.105959065	-0.2855256	0.12442409
18	BensonV1	inverse_cdf	231	0.061364174	0.07053184	0.16873367	-0.09820183	0.091274835
18	BensonV1	inverse_cdf	267	0.060357213	-0.12825729	0.09383842	-0.22209571	0.2389309
18	BensonV1	inverse_cdf	585	0.059990704	0.027856389	0.07424803	-0.046391644	0.06663763
18	BensonV1	inverse_cdf	297	0.05997169	0.30267414	0.35848433	-0.055810183	0.12490108
18	BensonV1	inverse_cdf	672	0.05965352	-0.27293852	0.06883721	-0.34177572	0.11178368
18	BensonV1	inverse_cdf	92	0.059589207	-0.1416169	0.07054396	-0.21216086	0.09602551
18	BensonV1	inverse_cdf	142	0.05945927	0.009938078	0.077465795	-0.06752772	0.20639472
18	BensonV1	inverse_cdf	93	0.05916679	0.011027259	0.17039774	-0.15937048	0.09024162
18	BensonV1	inverse_cdf	766	0.05900693	-0.031537402	-0.014300103	-0.017237298	0.16407992
18	BensonV1	inverse_cdf	87	0.05890733	-0.14054108	0.23338605	-0.37392712	0.20301743
18	BensonV1	inverse_cdf	579	0.058823228	-0.061536994	-0.041328922	-0.020208072	0.13951308
18	BensonV1	inverse_cdf	338	0.058710396	-0.3226546	-0.16636075	-0.15629385	0.12490978
18	BensonV1	inverse_cdf	732	0.058692634	-0.10079064	0.06951094	-0.17030159	0.34748662
18	BensonV1	inverse_cdf	239	0.0586493	0.07357885	0.030400066	0.043178782	0.12989101
18	BensonV1	inverse_cdf	114	0.058609664	0.31856248	0.21460845	0.10395403	0.042815022
18	BensonV1	inverse_cdf	213	0.058335483	0.07992513	0.17098896	-0.091063835	0.07744223
18	BensonV1	inverse_cdf	107	0.058155775	0.31524792	0.15748703	0.15776089	0.06704907
18	NPCr	cdf	622	0.25793648	-0.21612555	0.33853117	-0.55465674	0.7355557
18	NPCr	cdf	200	0.21956569	-0.012040566	0.19181749	-0.20385806	0.5592459
18	NPCr	cdf	666	0.21789455	-0.117086105	0.29248184	-0.40956795	0.47646096
18	NPCr	cdf	128	0.21198374	-0.3294639	0.020561874	-0.35002577	0.5469472
18	NPCr	cdf	667	0.20543182	-0.042728916	0.4395899	-0.48231882	0.5578521
18	NPCr	cdf	207	0.19052088	0.1966267	0.27957144	-0.08294475	0.5734026
18	NPCr	cdf	196	0.18158656	-0.07091382	0.28327185	-0.35418567	0.5276576
18	NPCr	cdf	164	0.17962617	-0.10060186	0.085294634	-0.18589649	1.0618904
18	NPCr	cdf	193	0.17782879	0.20783614	0.45462653	-0.2467904	0.21954279
18	NPCr	cdf	532	0.17326874	0.27711263	0.41096792	-0.13385528	0.33064312
18	NPCr	cdf	213	0.17076194	-0.013092317	0.4429017	-0.455994	0.46330795
18	NPCr	cdf	238	0.17064708	-0.30579886	0.16493782	-0.47073668	0.27731824
18	NPCr	cdf	275	0.16739637	-0.31596622	-0.25870115	-0.057265073	0.39332244
18	NPCr	cdf	682	0.1669851	0.017282482	0.36088443	-0.34360194	0.44406608
18	NPCr	cdf	46	0.1659919	-0.19042668	0.42888156	-0.61930823	0.39482555
18	NPCr	cdf	319	0.1642828	0.116578035	0.47774893	-0.3611709	0.6220712
18	NPCr	cdf	270	0.16212547	0.14093362	0.39729944	-0.25636584	0.47243512
18	NPCr	cdf	688	0.15996611	-0.07168064	0.022506332	-0.09418698	0.5216196
18	NPCr	cdf	728	0.15736961	-0.18514426	0.18014006	-0.36528432	0.5941361
18	NPCr	cdf	645	0.156227	-0.10260987	0.15303925	-0.25564912	0.6023379
18	NPCr	cdf	197	0.15580451	-0.29812968	0.111803755	-0.40993345	0.25028294
18	NPCr	cdf	751	0.154773	-0.14568448	0.13382497	-0.27950945	0.6799253
18	NPCr	cdf	228	0.1543141	0.12833437	0.63318205	-0.50484765	0.30196467
18	NPCr	cdf	192	0.1530711	-0.13951603	0.21003008	-0.3495461	0.6226527
18	NPCr	cdf	172	0.15167367	-0.016495986	0.36045942	-0.3769554	0.5205369
18	NPCr	cdf	309	0.15114838	0.04223628	0.36821657	-0.3259803	0.45423368
18	NPCr	cdf	747	0.15065074	0.014220189	0.2097592	-0.19553901	0.22102864
18	NPCr	cdf	670	0.15000743	0.42576143	0.479112	-0.053350568	0.3913538
18	NPCr	cdf	752	0.1496191	-0.20592962	0.072856784	-0.27878642	0.6075424
18	NPCr	cdf	674	0.14846659	0.018698815	0.2972738	-0.278575	0.5523818
18	NPCr	cdf	210	0.14479572	0.12497147	0.42959836	-0.30462688	0.56583977
18	NPCr	cdf	166	0.14439136	-0.09018203	0.33375993	-0.42394197	0.56995535
18	NPCr	cdf	727	0.14315653	0.026354447	0.37492874	-0.34857428	0.54525393
18	NPCr	cdf	298	0.14300495	0.18268953	0.44830373	-0.2656142	0.27892712
18	NPCr	cdf	201	0.14245582	-0.19460379	0.20699812	-0.4016019	0.24958853
18	NPCr	cdf	413	0.14053595	0.037054118	0.32951745	-0.29246333	0.44907445
18	NPCr	cdf	250	0.14018196	0.19910365	0.25320032	-0.05409667	0.38179857
18	NPCr	cdf	722	0.14000827	-0.073290356	0.31639862	-0.38968897	0.3777526
18	NPCr	cdf	766	0.13782346	0.12110907	0.42172337	-0.3006143	0.3993988
18	NPCr	cdf	167	0.13724619	-0.27231026	0.1661409	-0.43845117	0.5798298
18	NPCr	cdf	189	0.13703805	0.15102315	0.28091684	-0.12989369	0.27158996
18	NPCr	cdf	163	0.13703585	-0.058308557	0.18517129	-0.24347985	0.5607582
18	NPCr	cdf	209	0.1369834	-0.044922218	0.24215867	-0.28708088	0.49811256
18	NPCr	cdf	352	0.13615936	0.4268775	0.47007498	-0.043197483	0.2774834
18	NPCr	cdf	394	0.13614345	0.54377407	0.57230514	-0.028531075	0.1040585
18	NPCr	cdf	680	0.13482356	-0.1967091	-0.14402363	-0.05268547	0.7860478
18	NPCr	cdf	621	0.13408256	-0.3401753	0.07927603	-0.41945133	0.3813518
18	NPCr	cdf	353	0.13401431	-0.11352072	0.054639015	-0.16815974	0.26695037
18	NPCr	cdf	203	0.13307095	0.2621739	0.20037341	0.06180048	0.3488813
18	NPCr	cdf	725	0.13263017	-0.3048859	-0.059151646	-0.24573424	0.42839208
18	NPCr	cdf	241	0.13206428	0.06626437	0.3996067	-0.33334234	0.30603677
18	NPCr	cdf	175	0.13115549	0.15423174	0.33693844	-0.1827067	0.51738775
18	NPCr	cdf	583	0.12948686	0.029345645	0.4165638	-0.38721818	0.52883875
18	NPCr	cdf	663	0.12943542	-0.22904575	0.20653224	-0.435578	0.48067197
18	NPCr	cdf	212	0.12920737	-0.29701787	0.21875323	-0.5157711	0.2503676
18	NPCr	cdf	625	0.12903112	-0.18249612	0.257858	-0.4403541	0.27937278
18	NPCr	cdf	233	0.12832731	0.22676623	0.42176244	-0.19499621	0.36238798
18	NPCr	cdf	686	0.12792975	0.18726528	0.300283	-0.11301774	0.299805
18	NPCr	cdf	691	0.12753904	-0.03495002	0.12647717	-0.16142718	0.36158592
18	NPCr	cdf	770	0.12744564	0.13683003	0.29607326	-0.15924323	0.4432889
18	NPCr	cdf	386	0.12649715	0.46978313	0.5599821	-0.09019899	0.23339331
18	NPCr	cdf	845	0.12623382	0.037262056	-0.16760488	0.20486693	0.28290048
18	NPCr	cdf	385	0.124753475	0.27882883	0.47815564	-0.19932681	0.16996667
18	NPCr	cdf	689	0.12443453	-0.30628875	-0.20722088	-0.09906787	0.33365357
18	NPCr	cdf	169	0.12442517	-0.096011534	0.34605598	-0.4420675	0.40563697
18	NPCr	cdf	152	0.12377006	-0.20468797	0.27273962	-0.4774276	0.5334991
18	NPCr	cdf	330	0.12306541	0.08453806	0.29498133	-0.21044327	0.26261762
18	NPCr	cdf	63	0.122555554	-0.112140484	0.46074185	-0.57288235	0.51783025
18	NPCr	cdf	237	0.12253952	0.009922744	0.6234826	-0.61355984	0.3093051
18	NPCr	cdf	669	0.122490704	0.3324136	0.56190115	-0.22948754	0.19251956
18	NPCr	cdf	827	0.1224435	0.36316642	0.08205285	0.28111356	0.19568714
18	NPCr	cdf	679	0.12061006	-0.16821139	0.14689827	-0.31510967	0.7722946
18	NPCr	cdf	640	0.12040317	-0.23061827	-0.063241325	-0.16737694	0.7547216
18	NPCr	cdf	684	0.12022972	-0.14758852	0.1468343	-0.2944228	0.41843045
18	NPCr	cdf	787	0.1197356	0.12892118	0.36400628	-0.2350851	0.66458356
18	NPCr	cdf	536	0.11972344	-0.18053108	0.28042865	-0.46095973	0.49290314
18	NPCr	cdf	577	0.11826986	-0.1157158	0.3971211	-0.51283693	0.6328006
18	NPCr	cdf	198	0.117271125	-0.07878355	0.31771028	-0.39649382	0.40372762
18	NPCr	cdf	171	0.116940916	-0.14440158	0.08490446	-0.22930604	0.45282608
18	NPCr	cdf	700	0.115428686	0.48286533	0.44833055	0.034534782	0.10748096
18	NPCr	cdf	320	0.11532986	0.51484156	0.63171613	-0.116874576	0.51517165
18	NPCr	cdf	629	0.11503142	-0.16182472	0.025609452	-0.18743417	0.9593137
18	NPCr	cdf	129	0.114471436	-0.07822596	0.109050415	-0.18727638	0.3378107
18	NPCr	cdf	190	0.11399293	0.076258205	0.16874124	-0.092483036	0.21056476
18	NPCr	cdf	354	0.11334509	0.430719	0.060693387	0.3700256	0.22004229
18	NPCr	cdf	791	0.112014234	0.2139187	0.49806678	-0.2841481	0.56848294
18	NPCr	cdf	675	0.10961604	0.17896548	0.4109684	-0.23200291	0.4462284
18	NPCr	cdf	635	0.10950863	-0.35860005	-0.087981716	-0.27061832	0.9399899
18	NPCr	cdf	830	0.109259546	0.17383851	0.19997269	-0.026134178	0.1251226
18	NPCr	cdf	269	0.108905435	-0.023662511	0.37206215	-0.39572465	0.3773721
18	NPCr	cdf	593	0.108290076	0.056158792	0.091030315	-0.034871522	0.20471185
18	NPCr	cdf	542	0.10819626	-0.085822195	0.24060476	-0.32642695	0.6377936
18	NPCr	cdf	243	0.10819608	0.21192001	0.35056454	-0.13864453	0.22077169
18	NPCr	cdf	125	0.10734016	-0.02504433	0.16745897	-0.1925033	0.87755305
18	NPCr	cdf	749	0.10721928	-0.17823842	0.07285811	-0.25109655	0.2812767
18	NPCr	cdf	396	0.106396616	0.39607418	0.526453	-0.13037884	0.2456831
18	NPCr	cdf	65	0.106253445	-0.24857174	0.20528798	-0.45385972	0.51246434
18	NPCr	cdf	362	0.1043365	-0.37872556	0.27845255	-0.6571781	0.41196018
18	NPCr	cdf	348	0.10311979	-0.031156136	-0.18117715	0.15002102	0.13500237
18	NPCr	cdf	699	0.10291779	0.22670522	0.4121937	-0.18548846	0.42492208
18	NPCr	inverse_cdf	394	0.14944619	0.71147263	0.7528932	-0.04142058	0.093712136
18	NPCr	inverse_cdf	295	0.14190811	0.45742375	0.33735448	0.120069265	0.0705232
18	NPCr	inverse_cdf	706	0.11814135	0.005797222	0.30967668	-0.30387947	0.23312113
18	NPCr	inverse_cdf	267	0.11757004	0.2579153	0.31688496	-0.058969676	0.06616861
18	NPCr	inverse_cdf	392	0.117154	-0.03923037	0.36759108	-0.40682146	0.25052938
18	NPCr	inverse_cdf	447	0.11440545	0.013065239	0.33281255	-0.3197473	0.17803876
18	NPCr	inverse_cdf	665	0.11325616	-0.014877776	0.33318934	-0.3480671	0.18936026
18	NPCr	inverse_cdf	357	0.112549484	0.10215286	0.23275606	-0.1306032	0.1221821
18	NPCr	inverse_cdf	479	0.111236036	-0.06638157	0.25779697	-0.32417855	0.17783791
18	NPCr	inverse_cdf	232	0.10953677	0.6347871	0.5545921	0.08019501	0.052865926
18	NPCr	inverse_cdf	446	0.105600536	-0.018161258	0.25656125	-0.27472252	0.31784058
18	NPCr	inverse_cdf	457	0.10165328	0.18320656	0.03093691	0.15226965	0.10260519
18	NPCr	inverse_cdf	336	0.10158849	-0.32450184	0.18546407	-0.5099659	0.14792132
18	NPCr	inverse_cdf	268	0.10102397	0.2153803	0.31060955	-0.09522925	0.073786154
18	NPCr	inverse_cdf	401	0.099160075	-0.043087147	0.2884953	-0.33158246	0.27121127
18	NPCr	inverse_cdf	325	0.09892714	-0.12531656	0.37157825	-0.4968948	0.15899146
18	NPCr	inverse_cdf	155	0.09879547	0.3198506	0.5355336	-0.21568301	0.1390391
18	NPCr	inverse_cdf	669	0.09809464	0.15322523	0.44061866	-0.28739345	0.08944814
18	NPCr	inverse_cdf	581	0.096648276	0.4938233	0.28596076	0.20786253	0.11248838
18	NPCr	inverse_cdf	785	0.09557116	-0.14984421	-0.032570917	-0.1172733	0.095193125
18	NPCr	inverse_cdf	547	0.095023036	-0.089104295	0.27550122	-0.36460552	0.15504123
18	NPCr	inverse_cdf	525	0.09397805	-0.0042558117	0.19828126	-0.20253707	0.23800944
18	NPCr	inverse_cdf	802	0.09023929	-0.32317305	0.052568376	-0.37574142	0.13893591
18	NPCr	inverse_cdf	320	0.09009999	0.58049333	0.5366754	0.043817937	0.15669027
18	NPCr	inverse_cdf	408	0.08986932	0.019373277	0.25775346	-0.23838018	0.15354384
18	NPCr	inverse_cdf	668	0.08851683	-0.0092616845	0.26865676	-0.27791846	0.21000405
18	NPCr	inverse_cdf	592	0.088382006	0.0936802	0.29154167	-0.19786146	0.18216737
18	NPCr	inverse_cdf	386	0.088252306	0.7352188	0.57670736	0.15851146	0.13063791
18	NPCr	inverse_cdf	393	0.08818239	0.30945852	0.49256113	-0.18310261	0.17715596
18	NPCr	inverse_cdf	487	0.086214304	0.092602395	0.24930696	-0.15670457	0.1893353
18	NPCr	inverse_cdf	805	0.08243644	0.5400807	0.4801026	0.059978127	0.10647011
18	NPCr	inverse_cdf	450	0.08220923	0.6700627	0.4625328	0.20752993	0.09935702
18	NPCr	inverse_cdf	593	0.081977665	-0.089507215	0.26630047	-0.3558077	0.1062558
18	NPCr	inverse_cdf	817	0.08142638	0.27526045	0.015168393	0.26009205	0.09075915
18	NPCr	inverse_cdf	780	0.081209004	-0.24874851	0.29143462	-0.5401831	0.17869172
18	NPCr	inverse_cdf	335	0.08094871	0.03460735	0.38230237	-0.34769502	0.13557841
18	NPCr	inverse_cdf	293	0.08076179	0.18936084	0.009288451	0.1800724	0.1534944
18	NPCr	inverse_cdf	703	0.07959777	-0.023910793	0.23154949	-0.2554603	0.17968369
18	NPCr	inverse_cdf	827	0.0795967	0.353019	0.3559521	-0.0029331148	0.14742139
18	NPCr	inverse_cdf	148	0.07949555	0.44305378	0.25210807	0.19094571	0.24041681
18	NPCr	inverse_cdf	285	0.07853919	0.6495757	0.6545153	-0.0049396157	0.13292488
18	NPCr	inverse_cdf	222	0.0783658	0.16425444	0.13553369	0.028720751	0.11336958
18	NPCr	inverse_cdf	511	0.078333676	-0.25076422	0.07093429	-0.32169852	0.17149706
18	NPCr	inverse_cdf	439	0.07814145	-0.088415384	0.27903885	-0.36745423	0.14364748
18	NPCr	inverse_cdf	702	0.0772053	-0.069182485	0.3312237	-0.40040618	0.17816596
18	NPCr	inverse_cdf	829	0.075764656	0.40126812	0.3233618	0.07790631	0.1383992
18	NPCr	inverse_cdf	396	0.07515508	0.7156356	0.6002716	0.115364015	0.13627307
18	NPCr	inverse_cdf	296	0.074947536	0.26130497	0.08531813	0.17598684	0.07157969
18	NPCr	inverse_cdf	354	0.07384628	0.45941755	0.32085866	0.1385589	0.08543902
18	NPCr	inverse_cdf	837	0.073759496	0.29544476	0.23503734	0.060407415	0.14055978
18	NPCr	inverse_cdf	486	0.07292932	0.0642668	0.15128912	-0.08702232	0.1352342
18	NPCr	inverse_cdf	541	0.072924316	0.3283265	0.458777	-0.13045052	0.17423248
18	NPCr	inverse_cdf	276	0.07237893	0.18228081	0.26858482	-0.08630401	0.08868899
18	NPCr	inverse_cdf	324	0.072358966	-0.10403012	0.32624197	-0.4302721	0.20587958
18	NPCr	inverse_cdf	551	0.07233447	0.013353145	0.3663839	-0.35303077	0.28433925
18	NPCr	inverse_cdf	576	0.07119018	0.38372236	0.3472794	0.036442965	0.08701138
18	NPCr	inverse_cdf	228	0.07117969	0.27894196	0.1587848	0.12015715	0.107035555
18	NPCr	inverse_cdf	455	0.07098305	0.007043554	0.3915554	-0.38451186	0.17494884
18	NPCr	inverse_cdf	452	0.07091552	0.08278401	0.21129614	-0.12851213	0.10790218
18	NPCr	inverse_cdf	197	0.07079238	-0.14320855	-0.06704082	-0.076167725	0.13491873
18	NPCr	inverse_cdf	569	0.0707733	-0.23321788	-0.043433096	-0.18978478	0.12096791
18	NPCr	inverse_cdf	32	0.07066655	0.05306991	0.37088153	-0.3178116	0.13846904
18	NPCr	inverse_cdf	165	0.07038534	0.28712586	0.2843083	0.0028175414	0.14380816
18	NPCr	inverse_cdf	387	0.07000518	0.47855884	0.29588723	0.1826716	0.065976486
18	NPCr	inverse_cdf	762	0.06994605	0.12382139	0.3103092	-0.18648781	0.29021627
18	NPCr	inverse_cdf	80	0.0697847	0.3380396	0.29989997	0.03813964	0.17879021
18	NPCr	inverse_cdf	122	0.06950855	-0.21420477	0.12499481	-0.33919957	0.23838404
18	NPCr	inverse_cdf	633	0.06947529	-0.0725819	0.32377967	-0.3963616	0.37232018
18	NPCr	inverse_cdf	752	0.068951845	-0.37001604	0.15462409	-0.52464014	0.26117322
18	NPCr	inverse_cdf	761	0.06861657	0.08955954	0.32807118	-0.23851164	0.23454347
18	NPCr	inverse_cdf	314	0.0682106	0.100055926	0.38122112	-0.28116518	0.1341214
18	NPCr	inverse_cdf	135	0.06783092	0.39665824	0.42622247	-0.029564232	0.30138817
18	NPCr	inverse_cdf	417	0.06771499	0.31604484	0.3353025	-0.019257665	0.11581342
18	NPCr	inverse_cdf	656	0.067501605	0.21941388	0.1366423	0.08277157	0.108173706
18	NPCr	inverse_cdf	81	0.06718081	-0.08139053	-0.0077409777	-0.073649555	0.071465574
18	NPCr	inverse_cdf	331	0.06709474	0.4968407	0.57720256	-0.08036187	0.08605098
18	NPCr	inverse_cdf	137	0.067079484	0.5313898	0.33699498	0.1943948	0.0769228
18	NPCr	inverse_cdf	134	0.066260695	0.22167562	0.4106282	-0.18895258	0.12659562
18	NPCr	inverse_cdf	556	0.065481186	0.097251296	0.31207204	-0.21482074	0.2864223
18	NPCr	inverse_cdf	700	0.06530815	0.70738494	0.7381639	-0.030778944	0.061107144
18	NPCr	inverse_cdf	495	0.064998746	-0.005683958	0.19821617	-0.20390013	0.09796792
18	NPCr	inverse_cdf	705	0.064914286	-0.065438546	0.33682987	-0.4022684	0.16936344
18	NPCr	inverse_cdf	206	0.064655125	-0.47220472	-0.31938586	-0.15281886	0.08226848
18	NPCr	inverse_cdf	90	0.06452149	-0.11710517	0.16742021	-0.2845254	0.111538246
18	NPCr	inverse_cdf	136	0.06444651	0.11598132	0.2874904	-0.17150909	0.06503144
18	NPCr	inverse_cdf	294	0.06428337	0.34133267	0.36695683	-0.025624156	0.058958296
18	NPCr	inverse_cdf	755	0.064122796	0.25939894	0.15972054	0.0996784	0.070507474
18	NPCr	inverse_cdf	89	0.06403363	-0.18829507	0.16807838	-0.35637343	0.09891362
18	NPCr	inverse_cdf	598	0.063842654	0.0822447	0.3207911	-0.2385464	0.121617004
18	NPCr	inverse_cdf	843	0.06374407	0.06503847	0.2031055	-0.13806702	0.21499081
18	NPCr	inverse_cdf	729	0.0637064	-0.35227808	-0.108594805	-0.24368328	0.09060367
18	NPCr	inverse_cdf	410	0.06361312	0.46445626	0.3344102	0.13004607	0.07417734
18	NPCr	inverse_cdf	298	0.06350118	0.5848539	0.585052	-0.00019812584	0.109638736
18	NPCr	inverse_cdf	764	0.06260133	-0.004046122	0.14310999	-0.14715612	0.12976642
18	NPCr	inverse_cdf	28	0.06255102	0.16607186	0.48412424	-0.31805238	0.29041427
18	NPCr	inverse_cdf	563	0.06253469	0.06815348	-0.1540188	0.22217229	0.1443061
18	NPCr	inverse_cdf	760	0.062484384	0.08382367	0.08376468	5.8993697e-05	0.15162474
18	NPCr	inverse_cdf	673	0.06230563	-0.11895038	0.29902333	-0.4179737	0.19198449
18	NPCr	inverse_cdf	749	0.06171447	-0.32242563	0.13618505	-0.45861068	0.12356756
18	NPCr	inverse_cdf	120	0.06165409	-0.2996042	0.18346834	-0.48307255	0.14696798
19	BensonV1	cdf	321	0.10935533	0.6195819	0.47123203	0.14834985	0.05724867
19	BensonV1	cdf	394	0.08220631	-0.00063263316	-0.020164208	0.019531576	0.113939784
19	BensonV1	cdf	14	0.080489576	0.06474347	0.08170808	-0.016964614	0.13408436
19	BensonV1	cdf	266	0.07729578	-0.35544878	-0.34084755	-0.014601231	0.13894477
19	BensonV1	cdf	100	0.07398242	0.017152054	0.10508354	-0.087931484	0.114236005
19	BensonV1	cdf	82	0.073117495	0.20531267	0.022108933	0.18320374	0.101431035
19	BensonV1	cdf	793	0.073035896	0.17409012	0.08811385	0.085976265	0.27230996
19	BensonV1	cdf	3	0.072233856	0.123125665	0.050444335	0.07268133	0.14069057
19	BensonV1	cdf	186	0.07138115	0.4832473	0.5969555	-0.11370817	0.08617036
19	BensonV1	cdf	354	0.07111007	-0.11961168	-0.22937587	0.10976419	0.21418846
19	BensonV1	cdf	395	0.07074666	0.14018907	0.329061	-0.18887194	0.18543462
19	BensonV1	cdf	245	0.068886995	-0.12043277	0.10855591	-0.22898868	0.15861028
19	BensonV1	cdf	509	0.06840426	-0.5688222	-0.4501207	-0.11870152	0.16478299
19	BensonV1	cdf	824	0.068256736	0.04085545	0.30402008	-0.26316464	0.10249638
19	BensonV1	cdf	696	0.06448835	0.19485684	0.20075512	-0.005898282	0.14777885
19	BensonV1	cdf	237	0.06322718	-0.59872925	-0.6300056	0.031276345	0.28654906
19	BensonV1	cdf	917	0.060976923	0.88986874	0.70816225	0.18170649	0.20207871
19	BensonV1	cdf	402	0.060364127	-0.42780393	-0.40605682	-0.021747112	0.11073984
19	BensonV1	cdf	800	0.06000328	0.2803675	0.20006335	0.080304146	0.21614714
19	BensonV1	cdf	962	0.059813917	-0.03874057	-0.41574007	0.3769995	0.14050056
19	BensonV1	cdf	1037	0.059070766	-0.041274175	-0.13201895	0.09074478	0.12942569
19	BensonV1	cdf	673	0.05885309	-0.12946142	-0.21973066	0.09026924	0.19181351
19	BensonV1	cdf	1039	0.05856943	-0.1415049	-0.29057947	0.14907457	0.18302648
19	BensonV1	cdf	940	0.058274567	-0.08725213	-0.23222512	0.14497298	0.10954107
19	BensonV1	cdf	1040	0.058207393	0.026385268	-0.20243916	0.22882442	0.17217946
19	BensonV1	cdf	486	0.057789862	-0.31678176	-0.30820483	-0.00857693	0.08162125
19	BensonV1	cdf	826	0.05754465	-0.3461039	0.025205322	-0.37130922	0.10797219
19	BensonV1	cdf	265	0.05722767	-0.0965574	-0.18201974	0.08546234	0.09240135
19	BensonV1	cdf	720	0.056947887	-0.5579456	-0.48451343	-0.07343218	0.13349777
19	BensonV1	cdf	595	0.056647718	-0.1710689	0.18079183	-0.35186073	0.16942886
19	BensonV1	cdf	473	0.056298316	0.52426654	0.20363508	0.32063144	0.09154949
19	BensonV1	cdf	310	0.055928707	-0.11727258	-0.15701604	0.03974346	0.25468245
19	BensonV1	cdf	631	0.055575192	-0.17731442	-0.16168395	-0.015630469	0.26784492
19	BensonV1	cdf	815	0.054843605	0.5710718	0.49081433	0.080257475	0.1478149
19	BensonV1	cdf	316	0.054403126	0.16925246	0.281734	-0.112481534	0.046036076
19	BensonV1	cdf	337	0.05432105	0.06791056	0.034888778	0.03302178	0.15232667
19	BensonV1	cdf	250	0.054022312	-0.16327666	0.03618038	-0.19945703	0.11467546
19	BensonV1	cdf	489	0.053919017	-0.05836396	-0.040506534	-0.017857425	0.13858433
19	BensonV1	cdf	76	0.05389911	0.23974293	0.41633576	-0.17659283	0.08251288
19	BensonV1	cdf	933	0.05359578	-0.5911187	-0.60500723	0.013888538	0.09788172
19	BensonV1	cdf	411	0.05325359	0.20391294	0.38144803	-0.17753509	0.105931066
19	BensonV1	cdf	236	0.05317217	-0.5305397	-0.47662374	-0.053915948	0.14142883
19	BensonV1	cdf	1001	0.05299574	-0.29632196	-0.49729162	0.20096967	0.18979394
19	BensonV1	cdf	860	0.05269295	0.3233676	0.5177214	-0.19435382	0.20327838
19	BensonV1	cdf	1005	0.052665234	-0.044313498	-0.06696234	0.022648841	0.5415545
19	BensonV1	cdf	438	0.0524922	-0.029581312	0.059341192	-0.0889225	0.120870374
19	BensonV1	cdf	246	0.05239117	0.012407225	-0.006469717	0.018876942	0.05885816
19	BensonV1	cdf	355	0.05230874	-0.25582072	-0.19224457	-0.06357615	0.20570937
19	BensonV1	cdf	652	0.052176893	-0.057970338	0.036933213	-0.09490355	0.24718113
19	BensonV1	cdf	1044	0.05197531	0.02852303	-0.064564064	0.09308709	0.12938288
19	BensonV1	cdf	714	0.051732063	-0.23706608	-0.05975738	-0.1773087	0.95209676
19	BensonV1	cdf	605	0.05157411	0.22562437	0.15478902	0.07083535	0.1765462
19	BensonV1	cdf	128	0.051420808	0.14042468	0.12624715	0.014177531	0.07957899
19	BensonV1	cdf	1030	0.05133772	0.24984331	-0.061453477	0.3112968	0.24961312
19	BensonV1	cdf	139	0.051330864	-0.31724158	-0.35587916	0.03863758	0.10185618
19	BensonV1	cdf	735	0.05124092	0.27672794	0.118595675	0.15813227	0.15229435
19	BensonV1	cdf	819	0.051152408	0.3339902	0.4288444	-0.094854206	0.09654651
19	BensonV1	cdf	493	0.05088657	0.06720633	0.20293573	-0.1357294	0.16639714
19	BensonV1	cdf	988	0.05056733	-0.17897047	-0.31417155	0.13520108	0.14440282
19	BensonV1	cdf	17	0.050356984	-0.160351	-0.12103406	-0.03931693	0.12390426
19	BensonV1	cdf	390	0.050342143	0.6088677	0.6858359	-0.07696819	0.4622917
19	BensonV1	cdf	492	0.049957037	-0.00885128	-0.025887717	0.017036436	0.10167419
19	BensonV1	cdf	965	0.049773514	-0.15183912	-0.023067018	-0.12877211	0.13105437
19	BensonV1	cdf	939	0.049738765	-0.14619458	-0.22777227	0.08157769	0.5641231
19	BensonV1	cdf	333	0.049719393	0.14068846	0.4189466	-0.27825814	0.12127142
19	BensonV1	cdf	105	0.049653172	0.19536543	0.0039723627	0.19139306	0.28306863
19	BensonV1	cdf	379	0.04964751	0.0474432	0.04802438	-0.0005811788	0.3517793
19	BensonV1	cdf	477	0.049547195	-0.032819476	-0.23150885	0.19868937	0.11687193
19	BensonV1	cdf	163	0.049382746	0.029369941	0.17457142	-0.14520149	0.18041663
19	BensonV1	cdf	36	0.049193084	0.34101918	0.24350613	0.09751305	0.18090132
19	BensonV1	cdf	229	0.04899752	-0.29668143	-0.21792449	-0.07875694	0.15057978
19	BensonV1	cdf	34	0.04894471	-0.100135796	-0.11988349	0.019747697	0.16362536
19	BensonV1	cdf	419	0.04856807	0.03986208	-0.15484402	0.1947061	0.32070482
19	BensonV1	cdf	397	0.048486948	0.023425417	0.23012492	-0.2066995	0.07063119
19	BensonV1	cdf	302	0.048467696	-0.6790625	-0.630455	-0.04860747	0.61321723
19	BensonV1	cdf	647	0.048319638	0.046004906	0.35982406	-0.31381917	0.17362727
19	BensonV1	cdf	370	0.048291504	-0.45487648	-0.09843885	-0.35643762	0.1347357
19	BensonV1	cdf	1046	0.04814458	0.037816606	-0.004296984	0.04211359	0.14519154
19	BensonV1	cdf	467	0.048140705	-0.30756867	-0.12143673	-0.18613194	0.08513508
19	BensonV1	cdf	669	0.047682643	-0.269905	-0.29539722	0.025492221	0.20353626
19	BensonV1	cdf	734	0.047322214	0.5859155	0.70260674	-0.11669123	0.09818079
19	BensonV1	cdf	226	0.04687512	-0.36796063	-0.2546723	-0.11328834	0.15133314
19	BensonV1	cdf	74	0.046777964	-0.71621674	-0.6452699	-0.07094687	0.35841835
19	BensonV1	cdf	1007	0.046408296	0.12617794	0.21631755	-0.09013961	0.23155297
19	BensonV1	cdf	544	0.046348035	0.02136462	-0.022322576	0.043687195	0.12406517
19	BensonV1	cdf	315	0.046315193	-0.28942123	-0.30835405	0.01893282	0.123361856
19	BensonV1	cdf	848	0.046166956	-0.6114876	-0.7039318	0.09244418	0.092759535
19	BensonV1	cdf	671	0.04614675	-0.023792256	-0.24899392	0.22520167	0.0897972
19	BensonV1	cdf	900	0.04584384	-0.48342088	-0.50180024	0.01837936	0.077129476
19	BensonV1	cdf	476	0.045454085	-0.042282302	-0.16026005	0.11797775	0.11188757
19	BensonV1	cdf	557	0.045187235	0.6166707	0.47441858	0.14225215	0.36678356
19	BensonV1	cdf	816	0.045128047	-0.036959365	0.083977215	-0.12093658	0.20776848
19	BensonV1	cdf	717	0.04498738	0.10958799	0.36418873	-0.25460073	0.12315456
19	BensonV1	cdf	519	0.044976056	0.083566904	0.25504047	-0.17147356	0.4158252
19	BensonV1	cdf	79	0.04483068	-0.15749688	0.17314877	-0.33064565	0.31965888
19	BensonV1	cdf	66	0.04471886	0.0014579213	0.03711335	-0.035655428	0.12806796
19	BensonV1	cdf	455	0.04438138	0.3721794	0.3840345	-0.011855125	0.25934705
19	BensonV1	cdf	668	0.044136822	0.34212494	0.13376601	0.20835893	0.18035598
19	BensonV1	cdf	656	0.043985248	0.20518216	0.027578145	0.17760402	0.33620235
19	BensonV1	cdf	177	0.04350561	-0.5198603	-0.28386334	-0.23599699	0.21666054
19	BensonV1	inverse_cdf	811	0.45509636	-0.034950785	0.07259307	-0.107543856	0.4910677
19	BensonV1	inverse_cdf	203	0.45149076	0.009249719	0.01857692	-0.009327201	0.24329339
19	BensonV1	inverse_cdf	197	0.44230175	0.06657139	0.105919495	-0.039348103	0.33311558
19	BensonV1	inverse_cdf	247	0.43620896	0.23341599	0.14002669	0.0933893	0.23430544
19	BensonV1	inverse_cdf	809	0.43328524	0.49609128	0.34946334	0.14662793	0.27774143
19	BensonV1	inverse_cdf	318	0.42944634	0.2139045	0.20315899	0.01074551	0.33981457
19	BensonV1	inverse_cdf	719	0.42553216	-0.049573913	-0.061693497	0.012119584	0.30784407
19	BensonV1	inverse_cdf	805	0.42529583	-0.16317269	-0.119653195	-0.043519497	0.6394602
19	BensonV1	inverse_cdf	586	0.399248	-0.18259168	-0.0993221	-0.083269574	0.6332686
19	BensonV1	inverse_cdf	579	0.392578	0.045665946	-0.13859932	0.18426527	1.0064167
19	BensonV1	inverse_cdf	683	0.3923089	-0.18616454	-0.23583198	0.049667433	0.5706183
19	BensonV1	inverse_cdf	454	0.37990624	0.03193489	0.08600606	-0.05407117	0.6833323
19	BensonV1	inverse_cdf	316	0.36962664	0.29074723	0.08986928	0.20087793	0.28542945
19	BensonV1	inverse_cdf	266	0.36284298	-0.15490581	-0.11596337	-0.03894244	0.1705674
19	BensonV1	inverse_cdf	370	0.35660052	0.03875565	-0.03388733	0.07264298	0.2606522
19	BensonV1	inverse_cdf	251	0.3533004	0.38048103	0.3565009	0.02398014	0.18281418
19	BensonV1	inverse_cdf	622	0.3520906	-0.1196589	-0.18426229	0.06460339	0.5691651
19	BensonV1	inverse_cdf	862	0.34776407	0.30695403	0.29943678	0.0075172484	0.2738583
19	BensonV1	inverse_cdf	513	0.34487396	-0.24314512	-0.08275067	-0.16039446	0.28511152
19	BensonV1	inverse_cdf	257	0.34443277	-0.12734069	0.00800804	-0.13534872	0.2842619
19	BensonV1	inverse_cdf	340	0.34219903	-0.03495898	0.071890086	-0.10684907	0.17289957
19	BensonV1	inverse_cdf	734	0.34075314	0.35428414	0.33720663	0.017077506	0.21072932
19	BensonV1	inverse_cdf	861	0.33717173	0.0715634	0.08820901	-0.01664561	0.17287752
19	BensonV1	inverse_cdf	191	0.33504975	-0.13063763	-0.08531699	-0.045320638	0.43159112
19	BensonV1	inverse_cdf	728	0.32896048	-0.086808845	0.0008932009	-0.08770204	0.6713944
19	BensonV1	inverse_cdf	698	0.32643753	0.08503068	0.087691	-0.0026603192	0.2419201
19	BensonV1	inverse_cdf	272	0.32498294	0.21326543	0.3442742	-0.13100876	0.18283467
19	BensonV1	inverse_cdf	390	0.32381493	0.41306096	0.36326885	0.04979211	0.44350752
19	BensonV1	inverse_cdf	317	0.32215166	0.04758032	0.1057677	-0.058187377	0.23659864
19	BensonV1	inverse_cdf	776	0.32148486	0.16746636	0.029497264	0.13796909	0.34129173
19	BensonV1	inverse_cdf	795	0.32008004	0.14586633	0.22236298	-0.076496646	0.21984921
19	BensonV1	inverse_cdf	187	0.3193683	0.033208035	-0.008770612	0.041978646	0.19822459
19	BensonV1	inverse_cdf	256	0.31839997	0.34968945	0.44927743	-0.09958798	0.3066351
19	BensonV1	inverse_cdf	870	0.3127486	-0.17141595	-0.22670437	0.05528842	0.16758753
19	BensonV1	inverse_cdf	816	0.307608	0.081372395	0.16191494	-0.08054255	0.28602475
19	BensonV1	inverse_cdf	131	0.3067035	0.23903327	0.29444134	-0.055408075	0.17971393
19	BensonV1	inverse_cdf	174	0.30614585	-0.03679498	-0.0031371634	-0.033657815	0.21172437
19	BensonV1	inverse_cdf	720	0.30467147	-0.17049368	-0.14586331	-0.024630368	0.17070754
19	BensonV1	inverse_cdf	916	0.30430692	0.20908956	0.24946839	-0.040378824	0.23091853
19	BensonV1	inverse_cdf	689	0.29980534	-0.24810547	-0.31429195	0.06618649	0.35578158
19	BensonV1	inverse_cdf	190	0.29829377	-0.08747629	-0.09484687	0.0073705763	0.3545296
19	BensonV1	inverse_cdf	263	0.29419297	-0.21160056	-0.2128121	0.0012115389	0.3107156
19	BensonV1	inverse_cdf	305	0.29381126	-0.1327189	-0.15489207	0.022173166	0.20608206
19	BensonV1	inverse_cdf	735	0.2904864	-0.037300613	0.26948997	-0.3067906	0.17201309
19	BensonV1	inverse_cdf	520	0.28835183	-0.23319553	-0.14403968	-0.08915585	0.27884275
19	BensonV1	inverse_cdf	741	0.28699744	-0.086133085	0.057486705	-0.14361979	0.15653692
19	BensonV1	inverse_cdf	593	0.2854675	-0.15811005	-0.16612881	0.008018762	0.30332527
19	BensonV1	inverse_cdf	917	0.2852283	0.52439785	0.28456998	0.23982787	0.45025244
19	BensonV1	inverse_cdf	623	0.28427088	0.30821133	0.08109484	0.2271165	0.3826496
19	BensonV1	inverse_cdf	820	0.2832809	0.13069798	0.26533768	-0.1346397	0.34236762
19	BensonV1	inverse_cdf	121	0.27935392	-0.22035462	-0.048235234	-0.17211938	0.24116488
19	BensonV1	inverse_cdf	279	0.27686644	-0.35492185	-0.36523166	0.010309815	0.16864008
19	BensonV1	inverse_cdf	236	0.27526772	-0.3618173	-0.3647757	0.0029583871	0.1132854
19	BensonV1	inverse_cdf	717	0.2748204	0.15530948	0.22792865	-0.07261917	0.1493246
19	BensonV1	inverse_cdf	810	0.2735948	-0.21480398	-0.04465645	-0.17014752	0.64290655
19	BensonV1	inverse_cdf	522	0.2695669	0.009463399	0.12145842	-0.11199502	0.7677566
19	BensonV1	inverse_cdf	514	0.26950097	0.13380688	0.1802276	-0.04642071	0.51399267
19	BensonV1	inverse_cdf	237	0.26929933	-0.44017714	-0.43779585	-0.002381295	0.13320379
19	BensonV1	inverse_cdf	785	0.2588771	0.14624444	0.11754416	0.028700277	0.16026412
19	BensonV1	inverse_cdf	521	0.25441653	0.16483995	0.10876518	0.056074776	0.20131865
19	BensonV1	inverse_cdf	826	0.24968249	0.08029788	-0.08770165	0.16799954	0.19278218
19	BensonV1	inverse_cdf	177	0.24821466	-0.16714747	-0.041630197	-0.12551728	0.21914965
19	BensonV1	inverse_cdf	745	0.2473883	0.41282004	0.3074681	0.105351955	0.21328636
19	BensonV1	inverse_cdf	815	0.24702531	0.2673761	0.33319998	-0.06582388	0.1430173
19	BensonV1	inverse_cdf	73	0.24602205	0.2190467	0.15770264	0.061344057	0.26233786
19	BensonV1	inverse_cdf	631	0.24517834	-0.2639597	-0.22108443	-0.042875275	0.25776395
19	BensonV1	inverse_cdf	175	0.24427825	-0.26603916	-0.17239828	-0.09364088	0.11293994
19	BensonV1	inverse_cdf	267	0.24414885	0.1422412	0.2454229	-0.103181705	0.09822443
19	BensonV1	inverse_cdf	129	0.24381816	0.03031283	0.14992745	-0.11961462	0.3821466
19	BensonV1	inverse_cdf	699	0.24267644	0.28895268	0.11370887	0.17524381	0.16405809
19	BensonV1	inverse_cdf	120	0.24253988	-0.048988443	-0.067360714	0.018372271	0.14935222
19	BensonV1	inverse_cdf	245	0.2399981	0.258058	0.27380252	-0.015744507	0.32230362
19	BensonV1	inverse_cdf	264	0.23965722	-0.04520665	-0.1591678	0.113961145	0.109456785
19	BensonV1	inverse_cdf	821	0.23881483	-0.06433003	-0.11617588	0.051845856	0.11588565
19	BensonV1	inverse_cdf	308	0.23830485	0.06992454	0.27985364	-0.20992911	0.1956953
19	BensonV1	inverse_cdf	881	0.23391587	0.13704658	0.08072644	0.05632014	0.2573762
19	BensonV1	inverse_cdf	383	0.23286432	0.0835237	0.20367949	-0.12015579	0.43516034
19	BensonV1	inverse_cdf	574	0.2325542	-0.18103872	-0.2054693	0.024430573	0.14522648
19	BensonV1	inverse_cdf	325	0.23094791	0.10656109	0.1809297	-0.07436862	0.14202705
19	BensonV1	inverse_cdf	819	0.23066288	0.23425867	0.1820248	0.05223386	0.14015588
19	BensonV1	inverse_cdf	194	0.2300092	-0.099123366	-0.01039551	-0.088727854	0.15979937
19	BensonV1	inverse_cdf	577	0.22988307	0.025592465	0.013099289	0.012493176	0.14619401
19	BensonV1	inverse_cdf	27	0.22986364	0.047103498	-0.041533824	0.08863732	0.2571145
19	BensonV1	inverse_cdf	359	0.22949141	-0.0588477	-0.11400779	0.055160094	0.29461488
19	BensonV1	inverse_cdf	657	0.22900039	0.17145406	0.34074178	-0.16928773	0.26596135
19	BensonV1	inverse_cdf	863	0.22763973	0.35035262	0.29135725	0.058995366	0.36112952
19	BensonV1	inverse_cdf	345	0.22750485	-0.039021198	-0.008007783	-0.031013414	0.13640785
19	BensonV1	inverse_cdf	450	0.22597903	0.07861957	0.1472404	-0.06862083	0.5495805
19	BensonV1	inverse_cdf	235	0.22283995	-0.2038985	-0.11055761	-0.093340896	0.3044953
19	BensonV1	inverse_cdf	905	0.22190672	-0.44512048	-0.34907144	-0.09604904	0.1734268
19	BensonV1	inverse_cdf	658	0.22161525	0.34430045	0.45216304	-0.10786259	0.24281844
19	BensonV1	inverse_cdf	661	0.22159958	-0.016201288	-0.25337908	0.23717779	0.18696633
19	BensonV1	inverse_cdf	784	0.21635759	-0.06807825	0.012108758	-0.08018701	0.30298814
19	BensonV1	inverse_cdf	725	0.21531194	-0.007539427	-0.07774282	0.07020339	0.16010109
19	BensonV1	inverse_cdf	688	0.21234393	-0.13245788	-0.16671382	0.034255937	0.25233778
19	BensonV1	inverse_cdf	727	0.21143979	-0.17901792	-0.074334264	-0.10468365	0.31807464
19	BensonV1	inverse_cdf	509	0.21134043	-0.561885	-0.4137869	-0.14809811	0.27073866
19	BensonV1	inverse_cdf	796	0.21065402	0.5653323	0.5536284	0.011703908	0.17322572
19	BensonV1	inverse_cdf	681	0.20905721	0.10652347	0.06006653	0.04645694	0.90367544
19	BensonV1	inverse_cdf	374	0.20881319	0.05860079	0.14461502	-0.08601423	0.21900998
19	NPCr	cdf	82	0.1811881	0.57044035	0.5531136	0.017326772	0.09713769
19	NPCr	cdf	87	0.13464493	0.46196178	0.6032149	-0.14125314	0.06842661
19	NPCr	cdf	551	0.1092211	0.2923243	0.2633555	0.028968811	0.5602068
19	NPCr	cdf	53	0.1084252	0.3234744	0.30664062	0.016833782	0.06895639
19	NPCr	cdf	359	0.10512996	0.4956145	0.42487645	0.07073805	0.2810603
19	NPCr	cdf	230	0.10359061	0.62172455	0.5494848	0.07223976	0.41937083
19	NPCr	cdf	460	0.101233184	0.42119452	0.5415593	-0.120364755	0.27064475
19	NPCr	cdf	466	0.10109645	0.4167266	0.5407662	-0.12403959	0.32511482
19	NPCr	cdf	795	0.09860879	0.11355665	0.08569633	0.027860321	0.14544562
19	NPCr	cdf	818	0.09394485	0.26909512	0.2963975	-0.027302384	0.07726857
19	NPCr	cdf	165	0.09282023	-0.1462279	-0.12983711	-0.016390786	0.06464315
19	NPCr	cdf	246	0.09215164	0.44524968	0.29699218	0.1482575	0.45803675
19	NPCr	cdf	636	0.088988125	0.28401008	0.30737934	-0.023369253	0.35479107
19	NPCr	cdf	282	0.08685583	0.42547095	0.509258	-0.083787024	0.32696265
19	NPCr	cdf	19	0.08307302	-0.038969293	-0.05961532	0.020646028	0.17932011
19	NPCr	cdf	552	0.08223951	0.40115756	0.5832467	-0.18208915	0.41174537
19	NPCr	cdf	842	0.07948202	-0.101759665	-0.055622987	-0.046136677	0.09960218
19	NPCr	cdf	240	0.0789026	0.52257556	0.31300354	0.20957202	0.52477735
19	NPCr	cdf	575	0.07490063	0.2330065	0.42210373	-0.18909723	0.091201074
19	NPCr	cdf	525	0.074774146	0.27186498	0.33697426	-0.06510928	0.22848462
19	NPCr	cdf	832	0.07298058	0.44976315	0.5763217	-0.12655857	0.19679102
19	NPCr	cdf	227	0.07296467	0.37227494	0.28344914	0.08882579	0.5400709
19	NPCr	cdf	78	0.07114643	0.5226154	0.33373186	0.18888351	0.19684191
19	NPCr	cdf	288	0.07081449	0.27701017	0.106030285	0.17097989	0.18350573
19	NPCr	cdf	823	0.07068223	0.16639867	0.20860668	-0.042208	0.12013731
19	NPCr	cdf	781	0.07013136	-0.29442826	-0.14026538	-0.15416288	0.060804356
19	NPCr	cdf	813	0.06937218	0.13124654	0.067164116	0.06408242	0.06151485
19	NPCr	cdf	204	0.06775892	0.23594745	0.2013677	0.03457974	0.03983706
19	NPCr	cdf	387	0.06573266	0.2883386	0.34977543	-0.061436832	0.09863573
19	NPCr	cdf	645	0.0654096	-0.011817106	-0.124064885	0.11224778	0.22301881
19	NPCr	cdf	370	0.06527448	0.33353713	0.12976263	0.2037745	0.21335797
19	NPCr	cdf	895	0.06480783	-0.10525177	0.08695003	-0.1922018	0.06297991
19	NPCr	cdf	183	0.06419045	-0.44329795	-0.31007716	-0.13322079	0.10791675
19	NPCr	cdf	772	0.064179	-0.1467011	0.08640823	-0.23310933	0.12900908
19	NPCr	cdf	877	0.063553095	-0.25372154	-0.2596034	0.0058818758	0.09667593
19	NPCr	cdf	500	0.06325281	-0.10447949	0.0613429	-0.16582239	0.102819234
19	NPCr	cdf	701	0.06317544	-0.27057454	-0.12514731	-0.14542723	0.114596054
19	NPCr	cdf	760	0.062860966	-0.39510477	-0.35596916	-0.039135605	0.1229109
19	NPCr	cdf	482	0.062481165	3.085437e-05	0.28702196	-0.28699112	0.31657916
19	NPCr	cdf	205	0.06133336	-0.21354194	-0.05722775	-0.1563142	0.063322075
19	NPCr	cdf	122	0.061314583	0.23349763	0.163185	0.070312634	0.11975264
19	NPCr	cdf	50	0.061098635	0.48475614	0.2684246	0.21633154	0.07636613
19	NPCr	cdf	638	0.060958385	0.23632753	-0.02834937	0.2646769	0.4187741
19	NPCr	cdf	397	0.059808016	-0.062584564	0.1875659	-0.25015044	0.08984553
19	NPCr	cdf	726	0.059319258	-0.06640231	-0.14509599	0.07869368	0.18103795
19	NPCr	cdf	688	0.059228837	0.22714852	-0.11254437	0.3396929	0.10296485
19	NPCr	cdf	371	0.05815059	0.31747526	0.42264718	-0.10517192	0.55137575
19	NPCr	cdf	714	0.05781734	-0.07989301	-0.058627274	-0.021265734	0.10303614
19	NPCr	cdf	578	0.057540357	0.4993978	0.23198254	0.2674153	0.19407775
19	NPCr	cdf	368	0.05697483	-0.17135239	-0.2642379	0.092885524	0.098508224
19	NPCr	cdf	764	0.056506634	-0.22017357	0.17875905	-0.39893264	0.07984192
19	NPCr	cdf	629	0.05616975	0.044956107	-0.13776247	0.18271858	0.24774238
19	NPCr	cdf	398	0.055793226	0.47591943	0.32193577	0.15398365	0.3496751
19	NPCr	cdf	354	0.05554205	0.5133191	0.67656296	-0.16324389	0.3711961
19	NPCr	cdf	55	0.05543822	-0.100968935	-0.23016548	0.12919655	0.071806766
19	NPCr	cdf	235	0.055212796	0.052531946	-0.024063267	0.07659522	0.18010864
19	NPCr	cdf	49	0.05389917	0.5783755	0.3338231	0.2445524	0.14281432
19	NPCr	cdf	508	0.053866208	0.24281338	0.3773186	-0.13450521	0.15752374
19	NPCr	cdf	128	0.053643823	0.09653915	0.1577561	-0.061216958	0.060561415
19	NPCr	cdf	632	0.05349624	0.3391604	0.3047684	0.034392	0.10135083
19	NPCr	cdf	108	0.053391397	0.017661424	-0.09006329	0.10772471	0.06669509
19	NPCr	cdf	285	0.053203225	0.36078858	0.33831906	0.02246952	0.1323806
19	NPCr	cdf	46	0.052704155	0.3419883	0.17342605	0.16856225	0.044750165
19	NPCr	cdf	938	0.05246359	-0.16423008	-0.1058239	-0.05840618	0.08476885
19	NPCr	cdf	196	0.051901758	0.26411566	0.29786184	-0.033746183	0.14277923
19	NPCr	cdf	792	0.051229894	0.12571414	-0.08137116	0.2070853	0.20205058
19	NPCr	cdf	623	0.05075723	-0.29924956	-0.19934282	-0.09990674	0.10360294
19	NPCr	cdf	564	0.050605536	0.045503184	0.5169336	-0.47143042	0.44678807
19	NPCr	cdf	329	0.05038339	0.13388798	0.1033152	0.03057278	0.18101892
19	NPCr	cdf	628	0.050382793	-0.11740901	0.18422881	-0.30163783	0.09477492
19	NPCr	cdf	791	0.04998511	0.072315775	-0.26745045	0.33976623	0.18406014
19	NPCr	cdf	35	0.049982548	0.09837372	0.011583551	0.08679017	0.13018571
19	NPCr	cdf	320	0.049607992	0.11598545	-0.09643131	0.21241677	0.15244403
19	NPCr	cdf	124	0.049190223	0.4196386	0.3488387	0.07079992	0.09348988
19	NPCr	cdf	478	0.04917568	0.07957072	-0.039050978	0.11862169	0.15750717
19	NPCr	cdf	637	0.04912907	-0.15492882	0.019369693	-0.17429851	0.124578685
19	NPCr	cdf	474	0.048948944	0.24237385	0.2079165	0.034457356	0.16447951
19	NPCr	cdf	115	0.0488016	0.4620288	0.14315122	0.31887758	0.17300369
19	NPCr	cdf	34	0.048687816	-0.13269122	-0.17897718	0.046285957	0.08962678
19	NPCr	cdf	571	0.048585176	0.17497313	0.07031485	0.10465828	0.20459068
19	NPCr	cdf	180	0.048467994	0.3561493	0.26616058	0.08998871	0.07827852
19	NPCr	cdf	125	0.048180938	-0.27143303	-0.3052519	0.03381887	0.07190967
19	NPCr	cdf	853	0.04802674	0.17434113	0.28806874	-0.113727614	0.077721186
19	NPCr	cdf	239	0.04793948	-0.19674139	-0.27431974	0.07757835	0.20106015
19	NPCr	cdf	461	0.047909677	0.18584348	0.32260942	-0.13676594	0.14711188
19	NPCr	cdf	437	0.047894	-0.22902289	-0.0105172945	-0.21850559	0.22728746
19	NPCr	cdf	366	0.047823608	0.45355403	0.16548094	0.2880731	0.21932857
19	NPCr	cdf	811	0.047034383	0.2785906	0.25119317	0.027397424	0.11868843
19	NPCr	cdf	527	0.046831787	-0.33118388	-0.3954502	0.064266324	0.07689331
19	NPCr	cdf	807	0.0461967	0.031972513	-0.10251628	0.13448879	0.14534962
19	NPCr	cdf	611	0.04610634	0.11557083	0.072579816	0.042991012	0.07721482
19	NPCr	cdf	396	0.045929193	0.2682528	0.110598415	0.15765437	0.22054185
19	NPCr	cdf	784	0.045748055	-0.0761304	-0.00098855	-0.07514185	0.08806076
19	NPCr	cdf	783	0.04571408	0.05112378	0.063551255	-0.012427475	0.09371239
19	NPCr	cdf	484	0.045614004	0.3816301	0.6868255	-0.30519542	0.27642566
19	NPCr	cdf	378	0.04474795	0.121031284	0.114046656	0.0069846287	0.2350592
19	NPCr	cdf	197	0.04458654	0.18369134	0.006132903	0.17755844	0.06745553
19	NPCr	cdf	817	0.044475973	0.04145166	0.12839252	-0.086940855	0.07953888
19	NPCr	cdf	829	0.044252813	0.5755545	0.53561246	0.039942026	0.19511625
19	NPCr	cdf	755	0.044211686	-0.052453484	-0.36045706	0.30800357	0.12846933
19	NPCr	inverse_cdf	330	0.1551395	-0.11117041	-0.28384143	0.17267102	0.27170372
19	NPCr	inverse_cdf	394	0.13388789	0.032265954	-0.4433815	0.47564745	0.4304405
19	NPCr	inverse_cdf	361	0.13281381	-0.12814644	-0.48249972	0.35435328	0.19746731
19	NPCr	inverse_cdf	258	0.13025653	-0.07032395	-0.32046276	0.25013882	0.39958808
19	NPCr	inverse_cdf	325	0.12476492	-0.100225374	-0.20742054	0.10719517	0.26426604
19	NPCr	inverse_cdf	726	0.122391224	-0.16289908	-0.539976	0.37707692	0.24189408
19	NPCr	inverse_cdf	329	0.1183247	-0.09258098	-0.20299776	0.11041678	0.27904004
19	NPCr	inverse_cdf	302	0.11589652	-0.2713693	-0.43711257	0.16574326	0.15783767
19	NPCr	inverse_cdf	82	0.11441493	0.6804532	0.5720303	0.108422875	0.12486745
19	NPCr	inverse_cdf	422	0.11427671	0.028094517	0.018903883	0.009190634	0.14821461
19	NPCr	inverse_cdf	406	0.11310017	-0.121931724	-0.33517033	0.2132386	0.4898349
19	NPCr	inverse_cdf	398	0.10634822	0.041203048	-0.27871227	0.31991532	0.34736305
19	NPCr	inverse_cdf	375	0.105056226	-0.11247237	-0.27345946	0.1609871	0.21856742
19	NPCr	inverse_cdf	326	0.10433811	0.014514204	-0.2362718	0.250786	0.3365465
19	NPCr	inverse_cdf	369	0.102062345	-0.22674417	-0.31885284	0.09210867	0.12725623
19	NPCr	inverse_cdf	554	0.100212276	0.019373529	-0.106190935	0.12556446	0.13736059
19	NPCr	inverse_cdf	861	0.09868306	0.029826468	-0.027451513	0.05727798	0.110438235
19	NPCr	inverse_cdf	555	0.09704697	-0.019120965	-0.19424412	0.17512316	0.15858957
19	NPCr	inverse_cdf	108	0.09689492	-0.021505978	-0.08557923	0.06407325	0.1458208
19	NPCr	inverse_cdf	198	0.09648204	0.42536026	0.20702459	0.21833567	0.13935353
19	NPCr	inverse_cdf	464	0.094415426	-0.07754495	-0.29336149	0.21581653	0.18707047
19	NPCr	inverse_cdf	702	0.093732715	0.041638263	-0.14927712	0.19091538	0.19662756
19	NPCr	inverse_cdf	373	0.09356803	-0.0043757246	-0.026154686	0.021778962	0.3214014
19	NPCr	inverse_cdf	231	0.093423605	0.083259046	-0.18377608	0.26703513	0.5420196
19	NPCr	inverse_cdf	322	0.09275955	-0.0060089002	-0.22874261	0.22273372	0.23610024
19	NPCr	inverse_cdf	709	0.092470646	-0.13528112	-0.22892375	0.09364264	0.13643695
19	NPCr	inverse_cdf	480	0.091903985	-0.14879267	-0.40155345	0.25276077	0.43821868
19	NPCr	inverse_cdf	356	0.091543615	-0.1730584	-0.43905705	0.26599866	0.13787843
19	NPCr	inverse_cdf	768	0.09064931	-0.0015041233	-0.037887737	0.036383614	0.13344872
19	NPCr	inverse_cdf	296	0.09063053	-0.01802933	-0.10245494	0.084425606	0.29077446
19	NPCr	inverse_cdf	301	0.09044403	0.077223554	-0.14960022	0.22682378	0.13522735
19	NPCr	inverse_cdf	663	0.0878281	0.23406221	0.13515714	0.09890507	0.14388685
19	NPCr	inverse_cdf	98	0.08672911	-0.334696	-0.17317444	-0.16152155	0.06444082
19	NPCr	inverse_cdf	253	0.08641946	-0.20322275	-0.31221443	0.10899168	0.5252791
19	NPCr	inverse_cdf	372	0.085529685	0.18150334	-0.39772275	0.5792261	0.2764594
19	NPCr	inverse_cdf	566	0.08547348	-0.09077167	-0.3002477	0.20947602	0.5221348
19	NPCr	inverse_cdf	751	0.085173845	-0.1799699	-0.37495846	0.19498855	0.2466144
19	NPCr	inverse_cdf	192	0.084982514	0.16870311	-0.1541433	0.3228464	0.17244045
19	NPCr	inverse_cdf	235	0.084670305	-0.03742976	-0.19894208	0.16151232	0.2771467
19	NPCr	inverse_cdf	248	0.08461398	0.3055006	0.13288008	0.17262052	0.107591756
19	NPCr	inverse_cdf	530	0.08437449	-0.10964322	-0.41965532	0.3100121	0.16798636
19	NPCr	inverse_cdf	340	0.083945215	-0.006432659	0.06261402	-0.06904668	0.16329446
19	NPCr	inverse_cdf	380	0.08390796	0.07844791	0.080496766	-0.0020488575	0.104591906
19	NPCr	inverse_cdf	656	0.08376157	-0.17509595	-0.5720412	0.39694527	0.13108112
19	NPCr	inverse_cdf	367	0.08365905	0.020394126	-0.027984574	0.0483787	0.38137594
19	NPCr	inverse_cdf	830	0.083139	0.025345277	-0.112169765	0.13751504	0.15815482
19	NPCr	inverse_cdf	634	0.08309257	-0.13673764	-0.37379754	0.23705989	0.40169263
19	NPCr	inverse_cdf	227	0.082188606	0.194746	-0.077298634	0.27204463	0.50131786
19	NPCr	inverse_cdf	858	0.08218205	-0.006881951	-0.3675583	0.36067635	0.19539043
19	NPCr	inverse_cdf	93	0.08190942	0.046240028	-0.20569603	0.25193605	0.852783
19	NPCr	inverse_cdf	535	0.08168763	-0.12243632	-0.4516371	0.32920077	0.16628239
19	NPCr	inverse_cdf	549	0.07948476	-0.14425372	-0.29079327	0.14653955	0.12783931
19	NPCr	inverse_cdf	362	0.07897252	0.057556774	-0.4955015	0.55305827	0.19208075
19	NPCr	inverse_cdf	56	0.07843739	0.19975895	0.18375836	0.016000584	0.07023844
19	NPCr	inverse_cdf	516	0.07803893	-0.18163766	-0.28284395	0.10120629	0.23504047
19	NPCr	inverse_cdf	148	0.07783073	0.5183347	0.5921991	-0.0738644	0.053933132
19	NPCr	inverse_cdf	407	0.077183485	0.19061445	-0.25927985	0.4498943	0.18238895
19	NPCr	inverse_cdf	114	0.07704365	-0.43230832	-0.5925028	0.16019446	0.13128929
19	NPCr	inverse_cdf	405	0.07661015	-0.1181976	-0.3284677	0.2102701	0.4229513
19	NPCr	inverse_cdf	563	0.07629484	-0.19676895	-0.11218944	-0.08457951	0.13459836
19	NPCr	inverse_cdf	479	0.07591128	-0.05623748	-0.37770703	0.32146955	0.29152185
19	NPCr	inverse_cdf	297	0.075538695	-0.19062251	-0.6599983	0.4693758	0.22971147
19	NPCr	inverse_cdf	459	0.07534993	-0.09449414	-0.34050673	0.2460126	0.12894884
19	NPCr	inverse_cdf	281	0.07516199	-0.19157675	-0.44603038	0.25445363	0.15976748
19	NPCr	inverse_cdf	190	0.075050056	0.30129692	-0.09994072	0.40123764	0.13621616
19	NPCr	inverse_cdf	650	0.075016916	0.028154643	-0.07779862	0.10595326	0.20821509
19	NPCr	inverse_cdf	199	0.07436925	0.59228015	0.29170313	0.300577	0.13846907
19	NPCr	inverse_cdf	290	0.07424915	0.41276437	-0.09681625	0.5095806	0.12267083
19	NPCr	inverse_cdf	517	0.074133575	-0.37859476	-0.46530557	0.08671081	0.21381083
19	NPCr	inverse_cdf	804	0.07408607	-0.03206655	-0.17687348	0.14480692	0.077879295
19	NPCr	inverse_cdf	379	0.073889494	0.103912935	0.13258348	-0.02867055	0.18758251
19	NPCr	inverse_cdf	324	0.07367456	0.033365965	-0.009417332	0.042783298	0.13142063
19	NPCr	inverse_cdf	360	0.07336253	-0.012204037	-0.24035268	0.22814864	0.31902224
19	NPCr	inverse_cdf	188	0.073280334	-0.049119536	-0.44814837	0.39902884	0.14010356
19	NPCr	inverse_cdf	408	0.07308704	0.26822624	0.3176719	-0.04944566	0.11323347
19	NPCr	inverse_cdf	247	0.07251364	-0.21330194	-0.33923644	0.1259345	0.58318937
19	NPCr	inverse_cdf	701	0.07229102	0.070162654	-0.15124795	0.2214106	0.14211594
19	NPCr	inverse_cdf	163	0.072199404	0.46419752	0.2733276	0.19086993	0.08109356
19	NPCr	inverse_cdf	857	0.07214272	-0.31956616	-0.19886802	-0.12069814	0.24797769
19	NPCr	inverse_cdf	147	0.07164925	-0.26451978	-0.5299019	0.26538214	0.5279588
19	NPCr	inverse_cdf	635	0.071139574	-0.09201941	-0.2511943	0.15917489	0.4113224
19	NPCr	inverse_cdf	822	0.0707944	-0.06857758	-0.27361438	0.20503679	0.19403754
19	NPCr	inverse_cdf	111	0.07036817	0.27406093	-0.32215828	0.5962192	0.20018815
19	NPCr	inverse_cdf	305	0.07024819	-0.00027620594	-0.32542354	0.32514733	0.115042746
19	NPCr	inverse_cdf	232	0.07003981	-0.22264077	-0.52602386	0.3033831	0.3504748
19	NPCr	inverse_cdf	655	0.06940168	0.13143244	-0.008251713	0.13968416	0.097037
19	NPCr	inverse_cdf	385	0.06907964	0.2445347	-0.40032965	0.6448643	0.13168803
19	NPCr	inverse_cdf	321	0.06906718	-0.151535	-0.3143702	0.16283518	0.18996632
19	NPCr	inverse_cdf	49	0.068754494	0.43142426	-0.010494709	0.44191897	0.22186708
19	NPCr	inverse_cdf	249	0.068526685	0.23814702	-0.067232884	0.3053799	0.19091024
19	NPCr	inverse_cdf	460	0.068076015	0.28249168	-0.13474828	0.41723996	0.19792531
19	NPCr	inverse_cdf	291	0.06796408	-0.01164936	-0.57557476	0.5639254	0.15578072
19	NPCr	inverse_cdf	473	0.06786209	0.07564316	-0.10906134	0.1847045	0.35517564
19	NPCr	inverse_cdf	481	0.06777865	-0.43755987	-0.44705087	0.009490997	0.106560044
19	NPCr	inverse_cdf	194	0.06750208	0.1875019	-0.52821046	0.71571237	0.11875524
19	NPCr	inverse_cdf	575	0.06748384	0.15544675	0.2189749	-0.06352815	0.08358651
19	NPCr	inverse_cdf	526	0.06741643	-0.31075382	-0.5661923	0.2554385	0.09430597
19	NPCr	inverse_cdf	295	0.06704354	0.07095114	-0.054568388	0.12551953	0.122436024
19	NPCr	inverse_cdf	691	0.067019165	-0.26939714	-0.31633863	0.04694149	0.08702516
19	NPCr	inverse_cdf	382	0.06669623	0.16101685	-0.037473105	0.19848996	0.09965676
20	BensonV1	cdf	94	0.1676355	0.5416496	0.6826102	-0.14096063	0.333107
20	BensonV1	cdf	579	0.1596027	0.76838565	0.76187444	0.0065112114	0.22641219
20	BensonV1	cdf	100	0.15848124	0.45251086	0.6947362	-0.24222532	0.31406486
20	BensonV1	cdf	639	0.15035534	0.6043509	0.74944377	-0.14509284	0.25098374
20	BensonV1	cdf	695	0.14604038	0.36062744	0.6044569	-0.24382946	0.48878065
20	BensonV1	cdf	148	0.13386494	0.5254577	0.68054444	-0.15508676	0.27958208
20	BensonV1	cdf	147	0.115623534	0.7123549	0.75982046	-0.047465563	0.25922427
20	BensonV1	cdf	188	0.11144948	0.6456373	0.7923273	-0.14669001	0.21589714
20	BensonV1	cdf	93	0.10595685	0.40419447	0.6609432	-0.25674874	0.2889092
20	BensonV1	cdf	183	0.10376674	0.57736576	0.81084985	-0.23348409	0.18019553
20	BensonV1	cdf	102	0.09199458	0.3249533	0.4987546	-0.1738013	0.28957942
20	BensonV1	cdf	690	0.091647744	0.63351613	0.68986154	-0.056345403	0.37399793
20	BensonV1	cdf	141	0.091326356	0.7222868	0.80204725	-0.07976043	0.21372767
20	BensonV1	cdf	55	0.090130806	0.053886786	0.38299394	-0.32910717	0.21922949
20	BensonV1	cdf	754	0.083547235	0.092203416	0.17320046	-0.08099704	0.18240757
20	BensonV1	cdf	864	0.08344871	0.38517365	0.19206128	0.19311237	0.13626993
20	BensonV1	cdf	750	0.08244002	0.13969947	0.42037243	-0.28067297	0.49778947
20	BensonV1	cdf	700	0.080612004	0.3369905	0.37954468	-0.04255417	0.2046262
20	BensonV1	cdf	875	0.07792854	-0.045617096	0.13857888	-0.18419597	0.4384839
20	BensonV1	cdf	99	0.07662696	0.016923057	0.44880307	-0.43188	0.2540408
20	BensonV1	cdf	694	0.07577908	0.48338503	0.62539434	-0.14200932	0.25620252
20	BensonV1	cdf	853	0.071258366	0.34349203	0.32559502	0.01789701	0.107229516
20	BensonV1	cdf	878	0.069945335	-0.026464509	0.120288596	-0.1467531	0.10654198
20	BensonV1	cdf	635	0.06967741	0.3837876	0.3475126	0.036275	0.83146966
20	BensonV1	cdf	808	0.0692898	0.16926938	0.13687687	0.032392517	0.6086939
20	BensonV1	cdf	140	0.06826669	0.48783976	0.6565013	-0.16866153	0.25363326
20	BensonV1	cdf	52	0.06804532	-0.010435127	0.2286737	-0.23910883	0.17246862
20	BensonV1	cdf	849	0.06755859	0.105264075	0.28647754	-0.18121347	0.20464845
20	BensonV1	cdf	538	0.06674236	0.0135184415	0.06414593	-0.05062749	0.22632958
20	BensonV1	cdf	283	0.06671727	0.5032614	0.46278256	0.040478826	0.29543805
20	BensonV1	cdf	563	0.066657424	0.06086571	0.20961478	-0.14874907	0.21889098
20	BensonV1	cdf	198	0.06559062	-0.30801892	-0.19619797	-0.11182095	0.22557427
20	BensonV1	cdf	73	0.065093815	-0.29980502	-0.071948946	-0.22785607	0.14625797
20	BensonV1	cdf	144	0.064596474	-0.045391463	0.20956314	-0.2549546	0.45235637
20	BensonV1	cdf	518	0.06458926	-0.103244446	-0.11995874	0.016714297	0.38277316
20	BensonV1	cdf	189	0.06447899	0.10859197	-0.01270914	0.12130111	1.1572992
20	BensonV1	cdf	636	0.06447607	0.25267333	0.28940296	-0.036729634	0.38660175
20	BensonV1	cdf	512	0.06446773	0.2317382	0.048395723	0.18334247	1.3100166
20	BensonV1	cdf	96	0.06388742	-0.3688673	-0.1644022	-0.2044651	0.21368921
20	BensonV1	cdf	751	0.06318951	0.22371191	0.2940536	-0.07034171	0.34824067
20	BensonV1	cdf	696	0.062344253	0.25472838	0.295338	-0.040609628	0.11497076
20	BensonV1	cdf	236	0.062086284	0.56936616	0.46604684	0.10331932	0.14138807
20	BensonV1	cdf	891	0.061638057	-0.18511437	-0.23874201	0.05362764	0.18103877
20	BensonV1	cdf	113	0.061411142	-0.13435027	-0.21928538	0.084935114	0.11449065
20	BensonV1	cdf	200	0.060517967	0.4071347	0.20722371	0.199911	0.10389612
20	BensonV1	cdf	138	0.060233653	0.5368868	0.54794043	-0.011053622	0.3110853
20	BensonV1	cdf	494	0.05923438	0.4170632	0.5341979	-0.11713472	0.18976767
20	BensonV1	cdf	88	0.05875975	-0.24047431	-0.40835407	0.16787976	1.208209
20	BensonV1	cdf	237	0.057884336	0.67391765	0.6793891	-0.005471468	0.2075561
20	BensonV1	cdf	691	0.057806194	0.37585205	0.5739211	-0.19806904	0.36092153
20	BensonV1	cdf	803	0.057638228	0.035215765	0.31243575	-0.27721998	0.38966092
20	BensonV1	cdf	734	0.05752319	0.20255722	0.06326779	0.13928944	0.17150377
20	BensonV1	cdf	120	0.057391763	0.00054541294	0.094049394	-0.09350398	0.15683846
20	BensonV1	cdf	467	0.0572502	-0.24723484	-0.04341216	-0.20382267	0.96078765
20	BensonV1	cdf	309	0.05715674	-0.19520342	-0.33918327	0.14397985	0.09537417
20	BensonV1	cdf	344	0.056758165	-0.02784669	0.23069377	-0.25854045	0.16046016
20	BensonV1	cdf	643	0.056386173	-0.23018748	-0.14123017	-0.08895731	1.0150409
20	BensonV1	cdf	800	0.056303203	-0.084784016	0.017595356	-0.102379374	0.2253063
20	BensonV1	cdf	239	0.055913568	-0.09444324	-0.07695476	-0.01748848	0.14865918
20	BensonV1	cdf	578	0.05568248	0.22317061	0.32588935	-0.10271874	0.32874072
20	BensonV1	cdf	130	0.05567211	0.13669468	0.52421314	-0.38751847	0.40556705
20	BensonV1	cdf	876	0.055668056	-0.023719952	-0.14967681	0.12595686	1.4987571
20	BensonV1	cdf	510	0.055327654	-0.38168555	-0.16967587	-0.21200968	0.1689435
20	BensonV1	cdf	233	0.055041373	0.47872227	0.45862243	0.020099849	0.2518507
20	BensonV1	cdf	498	0.0548656	0.46948355	0.48970804	-0.020224482	0.18582775
20	BensonV1	cdf	153	0.05470574	0.17542914	0.37503883	-0.1996097	0.29096618
20	BensonV1	cdf	655	0.054697573	-0.24267925	-0.18746294	-0.055216312	0.13251878
20	BensonV1	cdf	27	0.054320514	0.22705536	0.13661423	0.09044112	0.9558763
20	BensonV1	cdf	437	0.053560376	0.5003372	0.363877	0.13646019	0.15197296
20	BensonV1	cdf	805	0.053482592	0.24917872	0.3997281	-0.15054937	0.46648294
20	BensonV1	cdf	642	0.05345291	0.17214751	0.26084888	-0.08870137	0.29402304
20	BensonV1	cdf	746	0.053128302	0.31862515	0.507458	-0.18883282	0.28049552
20	BensonV1	cdf	334	0.053102672	0.054705977	0.16631629	-0.11161031	0.8282187
20	BensonV1	cdf	50	0.05295229	0.2834023	0.36469316	-0.08129087	0.15971543
20	BensonV1	cdf	807	0.05288315	-0.27504355	-0.046728343	-0.2283152	0.3108653
20	BensonV1	cdf	692	0.052419543	0.34465054	0.54011524	-0.1954647	0.21624433
20	BensonV1	cdf	121	0.05229944	0.4020742	0.43138957	-0.029315382	0.23832697
20	BensonV1	cdf	44	0.05216819	0.4290516	0.5970608	-0.16800919	0.5058964
20	BensonV1	cdf	596	0.05185312	0.0127284005	0.2722562	-0.2595278	0.16005412
20	BensonV1	cdf	798	0.05178958	0.22372186	0.05514166	0.1685802	1.1076705
20	BensonV1	cdf	245	0.050988972	0.25413778	0.44375914	-0.18962136	0.12902603
20	BensonV1	cdf	225	0.05063665	-0.048929717	-0.15749466	0.10856494	0.13774002
20	BensonV1	cdf	483	0.050434113	0.04312535	0.10146832	-0.058342967	0.8657875
20	BensonV1	cdf	172	0.0502851	0.15816918	0.034717303	0.12345187	0.16758773
20	BensonV1	cdf	724	0.0500924	-0.10400831	0.039712064	-0.14372037	0.13978861
20	BensonV1	cdf	826	0.04976821	0.44617614	0.17140068	0.27477545	0.17702907
20	BensonV1	cdf	584	0.0496251	0.3242272	0.39274648	-0.068519264	0.18582682
20	BensonV1	cdf	43	0.04956752	0.145433	0.3897848	-0.24435182	0.37761194
20	BensonV1	cdf	371	0.04932016	-0.03628594	0.11049568	-0.14678162	0.11079317
20	BensonV1	cdf	470	0.049216747	-0.4746285	-0.34822354	-0.12640497	0.3142417
20	BensonV1	cdf	139	0.04902804	-0.010340775	0.29490927	-0.30525005	0.3662763
20	BensonV1	cdf	345	0.04896438	-0.05916134	0.14307609	-0.20223743	0.10679312
20	BensonV1	cdf	569	0.048621833	0.3811544	0.32325017	0.057904214	0.41727364
20	BensonV1	cdf	688	0.048457503	0.41874778	0.3366335	0.08211428	0.70766217
20	BensonV1	cdf	338	0.048427403	0.10469475	0.07408143	0.030613318	0.64215547
20	BensonV1	cdf	479	0.04794073	0.22185485	0.10063998	0.121214874	1.1817542
20	BensonV1	cdf	858	0.047787845	-0.24734159	-0.25553435	0.008192763	0.13520035
20	BensonV1	cdf	194	0.047742665	0.44695738	0.20201588	0.2449415	0.12121495
20	BensonV1	cdf	869	0.047736883	-0.38597465	-0.3850871	-0.00088754296	0.12873435
20	BensonV1	cdf	340	0.0476951	0.0986519	0.37566975	-0.27701783	0.15004902
20	BensonV1	inverse_cdf	579	0.19479775	0.7775286	0.84254545	-0.065016866	0.16426693
20	BensonV1	inverse_cdf	141	0.17998785	0.59759104	0.6868859	-0.08929485	0.171445
20	BensonV1	inverse_cdf	639	0.1767624	0.64262325	0.7960396	-0.15341634	0.23075622
20	BensonV1	inverse_cdf	148	0.14988011	0.497062	0.5332389	-0.03617689	0.09920391
20	BensonV1	inverse_cdf	491	0.12383443	0.29860443	0.52013487	-0.22153044	0.26062322
20	BensonV1	inverse_cdf	237	0.12314808	0.42586482	0.6086783	-0.18281347	0.23152043
20	BensonV1	inverse_cdf	493	0.11374122	0.2967446	0.56867045	-0.27192584	0.2573316
20	BensonV1	inverse_cdf	188	0.11346972	0.66942227	0.7391994	-0.06977713	0.12251039
20	BensonV1	inverse_cdf	94	0.10747343	0.6293007	0.6849186	-0.05561787	0.13413833
20	BensonV1	inverse_cdf	183	0.10631627	0.57507056	0.72479194	-0.14972138	0.11965004
20	BensonV1	inverse_cdf	519	0.100349784	0.06498357	0.32044348	-0.2554599	0.23856677
20	BensonV1	inverse_cdf	695	0.098086596	0.5515313	0.5471202	0.0044111013	0.1881184
20	BensonV1	inverse_cdf	327	0.09540045	-0.10606372	-0.00090276607	-0.10516096	0.20955347
20	BensonV1	inverse_cdf	744	0.0950312	-0.1710414	-0.013678706	-0.1573627	0.69627154
20	BensonV1	inverse_cdf	690	0.09390843	0.4617186	0.64949083	-0.18777224	0.28854552
20	BensonV1	inverse_cdf	204	0.093257785	0.35867298	0.25063446	0.108038515	0.112716414
20	BensonV1	inverse_cdf	319	0.09113085	0.34814757	0.2585036	0.089643985	0.099001504
20	BensonV1	inverse_cdf	460	0.08920413	-0.30590308	-0.27583024	-0.030072838	0.18482822
20	BensonV1	inverse_cdf	498	0.08848035	0.18658614	0.40319806	-0.21661192	0.19256291
20	BensonV1	inverse_cdf	774	0.08673626	0.06472462	0.1318979	-0.06717328	0.13717735
20	BensonV1	inverse_cdf	159	0.08555627	0.25333092	0.20963764	0.043693274	0.06238812
20	BensonV1	inverse_cdf	457	0.08267516	0.46279523	0.2486947	0.21410052	0.2261174
20	BensonV1	inverse_cdf	277	0.082571685	-0.041079666	-0.0995416	0.05846193	0.15620789
20	BensonV1	inverse_cdf	236	0.08115113	0.4957273	0.66758937	-0.17186207	0.11473092
20	BensonV1	inverse_cdf	755	0.08039969	0.17974272	0.13667023	0.043072492	0.12559474
20	BensonV1	inverse_cdf	513	0.0774554	0.14906693	0.086123444	0.06294348	0.8255115
20	BensonV1	inverse_cdf	692	0.07696247	0.3800691	0.2653144	0.11475471	0.17146173
20	BensonV1	inverse_cdf	42	0.076946855	-0.05831068	-0.2236328	0.16532212	0.09736309
20	BensonV1	inverse_cdf	121	0.07647741	0.24293739	0.25945228	-0.016514897	0.12471895
20	BensonV1	inverse_cdf	494	0.07467246	0.31259203	0.403623	-0.091030985	0.15788664
20	BensonV1	inverse_cdf	818	0.07283521	-0.087318555	-0.018807134	-0.06851142	0.0900886
20	BensonV1	inverse_cdf	795	0.072696924	0.23568682	0.22241007	0.013276756	0.09509433
20	BensonV1	inverse_cdf	354	0.072582066	0.07604171	0.050803848	0.025237866	0.20468168
20	BensonV1	inverse_cdf	368	0.07257146	-0.037228253	0.1848672	-0.22209546	0.10530959
20	BensonV1	inverse_cdf	140	0.072205245	0.47776163	0.60409755	-0.12633592	0.10584878
20	BensonV1	inverse_cdf	299	0.07082534	0.05269584	-0.0904148	0.14311063	0.072605155
20	BensonV1	inverse_cdf	135	0.07054448	0.39044127	0.5889612	-0.19851992	0.0855825
20	BensonV1	inverse_cdf	252	0.070463	0.31443688	0.43363845	-0.11920157	0.0727843
20	BensonV1	inverse_cdf	302	0.070189714	-0.049461097	-0.13406919	0.08460809	0.065077126
20	BensonV1	inverse_cdf	365	0.06924701	0.3521298	0.32812178	0.024008006	0.091148585
20	BensonV1	inverse_cdf	147	0.06843668	0.7363296	0.72111374	0.015215874	0.0890808
20	BensonV1	inverse_cdf	100	0.06798518	0.55466795	0.63906723	-0.08439928	0.09217536
20	BensonV1	inverse_cdf	401	0.06731099	0.07859792	0.23569153	-0.15709361	0.13332132
20	BensonV1	inverse_cdf	41	0.06666577	-0.29960588	-0.19423339	-0.10537249	0.15605766
20	BensonV1	inverse_cdf	855	0.06508756	-0.037243582	0.1969288	-0.23417237	0.09800249
20	BensonV1	inverse_cdf	178	0.06458813	0.36990148	0.6449951	-0.27509362	0.2410671
20	BensonV1	inverse_cdf	673	0.06445587	0.053259335	0.12699614	-0.07373681	0.17137882
20	BensonV1	inverse_cdf	220	0.06434697	0.21045473	0.157763	0.052691728	0.06543623
20	BensonV1	inverse_cdf	870	0.06376821	-0.14394343	-0.22118242	0.07723899	0.2537873
20	BensonV1	inverse_cdf	199	0.06332493	0.45671162	0.52768445	-0.07097283	0.11673898
20	BensonV1	inverse_cdf	747	0.06330913	0.2064245	0.2454242	-0.03899969	0.09588633
20	BensonV1	inverse_cdf	597	0.062399983	0.34153593	0.4262383	-0.08470237	0.076194204
20	BensonV1	inverse_cdf	364	0.062360644	0.0058349594	0.1471754	-0.14134043	0.08430881
20	BensonV1	inverse_cdf	899	0.06223774	0.03796376	-0.085528366	0.12349212	0.064720556
20	BensonV1	inverse_cdf	694	0.06207764	0.57217485	0.45198834	0.12018651	0.1250839
20	BensonV1	inverse_cdf	66	0.061540663	-0.19141601	-0.19461425	0.0031982362	0.106361486
20	BensonV1	inverse_cdf	400	0.061335146	-0.22358027	0.12835357	-0.35193384	0.17162816
20	BensonV1	inverse_cdf	202	0.061169684	0.33706847	0.16756786	0.1695006	0.09927477
20	BensonV1	inverse_cdf	210	0.060808897	0.055947725	-0.037054222	0.09300195	0.102187365
20	BensonV1	inverse_cdf	126	0.06061226	-0.055498768	0.13670702	-0.19220579	0.33391234
20	BensonV1	inverse_cdf	532	0.05995518	0.20842288	-0.06046775	0.26889062	0.07719828
20	BensonV1	inverse_cdf	350	0.05983758	-0.09744352	0.18873516	-0.28617868	0.087241516
20	BensonV1	inverse_cdf	283	0.05855781	0.5212882	0.6269107	-0.10562247	0.19742727
20	BensonV1	inverse_cdf	308	0.058230996	0.24283564	0.043372277	0.19946337	0.07956042
20	BensonV1	inverse_cdf	403	0.057919562	0.3552023	0.29349127	0.061711013	0.12164821
20	BensonV1	inverse_cdf	746	0.057900667	0.30885902	0.3333654	-0.02450639	0.08469494
20	BensonV1	inverse_cdf	842	0.057581365	0.3083017	0.35845566	-0.05015397	0.21224737
20	BensonV1	inverse_cdf	770	0.057234526	0.036713686	-0.1307955	0.16750918	0.08574587
20	BensonV1	inverse_cdf	576	0.05714178	-0.06764072	-0.30714318	0.23950246	0.16280217
20	BensonV1	inverse_cdf	15	0.056780457	-0.2947577	-0.18056233	-0.11419536	0.061427895
20	BensonV1	inverse_cdf	613	0.056608498	0.47424603	0.510503	-0.03625697	0.07273386
20	BensonV1	inverse_cdf	255	0.056530952	-0.2674295	-0.21457644	-0.052853063	0.0813455
20	BensonV1	inverse_cdf	99	0.05633521	0.3665848	0.38866597	-0.022081167	0.09865554
20	BensonV1	inverse_cdf	96	0.05617565	-0.52914786	-0.35400987	-0.175138	0.09607681
20	BensonV1	inverse_cdf	635	0.05587244	0.33970022	0.46988174	-0.13018152	0.5312206
20	BensonV1	inverse_cdf	307	0.0554474	0.13841699	0.27628607	-0.13786907	0.09389298
20	BensonV1	inverse_cdf	137	0.055446804	-0.07805223	0.05662476	-0.134677	0.46874905
20	BensonV1	inverse_cdf	203	0.055358827	0.046162784	-0.1539934	0.20015618	0.107679255
20	BensonV1	inverse_cdf	819	0.05506915	-0.14699748	-0.055885546	-0.091111936	0.0935122
20	BensonV1	inverse_cdf	675	0.055029273	0.16757585	0.29865316	-0.1310773	0.13110077
20	BensonV1	inverse_cdf	390	0.054988563	0.4119001	0.45963073	-0.047730625	0.132899
20	BensonV1	inverse_cdf	352	0.054511964	-0.027886024	-0.09527624	0.06739021	0.10808472
20	BensonV1	inverse_cdf	68	0.05445242	0.18217255	0.19396976	-0.011797205	0.123022735
20	BensonV1	inverse_cdf	32	0.054190338	-0.0110268695	0.070108816	-0.08113568	0.061309565
20	BensonV1	inverse_cdf	742	0.05415082	0.1922324	0.20297189	-0.01073949	0.46701866
20	BensonV1	inverse_cdf	907	0.05410713	0.003911406	-0.18897974	0.19289115	0.1305743
20	BensonV1	inverse_cdf	249	0.05374986	0.044184983	-0.020014092	0.064199075	0.05356034
20	BensonV1	inverse_cdf	499	0.053720415	0.30245152	0.293931	0.008520514	0.10724574
20	BensonV1	inverse_cdf	234	0.05346352	0.41995227	0.38584483	0.034107447	0.128221
20	BensonV1	inverse_cdf	36	0.0533821	-0.023096854	0.027003469	-0.050100323	0.13955075
20	BensonV1	inverse_cdf	296	0.053349495	-0.015764691	-0.25546786	0.23970318	0.08953672
20	BensonV1	inverse_cdf	688	0.053346336	0.29722685	0.50407887	-0.20685202	0.62712437
20	BensonV1	inverse_cdf	92	0.05322236	-0.2094268	0.0085450495	-0.21797186	0.10503727
20	BensonV1	inverse_cdf	792	0.052842677	0.10998829	-0.0068528615	0.11684115	0.12273421
20	BensonV1	inverse_cdf	589	0.052648246	-0.012892293	-0.070736766	0.057844475	0.12245594
20	BensonV1	inverse_cdf	611	0.05239749	0.004448542	0.016017642	-0.0115690995	0.090382
20	BensonV1	inverse_cdf	257	0.052144885	-0.13442591	-0.20818119	0.07375528	0.050859135
20	BensonV1	inverse_cdf	244	0.052120924	0.45253947	0.3707686	0.08177087	0.106070206
20	BensonV1	inverse_cdf	663	0.05205196	-0.18201847	-0.2930161	0.11099763	0.14128913
20	BensonV1	inverse_cdf	721	0.051914513	-0.04732609	0.114149265	-0.16147536	0.08334551
20	NPCr	cdf	280	0.14281005	0.5052887	0.74636084	-0.24107212	0.17601225
20	NPCr	cdf	281	0.109531224	0.5863148	0.5999231	-0.013608277	0.15801524
20	NPCr	cdf	102	0.10405135	0.31059173	0.51883143	-0.2082397	0.26924673
20	NPCr	cdf	276	0.09170908	0.20777643	0.45741427	-0.24963784	0.2671789
20	NPCr	cdf	197	0.09035939	-0.062302664	0.21381311	-0.27611578	0.097733594
20	NPCr	cdf	235	0.088876545	0.30889085	0.58024085	-0.27135	0.14347997
20	NPCr	cdf	402	0.088537216	0.068451844	0.37265658	-0.30420473	0.23899734
20	NPCr	cdf	58	0.08791304	0.06399793	0.3064472	-0.24244928	0.7089752
20	NPCr	cdf	225	0.085610986	0.23125112	0.25872648	-0.027475357	0.13108043
20	NPCr	cdf	300	0.084900916	-0.16768242	-0.23529726	0.06761484	0.14851731
20	NPCr	cdf	418	0.08387917	-0.2333258	-0.109730184	-0.12359561	0.20738907
20	NPCr	cdf	81	0.083152294	0.027012266	0.2711487	-0.24413645	0.11829413
20	NPCr	cdf	529	0.082570374	-0.011248673	0.37625137	-0.38750005	0.15833655
20	NPCr	cdf	518	0.0825361	0.017691946	0.32961094	-0.311919	0.229106
20	NPCr	cdf	166	0.08145231	0.27508968	0.38434017	-0.109250486	0.11529624
20	NPCr	cdf	263	0.081083834	0.0017465916	0.18374941	-0.18200281	0.14514828
20	NPCr	cdf	400	0.07928169	0.34249586	0.43292436	-0.0904285	0.18616314
20	NPCr	cdf	229	0.07898939	0.39943147	0.40534598	-0.0059145093	0.0832874
20	NPCr	cdf	407	0.07830179	0.3228809	0.5126948	-0.18981388	0.17142798
20	NPCr	cdf	501	0.07778537	0.34025365	0.33649567	0.0037579834	0.1826068
20	NPCr	cdf	238	0.07719308	0.12582983	0.19299291	-0.06716308	0.090223685
20	NPCr	cdf	100	0.076000094	0.38707477	0.73326415	-0.34618938	0.3496457
20	NPCr	cdf	87	0.07555145	-0.47773844	-0.31230107	-0.16543737	0.11562707
20	NPCr	cdf	312	0.07500678	0.20784192	0.302533	-0.09469108	0.09583036
20	NPCr	cdf	285	0.07449192	0.29788694	0.45492148	-0.15703455	0.17776722
20	NPCr	cdf	99	0.07352114	0.47118232	0.7099548	-0.23877248	0.52072465
20	NPCr	cdf	299	0.07338607	-0.43979162	-0.3062535	-0.13353813	0.36761513
20	NPCr	cdf	196	0.07248467	0.5361459	0.5728908	-0.036744893	0.08219701
20	NPCr	cdf	367	0.07243651	0.27580723	0.23597336	0.039833874	0.15647228
20	NPCr	cdf	373	0.07229519	0.37965223	0.66962147	-0.28996924	0.21716644
20	NPCr	cdf	266	0.069685936	-0.11946553	0.02125435	-0.14071988	0.1305478
20	NPCr	cdf	527	0.06949586	0.28193894	0.36836457	-0.08642563	0.118584156
20	NPCr	cdf	96	0.06920749	0.44247302	0.68143135	-0.23895833	0.43011492
20	NPCr	cdf	28	0.06896263	-0.032211617	0.04138567	-0.07359728	0.34314585
20	NPCr	cdf	198	0.06711757	0.5627263	0.48034894	0.082377374	0.123048775
20	NPCr	cdf	105	0.06671488	0.29120725	0.44339928	-0.15219203	0.24506931
20	NPCr	cdf	520	0.06507212	0.30527404	0.45117953	-0.1459055	0.14874732
20	NPCr	cdf	258	0.06447786	-0.096198656	0.06522283	-0.16142148	0.09423579
20	NPCr	cdf	401	0.0638386	0.4892041	0.5810514	-0.0918473	0.11191415
20	NPCr	cdf	77	0.06356704	0.068670124	0.33490622	-0.2662361	0.41662726
20	NPCr	cdf	126	0.06338972	0.46084884	0.6344691	-0.17362025	0.5049279
20	NPCr	cdf	502	0.06332135	0.114500076	0.20532219	-0.090822116	0.15331401
20	NPCr	cdf	306	0.062855065	-0.04168658	0.12999943	-0.17168601	0.12979867
20	NPCr	cdf	534	0.062352896	0.26739034	0.12637676	0.14101358	0.12690145
20	NPCr	cdf	530	0.06216687	0.39977598	0.42993698	-0.030160993	0.18317671
20	NPCr	cdf	496	0.06211424	0.15471625	0.27780452	-0.12308827	0.09911792
20	NPCr	cdf	286	0.061514616	-0.15998723	0.035531178	-0.1955184	0.21570088
20	NPCr	cdf	178	0.06137663	0.3310368	0.36828452	-0.037247717	0.1196578
20	NPCr	cdf	525	0.06137216	0.48272994	0.3578146	0.12491533	0.14176425
20	NPCr	cdf	53	0.060967624	-0.043452445	-0.05768204	0.014229596	0.38146102
20	NPCr	cdf	173	0.06079322	0.2810349	0.40278938	-0.1217545	0.30536458
20	NPCr	cdf	339	0.060459077	0.3658852	0.55042	-0.18453479	0.18751515
20	NPCr	cdf	385	0.060313046	0.13648163	0.35749143	-0.2210098	0.15251811
20	NPCr	cdf	521	0.05996108	0.0064783785	0.019859495	-0.013381116	0.14137575
20	NPCr	cdf	38	0.059134305	-0.10609275	0.16880164	-0.2748944	0.35196382
20	NPCr	cdf	487	0.058701456	0.16624102	0.16804188	-0.0018008649	0.20153871
20	NPCr	cdf	461	0.058226585	-0.06976538	0.13590898	-0.20567435	0.22655925
20	NPCr	cdf	333	0.05696708	-0.25147638	-0.23899233	-0.012484044	0.24252287
20	NPCr	cdf	82	0.056700468	0.12347893	0.17385761	-0.050378688	0.09409849
20	NPCr	cdf	497	0.05633247	0.15531792	0.29083422	-0.1355163	0.107618034
20	NPCr	cdf	490	0.05562353	-0.026144998	0.32598835	-0.35213336	0.40359083
20	NPCr	cdf	256	0.05561793	0.32954243	0.54433674	-0.21479431	0.09439436
20	NPCr	cdf	438	0.055535614	0.08511739	0.2776871	-0.1925697	0.14051056
20	NPCr	cdf	240	0.055215716	0.40318778	0.37782452	0.025363266	0.14464204
20	NPCr	cdf	526	0.0549044	0.17797792	0.19629689	-0.018318966	0.12990591
20	NPCr	cdf	528	0.054677665	0.367422	0.42241326	-0.054991245	0.114371456
20	NPCr	cdf	282	0.054411232	0.7981924	0.6613068	0.13688558	0.057897903
20	NPCr	cdf	124	0.054409623	0.40138173	0.64437485	-0.24299312	0.284312
20	NPCr	cdf	242	0.054094672	0.22379428	0.022729846	0.20106444	0.08892806
20	NPCr	cdf	425	0.053716958	0.09477322	0.21546006	-0.120686844	0.2182146
20	NPCr	cdf	297	0.05289173	0.05053062	0.23971152	-0.18918091	0.20267192
20	NPCr	cdf	12	0.05234152	-0.11326297	0.17419852	-0.2874615	0.22589362
20	NPCr	cdf	462	0.052024305	-0.0976923	0.1806837	-0.278376	0.16200157
20	NPCr	cdf	289	0.05199623	-0.14726016	0.14135	-0.28861016	0.11846364
20	NPCr	cdf	62	0.0519166	-0.30630153	-0.19302344	-0.11327809	0.1246176
20	NPCr	cdf	449	0.051496923	0.020598304	0.10972406	-0.08912575	0.16543496
20	NPCr	cdf	524	0.05113715	0.27962634	0.38395837	-0.10433203	0.105372615
20	NPCr	cdf	445	0.050542116	-0.22175755	-0.033787247	-0.1879703	0.16156787
20	NPCr	cdf	523	0.050528824	0.34673262	0.44021693	-0.09348431	0.18242387
20	NPCr	cdf	288	0.050350726	0.067461714	0.36195263	-0.29449093	0.17989096
20	NPCr	cdf	245	0.050121665	-0.14837815	-0.06151794	-0.08686021	0.056751322
20	NPCr	cdf	72	0.05007744	-0.2384371	-0.1558814	-0.0825557	0.40704536
20	NPCr	cdf	41	0.049812675	0.19423343	0.2775467	-0.08331327	0.5119694
20	NPCr	cdf	362	0.04966843	0.31317946	0.37045518	-0.057275712	0.17168474
20	NPCr	cdf	498	0.049639285	0.15671992	0.24490193	-0.088182	0.092039324
20	NPCr	cdf	298	0.0495376	0.07458646	0.014771533	0.059814926	0.11022415
20	NPCr	cdf	138	0.04952973	0.023800759	0.11519231	-0.09139155	0.09095213
20	NPCr	cdf	135	0.0495196	-0.05976615	0.060497534	-0.12026368	0.27501732
20	NPCr	cdf	408	0.048259795	0.0011304966	0.3250296	-0.32389912	0.11793258
20	NPCr	cdf	18	0.0481053	-0.054719817	0.040480264	-0.09520008	0.11046703
20	NPCr	cdf	360	0.047836244	0.11584449	-0.07301318	0.18885767	0.07990047
20	NPCr	cdf	202	0.04743296	0.2469069	0.35620812	-0.10930121	0.1030694
20	NPCr	cdf	274	0.04740578	-0.17845434	-0.1469491	-0.031505242	0.3893234
20	NPCr	cdf	49	0.047351837	0.32361072	0.34288824	-0.019277513	0.16230354
20	NPCr	cdf	78	0.04731947	-0.10979831	0.1705363	-0.2803346	0.10498213
20	NPCr	cdf	110	0.04692799	0.29755557	0.45902586	-0.1614703	0.13515154
20	NPCr	cdf	19	0.046724796	0.012866746	0.048685383	-0.035818636	0.16964452
20	NPCr	cdf	106	0.046465397	0.21986693	0.20416956	0.015697375	0.2593705
20	NPCr	cdf	55	0.046414673	0.15605411	0.2979461	-0.14189199	0.67045796
20	NPCr	cdf	261	0.045805216	-0.034389876	0.043202054	-0.077591926	0.2802198
20	NPCr	inverse_cdf	190	0.12726039	0.24352786	0.3208869	-0.07735905	0.10841608
20	NPCr	inverse_cdf	282	0.120105326	0.5612239	0.5333515	0.027872443	0.08169523
20	NPCr	inverse_cdf	85	0.10660362	-0.16186213	-0.29560843	0.1337463	0.079097204
20	NPCr	inverse_cdf	224	0.10572851	0.36875746	0.43356684	-0.06480938	0.4658022
20	NPCr	inverse_cdf	176	0.09730744	0.13460784	0.16150916	-0.02690132	0.42940545
20	NPCr	inverse_cdf	132	0.095383346	0.44571367	0.45341894	-0.0077052712	0.123366676
20	NPCr	inverse_cdf	343	0.09505749	0.22040537	0.21942072	0.0009846538	0.13729537
20	NPCr	inverse_cdf	239	0.09002817	0.060377456	0.08822647	-0.027849011	0.07089517
20	NPCr	inverse_cdf	121	0.088279784	0.062059317	-0.010893137	0.07295246	0.1079047
20	NPCr	inverse_cdf	210	0.087976456	0.29976723	0.32272837	-0.02296114	0.24904488
20	NPCr	inverse_cdf	195	0.08679968	0.18907405	0.29806355	-0.10898949	0.1278687
20	NPCr	inverse_cdf	204	0.085223556	0.35514876	0.17852712	0.17662165	0.13283472
20	NPCr	inverse_cdf	269	0.08289236	-0.15230714	0.06013349	-0.21244062	0.2586688
20	NPCr	inverse_cdf	70	0.082110405	-0.31533659	-0.21708854	-0.09824805	0.7417458
20	NPCr	inverse_cdf	270	0.07939792	0.12282324	0.2114412	-0.088617966	0.3083489
20	NPCr	inverse_cdf	420	0.07818675	0.18885796	0.24663939	-0.057781428	0.21652412
20	NPCr	inverse_cdf	155	0.0777511	0.14950977	0.33147728	-0.18196751	0.1188425
20	NPCr	inverse_cdf	254	0.07733238	-0.14636861	0.1779421	-0.32431072	0.10037595
20	NPCr	inverse_cdf	485	0.07724303	-0.23159678	-0.13959159	-0.09200519	0.1157928
20	NPCr	inverse_cdf	133	0.076598704	0.09807749	0.0144348005	0.08364269	0.09860584
20	NPCr	inverse_cdf	196	0.07598901	0.51946956	0.51484185	0.0046277046	0.1288166
20	NPCr	inverse_cdf	246	0.07487291	0.0912709	-0.18820538	0.27947628	0.16521645
20	NPCr	inverse_cdf	447	0.07444739	-0.08974575	-0.14117484	0.051429085	0.18497011
20	NPCr	inverse_cdf	203	0.07417196	0.403421	0.28566256	0.11775845	0.15888883
20	NPCr	inverse_cdf	281	0.0736354	0.67972684	0.6807635	-0.001036644	0.08755641
20	NPCr	inverse_cdf	89	0.07348943	-0.0011039675	-0.093235	0.09213103	0.6653791
20	NPCr	inverse_cdf	167	0.072657645	0.16380158	0.047871865	0.115929715	0.37085152
20	NPCr	inverse_cdf	15	0.07224208	0.083359286	0.21806599	-0.1347067	0.053957157
20	NPCr	inverse_cdf	193	0.072203875	0.27330178	0.28345206	-0.010150284	0.10407485
20	NPCr	inverse_cdf	533	0.07191843	0.059573434	0.12162825	-0.062054813	0.07654578
20	NPCr	inverse_cdf	175	0.0714764	0.1268267	0.12411872	0.0027079806	0.12877122
20	NPCr	inverse_cdf	482	0.069093764	-0.3626157	-0.14428526	-0.21833044	0.09981881
20	NPCr	inverse_cdf	99	0.068788886	0.34567824	0.54254776	-0.19686952	0.46208706
20	NPCr	inverse_cdf	276	0.06746429	0.65528053	0.57009786	0.08518267	0.11978944
20	NPCr	inverse_cdf	320	0.0667178	0.20657034	0.013147742	0.1934226	0.106346086
20	NPCr	inverse_cdf	75	0.06668717	0.069065	-0.057543665	0.12660867	0.33333597
20	NPCr	inverse_cdf	232	0.066602826	0.3043018	0.37870517	-0.074403375	0.07076879
20	NPCr	inverse_cdf	233	0.06596285	0.33872268	0.42509663	-0.086373955	0.06229018
20	NPCr	inverse_cdf	287	0.065570354	0.29400125	0.4797511	-0.18574986	0.15823837
20	NPCr	inverse_cdf	222	0.064392924	0.17931998	0.1334094	0.045910582	0.10891433
20	NPCr	inverse_cdf	122	0.06384879	-0.04936442	-0.044668954	-0.0046954677	0.16819915
20	NPCr	inverse_cdf	423	0.06356388	-0.36225715	-0.33183998	-0.030417174	0.14446466
20	NPCr	inverse_cdf	373	0.06350416	0.3415034	0.29004556	0.051457852	0.18688074
20	NPCr	inverse_cdf	160	0.06334031	0.23916465	0.35709086	-0.11792621	0.16402625
20	NPCr	inverse_cdf	271	0.06316233	0.16801926	0.22007094	-0.05205168	0.21067905
20	NPCr	inverse_cdf	436	0.06260115	0.09280585	0.23285049	-0.14004464	0.09137239
20	NPCr	inverse_cdf	217	0.06258434	-0.08179987	0.124012485	-0.20581236	0.095036715
20	NPCr	inverse_cdf	71	0.06257939	0.106150046	-0.013664648	0.119814694	0.2828245
20	NPCr	inverse_cdf	174	0.062520206	0.31982854	0.414649	-0.09482047	0.0733799
20	NPCr	inverse_cdf	166	0.061879516	0.6015408	0.51133525	0.09020555	0.06358838
20	NPCr	inverse_cdf	221	0.06170857	0.41250345	0.3809	0.031603456	0.072740555
20	NPCr	inverse_cdf	429	0.061615527	0.019309195	0.07757383	-0.058264636	0.20049137
20	NPCr	inverse_cdf	525	0.06103903	0.44409454	0.4007673	0.043327242	0.0846048
20	NPCr	inverse_cdf	198	0.0608809	0.67796427	0.4928476	0.18511668	0.09990234
20	NPCr	inverse_cdf	226	0.060044885	0.020085666	-0.07947965	0.09956531	0.06099453
20	NPCr	inverse_cdf	292	0.06000173	0.23122083	0.19203576	0.039185062	0.27931365
20	NPCr	inverse_cdf	78	0.05960548	0.40311438	0.33931136	0.06380302	0.1135278
20	NPCr	inverse_cdf	487	0.059537172	-0.017758455	0.16420938	-0.18196784	0.2152488
20	NPCr	inverse_cdf	44	0.059514403	-0.04427111	0.24602534	-0.29029644	0.15870959
20	NPCr	inverse_cdf	535	0.05932033	0.32334197	-0.04041047	0.36375242	0.086813994
20	NPCr	inverse_cdf	136	0.059083164	0.22459275	0.17088895	0.0537038	0.112216614
20	NPCr	inverse_cdf	371	0.059033036	0.3251067	0.1146686	0.2104381	0.10102959
20	NPCr	inverse_cdf	127	0.05882567	0.21751036	0.18345326	0.034057096	0.083600685
20	NPCr	inverse_cdf	470	0.058367908	0.10282121	0.20269322	-0.099872015	0.16004305
20	NPCr	inverse_cdf	129	0.058196187	0.098098986	0.18290208	-0.0848031	0.49226072
20	NPCr	inverse_cdf	208	0.058121085	0.012618908	0.12966548	-0.11704657	0.10929004
20	NPCr	inverse_cdf	379	0.057928205	-0.31293026	-0.2734334	-0.03949687	0.15157318
20	NPCr	inverse_cdf	329	0.057925105	0.28922758	0.38016295	-0.09093538	0.09137987
20	NPCr	inverse_cdf	331	0.057861388	0.18098657	0.029831393	0.15115517	0.097647026
20	NPCr	inverse_cdf	446	0.057756543	0.11979565	0.38338828	-0.26359263	0.11338653
20	NPCr	inverse_cdf	96	0.057688773	0.4374348	0.5309429	-0.093508124	0.33999422
20	NPCr	inverse_cdf	130	0.057406843	-0.037639793	-0.026395626	-0.011244167	0.10483778
20	NPCr	inverse_cdf	468	0.057046294	0.1768533	0.4855882	-0.3087349	0.08402196
20	NPCr	inverse_cdf	454	0.05685568	0.026141092	0.09474556	-0.06860447	0.13149162
20	NPCr	inverse_cdf	280	0.056010306	0.6498361	0.6986409	-0.04880476	0.08807938
20	NPCr	inverse_cdf	162	0.055965543	-0.09533409	0.0015970785	-0.09693117	0.29621848
20	NPCr	inverse_cdf	29	0.05594313	0.15064782	0.21512933	-0.06448151	0.29602742
20	NPCr	inverse_cdf	243	0.05572939	0.13668339	0.2567239	-0.12004052	0.17149009
20	NPCr	inverse_cdf	366	0.055350184	0.24989209	0.42828465	-0.17839256	0.097495
20	NPCr	inverse_cdf	146	0.055339634	0.06717071	0.29750985	-0.23033914	0.08484466
20	NPCr	inverse_cdf	181	0.05496168	0.14072055	0.18798009	-0.04725954	0.070851915
20	NPCr	inverse_cdf	258	0.054938614	-0.10098343	-0.09486117	-0.0061222613	0.14923494
20	NPCr	inverse_cdf	126	0.05454135	0.49288282	0.5595959	-0.066713065	0.44443607
20	NPCr	inverse_cdf	27	0.054246187	0.18687037	0.20750915	-0.020638779	0.31146735
20	NPCr	inverse_cdf	402	0.054233074	-0.15283465	0.23058923	-0.38342386	0.20391463
20	NPCr	inverse_cdf	317	0.053748786	0.08555616	0.08317023	0.0023859292	0.1023487
20	NPCr	inverse_cdf	229	0.053041577	0.5387356	0.6153754	-0.07663977	0.06885912
20	NPCr	inverse_cdf	339	0.052964926	0.28024414	0.57036823	-0.2901241	0.16709909
20	NPCr	inverse_cdf	37	0.0529626	-0.16905059	-0.08396313	-0.085087456	0.9371524
20	NPCr	inverse_cdf	349	0.052871168	-0.016976966	-0.301596	0.28461903	0.111584745
20	NPCr	inverse_cdf	93	0.05280423	-0.103213206	-0.16390774	0.06069453	0.08161524
20	NPCr	inverse_cdf	42	0.05256498	-0.22426131	-0.07917562	-0.14508569	0.5523109
20	NPCr	inverse_cdf	83	0.052542806	-0.13707602	-0.29464155	0.15756553	0.19835652
20	NPCr	inverse_cdf	381	0.052271843	0.0666096	0.099419616	-0.032810017	0.060420476
20	NPCr	inverse_cdf	308	0.05217731	-0.26285404	-0.2759763	0.013122261	0.10526023
20	NPCr	inverse_cdf	398	0.051439762	-0.3294472	-0.32919422	-0.00025299191	0.11685456
20	NPCr	inverse_cdf	452	0.051366925	-0.403322	-0.35674968	-0.046572328	0.20580229
20	NPCr	inverse_cdf	252	0.051237702	-0.23352635	0.09082455	-0.3243509	0.113226414
20	NPCr	inverse_cdf	387	0.051153064	-0.38016975	-0.36691862	-0.013251126	0.3817627
20	NPCr	inverse_cdf	14	0.050478518	0.30419108	0.41090634	-0.10671526	0.357799
21	BensonV1	cdf	30	0.097828865	0.09044707	0.27426222	-0.18381515	0.122845575
21	BensonV1	cdf	172	0.09010285	0.24486785	0.3339057	-0.08903785	0.12590832
21	BensonV1	cdf	28	0.08839452	0.5965249	0.61935794	-0.02283305	0.14621478
21	BensonV1	cdf	501	0.08824712	0.4337954	0.67283314	-0.23903775	0.137072
21	BensonV1	cdf	662	0.08809441	0.4688174	0.44415933	0.024658084	0.13183534
21	BensonV1	cdf	349	0.086870015	0.5739007	0.71175855	-0.13785785	0.1825906
21	BensonV1	cdf	29	0.08031869	0.07029868	0.43229082	-0.36199215	0.16895707
21	BensonV1	cdf	397	0.07728684	0.5632161	0.5763557	-0.0131396055	0.14022176
21	BensonV1	cdf	760	0.07581669	-0.2489742	-0.15927365	-0.08970055	0.14620635
21	BensonV1	cdf	728	0.07546759	0.4540546	0.500409	-0.046354413	0.363421
21	BensonV1	cdf	445	0.074729204	0.16878617	0.36466765	-0.19588149	0.1090759
21	BensonV1	cdf	110	0.072140574	0.38446134	0.53840655	-0.15394521	0.08971048
21	BensonV1	cdf	409	0.070531905	-0.21879777	-0.27312225	0.054324478	0.3023345
21	BensonV1	cdf	49	0.06983125	-0.12185849	0.22425145	-0.34610993	0.097468674
21	BensonV1	cdf	338	0.067034066	0.28186464	0.36510003	-0.08323538	0.13213456
21	BensonV1	cdf	674	0.06606531	-0.14060296	-0.23478727	0.09418431	0.15641521
21	BensonV1	cdf	505	0.06582868	-0.09594521	0.22323571	-0.3191809	0.12709145
21	BensonV1	cdf	265	0.0651747	0.30673516	0.38710585	-0.080370694	0.08678904
21	BensonV1	cdf	271	0.06427789	-0.09163235	0.066274166	-0.15790652	0.0800446
21	BensonV1	cdf	340	0.063773096	0.5791983	0.5983576	-0.019159317	0.18618895
21	BensonV1	cdf	70	0.063516915	0.33543703	0.4928702	-0.15743318	0.09186384
21	BensonV1	cdf	266	0.06331855	0.5988999	0.6224701	-0.02357018	0.06649438
21	BensonV1	cdf	514	0.061691165	0.34118775	0.45565188	-0.114464134	0.09718463
21	BensonV1	cdf	387	0.061650634	0.46843106	0.44718337	0.021247685	0.108268015
21	BensonV1	cdf	73	0.06011045	-0.0073317224	0.030268176	-0.0375999	0.124176525
21	BensonV1	cdf	157	0.05992806	0.38953772	-0.010159227	0.39969695	0.113666356
21	BensonV1	cdf	348	0.059718013	0.38194105	0.263664	0.11827704	0.14596443
21	BensonV1	cdf	458	0.05910355	0.059239067	0.076370545	-0.017131478	0.07976944
21	BensonV1	cdf	625	0.05825776	0.31864387	0.05818182	0.26046205	0.12759356
21	BensonV1	cdf	192	0.057597935	0.42943174	0.47815838	-0.048726648	0.14068098
21	BensonV1	cdf	71	0.057534456	0.250114	0.52175593	-0.27164194	0.112920545
21	BensonV1	cdf	318	0.056070805	-0.39363644	-0.18504517	-0.20859127	0.6043512
21	BensonV1	cdf	101	0.05575013	0.2468168	0.17228974	0.074527055	0.1883282
21	BensonV1	cdf	506	0.05573708	0.43082246	0.4678675	-0.03704503	0.0856573
21	BensonV1	cdf	188	0.055502713	-0.5385263	-0.6025613	0.064035	0.24796604
21	BensonV1	cdf	6	0.055024743	-0.23573063	-0.4332955	0.19756486	1.010423
21	BensonV1	cdf	90	0.054866552	0.34194055	0.30442658	0.03751397	0.0832249
21	BensonV1	cdf	146	0.05466485	0.2987673	0.27126524	0.02750206	0.17537971
21	BensonV1	cdf	316	0.054338217	0.33509493	0.50929326	-0.17419833	0.09661786
21	BensonV1	cdf	176	0.054220676	0.37199882	0.34706604	0.024932772	0.13069543
21	BensonV1	cdf	448	0.05417645	0.2084663	0.46016696	-0.25170064	0.11564199
21	BensonV1	cdf	154	0.053532064	0.041186012	0.25516713	-0.21398112	0.07969004
21	BensonV1	cdf	707	0.05300671	0.2603726	0.30341044	-0.04303783	0.0999826
21	BensonV1	cdf	510	0.052681625	0.18218629	0.3941235	-0.2119372	0.15451589
21	BensonV1	cdf	710	0.05240941	0.16176479	0.21325733	-0.051492542	0.097924314
21	BensonV1	cdf	365	0.052346766	0.16329145	0.36010712	-0.19681567	0.11713102
21	BensonV1	cdf	392	0.052332878	0.39199525	0.10607836	0.2859169	0.08471666
21	BensonV1	cdf	393	0.052012503	0.7355396	0.6413879	0.094151735	0.07678866
21	BensonV1	cdf	793	0.05194819	-0.03708742	-0.061011955	0.023924537	0.15103175
21	BensonV1	cdf	116	0.05156398	0.5579814	0.37163612	0.18634525	0.12576275
21	BensonV1	cdf	706	0.051395416	0.12044381	0.2930965	-0.17265269	0.14484915
21	BensonV1	cdf	612	0.051245034	0.312385	0.32217872	-0.009793729	0.10577988
21	BensonV1	cdf	708	0.050784647	0.16298693	0.22280928	-0.05982235	0.11886434
21	BensonV1	cdf	190	0.050703824	0.5770537	0.546457	0.030596733	0.40867406
21	BensonV1	cdf	120	0.050699174	0.3223422	0.14674363	0.17559856	0.19933777
21	BensonV1	cdf	735	0.04991573	-0.09797437	-0.025486019	-0.07248835	0.23009452
21	BensonV1	cdf	434	0.049450696	0.20873734	0.23015201	-0.021414667	0.1817957
21	BensonV1	cdf	2	0.04940653	-0.21642426	-0.28970745	0.073283195	0.43792114
21	BensonV1	cdf	350	0.049245954	0.5108685	0.6617721	-0.15090358	0.14521597
21	BensonV1	cdf	407	0.049092233	0.32277775	0.30566674	0.017111003	0.10662585
21	BensonV1	cdf	552	0.048176885	-0.32221833	-0.46959707	0.14737874	0.13052353
21	BensonV1	cdf	377	0.047775626	-0.21858282	-0.09706863	-0.12151419	0.090743124
21	BensonV1	cdf	801	0.047722757	0.08817541	-0.036417853	0.12459326	0.14726491
21	BensonV1	cdf	487	0.04741919	0.3498352	0.21142176	0.13841343	0.112965345
21	BensonV1	cdf	315	0.047351718	0.35980353	0.47563964	-0.11583611	0.116001636
21	BensonV1	cdf	150	0.04729438	0.3991966	0.55952233	-0.16032574	0.055521447
21	BensonV1	cdf	743	0.046707273	-0.15743154	0.054992396	-0.21242394	0.06485301
21	BensonV1	cdf	757	0.046436608	-0.3538315	-0.4711672	0.11733571	0.08661891
21	BensonV1	cdf	46	0.04639721	0.071910426	0.289755	-0.21784456	0.09122422
21	BensonV1	cdf	661	0.046120107	0.53239375	0.39879385	0.1335999	0.10205329
21	BensonV1	cdf	371	0.046111643	0.06556152	0.036242362	0.029319156	0.16783847
21	BensonV1	cdf	54	0.045937777	-0.13750443	0.14709264	-0.28459707	0.07632809
21	BensonV1	cdf	469	0.045842588	-0.120132685	0.16607298	-0.28620565	0.0845552
21	BensonV1	cdf	433	0.045378923	0.35125417	0.3846108	-0.033356637	0.1518148
21	BensonV1	cdf	390	0.04521835	-0.4136921	-0.01886786	-0.39482424	0.12388978
21	BensonV1	cdf	339	0.045172334	0.37570262	0.5241897	-0.14848709	0.1354968
21	BensonV1	cdf	405	0.044673085	0.51367164	0.43987447	0.07379717	0.0711996
21	BensonV1	cdf	198	0.04460144	-0.23845044	0.2188904	-0.45734084	0.084153116
21	BensonV1	cdf	95	0.044579506	0.15390916	0.073738486	0.080170676	0.12106244
21	BensonV1	cdf	219	0.04428947	-0.24607947	-0.0239453	-0.22213417	0.07859747
21	BensonV1	cdf	389	0.044249296	-0.3496125	-0.058219038	-0.29139346	0.10391839
21	BensonV1	cdf	344	0.044109523	-0.0044914465	-0.089363486	0.08487204	0.0843017
21	BensonV1	cdf	727	0.04401517	0.2539306	0.16352294	0.090407655	0.45130962
21	BensonV1	cdf	406	0.04385209	-0.032151103	-0.022406958	-0.009744145	0.14276527
21	BensonV1	cdf	786	0.043716848	0.038615223	0.23189682	-0.19328159	0.14273351
21	BensonV1	cdf	597	0.043483794	0.11137866	0.3437548	-0.23237613	0.16574973
21	BensonV1	cdf	42	0.043426573	0.4097756	0.6162575	-0.20648187	0.18566975
21	BensonV1	cdf	48	0.043063283	0.20302616	0.4136629	-0.21063675	0.107695386
21	BensonV1	cdf	250	0.04301071	-0.0037828719	-0.13681494	0.13303207	0.22488031
21	BensonV1	cdf	709	0.042959273	0.37476164	0.30965894	0.0651027	0.08366068
21	BensonV1	cdf	785	0.042709947	0.11938763	0.09427221	0.025115415	0.16265108
21	BensonV1	cdf	78	0.042681694	-0.02296416	0.17023748	-0.19320165	0.122664295
21	BensonV1	cdf	331	0.042295635	0.24904124	0.24392885	0.0051123947	0.1551825
21	BensonV1	cdf	195	0.04219407	0.06130126	0.39273897	-0.3314377	0.13216285
21	BensonV1	cdf	168	0.041928828	-0.19413671	0.11977779	-0.3139145	0.15640813
21	BensonV1	cdf	135	0.04186225	-0.33265418	-0.15767105	-0.17498313	0.10218427
21	BensonV1	cdf	366	0.04164785	-0.32708368	0.06667898	-0.39376265	0.14058165
21	BensonV1	cdf	594	0.04158932	0.43059242	0.33740464	0.09318778	0.42822233
21	BensonV1	cdf	490	0.0409503	-0.15212072	-0.08992018	-0.062200546	0.30467054
21	BensonV1	cdf	272	0.040864587	0.2297273	0.3315138	-0.101786494	0.06882445
21	BensonV1	inverse_cdf	397	0.20283514	0.32786825	0.40206507	-0.074196815	0.25398898
21	BensonV1	inverse_cdf	110	0.17374372	0.35993022	0.59347916	-0.23354894	0.19120559
21	BensonV1	inverse_cdf	398	0.17039996	0.43288496	0.5578094	-0.12492445	0.1788986
21	BensonV1	inverse_cdf	657	0.16146708	0.30541083	0.3655578	-0.060146958	0.29880437
21	BensonV1	inverse_cdf	84	0.15843725	0.3681626	0.5191416	-0.15097901	0.22698534
21	BensonV1	inverse_cdf	85	0.14741641	0.08590573	0.25084803	-0.1649423	0.2893353
21	BensonV1	inverse_cdf	711	0.14401692	-0.15748185	0.20721799	-0.36469984	0.19810984
21	BensonV1	inverse_cdf	393	0.14224994	0.39098522	0.4827253	-0.09174007	0.1557169
21	BensonV1	inverse_cdf	167	0.13789868	0.0818284	0.20335579	-0.12152739	0.48499477
21	BensonV1	inverse_cdf	327	0.13717258	-0.2799825	-0.15939276	-0.12058975	0.30508405
21	BensonV1	inverse_cdf	88	0.13631546	0.10204897	0.33242935	-0.23038039	0.33419305
21	BensonV1	inverse_cdf	502	0.1357106	0.53996545	0.45377433	0.08619112	0.12947445
21	BensonV1	inverse_cdf	123	0.13444489	0.24176103	0.36488062	-0.12311959	0.37318683
21	BensonV1	inverse_cdf	124	0.1313079	0.056977157	0.32105306	-0.2640759	0.43054175
21	BensonV1	inverse_cdf	89	0.13077146	0.06128287	0.19433583	-0.13305296	0.28598645
21	BensonV1	inverse_cdf	54	0.13022286	0.3210231	0.28205335	0.038969755	0.12924087
21	BensonV1	inverse_cdf	722	0.12774545	0.064659595	-0.020460607	0.0851202	0.39355636
21	BensonV1	inverse_cdf	349	0.12656492	0.570055	0.69957393	-0.12951893	0.23442581
21	BensonV1	inverse_cdf	159	0.12510347	0.09390688	0.25930852	-0.16540164	0.42929512
21	BensonV1	inverse_cdf	339	0.12504858	0.27407372	0.4297054	-0.15563169	0.20699559
21	BensonV1	inverse_cdf	221	0.12499452	-0.06882788	0.039327387	-0.108155265	0.32022473
21	BensonV1	inverse_cdf	132	0.123648226	0.2762423	0.15008655	0.12615573	0.3315204
21	BensonV1	inverse_cdf	529	0.12273222	-0.100102685	0.24682207	-0.34692475	0.2712417
21	BensonV1	inverse_cdf	607	0.12147319	0.23334564	0.211651	0.021694645	0.18319915
21	BensonV1	inverse_cdf	501	0.12141025	0.5379947	0.6483037	-0.110309005	0.12645485
21	BensonV1	inverse_cdf	350	0.12118566	0.41314957	0.5734851	-0.16033551	0.22164685
21	BensonV1	inverse_cdf	579	0.120698035	0.0049600424	0.047055017	-0.042094976	0.31597033
21	BensonV1	inverse_cdf	310	0.1192444	0.03864957	0.21229511	-0.17364554	0.17124811
21	BensonV1	inverse_cdf	79	0.118490756	0.035882447	0.20144953	-0.16556709	0.22872378
21	BensonV1	inverse_cdf	661	0.1180951	0.41171348	0.32407042	0.08764306	0.18081474
21	BensonV1	inverse_cdf	606	0.118018985	0.034869194	0.1454841	-0.11061491	0.23689942
21	BensonV1	inverse_cdf	632	0.116638064	-0.31293243	-0.27115753	-0.0417749	0.29564106
21	BensonV1	inverse_cdf	162	0.11586225	0.12549423	0.14381419	-0.018319964	0.4182482
21	BensonV1	inverse_cdf	658	0.115266025	0.3429494	0.3768482	-0.0338988	0.16500376
21	BensonV1	inverse_cdf	705	0.11499119	0.077235214	0.0759987	0.0012365133	0.12743585
21	BensonV1	inverse_cdf	281	0.11248386	-0.20032242	-0.061448183	-0.13887423	0.6404034
21	BensonV1	inverse_cdf	340	0.112258255	0.43907318	0.4833316	-0.044258416	0.28652328
21	BensonV1	inverse_cdf	663	0.11208868	0.09693201	0.117051765	-0.020119756	0.13407707
21	BensonV1	inverse_cdf	709	0.11171126	0.3611517	0.3518881	0.009263605	0.14943413
21	BensonV1	inverse_cdf	315	0.11168975	0.24215391	0.35205442	-0.109900504	0.1498303
21	BensonV1	inverse_cdf	220	0.1114046	0.010519885	0.11385637	-0.10333648	0.5165694
21	BensonV1	inverse_cdf	745	0.11132413	-0.10168698	0.18105412	-0.2827411	0.17227829
21	BensonV1	inverse_cdf	353	0.111148536	-0.1576243	0.15504047	-0.31266478	0.31636903
21	BensonV1	inverse_cdf	342	0.111017406	0.01656201	0.08438439	-0.06782238	0.15365963
21	BensonV1	inverse_cdf	769	0.11064631	0.39378408	0.3904501	0.0033339858	0.16598594
21	BensonV1	inverse_cdf	394	0.11001116	0.08831275	0.26798084	-0.1796681	0.1694397
21	BensonV1	inverse_cdf	580	0.109847784	-0.3038665	-0.16056015	-0.14330636	0.44969806
21	BensonV1	inverse_cdf	91	0.10943687	0.5041058	0.38506308	0.119042724	0.13125375
21	BensonV1	inverse_cdf	282	0.10891986	0.053902633	0.2234186	-0.16951597	0.4058486
21	BensonV1	inverse_cdf	207	0.10718107	0.06714963	0.030064918	0.037084714	0.19868723
21	BensonV1	inverse_cdf	243	0.107164204	0.06375686	0.08682336	-0.023066498	0.17891768
21	BensonV1	inverse_cdf	297	0.107126355	-0.18744616	0.075033605	-0.26247978	0.5895952
21	BensonV1	inverse_cdf	439	0.10673338	0.106027	-0.003949489	0.109976485	0.3337203
21	BensonV1	inverse_cdf	681	0.106047034	-0.053456154	-0.10948792	0.056031767	0.3966028
21	BensonV1	inverse_cdf	69	0.10600275	0.20529172	0.43752313	-0.23223141	0.20156416
21	BensonV1	inverse_cdf	178	0.10527468	0.16422449	-0.030000206	0.1942247	0.17192233
21	BensonV1	inverse_cdf	560	0.104899585	-0.14867835	0.008852405	-0.15753075	0.1262979
21	BensonV1	inverse_cdf	181	0.10481405	-0.09860178	-0.078134336	-0.020467445	0.21583487
21	BensonV1	inverse_cdf	168	0.104450405	0.21818817	0.20958437	0.008603796	0.3641368
21	BensonV1	inverse_cdf	211	0.10425359	0.18830359	0.20097013	-0.012666538	0.41263753
21	BensonV1	inverse_cdf	119	0.10421008	0.10351102	0.26545817	-0.16194715	0.23236872
21	BensonV1	inverse_cdf	710	0.1038757	0.3880263	0.2845579	0.10346839	0.18055947
21	BensonV1	inverse_cdf	81	0.103774846	-0.051290456	0.0990745	-0.15036495	0.14724499
21	BensonV1	inverse_cdf	239	0.10351354	-0.38087338	-0.19865976	-0.18221362	0.35305116
21	BensonV1	inverse_cdf	742	0.10302359	0.47442818	0.30038467	0.1740435	0.126618
21	BensonV1	inverse_cdf	631	0.10259205	-0.12990466	-0.004933763	-0.1249709	0.46613404
21	BensonV1	inverse_cdf	387	0.102562845	0.22117606	0.44880864	-0.22763258	0.104042284
21	BensonV1	inverse_cdf	744	0.102488816	0.2819575	0.2311475	0.05081001	0.1275513
21	BensonV1	inverse_cdf	232	0.10228652	0.39933205	0.25523373	0.14409831	0.146916
21	BensonV1	inverse_cdf	87	0.10129553	0.09879755	0.18991086	-0.09111331	0.15960027
21	BensonV1	inverse_cdf	86	0.10047513	0.110373616	0.30412257	-0.19374895	0.24677336
21	BensonV1	inverse_cdf	148	0.10039127	0.16631155	0.17906651	-0.012754962	0.106441416
21	BensonV1	inverse_cdf	73	0.10033679	-0.05084729	0.20219876	-0.25304604	0.099911004
21	BensonV1	inverse_cdf	526	0.10013473	-0.1246839	-0.122065976	-0.0026179254	0.41197985
21	BensonV1	inverse_cdf	129	0.10005963	0.4142789	0.4760538	-0.06177491	0.23962288
21	BensonV1	inverse_cdf	513	0.099539936	0.22498901	0.041945826	0.18304318	0.15349291
21	BensonV1	inverse_cdf	42	0.099357605	0.39845443	0.5121995	-0.11374509	0.29028532
21	BensonV1	inverse_cdf	326	0.099018395	-0.034492698	-0.00897082	-0.025521878	0.22421227
21	BensonV1	inverse_cdf	662	0.09840226	0.5105246	0.48503536	0.025489211	0.12530832
21	BensonV1	inverse_cdf	536	0.098243475	0.23117629	0.06899374	0.16218254	0.10445662
21	BensonV1	inverse_cdf	174	0.09799677	0.22611868	0.3185266	-0.09240791	0.18615414
21	BensonV1	inverse_cdf	280	0.0976302	-0.14653891	0.11243425	-0.25897318	0.3207831
21	BensonV1	inverse_cdf	102	0.09668332	-0.12228124	0.16986412	-0.29214537	0.24734016
21	BensonV1	inverse_cdf	120	0.09567028	0.26810706	0.26505116	0.0030559003	0.35505986
21	BensonV1	inverse_cdf	564	0.09553599	0.054481447	0.1733509	-0.11886945	0.14833215
21	BensonV1	inverse_cdf	561	0.09544313	-0.010863244	0.057713516	-0.06857676	0.13771126
21	BensonV1	inverse_cdf	317	0.09513104	0.21485218	0.23844251	-0.023590326	0.14921133
21	BensonV1	inverse_cdf	752	0.09497827	-0.17203626	0.012403777	-0.18444003	0.15310393
21	BensonV1	inverse_cdf	204	0.09374493	0.2703405	0.25804764	0.012292862	0.123292334
21	BensonV1	inverse_cdf	128	0.09317094	0.23311856	0.38257924	-0.14946067	0.25075608
21	BensonV1	inverse_cdf	70	0.09295714	0.22775473	0.4701865	-0.24243177	0.1740869
21	BensonV1	inverse_cdf	713	0.0929147	-0.18204424	0.07115006	-0.2531943	0.2012228
21	BensonV1	inverse_cdf	498	0.09274948	0.0955665	0.03817084	0.057395663	0.17245407
21	BensonV1	inverse_cdf	149	0.09267193	0.10721615	0.4264104	-0.31919426	0.1213811
21	BensonV1	inverse_cdf	296	0.09257883	-0.07009216	0.061626263	-0.13171843	0.30760643
21	BensonV1	inverse_cdf	268	0.09224337	0.040947378	0.25444624	-0.21349886	0.41828293
21	BensonV1	inverse_cdf	313	0.09209323	0.16395868	0.32597393	-0.16201524	0.20535158
21	BensonV1	inverse_cdf	605	0.09170234	0.24999656	0.2709653	-0.02096875	0.22353926
21	BensonV1	inverse_cdf	343	0.09121418	-0.3760192	-0.22727981	-0.1487394	0.18251477
21	BensonV1	inverse_cdf	634	0.09086746	-0.076340124	0.060212854	-0.13655297	0.4583872
21	NPCr	cdf	163	0.12930286	-0.0051058778	0.22550583	-0.23061171	0.1754558
21	NPCr	cdf	67	0.114486694	0.19214833	0.2280394	-0.03589107	0.14253789
21	NPCr	cdf	206	0.11363089	0.08767236	0.20575643	-0.118084066	0.1380329
21	NPCr	cdf	211	0.11355382	0.007432946	0.26775536	-0.26032242	0.18664454
21	NPCr	cdf	227	0.11219609	0.21173225	0.25482956	-0.043097302	0.1395146
21	NPCr	cdf	86	0.109155655	0.47931942	0.48124388	-0.0019244552	0.17813137
21	NPCr	cdf	428	0.107842445	-0.024603058	0.10836999	-0.13297305	0.19796011
21	NPCr	cdf	415	0.10574806	0.082823925	0.17974822	-0.0969243	0.107978605
21	NPCr	cdf	286	0.10246307	-0.045839906	0.020446671	-0.06628658	0.12251692
21	NPCr	cdf	453	0.09787977	-0.16854882	-0.031195423	-0.1373534	0.2437368
21	NPCr	cdf	538	0.09766716	-0.101030044	-0.16475646	0.06372642	0.18001784
21	NPCr	cdf	299	0.0973894	0.30002818	0.44758523	-0.14755705	0.11936846
21	NPCr	cdf	259	0.09723914	0.22040336	0.05670415	0.16369921	0.20614891
21	NPCr	cdf	349	0.095778584	0.265405	0.22710031	0.038304687	0.18969187
21	NPCr	cdf	456	0.09523821	-0.1590368	0.06741342	-0.22645022	0.12759463
21	NPCr	cdf	751	0.094307244	-0.007291936	-0.09012895	0.082837015	0.16617821
21	NPCr	cdf	202	0.09370518	-0.1788198	-0.017018277	-0.16180153	0.12487368
21	NPCr	cdf	662	0.093287766	-0.1559685	0.12607142	-0.28203994	0.121166565
21	NPCr	cdf	309	0.092054784	0.13820477	0.3979884	-0.25978363	0.25293157
21	NPCr	cdf	96	0.09141022	-0.14537227	0.09912399	-0.24449626	0.096328266
21	NPCr	cdf	314	0.09079701	0.19800821	0.43917224	-0.24116403	0.13528728
21	NPCr	cdf	264	0.08963829	0.052309122	0.3726844	-0.32037526	0.15356542
21	NPCr	cdf	276	0.089447916	-0.07114851	0.29010755	-0.36125606	0.243314
21	NPCr	cdf	293	0.088258624	0.36641288	0.50829273	-0.14187986	0.12130314
21	NPCr	cdf	446	0.0874787	-0.34451818	-0.28698772	-0.057530463	0.16841643
21	NPCr	cdf	344	0.0859074	0.057144493	0.09394909	-0.036804594	0.18960084
21	NPCr	cdf	120	0.08555466	0.25091332	0.0695164	0.18139693	0.09158913
21	NPCr	cdf	223	0.08485752	0.06866298	0.19155411	-0.122891136	0.084011614
21	NPCr	cdf	275	0.08438498	-0.034256864	0.07902613	-0.11328299	0.12707946
21	NPCr	cdf	804	0.08408487	-0.10054766	-0.13034457	0.029796913	0.19029391
21	NPCr	cdf	347	0.08400756	0.16226412	0.059631333	0.10263279	0.16631544
21	NPCr	cdf	681	0.083802044	-0.011072663	0.26704654	-0.2781192	0.0993847
21	NPCr	cdf	626	0.08348024	-0.09821481	-0.029103909	-0.0691109	0.11978547
21	NPCr	cdf	870	0.082796395	-0.33167535	-0.34130085	0.0096254945	0.1628412
21	NPCr	cdf	250	0.08137339	0.29325023	0.27947944	0.013770789	0.16070595
21	NPCr	cdf	267	0.08128488	0.4722048	0.49869543	-0.026490629	0.09305639
21	NPCr	cdf	273	0.08122361	0.09170604	-0.03701089	0.12871693	0.1590285
21	NPCr	cdf	404	0.08046192	0.23674974	0.5168422	-0.28009245	0.11183429
21	NPCr	cdf	452	0.08009076	-0.2588573	-0.25118786	-0.007669449	0.08848831
21	NPCr	cdf	413	0.08008909	-0.1482888	0.18596397	-0.33425277	0.15655474
21	NPCr	cdf	351	0.0798797	-0.16235584	0.121229365	-0.2835852	0.21112706
21	NPCr	cdf	695	0.079550385	0.10594125	0.27466568	-0.16872443	0.15846394
21	NPCr	cdf	517	0.079300225	0.004927573	0.14849198	-0.1435644	0.06459136
21	NPCr	cdf	579	0.07914287	0.0018268933	0.13129008	-0.12946318	0.18791687
21	NPCr	cdf	92	0.07854217	0.14138575	0.23850341	-0.09711766	0.07661221
21	NPCr	cdf	914	0.07776171	-0.27539602	-0.19840732	-0.0769887	0.18142472
21	NPCr	cdf	500	0.077665985	0.02632362	0.33328658	-0.30696297	0.26857147
21	NPCr	cdf	42	0.077506244	-0.31875363	-0.16175336	-0.15700027	0.12211865
21	NPCr	cdf	192	0.07736856	0.26461086	0.38651374	-0.12190288	0.06500409
21	NPCr	cdf	407	0.077046156	0.21716958	0.5023729	-0.28520334	0.12337575
21	NPCr	cdf	228	0.07671356	-0.07897023	0.2322499	-0.31122014	0.15019333
21	NPCr	cdf	289	0.07648188	-0.027062178	0.123192236	-0.15025441	0.10747158
21	NPCr	cdf	247	0.076289535	-0.09847889	0.04457307	-0.14305195	0.1361828
21	NPCr	cdf	506	0.07594943	-0.08969481	0.19501306	-0.28470787	0.12896362
21	NPCr	cdf	282	0.07582301	-0.23792191	0.22418058	-0.46210247	0.33306387
21	NPCr	cdf	589	0.075604916	0.12377188	0.08633731	0.03743457	0.114777915
21	NPCr	cdf	176	0.07497555	0.13304178	0.1370413	-0.0039995164	0.10024667
21	NPCr	cdf	417	0.0746063	0.10935878	0.33924222	-0.22988343	0.12531939
21	NPCr	cdf	91	0.07441771	0.33241665	0.6211686	-0.28875196	0.094918296
21	NPCr	cdf	752	0.074263036	0.034591615	0.13914791	-0.10455629	0.19490497
21	NPCr	cdf	427	0.07425672	-0.10129868	0.2155802	-0.31687889	0.14950433
21	NPCr	cdf	419	0.073967695	0.042246167	0.18156049	-0.13931432	0.2219435
21	NPCr	cdf	298	0.07309604	0.19502802	0.41801533	-0.22298731	0.123672865
21	NPCr	cdf	457	0.073073745	-0.15181942	-0.009715636	-0.14210379	0.06136382
21	NPCr	cdf	128	0.07297546	0.63543344	0.6105782	0.024855256	0.11786885
21	NPCr	cdf	418	0.072879255	-0.25228566	-0.0051039425	-0.24718171	0.16477555
21	NPCr	cdf	281	0.07268381	-0.18269455	0.047236294	-0.22993085	0.13972276
21	NPCr	cdf	437	0.07256979	-0.06627495	0.027705614	-0.093980566	0.09308303
21	NPCr	cdf	876	0.072413385	0.042164665	0.04610211	-0.0039374456	0.10903438
21	NPCr	cdf	694	0.07228404	-0.030649189	0.14701045	-0.17765963	0.14039284
21	NPCr	cdf	636	0.072151184	0.049326736	0.23160219	-0.18227546	0.18338032
21	NPCr	cdf	125	0.07190901	-0.12384699	0.12994151	-0.2537885	0.18388923
21	NPCr	cdf	160	0.07162082	0.067083865	0.274827	-0.20774314	0.1372797
21	NPCr	cdf	372	0.07116938	0.17782956	0.4849989	-0.30716935	0.13565454
21	NPCr	cdf	391	0.070883214	0.0634765	0.05902207	0.004454434	0.16193081
21	NPCr	cdf	68	0.0704332	-0.18944111	0.014410614	-0.20385173	0.16859594
21	NPCr	cdf	833	0.07039988	0.16429381	0.17175175	-0.007457942	0.1245079
21	NPCr	cdf	329	0.07023531	0.11139625	0.17355339	-0.06215714	0.11218914
21	NPCr	cdf	493	0.07004237	-0.023534602	0.06862189	-0.09215649	0.08991148
21	NPCr	cdf	363	0.07002503	-0.08668828	0.033029217	-0.11971749	0.09782875
21	NPCr	cdf	856	0.06993461	0.24903482	0.11522753	0.1338073	0.088467844
21	NPCr	cdf	374	0.06971991	0.049555097	0.35500085	-0.30544576	0.2390629
21	NPCr	cdf	879	0.06944525	-0.008452055	-0.12409921	0.11564715	0.14249535
21	NPCr	cdf	429	0.06909561	0.1315861	0.26387638	-0.13229027	0.110894434
21	NPCr	cdf	518	0.068927646	0.057499975	0.26475474	-0.20725477	0.10719676
21	NPCr	cdf	288	0.06889343	0.01832981	0.24733457	-0.22900476	0.11691536
21	NPCr	cdf	280	0.06889194	-0.014107263	0.20495765	-0.2190649	0.09210537
21	NPCr	cdf	283	0.06842148	-0.2627547	-0.1932232	-0.069531515	0.10199383
21	NPCr	cdf	114	0.06830746	0.52374023	0.43616414	0.08757609	0.19456743
21	NPCr	cdf	455	0.06804937	-0.21261914	-0.118841656	-0.093777485	0.10204631
21	NPCr	cdf	316	0.0676955	-0.014028354	0.22286531	-0.23689367	0.22289959
21	NPCr	cdf	734	0.067635834	0.41676944	0.4597276	-0.04295814	0.19754602
21	NPCr	cdf	20	0.06720775	-0.0895782	0.15363036	-0.24320856	0.0825841
21	NPCr	cdf	499	0.067160666	0.023522686	0.20572184	-0.18219915	0.15876868
21	NPCr	cdf	511	0.066316426	0.31401828	0.26500788	0.049010396	0.08501254
21	NPCr	cdf	352	0.066251814	0.14697862	0.20869106	-0.061712444	0.16936843
21	NPCr	cdf	461	0.06619674	0.21521696	0.1782848	0.03693217	0.13421428
21	NPCr	cdf	910	0.06602579	-0.30858436	-0.25066572	-0.057918638	0.3081021
21	NPCr	cdf	475	0.065985024	-0.06932342	-0.03775131	-0.03157211	0.110986635
21	NPCr	cdf	509	0.065817475	0.0968933	-0.021001492	0.1178948	0.18703544
21	NPCr	inverse_cdf	117	0.10305542	0.59371835	0.3987747	0.19494364	0.2240757
21	NPCr	inverse_cdf	653	0.102630794	-0.14185573	-0.0055802795	-0.13627546	0.15572043
21	NPCr	inverse_cdf	586	0.100313425	-0.034358446	0.0075562103	-0.041914657	0.21698828
21	NPCr	inverse_cdf	481	0.099675715	0.09056555	0.15164004	-0.061074495	0.13347991
21	NPCr	inverse_cdf	852	0.09512699	-0.25098175	-0.37733513	0.12635338	0.08192555
21	NPCr	inverse_cdf	114	0.091799736	0.59143484	0.46588117	0.12555367	0.20598003
21	NPCr	inverse_cdf	487	0.09077102	-0.12764935	-0.11457936	-0.013069995	0.19123879
21	NPCr	inverse_cdf	86	0.09065938	0.5821416	0.5799831	0.002158463	0.22155324
21	NPCr	inverse_cdf	583	0.08968097	-0.31932777	-0.2551762	-0.064151585	0.16625205
21	NPCr	inverse_cdf	51	0.08765304	-0.33760408	-0.38377118	0.046167105	0.099874415
21	NPCr	inverse_cdf	709	0.0842399	-0.12161284	-0.0055943537	-0.11601849	0.10187405
21	NPCr	inverse_cdf	574	0.08211541	0.52317446	0.637991	-0.11481655	0.08538245
21	NPCr	inverse_cdf	91	0.07949692	0.48960185	0.5282846	-0.03868276	0.051588852
21	NPCr	inverse_cdf	141	0.07817173	0.02223945	0.1196848	-0.097445354	0.08469202
21	NPCr	inverse_cdf	148	0.07742578	0.43466854	0.4292177	0.0054508448	0.15159346
21	NPCr	inverse_cdf	488	0.07739627	-0.065216966	-0.10271472	0.03749775	0.1377884
21	NPCr	inverse_cdf	149	0.07663834	-0.169879	-0.17126696	0.0013879538	0.14423826
21	NPCr	inverse_cdf	657	0.0749675	-0.046183176	0.1835999	-0.22978309	0.15112974
21	NPCr	inverse_cdf	482	0.0743652	-0.07372468	0.09293642	-0.1666611	0.12729606
21	NPCr	inverse_cdf	84	0.07418895	0.36114067	0.31965637	0.041484296	0.20024534
21	NPCr	inverse_cdf	118	0.07387835	0.3757605	0.13990912	0.23585138	0.109095864
21	NPCr	inverse_cdf	178	0.07131469	-0.0710463	0.18565512	-0.2567014	0.066374496
21	NPCr	inverse_cdf	53	0.07100421	-0.24121863	-0.2913985	0.05017987	0.09269381
21	NPCr	inverse_cdf	41	0.07012552	0.03901576	0.23173402	-0.19271827	0.18608741
21	NPCr	inverse_cdf	330	0.069379926	-0.25777918	-0.2884424	0.030663222	0.09343278
21	NPCr	inverse_cdf	834	0.06807476	-0.38182	-0.39101943	0.0091994405	0.1027144
21	NPCr	inverse_cdf	377	0.06564045	0.41674373	0.34683356	0.06991017	0.10060967
21	NPCr	inverse_cdf	659	0.06390923	0.21136366	0.1792922	0.032071456	0.103429
21	NPCr	inverse_cdf	179	0.06323779	0.10615338	0.12120868	-0.015055306	0.08699921
21	NPCr	inverse_cdf	85	0.062793136	-0.42366707	-0.24859238	-0.1750747	0.12273438
21	NPCr	inverse_cdf	510	0.062372625	0.060465753	0.105600335	-0.04513458	0.07434335
21	NPCr	inverse_cdf	584	0.061803877	-0.27893206	-0.29976705	0.020834982	0.0855785
21	NPCr	inverse_cdf	753	0.061652362	-0.11190697	-0.023852453	-0.088054515	0.06208347
21	NPCr	inverse_cdf	714	0.06129825	0.1181202	0.09680685	0.021313354	0.10723313
21	NPCr	inverse_cdf	128	0.06094265	0.5108044	0.5374389	-0.026634514	0.082377665
21	NPCr	inverse_cdf	656	0.06055498	-0.11205257	-0.20854025	0.09648768	0.12549828
21	NPCr	inverse_cdf	838	0.06022823	0.14291598	0.14395204	-0.0010360628	0.07907148
21	NPCr	inverse_cdf	450	0.06017834	0.17591026	0.0762018	0.09970847	0.0850394
21	NPCr	inverse_cdf	548	0.05989504	-0.38396272	-0.071929336	-0.31203339	0.12904046
21	NPCr	inverse_cdf	542	0.059550405	-0.18208057	-0.2241294	0.042048827	0.066004075
21	NPCr	inverse_cdf	566	0.059066057	0.34530723	0.3483701	-0.003062874	0.096045576
21	NPCr	inverse_cdf	74	0.057822406	0.097297624	0.06864056	0.028657064	0.11826109
21	NPCr	inverse_cdf	655	0.05745727	0.08882362	-0.064322606	0.15314622	0.137006
21	NPCr	inverse_cdf	31	0.057075024	0.09889241	0.46033642	-0.361444	0.11830111
21	NPCr	inverse_cdf	44	0.056826532	0.041278213	0.217944	-0.17666578	0.13061073
21	NPCr	inverse_cdf	451	0.056415856	-0.20259199	-0.052178424	-0.15041356	0.058420993
21	NPCr	inverse_cdf	7	0.056306064	0.06785521	0.6483901	-0.58053493	0.07200557
21	NPCr	inverse_cdf	511	0.055630624	0.073899925	0.3640103	-0.29011038	0.07018135
21	NPCr	inverse_cdf	587	0.055485785	-0.0810414	-0.011098002	-0.0699434	0.10710679
21	NPCr	inverse_cdf	72	0.055205464	0.04426348	0.024271144	0.019992335	0.07567904
21	NPCr	inverse_cdf	458	0.054881394	-0.0044312035	0.023164647	-0.02759585	0.12137981
21	NPCr	inverse_cdf	430	0.05482745	-0.3392028	-0.26511663	-0.07408616	0.086295746
21	NPCr	inverse_cdf	294	0.05463195	0.13703494	0.39125755	-0.25422263	0.082158364
21	NPCr	inverse_cdf	152	0.054035544	-0.02737429	0.13181356	-0.15918785	0.108117424
21	NPCr	inverse_cdf	26	0.053791165	0.13589862	0.46017292	-0.3242743	0.10468738
21	NPCr	inverse_cdf	652	0.05377549	-0.23190796	-0.025072142	-0.20683582	0.13264698
21	NPCr	inverse_cdf	345	0.053722084	0.30770776	0.26249158	0.045216173	0.16070446
21	NPCr	inverse_cdf	369	0.053521514	0.16877079	0.23468673	-0.06591594	0.109978996
21	NPCr	inverse_cdf	588	0.05320412	0.054562032	0.307833	-0.25327095	0.0845351
21	NPCr	inverse_cdf	24	0.053071976	-0.057747673	0.34774122	-0.40548888	0.10440136
21	NPCr	inverse_cdf	111	0.05280316	0.39536756	0.40464932	-0.0092817545	0.19401443
21	NPCr	inverse_cdf	344	0.05266249	0.1584034	0.11529827	0.043105125	0.10211452
21	NPCr	inverse_cdf	453	0.052345514	-0.5579849	-0.3773914	-0.18059349	0.16879031
21	NPCr	inverse_cdf	192	0.052129805	0.46375132	0.62850964	-0.16475832	0.06137879
21	NPCr	inverse_cdf	411	0.051995516	0.30532777	0.21843071	0.08689706	0.089381926
21	NPCr	inverse_cdf	83	0.051989138	0.37060678	0.33753338	0.033073395	0.081362225
21	NPCr	inverse_cdf	549	0.05198556	-0.46583503	-0.24553464	-0.22030039	0.09810135
21	NPCr	inverse_cdf	635	0.051938355	0.260649	0.40870923	-0.14806023	0.07152743
21	NPCr	inverse_cdf	357	0.051401198	-0.2963104	-0.03571804	-0.26059234	0.080438524
21	NPCr	inverse_cdf	836	0.051115394	-0.18130651	-0.21448207	0.033175558	0.088109046
21	NPCr	inverse_cdf	378	0.051112175	0.4395902	0.28846508	0.1511251	0.114651754
21	NPCr	inverse_cdf	851	0.051098883	-0.13457872	0.04511995	-0.17969868	0.046279784
21	NPCr	inverse_cdf	449	0.050574064	0.12941131	-0.1055613	0.23497261	0.07138091
21	NPCr	inverse_cdf	792	0.050438583	0.0654091	-0.033576798	0.098985896	0.08977064
21	NPCr	inverse_cdf	71	0.050378323	0.19849935	0.258928	-0.06042865	0.0877704
21	NPCr	inverse_cdf	837	0.050231457	-0.17399766	-0.2302872	0.05628954	0.08063166
21	NPCr	inverse_cdf	917	0.049828887	-0.22630286	-0.43200254	0.20569968	0.09719109
21	NPCr	inverse_cdf	356	0.04976493	-0.5230157	-0.4344729	-0.08854279	0.14457572
21	NPCr	inverse_cdf	812	0.04970777	-0.3684218	-0.28792048	-0.08050132	0.110706665
21	NPCr	inverse_cdf	570	0.04965514	0.19130951	0.2147253	-0.023415789	0.06871241
21	NPCr	inverse_cdf	710	0.049530864	-0.090116166	-0.01690689	-0.07320928	0.12300163
21	NPCr	inverse_cdf	741	0.049267888	-0.14027531	-0.26873174	0.12845643	0.08457035
21	NPCr	inverse_cdf	907	0.049211264	-0.111667946	-0.33799213	0.22632419	0.12922786
21	NPCr	inverse_cdf	181	0.04917437	-0.16809444	-0.3167218	0.14862736	0.09612613
21	NPCr	inverse_cdf	381	0.04886502	-0.0008197997	-0.15164597	0.15082617	0.13949507
21	NPCr	inverse_cdf	462	0.04886049	-0.08715428	0.16783889	-0.25499317	0.08213734
21	NPCr	inverse_cdf	19	0.048849225	-0.15936266	-0.21846297	0.059100315	0.047287796
21	NPCr	inverse_cdf	395	0.048800826	0.336191	0.13871421	0.19747679	0.09693179
21	NPCr	inverse_cdf	682	0.048670948	0.357588	0.34654772	0.01104027	0.06010728
21	NPCr	inverse_cdf	124	0.048576713	0.36694854	0.29742143	0.06952712	0.081545934
21	NPCr	inverse_cdf	882	0.048361897	0.07475558	-0.1263542	0.20110978	0.057455752
21	NPCr	inverse_cdf	55	0.048006535	0.43621197	0.5145791	-0.078367144	0.07902834
21	NPCr	inverse_cdf	286	0.047828317	-0.12582965	-0.13451414	0.008684486	0.08983802
21	NPCr	inverse_cdf	300	0.04777348	0.16346462	0.22842424	-0.064959615	0.058798384
21	NPCr	inverse_cdf	813	0.04757434	0.017323863	0.058703505	-0.04137964	0.073547244
21	NPCr	inverse_cdf	145	0.047495484	0.059624482	0.29604873	-0.23642425	0.24056032
21	NPCr	inverse_cdf	69	0.047459185	0.20368974	0.39057094	-0.1868812	0.055446055
21	NPCr	inverse_cdf	243	0.047262907	-0.20746574	-0.3880053	0.18053955	0.21249846
21	NPCr	inverse_cdf	883	0.047233105	0.12094127	-0.1495905	0.27053177	0.11155189
21	NPCr	inverse_cdf	314	0.046948373	0.07537895	0.4091076	-0.33372864	0.12881187
22	BensonV1	cdf	123	0.27539057	0.107254736	0.13711523	-0.02986049	0.37947124
22	BensonV1	cdf	168	0.24024892	0.18700868	0.4066532	-0.21964452	0.40193984
22	BensonV1	cdf	165	0.20924711	0.029837051	0.191079	-0.16124195	0.4893265
22	BensonV1	cdf	205	0.19729221	0.1541956	0.52427256	-0.37007695	0.3340655
22	BensonV1	cdf	128	0.196244	0.47192386	0.46188983	0.010034025	0.20327805
22	BensonV1	cdf	302	0.1905427	0.48826444	0.24395464	0.2443098	0.22644743
22	BensonV1	cdf	314	0.18976814	0.3753188	0.17116344	0.20415536	0.23108073
22	BensonV1	cdf	121	0.16593283	0.012472076	0.080564626	-0.06809255	0.31215402
22	BensonV1	cdf	459	0.15111995	-0.24703571	-0.34067267	0.09363696	0.18980636
22	BensonV1	cdf	376	0.14655542	0.33998334	0.34803978	-0.008056432	0.25146472
22	BensonV1	cdf	303	0.14595455	0.39450902	0.22603156	0.16847746	0.18197659
22	BensonV1	cdf	285	0.13494664	0.4143977	0.5639913	-0.14959362	0.18433301
22	BensonV1	cdf	171	0.13038301	0.34061506	0.4477009	-0.107085824	0.41378346
22	BensonV1	cdf	370	0.12866884	0.55289894	0.45251298	0.100385964	0.26332006
22	BensonV1	cdf	586	0.12248814	0.23943064	0.22082828	0.018602356	0.34655482
22	BensonV1	cdf	297	0.1220243	0.09990507	-0.0926821	0.19258717	0.20135751
22	BensonV1	cdf	323	0.11942434	-0.24183095	-0.32844704	0.0866161	0.171894
22	BensonV1	cdf	585	0.117693424	0.2580374	0.44579053	-0.18775314	0.2541086
22	BensonV1	cdf	365	0.116485834	0.72010076	0.7237413	-0.0036405325	0.38567954
22	BensonV1	cdf	217	0.11475903	0.56953615	0.61222214	-0.042685986	0.19208393
22	BensonV1	cdf	652	0.114478946	0.03868719	-0.07198446	0.110671654	0.16259873
22	BensonV1	cdf	175	0.11350238	0.264971	0.5593043	-0.2943333	0.4743294
22	BensonV1	cdf	324	0.11201668	0.22414756	0.35275358	-0.12860602	0.11573097
22	BensonV1	cdf	315	0.10760069	0.36425945	0.21450235	0.1497571	0.18537267
22	BensonV1	cdf	126	0.10690373	0.48446953	0.47560632	0.008863211	0.13660862
22	BensonV1	cdf	531	0.10636091	0.14893663	-0.11018313	0.25911975	0.14630805
22	BensonV1	cdf	248	0.10270482	0.2087845	0.32872653	-0.119942024	0.16195647
22	BensonV1	cdf	645	0.101014495	0.2822299	0.27051604	0.011713862	0.16270608
22	BensonV1	cdf	369	0.09863067	0.3262755	0.11476475	0.21151075	0.33802593
22	BensonV1	cdf	86	0.09552455	0.16867265	0.15899952	0.0096731335	0.1896231
22	BensonV1	cdf	301	0.09331226	-0.05846092	-0.31638476	0.25792384	0.3016544
22	BensonV1	cdf	313	0.09325546	0.32785317	0.15330014	0.17455304	0.122417286
22	BensonV1	cdf	85	0.09293723	0.09234269	0.11004203	-0.017699338	0.26416737
22	BensonV1	cdf	684	0.092497826	0.09538868	-0.027296439	0.12268512	0.14285459
22	BensonV1	cdf	458	0.09228504	-0.00820601	0.014569351	-0.022775361	0.1650264
22	BensonV1	cdf	536	0.09113604	-0.05449067	-0.18470463	0.13021396	0.18221526
22	BensonV1	cdf	61	0.08965886	0.08799704	0.28638625	-0.1983892	0.30093548
22	BensonV1	cdf	218	0.0865829	0.05759362	0.31179163	-0.254198	0.41756842
22	BensonV1	cdf	296	0.08470029	0.3209146	0.23436195	0.08655265	0.41341367
22	BensonV1	cdf	497	0.0846982	0.43744168	0.38097894	0.056462735	0.2931174
22	BensonV1	cdf	325	0.08447379	0.13310245	0.2314022	-0.09829976	0.12749983
22	BensonV1	cdf	251	0.08411795	0.39578316	0.4082784	-0.0124952495	0.12131249
22	BensonV1	cdf	83	0.08383036	0.5250956	0.39919066	0.12590492	0.38407072
22	BensonV1	cdf	355	0.08358371	0.076298036	0.05440782	0.021890216	0.14967528
22	BensonV1	cdf	479	0.08335328	0.0037477629	0.095706075	-0.091958314	0.14040391
22	BensonV1	cdf	211	0.08272123	0.2876827	0.6115596	-0.32387692	0.18237378
22	BensonV1	cdf	101	0.08253038	0.22608641	0.28559425	-0.059507847	0.13664725
22	BensonV1	cdf	306	0.08247858	-0.011765065	0.27382717	-0.28559223	0.15880437
22	BensonV1	cdf	534	0.08205551	-0.071526	0.07633878	-0.14786479	0.24809746
22	BensonV1	cdf	42	0.081938446	0.28184232	0.30832216	-0.02647984	0.19966872
22	BensonV1	cdf	442	0.08091426	0.4676537	0.40122205	0.06643164	0.36261985
22	BensonV1	cdf	162	0.08040255	0.18673238	0.5635681	-0.37683573	0.2817744
22	BensonV1	cdf	352	0.07966286	-0.022170339	0.17540395	-0.19757429	0.21397085
22	BensonV1	cdf	298	0.07926762	0.20511971	0.33907995	-0.13396023	0.113977954
22	BensonV1	cdf	127	0.07910216	0.5773084	0.6748391	-0.09753066	0.122962125
22	BensonV1	cdf	316	0.07892233	0.47424197	0.35269156	0.12155041	0.15024072
22	BensonV1	cdf	450	0.07843542	0.21465325	0.2072426	0.0074106604	0.24151497
22	BensonV1	cdf	204	0.07808906	0.15957578	0.59791577	-0.43834	0.39567629
22	BensonV1	cdf	96	0.07764834	0.4554547	0.47900042	-0.023545712	0.13091862
22	BensonV1	cdf	275	0.07730454	0.25080732	0.2719742	-0.02116689	0.0917307
22	BensonV1	cdf	433	0.076964855	0.32948288	0.30683717	0.022645712	0.1261485
22	BensonV1	cdf	284	0.07590097	-0.17908779	0.01075934	-0.18984713	0.19125615
22	BensonV1	cdf	755	0.0757035	0.028064348	-0.09860165	0.126666	0.10564181
22	BensonV1	cdf	379	0.074772894	0.042271536	0.29096177	-0.24869023	0.19566049
22	BensonV1	cdf	263	0.07460028	0.31025368	0.43366626	-0.12341258	0.17559315
22	BensonV1	cdf	131	0.07432413	0.4599767	0.47144246	-0.011465758	0.11634662
22	BensonV1	cdf	227	0.0741446	0.46503618	0.4431245	0.02191168	0.24471648
22	BensonV1	cdf	664	0.072393656	-0.19726752	-0.30748248	0.11021496	0.1038248
22	BensonV1	cdf	149	0.07213062	0.06931472	0.24775922	-0.1784445	0.09171267
22	BensonV1	cdf	383	0.07185656	0.2374289	0.628368	-0.39093912	0.18280357
22	BensonV1	cdf	224	0.071799636	-0.09405936	-0.15410009	0.060040727	0.17406248
22	BensonV1	cdf	142	0.07152212	0.5212605	0.3290943	0.19216621	0.06023945
22	BensonV1	cdf	132	0.07134277	0.05351706	0.1588475	-0.10533044	0.11187754
22	BensonV1	cdf	203	0.07085848	0.103120215	0.40426844	-0.30114824	0.35430527
22	BensonV1	cdf	307	0.07074678	0.25813752	0.51714027	-0.25900275	0.11165057
22	BensonV1	cdf	202	0.07057381	-0.033630785	0.2658111	-0.29944187	0.47205046
22	BensonV1	cdf	242	0.06844139	0.18073106	-0.18581589	0.36654693	0.38388166
22	BensonV1	cdf	572	0.06740409	-0.27466044	-0.087427855	-0.18723258	0.2112395
22	BensonV1	cdf	700	0.06705457	0.19545296	0.31580135	-0.120348394	0.117743544
22	BensonV1	cdf	431	0.06649506	0.09347088	0.08237999	0.01109089	0.11938718
22	BensonV1	cdf	372	0.066333234	0.48206523	0.32373935	0.15832588	0.20957206
22	BensonV1	cdf	45	0.066301465	0.39206806	0.41885135	-0.026783288	0.16132908
22	BensonV1	cdf	255	0.066292584	0.14570142	0.3666748	-0.22097339	0.21984333
22	BensonV1	cdf	125	0.066213906	0.34331048	0.33505157	0.008258909	0.090285614
22	BensonV1	cdf	163	0.06589997	0.27096176	0.39265525	-0.12169349	0.16537885
22	BensonV1	cdf	152	0.06563741	0.20891872	0.15720159	0.051717132	0.12123228
22	BensonV1	cdf	685	0.06540823	-0.010575765	-0.06044512	0.049869355	0.1076893
22	BensonV1	cdf	546	0.06536317	-0.25509754	-0.04352299	-0.21157455	0.12675527
22	BensonV1	cdf	535	0.06526023	0.10992898	0.15860257	-0.048673585	0.20423536
22	BensonV1	cdf	59	0.06436777	-0.1555763	-0.10600215	-0.04957415	0.4961922
22	BensonV1	cdf	166	0.063527286	0.19311327	0.25270292	-0.059589654	0.08021488
22	BensonV1	cdf	529	0.06245476	0.19868955	0.304957	-0.10626745	0.22169507
22	BensonV1	cdf	33	0.061858833	0.12975068	0.27522457	-0.14547388	0.37031937
22	BensonV1	cdf	164	0.061297238	-0.14113794	0.2816286	-0.42276657	0.21874009
22	BensonV1	cdf	759	0.06083846	-0.23220481	-0.36101636	0.12881155	0.11677193
22	BensonV1	cdf	170	0.060703754	-0.19653152	-0.1023274	-0.09420412	0.12321686
22	BensonV1	cdf	286	0.060337424	-0.02454841	0.07023977	-0.09478818	0.11495887
22	BensonV1	cdf	93	0.06027448	0.13976228	0.30068037	-0.16091809	0.13723047
22	BensonV1	cdf	385	0.060231686	0.25243035	0.56254214	-0.3101118	0.18347844
22	BensonV1	cdf	236	0.059791744	-0.24059232	0.032716144	-0.27330846	0.21729025
22	BensonV1	inverse_cdf	171	0.22064447	0.15530327	0.47144488	-0.3161416	0.2680028
22	BensonV1	inverse_cdf	86	0.22004962	0.20219043	0.22276184	-0.02057141	0.1651428
22	BensonV1	inverse_cdf	205	0.21732885	0.18149766	0.3179598	-0.13646212	0.30018476
22	BensonV1	inverse_cdf	165	0.18962038	-0.063162975	0.1643256	-0.22748858	0.36012593
22	BensonV1	inverse_cdf	168	0.18932778	0.072353356	0.29655257	-0.2241992	0.24990287
22	BensonV1	inverse_cdf	126	0.18247974	0.19570497	0.4391807	-0.24347574	0.119322084
22	BensonV1	inverse_cdf	61	0.16112262	0.17833868	0.28707796	-0.10873929	0.17683253
22	BensonV1	inverse_cdf	123	0.14929026	-0.052204933	0.20306824	-0.25527316	0.20417835
22	BensonV1	inverse_cdf	127	0.14617872	0.3368811	0.6249426	-0.2880615	0.124870695
22	BensonV1	inverse_cdf	104	0.14607406	0.2702069	0.22798747	0.04221943	0.22464618
22	BensonV1	inverse_cdf	121	0.14530462	-0.08464803	0.11518712	-0.19983515	0.1974755
22	BensonV1	inverse_cdf	170	0.14481992	-0.15685925	-0.1264381	-0.030421153	0.18968897
22	BensonV1	inverse_cdf	204	0.14249974	0.20002787	0.32473674	-0.124708876	0.35817966
22	BensonV1	inverse_cdf	23	0.14197302	0.27763766	0.3339038	-0.05626613	0.10573271
22	BensonV1	inverse_cdf	203	0.13724244	0.1971623	0.29190168	-0.09473938	0.38709983
22	BensonV1	inverse_cdf	245	0.13153338	-0.1055188	-0.02351589	-0.082002915	0.12381104
22	BensonV1	inverse_cdf	85	0.12801337	0.12459157	0.22674333	-0.10215176	0.13793509
22	BensonV1	inverse_cdf	392	0.12042493	0.24730672	0.431445	-0.18413828	0.1833334
22	BensonV1	inverse_cdf	147	0.11593473	0.50584185	0.43041766	0.075424194	0.32470685
22	BensonV1	inverse_cdf	144	0.11563921	0.11300978	-0.020780634	0.13379042	0.30425262
22	BensonV1	inverse_cdf	382	0.11178374	0.5155915	0.4979117	0.01767981	0.14331543
22	BensonV1	inverse_cdf	210	0.109918535	0.09404083	0.3028437	-0.20880285	0.14498214
22	BensonV1	inverse_cdf	368	0.10816479	0.2026404	0.1415175	0.061122894	0.108778074
22	BensonV1	inverse_cdf	218	0.10781127	-0.07905414	0.32441905	-0.4034732	0.30290797
22	BensonV1	inverse_cdf	217	0.10724467	0.7756588	0.7794433	-0.0037845373	0.11106827
22	BensonV1	inverse_cdf	226	0.106925726	0.01763434	-0.036708135	0.054342475	0.18410578
22	BensonV1	inverse_cdf	385	0.10438907	0.423408	0.5529067	-0.12949869	0.15276413
22	BensonV1	inverse_cdf	276	0.10066426	0.2333304	0.05088131	0.18244909	0.17980397
22	BensonV1	inverse_cdf	383	0.10043484	0.37820223	0.5706821	-0.19247988	0.105268635
22	BensonV1	inverse_cdf	526	0.0997749	-0.30195075	-0.3148993	0.012948543	0.20661332
22	BensonV1	inverse_cdf	255	0.09971595	0.04085275	0.39971766	-0.3588649	0.1764896
22	BensonV1	inverse_cdf	658	0.09940928	0.32498327	0.39271197	-0.0677287	0.17945804
22	BensonV1	inverse_cdf	185	0.09712398	0.39988035	0.32363704	0.07624331	0.18423688
22	BensonV1	inverse_cdf	274	0.096883535	0.005208926	0.15014467	-0.14493574	0.44246507
22	BensonV1	inverse_cdf	464	0.09571874	-0.2280896	-0.34021717	0.11212757	0.1270369
22	BensonV1	inverse_cdf	471	0.09430462	-0.18701078	-0.35302463	0.16601385	0.10450768
22	BensonV1	inverse_cdf	201	0.094127536	-0.09966602	-0.10001727	0.00035125017	0.44005105
22	BensonV1	inverse_cdf	250	0.09372455	0.10082091	0.23820849	-0.13738757	0.09449382
22	BensonV1	inverse_cdf	131	0.09147751	0.5391221	0.36371917	0.17540294	0.15966068
22	BensonV1	inverse_cdf	254	0.091305435	0.26208398	0.3843486	-0.12226462	0.083105616
22	BensonV1	inverse_cdf	305	0.08984244	0.120323226	0.1608389	-0.040515676	0.09290864
22	BensonV1	inverse_cdf	146	0.08929986	0.48092046	0.31545967	0.1654608	0.18179564
22	BensonV1	inverse_cdf	175	0.0891763	0.22874844	0.61119753	-0.3824491	0.25945413
22	BensonV1	inverse_cdf	91	0.0891161	0.41372502	0.3661361	0.047588915	0.12557349
22	BensonV1	inverse_cdf	202	0.088168144	0.050724242	0.1527956	-0.10207136	0.23895173
22	BensonV1	inverse_cdf	242	0.08707839	-0.12507	0.00347682	-0.12854682	0.14937152
22	BensonV1	inverse_cdf	125	0.08669692	0.34274387	0.19170195	0.15104192	0.14677098
22	BensonV1	inverse_cdf	186	0.086051226	0.17913653	-0.013069442	0.19220597	0.3013319
22	BensonV1	inverse_cdf	225	0.08429527	0.2074717	0.32495654	-0.11748484	0.29450187
22	BensonV1	inverse_cdf	260	0.08354133	0.151539	0.1878068	-0.036267802	0.17280081
22	BensonV1	inverse_cdf	302	0.08316302	0.33040816	0.34415278	-0.0137446225	0.06804854
22	BensonV1	inverse_cdf	268	0.08277404	0.30140945	0.35241705	-0.0510076	0.13977937
22	BensonV1	inverse_cdf	214	0.08211911	-0.18185173	-0.037704993	-0.14414674	0.29412174
22	BensonV1	inverse_cdf	90	0.08207774	-0.009120301	-0.30638692	0.2972666	0.044794608
22	BensonV1	inverse_cdf	408	0.08172095	-0.0426499	-0.20967901	0.16702911	0.15861449
22	BensonV1	inverse_cdf	43	0.080928266	0.3534427	0.37103018	-0.017587483	0.17180452
22	BensonV1	inverse_cdf	372	0.08084023	0.64029443	0.51999736	0.120297074	0.19909127
22	BensonV1	inverse_cdf	128	0.079711676	0.3235696	0.61484843	-0.29127884	0.10049343
22	BensonV1	inverse_cdf	316	0.07943857	0.47987178	0.5296906	-0.049818844	0.094702266
22	BensonV1	inverse_cdf	671	0.0794096	-0.26537955	-0.24933292	-0.016046628	0.1360695
22	BensonV1	inverse_cdf	457	0.07936835	0.31708747	0.27639228	0.04069519	0.13085085
22	BensonV1	inverse_cdf	181	0.07866299	0.33054447	0.09198109	0.23856339	0.17027329
22	BensonV1	inverse_cdf	163	0.07685453	0.15692715	0.28290454	-0.12597738	0.17959754
22	BensonV1	inverse_cdf	378	0.07610375	0.19958207	0.34903905	-0.14945698	0.14567956
22	BensonV1	inverse_cdf	301	0.07593095	-0.34048283	-0.15294787	-0.18753496	0.09581214
22	BensonV1	inverse_cdf	143	0.074785054	0.39311895	0.20389098	0.18922797	0.1017126
22	BensonV1	inverse_cdf	172	0.074284375	0.2044863	0.35756186	-0.15307556	0.09730384
22	BensonV1	inverse_cdf	259	0.074018955	0.3655633	0.35860643	0.0069568753	0.26883382
22	BensonV1	inverse_cdf	308	0.073578	0.15883325	0.34361187	-0.18477862	0.07664138
22	BensonV1	inverse_cdf	680	0.07242811	0.10570851	-0.11439823	0.22010675	0.149784
22	BensonV1	inverse_cdf	506	0.071498156	0.10544862	0.08847514	0.01697348	0.10411011
22	BensonV1	inverse_cdf	148	0.07123083	0.10375481	0.010408903	0.09334591	0.10030656
22	BensonV1	inverse_cdf	267	0.070261896	0.27108556	0.2085262	0.062559366	0.1920518
22	BensonV1	inverse_cdf	349	0.070185244	0.027719047	-0.06984367	0.097562715	0.20381773
22	BensonV1	inverse_cdf	583	0.069334924	-0.15203878	-0.021712633	-0.13032615	0.15575185
22	BensonV1	inverse_cdf	164	0.06929004	0.057593998	0.2781455	-0.22055149	0.1611546
22	BensonV1	inverse_cdf	41	0.06918967	-0.13026899	-0.40310204	0.27283305	0.10725215
22	BensonV1	inverse_cdf	684	0.06859404	-0.1833254	-0.103148796	-0.0801766	0.14589605
22	BensonV1	inverse_cdf	311	0.068571866	0.14593264	0.25420362	-0.10827097	0.1271802
22	BensonV1	inverse_cdf	25	0.06848216	0.42120695	0.4831394	-0.061932445	0.09655123
22	BensonV1	inverse_cdf	47	0.06847125	-0.049287785	-0.035547797	-0.013739988	0.082474306
22	BensonV1	inverse_cdf	384	0.067928135	0.21852891	0.4631948	-0.24466588	0.12257049
22	BensonV1	inverse_cdf	545	0.06767434	0.14077936	0.13058713	0.01019223	0.47404626
22	BensonV1	inverse_cdf	657	0.06765342	0.23489164	0.1815894	0.053302243	0.16276467
22	BensonV1	inverse_cdf	249	0.06746268	0.46583334	0.5815295	-0.11569616	0.10351056
22	BensonV1	inverse_cdf	497	0.067358136	0.59372807	0.57978946	0.013938606	0.25842494
22	BensonV1	inverse_cdf	699	0.06715608	-0.06742554	-0.26635852	0.19893298	0.23521926
22	BensonV1	inverse_cdf	606	0.066339076	-0.18425761	-0.15053448	-0.03372313	0.14346819
22	BensonV1	inverse_cdf	103	0.06594914	0.3997113	0.3259109	0.073800415	0.16143827
22	BensonV1	inverse_cdf	532	0.06571537	-0.047390886	0.20937404	-0.25676492	0.2766823
22	BensonV1	inverse_cdf	585	0.065449834	0.12715992	0.15776815	-0.030608222	0.17560454
22	BensonV1	inverse_cdf	745	0.06535387	0.2994429	0.10043086	0.19901203	0.10676969
22	BensonV1	inverse_cdf	696	0.06513274	-0.20260143	-0.3844448	0.18184337	0.0900831
22	BensonV1	inverse_cdf	399	0.0650416	0.15263705	0.33370817	-0.18107112	0.12523836
22	BensonV1	inverse_cdf	377	0.06475401	0.40948147	0.5301181	-0.12063664	0.13633035
22	BensonV1	inverse_cdf	174	0.06251985	0.03982608	0.23912542	-0.19929934	0.14753568
22	BensonV1	inverse_cdf	101	0.06225425	0.45750597	0.279156	0.17834997	0.13705768
22	BensonV1	inverse_cdf	448	0.06215173	-0.012020903	-0.07120837	0.059187472	1.1647935
22	BensonV1	inverse_cdf	87	0.06188464	-0.074616276	-0.38625315	0.31163687	0.073115975
22	BensonV1	inverse_cdf	636	0.061458707	0.06846012	0.07869328	-0.010233156	0.061829068
22	NPCr	cdf	462	0.11862463	0.07309263	0.03805216	0.03504047	0.13328947
22	NPCr	cdf	535	0.11408144	-0.0008144612	0.07428003	-0.07509449	0.10251434
22	NPCr	cdf	96	0.09654486	-0.26574746	-0.07970925	-0.18603821	0.076438405
22	NPCr	cdf	8	0.089283526	0.045371976	-0.16638605	0.21175803	0.17139381
22	NPCr	cdf	567	0.08418095	0.12526666	-0.07209123	0.1973579	0.15966721
22	NPCr	cdf	404	0.084044814	-0.33069432	-0.40304792	0.0723536	0.17758481
22	NPCr	cdf	495	0.08361304	0.18493517	0.2734308	-0.08849563	0.12190202
22	NPCr	cdf	225	0.08330345	-0.0035636057	-0.0115251355	0.00796153	0.26763973
22	NPCr	cdf	181	0.081799924	-0.23476255	-0.32454604	0.08978349	0.22492096
22	NPCr	cdf	100	0.08154976	-0.25475347	-0.39132354	0.13657007	0.24189927
22	NPCr	cdf	700	0.07840556	0.31172287	-0.06998624	0.3817091	0.12729548
22	NPCr	cdf	735	0.0782004	0.04600599	-0.03612772	0.08213371	0.07180106
22	NPCr	cdf	304	0.07812673	0.26260504	0.13841347	0.12419157	0.090198696
22	NPCr	cdf	327	0.076376975	-0.03152842	-0.0644277	0.032899283	0.14183913
22	NPCr	cdf	722	0.076272964	-0.08536783	-0.0014553075	-0.08391252	0.114751585
22	NPCr	cdf	599	0.07518053	-0.28302878	-0.21639168	-0.0666371	0.17176095
22	NPCr	cdf	105	0.07509363	-0.37234202	-0.2881262	-0.08421582	0.19388619
22	NPCr	cdf	34	0.07005775	-0.20401219	-0.17865205	-0.025360137	0.12830427
22	NPCr	cdf	39	0.069122374	0.16006728	0.26486012	-0.10479285	0.1835751
22	NPCr	cdf	671	0.06835073	0.25912905	0.020530524	0.23859853	0.10832219
22	NPCr	cdf	371	0.06802642	-0.2087278	-0.19857295	-0.010154858	0.13952886
22	NPCr	cdf	578	0.06785929	0.03242664	-0.0036690182	0.03609566	0.13045578
22	NPCr	cdf	459	0.067801714	-0.14348063	-0.100752346	-0.042728283	0.05594668
22	NPCr	cdf	709	0.066348016	-0.022902198	0.044656318	-0.06755851	0.07106472
22	NPCr	cdf	31	0.066291034	-0.2401676	0.026615836	-0.26678345	0.19355224
22	NPCr	cdf	128	0.06623721	-0.41589284	-0.25388217	-0.16201067	0.13077486
22	NPCr	cdf	0	0.06601572	-0.5485305	-0.2537158	-0.2948147	0.1425042
22	NPCr	cdf	131	0.065826416	-0.2461385	0.018382233	-0.26452073	0.14288145
22	NPCr	cdf	762	0.06527996	0.15751982	0.31125396	-0.15373415	0.15513347
22	NPCr	cdf	369	0.06508267	0.05039089	0.012085553	0.03830534	0.15915823
22	NPCr	cdf	745	0.0650602	0.049267918	0.20301399	-0.15374607	0.10978627
22	NPCr	cdf	73	0.06485021	-0.46078658	-0.31895465	-0.14183193	0.28755257
22	NPCr	cdf	473	0.063851714	0.215225	0.23179677	-0.016571775	0.14179449
22	NPCr	cdf	668	0.06367129	0.068112694	0.009107838	0.059004854	0.13338731
22	NPCr	cdf	768	0.06325728	-0.049500916	-0.16270544	0.113204524	0.24574718
22	NPCr	cdf	512	0.06290549	0.17819227	0.20904955	-0.03085728	0.11860837
22	NPCr	cdf	569	0.06192231	-0.11559977	-0.06957584	-0.046023928	0.08107183
22	NPCr	cdf	707	0.061701	-0.37208816	-0.4050824	0.03299424	0.07217154
22	NPCr	cdf	226	0.061673164	0.49291518	0.56300056	-0.07008538	0.16360742
22	NPCr	cdf	514	0.06150621	-0.062754385	-0.1699888	0.10723441	0.18176186
22	NPCr	cdf	5	0.061313927	0.13801162	0.04489563	0.093115985	0.29935876
22	NPCr	cdf	53	0.06123191	0.055984627	0.26709569	-0.21111105	0.07102759
22	NPCr	cdf	619	0.061200142	-0.010425627	-0.073520966	0.06309534	0.06760299
22	NPCr	cdf	318	0.06015885	0.115683384	0.058070414	0.05761297	0.18747206
22	NPCr	cdf	359	0.059325397	0.13691728	0.1446938	-0.0077765286	0.07297226
22	NPCr	cdf	231	0.058873832	0.4950208	0.57272863	-0.07770783	0.17487219
22	NPCr	cdf	572	0.058787227	-0.14514789	-0.08593094	-0.059216946	0.08155719
22	NPCr	cdf	242	0.05805379	-0.41920915	-0.42267793	0.0034687817	0.22177105
22	NPCr	cdf	121	0.05735141	0.4582154	0.6767269	-0.21851149	0.16401449
22	NPCr	cdf	522	0.05723059	-0.14810942	-0.35355794	0.20544852	0.09429627
22	NPCr	cdf	33	0.05721253	0.18224204	0.37100047	-0.18875843	0.09503891
22	NPCr	cdf	500	0.057052672	0.44164273	0.4735089	-0.031866163	0.1597364
22	NPCr	cdf	195	0.056837916	0.28805193	0.3137866	-0.025734663	0.13711216
22	NPCr	cdf	748	0.056530535	0.26285592	0.22412561	0.03873031	0.14199264
22	NPCr	cdf	539	0.056247115	0.4859269	0.6736781	-0.1877512	0.16065194
22	NPCr	cdf	588	0.056104124	0.054610346	0.09295837	-0.038348023	0.2306775
22	NPCr	cdf	705	0.05584383	0.118086964	0.39170623	-0.27361926	0.06289606
22	NPCr	cdf	61	0.055296063	-0.03452009	0.0073076766	-0.041827768	0.09900432
22	NPCr	cdf	766	0.055063605	0.12046838	-0.07824251	0.19871089	0.10540757
22	NPCr	cdf	598	0.054937243	-0.50666547	-0.41557738	-0.09108809	0.22743332
22	NPCr	cdf	750	0.053825855	-0.032325428	-0.055788673	0.023463245	0.11723648
22	NPCr	cdf	726	0.053741753	-0.57406086	-0.62763244	0.05357158	0.12155287
22	NPCr	cdf	296	0.05329418	0.3196004	0.20209402	0.117506385	0.14259943
22	NPCr	cdf	584	0.05272734	0.05081058	0.041908707	0.008901872	0.1703409
22	NPCr	cdf	297	0.052713394	-0.32407734	-0.2352768	-0.088800535	0.1608582
22	NPCr	cdf	280	0.05266261	0.68991286	0.8557403	-0.16582745	0.21001934
22	NPCr	cdf	463	0.052600384	-0.5001674	-0.59888655	0.09871912	0.12184879
22	NPCr	cdf	737	0.052250624	-0.48940656	-0.3209886	-0.16841796	0.09252561
22	NPCr	cdf	496	0.05224943	0.13070625	0.10884373	0.021862522	0.117464565
22	NPCr	cdf	480	0.05218351	-0.07159473	-0.29073313	0.2191384	0.7743691
22	NPCr	cdf	708	0.05176425	-0.105085	-0.09100173	-0.014083274	0.07255144
22	NPCr	cdf	322	0.05146861	0.042320542	-0.08916813	0.13148868	0.1090566
22	NPCr	cdf	32	0.051433742	-0.29758218	-0.43058988	0.1330077	0.13537191
22	NPCr	cdf	420	0.051404893	-0.08464909	-0.29483595	0.21018687	0.3681219
22	NPCr	cdf	486	0.051314235	0.053865314	0.009457759	0.044407554	0.08478639
22	NPCr	cdf	95	0.05126947	-0.38277256	-0.09230196	-0.2904706	0.10442689
22	NPCr	cdf	253	0.05098903	-0.18725796	-0.07811537	-0.109142594	0.09873292
22	NPCr	cdf	608	0.050962687	0.03024951	-0.21935451	0.24960402	0.21518123
22	NPCr	cdf	469	0.05095184	-0.17771293	-0.2555549	0.07784198	0.30902892
22	NPCr	cdf	336	0.050644994	-0.1551419	-0.015927223	-0.13921468	0.06577692
22	NPCr	cdf	76	0.050447643	-0.101607084	0.07929261	-0.1808997	0.16893311
22	NPCr	cdf	43	0.049966514	0.40374902	0.24194233	0.16180669	0.07563868
22	NPCr	cdf	594	0.049796462	0.045189876	0.091446385	-0.04625651	0.092871964
22	NPCr	cdf	615	0.04943216	0.47333315	0.6628252	-0.18949208	0.12212604
22	NPCr	cdf	35	0.049365997	-0.33185676	0.04651572	-0.3783725	0.14114848
22	NPCr	cdf	581	0.04900831	-0.03398758	-0.19799614	0.16400856	0.17167169
22	NPCr	cdf	23	0.048948348	-0.15588287	-0.09780659	-0.058076277	0.061400544
22	NPCr	cdf	643	0.04893595	0.030255696	-0.21257818	0.24283387	0.25214183
22	NPCr	cdf	251	0.04888612	-0.00046406576	0.12813134	-0.12859541	0.08308825
22	NPCr	cdf	394	0.04881841	0.20907187	0.09289341	0.11617847	0.17722213
22	NPCr	cdf	101	0.048800588	-0.6487431	-0.1836711	-0.46507198	0.18181954
22	NPCr	cdf	502	0.048592865	-0.015179102	-0.03168241	0.016503308	0.2121315
22	NPCr	cdf	17	0.048561573	0.20108075	0.17204225	0.029038504	0.22351018
22	NPCr	cdf	188	0.048484743	-0.2632635	-0.17510836	-0.088155136	0.10235707
22	NPCr	cdf	171	0.04833615	-0.086869806	0.15005936	-0.23692916	0.12329181
22	NPCr	cdf	84	0.04821962	0.1518822	0.1268387	0.025043502	0.08329142
22	NPCr	cdf	313	0.047719657	0.25944394	0.04965784	0.2097861	0.13286746
22	NPCr	cdf	686	0.047641754	-0.06782554	-0.2199179	0.15209235	0.1035551
22	NPCr	cdf	89	0.047566473	0.44877875	0.47663832	-0.027859569	0.14792474
22	NPCr	cdf	126	0.047564507	0.39104673	0.2627351	0.12831163	0.10586893
22	NPCr	inverse_cdf	163	0.23588556	0.3501748	0.35632575	-0.006150931	0.18410274
22	NPCr	inverse_cdf	214	0.18833053	0.33387145	0.35369706	-0.019825608	0.18329526
22	NPCr	inverse_cdf	280	0.1089651	0.5405671	0.50615144	0.034415662	0.17670637
22	NPCr	inverse_cdf	375	0.105656564	0.29863405	0.2854573	0.013176739	0.08200731
22	NPCr	inverse_cdf	203	0.10238099	0.34011406	0.30863282	0.031481236	0.10027176
22	NPCr	inverse_cdf	587	0.09265143	0.03554654	0.052764103	-0.017217562	0.5136258
22	NPCr	inverse_cdf	125	0.09124982	0.5376523	0.5045726	0.033079743	0.12744296
22	NPCr	inverse_cdf	347	0.089720786	0.30099097	0.3808455	-0.07985452	0.10109889
22	NPCr	inverse_cdf	215	0.08969253	0.56059295	0.40905643	0.15153652	0.13500263
22	NPCr	inverse_cdf	282	0.08798438	0.26427326	0.04926422	0.21500903	0.11695657
22	NPCr	inverse_cdf	121	0.08756882	0.51193994	0.516322	-0.004382074	0.11308757
22	NPCr	inverse_cdf	591	0.086034596	-0.031717077	-0.22576386	0.19404678	0.08268728
22	NPCr	inverse_cdf	679	0.08531642	0.22151121	-0.16986072	0.39137194	0.34449568
22	NPCr	inverse_cdf	465	0.08468002	0.16749436	-0.14450169	0.31199604	0.17321031
22	NPCr	inverse_cdf	222	0.08462703	-0.31176203	-0.4222783	0.11051628	0.06940335
22	NPCr	inverse_cdf	77	0.08387053	0.27959558	0.023738822	0.25585675	0.074573345
22	NPCr	inverse_cdf	411	0.0838567	0.29456994	0.14969784	0.1448721	0.11816514
22	NPCr	inverse_cdf	442	0.08027452	0.348638	0.17240946	0.17622854	0.16434151
22	NPCr	inverse_cdf	206	0.07939857	-0.0663816	-0.2558308	0.18944919	0.44050735
22	NPCr	inverse_cdf	377	0.07934213	0.100207716	-0.07340975	0.17361747	0.6845388
22	NPCr	inverse_cdf	659	0.079128325	0.15500036	-0.11612851	0.27112886	0.21714053
22	NPCr	inverse_cdf	420	0.07882953	-0.25468662	-0.28784782	0.033161193	0.41503698
22	NPCr	inverse_cdf	456	0.078525186	-0.12903284	-0.21557032	0.08653748	0.15889202
22	NPCr	inverse_cdf	557	0.078092515	-0.35898536	-0.24352106	-0.1154643	0.1195369
22	NPCr	inverse_cdf	43	0.07779223	0.2879116	0.0110560255	0.27685556	0.08632524
22	NPCr	inverse_cdf	136	0.07734376	-0.16596875	-0.37310377	0.20713502	0.13304475
22	NPCr	inverse_cdf	63	0.07723415	-0.28301436	-0.23498173	-0.048032627	0.078986585
22	NPCr	inverse_cdf	300	0.07627761	0.003786975	-0.3283808	0.33216777	0.38472602
22	NPCr	inverse_cdf	615	0.07595825	0.33586428	0.18041472	0.15544955	0.10282633
22	NPCr	inverse_cdf	233	0.0758487	-0.16037391	-0.2959665	0.1355926	0.106492706
22	NPCr	inverse_cdf	71	0.07540083	-0.31394318	-0.30668667	-0.007256508	0.07991614
22	NPCr	inverse_cdf	492	0.07521373	0.15993623	-0.16869344	0.32862967	0.3137664
22	NPCr	inverse_cdf	675	0.07490051	0.2995111	0.32771719	-0.02820608	0.1918903
22	NPCr	inverse_cdf	433	0.074879825	0.30152884	0.089286216	0.21224263	0.19379303
22	NPCr	inverse_cdf	461	0.07455844	0.26813802	-0.22931278	0.4974508	0.1775518
22	NPCr	inverse_cdf	73	0.074513316	-0.2669514	-0.39634076	0.12938935	0.1892429
22	NPCr	inverse_cdf	330	0.07430458	-0.24475273	-0.0676143	-0.17713843	0.3680472
22	NPCr	inverse_cdf	624	0.073622346	0.22709757	0.14488766	0.082209915	0.28539294
22	NPCr	inverse_cdf	625	0.0736053	0.15559551	0.19657984	-0.040984333	0.14354584
22	NPCr	inverse_cdf	41	0.07314646	0.29302278	0.15039714	0.14262564	0.064868055
22	NPCr	inverse_cdf	130	0.07253945	0.06380865	0.2778497	-0.21404105	0.47663277
22	NPCr	inverse_cdf	226	0.07226294	0.4495051	0.46168098	-0.012175888	0.10634575
22	NPCr	inverse_cdf	606	0.07199216	-0.13620391	0.05144195	-0.18764587	0.22522205
22	NPCr	inverse_cdf	680	0.071938455	-0.1829087	-0.051632203	-0.13127649	1.2145386
22	NPCr	inverse_cdf	138	0.071431935	0.15206465	-0.31436148	0.46642613	0.17671478
22	NPCr	inverse_cdf	597	0.0709362	0.104118556	-0.32029554	0.4244141	0.21906804
22	NPCr	inverse_cdf	367	0.07031256	0.076790325	0.10357659	-0.026786268	0.10088343
22	NPCr	inverse_cdf	333	0.07031131	-0.3253146	-0.21158032	-0.11373429	0.13382776
22	NPCr	inverse_cdf	622	0.06974232	0.0346048	0.0041555176	0.030449282	0.35383174
22	NPCr	inverse_cdf	532	0.06948602	-0.2244606	-0.2979444	0.073483795	0.38273755
22	NPCr	inverse_cdf	251	0.0694291	0.06200987	-0.1734661	0.23547597	0.10263044
22	NPCr	inverse_cdf	588	0.06921786	0.094929315	-0.11986046	0.21478978	0.2666061
22	NPCr	inverse_cdf	713	0.067525744	-0.18111704	-0.1389415	-0.042175546	0.11989718
22	NPCr	inverse_cdf	268	0.06732571	-0.20110224	-0.43967372	0.23857148	0.40608564
22	NPCr	inverse_cdf	102	0.06724137	0.07144017	-0.01832726	0.089767426	0.08427686
22	NPCr	inverse_cdf	634	0.067046106	0.25123456	0.057810448	0.1934241	0.098507375
22	NPCr	inverse_cdf	635	0.06696308	0.3252869	0.13254431	0.19274259	0.13789345
22	NPCr	inverse_cdf	771	0.0667994	0.08963229	0.054080963	0.035551324	0.08997903
22	NPCr	inverse_cdf	240	0.066601396	0.3354626	0.26173034	0.07373226	0.119031005
22	NPCr	inverse_cdf	694	0.06599212	0.1915441	0.1349943	0.056549802	0.11603241
22	NPCr	inverse_cdf	421	0.06581026	-0.052714787	0.04672813	-0.099442914	0.24107158
22	NPCr	inverse_cdf	232	0.06563562	0.26841098	0.11180908	0.1566019	0.13801883
22	NPCr	inverse_cdf	506	0.065000534	0.029818136	-0.13900107	0.1688192	0.073579535
22	NPCr	inverse_cdf	579	0.06458509	0.04182542	0.08864923	-0.046823807	0.26652873
22	NPCr	inverse_cdf	711	0.06428152	0.25637066	0.11891384	0.13745683	0.14290714
22	NPCr	inverse_cdf	550	0.06376147	0.10567724	0.32774407	-0.22206682	0.10382105
22	NPCr	inverse_cdf	650	0.06330925	0.073235735	0.03833992	0.034895815	0.12590429
22	NPCr	inverse_cdf	577	0.06308049	0.19289677	0.35668182	-0.16378506	0.83971655
22	NPCr	inverse_cdf	565	0.062643886	0.4051033	0.24691294	0.15819035	0.0705706
22	NPCr	inverse_cdf	387	0.06261873	-0.014001626	-0.15121236	0.13721074	0.067058235
22	NPCr	inverse_cdf	58	0.06259835	-0.26838076	0.0677577	-0.33613846	0.08600742
22	NPCr	inverse_cdf	364	0.062196314	-0.42344055	-0.44609076	0.022650212	0.08056037
22	NPCr	inverse_cdf	538	0.06169671	0.4594171	0.36488137	0.09453574	0.12810652
22	NPCr	inverse_cdf	590	0.06059885	-0.012176798	0.05596677	-0.06814357	0.102713116
22	NPCr	inverse_cdf	491	0.060528636	0.2165336	0.05937705	0.15715656	0.2552212
22	NPCr	inverse_cdf	385	0.06049359	0.3938782	0.21611863	0.17775956	0.10905081
22	NPCr	inverse_cdf	431	0.05999452	0.24240144	0.0036985006	0.23870294	0.15149356
22	NPCr	inverse_cdf	156	0.059884965	-0.32984692	-0.36234346	0.03249654	0.0936982
22	NPCr	inverse_cdf	295	0.059855163	0.22310619	0.05118013	0.17192605	0.14824784
22	NPCr	inverse_cdf	626	0.0596745	0.12184275	0.019726766	0.10211598	0.08326649
22	NPCr	inverse_cdf	274	0.059357047	-0.028106129	-0.21254364	0.18443751	0.0683984
22	NPCr	inverse_cdf	267	0.05851406	0.17120884	-0.05885982	0.23006867	0.08581853
22	NPCr	inverse_cdf	480	0.05834645	-0.13437669	-0.35041183	0.21603514	0.74585915
22	NPCr	inverse_cdf	734	0.058192313	0.22059616	0.34543648	-0.12484032	0.08113496
22	NPCr	inverse_cdf	760	0.057995558	-0.0014818661	-0.20939665	0.20791478	0.40117508
22	NPCr	inverse_cdf	757	0.057830334	-0.2201701	-0.299282	0.07911192	0.059334256
22	NPCr	inverse_cdf	541	0.057457983	0.20689344	0.036494903	0.17039853	0.1483106
22	NPCr	inverse_cdf	117	0.057363153	0.12996596	-0.059760205	0.18972617	0.7326909
22	NPCr	inverse_cdf	343	0.057261944	-0.1576716	-0.2432973	0.08562569	0.075265884
22	NPCr	inverse_cdf	358	0.057142794	0.11444509	0.24619578	-0.13175069	0.08520367
22	NPCr	inverse_cdf	563	0.057008862	-0.24670766	-0.20489179	-0.041815877	0.13148472
22	NPCr	inverse_cdf	754	0.056996405	0.16817208	0.039920315	0.12825176	0.1235178
22	NPCr	inverse_cdf	89	0.056907356	0.2072056	0.20360167	0.0036039203	0.12250583
22	NPCr	inverse_cdf	98	0.056600213	0.32682642	0.08782855	0.23899788	0.08731342
22	NPCr	inverse_cdf	537	0.056043506	0.14744142	0.41984004	-0.27239862	0.080137424
22	NPCr	inverse_cdf	611	0.055517018	-0.24517144	-0.0951742	-0.14999723	0.12578669
22	NPCr	inverse_cdf	531	0.055279493	0.08351941	0.03924543	0.044273976	0.47464785
22	NPCr	inverse_cdf	62	0.054540753	-0.25312608	-0.25196558	-0.0011605024	0.10308358
22	NPCr	inverse_cdf	209	0.054241717	-0.26301187	-0.4155121	0.15250024	0.067715265
22	NPCr	inverse_cdf	170	0.05410266	-0.078107	-0.18280256	0.10469556	0.15270072
23	BensonV1	cdf	399	0.11255163	0.32044837	0.47781235	-0.15736398	0.060490847
23	BensonV1	cdf	314	0.09769809	-0.27456883	-0.2817842	0.0072153807	0.19981411
23	BensonV1	cdf	153	0.09144956	-0.37520385	-0.25086263	-0.12434122	0.17589861
23	BensonV1	cdf	388	0.091337144	-0.09059245	-0.17974307	0.089150615	0.25946164
23	BensonV1	cdf	607	0.087121606	-0.0070152837	0.109303944	-0.116319224	0.19713047
23	BensonV1	cdf	486	0.08681613	0.2441901	0.41447124	-0.17028114	0.100351125
23	BensonV1	cdf	86	0.0852232	0.10754947	0.024795959	0.08275352	0.16122565
23	BensonV1	cdf	540	0.08331525	0.2140389	0.18279654	0.031242356	0.19715573
23	BensonV1	cdf	152	0.080732465	-0.02582992	-0.16753063	0.1417007	0.15847978
23	BensonV1	cdf	306	0.07982987	0.124032125	0.27952388	-0.15549175	0.1838769
23	BensonV1	cdf	339	0.07913095	-0.31106657	-0.14103265	-0.17003392	0.17156345
23	BensonV1	cdf	428	0.07844454	0.17539924	0.25581458	-0.08041534	0.24834242
23	BensonV1	cdf	551	0.07807022	0.06639084	-0.020112107	0.08650295	0.10663188
23	BensonV1	cdf	392	0.077034116	0.14712521	0.20522384	-0.05809863	0.13650522
23	BensonV1	cdf	387	0.07549447	0.039933875	-0.01900539	0.058939263	0.29265666
23	BensonV1	cdf	502	0.075433075	0.15229768	0.20023389	-0.047936216	0.2197052
23	BensonV1	cdf	586	0.07413918	-0.15754315	-0.0063360734	-0.15120707	0.107119195
23	BensonV1	cdf	262	0.07403791	0.05327957	0.19619209	-0.1429125	0.14454186
23	BensonV1	cdf	384	0.07354194	-0.2910584	-0.22108741	-0.06997098	0.64945763
23	BensonV1	cdf	514	0.07237667	-0.067698166	0.0887359	-0.15643406	0.14440326
23	BensonV1	cdf	317	0.07209349	-0.37384957	-0.26253074	-0.11131883	0.21768078
23	BensonV1	cdf	600	0.07202721	-0.10555644	-0.15787475	0.052318305	0.20445748
23	BensonV1	cdf	277	0.071890354	0.22981548	0.12753262	0.10228287	0.43133166
23	BensonV1	cdf	459	0.07112461	-0.39291117	-0.30061758	-0.09229359	0.08556555
23	BensonV1	cdf	537	0.07111603	0.09524322	0.11488479	-0.019641563	0.15040086
23	BensonV1	cdf	386	0.07091588	0.14470464	0.02564722	0.11905742	0.39885584
23	BensonV1	cdf	324	0.069795966	-0.08973589	-0.02503817	-0.06469772	0.17229389
23	BensonV1	cdf	116	0.06921995	-0.03368887	0.026169626	-0.059858494	0.14087078
23	BensonV1	cdf	483	0.06855649	0.31211096	0.46920794	-0.15709698	0.15332028
23	BensonV1	cdf	42	0.068002045	-0.2379897	-0.11901606	-0.118973635	0.09487327
23	BensonV1	cdf	568	0.0678947	-0.10709846	-0.1070446	-5.3860247e-05	0.09773887
23	BensonV1	cdf	475	0.06753248	-0.05324255	-0.09531594	0.04207339	0.2484161
23	BensonV1	cdf	608	0.06739491	0.2567329	0.39255512	-0.1358222	0.24108006
23	BensonV1	cdf	573	0.06687635	-0.014382655	0.31382722	-0.32820988	0.17186116
23	BensonV1	cdf	513	0.06643623	-0.061308697	0.16241637	-0.22372507	0.07789369
23	BensonV1	cdf	216	0.06597984	-0.33756435	-0.38599467	0.048430324	0.43309775
23	BensonV1	cdf	366	0.06504208	-0.027532928	0.1285359	-0.15606883	0.076209225
23	BensonV1	cdf	549	0.06365526	-0.24046955	-0.20174822	-0.038721323	0.13727453
23	BensonV1	cdf	451	0.063333035	-0.08831531	-0.14052987	0.052214563	0.13641067
23	BensonV1	cdf	214	0.0627082	-0.27581283	-0.22505811	-0.050754726	0.43068305
23	BensonV1	cdf	450	0.06257731	-0.3797636	-0.34816274	-0.031600863	0.079722606
23	BensonV1	cdf	605	0.062386334	0.11244764	-0.1876765	0.30012414	0.10061686
23	BensonV1	cdf	493	0.0623585	-0.006170526	0.16020857	-0.1663791	0.071277454
23	BensonV1	cdf	553	0.061696768	-0.04147083	-0.062203847	0.020733017	0.058970522
23	BensonV1	cdf	505	0.061140478	0.0050261547	0.12682548	-0.12179933	0.22080666
23	BensonV1	cdf	350	0.060231626	-0.041520078	-0.0669512	0.025431123	0.2458782
23	BensonV1	cdf	581	0.060028613	0.11045455	0.29527393	-0.18481937	0.099228725
23	BensonV1	cdf	326	0.059916377	-0.001905267	-0.019712504	0.017807238	0.21966588
23	BensonV1	cdf	456	0.059907198	-0.21084976	0.057313282	-0.26816306	0.074038245
23	BensonV1	cdf	20	0.05984342	-0.27679214	-0.08042909	-0.19636305	0.13878326
23	BensonV1	cdf	415	0.0598135	-0.16339265	0.072664216	-0.23605686	0.15947208
23	BensonV1	cdf	444	0.059503555	-0.61975527	-0.5029291	-0.11682618	0.04775078
23	BensonV1	cdf	212	0.059442163	-0.6117048	-0.60191077	-0.009794056	0.25008067
23	BensonV1	cdf	188	0.059329927	-0.25761363	-0.06097358	-0.19664004	0.47584388
23	BensonV1	cdf	368	0.059010684	-0.16151409	-0.26122856	0.09971447	0.101296976
23	BensonV1	cdf	635	0.058984876	-0.12038489	-0.14839885	0.02801396	0.09797303
23	BensonV1	cdf	242	0.058630764	-0.33065197	-0.19901346	-0.13163851	0.20973973
23	BensonV1	cdf	228	0.058208227	0.13603267	0.3322567	-0.19622403	0.09607606
23	BensonV1	cdf	472	0.05796528	-0.13123047	0.099684335	-0.2309148	0.1711145
23	BensonV1	cdf	545	0.056991518	-0.030064642	0.06473053	-0.094795175	0.1560614
23	BensonV1	cdf	383	0.05693519	0.013528076	0.014967603	-0.0014395267	0.53617203
23	BensonV1	cdf	508	0.056753814	-0.2347495	-0.1412518	-0.09349769	0.13143787
23	BensonV1	cdf	5	0.056474447	0.027603757	0.083400756	-0.055797	0.18985945
23	BensonV1	cdf	74	0.056111634	0.3740316	0.4257916	-0.051759988	0.11100618
23	BensonV1	cdf	430	0.056039214	0.13939875	0.58053195	-0.4411332	0.35097757
23	BensonV1	cdf	651	0.05584818	0.0129308	0.21341163	-0.20048083	0.6847702
23	BensonV1	cdf	223	0.05570382	-0.029655453	0.03770728	-0.06736273	0.3824812
23	BensonV1	cdf	582	0.054691076	0.27418032	0.30873215	-0.03455183	0.04810803
23	BensonV1	cdf	445	0.05448574	0.009838874	0.035012502	-0.025173627	0.10254579
23	BensonV1	cdf	577	0.054341912	-0.18533887	-0.27011397	0.084775105	0.07447006
23	BensonV1	cdf	393	0.05410987	-0.18471262	-0.18304168	-0.0016709417	0.087411225
23	BensonV1	cdf	189	0.05382222	-0.59736073	-0.59257966	-0.0047810674	0.1404249
23	BensonV1	cdf	305	0.053669035	-0.1704486	-0.07879886	-0.09164974	0.2100093
23	BensonV1	cdf	345	0.053371847	-0.038728766	0.02003446	-0.05876323	0.10482508
23	BensonV1	cdf	542	0.05318886	-0.11994028	-0.055148453	-0.06479183	0.15216897
23	BensonV1	cdf	355	0.052324057	0.20429197	0.10249175	0.10180022	0.116973236
23	BensonV1	cdf	592	0.052169263	-0.0058920817	0.113502815	-0.1193949	0.13131465
23	BensonV1	cdf	62	0.051437616	0.106917754	0.25202528	-0.14510752	0.1450294
23	BensonV1	cdf	504	0.051153958	-0.22973168	-0.16067247	-0.06905921	0.05610384
23	BensonV1	cdf	89	0.0509246	0.15032685	-0.026485268	0.17681211	0.11402344
23	BensonV1	cdf	321	0.050918758	0.07759973	-0.027676918	0.105276644	0.14175639
23	BensonV1	cdf	543	0.050559163	0.09029982	0.035710912	0.05458891	0.078337766
23	BensonV1	cdf	66	0.05042094	0.3743925	0.13189659	0.24249592	0.24923292
23	BensonV1	cdf	510	0.050325155	0.2518305	0.20978136	0.042049125	0.13294436
23	BensonV1	cdf	253	0.049631298	0.14052787	0.017813936	0.12271394	0.08078956
23	BensonV1	cdf	588	0.049533367	-0.086982034	-0.060997628	-0.025984406	0.07943765
23	BensonV1	cdf	99	0.04948294	0.17241229	0.14258875	0.029823542	0.08927502
23	BensonV1	cdf	503	0.048567712	0.20424275	0.032856576	0.17138618	0.12184711
23	BensonV1	cdf	479	0.048425436	-0.028869156	-0.019191824	-0.009677332	0.37436885
23	BensonV1	cdf	488	0.04837674	0.15493798	0.15410823	0.00082975626	0.058683
23	BensonV1	cdf	518	0.048270762	-0.12627178	-0.041792765	-0.08447902	0.1804169
23	BensonV1	cdf	319	0.048207283	-0.08433842	-0.03480726	-0.049531158	0.13610362
23	BensonV1	cdf	299	0.04820347	-0.52039456	-0.34515283	-0.17524174	0.2051771
23	BensonV1	cdf	389	0.048101604	0.13724498	0.1326113	0.00463368	0.2555298
23	BensonV1	cdf	207	0.047965348	-0.02749812	0.010423238	-0.037921358	0.06906209
23	BensonV1	cdf	373	0.04782325	0.057737384	0.23407322	-0.17633584	0.10081204
23	BensonV1	cdf	137	0.04768616	0.06905565	0.05618069	0.012874957	0.14391594
23	BensonV1	cdf	531	0.04761499	-0.12172456	-0.05678384	-0.06494072	0.10329008
23	BensonV1	cdf	283	0.047036648	0.093661286	-0.120960124	0.21462141	0.8542552
23	BensonV1	cdf	587	0.046999395	-0.11108217	0.09542844	-0.2065106	0.13584094
23	BensonV1	inverse_cdf	399	0.08321589	0.47926775	0.28814942	0.19111833	0.08658746
23	BensonV1	inverse_cdf	72	0.08011162	0.17041866	0.266292	-0.09587334	0.08091863
23	BensonV1	inverse_cdf	247	0.07856566	-0.19753821	-0.23050307	0.032964855	0.12942383
23	BensonV1	inverse_cdf	10	0.07713473	0.09000643	0.06795138	0.022055052	0.093689255
23	BensonV1	inverse_cdf	319	0.07454091	0.11242265	-0.10236613	0.21478878	0.17987236
23	BensonV1	inverse_cdf	444	0.07156372	-0.5189979	-0.49247983	-0.026518077	0.060723186
23	BensonV1	inverse_cdf	482	0.07103956	-0.16171335	0.052012958	-0.21372631	0.40989083
23	BensonV1	inverse_cdf	558	0.066416025	0.20177773	-0.16729084	0.36906856	0.2529554
23	BensonV1	inverse_cdf	414	0.065802574	0.23180877	0.21154512	0.020263642	0.056220293
23	BensonV1	inverse_cdf	203	0.065288305	-0.35912198	-0.42321694	0.06409496	0.12866227
23	BensonV1	inverse_cdf	2	0.06515241	0.13945009	0.12755579	0.011894301	0.14266336
23	BensonV1	inverse_cdf	262	0.065114796	0.18584889	0.17131862	0.014530271	0.14878142
23	BensonV1	inverse_cdf	157	0.06502354	-0.25733867	-0.2344538	-0.022884876	1.2605942
23	BensonV1	inverse_cdf	455	0.06473774	-0.06617699	0.0627389	-0.12891589	0.14667282
23	BensonV1	inverse_cdf	246	0.06316686	0.03200473	0.020341577	0.011663152	0.067768864
23	BensonV1	inverse_cdf	164	0.06304002	-0.051115025	0.042756595	-0.09387162	0.11319398
23	BensonV1	inverse_cdf	151	0.062114596	0.47219926	0.46839824	0.003801018	0.12233376
23	BensonV1	inverse_cdf	189	0.06171304	-0.3361352	-0.44446838	0.10833317	0.108750105
23	BensonV1	inverse_cdf	184	0.06045997	-0.03316907	0.019145591	-0.05231466	0.161553
23	BensonV1	inverse_cdf	36	0.058851957	-0.22486135	-0.07983667	-0.14502469	0.29621267
23	BensonV1	inverse_cdf	80	0.05862403	0.1907331	0.13026531	0.060467795	0.07527759
23	BensonV1	inverse_cdf	132	0.055675983	-0.24632375	-0.021494582	-0.22482917	0.119063966
23	BensonV1	inverse_cdf	127	0.054559648	-0.00470197	-0.21016149	0.20545952	1.4092724
23	BensonV1	inverse_cdf	302	0.054502428	-0.2130646	-0.12644382	-0.08662078	0.10858202
23	BensonV1	inverse_cdf	411	0.053876102	0.20121287	0.14330961	0.05790326	0.6202981
23	BensonV1	inverse_cdf	489	0.053347588	0.19605228	0.33980027	-0.14374799	0.11385162
23	BensonV1	inverse_cdf	148	0.05324906	0.05711933	0.54136705	-0.4842477	0.1078933
23	BensonV1	inverse_cdf	488	0.052495837	0.35789084	-0.12724636	0.48513722	0.1300102
23	BensonV1	inverse_cdf	311	0.05232668	0.28129646	0.46011275	-0.17881629	0.37498164
23	BensonV1	inverse_cdf	199	0.05166197	-0.33686864	-0.36030257	0.023433924	0.079615615
23	BensonV1	inverse_cdf	648	0.051575184	0.08133537	0.245666	-0.16433063	0.087491244
23	BensonV1	inverse_cdf	278	0.051282167	0.36582255	0.41287294	-0.047050387	0.21257865
23	BensonV1	inverse_cdf	288	0.050737083	-0.13811576	0.048992995	-0.18710876	0.8715166
23	BensonV1	inverse_cdf	3	0.050658405	0.059223324	-0.027484247	0.08670757	0.18436565
23	BensonV1	inverse_cdf	245	0.05047345	-0.12839212	0.030584473	-0.15897658	0.11198036
23	BensonV1	inverse_cdf	42	0.05038184	0.06441471	-0.11991067	0.18432538	0.06778597
23	BensonV1	inverse_cdf	66	0.05034983	0.016655134	0.052403107	-0.035747975	0.13641194
23	BensonV1	inverse_cdf	395	0.050287426	0.32091287	0.30497095	0.015941918	0.08466373
23	BensonV1	inverse_cdf	8	0.049111485	-0.11174521	0.03945095	-0.15119615	0.076319896
23	BensonV1	inverse_cdf	639	0.048953712	0.025881728	0.12794171	-0.10205998	0.062024318
23	BensonV1	inverse_cdf	442	0.04852432	0.21054167	0.24367741	-0.033135742	0.74416304
23	BensonV1	inverse_cdf	497	0.048187792	0.33234113	0.049611732	0.2827294	0.072815664
23	BensonV1	inverse_cdf	483	0.048048735	0.43151757	0.38083196	0.050685614	0.14581107
23	BensonV1	inverse_cdf	561	0.0473876	-0.15122047	-0.35406908	0.20284861	0.15709583
23	BensonV1	inverse_cdf	410	0.047290325	-0.0084771365	-0.08386361	0.07538647	0.084939145
23	BensonV1	inverse_cdf	623	0.046924114	-0.24548133	-0.021531252	-0.22395007	0.14513727
23	BensonV1	inverse_cdf	259	0.046725333	0.061441038	0.05105709	0.010383949	0.14321934
23	BensonV1	inverse_cdf	65	0.045847297	-0.17805178	0.008982058	-0.18703385	0.87052983
23	BensonV1	inverse_cdf	568	0.045351982	-0.38733557	-0.19391969	-0.19341588	0.054813758
23	BensonV1	inverse_cdf	352	0.045277715	-0.029769026	-0.016907249	-0.012861777	0.88561755
23	BensonV1	inverse_cdf	423	0.044682205	0.18324989	0.18669121	-0.0034413189	0.081937276
23	BensonV1	inverse_cdf	312	0.044533074	0.32396713	0.23575447	0.088212654	0.17417987
23	BensonV1	inverse_cdf	472	0.044507682	0.133726	0.12527773	0.008448273	0.11197626
23	BensonV1	inverse_cdf	9	0.044487953	-0.16544269	-0.13754873	-0.02789396	0.081490465
23	BensonV1	inverse_cdf	477	0.044375777	0.0079556955	-0.04397636	0.051932056	0.0732527
23	BensonV1	inverse_cdf	165	0.044375658	0.1932717	0.09396727	0.09930443	0.0639118
23	BensonV1	inverse_cdf	297	0.04430747	-0.14962798	-0.17789482	0.028266832	0.12273452
23	BensonV1	inverse_cdf	67	0.044265747	0.4003365	0.23365563	0.16668087	0.08153442
23	BensonV1	inverse_cdf	349	0.04392457	-0.09175232	-0.07305187	-0.01870045	0.057804044
23	BensonV1	inverse_cdf	48	0.04370624	0.18481342	0.060395878	0.12441754	0.116802566
23	BensonV1	inverse_cdf	572	0.043563128	0.27816257	0.25193256	0.026230007	0.044348426
23	BensonV1	inverse_cdf	275	0.04342389	0.26686767	0.2428377	0.02402997	0.10538551
23	BensonV1	inverse_cdf	1	0.043218672	-0.16782467	-0.17419587	0.0063712	0.2212307
23	BensonV1	inverse_cdf	58	0.04279107	0.3302035	0.12182694	0.20837656	0.11018262
23	BensonV1	inverse_cdf	110	0.04271859	0.2791395	-0.26958293	0.5487224	0.08922469
23	BensonV1	inverse_cdf	112	0.042584836	-0.089554094	-0.09046993	0.0009158328	0.0765251
23	BensonV1	inverse_cdf	239	0.0424515	-0.2311091	-0.22664422	-0.0044648796	0.075441256
23	BensonV1	inverse_cdf	102	0.041774273	0.2687754	0.39361137	-0.12483597	0.04278718
23	BensonV1	inverse_cdf	377	0.041564703	0.03246666	-0.07027882	0.10274549	0.13353497
23	BensonV1	inverse_cdf	204	0.041534603	-0.30028653	-0.3733777	0.07309118	0.05782282
23	BensonV1	inverse_cdf	266	0.04135281	0.2800343	0.19000386	0.09003045	0.2583685
23	BensonV1	inverse_cdf	32	0.041285813	0.06024319	-0.042150028	0.10239322	0.060540654
23	BensonV1	inverse_cdf	359	0.040744662	-0.2494525	0.19321407	-0.4426666	0.2677892
23	BensonV1	inverse_cdf	343	0.040730774	-0.011914098	0.10689655	-0.118810646	0.10381979
23	BensonV1	inverse_cdf	580	0.040497124	-0.10352667	-0.2623186	0.15879194	0.08943463
23	BensonV1	inverse_cdf	492	0.040032744	0.17690797	-0.21882993	0.3957379	0.07981799
23	BensonV1	inverse_cdf	29	0.039929986	0.20893033	0.1972808	0.011649534	0.16858359
23	BensonV1	inverse_cdf	242	0.039858818	-0.109032325	-0.29216245	0.18313012	0.07459897
23	BensonV1	inverse_cdf	532	0.03984934	0.05377771	0.098068506	-0.044290796	0.84393436
23	BensonV1	inverse_cdf	408	0.03970951	0.052477933	0.1722344	-0.11975647	0.049805336
23	BensonV1	inverse_cdf	645	0.039382756	0.13651352	0.1205758	0.015937716	0.08187385
23	BensonV1	inverse_cdf	91	0.03922701	-0.16119605	-0.07280066	-0.088395394	0.85962886
23	BensonV1	inverse_cdf	371	0.03909743	0.33975744	0.31268072	0.027076721	0.11422701
23	BensonV1	inverse_cdf	285	0.03834158	0.25852424	0.2978421	-0.039317846	0.23335962
23	BensonV1	inverse_cdf	496	0.038181007	-0.022696659	0.03347524	-0.056171898	0.09164712
23	BensonV1	inverse_cdf	551	0.03816724	0.4290618	-0.13071676	0.5597786	0.100658886
23	BensonV1	inverse_cdf	647	0.038037002	0.013349422	-0.057452805	0.07080223	0.09162558
23	BensonV1	inverse_cdf	525	0.037609458	-0.2101307	-0.09897893	-0.11115178	0.12043275
23	BensonV1	inverse_cdf	471	0.037566066	0.36162433	0.3602275	0.0013968349	0.09531246
23	BensonV1	inverse_cdf	325	0.03749615	0.05031288	-0.11055541	0.16086829	0.22247717
23	BensonV1	inverse_cdf	426	0.037439227	0.42927092	0.45890415	-0.029633224	0.09062766
23	BensonV1	inverse_cdf	508	0.03741014	0.037954982	-0.15267728	0.19063227	0.062101267
23	BensonV1	inverse_cdf	160	0.03734696	-0.05210297	0.0015713295	-0.053674303	0.23550539
23	BensonV1	inverse_cdf	614	0.03717321	0.27196655	-0.040521838	0.31248838	0.067574725
23	BensonV1	inverse_cdf	109	0.03689015	0.2713495	0.059396323	0.21195316	0.08364984
23	BensonV1	inverse_cdf	251	0.036736906	-0.44489115	-0.6010937	0.15620255	0.060268432
23	BensonV1	inverse_cdf	584	0.036476374	-0.23987362	-0.24162629	0.0017526746	0.05398638
23	BensonV1	inverse_cdf	94	0.036441326	0.14832829	0.18864386	-0.04031557	0.4696992
23	BensonV1	inverse_cdf	336	0.036260366	-0.03671277	0.021183208	-0.057895977	0.26081428
23	BensonV1	inverse_cdf	26	0.036255598	-0.26425672	-0.23794235	-0.026314363	0.08305459
23	NPCr	cdf	145	0.09254438	0.26887473	0.33226857	-0.06339383	0.07569033
23	NPCr	cdf	282	0.09104562	-0.23913744	-0.038876377	-0.20026106	0.09892223
23	NPCr	cdf	171	0.0906961	0.35183167	0.33677906	0.015052617	0.16228849
23	NPCr	cdf	48	0.08543903	-0.002036715	0.06697313	-0.06900984	0.12154832
23	NPCr	cdf	273	0.08099902	-0.23295085	-0.20835	-0.024600849	0.0701594
23	NPCr	cdf	275	0.07645041	0.42044595	0.14995317	0.2704928	0.10509665
23	NPCr	cdf	445	0.07483137	-0.11030663	-0.0355218	-0.07478483	0.090041205
23	NPCr	cdf	261	0.074811995	-0.4590508	-0.43868312	-0.020367682	0.116393134
23	NPCr	cdf	567	0.073280334	-0.26117775	-0.066830866	-0.19434687	0.15736358
23	NPCr	cdf	283	0.073159814	-0.22139217	-0.26089114	0.03949897	0.087498635
23	NPCr	cdf	355	0.07182741	-0.14404637	-0.19386365	0.04981728	0.10264858
23	NPCr	cdf	139	0.07033187	-0.15689284	-0.05658271	-0.100310124	0.1984573
23	NPCr	cdf	233	0.06998491	-0.1561337	-0.12946033	-0.026673362	0.11587881
23	NPCr	cdf	232	0.06755465	-0.08000791	0.13650842	-0.21651633	0.18280382
23	NPCr	cdf	364	0.06737143	0.5333124	0.35167146	0.18164092	0.26790342
23	NPCr	cdf	229	0.06693941	0.15715213	0.42870307	-0.27155095	0.17372774
23	NPCr	cdf	362	0.06669587	-0.54604864	-0.4474038	-0.09864485	0.039958354
23	NPCr	cdf	196	0.06654626	-0.24747372	-0.2591577	0.011683971	0.050369836
23	NPCr	cdf	187	0.06653631	-0.015442059	-0.14692706	0.131485	0.08632104
23	NPCr	cdf	27	0.06641799	-0.33879995	-0.19520277	-0.14359719	0.08517242
23	NPCr	cdf	412	0.064673185	-0.19881028	-0.12175493	-0.07705535	0.07423902
23	NPCr	cdf	188	0.06360352	-0.02434413	-0.15141085	0.12706672	0.06699854
23	NPCr	cdf	317	0.06356013	0.3038059	0.31933686	-0.015530974	0.0728228
23	NPCr	cdf	414	0.06205541	-0.49674493	-0.4305659	-0.06617904	0.105025165
23	NPCr	cdf	191	0.061816633	-0.13897693	0.036228668	-0.1752056	0.1012084
23	NPCr	cdf	301	0.061694086	-0.330289	-0.16459742	-0.16569158	0.12497733
23	NPCr	cdf	36	0.061361194	-0.19745022	-0.113090985	-0.084359236	0.11766082
23	NPCr	cdf	642	0.060866833	0.36506242	0.40899497	-0.043932557	0.13296036
23	NPCr	cdf	245	0.06071043	0.121317126	-0.08931965	0.21063676	0.1433965
23	NPCr	cdf	42	0.05986786	0.07610108	0.12914075	-0.05303967	0.15182073
23	NPCr	cdf	347	0.0593161	-0.29262125	-0.3626671	0.07004586	0.0713305
23	NPCr	cdf	627	0.058534503	0.15462688	0.08185163	0.072775245	0.06457765
23	NPCr	cdf	58	0.057632565	-0.23703136	0.09467227	-0.33170363	0.07353551
23	NPCr	cdf	755	0.057317913	-0.10430749	-0.109947264	0.0056397766	0.08429659
23	NPCr	cdf	166	0.057282567	0.49736103	0.4533582	0.04400283	0.054221872
23	NPCr	cdf	679	0.056861937	-0.2509818	-0.06494	-0.1860418	0.07376194
23	NPCr	cdf	348	0.05564797	-0.003230239	0.013456254	-0.016686494	0.12551945
23	NPCr	cdf	72	0.054593205	0.048781134	0.10632066	-0.057539523	0.90126145
23	NPCr	cdf	430	0.05411744	-0.4007322	-0.35126504	-0.049467146	0.11101722
23	NPCr	cdf	663	0.05397278	0.32888702	-0.05720607	0.38609308	0.09324304
23	NPCr	cdf	208	0.053965032	0.4413091	0.52613664	-0.08482754	0.05751488
23	NPCr	cdf	55	0.053666234	-0.084706806	-0.18665306	0.10194626	0.13655812
23	NPCr	cdf	333	0.053357482	0.20489736	0.3022227	-0.09732534	0.06613563
23	NPCr	cdf	615	0.053247154	0.049101517	0.04330919	0.005792327	0.073407434
23	NPCr	cdf	45	0.0530017	-0.11672982	-0.07581924	-0.04091058	0.11718434
23	NPCr	cdf	530	0.052892387	0.11190355	-0.016187081	0.12809063	0.073447175
23	NPCr	cdf	190	0.052834094	-0.044198837	0.010281001	-0.054479837	0.09025831
23	NPCr	cdf	534	0.052814424	-0.35354644	-0.49335232	0.13980588	0.11741901
23	NPCr	cdf	272	0.051872313	-0.32419702	-0.2334073	-0.09078972	0.058459233
23	NPCr	cdf	203	0.051322818	0.049450945	0.061097402	-0.011646457	0.0735457
23	NPCr	cdf	49	0.051078975	-0.10275961	-0.12429033	0.021530725	0.05776984
23	NPCr	cdf	184	0.051065147	-0.04472517	0.1659451	-0.21067026	0.16358149
23	NPCr	cdf	465	0.050913334	-0.24750559	-0.2450985	-0.0024070889	0.0855013
23	NPCr	cdf	81	0.050795734	0.2532354	0.111295976	0.14193943	0.12710927
23	NPCr	cdf	381	0.05008	0.23917884	0.2615636	-0.022384763	0.07231506
23	NPCr	cdf	585	0.049993455	-0.54943186	-0.48898408	-0.060447782	0.11461232
23	NPCr	cdf	661	0.049215794	-0.21220548	-0.1162302	-0.09597529	0.06498288
23	NPCr	cdf	345	0.048585832	-0.08319264	-0.026391752	-0.056800887	0.037817992
23	NPCr	cdf	241	0.04818505	-0.19590738	-0.1943743	-0.0015330911	0.06013849
23	NPCr	cdf	463	0.047614634	-0.058310937	-0.14347386	0.08516292	0.05598815
23	NPCr	cdf	226	0.047599673	0.18043542	0.43171927	-0.25128385	0.09611468
23	NPCr	cdf	783	0.04748231	0.3047244	0.4273516	-0.1226272	0.16706121
23	NPCr	cdf	103	0.047288	0.33187518	0.2800875	0.051787674	0.15679367
23	NPCr	cdf	709	0.047170997	-0.26781926	-0.15442656	-0.113392696	0.08242633
23	NPCr	cdf	444	0.046960235	0.1525994	0.095510945	0.05708845	0.08668941
23	NPCr	cdf	83	0.046575367	0.2704447	0.33219925	-0.061754555	0.13707492
23	NPCr	cdf	74	0.04652208	-0.13157505	-0.1944767	0.062901646	0.070159435
23	NPCr	cdf	513	0.04632771	-0.24476653	-0.14681411	-0.097952425	0.080480315
23	NPCr	cdf	486	0.046111584	-0.31816933	-0.19570926	-0.12246007	0.06776662
23	NPCr	cdf	471	0.046087205	-0.28929728	-0.2230126	-0.06628469	0.07537081
23	NPCr	cdf	431	0.045042813	0.028056154	-0.1589422	0.18699835	0.083204776
23	NPCr	cdf	47	0.04487759	-0.113431334	0.036363974	-0.14979531	0.7981016
23	NPCr	cdf	148	0.044876695	-0.10842326	0.040291432	-0.14871469	0.06160843
23	NPCr	cdf	133	0.044598162	0.27367535	0.38721374	-0.113538384	0.43886834
23	NPCr	cdf	351	0.044236183	-0.108042076	-0.21122503	0.10318296	0.065835245
23	NPCr	cdf	670	0.04390651	-0.13120387	-0.11558799	-0.015615888	0.08885471
23	NPCr	cdf	181	0.04389316	0.26176018	0.04709361	0.21466656	0.081571996
23	NPCr	cdf	557	0.043806612	-0.051439114	0.21252573	-0.26396483	0.12126617
23	NPCr	cdf	248	0.043806434	0.06666383	0.019642858	0.04702097	0.06521769
23	NPCr	cdf	511	0.043584704	-0.08191843	0.17284793	-0.25476635	0.13980035
23	NPCr	cdf	328	0.04339379	0.3733063	0.34146294	0.031843364	0.082233794
23	NPCr	cdf	608	0.043203294	-0.30891183	-0.20240197	-0.106509864	0.13683139
23	NPCr	cdf	100	0.04302454	-0.077733494	-0.061116733	-0.016616762	0.1620027
23	NPCr	cdf	240	0.04273945	0.23153983	0.45281556	-0.22127573	0.14198275
23	NPCr	cdf	415	0.042623818	0.34147125	0.09598198	0.24548927	0.07971754
23	NPCr	cdf	789	0.042336047	0.32339242	0.15822974	0.16516268	0.10819131
23	NPCr	cdf	720	0.042208314	-0.028451884	0.10449373	-0.13294561	0.07880469
23	NPCr	cdf	365	0.042156458	0.018111238	-0.1172272	0.13533844	0.08212848
23	NPCr	cdf	685	0.042093456	0.2197609	0.1659578	0.0538031	0.14570427
23	NPCr	cdf	492	0.041990876	0.46908775	0.6387799	-0.16969213	0.19111812
23	NPCr	cdf	684	0.041593432	0.33592317	0.37936178	-0.043438613	0.14505576
23	NPCr	cdf	346	0.041527748	-0.3756231	-0.18872948	-0.18689363	0.06184397
23	NPCr	cdf	114	0.041368008	-0.05880619	0.091137454	-0.14994365	0.059064575
23	NPCr	cdf	500	0.0411008	0.020979855	-0.015379166	0.03635902	0.0814596
23	NPCr	cdf	157	0.040813208	-0.23020424	-0.49637994	0.2661757	0.12142256
23	NPCr	cdf	775	0.040796578	0.12955648	0.09937671	0.030179769	0.09005703
23	NPCr	cdf	580	0.040753663	0.33122894	0.39173862	-0.06050968	0.06756719
23	NPCr	cdf	269	0.04064715	0.33801043	0.2574903	0.08052012	0.09402037
23	NPCr	cdf	505	0.0405975	-0.16995847	-0.16557905	-0.0043794215	0.060586333
23	NPCr	cdf	638	0.04052788	0.29196057	0.4593607	-0.16740012	0.10595247
23	NPCr	inverse_cdf	238	0.10245168	0.16365102	0.09832589	0.065325126	0.14363562
23	NPCr	inverse_cdf	320	0.09530264	0.30441454	0.079450175	0.22496437	0.06955113
23	NPCr	inverse_cdf	364	0.09356201	0.14123736	0.2673711	-0.12613373	0.19930618
23	NPCr	inverse_cdf	292	0.091084	0.12886223	0.4592003	-0.33033806	0.19915818
23	NPCr	inverse_cdf	162	0.08643925	0.43708298	0.35355037	0.0835326	0.089499556
23	NPCr	inverse_cdf	406	0.08549982	-0.31289232	-0.32268947	0.009797156	0.0672661
23	NPCr	inverse_cdf	598	0.08518392	0.2562204	0.28745037	-0.031229973	0.15454026
23	NPCr	inverse_cdf	359	0.08473796	0.17019516	0.10035491	0.06984025	0.06842063
23	NPCr	inverse_cdf	217	0.08220452	-0.026791658	-0.07581544	0.04902378	0.0529076
23	NPCr	inverse_cdf	342	0.07896763	0.070266634	-0.14484948	0.21511611	0.1343717
23	NPCr	inverse_cdf	291	0.077052414	0.04398209	0.2864174	-0.2424353	0.09684386
23	NPCr	inverse_cdf	420	0.076973975	-0.27286908	-0.42175096	0.14888188	0.093425415
23	NPCr	inverse_cdf	360	0.07640135	0.08270821	0.1015084	-0.018800192	0.06921079
23	NPCr	inverse_cdf	484	0.07596886	0.13151842	0.0898492	0.041669227	0.13720946
23	NPCr	inverse_cdf	335	0.0752154	-0.11460516	-0.038637392	-0.07596777	0.07528893
23	NPCr	inverse_cdf	418	0.07493085	0.26509857	-0.024848266	0.28994682	0.091722116
23	NPCr	inverse_cdf	41	0.07136488	0.17746818	-0.065944284	0.24341246	0.11095161
23	NPCr	inverse_cdf	549	0.070994616	0.3166289	0.11050046	0.20612845	0.07712663
23	NPCr	inverse_cdf	236	0.070884824	0.47125453	0.6434737	-0.17221916	0.078557536
23	NPCr	inverse_cdf	443	0.06996429	0.035249863	0.10873217	-0.073482305	0.06479524
23	NPCr	inverse_cdf	784	0.069609225	0.20120583	0.3588862	-0.15768038	0.09600596
23	NPCr	inverse_cdf	80	0.06817013	0.06297961	0.09108678	-0.028107174	0.18157797
23	NPCr	inverse_cdf	252	0.06781864	-0.18581337	-0.0475479	-0.13826546	0.1130204
23	NPCr	inverse_cdf	626	0.06763053	0.033729624	0.18331097	-0.14958134	0.12746714
23	NPCr	inverse_cdf	151	0.067331195	-0.19986454	-0.16985491	-0.030009627	0.08411947
23	NPCr	inverse_cdf	433	0.06669617	0.31646925	0.22239849	0.09407076	0.1490557
23	NPCr	inverse_cdf	557	0.06637341	0.106312945	-0.11032147	0.21663442	0.09589029
23	NPCr	inverse_cdf	265	0.06541425	0.3352674	0.27206895	0.06319845	0.0761988
23	NPCr	inverse_cdf	214	0.06493157	0.13066731	0.40979204	-0.27912474	0.08782803
23	NPCr	inverse_cdf	219	0.06458604	-0.14852843	-0.13631076	-0.012217671	0.06137416
23	NPCr	inverse_cdf	337	0.064207256	0.43131185	0.25025517	0.18105668	0.12607679
23	NPCr	inverse_cdf	186	0.064151585	0.20110895	0.27344182	-0.072332874	0.17633337
23	NPCr	inverse_cdf	492	0.0638504	0.4864964	0.40407485	0.08242154	0.14395024
23	NPCr	inverse_cdf	327	0.06371689	-0.14445676	-0.14806244	0.0036056787	0.076544225
23	NPCr	inverse_cdf	192	0.06356305	-0.24996252	-0.323882	0.07391949	0.0707124
23	NPCr	inverse_cdf	394	0.06332654	0.009558943	0.025481755	-0.01592281	0.088328235
23	NPCr	inverse_cdf	325	0.062404037	-0.22642301	0.07149445	-0.29791746	0.072237104
23	NPCr	inverse_cdf	290	0.061965287	0.09408323	0.16201127	-0.06792804	0.107998766
23	NPCr	inverse_cdf	185	0.06196153	-0.16374211	-0.32660064	0.16285853	0.04519317
23	NPCr	inverse_cdf	393	0.061026573	0.44012848	0.30220446	0.13792402	0.10114117
23	NPCr	inverse_cdf	194	0.060822845	-0.2377004	-0.28360653	0.045906126	0.06027093
23	NPCr	inverse_cdf	548	0.060611963	0.036128867	0.21009651	-0.17396764	0.060770445
23	NPCr	inverse_cdf	414	0.060587168	-0.6623126	-0.4642742	-0.19803843	0.14627798
23	NPCr	inverse_cdf	275	0.0604949	0.38058776	0.42127872	-0.04069096	0.07407957
23	NPCr	inverse_cdf	294	0.060489535	0.009972918	-0.10400246	0.113975376	0.050362427
23	NPCr	inverse_cdf	215	0.060284495	0.3462741	0.26880696	0.07746714	0.0691964
23	NPCr	inverse_cdf	271	0.060247123	0.17162046	0.08966085	0.081959605	0.04345985
23	NPCr	inverse_cdf	356	0.060189545	0.11314029	0.21341357	-0.100273274	0.07976419
23	NPCr	inverse_cdf	239	0.060053527	0.22165993	0.16123614	0.06042379	0.09473443
23	NPCr	inverse_cdf	58	0.05981922	-0.09255424	-0.025104767	-0.06744947	0.07435015
23	NPCr	inverse_cdf	216	0.059562445	0.0060690045	-0.042946912	0.049015917	0.07068192
23	NPCr	inverse_cdf	260	0.059177518	0.099330135	0.07539464	0.023935497	0.0676961
23	NPCr	inverse_cdf	125	0.059096932	-0.15169531	-0.0580075	-0.09368781	0.07752399
23	NPCr	inverse_cdf	383	0.058598936	0.23659508	0.35729638	-0.1207013	0.12879133
23	NPCr	inverse_cdf	208	0.058248937	0.5349329	0.4752348	0.059698105	0.0767386
23	NPCr	inverse_cdf	513	0.058216214	-0.26571298	-0.27255085	0.0068378747	0.10201312
23	NPCr	inverse_cdf	255	0.057576895	0.15126373	0.28414637	-0.13288264	0.06559231
23	NPCr	inverse_cdf	200	0.05737257	0.042446867	0.14270559	-0.10025872	0.08884359
23	NPCr	inverse_cdf	118	0.05693382	0.12130932	0.21458335	-0.093274035	0.073128805
23	NPCr	inverse_cdf	161	0.05617398	-0.42472357	-0.5229595	0.098235905	0.045455653
23	NPCr	inverse_cdf	213	0.05607009	0.26027325	0.12119629	0.13907695	0.09533501
23	NPCr	inverse_cdf	704	0.05567658	-0.13654414	-0.25678933	0.12024519	0.05538342
23	NPCr	inverse_cdf	218	0.05541867	-0.5319069	-0.38956758	-0.14233932	0.046060298
23	NPCr	inverse_cdf	380	0.055401027	0.1499647	0.45902506	-0.30906034	0.11795716
23	NPCr	inverse_cdf	165	0.054386377	0.39512742	0.5245657	-0.12943828	0.06509498
23	NPCr	inverse_cdf	722	0.05415815	0.2590024	0.17673825	0.08226414	0.24543422
23	NPCr	inverse_cdf	145	0.054108262	0.30213562	0.27471513	0.027420491	0.0835624
23	NPCr	inverse_cdf	560	0.053977072	0.5677745	0.39218345	0.17559102	0.09408448
23	NPCr	inverse_cdf	489	0.053499937	-0.104862124	-0.2605193	0.15565717	0.09000711
23	NPCr	inverse_cdf	240	0.05293137	0.21621482	0.14777187	0.068442956	0.073896505
23	NPCr	inverse_cdf	471	0.05235243	-0.24707994	-0.005741828	-0.2413381	0.06283697
23	NPCr	inverse_cdf	745	0.052213013	0.2706434	0.39206752	-0.12142411	0.1482897
23	NPCr	inverse_cdf	207	0.052053273	0.12337903	0.2019809	-0.078601874	0.0872821
23	NPCr	inverse_cdf	142	0.051781416	0.13362081	0.42440218	-0.29078138	0.08920023
23	NPCr	inverse_cdf	504	0.05171442	-0.20794405	-0.16072074	-0.047223315	0.049472105
23	NPCr	inverse_cdf	689	0.050673366	-0.017378403	-0.15433429	0.13695589	0.07023054
23	NPCr	inverse_cdf	756	0.050643623	0.07926057	0.12713888	-0.04787831	0.1165718
23	NPCr	inverse_cdf	242	0.050477862	-0.20270805	-0.20246662	-0.00024142861	0.06647931
23	NPCr	inverse_cdf	7	0.050464094	0.40273893	0.41950852	-0.016769588	0.07638594
23	NPCr	inverse_cdf	129	0.050422013	-0.20971999	-0.042662248	-0.16705774	0.083499774
23	NPCr	inverse_cdf	385	0.049307942	0.018485617	0.17035502	-0.1518694	0.09914763
23	NPCr	inverse_cdf	248	0.049230933	-0.16634507	0.08056707	-0.24691215	0.09827702
23	NPCr	inverse_cdf	558	0.04872644	-0.41008204	-0.30495685	-0.10512519	0.06089267
23	NPCr	inverse_cdf	263	0.048336744	0.29286462	0.15511537	0.13774925	0.057725403
23	NPCr	inverse_cdf	196	0.048267543	-0.5336357	-0.24022508	-0.2934106	0.06896844
23	NPCr	inverse_cdf	576	0.0481894	-0.12873825	-0.14935641	0.020618156	0.09245296
23	NPCr	inverse_cdf	250	0.04741484	0.070781685	0.23548816	-0.16470647	0.07303588
23	NPCr	inverse_cdf	321	0.047338724	0.22720638	-0.09671028	0.32391667	0.09608023
23	NPCr	inverse_cdf	308	0.04723102	0.059488133	0.19912288	-0.13963474	0.13026668
23	NPCr	inverse_cdf	436	0.047169745	-0.34725767	-0.5609919	0.21373421	0.12871628
23	NPCr	inverse_cdf	625	0.047132015	0.34686857	0.34148973	0.0053788424	0.06453106
23	NPCr	inverse_cdf	381	0.04710877	-0.033470947	0.32610285	-0.3595738	0.086897805
23	NPCr	inverse_cdf	89	0.04708004	-0.55307317	-0.45410264	-0.09897053	0.13016601
23	NPCr	inverse_cdf	16	0.047019303	0.17905846	0.31324697	-0.1341885	0.060559455
23	NPCr	inverse_cdf	415	0.047015846	0.34494388	0.33601132	0.008932561	0.056564916
23	NPCr	inverse_cdf	472	0.047005117	0.0770263	0.09459503	-0.01756873	0.11121311
23	NPCr	inverse_cdf	516	0.046860635	0.052858345	-0.13804829	0.19090664	0.05863901
23	NPCr	inverse_cdf	442	0.04685819	-0.030847222	0.0065066507	-0.037353873	0.12776677
23	NPCr	inverse_cdf	632	0.04675001	0.10809797	0.11959447	-0.011496499	0.14770612
23	NPCr	inverse_cdf	361	0.04672575	-0.100848556	-0.020621073	-0.08022748	0.050278164
24	BensonV1	cdf	639	0.21727037	0.86599326	0.8476026	0.018390656	0.22741874
24	BensonV1	cdf	641	0.17208576	0.8340281	0.6757575	0.1582706	0.20068951
24	BensonV1	cdf	328	0.15420163	0.63185	0.8535581	-0.22170812	0.20868385
24	BensonV1	cdf	637	0.15166879	0.7325561	0.82619303	-0.09363693	0.21284972
24	BensonV1	cdf	387	0.13681531	0.36804536	0.5441815	-0.17613617	0.27900574
24	BensonV1	cdf	603	0.13520998	0.56595325	0.67370623	-0.10775298	0.14321217
24	BensonV1	cdf	588	0.13383436	0.8247199	0.73609567	0.08862424	0.17177515
24	BensonV1	cdf	586	0.13210654	0.69795173	0.75453097	-0.056579232	0.296634
24	BensonV1	cdf	257	0.13143694	0.4387813	0.4334867	0.005294591	0.23810524
24	BensonV1	cdf	141	0.13078892	0.30807698	0.24903886	0.059038118	0.2469549
24	BensonV1	cdf	143	0.12629056	0.4246746	0.42305997	0.0016146302	0.15971789
24	BensonV1	cdf	643	0.124289095	0.7090564	0.60056835	0.10848802	0.25668162
24	BensonV1	cdf	591	0.12422943	0.6657276	0.6913118	-0.025584161	0.2983841
24	BensonV1	cdf	208	0.11952698	0.62821066	0.71899295	-0.090782285	0.161593
24	BensonV1	cdf	262	0.11821836	0.56148064	0.60002196	-0.038541317	0.1552788
24	BensonV1	cdf	145	0.11742598	0.2921795	0.54890794	-0.25672844	0.20597686
24	BensonV1	cdf	148	0.11576939	0.40125406	0.71098864	-0.30973458	0.35745206
24	BensonV1	cdf	536	0.11540878	0.26981333	0.5776985	-0.3078852	0.122417584
24	BensonV1	cdf	442	0.115358055	0.39042515	0.54394615	-0.153521	0.2759263
24	BensonV1	cdf	717	0.11338967	0.32886198	0.11686478	0.21199721	0.13654667
24	BensonV1	cdf	154	0.1127553	0.34280303	0.5887934	-0.24599037	0.252796
24	BensonV1	cdf	454	0.108187616	0.7179648	0.76391447	-0.045949638	0.23401694
24	BensonV1	cdf	510	0.10754949	0.24045938	0.1917182	0.048741177	0.14701113
24	BensonV1	cdf	557	0.10602188	0.34795037	0.50938404	-0.16143367	0.16693859
24	BensonV1	cdf	533	0.105255425	0.37012315	0.5070467	-0.13692355	0.22734673
24	BensonV1	cdf	678	0.10422915	0.2960597	0.3119935	-0.015933812	0.43497804
24	BensonV1	cdf	629	0.10421234	0.39509523	0.46850705	-0.07341182	0.19637018
24	BensonV1	cdf	252	0.103657246	0.24516298	0.25132948	-0.006166503	0.2689977
24	BensonV1	cdf	716	0.10329425	0.31035385	0.15580605	0.1545478	0.16154794
24	BensonV1	cdf	4	0.10311717	0.24199587	0.29114237	-0.049146503	0.13356255
24	BensonV1	cdf	368	0.101557136	0.64763105	0.6171224	0.030508637	0.1452177
24	BensonV1	cdf	251	0.100663245	0.63622713	0.70115197	-0.064924836	0.14436866
24	BensonV1	cdf	640	0.100155115	0.6702999	0.6844684	-0.014168501	0.082702495
24	BensonV1	cdf	432	0.09992272	0.62321943	0.7945364	-0.17131698	0.12310405
24	BensonV1	cdf	425	0.09907782	0.6420301	0.75740767	-0.115377545	0.18313043
24	BensonV1	cdf	486	0.097491324	0.13205333	0.27657577	-0.14452244	0.12455558
24	BensonV1	cdf	485	0.09638369	0.18871355	0.40096736	-0.21225381	0.12493544
24	BensonV1	cdf	153	0.09612179	0.45137733	0.35136795	0.10000938	0.20031686
24	BensonV1	cdf	288	0.096093655	0.46164727	0.53805906	-0.07641178	0.19302426
24	BensonV1	cdf	147	0.09524435	0.5355767	0.55819184	-0.022615135	0.26783597
24	BensonV1	cdf	89	0.09497595	0.26058075	0.4249096	-0.16432884	0.26014334
24	BensonV1	cdf	163	0.09472078	0.3637742	0.36941403	-0.0056398213	0.10939546
24	BensonV1	cdf	638	0.091727555	0.31347924	0.47437656	-0.16089731	0.10550899
24	BensonV1	cdf	589	0.09149957	0.55193985	0.6757055	-0.12376565	0.13491108
24	BensonV1	cdf	436	0.08994681	0.43169177	0.5632997	-0.13160795	0.13795593
24	BensonV1	cdf	578	0.08983135	0.48974594	0.55214685	-0.062400907	0.22382472
24	BensonV1	cdf	535	0.08965701	0.52985793	0.6836828	-0.15382487	0.35115093
24	BensonV1	cdf	346	0.08832401	0.26831254	0.35715094	-0.0888384	0.28150454
24	BensonV1	cdf	587	0.0880394	0.47453314	0.40736732	0.06716582	0.23257504
24	BensonV1	cdf	294	0.087656975	0.7109239	0.47138497	0.23953894	0.1513219
24	BensonV1	cdf	250	0.08647555	0.02888841	0.08273122	-0.053842805	0.15078413
24	BensonV1	cdf	197	0.08610815	0.061251517	-0.0015656507	0.06281717	0.23668672
24	BensonV1	cdf	224	0.085731685	0.6238749	0.67237276	-0.048497856	0.17588383
24	BensonV1	cdf	111	0.085509	0.5647703	0.5492646	0.0155056715	0.15632062
24	BensonV1	cdf	581	0.08548367	0.36326882	0.6416193	-0.2783505	0.2701889
24	BensonV1	cdf	592	0.08466202	0.7485971	0.6071821	0.141415	0.21706004
24	BensonV1	cdf	630	0.08460802	0.32183087	0.42205024	-0.10021937	0.37664235
24	BensonV1	cdf	207	0.08197963	0.256303	0.3490092	-0.09270617	0.2370472
24	BensonV1	cdf	6	0.08054066	0.094522715	0.13774666	-0.043223947	0.18190502
24	BensonV1	cdf	714	0.08045101	0.026338477	-0.0020259996	0.028364476	0.12901922
24	BensonV1	cdf	594	0.08033532	0.61426425	0.49675658	0.11750767	0.2597991
24	BensonV1	cdf	9	0.07895255	-0.34275422	-0.18739994	-0.15535428	0.3473423
24	BensonV1	cdf	632	0.078562856	0.42158115	0.5865032	-0.16492206	0.15130039
24	BensonV1	cdf	58	0.07836443	0.10837536	0.059854116	0.048521247	0.12671353
24	BensonV1	cdf	236	0.07832605	0.460052	0.5569587	-0.09690666	0.10341678
24	BensonV1	cdf	88	0.07815915	0.32615367	0.3881947	-0.062041044	0.10931044
24	BensonV1	cdf	378	0.07768661	0.7484706	0.7842149	-0.03574431	0.19085988
24	BensonV1	cdf	116	0.07741302	0.50382197	0.49380705	0.010014921	0.2598646
24	BensonV1	cdf	538	0.07691884	0.33250627	0.5183073	-0.18580106	0.10357378
24	BensonV1	cdf	453	0.07611066	0.62680787	0.6823179	-0.055510044	0.12443164
24	BensonV1	cdf	146	0.075890124	0.3880546	0.59059554	-0.20254093	0.18577538
24	BensonV1	cdf	635	0.07564938	0.5268159	0.7365148	-0.20969892	0.2006373
24	BensonV1	cdf	430	0.075573325	0.6761441	0.7912334	-0.1150893	0.33279824
24	BensonV1	cdf	215	0.07460654	0.4772125	0.4667128	0.010499686	0.11045156
24	BensonV1	cdf	642	0.07421404	0.740173	0.74257624	-0.0024032593	0.17551169
24	BensonV1	cdf	731	0.07383388	0.21263984	0.34125826	-0.12861842	0.22928764
24	BensonV1	cdf	11	0.07375425	0.44538382	0.14965445	0.29572937	0.08126953
24	BensonV1	cdf	356	0.07374889	0.10149802	0.0066464487	0.094851576	0.36933494
24	BensonV1	cdf	284	0.07283032	0.57887447	0.6408657	-0.061991215	0.12837817
24	BensonV1	cdf	240	0.07243949	0.613102	0.69423914	-0.08113712	0.13236517
24	BensonV1	cdf	544	0.071305156	0.19899689	0.54370755	-0.34471065	0.23448929
24	BensonV1	cdf	559	0.0702852	0.09628791	0.44548544	-0.34919754	0.10967453
24	BensonV1	cdf	264	0.06947726	0.55973905	0.5687564	-0.009017348	0.11003611
24	BensonV1	cdf	520	0.06835544	-0.45955375	-0.23434328	-0.22521047	0.3235754
24	BensonV1	cdf	12	0.06780809	0.10243897	0.3181943	-0.21575533	0.21607901
24	BensonV1	cdf	611	0.06760204	-0.2843429	-0.058380224	-0.2259627	0.23049499
24	BensonV1	cdf	1	0.06756455	0.15868755	0.16992675	-0.011239201	0.15842244
24	BensonV1	cdf	511	0.067552805	-0.16608009	-0.15394433	-0.012135759	0.1407405
24	BensonV1	cdf	261	0.06685275	0.49924958	0.7068338	-0.2075842	0.13367459
24	BensonV1	cdf	467	0.06640136	0.096855596	0.2592518	-0.16239621	0.21755919
24	BensonV1	cdf	114	0.06621927	0.5850096	0.64581674	-0.06080717	0.07155528
24	BensonV1	cdf	229	0.06612605	-0.15077949	-0.27756256	0.12678307	0.19842704
24	BensonV1	cdf	311	0.065938234	0.19891413	0.34700468	-0.14809056	0.1390828
24	BensonV1	cdf	532	0.06570989	0.38460803	0.44780487	-0.06319684	0.18821451
24	BensonV1	cdf	703	0.06545651	-0.3682336	0.061825894	-0.4300595	0.20637295
24	BensonV1	cdf	471	0.0654493	0.52461284	0.3799653	0.14464754	0.29814273
24	BensonV1	cdf	373	0.065135896	0.64986396	0.6857483	-0.03588432	0.07939384
24	BensonV1	cdf	289	0.064778745	0.453678	0.5452139	-0.091535866	0.124548644
24	BensonV1	cdf	321	0.064685225	0.30268547	0.026872639	0.27581283	0.08580376
24	BensonV1	cdf	91	0.063706875	0.13539273	0.11839416	0.016998567	0.10624527
24	BensonV1	inverse_cdf	641	0.30022246	0.69852555	0.61616874	0.08235681	0.20042075
24	BensonV1	inverse_cdf	643	0.27106333	0.43984455	0.39084864	0.048995912	0.32317668
24	BensonV1	inverse_cdf	586	0.26311183	0.59371346	0.51708317	0.076630294	0.26377866
24	BensonV1	inverse_cdf	588	0.25378394	0.5785707	0.525281	0.05328971	0.19693097
24	BensonV1	inverse_cdf	328	0.2452054	0.700427	0.77089626	-0.07046926	0.22697525
24	BensonV1	inverse_cdf	639	0.22946346	0.6607295	0.6965433	-0.03581375	0.17439164
24	BensonV1	inverse_cdf	434	0.21876258	0.531743	0.5435257	-0.011782706	0.28900355
24	BensonV1	inverse_cdf	208	0.2022441	0.5694482	0.5954002	-0.025952041	0.17862955
24	BensonV1	inverse_cdf	454	0.19444579	0.5782193	0.7388149	-0.1605956	0.23133123
24	BensonV1	inverse_cdf	260	0.1837104	0.1972697	0.20780028	-0.010530591	0.14787394
24	BensonV1	inverse_cdf	453	0.18008173	0.5272073	0.56219447	-0.03498715	0.19247973
24	BensonV1	inverse_cdf	223	0.17996603	0.49063712	0.5029959	-0.012358785	0.17112018
24	BensonV1	inverse_cdf	294	0.17970413	0.5585468	0.69100416	-0.13245738	0.21678697
24	BensonV1	inverse_cdf	590	0.17343748	0.34244302	0.2740837	0.068359315	0.10923961
24	BensonV1	inverse_cdf	217	0.1686573	0.51068836	0.5919657	-0.08127731	0.23662122
24	BensonV1	inverse_cdf	306	0.16390115	0.19490342	0.28167593	-0.08677252	0.2912038
24	BensonV1	inverse_cdf	385	0.16274416	0.296321	0.3817421	-0.085421085	0.4325758
24	BensonV1	inverse_cdf	284	0.16180152	0.4254122	0.5894316	-0.16401938	0.20609064
24	BensonV1	inverse_cdf	592	0.16171747	0.40665424	0.47733513	-0.07068089	0.24753618
24	BensonV1	inverse_cdf	261	0.16151828	0.5865828	0.54516125	0.041421533	0.1778697
24	BensonV1	inverse_cdf	480	0.15989816	0.4666725	0.45879775	0.007874757	0.20751083
24	BensonV1	inverse_cdf	591	0.15952522	0.50864935	0.6011054	-0.09245604	0.1668248
24	BensonV1	inverse_cdf	642	0.15866178	0.5356573	0.4688137	0.0668436	0.16248707
24	BensonV1	inverse_cdf	114	0.15859067	0.4053203	0.5178992	-0.11257893	0.13783602
24	BensonV1	inverse_cdf	251	0.156829	0.6883717	0.59086937	0.09750235	0.16763587
24	BensonV1	inverse_cdf	481	0.15434337	0.37856925	0.2841794	0.094389856	0.1906121
24	BensonV1	inverse_cdf	637	0.1538679	0.6584682	0.6341578	0.02431041	0.14680377
24	BensonV1	inverse_cdf	293	0.15176487	0.5354416	0.56596196	-0.03052038	0.22855787
24	BensonV1	inverse_cdf	290	0.15085256	0.4095085	0.39124528	0.01826322	0.12184067
24	BensonV1	inverse_cdf	544	0.15025252	0.26847956	0.3839946	-0.11551505	0.14790282
24	BensonV1	inverse_cdf	153	0.14928609	0.3276521	0.51186514	-0.18421304	0.12852193
24	BensonV1	inverse_cdf	378	0.14774525	0.6964243	0.7478192	-0.05139488	0.25255725
24	BensonV1	inverse_cdf	147	0.14755046	0.52296084	0.56587714	-0.042916298	0.17677312
24	BensonV1	inverse_cdf	432	0.14591312	0.5405191	0.6590401	-0.118520975	0.12722881
24	BensonV1	inverse_cdf	425	0.14543277	0.58537346	0.57071173	0.014661729	0.20011137
24	BensonV1	inverse_cdf	323	0.14215922	0.5998117	0.6111923	-0.011380613	0.17184272
24	BensonV1	inverse_cdf	337	0.13847375	0.12035816	-0.07407885	0.19443701	0.13164875
24	BensonV1	inverse_cdf	430	0.13723439	0.61818516	0.5562048	0.061980367	0.17864467
24	BensonV1	inverse_cdf	240	0.13363624	0.68155634	0.7340561	-0.05249977	0.16239135
24	BensonV1	inverse_cdf	262	0.13181663	0.6496357	0.62318057	0.026455104	0.20123065
24	BensonV1	inverse_cdf	635	0.13172883	0.57219255	0.4032177	0.16897485	0.14838557
24	BensonV1	inverse_cdf	488	0.1293351	0.3029757	0.37083223	-0.06785652	0.15353027
24	BensonV1	inverse_cdf	257	0.12851125	0.37723085	0.58343446	-0.20620361	0.17957476
24	BensonV1	inverse_cdf	318	0.12730765	0.5415557	0.4605741	0.08098161	0.13962096
24	BensonV1	inverse_cdf	594	0.1261512	0.45953798	0.39484137	0.06469661	0.27365366
24	BensonV1	inverse_cdf	324	0.121650934	0.49317536	0.5009252	-0.0077498257	0.20048338
24	BensonV1	inverse_cdf	264	0.11995882	0.5494025	0.4300542	0.11934829	0.15313801
24	BensonV1	inverse_cdf	387	0.1181677	0.47591084	0.5489841	-0.07307327	0.12473072
24	BensonV1	inverse_cdf	426	0.117397845	0.35852912	0.44189173	-0.08336261	0.30496287
24	BensonV1	inverse_cdf	310	0.116781235	0.34636587	0.43832973	-0.09196386	0.31530356
24	BensonV1	inverse_cdf	146	0.116398275	0.55611026	0.44292113	0.11318913	0.16746366
24	BensonV1	inverse_cdf	460	0.11483097	0.45791286	0.54700804	-0.089095175	0.17100386
24	BensonV1	inverse_cdf	201	0.11431372	0.38705412	0.42359573	-0.03654161	0.0997152
24	BensonV1	inverse_cdf	640	0.11247593	0.53816706	0.6280821	-0.08991504	0.09591219
24	BensonV1	inverse_cdf	230	0.10878456	-0.18209119	-0.042364612	-0.13972658	0.15662146
24	BensonV1	inverse_cdf	492	0.107436776	0.48696902	0.5325602	-0.045591205	0.19516861
24	BensonV1	inverse_cdf	372	0.10343379	0.37450498	0.39376226	-0.019257277	0.12861289
24	BensonV1	inverse_cdf	459	0.10191494	0.5062749	0.4220995	0.08417538	0.14914086
24	BensonV1	inverse_cdf	505	0.10158467	0.20362166	0.46647832	-0.26285666	0.12827729
24	BensonV1	inverse_cdf	557	0.097031236	0.61823034	0.605158	0.0130723715	0.07858283
24	BensonV1	inverse_cdf	420	0.095368266	0.4684293	0.47267592	-0.0042466223	0.23574749
24	BensonV1	inverse_cdf	148	0.09334713	0.6581945	0.65032077	0.007873714	0.24427319
24	BensonV1	inverse_cdf	311	0.09294814	0.15191306	0.2801826	-0.12826954	0.11067597
24	BensonV1	inverse_cdf	377	0.092146814	0.56892216	0.6326762	-0.06375402	0.19792986
24	BensonV1	inverse_cdf	589	0.09090513	0.48307246	0.5088241	-0.02575165	0.10358612
24	BensonV1	inverse_cdf	689	0.09065294	0.020556185	0.015494073	0.0050621126	0.14253123
24	BensonV1	inverse_cdf	62	0.09061384	0.25854355	0.3568203	-0.098276734	0.126451
24	BensonV1	inverse_cdf	585	0.090587854	0.47593874	0.37978593	0.09615281	0.20061007
24	BensonV1	inverse_cdf	524	0.089021325	0.3096081	0.3767121	-0.06710401	0.18589567
24	BensonV1	inverse_cdf	241	0.0887211	0.11700336	0.07033707	0.046666287	0.14827922
24	BensonV1	inverse_cdf	281	0.0885582	0.051414948	-0.02828158	0.07969653	0.112694636
24	BensonV1	inverse_cdf	11	0.08824974	0.3358517	0.17518327	0.16066843	0.09721191
24	BensonV1	inverse_cdf	224	0.08682126	0.64650685	0.68626106	-0.039754212	0.17978622
24	BensonV1	inverse_cdf	368	0.0865649	0.7024197	0.75447077	-0.052051067	0.19699217
24	BensonV1	inverse_cdf	229	0.08649528	-0.29487243	-0.18242367	-0.11244877	0.07692731
24	BensonV1	inverse_cdf	362	0.08642936	0.17503999	0.30557218	-0.13053219	0.4741885
24	BensonV1	inverse_cdf	170	0.08596009	-0.22608246	-0.08255003	-0.14353243	0.12916958
24	BensonV1	inverse_cdf	535	0.085938096	0.56429845	0.40142334	0.16287512	0.21174257
24	BensonV1	inverse_cdf	371	0.085606515	0.5362497	0.5126955	0.023554206	0.12274222
24	BensonV1	inverse_cdf	282	0.08539981	0.17946808	0.23108667	-0.05161859	0.113708116
24	BensonV1	inverse_cdf	483	0.085365355	0.23253135	0.42108408	-0.18855272	0.15541327
24	BensonV1	inverse_cdf	288	0.08513427	0.5539859	0.7542498	-0.20026392	0.17811255
24	BensonV1	inverse_cdf	550	0.08459228	0.2313044	0.34778506	-0.11648065	0.18168731
24	BensonV1	inverse_cdf	603	0.08444923	0.70888895	0.74710643	-0.038217485	0.08099416
24	BensonV1	inverse_cdf	468	0.08362907	0.19236432	0.03955395	0.15281036	0.16985309
24	BensonV1	inverse_cdf	111	0.08354229	0.39134344	0.4678329	-0.07648945	0.12195828
24	BensonV1	inverse_cdf	533	0.082953334	0.62281686	0.74510235	-0.122285485	0.13336551
24	BensonV1	inverse_cdf	73	0.08281249	-0.23646544	-0.26492918	0.028463736	0.15017803
24	BensonV1	inverse_cdf	367	0.082520485	0.46055633	0.5210339	-0.060477555	0.23521814
24	BensonV1	inverse_cdf	365	0.08030951	0.0099133765	0.2667826	-0.25686923	0.1273577
24	BensonV1	inverse_cdf	484	0.08030182	-0.046909407	0.19629352	-0.24320292	0.13075632
24	BensonV1	inverse_cdf	490	0.07999766	-0.10196789	0.11557046	-0.21753836	0.14922057
24	BensonV1	inverse_cdf	690	0.079039454	-0.08566627	-0.06967325	-0.015993021	0.13935903
24	BensonV1	inverse_cdf	632	0.07887387	0.4856842	0.35973495	0.12594923	0.1142368
24	BensonV1	inverse_cdf	427	0.078689694	0.12862027	0.18340689	-0.054786623	0.10041724
24	BensonV1	inverse_cdf	447	0.078261495	0.44798553	0.49848646	-0.05050093	0.091663554
24	BensonV1	inverse_cdf	145	0.07798904	0.8334315	0.69355124	0.13988024	0.10582509
24	BensonV1	inverse_cdf	120	0.07797104	-0.065749384	0.11036673	-0.17611611	0.17417294
24	BensonV1	inverse_cdf	710	0.07734817	-0.03880687	0.120738275	-0.15954515	0.08914
24	BensonV1	inverse_cdf	379	0.07669902	0.29395437	0.55044883	-0.25649446	0.087007076
24	NPCr	cdf	233	0.15364826	0.31871426	0.3760649	-0.057350636	0.06568761
24	NPCr	cdf	398	0.12997663	-0.211557	0.07198142	-0.28353843	0.22926787
24	NPCr	cdf	439	0.12378591	0.12458028	0.06787966	0.056700617	0.19763656
24	NPCr	cdf	568	0.11194569	0.044623032	0.44647375	-0.4018507	0.30991545
24	NPCr	cdf	489	0.11121321	0.3009126	0.23283996	0.06807263	0.2388923
24	NPCr	cdf	0	0.10983628	0.37949276	0.38501033	-0.005517572	0.21785311
24	NPCr	cdf	177	0.103456855	0.29030117	0.5147792	-0.22447804	0.17783286
24	NPCr	cdf	487	0.10297805	0.23418373	0.14492469	0.08925904	0.15683259
24	NPCr	cdf	107	0.10158199	0.15906017	0.19344325	-0.03438309	0.09780571
24	NPCr	cdf	566	0.09720373	0.048581947	0.21164204	-0.1630601	0.49668807
24	NPCr	cdf	628	0.09595901	0.38468534	0.58915585	-0.20447052	0.18602392
24	NPCr	cdf	240	0.09566152	-0.017372835	-0.046622507	0.029249672	0.10713778
24	NPCr	cdf	131	0.09118956	0.43761775	0.5543487	-0.11673096	0.16629517
24	NPCr	cdf	601	0.09087312	-0.20772323	-0.06959816	-0.13812506	0.23202652
24	NPCr	cdf	497	0.0904659	-0.15146689	0.036737673	-0.18820456	0.22128698
24	NPCr	cdf	595	0.087876976	0.06102848	0.21122286	-0.15019438	0.25954857
24	NPCr	cdf	404	0.086147726	-0.30018148	0.061378498	-0.36156	0.2244491
24	NPCr	cdf	448	0.08547443	-0.11850059	-0.021404848	-0.09709574	0.19243498
24	NPCr	cdf	376	0.08521581	-0.2302315	-0.06474503	-0.16548645	0.23828296
24	NPCr	cdf	158	0.08492547	0.004543709	0.12965363	-0.12510993	0.22490771
24	NPCr	cdf	538	0.08415842	-0.37469223	-0.05565231	-0.3190399	0.4533659
24	NPCr	cdf	515	0.084081054	0.22432475	0.40330806	-0.17898332	0.15828742
24	NPCr	cdf	10	0.08277452	0.111879654	0.28598502	-0.17410538	0.16672975
24	NPCr	cdf	405	0.0817768	0.0033916095	0.08616289	-0.08277128	0.1612755
24	NPCr	cdf	490	0.08145261	0.22623453	0.25743142	-0.031196892	0.20143397
24	NPCr	cdf	148	0.080257654	0.04855004	0.29429084	-0.2457408	0.06919349
24	NPCr	cdf	236	0.079541504	0.27336615	0.36039945	-0.0870333	0.07759833
24	NPCr	cdf	399	0.07938552	0.07627161	0.027317755	0.048953854	0.22652805
24	NPCr	cdf	445	0.07833326	0.22009537	0.26671848	-0.04662311	0.10723855
24	NPCr	cdf	303	0.07739347	0.15459293	0.07175698	0.08283595	0.12486844
24	NPCr	cdf	396	0.07702583	-0.106822774	-0.07924854	-0.027574234	0.1824576
24	NPCr	cdf	451	0.076732814	0.04319913	0.17438531	-0.13118619	0.1943317
24	NPCr	cdf	599	0.076675475	-0.41376898	-0.13222963	-0.28153935	0.09611667
24	NPCr	cdf	494	0.07550663	-0.2153498	-0.17079954	-0.044550255	0.3232959
24	NPCr	cdf	294	0.07525933	0.051924977	-0.014425027	0.066350006	0.06960648
24	NPCr	cdf	536	0.07503945	0.30900463	0.47339055	-0.16438591	0.14564097
24	NPCr	cdf	109	0.07497293	0.12998243	0.32839906	-0.19841664	0.10255514
24	NPCr	cdf	5	0.0741117	0.067213476	0.16275334	-0.09553987	0.13975537
24	NPCr	cdf	551	0.07393253	-0.28088534	-0.24797949	-0.032905847	0.37584305
24	NPCr	cdf	372	0.07387769	0.2294176	0.30653894	-0.07712133	0.07336936
24	NPCr	cdf	476	0.07337433	0.38395685	0.19826147	0.18569538	0.16172265
24	NPCr	cdf	227	0.07328397	0.6463312	0.7127267	-0.06639552	0.08884663
24	NPCr	cdf	340	0.07282871	-0.18387547	0.066142134	-0.2500176	0.11317786
24	NPCr	cdf	486	0.07278222	0.20935744	0.13904306	0.07031438	0.1725284
24	NPCr	cdf	23	0.07273978	-0.1731548	-0.060095932	-0.113058865	0.12155469
24	NPCr	cdf	178	0.07232636	0.18769906	0.36047974	-0.17278068	0.09071994
24	NPCr	cdf	574	0.07218176	-0.047348265	0.14445256	-0.19180082	0.20014021
24	NPCr	cdf	523	0.07193059	0.010757659	0.3359782	-0.32522056	0.22216146
24	NPCr	cdf	541	0.071754634	-0.4140966	-0.19019832	-0.22389828	0.15271747
24	NPCr	cdf	646	0.07163125	-0.1054045	-0.25341946	0.14801496	0.072141096
24	NPCr	cdf	438	0.07134497	0.11953994	0.37938833	-0.2598484	0.09391898
24	NPCr	cdf	636	0.07113129	0.15524615	0.12701344	0.028232709	0.18535191
24	NPCr	cdf	168	0.07058668	0.14254291	-0.04831763	0.19086054	0.08817787
24	NPCr	cdf	436	0.07015252	-0.26854676	-0.055874676	-0.21267208	0.13202226
24	NPCr	cdf	575	0.06954384	-0.20651004	-0.14649315	-0.060016885	0.14239506
24	NPCr	cdf	153	0.06875247	-0.33346298	-0.16555823	-0.16790475	0.199734
24	NPCr	cdf	443	0.06833482	0.16129008	0.20429975	-0.04300967	0.16289723
24	NPCr	cdf	642	0.06823152	0.23687175	0.30637872	-0.06950697	0.109416455
24	NPCr	cdf	132	0.06810087	-0.020319391	0.11024781	-0.13056721	0.11358499
24	NPCr	cdf	211	0.06783146	-0.09205098	0.077571936	-0.16962291	0.14785966
24	NPCr	cdf	543	0.06710911	-0.05515197	0.025366543	-0.080518514	0.08967918
24	NPCr	cdf	239	0.06684077	0.3142858	0.24351713	0.070768684	0.17605054
24	NPCr	cdf	413	0.0666244	0.14897308	0.16039577	-0.011422694	0.35718957
24	NPCr	cdf	154	0.06659073	-0.14439933	0.19446346	-0.33886278	0.118092306
24	NPCr	cdf	375	0.06644547	-0.1750291	0.065175906	-0.240205	0.121103145
24	NPCr	cdf	141	0.06547493	-0.09909685	-0.039743792	-0.059353057	0.17831144
24	NPCr	cdf	491	0.06544536	-0.15669422	-0.08672806	-0.06996616	0.27976453
24	NPCr	cdf	246	0.06543499	-0.09020453	-0.11881223	0.028607704	0.10422656
24	NPCr	cdf	353	0.06536102	-0.4744264	-0.23122574	-0.24320064	0.31697753
24	NPCr	cdf	91	0.06513828	0.20997699	0.18166344	0.028313547	0.2300555
24	NPCr	cdf	198	0.064759076	0.38425744	0.3234884	0.06076902	0.10354627
24	NPCr	cdf	460	0.0645923	-0.1015538	-0.28305787	0.18150407	0.09825095
24	NPCr	cdf	71	0.06428349	-0.28159314	-0.058627848	-0.2229653	0.2676941
24	NPCr	cdf	325	0.0640772	-0.22008277	-0.042008795	-0.17807397	0.08619684
24	NPCr	cdf	578	0.064006746	-0.1070002	-0.115401536	0.008401334	0.20993443
24	NPCr	cdf	190	0.06381637	0.4850741	0.5128259	-0.027751803	0.121174805
24	NPCr	cdf	641	0.063614786	0.06491789	-0.007863127	0.07278102	0.08497053
24	NPCr	cdf	378	0.062509	0.05134906	-0.06111396	0.11246302	0.06874074
24	NPCr	cdf	528	0.062433362	0.03772153	0.22443885	-0.18671732	0.13241044
24	NPCr	cdf	318	0.062085807	-0.11199755	-0.060946856	-0.051050697	0.06497195
24	NPCr	cdf	72	0.061981976	-0.14714257	0.02623643	-0.173379	0.08896605
24	NPCr	cdf	351	0.061759353	-0.19718187	0.118848674	-0.31603053	0.2410161
24	NPCr	cdf	265	0.06164229	-0.11232772	0.013550928	-0.12587865	0.2976973
24	NPCr	cdf	338	0.061630726	0.21831803	0.105137385	0.113180645	0.15513666
24	NPCr	cdf	366	0.06119758	0.22069158	0.2741174	-0.053425834	0.06438374
24	NPCr	cdf	301	0.06111723	0.4424952	0.3214267	0.12106851	0.12248559
24	NPCr	cdf	481	0.06097448	0.4462153	0.30528444	0.14093086	0.07454978
24	NPCr	cdf	437	0.060813963	-0.2631728	-0.043414734	-0.21975806	0.37619168
24	NPCr	cdf	371	0.060447514	0.2784245	0.34222078	-0.06379628	0.14027043
24	NPCr	cdf	394	0.059737325	-0.35392433	-0.2626395	-0.09128484	0.13296825
24	NPCr	cdf	32	0.059654832	-0.29189637	0.18164675	-0.4735431	0.3185498
24	NPCr	cdf	285	0.05933386	0.11442649	0.32837287	-0.21394637	0.13514425
24	NPCr	cdf	349	0.059098184	-0.19374238	-0.27982977	0.08608739	0.26613212
24	NPCr	cdf	328	0.05884874	0.22980326	0.19660507	0.033198193	0.33323944
24	NPCr	cdf	266	0.058632374	0.28315848	0.4110115	-0.127853	0.1198295
24	NPCr	cdf	634	0.058271885	0.036905743	-0.108740255	0.145646	0.0974528
24	NPCr	cdf	403	0.058235705	-0.018580388	0.027455907	-0.046036296	0.11705083
24	NPCr	cdf	4	0.057954192	-0.10477165	-0.006172856	-0.09859879	0.066389106
24	NPCr	cdf	452	0.057685792	-0.20343938	-0.22641797	0.022978589	0.14813963
24	NPCr	cdf	191	0.056910157	0.23609129	0.57911706	-0.34302577	0.25097853
24	NPCr	inverse_cdf	128	0.17914581	0.22997688	0.33888906	-0.108912185	0.10774962
24	NPCr	inverse_cdf	239	0.16055393	0.034434434	0.3329084	-0.29847395	0.15785699
24	NPCr	inverse_cdf	191	0.14884835	0.23269485	0.4778556	-0.24516074	0.20020543
24	NPCr	inverse_cdf	552	0.13806641	0.2180254	0.076967835	0.14105757	0.15167998
24	NPCr	inverse_cdf	346	0.13231725	-0.07638707	-0.011000161	-0.065386906	0.19513348
24	NPCr	inverse_cdf	590	0.1238243	0.29822192	0.3445391	-0.04631719	0.106890336
24	NPCr	inverse_cdf	78	0.12376332	0.06297524	0.44316462	-0.38018936	0.120721735
24	NPCr	inverse_cdf	584	0.111664236	-0.021913782	-0.03091272	0.008998938	0.15288351
24	NPCr	inverse_cdf	518	0.10846698	0.38278428	0.31802958	0.064754695	0.14990655
24	NPCr	inverse_cdf	255	0.10574347	-0.052230317	0.3669249	-0.41915524	0.12643129
24	NPCr	inverse_cdf	314	0.09662688	-0.039244886	0.3175151	-0.35676	0.18732075
24	NPCr	inverse_cdf	137	0.096039236	0.23988637	0.35380355	-0.11391717	0.22745894
24	NPCr	inverse_cdf	433	0.09530741	0.19029191	0.31603372	-0.12574181	0.11954223
24	NPCr	inverse_cdf	506	0.09353626	0.19638807	0.24921404	-0.052825972	0.14785671
24	NPCr	inverse_cdf	60	0.08897382	0.28849754	0.18810704	0.100390494	0.18375683
24	NPCr	inverse_cdf	369	0.08716202	-0.2179916	0.1491005	-0.3670921	0.09221013
24	NPCr	inverse_cdf	509	0.08654636	0.3598421	0.29453608	0.06530601	0.11119058
24	NPCr	inverse_cdf	7	0.086045444	0.121146224	0.1653737	-0.044227473	0.08739543
24	NPCr	inverse_cdf	25	0.08551973	-0.07357614	0.44363835	-0.5172145	0.22029848
24	NPCr	inverse_cdf	548	0.08516604	0.33883664	0.35847744	-0.019640803	0.114286825
24	NPCr	inverse_cdf	636	0.085063994	-0.12586349	0.149489	-0.27535248	0.10032026
24	NPCr	inverse_cdf	203	0.08447313	-0.07749169	0.23161493	-0.30910662	0.1127254
24	NPCr	inverse_cdf	11	0.084430754	0.2127015	0.12434431	0.08835719	0.22905366
24	NPCr	inverse_cdf	8	0.082769215	0.10008053	0.23837791	-0.13829738	0.22600009
24	NPCr	inverse_cdf	256	0.0827595	0.17267224	0.4920076	-0.31933537	0.11399124
24	NPCr	inverse_cdf	359	0.08162606	-0.23312421	0.11578066	-0.34890488	0.092780106
24	NPCr	inverse_cdf	383	0.08140111	0.06167777	-0.08941002	0.15108779	0.15517005
24	NPCr	inverse_cdf	243	0.080465436	0.16946009	0.27352673	-0.10406664	0.14975993
24	NPCr	inverse_cdf	39	0.079963624	0.79315746	0.5603927	0.23276478	0.18591522
24	NPCr	inverse_cdf	645	0.07960451	-0.2592498	0.00077712245	-0.26002693	0.0867614
24	NPCr	inverse_cdf	38	0.07956684	0.37001428	0.20047899	0.1695353	0.12044301
24	NPCr	inverse_cdf	26	0.07900083	0.22334233	0.4734579	-0.25011557	0.13150646
24	NPCr	inverse_cdf	391	0.07879138	0.35571536	0.33933026	0.016385108	0.05777454
24	NPCr	inverse_cdf	472	0.078782916	-0.011924376	0.0066229394	-0.018547315	0.107075244
24	NPCr	inverse_cdf	117	0.07735658	0.1396849	0.13859287	0.0010920316	0.13801396
24	NPCr	inverse_cdf	439	0.07703781	0.32254913	0.035696555	0.28685257	0.15523927
24	NPCr	inverse_cdf	397	0.07573801	-0.0744671	-0.021671254	-0.052795846	0.11117675
24	NPCr	inverse_cdf	482	0.07552785	-0.109535635	-0.2150305	0.10549487	0.08642525
24	NPCr	inverse_cdf	547	0.072996795	-0.09376873	-0.045551028	-0.048217703	0.28249782
24	NPCr	inverse_cdf	253	0.071039736	0.25257874	0.4471033	-0.19452456	0.10740008
24	NPCr	inverse_cdf	371	0.07078546	0.14764084	0.4868851	-0.33924425	0.074549474
24	NPCr	inverse_cdf	42	0.07062751	0.64086443	0.47365317	0.16721126	0.15524928
24	NPCr	inverse_cdf	500	0.06979537	0.5178036	0.5456618	-0.027858198	0.12923913
24	NPCr	inverse_cdf	487	0.06830186	0.41252255	0.027485052	0.3850375	0.08195217
24	NPCr	inverse_cdf	313	0.06769341	-0.3474115	-0.22520413	-0.12220739	0.055311825
24	NPCr	inverse_cdf	147	0.06766486	0.010809525	0.27960435	-0.26879483	0.11867777
24	NPCr	inverse_cdf	377	0.06734246	-0.30878425	-0.13253972	-0.17624453	0.1402265
24	NPCr	inverse_cdf	396	0.066940725	-0.041409712	-0.10609111	0.064681396	0.071812876
24	NPCr	inverse_cdf	250	0.066791594	0.29483375	0.33303756	-0.038203806	0.08386929
24	NPCr	inverse_cdf	546	0.06654161	-0.08046225	0.11493675	-0.19539899	0.1488015
24	NPCr	inverse_cdf	140	0.06596446	-0.14424269	-0.25060338	0.10636069	0.1121686
24	NPCr	inverse_cdf	368	0.06516093	-0.0564668	-0.0800804	0.023613598	0.05329829
24	NPCr	inverse_cdf	3	0.06456214	-0.13965614	-0.080464974	-0.059191167	0.058899093
24	NPCr	inverse_cdf	563	0.06396973	0.14457767	0.10219682	0.042380847	0.16012433
24	NPCr	inverse_cdf	205	0.063941956	0.05701107	0.45473576	-0.3977247	0.07320726
24	NPCr	inverse_cdf	37	0.06335598	-0.11166189	-0.1830173	0.07135541	0.09723043
24	NPCr	inverse_cdf	582	0.062729776	-0.05370105	0.56928587	-0.6229869	0.08198524
24	NPCr	inverse_cdf	608	0.06272006	-0.21158592	-0.002734612	-0.20885131	0.36879635
24	NPCr	inverse_cdf	296	0.062604964	-0.18811986	-0.07903144	-0.10908842	0.0937864
24	NPCr	inverse_cdf	171	0.061844766	0.20139205	-0.07086907	0.27226114	0.13416111
24	NPCr	inverse_cdf	184	0.061784625	0.30612275	0.3745785	-0.068455756	0.09171517
24	NPCr	inverse_cdf	177	0.06160468	0.23830542	0.24927211	-0.010966688	0.070213124
24	NPCr	inverse_cdf	392	0.06119877	0.004230445	0.11043638	-0.10620593	0.085085675
24	NPCr	inverse_cdf	138	0.06078309	0.23964192	0.31647396	-0.07683204	0.060157686
24	NPCr	inverse_cdf	592	0.06060183	0.44989413	0.4628283	-0.012934178	0.119574755
24	NPCr	inverse_cdf	609	0.06058365	0.24189909	0.40419832	-0.16229923	0.07399655
24	NPCr	inverse_cdf	161	0.060137212	0.29005763	0.20132948	0.088728145	0.16067559
24	NPCr	inverse_cdf	458	0.059918582	0.061702836	-0.21125408	0.2729569	0.05885115
24	NPCr	inverse_cdf	208	0.059750795	-0.28532916	-0.15052347	-0.1348057	0.09773043
24	NPCr	inverse_cdf	40	0.059681952	0.14569966	0.2916759	-0.14597623	0.11288752
24	NPCr	inverse_cdf	343	0.059640944	0.15324995	0.03059657	0.12265338	0.07980757
24	NPCr	inverse_cdf	554	0.05958903	0.0010273381	-0.034775972	0.03580331	0.07173304
24	NPCr	inverse_cdf	84	0.0595569	0.35745317	0.34045622	0.01699695	0.11313591
24	NPCr	inverse_cdf	488	0.059179842	-0.27749264	0.004292708	-0.28178534	0.13747807
24	NPCr	inverse_cdf	139	0.059058487	0.15305991	0.41031942	-0.2572595	0.09276515
24	NPCr	inverse_cdf	551	0.058949053	-0.42467907	-0.20654006	-0.21813901	0.2706287
24	NPCr	inverse_cdf	284	0.058512688	0.12221222	0.25133073	-0.1291185	0.08069619
24	NPCr	inverse_cdf	59	0.058472216	-0.015041839	0.11277686	-0.1278187	0.10462488
24	NPCr	inverse_cdf	302	0.057928085	0.13969566	-0.003260687	0.14295635	0.064971454
24	NPCr	inverse_cdf	65	0.0577271	0.10622481	0.05580951	0.050415304	0.045994125
24	NPCr	inverse_cdf	206	0.05681163	0.15749757	0.4010448	-0.24354722	0.09178432
24	NPCr	inverse_cdf	304	0.056705773	0.13736396	-0.046609662	0.18397361	0.17554976
24	NPCr	inverse_cdf	303	0.05666077	0.027849242	0.19618174	-0.1683325	0.06723182
24	NPCr	inverse_cdf	47	0.056592405	0.5283737	0.39344263	0.13493109	0.11988963
24	NPCr	inverse_cdf	646	0.056196034	-0.44487935	-0.11470598	-0.33017337	0.07895249
24	NPCr	inverse_cdf	556	0.05617428	0.26537067	0.17237435	0.092996314	0.14750865
24	NPCr	inverse_cdf	394	0.055716157	-0.11614816	-0.19390215	0.07775399	0.052730497
24	NPCr	inverse_cdf	236	0.055611193	0.36843142	0.15708907	0.21134235	0.050789036
24	NPCr	inverse_cdf	327	0.055454135	0.13390116	0.18122569	-0.047324523	0.09172226
24	NPCr	inverse_cdf	62	0.055265903	0.3618884	0.3416495	0.020238906	0.08021256
24	NPCr	inverse_cdf	385	0.05511284	0.25791693	0.23107253	0.026844397	0.08534797
24	NPCr	inverse_cdf	194	0.055014968	0.099148735	0.13270529	-0.03355655	0.10561119
24	NPCr	inverse_cdf	628	0.0548802	0.45811573	0.43227842	0.025837302	0.11812501
24	NPCr	inverse_cdf	57	0.05476153	0.41850695	0.044611435	0.37389553	0.12519406
24	NPCr	inverse_cdf	540	0.05423832	-0.15010685	0.14481962	-0.29492646	0.07726421
24	NPCr	inverse_cdf	633	0.053923547	-0.09112877	0.27861997	-0.36974874	0.08385258
24	NPCr	inverse_cdf	278	0.053888857	0.22893737	0.1557401	0.073197275	0.093429595
24	NPCr	inverse_cdf	469	0.05291617	0.083947495	0.009668103	0.07427939	0.092593245
24	NPCr	inverse_cdf	238	0.05283749	0.087083526	-0.146731	0.23381454	0.09126364
24	NPCr	inverse_cdf	453	0.05261588	-0.060129352	0.38622275	-0.4463521	0.0822577
25	BensonV1	cdf	421	0.13253891	0.5947417	0.60457265	-0.009830952	0.1611457
25	BensonV1	cdf	471	0.12881792	0.4508252	0.6675913	-0.21676606	0.45369497
25	BensonV1	cdf	308	0.114158094	0.09659811	0.39186206	-0.29526395	0.36208668
25	BensonV1	cdf	408	0.1129725	0.13128369	0.10821674	0.023066945	0.5088245
25	BensonV1	cdf	48	0.11002535	0.7792435	0.6040458	0.17519772	0.17555846
25	BensonV1	cdf	380	0.10951668	0.26793224	0.45727566	-0.18934342	0.11439875
25	BensonV1	cdf	423	0.10880321	0.47907776	0.7492547	-0.27017695	0.22839482
25	BensonV1	cdf	469	0.106021345	0.5503066	0.6921558	-0.14184916	0.4660346
25	BensonV1	cdf	472	0.10285956	0.47940874	0.61635387	-0.13694513	0.1655499
25	BensonV1	cdf	352	0.10254389	0.38487485	0.676196	-0.29132113	0.42249805
25	BensonV1	cdf	109	0.101349115	0.41709173	0.7433044	-0.32621264	0.2028503
25	BensonV1	cdf	142	0.09850937	0.52887243	0.62647605	-0.09760362	0.93532985
25	BensonV1	cdf	155	0.0961014	0.42746368	0.7951377	-0.36767402	0.11821392
25	BensonV1	cdf	198	0.09607071	0.42765155	0.74697334	-0.31932178	0.18696198
25	BensonV1	cdf	159	0.09355092	0.6470604	0.91991425	-0.27285385	0.160885
25	BensonV1	cdf	426	0.090734124	0.51368755	0.68660647	-0.17291892	0.29792762
25	BensonV1	cdf	168	0.0906167	0.07191274	0.24919996	-0.17728722	0.112558916
25	BensonV1	cdf	62	0.09013462	0.24400698	0.52770025	-0.28369325	0.37911794
25	BensonV1	cdf	324	0.089273095	0.59693515	0.68301815	-0.086082995	0.36857575
25	BensonV1	cdf	58	0.087920666	0.3087526	0.6227748	-0.31402218	0.24529943
25	BensonV1	cdf	329	0.087833226	0.5733133	0.6858703	-0.112556994	0.35268548
25	BensonV1	cdf	293	0.08720976	0.35258007	0.5722413	-0.21966124	0.24596672
25	BensonV1	cdf	440	0.08712447	0.6281754	0.7571584	-0.12898302	0.41208574
25	BensonV1	cdf	438	0.086407244	0.45344445	0.65106326	-0.19761881	0.35879675
25	BensonV1	cdf	77	0.08574337	0.46901447	0.4751997	-0.0061852336	0.19082105
25	BensonV1	cdf	89	0.08504301	0.5463294	0.7118964	-0.16556704	0.21978204
25	BensonV1	cdf	298	0.08452445	0.059938036	0.21436484	-0.15442681	0.22242303
25	BensonV1	cdf	301	0.08369541	0.15452749	0.2269775	-0.07245001	0.28706804
25	BensonV1	cdf	528	0.08312267	0.4163455	0.42148384	-0.0051383376	0.2173544
25	BensonV1	cdf	357	0.080862105	0.54239064	0.66327035	-0.12087971	0.24911281
25	BensonV1	cdf	126	0.080721796	0.40886372	0.6297684	-0.22090465	0.15373035
25	BensonV1	cdf	172	0.07967067	0.60254097	0.5224995	0.08004147	0.19900127
25	BensonV1	cdf	436	0.07928598	0.38943464	0.7187363	-0.32930166	0.2779446
25	BensonV1	cdf	432	0.07798678	0.41128662	0.559338	-0.14805135	0.23263496
25	BensonV1	cdf	339	0.07795662	0.46210003	0.50784886	-0.04574883	0.30629888
25	BensonV1	cdf	381	0.07779902	0.46659973	0.77368736	-0.30708763	0.31506118
25	BensonV1	cdf	368	0.076366365	0.63874567	0.6128137	0.025931954	0.15664034
25	BensonV1	cdf	377	0.07625216	0.24354723	0.2770578	-0.033510566	0.10245559
25	BensonV1	cdf	163	0.07599872	0.32372138	0.7156103	-0.39188895	0.1493826
25	BensonV1	cdf	431	0.07591915	0.17175207	0.40141544	-0.22966337	0.18452863
25	BensonV1	cdf	415	0.07379073	0.09186202	0.19814406	-0.10628204	0.1243052
25	BensonV1	cdf	123	0.073756635	0.3788152	0.33630425	0.042510957	0.20632786
25	BensonV1	cdf	362	0.073396325	0.21320124	0.3529758	-0.13977455	0.15220368
25	BensonV1	cdf	332	0.07106483	0.5705101	0.72668904	-0.15617895	0.21233092
25	BensonV1	cdf	99	0.069714725	0.29754686	0.591814	-0.29426712	0.2585244
25	BensonV1	cdf	461	0.069631755	0.36702794	0.41842654	-0.051398605	0.0799275
25	BensonV1	cdf	281	0.069267035	0.45635653	0.47273955	-0.016383022	0.4187465
25	BensonV1	cdf	297	0.06885469	0.38478538	0.12478005	0.26000533	0.18275838
25	BensonV1	cdf	133	0.068614125	0.46702266	0.59549564	-0.12847298	0.3779621
25	BensonV1	cdf	309	0.06794107	0.075067036	0.28074425	-0.20567721	0.092936724
25	BensonV1	cdf	214	0.06762415	0.23185073	0.19550915	0.036341578	0.17392229
25	BensonV1	cdf	196	0.06757015	0.48024747	0.5379683	-0.05772081	0.15882882
25	BensonV1	cdf	137	0.06730902	0.36909768	0.46912342	-0.10002574	0.3125871
25	BensonV1	cdf	244	0.06634718	0.2816746	0.29072514	-0.009050548	0.16940436
25	BensonV1	cdf	267	0.06578606	0.6144942	0.6304254	-0.015931189	0.26417044
25	BensonV1	cdf	437	0.06530231	0.2422294	0.38024738	-0.13801798	0.22512813
25	BensonV1	cdf	385	0.06505203	0.28784686	0.58542275	-0.2975759	0.22732405
25	BensonV1	cdf	200	0.0647884	0.28753117	0.45536822	-0.16783705	0.11623237
25	BensonV1	cdf	203	0.06458855	0.3500462	0.52157885	-0.17153266	0.16168657
25	BensonV1	cdf	104	0.06442058	0.2199598	0.22220549	-0.0022456944	0.1043082
25	BensonV1	cdf	449	0.06411642	0.24259806	0.50574076	-0.2631427	0.2500801
25	BensonV1	cdf	312	0.06347704	0.16166918	0.63634604	-0.47467685	0.23547438
25	BensonV1	cdf	94	0.06333643	0.38541222	0.43089628	-0.045484066	0.6049145
25	BensonV1	cdf	311	0.06319022	0.28962258	0.49990273	-0.21028015	0.32099825
25	BensonV1	cdf	588	0.063149095	0.7015559	0.6526695	0.04888642	0.15332745
25	BensonV1	cdf	587	0.06237912	0.5253726	0.4639805	0.06139213	0.13873254
25	BensonV1	cdf	29	0.061879992	0.15499918	0.4243491	-0.26934993	0.16957822
25	BensonV1	cdf	529	0.061644495	0.30485246	0.33092362	-0.026071161	0.16575012
25	BensonV1	cdf	398	0.06151682	0.41499045	0.61363643	-0.19864598	0.33345482
25	BensonV1	cdf	582	0.061111808	0.24882777	0.10027859	0.14854917	0.15483448
25	BensonV1	cdf	456	0.061074495	0.11151979	0.09201625	0.019503541	0.72886676
25	BensonV1	cdf	466	0.06100118	0.09679606	0.37915763	-0.28236157	0.09008943
25	BensonV1	cdf	351	0.06090069	0.2714613	0.64108354	-0.36962223	0.21659814
25	BensonV1	cdf	589	0.060655177	0.59887564	0.71321964	-0.114344	0.060357664
25	BensonV1	cdf	253	0.060272872	0.41704792	0.5619424	-0.14489448	0.29769608
25	BensonV1	cdf	485	0.059889853	0.31952795	0.6843973	-0.36486933	0.29632792
25	BensonV1	cdf	256	0.05912739	0.029535724	0.60564	-0.5761043	0.19824488
25	BensonV1	cdf	271	0.058748364	0.5525276	0.65843034	-0.10590273	0.29341096
25	BensonV1	cdf	65	0.058595836	0.58562136	0.8066159	-0.22099453	0.27053738
25	BensonV1	cdf	92	0.057298124	0.49199355	0.53699726	-0.045003712	0.29505125
25	BensonV1	cdf	151	0.057141244	0.3118039	0.6117361	-0.2999322	0.1993467
25	BensonV1	cdf	113	0.056744635	0.14791262	0.5218454	-0.37393278	0.15706252
25	BensonV1	cdf	63	0.05656928	0.0046547716	0.13910682	-0.13445206	0.11253939
25	BensonV1	cdf	505	0.056546688	0.04179419	0.19342823	-0.15163404	0.7855367
25	BensonV1	cdf	383	0.056203306	0.06662916	0.2667581	-0.20012896	0.17391701
25	BensonV1	cdf	289	0.055366635	0.0280481	0.37275127	-0.34470317	0.2373537
25	BensonV1	cdf	102	0.055365443	0.1828015	0.29392827	-0.111126766	0.30693808
25	BensonV1	cdf	134	0.055240214	0.31433403	0.57605404	-0.26172	0.16443636
25	BensonV1	cdf	346	0.05498159	0.2033002	0.40625355	-0.20295335	0.16457027
25	BensonV1	cdf	540	0.054444373	-0.11338942	0.28447926	-0.3978687	0.13573413
25	BensonV1	cdf	282	0.054126084	0.21655233	0.15387201	0.06268032	0.1369998
25	BensonV1	cdf	249	0.053571284	0.25074232	0.49751085	-0.24676853	0.21805954
25	BensonV1	cdf	284	0.05353564	0.59435606	0.66185194	-0.06749588	0.30039203
25	BensonV1	cdf	262	0.05352038	0.31403792	0.46247005	-0.14843214	0.2849107
25	BensonV1	cdf	416	0.05348015	0.38131565	0.27925444	0.10206121	0.18652631
25	BensonV1	cdf	317	0.0532763	0.44610232	0.5561522	-0.1100499	0.39261365
25	BensonV1	cdf	369	0.052715123	-0.132735	-0.0537585	-0.0789765	0.12004683
25	BensonV1	cdf	272	0.052667737	0.32615703	0.48799905	-0.16184202	0.21812692
25	BensonV1	cdf	31	0.052658975	0.23177664	0.45841074	-0.2266341	0.18207169
25	BensonV1	cdf	148	0.052440405	0.3343984	0.56136787	-0.22696948	0.7395012
25	BensonV1	inverse_cdf	117	0.22273135	0.4646289	0.5516833	-0.0870544	0.26118642
25	BensonV1	inverse_cdf	155	0.21187985	0.5083953	0.53979784	-0.03140253	0.13956785
25	BensonV1	inverse_cdf	158	0.19268423	0.5296867	0.576658	-0.04697132	0.24970178
25	BensonV1	inverse_cdf	163	0.17190677	0.44008183	0.45602143	-0.015939593	0.119332455
25	BensonV1	inverse_cdf	48	0.15968436	0.58142364	0.7318576	-0.15043396	0.15394813
25	BensonV1	inverse_cdf	109	0.15420717	0.52305174	0.5957172	-0.07266545	0.13494201
25	BensonV1	inverse_cdf	118	0.15377486	0.45336598	0.61810046	-0.16473448	0.19153576
25	BensonV1	inverse_cdf	159	0.15076387	0.64370227	0.6636679	-0.019965649	0.10582918
25	BensonV1	inverse_cdf	588	0.14706177	0.57797337	0.61039746	-0.032424092	0.3192842
25	BensonV1	inverse_cdf	160	0.13714552	0.32176623	0.15250447	0.16926175	0.07220562
25	BensonV1	inverse_cdf	255	0.13535583	0.32317778	0.3326187	-0.009440929	0.086544625
25	BensonV1	inverse_cdf	113	0.13126892	0.29166645	0.38874128	-0.09707484	0.11674002
25	BensonV1	inverse_cdf	198	0.1270138	0.49320963	0.29781988	0.19538975	0.15625836
25	BensonV1	inverse_cdf	589	0.12637419	0.66672367	0.5357203	0.13100338	0.13789098
25	BensonV1	inverse_cdf	276	0.12520939	0.39049658	0.407363	-0.016866416	0.16255759
25	BensonV1	inverse_cdf	593	0.12265885	0.2742254	0.19307981	0.0811456	0.21183431
25	BensonV1	inverse_cdf	116	0.11449343	0.2802176	0.38641098	-0.10619339	0.17059173
25	BensonV1	inverse_cdf	165	0.10886085	0.4359973	0.32663342	0.109363884	0.07741199
25	BensonV1	inverse_cdf	112	0.10565418	0.31530544	0.1445528	0.17075264	0.16946317
25	BensonV1	inverse_cdf	49	0.103646636	-0.12165558	-0.09889996	-0.022755623	0.056256365
25	BensonV1	inverse_cdf	151	0.09730744	0.48111895	0.5531429	-0.07202396	0.142001
25	BensonV1	inverse_cdf	162	0.095813334	0.25671795	0.21446715	0.042250797	0.07229528
25	BensonV1	inverse_cdf	227	0.09472424	0.025469825	0.06797868	-0.042508855	0.13025433
25	BensonV1	inverse_cdf	458	0.093896866	0.18429373	0.12954587	0.054747865	0.06430701
25	BensonV1	inverse_cdf	156	0.09196007	0.19505066	0.1681535	0.026897162	0.18171586
25	BensonV1	inverse_cdf	196	0.09158629	0.56959003	0.66014344	-0.0905534	0.13715197
25	BensonV1	inverse_cdf	427	0.09102464	0.283118	0.5140082	-0.23089021	0.08833485
25	BensonV1	inverse_cdf	119	0.090949714	0.34904343	0.3386265	0.010416925	0.08136205
25	BensonV1	inverse_cdf	23	0.09001696	-0.16107033	-0.47918844	0.3181181	0.16068274
25	BensonV1	inverse_cdf	256	0.089583635	0.4531877	0.29784417	0.15534353	0.102177955
25	BensonV1	inverse_cdf	157	0.0874545	0.30190688	0.39693496	-0.09502807	0.12689796
25	BensonV1	inverse_cdf	231	0.087282956	0.24984449	0.25870222	-0.008857727	0.20113114
25	BensonV1	inverse_cdf	378	0.08156788	0.26998034	0.40060487	-0.13062453	0.10530785
25	BensonV1	inverse_cdf	498	0.08090401	-0.25868782	-0.17064661	-0.088041216	0.59663135
25	BensonV1	inverse_cdf	50	0.08067548	0.19458675	0.09239964	0.10218711	0.14503363
25	BensonV1	inverse_cdf	313	0.080010116	0.17203051	0.24825332	-0.07622281	0.15757354
25	BensonV1	inverse_cdf	577	0.07881385	0.20214878	0.22652696	-0.02437818	0.06606001
25	BensonV1	inverse_cdf	65	0.07775819	0.6397753	0.56237316	0.077402115	0.21646875
25	BensonV1	inverse_cdf	528	0.077314794	0.37499347	0.38170198	-0.006708503	0.111885734
25	BensonV1	inverse_cdf	421	0.07654935	0.58959866	0.4761472	0.11345145	0.07579508
25	BensonV1	inverse_cdf	121	0.076399624	0.4806824	0.5559088	-0.0752264	0.10751383
25	BensonV1	inverse_cdf	201	0.07530099	0.3880146	0.41178718	-0.023772568	0.07816452
25	BensonV1	inverse_cdf	423	0.07515931	0.4500387	0.44771922	0.002319485	0.085065916
25	BensonV1	inverse_cdf	126	0.07487458	0.3366898	0.48973817	-0.15304837	0.11246071
25	BensonV1	inverse_cdf	178	0.07434857	0.18876413	0.19125724	-0.0024931133	0.10244438
25	BensonV1	inverse_cdf	108	0.07395762	0.06797808	0.17456888	-0.1065908	0.13145776
25	BensonV1	inverse_cdf	258	0.07339913	0.3428172	0.35535643	-0.012539238	0.08143244
25	BensonV1	inverse_cdf	77	0.07267141	0.41584098	0.32179585	0.09404513	0.12891449
25	BensonV1	inverse_cdf	203	0.07234365	0.44385642	0.42638826	0.017468154	0.11504102
25	BensonV1	inverse_cdf	553	0.072203755	0.16660514	0.31091434	-0.1443092	0.050284885
25	BensonV1	inverse_cdf	243	0.07155597	0.1169248	0.16301426	-0.046089463	0.63268954
25	BensonV1	inverse_cdf	440	0.071202636	0.5700287	0.4206347	0.14939404	0.26388636
25	BensonV1	inverse_cdf	6	0.07101858	0.17138551	0.08198209	0.08940342	0.19611895
25	BensonV1	inverse_cdf	210	0.070582986	0.20569803	0.255008	-0.049309984	0.07764151
25	BensonV1	inverse_cdf	368	0.06954181	0.5131093	0.45097798	0.062131345	0.09973025
25	BensonV1	inverse_cdf	515	0.06945723	-0.100384064	-0.078949615	-0.021434449	0.049058773
25	BensonV1	inverse_cdf	576	0.06934786	0.39603502	0.37068006	0.025354952	0.14008868
25	BensonV1	inverse_cdf	152	0.06923139	0.51084495	0.45560953	0.055235416	0.06287806
25	BensonV1	inverse_cdf	379	0.068903804	0.39238036	0.4404742	-0.048093855	0.088345654
25	BensonV1	inverse_cdf	315	0.06864792	0.028642384	0.19811693	-0.16947454	0.09500389
25	BensonV1	inverse_cdf	125	0.068559885	0.18366626	0.093769394	0.089896865	0.08703599
25	BensonV1	inverse_cdf	277	0.06843406	0.36328742	0.5120614	-0.148774	0.106176846
25	BensonV1	inverse_cdf	161	0.06753808	-0.037956364	0.10912767	-0.14708403	0.061132446
25	BensonV1	inverse_cdf	89	0.06709999	0.57570845	0.5579827	0.017725766	0.10727221
25	BensonV1	inverse_cdf	74	0.06698942	0.26626146	0.3412047	-0.074943244	0.09221739
25	BensonV1	inverse_cdf	324	0.06681085	0.647364	0.68966115	-0.042297125	0.16947658
25	BensonV1	inverse_cdf	56	0.066399336	0.4046461	0.52665895	-0.12201285	0.09544364
25	BensonV1	inverse_cdf	200	0.065457344	0.3991702	0.20035449	0.1988157	0.06904588
25	BensonV1	inverse_cdf	193	0.0654124	-0.12471565	-0.15472078	0.030005135	0.19873619
25	BensonV1	inverse_cdf	385	0.06459296	0.3114288	0.45124775	-0.13981897	0.09484428
25	BensonV1	inverse_cdf	478	0.06422275	-0.40099233	-0.41862866	0.017636329	0.055219848
25	BensonV1	inverse_cdf	523	0.06340021	0.21097514	0.095315725	0.115659416	0.076558396
25	BensonV1	inverse_cdf	249	0.06339699	0.35345352	0.3957127	-0.042259187	0.1563593
25	BensonV1	inverse_cdf	268	0.063142	0.2564698	0.39001882	-0.13354903	0.18640715
25	BensonV1	inverse_cdf	594	0.06309414	0.49577558	0.4609547	0.034820884	0.0837508
25	BensonV1	inverse_cdf	259	0.06268442	0.27813005	0.3369377	-0.05880764	0.0667838
25	BensonV1	inverse_cdf	328	0.06260741	0.36778402	0.5287586	-0.16097456	0.17613079
25	BensonV1	inverse_cdf	319	0.062152326	0.22627866	0.33123702	-0.104958355	0.18712912
25	BensonV1	inverse_cdf	300	0.062084377	0.14319442	0.07212939	0.07106503	0.14706889
25	BensonV1	inverse_cdf	345	0.06205702	0.30529702	0.2320823	0.07321471	0.0686952
25	BensonV1	inverse_cdf	214	0.06173694	0.17100579	0.082977034	0.08802875	0.07586847
25	BensonV1	inverse_cdf	401	0.061130106	-0.057867154	-0.08797902	0.030111864	0.19523542
25	BensonV1	inverse_cdf	173	0.06096679	0.31654158	0.5251691	-0.20862749	0.089855954
25	BensonV1	inverse_cdf	94	0.060613036	0.27362633	0.17383377	0.099792555	0.38069633
25	BensonV1	inverse_cdf	560	0.0603202	0.25078204	0.30281505	-0.052033007	0.11965192
25	BensonV1	inverse_cdf	312	0.060123503	0.25727555	0.3362363	-0.07896075	0.11470753
25	BensonV1	inverse_cdf	350	0.05969751	0.4423374	0.3809544	0.06138298	0.16645049
25	BensonV1	inverse_cdf	473	0.05892986	0.37609658	0.28673756	0.089359015	0.06973632
25	BensonV1	inverse_cdf	382	0.05832088	0.5603539	0.5705694	-0.010215521	0.09114414
25	BensonV1	inverse_cdf	584	0.057968676	-0.08909236	0.032897666	-0.121990025	0.20267972
25	BensonV1	inverse_cdf	338	0.057930827	0.37214196	0.36881527	0.0033266842	0.1266746
25	BensonV1	inverse_cdf	150	0.057432473	0.29582766	0.23521228	0.060615376	0.29585668
25	BensonV1	inverse_cdf	143	0.05688578	0.244652	0.30294985	-0.058297843	0.20877983
25	BensonV1	inverse_cdf	403	0.056804717	0.27044633	0.12229738	0.14814895	0.106711924
25	BensonV1	inverse_cdf	301	0.056655645	0.25783232	0.1558295	0.102002814	0.10427205
25	BensonV1	inverse_cdf	488	0.05658263	0.3019289	0.35481292	-0.052884012	0.14792891
25	BensonV1	inverse_cdf	537	0.05557674	0.02518486	-0.01789199	0.04307685	0.13968325
25	BensonV1	inverse_cdf	431	0.05506909	0.16870402	-0.11799767	0.28670168	0.07994151
25	BensonV1	inverse_cdf	550	0.054959714	0.41406688	0.31714255	0.096924335	0.14168605
25	BensonV1	inverse_cdf	509	0.05495286	-0.2554246	-0.37507626	0.119651675	0.033837866
25	NPCr	cdf	598	0.09862882	0.23203452	0.31427	-0.08223547	0.12791
25	NPCr	cdf	68	0.08998525	0.3150335	0.65618294	-0.34114945	0.15561071
25	NPCr	cdf	438	0.078810394	0.032398924	0.025972845	0.006426079	0.10665094
25	NPCr	cdf	214	0.072612226	-0.0028751614	0.31982663	-0.32270178	0.12544832
25	NPCr	cdf	448	0.072475016	-0.5568286	-0.68313015	0.12630153	0.0553101
25	NPCr	cdf	308	0.072043836	0.24134192	0.21724428	0.024097636	0.14704704
25	NPCr	cdf	518	0.071540594	-0.15673527	-0.17173803	0.015002757	0.08845965
25	NPCr	cdf	184	0.07084197	0.29689988	0.33817276	-0.04127288	0.1829026
25	NPCr	cdf	94	0.070299745	0.13689807	0.19061211	-0.053714037	0.08311254
25	NPCr	cdf	447	0.070025325	0.22059351	0.06569327	0.15490025	0.121823676
25	NPCr	cdf	546	0.06864971	0.041792702	0.027727988	0.014064714	0.10905665
25	NPCr	cdf	379	0.06752527	0.23919009	0.11410446	0.12508562	0.08135886
25	NPCr	cdf	594	0.06712085	0.37554747	0.39484146	-0.019293994	0.18197939
25	NPCr	cdf	156	0.06709802	0.43432215	0.5054527	-0.071130544	0.21051691
25	NPCr	cdf	380	0.06700724	0.26013538	0.0061503598	0.25398502	0.14747836
25	NPCr	cdf	365	0.06671655	0.29145345	0.110929854	0.1805236	0.0913509
25	NPCr	cdf	177	0.066102564	0.28234476	0.19512443	0.087220326	0.06013277
25	NPCr	cdf	153	0.06302923	0.14206634	0.44946644	-0.3074001	0.13635781
25	NPCr	cdf	402	0.062500656	0.2273207	0.1353277	0.091993004	0.10421824
25	NPCr	cdf	295	0.062470973	0.39462128	0.11960755	0.27501374	0.06288505
25	NPCr	cdf	401	0.060967803	0.18402244	0.030182023	0.15384042	0.08642012
25	NPCr	cdf	154	0.057944596	0.11900832	0.0076259724	0.11138234	0.12842357
25	NPCr	cdf	333	0.057212055	0.36643165	0.4483253	-0.08189365	0.07621428
25	NPCr	cdf	480	0.056278884	0.21559265	0.04700623	0.16858642	0.13125797
25	NPCr	cdf	650	0.05579549	-0.07130898	-0.03584804	-0.035460938	0.091616236
25	NPCr	cdf	224	0.055109262	0.10511005	0.53041095	-0.4253009	0.14891651
25	NPCr	cdf	472	0.05482632	-0.011079419	-0.0060635787	-0.0050158408	0.052754644
25	NPCr	cdf	537	0.054688036	-0.035257097	0.000766587	-0.036023684	0.10690825
25	NPCr	cdf	697	0.05447793	0.2688333	0.056590002	0.2122433	0.13455689
25	NPCr	cdf	220	0.05431539	-0.13255343	-0.30629933	0.1737459	0.09574906
25	NPCr	cdf	634	0.05418867	-0.14650919	-0.13530573	-0.011203453	0.086434945
25	NPCr	cdf	16	0.053724647	-0.31047645	-0.18751517	-0.12296128	0.10456818
25	NPCr	cdf	417	0.053613245	0.29249457	0.15374383	0.13875073	0.077886425
25	NPCr	cdf	366	0.053457677	-0.0061121155	-0.14777848	0.14166637	0.078932464
25	NPCr	cdf	179	0.053239346	0.192162	0.5641402	-0.3719782	0.17145789
25	NPCr	cdf	641	0.053093076	-0.13462158	-0.1330436	-0.0015779734	0.09162597
25	NPCr	cdf	338	0.05289489	0.2894705	0.3179888	-0.02851832	0.05545216
25	NPCr	cdf	51	0.05263132	0.04644235	0.03952013	0.006922219	0.16412476
25	NPCr	cdf	525	0.05211264	-0.16005246	-0.09894171	-0.06111075	0.09787177
25	NPCr	cdf	140	0.051802754	0.23737293	0.08392229	0.15345064	0.14815369
25	NPCr	cdf	102	0.05157107	0.19692762	0.099428974	0.09749865	0.091709316
25	NPCr	cdf	498	0.051530242	-0.3330935	-0.30111498	-0.031978518	0.10387576
25	NPCr	cdf	454	0.05139035	0.15141967	-0.014755018	0.16617468	0.039894484
25	NPCr	cdf	274	0.05136317	0.44585696	0.59134483	-0.14548787	0.037466027
25	NPCr	cdf	122	0.050311506	0.17646858	0.29636484	-0.11989626	0.07595217
25	NPCr	cdf	183	0.049405277	0.3973291	0.35095975	0.046369344	0.13617072
25	NPCr	cdf	563	0.04935932	0.23025742	0.087635584	0.14262185	0.117819495
25	NPCr	cdf	237	0.04928881	0.294648	0.3738407	-0.0791927	0.24164158
25	NPCr	cdf	483	0.049178183	0.20127872	0.03324379	0.16803493	0.039951205
25	NPCr	cdf	515	0.049156666	0.2813886	0.18169641	0.099692196	0.0791428
25	NPCr	cdf	651	0.048767865	0.4899316	0.41701695	0.07291466	0.04526643
25	NPCr	cdf	95	0.048416197	0.46537742	0.5708893	-0.105511874	0.089234084
25	NPCr	cdf	445	0.048395157	0.26347718	0.26507968	-0.0016025007	0.16370796
25	NPCr	cdf	493	0.047639906	-0.08155358	-0.22666323	0.14510965	0.07201305
25	NPCr	cdf	446	0.047615945	0.29331568	0.06242334	0.23089233	0.13263029
25	NPCr	cdf	223	0.047434747	0.23526764	0.3428771	-0.10760945	0.14671226
25	NPCr	cdf	100	0.046820164	0.29476437	0.34849364	-0.053729266	0.10526874
25	NPCr	cdf	248	0.045831144	-0.22125503	-0.14760745	-0.07364759	0.06177986
25	NPCr	cdf	576	0.04578346	0.22015448	0.116840385	0.103314094	0.041508023
25	NPCr	cdf	554	0.045707047	0.29484913	0.09149911	0.20335001	0.077255666
25	NPCr	cdf	25	0.045596957	-0.11656284	0.056749362	-0.1733122	0.17477962
25	NPCr	cdf	293	0.04551977	0.27852783	0.4651219	-0.18659407	0.097941816
25	NPCr	cdf	582	0.04525453	0.39455935	0.34303033	0.05152902	0.079416595
25	NPCr	cdf	672	0.04512644	-0.27851385	-0.27090323	-0.007610619	0.09693122
25	NPCr	cdf	74	0.044974864	-0.2082515	-0.15326805	-0.054983452	0.13655908
25	NPCr	cdf	444	0.044893682	0.082173735	-0.0083500175	0.09052375	0.11678092
25	NPCr	cdf	567	0.044582546	-0.0030469948	-0.1926586	0.18961161	0.08573742
25	NPCr	cdf	593	0.044395924	0.21082374	0.17109656	0.03972718	0.2074752
25	NPCr	cdf	128	0.044317067	0.17641392	0.4743167	-0.29790276	0.08840988
25	NPCr	cdf	103	0.04398513	0.3584399	0.6501711	-0.2917312	0.091274664
25	NPCr	cdf	396	0.043826103	0.26898623	0.4918039	-0.22281769	0.08102637
25	NPCr	cdf	431	0.043723702	0.3968503	0.30404186	0.092808425	0.15597403
25	NPCr	cdf	205	0.043435812	0.027254313	-0.1593516	0.18660592	0.4354431
25	NPCr	cdf	34	0.043195903	0.044193413	-0.08573535	0.12992877	0.24371217
25	NPCr	cdf	372	0.04286754	0.16525663	0.09781328	0.067443356	0.065819524
25	NPCr	cdf	341	0.042842686	-0.25145516	-0.18517971	-0.06627545	0.12142487
25	NPCr	cdf	500	0.042775214	-0.100335054	-0.24851093	0.14817587	0.098899156
25	NPCr	cdf	135	0.042666435	0.28655246	0.25353116	0.0330213	0.04471629
25	NPCr	cdf	178	0.04240179	0.4028323	0.41891348	-0.016081184	0.11635003
25	NPCr	cdf	676	0.041964054	0.23023513	-0.0495933	0.27982843	0.107144594
25	NPCr	cdf	502	0.041419983	-0.42272037	-0.22352147	-0.1991989	0.10172746
25	NPCr	cdf	440	0.04140395	0.33878076	0.44949892	-0.11071816	0.30337468
25	NPCr	cdf	127	0.0412516	0.33144706	0.3436567	-0.012209624	0.06464008
25	NPCr	cdf	699	0.041202843	-0.017914835	-0.023446405	0.00553157	0.0801431
25	NPCr	cdf	159	0.04110235	0.19194832	0.30443496	-0.11248663	0.03636022
25	NPCr	cdf	123	0.04104829	-0.13543808	-0.34897035	0.21353227	0.071409866
25	NPCr	cdf	120	0.041030884	0.33127877	0.7011572	-0.36987844	0.33984172
25	NPCr	cdf	253	0.040893853	0.18167236	0.17030737	0.011364996	0.069083765
25	NPCr	cdf	551	0.040593147	0.19681047	0.31484538	-0.118034914	0.2129137
25	NPCr	cdf	283	0.040525317	0.20611352	0.15609951	0.050014004	0.10571613
25	NPCr	cdf	152	0.040381372	0.38894936	0.48054886	-0.091599494	0.14170153
25	NPCr	cdf	359	0.04018557	0.17043132	-0.04088904	0.21132036	0.089849286
25	NPCr	cdf	312	0.039950907	0.076098815	-0.1136228	0.18972161	0.07508781
25	NPCr	cdf	471	0.039833188	-0.23588677	-0.24021691	0.0043301433	0.04474674
25	NPCr	cdf	619	0.039481938	0.14712487	0.39414683	-0.24702196	0.1758779
25	NPCr	cdf	124	0.039472938	-0.24004084	-0.003411523	-0.23662932	0.04154413
25	NPCr	cdf	371	0.039323688	0.41962695	0.16919719	0.25042975	0.13174254
25	NPCr	cdf	35	0.03917551	-0.09234514	0.21129571	-0.30364084	0.08698405
25	NPCr	cdf	406	0.038829923	0.38310108	0.5033766	-0.12027553	0.067169555
25	NPCr	cdf	69	0.038769126	0.43951055	0.75306904	-0.3135585	0.16721724
25	NPCr	inverse_cdf	68	0.12626737	0.41353288	0.3066142	0.10691869	0.08506546
25	NPCr	inverse_cdf	42	0.1258586	0.37249935	0.23702629	0.13547306	0.16873246
25	NPCr	inverse_cdf	69	0.098677695	0.44201344	0.35044327	0.09157017	0.110672556
25	NPCr	inverse_cdf	37	0.096973956	0.20713982	0.056390155	0.15074967	0.11872994
25	NPCr	inverse_cdf	99	0.09305543	0.4250569	0.34826925	0.07678765	0.037433807
25	NPCr	inverse_cdf	103	0.08910918	0.41803402	0.3703191	0.04771492	0.053697295
25	NPCr	inverse_cdf	198	0.08680427	-0.26775527	-0.23858462	-0.029170647	0.09884932
25	NPCr	inverse_cdf	41	0.08292961	0.09636347	0.069466166	0.026897304	0.057777286
25	NPCr	inverse_cdf	57	0.075140834	0.0955567	0.018074345	0.07748236	0.1202392
25	NPCr	inverse_cdf	133	0.07502538	0.06662503	0.20300382	-0.1363788	0.100075185
25	NPCr	inverse_cdf	630	0.074223876	-0.1603698	0.13111743	-0.29148722	0.11281915
25	NPCr	inverse_cdf	629	0.07279116	0.05401235	0.12171917	-0.067706816	0.13934185
25	NPCr	inverse_cdf	633	0.07236606	-0.16718255	-0.21908857	0.05190602	0.08485447
25	NPCr	inverse_cdf	381	0.07171792	0.04027145	-0.0018214671	0.042092916	0.0951035
25	NPCr	inverse_cdf	31	0.071428776	-0.09053066	-0.16902219	0.07849153	0.071739495
25	NPCr	inverse_cdf	254	0.07012582	0.27507186	0.29232457	-0.017252713	0.080126226
25	NPCr	inverse_cdf	155	0.06955868	0.21060804	0.015478881	0.19512916	0.056156993
25	NPCr	inverse_cdf	301	0.06953663	0.40415615	0.31137472	0.092781425	0.08132076
25	NPCr	inverse_cdf	289	0.06863999	0.20217393	0.2125332	-0.010359272	0.08376137
25	NPCr	inverse_cdf	96	0.06822747	0.1487926	0.07671997	0.072072625	0.0674055
25	NPCr	inverse_cdf	158	0.06802118	0.1532578	0.26356128	-0.11030348	0.09821553
25	NPCr	inverse_cdf	67	0.067742825	0.45808488	0.39321753	0.06486735	0.08800655
25	NPCr	inverse_cdf	185	0.06768012	0.38346744	0.3943056	-0.010838151	0.063971475
25	NPCr	inverse_cdf	202	0.06666958	0.025926493	-0.20155184	0.22747833	0.040564056
25	NPCr	inverse_cdf	100	0.06638783	0.29315045	0.35779494	-0.064644486	0.10032149
25	NPCr	inverse_cdf	386	0.06610125	-0.29562247	0.0647094	-0.36033186	0.17408636
25	NPCr	inverse_cdf	458	0.06604338	-0.2953953	-0.16116965	-0.13422567	0.17525844
25	NPCr	inverse_cdf	274	0.06480652	0.5593561	0.48969546	0.069660634	0.035487734
25	NPCr	inverse_cdf	424	0.06432581	0.31325793	0.38841972	-0.075161785	0.09403887
25	NPCr	inverse_cdf	677	0.06429404	-0.020657038	-0.00044420082	-0.020212837	0.1120158
25	NPCr	inverse_cdf	70	0.06409544	0.4668418	0.36915088	0.09769091	0.07876583
25	NPCr	inverse_cdf	141	0.06337166	0.01532078	0.04035988	-0.025039101	0.040732156
25	NPCr	inverse_cdf	156	0.06320602	0.50498295	0.4399246	0.06505835	0.16533048
25	NPCr	inverse_cdf	383	0.06307411	-0.07332568	-0.24431075	0.17098507	0.0402587
25	NPCr	inverse_cdf	235	0.061959565	0.04638752	0.3989701	-0.35258257	0.08762468
25	NPCr	inverse_cdf	204	0.06105119	0.26244876	0.45726392	-0.19481516	0.107669294
25	NPCr	inverse_cdf	152	0.06016344	0.5118949	0.44665173	0.065243155	0.14493598
25	NPCr	inverse_cdf	679	0.06008166	-0.07057478	-0.11852781	0.047953025	0.12906589
25	NPCr	inverse_cdf	136	0.059452236	0.17388788	0.16781026	0.0060776174	0.06526665
25	NPCr	inverse_cdf	453	0.058868647	-0.3031515	-0.14412959	-0.1590219	0.26560277
25	NPCr	inverse_cdf	522	0.058414757	-0.0504938	0.041144095	-0.091637895	0.10059536
25	NPCr	inverse_cdf	598	0.05809486	0.31355354	0.17868954	0.134864	0.08860572
25	NPCr	inverse_cdf	178	0.057754457	0.38418233	0.30297464	0.08120769	0.08024192
25	NPCr	inverse_cdf	278	0.057745874	0.132877	0.028701153	0.10417585	0.034674585
25	NPCr	inverse_cdf	91	0.05742365	0.077887364	0.10389455	-0.026007183	0.0829362
25	NPCr	inverse_cdf	516	0.056618035	0.23731224	0.22460492	0.012707323	0.061898183
25	NPCr	inverse_cdf	255	0.056203604	0.006334189	-0.36835077	0.37468496	0.18628226
25	NPCr	inverse_cdf	126	0.05590558	0.10089805	0.21287733	-0.11197928	0.081143826
25	NPCr	inverse_cdf	5	0.055868328	-0.14324977	-0.20168732	0.058437556	0.05946745
25	NPCr	inverse_cdf	27	0.055407286	-0.000511534	-0.0619709	0.061459366	0.06859384
25	NPCr	inverse_cdf	239	0.055352926	0.03036311	0.37559947	-0.34523636	0.056021743
25	NPCr	inverse_cdf	524	0.055325568	-0.13619791	-0.14098762	0.00478971	0.3809431
25	NPCr	inverse_cdf	431	0.055107772	0.468951	0.3539459	0.115005076	0.12841173
25	NPCr	inverse_cdf	541	0.0548954	0.23188213	0.124665074	0.10721705	0.15575077
25	NPCr	inverse_cdf	625	0.05485052	0.087972894	-0.06281878	0.15079167	0.15213089
25	NPCr	inverse_cdf	168	0.054810584	0.26734543	0.21274506	0.054600373	0.062026046
25	NPCr	inverse_cdf	292	0.054546	-0.07408727	0.17472388	-0.24881116	0.06529663
25	NPCr	inverse_cdf	215	0.054457486	0.022470497	0.17424376	-0.15177327	0.061441857
25	NPCr	inverse_cdf	588	0.05444342	-0.008195283	-0.1317939	0.12359862	0.07872769
25	NPCr	inverse_cdf	147	0.05432564	0.17833862	0.23497343	-0.056634814	0.087457865
25	NPCr	inverse_cdf	422	0.054292142	-0.14122476	-0.3917928	0.25056803	0.046553083
25	NPCr	inverse_cdf	85	0.053272486	-0.10460421	0.1557709	-0.2603751	0.09304807
25	NPCr	inverse_cdf	487	0.053246677	0.20162927	0.22451095	-0.022881687	0.050018262
25	NPCr	inverse_cdf	221	0.052626252	0.11491186	0.10271454	0.012197323	0.055280514
25	NPCr	inverse_cdf	610	0.052541554	-0.07512833	0.025170542	-0.100298874	0.1415438
25	NPCr	inverse_cdf	119	0.052363455	0.35637924	0.20285404	0.1535252	0.16458833
25	NPCr	inverse_cdf	36	0.052253783	-0.029589755	-0.059734438	0.030144682	0.045640506
25	NPCr	inverse_cdf	637	0.051747143	0.03036342	0.16216466	-0.13180123	0.07030552
25	NPCr	inverse_cdf	32	0.05173993	0.01588133	-0.004975004	0.020856334	0.09729456
25	NPCr	inverse_cdf	653	0.05142033	-0.21192294	-0.2767226	0.06479967	0.0714235
25	NPCr	inverse_cdf	325	0.051211774	-0.21988678	-0.4478792	0.22799242	0.10555091
25	NPCr	inverse_cdf	130	0.05116558	0.068009876	0.13342194	-0.06541207	0.056113455
25	NPCr	inverse_cdf	651	0.05070126	0.5399873	0.6050311	-0.06504375	0.06661889
25	NPCr	inverse_cdf	203	0.05039519	0.26731488	0.08616481	0.18115008	0.05263122
25	NPCr	inverse_cdf	194	0.0501045	0.14105064	0.13931617	0.0017344654	0.111652955
25	NPCr	inverse_cdf	56	0.04996711	-0.021915771	0.100732446	-0.12264822	0.08399497
25	NPCr	inverse_cdf	565	0.04927522	0.3793038	0.27158803	0.107715786	0.08590647
25	NPCr	inverse_cdf	137	0.049129486	-0.029662957	-0.14399159	0.11432863	0.062174972
25	NPCr	inverse_cdf	621	0.049128413	-0.32453343	-0.34104598	0.016512543	0.13481724
25	NPCr	inverse_cdf	388	0.048901975	0.11908844	-0.09903125	0.21811968	0.08717494
25	NPCr	inverse_cdf	382	0.048283696	-0.14570764	-0.011913832	-0.1337938	0.19494921
25	NPCr	inverse_cdf	514	0.0482651	0.15590566	0.23710479	-0.081199124	0.08086385
25	NPCr	inverse_cdf	288	0.048177898	0.147457	-0.089245945	0.23670295	0.0951528
25	NPCr	inverse_cdf	143	0.048151433	0.14737785	0.20636305	-0.058985204	0.18638779
25	NPCr	inverse_cdf	236	0.047771633	-0.033443056	0.30587035	-0.33931342	0.056737836
25	NPCr	inverse_cdf	271	0.047702312	0.25693458	0.34435737	-0.08742279	0.034033086
25	NPCr	inverse_cdf	589	0.047576427	0.42279467	0.33797747	0.0848172	0.09475627
25	NPCr	inverse_cdf	435	0.046847403	0.3373761	-0.017890817	0.3552669	0.08042994
25	NPCr	inverse_cdf	290	0.046818137	0.2339148	0.39356753	-0.15965272	0.05942724
25	NPCr	inverse_cdf	65	0.04660791	-0.1055491	-0.33253664	0.22698754	0.07240399
25	NPCr	inverse_cdf	118	0.046524465	-0.28607133	-0.12307718	-0.16299415	0.07629469
25	NPCr	inverse_cdf	40	0.04624641	0.3248884	0.17329788	0.15159053	0.051632073
25	NPCr	inverse_cdf	329	0.04611212	0.0063758288	0.056254864	-0.049879037	0.0538475
25	NPCr	inverse_cdf	493	0.046072662	-0.024544531	-0.20577921	0.18123467	0.09429662
25	NPCr	inverse_cdf	691	0.04592359	-0.21746844	-0.2138395	-0.0036289394	0.090730555
25	NPCr	inverse_cdf	615	0.04587847	-0.29251277	0.052483834	-0.3449966	0.093393035
25	NPCr	inverse_cdf	398	0.04580176	0.039535362	-0.08831706	0.12785242	0.11092925
25	NPCr	inverse_cdf	612	0.045794427	0.1534502	0.363543	-0.2100928	0.10820804
25	NPCr	inverse_cdf	590	0.045640588	0.254442	0.24975218	0.0046898276	0.056887776
25	NPCr	inverse_cdf	149	0.045574248	0.20000581	0.32408494	-0.12407912	0.05527213
26	BensonV1	cdf	546	0.18110424	0.45541915	0.45834824	-0.0029290915	0.14994712
26	BensonV1	cdf	345	0.10473609	0.5095478	0.4542261	0.055321723	0.23371041
26	BensonV1	cdf	399	0.10106242	-0.013602639	0.024194093	-0.037796732	0.21784024
26	BensonV1	cdf	309	0.10011089	0.22455029	0.3581026	-0.1335523	0.19337907
26	BensonV1	cdf	40	0.09975356	0.52775395	0.77627546	-0.2485215	0.25141427
26	BensonV1	cdf	379	0.09358829	0.23744027	0.30666307	-0.06922279	0.12124528
26	BensonV1	cdf	398	0.09301782	0.38298672	0.638117	-0.2551303	0.17382458
26	BensonV1	cdf	421	0.09191483	0.27748296	0.4434603	-0.16597733	0.18753868
26	BensonV1	cdf	696	0.08516997	0.14474715	0.19284832	-0.04810117	0.11810358
26	BensonV1	cdf	349	0.084982276	0.0025002484	-0.07024902	0.07274927	0.15312454
26	BensonV1	cdf	688	0.084549725	0.41528594	0.52421224	-0.108926296	0.4500745
26	BensonV1	cdf	265	0.08383894	0.51270837	0.5352883	-0.022579908	0.17860915
26	BensonV1	cdf	126	0.08131671	0.048629664	0.23978347	-0.1911538	0.2075059
26	BensonV1	cdf	38	0.08120304	0.4486193	0.5565894	-0.10797012	0.14848751
26	BensonV1	cdf	34	0.08102769	-0.092989646	0.050788816	-0.14377846	0.33583227
26	BensonV1	cdf	228	0.079997	0.45124933	0.50825894	-0.057009608	0.103769034
26	BensonV1	cdf	337	0.07995784	0.19945663	0.3017713	-0.10231468	0.21434203
26	BensonV1	cdf	400	0.07880831	0.4037272	0.60001665	-0.19628945	0.2035942
26	BensonV1	cdf	75	0.078615725	0.27995828	0.23604374	0.04391454	0.11816862
26	BensonV1	cdf	697	0.07857573	0.2495147	0.3966687	-0.147154	0.15896516
26	BensonV1	cdf	220	0.07817793	0.29578626	0.3506866	-0.05490035	0.6454741
26	BensonV1	cdf	41	0.07816774	0.38374388	0.59577173	-0.21202785	0.09327329
26	BensonV1	cdf	692	0.078158915	0.41583097	0.5579298	-0.14209884	0.37118086
26	BensonV1	cdf	502	0.07644284	0.3131771	0.090713285	0.22246382	0.16736056
26	BensonV1	cdf	428	0.07599467	0.14755258	0.39303586	-0.24548328	0.13052921
26	BensonV1	cdf	235	0.075264454	0.24532783	0.202934	0.042393833	0.16599481
26	BensonV1	cdf	108	0.0746851	-0.27892065	-0.2761007	-0.0028199553	0.10594301
26	BensonV1	cdf	99	0.07390964	-0.22334817	-0.17668551	-0.04666266	0.14239798
26	BensonV1	cdf	604	0.073318124	0.40379325	0.52149194	-0.1176987	0.18560867
26	BensonV1	cdf	39	0.07288593	0.5305949	0.6890899	-0.15849501	0.15184644
26	BensonV1	cdf	308	0.07271832	0.42075634	0.6925938	-0.27183747	0.30852273
26	BensonV1	cdf	491	0.07043809	0.13513193	0.19717577	-0.062043846	0.28079262
26	BensonV1	cdf	478	0.07039338	0.28916925	0.45251158	-0.16334233	0.15532985
26	BensonV1	cdf	653	0.07026446	0.4468552	0.60167146	-0.15481627	0.39696452
26	BensonV1	cdf	42	0.06974596	0.46169698	0.6173219	-0.15562493	0.118339784
26	BensonV1	cdf	459	0.06961787	0.16048278	0.041087754	0.119395025	0.10262594
26	BensonV1	cdf	187	0.06954992	0.63349307	0.6382549	-0.004761815	0.10905191
26	BensonV1	cdf	510	0.068779945	0.08778432	-0.004366273	0.09215059	0.21342273
26	BensonV1	cdf	155	0.06854212	0.013798044	0.14945172	-0.13565367	0.19910201
26	BensonV1	cdf	106	0.06845981	-0.021177452	-0.32356492	0.30238748	0.18006791
26	BensonV1	cdf	492	0.068080366	-0.045703385	0.31402397	-0.35972735	0.23806518
26	BensonV1	cdf	707	0.067335665	0.029538177	0.089687146	-0.06014897	0.09940542
26	BensonV1	cdf	435	0.06700522	0.28056183	0.6934038	-0.41284195	0.14901617
26	BensonV1	cdf	575	0.06690884	-0.491145	-0.42395955	-0.06718546	0.37272206
26	BensonV1	cdf	453	0.06681347	0.19445951	-0.06055228	0.2550118	0.11395855
26	BensonV1	cdf	101	0.06647438	0.006964929	0.17907266	-0.17210774	0.171049
26	BensonV1	cdf	721	0.06579441	-0.056466088	-0.24690537	0.19043928	0.13877057
26	BensonV1	cdf	53	0.06518191	0.22688782	0.010645532	0.21624228	0.1625569
26	BensonV1	cdf	508	0.064941585	0.413647	0.45564923	-0.04200223	0.112164125
26	BensonV1	cdf	54	0.064921916	0.008043534	-0.008008474	0.016052008	0.2622592
26	BensonV1	cdf	207	0.064747036	0.10807572	0.1395129	-0.031437173	0.22811514
26	BensonV1	cdf	289	0.064603925	0.25168705	0.20863068	0.04305637	0.12994115
26	BensonV1	cdf	317	0.06416637	0.60969585	0.52866626	0.081029594	0.17587432
26	BensonV1	cdf	153	0.0634653	0.118849784	0.07552599	0.043323793	0.50276005
26	BensonV1	cdf	313	0.06303835	0.4029313	0.33342755	0.069503754	0.08457681
26	BensonV1	cdf	319	0.06212145	-0.45177007	-0.37520918	-0.076560885	0.10112495
26	BensonV1	cdf	0	0.061439216	0.2607881	0.14732106	0.11346705	0.09426165
26	BensonV1	cdf	432	0.061425984	0.031286698	0.22824818	-0.19696148	0.15303293
26	BensonV1	cdf	4	0.061272264	0.052430574	0.20176688	-0.14933631	0.26426834
26	BensonV1	cdf	267	0.061196446	0.3560786	0.36959037	-0.013511777	0.12974638
26	BensonV1	cdf	486	0.060982347	0.024900932	-0.04300097	0.0679019	0.17336491
26	BensonV1	cdf	203	0.06025988	0.047118198	0.065158054	-0.018039856	0.20111822
26	BensonV1	cdf	667	0.059865594	0.17952779	-0.021958383	0.20148617	0.20811388
26	BensonV1	cdf	559	0.059002757	0.24151465	0.44237077	-0.20085612	0.12750776
26	BensonV1	cdf	327	0.058326542	-0.050438467	0.005317992	-0.05575646	0.13359043
26	BensonV1	cdf	259	0.057823777	0.29793918	0.41261697	-0.11467779	0.25709695
26	BensonV1	cdf	22	0.05776882	0.41076392	0.12153466	0.28922927	0.15987119
26	BensonV1	cdf	335	0.05770868	0.09789391	0.09974437	-0.0018504634	0.25457337
26	BensonV1	cdf	700	0.05751705	0.35812867	0.23067544	0.12745322	0.1454241
26	BensonV1	cdf	47	0.05717814	0.24231954	0.42877564	-0.1864561	0.19597998
26	BensonV1	cdf	127	0.056988776	0.24952526	0.13781369	0.11171158	0.1372543
26	BensonV1	cdf	706	0.056684732	-0.124207236	-0.20331411	0.079106875	0.10378396
26	BensonV1	cdf	482	0.056334496	-0.23692304	-0.2914345	0.054511458	0.15581413
26	BensonV1	cdf	256	0.056328237	0.28181702	0.29529127	-0.013474256	0.45649314
26	BensonV1	cdf	5	0.05626917	0.42746767	0.5078378	-0.0803701	0.33036542
26	BensonV1	cdf	132	0.05610293	0.19285567	0.07842328	0.114432395	0.19527012
26	BensonV1	cdf	268	0.05526358	0.35760444	0.2912805	0.066323936	0.14153431
26	BensonV1	cdf	657	0.05523455	0.46696052	0.6522063	-0.18524578	0.4769517
26	BensonV1	cdf	605	0.055167496	0.22270176	0.14365087	0.07905088	0.14974947
26	BensonV1	cdf	300	0.054902256	0.034784444	0.03692782	-0.0021433756	0.10137259
26	BensonV1	cdf	103	0.054863572	-0.14116037	-0.05482455	-0.08633582	0.10849533
26	BensonV1	cdf	90	0.054607153	0.26804835	0.15649132	0.11155702	0.41076642
26	BensonV1	cdf	264	0.05456257	-0.0017628608	-0.023678737	0.021915875	0.14180027
26	BensonV1	cdf	120	0.05423951	0.18965396	0.29597798	-0.10632402	0.13963282
26	BensonV1	cdf	481	0.05390495	-0.15726963	0.039922986	-0.19719261	0.19686793
26	BensonV1	cdf	97	0.053740025	0.014138792	-0.09786901	0.1120078	0.16416845
26	BensonV1	cdf	702	0.053622067	0.1743375	0.27948293	-0.105145425	0.1317236
26	BensonV1	cdf	190	0.05345267	0.44690028	0.5617715	-0.11487123	0.28308457
26	BensonV1	cdf	98	0.052996755	0.08179868	0.09885505	-0.017056368	0.16332857
26	BensonV1	cdf	19	0.05273366	0.5389489	0.7484603	-0.2095114	0.1275385
26	BensonV1	cdf	709	0.052640617	-0.15301228	-0.066234715	-0.08677756	0.21110539
26	BensonV1	cdf	422	0.05263585	-0.24407719	-0.17177296	-0.072304234	0.06472062
26	BensonV1	cdf	558	0.05246234	0.31636092	0.22385848	0.092502445	0.1728259
26	BensonV1	cdf	749	0.052072763	0.18316679	0.12863281	0.054533973	1.0465839
26	BensonV1	cdf	654	0.05200404	0.24436851	0.26641077	-0.02204226	0.30358142
26	BensonV1	cdf	170	0.05191624	0.19976534	0.32743654	-0.1276712	0.31548327
26	BensonV1	cdf	156	0.05162525	0.27679121	0.21367967	0.06311154	0.33509216
26	BensonV1	cdf	255	0.051494956	0.20222363	0.3414116	-0.13918796	0.24916835
26	BensonV1	cdf	547	0.051435947	0.24076623	0.043426633	0.1973396	0.07262704
26	BensonV1	cdf	463	0.050584316	0.103716984	0.1488744	-0.045157418	0.14193341
26	BensonV1	inverse_cdf	187	0.10775721	0.54899246	0.5206015	0.028390944	0.08461827
26	BensonV1	inverse_cdf	40	0.10530013	0.659801	0.6162737	0.043527305	0.11915698
26	BensonV1	inverse_cdf	42	0.10491115	0.5061947	0.5518189	-0.045624197	0.06339547
26	BensonV1	inverse_cdf	336	0.10409212	0.19423577	0.082558475	0.1116773	0.14149736
26	BensonV1	inverse_cdf	16	0.09437668	0.4659772	0.46721077	-0.0012335777	0.13187087
26	BensonV1	inverse_cdf	463	0.08834934	-0.0911604	0.15818936	-0.24934976	0.14186858
26	BensonV1	inverse_cdf	18	0.08756763	0.58980894	0.60975623	-0.01994729	0.083991826
26	BensonV1	inverse_cdf	559	0.081507206	0.26184607	0.4944751	-0.23262903	0.11083924
26	BensonV1	inverse_cdf	228	0.0806784	0.56390387	0.58559674	-0.021692872	0.06424242
26	BensonV1	inverse_cdf	731	0.080144346	-0.08695333	-0.29267946	0.20572613	0.13735269
26	BensonV1	inverse_cdf	226	0.07990646	0.1618224	0.1765834	-0.014761001	0.097908095
26	BensonV1	inverse_cdf	693	0.079772055	-0.12610987	-0.0141997095	-0.11191016	0.17985244
26	BensonV1	inverse_cdf	269	0.078457355	0.33221933	0.23407893	0.0981404	0.06037264
26	BensonV1	inverse_cdf	606	0.0772959	0.40178472	0.5010275	-0.09924281	0.13411717
26	BensonV1	inverse_cdf	19	0.07708216	0.5623647	0.5212461	0.04111862	0.07661827
26	BensonV1	inverse_cdf	17	0.076297104	0.49232784	0.50544107	-0.0131132305	0.07984862
26	BensonV1	inverse_cdf	222	0.07598162	0.2569709	0.09612757	0.16084334	0.16448006
26	BensonV1	inverse_cdf	694	0.0752753	-0.13444807	0.019527197	-0.15397526	0.14238162
26	BensonV1	inverse_cdf	636	0.07506442	0.15820138	0.06485342	0.09334796	1.2846926
26	BensonV1	inverse_cdf	55	0.07462007	0.094481535	0.18679309	-0.09231155	0.16827808
26	BensonV1	inverse_cdf	661	0.07421243	-0.028842071	-0.03866992	0.00982785	0.13148616
26	BensonV1	inverse_cdf	689	0.07184452	0.08885214	0.14338203	-0.05452989	1.2173389
26	BensonV1	inverse_cdf	382	0.0716905	0.24505538	-0.018890422	0.2639458	0.28778228
26	BensonV1	inverse_cdf	317	0.07157242	0.45930684	0.46127954	-0.0019727051	0.22175133
26	BensonV1	inverse_cdf	593	0.071379185	0.12684843	0.37719458	-0.25034615	0.25054893
26	BensonV1	inverse_cdf	494	0.06897509	0.10283914	0.03735483	0.065484315	0.8156624
26	BensonV1	inverse_cdf	344	0.068119824	0.016884219	0.32607952	-0.3091953	0.21054682
26	BensonV1	inverse_cdf	398	0.067448616	0.4506735	0.5711258	-0.120452315	0.08374966
26	BensonV1	inverse_cdf	490	0.06706315	-0.04371692	-0.06183411	0.018117193	0.12570603
26	BensonV1	inverse_cdf	741	0.065309405	0.049945287	0.21032898	-0.1603837	0.21104385
26	BensonV1	inverse_cdf	39	0.06501067	0.50232255	0.56563747	-0.063314915	0.09466974
26	BensonV1	inverse_cdf	586	0.06468254	-0.01698941	-0.13568102	0.11869161	0.14418273
26	BensonV1	inverse_cdf	478	0.063659966	0.3692196	0.215826	0.1533936	0.06757541
26	BensonV1	inverse_cdf	435	0.063183606	0.5248829	0.5209612	0.0039216876	0.09034555
26	BensonV1	inverse_cdf	160	0.06243491	0.10345465	0.1611557	-0.05770105	0.20080651
26	BensonV1	inverse_cdf	663	0.06180483	-0.08646403	0.024436953	-0.11090098	0.11317531
26	BensonV1	inverse_cdf	9	0.061683774	0.16846357	0.47835085	-0.3098873	0.16160929
26	BensonV1	inverse_cdf	514	0.060730636	0.1601448	0.26322708	-0.10308227	0.14182067
26	BensonV1	inverse_cdf	308	0.060507953	0.4902826	0.4641062	0.026176393	0.15904003
26	BensonV1	inverse_cdf	607	0.058958113	0.27543607	0.13251522	0.14292085	0.077304
26	BensonV1	inverse_cdf	629	0.058941662	0.04587197	0.23725796	-0.19138598	0.5530807
26	BensonV1	inverse_cdf	400	0.058869183	0.4749133	0.53120786	-0.05629456	0.102327526
26	BensonV1	inverse_cdf	616	0.058856368	0.17788559	0.30430436	-0.12641877	0.17431714
26	BensonV1	inverse_cdf	238	0.05882585	0.05575236	0.02127767	0.03447469	0.07809902
26	BensonV1	inverse_cdf	531	0.057529986	0.075723305	0.07476574	0.0009575635	0.105557844
26	BensonV1	inverse_cdf	474	0.057495832	0.5900063	0.3564891	0.2335172	0.118767686
26	BensonV1	inverse_cdf	168	0.056950927	0.3488989	0.4075042	-0.058605313	0.116645046
26	BensonV1	inverse_cdf	507	0.056939483	0.5152393	0.5159456	-0.00070631504	0.079690956
26	BensonV1	inverse_cdf	337	0.05682212	-0.06758947	0.35134846	-0.41893792	0.1814446
26	BensonV1	inverse_cdf	729	0.05665654	0.12162652	0.02804701	0.09357951	0.12026515
26	BensonV1	inverse_cdf	239	0.055592895	0.044293292	0.1250387	-0.08074541	0.16005942
26	BensonV1	inverse_cdf	270	0.05542004	0.2924222	0.28144735	0.010974854	0.091411054
26	BensonV1	inverse_cdf	214	0.05442983	-0.07637888	0.012157593	-0.08853647	0.5892059
26	BensonV1	inverse_cdf	460	0.053857267	0.24472159	0.12644342	0.118278176	0.32096422
26	BensonV1	inverse_cdf	436	0.053598225	0.1720904	0.12789884	0.044191554	0.112537526
26	BensonV1	inverse_cdf	575	0.053467393	-0.6722158	-0.5434004	-0.12881541	0.3654069
26	BensonV1	inverse_cdf	726	0.053141117	0.1538203	0.21756795	-0.063747644	1.1060512
26	BensonV1	inverse_cdf	378	0.053058743	0.30321085	0.13062201	0.17258884	0.18364468
26	BensonV1	inverse_cdf	38	0.052600443	0.59434587	0.57611537	0.018230498	0.1029145
26	BensonV1	inverse_cdf	572	0.052434504	0.13859476	0.25837222	-0.119777456	0.513878
26	BensonV1	inverse_cdf	499	0.052284002	0.43282545	-0.17240222	0.60522765	0.25147435
26	BensonV1	inverse_cdf	278	0.05227369	0.09450485	0.34583703	-0.25133216	0.19181658
26	BensonV1	inverse_cdf	418	0.052031696	-0.12750246	-0.14556849	0.018066034	0.1983524
26	BensonV1	inverse_cdf	508	0.051855147	0.52828234	0.5888284	-0.06054604	0.09513733
26	BensonV1	inverse_cdf	704	0.05116111	-0.2181019	-0.23812516	0.020023257	0.11120579
26	BensonV1	inverse_cdf	142	0.050903082	-0.32397383	-0.12107204	-0.2029018	0.20402606
26	BensonV1	inverse_cdf	306	0.050889134	0.17772208	-0.19462843	0.3723505	0.15156744
26	BensonV1	inverse_cdf	268	0.05075741	0.31034535	0.25387773	0.056467623	0.09061316
26	BensonV1	inverse_cdf	190	0.05034882	0.5030884	0.4453086	0.05777982	0.13642943
26	BensonV1	inverse_cdf	585	0.050343454	0.11776279	0.13207375	-0.014310956	0.073865205
26	BensonV1	inverse_cdf	334	0.050164998	0.25916758	0.1093768	0.14979078	0.17010067
26	BensonV1	inverse_cdf	513	0.0500229	0.3537566	0.23162597	0.12213063	0.07072064
26	BensonV1	inverse_cdf	450	0.04990077	0.23272377	-0.21500893	0.4477327	0.1714866
26	BensonV1	inverse_cdf	432	0.048851848	0.18877304	0.24807146	-0.059298426	0.1387408
26	BensonV1	inverse_cdf	653	0.04877901	0.25869584	0.6266876	-0.36799175	0.15237561
26	BensonV1	inverse_cdf	138	0.048624575	-0.06493944	-0.13159072	0.066651285	0.13323978
26	BensonV1	inverse_cdf	608	0.048520505	0.2695659	0.5165345	-0.2469686	0.10912047
26	BensonV1	inverse_cdf	696	0.048367202	0.28648698	0.30218887	-0.01570189	0.088117264
26	BensonV1	inverse_cdf	624	0.048344612	0.10907248	0.12620269	-0.017130211	0.10051781
26	BensonV1	inverse_cdf	213	0.04768771	0.063287154	-0.14384535	0.2071325	0.5485672
26	BensonV1	inverse_cdf	728	0.04748231	0.00943792	0.14640991	-0.136972	0.10623536
26	BensonV1	inverse_cdf	129	0.047423363	0.25516823	0.18035772	0.074810505	0.09588556
26	BensonV1	inverse_cdf	265	0.04735768	0.481298	0.5236087	-0.042310685	0.06765538
26	BensonV1	inverse_cdf	684	0.04727429	-0.016813973	-0.0759283	0.05911433	0.16486251
26	BensonV1	inverse_cdf	487	0.047059536	-0.24060021	-0.21404703	-0.026553184	0.13626339
26	BensonV1	inverse_cdf	672	0.04703343	0.18247981	-0.024737632	0.20721744	0.19929837
26	BensonV1	inverse_cdf	565	0.04675263	-0.34513623	-0.18028072	-0.16485551	0.1993108
26	BensonV1	inverse_cdf	376	0.046536982	-0.1099788	0.045941513	-0.15592031	0.16925916
26	BensonV1	inverse_cdf	49	0.046189368	0.35791066	0.47922698	-0.121316314	0.116006695
26	BensonV1	inverse_cdf	158	0.04615009	-0.04478792	-0.19961408	0.15482616	0.16942492
26	BensonV1	inverse_cdf	420	0.04597807	-0.0012968018	0.0423709	-0.043667704	0.26831022
26	BensonV1	inverse_cdf	192	0.045896173	0.40389243	0.262786	0.14110643	0.10757636
26	BensonV1	inverse_cdf	131	0.04585594	0.19549964	0.31058624	-0.1150866	0.14274308
26	BensonV1	inverse_cdf	627	0.045669973	-0.31691012	-0.2885139	-0.028396219	2.361798
26	BensonV1	inverse_cdf	658	0.045309544	0.17527975	0.19435424	-0.019074485	0.16363029
26	BensonV1	inverse_cdf	208	0.04497379	0.28547058	0.44337025	-0.15789968	0.09219488
26	BensonV1	inverse_cdf	170	0.044949234	0.113944635	0.35436305	-0.24041842	0.1876581
26	BensonV1	inverse_cdf	551	0.044769704	0.57684827	0.3754257	0.20142257	0.06405607
26	BensonV1	inverse_cdf	262	0.044753313	0.07888846	0.2246972	-0.14580874	0.0784062
26	BensonV1	inverse_cdf	194	0.044673443	0.5026752	0.344048	0.15862718	0.10006635
26	NPCr	cdf	283	0.109236896	0.41660434	0.41273186	0.003872484	0.09858142
26	NPCr	cdf	236	0.104536295	0.21344313	0.23146348	-0.018020347	0.1763167
26	NPCr	cdf	445	0.0991385	0.49631014	0.6597655	-0.16345534	0.1763372
26	NPCr	cdf	55	0.09439576	0.12859513	0.17452808	-0.04593295	0.18145716
26	NPCr	cdf	141	0.09414953	-0.012508623	0.22880931	-0.24131793	0.4596331
26	NPCr	cdf	563	0.091249466	-0.21014804	-0.029526597	-0.18062145	0.36592725
26	NPCr	cdf	287	0.0894891	0.066481024	0.1959236	-0.12944257	0.3178509
26	NPCr	cdf	279	0.08923775	0.09553423	0.26008788	-0.16455364	0.1488
26	NPCr	cdf	82	0.08747429	-0.026802512	0.027563034	-0.054365546	0.2557605
26	NPCr	cdf	602	0.087146044	0.019575901	0.03201609	-0.01244019	0.4686179
26	NPCr	cdf	315	0.08711547	0.14147191	0.3806307	-0.2391588	0.46154478
26	NPCr	cdf	308	0.086732805	0.2683318	0.23735262	0.030979171	0.2115068
26	NPCr	cdf	583	0.085666	0.22679332	0.13711518	0.08967814	0.16167815
26	NPCr	cdf	472	0.08515406	0.34937626	0.5890212	-0.23964494	0.24464932
26	NPCr	cdf	48	0.08465266	0.31045786	0.62597924	-0.3155214	0.36752602
26	NPCr	cdf	388	0.08425033	0.2622091	0.50827634	-0.24606726	0.4896169
26	NPCr	cdf	290	0.08342725	0.17344429	0.29655758	-0.12311329	0.2578885
26	NPCr	cdf	232	0.0827626	0.06955103	0.25076914	-0.18121812	0.13786778
26	NPCr	cdf	252	0.07988483	0.2501702	0.49093726	-0.24076706	0.17846164
26	NPCr	cdf	243	0.078662455	0.12606062	0.2686966	-0.14263599	0.3992834
26	NPCr	cdf	438	0.077899635	0.3160694	0.2759014	0.040167987	0.40872753
26	NPCr	cdf	323	0.07731885	0.21331169	0.44985628	-0.2365446	0.489195
26	NPCr	cdf	533	0.076616764	-0.04792333	0.104290456	-0.15221378	0.2679208
26	NPCr	cdf	211	0.07621515	-0.072587974	0.19913407	-0.27172205	0.31558207
26	NPCr	cdf	354	0.076002	-0.055325165	0.006254812	-0.061579976	0.36772567
26	NPCr	cdf	306	0.07523525	0.21333368	0.34823784	-0.13490416	0.18616384
26	NPCr	cdf	562	0.07512432	-0.048804644	0.03632039	-0.08512503	0.42479515
26	NPCr	cdf	6	0.074721634	-0.16785738	0.0641732	-0.23203057	0.110626705
26	NPCr	cdf	344	0.07401675	0.18918094	0.21498483	-0.025803894	0.0901526
26	NPCr	cdf	250	0.073108494	0.14180689	0.25857973	-0.116772845	0.49345607
26	NPCr	cdf	464	0.07290071	0.116227016	0.23337297	-0.117145956	0.12543023
26	NPCr	cdf	207	0.071868	0.25388426	0.09510631	0.15877795	0.1467502
26	NPCr	cdf	333	0.07153803	0.44170412	0.5768603	-0.13515618	0.15988971
26	NPCr	cdf	139	0.07152027	-0.043208994	0.2196524	-0.2628614	0.30110827
26	NPCr	cdf	521	0.071466625	0.3461696	0.585758	-0.23958838	0.09977236
26	NPCr	cdf	131	0.07130921	0.20992233	0.4596444	-0.24972208	1.146916
26	NPCr	cdf	77	0.07119167	0.23575962	0.48836467	-0.25260505	0.82346576
26	NPCr	cdf	212	0.07111812	0.12985939	-0.09865961	0.228519	0.15085308
26	NPCr	cdf	204	0.07007009	0.14060993	0.41733253	-0.2767226	0.47596103
26	NPCr	cdf	607	0.069689035	0.16537839	0.2753832	-0.11000481	0.31271756
26	NPCr	cdf	518	0.069589436	0.3920658	0.5499417	-0.15787593	0.12390656
26	NPCr	cdf	468	0.06955522	-0.018166145	0.28047407	-0.29864022	0.126987
26	NPCr	cdf	300	0.0690456	0.46817848	0.45758873	0.010589749	0.2052614
26	NPCr	cdf	425	0.06876987	-0.15718578	-0.09435417	-0.06283161	0.21761677
26	NPCr	cdf	296	0.06847376	-0.12774701	-0.28049052	0.1527435	0.17807789
26	NPCr	cdf	338	0.06829119	0.062312443	0.31292027	-0.25060782	0.54539126
26	NPCr	cdf	618	0.06801474	-0.06472363	-0.022262566	-0.042461067	0.33772746
26	NPCr	cdf	590	0.06773901	0.23920885	0.46153578	-0.22232693	0.25427452
26	NPCr	cdf	406	0.06741071	-0.135035	0.2033401	-0.3383751	0.15121053
26	NPCr	cdf	318	0.06716025	0.0135908	0.19028206	-0.17669126	0.517427
26	NPCr	cdf	619	0.06705159	0.020525519	0.10092038	-0.080394864	0.36469293
26	NPCr	cdf	539	0.066948295	0.088528164	0.12838064	-0.039852478	0.27928773
26	NPCr	cdf	404	0.06661916	0.2192386	0.54391503	-0.32467645	0.2016742
26	NPCr	cdf	413	0.0662747	0.18719491	0.2062116	-0.019016683	0.18431784
26	NPCr	cdf	586	0.06588441	-0.01031431	-0.06284717	0.05253286	0.21393505
26	NPCr	cdf	38	0.065043986	0.236271	0.30088285	-0.06461185	0.2877025
26	NPCr	cdf	432	0.06497079	-0.15711775	0.15154368	-0.30866143	0.14935261
26	NPCr	cdf	324	0.06474501	-0.02950645	0.24161004	-0.2711165	0.23148766
26	NPCr	cdf	476	0.06438601	-0.0049562464	0.17545547	-0.18041171	0.14424595
26	NPCr	cdf	373	0.06422889	0.24583878	0.40032077	-0.15448199	0.36878765
26	NPCr	cdf	569	0.06353176	-0.12342512	-0.08262687	-0.040798247	0.24925348
26	NPCr	cdf	637	0.06351882	0.028459674	0.17681763	-0.14835796	0.26301208
26	NPCr	cdf	588	0.06325793	0.044852164	0.27359623	-0.22874406	0.22124471
26	NPCr	cdf	293	0.063228965	-0.023210272	-0.03251479	0.009304516	0.20785007
26	NPCr	cdf	242	0.062770545	0.063533686	0.23545244	-0.17191875	0.27254546
26	NPCr	cdf	691	0.062512636	-0.23417819	0.1426341	-0.37681228	0.18051282
26	NPCr	cdf	307	0.062362432	0.31880203	0.4682335	-0.14943147	0.17460676
26	NPCr	cdf	372	0.062358737	0.1889543	0.34034085	-0.15138656	0.26491567
26	NPCr	cdf	143	0.062018394	-0.12798828	0.23669037	-0.36467865	0.3757097
26	NPCr	cdf	339	0.06200117	-0.00074674375	0.28574282	-0.28648958	0.31417277
26	NPCr	cdf	94	0.06161064	0.11716203	0.3272861	-0.21012408	0.17564651
26	NPCr	cdf	403	0.06156528	0.15994772	0.35707495	-0.19712722	0.33918738
26	NPCr	cdf	386	0.061518967	0.079671785	0.28900552	-0.20933373	0.26496187
26	NPCr	cdf	442	0.06142956	0.23178564	0.521854	-0.29006833	0.16774134
26	NPCr	cdf	471	0.06137973	0.10692373	0.12866567	-0.021741942	0.12563547
26	NPCr	cdf	499	0.06089866	-0.37530607	-0.3277099	-0.047596157	0.12299264
26	NPCr	cdf	624	0.060875654	-0.22198667	-0.052217342	-0.16976932	0.24114446
26	NPCr	cdf	165	0.060762763	0.0351616	0.089615874	-0.054454274	0.5637069
26	NPCr	cdf	284	0.06067568	0.2216551	0.28157339	-0.059918284	0.17168666
26	NPCr	cdf	203	0.060617626	0.0067487685	0.24183534	-0.23508658	0.2574462
26	NPCr	cdf	208	0.060569167	-0.11374012	0.104204886	-0.21794501	0.57470214
26	NPCr	cdf	641	0.06038797	0.4516484	0.37611434	0.075534075	0.09750101
26	NPCr	cdf	100	0.060076475	0.2384496	0.16531989	0.07312971	0.26713157
26	NPCr	cdf	620	0.059235156	-0.145831	-0.061989028	-0.08384198	0.4780145
26	NPCr	cdf	314	0.059152782	0.20483802	0.39653584	-0.19169782	0.24623261
26	NPCr	cdf	489	0.059104264	-0.11121385	-0.00026880114	-0.110945046	0.2381745
26	NPCr	cdf	317	0.059061944	0.018104877	0.2596599	-0.241555	0.53937924
26	NPCr	cdf	85	0.058848977	0.068509564	0.08247622	-0.013966657	0.17265284
26	NPCr	cdf	576	0.05855918	-0.13582711	-0.081870146	-0.053956963	0.2092618
26	NPCr	cdf	600	0.05853468	0.026979528	-0.033470128	0.060449656	0.5126615
26	NPCr	cdf	348	0.0585109	-0.027569044	0.06256581	-0.09013486	0.08178642
26	NPCr	cdf	584	0.05842662	-0.14830957	-0.11027672	-0.038032852	0.54652685
26	NPCr	cdf	401	0.05808747	-0.034382954	0.14000654	-0.1743895	0.10002544
26	NPCr	cdf	175	0.057923317	0.07447206	0.29015014	-0.21567807	0.3983236
26	NPCr	cdf	402	0.057673216	-0.20885228	0.10529258	-0.31414485	0.27997857
26	NPCr	cdf	572	0.057588518	0.2266806	0.35003293	-0.12335232	0.38635477
26	NPCr	cdf	142	0.057487488	0.10213762	0.44499394	-0.34285632	0.50306875
26	NPCr	cdf	434	0.057396352	-0.328174	-0.19048053	-0.13769346	0.31537998
26	NPCr	cdf	603	0.05734521	0.21450864	0.37053025	-0.15602161	0.24448557
26	NPCr	cdf	549	0.05729282	-0.019404236	-0.017487269	-0.0019169673	0.20778486
26	NPCr	inverse_cdf	49	0.12766796	0.032728586	-0.21320479	0.24593337	0.18413532
26	NPCr	inverse_cdf	62	0.12609744	0.037672237	-0.08918953	0.12686177	0.2803466
26	NPCr	inverse_cdf	618	0.11691797	-0.1644373	-0.2652338	0.10079652	0.3465933
26	NPCr	inverse_cdf	603	0.11163038	0.25400755	0.20421767	0.049789876	0.2074611
26	NPCr	inverse_cdf	563	0.10217935	-0.27917928	-0.3045981	0.025418818	0.31109324
26	NPCr	inverse_cdf	114	0.10217029	-0.12922339	0.12393712	-0.2531605	0.13812135
26	NPCr	inverse_cdf	251	0.10168731	0.15863483	0.16188887	-0.003254041	0.21133165
26	NPCr	inverse_cdf	94	0.101027966	0.22296445	0.200046	0.022918448	0.1732339
26	NPCr	inverse_cdf	583	0.09994012	0.070749424	0.08176916	-0.0110197365	0.19898692
26	NPCr	inverse_cdf	509	0.09904891	0.5181436	0.4470845	0.07105911	0.20200074
26	NPCr	inverse_cdf	498	0.098177254	-0.19703752	0.17271985	-0.36975735	0.19465227
26	NPCr	inverse_cdf	617	0.09736222	-0.18357286	0.145696	-0.32926887	0.32104468
26	NPCr	inverse_cdf	667	0.09702319	0.2802067	0.34903023	-0.06882352	0.2936836
26	NPCr	inverse_cdf	92	0.09612727	-0.014291824	0.10547678	-0.119768605	0.15182151
26	NPCr	inverse_cdf	425	0.09592116	-0.24591014	-0.27564132	0.029731184	0.20789158
26	NPCr	inverse_cdf	145	0.095920324	-0.16005893	0.33112824	-0.49118716	0.14514703
26	NPCr	inverse_cdf	180	0.09541494	0.057048243	0.094970904	-0.03792266	0.15615608
26	NPCr	inverse_cdf	616	0.09397787	0.30237386	0.21028416	0.0920897	0.1583713
26	NPCr	inverse_cdf	243	0.09331584	0.03607188	0.16523567	-0.12916379	0.26936856
26	NPCr	inverse_cdf	600	0.092901826	-0.21026388	-0.2052282	-0.0050356835	0.50122666
26	NPCr	inverse_cdf	242	0.09209925	0.09714126	0.05875292	0.038388338	0.1891965
26	NPCr	inverse_cdf	620	0.0919224	-0.26377413	-0.1487419	-0.115032226	0.3771628
26	NPCr	inverse_cdf	449	0.091478944	-0.009536026	0.053702418	-0.06323844	0.13837326
26	NPCr	inverse_cdf	204	0.09131968	0.12211573	0.21816477	-0.09604904	0.32107332
26	NPCr	inverse_cdf	172	0.09113395	-0.12053019	-0.22536753	0.10483734	0.12526312
26	NPCr	inverse_cdf	499	0.09093863	-0.4091101	-0.3179086	-0.091201484	0.1368678
26	NPCr	inverse_cdf	260	0.090468824	0.238289	0.11951286	0.118776135	0.20582712
26	NPCr	inverse_cdf	636	0.090167165	0.21300699	0.13932183	0.073685154	0.33373168
26	NPCr	inverse_cdf	374	0.08999246	0.1516219	0.1507357	0.00088618696	0.2663145
26	NPCr	inverse_cdf	633	0.08962941	-0.12834316	-0.2169818	0.08863863	0.2609396
26	NPCr	inverse_cdf	644	0.08927184	-0.11777938	0.0427539	-0.16053328	0.18907191
26	NPCr	inverse_cdf	253	0.089193344	0.11052358	0.07525229	0.035271294	0.13702537
26	NPCr	inverse_cdf	538	0.08766669	-0.17178753	0.024053337	-0.19584087	0.15363058
26	NPCr	inverse_cdf	489	0.08742905	-0.0714682	-0.20479617	0.13332796	0.20649645
26	NPCr	inverse_cdf	250	0.08728516	0.015513366	0.12763733	-0.11212396	0.34593868
26	NPCr	inverse_cdf	517	0.08675629	0.26354906	0.21892968	0.04461938	0.12804207
26	NPCr	inverse_cdf	446	0.08576995	0.061249215	-0.19254895	0.25379816	0.14046106
26	NPCr	inverse_cdf	293	0.08555704	-0.13669099	-0.091218874	-0.045472115	0.18951349
26	NPCr	inverse_cdf	629	0.08537948	-0.015694784	0.14995928	-0.16565406	0.114132546
26	NPCr	inverse_cdf	409	0.08506495	-0.060209095	-0.08918461	0.028975517	0.13991031
26	NPCr	inverse_cdf	602	0.0848788	-0.29509497	-0.16620257	-0.12889239	0.3357293
26	NPCr	inverse_cdf	289	0.084878325	0.2317921	0.23963566	-0.007843554	0.18198465
26	NPCr	inverse_cdf	24	0.0842877	-0.17702816	-0.06537574	-0.11165243	0.16523494
26	NPCr	inverse_cdf	238	0.08411968	0.21505083	0.15464492	0.06040591	0.14867826
26	NPCr	inverse_cdf	48	0.084056854	0.46523124	0.60116315	-0.13593191	0.18917342
26	NPCr	inverse_cdf	353	0.08384341	0.32173613	0.2864816	0.035254538	0.15277338
26	NPCr	inverse_cdf	445	0.08246803	0.3374604	0.5564228	-0.21896243	0.13427119
26	NPCr	inverse_cdf	420	0.08148092	-0.08824743	-0.26962173	0.1813743	0.30295342
26	NPCr	inverse_cdf	82	0.08126366	-0.11483527	-0.07234652	-0.042488746	0.25014314
26	NPCr	inverse_cdf	523	0.081211925	0.06940477	0.09349568	-0.024090908	0.10892387
26	NPCr	inverse_cdf	651	0.08120519	-0.0748432	-0.3462052	0.271362	0.16927566
26	NPCr	inverse_cdf	652	0.08102095	-0.1681483	-0.25178128	0.08363299	0.18239902
26	NPCr	inverse_cdf	632	0.08097184	-0.1953465	-0.27054653	0.07520002	0.36872056
26	NPCr	inverse_cdf	437	0.080797076	0.18419729	0.049557902	0.13463938	0.11714768
26	NPCr	inverse_cdf	300	0.08069575	0.16927797	0.24434713	-0.07506916	0.1469378
26	NPCr	inverse_cdf	648	0.08029139	-0.06808871	-0.0051848446	-0.062903866	0.16972882
26	NPCr	inverse_cdf	634	0.079879224	-0.2403678	-0.29820397	0.057836175	0.29588628
26	NPCr	inverse_cdf	198	0.07986301	0.34470746	0.2297596	0.114947855	0.20993643
26	NPCr	inverse_cdf	95	0.07945377	0.10025613	0.013457954	0.086798176	0.13050154
26	NPCr	inverse_cdf	285	0.0793339	0.21479057	0.33596864	-0.121178076	0.14777757
26	NPCr	inverse_cdf	500	0.07902688	-0.25059885	-0.17612962	-0.07446922	0.14996482
26	NPCr	inverse_cdf	30	0.07895309	-0.3743054	-0.16843371	-0.20587169	0.1543639
26	NPCr	inverse_cdf	241	0.07878125	0.15526369	0.22450489	-0.069241196	0.17177689
26	NPCr	inverse_cdf	475	0.078718305	-0.06790521	-0.13820106	0.07029585	0.16381358
26	NPCr	inverse_cdf	533	0.078704536	-0.042398095	-0.09275661	0.05035851	0.20782149
26	NPCr	inverse_cdf	622	0.07826197	-0.18180086	-0.18381768	0.0020168275	0.1767815
26	NPCr	inverse_cdf	61	0.07817125	0.055694755	-0.20950623	0.26520097	0.18276921
26	NPCr	inverse_cdf	495	0.0778085	-0.15026811	-0.1635473	0.0132792	0.1471272
26	NPCr	inverse_cdf	641	0.0774796	0.37815484	0.53585505	-0.15770021	0.11262597
26	NPCr	inverse_cdf	37	0.07680333	-0.18756206	-0.20112395	0.0135618895	0.14543203
26	NPCr	inverse_cdf	308	0.07655418	0.10383489	0.24744996	-0.14361507	0.20526361
26	NPCr	inverse_cdf	562	0.07625371	-0.12493575	-0.2526789	0.12774315	0.37400275
26	NPCr	inverse_cdf	305	0.07615405	0.1386108	0.14358008	-0.004969284	0.27024633
26	NPCr	inverse_cdf	38	0.07613331	0.028786333	0.048560236	-0.019773902	0.18192409
26	NPCr	inverse_cdf	91	0.07570803	0.05608928	-0.10732081	0.16341008	0.14085397
26	NPCr	inverse_cdf	303	0.07567197	0.16734329	0.41648197	-0.24913868	0.09133762
26	NPCr	inverse_cdf	510	0.075475454	0.15610753	0.10006931	0.056038223	0.08491526
26	NPCr	inverse_cdf	606	0.07545072	0.09064303	-0.10938975	0.20003279	0.14864194
26	NPCr	inverse_cdf	482	0.07493925	-0.0042731245	-0.074409	0.07013588	0.19753237
26	NPCr	inverse_cdf	274	0.074270785	-0.20327976	0.19590546	-0.39918524	0.136573
26	NPCr	inverse_cdf	588	0.07419145	0.0838119	-0.02595086	0.10976276	0.15501879
26	NPCr	inverse_cdf	63	0.07361013	0.17063628	-0.047636595	0.21827288	0.2273138
26	NPCr	inverse_cdf	244	0.07353228	0.23870236	0.3240969	-0.08539453	0.18684483
26	NPCr	inverse_cdf	376	0.073162794	0.18125199	0.023134535	0.15811746	0.333531
26	NPCr	inverse_cdf	551	0.0729239	0.10771829	0.10783308	-0.000114791095	0.2372501
26	NPCr	inverse_cdf	382	0.07250059	0.06312656	0.14994235	-0.0868158	0.15121455
26	NPCr	inverse_cdf	375	0.07245976	0.35738847	0.20902646	0.14836201	0.23964134
26	NPCr	inverse_cdf	33	0.072167456	-0.043868195	0.22139648	-0.26526466	0.14105926
26	NPCr	inverse_cdf	352	0.07209486	-0.091174126	-0.047202148	-0.043971978	0.19772466
26	NPCr	inverse_cdf	318	0.07208353	0.029098943	-0.06833791	0.09743685	0.31943998
26	NPCr	inverse_cdf	59	0.07161689	-0.022614643	-0.26742637	0.24481173	0.35185996
26	NPCr	inverse_cdf	373	0.07158983	0.1255525	0.23765746	-0.11210495	0.2437543
26	NPCr	inverse_cdf	53	0.071026504	0.07402931	-0.25803348	0.33206278	0.4821264
26	NPCr	inverse_cdf	650	0.07079828	0.4557274	0.15523575	0.30049163	0.102417804
26	NPCr	inverse_cdf	83	0.070786476	0.13385424	0.010024636	0.1238296	0.18254805
26	NPCr	inverse_cdf	60	0.07073969	-0.37121546	-0.08636097	-0.2848545	0.13611189
26	NPCr	inverse_cdf	568	0.070598006	-0.11817568	0.013606739	-0.13178241	0.32162717
26	NPCr	inverse_cdf	637	0.07057053	0.09222996	-0.008936618	0.10116658	0.19942775
26	NPCr	inverse_cdf	584	0.07019365	-0.25491312	-0.23286851	-0.022044614	0.43745208
26	NPCr	inverse_cdf	378	0.06946343	0.50928825	0.48867172	0.020616531	0.26040286
27	BensonV1	cdf	45	0.21413827	0.51323855	0.6193948	-0.10615623	0.5447008
27	BensonV1	cdf	690	0.21368307	0.75469214	0.55490166	0.19979048	0.30145198
27	BensonV1	cdf	589	0.20154744	0.20478696	0.36954054	-0.16475359	0.4292077
27	BensonV1	cdf	369	0.19914436	0.8281583	0.73711634	0.09104198	0.5317752
27	BensonV1	cdf	714	0.19692582	0.30960602	0.5128483	-0.2032423	0.6738662
27	BensonV1	cdf	137	0.19187933	0.2259687	0.49424398	-0.26827526	0.7036039
27	BensonV1	cdf	57	0.18743491	-0.012630044	0.3272766	-0.33990663	0.82866687
27	BensonV1	cdf	586	0.18630922	0.25363085	0.51069254	-0.2570617	1.8604063
27	BensonV1	cdf	590	0.1862616	0.2788912	0.52140594	-0.24251473	1.7607406
27	BensonV1	cdf	90	0.18427032	0.39576486	0.6511481	-0.25538322	0.29468983
27	BensonV1	cdf	650	0.18179959	0.013564294	0.3165248	-0.30296052	0.9133488
27	BensonV1	cdf	689	0.18073165	0.82676023	0.6792607	0.14749956	0.3221744
27	BensonV1	cdf	710	0.17774034	0.18190017	0.41051427	-0.22861409	0.7572933
27	BensonV1	cdf	54	0.17485619	-0.0005389857	0.4352862	-0.43582517	1.1878138
27	BensonV1	cdf	98	0.17401469	0.18235458	0.6426159	-0.46026134	0.6507975
27	BensonV1	cdf	59	0.1732902	0.103520915	0.5465176	-0.44299668	1.514835
27	BensonV1	cdf	195	0.16511971	0.15802078	0.4093129	-0.2512921	0.36894512
27	BensonV1	cdf	373	0.16206306	0.76414037	0.6493592	0.11478114	0.41073856
27	BensonV1	cdf	51	0.16010863	0.08032198	0.49667284	-0.41635084	0.6888622
27	BensonV1	cdf	156	0.15930021	0.38662198	0.60867673	-0.22205475	0.86713606
27	BensonV1	cdf	47	0.15916216	0.5055176	0.6180449	-0.11252731	0.26177028
27	BensonV1	cdf	523	0.15733546	0.41487136	0.6078949	-0.19302353	0.6752929
27	BensonV1	cdf	721	0.15681374	0.0970056	0.4741517	-0.3771461	0.8451544
27	BensonV1	cdf	88	0.15671408	0.29868197	0.567995	-0.26931304	0.4325852
27	BensonV1	cdf	713	0.15456748	0.54696655	0.6091526	-0.062186062	0.7114145
27	BensonV1	cdf	440	0.15370405	0.66648823	0.5216063	0.1448819	0.37026653
27	BensonV1	cdf	568	0.14669228	0.5056999	0.43567276	0.07002711	0.41182727
27	BensonV1	cdf	585	0.14619696	0.3821319	0.5433202	-0.16118827	0.27663505
27	BensonV1	cdf	153	0.14538199	0.48290473	0.5339863	-0.05108154	0.46445292
27	BensonV1	cdf	19	0.14511406	0.25008732	0.5126311	-0.2625438	0.44055077
27	BensonV1	cdf	869	0.14459246	-0.030410161	0.35906222	-0.3894724	0.4912464
27	BensonV1	cdf	720	0.14429474	0.2233971	0.6025727	-0.37917557	0.8151585
27	BensonV1	cdf	751	0.14353693	0.23272638	0.37446982	-0.14174344	0.16857275
27	BensonV1	cdf	193	0.14350504	0.28420112	0.5809088	-0.29670766	0.86763567
27	BensonV1	cdf	95	0.14330912	0.12855366	0.56802654	-0.43947288	0.5481474
27	BensonV1	cdf	228	0.13503641	0.47479445	0.6635908	-0.18879634	0.3998574
27	BensonV1	cdf	28	0.13411784	0.3012414	0.5869292	-0.2856878	0.38472474
27	BensonV1	cdf	584	0.1329062	0.510435	0.52183974	-0.011404753	0.4325504
27	BensonV1	cdf	656	0.13288164	0.2680431	0.6389382	-0.3708951	1.4068336
27	BensonV1	cdf	99	0.13225305	-0.036685474	0.321907	-0.35859248	0.571079
27	BensonV1	cdf	695	0.13181883	0.2358988	-0.03954585	0.27544463	0.24280861
27	BensonV1	cdf	591	0.12996048	0.42613313	0.5728942	-0.14676109	0.37345475
27	BensonV1	cdf	827	0.12874949	0.20407733	0.590127	-0.38604966	0.45284104
27	BensonV1	cdf	3	0.12721843	0.19120663	0.37404385	-0.18283722	0.43584093
27	BensonV1	cdf	547	0.12607938	0.6358379	0.6816679	-0.04583001	0.39977443
27	BensonV1	cdf	84	0.1260199	0.25877625	0.5263217	-0.26754546	0.297212
27	BensonV1	cdf	505	0.12549555	0.5552748	0.8024548	-0.24718004	0.29095238
27	BensonV1	cdf	632	0.12525493	0.5001872	0.44728938	0.05289784	0.5834977
27	BensonV1	cdf	694	0.12507027	0.54797924	0.48352596	0.064453274	0.21477218
27	BensonV1	cdf	210	0.12505615	0.46884513	0.6200271	-0.151182	0.64675176
27	BensonV1	cdf	208	0.12475884	0.14678866	0.46511722	-0.31832856	0.6071729
27	BensonV1	cdf	651	0.12469238	0.3387798	0.44924167	-0.11046186	0.4609769
27	BensonV1	cdf	811	0.123977005	0.026932003	0.26559636	-0.23866436	0.4091726
27	BensonV1	cdf	856	0.12371606	-0.20087019	0.039125197	-0.23999539	0.43261802
27	BensonV1	cdf	657	0.12347311	0.005623376	0.38036478	-0.3747414	0.35055497
27	BensonV1	cdf	25	0.12320435	0.24284177	0.5698107	-0.3269689	0.5275009
27	BensonV1	cdf	202	0.12283772	0.259595	0.5014072	-0.2418122	0.4941361
27	BensonV1	cdf	152	0.122222126	0.18670031	0.5017381	-0.31503776	0.57419485
27	BensonV1	cdf	587	0.12084699	0.24256769	0.347386	-0.104818314	0.1998908
27	BensonV1	cdf	716	0.1196146	0.23075892	0.6414009	-0.41064197	0.65975285
27	BensonV1	cdf	16	0.11953485	0.31379732	0.5091059	-0.1953086	0.47159767
27	BensonV1	cdf	93	0.119467616	0.359485	0.55077565	-0.19129065	0.27324155
27	BensonV1	cdf	843	0.11882323	0.052844733	0.4604101	-0.40756536	0.30734205
27	BensonV1	cdf	376	0.11837053	0.6303511	0.75796324	-0.12761211	0.47085965
27	BensonV1	cdf	652	0.11809051	0.30597514	0.47772738	-0.17175224	0.5114591
27	BensonV1	cdf	747	0.117606044	0.5669487	0.4047558	0.16219291	0.1597293
27	BensonV1	cdf	712	0.11726719	0.059085827	0.46732548	-0.40823966	0.3883788
27	BensonV1	cdf	722	0.116206646	-0.14934222	0.239153	-0.3884952	0.61107546
27	BensonV1	cdf	209	0.11597508	0.36772242	0.56912667	-0.20140424	0.44119048
27	BensonV1	cdf	89	0.11551285	0.319809	0.4721087	-0.1522997	0.21702312
27	BensonV1	cdf	655	0.115121186	0.18350425	0.5284061	-0.34490183	0.40421304
27	BensonV1	cdf	18	0.11390954	0.10405174	0.30663607	-0.20258433	0.20094618
27	BensonV1	cdf	8	0.11266446	0.30815357	0.62179655	-0.31364298	0.30933538
27	BensonV1	cdf	4	0.11138672	0.11968036	0.40407193	-0.28439158	0.35256633
27	BensonV1	cdf	754	0.111385286	0.2574204	0.55682707	-0.29940668	0.29369587
27	BensonV1	cdf	514	0.11095148	0.47839546	0.32268482	0.15571064	0.15926656
27	BensonV1	cdf	198	0.11004752	0.11215575	0.3089961	-0.19684036	0.35549474
27	BensonV1	cdf	863	0.10995799	-0.03526311	0.20931031	-0.24457341	0.5823439
27	BensonV1	cdf	626	0.10992104	0.53409207	0.6313218	-0.09722972	0.29896456
27	BensonV1	cdf	34	0.10934901	0.059320424	0.51119715	-0.45187673	0.93821615
27	BensonV1	cdf	63	0.10840255	0.15764178	0.5804755	-0.42283374	1.1574757
27	BensonV1	cdf	60	0.10825652	0.08378631	0.38102558	-0.29723927	0.819235
27	BensonV1	cdf	582	0.108162045	0.00822309	0.048026312	-0.03980322	0.24718742
27	BensonV1	cdf	409	0.107886314	0.5691337	0.60967845	-0.04054475	0.2626386
27	BensonV1	cdf	56	0.10765624	0.13667987	0.56735307	-0.43067318	0.6354346
27	BensonV1	cdf	29	0.10748327	0.22308944	0.54270595	-0.3196165	0.45091736
27	BensonV1	cdf	654	0.107343435	0.25744063	0.4336133	-0.17617267	0.41570225
27	BensonV1	cdf	738	0.1067338	0.658206	0.519976	0.13822997	0.12678187
27	BensonV1	cdf	414	0.106441736	0.3294436	0.11201256	0.21743104	0.16375871
27	BensonV1	cdf	548	0.106434464	0.5954905	0.7555041	-0.16001356	0.37919095
27	BensonV1	cdf	481	0.10633612	0.37777635	0.5896909	-0.21191457	0.51337737
27	BensonV1	cdf	24	0.1057663	-0.016501518	0.45185187	-0.4683534	0.79977953
27	BensonV1	cdf	870	0.105722785	0.08678571	0.25020805	-0.16342235	0.36832407
27	BensonV1	cdf	528	0.104705095	0.33576846	0.6867011	-0.35093266	0.61241144
27	BensonV1	cdf	592	0.10464525	0.28194726	0.51263076	-0.2306835	0.2950411
27	BensonV1	cdf	206	0.10402757	0.29988873	0.5163581	-0.21646935	0.41733867
27	BensonV1	cdf	92	0.10207319	0.59753466	0.5978781	-0.00034344196	0.25055593
27	BensonV1	cdf	386	0.10193139	-0.1426235	-0.16593467	0.023311168	0.25087628
27	BensonV1	cdf	774	0.10173452	0.031663716	0.56507075	-0.53340703	0.5781008
27	BensonV1	cdf	644	0.10138881	0.2958392	0.32629803	-0.030458838	0.20190127
27	BensonV1	inverse_cdf	499	0.21920866	0.4081601	0.23577242	0.17238767	0.1700521
27	BensonV1	inverse_cdf	369	0.21726167	0.6202163	0.61836636	0.0018499494	0.38273302
27	BensonV1	inverse_cdf	789	0.2099269	0.50436985	0.7130634	-0.20869356	0.22106494
27	BensonV1	inverse_cdf	403	0.18419701	0.5622187	0.5722313	-0.010012567	0.21370766
27	BensonV1	inverse_cdf	393	0.18029791	0.5282702	0.53469723	-0.0064270496	0.14169726
27	BensonV1	inverse_cdf	689	0.17995214	0.62586147	0.72028244	-0.09442097	0.19006908
27	BensonV1	inverse_cdf	505	0.17269635	0.54647005	0.7382077	-0.19173765	0.22715686
27	BensonV1	inverse_cdf	791	0.16989833	0.46510312	0.64807105	-0.18296793	0.17977376
27	BensonV1	inverse_cdf	411	0.15986806	0.5304781	0.42579433	0.10468379	0.31256747
27	BensonV1	inverse_cdf	547	0.15794581	0.38775107	0.44295394	-0.05520287	0.28360513
27	BensonV1	inverse_cdf	338	0.14823878	0.19660148	0.20592383	-0.009322345	0.12492704
27	BensonV1	inverse_cdf	373	0.14583522	0.65534973	0.49894765	0.15640208	0.17144582
27	BensonV1	inverse_cdf	417	0.13874692	-0.04039643	-0.039810352	-0.0005860776	0.34199515
27	BensonV1	inverse_cdf	788	0.13786465	0.43571055	0.5941201	-0.15840954	0.107935235
27	BensonV1	inverse_cdf	409	0.13655317	0.6186129	0.5349407	0.083672166	0.16019228
27	BensonV1	inverse_cdf	480	0.13494164	0.31266582	0.5599519	-0.24728608	0.4517634
27	BensonV1	inverse_cdf	365	0.13226056	0.5033115	0.48643848	0.016873032	0.21651675
27	BensonV1	inverse_cdf	690	0.12661135	0.35288543	0.59890866	-0.24602324	0.16504279
27	BensonV1	inverse_cdf	431	0.12499845	0.4849614	0.578888	-0.09392661	0.18942095
27	BensonV1	inverse_cdf	251	0.12431896	0.41385993	0.51575756	-0.10189763	0.0941879
27	BensonV1	inverse_cdf	293	0.122789085	0.36393207	0.44056225	-0.076630175	0.1592373
27	BensonV1	inverse_cdf	448	0.12133849	0.37180978	0.29456684	0.07724294	0.16842057
27	BensonV1	inverse_cdf	813	0.120965004	0.24411826	0.33330783	-0.089189574	0.22455029
27	BensonV1	inverse_cdf	274	0.12009758	0.10194348	0.29424858	-0.1923051	0.11746733
27	BensonV1	inverse_cdf	370	0.11773306	0.14861186	0.21598756	-0.067375705	0.13164185
27	BensonV1	inverse_cdf	319	0.11736822	0.5214662	0.5336564	-0.012190223	0.20097207
27	BensonV1	inverse_cdf	362	0.114141464	0.3571721	0.22573897	0.13143313	0.23199749
27	BensonV1	inverse_cdf	558	0.11362022	0.62255895	0.46989536	0.15266359	0.277474
27	BensonV1	inverse_cdf	277	0.1128099	0.4164958	0.18940537	0.22709043	0.16422448
27	BensonV1	inverse_cdf	440	0.111815214	0.49360964	0.39918292	0.09442672	0.14156489
27	BensonV1	inverse_cdf	289	0.11060244	0.39282382	0.41393584	-0.021112025	0.11693165
27	BensonV1	inverse_cdf	508	0.11047447	0.39219835	0.36380583	0.028392524	0.11088676
27	BensonV1	inverse_cdf	515	0.110357344	0.41476122	0.42626843	-0.011507213	0.108230986
27	BensonV1	inverse_cdf	546	0.10905141	0.22751221	0.39456993	-0.16705772	0.3112592
27	BensonV1	inverse_cdf	419	0.1087302	0.48920447	0.35369483	0.13550964	0.15302211
27	BensonV1	inverse_cdf	273	0.10847211	-0.16537787	-0.1361398	-0.029238075	0.11667009
27	BensonV1	inverse_cdf	548	0.10685378	0.43601063	0.4269462	0.009064436	0.24294874
27	BensonV1	inverse_cdf	652	0.103262365	0.32246247	0.111764506	0.21069796	0.23547241
27	BensonV1	inverse_cdf	424	0.10250223	0.32320535	0.4194733	-0.09626794	0.18646684
27	BensonV1	inverse_cdf	376	0.10153252	0.62463963	0.49983698	0.12480265	0.32002178
27	BensonV1	inverse_cdf	651	0.10033232	0.34411728	0.17388898	0.1702283	0.20459698
27	BensonV1	inverse_cdf	489	0.100237966	0.5782072	0.46823353	0.10997367	0.09318531
27	BensonV1	inverse_cdf	517	0.098973095	0.63764036	0.5825705	0.055069864	0.15677713
27	BensonV1	inverse_cdf	294	0.09863275	-0.047226656	0.21480294	-0.2620296	0.15355054
27	BensonV1	inverse_cdf	404	0.09844887	0.28296918	0.54539883	-0.26242965	0.28723642
27	BensonV1	inverse_cdf	270	0.09816432	0.2619529	0.22276075	0.039192155	0.14082287
27	BensonV1	inverse_cdf	326	0.097875655	0.15420872	0.06970136	0.08450736	0.22537972
27	BensonV1	inverse_cdf	366	0.09745902	0.39606786	0.47684774	-0.08077988	0.1256457
27	BensonV1	inverse_cdf	786	0.096561015	-0.26162705	-0.31475598	0.053128928	0.74219
27	BensonV1	inverse_cdf	244	0.095100224	-0.028728543	-0.18590419	0.15717565	0.11957955
27	BensonV1	inverse_cdf	325	0.0949738	0.3813983	0.15199986	0.22939843	0.20394601
27	BensonV1	inverse_cdf	738	0.09394723	0.6971643	0.74035555	-0.043191254	0.10148147
27	BensonV1	inverse_cdf	164	0.09379071	0.39269525	0.47997573	-0.08728048	0.3166219
27	BensonV1	inverse_cdf	588	0.093606174	0.32289025	0.078289315	0.24460094	0.28020623
27	BensonV1	inverse_cdf	402	0.09283775	0.3579433	0.45249718	-0.09455389	0.14896479
27	BensonV1	inverse_cdf	739	0.09185547	0.48246616	0.6692385	-0.18677235	0.15693732
27	BensonV1	inverse_cdf	552	0.091691196	0.31151906	0.20640686	0.105112195	0.10638952
27	BensonV1	inverse_cdf	387	0.090679824	0.2539035	0.15718153	0.09672198	0.3027796
27	BensonV1	inverse_cdf	491	0.09061825	0.31378904	0.2095835	0.104205534	0.12193633
27	BensonV1	inverse_cdf	532	0.09027481	0.0896077	0.1317257	-0.042117998	0.19866344
27	BensonV1	inverse_cdf	469	0.08991432	0.34144387	0.38194332	-0.04049945	0.18987556
27	BensonV1	inverse_cdf	742	0.089238286	0.4309847	0.6165701	-0.18558541	0.22131209
27	BensonV1	inverse_cdf	784	0.08895576	-0.017594697	-0.09210737	0.074512675	0.58642024
27	BensonV1	inverse_cdf	584	0.08874118	0.4349835	0.3707342	0.06424928	0.1623525
27	BensonV1	inverse_cdf	222	0.08781016	0.27789253	0.37257385	-0.09468132	0.25752014
27	BensonV1	inverse_cdf	209	0.08734405	0.27293143	0.104162864	0.16876855	0.2634054
27	BensonV1	inverse_cdf	679	0.086558044	-0.015816074	0.07487421	-0.090690285	0.6312668
27	BensonV1	inverse_cdf	592	0.08446795	0.51906955	0.320576	0.19849354	0.15860529
27	BensonV1	inverse_cdf	516	0.08413446	0.12816022	0.18493195	-0.056771725	0.07649598
27	BensonV1	inverse_cdf	450	0.08376628	-0.076466665	-0.22506005	0.14859338	0.12557295
27	BensonV1	inverse_cdf	215	0.083485544	-0.19186468	0.049544875	-0.24140956	0.14035594
27	BensonV1	inverse_cdf	238	0.0823096	0.33507925	0.15248021	0.18259904	0.07236499
27	BensonV1	inverse_cdf	344	0.081988156	0.29042846	0.43784118	-0.14741272	0.057226084
27	BensonV1	inverse_cdf	849	0.08142996	0.598386	0.3482251	0.2501609	0.3576036
27	BensonV1	inverse_cdf	458	0.08088821	0.46523884	0.24502353	0.2202153	0.12996969
27	BensonV1	inverse_cdf	260	0.08077836	0.021519622	0.105841696	-0.08432207	0.12572995
27	BensonV1	inverse_cdf	159	0.080711305	0.5594986	0.26958567	0.28991294	0.27491972
27	BensonV1	inverse_cdf	259	0.08051777	0.52799565	0.46130803	0.066687614	0.09933395
27	BensonV1	inverse_cdf	506	0.0803774	0.50670725	0.31773838	0.18896887	0.2198852
27	BensonV1	inverse_cdf	324	0.07993889	0.24541153	-0.0044500907	0.24986163	0.1289187
27	BensonV1	inverse_cdf	714	0.0799247	0.38882697	0.16800874	0.22081822	0.24586557
27	BensonV1	inverse_cdf	663	0.079859614	0.40708366	0.36170813	0.045375526	0.21771081
27	BensonV1	inverse_cdf	320	0.079822004	0.35578182	0.2419106	0.11387122	0.2475265
27	BensonV1	inverse_cdf	290	0.079644084	-0.040670782	0.06260389	-0.10327467	0.09920909
27	BensonV1	inverse_cdf	239	0.078642786	0.23475891	0.4099265	-0.17516759	0.12133551
27	BensonV1	inverse_cdf	354	0.07779956	0.28840506	0.21331586	0.0750892	0.24684651
27	BensonV1	inverse_cdf	713	0.07766193	0.56104404	0.32119885	0.23984519	0.31203157
27	BensonV1	inverse_cdf	31	0.07751781	0.13923849	-0.03477601	0.17401451	0.42440623
27	BensonV1	inverse_cdf	798	0.07745075	0.017773805	0.09569379	-0.07791998	0.05789819
27	BensonV1	inverse_cdf	295	0.07726121	0.05727783	0.19896588	-0.14168805	0.16267449
27	BensonV1	inverse_cdf	213	0.077041686	0.37496847	0.09286406	0.2821044	0.24961539
27	BensonV1	inverse_cdf	681	0.076978564	0.33870667	0.31408384	0.024622828	0.13689503
27	BensonV1	inverse_cdf	531	0.07658613	0.49112788	0.29384923	0.19727865	0.1480029
27	BensonV1	inverse_cdf	196	0.076518774	-0.01756138	-0.18098298	0.1634216	0.102605134
27	BensonV1	inverse_cdf	528	0.07641989	0.40762967	0.34194574	0.06568393	0.26741537
27	BensonV1	inverse_cdf	850	0.076346874	0.47551635	0.33180135	0.143715	0.21226309
27	BensonV1	inverse_cdf	314	0.076233566	0.21100315	0.25517762	-0.044174463	0.12116625
27	BensonV1	inverse_cdf	351	0.07598704	0.6496244	0.29980156	0.34982285	0.15388487
27	BensonV1	inverse_cdf	735	0.07596427	-0.19049515	-0.21074107	0.020245925	0.23463269
27	BensonV1	inverse_cdf	437	0.07579708	0.18439633	0.12491038	0.05948595	0.15999486
27	NPCr	cdf	529	0.20069343	0.31890222	0.59640944	-0.27750722	0.46106648
27	NPCr	cdf	530	0.18160337	0.18097006	0.64688057	-0.4659105	0.41594836
27	NPCr	cdf	597	0.17133766	0.06953137	0.6207261	-0.5511947	0.40150872
27	NPCr	cdf	388	0.16766852	0.008746649	0.5595913	-0.55084467	0.5655774
27	NPCr	cdf	510	0.16295558	-0.116835296	0.41802973	-0.534865	1.1687378
27	NPCr	cdf	525	0.1616931	-0.020264393	0.6219196	-0.64218396	0.55827665
27	NPCr	cdf	818	0.151999	-0.09778437	0.33591807	-0.43370244	0.47420278
27	NPCr	cdf	522	0.15161127	-0.019541329	0.59590876	-0.6154501	0.5337869
27	NPCr	cdf	368	0.1510433	-0.021993903	0.3812057	-0.4031996	0.39929202
27	NPCr	cdf	548	0.14597183	0.04876832	0.5530226	-0.5042543	0.82293135
27	NPCr	cdf	608	0.1437552	0.283724	0.5718923	-0.2881683	0.61708605
27	NPCr	cdf	465	0.14364684	0.101075225	0.6400911	-0.5390159	0.594041
27	NPCr	cdf	517	0.14353317	0.12957942	0.64797384	-0.5183944	0.5828606
27	NPCr	cdf	601	0.14148194	0.15185775	0.61369413	-0.4618364	0.2554584
27	NPCr	cdf	881	0.14071888	0.13137694	0.4441685	-0.3127916	0.587302
27	NPCr	cdf	878	0.14051831	0.03425326	0.30237108	-0.26811782	0.5759808
27	NPCr	cdf	464	0.13938326	-0.041506957	0.43941402	-0.48092097	0.39899972
27	NPCr	cdf	444	0.13863951	0.16941962	0.63564116	-0.46622154	0.2567483
27	NPCr	cdf	437	0.13801354	-0.008219404	0.37184143	-0.38006082	0.3732624
27	NPCr	cdf	374	0.13788736	0.07122413	0.50560653	-0.4343824	0.526773
27	NPCr	cdf	555	0.13780022	0.27528554	0.6891431	-0.41385758	0.99990934
27	NPCr	cdf	715	0.13436723	0.19587705	0.6324696	-0.43659255	0.80984706
27	NPCr	cdf	534	0.13377577	0.24208306	0.32811406	-0.086031005	0.19109333
27	NPCr	cdf	635	0.1305818	0.290382	0.5368677	-0.24648568	0.42108178
27	NPCr	cdf	593	0.13010448	-0.02182292	0.549131	-0.5709539	0.4818004
27	NPCr	cdf	687	0.12995642	0.1833185	0.58484155	-0.40152305	0.64186174
27	NPCr	cdf	688	0.1284293	0.026768414	0.5663755	-0.5396071	1.9361612
27	NPCr	cdf	515	0.12745893	0.154586	0.7331343	-0.5785483	0.69415796
27	NPCr	cdf	580	0.12731594	0.32807776	0.42978024	-0.10170248	0.31864268
27	NPCr	cdf	506	0.12694979	0.047343507	0.50218534	-0.45484185	0.44266415
27	NPCr	cdf	438	0.12601262	-0.092794776	0.4048912	-0.49768597	0.5770301
27	NPCr	cdf	877	0.12542742	-0.06525306	0.21209018	-0.27734324	0.17150457
27	NPCr	cdf	54	0.124085665	-0.11855881	0.48446023	-0.60301906	1.0117614
27	NPCr	cdf	735	0.12406486	0.3560304	0.5378312	-0.18180078	0.38256943
27	NPCr	cdf	404	0.122856915	0.23174293	0.524619	-0.29287606	0.7277033
27	NPCr	cdf	815	0.12258649	-0.28780386	0.2153707	-0.50317454	0.43254808
27	NPCr	cdf	829	0.121099114	-0.08003652	0.42340225	-0.5034388	0.5308668
27	NPCr	cdf	566	0.1209116	0.078518994	0.46179372	-0.38327473	0.2073059
27	NPCr	cdf	440	0.1207481	-0.2361	0.2232538	-0.4593538	0.39603823
27	NPCr	cdf	491	0.12070763	-0.032934133	0.49293664	-0.5258708	0.59241426
27	NPCr	cdf	505	0.12022245	0.041152414	0.5723907	-0.53123826	1.002684
27	NPCr	cdf	448	0.119523406	-0.03846355	0.44200844	-0.480472	0.28391418
27	NPCr	cdf	871	0.11951077	0.046673506	0.5246922	-0.47801867	0.57350755
27	NPCr	cdf	788	0.119234085	-0.19617899	0.3781681	-0.5743471	0.3581789
27	NPCr	cdf	833	0.11917478	-0.2745305	0.34129614	-0.6158266	0.6044135
27	NPCr	cdf	462	0.119114816	-0.17571498	0.35665217	-0.53236717	0.34251863
27	NPCr	cdf	801	0.1189571	-0.12277617	0.37996048	-0.5027366	0.4101263
27	NPCr	cdf	589	0.11866909	0.08609363	0.45168734	-0.3655937	0.25399417
27	NPCr	cdf	817	0.11823118	-0.41912684	0.07081424	-0.48994106	0.2584987
27	NPCr	cdf	55	0.11725551	-0.19279362	0.43074754	-0.6235412	0.80949485
27	NPCr	cdf	439	0.11692119	0.041272935	0.46647763	-0.4252047	0.45720693
27	NPCr	cdf	616	0.116757095	0.42573807	0.33995694	0.08578113	0.2388518
27	NPCr	cdf	31	0.116624475	-0.11998276	0.4484196	-0.56840235	1.3296379
27	NPCr	cdf	123	0.11661178	0.08512133	0.4103708	-0.32524946	0.2673643
27	NPCr	cdf	698	0.116558135	0.52177024	0.4138078	0.10796243	0.16356698
27	NPCr	cdf	870	0.11592531	0.1834492	0.5694157	-0.38596648	1.0233594
27	NPCr	cdf	841	0.11501628	-0.22391137	0.37643164	-0.600343	0.46452838
27	NPCr	cdf	643	0.114818156	0.46644336	0.39501932	0.07142404	0.17070377
27	NPCr	cdf	498	0.11444861	0.06478992	0.5619775	-0.49718758	1.3315406
27	NPCr	cdf	56	0.11416072	-0.12667131	0.38805336	-0.5147247	0.37883344
27	NPCr	cdf	202	0.113874495	-0.28971574	0.15516725	-0.444883	0.25650695
27	NPCr	cdf	827	0.11361432	-0.19426376	0.34087464	-0.53513837	0.39838487
27	NPCr	cdf	535	0.11349386	0.37649184	0.650861	-0.27436918	0.2429249
27	NPCr	cdf	509	0.1131593	-0.01916602	0.3186851	-0.33785114	0.4481036
27	NPCr	cdf	411	0.11292529	0.27040946	0.4070023	-0.13659284	0.27810732
27	NPCr	cdf	840	0.11266178	-0.22447425	0.29062292	-0.51509714	0.35075843
27	NPCr	cdf	554	0.11264634	0.27851015	0.62798107	-0.3494709	0.39436117
27	NPCr	cdf	804	0.1124658	-0.074394286	0.38013035	-0.45452464	0.49588966
27	NPCr	cdf	852	0.11205298	-0.24443981	0.12928057	-0.37372038	0.35577425
27	NPCr	cdf	845	0.11182535	-0.21897629	0.30793658	-0.52691287	0.41742602
27	NPCr	cdf	805	0.11163622	-0.29484436	0.08873887	-0.38358325	0.24272178
27	NPCr	cdf	680	0.11127061	0.08303995	0.3384221	-0.25538215	0.6107478
27	NPCr	cdf	662	0.11111629	-0.18719395	0.33954245	-0.5267364	0.26813224
27	NPCr	cdf	652	0.11072862	0.39489365	0.33490512	0.05998853	0.12194212
27	NPCr	cdf	734	0.10993469	0.03690616	0.42840806	-0.3915019	0.5889253
27	NPCr	cdf	432	0.109758556	-0.20693736	0.30636683	-0.5133042	0.5853723
27	NPCr	cdf	762	0.10964596	-0.18862645	0.44681922	-0.63544565	0.54585034
27	NPCr	cdf	204	0.10898507	-0.29629236	0.26007876	-0.5563711	0.29217142
27	NPCr	cdf	658	0.108935356	-0.13043955	0.3785248	-0.50896436	0.23503684
27	NPCr	cdf	614	0.10847366	0.31083688	0.4750406	-0.16420373	0.3630864
27	NPCr	cdf	800	0.108422995	-0.11582635	0.4171627	-0.532989	0.5603385
27	NPCr	cdf	121	0.10831392	-0.049912576	0.34709796	-0.39701054	0.19555973
27	NPCr	cdf	547	0.10780907	0.14938222	0.62586737	-0.47648513	0.42598173
27	NPCr	cdf	766	0.107753396	-0.19070801	0.30388293	-0.49459094	0.43656963
27	NPCr	cdf	334	0.10773057	0.38202235	0.5053384	-0.12331602	0.6618385
27	NPCr	cdf	494	0.107426226	-0.03059912	0.2728854	-0.30348453	0.3514521
27	NPCr	cdf	755	0.10739565	0.18145095	0.58543223	-0.40398127	0.74723154
27	NPCr	cdf	663	0.10728967	-0.06845319	0.25437367	-0.32282686	0.30636722
27	NPCr	cdf	630	0.10715723	-0.19839723	0.3283382	-0.5267354	0.7387682
27	NPCr	cdf	604	0.10679507	0.09174518	0.635308	-0.5435628	0.28531072
27	NPCr	cdf	819	0.10676551	-0.2440503	0.3303531	-0.5744034	0.53990334
27	NPCr	cdf	799	0.1066826	-0.23865984	0.31376612	-0.552426	0.28393653
27	NPCr	cdf	771	0.106045306	0.21819393	0.53206116	-0.3138672	0.3182458
27	NPCr	cdf	822	0.105768025	-0.16564348	0.27592787	-0.44157135	0.6794612
27	NPCr	cdf	573	0.10538477	0.18316601	0.40496135	-0.22179534	0.5659596
27	NPCr	cdf	869	0.105312586	-0.18856893	0.10030232	-0.28887126	0.31178582
27	NPCr	cdf	447	0.105201125	0.033664826	0.50602937	-0.47236454	0.25348988
27	NPCr	cdf	820	0.10502291	-0.16073431	0.3736267	-0.534361	0.37291297
27	NPCr	cdf	661	0.10495907	-0.05469026	0.36215714	-0.4168474	0.33458936
27	NPCr	cdf	434	0.10476953	-0.2588983	0.25227416	-0.5111724	0.78124654
27	NPCr	inverse_cdf	274	0.25910324	0.60301226	0.6531112	-0.050098956	0.2287576
27	NPCr	inverse_cdf	285	0.25153452	0.5990013	0.5585743	0.04042697	0.10016124
27	NPCr	inverse_cdf	221	0.14743966	0.48213586	0.44459093	0.037544936	0.122482084
27	NPCr	inverse_cdf	220	0.14404303	0.53452164	0.522177	0.012344658	0.12894703
27	NPCr	inverse_cdf	282	0.13998568	0.44662616	0.41007364	0.03655252	0.106789134
27	NPCr	inverse_cdf	269	0.13168156	0.60654604	0.6443498	-0.03780377	0.14971271
27	NPCr	inverse_cdf	698	0.13002461	0.62015367	0.5246577	0.09549594	0.15494262
27	NPCr	inverse_cdf	859	0.12282735	-0.29979426	-0.085120484	-0.21467377	0.5338641
27	NPCr	inverse_cdf	704	0.1225906	0.14829704	0.29721147	-0.14891443	0.11802821
27	NPCr	inverse_cdf	170	0.12115151	0.55023474	0.4775574	0.072677344	0.14978966
27	NPCr	inverse_cdf	214	0.12019092	0.5106362	0.3133263	0.19730991	0.08314031
27	NPCr	inverse_cdf	644	0.11876184	0.44504213	0.37464646	0.07039568	0.15733431
27	NPCr	inverse_cdf	139	0.11611706	0.40695253	0.34893078	0.058021754	0.10121697
27	NPCr	inverse_cdf	366	0.11581051	-0.074783936	0.048701532	-0.12348547	0.11261619
27	NPCr	inverse_cdf	165	0.11477888	0.24978732	0.21739514	0.032392174	0.0806436
27	NPCr	inverse_cdf	305	0.11373699	-0.18180588	-0.09543796	-0.08636792	0.089279726
27	NPCr	inverse_cdf	16	0.11273265	-0.122159295	0.05835081	-0.1805101	0.124477245
27	NPCr	inverse_cdf	606	0.1085183	0.18503426	-0.032113418	0.21714768	0.09324856
27	NPCr	inverse_cdf	578	0.107735395	0.012736014	0.23902285	-0.22628684	0.13933626
27	NPCr	inverse_cdf	265	0.10646373	0.71603894	0.64402586	0.07201308	0.1587963
27	NPCr	inverse_cdf	526	0.104554296	0.07497012	-0.07387104	0.14884116	0.09574474
27	NPCr	inverse_cdf	223	0.104075074	-0.123242915	0.17842448	-0.3016674	0.093271025
27	NPCr	inverse_cdf	858	0.10091448	-0.02113872	0.10957221	-0.13071093	0.1497213
27	NPCr	inverse_cdf	332	0.09490818	0.6808492	0.5483186	0.13253057	0.15665045
27	NPCr	inverse_cdf	233	0.09490466	-0.12890357	-0.039679673	-0.08922389	0.0960234
27	NPCr	inverse_cdf	643	0.09268588	0.5383963	0.50853854	0.029857755	0.103007056
27	NPCr	inverse_cdf	562	0.09074533	0.26816258	0.2877989	-0.019636333	0.12610796
27	NPCr	inverse_cdf	485	0.08916658	0.45268586	0.5801384	-0.12745252	0.09932818
27	NPCr	inverse_cdf	895	0.08891672	-0.104366735	0.13115898	-0.23552571	0.30704004
27	NPCr	inverse_cdf	160	0.08741528	-0.16643392	-0.37076515	0.20433123	0.0919603
27	NPCr	inverse_cdf	115	0.08706039	0.1048889	0.027852904	0.07703599	0.10312085
27	NPCr	inverse_cdf	466	0.08632475	-0.06409652	0.111479156	-0.17557567	0.1441732
27	NPCr	inverse_cdf	747	0.08622968	0.22851546	0.16694963	0.06156583	0.10094479
27	NPCr	inverse_cdf	117	0.0856874	0.3309759	0.15850157	0.17247432	0.0897019
27	NPCr	inverse_cdf	874	0.085616946	-0.19695239	0.06863124	-0.26558363	0.32436606
27	NPCr	inverse_cdf	746	0.08559775	0.046289194	0.0061784424	0.040110752	0.0673765
27	NPCr	inverse_cdf	826	0.08531004	0.08123881	0.15475008	-0.073511265	0.096917145
27	NPCr	inverse_cdf	257	0.08507848	0.26545116	0.15967521	0.10577595	0.0715906
27	NPCr	inverse_cdf	783	0.08467555	-0.28147992	0.14421089	-0.42569083	0.16139089
27	NPCr	inverse_cdf	811	0.082793236	0.38526532	0.06574421	0.31952113	0.117048584
27	NPCr	inverse_cdf	395	0.07949853	0.29108304	0.33993006	-0.04884702	0.122055955
27	NPCr	inverse_cdf	839	0.07778257	0.23805815	0.2878253	-0.049767137	0.05100977
27	NPCr	inverse_cdf	371	0.07711804	0.22547965	0.33092743	-0.105447784	0.07258891
27	NPCr	inverse_cdf	669	0.077068746	-0.053312287	-0.12821911	0.074906826	0.05886871
27	NPCr	inverse_cdf	313	0.07646865	-0.2887166	-0.073091105	-0.21562551	0.08444818
27	NPCr	inverse_cdf	611	0.07530856	0.03198446	0.0064440263	0.025540434	0.078563794
27	NPCr	inverse_cdf	207	0.074780285	0.41659585	0.3673078	0.049288034	0.0890503
27	NPCr	inverse_cdf	43	0.074605346	-0.27926353	-0.076522805	-0.20274073	0.09863209
27	NPCr	inverse_cdf	401	0.074416876	0.305438	0.28668717	0.018750846	0.046242487
27	NPCr	inverse_cdf	216	0.074185014	0.49776545	0.49917185	-0.0014064014	0.07081092
27	NPCr	inverse_cdf	527	0.07344639	0.29315042	0.32958868	-0.036438257	0.11473296
27	NPCr	inverse_cdf	408	0.073289335	-0.002245604	0.12777667	-0.13002227	0.05097612
27	NPCr	inverse_cdf	474	0.07312113	0.08324976	0.11960576	-0.036355995	0.08823906
27	NPCr	inverse_cdf	670	0.07264674	0.16641666	0.3832662	-0.21684955	0.14400777
27	NPCr	inverse_cdf	327	0.07259345	0.57936656	0.4575266	0.12183997	0.11603305
27	NPCr	inverse_cdf	92	0.07209343	0.21316236	0.105155304	0.10800706	0.28840008
27	NPCr	inverse_cdf	17	0.07200587	0.14112133	0.07589028	0.06523105	0.07578139
27	NPCr	inverse_cdf	391	0.07126957	-0.21088283	0.21759224	-0.42847508	0.16801414
27	NPCr	inverse_cdf	81	0.07065135	0.20179148	0.07803848	0.123753004	0.23097944
27	NPCr	inverse_cdf	273	0.07057065	0.5445682	0.45996442	0.08460376	0.07989613
27	NPCr	inverse_cdf	106	0.07039261	0.27308056	0.0778613	0.19521925	0.066984035
27	NPCr	inverse_cdf	396	0.06980044	0.40363106	0.4719768	-0.068345726	0.07122543
27	NPCr	inverse_cdf	579	0.06793755	-0.26124948	-0.20472527	-0.056524217	0.057631012
27	NPCr	inverse_cdf	387	0.06789464	0.40066585	0.3993637	0.0013021529	0.12375164
27	NPCr	inverse_cdf	314	0.067849636	0.28309408	0.35393336	-0.070839286	0.062207647
27	NPCr	inverse_cdf	896	0.06765741	0.22823226	0.15628694	0.071945325	0.34835437
27	NPCr	inverse_cdf	105	0.066324055	-0.0716125	-0.009865112	-0.061747387	0.33006072
27	NPCr	inverse_cdf	803	0.0660516	0.040226515	0.24540155	-0.20517503	0.14282481
27	NPCr	inverse_cdf	602	0.065796375	-0.07702766	0.06756831	-0.14459598	0.07356998
27	NPCr	inverse_cdf	37	0.06579006	-0.4389014	-0.28988543	-0.14901596	0.08220255
27	NPCr	inverse_cdf	559	0.065727055	-0.079179324	0.060935553	-0.14011487	0.076993555
27	NPCr	inverse_cdf	356	0.06563926	0.46449196	0.19535562	0.26913634	0.11178997
27	NPCr	inverse_cdf	862	0.06556332	-0.27091724	-0.32176754	0.050850302	0.06859334
27	NPCr	inverse_cdf	741	0.06538516	0.034487016	-0.15201376	0.18650079	0.07926494
27	NPCr	inverse_cdf	613	0.065188766	0.33794594	0.38255012	-0.044604182	0.067838676
27	NPCr	inverse_cdf	91	0.06409925	0.30100742	0.28429452	0.016712904	0.12785129
27	NPCr	inverse_cdf	405	0.0635466	-0.02176786	-0.112453036	0.090685174	0.07390926
27	NPCr	inverse_cdf	809	0.06345242	0.06353968	0.086861454	-0.023321778	0.07745505
27	NPCr	inverse_cdf	545	0.06323439	0.24301112	0.39480275	-0.15179163	0.09646142
27	NPCr	inverse_cdf	802	0.06307125	-0.16574466	0.11262428	-0.27836895	0.11178973
27	NPCr	inverse_cdf	341	0.062963545	0.36372837	0.049264427	0.31446394	0.0791107
27	NPCr	inverse_cdf	189	0.06288701	0.06235022	0.0178484	0.04450182	0.10329463
27	NPCr	inverse_cdf	469	0.062847555	-0.3189901	-0.34147933	0.02248922	0.10497399
27	NPCr	inverse_cdf	471	0.06220901	0.052674428	0.1927727	-0.14009827	0.13100317
27	NPCr	inverse_cdf	227	0.061864257	0.0678673	0.040550843	0.027316459	0.12904459
27	NPCr	inverse_cdf	673	0.061553895	0.43707505	0.19465174	0.24242331	0.07492337
27	NPCr	inverse_cdf	607	0.06147778	0.53908676	0.21123627	0.3278505	0.14312589
27	NPCr	inverse_cdf	563	0.06145227	0.31261846	0.27308074	0.039537728	0.070984155
27	NPCr	inverse_cdf	159	0.06130469	0.075193934	-0.21516207	0.290356	0.07957014
27	NPCr	inverse_cdf	456	0.06119001	0.26714584	0.43758783	-0.17044199	0.18926752
27	NPCr	inverse_cdf	889	0.06108421	-0.052941814	0.06835475	-0.12129656	0.14925428
27	NPCr	inverse_cdf	354	0.061049998	0.57064253	0.5084966	0.06214595	0.06314684
27	NPCr	inverse_cdf	810	0.060852647	-0.04677774	0.0053656115	-0.05214335	0.08681792
27	NPCr	inverse_cdf	230	0.06077844	-0.122546054	0.106450036	-0.2289961	0.07461469
27	NPCr	inverse_cdf	892	0.059873343	0.041679457	0.23615487	-0.19447541	0.12961283
27	NPCr	inverse_cdf	48	0.059714735	-0.041038204	-0.15718979	0.116151586	0.054823242
27	NPCr	inverse_cdf	73	0.05903852	0.33090124	0.13423602	0.19666521	0.1824007
27	NPCr	inverse_cdf	886	0.058901608	-0.22573988	0.036450278	-0.26219016	0.24542685
27	NPCr	inverse_cdf	652	0.058801174	0.6505018	0.3490388	0.30146298	0.1428233
27	NPCr	inverse_cdf	779	0.05863601	-0.31222934	0.1780902	-0.49031955	0.10044921
28	BensonV1	cdf	658	0.20657623	0.34684026	0.18384555	0.16299471	0.20718372
28	BensonV1	cdf	323	0.20114398	0.22982511	0.064430684	0.16539443	0.27603543
28	BensonV1	cdf	729	0.17064244	0.59257156	0.48995999	0.10261157	0.16240661
28	BensonV1	cdf	696	0.16836011	0.24035378	0.28016248	-0.039808705	0.13328975
28	BensonV1	cdf	736	0.16274095	0.43101186	0.279728	0.15128386	0.20761706
28	BensonV1	cdf	592	0.16265619	0.41588572	0.39797187	0.017913848	0.26383287
28	BensonV1	cdf	505	0.16228807	0.48609054	0.40293676	0.083153784	0.17045507
28	BensonV1	cdf	655	0.15996468	0.2067097	0.054473806	0.1522359	0.12573127
28	BensonV1	cdf	654	0.15244669	0.38486868	0.16321605	0.22165263	0.15416014
28	BensonV1	cdf	659	0.15030128	0.10530644	-0.019605543	0.12491198	0.11996009
28	BensonV1	cdf	653	0.15022165	0.3081375	0.080964245	0.22717327	0.1218081
28	BensonV1	cdf	208	0.15008932	-0.32955164	-0.44778284	0.11823121	0.12950753
28	BensonV1	cdf	807	0.14601332	0.46987778	0.44100505	0.028872728	0.33490467
28	BensonV1	cdf	656	0.14521307	0.54665536	0.46683216	0.079823196	0.15193859
28	BensonV1	cdf	272	0.14225769	-0.07424903	-0.08599269	0.011743657	0.21766102
28	BensonV1	cdf	366	0.14132273	0.21409586	0.078672744	0.13542312	0.22315423
28	BensonV1	cdf	593	0.1289655	0.298521	0.37326506	-0.074744046	0.22447969
28	BensonV1	cdf	493	0.12869292	0.28700045	0.1947337	0.09226675	0.1409258
28	BensonV1	cdf	273	0.12730467	0.09296673	-0.06050758	0.1534743	0.3123229
28	BensonV1	cdf	523	0.12259507	0.023331506	-0.011987385	0.035318892	0.28507304
28	BensonV1	cdf	601	0.1199106	0.3473935	0.4222855	-0.074891984	0.31384662
28	BensonV1	cdf	622	0.119314075	0.4529969	0.36035213	0.09264478	0.2852544
28	BensonV1	cdf	214	0.1173144	0.20718257	0.038465835	0.16871673	0.21095781
28	BensonV1	cdf	513	0.115172625	0.18894303	-0.027614577	0.2165576	0.15670995
28	BensonV1	cdf	614	0.114801824	0.04823032	-0.0028973857	0.051127706	0.15590377
28	BensonV1	cdf	426	0.11463714	0.34991807	0.07853621	0.27138186	0.17365156
28	BensonV1	cdf	728	0.11456543	0.12407496	-0.020656638	0.1447316	0.112430304
28	BensonV1	cdf	379	0.11381322	0.39802477	0.15761879	0.24040598	0.2028558
28	BensonV1	cdf	514	0.113417625	0.083653875	0.0015812326	0.082072645	0.14536801
28	BensonV1	cdf	594	0.11054933	0.75022197	0.6567204	0.09350157	0.1480645
28	BensonV1	cdf	549	0.110269725	0.17098053	0.06935735	0.10162318	0.15565427
28	BensonV1	cdf	541	0.10709494	-0.09757269	-0.1104988	0.012926109	0.2344716
28	BensonV1	cdf	735	0.106871426	0.20249563	0.07672499	0.12577064	0.122456715
28	BensonV1	cdf	667	0.10575223	0.12846321	0.103272766	0.025190443	0.09566447
28	BensonV1	cdf	591	0.103963554	0.14500828	0.17785822	-0.032849938	0.26120088
28	BensonV1	cdf	615	0.10387665	0.24102566	0.21985726	0.021168396	0.20236596
28	BensonV1	cdf	311	0.103052914	0.5059897	0.37621188	0.12977779	0.27441168
28	BensonV1	cdf	506	0.10302091	0.38676718	0.3477689	0.038998276	0.16711733
28	BensonV1	cdf	527	0.102448404	0.27439433	0.22806768	0.046326652	0.26391613
28	BensonV1	cdf	423	0.10219979	0.66795737	0.58169335	0.086264014	0.31842467
28	BensonV1	cdf	318	0.101603925	0.21121895	0.08463318	0.12658578	0.11482461
28	BensonV1	cdf	737	0.09916806	0.49981427	0.34183776	0.15797651	0.16559397
28	BensonV1	cdf	599	0.09653449	0.14665714	0.06534014	0.081317	0.15675525
28	BensonV1	cdf	425	0.09610212	0.35061926	0.23449287	0.11612639	0.11977105
28	BensonV1	cdf	797	0.095861375	-0.002942304	-0.041453082	0.038510777	0.08144159
28	BensonV1	cdf	359	0.09494406	0.4337135	0.099694185	0.3340193	0.19342636
28	BensonV1	cdf	517	0.094780505	0.27068886	0.25517192	0.015516937	0.2106391
28	BensonV1	cdf	387	0.092929065	-0.100652836	-0.20149502	0.100842185	0.09636092
28	BensonV1	cdf	499	0.09247798	0.35135671	0.48813617	-0.13677946	0.20975855
28	BensonV1	cdf	813	0.091924965	0.3554831	0.31971407	0.035769045	0.31044385
28	BensonV1	cdf	500	0.09175825	0.37271097	0.28858775	0.084123224	0.14382865
28	BensonV1	cdf	798	0.090249896	0.48056832	0.2777631	0.20280522	0.14946187
28	BensonV1	cdf	727	0.08996731	0.012747923	-0.104041435	0.116789356	0.1131793
28	BensonV1	cdf	607	0.089012325	0.28890267	0.22204223	0.06686044	0.18945237
28	BensonV1	cdf	741	0.088629484	0.07574345	0.017391276	0.058352176	0.15814474
28	BensonV1	cdf	361	0.08731705	0.28686887	0.20199963	0.084869236	0.18493958
28	BensonV1	cdf	317	0.08656049	-0.13537775	-0.2733859	0.13800816	0.15090951
28	BensonV1	cdf	502	0.08632755	0.34365958	0.39032885	-0.046669275	0.17024831
28	BensonV1	cdf	651	0.08572334	0.16338402	0.054808725	0.1085753	0.10831524
28	BensonV1	cdf	606	0.08361435	-0.21754059	-0.122588396	-0.094952196	0.1283874
28	BensonV1	cdf	306	0.08343923	0.23555963	0.05505133	0.1805083	0.22257821
28	BensonV1	cdf	151	0.08245683	0.45884466	0.5276345	-0.06878984	0.21754287
28	BensonV1	cdf	529	0.082096994	0.31698474	0.27911878	0.037865967	0.24659309
28	BensonV1	cdf	328	0.08188498	-0.051205706	-0.10926344	0.058057737	0.15915331
28	BensonV1	cdf	630	0.081661046	0.5406648	0.6438496	-0.10318482	0.15625782
28	BensonV1	cdf	519	0.08082622	0.0569441	-0.004080509	0.061024606	0.23405468
28	BensonV1	cdf	796	0.07965821	-0.020540368	-0.009386893	-0.011153474	0.1511523
28	BensonV1	cdf	585	0.079538584	0.1592971	0.27966997	-0.12037288	0.53719294
28	BensonV1	cdf	826	0.078359604	-0.39642152	-0.36679766	-0.029623866	0.13775395
28	BensonV1	cdf	300	0.07778859	0.29127732	0.45093635	-0.15965903	0.2976129
28	BensonV1	cdf	406	0.07767475	-0.02809333	0.18507218	-0.21316552	0.22259627
28	BensonV1	cdf	616	0.077587485	-0.23903498	-0.24942039	0.010385409	0.0949884
28	BensonV1	cdf	865	0.07752013	-0.1416955	-0.27042285	0.12872735	0.13777117
28	BensonV1	cdf	715	0.077504754	0.07941305	0.19118538	-0.111772336	0.2149895
28	BensonV1	cdf	128	0.0774008	-0.29166853	-0.40277386	0.11110532	0.11924918
28	BensonV1	cdf	320	0.07715422	0.15579274	0.28134602	-0.12555328	0.19043253
28	BensonV1	cdf	369	0.07706082	0.015797572	-0.121754915	0.13755248	0.09715713
28	BensonV1	cdf	370	0.07684803	0.43966165	0.47616923	-0.036507577	0.19918896
28	BensonV1	cdf	595	0.07642627	0.42253137	0.3294082	0.09312317	0.078447625
28	BensonV1	cdf	219	0.075169206	0.26707488	0.2266766	0.040398285	0.12371183
28	BensonV1	cdf	938	0.0750798	-0.028227827	-0.118139036	0.08991121	0.16415635
28	BensonV1	cdf	148	0.07479113	0.341765	0.3327906	0.008974373	0.13552605
28	BensonV1	cdf	587	0.07448125	0.25833738	0.014156857	0.24418052	0.16105387
28	BensonV1	cdf	310	0.07441628	-0.047623955	-0.13509873	0.08747477	0.21233189
28	BensonV1	cdf	528	0.074224114	0.21149172	0.096890554	0.114601165	0.21762083
28	BensonV1	cdf	391	0.074043155	0.06413823	-0.0017216277	0.06585986	0.13202819
28	BensonV1	cdf	213	0.07365	0.0780838	-0.08946244	0.16754624	0.1494904
28	BensonV1	cdf	430	0.07254362	-0.069813944	-0.23696639	0.16715243	0.10904942
28	BensonV1	cdf	141	0.07250619	0.033142935	0.0018434079	0.031299528	0.09763812
28	BensonV1	cdf	233	0.07241416	0.17065781	0.11902901	0.051628806	0.19645421
28	BensonV1	cdf	352	0.07222116	-0.09006602	0.06649229	-0.1565583	0.17768748
28	BensonV1	cdf	804	0.072147906	0.06361214	-0.07081747	0.1344296	0.20375364
28	BensonV1	cdf	221	0.07194805	0.31273583	0.39586946	-0.08313364	0.17709345
28	BensonV1	cdf	743	0.07142669	0.31737253	0.085471995	0.23190054	0.12153633
28	BensonV1	cdf	292	0.07084179	0.27341938	0.224888	0.048531383	0.27283564
28	BensonV1	cdf	347	0.07054174	-0.20558433	-0.3837728	0.17818846	0.14493403
28	BensonV1	cdf	365	0.07048339	0.21058075	0.2660964	-0.05551566	0.1580012
28	BensonV1	cdf	277	0.07001805	-0.093399115	-0.09531288	0.0019137636	0.18567762
28	BensonV1	cdf	186	0.06973928	0.07350089	-0.071617424	0.14511831	0.50643355
28	BensonV1	cdf	548	0.06926674	0.1782767	0.30619058	-0.12791388	0.16546105
28	BensonV1	inverse_cdf	400	0.09619796	0.055888385	-0.115573615	0.171462	0.3021052
28	BensonV1	inverse_cdf	594	0.09293133	0.7310182	0.6764115	0.054606676	0.14468817
28	BensonV1	inverse_cdf	691	0.08828354	0.39086664	0.27991778	0.11094886	0.19678761
28	BensonV1	inverse_cdf	630	0.087542295	0.68501765	0.54894286	0.13607478	0.22598001
28	BensonV1	inverse_cdf	217	0.08428621	0.019752985	0.014819551	0.0049334336	0.106684744
28	BensonV1	inverse_cdf	826	0.08240467	-0.41700736	-0.37436786	-0.042639494	0.14809555
28	BensonV1	inverse_cdf	98	0.08108002	0.35361773	0.112804905	0.24081282	0.15587924
28	BensonV1	inverse_cdf	353	0.07991505	0.19358028	0.29009813	-0.096517846	0.44194913
28	BensonV1	inverse_cdf	294	0.0786885	0.0018383815	-0.0473937	0.04923208	0.28432104
28	BensonV1	inverse_cdf	370	0.07643843	0.37250012	0.2949895	0.077510625	0.14374356
28	BensonV1	inverse_cdf	639	0.07518947	0.516092	0.28286573	0.23322627	0.24560031
28	BensonV1	inverse_cdf	205	0.074917674	0.23361082	0.39971176	-0.16610093	0.07526871
28	BensonV1	inverse_cdf	976	0.07366544	0.35119107	0.43167046	-0.08047938	0.26451966
28	BensonV1	inverse_cdf	131	0.07357657	-0.06492058	-0.19117953	0.12625894	0.15370278
28	BensonV1	inverse_cdf	538	0.07257044	0.33480394	0.21347234	0.1213316	0.13911733
28	BensonV1	inverse_cdf	982	0.07140958	0.41682407	0.16799904	0.24882503	0.34250537
28	BensonV1	inverse_cdf	583	0.06921393	-0.18728112	-0.12048619	-0.066794924	0.89895356
28	BensonV1	inverse_cdf	868	0.06919932	0.597319	0.3362228	0.2610962	0.13623926
28	BensonV1	inverse_cdf	340	0.06913185	0.4448873	0.201351	0.24353631	0.13709255
28	BensonV1	inverse_cdf	568	0.068961084	-0.20656243	-0.31139514	0.10483271	0.14132339
28	BensonV1	inverse_cdf	409	0.06854218	0.18010533	-0.12115634	0.30126166	0.34091088
28	BensonV1	inverse_cdf	900	0.068508625	-0.032933425	-0.026805947	-0.0061274786	0.23563434
28	BensonV1	inverse_cdf	808	0.06739259	0.3706661	0.2289369	0.14172919	0.12913501
28	BensonV1	inverse_cdf	493	0.06674373	0.6607196	0.45359957	0.20712	0.13113485
28	BensonV1	inverse_cdf	631	0.066523135	0.39267138	0.24856348	0.1441079	0.21942277
28	BensonV1	inverse_cdf	592	0.06620115	0.6683361	0.504552	0.16378409	0.2763369
28	BensonV1	inverse_cdf	65	0.06613791	0.088737875	0.13606857	-0.047330692	0.14136769
28	BensonV1	inverse_cdf	156	0.06478089	0.029131252	-0.07796979	0.10710104	0.3351089
28	BensonV1	inverse_cdf	690	0.06470007	0.20062694	-0.10570734	0.3063343	0.2979849
28	BensonV1	inverse_cdf	851	0.06408632	0.11328879	0.21787554	-0.10458675	0.1467954
28	BensonV1	inverse_cdf	807	0.06391668	0.6204166	0.5769967	0.043419898	0.34488007
28	BensonV1	inverse_cdf	24	0.06310862	0.022487171	0.11424632	-0.09175915	0.121038646
28	BensonV1	inverse_cdf	471	0.062435567	-0.06867129	-0.16831665	0.099645354	0.2777718
28	BensonV1	inverse_cdf	137	0.0622679	-0.3072347	-0.3357042	0.028469503	0.080298856
28	BensonV1	inverse_cdf	197	0.061621606	0.6059104	0.13821179	0.46769863	0.2040697
28	BensonV1	inverse_cdf	349	0.060839236	0.062099036	-0.33650127	0.3986003	0.2450314
28	BensonV1	inverse_cdf	827	0.06038052	-0.010252057	-0.03285518	0.022603123	0.093333505
28	BensonV1	inverse_cdf	236	0.060253084	-0.042326417	-0.05666573	0.014339313	0.1259972
28	BensonV1	inverse_cdf	532	0.0600217	-0.33089313	-0.42461088	0.093717754	0.07820023
28	BensonV1	inverse_cdf	667	0.059663713	0.66030514	0.27668598	0.38361916	0.1999797
28	BensonV1	inverse_cdf	759	0.059558094	0.53017896	0.3939571	0.13622186	0.13268876
28	BensonV1	inverse_cdf	481	0.05855763	0.20175846	0.3124865	-0.11072804	0.25093707
28	BensonV1	inverse_cdf	75	0.05843854	-0.013056944	-0.012728897	-0.0003280472	0.23026346
28	BensonV1	inverse_cdf	271	0.058270574	0.054150023	0.17112441	-0.11697439	0.10518005
28	BensonV1	inverse_cdf	793	0.058066785	0.5204223	0.07433824	0.44608402	0.21201085
28	BensonV1	inverse_cdf	628	0.057828963	0.11954018	0.017530488	0.10200969	0.2798747
28	BensonV1	inverse_cdf	624	0.057691574	0.08239943	0.029395178	0.05300425	0.16119656
28	BensonV1	inverse_cdf	633	0.057633042	0.0648191	-0.2906253	0.3554444	0.34397763
28	BensonV1	inverse_cdf	704	0.057343483	-0.08139948	-0.09388116	0.012481682	0.13494492
28	BensonV1	inverse_cdf	685	0.057214975	0.32443917	0.033901006	0.29053816	0.24934693
28	BensonV1	inverse_cdf	857	0.057135165	-0.02356436	-0.14361496	0.1200506	0.108279
28	BensonV1	inverse_cdf	730	0.056881845	0.63272417	0.6326622	6.198883e-05	0.105798714
28	BensonV1	inverse_cdf	322	0.05663705	0.46511075	0.54961896	-0.08450821	0.19962469
28	BensonV1	inverse_cdf	848	0.056636333	-0.0881408	0.013462676	-0.10160348	0.09637751
28	BensonV1	inverse_cdf	41	0.056038857	-0.15665445	-0.008837087	-0.14781736	0.2244114
28	BensonV1	inverse_cdf	733	0.056037366	0.0018978794	0.1636262	-0.16172831	0.21093765
28	BensonV1	inverse_cdf	605	0.05593139	0.4741862	0.40697846	0.06720775	0.26439467
28	BensonV1	inverse_cdf	164	0.05591595	0.1256311	0.16476032	-0.039129227	0.2126023
28	BensonV1	inverse_cdf	762	0.055272996	0.07891683	-0.12545024	0.20436707	0.12545002
28	BensonV1	inverse_cdf	468	0.05526769	0.31507158	0.38097873	-0.06590715	0.14857288
28	BensonV1	inverse_cdf	343	0.055203497	0.062069155	-0.33648244	0.39855158	0.17895523
28	BensonV1	inverse_cdf	969	0.055134058	0.1381884	0.08315574	0.05503267	0.14845741
28	BensonV1	inverse_cdf	679	0.055110216	0.25628504	0.20185007	0.05443497	0.5234545
28	BensonV1	inverse_cdf	696	0.054873407	0.5700693	0.3384442	0.23162511	0.10823493
28	BensonV1	inverse_cdf	301	0.054796994	-0.20116432	-0.25098443	0.04982011	0.42578498
28	BensonV1	inverse_cdf	714	0.054665506	-0.45290163	-0.23028627	-0.22261536	0.254234
28	BensonV1	inverse_cdf	830	0.054508924	0.23971066	-0.06924705	0.3089577	0.15475932
28	BensonV1	inverse_cdf	657	0.054471552	0.30900997	0.010690304	0.29831967	0.32268593
28	BensonV1	inverse_cdf	245	0.054146767	0.0320166	0.07001503	-0.037998427	0.22103186
28	BensonV1	inverse_cdf	706	0.054124594	-0.3891925	-0.24828653	-0.14090596	0.1219136
28	BensonV1	inverse_cdf	601	0.05389577	0.64239615	0.70550483	-0.06310868	0.1550925
28	BensonV1	inverse_cdf	561	0.053887367	0.19031665	0.11305009	0.07726656	0.41470346
28	BensonV1	inverse_cdf	225	0.053638697	0.23951347	0.44857946	-0.20906599	0.12077232
28	BensonV1	inverse_cdf	729	0.05352938	0.8268649	0.44279772	0.38406718	0.15995899
28	BensonV1	inverse_cdf	345	0.053262234	-0.25243855	-0.38142574	0.1289872	0.19524719
28	BensonV1	inverse_cdf	882	0.053207636	0.38290736	0.28832188	0.09458548	0.073362045
28	BensonV1	inverse_cdf	138	0.05318153	0.45999935	0.005950198	0.45404914	0.18647482
28	BensonV1	inverse_cdf	220	0.053062916	0.13985148	0.24699506	-0.10714358	0.079279944
28	BensonV1	inverse_cdf	183	0.053023696	-0.24744621	-0.44135687	0.19391066	0.170855
28	BensonV1	inverse_cdf	988	0.05291438	0.28075266	0.1483363	0.13241635	0.17187826
28	BensonV1	inverse_cdf	346	0.05288118	0.25405326	0.38893473	-0.13488147	0.19312583
28	BensonV1	inverse_cdf	214	0.05274993	0.6087295	-0.06364212	0.6723716	0.20515756
28	BensonV1	inverse_cdf	202	0.052662432	0.5441354	0.23097713	0.31315827	0.13482991
28	BensonV1	inverse_cdf	81	0.05254346	0.2420032	0.07699901	0.1650042	0.066577084
28	BensonV1	inverse_cdf	128	0.052479625	-0.57857543	-0.43291268	-0.14566275	0.08809795
28	BensonV1	inverse_cdf	791	0.05246377	0.26463994	0.14677216	0.11786778	0.114967
28	BensonV1	inverse_cdf	423	0.052206695	0.6391427	0.38402292	0.25511977	0.18877316
28	BensonV1	inverse_cdf	744	0.052186847	0.13201453	0.17357536	-0.04156083	0.103099525
28	BensonV1	inverse_cdf	115	0.052010894	0.1683756	-0.11928112	0.28765672	0.4698875
28	BensonV1	inverse_cdf	7	0.051913857	0.14550848	0.16469571	-0.019187227	0.18105602
28	BensonV1	inverse_cdf	130	0.051900268	-0.33643857	-0.38737586	0.050937295	0.13570185
28	BensonV1	inverse_cdf	261	0.051849842	0.43126053	-0.13622402	0.56748456	0.21437545
28	BensonV1	inverse_cdf	722	0.051847517	0.1986604	0.049634513	0.14902589	0.28604266
28	BensonV1	inverse_cdf	926	0.051495254	-0.23591039	-0.06550393	-0.17040646	0.22386965
28	BensonV1	inverse_cdf	188	0.051362514	0.16254652	-0.15908992	0.32163644	0.44009727
28	BensonV1	inverse_cdf	299	0.05125177	0.12600042	0.14814395	-0.022143528	0.20295578
28	BensonV1	inverse_cdf	858	0.05124867	0.07701729	0.16936682	-0.09234953	0.07757741
28	BensonV1	inverse_cdf	758	0.051122308	0.28627166	0.2603669	0.025904775	0.15124561
28	BensonV1	inverse_cdf	479	0.05098623	0.28443938	0.14266409	0.1417753	0.14491358
28	BensonV1	inverse_cdf	658	0.05095005	0.77020407	0.3125237	0.45768037	0.21195938
28	NPCr	cdf	96	0.16455317	0.5276807	0.4915254	0.036155283	0.17009649
28	NPCr	cdf	97	0.14444703	0.5438731	0.6457592	-0.10188615	0.22715108
28	NPCr	cdf	138	0.12839156	0.45996884	0.5193972	-0.059428364	0.1796584
28	NPCr	cdf	336	0.10949695	0.018839477	-0.08774549	0.106584966	0.20724393
28	NPCr	cdf	90	0.10494012	0.4324462	0.48850104	-0.05605483	0.21792957
28	NPCr	cdf	137	0.10401535	0.12129987	0.15012068	-0.028820805	0.19513014
28	NPCr	cdf	100	0.10369074	0.4485934	0.3000826	0.14851081	0.14181982
28	NPCr	cdf	130	0.097210765	0.0755607	0.06283719	0.0127235055	0.33126393
28	NPCr	cdf	103	0.09359121	0.1280088	0.108877435	0.019131362	0.31084344
28	NPCr	cdf	70	0.089286864	0.41985413	0.4023369	0.017517239	0.1247206
28	NPCr	cdf	301	0.08894801	0.27609766	0.10004529	0.17605236	0.13011937
28	NPCr	cdf	528	0.08554286	0.3054149	0.21214975	0.09326513	0.18063226
28	NPCr	cdf	533	0.084136605	0.23435454	0.1677553	0.066599235	0.23028012
28	NPCr	cdf	313	0.07447904	0.0038787557	-0.05795238	0.06183114	0.3498084
28	NPCr	cdf	760	0.074175835	0.21955574	0.04941534	0.1701404	0.14908972
28	NPCr	cdf	47	0.07397187	0.11564234	0.1849278	-0.06928547	0.110045865
28	NPCr	cdf	594	0.07245809	0.3287268	0.16726355	0.16146325	0.21643457
28	NPCr	cdf	654	0.0719825	0.00925952	0.16427481	-0.15501529	0.17994985
28	NPCr	cdf	652	0.07112193	0.024561018	0.014721892	0.009839126	0.18758954
28	NPCr	cdf	324	0.07074505	0.22620696	0.3579559	-0.13174894	0.09898534
28	NPCr	cdf	734	0.069675565	0.19291668	0.08115966	0.11175702	0.111933716
28	NPCr	cdf	58	0.06953585	0.3779644	0.22650263	0.15146178	0.15978189
28	NPCr	cdf	426	0.06937617	0.04287259	-0.016604338	0.059476927	0.16687936
28	NPCr	cdf	168	0.06932378	0.07854129	-0.22504205	0.30358332	0.21268387
28	NPCr	cdf	43	0.06932044	0.3085928	0.35952237	-0.050929576	0.114544205
28	NPCr	cdf	30	0.06789625	0.121194646	0.26539257	-0.14419793	0.15475439
28	NPCr	cdf	178	0.06750977	-0.013187654	0.042403433	-0.055591088	0.123430885
28	NPCr	cdf	35	0.06695187	0.30534616	0.36675385	-0.061407685	0.15375122
28	NPCr	cdf	634	0.06599367	0.21393143	0.4305061	-0.21657468	0.16753195
28	NPCr	cdf	502	0.06568694	-0.002233728	-0.015151058	0.0129173305	0.106062174
28	NPCr	cdf	776	0.065084875	-0.031824674	0.14051029	-0.17233497	0.21113639
28	NPCr	cdf	215	0.064668894	0.012251597	-0.23520479	0.24745639	0.28750607
28	NPCr	cdf	125	0.063993394	-0.026894152	0.1086671	-0.13556126	0.7543678
28	NPCr	cdf	83	0.06299245	0.49203476	0.4135028	0.07853195	0.19773178
28	NPCr	cdf	174	0.06287712	0.062854916	0.06067742	0.0021774955	0.12692271
28	NPCr	cdf	126	0.06251556	0.5339288	0.29125825	0.24267057	0.21505047
28	NPCr	cdf	619	0.062033176	0.14510784	-0.015248354	0.1603562	0.15024483
28	NPCr	cdf	704	0.06128615	0.20763956	0.3003708	-0.09273125	0.3776596
28	NPCr	cdf	352	0.060839057	0.27428108	0.085732654	0.18854843	0.107569516
28	NPCr	cdf	246	0.06046766	-0.082087226	0.094852254	-0.17693949	0.10380771
28	NPCr	cdf	243	0.05930817	-0.1895238	-0.017221425	-0.17230238	0.12847997
28	NPCr	cdf	318	0.058767915	0.16063912	0.029802157	0.13083696	0.14783117
28	NPCr	cdf	681	0.05777073	-0.036650788	-0.060793035	0.024142247	0.093577325
28	NPCr	cdf	499	0.05765444	-0.043289848	0.12790282	-0.17119268	0.10283532
28	NPCr	cdf	546	0.057597697	0.50027525	0.36567575	0.1345995	0.1507741
28	NPCr	cdf	17	0.056259036	0.24364395	0.14962016	0.094023794	0.2760174
28	NPCr	cdf	609	0.05551225	0.2727041	-0.07484645	0.34755054	0.12945074
28	NPCr	cdf	768	0.05543971	0.09327755	0.28106305	-0.1877855	0.1354076
28	NPCr	cdf	641	0.055046976	-0.02601307	-0.08093125	0.054918177	0.17328554
28	NPCr	cdf	701	0.055027902	0.13235892	0.21576867	-0.08340974	0.105073474
28	NPCr	cdf	562	0.054717302	0.3474155	0.15408257	0.19333294	0.14842425
28	NPCr	cdf	705	0.05467397	0.25118974	0.24920209	0.001987651	0.28310493
28	NPCr	cdf	608	0.054280877	0.19784191	0.109623976	0.08821794	0.13624251
28	NPCr	cdf	385	0.053197682	0.07076075	0.014566029	0.05619472	0.18504846
28	NPCr	cdf	708	0.053187847	0.16475436	0.3534648	-0.18871045	0.250455
28	NPCr	cdf	360	0.05256462	0.13244869	0.19978069	-0.067332	0.10531216
28	NPCr	cdf	712	0.052479684	0.24538754	0.18484959	0.06053795	0.11789968
28	NPCr	cdf	204	0.05219227	0.018160244	0.2828763	-0.26471606	0.11735738
28	NPCr	cdf	653	0.05217403	0.17525108	0.35440922	-0.17915814	0.12876792
28	NPCr	cdf	91	0.052173138	0.13980705	0.14784886	-0.008041814	0.17854705
28	NPCr	cdf	651	0.052085638	-0.086904734	0.06181333	-0.14871806	0.11816004
28	NPCr	cdf	255	0.05205077	0.06596277	0.04163723	0.024325538	0.14749694
28	NPCr	cdf	387	0.051667273	0.015096917	-0.006282207	0.021379124	0.11240447
28	NPCr	cdf	124	0.051542044	0.0073506106	0.1833532	-0.17600259	0.3315331
28	NPCr	cdf	605	0.051528692	0.31565782	0.2932288	0.02242902	0.1993149
28	NPCr	cdf	625	0.0510934	-0.36573303	-0.49580142	0.13006839	0.12301853
28	NPCr	cdf	164	0.051012933	0.13924383	0.28941265	-0.15016882	0.14949568
28	NPCr	cdf	738	0.050711215	-0.018246392	-0.13954091	0.12129452	0.17456172
28	NPCr	cdf	711	0.050674915	0.20719711	0.008862555	0.19833456	0.18847837
28	NPCr	cdf	36	0.050484598	0.25945896	0.22755232	0.031906635	0.14740427
28	NPCr	cdf	541	0.050147712	-0.051917285	-0.06458889	0.012671605	0.15982729
28	NPCr	cdf	472	0.050100684	0.17004228	0.016105969	0.15393631	0.13569023
28	NPCr	cdf	392	0.04991293	0.12296017	-0.092071645	0.21503182	0.116443165
28	NPCr	cdf	497	0.04989791	0.36162978	0.17048877	0.19114101	0.15799156
28	NPCr	cdf	133	0.04956138	0.28357276	0.21528459	0.06828818	0.15256727
28	NPCr	cdf	163	0.049507797	0.27244413	0.39553222	-0.12308809	0.23176803
28	NPCr	cdf	175	0.049446285	0.20558259	0.25948	-0.05389741	0.1684624
28	NPCr	cdf	75	0.0488441	-0.09088851	-0.26069984	0.16981134	0.09774436
28	NPCr	cdf	186	0.04873705	-0.102739155	0.095266655	-0.19800581	0.087575816
28	NPCr	cdf	334	0.04834795	-0.082583025	-0.02079148	-0.061791547	0.15754333
28	NPCr	cdf	41	0.048299074	-0.16873859	0.005942145	-0.17468074	0.19872883
28	NPCr	cdf	84	0.048134625	0.4606323	0.4548921	0.0057401955	0.17503224
28	NPCr	cdf	202	0.048055053	-0.053834222	0.0776554	-0.13148962	0.3270128
28	NPCr	cdf	636	0.04801309	0.43511188	0.53311026	-0.09799838	0.18209027
28	NPCr	cdf	494	0.047410786	0.47405815	0.52522856	-0.05117041	0.23475038
28	NPCr	cdf	781	0.04733014	-0.22761616	-0.19602384	-0.031592324	0.17980342
28	NPCr	cdf	247	0.047305048	-0.021210607	-0.27777416	0.25656354	0.48303553
28	NPCr	cdf	588	0.047146857	0.35196334	0.23000114	0.121962205	0.18932189
28	NPCr	cdf	381	0.047057033	0.28893384	0.23087949	0.058054358	0.1095709
28	NPCr	cdf	391	0.047043085	0.16863017	0.18376432	-0.015134156	0.11733248
28	NPCr	cdf	448	0.04701954	0.0020506987	0.14408664	-0.14203595	0.13354783
28	NPCr	cdf	437	0.04695642	0.22689688	0.3094141	-0.08251721	0.13091063
28	NPCr	cdf	317	0.046566248	0.003440452	-0.04750166	0.05094211	0.12934932
28	NPCr	cdf	379	0.04640925	0.20708092	-0.067572385	0.27465332	0.12353609
28	NPCr	cdf	782	0.046381652	0.30562222	0.3732576	-0.06763539	0.17486133
28	NPCr	cdf	298	0.04631263	0.007498909	0.17933708	-0.17183818	0.17535666
28	NPCr	cdf	10	0.04623407	0.376272	0.2927866	0.083485395	0.13995752
28	NPCr	cdf	746	0.046226323	-0.15742166	-0.021682495	-0.13573916	0.061896417
28	NPCr	cdf	329	0.046185732	0.1652859	-0.058897305	0.2241832	0.06960117
28	NPCr	cdf	665	0.046169102	-0.3071558	-0.3171924	0.0100366175	0.20045735
28	NPCr	inverse_cdf	97	0.1079697	0.7051094	0.7607292	-0.055619776	0.13602464
28	NPCr	inverse_cdf	688	0.09034735	0.20884737	0.38298416	-0.17413679	0.2551096
28	NPCr	inverse_cdf	360	0.09003228	0.064923674	0.08647355	-0.021549873	0.17706607
28	NPCr	inverse_cdf	414	0.079272866	0.23791875	0.22425707	0.013661683	0.19802098
28	NPCr	inverse_cdf	96	0.07400727	0.7145951	0.6879018	0.026693285	0.13123292
28	NPCr	inverse_cdf	546	0.07363379	0.5671623	0.36027727	0.20688501	0.21876737
28	NPCr	inverse_cdf	548	0.07161832	0.53130627	0.18396312	0.34734315	0.23661986
28	NPCr	inverse_cdf	93	0.071110964	0.4667914	0.40806267	0.058728725	0.1729681
28	NPCr	inverse_cdf	337	0.068904996	0.27670756	0.11384186	0.1628657	0.1953106
28	NPCr	inverse_cdf	755	0.06823033	0.08336543	0.2861377	-0.20277226	0.24227726
28	NPCr	inverse_cdf	521	0.06535488	0.18251911	0.41773328	-0.23521417	0.15989792
28	NPCr	inverse_cdf	349	0.06460285	0.22608146	0.29461154	-0.06853008	0.10216713
28	NPCr	inverse_cdf	338	0.06254935	-0.03844395	0.11599547	-0.15443942	0.13711746
28	NPCr	inverse_cdf	86	0.062327206	0.020700417	-0.006867543	0.02756796	0.14430207
28	NPCr	inverse_cdf	324	0.06222886	0.3377527	0.5495333	-0.21178061	0.14743973
28	NPCr	inverse_cdf	568	0.060661912	0.41670778	0.37494534	0.04176244	0.16112758
28	NPCr	inverse_cdf	767	0.06015587	0.19034418	0.25544828	-0.0651041	0.21391468
28	NPCr	inverse_cdf	463	0.05985695	0.37574846	0.5034972	-0.12774873	0.11012207
28	NPCr	inverse_cdf	394	0.05966717	0.19760068	0.39684105	-0.19924037	0.1157341
28	NPCr	inverse_cdf	470	0.059518516	0.1666058	0.12677188	0.03983392	0.09288489
28	NPCr	inverse_cdf	138	0.059436977	0.5639035	0.6044148	-0.04051131	0.07855626
28	NPCr	inverse_cdf	627	0.05904627	0.4474385	0.61455286	-0.16711435	0.111662276
28	NPCr	inverse_cdf	516	0.059005737	0.10206171	0.102288224	-0.00022651255	0.105880745
28	NPCr	inverse_cdf	126	0.05876398	0.26771596	0.13873222	0.12898374	0.12399197
28	NPCr	inverse_cdf	610	0.057790935	0.36495835	0.068862386	0.29609597	0.29131836
28	NPCr	inverse_cdf	196	0.057677805	0.43744314	0.094021104	0.34342203	0.17868252
28	NPCr	inverse_cdf	173	0.057481945	0.47387946	0.33130366	0.1425758	0.06857324
28	NPCr	inverse_cdf	744	0.057412148	0.14081164	0.25512487	-0.11431323	0.1465099
28	NPCr	inverse_cdf	519	0.0569669	0.33162653	0.45868793	-0.1270614	0.11100234
28	NPCr	inverse_cdf	160	0.056673825	0.16570006	0.25595754	-0.09025748	0.13309798
28	NPCr	inverse_cdf	499	0.056389093	-0.14332676	-0.032272775	-0.11105399	0.0916535
28	NPCr	inverse_cdf	120	0.056324363	0.17272876	0.29749876	-0.12477	0.22687224
28	NPCr	inverse_cdf	501	0.05596149	0.027032344	-0.13146588	0.15849823	0.12148679
28	NPCr	inverse_cdf	494	0.055868506	0.1322969	0.5262392	-0.3939423	0.18612574
28	NPCr	inverse_cdf	739	0.054519057	0.3456544	0.31749246	0.028161943	0.13264899
28	NPCr	inverse_cdf	604	0.054471254	0.36775	0.012287344	0.35546264	0.37017867
28	NPCr	inverse_cdf	420	0.054148972	-0.10411341	0.05868911	-0.16280252	0.088287964
28	NPCr	inverse_cdf	431	0.0541085	0.16533893	0.4678372	-0.30249828	0.12682803
28	NPCr	inverse_cdf	224	0.053691745	0.15082179	-0.19481711	0.3456389	0.12283069
28	NPCr	inverse_cdf	639	0.053317964	0.24774161	0.16743717	0.080304444	0.16537862
28	NPCr	inverse_cdf	206	0.052546382	0.16981283	0.17384352	-0.0040306896	0.10093008
28	NPCr	inverse_cdf	386	0.05237502	-0.045826826	0.11347666	-0.15930349	0.15097623
28	NPCr	inverse_cdf	603	0.051392674	0.20073281	0.057971317	0.1427615	0.14351574
28	NPCr	inverse_cdf	429	0.051305115	0.16020575	0.14956957	0.010636181	0.05740574
28	NPCr	inverse_cdf	680	0.051029563	-0.18854499	-0.06147796	-0.12706703	0.15472615
28	NPCr	inverse_cdf	549	0.050941825	0.1903883	-0.042808052	0.23319636	0.27378193
28	NPCr	inverse_cdf	10	0.050918043	0.36275944	0.37709692	-0.01433748	0.13146903
28	NPCr	inverse_cdf	184	0.050794363	0.05403618	0.115990795	-0.061954614	0.1389559
28	NPCr	inverse_cdf	227	0.050646007	0.16190556	0.25422823	-0.09232268	0.14311786
28	NPCr	inverse_cdf	464	0.05034721	0.019585544	0.1228494	-0.103263855	0.08502996
28	NPCr	inverse_cdf	162	0.05001366	0.103010915	0.034380596	0.06863032	0.1429053
28	NPCr	inverse_cdf	456	0.049599886	0.16192959	0.22800182	-0.066072226	0.104889184
28	NPCr	inverse_cdf	479	0.04956937	0.024893643	-0.09118432	0.11607796	0.12816933
28	NPCr	inverse_cdf	180	0.04930216	0.15526879	0.317718	-0.16244921	0.17649741
28	NPCr	inverse_cdf	14	0.049256384	0.24606837	-0.089022204	0.33509058	0.115825124
28	NPCr	inverse_cdf	437	0.049115717	0.49801996	0.6466388	-0.14861885	0.13067143
28	NPCr	inverse_cdf	344	0.048918366	0.02729965	-0.09668997	0.12398962	0.105226204
28	NPCr	inverse_cdf	783	0.048446	-0.20574561	0.010926959	-0.21667257	0.08293041
28	NPCr	inverse_cdf	760	0.04838264	0.35761523	0.23702727	0.12058796	0.106350414
28	NPCr	inverse_cdf	569	0.04833311	0.0006544591	0.07734928	-0.076694824	0.11471427
28	NPCr	inverse_cdf	200	0.048237562	-0.019926464	0.2538847	-0.27381116	0.16674374
28	NPCr	inverse_cdf	551	0.048235476	0.0717892	0.2203727	-0.1485835	0.11780668
28	NPCr	inverse_cdf	80	0.04815471	0.3950585	0.4479301	-0.052871585	0.16307673
28	NPCr	inverse_cdf	272	0.048112214	-0.058629386	-0.24219665	0.18356726	0.12799726
28	NPCr	inverse_cdf	56	0.047893226	0.22426087	0.19459178	0.029669091	0.059517078
28	NPCr	inverse_cdf	723	0.047859907	-0.17020093	-0.059022117	-0.111178815	0.09890153
28	NPCr	inverse_cdf	790	0.047721684	-0.26811302	-0.13172837	-0.13638465	0.14663036
28	NPCr	inverse_cdf	188	0.04765588	-0.18360747	0.28931376	-0.47292125	0.13989381
28	NPCr	inverse_cdf	571	0.047608435	0.171917	0.30456394	-0.13264693	0.195465
28	NPCr	inverse_cdf	68	0.047505796	0.2709561	0.0015353239	0.26942077	0.13349095
28	NPCr	inverse_cdf	202	0.047222137	0.10420975	0.17587698	-0.071667224	0.35513076
28	NPCr	inverse_cdf	1	0.04700768	0.31684238	0.42888108	-0.1120387	0.15573592
28	NPCr	inverse_cdf	129	0.04678887	0.32284248	0.5168348	-0.19399232	0.09091171
28	NPCr	inverse_cdf	297	0.046755254	0.2283986	0.25742096	-0.02902235	0.15135612
28	NPCr	inverse_cdf	428	0.04632193	-0.08956351	-0.059277162	-0.03028635	0.1029114
28	NPCr	inverse_cdf	507	0.04628837	0.09340022	-0.024887528	0.11828774	0.06784971
28	NPCr	inverse_cdf	535	0.0460366	0.049439777	-0.0060111918	0.05545097	0.13005455
28	NPCr	inverse_cdf	251	0.045923352	-0.056918703	-0.12577957	0.068860866	0.06619569
28	NPCr	inverse_cdf	17	0.045565665	0.13226649	-0.13443053	0.26669702	0.13066311
28	NPCr	inverse_cdf	284	0.045502484	0.026487524	0.11197231	-0.08548479	0.17765835
28	NPCr	inverse_cdf	52	0.045448124	0.050422784	-0.00675145	0.057174236	0.11520562
28	NPCr	inverse_cdf	182	0.045274675	0.45855364	0.5072495	-0.048695832	0.08675009
28	NPCr	inverse_cdf	348	0.04526186	0.044394568	0.19630575	-0.15191118	0.11421863
28	NPCr	inverse_cdf	298	0.045219064	0.08501462	0.2500222	-0.16500759	0.13999662
28	NPCr	inverse_cdf	83	0.045211136	0.30164987	0.45266375	-0.15101388	0.14900799
28	NPCr	inverse_cdf	316	0.044908226	-0.018172776	0.061086044	-0.07925882	0.098566115
28	NPCr	inverse_cdf	538	0.0448485	0.21453984	0.07973899	0.13480085	0.120144784
28	NPCr	inverse_cdf	540	0.04484725	0.27133232	0.26030996	0.011022359	0.17798743
28	NPCr	inverse_cdf	85	0.044677913	0.2701853	0.43309322	-0.16290793	0.13228428
28	NPCr	inverse_cdf	70	0.044314682	0.5752621	0.5130139	0.06224823	0.10683385
28	NPCr	inverse_cdf	447	0.04414612	0.5101242	0.17831904	0.33180517	0.1358227
28	NPCr	inverse_cdf	730	0.044091523	-0.02582713	0.4641372	-0.48996434	0.1271731
28	NPCr	inverse_cdf	22	0.04393238	-0.14556046	-0.17748861	0.03192815	0.11326612
28	NPCr	inverse_cdf	466	0.043908596	-0.043458093	0.2483023	-0.29176039	0.14338018
28	NPCr	inverse_cdf	740	0.043717265	0.13907753	-0.02251336	0.16159089	0.09072185
28	NPCr	inverse_cdf	110	0.043423176	0.17571422	0.28065404	-0.10493982	0.106477186
28	NPCr	inverse_cdf	566	0.04333943	-0.029024726	0.003541735	-0.03256646	0.19694725
28	NPCr	inverse_cdf	130	0.043134093	0.45499405	-0.12921749	0.5842115	0.22480507
28	NPCr	inverse_cdf	282	0.0430969	0.28834248	0.46760646	-0.17926398	0.13727425
28	NPCr	inverse_cdf	354	0.04264337	0.1837027	0.22342114	-0.039718434	0.14310336
29	BensonV1	cdf	12	0.2044347	0.80684173	0.8765276	-0.06968588	0.27389297
29	BensonV1	cdf	967	0.17946267	0.55329084	0.66421175	-0.110920906	0.2727541
29	BensonV1	cdf	952	0.16980094	0.63901657	0.66932696	-0.030310392	0.23919815
29	BensonV1	cdf	93	0.16338176	0.46989617	0.35243627	0.11745989	0.43285176
29	BensonV1	cdf	966	0.14972657	0.7523461	0.74293154	0.009414554	0.7219041
29	BensonV1	cdf	777	0.14142174	0.5653721	0.64945185	-0.08407974	0.14066525
29	BensonV1	cdf	348	0.13970983	0.513823	0.48411134	0.029711634	0.15537679
29	BensonV1	cdf	950	0.1387065	0.31837994	0.28842545	0.029954493	0.28729483
29	BensonV1	cdf	949	0.13529891	0.6109112	0.67767864	-0.066767454	0.32686907
29	BensonV1	cdf	891	0.12972927	0.35244635	0.47727528	-0.124828935	0.33259442
29	BensonV1	cdf	951	0.12722081	0.37627864	0.32313955	0.05313909	0.44550326
29	BensonV1	cdf	953	0.12676609	0.39694828	0.49625388	-0.0993056	0.23611738
29	BensonV1	cdf	11	0.12502754	0.8527377	0.8506595	0.0020782351	0.14457662
29	BensonV1	cdf	978	0.12118924	0.6906546	0.6772102	0.013444364	0.16481951
29	BensonV1	cdf	146	0.11799705	0.39912602	0.42372	-0.02459398	0.64001083
29	BensonV1	cdf	151	0.11000347	0.3520566	0.32314223	0.028914362	0.74990046
29	BensonV1	cdf	88	0.10694605	0.23256852	0.16184102	0.0707275	0.111229
29	BensonV1	cdf	52	0.10681254	0.31787637	0.38606408	-0.06818771	0.3609383
29	BensonV1	cdf	338	0.105196476	0.24533075	0.24242786	0.0029028952	0.23909262
29	BensonV1	cdf	567	0.104311705	0.21307033	0.39877993	-0.1857096	0.36435157
29	BensonV1	cdf	47	0.10188961	0.21640284	0.28014824	-0.063745394	0.33905858
29	BensonV1	cdf	219	0.09992987	0.56673634	0.5224365	0.04429984	0.29010922
29	BensonV1	cdf	201	0.09930229	0.37495327	0.37683803	-0.0018847585	0.20183033
29	BensonV1	cdf	137	0.09871006	0.25042564	0.36091036	-0.11048472	0.12872036
29	BensonV1	cdf	709	0.09869802	0.11677953	-0.06604516	0.18282469	0.18517755
29	BensonV1	cdf	96	0.09718132	0.25107604	0.2454258	0.005650237	0.55260396
29	BensonV1	cdf	899	0.09533101	0.13573162	0.29324332	-0.1575117	0.37516087
29	BensonV1	cdf	896	0.09307808	0.13671997	0.085659266	0.051060706	0.35831684
29	BensonV1	cdf	53	0.09242731	0.68074614	0.6756318	0.005114317	0.14743651
29	BensonV1	cdf	411	0.09112179	0.5724427	0.35160646	0.22083625	0.17384067
29	BensonV1	cdf	200	0.09010869	0.15989324	0.28630146	-0.12640822	0.15003319
29	BensonV1	cdf	894	0.08909732	0.25671577	0.036797103	0.21991867	0.10378054
29	BensonV1	cdf	196	0.08734357	0.44253	0.25661948	0.18591052	0.41822082
29	BensonV1	cdf	639	0.085109234	-0.18390927	-0.15934537	-0.024563894	0.14733724
29	BensonV1	cdf	202	0.0834831	0.1461816	0.17312112	-0.026939526	0.14504267
29	BensonV1	cdf	403	0.083449185	0.112266846	0.18528412	-0.07301728	0.49052554
29	BensonV1	cdf	824	0.08217323	0.63533646	0.6092502	0.02608627	0.5402153
29	BensonV1	cdf	222	0.079783976	0.18922839	0.10829772	0.080930665	0.09874712
29	BensonV1	cdf	330	0.077117264	0.30225295	0.19390176	0.108351186	0.18194288
29	BensonV1	cdf	278	0.07666767	0.48258522	0.6156026	-0.13301739	0.21075077
29	BensonV1	cdf	419	0.07612836	0.33409828	0.19412185	0.13997643	0.24505045
29	BensonV1	cdf	821	0.07572895	0.23807664	0.054355484	0.18372115	0.35120815
29	BensonV1	cdf	415	0.07549834	0.32272387	-0.020712933	0.3434368	0.4321892
29	BensonV1	cdf	10	0.07530683	0.5205618	0.66825193	-0.14769012	0.09350607
29	BensonV1	cdf	635	0.07494277	0.2018249	0.069226384	0.13259852	0.5389947
29	BensonV1	cdf	138	0.07440883	0.5633904	0.6098807	-0.04649031	0.15681544
29	BensonV1	cdf	825	0.073792696	-0.06997672	-0.0060987473	-0.06387797	0.14348508
29	BensonV1	cdf	213	0.07368857	0.2723145	0.40731308	-0.13499859	0.6804983
29	BensonV1	cdf	7	0.07367098	0.43822214	0.3060609	0.13216123	0.09782889
29	BensonV1	cdf	365	0.073445976	0.18788496	-0.07663596	0.2645209	0.09510513
29	BensonV1	cdf	440	0.073073745	-0.03561037	0.03355196	-0.06916233	0.18036917
29	BensonV1	cdf	763	0.072730064	0.47208473	0.2927537	0.17933103	0.34584716
29	BensonV1	cdf	766	0.0712108	0.13439196	0.18944933	-0.05505736	0.13770652
29	BensonV1	cdf	410	0.07095176	0.46051672	0.020952681	0.43956405	0.47946388
29	BensonV1	cdf	285	0.070204735	0.45767698	0.21729846	0.24037851	0.09647274
29	BensonV1	cdf	574	0.06990868	0.23146982	0.0055177794	0.22595204	0.19718349
29	BensonV1	cdf	39	0.069585145	-0.10131068	0.12597625	-0.22728693	0.0833977
29	BensonV1	cdf	941	0.06955868	0.099352196	0.19940406	-0.100051865	0.3451877
29	BensonV1	cdf	778	0.06942028	0.004219807	-0.0720563	0.07627611	0.14930464
29	BensonV1	cdf	615	0.0682621	0.36714926	-0.05871739	0.42586666	0.19478431
29	BensonV1	cdf	614	0.06800479	0.239902	0.062416542	0.17748547	0.19411781
29	BensonV1	cdf	513	0.06749302	-0.11583987	-0.1907414	0.074901536	0.6168717
29	BensonV1	cdf	416	0.06669605	0.43649507	0.2568843	0.17961076	0.42204076
29	BensonV1	cdf	698	0.06669074	0.41520283	0.43701482	-0.021811992	0.43433324
29	BensonV1	cdf	34	0.066636086	0.018994125	-0.10688338	0.1258775	0.13724414
29	BensonV1	cdf	351	0.06631088	0.50735784	0.4888484	0.018509448	0.1534584
29	BensonV1	cdf	757	0.0656175	0.18371981	0.016244324	0.16747549	0.4869381
29	BensonV1	cdf	779	0.065418184	-0.2723928	-0.32292566	0.050532848	0.10463673
29	BensonV1	cdf	214	0.065066576	0.2293121	0.47329056	-0.24397846	0.066253476
29	BensonV1	cdf	550	0.06497371	0.22098964	0.007176926	0.21381272	0.24072407
29	BensonV1	cdf	45	0.0647828	0.36022767	0.425375	-0.06514734	0.113488115
29	BensonV1	cdf	426	0.06450927	0.26070884	-0.0689913	0.32970014	0.42816344
29	BensonV1	cdf	534	0.06434137	0.12559709	0.26524907	-0.13965198	0.3261929
29	BensonV1	cdf	344	0.064100444	0.43296018	0.5636003	-0.13064012	0.4779126
29	BensonV1	cdf	282	0.06387818	0.15059187	0.31658143	-0.16598956	0.22524075
29	BensonV1	cdf	421	0.063846946	0.15526883	-0.0956041	0.25087294	0.43791392
29	BensonV1	cdf	406	0.06284404	-0.18389948	-0.53345054	0.34955108	0.3065542
29	BensonV1	cdf	470	0.06234461	0.17822829	0.12419513	0.05403316	0.3604058
29	BensonV1	cdf	378	0.06167841	0.36767995	0.40054306	-0.03286311	0.1711297
29	BensonV1	cdf	776	0.061276793	-0.20012501	-0.15616411	-0.0439609	0.17583327
29	BensonV1	cdf	713	0.061267972	-0.39919835	-0.41105333	0.011854976	0.25225106
29	BensonV1	cdf	863	0.06090194	-0.0028377923	-0.066814035	0.06397624	0.1443657
29	BensonV1	cdf	641	0.060792208	-0.04949079	-0.18909237	0.13960157	0.27294514
29	BensonV1	cdf	407	0.060785055	0.46316957	0.046060484	0.4171091	0.28923956
29	BensonV1	cdf	934	0.060181975	0.21380112	0.5353017	-0.32150057	0.27811095
29	BensonV1	cdf	902	0.059557557	0.65175813	0.57863325	0.073124886	0.10981455
29	BensonV1	cdf	228	0.05937922	-0.018535562	0.16528727	-0.18382284	0.12963317
29	BensonV1	cdf	528	0.05929339	0.27315745	0.1844175	0.08873995	0.21296373
29	BensonV1	cdf	86	0.059096813	0.3937538	0.49755692	-0.10380313	0.08841178
29	BensonV1	cdf	195	0.058517694	0.5052241	0.24298349	0.26224062	0.15814388
29	BensonV1	cdf	79	0.058498085	0.12905791	0.26424372	-0.13518581	0.26638532
29	BensonV1	cdf	748	0.058031857	-0.1820346	-0.18721978	0.005185187	0.106541134
29	BensonV1	cdf	141	0.057590187	0.37983325	0.6696846	-0.28985134	0.1146219
29	BensonV1	cdf	805	0.057575524	-0.19995464	-0.24466307	0.04470843	0.093073584
29	BensonV1	cdf	352	0.056759536	-0.044774752	-0.15150182	0.10672706	0.19119772
29	BensonV1	cdf	510	0.056687236	0.31657034	0.17894104	0.1376293	0.15534876
29	BensonV1	cdf	929	0.056601882	0.065660484	0.20275699	-0.1370965	0.1831993
29	BensonV1	cdf	225	0.05659455	0.20507997	0.25650337	-0.0514234	0.12802613
29	BensonV1	cdf	353	0.05605054	-0.2937068	-0.18820101	-0.105505794	0.11300852
29	BensonV1	cdf	400	0.05599767	0.24683498	0.1699025	0.076932475	0.6146971
29	BensonV1	inverse_cdf	344	0.15102541	0.37040135	0.40148097	-0.03107962	0.2512121
29	BensonV1	inverse_cdf	11	0.14515227	0.67995566	0.68167573	-0.0017200708	0.22587685
29	BensonV1	inverse_cdf	54	0.13878542	0.20254989	0.08155718	0.12099271	0.17212741
29	BensonV1	inverse_cdf	278	0.13304162	0.49016437	0.48138553	0.00877884	0.15458354
29	BensonV1	inverse_cdf	723	0.13233179	0.01014846	-0.025562301	0.03571076	0.2679049
29	BensonV1	inverse_cdf	12	0.12331635	0.7599274	0.7624409	-0.0025135279	0.17105685
29	BensonV1	inverse_cdf	777	0.11898643	0.6998673	0.6251864	0.074680924	0.14198098
29	BensonV1	inverse_cdf	721	0.11464542	0.10497287	-0.05501162	0.15998448	0.22071551
29	BensonV1	inverse_cdf	214	0.11232996	0.563778	0.50920063	0.05457735	0.18772884
29	BensonV1	inverse_cdf	952	0.10995489	0.61171424	0.57890624	0.032808006	0.17908339
29	BensonV1	inverse_cdf	833	0.10775572	0.5498252	0.5680456	-0.018220425	0.14707342
29	BensonV1	inverse_cdf	417	0.103374004	0.2142088	0.015006853	0.19920194	0.3108704
29	BensonV1	inverse_cdf	321	0.101246715	0.16394544	0.12792438	0.036021054	0.26086566
29	BensonV1	inverse_cdf	967	0.099864304	0.56205267	0.47357458	0.08847809	0.13884386
29	BensonV1	inverse_cdf	891	0.09776783	0.4991311	0.40462354	0.094507575	0.21753554
29	BensonV1	inverse_cdf	405	0.0969798	0.009894672	-0.06332901	0.07322368	0.19913584
29	BensonV1	inverse_cdf	529	0.09687793	0.1828975	-0.040815912	0.2237134	0.15768416
29	BensonV1	inverse_cdf	949	0.09606099	0.58551764	0.52691513	0.058602512	0.2296784
29	BensonV1	inverse_cdf	789	0.09398043	-0.13396332	-0.19071247	0.05674915	0.18123515
29	BensonV1	inverse_cdf	441	0.09331453	0.42761123	0.34812796	0.07948327	0.07732229
29	BensonV1	inverse_cdf	108	0.09290522	0.08865583	0.15439552	-0.06573969	0.12939692
29	BensonV1	inverse_cdf	824	0.0890224	0.52784747	0.6310531	-0.10320562	0.23504095
29	BensonV1	inverse_cdf	966	0.08882195	0.6642195	0.61789834	0.046321154	0.44754493
29	BensonV1	inverse_cdf	936	0.08636069	0.28583857	0.27269784	0.013140738	0.13313642
29	BensonV1	inverse_cdf	10	0.08603555	0.5255942	0.49509594	0.030498236	0.07325846
29	BensonV1	inverse_cdf	497	0.085142314	-0.30559108	-0.14355968	-0.1620314	0.22628929
29	BensonV1	inverse_cdf	290	0.084920645	-0.14962396	-0.03389959	-0.11572437	0.19211107
29	BensonV1	inverse_cdf	836	0.084600866	0.37702012	0.19746505	0.17955507	0.9570072
29	BensonV1	inverse_cdf	940	0.08458108	0.2846312	0.23630269	0.048328504	0.35307166
29	BensonV1	inverse_cdf	708	0.08405554	0.13155372	0.17461552	-0.043061793	0.29695663
29	BensonV1	inverse_cdf	386	0.083673656	0.18506335	0.070162974	0.11490037	0.26306915
29	BensonV1	inverse_cdf	505	0.08231622	0.053723834	-0.0093918275	0.063115664	0.20166372
29	BensonV1	inverse_cdf	196	0.081838965	0.5809275	0.42094228	0.15998521	0.60102975
29	BensonV1	inverse_cdf	437	0.08127707	-0.19539416	-0.10399762	-0.09139654	0.5332039
29	BensonV1	inverse_cdf	797	0.08042985	0.16502008	0.061268706	0.103751376	0.33882192
29	BensonV1	inverse_cdf	573	0.08000547	-0.006664457	-0.14429049	0.13762604	0.2271366
29	BensonV1	inverse_cdf	793	0.07994467	0.33812338	0.13087372	0.20724966	0.24151224
29	BensonV1	inverse_cdf	216	0.07989317	0.2050761	0.20942949	-0.004353389	0.1819083
29	BensonV1	inverse_cdf	902	0.07986337	0.5075148	0.54154295	-0.034028172	0.09834136
29	BensonV1	inverse_cdf	353	0.07975805	-0.074183986	-0.1401955	0.06601152	0.11022383
29	BensonV1	inverse_cdf	221	0.07832396	0.3105819	0.25673944	0.053842455	0.13604926
29	BensonV1	inverse_cdf	356	0.07788324	0.05003153	-0.055279914	0.105311446	0.52729523
29	BensonV1	inverse_cdf	773	0.077010036	-0.057560917	-0.109656	0.05209508	0.80996156
29	BensonV1	inverse_cdf	435	0.07698107	0.026174998	-0.017539073	0.04371407	0.1544709
29	BensonV1	inverse_cdf	706	0.07670534	0.31428638	0.22424178	0.0900446	0.17360036
29	BensonV1	inverse_cdf	436	0.076307476	0.24747467	0.23789735	0.009577319	0.1423785
29	BensonV1	inverse_cdf	424	0.07628673	0.17582619	0.13093987	0.04488632	0.41471946
29	BensonV1	inverse_cdf	142	0.07607561	0.07762094	0.08966362	-0.012042679	0.06401188
29	BensonV1	inverse_cdf	252	0.07584441	0.18935214	0.013288638	0.17606351	0.41062725
29	BensonV1	inverse_cdf	53	0.07546806	0.5935008	0.5606462	0.032854617	0.1605295
29	BensonV1	inverse_cdf	752	0.07500756	0.3678856	0.1417458	0.22613978	0.20577978
29	BensonV1	inverse_cdf	241	0.07499915	0.14020936	-0.055057768	0.19526713	0.13602369
29	BensonV1	inverse_cdf	194	0.07461834	-0.3042482	-0.3009361	-0.003312111	0.30769804
29	BensonV1	inverse_cdf	167	0.07392144	0.21115243	0.085826434	0.12532601	0.18288808
29	BensonV1	inverse_cdf	669	0.073738515	-0.34420183	-0.29943827	-0.044763565	0.16105933
29	BensonV1	inverse_cdf	272	0.073422015	0.33699086	0.27926037	0.057730496	0.12022655
29	BensonV1	inverse_cdf	390	0.072553456	0.22988084	0.11941323	0.11046761	0.22612162
29	BensonV1	inverse_cdf	374	0.07176566	0.12622532	0.0035837004	0.12264162	0.31659824
29	BensonV1	inverse_cdf	146	0.071272075	0.70113796	0.5920634	0.10907453	0.35119322
29	BensonV1	inverse_cdf	709	0.070649505	0.4907883	0.012722001	0.4780663	0.19132482
29	BensonV1	inverse_cdf	9	0.07024515	0.42645362	0.45643523	-0.029981613	0.18575928
29	BensonV1	inverse_cdf	294	0.069337666	0.15341718	0.12539712	0.028020069	0.18852402
29	BensonV1	inverse_cdf	791	0.069070935	0.080215044	-0.017763682	0.097978726	0.24724069
29	BensonV1	inverse_cdf	136	0.06870359	0.5479445	0.5162044	0.03174007	0.10167953
29	BensonV1	inverse_cdf	854	0.06845701	-0.18860766	-0.39816606	0.2095584	0.082853615
29	BensonV1	inverse_cdf	370	0.06832588	0.2860297	0.14438532	0.14164437	0.17021878
29	BensonV1	inverse_cdf	376	0.06830329	-0.36996067	-0.19855043	-0.17141023	0.13533822
29	BensonV1	inverse_cdf	897	0.06823838	0.44497567	0.3728285	0.07214716	0.13876423
29	BensonV1	inverse_cdf	21	0.068226755	-0.14174151	-0.06282305	-0.078918464	0.06619548
29	BensonV1	inverse_cdf	750	0.0681563	-0.15184104	-0.09769292	-0.054148123	0.14822407
29	BensonV1	inverse_cdf	707	0.06773323	0.31141898	0.17745687	0.13396211	0.13894723
29	BensonV1	inverse_cdf	448	0.06768888	0.08253637	0.19385242	-0.111316055	0.103210315
29	BensonV1	inverse_cdf	739	0.06766218	0.22047564	0.31874967	-0.09827402	0.13806346
29	BensonV1	inverse_cdf	223	0.0672794	0.05313718	0.016376376	0.036760803	0.113275155
29	BensonV1	inverse_cdf	288	0.06719267	-0.11930188	-0.00068398425	-0.11861789	0.101519875
29	BensonV1	inverse_cdf	978	0.066693306	0.62909657	0.5250306	0.104065955	0.08220643
29	BensonV1	inverse_cdf	98	0.06668419	0.06965582	-0.080227	0.14988282	0.24045983
29	BensonV1	inverse_cdf	192	0.066069245	0.3626616	0.40103707	-0.038375467	0.14948675
29	BensonV1	inverse_cdf	225	0.065995276	0.14824855	0.05032963	0.09791893	0.10756453
29	BensonV1	inverse_cdf	636	0.065523386	0.10537854	0.057573806	0.047804732	0.20857038
29	BensonV1	inverse_cdf	147	0.06537956	0.32489014	0.41902688	-0.094136745	0.11076998
29	BensonV1	inverse_cdf	580	0.065068185	0.004570219	-0.13804646	0.14261667	0.49632975
29	BensonV1	inverse_cdf	500	0.06494975	0.19124393	0.09848448	0.09275945	0.17418638
29	BensonV1	inverse_cdf	347	0.06478351	0.19190867	0.35708502	-0.16517635	0.11893766
29	BensonV1	inverse_cdf	239	0.064760804	0.4651196	0.20728497	0.2578346	0.11495669
29	BensonV1	inverse_cdf	324	0.064350605	-0.17536855	-0.18460982	0.009241268	0.115038015
29	BensonV1	inverse_cdf	829	0.0634498	0.16773437	0.2061717	-0.038437337	0.512995
29	BensonV1	inverse_cdf	524	0.06318486	0.093350574	0.12799895	-0.034648374	0.11411246
29	BensonV1	inverse_cdf	170	0.06314087	0.17764904	0.10294624	0.0747028	0.09834423
29	BensonV1	inverse_cdf	56	0.06267375	0.36512962	0.35911453	0.006015092	0.09316185
29	BensonV1	inverse_cdf	141	0.062290072	0.42326275	0.51396704	-0.09070429	0.073457524
29	BensonV1	inverse_cdf	432	0.061586976	-0.44355837	-0.3035426	-0.14001575	0.285411
29	BensonV1	inverse_cdf	525	0.061533093	0.11531046	0.21431756	-0.0990071	0.16087282
29	BensonV1	inverse_cdf	422	0.06143087	0.22010365	0.16666637	0.053437278	0.13388032
29	BensonV1	inverse_cdf	486	0.061396062	-0.26656678	-0.30106127	0.03449449	0.14991602
29	BensonV1	inverse_cdf	110	0.061008632	-0.020527935	-0.08655107	0.06602313	0.10826457
29	BensonV1	inverse_cdf	301	0.060439825	-0.45127755	-0.19616951	-0.25510806	0.133598
29	BensonV1	inverse_cdf	198	0.060088754	0.27046794	-0.2622365	0.5327045	0.18246438
29	BensonV1	inverse_cdf	371	0.060073197	-0.013114682	0.1345963	-0.14771098	0.16041036
29	BensonV1	inverse_cdf	520	0.05956602	-0.21171011	-0.54507154	0.33336145	0.275206
29	NPCr	cdf	354	0.23486555	0.46036854	0.607806	-0.14743748	0.6072231
29	NPCr	cdf	124	0.19112891	0.3772993	0.6899672	-0.3126679	1.1891505
29	NPCr	cdf	0	0.18905067	0.15556261	0.60640204	-0.45083943	1.8730906
29	NPCr	cdf	122	0.18684304	0.41707283	0.5205669	-0.10349405	1.2497948
29	NPCr	cdf	64	0.18145448	0.18066561	0.662251	-0.48158538	0.8143368
29	NPCr	cdf	173	0.17945743	0.61260116	0.62857914	-0.015977979	1.4115204
29	NPCr	cdf	477	0.17400104	0.3116787	0.5823816	-0.2707029	1.0271989
29	NPCr	cdf	39	0.17394876	0.18711683	0.7251938	-0.538077	1.6564794
29	NPCr	cdf	212	0.17262697	0.5888149	0.5141645	0.07465041	1.7559408
29	NPCr	cdf	142	0.17135215	0.2987934	0.74527085	-0.44647744	1.4906256
29	NPCr	cdf	84	0.16950619	0.054758925	0.5709956	-0.5162367	0.6931404
29	NPCr	cdf	589	0.16715235	0.2163975	0.5565691	-0.3401716	0.49971637
29	NPCr	cdf	58	0.16670847	0.12351354	0.6627178	-0.5392043	0.904708
29	NPCr	cdf	100	0.16335887	0.3113294	0.667354	-0.3560246	2.1399865
29	NPCr	cdf	120	0.16264224	0.20319363	0.67596215	-0.47276852	2.2205408
29	NPCr	cdf	387	0.1617307	0.5855546	0.5523316	0.033222973	0.5197356
29	NPCr	cdf	797	0.15965945	-0.1352928	0.40999466	-0.5452875	0.53988177
29	NPCr	cdf	86	0.15930837	0.079789765	0.5243447	-0.44455492	0.7188343
29	NPCr	cdf	565	0.15853477	0.2849341	0.66586447	-0.38093036	0.5392031
29	NPCr	cdf	263	0.15792853	0.15215886	0.5234798	-0.37132096	0.94530547
29	NPCr	cdf	219	0.15694767	0.47159806	0.5262624	-0.054664344	0.56826
29	NPCr	cdf	17	0.1565044	0.2229718	0.66893905	-0.44596726	1.2926736
29	NPCr	cdf	63	0.15645814	0.15818194	0.619595	-0.46141306	1.2503686
29	NPCr	cdf	361	0.155859	0.123611085	0.32378882	-0.20017773	1.3993586
29	NPCr	cdf	184	0.1552288	0.29638377	-0.010009497	0.30639327	0.5134235
29	NPCr	cdf	564	0.15517825	0.39424577	0.6450496	-0.2508038	1.0415345
29	NPCr	cdf	231	0.15491164	0.29998186	-0.07306617	0.37304804	0.55973184
29	NPCr	cdf	287	0.15366244	0.65962064	0.62830305	0.03131759	0.71968603
29	NPCr	cdf	268	0.153602	0.26588118	0.44073686	-0.17485568	0.71973807
29	NPCr	cdf	224	0.15352201	0.30378598	0.09099044	0.21279554	0.7271127
29	NPCr	cdf	483	0.15263903	0.2620606	0.6334843	-0.3714237	0.7025485
29	NPCr	cdf	40	0.15179056	0.05270704	0.5375594	-0.48485234	0.99514353
29	NPCr	cdf	2	0.15164787	0.050054237	0.56299025	-0.512936	1.2933043
29	NPCr	cdf	5	0.1511733	0.037763994	0.57077414	-0.5330101	1.1986153
29	NPCr	cdf	696	0.15040094	-0.046636846	0.3840047	-0.43064156	0.41159102
29	NPCr	cdf	146	0.14991367	0.49387237	0.681819	-0.18794665	1.1101452
29	NPCr	cdf	1	0.14943159	0.13400252	0.61246866	-0.47846615	1.3771497
29	NPCr	cdf	37	0.14850843	0.13306275	0.61272514	-0.4796624	1.6426833
29	NPCr	cdf	827	0.14813906	0.14724796	0.6121621	-0.46491414	1.087739
29	NPCr	cdf	728	0.14772636	0.074465126	0.6002217	-0.5257566	0.4041522
29	NPCr	cdf	204	0.14766872	0.29979753	0.6264819	-0.32668436	0.7615579
29	NPCr	cdf	468	0.14730304	0.5133008	0.7070869	-0.19378614	0.7559005
29	NPCr	cdf	360	0.14673263	0.23386358	0.5074325	-0.27356893	0.31465808
29	NPCr	cdf	60	0.14546198	0.14649352	0.6174981	-0.47100458	0.98200804
29	NPCr	cdf	145	0.14509034	0.46812314	0.721348	-0.25322485	0.8294225
29	NPCr	cdf	133	0.1442818	0.21213458	0.62180346	-0.40966886	0.31823012
29	NPCr	cdf	657	0.14392841	-4.9837232e-05	0.55359685	-0.5536467	0.5961413
29	NPCr	cdf	663	0.143363	0.22429505	0.6012981	-0.37700304	0.61337686
29	NPCr	cdf	272	0.1428824	0.06058139	0.35651413	-0.29593274	0.25115427
29	NPCr	cdf	14	0.14246827	0.17003398	0.71769524	-0.54766124	0.53403807
29	NPCr	cdf	671	0.14244473	0.05754823	0.5196992	-0.462151	1.2738338
29	NPCr	cdf	376	0.14120835	0.19850045	0.54214185	-0.3436414	0.33426666
29	NPCr	cdf	828	0.14119351	0.29250565	0.6040116	-0.31150594	1.6417795
29	NPCr	cdf	311	0.14110982	0.64312625	0.5575169	0.08560938	0.8022692
29	NPCr	cdf	121	0.14101529	0.2398029	0.6363074	-0.39650452	0.70076907
29	NPCr	cdf	445	0.14100951	0.29790667	0.3882612	-0.09035453	0.14361517
29	NPCr	cdf	581	0.14098227	0.50377285	0.6105791	-0.10680622	0.3425106
29	NPCr	cdf	400	0.14040196	0.32756916	0.23872449	0.08884467	0.7272947
29	NPCr	cdf	302	0.14004928	0.5532791	0.4314404	0.12183869	0.44236487
29	NPCr	cdf	666	0.13955748	-0.16057986	0.39438626	-0.5549661	0.67469686
29	NPCr	cdf	170	0.13944358	0.6387227	0.6697947	-0.03107196	0.94125026
29	NPCr	cdf	593	0.13879502	0.11644556	0.56181633	-0.4453708	0.8206886
29	NPCr	cdf	165	0.13846976	0.36362547	0.6638225	-0.300197	1.3841916
29	NPCr	cdf	902	0.13808465	0.23869471	0.78663296	-0.5479382	0.40479425
29	NPCr	cdf	748	0.13785076	0.124171354	0.5471126	-0.42294124	0.39429
29	NPCr	cdf	562	0.13729364	0.4168946	0.6846984	-0.2678038	1.1568882
29	NPCr	cdf	166	0.13705635	0.33177197	0.6953053	-0.36353332	0.4946867
29	NPCr	cdf	930	0.13685077	0.018722983	0.54691803	-0.528195	0.3457001
29	NPCr	cdf	662	0.13657963	0.051697206	0.38737205	-0.33567485	0.3131751
29	NPCr	cdf	738	0.13542438	0.002049248	0.5383875	-0.5363382	0.55627805
29	NPCr	cdf	489	0.13499206	0.07828881	0.2464717	-0.1681829	0.35226735
29	NPCr	cdf	180	0.13464165	0.07308336	0.25532776	-0.18224439	0.6887684
29	NPCr	cdf	664	0.13460845	0.085933104	0.5455213	-0.45958823	1.089329
29	NPCr	cdf	733	0.13410121	0.07775271	0.5770023	-0.49924958	0.5553438
29	NPCr	cdf	214	0.13403392	0.40687484	0.74727994	-0.3404051	0.28113988
29	NPCr	cdf	475	0.13387752	0.6130423	0.591951	0.021091282	0.9503649
29	NPCr	cdf	888	0.1333605	0.014017593	0.43285236	-0.41883478	0.22734164
29	NPCr	cdf	386	0.1333049	0.15342507	0.53746545	-0.3840404	0.6190483
29	NPCr	cdf	177	0.13329476	0.17817953	0.42405865	-0.24587911	0.477124
29	NPCr	cdf	598	0.13292187	-0.11070334	0.3955528	-0.50625616	0.74363965
29	NPCr	cdf	801	0.13274223	0.19122845	0.59002274	-0.3987943	0.50053054
29	NPCr	cdf	462	0.13149732	0.61193746	0.46107033	0.15086713	0.6270825
29	NPCr	cdf	69	0.13120729	0.107806414	0.18209958	-0.07429317	0.2866845
29	NPCr	cdf	262	0.13023168	0.37222785	0.5249176	-0.15268975	0.503967
29	NPCr	cdf	16	0.1287216	0.17414942	0.64164263	-0.4674932	0.6951765
29	NPCr	cdf	572	0.1285556	0.049628235	0.52151275	-0.47188452	0.3220989
29	NPCr	cdf	411	0.12745684	0.48792014	0.28599828	0.20192185	0.72360015
29	NPCr	cdf	68	0.12723368	0.08175876	0.514609	-0.4328502	0.55632997
29	NPCr	cdf	648	0.12706739	0.1713372	0.6001329	-0.4287957	0.32456654
29	NPCr	cdf	566	0.12696004	0.12725273	0.54940057	-0.42214784	0.41121036
29	NPCr	cdf	55	0.1264199	0.48580042	0.40646756	0.07933286	0.32041198
29	NPCr	cdf	879	0.12586093	0.17774428	0.6557776	-0.4780333	0.58676237
29	NPCr	cdf	46	0.12458348	-0.09306857	0.3293324	-0.42240098	0.7402672
29	NPCr	cdf	670	0.12443286	0.14030634	0.54046243	-0.40015608	0.7073595
29	NPCr	cdf	136	0.12355274	-0.1705501	0.4179044	-0.5884545	0.5549866
29	NPCr	cdf	265	0.123330116	0.5793591	0.55315286	0.026206255	0.1316473
29	NPCr	cdf	734	0.12309027	-0.028997887	0.4697621	-0.49875998	0.31597933
29	NPCr	cdf	849	0.122570634	0.20845017	0.68774515	-0.479295	1.2379571
29	NPCr	cdf	232	0.12202591	0.78371125	0.51347834	0.27023292	0.53969234
29	NPCr	cdf	735	0.122012675	-0.025523117	0.49309108	-0.5186142	0.49912494
29	NPCr	inverse_cdf	335	0.16832298	0.057739604	0.23767598	-0.17993638	0.28714818
29	NPCr	inverse_cdf	752	0.15335977	0.018738622	0.28314865	-0.26441002	0.21427286
29	NPCr	inverse_cdf	777	0.13207972	-0.16536301	-0.015885243	-0.14947776	0.17418966
29	NPCr	inverse_cdf	265	0.12762022	0.56314	0.5280435	0.035096467	0.11619721
29	NPCr	inverse_cdf	643	0.124133706	0.08507632	0.26239622	-0.1773199	0.10948595
29	NPCr	inverse_cdf	220	0.11760515	0.5874615	0.4375182	0.14994326	0.8295807
29	NPCr	inverse_cdf	503	0.11748713	0.2610988	0.37014297	-0.109044164	0.26098284
29	NPCr	inverse_cdf	645	0.11688596	-0.10516622	0.15699334	-0.26215956	0.30382314
29	NPCr	inverse_cdf	246	0.1133132	0.49796402	0.39933792	0.09862611	0.30308947
29	NPCr	inverse_cdf	850	0.111916125	0.5832202	0.31493306	0.26828712	0.76430655
29	NPCr	inverse_cdf	589	0.10714996	0.028295623	0.23600484	-0.20770922	0.15034568
29	NPCr	inverse_cdf	445	0.10642916	0.3356603	0.45963708	-0.12397677	0.09748705
29	NPCr	inverse_cdf	793	0.105912805	-0.48485005	-0.17644867	-0.30840138	0.15660478
29	NPCr	inverse_cdf	796	0.10578561	-0.48328412	0.024194285	-0.5074784	0.24371786
29	NPCr	inverse_cdf	592	0.103771865	0.239697	0.3294598	-0.08976279	0.1354107
29	NPCr	inverse_cdf	382	0.10159582	0.54368824	0.4484191	0.09526914	0.21592581
29	NPCr	inverse_cdf	886	0.10063285	-0.23091555	0.15589629	-0.38681185	0.19556421
29	NPCr	inverse_cdf	774	0.099897325	-0.032184325	0.1249146	-0.15709892	0.42390153
29	NPCr	inverse_cdf	670	0.09865695	-0.07254092	0.13546956	-0.20801046	0.32348284
29	NPCr	inverse_cdf	250	0.098612964	0.18434711	0.07663856	0.10770855	0.19614044
29	NPCr	inverse_cdf	742	0.09741557	0.18954605	0.1838231	0.005722955	0.11812973
29	NPCr	inverse_cdf	185	0.09677297	0.58298916	0.44240734	0.14058182	0.32480162
29	NPCr	inverse_cdf	726	0.09668845	0.086984836	0.26357234	-0.17658749	0.15140872
29	NPCr	inverse_cdf	663	0.09613204	0.0004355945	0.25557107	-0.25513548	0.23257588
29	NPCr	inverse_cdf	102	0.09530264	0.29001686	0.22614287	0.06387399	0.1548796
29	NPCr	inverse_cdf	138	0.0950799	0.54952973	0.3448571	0.20467263	0.07223322
29	NPCr	inverse_cdf	644	0.0949288	-0.23561184	0.1892596	-0.42487144	0.4762921
29	NPCr	inverse_cdf	242	0.094824016	0.3428765	0.06586619	0.27701032	0.21508549
29	NPCr	inverse_cdf	662	0.09145588	-0.14809354	0.19361702	-0.34171057	0.13552861
29	NPCr	inverse_cdf	822	0.09096205	-0.39526683	-0.09965095	-0.29561588	0.19304237
29	NPCr	inverse_cdf	206	0.09081292	-0.15096173	0.117438674	-0.2684004	0.13005206
29	NPCr	inverse_cdf	271	0.09078246	0.20796987	0.37098244	-0.16301256	0.21228659
29	NPCr	inverse_cdf	226	0.08922213	0.57547843	0.41302675	0.16245168	0.84164876
29	NPCr	inverse_cdf	294	0.0885548	0.28151298	0.34052864	-0.05901566	0.2533654
29	NPCr	inverse_cdf	724	0.08810693	-0.03825569	0.05382905	-0.09208474	0.15036352
29	NPCr	inverse_cdf	476	0.087736666	0.46258497	0.55931085	-0.09672588	0.19321442
29	NPCr	inverse_cdf	565	0.085623324	0.28814247	0.24012631	0.04801616	0.1327112
29	NPCr	inverse_cdf	238	0.08559632	0.68435436	0.3179558	0.36639857	0.3395606
29	NPCr	inverse_cdf	363	0.0855754	0.21281254	0.48286676	-0.27005422	0.5493864
29	NPCr	inverse_cdf	787	0.08503419	-0.16544497	0.085881665	-0.25132662	0.14935717
29	NPCr	inverse_cdf	794	0.08467531	0.065962255	0.11720559	-0.051243335	0.09684001
29	NPCr	inverse_cdf	275	0.08464527	-0.3180112	0.14074703	-0.45875823	0.16866922
29	NPCr	inverse_cdf	588	0.08424991	-0.023753826	0.009359903	-0.03311373	0.054110393
29	NPCr	inverse_cdf	883	0.084243715	0.22352171	0.262779	-0.039257288	0.06288298
29	NPCr	inverse_cdf	865	0.08421856	-0.17035787	-0.03170977	-0.1386481	0.24106926
29	NPCr	inverse_cdf	691	0.08412582	0.057829283	0.12327156	-0.06544228	0.12448908
29	NPCr	inverse_cdf	782	0.083916426	-0.10676831	0.17149307	-0.27826136	0.13230036
29	NPCr	inverse_cdf	193	0.08312702	-0.1769132	-0.3508478	0.17393461	0.10622663
29	NPCr	inverse_cdf	269	0.08226186	0.078356564	0.13337526	-0.055018693	0.1794786
29	NPCr	inverse_cdf	871	0.08112776	-0.10998882	-0.17322628	0.06323746	0.0717149
29	NPCr	inverse_cdf	762	0.0807603	0.12441783	0.28302136	-0.15860353	0.10747921
29	NPCr	inverse_cdf	750	0.07981509	-0.42529604	-0.1289829	-0.29631314	0.13568617
29	NPCr	inverse_cdf	384	0.07980859	-0.07190765	0.20519507	-0.2771027	0.12328305
29	NPCr	inverse_cdf	795	0.079683304	-0.27705896	0.044531822	-0.32159078	0.1620341
29	NPCr	inverse_cdf	926	0.07953721	0.30586728	0.24882066	0.057046622	0.2736256
29	NPCr	inverse_cdf	197	0.07936627	0.6942791	0.5406112	0.15366787	0.37046298
29	NPCr	inverse_cdf	168	0.07923293	0.06514083	0.24894737	-0.18380654	0.30366093
29	NPCr	inverse_cdf	11	0.079188645	0.208824	0.051846635	0.15697736	0.10302951
29	NPCr	inverse_cdf	735	0.078903615	-0.2556128	0.06903693	-0.32464972	0.17624718
29	NPCr	inverse_cdf	178	0.0781973	0.5553023	0.30887315	0.24642918	0.06391941
29	NPCr	inverse_cdf	43	0.07781875	0.29563066	0.40973595	-0.114105284	0.1053684
29	NPCr	inverse_cdf	581	0.07745254	0.5708345	0.40502405	0.16581047	0.1710362
29	NPCr	inverse_cdf	744	0.07726836	-0.25583985	0.017657228	-0.27349707	0.24659796
29	NPCr	inverse_cdf	730	0.077245	0.110402726	0.18921489	-0.07881216	0.20095758
29	NPCr	inverse_cdf	232	0.07689345	0.66540873	0.42750132	0.23790741	0.340562
29	NPCr	inverse_cdf	318	0.076752186	0.29275146	0.44928873	-0.15653726	0.2357185
29	NPCr	inverse_cdf	854	0.0763849	0.49687892	0.3541309	0.14274803	0.45756397
29	NPCr	inverse_cdf	599	0.076176584	-0.3264597	-0.16578563	-0.16067408	0.11816674
29	NPCr	inverse_cdf	403	0.07613635	0.425774	0.48228285	-0.05650884	0.2283577
29	NPCr	inverse_cdf	780	0.07610577	0.421294	0.34387115	0.07742286	0.14260788
29	NPCr	inverse_cdf	602	0.075653195	0.04499822	0.12009866	-0.07510044	0.10537704
29	NPCr	inverse_cdf	62	0.07559621	0.14508727	-0.024025083	0.16911235	0.66227823
29	NPCr	inverse_cdf	734	0.07539314	-0.12299783	-0.11189334	-0.011104487	0.115657374
29	NPCr	inverse_cdf	582	0.07532245	0.53102916	0.18772595	0.3433032	0.32434678
29	NPCr	inverse_cdf	290	0.07520896	0.40088674	0.5888309	-0.18794414	0.3256797
29	NPCr	inverse_cdf	10	0.07513559	0.29690856	0.17792904	0.11897951	0.09171237
29	NPCr	inverse_cdf	312	0.074768126	0.12534072	0.15484214	-0.029501423	0.078481756
29	NPCr	inverse_cdf	47	0.0738554	-0.3591554	-0.48665908	0.1275037	0.77233607
29	NPCr	inverse_cdf	788	0.073682606	-0.15775083	0.13975513	-0.29750597	0.6218203
29	NPCr	inverse_cdf	723	0.07364899	-0.18941475	0.07099599	-0.26041073	0.19069721
29	NPCr	inverse_cdf	207	0.07332665	0.16996992	0.27504072	-0.1050708	0.077493064
29	NPCr	inverse_cdf	649	0.07297528	-0.106979996	0.12083594	-0.22781593	0.08928741
29	NPCr	inverse_cdf	352	0.07270956	0.3014495	0.4234899	-0.12204039	0.063497975
29	NPCr	inverse_cdf	841	0.07267475	-0.1806587	0.184778	-0.3654367	0.1293805
29	NPCr	inverse_cdf	202	0.07259995	-0.37998554	-0.00517744	-0.3748081	0.12514892
29	NPCr	inverse_cdf	807	0.0725342	-0.3950877	-0.11370619	-0.2813815	0.09395266
29	NPCr	inverse_cdf	927	0.0719254	-0.07025953	0.3558367	-0.4260962	0.11789893
29	NPCr	inverse_cdf	809	0.07188988	0.19996947	-0.014878991	0.21484846	0.10623391
29	NPCr	inverse_cdf	469	0.071845174	0.4582086	0.28873986	0.16946873	0.07145852
29	NPCr	inverse_cdf	253	0.07163137	0.21893077	0.41559315	-0.19666238	0.31883287
29	NPCr	inverse_cdf	159	0.0715881	0.15699005	0.31126285	-0.1542728	0.077166796
29	NPCr	inverse_cdf	743	0.071563125	-0.2051085	0.078803	-0.2839115	0.49613875
29	NPCr	inverse_cdf	587	0.0713771	-0.24747767	0.15093645	-0.39841413	0.13458581
29	NPCr	inverse_cdf	681	0.07108581	-0.12932093	-0.09479873	-0.034522206	0.07803693
29	NPCr	inverse_cdf	580	0.070985556	0.33542827	0.2752705	0.060157776	0.13693702
29	NPCr	inverse_cdf	211	0.07078642	0.49753243	0.5532027	-0.05567026	0.20277792
29	NPCr	inverse_cdf	285	0.0707832	0.35086268	0.29565424	0.055208445	0.18694791
29	NPCr	inverse_cdf	829	0.070489645	0.373711	0.1288893	0.24482168	0.13364597
29	NPCr	inverse_cdf	835	0.07043648	0.16763234	0.12949403	0.038138315	0.15382144
29	NPCr	inverse_cdf	366	0.07021606	0.09388544	0.27077255	-0.17688711	0.091689214
pil01	BensonV1	cdf	133	0.27463138	0.41234377	0.7699243	-0.3575805	0.31649512
pil01	BensonV1	cdf	91	0.18167067	0.44578496	0.55830187	-0.11251691	0.26737884
pil01	BensonV1	cdf	134	0.14876091	-0.19386044	0.24711715	-0.44097757	0.11883577
pil01	BensonV1	cdf	131	0.14144611	0.2489142	0.65252733	-0.40361315	0.492054
pil01	BensonV1	cdf	647	0.14137739	0.5730711	0.80236304	-0.22929192	0.14958231
pil01	BensonV1	cdf	268	0.1360498	0.2667089	0.6456096	-0.3789007	0.24665275
pil01	BensonV1	cdf	183	0.13462353	0.6396327	0.7399457	-0.10031301	0.21282549
pil01	BensonV1	cdf	656	0.13402581	0.49510643	0.6798524	-0.184746	0.15219665
pil01	BensonV1	cdf	762	0.12508678	0.59326464	0.6618078	-0.068543136	0.32850274
pil01	BensonV1	cdf	180	0.118086636	0.2711289	0.3133121	-0.04218322	0.118917115
pil01	BensonV1	cdf	661	0.11391926	0.47987202	0.80413026	-0.32425824	0.21274535
pil01	BensonV1	cdf	387	0.10455346	-0.07218961	-0.056586485	-0.015603121	0.23129798
pil01	BensonV1	cdf	296	0.10127407	0.31252402	0.28130978	0.031214237	0.44472644
pil01	BensonV1	cdf	144	0.10113317	-0.008669964	0.0955883	-0.10425826	0.08563328
pil01	BensonV1	cdf	756	0.10024917	0.46586624	0.40745702	0.058409214	0.3987898
pil01	BensonV1	cdf	272	0.09840286	0.040702123	0.21738352	-0.1766814	0.18843445
pil01	BensonV1	cdf	763	0.09716487	0.46463358	0.47180745	-0.007173866	0.30193168
pil01	BensonV1	cdf	798	0.09714484	0.5799982	0.6633695	-0.08337128	0.39688364
pil01	BensonV1	cdf	92	0.09711665	0.11657944	0.2842548	-0.16767535	0.097919226
pil01	BensonV1	cdf	797	0.096450746	0.63237005	0.7280821	-0.095712066	0.28211686
pil01	BensonV1	cdf	84	0.09557605	-0.0696841	0.024005493	-0.0936896	0.6082569
pil01	BensonV1	cdf	529	0.09458792	0.03509967	0.26037842	-0.22527875	0.3518972
pil01	BensonV1	cdf	349	0.091348946	0.6986183	0.7058444	-0.0072261095	0.15805359
pil01	BensonV1	cdf	534	0.09119421	0.017746672	0.2395441	-0.22179742	0.19483666
pil01	BensonV1	cdf	597	0.088208735	0.2169586	0.7337829	-0.5168243	0.2678413
pil01	BensonV1	cdf	213	0.08816457	-0.01889294	0.17635024	-0.19524318	0.1614265
pil01	BensonV1	cdf	159	0.087978005	0.10760274	0.15504451	-0.047441773	0.08948159
pil01	BensonV1	cdf	147	0.08726084	-0.4917176	-0.37400028	-0.117717326	0.06783718
pil01	BensonV1	cdf	517	0.08622825	0.19294742	0.3110765	-0.118129075	0.25582016
pil01	BensonV1	cdf	822	0.084457755	0.62458056	0.7021111	-0.07753056	0.5662741
pil01	BensonV1	cdf	199	0.08405268	0.290647	0.30349606	-0.012849063	0.20787548
pil01	BensonV1	cdf	94	0.08181059	-0.08118473	0.1602692	-0.24145393	0.07964121
pil01	BensonV1	cdf	598	0.08091265	0.38422608	0.28628707	0.097939014	0.4665127
pil01	BensonV1	cdf	660	0.078994334	0.4633872	0.744411	-0.2810238	0.21340634
pil01	BensonV1	cdf	297	0.078956485	-0.026641652	-0.008691545	-0.017950106	0.110850275
pil01	BensonV1	cdf	155	0.07885426	-0.046728086	0.0803038	-0.12703189	0.08220567
pil01	BensonV1	cdf	652	0.0783363	0.34843174	0.8407077	-0.49227598	0.16099846
pil01	BensonV1	cdf	427	0.07791293	-0.30021876	-0.074876286	-0.22534248	0.2263306
pil01	BensonV1	cdf	127	0.07761729	0.51323456	0.55761373	-0.044379175	0.29703355
pil01	BensonV1	cdf	216	0.077183366	-0.035125595	-0.027659222	-0.007466372	0.08615746
pil01	BensonV1	cdf	625	0.07703388	0.39821842	0.44041663	-0.04219821	0.19269492
pil01	BensonV1	cdf	709	0.07656479	0.14708582	0.45194277	-0.30485696	0.15727943
pil01	BensonV1	cdf	703	0.075969756	0.043814298	-0.18491413	0.22872843	0.2660459
pil01	BensonV1	cdf	523	0.07577938	0.14703444	0.37564063	-0.2286062	0.23586066
pil01	BensonV1	cdf	582	0.07355225	0.002987177	0.038710248	-0.03572307	0.103460796
pil01	BensonV1	cdf	226	0.07330537	0.0451314	0.48229864	-0.43716723	0.14832604
pil01	BensonV1	cdf	136	0.07302594	-0.29127133	-0.16597944	-0.12529188	0.116668366
pil01	BensonV1	cdf	196	0.072844744	0.08895459	0.22022173	-0.13126713	0.122838944
pil01	BensonV1	cdf	758	0.07264656	0.42335266	0.40771243	0.015640229	0.2629333
pil01	BensonV1	cdf	393	0.07255393	0.31905305	0.3491697	-0.030116647	0.097943015
pil01	BensonV1	cdf	561	0.07252258	-0.19002905	-0.12960254	-0.06042652	0.061571825
pil01	BensonV1	cdf	708	0.07025665	0.20652896	0.07817126	0.12835771	0.21565118
pil01	BensonV1	cdf	276	0.06988436	0.24123245	0.39802742	-0.15679497	0.16509567
pil01	BensonV1	cdf	454	0.06970596	0.1524101	0.18012942	-0.027719319	0.05783586
pil01	BensonV1	cdf	525	0.0696516	0.36354715	0.46296924	-0.0994221	0.14365031
pil01	BensonV1	cdf	759	0.069634795	0.35182515	0.5492094	-0.19738427	0.4774478
pil01	BensonV1	cdf	469	0.06931168	0.2779504	0.43069834	-0.15274793	0.080603026
pil01	BensonV1	cdf	593	0.069218695	0.21308105	0.39981654	-0.1867355	0.32255498
pil01	BensonV1	cdf	687	0.06808519	0.18185893	0.25932062	-0.07746169	0.17951016
pil01	BensonV1	cdf	251	0.0680632	0.22160038	0.1860166	0.03558378	0.24396737
pil01	BensonV1	cdf	287	0.06799567	-0.24250239	-0.14358397	-0.09891842	0.0631409
pil01	BensonV1	cdf	140	0.067573786	0.31476757	0.08028072	0.23448685	0.17469586
pil01	BensonV1	cdf	72	0.067228556	0.28544244	0.2661289	0.019313544	0.13262148
pil01	BensonV1	cdf	181	0.067091525	-0.109983616	0.011257493	-0.12124111	0.11116632
pil01	BensonV1	cdf	706	0.06705165	0.1544469	0.43749586	-0.28304896	0.2858096
pil01	BensonV1	cdf	385	0.06560707	0.45656246	0.48215243	-0.025589973	0.09821278
pil01	BensonV1	cdf	522	0.06535208	0.08760786	0.24066187	-0.15305401	0.1765175
pil01	BensonV1	cdf	101	0.0653519	-0.05665692	0.061174773	-0.11783169	0.10948226
pil01	BensonV1	cdf	81	0.06519437	-0.049497187	0.05731593	-0.10681312	0.19673553
pil01	BensonV1	cdf	757	0.06486833	0.42153597	0.46197042	-0.04043445	0.16490963
pil01	BensonV1	cdf	161	0.06418276	-0.033895932	0.033426043	-0.06732197	0.06602734
pil01	BensonV1	cdf	478	0.06338364	-0.009644205	0.28128928	-0.2909335	0.2592942
pil01	BensonV1	cdf	83	0.063079	0.5481824	0.7162338	-0.16805136	0.24163748
pil01	BensonV1	cdf	705	0.06279981	0.22308229	0.6005163	-0.37743402	0.23958024
pil01	BensonV1	cdf	50	0.062794864	0.07434657	0.058388658	0.015957914	0.16509654
pil01	BensonV1	cdf	98	0.06205237	0.19812782	0.25289366	-0.054765835	0.09079442
pil01	BensonV1	cdf	793	0.06136638	0.62362033	0.5953712	0.028249145	0.27154508
pil01	BensonV1	cdf	130	0.06130129	0.29594538	0.5034644	-0.20751902	0.5995682
pil01	BensonV1	cdf	728	0.061279297	0.07853275	0.15780038	-0.07926763	0.14763919
pil01	BensonV1	cdf	70	0.06119287	0.34573478	0.3393825	0.0063522756	0.06258085
pil01	BensonV1	cdf	350	0.061154068	0.41115025	0.6411676	-0.23001733	0.16295008
pil01	BensonV1	cdf	685	0.061052144	0.18047838	0.27532277	-0.094844386	0.12660795
pil01	BensonV1	cdf	384	0.060957134	0.29797998	0.4660192	-0.16803923	0.10069241
pil01	BensonV1	cdf	113	0.060952783	0.3513545	0.26210734	0.08924717	0.07095233
pil01	BensonV1	cdf	400	0.060869217	0.63952535	0.59933263	0.040192723	0.16822684
pil01	BensonV1	cdf	105	0.060827017	0.18553443	0.14477575	0.040758684	0.13649309
pil01	BensonV1	cdf	376	0.060694456	0.44741935	0.5531106	-0.105691254	0.10239688
pil01	BensonV1	cdf	540	0.06044501	0.32536295	0.4342598	-0.10889685	0.169499
pil01	BensonV1	cdf	232	0.060345054	0.08916074	0.057626743	0.031533998	0.052264296
pil01	BensonV1	cdf	255	0.060314894	0.119895495	0.1858125	-0.06591701	0.18633069
pil01	BensonV1	cdf	684	0.060202777	0.63332	0.602231	0.031088948	0.13043311
pil01	BensonV1	cdf	805	0.060107946	0.2847063	0.09319371	0.19151258	0.06663363
pil01	BensonV1	cdf	599	0.059895754	0.32660487	0.18468992	0.14191495	0.12052067
pil01	BensonV1	cdf	231	0.059523404	-0.45089763	-0.28317317	-0.16772446	0.105129935
pil01	BensonV1	cdf	223	0.05938536	0.06394051	0.15745248	-0.09351197	0.1414004
pil01	BensonV1	cdf	515	0.05932367	0.15026036	0.45080262	-0.30054227	0.14899838
pil01	BensonV1	cdf	250	0.058721006	0.29442972	0.19286604	0.10156368	0.17751274
pil01	BensonV1	cdf	624	0.0582909	0.13473457	0.3557504	-0.22101584	0.16065033
pil01	BensonV1	cdf	537	0.058041036	-0.19060957	-0.36259606	0.17198649	0.10874211
pil01	BensonV1	cdf	248	0.057257116	0.5020257	0.4189658	0.08305994	0.4697604
pil01	BensonV1	inverse_cdf	661	0.14418483	0.6969257	0.66313905	0.033786654	0.14612806
pil01	BensonV1	inverse_cdf	757	0.14254653	0.18800037	0.28808275	-0.10008238	0.1446079
pil01	BensonV1	inverse_cdf	647	0.13685822	0.72780806	0.65148866	0.0763194	0.09583555
pil01	BensonV1	inverse_cdf	267	0.13576764	0.363344	0.3192065	0.044137508	0.096102156
pil01	BensonV1	inverse_cdf	656	0.13226444	0.626839	0.5479117	0.07892728	0.14709328
pil01	BensonV1	inverse_cdf	133	0.13209307	0.781865	0.6889601	0.092904925	0.13457297
pil01	BensonV1	inverse_cdf	597	0.12506694	0.5566279	0.6015814	-0.044953465	0.15214612
pil01	BensonV1	inverse_cdf	166	0.12373966	0.022037968	-0.0328539	0.05489187	0.15495108
pil01	BensonV1	inverse_cdf	140	0.11600304	-0.10547265	-0.08400753	-0.021465115	0.15375875
pil01	BensonV1	inverse_cdf	642	0.11456382	0.38883072	0.39688018	-0.008049458	0.12179766
pil01	BensonV1	inverse_cdf	399	0.11358696	0.045170162	0.0955633	-0.050393138	0.23772238
pil01	BensonV1	inverse_cdf	613	0.11213237	0.005808905	-0.025482181	0.031291086	0.1246345
pil01	BensonV1	inverse_cdf	390	0.11173344	0.11701716	-0.09325184	0.210269	0.1463066
pil01	BensonV1	inverse_cdf	400	0.110301614	0.45303074	0.513352	-0.06032124	0.15948965
pil01	BensonV1	inverse_cdf	450	0.10896629	0.21658131	0.29724577	-0.080664456	0.09072243
pil01	BensonV1	inverse_cdf	772	0.106984675	0.10922283	0.004800258	0.10442257	0.25891688
pil01	BensonV1	inverse_cdf	293	0.104891896	0.07207787	0.09286507	-0.020787202	0.26926318
pil01	BensonV1	inverse_cdf	69	0.104284585	0.22313917	-0.18091588	0.40405506	0.15335698
pil01	BensonV1	inverse_cdf	96	0.10410994	-0.17986903	-0.0898386	-0.090030424	0.08546615
pil01	BensonV1	inverse_cdf	146	0.10351598	0.039552514	0.09835036	-0.058797847	0.22197852
pil01	BensonV1	inverse_cdf	660	0.10343325	0.5687018	0.4295667	0.13913509	0.17969455
pil01	BensonV1	inverse_cdf	349	0.1027323	0.6329587	0.75882846	-0.12586975	0.12610231
pil01	BensonV1	inverse_cdf	675	0.10180527	0.068079464	0.03269469	0.035384774	0.1774467
pil01	BensonV1	inverse_cdf	806	0.101284444	-0.05563479	-0.092341825	0.036707036	0.44359314
pil01	BensonV1	inverse_cdf	614	0.10121232	0.24081448	0.2348179	0.00599657	0.13627392
pil01	BensonV1	inverse_cdf	248	0.1007629	-0.024089895	0.086438045	-0.11052794	0.43464005
pil01	BensonV1	inverse_cdf	200	0.10069519	-0.08000505	0.044946823	-0.12495187	0.4944108
pil01	BensonV1	inverse_cdf	97	0.09912294	0.010440444	-0.05344053	0.06388097	0.1361829
pil01	BensonV1	inverse_cdf	333	0.09886503	0.1655336	-0.0107505275	0.17628413	0.16245084
pil01	BensonV1	inverse_cdf	744	0.098305225	0.28934446	0.28891772	0.00042673945	0.14265542
pil01	BensonV1	inverse_cdf	544	0.09755087	0.29736656	0.2536799	0.04368666	0.1267609
pil01	BensonV1	inverse_cdf	770	0.09746045	0.01218214	-0.10514369	0.11732583	0.22020468
pil01	BensonV1	inverse_cdf	759	0.09657961	0.72931814	0.6479904	0.08132774	0.22657903
pil01	BensonV1	inverse_cdf	331	0.095936775	0.26613808	0.10624428	0.1598938	0.18676132
pil01	BensonV1	inverse_cdf	776	0.09315938	0.087697744	0.04866222	0.039035525	0.17918915
pil01	BensonV1	inverse_cdf	156	0.0929448	-0.07635802	-0.2337129	0.15735488	0.11334184
pil01	BensonV1	inverse_cdf	242	0.092541456	0.11032963	0.1635615	-0.053231865	0.11582467
pil01	BensonV1	inverse_cdf	203	0.0918628	-0.09710795	-0.008241324	-0.08886662	0.2346633
pil01	BensonV1	inverse_cdf	83	0.09151006	0.46692672	0.31047934	0.15644738	0.2103502
pil01	BensonV1	inverse_cdf	165	0.09119749	0.4410722	0.437902	0.0031701922	0.18681695
pil01	BensonV1	inverse_cdf	183	0.090580225	0.6722208	0.59468967	0.07753116	0.19019455
pil01	BensonV1	inverse_cdf	381	0.090426624	-0.21851152	-0.35548425	0.13697273	0.225513
pil01	BensonV1	inverse_cdf	143	0.08999461	0.03595304	0.05298485	-0.017031807	0.19479361
pil01	BensonV1	inverse_cdf	664	0.089708984	0.26877165	0.19624947	0.07252218	0.23121382
pil01	BensonV1	inverse_cdf	583	0.08967763	0.14502507	0.30163932	-0.15661424	0.17231773
pil01	BensonV1	inverse_cdf	680	0.08967352	0.30116966	0.28772438	0.013445288	0.10799663
pil01	BensonV1	inverse_cdf	652	0.08945519	0.5647183	0.5797436	-0.015025318	0.09230967
pil01	BensonV1	inverse_cdf	626	0.089333594	0.05361011	0.00037775878	0.05323235	0.15952133
pil01	BensonV1	inverse_cdf	822	0.08903164	0.5979211	0.48001912	0.11790195	0.313962
pil01	BensonV1	inverse_cdf	250	0.08896506	-0.12882522	0.030902097	-0.15972732	0.2832375
pil01	BensonV1	inverse_cdf	575	0.08834571	0.13751334	0.039873075	0.09764026	0.17236514
pil01	BensonV1	inverse_cdf	350	0.08797485	0.29835933	0.25660703	0.04175231	0.14741229
pil01	BensonV1	inverse_cdf	296	0.08779937	-0.12654957	0.05228301	-0.17883259	0.45935515
pil01	BensonV1	inverse_cdf	684	0.086595535	0.34293127	0.34852865	-0.005597383	0.10902982
pil01	BensonV1	inverse_cdf	576	0.08651346	0.40018287	0.3307989	0.06938398	0.19302061
pil01	BensonV1	inverse_cdf	678	0.08618379	0.013943461	-0.010522043	0.024465505	0.19602668
pil01	BensonV1	inverse_cdf	134	0.08601707	0.2130881	0.17615968	0.036928415	0.061833657
pil01	BensonV1	inverse_cdf	807	0.08599931	-0.07477369	-0.081306405	0.006532714	0.27613088
pil01	BensonV1	inverse_cdf	90	0.085317254	0.30651873	0.1959599	0.11055884	0.23598251
pil01	BensonV1	inverse_cdf	682	0.08458871	-0.11125166	-0.09401516	-0.017236501	0.2757427
pil01	BensonV1	inverse_cdf	657	0.08348137	0.55525964	0.59613854	-0.040878892	0.19215381
pil01	BensonV1	inverse_cdf	629	0.08342457	-0.124521226	-0.16729578	0.042774558	0.08553482
pil01	BensonV1	inverse_cdf	704	0.083423674	0.2732714	0.30895105	-0.03567964	0.07578261
pil01	BensonV1	inverse_cdf	611	0.082092464	0.117877185	-0.05496992	0.1728471	0.15510277
pil01	BensonV1	inverse_cdf	327	0.082063675	0.06126769	-0.066826984	0.12809467	0.26168174
pil01	BensonV1	inverse_cdf	194	0.08158249	0.21157567	0.18481055	0.026765123	0.11124338
pil01	BensonV1	inverse_cdf	655	0.08143222	0.3446856	0.2538131	0.090872526	0.13515678
pil01	BensonV1	inverse_cdf	803	0.08110261	0.044215467	-0.16659378	0.21080925	0.13961579
pil01	BensonV1	inverse_cdf	802	0.08110094	-0.1728872	-0.29541904	0.12253183	0.15593168
pil01	BensonV1	inverse_cdf	760	0.08095598	0.46622226	0.42919534	0.037026912	0.1251472
pil01	BensonV1	inverse_cdf	247	0.08031285	0.0115446495	0.15197852	-0.14043388	0.21636869
pil01	BensonV1	inverse_cdf	439	0.079295635	0.48147947	0.22881484	0.25266463	0.15214847
pil01	BensonV1	inverse_cdf	524	0.07928383	0.051308624	0.08804777	-0.03673915	0.3879664
pil01	BensonV1	inverse_cdf	831	0.07873982	-0.023137959	-0.102811925	0.07967397	0.27803615
pil01	BensonV1	inverse_cdf	847	0.07831609	0.11982058	0.22607437	-0.10625379	0.21997766
pil01	BensonV1	inverse_cdf	686	0.077070236	-0.13102138	-0.13388854	0.0028671622	0.14558592
pil01	BensonV1	inverse_cdf	391	0.07688761	-0.22484556	-0.24228503	0.01743947	0.23683676
pil01	BensonV1	inverse_cdf	512	0.07683325	0.1569433	0.038322162	0.11862114	0.23209767
pil01	BensonV1	inverse_cdf	739	0.076824784	-0.00034738606	-0.041455135	0.041107748	0.23345205
pil01	BensonV1	inverse_cdf	587	0.07676023	0.46795425	0.34599036	0.12196389	0.12847033
pil01	BensonV1	inverse_cdf	727	0.07672399	-0.08220805	-0.06606316	-0.016144894	0.3204195
pil01	BensonV1	inverse_cdf	834	0.075160146	-0.12549238	-0.1465905	0.021098122	0.5129164
pil01	BensonV1	inverse_cdf	100	0.075158834	0.1027754	-0.045043416	0.14781882	0.16001157
pil01	BensonV1	inverse_cdf	750	0.07502115	-0.37064666	-0.27864125	-0.0920054	0.1234341
pil01	BensonV1	inverse_cdf	668	0.07496065	0.2186423	-0.015186597	0.23382889	0.07641341
pil01	BensonV1	inverse_cdf	662	0.07468486	0.4072644	0.45932508	-0.052060664	0.14944014
pil01	BensonV1	inverse_cdf	797	0.07408577	0.59955543	0.34696734	0.2525881	0.17953368
pil01	BensonV1	inverse_cdf	52	0.07385522	-0.088122405	-0.13559574	0.047473334	0.33279505
pil01	BensonV1	inverse_cdf	550	0.07342237	0.32698196	0.39854097	-0.07155901	0.13600788
pil01	BensonV1	inverse_cdf	457	0.073170185	0.34375504	0.49562067	-0.15186563	0.10602047
pil01	BensonV1	inverse_cdf	525	0.07274485	0.25854096	0.5305249	-0.27198395	0.14854208
pil01	BensonV1	inverse_cdf	780	0.07171893	0.013174492	-0.25476256	0.26793706	0.111818865
pil01	BensonV1	inverse_cdf	625	0.07144421	0.04034867	0.15455641	-0.11420774	0.14411907
pil01	BensonV1	inverse_cdf	321	0.07098508	0.24343966	0.21898197	0.024457693	0.12503342
pil01	BensonV1	inverse_cdf	98	0.070168436	-0.10699912	0.09817211	-0.20517123	0.2291566
pil01	BensonV1	inverse_cdf	51	0.0699265	0.23738432	0.22928396	0.008100361	0.11222863
pil01	BensonV1	inverse_cdf	624	0.06990421	-0.08383884	-0.10083512	0.01699628	0.13861258
pil01	BensonV1	inverse_cdf	603	0.06951743	0.43826693	0.56681854	-0.1285516	0.27175212
pil01	BensonV1	inverse_cdf	189	0.06908578	-0.46389186	-0.42869967	-0.03519219	0.14730248
pil01	BensonV1	inverse_cdf	756	0.068791986	0.30739844	0.40832236	-0.100923926	0.1847307
pil01	NPCr	cdf	159	0.21315771	0.7375045	0.7952819	-0.057777405	0.6055163
pil01	NPCr	cdf	158	0.20947379	0.77671033	0.81625396	-0.03954363	0.5652345
pil01	NPCr	cdf	156	0.20527542	0.71700275	0.73006976	-0.013067007	0.2282522
pil01	NPCr	cdf	364	0.18173486	0.78574914	0.8859851	-0.10023594	0.28777656
pil01	NPCr	cdf	124	0.17685157	0.69819033	0.78200537	-0.08381504	0.45374066
pil01	NPCr	cdf	123	0.17310566	0.66416633	0.72148263	-0.057316303	0.22726844
pil01	NPCr	cdf	126	0.15958601	0.673987	0.750652	-0.076665044	0.24371327
pil01	NPCr	cdf	160	0.14821208	0.7385423	0.7448462	-0.0063039064	0.68631506
pil01	NPCr	cdf	43	0.14757514	0.7111114	0.7817427	-0.070631266	0.3705169
pil01	NPCr	cdf	207	0.14650768	0.7429239	0.7222215	0.020702422	0.22316389
pil01	NPCr	cdf	293	0.14402837	0.84069383	0.7894006	0.051293254	0.22862148
pil01	NPCr	cdf	127	0.14104283	0.6835454	0.8495871	-0.16604167	0.25206167
pil01	NPCr	cdf	68	0.13878632	0.63814586	0.7245871	-0.08644122	0.43069577
pil01	NPCr	cdf	461	0.13801247	0.61713153	0.74323744	-0.1261059	0.17541055
pil01	NPCr	cdf	208	0.13755316	0.74163425	0.76421285	-0.022578597	0.37815368
pil01	NPCr	cdf	426	0.1345073	0.602092	0.51357406	0.088517964	0.3380904
pil01	NPCr	cdf	394	0.13310963	0.37373805	0.5703964	-0.19665837	0.21046793
pil01	NPCr	cdf	72	0.13234752	0.60873055	0.541526	0.067204535	0.18499222
pil01	NPCr	cdf	125	0.12453115	0.78441393	0.7775657	0.006848216	0.23254935
pil01	NPCr	cdf	770	0.12440133	0.3060772	0.5784896	-0.2724124	0.30225784
pil01	NPCr	cdf	517	0.12320751	0.6101251	0.6524258	-0.0423007	0.39471638
pil01	NPCr	cdf	396	0.12280291	0.49922827	0.6753489	-0.17612061	0.35600924
pil01	NPCr	cdf	213	0.12007171	0.6614057	0.4804782	0.18092749	0.2262584
pil01	NPCr	cdf	315	0.119760394	0.33274066	0.54272026	-0.2099796	0.37244934
pil01	NPCr	cdf	52	0.11932552	0.58844334	0.60610765	-0.017664313	0.13744667
pil01	NPCr	cdf	416	0.11865795	0.3384951	0.31185752	0.026637584	0.077478535
pil01	NPCr	cdf	204	0.11688751	0.62889177	0.65791416	-0.029022396	0.33999875
pil01	NPCr	cdf	130	0.11551362	0.610682	0.5517568	0.05892521	0.26339692
pil01	NPCr	cdf	93	0.11448532	0.6532552	0.7254853	-0.0722301	0.27957535
pil01	NPCr	cdf	99	0.113794565	0.7579589	0.654548	0.1034109	0.13342358
pil01	NPCr	cdf	122	0.113429606	0.6380068	0.5041485	0.13385832	0.07820699
pil01	NPCr	cdf	555	0.11329776	0.5052906	0.58643615	-0.081145525	0.20877574
pil01	NPCr	cdf	476	0.112709224	0.57636905	0.6360873	-0.05971825	0.2731304
pil01	NPCr	cdf	786	0.1123243	0.43256903	0.5441215	-0.11155248	0.23196465
pil01	NPCr	cdf	595	0.11068493	0.20084848	0.3348154	-0.13396694	0.27111104
pil01	NPCr	cdf	389	0.10888803	0.7129252	0.74250734	-0.029582143	0.42448005
pil01	NPCr	cdf	711	0.10885191	0.45531172	0.67688644	-0.22157472	0.36782208
pil01	NPCr	cdf	38	0.10680717	0.47819662	0.52836925	-0.050172627	0.13626559
pil01	NPCr	cdf	46	0.10481346	0.47144237	0.6009198	-0.12947741	0.27079326
pil01	NPCr	cdf	119	0.10441071	0.7397765	0.76971114	-0.029934645	0.3083191
pil01	NPCr	cdf	101	0.10234952	0.5688221	0.61666024	-0.04783815	0.12233491
pil01	NPCr	cdf	499	0.10191077	0.47150972	0.6995769	-0.22806719	0.20356336
pil01	NPCr	cdf	198	0.10043979	0.64336765	0.7420568	-0.09868914	0.26543054
pil01	NPCr	cdf	379	0.09989345	0.6354528	0.736351	-0.100898206	0.33484724
pil01	NPCr	cdf	746	0.09966028	0.3401547	0.5784046	-0.2382499	0.7185197
pil01	NPCr	cdf	96	0.09960985	0.6195147	0.71255016	-0.09303546	0.2903289
pil01	NPCr	cdf	116	0.099053144	0.6264363	0.7462698	-0.11983353	0.557537
pil01	NPCr	cdf	487	0.09869027	0.29665822	0.43932712	-0.1426689	0.14181721
pil01	NPCr	cdf	507	0.09822488	0.578805	0.5274554	0.05134964	0.32767078
pil01	NPCr	cdf	310	0.09767634	0.3558225	0.61408955	-0.25826705	1.1978837
pil01	NPCr	cdf	621	0.09718776	0.36299518	0.4136751	-0.050679922	0.18766002
pil01	NPCr	cdf	303	0.09717536	0.47440937	0.6495228	-0.17511341	0.26906395
pil01	NPCr	cdf	744	0.0967747	0.43274748	0.5963811	-0.16363364	0.5357871
pil01	NPCr	cdf	92	0.09645635	0.6697624	0.53593427	0.1338281	0.17283049
pil01	NPCr	cdf	784	0.09644747	0.32121405	0.60695195	-0.2857379	0.86978364
pil01	NPCr	cdf	599	0.096432984	0.44238853	0.18293141	0.2594571	0.21257411
pil01	NPCr	cdf	262	0.095814526	0.64159167	0.67189294	-0.030301273	0.08444427
pil01	NPCr	cdf	39	0.095586956	0.6562369	0.6147634	0.041473508	0.18000475
pil01	NPCr	cdf	26	0.094935834	0.4639242	0.4548338	0.009090394	0.079504654
pil01	NPCr	cdf	792	0.09493041	0.6815275	0.7391055	-0.057578027	0.48230764
pil01	NPCr	cdf	332	0.09450394	0.5927296	0.6584227	-0.06569308	0.32702947
pil01	NPCr	cdf	822	0.093159914	0.4689245	0.33301637	0.13590813	0.06462085
pil01	NPCr	cdf	47	0.09261423	0.61102355	0.6977499	-0.08672637	0.22260122
pil01	NPCr	cdf	154	0.091967046	0.7427823	0.65608895	0.08669335	0.17570342
pil01	NPCr	cdf	454	0.09192479	0.5650254	0.6123121	-0.04728669	0.56155086
pil01	NPCr	cdf	395	0.09080696	0.3217889	0.5379885	-0.21619958	0.23115197
pil01	NPCr	cdf	201	0.0904274	0.2579542	0.14682639	0.11112782	0.080709584
pil01	NPCr	cdf	202	0.090001225	0.2905931	0.42948884	-0.13889575	0.2519613
pil01	NPCr	cdf	246	0.0880751	0.52224123	0.6815992	-0.15935796	0.15664618
pil01	NPCr	cdf	128	0.08732402	0.4589232	0.3876785	0.07124469	0.07223913
pil01	NPCr	cdf	237	0.08730066	0.62586045	0.5465911	0.07926935	0.4789386
pil01	NPCr	cdf	453	0.08729571	0.6063088	0.6541339	-0.047825098	0.3155523
pil01	NPCr	cdf	659	0.0872156	0.48757675	0.48472348	0.0028532743	0.11626982
pil01	NPCr	cdf	654	0.08659637	0.54582906	0.61063284	-0.06480378	0.23488808
pil01	NPCr	cdf	399	0.086235285	0.33700675	0.5516452	-0.21463847	0.4027911
pil01	NPCr	cdf	513	0.08573675	0.64852935	0.50621504	0.14231431	0.25451353
pil01	NPCr	cdf	378	0.08571929	0.6135217	0.67323154	-0.059709847	0.22817232
pil01	NPCr	cdf	464	0.085605204	0.4069327	0.31090474	0.09602797	0.34575886
pil01	NPCr	cdf	768	0.0855158	0.3980819	0.597312	-0.19923007	0.57259065
pil01	NPCr	cdf	758	0.08522159	0.343566	0.55156285	-0.20799685	0.43265876
pil01	NPCr	cdf	131	0.08458644	0.68161124	0.70273066	-0.021119416	0.12618196
pil01	NPCr	cdf	791	0.084312975	0.40356332	0.6266011	-0.22303778	0.19652654
pil01	NPCr	cdf	390	0.083965	0.4164152	0.65094286	-0.23452765	0.30643624
pil01	NPCr	cdf	42	0.08376467	0.23768024	0.20762825	0.030051991	0.14494283
pil01	NPCr	cdf	477	0.08335137	0.52418983	0.48465833	0.0395315	0.31778052
pil01	NPCr	cdf	283	0.08241743	0.5383265	0.380254	0.1580725	0.39882267
pil01	NPCr	cdf	802	0.08171749	0.2803031	0.35150656	-0.07120347	0.14316486
pil01	NPCr	cdf	612	0.081557035	0.12618628	0.08997264	0.036213644	0.1887422
pil01	NPCr	cdf	769	0.08119011	0.4491261	0.48848835	-0.03936225	0.19999456
pil01	NPCr	cdf	491	0.081157625	0.40143356	0.5653698	-0.16393623	0.1854309
pil01	NPCr	cdf	302	0.08075863	0.7051363	0.7922396	-0.08710331	0.14529496
pil01	NPCr	cdf	370	0.08065039	0.8024813	0.88018936	-0.077708066	0.15101501
pil01	NPCr	cdf	732	0.08030349	0.59388566	0.6251101	-0.03122443	0.18240432
pil01	NPCr	cdf	240	0.08026171	0.2602491	0.45685825	-0.19660914	0.23493911
pil01	NPCr	cdf	818	0.08017808	0.4934163	0.34545603	0.14796028	0.11475165
pil01	NPCr	cdf	320	0.079815984	0.50247055	0.5108352	-0.008364618	0.32632074
pil01	NPCr	cdf	206	0.07960069	0.43217364	0.70493555	-0.2727619	0.27426016
pil01	NPCr	cdf	596	0.07928121	-0.19918358	-0.060276344	-0.13890724	0.124959156
pil01	NPCr	cdf	565	0.0789659	-0.047183126	0.0727281	-0.11991122	0.10753293
pil01	NPCr	cdf	658	0.07894856	0.57976305	0.5098325	0.06993055	0.29070386
pil01	NPCr	inverse_cdf	293	0.26645964	0.57058996	0.4691226	0.10146737	0.19556688
pil01	NPCr	inverse_cdf	364	0.24279946	0.53164625	0.61897314	-0.087326884	0.23056617
pil01	NPCr	inverse_cdf	158	0.22216189	0.5476089	0.58954495	-0.04193604	0.45575812
pil01	NPCr	inverse_cdf	119	0.22012949	0.4683143	0.42290273	0.045411557	0.24262524
pil01	NPCr	inverse_cdf	370	0.21315652	0.429311	0.3481678	0.0811432	0.17214812
pil01	NPCr	inverse_cdf	124	0.20930594	0.522668	0.6014214	-0.07875341	0.3521261
pil01	NPCr	inverse_cdf	39	0.20003724	0.4378343	0.394558	0.04327628	0.16596203
pil01	NPCr	inverse_cdf	160	0.18089187	0.49992725	0.52614594	-0.026218683	0.4826802
pil01	NPCr	inverse_cdf	123	0.17793041	0.67674595	0.7212068	-0.044460833	0.17804977
pil01	NPCr	inverse_cdf	43	0.17355812	0.47953394	0.56174326	-0.08220932	0.30263597
pil01	NPCr	inverse_cdf	156	0.17095894	0.62329865	0.63668835	-0.013389707	0.15661494
pil01	NPCr	inverse_cdf	159	0.16972458	0.6252784	0.63891685	-0.013638437	0.3675763
pil01	NPCr	inverse_cdf	104	0.16915303	0.36447993	0.31105348	0.053426445	0.08388061
pil01	NPCr	inverse_cdf	618	0.1635037	0.11534363	0.3740634	-0.25871977	0.20630428
pil01	NPCr	inverse_cdf	125	0.16347599	0.7020622	0.7068189	-0.004756689	0.22731905
pil01	NPCr	inverse_cdf	208	0.15733945	0.40426493	0.5019432	-0.097678244	0.26205835
pil01	NPCr	inverse_cdf	204	0.156286	0.34057546	0.37519568	-0.034620225	0.23509893
pil01	NPCr	inverse_cdf	96	0.15559316	0.39553133	0.49526656	-0.09973523	0.17823991
pil01	NPCr	inverse_cdf	149	0.15261275	0.4096354	0.43012017	-0.020484775	0.12976824
pil01	NPCr	inverse_cdf	207	0.15069258	0.52850443	0.44790393	0.0806005	0.1405737
pil01	NPCr	inverse_cdf	451	0.14959341	0.23191474	0.3038381	-0.07192336	0.2586714
pil01	NPCr	inverse_cdf	426	0.14277756	0.5082928	0.07897937	0.42931342	0.21095209
pil01	NPCr	inverse_cdf	126	0.14170331	0.65259486	0.77735174	-0.12475687	0.14977951
pil01	NPCr	inverse_cdf	334	0.14028502	0.039942734	0.17094432	-0.13100159	0.16001257
pil01	NPCr	inverse_cdf	461	0.13427591	0.318257	0.47139075	-0.15313375	0.14245541
pil01	NPCr	inverse_cdf	213	0.13410896	0.120471574	0.22610573	-0.10563416	0.16053964
pil01	NPCr	inverse_cdf	232	0.13346362	0.44159663	0.40343162	0.038165003	0.19452454
pil01	NPCr	inverse_cdf	454	0.13048577	0.23574884	0.37809348	-0.14234464	0.40349317
pil01	NPCr	inverse_cdf	435	0.13021827	0.080387704	0.37433597	-0.29394826	0.2227059
pil01	NPCr	inverse_cdf	154	0.12938803	0.39845395	0.3679521	0.030501842	0.15467139
pil01	NPCr	inverse_cdf	373	0.12857044	0.279034	0.33723298	-0.05819899	0.14591171
pil01	NPCr	inverse_cdf	507	0.1276704	0.23298988	0.105020985	0.12796889	0.18631247
pil01	NPCr	inverse_cdf	551	0.12689674	0.24045785	0.49267223	-0.25221437	0.4961273
pil01	NPCr	inverse_cdf	93	0.1267007	0.39010626	0.45546404	-0.065357774	0.27394062
pil01	NPCr	inverse_cdf	658	0.12652445	0.3301496	0.2411824	0.08896719	0.1741002
pil01	NPCr	inverse_cdf	702	0.12506461	0.30756325	0.37804288	-0.07047963	0.1717467
pil01	NPCr	inverse_cdf	71	0.1245656	0.25994807	0.32325423	-0.06330615	0.088364124
pil01	NPCr	inverse_cdf	103	0.12361848	0.56332284	0.5250413	0.03828156	0.07254065
pil01	NPCr	inverse_cdf	470	0.12276882	0.34983695	0.24554245	0.104294494	0.14658879
pil01	NPCr	inverse_cdf	262	0.12213904	0.75127417	0.68084687	0.0704273	0.08629247
pil01	NPCr	inverse_cdf	389	0.120832086	0.317232	0.37162003	-0.054388016	0.27180645
pil01	NPCr	inverse_cdf	542	0.12012273	0.10370693	0.25571808	-0.15201116	0.09122263
pil01	NPCr	inverse_cdf	238	0.118855655	0.61617494	0.7020176	-0.08584267	0.17779922
pil01	NPCr	inverse_cdf	465	0.116874516	-0.016393969	0.004237264	-0.020631233	0.11485058
pil01	NPCr	inverse_cdf	61	0.116193354	0.4255506	0.32505915	0.100491464	0.120516144
pil01	NPCr	inverse_cdf	523	0.11464733	0.04602379	-0.010263531	0.05628732	0.11284243
pil01	NPCr	inverse_cdf	295	0.11397272	0.13962357	0.4327077	-0.29308414	0.1303244
pil01	NPCr	inverse_cdf	575	0.11368734	0.15880825	0.23137487	-0.07256663	0.2008287
pil01	NPCr	inverse_cdf	401	0.11357772	0.10599035	0.26072925	-0.1547389	0.15252817
pil01	NPCr	inverse_cdf	379	0.11345327	0.1962428	0.2753411	-0.0790983	0.17812346
pil01	NPCr	inverse_cdf	46	0.1134361	0.22494955	0.52675337	-0.30180383	0.19867775
pil01	NPCr	inverse_cdf	520	0.11329448	0.25975233	0.27167875	-0.011926413	0.095232934
pil01	NPCr	inverse_cdf	368	0.11318976	0.054485172	0.030633142	0.02385203	0.10596938
pil01	NPCr	inverse_cdf	418	0.112689376	0.112355135	0.024340073	0.088015065	0.10187597
pil01	NPCr	inverse_cdf	483	0.111213565	0.31514037	0.4275651	-0.11242473	0.14874287
pil01	NPCr	inverse_cdf	302	0.11104262	0.5718443	0.431634	0.14021027	0.11820478
pil01	NPCr	inverse_cdf	72	0.110874295	0.5579841	0.5369866	0.020997524	0.0993615
pil01	NPCr	inverse_cdf	68	0.10984272	0.4406101	0.54997206	-0.10936195	0.28006238
pil01	NPCr	inverse_cdf	634	0.1086843	0.1572464	0.42295402	-0.2657076	0.20754717
pil01	NPCr	inverse_cdf	150	0.108496666	0.095654644	0.14650466	-0.05085001	0.13964194
pil01	NPCr	inverse_cdf	505	0.107385755	-0.030348714	0.20347379	-0.23382251	0.15756556
pil01	NPCr	inverse_cdf	571	0.107286036	0.06708725	0.38678202	-0.31969476	0.49182975
pil01	NPCr	inverse_cdf	336	0.10684204	0.14152125	0.21479394	-0.07327269	0.123712994
pil01	NPCr	inverse_cdf	427	0.10661918	0.58623475	0.66196114	-0.07572639	0.1496339
pil01	NPCr	inverse_cdf	198	0.10641825	0.36666796	0.36431444	0.0023535192	0.19385442
pil01	NPCr	inverse_cdf	164	0.10598278	0.38009307	0.38618338	-0.006090313	0.26166302
pil01	NPCr	inverse_cdf	372	0.105727255	0.37621492	0.35859534	0.01761958	0.10912445
pil01	NPCr	inverse_cdf	639	0.10536885	0.10876602	0.258415	-0.149649	0.24894445
pil01	NPCr	inverse_cdf	464	0.10502207	0.0051617664	0.22538523	-0.22022347	0.21210298
pil01	NPCr	inverse_cdf	476	0.10325098	0.23128812	0.24279249	-0.011504367	0.15328276
pil01	NPCr	inverse_cdf	333	0.10322648	0.25091496	0.41740316	-0.1664882	0.10878404
pil01	NPCr	inverse_cdf	453	0.102859855	0.4292173	0.5281189	-0.0989016	0.20356941
pil01	NPCr	inverse_cdf	398	0.10268235	0.11085232	0.27929404	-0.16844171	0.20280476
pil01	NPCr	inverse_cdf	662	0.102340996	0.27497146	0.2940776	-0.01910615	0.22604169
pil01	NPCr	inverse_cdf	627	0.10174245	0.092790335	0.3513082	-0.25851786	0.2695259
pil01	NPCr	inverse_cdf	555	0.10136747	0.2150899	0.26258495	-0.047495052	0.13166408
pil01	NPCr	inverse_cdf	512	0.10128069	-0.067936026	0.23834725	-0.30628327	0.13896376
pil01	NPCr	inverse_cdf	388	0.1008454	0.19939306	0.30479264	-0.10539958	0.18306847
pil01	NPCr	inverse_cdf	485	0.1003266	-0.00041507362	0.2836819	-0.284097	0.13049755
pil01	NPCr	inverse_cdf	362	0.09988654	0.0378892	0.30639192	-0.2685027	0.08296602
pil01	NPCr	inverse_cdf	366	0.09965247	0.20079017	0.27801383	-0.07722366	0.11442815
pil01	NPCr	inverse_cdf	380	0.09927386	0.13506648	0.24358125	-0.10851477	0.14386818
pil01	NPCr	inverse_cdf	643	0.098934054	0.033483524	0.07877988	-0.04529636	0.12794627
pil01	NPCr	inverse_cdf	511	0.09852487	0.11453153	0.13809538	-0.023563847	0.10949647
pil01	NPCr	inverse_cdf	638	0.09806478	0.31571925	0.40169075	-0.085971504	0.10644068
pil01	NPCr	inverse_cdf	116	0.09719753	0.39916766	0.51211184	-0.112944186	0.46241567
pil01	NPCr	inverse_cdf	131	0.097093344	0.50323486	0.48998398	0.013250887	0.09763826
pil01	NPCr	inverse_cdf	635	0.09691745	0.06515655	0.3330669	-0.26791036	0.35348615
pil01	NPCr	inverse_cdf	580	0.09688324	-0.007406395	0.13047607	-0.13788247	0.111964464
pil01	NPCr	inverse_cdf	127	0.09639841	0.48749632	0.5710355	-0.08353919	0.1528462
pil01	NPCr	inverse_cdf	99	0.09623933	0.8081991	0.61977786	0.18842125	0.10202034
pil01	NPCr	inverse_cdf	233	0.096167326	0.49145523	0.43871236	0.05274287	0.14532252
pil01	NPCr	inverse_cdf	70	0.09594494	0.3172589	0.40878657	-0.09152767	0.08091069
pil01	NPCr	inverse_cdf	469	0.09544414	0.00089838257	0.09375189	-0.09285351	0.22173832
pil01	NPCr	inverse_cdf	582	0.09532148	0.1171616	0.31285298	-0.19569138	0.2870125
pil01	NPCr	inverse_cdf	450	0.09494084	0.4580305	0.5791435	-0.12111303	0.092636324
pil01	NPCr	inverse_cdf	13	0.094551325	0.18428019	0.28194547	-0.09766528	0.07288519
pil01	NPCr	inverse_cdf	403	0.094514966	0.10557533	0.40852046	-0.30294514	0.18985823
pil01	NPCr	inverse_cdf	504	0.0942269	0.013739369	0.35575175	-0.34201238	0.18344279
pil01	NPCr	inverse_cdf	12	0.09414852	0.04101754	0.13421643	-0.09319889	0.07416167
pil02	BensonV1	cdf	635	0.26288033	0.657388	0.6716874	-0.014299452	0.21607466
pil02	BensonV1	cdf	690	0.24629867	0.4567569	0.70368195	-0.24692506	0.48517182
pil02	BensonV1	cdf	667	0.23501194	0.44617376	0.69373757	-0.24756381	0.5701073
pil02	BensonV1	cdf	404	0.21634811	0.65606177	0.6961949	-0.04013312	0.15538847
pil02	BensonV1	cdf	668	0.20561874	0.28387454	0.53656256	-0.25268802	0.30432957
pil02	BensonV1	cdf	399	0.20233184	0.5365482	0.5753335	-0.03878528	0.19897828
pil02	BensonV1	cdf	8	0.20133036	0.38526526	0.60711044	-0.22184518	0.35725495
pil02	BensonV1	cdf	580	0.19264954	0.73491096	0.7046944	0.030216575	0.17321384
pil02	BensonV1	cdf	253	0.19222713	0.486246	0.60893744	-0.12269145	0.24617419
pil02	BensonV1	cdf	407	0.19165659	0.47040543	0.5478036	-0.07739815	0.22253992
pil02	BensonV1	cdf	672	0.19118124	0.5071202	0.500926	0.0061941743	0.19301388
pil02	BensonV1	cdf	641	0.18949705	0.50081223	0.699655	-0.19884276	0.23989512
pil02	BensonV1	cdf	640	0.18454915	0.36997497	0.38235193	-0.012376964	0.17431043
pil02	BensonV1	cdf	647	0.18263942	0.45458594	0.6211218	-0.16653588	0.16866162
pil02	BensonV1	cdf	360	0.17037654	0.6449203	0.7006168	-0.055696487	0.14680967
pil02	BensonV1	cdf	177	0.1690399	0.6414828	0.76117945	-0.11969668	0.11653211
pil02	BensonV1	cdf	671	0.16538048	0.6048633	0.69640565	-0.09154236	0.20362015
pil02	BensonV1	cdf	121	0.16437024	0.37098816	0.1871174	0.18387076	0.21685486
pil02	BensonV1	cdf	585	0.16400123	0.2022728	0.5816448	-0.37937197	0.27720192
pil02	BensonV1	cdf	472	0.14768839	0.5420429	0.5095121	0.032530785	0.2539937
pil02	BensonV1	cdf	506	0.14644551	0.14271373	0.29538715	-0.15267342	0.17736843
pil02	BensonV1	cdf	20	0.14441717	0.47838584	0.5847457	-0.10635987	0.33477372
pil02	BensonV1	cdf	509	0.13888717	0.3792032	0.4912355	-0.112032294	0.17983685
pil02	BensonV1	cdf	122	0.13793802	0.21420164	0.1928621	0.02133955	0.17372318
pil02	BensonV1	cdf	39	0.13497245	0.4002837	0.5634181	-0.1631344	0.12546918
pil02	BensonV1	cdf	507	0.13142407	0.3257826	0.5080586	-0.18227601	0.14428344
pil02	BensonV1	cdf	145	0.13090152	0.37900126	0.50120205	-0.12220079	0.154813
pil02	BensonV1	cdf	673	0.12772888	-0.04068645	0.06371014	-0.10439659	0.19759725
pil02	BensonV1	cdf	123	0.12690401	0.47831327	0.44229606	0.03601721	0.09659385
pil02	BensonV1	cdf	644	0.12687069	0.2555587	0.64519185	-0.38963315	0.25037524
pil02	BensonV1	cdf	118	0.126234	0.21951862	0.37019765	-0.15067904	0.2610805
pil02	BensonV1	cdf	589	0.12593758	0.17274982	0.48123944	-0.30848962	0.23331945
pil02	BensonV1	cdf	499	0.11894679	0.2593662	0.4672877	-0.20792148	0.1667912
pil02	BensonV1	cdf	584	0.118519306	0.4824561	0.4037927	0.07866338	0.16333102
pil02	BensonV1	cdf	264	0.11850858	0.049734008	0.16374765	-0.11401364	0.17867894
pil02	BensonV1	cdf	170	0.1177026	0.34336743	0.2902573	0.053110123	0.13003364
pil02	BensonV1	cdf	528	0.116463125	0.10792042	0.14775169	-0.039831266	0.14281918
pil02	BensonV1	cdf	442	0.114569545	0.3973751	0.35806167	0.039313436	0.12018005
pil02	BensonV1	cdf	460	0.11156225	0.35308573	0.5068603	-0.15377459	0.15470159
pil02	BensonV1	cdf	172	0.11121392	0.44575837	0.4958669	-0.050108522	0.1271094
pil02	BensonV1	cdf	22	0.10958302	0.2712633	0.34383464	-0.07257134	0.0736425
pil02	BensonV1	cdf	217	0.10892433	0.32785347	0.42346925	-0.095615774	0.24431345
pil02	BensonV1	cdf	581	0.10798079	0.02505173	0.31049842	-0.28544667	0.1596782
pil02	BensonV1	cdf	471	0.107687294	0.49343798	0.55615425	-0.062716275	0.1640765
pil02	BensonV1	cdf	86	0.107592404	0.48645914	0.5458938	-0.059434652	0.17601022
pil02	BensonV1	cdf	511	0.10727173	0.35562977	0.36287552	-0.0072457492	0.15776758
pil02	BensonV1	cdf	361	0.107271016	0.42387086	0.5572886	-0.13341773	0.13395457
pil02	BensonV1	cdf	391	0.10675913	0.44722003	0.5745476	-0.12732756	0.09718428
pil02	BensonV1	cdf	169	0.10377216	0.3579405	0.42044982	-0.06250933	0.10284234
pil02	BensonV1	cdf	218	0.103741944	0.4921894	0.46650478	0.025684625	0.21000758
pil02	BensonV1	cdf	516	0.103060365	-0.06607328	-0.22807269	0.1619994	0.32486454
pil02	BensonV1	cdf	645	0.10221815	0.03097575	0.11274521	-0.08176946	0.056438662
pil02	BensonV1	cdf	527	0.102004826	0.46032733	0.65585446	-0.19552714	0.18524975
pil02	BensonV1	cdf	382	0.1013782	0.2758232	0.48887584	-0.21305263	0.20038715
pil02	BensonV1	cdf	572	0.09964961	-0.28816828	-0.10341796	-0.18475032	0.28248188
pil02	BensonV1	cdf	316	0.099029005	-0.10888813	-0.010924443	-0.09796368	0.12406395
pil02	BensonV1	cdf	529	0.09816247	0.32725334	0.4478614	-0.12060806	0.1556417
pil02	BensonV1	cdf	525	0.097341955	0.7086905	0.8041256	-0.09543508	0.15871395
pil02	BensonV1	cdf	167	0.096865535	0.32307637	0.4202963	-0.097219944	0.24681768
pil02	BensonV1	cdf	648	0.09647745	0.37761167	0.46486062	-0.08724895	0.12715542
pil02	BensonV1	cdf	562	0.095330834	-0.30097637	-0.38072023	0.07974386	0.19170535
pil02	BensonV1	cdf	390	0.094801545	0.24454707	0.33013967	-0.0855926	0.12649302
pil02	BensonV1	cdf	369	0.09377658	0.20025747	0.31574324	-0.11548577	0.12173553
pil02	BensonV1	cdf	398	0.09343922	0.36862236	0.46160764	-0.09298527	0.09503197
pil02	BensonV1	cdf	127	0.09312171	0.35624433	0.12405748	0.23218685	0.17044671
pil02	BensonV1	cdf	385	0.092772245	0.14470522	0.2936084	-0.14890318	0.14063106
pil02	BensonV1	cdf	393	0.09271419	0.03280193	0.30299622	-0.2701943	0.14868467
pil02	BensonV1	cdf	573	0.092623174	-0.2538886	-0.035177387	-0.21871123	0.50341547
pil02	BensonV1	cdf	630	0.09225285	0.618543	0.8031077	-0.18456465	0.2310675
pil02	BensonV1	cdf	161	0.09185839	0.31671616	0.26055366	0.056162506	0.32994834
pil02	BensonV1	cdf	374	0.09154576	0.14814317	0.16837406	-0.02023089	0.2259067
pil02	BensonV1	cdf	199	0.09116769	0.0876164	0.06861988	0.018996522	0.13874942
pil02	BensonV1	cdf	450	0.089971006	0.32445925	0.5904553	-0.26599604	0.23900785
pil02	BensonV1	cdf	307	0.08969307	0.104763664	0.017991927	0.08677174	0.08064656
pil02	BensonV1	cdf	628	0.089149594	0.5252783	0.7192858	-0.19400752	0.21546979
pil02	BensonV1	cdf	9	0.088671565	0.04248013	0.16492768	-0.12244755	0.32509223
pil02	BensonV1	cdf	173	0.08825201	0.6356133	0.69907004	-0.063456714	0.10824857
pil02	BensonV1	cdf	642	0.0873633	-0.05485887	0.011008675	-0.06586754	0.11561905
pil02	BensonV1	cdf	224	0.08732802	0.19444154	0.30196485	-0.10752331	0.09978612
pil02	BensonV1	cdf	7	0.08673757	0.5829396	0.7346836	-0.15174395	0.09579058
pil02	BensonV1	cdf	599	0.0865435	0.34220418	0.43270695	-0.09050277	0.10415951
pil02	BensonV1	cdf	636	0.08602959	0.3864247	0.5462947	-0.15987	0.14092025
pil02	BensonV1	cdf	586	0.08590484	0.418583	0.38704476	0.031538248	0.1363862
pil02	BensonV1	cdf	337	0.085793436	0.34591463	0.446482	-0.10056737	0.34326702
pil02	BensonV1	cdf	131	0.08550191	0.11048988	-0.0077652205	0.1182551	0.19150971
pil02	BensonV1	cdf	615	0.08507609	-0.073297426	-0.1665877	0.09329027	0.159586
pil02	BensonV1	cdf	629	0.08449507	0.60333997	0.6543951	-0.051055133	0.17204733
pil02	BensonV1	cdf	281	0.08428115	0.7292685	0.856289	-0.12702054	0.32857978
pil02	BensonV1	cdf	675	0.08316773	0.14154944	0.32106006	-0.17951062	0.117807575
pil02	BensonV1	cdf	534	0.08291876	0.29890206	0.5393052	-0.24040315	0.124289855
pil02	BensonV1	cdf	429	0.08285648	-0.25424838	-0.37448165	0.12023327	0.1709024
pil02	BensonV1	cdf	536	0.08175266	0.39464077	0.46643057	-0.0717898	0.25056937
pil02	BensonV1	cdf	375	0.081043005	0.39761198	0.57946163	-0.18184966	0.28178668
pil02	BensonV1	cdf	179	0.08059913	0.2001147	0.01644439	0.18367031	0.14184715
pil02	BensonV1	cdf	498	0.07997906	0.24825151	0.36068022	-0.11242871	0.18333137
pil02	BensonV1	cdf	222	0.079799056	0.09690749	0.28406584	-0.18715835	0.07959818
pil02	BensonV1	cdf	501	0.07886624	-0.33763728	-0.03447381	-0.30316347	0.5174697
pil02	BensonV1	cdf	19	0.07810122	0.31631222	0.34102863	-0.024716407	0.13219532
pil02	BensonV1	cdf	200	0.07805365	-0.06525696	0.0054142033	-0.07067116	0.24202913
pil02	BensonV1	cdf	435	0.077944696	-0.29553753	0.12157054	-0.41710806	0.13499092
pil02	BensonV1	inverse_cdf	630	0.22740322	0.6270179	0.7266348	-0.099616885	0.3139173
pil02	BensonV1	inverse_cdf	628	0.22385281	0.58978873	0.58095896	0.0088297725	0.36350018
pil02	BensonV1	inverse_cdf	281	0.2193017	0.6920439	0.61304003	0.07900387	0.47071746
pil02	BensonV1	inverse_cdf	524	0.21320122	0.65376073	0.45651063	0.1972501	0.20362529
pil02	BensonV1	inverse_cdf	399	0.21216649	0.7641645	0.6872025	0.076961994	0.28868467
pil02	BensonV1	inverse_cdf	527	0.19705707	0.56142896	0.44091704	0.12051192	0.18175231
pil02	BensonV1	inverse_cdf	404	0.19610786	0.8283403	0.7572331	0.07110721	0.21260235
pil02	BensonV1	inverse_cdf	667	0.19396561	0.6897104	0.7417243	-0.052013934	0.37397492
pil02	BensonV1	inverse_cdf	138	0.19268101	0.61568004	0.47705135	0.13862869	0.20052363
pil02	BensonV1	inverse_cdf	405	0.18680316	0.58288544	0.44434074	0.13854471	0.24903892
pil02	BensonV1	inverse_cdf	579	0.18384701	0.5958513	0.42784235	0.16800895	0.2902778
pil02	BensonV1	inverse_cdf	378	0.18289226	0.45161167	0.43000624	0.021605432	0.16232915
pil02	BensonV1	inverse_cdf	580	0.18084043	0.7842227	0.7479408	0.036281943	0.2628249
pil02	BensonV1	inverse_cdf	410	0.17571706	0.52337664	0.513121	0.010255635	0.15710711
pil02	BensonV1	inverse_cdf	551	0.1744234	0.2956046	0.14158243	0.15402216	0.23637095
pil02	BensonV1	inverse_cdf	360	0.16796404	0.6750917	0.5247861	0.15030557	0.16670369
pil02	BensonV1	inverse_cdf	690	0.16197032	0.72267485	0.8178482	-0.09517336	0.17657022
pil02	BensonV1	inverse_cdf	361	0.15583038	0.47490442	0.28914383	0.18576059	0.21540545
pil02	BensonV1	inverse_cdf	472	0.15510428	0.6302316	0.5775623	0.052669346	0.20308971
pil02	BensonV1	inverse_cdf	150	0.1544559	0.5240791	0.44960865	0.07447043	0.108152926
pil02	BensonV1	inverse_cdf	536	0.15343666	0.4483853	0.41441226	0.03397304	0.39145407
pil02	BensonV1	inverse_cdf	386	0.15231025	0.2908169	0.21597622	0.07484068	0.10900955
pil02	BensonV1	inverse_cdf	209	0.1521427	0.19108136	0.124277055	0.066804305	0.50673336
pil02	BensonV1	inverse_cdf	671	0.149194	0.85948426	0.81787723	0.041607022	0.1487851
pil02	BensonV1	inverse_cdf	177	0.14880985	0.7331645	0.60686594	0.12629855	0.14147213
pil02	BensonV1	inverse_cdf	344	0.14516377	-0.010976266	-0.0480329	0.037056632	0.36541483
pil02	BensonV1	inverse_cdf	133	0.1355074	0.56716436	0.5052702	0.06189418	0.11008742
pil02	BensonV1	inverse_cdf	375	0.1350711	0.55774015	0.34900463	0.20873553	0.49929363
pil02	BensonV1	inverse_cdf	507	0.13386661	0.73481935	0.72232324	0.012496114	0.24824227
pil02	BensonV1	inverse_cdf	594	0.13345921	0.04885193	0.18256888	-0.13371694	0.2504129
pil02	BensonV1	inverse_cdf	438	0.13318181	0.3962997	0.5543289	-0.15802923	0.17343451
pil02	BensonV1	inverse_cdf	8	0.13120335	0.64194524	0.7244336	-0.08248836	0.18881139
pil02	BensonV1	inverse_cdf	7	0.13063627	0.6495216	0.6556906	-0.006169021	0.08227966
pil02	BensonV1	inverse_cdf	273	0.13051319	0.58153325	0.4591336	0.12239966	0.21926585
pil02	BensonV1	inverse_cdf	635	0.12900776	0.8210544	0.8278287	-0.0067743063	0.11874462
pil02	BensonV1	inverse_cdf	417	0.12648445	0.015715027	0.044418626	-0.028703598	0.3048434
pil02	BensonV1	inverse_cdf	341	0.12603563	0.1924646	0.20631994	-0.013855338	0.26960588
pil02	BensonV1	inverse_cdf	173	0.1253286	0.5743564	0.44833675	0.12601963	0.17420661
pil02	BensonV1	inverse_cdf	576	0.12416959	0.50973344	0.50758266	0.002150774	0.10446323
pil02	BensonV1	inverse_cdf	188	0.11716282	0.025589848	0.058022555	-0.032432705	0.42523462
pil02	BensonV1	inverse_cdf	53	0.11592764	0.37500796	0.2896457	0.085362256	0.08783244
pil02	BensonV1	inverse_cdf	372	0.11533368	-0.1870256	-0.12120357	-0.065822035	0.13752986
pil02	BensonV1	inverse_cdf	171	0.1126048	0.52283406	0.41013232	0.112701744	0.066311724
pil02	BensonV1	inverse_cdf	569	0.110530496	-0.013242441	0.15634829	-0.16959073	0.119097784
pil02	BensonV1	inverse_cdf	180	0.110262334	0.4749177	0.22571214	0.24920557	0.13907321
pil02	BensonV1	inverse_cdf	15	0.110136986	-0.10522296	-0.06376981	-0.041453153	0.11413115
pil02	BensonV1	inverse_cdf	666	0.10907024	0.12987264	0.06520048	0.06467216	0.28875095
pil02	BensonV1	inverse_cdf	356	0.1084739	0.14995684	0.1861621	-0.036205262	0.20167227
pil02	BensonV1	inverse_cdf	672	0.10777879	0.7747468	0.7502677	0.024479091	0.09269585
pil02	BensonV1	inverse_cdf	483	0.10749769	0.34826174	0.38487974	-0.036617994	0.16213141
pil02	BensonV1	inverse_cdf	379	0.106548846	-0.00083258614	0.13273616	-0.13356875	0.23924272
pil02	BensonV1	inverse_cdf	625	0.10616702	0.36816493	0.12829149	0.23987344	0.19948593
pil02	BensonV1	inverse_cdf	167	0.10536927	0.56865895	0.4940324	0.074626535	0.2564041
pil02	BensonV1	inverse_cdf	343	0.10523862	0.56295425	0.41053438	0.15241987	0.3684743
pil02	BensonV1	inverse_cdf	4	0.10451931	-0.111647375	-0.106841445	-0.00480593	0.1835207
pil02	BensonV1	inverse_cdf	599	0.104471445	0.42528012	0.34154183	0.0837383	0.08980243
pil02	BensonV1	inverse_cdf	225	0.10412133	0.4141735	0.23850465	0.17566887	0.083789945
pil02	BensonV1	inverse_cdf	534	0.1025427	0.43963727	0.37724802	0.062389255	0.08977395
pil02	BensonV1	inverse_cdf	526	0.10183501	-0.03125056	0.0026804619	-0.03393102	0.29372066
pil02	BensonV1	inverse_cdf	339	0.09964019	0.1507421	0.20906234	-0.05832024	0.43807974
pil02	BensonV1	inverse_cdf	591	0.0993585	0.10512211	0.34166718	-0.23654506	0.19100235
pil02	BensonV1	inverse_cdf	357	0.099338055	-0.09093176	0.03397438	-0.12490614	0.17850552
pil02	BensonV1	inverse_cdf	407	0.09882498	0.6740777	0.58183175	0.09224594	0.13167591
pil02	BensonV1	inverse_cdf	318	0.098603725	0.25976098	0.29672864	-0.036967665	0.5632858
pil02	BensonV1	inverse_cdf	108	0.097622156	-0.06816834	0.021160616	-0.08932896	0.0962227
pil02	BensonV1	inverse_cdf	387	0.097340465	0.12806939	0.22432353	-0.09625414	0.30124024
pil02	BensonV1	inverse_cdf	145	0.09682149	0.47830883	0.46927133	0.009037495	0.119299695
pil02	BensonV1	inverse_cdf	87	0.09649271	0.10891239	0.07670224	0.032210156	0.089651346
pil02	BensonV1	inverse_cdf	474	0.09624624	0.24108684	0.14556365	0.09552319	0.08321651
pil02	BensonV1	inverse_cdf	632	0.094528675	0.14684919	0.34313595	-0.19628677	0.13020016
pil02	BensonV1	inverse_cdf	513	0.0939126	0.4060147	0.21545364	0.19056107	0.12627093
pil02	BensonV1	inverse_cdf	119	0.09379214	0.42900702	0.39529	0.033717036	0.13792463
pil02	BensonV1	inverse_cdf	86	0.093556404	0.63498867	0.61601704	0.018971622	0.2562687
pil02	BensonV1	inverse_cdf	538	0.09335023	0.06988031	0.04277221	0.027108096	0.16850169
pil02	BensonV1	inverse_cdf	525	0.09307498	0.60103047	0.64520276	-0.044172287	0.12150826
pil02	BensonV1	inverse_cdf	329	0.09283042	0.16479623	0.13210821	0.03268802	0.32689044
pil02	BensonV1	inverse_cdf	140	0.09273809	0.48869967	0.41715765	0.071542025	0.17959453
pil02	BensonV1	inverse_cdf	668	0.09201646	0.6376096	0.6857075	-0.04809791	0.083491266
pil02	BensonV1	inverse_cdf	113	0.0908196	0.035363268	0.046415452	-0.011052184	0.14355028
pil02	BensonV1	inverse_cdf	164	0.09019178	0.14140631	0.26957238	-0.12816606	0.06922364
pil02	BensonV1	inverse_cdf	504	0.090114295	0.1560016	0.12600046	0.030001134	0.537702
pil02	BensonV1	inverse_cdf	647	0.09005475	0.69339776	0.7165243	-0.023126543	0.09237221
pil02	BensonV1	inverse_cdf	63	0.08874583	-0.12325039	-0.052169625	-0.07108076	0.13150819
pil02	BensonV1	inverse_cdf	217	0.08853644	0.41762775	0.44075528	-0.023127526	0.20625187
pil02	BensonV1	inverse_cdf	20	0.087183535	0.66177297	0.7394478	-0.077674806	0.20649162
pil02	BensonV1	inverse_cdf	601	0.086720645	0.30706173	0.31384602	-0.00678429	0.23043256
pil02	BensonV1	inverse_cdf	424	0.08633983	0.40779793	0.40747228	0.00032564998	0.118963
pil02	BensonV1	inverse_cdf	176	0.0858317	0.243648	0.19624892	0.047399074	0.11545027
pil02	BensonV1	inverse_cdf	575	0.08578235	0.28065616	0.12691535	0.15374081	0.3402976
pil02	BensonV1	inverse_cdf	265	0.085222006	0.52861416	0.56052357	-0.031909406	0.38259867
pil02	BensonV1	inverse_cdf	442	0.085121036	0.41705883	0.5217878	-0.104729	0.12088738
pil02	BensonV1	inverse_cdf	471	0.08508587	0.54533964	0.44525218	0.100087464	0.16478786
pil02	BensonV1	inverse_cdf	519	0.08469087	0.24676965	0.4089812	-0.16221155	0.10713863
pil02	BensonV1	inverse_cdf	336	0.08467609	0.47357288	0.46142775	0.012145132	0.08192799
pil02	BensonV1	inverse_cdf	523	0.08463824	0.40459475	0.28071362	0.12388113	0.18207835
pil02	BensonV1	inverse_cdf	317	0.08463341	0.2336927	0.29301193	-0.059319228	0.09836765
pil02	BensonV1	inverse_cdf	31	0.08448666	0.097360164	0.016464366	0.0808958	0.18047094
pil02	BensonV1	inverse_cdf	641	0.08375621	0.7244597	0.7142139	0.0102458	0.14195599
pil02	BensonV1	inverse_cdf	450	0.08347708	0.5140824	0.36956927	0.1445131	0.2612353
pil02	BensonV1	inverse_cdf	398	0.08310819	0.10620564	0.6281792	-0.52197355	0.101758264
pil02	NPCr	cdf	231	0.15995395	0.35703626	0.6442325	-0.28719625	0.17541444
pil02	NPCr	cdf	388	0.14454627	0.398241	0.5551873	-0.15694627	0.1832356
pil02	NPCr	cdf	266	0.12869513	0.036582418	0.35220847	-0.31562606	0.14583023
pil02	NPCr	cdf	256	0.1208446	-0.027110802	0.08754728	-0.11465808	0.1077644
pil02	NPCr	cdf	224	0.11726409	0.23219268	0.6174648	-0.3852721	0.16711883
pil02	NPCr	cdf	484	0.117194176	0.096322976	0.18022953	-0.08390655	0.12744114
pil02	NPCr	cdf	592	0.11472696	0.04595234	0.06529593	-0.019343589	0.28602907
pil02	NPCr	cdf	310	0.11253518	0.112360835	0.1319326	-0.019571766	0.20240687
pil02	NPCr	cdf	327	0.10842216	-0.20237479	-0.07037802	-0.13199677	0.235287
pil02	NPCr	cdf	408	0.10773605	0.26270467	0.33965862	-0.07695395	0.35521275
pil02	NPCr	cdf	195	0.10447794	0.25354433	0.41868272	-0.1651384	0.24917233
pil02	NPCr	cdf	324	0.10375357	0.3249348	0.53749985	-0.21256503	0.18085574
pil02	NPCr	cdf	482	0.10258812	0.058696344	0.07432848	-0.015632138	0.35835582
pil02	NPCr	cdf	258	0.1020242	0.14937526	0.14741233	0.00196293	0.22227459
pil02	NPCr	cdf	257	0.10184187	0.11400526	0.11359825	0.00040701032	0.13542618
pil02	NPCr	cdf	554	0.1000306	-0.05518742	0.09885453	-0.15404195	0.10911292
pil02	NPCr	cdf	487	0.09279126	-0.03301169	-0.012018162	-0.020993527	0.13418972
pil02	NPCr	cdf	462	0.09270787	0.061563574	0.14037171	-0.07880814	0.09343622
pil02	NPCr	cdf	655	0.091221094	0.19189294	0.23364763	-0.041754693	0.11254265
pil02	NPCr	cdf	329	0.09026015	0.007943492	0.14809267	-0.14014918	0.21377605
pil02	NPCr	cdf	191	0.08975577	0.054007795	0.03679796	0.017209835	0.16592863
pil02	NPCr	cdf	530	0.088582516	-0.25046325	0.005731645	-0.2561949	0.1454961
pil02	NPCr	cdf	380	0.08763993	0.21488743	0.10881898	0.10606845	0.1001935
pil02	NPCr	cdf	355	0.08666396	-0.15512784	-0.091508925	-0.06361891	0.20302914
pil02	NPCr	cdf	15	0.08660525	0.2799968	0.34477314	-0.06477633	0.12916152
pil02	NPCr	cdf	522	0.08536643	0.20741025	0.13863285	0.0687774	0.048008017
pil02	NPCr	cdf	503	0.08501446	-0.51990545	-0.4276947	-0.09221074	0.29068604
pil02	NPCr	cdf	529	0.084187746	-0.037952755	-0.15761171	0.11965896	0.06572888
pil02	NPCr	cdf	450	0.0841105	0.07765736	-0.039238747	0.11689611	0.17782636
pil02	NPCr	cdf	140	0.08330393	0.0112665575	0.12379492	-0.11252836	0.15196711
pil02	NPCr	cdf	492	0.08326244	0.124135755	0.2183225	-0.094186746	0.14692825
pil02	NPCr	cdf	640	0.082968175	0.18660589	0.0980864	0.088519484	0.18513365
pil02	NPCr	cdf	710	0.08279294	-0.20265092	-0.184946	-0.017704919	0.1412429
pil02	NPCr	cdf	493	0.08273226	0.048228588	0.11127195	-0.063043356	0.108042404
pil02	NPCr	cdf	320	0.082430184	0.38345647	0.5714765	-0.18802005	0.21256275
pil02	NPCr	cdf	479	0.08181143	0.20740199	0.004428784	0.2029732	0.19011195
pil02	NPCr	cdf	608	0.0814302	0.52520066	0.350046	0.17515466	0.092773564
pil02	NPCr	cdf	293	0.08040333	0.18279923	0.24723096	-0.06443173	0.07605116
pil02	NPCr	cdf	447	0.07959169	0.09769025	0.24399018	-0.14629993	0.16537286
pil02	NPCr	cdf	261	0.079113424	-0.2606571	0.01834794	-0.27900505	0.11033
pil02	NPCr	cdf	494	0.07878214	0.14451332	0.31756705	-0.17305373	0.16641864
pil02	NPCr	cdf	646	0.07875347	0.059973016	0.1023934	-0.042420387	0.099012874
pil02	NPCr	cdf	754	0.07860744	-0.59544706	-0.42957276	-0.1658743	0.10045261
pil02	NPCr	cdf	112	0.0786016	-0.3464773	-0.2336545	-0.1128228	0.10242329
pil02	NPCr	cdf	421	0.07742095	0.014431884	-7.8777884e-05	0.014510661	0.18733922
pil02	NPCr	cdf	50	0.0761438	-0.36959797	-0.3711981	0.0016001165	0.35595578
pil02	NPCr	cdf	567	0.07528323	-0.3039876	-0.23712234	-0.06686525	0.08257426
pil02	NPCr	cdf	290	0.0752669	0.27854723	0.2090491	0.06949812	0.21445212
pil02	NPCr	cdf	367	0.075068176	0.041005127	0.06004681	-0.019041684	0.17506488
pil02	NPCr	cdf	114	0.07498759	-0.13062361	-0.13597155	0.0053479373	0.11496883
pil02	NPCr	cdf	478	0.07477623	0.16311665	0.036633935	0.12648271	0.2523785
pil02	NPCr	cdf	704	0.07391566	-0.02580055	-0.005989527	-0.019811023	0.1296392
pil02	NPCr	cdf	243	0.073575735	0.41269103	0.3771831	0.035507917	0.22569217
pil02	NPCr	cdf	1	0.073454976	-0.13965462	0.01193009	-0.15158471	0.15619151
pil02	NPCr	cdf	532	0.073159456	-0.1756687	-0.18785937	0.01219067	0.10469379
pil02	NPCr	cdf	139	0.07269251	0.10963576	0.16856368	-0.058927916	0.16828729
pil02	NPCr	cdf	483	0.07260084	-0.037421618	-0.031817712	-0.005603906	0.24419455
pil02	NPCr	cdf	182	0.0725376	-0.1451892	-0.17927423	0.034085035	0.34647092
pil02	NPCr	cdf	401	0.0725376	0.34723964	0.33074147	0.016498178	0.07440777
pil02	NPCr	cdf	749	0.072366714	-0.18751536	-0.015753878	-0.17176148	0.09383552
pil02	NPCr	cdf	464	0.07205075	-0.21171208	-0.19646604	-0.015246034	0.21495692
pil02	NPCr	cdf	251	0.07196158	-0.024584351	0.09883468	-0.12341903	0.11635914
pil02	NPCr	cdf	174	0.07177806	-0.20241547	0.08581112	-0.2882266	0.23333862
pil02	NPCr	cdf	66	0.07169366	-0.19797185	-0.3542498	0.15627795	0.33386093
pil02	NPCr	cdf	575	0.07125121	0.12705448	0.13987146	-0.0128169805	0.13972127
pil02	NPCr	cdf	187	0.07113731	0.30555487	0.42036363	-0.11480877	0.11475338
pil02	NPCr	cdf	589	0.070936084	0.2933809	0.22993979	0.0634411	0.0809948
pil02	NPCr	cdf	708	0.07025641	-0.13888492	-0.19067341	0.051788494	0.15219088
pil02	NPCr	cdf	289	0.06997496	-0.2500141	-0.3484002	0.09838611	0.07880384
pil02	NPCr	cdf	156	0.069957316	0.35758537	0.29058602	0.066999346	0.068278596
pil02	NPCr	cdf	594	0.06872243	-0.0905639	-0.003966016	-0.08659788	0.15238829
pil02	NPCr	cdf	539	0.06843978	-0.005251831	0.2077616	-0.21301343	0.1265447
pil02	NPCr	cdf	281	0.06842965	0.22552851	0.18023854	0.045289963	0.07841085
pil02	NPCr	cdf	178	0.06835234	-0.17238477	-0.16688037	-0.0055043995	0.16117775
pil02	NPCr	cdf	472	0.06769699	-0.17698656	0.015679074	-0.19266564	0.19055007
pil02	NPCr	cdf	286	0.06768674	0.078022785	0.25993198	-0.1819092	0.5514424
pil02	NPCr	cdf	488	0.06696409	0.09483853	0.15537362	-0.06053509	0.13741247
pil02	NPCr	cdf	527	0.06687224	-0.06649237	-0.08653788	0.020045511	0.4816546
pil02	NPCr	cdf	705	0.06642282	-0.12970452	-0.31113133	0.18142681	0.12484991
pil02	NPCr	cdf	318	0.06598103	0.2092536	0.16889109	0.040362507	0.09801946
pil02	NPCr	cdf	307	0.06577611	0.07039781	0.24192625	-0.17152844	0.16374971
pil02	NPCr	cdf	506	0.065651536	-0.30686375	-0.3754963	0.06863254	0.13221875
pil02	NPCr	cdf	634	0.06524867	0.30797482	0.28084978	0.02712503	0.055600893
pil02	NPCr	cdf	561	0.06501454	0.23566547	0.10543796	0.1302275	0.037632212
pil02	NPCr	cdf	134	0.06455535	-0.17828865	0.08060039	-0.25888905	0.069486246
pil02	NPCr	cdf	238	0.06439412	-0.13593411	-0.056584742	-0.07934937	0.1609863
pil02	NPCr	cdf	574	0.06426036	0.084225304	0.16507103	-0.08084572	0.13873342
pil02	NPCr	cdf	404	0.06423038	0.17093335	0.23123966	-0.06030631	0.13693316
pil02	NPCr	cdf	711	0.0640862	-0.0027964162	-0.14802684	0.14523043	0.1847335
pil02	NPCr	cdf	717	0.06367743	-0.3690841	-0.40586776	0.036783665	0.118217364
pil02	NPCr	cdf	461	0.06362373	-0.043657262	-0.27326667	0.22960941	0.12019717
pil02	NPCr	cdf	531	0.063454986	0.05545295	0.17861243	-0.123159476	0.5944367
pil02	NPCr	cdf	179	0.06329268	-0.024450645	0.103657946	-0.12810859	0.19974492
pil02	NPCr	cdf	188	0.06298101	-0.042122114	0.2287907	-0.27091283	0.37026313
pil02	NPCr	cdf	733	0.0629186	-0.012890083	0.01078851	-0.023678593	0.15771641
pil02	NPCr	cdf	331	0.06276113	-0.046946917	0.017492693	-0.06443961	0.21242572
pil02	NPCr	cdf	466	0.06262773	0.3480618	0.34547934	0.0025824606	0.063690856
pil02	NPCr	cdf	68	0.062236488	0.1041091	0.2503788	-0.14626968	0.16598143
pil02	NPCr	cdf	611	0.062161803	0.41343015	0.41716313	-0.0037329793	0.08045494
pil02	NPCr	cdf	504	0.062111378	-0.36223567	-0.3603374	-0.0018982589	0.18014058
pil02	NPCr	inverse_cdf	231	0.20287633	0.5696746	0.50978744	0.05988717	0.13858365
pil02	NPCr	inverse_cdf	224	0.18775988	0.4412548	0.29642415	0.14483064	0.1373937
pil02	NPCr	inverse_cdf	308	0.16769439	0.11861799	0.52019316	-0.40157518	0.25278008
pil02	NPCr	inverse_cdf	416	0.14546788	0.27635145	0.2808501	-0.0044986606	0.15721776
pil02	NPCr	inverse_cdf	244	0.14462471	0.24031596	0.3567231	-0.11640714	0.18845971
pil02	NPCr	inverse_cdf	604	0.13798988	0.1412242	0.14885491	-0.007630706	0.18352139
pil02	NPCr	inverse_cdf	425	0.13356632	0.07086255	0.22581673	-0.15495418	0.16507632
pil02	NPCr	inverse_cdf	440	0.1310311	0.18530966	0.1492688	0.036040857	0.15958788
pil02	NPCr	inverse_cdf	415	0.1309768	0.09638079	0.18404417	-0.087663375	0.18004306
pil02	NPCr	inverse_cdf	258	0.12959003	0.08366669	0.3689388	-0.28527212	0.4255495
pil02	NPCr	inverse_cdf	624	0.12954253	0.31570902	0.14939234	0.16631669	0.13103646
pil02	NPCr	inverse_cdf	424	0.12858522	-0.10962447	-0.050484393	-0.059140075	0.15906805
pil02	NPCr	inverse_cdf	318	0.11909562	0.21425726	0.21365725	0.00060001016	0.11759588
pil02	NPCr	inverse_cdf	243	0.11722624	0.15378666	0.6349854	-0.48119873	0.23221768
pil02	NPCr	inverse_cdf	288	0.11661321	0.09479894	0.29262775	-0.19782881	0.16205087
pil02	NPCr	inverse_cdf	433	0.11601502	0.110065825	0.011363941	0.09870189	0.14703624
pil02	NPCr	inverse_cdf	319	0.11561936	0.13005948	0.46920618	-0.3391467	0.26889008
pil02	NPCr	inverse_cdf	602	0.114290416	-0.25745147	0.22164375	-0.47909522	0.23267296
pil02	NPCr	inverse_cdf	566	0.11416787	0.24114808	0.5573622	-0.3162141	0.37356344
pil02	NPCr	inverse_cdf	325	0.11300248	-0.08800623	-0.010394125	-0.0776121	0.06334198
pil02	NPCr	inverse_cdf	750	0.112409174	-0.2581971	-0.16879804	-0.089399055	0.45398638
pil02	NPCr	inverse_cdf	223	0.111166954	-0.14084038	0.08784029	-0.22868067	0.11465316
pil02	NPCr	inverse_cdf	690	0.10983598	0.11712072	0.3486647	-0.23154399	0.21735214
pil02	NPCr	inverse_cdf	654	0.10729927	0.37620175	0.24531159	0.13089016	0.123981535
pil02	NPCr	inverse_cdf	305	0.10553187	0.20456126	0.22332832	-0.018767059	0.17121887
pil02	NPCr	inverse_cdf	432	0.10535979	-0.16983041	-0.0042533954	-0.16557701	0.09757757
pil02	NPCr	inverse_cdf	430	0.10459149	0.046704054	0.09650518	-0.049801126	0.11553839
pil02	NPCr	inverse_cdf	310	0.104465246	0.21132831	0.4917206	-0.2803923	0.18414883
pil02	NPCr	inverse_cdf	454	0.1042555	-0.247444	0.0789385	-0.32638252	0.21454354
pil02	NPCr	inverse_cdf	429	0.1027199	0.1680804	0.21998206	-0.051901653	0.10533476
pil02	NPCr	inverse_cdf	317	0.10236734	0.27862722	0.40785226	-0.12922505	0.118977115
pil02	NPCr	inverse_cdf	498	0.101248324	0.18365136	0.2032489	-0.019597545	0.11583436
pil02	NPCr	inverse_cdf	237	0.10115379	0.24428698	0.29730916	-0.053022176	0.14965172
pil02	NPCr	inverse_cdf	316	0.09946549	0.07918622	0.37996882	-0.3007826	0.14921115
pil02	NPCr	inverse_cdf	307	0.098737895	0.089861915	0.26400378	-0.17414187	0.13395147
pil02	NPCr	inverse_cdf	628	0.09690273	0.11137881	0.20153242	-0.09015361	0.11315113
pil02	NPCr	inverse_cdf	261	0.09676844	0.012359082	-0.22901197	0.24137105	0.09934287
pil02	NPCr	inverse_cdf	409	0.096373975	0.045671295	0.12197286	-0.07630156	0.16388057
pil02	NPCr	inverse_cdf	187	0.09559047	0.31749043	0.44321314	-0.1257227	0.19051465
pil02	NPCr	inverse_cdf	700	0.095357	-0.06387156	0.042951126	-0.106822684	0.10937606
pil02	NPCr	inverse_cdf	423	0.09516239	0.11890412	0.20626028	-0.08735616	0.14417337
pil02	NPCr	inverse_cdf	18	0.09494048	0.31819743	0.25981307	0.05838436	0.082842946
pil02	NPCr	inverse_cdf	388	0.0940755	0.5487606	0.5471402	0.0016204119	0.11184618
pil02	NPCr	inverse_cdf	575	0.09344691	-0.13802221	0.34071353	-0.47873574	0.2266762
pil02	NPCr	inverse_cdf	249	0.09296155	-0.11868181	0.043571714	-0.16225353	0.10513054
pil02	NPCr	inverse_cdf	265	0.09268516	-0.48447594	-0.30153057	-0.18294537	0.084863365
pil02	NPCr	inverse_cdf	495	0.091851115	0.27791676	0.34604788	-0.06813112	0.1263494
pil02	NPCr	inverse_cdf	19	0.09081185	0.04170745	0.1877861	-0.14607865	0.22913048
pil02	NPCr	inverse_cdf	4	0.08962989	-0.35551223	-0.22518401	-0.13032822	0.08918383
pil02	NPCr	inverse_cdf	741	0.089061916	-0.11599532	-0.01924874	-0.09674658	0.19038756
pil02	NPCr	inverse_cdf	600	0.08772254	0.21117182	0.15193489	0.05923693	0.21200304
pil02	NPCr	inverse_cdf	535	0.087320685	0.1211253	0.49103677	-0.36991146	0.19229141
pil02	NPCr	inverse_cdf	266	0.08677274	0.34816366	0.28980568	0.058357984	0.09972673
pil02	NPCr	inverse_cdf	431	0.08624667	-0.5864793	-0.45987046	-0.12660885	0.1465347
pil02	NPCr	inverse_cdf	70	0.08596516	0.013331666	-0.04102175	0.054353416	0.11442511
pil02	NPCr	inverse_cdf	102	0.08531982	0.3913162	0.28584987	0.105466336	0.088743865
pil02	NPCr	inverse_cdf	442	0.08489549	0.36571497	0.46187335	-0.096158385	0.16153228
pil02	NPCr	inverse_cdf	393	0.08480883	0.14867368	0.21711165	-0.06843796	0.12335541
pil02	NPCr	inverse_cdf	441	0.0837121	-0.018326689	0.21993048	-0.23825717	0.37257916
pil02	NPCr	inverse_cdf	162	0.083687544	0.103844255	-0.14456156	0.24840581	0.060094427
pil02	NPCr	inverse_cdf	255	0.08355737	0.13405566	0.35848573	-0.22443007	0.15553518
pil02	NPCr	inverse_cdf	638	0.082898736	0.29576433	0.02836238	0.26740193	0.10412497
pil02	NPCr	inverse_cdf	695	0.082730114	-0.08100263	0.0417338	-0.12273643	0.11818938
pil02	NPCr	inverse_cdf	337	0.08105141	0.11966695	-0.009593067	0.12926002	0.15023652
pil02	NPCr	inverse_cdf	692	0.08098358	0.05291851	0.42280683	-0.3698883	0.21662816
pil02	NPCr	inverse_cdf	627	0.08089745	0.3185612	0.24935801	0.06920318	0.14493108
pil02	NPCr	inverse_cdf	697	0.08079684	0.118254036	0.021005804	0.097248234	0.09572369
pil02	NPCr	inverse_cdf	40	0.0803287	0.114884555	0.21044388	-0.09555933	0.37437025
pil02	NPCr	inverse_cdf	541	0.07990861	0.06755257	0.14444426	-0.07689169	0.19793655
pil02	NPCr	inverse_cdf	324	0.07930845	0.25843892	0.4275145	-0.16907558	0.08687123
pil02	NPCr	inverse_cdf	333	0.07907677	-0.08426119	-0.17155099	0.0872898	0.098193295
pil02	NPCr	inverse_cdf	225	0.0790056	0.26052633	0.23386507	0.026661262	0.10427714
pil02	NPCr	inverse_cdf	251	0.07756144	-0.15013553	0.3827038	-0.53283936	0.17032701
pil02	NPCr	inverse_cdf	218	0.07735813	0.33296674	0.37644306	-0.043476313	0.11303301
pil02	NPCr	inverse_cdf	42	0.07705891	0.4063259	0.44722733	-0.040901423	0.15628663
pil02	NPCr	inverse_cdf	22	0.07688397	-0.16628619	-0.1859399	0.019653708	0.092783034
pil02	NPCr	inverse_cdf	391	0.07616389	0.3113064	0.3402978	-0.028991401	0.0851922
pil02	NPCr	inverse_cdf	147	0.075677335	-0.046569686	0.14662032	-0.19319001	0.110770494
pil02	NPCr	inverse_cdf	451	0.075389385	-0.20396776	-0.03982478	-0.16414298	0.15187941
pil02	NPCr	inverse_cdf	402	0.075225115	0.24922965	0.30321035	-0.053980693	0.0475346
pil02	NPCr	inverse_cdf	292	0.07515788	0.12534885	0.012720703	0.11262815	0.07466669
pil02	NPCr	inverse_cdf	246	0.074234664	0.017976485	0.11592574	-0.09794925	0.3377936
pil02	NPCr	inverse_cdf	557	0.0738976	-0.006462836	-0.33251074	0.3260479	0.10519839
pil02	NPCr	inverse_cdf	738	0.07357639	-0.3312113	-0.085389	-0.2458223	0.32529458
pil02	NPCr	inverse_cdf	576	0.07341939	0.072384335	0.17339627	-0.10101194	0.10820731
pil02	NPCr	inverse_cdf	514	0.07230067	-0.33017808	-0.21264714	-0.11753094	0.10591121
pil02	NPCr	inverse_cdf	301	0.07165092	0.42006552	0.3805197	0.039545834	0.07113142
pil02	NPCr	inverse_cdf	269	0.070652544	0.2979449	0.31380332	-0.015858412	0.08623255
pil02	NPCr	inverse_cdf	382	0.07052535	0.0102935005	-0.046030402	0.0563239	0.06563616
pil02	NPCr	inverse_cdf	540	0.0702396	0.1842013	0.31756997	-0.13336867	0.13527909
pil02	NPCr	inverse_cdf	336	0.070156336	-0.37841302	-0.0135190645	-0.36489394	0.15874021
pil02	NPCr	inverse_cdf	37	0.07003468	0.2832274	0.22330631	0.0599211	0.18108459
pil02	NPCr	inverse_cdf	696	0.069803596	-0.04557888	-0.18023454	0.13465565	0.104805976
pil02	NPCr	inverse_cdf	357	0.06971818	-0.18555108	0.11854256	-0.30409363	0.1826028
pil02	NPCr	inverse_cdf	513	0.069699705	-0.3999787	-0.17898275	-0.22099595	0.05834199
pil02	NPCr	inverse_cdf	309	0.06893045	0.10420374	0.28059453	-0.1763908	0.12524752
pil02	NPCr	inverse_cdf	647	0.06887287	0.46079668	0.5152194	-0.054422706	0.11653069
pil02	NPCr	inverse_cdf	414	0.06879294	0.27450925	0.20311914	0.07139011	0.13478567
pil02	NPCr	inverse_cdf	610	0.06853551	-0.4206076	-0.044049583	-0.376558	0.17278428
pil02	NPCr	inverse_cdf	637	0.067953825	0.13169141	0.117706314	0.013985097	0.12870651
