subject	condition	true	bias	noise	threshold	post_sd	slope	quantity	roi
03	cdf	5.5	10.003802838381159	8.157359806852742	54.49874791083835	2.3947861709004084	0.14967976549109785	value	NPCr
03	cdf	8.0	10.19875208790608	8.905347354230829	59.49600017752881	7.020408855148101	0.14967976549109785	value	NPCr
03	cdf	10.0	8.546997029935092	10.059763073989522	67.20857051708718	5.836194278150405	0.14967976549109785	value	NPCr
03	cdf	11.0	11.932981960171933	7.629223312195738	50.97030508542241	4.623335230745529	0.14967976549109785	value	NPCr
03	cdf	11.5	5.703692819897736	7.433585160310614	49.66326033396093	6.532144906410419	0.14967976549109785	value	NPCr
03	cdf	12.0	5.998567692084695	6.368740452781831	42.549107635798705	5.216416842420037	0.14967976549109785	value	NPCr
03	cdf	12.5	8.176813464969875	11.990644643276054	80.10865465973217	6.196890005709539	0.14967976549109785	value	NPCr
03	cdf	13.0	2.9184951662679204	11.384600729921486	76.0597178420792	5.80518824735011	0.14967976549109785	value	NPCr
03	cdf	14.0	9.510062851902589	8.175823785082219	54.622104452511806	4.083808214983467	0.14967976549109785	value	NPCr
03	cdf	16.0	8.879067706756132	7.033240718635484	46.98858723862567	4.5291397100656905	0.14967976549109785	value	NPCr
03	cdf	18.5	4.909897989801415	10.07271429845788	67.29509673808883	5.143595994041672	0.14967976549109785	value	NPCr
03	cdf	22.0	-0.831158271491578	10.7413227708338	71.7620229801378	8.162550817768114	0.14967976549109785	value	NPCr
03	cdf	25.5	-1.722033032116773	6.101489753360473	40.763624484188256	5.144877696957879	0.14967976549109785	value	NPCr
03	cdf	28.0	-7.0736837604705585	8.590267548329972	57.39097412496197	4.73507961617464	0.14967976549109785	value	NPCr
03	cdf	30.0	-12.329090837118954	10.169471161877693	67.94152254656304	3.9646106533430894	0.14967976549109785	value	NPCr
03	cdf	31.0	-12.222512091814721	11.50902963674615	76.8910186289051	3.2309379967022847	0.14967976549109785	value	NPCr
03	cdf	31.5	-8.901609628287545	8.43572355522945	56.35847656195828	6.001017152730379	0.14967976549109785	value	NPCr
03	cdf	32.0	-8.947684437811873	9.367820732027537	62.585752331264075	5.995725165963998	0.14967976549109785	value	NPCr
03	cdf	32.5	-9.044591309099566	12.250360412106916	81.84379746930792	2.6807809062620285	0.14967976549109785	value	NPCr
03	cdf	33.0	-10.406791677304177	7.453579538959972	49.796841373346965	5.452466791195716	0.14967976549109785	value	NPCr
03	cdf	34.0	-10.111829826798996	12.53238868170632	83.7280085293271	4.529670665799405	0.14967976549109785	value	NPCr
03	cdf	36.0	-14.671834814300638	9.977951303036582	66.66199182166689	4.235442400432333	0.14967976549109785	value	NPCr
03	cdf	38.5	-12.56462869534819	10.944286568395459	73.1180098558236	3.547931458187386	0.14967976549109785	value	NPCr
03	inverse_cdf	2.5	9.193686026311958	7.333340112476169	56.99030557488699	3.2471806184139127	0.12867697476792675	value	NPCr
03	inverse_cdf	3.0	19.877247735809423	12.79442940802379	99.43060466799886	3.9226927852322335	0.12867697476792675	value	NPCr
03	inverse_cdf	4.0	15.42950009779669	10.565247046533296	82.10674105128811	3.453183349504294	0.12867697476792675	value	NPCr
03	inverse_cdf	5.0	12.632954225204983	13.506737808787772	104.96623683567032	2.532684922996451	0.12867697476792675	value	NPCr
03	inverse_cdf	7.5	8.97905596488669	10.088528011288357	78.4019676362718	5.204444323978555	0.12867697476792675	value	NPCr
03	inverse_cdf	11.5	9.268784398024014	12.323045236085207	95.76729059966037	4.720863276816332	0.12867697476792675	value	NPCr
03	inverse_cdf	16.0	5.504272943821732	7.529206696192091	58.512462775654065	4.205110848315446	0.12867697476792675	value	NPCr
03	inverse_cdf	18.5	-1.799046695074665	12.443490962126202	96.70332228876578	3.064749635108385	0.12867697476792675	value	NPCr
03	inverse_cdf	20.0	1.3344571323477794	11.835527741481839	91.97859805787019	3.8217322701072542	0.12867697476792675	value	NPCr
03	inverse_cdf	21.0	5.799180978256054	7.334265314050395	56.997495684663	4.372268162698493	0.12867697476792675	value	NPCr
03	inverse_cdf	21.5	4.898603793075061	9.244761431882996	71.84472162604253	5.149046654199445	0.12867697476792675	value	NPCr
03	inverse_cdf	22.0	-8.459584164410645	10.990573937746836	85.41212565471567	4.031744377962125	0.12867697476792675	value	NPCr
03	inverse_cdf	22.5	0.8648453797376519	11.504030764594509	89.40240307438386	2.2120824865183617	0.12867697476792675	value	NPCr
03	inverse_cdf	23.0	2.5210155278799036	7.252524647116783	56.36225641919974	4.075154231496832	0.12867697476792675	value	NPCr
03	inverse_cdf	24.0	0.7344495561616498	9.733595161445285	75.64364315372	5.408106080314521	0.12867697476792675	value	NPCr
03	inverse_cdf	25.5	-2.3068793115083466	8.560175913217558	66.52453501223604	4.992726793248159	0.12867697476792675	value	NPCr
03	inverse_cdf	28.0	-6.670045580252296	11.954974500536437	92.906866376814	4.500824731122671	0.12867697476792675	value	NPCr
03	inverse_cdf	32.5	-10.152480501579888	14.037495882991482	109.09096913654193	3.653360683817241	0.12867697476792675	value	NPCr
03	inverse_cdf	36.5	-16.016441309801564	9.342523649500139	72.60447074039233	6.052181375214374	0.12867697476792675	value	NPCr
03	inverse_cdf	39.0	-11.921005289657835	7.66173195308917	59.542369308163806	4.757624207786346	0.12867697476792675	value	NPCr
03	inverse_cdf	40.0	-16.536137030902427	10.541767238981498	81.92427011898539	4.154770587682808	0.12867697476792675	value	NPCr
03	inverse_cdf	41.0	-24.07586178811042	8.124303310374778	63.137195485262474	4.67568259252046	0.12867697476792675	value	NPCr
03	inverse_cdf	41.5	-18.300867750648536	9.910440888151385	77.0179817020504	2.391314601826214	0.12867697476792675	value	NPCr
04	cdf	5.5	1.5445569129705676	3.837213184602965	11.524026708679104	0.9563181963104259	0.33297503395345657	value	NPCr
04	cdf	8.0	8.711354040030532	14.736340460544566	44.25659271080492	1.4117060206888548	0.33297503395345657	value	NPCr
04	cdf	10.0	8.095294852001278	11.564850722726435	34.731885407189345	0.6434001129781242	0.33297503395345657	value	NPCr
04	cdf	11.0	6.164778330304554	9.989126688284408	29.999626607683425	0.9271020629988032	0.33297503395345657	value	NPCr
04	cdf	11.5	3.3510975128137925	10.180334578985546	30.573867530286247	1.009737022943833	0.33297503395345657	value	NPCr
04	cdf	12.0	7.0664134524665485	13.15194469932728	39.49829073721385	1.0175938979970027	0.33297503395345657	value	NPCr
04	cdf	12.5	3.3234544458019712	10.517190426268312	31.58552249817748	2.104077045300727	0.33297503395345657	value	NPCr
04	cdf	13.0	5.820993532996315	10.355667337251578	31.100431808046903	3.2761587499827267	0.33297503395345657	value	NPCr
04	cdf	14.0	-1.8956163657614553	4.546304810634309	13.653590651093062	1.4397882925019598	0.33297503395345657	value	NPCr
04	cdf	16.0	5.2484925117446615	11.07572622289817	33.26293293342329	1.6696701622956074	0.33297503395345657	value	NPCr
04	cdf	18.5	1.1719371579542148	8.991621744169079	27.003891665421175	2.366267092024403	0.33297503395345657	value	NPCr
04	cdf	22.0	7.135415975403522	11.67900733633101	35.07472376431534	4.375286030733659	0.33297503395345657	value	NPCr
04	cdf	25.5	-6.169975778315404	9.412492743990832	28.267863305651062	1.5275276838460465	0.33297503395345657	value	NPCr
04	cdf	28.0	-9.218923772815142	9.144570965415637	27.463233074386803	2.276226214231215	0.33297503395345657	value	NPCr
04	cdf	30.0	-8.702134883834347	11.149009574801715	33.48301955983922	0.7628230460473091	0.33297503395345657	value	NPCr
04	cdf	31.0	-8.732982026656643	9.28832550361652	27.89496075226723	1.9736857817897162	0.33297503395345657	value	NPCr
04	cdf	31.5	-6.807404290295466	13.502923298613656	40.55235955168069	1.960064532804886	0.33297503395345657	value	NPCr
04	cdf	32.0	-12.582083433682428	12.723314356243591	38.21101601876273	2.060712321408784	0.33297503395345657	value	NPCr
04	cdf	32.5	-15.660192903178913	13.56685965705503	40.74437502407887	3.0149423439219234	0.33297503395345657	value	NPCr
04	cdf	33.0	-7.186042840761182	10.414792838789548	31.277999179498046	2.2915486337563267	0.33297503395345657	value	NPCr
04	cdf	34.0	-13.18005412333612	9.446705987054973	28.370613480815617	1.9042066406101228	0.33297503395345657	value	NPCr
04	cdf	36.0	-13.312537467559203	12.240806270483178	36.761934146072356	2.678327931803664	0.33297503395345657	value	NPCr
04	cdf	38.5	-6.7036714263075154	13.90531236542593	41.76082573016457	3.1379746444246273	0.33297503395345657	value	NPCr
04	inverse_cdf	2.5	6.840634023014561	7.328839076740608	16.666406205310697	5.419012852818247	0.43973721667754007	value	NPCr
04	inverse_cdf	3.0	13.36681227059044	15.184835763906564	34.53161385483009	1.6173150201408317	0.43973721667754007	value	NPCr
04	inverse_cdf	4.0	14.582971358068399	12.740594984747469	28.97320149749837	4.543399477516882	0.43973721667754007	value	NPCr
04	inverse_cdf	5.0	17.95823594024252	12.258231026431048	27.876264645164266	3.290493050593003	0.43973721667754007	value	NPCr
04	inverse_cdf	7.5	10.156193274167698	11.624143646509129	26.434295769496195	3.1316931161008776	0.43973721667754007	value	NPCr
04	inverse_cdf	11.5	5.569375173097185	12.289422620747958	27.947196995517913	4.007798040815017	0.43973721667754007	value	NPCr
04	inverse_cdf	16.0	8.251023678296235	12.327491570767622	28.03376904031161	2.1966767192483596	0.43973721667754007	value	NPCr
04	inverse_cdf	18.5	-2.3053841609436034	4.951375144262049	11.259850102459941	2.116305499149508	0.43973721667754007	value	NPCr
04	inverse_cdf	20.0	5.032278742299695	13.015460668651551	29.598269546049835	2.650927903329566	0.43973721667754007	value	NPCr
04	inverse_cdf	21.0	-0.9061130102549093	1.8241565033250438	4.148287736725046	1.2002958305890838	0.43973721667754007	value	NPCr
04	inverse_cdf	21.5	2.3722717587360265	11.669481227464523	26.537397302038617	7.549510242569108	0.43973721667754007	value	NPCr
04	inverse_cdf	22.0	0.27541885057440396	18.736530595406993	42.6084713433444	1.898741563461928	0.43973721667754007	value	NPCr
04	inverse_cdf	22.5	-7.1441143730290975	7.17250256187932	16.31088361379002	3.6984876315434754	0.43973721667754007	value	NPCr
04	inverse_cdf	23.0	-5.2778655827873315	7.66414622351751	17.428923304296163	2.8933290914694028	0.43973721667754007	value	NPCr
04	inverse_cdf	24.0	1.6618700396961366	8.686993877227682	19.754966256581067	3.1874315833413247	0.43973721667754007	value	NPCr
04	inverse_cdf	25.5	2.7475617696824273	8.506683505708367	19.344925066795813	1.9846228070469236	0.43973721667754007	value	NPCr
04	inverse_cdf	28.0	5.711775039407698	9.828935215122614	22.35183842155936	2.2100022456434267	0.43973721667754007	value	NPCr
04	inverse_cdf	32.5	-4.563642938862806	13.307160739985767	30.261620429875798	2.956227232258704	0.43973721667754007	value	NPCr
04	inverse_cdf	36.5	-12.059993912037786	14.40985631837204	32.76924438474082	3.479963092084784	0.43973721667754007	value	NPCr
04	inverse_cdf	39.0	-9.075498252143124	11.420765366210604	25.97179618432312	2.7725525723490545	0.43973721667754007	value	NPCr
04	inverse_cdf	40.0	-4.789955479094878	8.321040021771434	18.92275592373448	2.3529999664710983	0.43973721667754007	value	NPCr
04	inverse_cdf	41.0	-14.130271716920479	14.398897090565873	32.74432216439985	4.2708458075544335	0.43973721667754007	value	NPCr
04	inverse_cdf	41.5	-1.5627096670653486	0.7586435659928913	1.7252202843436053	1.2943494000044216	0.43973721667754007	value	NPCr
05	cdf	5.5	12.714516973984331	10.359168216973917	72.2419182398313	4.5236257636914825	0.1433955308687012	value	NPCr
05	cdf	8.0	13.008862095216955	15.915771958015211	110.9921059714779	4.7342812036006965	0.1433955308687012	value	NPCr
05	cdf	10.0	20.30310497117851	3.9875623355760745	27.80813538203816	3.61394474873925	0.1433955308687012	value	NPCr
05	cdf	11.0	10.58394357014776	10.367033951109393	72.2967716518437	4.137833528000812	0.1433955308687012	value	NPCr
05	cdf	11.5	15.097233886283938	10.32948098111876	72.03488782768868	4.7602469759050345	0.1433955308687012	value	NPCr
05	cdf	12.0	6.489149427064053	8.3359091024755	58.132279660153415	5.634118433924223	0.1433955308687012	value	NPCr
05	cdf	12.5	9.584530681254002	11.595919732298444	80.86667458915538	3.696240914058521	0.1433955308687012	value	NPCr
05	cdf	13.0	2.9261803083747893	14.139068522154846	98.60187717496687	2.8620115451844166	0.1433955308687012	value	NPCr
05	cdf	14.0	15.462374897837485	10.392300152035599	72.47297101296144	1.9596005519078339	0.1433955308687012	value	NPCr
05	cdf	16.0	15.060977321711675	3.3635357200002445	23.456349717621503	2.597744987867307	0.1433955308687012	value	NPCr
05	cdf	18.5	2.383144309867955	11.961600965781127	83.41683240277312	6.54064645884559	0.1433955308687012	value	NPCr
05	cdf	22.0	-5.939601639948009	9.36622979380067	65.31744564882412	8.024497318739668	0.1433955308687012	value	NPCr
05	cdf	25.5	-2.8749358871777986	11.606143013503884	80.93796886969191	10.272381805157874	0.1433955308687012	value	NPCr
05	cdf	28.0	-3.852535753740028	11.893978626876	82.94525327826719	5.447962101909493	0.1433955308687012	value	NPCr
05	cdf	30.0	-4.960541523432635	8.393782672231689	58.53587361740987	6.3933157014493265	0.1433955308687012	value	NPCr
05	cdf	31.0	-1.2375153613602698	4.1322946040991715	28.817457413528942	2.0846585843248504	0.1433955308687012	value	NPCr
05	cdf	31.5	-2.9032283647238266	6.940527038114178	48.40127858984119	0.9363392955762502	0.1433955308687012	value	NPCr
05	cdf	32.0	-2.7537704104791842	4.812361755750455	33.56005397516085	1.515144076390425	0.1433955308687012	value	NPCr
05	cdf	32.5	-6.8105494849100126	11.03740174632604	76.97172763656307	1.4129808178826895	0.1433955308687012	value	NPCr
05	cdf	33.0	-0.5025407052343809	1.4860432807505768	10.36324683027436	2.3726391538048057	0.1433955308687012	value	NPCr
05	cdf	34.0	-6.515331282497655	7.91055978971631	55.166013485870366	3.3263060253082126	0.1433955308687012	value	NPCr
05	cdf	36.0	-14.10612923749975	14.480987525469185	100.98632389546763	2.702852394840646	0.1433955308687012	value	NPCr
05	cdf	38.5	-17.884836981588517	13.318850859850563	92.88191046934264	8.034048559416929	0.1433955308687012	value	NPCr
05	inverse_cdf	2.5	8.703989527844687	9.810706900109112	72.19098351938088	7.037831776119505	0.13589933841911522	value	NPCr
05	inverse_cdf	3.0	10.564162843449317	9.222055046967789	67.8594550514062	6.454416037382815	0.13589933841911522	value	NPCr
05	inverse_cdf	4.0	16.309359143559035	11.771162293459952	86.6167740799263	5.03166776111106	0.13589933841911522	value	NPCr
05	inverse_cdf	5.0	20.6313085515687	9.857142531796928	72.5326748935111	8.594764208027893	0.13589933841911522	value	NPCr
05	inverse_cdf	7.5	18.287703311820493	13.071812810003893	96.18746464894673	5.555233163032152	0.13589933841911522	value	NPCr
05	inverse_cdf	11.5	13.017007979848298	12.354344889183041	90.90805763220193	5.314241243494871	0.13589933841911522	value	NPCr
05	inverse_cdf	16.0	8.6173089304645	13.619992637408245	100.2211842665784	5.136457356045538	0.13589933841911522	value	NPCr
05	inverse_cdf	18.5	12.764266593735616	5.9796618074821835	44.00066900282349	3.556368050615478	0.13589933841911522	value	NPCr
05	inverse_cdf	20.0	6.94859071072117	12.778024570779198	94.02565692683223	3.458684093774912	0.13589933841911522	value	NPCr
05	inverse_cdf	21.0	8.25668864836923	5.061759175549635	37.246385703064334	3.3071697084341007	0.13589933841911522	value	NPCr
05	inverse_cdf	21.5	-2.8147845669548985	10.717882363999724	78.86633215936375	6.854604758980801	0.13589933841911522	value	NPCr
05	inverse_cdf	22.0	-1.6781359016265327	12.208320786207778	89.83355569073609	3.527638715153384	0.13589933841911522	value	NPCr
05	inverse_cdf	22.5	0.8671396879421884	9.418887813532255	69.30782683050516	1.879228594526205	0.13589933841911522	value	NPCr
05	inverse_cdf	23.0	5.306131672922575	3.489291211376247	25.675557011287502	3.6662359153046356	0.13589933841911522	value	NPCr
05	inverse_cdf	24.0	4.327146449971753	10.43305851498734	76.77048789458901	3.494852993881474	0.13589933841911522	value	NPCr
05	inverse_cdf	25.5	6.212301255461192	5.352779446382645	39.38782564102415	5.7003756892512065	0.13589933841911522	value	NPCr
05	inverse_cdf	28.0	1.580441990366488	5.301604148917115	39.01125796923973	2.728737315402417	0.13589933841911522	value	NPCr
05	inverse_cdf	32.5	-9.863269549343393	14.378504789326055	105.80261064246369	5.911660449637998	0.13589933841911522	value	NPCr
05	inverse_cdf	36.5	-13.397259149334978	12.246717881291357	90.11609639719016	6.602610161234428	0.13589933841911522	value	NPCr
05	inverse_cdf	39.0	-14.531125375601981	9.985073776986516	73.47404257548646	6.476125090412017	0.13589933841911522	value	NPCr
05	inverse_cdf	40.0	-16.47315943323882	9.5028081003405	69.92534482422367	8.147179926092123	0.13589933841911522	value	NPCr
05	inverse_cdf	41.0	-18.804803966780035	13.974362409731372	102.8287743876594	7.716998563245017	0.13589933841911522	value	NPCr
05	inverse_cdf	41.5	-15.384544973611632	12.312913760030094	90.60319132722277	4.882253991768643	0.13589933841911522	value	NPCr
06	cdf	5.5	9.514202622078862	6.993613155650058	30.807097506138987	3.525419216928982	0.22701304964729077	value	NPCr
06	cdf	8.0	5.334923247738107	9.701880738423522	42.737105877821975	3.8158283619509525	0.22701304964729077	value	NPCr
06	cdf	10.0	8.964818072653593	10.085379531219244	44.426430757565946	5.045293942422741	0.22701304964729077	value	NPCr
06	cdf	11.0	-1.940569891613146	2.067838591796484	9.108897462103064	2.015823127277934	0.22701304964729077	value	NPCr
06	cdf	11.5	7.587700342026807	10.12184431710141	44.58705934671014	4.743989160548669	0.22701304964729077	value	NPCr
06	cdf	12.0	14.277187038775601	9.517981813820661	41.92702502613268	3.500077299128324	0.22701304964729077	value	NPCr
06	cdf	12.5	6.245511858702294	8.989480380346166	39.59895871322412	2.956418768194641	0.22701304964729077	value	NPCr
06	cdf	13.0	11.02953344608482	10.31501903819038	45.43800038903835	5.175016188846511	0.22701304964729077	value	NPCr
06	cdf	14.0	9.706144170191891	8.14973405737377	35.899848356893926	4.824755684898502	0.22701304964729077	value	NPCr
06	cdf	16.0	11.807885220856875	6.294561337005309	27.72775109970613	4.96269246583436	0.22701304964729077	value	NPCr
06	cdf	18.5	7.818993753229435	4.119287013530348	18.145595682408864	5.431825509524584	0.22701304964729077	value	NPCr
06	cdf	22.0	-2.2332781101398282	11.096205199217051	48.87915129309605	4.8797851237716054	0.22701304964729077	value	NPCr
06	cdf	25.5	3.7769314402053666	6.78698236029046	29.89688201112388	4.134880405261519	0.22701304964729077	value	NPCr
06	cdf	28.0	-1.649917643379272	5.25061875945334	23.12914948110342	6.810925270384978	0.22701304964729077	value	NPCr
06	cdf	30.0	-6.006043749443897	10.039036425536809	44.22228784263468	3.6190632685866273	0.22701304964729077	value	NPCr
06	cdf	31.0	-9.780406265196955	9.348807101831053	41.181804818517065	5.343297527972458	0.22701304964729077	value	NPCr
06	cdf	31.5	-11.798852290541731	9.151265669501123	40.31162826859252	4.305227833578103	0.22701304964729077	value	NPCr
06	cdf	32.0	-8.511846408297576	9.105015269560836	40.10789372552485	4.743334581495883	0.22701304964729077	value	NPCr
06	cdf	32.5	-8.396924051227593	7.8689582302980225	34.66302154225931	5.530550286305312	0.22701304964729077	value	NPCr
06	cdf	33.0	-4.872071223492004	6.584429294152547	29.004629048342142	5.494777062024523	0.22701304964729077	value	NPCr
06	cdf	34.0	-7.1264214319593435	7.91955310172058	34.88589362604994	2.8579519876141415	0.22701304964729077	value	NPCr
06	cdf	36.0	-11.461521192107398	12.119766796955458	53.38797402081462	6.017536365226567	0.22701304964729077	value	NPCr
06	cdf	38.5	-18.448647029093564	11.384058097725836	50.147152841711964	4.05704299438828	0.22701304964729077	value	NPCr
06	inverse_cdf	2.5	8.76794217754182	9.128192199976773	25.355129856159763	2.8777351385461025	0.3600136245312573	value	NPCr
06	inverse_cdf	3.0	11.196755790922937	13.27012031070628	36.86005030499654	2.8722724120843792	0.3600136245312573	value	NPCr
06	inverse_cdf	4.0	10.06884198932962	12.234008535170519	33.982070959395955	2.498094458137067	0.3600136245312573	value	NPCr
06	inverse_cdf	5.0	3.892815196096123	6.204499857473284	17.234069587093067	2.6201072632942024	0.3600136245312573	value	NPCr
06	inverse_cdf	7.5	1.0851526898397132	7.136470622327975	19.82277929514406	2.5841932475631886	0.3600136245312573	value	NPCr
06	inverse_cdf	11.5	2.603405633165112	11.84413516942706	32.89913037276933	2.658968115113395	0.3600136245312573	value	NPCr
06	inverse_cdf	16.0	-0.9927410773953866	9.868282014570184	27.410857095808037	2.9889327081414527	0.3600136245312573	value	NPCr
06	inverse_cdf	18.5	-3.292682956659732	13.196998755610025	36.65694256097307	2.118717551427456	0.3600136245312573	value	NPCr
06	inverse_cdf	20.0	-7.448268660308445	8.954642945452608	24.873066837711146	4.580477895571374	0.3600136245312573	value	NPCr
06	inverse_cdf	21.0	-5.3557049154222085	8.551408672866703	23.75301402551294	4.41589438850351	0.3600136245312573	value	NPCr
06	inverse_cdf	21.5	-1.036415255227766	7.179064197661994	19.941090304593985	5.74723128650496	0.3600136245312573	value	NPCr
06	inverse_cdf	22.0	5.521123310792735	5.355805597471314	14.876674749308854	5.277726993911025	0.3600136245312573	value	NPCr
06	inverse_cdf	22.5	-1.378770579587421	8.794605606315415	24.42853549713879	3.8970838150233575	0.3600136245312573	value	NPCr
06	inverse_cdf	23.0	-1.214177605512262	8.131120074019677	22.585589877623402	2.597776558507691	0.3600136245312573	value	NPCr
06	inverse_cdf	24.0	-2.708325768901112	7.633168752836745	21.202444109650674	1.022383857912065	0.3600136245312573	value	NPCr
06	inverse_cdf	25.5	-3.6717954481780453	7.294338152517675	20.261283616738126	2.4500616156636403	0.3600136245312573	value	NPCr
06	inverse_cdf	28.0	-6.348105569457559	9.896098986696114	27.48812353860488	3.106680675026563	0.3600136245312573	value	NPCr
06	inverse_cdf	32.5	-12.24976317490264	13.828759081847497	38.411765943171545	2.7312182479981253	0.3600136245312573	value	NPCr
06	inverse_cdf	36.5	-13.281285978875992	12.70671214201792	35.29508684167783	2.9561384647226814	0.3600136245312573	value	NPCr
06	inverse_cdf	39.0	-13.993828208466432	14.64437163360363	40.67727062460706	2.066551800078562	0.3600136245312573	value	NPCr
06	inverse_cdf	40.0	-21.72502602821316	12.83658245508866	35.65582405888685	4.182593107617868	0.3600136245312573	value	NPCr
06	inverse_cdf	41.0	-16.495315194524068	12.904432786811324	35.84429006989131	4.800519730872809	0.3600136245312573	value	NPCr
06	inverse_cdf	41.5	-13.043366410542816	10.645032714706028	29.56841627470629	5.202834349257312	0.3600136245312573	value	NPCr
07	cdf	5.5	10.078640259336323	13.895145081532387	86.91140621253567	3.691131260229041	0.15987711725147788	value	NPCr
07	cdf	8.0	13.603084637130376	12.890767525296337	80.6292216604073	4.628662844606973	0.15987711725147788	value	NPCr
07	cdf	10.0	8.898555549628536	14.905310703693726	93.22979398138943	1.7929728471654856	0.15987711725147788	value	NPCr
07	cdf	11.0	6.585516385404826	11.23230349185773	70.2558545272613	3.5402900380746436	0.15987711725147788	value	NPCr
07	cdf	11.5	9.894881423227005	13.786915265932336	86.23444995099754	2.461356732166244	0.15987711725147788	value	NPCr
07	cdf	12.0	13.111301422795563	12.852436572717009	80.38946907268058	3.759783960896736	0.15987711725147788	value	NPCr
07	cdf	12.5	5.108455630803917	9.209533688808206	57.60382628317045	5.935935573588134	0.15987711725147788	value	NPCr
07	cdf	13.0	12.831902741358498	10.819533468945096	67.6740590207576	4.251582152401821	0.15987711725147788	value	NPCr
07	cdf	14.0	5.291772982676797	8.864127520543352	55.44337847048223	3.461018567601954	0.15987711725147788	value	NPCr
07	cdf	16.0	13.68084847025742	4.529434855745746	28.330726332907258	1.9942414332912723	0.15987711725147788	value	NPCr
07	cdf	18.5	-4.647810032220512	9.187884847012173	57.468417025309115	2.863827671648314	0.15987711725147788	value	NPCr
07	cdf	22.0	-11.175720524497025	9.482304441733683	59.30995382421452	4.2749431084373	0.15987711725147788	value	NPCr
07	cdf	25.5	1.4097472637610835	12.38224323553317	77.44850200205065	2.587857879242347	0.15987711725147788	value	NPCr
07	cdf	28.0	-0.086148491276127	9.772520504413546	61.12519835494601	2.629086246254233	0.15987711725147788	value	NPCr
07	cdf	30.0	-2.1394001638613744	6.760335095606909	42.28456962338941	2.8794156318908364	0.15987711725147788	value	NPCr
07	cdf	31.0	-6.142378165876821	13.199909265066449	82.56284258805918	3.0568470515302666	0.15987711725147788	value	NPCr
07	cdf	31.5	-8.563414580902943	8.518477620619072	53.28140616408523	6.202331402104812	0.15987711725147788	value	NPCr
07	cdf	32.0	-16.800253912161647	11.731564148342724	73.37863197701783	5.363907859166769	0.15987711725147788	value	NPCr
07	cdf	32.5	-12.36126032278322	13.959203775973574	87.31208077774205	4.678714662921526	0.15987711725147788	value	NPCr
07	cdf	33.0	-7.235535826029	10.044965496289462	62.82928832454044	2.8324096330915918	0.15987711725147788	value	NPCr
07	cdf	34.0	-14.098301784254367	10.367077392357828	64.84403503505125	4.7178897821738754	0.15987711725147788	value	NPCr
07	cdf	36.0	-6.734463884635645	6.221836011455761	38.91636350728764	2.5676950165410863	0.15987711725147788	value	NPCr
07	cdf	38.5	-13.838678489948393	11.230593548882469	70.2451591694474	4.907229106347554	0.15987711725147788	value	NPCr
07	inverse_cdf	2.5	17.951135204288356	16.83885337110319	52.81176463282577	3.9086188298426983	0.3188466336653482	value	NPCr
07	inverse_cdf	3.0	8.080401948856107	8.55308793500454	26.825084639223764	4.353395110076424	0.3188466336653482	value	NPCr
07	inverse_cdf	4.0	12.697761300976026	12.494145390448478	39.18543924023973	3.1599138091211314	0.3188466336653482	value	NPCr
07	inverse_cdf	5.0	13.786243192125156	13.62433625987928	42.73006148209478	4.31553981992583	0.3188466336653482	value	NPCr
07	inverse_cdf	7.5	7.074611713794072	12.090527476640025	37.91957072794401	3.2781346760213803	0.3188466336653482	value	NPCr
07	inverse_cdf	11.5	1.8095445776779098	12.877662377626388	40.388265134209924	3.4705116662241373	0.3188466336653482	value	NPCr
07	inverse_cdf	16.0	8.388490386503598	13.995966993763428	43.895608471291474	3.660807703366825	0.3188466336653482	value	NPCr
07	inverse_cdf	18.5	-2.9297310888049957	14.174679712427473	44.45610590107339	3.7181641086785726	0.3188466336653482	value	NPCr
07	inverse_cdf	20.0	1.6761655422614297	8.947184783480026	28.061092195411792	4.231688239382041	0.3188466336653482	value	NPCr
07	inverse_cdf	21.0	4.763237857091397	14.566786361557252	45.68587158692135	2.1392294742423754	0.3188466336653482	value	NPCr
07	inverse_cdf	21.5	5.166367497074297	15.922784033754729	49.93869262695996	2.9402554770359095	0.3188466336653482	value	NPCr
07	inverse_cdf	22.0	-11.339325800761955	10.960163761618348	34.37440638975604	2.926726945911836	0.3188466336653482	value	NPCr
07	inverse_cdf	22.5	-6.285580376975755	9.247624768480604	29.00336334799329	5.503792775559658	0.3188466336653482	value	NPCr
07	inverse_cdf	23.0	6.889156332622129	11.345541836367303	35.58306922027987	3.582722162915323	0.3188466336653482	value	NPCr
07	inverse_cdf	24.0	7.994760148913112	5.77955060602053	18.126428181413928	5.1481503595129	0.3188466336653482	value	NPCr
07	inverse_cdf	25.5	-1.5863454000975068	14.353528852422226	45.01703118963224	2.7373479685258633	0.3188466336653482	value	NPCr
07	inverse_cdf	28.0	-1.899420461773282	12.661725175849236	39.71102040593786	2.4125275966596633	0.3188466336653482	value	NPCr
07	inverse_cdf	32.5	-6.179721620116062	11.395130587434194	35.738594622874956	4.743636197496728	0.3188466336653482	value	NPCr
07	inverse_cdf	36.5	-6.130490127774507	6.525776203122889	20.466818570749428	4.197468878552175	0.3188466336653482	value	NPCr
07	inverse_cdf	39.0	-13.63379968103736	12.949940751443236	40.6149520933475	4.241792067106382	0.3188466336653482	value	NPCr
07	inverse_cdf	40.0	-17.178978893080043	11.719984601823604	36.757435595586514	4.79436253497848	0.3188466336653482	value	NPCr
07	inverse_cdf	41.0	-14.912498408577854	6.344103283113059	19.89703704939108	5.9446280325863246	0.3188466336653482	value	NPCr
07	inverse_cdf	41.5	-12.319105739339857	10.259546965262706	32.17705906856403	4.758949300297344	0.3188466336653482	value	NPCr
08	cdf	5.5	6.312189184080099	9.140570982884071	40.37216729023065	2.885187026542777	0.22640773573471068	value	NPCr
08	cdf	8.0	7.567262576194503	8.61192914624333	38.03725662595826	4.556121793297276	0.22640773573471068	value	NPCr
08	cdf	10.0	4.1601907171707175	9.389411228679032	41.47124742981799	4.332482387713299	0.22640773573471068	value	NPCr
08	cdf	11.0	5.176625405322312	11.791238790919017	52.07966394193878	3.493190075969881	0.22640773573471068	value	NPCr
08	cdf	11.5	11.314396302389259	15.19734219574757	67.12377625451275	3.341147889121033	0.22640773573471068	value	NPCr
08	cdf	12.0	7.0887662094158905	11.971365280545214	52.87524846135316	2.9939990801463874	0.22640773573471068	value	NPCr
08	cdf	12.5	10.644499147334365	11.346439356086652	50.115069254442986	3.452755990347387	0.22640773573471068	value	NPCr
08	cdf	13.0	5.092006430171423	8.242761259539385	36.406712132829675	4.6838750118454735	0.22640773573471068	value	NPCr
08	cdf	14.0	6.164645349282647	10.03324502658985	44.31493912534035	5.174118594038678	0.22640773573471068	value	NPCr
08	cdf	16.0	10.176860463146014	7.408394611561376	32.72147299879379	3.298064412168304	0.22640773573471068	value	NPCr
08	cdf	18.5	-4.083531585127023	9.73822341530753	43.01188465891521	2.663218697043859	0.22640773573471068	value	NPCr
08	cdf	22.0	1.4369711880707499	8.124590121636036	35.88477264379289	4.408308392942583	0.22640773573471068	value	NPCr
08	cdf	25.5	-3.438416752182704	10.807487205428783	47.73461988989752	4.15673974427127	0.22640773573471068	value	NPCr
08	cdf	28.0	-9.027930174753521	12.936129265220252	57.13642788415117	3.8884465237425685	0.22640773573471068	value	NPCr
08	cdf	30.0	-9.95848513892777	12.207347988866925	53.91753929808596	3.2130834917646673	0.22640773573471068	value	NPCr
08	cdf	31.0	-17.122236593844615	9.803764144310975	43.30136562029119	4.126648203370675	0.22640773573471068	value	NPCr
08	cdf	31.5	-7.130151902178973	10.039633040250866	44.343153769333355	6.042232909066824	0.22640773573471068	value	NPCr
08	cdf	32.0	-12.835813764734485	11.501206862193259	50.79864795640021	3.3110570739195078	0.22640773573471068	value	NPCr
08	cdf	32.5	-6.8306695775517845	12.763175193176115	56.37252257198112	5.371452861309902	0.22640773573471068	value	NPCr
08	cdf	33.0	-8.475385390760504	11.043201312212062	48.775724364611555	5.055563774504684	0.22640773573471068	value	NPCr
08	cdf	34.0	-5.4642404291466065	10.8780202454721	48.046150941672025	3.720920166767166	0.22640773573471068	value	NPCr
08	cdf	36.0	-15.814222392987645	13.39999614430894	59.185239854216604	3.1633330353012536	0.22640773573471068	value	NPCr
08	cdf	38.5	-12.16520990322718	10.517877431225251	46.45546848076512	4.21026357316971	0.22640773573471068	value	NPCr
08	inverse_cdf	2.5	9.601323464114268	9.447840246580638	38.823891365091434	1.631384911306304	0.24335119212381887	value	NPCr
08	inverse_cdf	3.0	13.405712984831226	9.60948713002177	39.48814487472243	4.733149774732134	0.24335119212381887	value	NPCr
08	inverse_cdf	4.0	14.673329608168668	12.66988454986968	52.06419758742398	5.186807029112673	0.24335119212381887	value	NPCr
08	inverse_cdf	5.0	10.545490910242611	6.599148985821945	27.117800115251747	5.323565588604785	0.24335119212381887	value	NPCr
08	inverse_cdf	7.5	18.62977317209555	12.508118297088437	51.39945355486163	4.344576299548862	0.24335119212381887	value	NPCr
08	inverse_cdf	11.5	5.189411642659657	11.289255286951152	46.39079508271772	5.829811873506806	0.24335119212381887	value	NPCr
08	inverse_cdf	16.0	1.9048426954320377	14.450809757404665	59.382531194061244	3.9653286102245193	0.24335119212381887	value	NPCr
08	inverse_cdf	18.5	1.679843340863556	10.37780029382833	42.64536451725303	5.165143957071706	0.24335119212381887	value	NPCr
08	inverse_cdf	20.0	-3.9410406786547725	10.857447586274523	44.616373117047125	3.773992100340641	0.24335119212381887	value	NPCr
08	inverse_cdf	21.0	1.8306091082471632	11.452879754762582	47.06317505498503	3.2768020390352555	0.24335119212381887	value	NPCr
08	inverse_cdf	21.5	-0.0564380592917999	10.76098329968503	44.21997363468745	4.1129518449977684	0.24335119212381887	value	NPCr
08	inverse_cdf	22.0	1.365219644571468	10.400426723865934	42.73834302226932	4.172495782851676	0.24335119212381887	value	NPCr
08	inverse_cdf	22.5	4.989975501010861	8.94218628935049	36.746013904056156	3.485424442363885	0.24335119212381887	value	NPCr
08	inverse_cdf	23.0	0.8490541955576631	12.090800351360603	49.68457415737136	2.864076240981161	0.24335119212381887	value	NPCr
08	inverse_cdf	24.0	3.911972804378834	14.407795704908896	59.20577408792024	3.3236083584741234	0.24335119212381887	value	NPCr
08	inverse_cdf	25.5	0.9947917798709689	8.919701796982627	36.65361866172498	5.056765485921609	0.24335119212381887	value	NPCr
08	inverse_cdf	28.0	2.451984295774267	4.973669614823734	20.43823813401783	6.086714319721061	0.24335119212381887	value	NPCr
08	inverse_cdf	32.5	1.691201915702429	4.24289708219707	17.435283736100427	3.294166802629168	0.24335119212381887	value	NPCr
08	inverse_cdf	36.5	-10.941556100839378	12.081345720643345	49.645722362010325	4.731255554543775	0.24335119212381887	value	NPCr
08	inverse_cdf	39.0	-18.69738873689244	14.166607656431813	58.21466306696266	4.2274982729323405	0.24335119212381887	value	NPCr
08	inverse_cdf	40.0	-18.77199777204293	13.077571249175142	53.73949942485253	3.473222017287447	0.24335119212381887	value	NPCr
08	inverse_cdf	41.0	-15.161177149387058	12.766526902563704	52.461328794592475	4.080184898331081	0.24335119212381887	value	NPCr
08	inverse_cdf	41.5	-17.376020967181542	10.435487846459406	42.88241925336348	3.385496034275216	0.24335119212381887	value	NPCr
09	cdf	5.5	8.090124719354376	10.171430455990878	22.20930503147757	3.8389475721533035	0.4579805825339768	value	NPCr
09	cdf	8.0	7.811984914441052	8.64054903428885	18.8666274593592	1.1062942648354455	0.4579805825339768	value	NPCr
09	cdf	10.0	-2.537192442800234	3.628212873213031	7.922198039791044	3.2226324344160178	0.4579805825339768	value	NPCr
09	cdf	11.0	5.577058452600909	9.144014022626964	19.965942599648503	2.010599231091472	0.4579805825339768	value	NPCr
09	cdf	11.5	4.444473088932533	8.967825779499163	19.581235802358183	3.3058012354004616	0.4579805825339768	value	NPCr
09	cdf	12.0	2.4427659061232454	6.376860394499855	13.92386628973897	3.3055039440067535	0.4579805825339768	value	NPCr
09	cdf	12.5	3.2123607973888326	7.234793111938599	15.797161250612326	2.334314766974883	0.4579805825339768	value	NPCr
09	cdf	13.0	0.7453187951352955	11.867235327617378	25.912092739733062	1.8601679646791833	0.4579805825339768	value	NPCr
09	cdf	14.0	2.3597908928949565	4.543953622728436	9.921716762721765	2.1391084911574647	0.4579805825339768	value	NPCr
09	cdf	16.0	-1.2380774473652405	10.747239485843567	23.466583291326	5.399472034318385	0.4579805825339768	value	NPCr
09	cdf	18.5	-1.6836831403063819	14.434350628636077	31.517385625328814	2.401998458201792	0.4579805825339768	value	NPCr
09	cdf	22.0	-0.27085658942987223	16.64942785632124	36.35400384051445	5.662002421310571	0.4579805825339768	value	NPCr
09	cdf	25.5	-0.957612120716	16.042439416670312	35.02864538035333	2.7494896036934984	0.4579805825339768	value	NPCr
09	cdf	28.0	-3.113697744520678	15.36688621833452	33.55357585972431	6.088273682637065	0.4579805825339768	value	NPCr
09	cdf	30.0	-7.824642620441402	8.931439947057202	19.501787385046164	5.513742632401186	0.4579805825339768	value	NPCr
09	cdf	31.0	-7.406416221189513	8.28657076691168	18.093716377804977	2.5990800968761847	0.4579805825339768	value	NPCr
09	cdf	31.5	-12.820599280630343	9.389485348971867	20.5019289180787	2.080112392425444	0.4579805825339768	value	NPCr
09	cdf	32.0	-8.223246822174218	14.156616434504938	30.91095337749321	3.341317213653947	0.4579805825339768	value	NPCr
09	cdf	32.5	-7.634544156169692	11.413623513266913	24.921631939319514	3.3266978016428377	0.4579805825339768	value	NPCr
09	cdf	33.0	-10.759131069017801	12.542616092613065	27.386785752390605	4.09835700194226	0.4579805825339768	value	NPCr
09	cdf	34.0	-5.57344341854143	9.17126587287239	20.02544697883996	5.315750649752614	0.4579805825339768	value	NPCr
09	cdf	36.0	-7.965598118797459	13.481141915223414	29.436055652475773	2.8120814820300275	0.4579805825339768	value	NPCr
09	cdf	38.5	-12.742596855425681	16.844362685165102	36.77964378307556	2.0804154745298122	0.4579805825339768	value	NPCr
09	inverse_cdf	2.5	5.044614745071746	3.336400179637462	9.074764870240362	4.378042960387927	0.3676569285644854	value	NPCr
09	inverse_cdf	3.0	10.422083646320694	11.54561255473864	31.403223107526966	4.4198961451828485	0.3676569285644854	value	NPCr
09	inverse_cdf	4.0	11.225178727517553	14.241455004655649	38.7357177253842	3.059026867500309	0.3676569285644854	value	NPCr
09	inverse_cdf	5.0	16.273860596312048	11.52994921868145	31.360619977162074	2.193735252663128	0.3676569285644854	value	NPCr
09	inverse_cdf	7.5	9.425088987894021	10.919933868052233	29.70142276575355	3.208999210966029	0.3676569285644854	value	NPCr
09	inverse_cdf	11.5	-1.8214153534938546	4.283241480477949	11.65010407175473	0.6050804536691112	0.3676569285644854	value	NPCr
09	inverse_cdf	16.0	-3.9839730460068736	3.76413979568589	10.238185393059108	1.232249238953675	0.3676569285644854	value	NPCr
09	inverse_cdf	18.5	2.790578553948201	7.467679402712264	20.31154269788898	2.7484395018887997	0.3676569285644854	value	NPCr
09	inverse_cdf	20.0	1.0771043499235127	12.176349647820645	33.118781945340025	3.0840987280233514	0.3676569285644854	value	NPCr
09	inverse_cdf	21.0	-2.798392977118773	10.847410873765298	29.50416551680111	4.054215132509681	0.3676569285644854	value	NPCr
09	inverse_cdf	21.5	5.020116768456976	13.467286122116562	36.6300348933978	4.326046723529277	0.3676569285644854	value	NPCr
09	inverse_cdf	22.0	2.2162023936505015	14.681287934237286	39.9320311779797	6.076228762607435	0.3676569285644854	value	NPCr
09	inverse_cdf	22.5	2.69344731512334	10.674191851779522	29.033022425163725	1.901790461882902	0.3676569285644854	value	NPCr
09	inverse_cdf	23.0	1.173108217009581	9.58943676924233	26.082567807668514	2.543305429859445	0.3676569285644854	value	NPCr
09	inverse_cdf	24.0	2.079816960467035	6.2587537539872065	17.023353207090313	3.60052592255405	0.3676569285644854	value	NPCr
09	inverse_cdf	25.5	-6.828502295815301	7.5548555226864895	20.548655378764067	1.1767455248742869	0.3676569285644854	value	NPCr
09	inverse_cdf	28.0	-10.408712499319243	9.58605626952892	26.073373095286488	4.349618519987682	0.3676569285644854	value	NPCr
09	inverse_cdf	32.5	-16.626463268378856	10.123211131440168	27.534395097533437	3.2998035866108735	0.3676569285644854	value	NPCr
09	inverse_cdf	36.5	-9.7910854908597	14.10579219181414	38.3667247803275	1.7645830369215572	0.3676569285644854	value	NPCr
09	inverse_cdf	39.0	-9.536220351102592	14.089214411552312	38.321634428497184	1.6450154849636744	0.3676569285644854	value	NPCr
09	inverse_cdf	40.0	-11.003077579895493	13.03437631716389	35.452551834278076	3.167493012781565	0.3676569285644854	value	NPCr
09	inverse_cdf	41.0	-10.975966938531457	8.202177310071265	22.309323374093953	4.891370605520692	0.3676569285644854	value	NPCr
09	inverse_cdf	41.5	-17.45598600423417	14.806699939681078	40.27314267541146	4.973023015467277	0.3676569285644854	value	NPCr
10	cdf	5.5	16.20578160478282	12.737770466424799	42.33689320856153	6.616653806385532	0.30086691537982097	value	NPCr
10	cdf	8.0	15.179108812880145	13.282879321122664	44.14868715077584	3.6757849109283396	0.30086691537982097	value	NPCr
10	cdf	10.0	4.639592313140282	8.66313835723999	28.793921546021288	2.2866124113165487	0.30086691537982097	value	NPCr
10	cdf	11.0	10.53241244206361	10.526674155244587	34.98780895185994	5.896106494668851	0.30086691537982097	value	NPCr
10	cdf	11.5	10.267725830232862	12.452028300979926	41.38716377392381	3.3356971392466095	0.30086691537982097	value	NPCr
10	cdf	12.0	8.156597599885693	9.536245084710641	31.69589142984325	3.7531242232408992	0.30086691537982097	value	NPCr
10	cdf	12.5	4.367571155093284	8.745884729823015	29.068948038976032	3.033885860125741	0.30086691537982097	value	NPCr
10	cdf	13.0	3.249551367461521	7.778643268308028	25.854099838422243	3.5477767126266895	0.30086691537982097	value	NPCr
10	cdf	14.0	5.003906196073576	6.10358294424737	20.286653773619722	2.236614819289028	0.30086691537982097	value	NPCr
10	cdf	16.0	-1.0354382578440884	4.051263012713167	13.465299126023092	1.297602465698616	0.30086691537982097	value	NPCr
10	cdf	18.5	-0.23589398124808625	10.66450123010566	35.44590875551258	2.0325036447869067	0.30086691537982097	value	NPCr
10	cdf	22.0	4.249081449223599	10.385367208136808	34.51814299696626	4.852560381839728	0.30086691537982097	value	NPCr
10	cdf	25.5	0.5594543983507982	11.35046581415954	37.725868927231375	3.9343274638004195	0.30086691537982097	value	NPCr
10	cdf	28.0	-7.438017678764318	11.697568369152235	38.87954364934067	5.73856405216697	0.30086691537982097	value	NPCr
10	cdf	30.0	-0.7819709355470721	10.362366070532874	34.44169345589626	4.155241940951159	0.30086691537982097	value	NPCr
10	cdf	31.0	-3.961503100175044	7.561151407467057	25.131215899633546	2.5779529756920256	0.30086691537982097	value	NPCr
10	cdf	31.5	-5.523083139993652	10.872314178700668	36.13662261593376	5.264787804840558	0.30086691537982097	value	NPCr
10	cdf	32.0	-6.763689249971829	9.0041525198438	29.927360103641707	3.639817969222296	0.30086691537982097	value	NPCr
10	cdf	32.5	-9.1091677027635	12.854359213189078	42.72440257168673	1.821079696891477	0.30086691537982097	value	NPCr
10	cdf	33.0	-5.812573350318441	9.903986821781926	32.91816519366683	4.044296634821023	0.30086691537982097	value	NPCr
10	cdf	34.0	-13.52770556153169	3.724015503572952	12.377617189552641	4.199356396536195	0.30086691537982097	value	NPCr
10	cdf	36.0	-9.879147866918075	10.765575035632763	35.78185066324779	5.418866809533439	0.30086691537982097	value	NPCr
10	cdf	38.5	-6.437542460156422	10.034717747666749	33.352679323343686	4.464714233204923	0.30086691537982097	value	NPCr
10	inverse_cdf	2.5	5.06731465704887	5.069963713043102	19.67596783511357	2.168122663492836	0.2576729010501474	value	NPCr
10	inverse_cdf	3.0	18.639581323410336	15.551272705976363	60.352767569259555	3.7686422134487745	0.2576729010501474	value	NPCr
10	inverse_cdf	4.0	10.913586139462325	14.67745775233055	56.9615884810257	2.530962755594331	0.2576729010501474	value	NPCr
10	inverse_cdf	5.0	9.33330975311775	6.440104346307783	24.99333193386305	3.408498237861699	0.2576729010501474	value	NPCr
10	inverse_cdf	7.5	7.763137042119848	10.203749285547039	39.59962124057904	3.135117872000384	0.2576729010501474	value	NPCr
10	inverse_cdf	11.5	6.1019826335533764	7.890416551333066	30.621833026195723	3.8397593307303346	0.2576729010501474	value	NPCr
10	inverse_cdf	16.0	-1.3675405057649144	3.3170150771592057	12.872968261857151	2.191360880750399	0.2576729010501474	value	NPCr
10	inverse_cdf	18.5	1.3261248966502102	7.818597327381474	30.34311056970576	1.1767219725550446	0.2576729010501474	value	NPCr
10	inverse_cdf	20.0	0.7142725643120436	7.293447366639555	28.30506171551245	4.63441908556646	0.2576729010501474	value	NPCr
10	inverse_cdf	21.0	-0.600768200421971	9.166043634887151	35.57240050285027	3.986605852132091	0.2576729010501474	value	NPCr
10	inverse_cdf	21.5	4.658942294767364	5.830134793546558	22.62610763408108	3.537575239187503	0.2576729010501474	value	NPCr
10	inverse_cdf	22.0	-2.918685558538183	12.515267494164007	48.570367482020664	3.4266148112403214	0.2576729010501474	value	NPCr
10	inverse_cdf	22.5	7.177797843979867	12.09446329540464	46.93727297714888	3.2214963686503753	0.2576729010501474	value	NPCr
10	inverse_cdf	23.0	0.5586879435971888	13.370436309836558	51.88918297323959	4.758954488529633	0.2576729010501474	value	NPCr
10	inverse_cdf	24.0	-5.583759186145944	9.327170928126996	36.19771768825537	4.522058860056411	0.2576729010501474	value	NPCr
10	inverse_cdf	25.5	-9.610290284797026	7.951050110863271	30.85714515751839	3.544119123745633	0.2576729010501474	value	NPCr
10	inverse_cdf	28.0	-3.4756847088363365	12.432496882216345	48.24914390123149	1.9490964662272183	0.2576729010501474	value	NPCr
10	inverse_cdf	32.5	-11.714947445285677	5.3331437132620225	20.697340277253698	1.7750916184616017	0.2576729010501474	value	NPCr
10	inverse_cdf	36.5	-16.835693504971363	4.143002317000754	16.078533288195707	1.9505213818143325	0.2576729010501474	value	NPCr
10	inverse_cdf	39.0	-16.91463044013466	10.728007105784318	41.634207796249676	4.17083668834718	0.2576729010501474	value	NPCr
10	inverse_cdf	40.0	-19.062578826442866	12.981639236442716	50.38030457815304	2.2989622055957044	0.2576729010501474	value	NPCr
10	inverse_cdf	41.0	-10.599096153745261	11.849933364406136	45.98827938875863	3.833635532014833	0.2576729010501474	value	NPCr
10	inverse_cdf	41.5	-16.454146167884776	11.425779045917604	44.342183440135834	5.97055519062452	0.2576729010501474	value	NPCr
11	cdf	5.5	6.416599181810737	11.748476880988047	45.143465186813174	3.804089149953408	0.26024756478862165	value	NPCr
11	cdf	8.0	3.0794430281046097	6.3309068940531406	24.32647890171511	2.7803063245723294	0.26024756478862165	value	NPCr
11	cdf	10.0	7.043872045528495	10.612429874941467	40.77821009991428	1.9762213039081773	0.26024756478862165	value	NPCr
11	cdf	11.0	-0.041088761848500965	5.237652070172103	20.12565256634094	0.4817923217138819	0.26024756478862165	value	NPCr
11	cdf	11.5	4.3093942583563045	6.641578122268823	25.52023158281326	2.702479189252602	0.26024756478862165	value	NPCr
11	cdf	12.0	3.1658372847418406	15.284313047308165	58.72989843237301	2.115793499537996	0.26024756478862165	value	NPCr
11	cdf	12.5	5.522808726362683	11.51113905131919	44.23149573241452	4.005541626973462	0.26024756478862165	value	NPCr
11	cdf	13.0	-1.314858762276236	4.894862267442852	18.808484419128217	2.3186453626824104	0.26024756478862165	value	NPCr
11	cdf	14.0	9.191934495582835	11.366471331577525	43.67561072400275	1.5436342354379156	0.26024756478862165	value	NPCr
11	cdf	16.0	-2.1759387749453385	5.248372884055149	20.16684724146404	1.0572702948983022	0.26024756478862165	value	NPCr
11	cdf	18.5	-0.9865350243514257	10.000324136316072	38.42619678089414	1.845428565124803	0.26024756478862165	value	NPCr
11	cdf	22.0	-11.643665964744583	8.426044319681306	32.37703425400007	4.596795159338273	0.26024756478862165	value	NPCr
11	cdf	25.5	-7.173635112860836	9.535535669546773	36.64024936137915	1.9018660006421098	0.26024756478862165	value	NPCr
11	cdf	28.0	-6.338193524817839	11.09380489987397	42.62789128837606	2.2695041161453746	0.26024756478862165	value	NPCr
11	cdf	30.0	-10.052671711091655	12.312435607904979	47.310473847874	2.1301005880373864	0.26024756478862165	value	NPCr
11	cdf	31.0	-11.122946900582878	10.144894335919318	38.981707068649065	1.814974359113056	0.26024756478862165	value	NPCr
11	cdf	31.5	-14.475579210052128	9.245298108294756	35.525012946053785	3.2179051330392108	0.26024756478862165	value	NPCr
11	cdf	32.0	-8.062254642085367	17.313207520319814	66.52591556190718	1.4182054398032573	0.26024756478862165	value	NPCr
11	cdf	32.5	-10.568333861542722	12.768316322362384	49.06219327252138	6.721365769705754	0.26024756478862165	value	NPCr
11	cdf	33.0	-15.274095723137226	10.455826754267257	40.17646337155812	2.7883162857815935	0.26024756478862165	value	NPCr
11	cdf	34.0	-20.073966205837937	5.4112408924619295	20.792666770415504	0.8937589091320799	0.26024756478862165	value	NPCr
11	cdf	36.0	-16.043848203813404	11.695156258520827	44.93858095471467	2.7984794420062946	0.26024756478862165	value	NPCr
11	cdf	38.5	-12.208218487339014	12.507874199780701	48.06144568514925	3.2852324532318278	0.26024756478862165	value	NPCr
11	inverse_cdf	2.5	9.015995154276249	13.430744862444998	65.34699997771446	1.811636250258514	0.20552963207225022	value	NPCr
11	inverse_cdf	3.0	8.252654908591506	9.976683282778922	48.54133772434234	1.642413161820749	0.20552963207225022	value	NPCr
11	inverse_cdf	4.0	13.957355031968707	13.657197490590587	66.44880036465811	2.5296355474941175	0.20552963207225022	value	NPCr
11	inverse_cdf	5.0	10.431450732661109	13.708129392996543	66.69660843930134	4.805591587516268	0.20552963207225022	value	NPCr
11	inverse_cdf	7.5	10.092019129607166	8.932065357394714	43.458771697965226	4.733639376750315	0.20552963207225022	value	NPCr
11	inverse_cdf	11.5	-2.21753605804658	3.916177882887706	19.05407917779488	1.2947787786086744	0.20552963207225022	value	NPCr
11	inverse_cdf	16.0	1.9609829480963796	9.762320260816418	47.49835905600537	3.185946887585111	0.20552963207225022	value	NPCr
11	inverse_cdf	18.5	-7.687172320424358	6.8600879671807276	33.37761031348116	3.150286121467101	0.20552963207225022	value	NPCr
11	inverse_cdf	20.0	-4.803694759019333	5.542110845489618	26.965021002623065	1.7579935641267734	0.20552963207225022	value	NPCr
11	inverse_cdf	21.0	-4.691309520381012	11.924568211111868	58.01872990713087	2.1226513197060695	0.20552963207225022	value	NPCr
11	inverse_cdf	21.5	-6.0706866801721375	11.600569549355827	56.44232139372417	3.2441105809398727	0.20552963207225022	value	NPCr
11	inverse_cdf	22.0	-13.680694327970713	9.911527783220896	48.22432504397555	1.569314920099326	0.20552963207225022	value	NPCr
11	inverse_cdf	22.5	-9.588569816451383	8.41575635288936	40.9466813521612	4.388083210722928	0.20552963207225022	value	NPCr
11	inverse_cdf	23.0	-2.8318746814275144	16.107965118822435	78.37295749724288	4.843029259412845	0.20552963207225022	value	NPCr
11	inverse_cdf	24.0	-5.056679063926307	11.702045417079482	56.93605004345962	2.7614597495387514	0.20552963207225022	value	NPCr
11	inverse_cdf	25.5	-7.0040587057566555	9.444371136493722	45.95138443674012	1.5208265043148335	0.20552963207225022	value	NPCr
11	inverse_cdf	28.0	-10.97316843169795	14.851183038967374	72.25811134497	1.6488458042699095	0.20552963207225022	value	NPCr
11	inverse_cdf	32.5	-19.503368765895875	12.159633332638508	59.16243419520164	2.901602374011572	0.20552963207225022	value	NPCr
11	inverse_cdf	36.5	-19.568333599244152	10.954591520813691	53.29932920311366	2.242453020090319	0.20552963207225022	value	NPCr
11	inverse_cdf	39.0	-18.438178676206956	14.084418215480738	68.52743360397598	5.412165195836776	0.20552963207225022	value	NPCr
11	inverse_cdf	40.0	-18.495105223036834	15.981716388120534	77.75869701602176	1.940754724347605	0.20552963207225022	value	NPCr
11	inverse_cdf	41.0	-18.384863273611884	14.384155985182591	69.98580126940577	6.11643169585308	0.20552963207225022	value	NPCr
11	inverse_cdf	41.5	-15.489140885331786	16.51859341692022	80.37086064122086	5.518413442196539	0.20552963207225022	value	NPCr
12	cdf	5.5	11.82981852195094	8.242195243263767	28.322047324111423	3.90724326586127	0.29101692928275474	value	NPCr
12	cdf	8.0	1.5702261044586105	3.7159111037384416	12.768711129269143	0.9953005471247179	0.29101692928275474	value	NPCr
12	cdf	10.0	3.1385004014405915	8.138922139022991	27.96717757651528	0.7180974417343887	0.29101692928275474	value	NPCr
12	cdf	11.0	1.7142762405140406	7.399046574924075	25.42479777090594	1.8845920939256096	0.29101692928275474	value	NPCr
12	cdf	11.5	1.7836372102551472	9.177506001815907	31.535986667287514	1.9091899372290755	0.29101692928275474	value	NPCr
12	cdf	12.0	0.44679387145926697	4.929242622943194	16.937992697166756	0.8677531817766184	0.29101692928275474	value	NPCr
12	cdf	12.5	3.316645633262013	7.30753356232398	25.11033835843932	2.130470836147571	0.29101692928275474	value	NPCr
12	cdf	13.0	0.3645530978336833	2.677351564821402	9.199985620836726	1.211114363066991	0.29101692928275474	value	NPCr
12	cdf	14.0	-0.7484147115874542	4.806204822921833	16.51520698389364	0.9816165401158428	0.29101692928275474	value	NPCr
12	cdf	16.0	0.24068276896012009	6.988381618679347	24.013660084665972	3.352453725601834	0.29101692928275474	value	NPCr
12	cdf	18.5	6.476583121717525	8.249308548550601	28.34649025017887	3.5581040364584218	0.29101692928275474	value	NPCr
12	cdf	22.0	0.38565329725757636	5.176567274147776	17.78785614605319	3.7466135875895694	0.29101692928275474	value	NPCr
12	cdf	25.5	-2.897246246097989	4.734304008401744	16.268139520508274	2.119771436081874	0.29101692928275474	value	NPCr
12	cdf	28.0	-5.598183531317382	9.777299734015742	33.59701361055881	2.621264031954577	0.29101692928275474	value	NPCr
12	cdf	30.0	-2.2922665780687126	8.298921188682721	28.51697050455581	4.912621017286138	0.29101692928275474	value	NPCr
12	cdf	31.0	-10.41154162555398	8.786238624688247	30.191503450823152	4.133021339068396	0.29101692928275474	value	NPCr
12	cdf	31.5	-13.502805529082814	7.826436271105949	26.89340544687595	3.5486575713600423	0.29101692928275474	value	NPCr
12	cdf	32.0	-16.229749255996722	7.6873982602514195	26.415639389769908	2.192749170080217	0.29101692928275474	value	NPCr
12	cdf	32.5	-13.562686378740285	10.476499821341699	35.999623276770386	1.7502693196890766	0.29101692928275474	value	NPCr
12	cdf	33.0	-13.72844181195292	9.628427591054045	33.085455250952	3.795014381982419	0.29101692928275474	value	NPCr
12	cdf	34.0	-16.708481965777885	6.282504392446562	21.588106258733912	3.177790012402348	0.29101692928275474	value	NPCr
12	cdf	36.0	-10.760729811121955	11.20631841971577	38.507445073161385	2.149578411416123	0.29101692928275474	value	NPCr
12	cdf	38.5	-18.12857558141797	8.426752820859202	28.956228909527425	6.293934166391521	0.29101692928275474	value	NPCr
12	inverse_cdf	2.5	11.784809721985049	10.988509189211069	33.14640031372149	3.5470905155475156	0.33151440534139076	value	NPCr
12	inverse_cdf	3.0	10.317294665608873	11.552958547411487	34.849039321577436	4.1441991122285575	0.33151440534139076	value	NPCr
12	inverse_cdf	4.0	11.551914168096237	8.7168544039972	26.29404413066351	4.607108824356369	0.33151440534139076	value	NPCr
12	inverse_cdf	5.0	7.0698073022620935	6.453678089873199	19.467262917963566	3.767219786937809	0.33151440534139076	value	NPCr
12	inverse_cdf	7.5	7.283914087540412	7.85555048694057	23.695955169281376	4.610778507578571	0.33151440534139076	value	NPCr
12	inverse_cdf	11.5	3.711441785836824	11.668372945146142	35.19718225556488	3.449964693487715	0.33151440534139076	value	NPCr
12	inverse_cdf	16.0	-1.2875288776296436	11.028173135049247	33.26604502658799	1.9679699678639508	0.33151440534139076	value	NPCr
12	inverse_cdf	18.5	3.7926162745123975	12.675190476860866	38.23420723997819	3.2006516356757913	0.33151440534139076	value	NPCr
12	inverse_cdf	20.0	-2.03573769312046	11.764224249163837	35.48631389652325	2.44747623732843	0.33151440534139076	value	NPCr
12	inverse_cdf	21.0	2.7157222698212777	13.777194591685035	41.55835876120495	4.19749511606711	0.33151440534139076	value	NPCr
12	inverse_cdf	21.5	-0.33446090771524695	10.523619287361294	31.744078440646216	4.22991872487334	0.33151440534139076	value	NPCr
12	inverse_cdf	22.0	2.546078847304724	2.046400722301614	6.172886273808366	4.2883324324478	0.33151440534139076	value	NPCr
12	inverse_cdf	22.5	6.360297497698241	6.481830181064074	19.552182579786056	4.492421654824742	0.33151440534139076	value	NPCr
12	inverse_cdf	23.0	5.417539611187699	10.181952525065359	30.713454260245705	3.28098792479597	0.33151440534139076	value	NPCr
12	inverse_cdf	24.0	-0.6512775957344239	15.86609629257494	47.85944754417584	4.60555714290624	0.33151440534139076	value	NPCr
12	inverse_cdf	25.5	0.5632697711450767	8.682877086269542	26.191552905002688	4.9724949897161626	0.33151440534139076	value	NPCr
12	inverse_cdf	28.0	-1.7410293706524627	12.679918921128479	38.24847040378473	2.3168338176134506	0.33151440534139076	value	NPCr
12	inverse_cdf	32.5	-15.252641726462436	8.47510980910215	25.564831188480493	3.1282945798248045	0.33151440534139076	value	NPCr
12	inverse_cdf	36.5	-13.612218561783443	9.346477561630577	28.19327730873611	5.755020108530011	0.33151440534139076	value	NPCr
12	inverse_cdf	39.0	-10.869569889717965	11.519844603479083	34.74915242858314	4.667004002243151	0.33151440534139076	value	NPCr
12	inverse_cdf	40.0	-15.4732067420817	8.35997939676338	25.21754488512903	5.66932498302905	0.33151440534139076	value	NPCr
12	inverse_cdf	41.0	-13.926950848999788	9.439304318282	28.473285523027222	4.266578476195062	0.33151440534139076	value	NPCr
12	inverse_cdf	41.5	-16.48369311071442	11.753666789908461	35.45446774116689	2.817454021133166	0.33151440534139076	value	NPCr
13	cdf	5.5	11.533631987907068	12.020343678358351	47.717134469679415	7.582936959794642	0.25190833045509803	value	NPCr
13	cdf	8.0	8.452540537771288	12.07488054841613	47.93362937462858	3.808089367400035	0.25190833045509803	value	NPCr
13	cdf	10.0	1.3368512310432443	5.342225550997873	21.207022178848153	3.2507653174633555	0.25190833045509803	value	NPCr
13	cdf	11.0	5.867281868973713	9.209870280350511	36.56040379336381	3.5374966927269824	0.25190833045509803	value	NPCr
13	cdf	11.5	4.312729661425369	7.912053263300139	31.408462153697776	1.8436608864831365	0.25190833045509803	value	NPCr
13	cdf	12.0	4.791176366535158	8.033400241743523	31.89017301345441	1.2660903941339972	0.25190833045509803	value	NPCr
13	cdf	12.5	6.831911362775141	11.994803213445598	47.615746536749164	2.6742610255839545	0.25190833045509803	value	NPCr
13	cdf	13.0	5.192613769103083	11.520778018358287	45.73400965956477	4.440755816042758	0.25190833045509803	value	NPCr
13	cdf	14.0	3.59111957443848	9.889643039123253	39.25889636621626	2.0013984420096187	0.25190833045509803	value	NPCr
13	cdf	16.0	4.946817527744528	12.066141834894454	47.89893932088606	3.1332804685384907	0.25190833045509803	value	NPCr
13	cdf	18.5	-12.99235239033501	3.1794750455526177	12.62155578502931	2.3342556291096868	0.25190833045509803	value	NPCr
13	cdf	22.0	-1.718882899014389	15.084101498697219	59.8793278151868	7.434300385121441	0.25190833045509803	value	NPCr
13	cdf	25.5	-7.2258977580648285	14.895853060320277	59.13203836256389	2.640893152238671	0.25190833045509803	value	NPCr
13	cdf	28.0	-0.020883053804062968	8.770925523745115	34.817925663274195	3.2218442678726076	0.25190833045509803	value	NPCr
13	cdf	30.0	-11.153913685571865	6.38386381511869	25.342011530883436	1.5997063382774535	0.25190833045509803	value	NPCr
13	cdf	31.0	-8.482563950104598	10.550247469570964	41.881296464117995	2.3762587424784383	0.25190833045509803	value	NPCr
13	cdf	31.5	-8.730348312727472	10.75833550893194	42.707343141435274	3.2383887923920067	0.25190833045509803	value	NPCr
13	cdf	32.0	-14.975789309348691	8.574560452598455	34.03841562963654	5.239531950895565	0.25190833045509803	value	NPCr
13	cdf	32.5	-12.574810344167346	9.922345714150584	39.38871611043929	2.57905398175247	0.25190833045509803	value	NPCr
13	cdf	33.0	-11.938819565019084	9.503073453883266	37.72433185006227	3.1888661001432586	0.25190833045509803	value	NPCr
13	cdf	34.0	-10.980838698572835	13.847171841229887	54.96909060614853	5.101798419675526	0.25190833045509803	value	NPCr
13	cdf	36.0	-2.853536195789225	12.282977959129017	48.759713253382955	2.318240484025418	0.25190833045509803	value	NPCr
13	cdf	38.5	-22.42768415148048	16.728693870612194	66.40786289357762	5.071154469648468	0.25190833045509803	value	NPCr
13	inverse_cdf	2.5	2.5056591404478192	6.688443488749577	28.65228020447959	0.32952198180248427	0.23343494622476446	value	NPCr
13	inverse_cdf	3.0	13.84925264266466	16.936013273733334	72.55131910466557	2.2499550961982706	0.23343494622476446	value	NPCr
13	inverse_cdf	4.0	14.61944925930036	17.33279792634099	74.25108453835351	4.132669449418128	0.23343494622476446	value	NPCr
13	inverse_cdf	5.0	10.551726303620104	10.760305591526915	46.09552153843444	3.7290797278792516	0.23343494622476446	value	NPCr
13	inverse_cdf	7.5	7.255830762851485	6.501464905557286	27.85129223667011	2.8330138303196444	0.23343494622476446	value	NPCr
13	inverse_cdf	11.5	5.686871733924445	10.012971374728188	42.89405479626486	2.603554510451719	0.23343494622476446	value	NPCr
13	inverse_cdf	16.0	5.955364429794411	10.487390388683448	44.92639409090698	3.2597355180631267	0.23343494622476446	value	NPCr
13	inverse_cdf	18.5	-2.1537244710576857	7.428049371603922	31.82063993302774	4.138977111702063	0.23343494622476446	value	NPCr
13	inverse_cdf	20.0	0.9416171584244779	10.587952738383382	45.357187985849805	2.2130703226781794	0.23343494622476446	value	NPCr
13	inverse_cdf	21.0	6.683814413764438	9.593489816946116	41.09705925396859	3.4292835141312565	0.23343494622476446	value	NPCr
13	inverse_cdf	21.5	3.547439547995033	12.02021493265844	51.49278258056826	3.9335046304644603	0.23343494622476446	value	NPCr
13	inverse_cdf	22.0	-9.067956290348743	15.369910161080151	65.84237026053985	3.151996853656708	0.23343494622476446	value	NPCr
13	inverse_cdf	22.5	2.546861354680015	12.921609434314055	55.354220279736495	2.555449858858209	0.23343494622476446	value	NPCr
13	inverse_cdf	23.0	-3.011313644502227	5.346366081643305	22.903023596542052	3.5912010811415858	0.23343494622476446	value	NPCr
13	inverse_cdf	24.0	0.4948933205607098	9.5701322346248	40.996998904397685	1.5521965320435072	0.23343494622476446	value	NPCr
13	inverse_cdf	25.5	-5.491895404941314	10.343047485696818	44.308050927978634	1.601056263440082	0.23343494622476446	value	NPCr
13	inverse_cdf	28.0	-5.528000522071302	10.823391030921629	46.36577001842839	2.968518196212057	0.23343494622476446	value	NPCr
13	inverse_cdf	32.5	-7.29391730428441	10.682177926692047	45.76083443995844	3.2545446624294536	0.23343494622476446	value	NPCr
13	inverse_cdf	36.5	-19.54589291654043	10.527846305214577	45.099701117919885	2.072946722809802	0.23343494622476446	value	NPCr
13	inverse_cdf	39.0	-2.7920928516729475	4.735862289834152	20.287717697907127	3.3269346021707085	0.23343494622476446	value	NPCr
13	inverse_cdf	40.0	-13.842787958548211	12.324523433488672	52.79639416808621	3.808401085397191	0.23343494622476446	value	NPCr
13	inverse_cdf	41.0	-19.354562378136283	12.07024253426625	51.70709325862603	9.185925113878405	0.23343494622476446	value	NPCr
13	inverse_cdf	41.5	-31.4942637495426	11.064847823089249	47.400134393054344	5.255449760591506	0.23343494622476446	value	NPCr
14	cdf	5.5	19.749457085858435	11.838441361053237	51.42910463669854	3.6553985603166606	0.23018952876355575	value	NPCr
14	cdf	8.0	14.631722075183756	9.629825103736282	41.83433171553068	3.839416969496451	0.23018952876355575	value	NPCr
14	cdf	10.0	10.979004513722757	14.300627603364505	62.125448017462645	4.5487889686216185	0.23018952876355575	value	NPCr
14	cdf	11.0	10.577025949296889	10.247342323425162	44.516978589199624	4.013848558827432	0.23018952876355575	value	NPCr
14	cdf	11.5	6.603424096109002	8.813143004347557	38.286463557602445	6.454118921866334	0.23018952876355575	value	NPCr
14	cdf	12.0	4.475416675759028	11.868621492095475	51.56021455818084	3.8742897961395473	0.23018952876355575	value	NPCr
14	cdf	12.5	11.483832360228348	10.375043143685671	45.07174240033579	5.277514679750428	0.23018952876355575	value	NPCr
14	cdf	13.0	14.47935816709525	11.08776922257102	48.16800000472683	2.165733674346419	0.23018952876355575	value	NPCr
14	cdf	14.0	3.6301367862671015	13.140101254168666	57.08383576242432	3.463438295459622	0.23018952876355575	value	NPCr
14	cdf	16.0	5.5900711536400465	10.287544153675656	44.69162524001139	4.343543199169836	0.23018952876355575	value	NPCr
14	cdf	18.5	-3.3712720239979532	8.526718727150996	37.04216596189917	4.473232729898719	0.23018952876355575	value	NPCr
14	cdf	22.0	4.768508722490388	10.398337128751093	45.17293720789522	8.63835556145526	0.23018952876355575	value	NPCr
14	cdf	25.5	5.632128252865524	7.984293816156051	34.6857385696171	2.9547703473731888	0.23018952876355575	value	NPCr
14	cdf	28.0	1.2427591783695746	8.53972799823802	37.09868143919696	1.1039397668078612	0.23018952876355575	value	NPCr
14	cdf	30.0	-2.242782509270871	1.1158025794320843	4.847321185396776	1.7022611626629645	0.23018952876355575	value	NPCr
14	cdf	31.0	-4.579822774700467	6.928757691852089	30.10022970666539	4.079318865760358	0.23018952876355575	value	NPCr
14	cdf	31.5	-10.325545881285862	13.677291961237081	59.41752448386136	5.373741673684916	0.23018952876355575	value	NPCr
14	cdf	32.0	-12.137693453155102	14.151132823368037	61.476005878198244	3.5015165355591167	0.23018952876355575	value	NPCr
14	cdf	32.5	-7.026034310460254	12.101456704686267	52.5717080602591	3.0090767483807643	0.23018952876355575	value	NPCr
14	cdf	33.0	-5.984591474645349	8.451108822762684	36.71369791735152	1.882743224254595	0.23018952876355575	value	NPCr
14	cdf	34.0	-8.730223829437762	11.190777864462996	48.61549491227227	3.592500013498502	0.23018952876355575	value	NPCr
14	cdf	36.0	-11.062994532406332	9.434462361209631	40.985627851475584	4.75867700619807	0.23018952876355575	value	NPCr
14	cdf	38.5	-3.3525350687545057	5.564983416680024	24.175658408841954	4.970720674285836	0.23018952876355575	value	NPCr
14	inverse_cdf	2.5	12.357234443090528	12.557123624366644	55.930551612635824	4.5938925623865305	0.22451277990846313	value	NPCr
14	inverse_cdf	3.0	6.259478015115873	8.591003857545312	38.26509947918323	3.208595106848631	0.22451277990846313	value	NPCr
14	inverse_cdf	4.0	21.916086931546467	8.486920909466846	37.801504720252794	3.875004950214361	0.22451277990846313	value	NPCr
14	inverse_cdf	5.0	20.01381597808378	11.579597680989945	51.57656364021283	2.356236585054436	0.22451277990846313	value	NPCr
14	inverse_cdf	7.5	14.839721855971927	7.7990970799324115	34.73787587108497	4.3984301962223	0.22451277990846313	value	NPCr
14	inverse_cdf	11.5	11.08309575579722	9.045782572399157	40.290724546225135	3.879213876486432	0.22451277990846313	value	NPCr
14	inverse_cdf	16.0	6.562841637904214	11.382222187762844	50.697435541992434	3.0350497802082934	0.22451277990846313	value	NPCr
14	inverse_cdf	18.5	5.8126072241207325	9.665055337788838	43.049020825137035	2.091500504456369	0.22451277990846313	value	NPCr
14	inverse_cdf	20.0	9.640009308947281	7.43606995990831	33.12092061280474	3.204141760538017	0.22451277990846313	value	NPCr
14	inverse_cdf	21.0	4.061485653991404	9.676861409140832	43.10160612276155	3.6938296141284215	0.22451277990846313	value	NPCr
14	inverse_cdf	21.5	4.272287897304594	14.21994477239314	63.3369057128543	4.509778763907494	0.22451277990846313	value	NPCr
14	inverse_cdf	22.0	-10.370138457391155	5.964230647411997	26.56521668763664	4.0726978051438945	0.22451277990846313	value	NPCr
14	inverse_cdf	22.5	2.0308492417195048	10.472976632019314	46.64757452243604	2.897511051928517	0.22451277990846313	value	NPCr
14	inverse_cdf	23.0	6.700979558329877	7.365041452917895	32.80455329055531	2.513596609686621	0.22451277990846313	value	NPCr
14	inverse_cdf	24.0	3.84798678228654	1.0284418346720214	4.580771905685418	0.502555302850691	0.22451277990846313	value	NPCr
14	inverse_cdf	25.5	2.9716208038558776	6.400459201395393	28.508217679211608	2.2122951091645833	0.22451277990846313	value	NPCr
14	inverse_cdf	28.0	-5.175668758938194	7.152181907988869	31.856457841308227	2.662380847769517	0.22451277990846313	value	NPCr
14	inverse_cdf	32.5	-6.584561576386118	3.850948610878399	17.152469505069966	4.667049908428135	0.22451277990846313	value	NPCr
14	inverse_cdf	36.5	-7.511933845378742	4.544017925665122	20.239462214657795	1.773494876852253	0.22451277990846313	value	NPCr
14	inverse_cdf	39.0	-9.061641766718004	7.083881686160544	31.55224254516263	1.9459095545390315	0.22451277990846313	value	NPCr
14	inverse_cdf	40.0	-15.271242679604981	15.242374850967131	67.89090071924481	3.062710021906371	0.22451277990846313	value	NPCr
14	inverse_cdf	41.0	-9.02889089203061	9.189793549878457	40.932162318890086	4.747002410397483	0.22451277990846313	value	NPCr
14	inverse_cdf	41.5	-19.760132601114123	13.206212581414459	58.82165187566965	4.601730445309567	0.22451277990846313	value	NPCr
15	cdf	5.5	4.556143983376693	5.364468184130778	23.548208364496066	3.4670270500324767	0.22780791222396582	value	NPCr
15	cdf	8.0	13.889524785324681	10.17153027889758	44.64959175297475	2.756567075744068	0.22780791222396582	value	NPCr
15	cdf	10.0	16.015583450578056	8.83290464118702	38.773476105180606	4.788798011489704	0.22780791222396582	value	NPCr
15	cdf	11.0	13.850741354307608	8.605460308648986	37.775072097533915	2.7871472575445964	0.22780791222396582	value	NPCr
15	cdf	11.5	6.298862350443766	9.516995690679655	41.776405383686445	1.9156273356166624	0.22780791222396582	value	NPCr
15	cdf	12.0	3.2107845796956376	10.157760723640939	44.58914804352578	4.029262640742306	0.22780791222396582	value	NPCr
15	cdf	12.5	5.941065995873046	10.600536615664195	46.53278506517562	4.962974307984718	0.22780791222396582	value	NPCr
15	cdf	13.0	7.510949112146008	9.340176398491996	41.000228250673516	5.273674231620841	0.22780791222396582	value	NPCr
15	cdf	14.0	8.740997955541438	9.275029498015506	40.71425530161966	1.4452560685462008	0.22780791222396582	value	NPCr
15	cdf	16.0	12.109287031130087	9.511056438469607	41.750334067058034	4.8179026162951795	0.22780791222396582	value	NPCr
15	cdf	18.5	7.471082779022048	8.053199720853415	35.35083414019456	4.348259222119802	0.22780791222396582	value	NPCr
15	cdf	22.0	-9.924531853047753	11.468505847818976	50.34287762816549	5.679841503644278	0.22780791222396582	value	NPCr
15	cdf	25.5	-4.432174634115473	10.58212371074816	46.45195861478467	2.736261836343525	0.22780791222396582	value	NPCr
15	cdf	28.0	1.7840710812901222	5.2638775930779165	23.10664955264072	2.432458118687552	0.22780791222396582	value	NPCr
15	cdf	30.0	-3.94086955706679	5.055313215614154	22.19112218825877	1.3409486623228903	0.22780791222396582	value	NPCr
15	cdf	31.0	-8.366126000917145	8.05781426533122	35.371090436092075	6.023887907611648	0.22780791222396582	value	NPCr
15	cdf	31.5	-6.772732536757697	10.01624959165527	43.96796184062277	3.2211776466932003	0.22780791222396582	value	NPCr
15	cdf	32.0	-3.5048813529401244	7.1076978132413355	31.20039924800115	3.470377531905684	0.22780791222396582	value	NPCr
15	cdf	32.5	-6.834339620470601	8.421021102452313	36.96544610870809	4.625477449813225	0.22780791222396582	value	NPCr
15	cdf	33.0	-3.2970470831471452	1.8487782413640064	8.115513738374498	1.246554863176333	0.22780791222396582	value	NPCr
15	cdf	34.0	-6.813144809762839	9.843343513640955	43.2089623997064	2.02632631444415	0.22780791222396582	value	NPCr
15	cdf	36.0	-9.851615146333994	9.12899581755664	40.073216634291484	1.951436909076037	0.22780791222396582	value	NPCr
15	cdf	38.5	-21.275088354724346	13.471633888367974	59.13593499388004	5.5320385824569325	0.22780791222396582	value	NPCr
15	inverse_cdf	2.5	15.481229369978124	13.314439838753025	111.5603621546499	4.334345892258051	0.11934740602845983	value	NPCr
15	inverse_cdf	3.0	14.365351311344398	11.932797844844734	99.98372182466382	2.7381247563330606	0.11934740602845983	value	NPCr
15	inverse_cdf	4.0	21.73903570996244	12.645579978970087	105.95605216551246	5.533195468885475	0.11934740602845983	value	NPCr
15	inverse_cdf	5.0	12.843866999541667	11.23019537464142	94.09668587152572	5.674628934927695	0.11934740602845983	value	NPCr
15	inverse_cdf	7.5	16.42063429773572	9.655989026172216	80.90656803943966	2.9060837152388572	0.11934740602845983	value	NPCr
15	inverse_cdf	11.5	4.888070586055424	9.733969000185926	81.55995445652789	6.288854546334717	0.11934740602845983	value	NPCr
15	inverse_cdf	16.0	3.896119583968794	11.156215431743078	93.4768153158079	4.1884396333655545	0.11934740602845983	value	NPCr
15	inverse_cdf	18.5	1.7178752727847986	9.249960589184838	77.50449630198978	6.695220605861787	0.11934740602845983	value	NPCr
15	inverse_cdf	20.0	5.414688147594877	13.052490678450077	109.36551629230678	3.4424389646084386	0.11934740602845983	value	NPCr
15	inverse_cdf	21.0	3.0204202163203497	8.447540720258688	70.78110033027671	6.100713702841289	0.11934740602845983	value	NPCr
15	inverse_cdf	21.5	6.631102025945154	7.941793256058891	66.5434928193167	3.802095458637905	0.11934740602845983	value	NPCr
15	inverse_cdf	22.0	-7.554031155981361	8.227718631796293	68.93923299710673	4.84173480219153	0.11934740602845983	value	NPCr
15	inverse_cdf	22.5	6.030465422104893	2.417641826939841	20.257179501356948	6.708640665469673	0.11934740602845983	value	NPCr
15	inverse_cdf	23.0	0.870314049941463	7.968760430573428	66.76944808229163	6.613278652899416	0.11934740602845983	value	NPCr
15	inverse_cdf	24.0	6.125038623054515	7.696247812275703	64.48609206001879	4.569544370249006	0.11934740602845983	value	NPCr
15	inverse_cdf	25.5	-3.342891355781063	11.66957643214876	97.77821588653555	3.063014385606449	0.11934740602845983	value	NPCr
15	inverse_cdf	28.0	-2.0790764064265446	7.586139471053522	63.5635052616436	3.1410065060974643	0.11934740602845983	value	NPCr
15	inverse_cdf	32.5	-6.654399907665823	7.914482169270001	66.31465594972963	3.532345347877167	0.11934740602845983	value	NPCr
15	inverse_cdf	36.5	-12.399612776211193	8.838653397036158	74.05819440205072	3.1092331607979844	0.11934740602845983	value	NPCr
15	inverse_cdf	39.0	-8.334492031458492	5.505807434370631	46.13261081734532	5.4034645411254605	0.11934740602845983	value	NPCr
15	inverse_cdf	40.0	-21.55148951807439	11.08069507082697	92.84403775130767	5.43380334618339	0.11934740602845983	value	NPCr
15	inverse_cdf	41.0	-18.817657520237713	11.67910532997237	97.85805757007694	8.865584448687446	0.11934740602845983	value	NPCr
15	inverse_cdf	41.5	-19.41896858975883	11.408815627690355	95.59332713917372	6.683015976592113	0.11934740602845983	value	NPCr
16	cdf	5.5	14.836498787700268	8.868480905540805	96.64519510712192	5.535331163257367	0.09176328834259112	value	NPCr
16	cdf	8.0	24.17015794103132	8.930452303933013	97.3205348809195	2.960542241661848	0.09176328834259112	value	NPCr
16	cdf	10.0	15.84647771207883	10.632493588569007	115.86870719882462	3.5920723845154523	0.09176328834259112	value	NPCr
16	cdf	11.0	9.498251794428064	12.118210030951955	132.05945699885513	4.492579531142896	0.09176328834259112	value	NPCr
16	cdf	11.5	15.898428518205783	11.008523067234037	119.9665276394038	3.4659021640452723	0.09176328834259112	value	NPCr
16	cdf	12.0	10.143335076765425	10.565546427143808	115.1391435287079	4.210996840982311	0.09176328834259112	value	NPCr
16	cdf	12.5	19.27584923115902	8.501911583307216	92.65046770736886	3.2879450169271687	0.09176328834259112	value	NPCr
16	cdf	13.0	8.56765707829701	10.920672858923016	119.00917083694223	5.348243767778069	0.09176328834259112	value	NPCr
16	cdf	14.0	15.90532604288024	10.538501484983913	114.84441845239061	3.206465606007636	0.09176328834259112	value	NPCr
16	cdf	16.0	11.09297952357867	11.296531127343627	123.10512549603611	2.304108874722849	0.09176328834259112	value	NPCr
16	cdf	18.5	7.913411358708913	12.383209309853003	134.94731426386173	3.5334154524962216	0.09176328834259112	value	NPCr
16	cdf	22.0	5.5229699373411165	8.201682259202554	89.37868735242148	4.903399612609162	0.09176328834259112	value	NPCr
16	cdf	25.5	-0.18827008002840984	10.536983503990442	114.82787609628188	2.836111309231957	0.09176328834259112	value	NPCr
16	cdf	28.0	-1.5575374335658196	11.066392523857264	120.59716607519279	4.15397783588237	0.09176328834259112	value	NPCr
16	cdf	30.0	-5.7147668447547275	9.549031976727065	104.06157134513853	2.632007318209431	0.09176328834259112	value	NPCr
16	cdf	31.0	-2.801464010802981	9.017401379685484	98.26807149739138	5.43059905385887	0.09176328834259112	value	NPCr
16	cdf	31.5	-1.8408655489865318	9.59449681600665	104.55702917038391	4.558236721687885	0.09176328834259112	value	NPCr
16	cdf	32.0	-5.241290329248788	6.27935090460585	68.42988103436726	6.964214137499905	0.09176328834259112	value	NPCr
16	cdf	32.5	-6.006644310441828	8.153632167563991	88.85505647011077	5.3426273018151065	0.09176328834259112	value	NPCr
16	cdf	33.0	-0.960537543351279	8.851734344299642	96.46269771035644	3.6587560562193966	0.09176328834259112	value	NPCr
16	cdf	34.0	-4.837291305246396	12.35569046829791	134.64742481948662	2.598908605725301	0.09176328834259112	value	NPCr
16	cdf	36.0	-6.576745766725065	10.122013752037537	110.30569996846434	3.633174696602456	0.09176328834259112	value	NPCr
16	cdf	38.5	-13.715270831782341	13.10454829672348	142.80818106472674	5.302645309025348	0.09176328834259112	value	NPCr
16	inverse_cdf	2.5	13.706215257305516	7.432054936724889	56.11336140638555	5.655224998939582	0.13244715252220018	value	NPCr
16	inverse_cdf	3.0	18.500288039415764	8.789155381614968	66.35971566200165	6.15990646145897	0.13244715252220018	value	NPCr
16	inverse_cdf	4.0	22.485069979876403	10.498408150462254	79.26488377092561	2.1867438955579424	0.13244715252220018	value	NPCr
16	inverse_cdf	5.0	17.747396072036096	12.423168047337795	93.79716974478164	4.314910783890099	0.13244715252220018	value	NPCr
16	inverse_cdf	7.5	21.805935022677588	13.783712738366974	104.0695286828202	3.2784453633931983	0.13244715252220018	value	NPCr
16	inverse_cdf	11.5	13.078567105389826	9.66799662294486	72.99512627366116	4.339118455656134	0.13244715252220018	value	NPCr
16	inverse_cdf	16.0	6.839900182795439	6.39467877195133	48.280983397355286	6.105552387314182	0.13244715252220018	value	NPCr
16	inverse_cdf	18.5	7.068398744638152	10.864180911247024	82.02653439020533	6.275768814378962	0.13244715252220018	value	NPCr
16	inverse_cdf	20.0	-0.22775016733944398	8.282881887136	62.53725904562321	4.4377585324261535	0.13244715252220018	value	NPCr
16	inverse_cdf	21.0	9.010523185739444	5.5222238158126	41.69379039603732	6.80283881384089	0.13244715252220018	value	NPCr
16	inverse_cdf	21.5	10.856515483420218	6.533522387409604	49.32927785151504	2.473658230733843	0.13244715252220018	value	NPCr
16	inverse_cdf	22.0	2.833229015266017	11.132636684049796	84.053424117093	5.0970371542893	0.13244715252220018	value	NPCr
16	inverse_cdf	22.5	9.845188206630063	8.463348065415014	63.89981139078416	5.613111813075143	0.13244715252220018	value	NPCr
16	inverse_cdf	23.0	1.3117062854989001	10.285457085412984	77.65706464462482	3.8745556458674324	0.13244715252220018	value	NPCr
16	inverse_cdf	24.0	-1.2947051260559732	10.371126439694448	78.30388379211163	4.448664146108021	0.13244715252220018	value	NPCr
16	inverse_cdf	25.5	5.720384992295191	8.090983913688733	61.0883945755841	3.8508000474400363	0.13244715252220018	value	NPCr
16	inverse_cdf	28.0	2.7569862127097515	5.609095895774489	42.349690340336444	4.625846639635031	0.13244715252220018	value	NPCr
16	inverse_cdf	32.5	-5.486979865719647	11.397284241977315	86.05156113165177	2.5132064942148427	0.13244715252220018	value	NPCr
16	inverse_cdf	36.5	-9.240025908287826	13.226118473799383	99.85959095332367	2.0465539913695148	0.13244715252220018	value	NPCr
16	inverse_cdf	39.0	-11.67123734501265	10.038708306129706	75.79406665195813	7.253223219078198	0.13244715252220018	value	NPCr
16	inverse_cdf	40.0	-16.090603257629702	9.721913633963265	73.402209476219	4.456799467543648	0.13244715252220018	value	NPCr
16	inverse_cdf	41.0	-10.479936551826317	9.751950959202539	73.62899672431962	3.051412061549305	0.13244715252220018	value	NPCr
16	inverse_cdf	41.5	-15.469921389004462	11.262603230948228	85.03469509516592	9.679474318174158	0.13244715252220018	value	NPCr
17	cdf	5.5	19.1480807775245	7.931393184574046	43.53925088862167	5.158655582012957	0.18216650545650054	value	NPCr
17	cdf	8.0	9.954504777974503	7.7625719496555865	42.612509529141775	3.785392973439831	0.18216650545650054	value	NPCr
17	cdf	10.0	6.445635560641268	5.37016865375138	29.479451451813244	6.972221527976133	0.18216650545650054	value	NPCr
17	cdf	11.0	7.413046928196607	9.567088057178086	52.51837066975305	6.290479244004546	0.18216650545650054	value	NPCr
17	cdf	11.5	9.373291813903819	10.516388621381378	57.729540318225965	3.6346042302208024	0.18216650545650054	value	NPCr
17	cdf	12.0	5.839837634176668	5.975997065795588	32.80513643723925	3.9361242428481944	0.18216650545650054	value	NPCr
17	cdf	12.5	7.695115069351477	10.288433190472546	56.47818277399693	6.830745273569179	0.18216650545650054	value	NPCr
17	cdf	13.0	7.924456588163295	8.624197420387144	47.3423882111331	4.815572823358801	0.18216650545650054	value	NPCr
17	cdf	14.0	8.40845353583071	7.676132622129806	42.13800227925427	5.147330745553683	0.18216650545650054	value	NPCr
17	cdf	16.0	5.962131633062192	7.045689768212432	38.67719672481102	4.242042560253845	0.18216650545650054	value	NPCr
17	cdf	18.5	1.6874975724551575	3.1547682607141647	17.318047864004782	3.6843561727981995	0.18216650545650054	value	NPCr
17	cdf	22.0	-1.675644720510686	6.199259748691104	34.03073321934818	3.1611510274189163	0.18216650545650054	value	NPCr
17	cdf	25.5	-1.7815627746284193	2.7286870310435494	14.979082044778705	3.0577951636719027	0.18216650545650054	value	NPCr
17	cdf	28.0	-5.045434383326217	9.194791555523878	50.47465521986147	3.0115210598187234	0.18216650545650054	value	NPCr
17	cdf	30.0	-5.292575967007529	5.027679913961857	27.59936521460261	6.814700959206393	0.18216650545650054	value	NPCr
17	cdf	31.0	-8.20968817458209	8.532722888051811	46.84024028824188	3.353149079247223	0.18216650545650054	value	NPCr
17	cdf	31.5	-5.732881537809693	7.040414663553805	38.64823912557834	4.976233109175921	0.18216650545650054	value	NPCr
17	cdf	32.0	-7.177904879153559	8.878319746458924	48.73738849087696	8.532531766607695	0.18216650545650054	value	NPCr
17	cdf	32.5	-12.12954345729693	7.98123112952848	43.81283545802175	2.662262125763861	0.18216650545650054	value	NPCr
17	cdf	33.0	-6.588952676499574	7.034082197279438	38.61347715735319	4.004946138132626	0.18216650545650054	value	NPCr
17	cdf	34.0	-8.898046679914813	6.999923871372567	38.42596559576687	3.951072852482552	0.18216650545650054	value	NPCr
17	cdf	36.0	-9.427681380854054	7.412649933502322	40.691618445040575	4.954207012359147	0.18216650545650054	value	NPCr
17	cdf	38.5	-16.06045239813256	4.793308435369363	26.31278688339309	6.077143572640038	0.18216650545650054	value	NPCr
17	inverse_cdf	2.5	16.426319193137026	7.358057165790673	67.33874128785894	2.394408568901803	0.10926930062943305	value	NPCr
17	inverse_cdf	3.0	16.119688940966583	7.357718494773853	67.33564187187595	3.7606960711551727	0.10926930062943305	value	NPCr
17	inverse_cdf	4.0	16.162346230622656	10.60528969672726	97.05644344419454	4.339706425308229	0.10926930062943305	value	NPCr
17	inverse_cdf	5.0	15.660878186146178	6.587065788081622	60.2828584985682	5.512591543383111	0.10926930062943305	value	NPCr
17	inverse_cdf	7.5	13.149671519331555	11.15120973103811	102.05254052879324	2.612314238831872	0.10926930062943305	value	NPCr
17	inverse_cdf	11.5	7.214969555695582	6.916621615106893	63.298854987306605	6.66943754534546	0.10926930062943305	value	NPCr
17	inverse_cdf	16.0	1.5331452998213244	7.828938474866376	71.6481063735989	4.396460809022426	0.10926930062943305	value	NPCr
17	inverse_cdf	18.5	3.781452501572076	11.387919704057799	104.21883949525638	3.154080742054939	0.10926930062943305	value	NPCr
17	inverse_cdf	20.0	3.77127987596522	6.653881148884871	60.89433272251186	3.444318954864399	0.10926930062943305	value	NPCr
17	inverse_cdf	21.0	2.0262058511296352	7.340126288102551	67.17464325131222	5.059054648195312	0.10926930062943305	value	NPCr
17	inverse_cdf	21.5	-2.951702692910164	6.611614371551752	60.50751980168556	2.9940405135680215	0.10926930062943305	value	NPCr
17	inverse_cdf	22.0	0.4878020179617657	0.2892730607920854	2.647340644863303	0.31451229574497674	0.10926930062943305	value	NPCr
17	inverse_cdf	22.5	-1.260163520305678	6.7966594773372515	62.20099733581059	4.335125303699543	0.10926930062943305	value	NPCr
17	inverse_cdf	23.0	1.322224989320894	3.2613142303163096	29.84657366277527	2.4212702319080575	0.10926930062943305	value	NPCr
17	inverse_cdf	24.0	-0.7287504408743537	8.991175855907677	82.28455571798354	3.31545877474771	0.10926930062943305	value	NPCr
17	inverse_cdf	25.5	-0.07099236573976597	6.955608179315333	63.65564837743414	4.873922318985935	0.10926930062943305	value	NPCr
17	inverse_cdf	28.0	-8.3725436511032	6.95913713799655	63.687944353164646	5.336727799100295	0.10926930062943305	value	NPCr
17	inverse_cdf	32.5	-4.680109167568865	6.9127293722295216	63.263234343127955	2.7710318941848877	0.10926930062943305	value	NPCr
17	inverse_cdf	36.5	-13.85845301961237	3.860835544608173	35.333213650753514	6.434642140621442	0.10926930062943305	value	NPCr
17	inverse_cdf	39.0	-16.99895373811956	5.4161195496002374	49.56670829227709	6.566814507717735	0.10926930062943305	value	NPCr
17	inverse_cdf	40.0	-16.44294254539734	9.907890151417089	90.67405112272014	5.194158706341083	0.10926930062943305	value	NPCr
17	inverse_cdf	41.0	-15.161542113980897	8.099828914874335	74.12721476403908	5.0179468440241015	0.10926930062943305	value	NPCr
17	inverse_cdf	41.5	-21.730749349949942	6.543044427273041	59.879988153878514	4.4529080753115124	0.10926930062943305	value	NPCr
18	cdf	5.5	7.428172394793178	10.948515591162694	32.83600527256329	2.635168851169704	0.33343019348065833	value	NPCr
18	cdf	8.0	2.6467578620383883	5.4933131314485415	16.475152037384994	1.9705317292348257	0.33343019348065833	value	NPCr
18	cdf	10.0	10.05766523365413	12.417610078090695	37.242008435001004	2.9487697468917737	0.33343019348065833	value	NPCr
18	cdf	11.0	5.445305101393274	8.298495386399551	24.888254119316677	2.347614781106776	0.33343019348065833	value	NPCr
18	cdf	11.5	7.229252982919675	9.805248361281933	29.407199926693853	1.8872741753846236	0.33343019348065833	value	NPCr
18	cdf	12.0	-0.5933754749046649	1.9040623153195202	5.710527578330939	1.2883823064859814	0.33343019348065833	value	NPCr
18	cdf	12.5	5.620475770398588	9.114817797094483	27.33650993614415	0.7125397654028647	0.33343019348065833	value	NPCr
18	cdf	13.0	6.070520309323527	10.413236640446435	31.2306349096441	1.2320954396905728	0.33343019348065833	value	NPCr
18	cdf	14.0	15.953674009699025	3.2971808082975813	9.88866897109258	2.1808426491377264	0.33343019348065833	value	NPCr
18	cdf	16.0	6.875932508686489	8.69261515042343	26.070269940708513	1.7005732437342822	0.33343019348065833	value	NPCr
18	cdf	18.5	2.6050785213592675	10.339245950472133	31.00872732172617	5.527211035222936	0.33343019348065833	value	NPCr
18	cdf	22.0	-5.798554880286169	13.86841776850496	41.59316714462285	3.2776388690141096	0.33343019348065833	value	NPCr
18	cdf	25.5	-1.1442512262082296	9.780794881094682	29.333860797048807	4.5383375553311796	0.33343019348065833	value	NPCr
18	cdf	28.0	-0.14563695883075312	5.212082149199087	15.63170418008779	1.3656563762313407	0.33343019348065833	value	NPCr
18	cdf	30.0	-3.914724608771504	5.521124596617903	16.55856219553246	1.3665825942494392	0.33343019348065833	value	NPCr
18	cdf	31.0	-1.2257954331070984	5.726501045088818	17.174512557816698	3.560545033212859	0.33343019348065833	value	NPCr
18	cdf	31.5	-11.694507570346026	9.279741511567279	27.83113735050986	1.0072070541332836	0.33343019348065833	value	NPCr
18	cdf	32.0	-15.073037923657175	9.758983797234404	29.268446553567752	4.520752996102953	0.33343019348065833	value	NPCr
18	cdf	32.5	-8.48635444034204	8.455974812514867	25.360555156218577	4.90748120571952	0.33343019348065833	value	NPCr
18	cdf	33.0	-7.0881273350342475	7.827638660822554	23.47609428861343	1.627747056122776	0.33343019348065833	value	NPCr
18	cdf	34.0	-4.005450474539746	8.114683654475666	24.336979113279924	2.464407066490961	0.33343019348065833	value	NPCr
18	cdf	36.0	-12.878788485376642	11.703652819788664	35.10075886534124	2.803880553874896	0.33343019348065833	value	NPCr
18	cdf	38.5	-14.24519520008856	13.604045918507621	40.800281991549056	3.6198228077862495	0.33343019348065833	value	NPCr
18	inverse_cdf	2.5	2.577463130548253	1.8168290492040151	9.23388037730007	2.2505585832846426	0.19675683190247747	value	NPCr
18	inverse_cdf	3.0	11.825695277093397	13.059021334313696	66.37137428999874	4.621986679795242	0.19675683190247747	value	NPCr
18	inverse_cdf	4.0	14.231590101289775	13.87269644696717	70.50680940951099	2.886810675135496	0.19675683190247747	value	NPCr
18	inverse_cdf	5.0	18.065004304457894	11.022861868106023	56.0227655706995	2.7125739610832236	0.19675683190247747	value	NPCr
18	inverse_cdf	7.5	4.197988838342898	5.882947706527548	29.89958544079136	1.9073473665390472	0.19675683190247747	value	NPCr
18	inverse_cdf	11.5	0.2692761565512143	9.78541226137424	49.73353233408627	2.9810298616525936	0.19675683190247747	value	NPCr
18	inverse_cdf	16.0	6.659919119898504	8.910953984134133	45.289171908149285	1.4090436661057248	0.19675683190247747	value	NPCr
18	inverse_cdf	18.5	7.269047795757388	7.451473101116073	37.87148344007387	1.4264896396239184	0.19675683190247747	value	NPCr
18	inverse_cdf	20.0	7.057786428214484	6.184653515506256	31.432979763425344	3.153872163978557	0.19675683190247747	value	NPCr
18	inverse_cdf	21.0	0.6854327061726266	9.925967905286377	50.44789453718275	2.207966789703332	0.19675683190247747	value	NPCr
18	inverse_cdf	21.5	-3.5407166096726215	9.431207900535705	47.93331855033264	4.925086213977464	0.19675683190247747	value	NPCr
18	inverse_cdf	22.0	-12.309840844988795	7.505265617369062	38.14487936606464	3.453803596198323	0.19675683190247747	value	NPCr
18	inverse_cdf	22.5	-1.9676885224578378	9.067848336627176	46.08657421929651	1.6851403111493233	0.19675683190247747	value	NPCr
18	inverse_cdf	23.0	6.324531259409369	3.1396897298893576	15.957208192117795	3.4431092779722903	0.19675683190247747	value	NPCr
18	inverse_cdf	24.0	3.391297364972548	7.415705525690681	37.68969775527935	2.818166432468736	0.19675683190247747	value	NPCr
18	inverse_cdf	25.5	0.24621260617293217	3.7595346960098466	19.107517943129213	5.576032035903303	0.19675683190247747	value	NPCr
18	inverse_cdf	28.0	-9.55044930728699	8.407339861679544	42.7295956149906	3.5493312967621935	0.19675683190247747	value	NPCr
18	inverse_cdf	32.5	-9.294111573921107	13.60252033669812	69.13366212076544	4.1885524634546485	0.19675683190247747	value	NPCr
18	inverse_cdf	36.5	-16.94944198755737	14.592740123982841	74.16637065601734	3.4952554935097377	0.19675683190247747	value	NPCr
18	inverse_cdf	39.0	-14.195430934595134	11.296489365705172	57.41345424439583	2.7657054785194575	0.19675683190247747	value	NPCr
18	inverse_cdf	40.0	-17.47613728204746	13.279423621867219	67.49155032364602	3.790542776724679	0.19675683190247747	value	NPCr
18	inverse_cdf	41.0	-18.493077804047367	5.837777210584255	29.67001020568246	4.5320673430346154	0.19675683190247747	value	NPCr
18	inverse_cdf	41.5	-25.698640080817324	10.431517947334056	53.01730997836171	2.296970798075994	0.19675683190247747	value	NPCr
19	cdf	5.5	6.956333403314616	6.2025126365795185	35.66153710828891	3.214497344573175	0.17392723756536704	value	NPCr
19	cdf	8.0	10.908118917992034	12.72111620638249	73.14044875577073	1.5736993156208299	0.17392723756536704	value	NPCr
19	cdf	10.0	-1.0835278313837478	4.718929645015473	27.131631083613104	4.094687383653541	0.17392723756536704	value	NPCr
19	cdf	11.0	5.008900657246322	9.007611416539614	51.78953879006033	1.304060397595117	0.17392723756536704	value	NPCr
19	cdf	11.5	-0.6718655538004548	10.31929662826044	59.33111324430793	3.0790040624229844	0.17392723756536704	value	NPCr
19	cdf	12.0	1.4395089515162702	11.792140879447357	67.79927655100897	2.3242485820951364	0.17392723756536704	value	NPCr
19	cdf	12.5	5.226856012749543	12.935945688530332	74.3756174685901	3.625693697513814	0.17392723756536704	value	NPCr
19	cdf	13.0	5.2070614404812865	11.803293557911084	67.8633992187397	3.782615057711042	0.17392723756536704	value	NPCr
19	cdf	14.0	5.7284169245409515	11.654814223460606	67.00971272012745	2.1777789752342738	0.17392723756536704	value	NPCr
19	cdf	16.0	4.045150520027978	10.841575148490541	62.333969654499654	2.2595343324529233	0.17392723756536704	value	NPCr
19	cdf	18.5	4.573562424786541	10.522930638523112	60.501913247304245	2.4588942682348343	0.17392723756536704	value	NPCr
19	cdf	22.0	-10.35364217801139	10.460402231692408	60.142404249714346	2.9815570446776167	0.17392723756536704	value	NPCr
19	cdf	25.5	-0.22390474887790646	5.839363552765197	33.573600285410095	2.368529441490356	0.17392723756536704	value	NPCr
19	cdf	28.0	-10.64396417979971	11.795816728872436	67.82041096029721	3.9998657201966106	0.17392723756536704	value	NPCr
19	cdf	30.0	-8.632695319554209	7.6148807933645974	43.78199125081083	1.6199233109353313	0.17392723756536704	value	NPCr
19	cdf	31.0	-9.220134450494843	12.246191063249215	70.40985204313805	1.6297917110331568	0.17392723756536704	value	NPCr
19	cdf	31.5	-17.18379997876641	11.950264785811182	68.70841481237184	1.1487042439288133	0.17392723756536704	value	NPCr
19	cdf	32.0	-18.4449262574326	13.787886418672795	79.27387689056405	3.0328589497673524	0.17392723756536704	value	NPCr
19	cdf	32.5	-15.010523687383824	15.383983440791422	88.45068579330285	3.022243975962012	0.17392723756536704	value	NPCr
19	cdf	33.0	-13.41605317332365	12.771171006787277	73.42824036969765	4.785449215591054	0.17392723756536704	value	NPCr
19	cdf	34.0	-16.37288397282323	10.088467312108683	58.003952993947465	5.244727280616818	0.17392723756536704	value	NPCr
19	cdf	36.0	-14.681549783332745	11.720980278757484	67.39013648941783	3.8240825107404737	0.17392723756536704	value	NPCr
19	cdf	38.5	-15.517572819269972	13.051874300880327	75.04215258967155	2.634957890513156	0.17392723756536704	value	NPCr
19	inverse_cdf	2.5	16.182639086169708	12.209087007212208	64.9092738387793	7.216367226589149	0.18809464788555422	value	NPCr
19	inverse_cdf	3.0	9.320589246017688	11.652211649144796	61.94866137942723	5.465897465103444	0.18809464788555422	value	NPCr
19	inverse_cdf	4.0	3.3950795159024256	7.851683617497575	41.74325907601005	1.7265988879799983	0.18809464788555422	value	NPCr
19	inverse_cdf	5.0	4.463125243061594	8.456298069038544	44.957675107182	1.4290311546223222	0.18809464788555422	value	NPCr
19	inverse_cdf	7.5	5.330174688343778	9.631557882954617	51.2059114452577	3.412021018972215	0.18809464788555422	value	NPCr
19	inverse_cdf	11.5	8.427123034412453	9.138174527182754	48.58285246235638	2.2028063827297615	0.18809464788555422	value	NPCr
19	inverse_cdf	16.0	0.8604401347083126	10.515018293085971	55.902804313091416	3.722399709566242	0.18809464788555422	value	NPCr
19	inverse_cdf	18.5	-2.5767013439993	11.765314455926712	62.54996932759773	2.04043886785971	0.18809464788555422	value	NPCr
19	inverse_cdf	20.0	-2.5497567989399563	8.798737493542697	46.77824484881819	1.9313970795080575	0.18809464788555422	value	NPCr
19	inverse_cdf	21.0	0.888914731934733	12.601159253473597	66.99371510634765	1.8703408008888052	0.18809464788555422	value	NPCr
19	inverse_cdf	21.5	-8.958794811683955	11.693969005961764	62.17066321353776	1.7312176349007986	0.18809464788555422	value	NPCr
19	inverse_cdf	22.0	-12.697481054327117	9.202694923315333	48.92587336623577	2.6181344531515274	0.18809464788555422	value	NPCr
19	inverse_cdf	22.5	-5.67102536041061	9.853509192611417	52.38590945238784	2.560325175434131	0.18809464788555422	value	NPCr
19	inverse_cdf	23.0	0.7304946627316404	8.736832160192325	46.44912685398806	2.291393633887518	0.18809464788555422	value	NPCr
19	inverse_cdf	24.0	-4.067400894501709	6.419443053020918	34.12879167581001	5.306144950061233	0.18809464788555422	value	NPCr
19	inverse_cdf	25.5	-9.519160694082943	14.373675500945811	76.41724877621954	2.634819444376183	0.18809464788555422	value	NPCr
19	inverse_cdf	28.0	-7.567136809942031	9.988096705071278	53.101440244852235	2.5509757573504706	0.18809464788555422	value	NPCr
19	inverse_cdf	32.5	-12.258778812108854	9.524585031377763	50.63719323461546	1.6600659811477132	0.18809464788555422	value	NPCr
19	inverse_cdf	36.5	-12.879956366985947	8.087732674161293	42.99820736569951	4.644623848125848	0.18809464788555422	value	NPCr
19	inverse_cdf	39.0	-17.328783947015474	9.022213562501799	47.966349196662655	3.1374995890685318	0.18809464788555422	value	NPCr
19	inverse_cdf	40.0	-23.058824677417284	10.326344296087283	54.899724219534015	2.0423928229868347	0.18809464788555422	value	NPCr
19	inverse_cdf	41.0	-21.37615354453186	12.909239899873697	68.6316173532396	2.1731075200260013	0.18809464788555422	value	NPCr
19	inverse_cdf	41.5	-25.807988720673155	12.815082083154833	68.13102992144754	2.20851328933439	0.18809464788555422	value	NPCr
20	cdf	5.5	17.259051749322982	12.146003261468094	33.565426110100084	2.9384337252166404	0.361860541309001	value	NPCr
20	cdf	8.0	6.23960556590797	10.698050292926775	29.564014507432752	3.6138288867994572	0.361860541309001	value	NPCr
20	cdf	10.0	14.794084737220505	14.26960519860669	39.43399063901125	2.4966062724678633	0.361860541309001	value	NPCr
20	cdf	11.0	2.946743133339666	11.584018833172484	32.012384636546	4.369749170706661	0.361860541309001	value	NPCr
20	cdf	11.5	9.207254212660441	9.191176659973198	25.399775910147223	2.294630800824738	0.361860541309001	value	NPCr
20	cdf	12.0	3.67125932213858	10.194626783574046	28.17280587348876	2.1350152492666945	0.361860541309001	value	NPCr
20	cdf	12.5	11.47113849327556	12.04815510591929	33.29502316648306	5.200080332378551	0.361860541309001	value	NPCr
20	cdf	13.0	3.7559758413558484	6.89979113910734	19.067542192215566	3.9996665404736405	0.361860541309001	value	NPCr
20	cdf	14.0	6.464750577296574	12.213258563777243	33.7512858395579	1.3054841212834	0.361860541309001	value	NPCr
20	cdf	16.0	6.740575366396815	11.596794150492382	32.04768916926373	1.813264792175627	0.361860541309001	value	NPCr
20	cdf	18.5	3.2558884023970904	8.347918762456084	23.069436452668114	3.949548915314587	0.361860541309001	value	NPCr
20	cdf	22.0	2.9927798910770953	10.789170782188835	29.815825575123192	5.026150484110541	0.361860541309001	value	NPCr
20	cdf	25.5	-2.273315185807956	12.319093274801961	34.043759593788934	3.124126827881205	0.361860541309001	value	NPCr
20	cdf	28.0	-2.6043009614348733	12.608532844567119	34.84362456032586	2.9415902007594434	0.361860541309001	value	NPCr
20	cdf	30.0	-6.306708185668562	11.869394211153319	32.8010182271235	2.343885082694159	0.361860541309001	value	NPCr
20	cdf	31.0	-1.8181651664234444	11.318737025016276	31.27927953700524	3.0987637407198765	0.361860541309001	value	NPCr
20	cdf	31.5	2.212554505966331	3.022725847211225	8.353289464158653	4.683033759364088	0.361860541309001	value	NPCr
20	cdf	32.0	3.890683197291665	9.705430082819754	26.82091296196914	2.8128306425219636	0.361860541309001	value	NPCr
20	cdf	32.5	-9.378603705226787	11.929441081026914	32.96695748553609	2.6952509678447845	0.361860541309001	value	NPCr
20	cdf	33.0	-4.990889145073705	11.218019929236588	31.00094828979229	4.8567497897909995	0.361860541309001	value	NPCr
20	cdf	34.0	-9.037849401304527	12.54440922427055	34.666419220211665	2.7684013795094113	0.361860541309001	value	NPCr
20	cdf	36.0	-13.103073459084548	11.955910269458116	33.04010497029763	2.5350472205414865	0.361860541309001	value	NPCr
20	cdf	38.5	-7.784907862059104	13.350396610550044	36.89376178528909	2.871091807721327	0.361860541309001	value	NPCr
20	inverse_cdf	2.5	11.292073093129062	13.336310066085854	81.30466791416653	1.2109547305740893	0.1640288363291148	value	NPCr
20	inverse_cdf	3.0	14.639112154278962	14.80480242425506	90.2573154548877	3.4195967582868536	0.1640288363291148	value	NPCr
20	inverse_cdf	4.0	14.812680023834737	14.19441968668219	86.53612379595177	1.5136998375577284	0.1640288363291148	value	NPCr
20	inverse_cdf	5.0	12.25588402178687	14.37768902952814	87.65342333271268	2.67267570996685	0.1640288363291148	value	NPCr
20	inverse_cdf	7.5	15.17519051593366	11.794504667366448	71.90506822654906	2.3969513292626266	0.1640288363291148	value	NPCr
20	inverse_cdf	11.5	6.706694974228682	8.183491703634264	49.89056733423713	3.7123922166745924	0.1640288363291148	value	NPCr
20	inverse_cdf	16.0	7.346803421703228	12.620650577437047	76.94165769800627	1.9010008636497195	0.1640288363291148	value	NPCr
20	inverse_cdf	18.5	-1.5171811694350694	7.102708853390295	43.30158655237364	3.9928903522066252	0.1640288363291148	value	NPCr
20	inverse_cdf	20.0	0.452788260187468	11.77424822603003	71.78157505431332	2.2857295238026913	0.1640288363291148	value	NPCr
20	inverse_cdf	21.0	3.303256282367215	11.965192811976731	72.94566662638046	4.104238749377077	0.1640288363291148	value	NPCr
20	inverse_cdf	21.5	7.0741128479529465	8.389804004711104	51.14834801289101	3.327603539180118	0.1640288363291148	value	NPCr
20	inverse_cdf	22.0	7.7919318647171	12.014370005367654	73.24547484602941	3.6294398227888056	0.1640288363291148	value	NPCr
20	inverse_cdf	22.5	-0.4332058219639876	8.136977476455876	49.6069938588693	3.026143045050132	0.1640288363291148	value	NPCr
20	inverse_cdf	23.0	0.715388356766752	7.223203807255188	44.03618271583802	4.082076349864561	0.1640288363291148	value	NPCr
20	inverse_cdf	24.0	-6.375994513000656	5.3659093928440305	32.713207707440105	4.406997848131693	0.1640288363291148	value	NPCr
20	inverse_cdf	25.5	-6.493831403258827	14.433206603940885	87.99188561565757	3.3679006047315485	0.1640288363291148	value	NPCr
20	inverse_cdf	28.0	-4.376199287577997	11.358676919582274	69.24804914662515	2.8134206288441512	0.1640288363291148	value	NPCr
20	inverse_cdf	32.5	-7.290815821039885	12.401068835793756	75.60298002060867	4.048025600026987	0.1640288363291148	value	NPCr
20	inverse_cdf	36.5	-17.608966831154753	8.652226994500452	52.74820688930718	2.5105621154710875	0.1640288363291148	value	NPCr
20	inverse_cdf	39.0	-13.528164215572744	14.63109030709986	89.19828143963288	2.382404717997294	0.1640288363291148	value	NPCr
20	inverse_cdf	40.0	-23.981480335660592	11.028019771066216	67.23220147059449	3.6544190974669135	0.1640288363291148	value	NPCr
20	inverse_cdf	41.0	-15.677318430861778	13.996494354897544	85.32947418351705	3.3497923057852086	0.1640288363291148	value	NPCr
20	inverse_cdf	41.5	-11.620691514081443	14.247827275254764	86.86172257338512	3.4467661397245957	0.1640288363291148	value	NPCr
21	cdf	5.5	13.168565511333654	13.814046616677683	97.23753017396024	3.804186607384383	0.1420649680423189	value	NPCr
21	cdf	8.0	16.403653534688956	15.094418298535164	106.25010871109882	1.8159017096517274	0.1420649680423189	value	NPCr
21	cdf	10.0	8.114246451581788	12.785933968400624	90.00061130194952	5.122628256535987	0.1420649680423189	value	NPCr
21	cdf	11.0	8.764462968262016	9.510946038926473	66.94786315014207	5.2960027200992	0.1420649680423189	value	NPCr
21	cdf	11.5	6.174055479468823	12.081081195669272	85.03912936559074	1.2526202623106228	0.1420649680423189	value	NPCr
21	cdf	12.0	8.563795654754301	10.08915169608005	71.01787185898392	4.874139093854628	0.1420649680423189	value	NPCr
21	cdf	12.5	10.136745853230657	11.403537927054877	80.26987993027207	3.169490145895671	0.1420649680423189	value	NPCr
21	cdf	13.0	9.535376817826062	10.669004191638933	75.09947271772732	4.198745456023479	0.1420649680423189	value	NPCr
21	cdf	14.0	10.105366349063278	8.47377822506016	59.64720466861299	3.6732697223242443	0.1420649680423189	value	NPCr
21	cdf	16.0	8.837072410121966	10.43570041171363	73.45723970884221	3.2387563477523935	0.1420649680423189	value	NPCr
21	cdf	18.5	4.456133415772989	7.105724144595615	50.01742683304537	3.6298936058423665	0.1420649680423189	value	NPCr
21	cdf	22.0	5.190348480053558	8.46975070101972	59.61885479393283	3.4205656341870196	0.1420649680423189	value	NPCr
21	cdf	25.5	2.036933414657753	9.934370182905347	69.9283596779894	3.2347842423518642	0.1420649680423189	value	NPCr
21	cdf	28.0	-4.0813076253269	10.944215201350758	77.03669210055114	4.128505246684428	0.1420649680423189	value	NPCr
21	cdf	30.0	-5.440281574355886	10.062142198094845	70.82775111100923	3.3019705341279515	0.1420649680423189	value	NPCr
21	cdf	31.0	-6.815930939731835	11.836161137463266	83.3151289904029	3.6336418536818806	0.1420649680423189	value	NPCr
21	cdf	31.5	-5.889013158210187	7.326716814665342	51.57300153323392	3.7090655169738724	0.1420649680423189	value	NPCr
21	cdf	32.0	-12.85896383429857	6.155372679579282	43.327871497114565	6.585244394673308	0.1420649680423189	value	NPCr
21	cdf	32.5	-4.693088876264916	8.957302587898484	63.050748621083315	4.455163106683257	0.1420649680423189	value	NPCr
21	cdf	33.0	-3.3631633813025417	12.129180568443314	85.37770243843804	2.734401990285312	0.1420649680423189	value	NPCr
21	cdf	34.0	-12.108435246450814	11.678573938181458	82.20586749227716	4.358134972106953	0.1420649680423189	value	NPCr
21	cdf	36.0	-10.694055221843332	10.697176113098699	75.29777580291419	2.200521625810996	0.1420649680423189	value	NPCr
21	cdf	38.5	-17.85245394046663	14.57043901444103	102.56180123238212	3.0708714905213714	0.1420649680423189	value	NPCr
21	inverse_cdf	2.5	17.16452702392438	14.61210398000666	213.30793655367066	2.2528353472338685	0.0685023924383146	value	NPCr
21	inverse_cdf	3.0	11.68880932142884	10.004615552855919	146.04768091661802	3.310409061874215	0.0685023924383146	value	NPCr
21	inverse_cdf	4.0	19.267739904773023	11.915144488712054	173.9376401990845	5.999211696284875	0.0685023924383146	value	NPCr
21	inverse_cdf	5.0	18.681700980599942	13.439129907105137	196.18482550382274	3.7842199975782567	0.0685023924383146	value	NPCr
21	inverse_cdf	7.5	16.581221937807204	12.492607986528617	182.36746983367078	3.3920611969576653	0.0685023924383146	value	NPCr
21	inverse_cdf	11.5	9.407091291899992	9.781061918219942	142.78423818595306	2.402165677856237	0.0685023924383146	value	NPCr
21	inverse_cdf	16.0	5.585606347289314	10.67824857461908	155.8813961750998	4.089941601474454	0.0685023924383146	value	NPCr
21	inverse_cdf	18.5	0.08779453434813078	11.366215646918338	165.92436033753782	2.159049488793375	0.0685023924383146	value	NPCr
21	inverse_cdf	20.0	-1.3699808871471646	10.860750980910904	158.5455718308065	4.528515034089843	0.0685023924383146	value	NPCr
21	inverse_cdf	21.0	-5.937518264046467	10.055896041428985	146.79627504227932	3.0320419050658294	0.0685023924383146	value	NPCr
21	inverse_cdf	21.5	9.122158645589955	7.284770205309864	106.34329613917781	3.7024656622590206	0.0685023924383146	value	NPCr
21	inverse_cdf	22.0	4.093429219449526	5.7936753699796135	84.57624856236566	4.967411715192235	0.0685023924383146	value	NPCr
21	inverse_cdf	22.5	-1.5090175940396193	11.639100793522898	169.90794597435027	2.8161871648501577	0.0685023924383146	value	NPCr
21	inverse_cdf	23.0	-4.715131223793296	10.671989364319659	155.7900240335347	3.2741382337340017	0.0685023924383146	value	NPCr
21	inverse_cdf	24.0	-3.9005963385498603	10.679025934254526	155.89274409460708	5.286658837059984	0.0685023924383146	value	NPCr
21	inverse_cdf	25.5	5.214965449623151	8.317098519078343	121.41325613653228	4.269760030070927	0.0685023924383146	value	NPCr
21	inverse_cdf	28.0	-8.599439254195936	12.463044466615875	181.93590067439854	2.6806464606875746	0.0685023924383146	value	NPCr
21	inverse_cdf	32.5	-17.347428919471795	10.801331878497063	157.6781699737495	4.832722677806353	0.0685023924383146	value	NPCr
21	inverse_cdf	36.5	-16.32344048455505	11.28925812007244	164.80093202931928	5.570831775997204	0.0685023924383146	value	NPCr
21	inverse_cdf	39.0	-9.68404754646016	14.745465851665227	215.25475719615636	2.392547441743769	0.0685023924383146	value	NPCr
21	inverse_cdf	40.0	-17.37342534655632	12.351725469416717	180.31086258102977	5.254480665152428	0.0685023924383146	value	NPCr
21	inverse_cdf	41.0	-9.743238084202048	12.011974444447631	175.35116682624243	2.2094506485547294	0.0685023924383146	value	NPCr
21	inverse_cdf	41.5	-25.727483520411766	17.6037057382639	256.9794296471584	1.8095096195238047	0.0685023924383146	value	NPCr
22	cdf	5.5	13.391836858532407	8.303537279700409	77.94660306084828	4.6222634941899905	0.10652853304227167	value	NPCr
22	cdf	8.0	6.737140330757864	10.014506682834195	94.00774043194917	4.353351258597888	0.10652853304227167	value	NPCr
22	cdf	10.0	11.404948868920776	9.567927909725475	89.81563564691929	4.909981087325242	0.10652853304227167	value	NPCr
22	cdf	11.0	8.909073908624297	10.40232582300404	97.64825935297809	4.549158833320943	0.10652853304227167	value	NPCr
22	cdf	11.5	11.51326598592994	10.874899035647799	102.08437800727549	1.9018337376026357	0.10652853304227167	value	NPCr
22	cdf	12.0	8.71166987967161	11.496000966842217	107.91475897148119	2.344368645697217	0.10652853304227167	value	NPCr
22	cdf	12.5	0.21754710531606136	10.863951355385145	101.98161042050783	5.4221429556948	0.10652853304227167	value	NPCr
22	cdf	13.0	-1.1547888993257054	6.392641062744672	60.008721421217764	3.3866373560888787	0.10652853304227167	value	NPCr
22	cdf	14.0	7.176353150851334	7.534434398256608	70.72691403031772	5.707882642290914	0.10652853304227167	value	NPCr
22	cdf	16.0	0.27894758534484154	7.2508234898990915	68.06461407876411	4.615351132292351	0.10652853304227167	value	NPCr
22	cdf	18.5	1.232365292734496	8.751390015617183	82.1506667339964	5.049905792775025	0.10652853304227167	value	NPCr
22	cdf	22.0	-6.764783471610283	8.117269290215848	76.19807631252021	2.8333896909268734	0.10652853304227167	value	NPCr
22	cdf	25.5	-6.560560274278046	10.684171186500127	100.29398585879834	2.591975932701545	0.10652853304227167	value	NPCr
22	cdf	28.0	-11.06143942351527	7.619010252158436	71.52084079797785	3.9256306832939334	0.10652853304227167	value	NPCr
22	cdf	30.0	-7.897048470408745	6.449348231801585	60.541040485767454	4.174530072057463	0.10652853304227167	value	NPCr
22	cdf	31.0	-11.359507798374999	7.82791933634694	73.48190304320381	4.538404814107812	0.10652853304227167	value	NPCr
22	cdf	31.5	-9.580856135397436	12.628984660992149	118.5502540993485	3.874153870500792	0.10652853304227167	value	NPCr
22	cdf	32.0	-9.163779100085947	11.1852033724829	104.99725334661738	4.891424258008929	0.10652853304227167	value	NPCr
22	cdf	32.5	-17.130556702256325	9.488749524361888	89.07237576055468	4.112888058405908	0.10652853304227167	value	NPCr
22	cdf	33.0	-10.911382481100034	9.818730030173159	92.16995437529381	4.757795117617395	0.10652853304227167	value	NPCr
22	cdf	34.0	-10.982374523618361	12.387139470289451	116.28001547129257	4.362934642364881	0.10652853304227167	value	NPCr
22	cdf	36.0	-6.177384492560726	8.972416134369357	84.22547347769265	4.017390781045193	0.10652853304227167	value	NPCr
22	cdf	38.5	-25.684286049396626	7.093267230260413	66.58560882881706	3.415297684080814	0.10652853304227167	value	NPCr
22	inverse_cdf	2.5	0.9686497391936348	1.9149176701894925	8.418303440672448	0.7467669460346292	0.22747073489151046	value	NPCr
22	inverse_cdf	3.0	13.405109243524755	11.26144962242378	49.507245966364856	3.6020341154334803	0.22747073489151046	value	NPCr
22	inverse_cdf	4.0	7.9975762276249345	12.129887735186543	53.32504746587183	3.497095316740492	0.22747073489151046	value	NPCr
22	inverse_cdf	5.0	11.484831488110945	13.384395777996462	58.8400779747777	3.537481838807027	0.22747073489151046	value	NPCr
22	inverse_cdf	7.5	14.288351927786408	10.865752850363238	47.76769572378413	4.762559007512145	0.22747073489151046	value	NPCr
22	inverse_cdf	11.5	16.7090824691655	7.573183782500895	33.29300266301438	3.369297610683023	0.22747073489151046	value	NPCr
22	inverse_cdf	16.0	7.434748882583456	9.441300819200652	41.50556256699822	3.853423654773117	0.22747073489151046	value	NPCr
22	inverse_cdf	18.5	3.7493897734124886	8.290318121890264	36.445647066838006	5.178885585913591	0.22747073489151046	value	NPCr
22	inverse_cdf	20.0	-0.5812055668341785	12.448822918477743	54.72714072170675	2.3285504466364317	0.22747073489151046	value	NPCr
22	inverse_cdf	21.0	5.0386489745206475	8.815233264226395	38.75326322056645	4.034894820971563	0.22747073489151046	value	NPCr
22	inverse_cdf	21.5	-3.221506196910674	12.96340223338483	56.98931882190285	3.199445464876523	0.22747073489151046	value	NPCr
22	inverse_cdf	22.0	-2.3947890223483697	9.476774052366418	41.66150892723082	4.186870262867073	0.22747073489151046	value	NPCr
22	inverse_cdf	22.5	0.7443761241951563	7.068795845919488	31.075627593548983	4.711930161658362	0.22747073489151046	value	NPCr
22	inverse_cdf	23.0	0.35423547919621257	5.9930700115505795	26.346554049728223	3.0804433101328836	0.22747073489151046	value	NPCr
22	inverse_cdf	24.0	2.880258844661345	3.586548038336884	15.767074564767405	2.72738585442772	0.22747073489151046	value	NPCr
22	inverse_cdf	25.5	-4.834848111478493	12.029490662654261	52.883684876613195	3.957717227208661	0.22747073489151046	value	NPCr
22	inverse_cdf	28.0	-8.368277090402685	5.98054252017356	26.291481069096253	4.404854961803643	0.22747073489151046	value	NPCr
22	inverse_cdf	32.5	-3.9047085115636797	4.338343902420292	19.07209692046502	5.173806030293294	0.22747073489151046	value	NPCr
22	inverse_cdf	36.5	-6.193066795223196	5.797655135947332	25.487477053751363	3.292792013945357	0.22747073489151046	value	NPCr
22	inverse_cdf	39.0	-12.679798149703931	10.574182924856789	46.48590479078561	3.015068344194531	0.22747073489151046	value	NPCr
22	inverse_cdf	40.0	-21.69427970396336	15.020257168571085	66.03160259597712	3.016418337240696	0.22747073489151046	value	NPCr
22	inverse_cdf	41.0	-12.800896695360873	9.186463201649923	40.38525310093758	5.809917824692987	0.22747073489151046	value	NPCr
22	inverse_cdf	41.5	-29.44233860281211	9.341296095657107	41.06592481055785	2.0226554112892963	0.22747073489151046	value	NPCr
23	cdf	5.5	7.683538629352974	13.138697488752612	55.614282368614305	3.3536110856764356	0.23624682238401737	value	NPCr
23	cdf	8.0	7.312060132377518	7.581947380124605	32.09333062605265	4.800276612206675	0.23624682238401737	value	NPCr
23	cdf	10.0	8.49769201717217	14.448028799632365	61.1565000275314	5.41714389691939	0.23624682238401737	value	NPCr
23	cdf	11.0	11.598478839577915	13.78246028429212	58.33924090580502	4.5896600658507944	0.23624682238401737	value	NPCr
23	cdf	11.5	9.85040830745982	12.790103438644726	54.13873215130281	5.063555470447909	0.23624682238401737	value	NPCr
23	cdf	12.0	10.161828437903466	12.11342896219797	51.27446303810041	5.58445971374884	0.23624682238401737	value	NPCr
23	cdf	12.5	9.431871278807193	9.179913149633895	38.8572978759986	5.648680609273238	0.23624682238401737	value	NPCr
23	cdf	13.0	6.341836349324723	12.451337858310051	52.704784482013046	5.362684112749828	0.23624682238401737	value	NPCr
23	cdf	14.0	9.165584455432004	12.716894703185423	53.828849737983816	5.772358532202293	0.23624682238401737	value	NPCr
23	cdf	16.0	4.787229575399962	9.41600433207513	39.85663907372895	5.734201971826607	0.23624682238401737	value	NPCr
23	cdf	18.5	8.209918299274705	12.390676439720535	52.44801311900647	3.8708173696893486	0.23624682238401737	value	NPCr
23	cdf	22.0	0.37761954157191724	13.232405036905586	56.010933410128224	5.487830801322043	0.23624682238401737	value	NPCr
23	cdf	25.5	-1.3771194921719214	9.989698027071691	42.28500483631274	3.8554161742626296	0.23624682238401737	value	NPCr
23	cdf	28.0	-0.18762973153248907	6.023267372619957	25.49565455246286	5.800575959163741	0.23624682238401737	value	NPCr
23	cdf	30.0	-4.575304108222404	12.0976984452893	51.2078779439606	4.81445698826797	0.23624682238401737	value	NPCr
23	cdf	31.0	-8.934237564178929	11.006876738236782	46.59058110142616	3.721696105648621	0.23624682238401737	value	NPCr
23	cdf	31.5	-10.956472598084343	11.551840314329649	48.89733625941526	2.4894427809860824	0.23624682238401737	value	NPCr
23	cdf	32.0	-10.112136587123132	11.610682141284613	49.146405543654424	4.7383908495879705	0.23624682238401737	value	NPCr
23	cdf	32.5	-2.4259943085568523	11.470028536222092	48.55103836096322	5.447750662788383	0.23624682238401737	value	NPCr
23	cdf	33.0	-12.264135642206774	11.431668891943293	48.388667312363694	3.751490446365718	0.23624682238401737	value	NPCr
23	cdf	34.0	-5.714763517720222	8.149997516157859	34.49780798706406	5.357558015415666	0.23624682238401737	value	NPCr
23	cdf	36.0	-9.945959425051406	11.216651934063757	47.47853038137875	4.116833499064429	0.23624682238401737	value	NPCr
23	cdf	38.5	-14.343921489188947	10.013623290996282	42.38627715685934	8.462800887167147	0.23624682238401737	value	NPCr
23	inverse_cdf	2.5	14.72251364068476	15.88964245909153	75.28426078358167	4.514048562396292	0.21106194433879352	value	NPCr
23	inverse_cdf	3.0	6.62371042700425	9.373860779368064	44.412841967954584	1.7187296615736445	0.21106194433879352	value	NPCr
23	inverse_cdf	4.0	10.585118756276952	12.084544100180246	57.25591194584237	4.529141363253851	0.21106194433879352	value	NPCr
23	inverse_cdf	5.0	6.982718561073749	8.34130083105116	39.52062915549488	3.5777873665261652	0.21106194433879352	value	NPCr
23	inverse_cdf	7.5	11.21841005074927	12.877387972428371	61.012363042376684	3.7483713325105903	0.21106194433879352	value	NPCr
23	inverse_cdf	11.5	7.389105185573854	10.029785590565215	47.520578008442634	3.549875106944202	0.21106194433879352	value	NPCr
23	inverse_cdf	16.0	0.08938329063315109	11.416420150114861	54.090377049637105	3.036119196079163	0.21106194433879352	value	NPCr
23	inverse_cdf	18.5	5.917709476181763	12.592400673036913	59.662108735356746	4.841948745349415	0.21106194433879352	value	NPCr
23	inverse_cdf	20.0	-0.13217713479245674	6.676792921168641	31.634281310567058	4.583886487261632	0.21106194433879352	value	NPCr
23	inverse_cdf	21.0	-2.3221088534749725	10.500420923696645	49.750422590827284	4.597625080250005	0.21106194433879352	value	NPCr
23	inverse_cdf	21.5	-2.9239953208194187	7.530241169994832	35.677872643433055	5.0959134819882	0.21106194433879352	value	NPCr
23	inverse_cdf	22.0	2.580425203723337	10.831771010214746	51.320341258809535	6.059761086759549	0.21106194433879352	value	NPCr
23	inverse_cdf	22.5	-3.913214269894638	12.242242324793844	58.00307754742739	5.844422047169405	0.21106194433879352	value	NPCr
23	inverse_cdf	23.0	1.9309091433022907	12.498868822589664	59.218959920726704	4.591566042622238	0.21106194433879352	value	NPCr
23	inverse_cdf	24.0	-4.161741862374974	12.921978817025403	61.22363203611558	3.429545950739568	0.21106194433879352	value	NPCr
23	inverse_cdf	25.5	-1.1262801515683236	7.685521390784854	36.41358187456176	1.4993647542084783	0.21106194433879352	value	NPCr
23	inverse_cdf	28.0	-8.161135129232264	7.028189331369018	33.29917836863794	5.280166961596695	0.21106194433879352	value	NPCr
23	inverse_cdf	32.5	-11.36431684983624	13.316918631734884	63.094835373821645	6.520039047076177	0.21106194433879352	value	NPCr
23	inverse_cdf	36.5	-10.926553057878671	8.246831494678196	39.073038583594695	6.940906799368743	0.21106194433879352	value	NPCr
23	inverse_cdf	39.0	-13.333432615314685	12.490675195816216	59.18013896321531	3.96600110596909	0.21106194433879352	value	NPCr
23	inverse_cdf	40.0	-19.228643306119395	12.485497918129186	59.15560930343581	5.308389242721592	0.21106194433879352	value	NPCr
23	inverse_cdf	41.0	-18.639155850743634	11.444883412088078	54.22523443504775	4.843190099692221	0.21106194433879352	value	NPCr
23	inverse_cdf	41.5	-24.686560789974685	7.743318710549434	36.68742242855478	7.214499762409041	0.21106194433879352	value	NPCr
24	cdf	5.5	12.770797434719523	11.637449505679449	64.48118660573851	4.246849256302368	0.18047821571329106	value	NPCr
24	cdf	8.0	2.3948178832744595	5.6248100130605	31.166143741115615	1.7884396429959972	0.18047821571329106	value	NPCr
24	cdf	10.0	12.76873598874451	7.988370319609426	44.26224122416971	7.226290749903233	0.18047821571329106	value	NPCr
24	cdf	11.0	8.781839149406238	9.073157286622376	50.27286673221579	3.604254899809023	0.18047821571329106	value	NPCr
24	cdf	11.5	11.544081067360697	7.399967453295308	41.001998075218935	9.558407357172634	0.18047821571329106	value	NPCr
24	cdf	12.0	5.982846713666667	9.668033865004414	53.568979651057276	5.381549706687699	0.18047821571329106	value	NPCr
24	cdf	12.5	9.488798164824182	9.315573833024656	51.61605679781011	6.213340391862712	0.18047821571329106	value	NPCr
24	cdf	13.0	12.163573867883265	9.115240106701448	50.50604069125983	5.2878943386084	0.18047821571329106	value	NPCr
24	cdf	14.0	9.238306455719275	9.07264110048157	50.27000663002138	5.0524446550511755	0.18047821571329106	value	NPCr
24	cdf	16.0	5.572460088641932	6.138203312734318	34.01077126385996	8.894409634941862	0.18047821571329106	value	NPCr
24	cdf	18.5	1.8553403558027561	8.64533462051167	47.90237196408074	4.520716483303508	0.18047821571329106	value	NPCr
24	cdf	22.0	-2.3869978575926787	7.866995697303378	43.5897244784431	5.28577019014517	0.18047821571329106	value	NPCr
24	cdf	25.5	-5.265040134003343	9.368343183755984	51.90844305907034	6.026202750031089	0.18047821571329106	value	NPCr
24	cdf	28.0	-6.22843847558503	9.765878120899414	54.11111852088318	8.860247211920099	0.18047821571329106	value	NPCr
24	cdf	30.0	-6.929875355219394	12.338155336204705	68.36368194045748	3.7943080137066705	0.18047821571329106	value	NPCr
24	cdf	31.0	-3.2430403870184072	7.318247925495482	40.54920366190511	5.5072835988494315	0.18047821571329106	value	NPCr
24	cdf	31.5	-4.496713759142768	9.97593985530633	55.27503591432983	4.646711003904971	0.18047821571329106	value	NPCr
24	cdf	32.0	-4.18467228289267	9.554620763091407	52.94057637554409	3.8218819187988395	0.18047821571329106	value	NPCr
24	cdf	32.5	-6.613875457410977	5.603493426516331	31.048032054007443	5.882948154524766	0.18047821571329106	value	NPCr
24	cdf	33.0	-11.926208826748155	11.743014970337699	65.06610741870772	5.057531461948686	0.18047821571329106	value	NPCr
24	cdf	34.0	-7.478835958851462	13.052584336109105	72.3222150912913	7.340708887793095	0.18047821571329106	value	NPCr
24	cdf	36.0	-17.120275814659436	10.43376830249738	57.81178776208945	6.86871833472169	0.18047821571329106	value	NPCr
24	cdf	38.5	-16.211502754672615	11.063774634585569	61.302548847011856	6.055306265084722	0.18047821571329106	value	NPCr
24	inverse_cdf	2.5	10.58174485649704	11.127132010950348	93.66753296930878	4.9195584132103685	0.1187939049766185	value	NPCr
24	inverse_cdf	3.0	18.963356823796683	14.334919202661554	120.6704940416178	6.6912272778239075	0.1187939049766185	value	NPCr
24	inverse_cdf	4.0	15.159279804923727	11.53915844721936	97.13594691150648	4.778243310384402	0.1187939049766185	value	NPCr
24	inverse_cdf	5.0	17.71615143819924	8.936949695968666	75.23070899746644	4.6895030976156376	0.1187939049766185	value	NPCr
24	inverse_cdf	7.5	17.82357108056982	12.638168823741006	106.38735064924839	5.225395679449525	0.1187939049766185	value	NPCr
24	inverse_cdf	11.5	14.697349325699939	8.279107533151606	69.69303294458696	7.839715980996314	0.1187939049766185	value	NPCr
24	inverse_cdf	16.0	3.6899719335901473	13.650554035416718	114.90954892091034	2.6141027390437697	0.1187939049766185	value	NPCr
24	inverse_cdf	18.5	6.504769168276923	10.52877216198294	88.63057548327295	5.272252507242001	0.1187939049766185	value	NPCr
24	inverse_cdf	20.0	1.4611987014077883	5.421012402097388	45.63375876198677	5.3914021100229945	0.1187939049766185	value	NPCr
24	inverse_cdf	21.0	3.164925054195919	6.598620291650548	55.546791672092226	3.7384437254751117	0.1187939049766185	value	NPCr
24	inverse_cdf	21.5	-1.7675845944921562	6.537385699148788	55.031322528167614	4.804333883016511	0.1187939049766185	value	NPCr
24	inverse_cdf	22.0	-1.4054170074455286	3.8949033874690264	32.78706418680013	4.7650279030999005	0.1187939049766185	value	NPCr
24	inverse_cdf	22.5	6.452947866183777	7.874268196218522	66.28511957552341	3.641265074728227	0.1187939049766185	value	NPCr
24	inverse_cdf	23.0	4.1961459126404	7.811198368843262	65.75420153399868	4.094056343774119	0.1187939049766185	value	NPCr
24	inverse_cdf	24.0	-2.8150911398382448	10.03608439770489	84.48315929744236	3.9825110049404167	0.1187939049766185	value	NPCr
24	inverse_cdf	25.5	3.618234338680402	6.335599462464125	53.33269803455929	3.7158727693932407	0.1187939049766185	value	NPCr
24	inverse_cdf	28.0	-0.5911886515750737	5.4900051947464	46.21453597158007	3.8362940214604397	0.1187939049766185	value	NPCr
24	inverse_cdf	32.5	-10.645239830800687	4.953106891343207	41.69495810679932	6.970176684589375	0.1187939049766185	value	NPCr
24	inverse_cdf	36.5	-6.7818844290146885	4.570724182792728	38.47608329478147	5.674048500944101	0.1187939049766185	value	NPCr
24	inverse_cdf	39.0	-6.939071061896996	6.311865043090395	53.132903109235464	4.095196253870516	0.1187939049766185	value	NPCr
24	inverse_cdf	40.0	-18.32945982349774	14.784442889891194	124.45455760378555	3.6702215929211484	0.1187939049766185	value	NPCr
24	inverse_cdf	41.0	-19.515740142572938	10.003400052534223	84.20802443107779	5.051642690607949	0.1187939049766185	value	NPCr
24	inverse_cdf	41.5	-21.765573617018394	12.560834883510907	105.73635815729082	3.737569805043697	0.1187939049766185	value	NPCr
25	cdf	5.5	21.20451523146977	10.024843849790356	45.13426618413864	3.6652343675430785	0.2221115949662509	value	NPCr
25	cdf	8.0	12.481085296279595	11.118744559995804	50.05927115910026	6.539833378965903	0.2221115949662509	value	NPCr
25	cdf	10.0	7.441138626107936	10.259755356748737	46.19189447677269	5.092207371004906	0.2221115949662509	value	NPCr
25	cdf	11.0	18.35720639548756	7.187202634446067	32.35852065957267	7.435248168841365	0.2221115949662509	value	NPCr
25	cdf	11.5	9.108596422280705	12.902410148152873	58.089764067082356	5.9106074879879955	0.2221115949662509	value	NPCr
25	cdf	12.0	5.553278763096877	13.012896444738212	58.58720003660987	5.46897859006584	0.2221115949662509	value	NPCr
25	cdf	12.5	8.2577411620892	9.666394177174936	43.520439257769105	2.7828817493009743	0.2221115949662509	value	NPCr
25	cdf	13.0	8.16824605976947	9.682369126151348	43.59236233309905	2.3721815972694493	0.2221115949662509	value	NPCr
25	cdf	14.0	10.51193431914741	7.434021449840801	33.46975852823161	3.5300971592879717	0.2221115949662509	value	NPCr
25	cdf	16.0	11.180281340556395	6.5415530225856635	29.451650300289952	5.369822296070357	0.2221115949662509	value	NPCr
25	cdf	18.5	4.771713901470665	9.14145921603664	41.15705538662065	5.313557709333882	0.2221115949662509	value	NPCr
25	cdf	22.0	1.1712343180282474	6.507512093930469	29.29838982480524	8.066790285436571	0.2221115949662509	value	NPCr
25	cdf	25.5	1.6708480176932063	6.742420185138961	30.35600273890901	2.650438861122107	0.2221115949662509	value	NPCr
25	cdf	28.0	-0.19993454951792344	6.1977542300594894	27.903785171599065	5.933858992310799	0.2221115949662509	value	NPCr
25	cdf	30.0	0.2789630688198699	6.545601555117034	29.469877770728786	5.415451777025352	0.2221115949662509	value	NPCr
25	cdf	31.0	-3.8961779195189123	12.366176354670422	55.675510126112144	5.5315032164304085	0.2221115949662509	value	NPCr
25	cdf	31.5	-5.928060838393577	7.587371746193856	34.160178568555736	3.116258355674714	0.2221115949662509	value	NPCr
25	cdf	32.0	-9.97921187998292	8.947835933976922	40.28531664606035	3.6799024899053863	0.2221115949662509	value	NPCr
25	cdf	32.5	-7.296590735931861	7.184201509657226	32.345008871548735	7.873009388875919	0.2221115949662509	value	NPCr
25	cdf	33.0	-4.078373943956777	7.584343980102385	34.14654683495834	1.6505810610773262	0.2221115949662509	value	NPCr
25	cdf	34.0	-1.8499332893704974	9.297943426101828	41.86158506274568	4.107196270054827	0.2221115949662509	value	NPCr
25	cdf	36.0	-10.316025391721631	7.582200579546378	34.13689672841468	5.287480578604702	0.2221115949662509	value	NPCr
25	cdf	38.5	-9.072572480934788	6.048732593980166	27.232853804409668	5.124431086661076	0.2221115949662509	value	NPCr
25	inverse_cdf	2.5	18.65625817842561	8.721210646589478	43.237262267161476	2.2006552407761455	0.20170589415910364	value	NPCr
25	inverse_cdf	3.0	15.100939251317556	9.695654060577032	48.068273368993346	4.702333780517801	0.20170589415910364	value	NPCr
25	inverse_cdf	4.0	10.664942503900388	8.235921663720154	40.83133860839852	6.431196537522739	0.20170589415910364	value	NPCr
25	inverse_cdf	5.0	12.559754258688717	12.529710631549328	62.11871340589588	6.394756261588954	0.20170589415910364	value	NPCr
25	inverse_cdf	7.5	16.80874196789236	7.881426516239309	39.073853290685285	7.029856072923275	0.20170589415910364	value	NPCr
25	inverse_cdf	11.5	10.297630815261122	12.67064600260401	62.817430573493944	4.213561089416749	0.20170589415910364	value	NPCr
25	inverse_cdf	16.0	3.7296859301199845	11.736252965955362	58.184977761224566	3.980521587826139	0.20170589415910364	value	NPCr
25	inverse_cdf	18.5	6.287719465430417	7.421789549475755	36.795104974084296	3.4786101157680407	0.20170589415910364	value	NPCr
25	inverse_cdf	20.0	2.8761779476456724	7.27678682924183	36.07622305524682	3.4913147887129976	0.20170589415910364	value	NPCr
25	inverse_cdf	21.0	7.270551888350035	12.238141297870222	60.67319623400244	3.1925169767139963	0.20170589415910364	value	NPCr
25	inverse_cdf	21.5	2.484485829567845	13.007724562407171	64.48856944233273	5.528762123410529	0.20170589415910364	value	NPCr
25	inverse_cdf	22.0	3.297576693773401	12.059146136248259	59.785789535412	6.118559061889284	0.20170589415910364	value	NPCr
25	inverse_cdf	22.5	6.132920107623313	9.510348902207522	47.149583515421966	3.5222965846806225	0.20170589415910364	value	NPCr
25	inverse_cdf	23.0	7.451217636188968	8.100177778127065	40.15835933747044	4.10544262603245	0.20170589415910364	value	NPCr
25	inverse_cdf	24.0	5.307530933824864	6.356913851284278	31.51575653148741	7.29591287392572	0.20170589415910364	value	NPCr
25	inverse_cdf	25.5	-2.343318480374215	9.877045219594931	48.967558735809746	1.8563945875093615	0.20170589415910364	value	NPCr
25	inverse_cdf	28.0	-1.4274953911014734	6.484359047942113	32.14759328166838	1.1670112552349656	0.20170589415910364	value	NPCr
25	inverse_cdf	32.5	-4.036828091118537	4.394795887643666	21.788138150177677	3.6522614970659486	0.20170589415910364	value	NPCr
25	inverse_cdf	36.5	-6.214805640353383	11.105833964753794	55.05954107614535	5.710310124644838	0.20170589415910364	value	NPCr
25	inverse_cdf	39.0	-13.215105491287716	8.967049097128765	44.45605883016807	2.3944372918323236	0.20170589415910364	value	NPCr
25	inverse_cdf	40.0	-13.41667151877067	9.393228335514248	46.56893332083276	2.898403765078101	0.20170589415910364	value	NPCr
25	inverse_cdf	41.0	-21.30148717559039	11.22200908598414	55.63550402316121	7.219147181117133	0.20170589415910364	value	NPCr
25	inverse_cdf	41.5	-15.055455455172158	7.031674988598468	34.8610288158062	7.896071877139281	0.20170589415910364	value	NPCr
26	cdf	5.5	13.686953582116857	13.569569456253662	64.78543221819382	3.4817732209057324	0.2094540237155799	value	NPCr
26	cdf	8.0	7.980840030233466	11.429345448721138	54.56732339618924	1.8218932859315977	0.2094540237155799	value	NPCr
26	cdf	10.0	1.9105880233745225	6.424949058731308	30.674746394253194	4.846106956212383	0.2094540237155799	value	NPCr
26	cdf	11.0	0.792948695630372	9.705367108003276	46.33650352395383	3.9441604521599567	0.2094540237155799	value	NPCr
26	cdf	11.5	5.197400083542078	9.923878015124702	47.37974396042376	3.899825547117323	0.2094540237155799	value	NPCr
26	cdf	12.0	1.3627002666445307	10.507134794500361	50.16439697891946	3.8414354232539063	0.2094540237155799	value	NPCr
26	cdf	12.5	8.282858992879326	10.867553762963139	51.88515154867743	3.7966425164354876	0.2094540237155799	value	NPCr
26	cdf	13.0	10.30470426243921	11.330272495868506	54.09431766875015	3.6445882161710195	0.2094540237155799	value	NPCr
26	cdf	14.0	7.5881579516488245	10.506596113690776	50.1618251457313	4.76278369212186	0.2094540237155799	value	NPCr
26	cdf	16.0	7.23474365647445	8.414727078828689	40.17457831344957	5.260416814995913	0.2094540237155799	value	NPCr
26	cdf	18.5	6.094041858783214	8.394612208390896	40.078543536552154	4.6672567440517865	0.2094540237155799	value	NPCr
26	cdf	22.0	-7.594629561411523	11.132857762451124	53.151797062483574	9.337927241780157	0.2094540237155799	value	NPCr
26	cdf	25.5	-0.3167320133848719	10.251321715683801	48.94306413327343	3.6337642425721812	0.2094540237155799	value	NPCr
26	cdf	28.0	-5.342052279371508	10.057694158427843	48.01862470823337	3.780184227331107	0.2094540237155799	value	NPCr
26	cdf	30.0	-0.8789780090596544	9.69760723743523	46.29945543850581	5.094631599975095	0.2094540237155799	value	NPCr
26	cdf	31.0	-9.668365844775423	9.64029747298847	46.02584043016115	2.118253290893281	0.2094540237155799	value	NPCr
26	cdf	31.5	-7.446632651942473	10.841954359673636	51.762931870891414	6.118991654633094	0.2094540237155799	value	NPCr
26	cdf	32.0	-6.134666319930016	7.73171983720105	36.91368492256823	4.802972724242849	0.2094540237155799	value	NPCr
26	cdf	32.5	-8.105109368172545	12.732529931297254	60.78913980944528	4.576336456546441	0.2094540237155799	value	NPCr
26	cdf	33.0	-17.220127867521732	7.703761004088716	36.780200577811506	9.650300806898688	0.2094540237155799	value	NPCr
26	cdf	34.0	-9.352166345649959	12.889362885601656	61.53791011961783	2.5524896066538973	0.2094540237155799	value	NPCr
26	cdf	36.0	-14.848089757823704	11.750565302233353	56.10092894748866	5.111155664385747	0.2094540237155799	value	NPCr
26	cdf	38.5	-21.320593423542512	17.42209284729059	83.17860186323398	5.551887968383001	0.2094540237155799	value	NPCr
26	inverse_cdf	2.5	10.448330958756777	11.91038860746024	89.75808400983368	3.4705005959084687	0.13269432763466035	value	NPCr
26	inverse_cdf	3.0	18.356139458574106	14.747518002757609	111.13902354108987	7.18777368555544	0.13269432763466035	value	NPCr
26	inverse_cdf	4.0	11.99801901354822	15.212749118456966	114.64505973715283	4.165231673768998	0.13269432763466035	value	NPCr
26	inverse_cdf	5.0	12.50340242964257	9.957887076043896	75.0438037069706	4.920971777330295	0.13269432763466035	value	NPCr
26	inverse_cdf	7.5	15.49218785529402	11.543425558724318	86.99260747984772	5.5258599395848265	0.13269432763466035	value	NPCr
26	inverse_cdf	11.5	12.107369871796283	10.06252446447845	75.83236332590658	4.523167429332465	0.13269432763466035	value	NPCr
26	inverse_cdf	16.0	9.583119500304008	10.911117861556084	82.22746259054145	4.37005679703082	0.13269432763466035	value	NPCr
26	inverse_cdf	18.5	0.663492246821221	11.695415990408085	88.13802518076281	3.8877604920683932	0.13269432763466035	value	NPCr
26	inverse_cdf	20.0	-4.41592634858773	10.272285809520206	77.4131493985357	2.779330843251252	0.13269432763466035	value	NPCr
26	inverse_cdf	21.0	0.7913705113386982	8.419698556502436	63.45183480400087	5.9755176420428135	0.13269432763466035	value	NPCr
26	inverse_cdf	21.5	6.54410539129335	10.803290888245634	81.41486588627747	7.8079054194143716	0.13269432763466035	value	NPCr
26	inverse_cdf	22.0	-3.688511896043707	12.079087694192612	91.02942009284126	8.188838841838963	0.13269432763466035	value	NPCr
26	inverse_cdf	22.5	2.605295171331967	14.473684936574134	109.07538547106321	5.288516199850418	0.13269432763466035	value	NPCr
26	inverse_cdf	23.0	-2.474130349146712	12.561504024581653	94.66496608028731	4.846043150080136	0.13269432763466035	value	NPCr
26	inverse_cdf	24.0	2.953028572969508	11.752993511019465	88.5719361220798	6.467203881183333	0.13269432763466035	value	NPCr
26	inverse_cdf	25.5	-2.432790422895817	9.838084967320421	74.14096097918409	6.490169262729878	0.13269432763466035	value	NPCr
26	inverse_cdf	28.0	-9.070060426891192	14.575939582102478	109.84598846028726	2.653868564550788	0.13269432763466035	value	NPCr
26	inverse_cdf	32.5	-12.659760743087901	13.316488424039973	100.35461697129581	3.4820364082282635	0.13269432763466035	value	NPCr
26	inverse_cdf	36.5	-15.76999652976356	12.83348004407963	96.71460922891377	3.547096642561666	0.13269432763466035	value	NPCr
26	inverse_cdf	39.0	-12.377048497357332	6.6979278900380645	50.47636933267474	6.027407606381425	0.13269432763466035	value	NPCr
26	inverse_cdf	40.0	-18.712223696230065	14.230013281202972	107.23904732673763	3.845529694210079	0.13269432763466035	value	NPCr
26	inverse_cdf	41.0	-17.595702598383834	14.475444190702044	109.08864341629169	4.105657103992597	0.13269432763466035	value	NPCr
26	inverse_cdf	41.5	-15.82835687916306	8.416684972707078	63.42912408343672	5.3135820249233205	0.13269432763466035	value	NPCr
27	cdf	5.5	9.888940533895635	11.257105370171336	36.92413374842169	2.4665376720507872	0.30487121097736025	value	NPCr
27	cdf	8.0	10.869602471127866	13.95030733272823	45.75803431227942	4.538124567406194	0.30487121097736025	value	NPCr
27	cdf	10.0	3.5133016693510015	8.693961914282237	28.51683465424963	2.9104638708968897	0.30487121097736025	value	NPCr
27	cdf	11.0	4.095003888532702	7.455904214069263	24.455914319253118	2.3451891528842292	0.30487121097736025	value	NPCr
27	cdf	11.5	1.6299053673118795	6.957584635041883	22.821389440928726	4.672600588000767	0.30487121097736025	value	NPCr
27	cdf	12.0	7.3559129231461355	11.80838903024419	38.732384708902806	2.0489154874339155	0.30487121097736025	value	NPCr
27	cdf	12.5	8.150511443184183	9.088321855065072	29.81036427129215	2.2163177845556903	0.30487121097736025	value	NPCr
27	cdf	13.0	7.547073666143717	10.773427814648503	35.33763578433957	1.1342762243339455	0.30487121097736025	value	NPCr
27	cdf	14.0	5.560685027468828	12.334010987591629	40.45646339662932	2.9098599173884514	0.30487121097736025	value	NPCr
27	cdf	16.0	3.0316475599569515	8.80692713158385	28.887368877338346	2.364027248730708	0.30487121097736025	value	NPCr
27	cdf	18.5	4.3542545850014704	11.269490331588154	36.96475733297437	4.50249021680677	0.30487121097736025	value	NPCr
27	cdf	22.0	-3.388504855265843	13.115648462073645	43.02029181445936	4.625205751284494	0.30487121097736025	value	NPCr
27	cdf	25.5	-7.733809804077914	10.413447084511553	34.15687250733837	5.825332860575965	0.30487121097736025	value	NPCr
27	cdf	28.0	-8.810166040195071	8.609223559850808	28.238886617897577	3.854530037192168	0.30487121097736025	value	NPCr
27	cdf	30.0	-5.66003580905376	5.890856613297298	19.322443055257036	2.6462197259553566	0.30487121097736025	value	NPCr
27	cdf	31.0	-1.64931511410175	6.487126925358157	21.27825354372306	1.6595970612291997	0.30487121097736025	value	NPCr
27	cdf	31.5	-9.707748435232638	12.635527848352998	41.445460881156514	0.8986824172546652	0.30487121097736025	value	NPCr
27	cdf	32.0	-10.655012047261266	10.517703097897483	34.49883990088696	2.6019938447929767	0.30487121097736025	value	NPCr
27	cdf	32.5	-4.296132823329671	10.08386963456011	33.07583422597727	3.0276656380984655	0.30487121097736025	value	NPCr
27	cdf	33.0	-8.392247032754511	9.899319459808181	32.4704960762704	3.5959543269136676	0.30487121097736025	value	NPCr
27	cdf	34.0	-10.478523245543993	7.218796649466812	23.678184064427388	2.965803317443987	0.30487121097736025	value	NPCr
27	cdf	36.0	-8.04000176364869	10.408615612001087	34.14102492207449	3.3294758552363684	0.30487121097736025	value	NPCr
27	cdf	38.5	-16.654782959070197	14.918943441490141	48.93523200719015	3.165819262733396	0.30487121097736025	value	NPCr
27	inverse_cdf	2.5	17.81267428358149	13.667366191628638	40.77693680212897	5.063862075673332	0.3351739307430043	value	NPCr
27	inverse_cdf	3.0	22.195051440698066	13.056329335465664	38.95389270437219	4.442594110518832	0.3351739307430043	value	NPCr
27	inverse_cdf	4.0	10.036820176466627	7.993787885463218	23.84967072988884	1.8554257703494361	0.3351739307430043	value	NPCr
27	inverse_cdf	5.0	8.262131857759794	8.573435293484348	25.57906360580906	1.9181189671945644	0.3351739307430043	value	NPCr
27	inverse_cdf	7.5	4.70367368805808	7.194418573447551	21.464731930371684	2.363589916381291	0.3351739307430043	value	NPCr
27	inverse_cdf	11.5	12.679927239689125	13.089075355946648	39.05159129449939	5.733225218509294	0.3351739307430043	value	NPCr
27	inverse_cdf	16.0	4.389803238346371	8.74481033169725	26.090365418074125	1.8188495986020303	0.3351739307430043	value	NPCr
27	inverse_cdf	18.5	1.1514041186834625	7.3427243796776915	21.90720609863823	1.6409080691623	0.3351739307430043	value	NPCr
27	inverse_cdf	20.0	-0.3275924276441131	6.594956969413964	19.676222893571843	2.5884009243520296	0.3351739307430043	value	NPCr
27	inverse_cdf	21.0	0.20733194223180007	11.869891234327698	35.41412426680933	2.0503682432429815	0.3351739307430043	value	NPCr
27	inverse_cdf	21.5	1.0597996121423598	7.847805445892548	23.41412838550943	2.785084720305333	0.3351739307430043	value	NPCr
27	inverse_cdf	22.0	-9.077992370958235	6.191065339305975	18.471201878922365	5.128532920059769	0.3351739307430043	value	NPCr
27	inverse_cdf	22.5	-0.24490972373874342	7.389905129069443	22.04797107187813	2.9176674092951025	0.3351739307430043	value	NPCr
27	inverse_cdf	23.0	7.402183114370921	5.571418037862556	16.622468297316534	2.2037675184915457	0.3351739307430043	value	NPCr
27	inverse_cdf	24.0	3.835694636631846	9.746519139418078	29.07898928121368	2.4815516204258223	0.3351739307430043	value	NPCr
27	inverse_cdf	25.5	-3.1040508116184284	9.668930933045075	28.84750288189555	1.7228677828431265	0.3351739307430043	value	NPCr
27	inverse_cdf	28.0	3.330847939295033	5.688703742416758	16.97239319837971	0.942662999477611	0.3351739307430043	value	NPCr
27	inverse_cdf	32.5	-9.101324936034093	13.556069921814668	40.44488153289233	1.9830337061040755	0.3351739307430043	value	NPCr
27	inverse_cdf	36.5	-10.992720154808907	11.711973515146406	34.942972710269046	1.1474160730863134	0.3351739307430043	value	NPCr
27	inverse_cdf	39.0	-7.603919673206878	4.789357676012096	14.289171193580541	2.2862958351374876	0.3351739307430043	value	NPCr
27	inverse_cdf	40.0	-12.567055355886126	10.668628753674156	31.830126913582557	1.2240878704552016	0.3351739307430043	value	NPCr
27	inverse_cdf	41.0	-10.00485354850661	12.596008714740027	37.5805143521083	0.7629488825932114	0.3351739307430043	value	NPCr
27	inverse_cdf	41.5	-10.233523972770065	13.14592518602418	39.22120421741231	2.681107052185948	0.3351739307430043	value	NPCr
28	cdf	5.5	15.936334403187676	10.133187790342664	44.10688648283625	4.884080030629831	0.22974162536468973	value	NPCr
28	cdf	8.0	11.120374185526707	11.64181748975523	50.67352279446581	4.20637336273311	0.22974162536468973	value	NPCr
28	cdf	10.0	8.448334726675537	9.846107751315776	42.857308664401394	7.981263526388327	0.22974162536468973	value	NPCr
28	cdf	11.0	2.4209192725049355	4.2820266661560575	18.63844507654548	5.568655969633779	0.22974162536468973	value	NPCr
28	cdf	11.5	4.211004222252743	7.266214747393761	31.627767653595377	3.679219090739676	0.22974162536468973	value	NPCr
28	cdf	12.0	3.818441958372299	8.242354041552375	35.87662457105254	3.558804367491521	0.22974162536468973	value	NPCr
28	cdf	12.5	3.6528899340501297	6.531998679647846	28.431933783349063	5.650796911822446	0.22974162536468973	value	NPCr
28	cdf	13.0	3.834003243091729	8.844511839498143	38.49764632533807	2.5916596744656517	0.22974162536468973	value	NPCr
28	cdf	14.0	-0.4290992065115322	6.725997866452656	29.276357106710066	3.9477345468994995	0.22974162536468973	value	NPCr
28	cdf	16.0	8.931375189293092	8.594066306139272	37.407528098128196	4.875043928411123	0.22974162536468973	value	NPCr
28	cdf	18.5	7.457976360787644	9.413815226261077	40.975662165346286	2.76932699660039	0.22974162536468973	value	NPCr
28	cdf	22.0	-3.361071965232064	11.703247549296687	50.940910384520265	5.422400628993719	0.22974162536468973	value	NPCr
28	cdf	25.5	-5.493372364692142	8.89667196760049	38.724684538459215	2.358458884555662	0.22974162536468973	value	NPCr
28	cdf	28.0	-4.827739318013851	12.340528771595215	53.71481442253216	4.938872914859648	0.22974162536468973	value	NPCr
28	cdf	30.0	-2.6597411023985273	8.504315484374505	37.01686827920205	3.8618982494429974	0.22974162536468973	value	NPCr
28	cdf	31.0	-6.577798409923155	5.678827416120345	24.718321754300412	4.640178229316773	0.22974162536468973	value	NPCr
28	cdf	31.5	-12.450942711193655	12.065777369027622	52.51889965466432	5.800271402926795	0.22974162536468973	value	NPCr
28	cdf	32.0	-13.520361934817188	9.232911496602421	40.188239645062936	4.695441316557373	0.22974162536468973	value	NPCr
28	cdf	32.5	-10.637402167753883	9.674749852790539	42.11143643400681	1.6729863077593325	0.22974162536468973	value	NPCr
28	cdf	33.0	-6.987203134489395	10.605447655155293	46.16249945267996	5.274012623243766	0.22974162536468973	value	NPCr
28	cdf	34.0	-8.244187979499976	10.637667987552083	46.30274540221411	4.233176593962622	0.22974162536468973	value	NPCr
28	cdf	36.0	-13.63040597688327	10.643826692706316	46.32955249537564	5.103094112372293	0.22974162536468973	value	NPCr
28	cdf	38.5	-15.468819314766009	11.64844233440422	50.70235886036581	6.148284672299443	0.22974162536468973	value	NPCr
28	inverse_cdf	2.5	22.16317337008571	11.749120841108109		7.092222835830537	0.02061454618778257	value	NPCr
28	inverse_cdf	3.0	22.055995366200833	8.08698099464815		4.4965048775066565	0.02061454618778257	value	NPCr
28	inverse_cdf	4.0	15.215007016182355	11.410576937204606		9.04750208951078	0.02061454618778257	value	NPCr
28	inverse_cdf	5.0	10.003053989005025	6.497137745220106		6.130798636174502	0.02061454618778257	value	NPCr
28	inverse_cdf	7.5	15.328808824392034	8.243082485774023		4.629167889547431	0.02061454618778257	value	NPCr
28	inverse_cdf	11.5	7.627474876232601	7.346128140205011		4.989739736787004	0.02061454618778257	value	NPCr
28	inverse_cdf	16.0	4.638380301359888	9.99279554482204		6.785095112022988	0.02061454618778257	value	NPCr
28	inverse_cdf	18.5	0.22968297607111055	10.51478209834402		0.9371421508008355	0.02061454618778257	value	NPCr
28	inverse_cdf	20.0	-5.290811275032121	9.428336507943568		6.271630952491968	0.02061454618778257	value	NPCr
28	inverse_cdf	21.0	0.41817097097282385	9.807461904604896		4.4142131996976275	0.02061454618778257	value	NPCr
28	inverse_cdf	21.5	1.820216572856804	9.456948394843108		6.101148439166406	0.02061454618778257	value	NPCr
28	inverse_cdf	22.0	2.528720764034773	12.430403280605212		6.806963634012009	0.02061454618778257	value	NPCr
28	inverse_cdf	22.5	-5.758956333330509	9.229011410710173		2.3900204674125067	0.02061454618778257	value	NPCr
28	inverse_cdf	23.0	-3.3504616671215395	12.049173886961679		4.830340084445933	0.02061454618778257	value	NPCr
28	inverse_cdf	24.0	2.8331454380559578	10.04476557431181		6.426346863380083	0.02061454618778257	value	NPCr
28	inverse_cdf	25.5	-5.317986174721206	8.512210882235427		6.651031265950838	0.02061454618778257	value	NPCr
28	inverse_cdf	28.0	3.147048990984036	3.569585683873537		2.3207216691729013	0.02061454618778257	value	NPCr
28	inverse_cdf	32.5	-9.900198628500558	11.311544229073014		3.5075935631158295	0.02061454618778257	value	NPCr
28	inverse_cdf	36.5	-15.91442254803296	11.301221616959948		6.191319973168975	0.02061454618778257	value	NPCr
28	inverse_cdf	39.0	-17.093648882231296	8.76025560921972		4.40876511776291	0.02061454618778257	value	NPCr
28	inverse_cdf	40.0	-18.915388698202094	8.263549490921676		2.679391909914279	0.02061454618778257	value	NPCr
28	inverse_cdf	41.0	-19.048063355187793	8.870026454035324		5.638571461013964	0.02061454618778257	value	NPCr
28	inverse_cdf	41.5	-22.582214910463343	13.593993010179597		7.170534417229386	0.02061454618778257	value	NPCr
29	cdf	5.5	7.447806274682296	13.973880823283237	68.89732081988517	4.329267825465029	0.20282183192310854	value	NPCr
29	cdf	8.0	10.836244451367492	13.107005812747024	64.62324932414573	4.496081974290513	0.20282183192310854	value	NPCr
29	cdf	10.0	2.464131666083226	6.540264355610662	32.246352838831136	3.388595407688332	0.20282183192310854	value	NPCr
29	cdf	11.0	7.778025534703467	9.225922551843613	45.48781787623947	2.1254196687629046	0.20282183192310854	value	NPCr
29	cdf	11.5	-2.177663029159717	4.136101783053651	20.392783872604415	0.9294823702589524	0.20282183192310854	value	NPCr
29	cdf	12.0	3.4226673311819216	9.01066547792069	44.42650671519774	3.061357169027301	0.20282183192310854	value	NPCr
29	cdf	12.5	4.404444794544087	10.251499871996552	50.54436090431814	2.1079458564362636	0.20282183192310854	value	NPCr
29	cdf	13.0	4.121292693384099	9.003651310199675	44.39192381228977	3.764927639077447	0.20282183192310854	value	NPCr
29	cdf	14.0	2.7497012196541952	5.655134617945859	27.882277584839922	2.0514314962716425	0.20282183192310854	value	NPCr
29	cdf	16.0	1.2149458976601295	12.26028812382138	60.44856220640665	3.2126776199194143	0.20282183192310854	value	NPCr
29	cdf	18.5	-3.938989617688774	11.245701324362916	55.44620723387537	2.8121721114063942	0.20282183192310854	value	NPCr
29	cdf	22.0	-3.3701344385142598	15.313644370074423	75.50293883490784	8.043066701903232	0.20282183192310854	value	NPCr
29	cdf	25.5	-7.835941586007486	12.801746747880012	63.11818913426076	2.9066436050316233	0.20282183192310854	value	NPCr
29	cdf	28.0	-8.79042680692785	11.225456144786653	55.34638967782481	1.9836926832168666	0.20282183192310854	value	NPCr
29	cdf	30.0	-3.9237343054513616	8.896088623065728	43.861592900109045	1.372320334318808	0.20282183192310854	value	NPCr
29	cdf	31.0	-11.263929435716737	12.098407906288745	59.65042220344087	2.0610332334211168	0.20282183192310854	value	NPCr
29	cdf	31.5	-18.012378413001045	7.72567459376287	38.0909417911763	1.346045805795712	0.20282183192310854	value	NPCr
29	cdf	32.0	-10.24268712124362	13.190680241813869	65.03580071604208	3.766542775552385	0.20282183192310854	value	NPCr
29	cdf	32.5	-6.4000682256571295	9.424755124523815	46.46814909006846	2.4802614969849404	0.20282183192310854	value	NPCr
29	cdf	33.0	-11.444304165438247	6.301718614356191	31.07021840107048	4.82881368903089	0.20282183192310854	value	NPCr
29	cdf	34.0	-7.754031938359269	10.012707007519085	49.36700804139757	2.7407124970630807	0.20282183192310854	value	NPCr
29	cdf	36.0	-20.33586617379654	10.251336499725603	50.54355540784175	2.05636974860388	0.20282183192310854	value	NPCr
29	cdf	38.5	-24.450824920164674	16.23643843824943	80.05271564850474	2.5953017488038013	0.20282183192310854	value	NPCr
29	inverse_cdf	2.5	4.819475216596143	6.998052981417869	36.057219328693506	0.9631785394344348	0.19408188184519762	value	NPCr
29	inverse_cdf	3.0	7.2622539469372835	9.760712793597778	50.29172584684157	2.445336107266759	0.19408188184519762	value	NPCr
29	inverse_cdf	4.0	13.898728066697693	9.582184736785237	49.37186637765662	4.151070201056057	0.19408188184519762	value	NPCr
29	inverse_cdf	5.0	8.784964896716666	11.482586085776425	59.16361680239217	1.7285863902810241	0.19408188184519762	value	NPCr
29	inverse_cdf	7.5	11.16909848104741	13.119199106693697	67.596207239776	2.7655597828912226	0.19408188184519762	value	NPCr
29	inverse_cdf	11.5	-0.3210746728443219	11.931043880129327	61.47427965298529	2.704739756742862	0.19408188184519762	value	NPCr
29	inverse_cdf	16.0	2.2415066631476677	10.509926690480398	54.152023829113844	3.8735932356276908	0.19408188184519762	value	NPCr
29	inverse_cdf	18.5	3.0392251664725762	6.790669370283506	34.98868264117429	2.4697834596213903	0.19408188184519762	value	NPCr
29	inverse_cdf	20.0	0.1537764948335152	4.3873868822671716	22.60585501621739	2.1637299864510555	0.19408188184519762	value	NPCr
29	inverse_cdf	21.0	-4.2706681682036525	10.119258760645401	52.139121202032975	2.6961108636004996	0.19408188184519762	value	NPCr
29	inverse_cdf	21.5	-2.8118305690603265	10.41666653396698	53.67150418644156	3.429443129799167	0.19408188184519762	value	NPCr
29	inverse_cdf	22.0	-7.422308470331693	17.264661525317607	88.95555505324366	1.5664413527653593	0.19408188184519762	value	NPCr
29	inverse_cdf	22.5	-1.8099392944066324	6.263638474711828	32.273174678447276	3.4555564790650024	0.19408188184519762	value	NPCr
29	inverse_cdf	23.0	2.150405250261297	7.116090955291107	36.66540579489537	2.3135966528756375	0.19408188184519762	value	NPCr
29	inverse_cdf	24.0	-0.2115938161857578	10.439921145032375	53.79132274366239	2.9521965068468683	0.19408188184519762	value	NPCr
29	inverse_cdf	25.5	-0.1640108868280734	10.128779695595888	52.188177481063086	3.777055594968524	0.19408188184519762	value	NPCr
29	inverse_cdf	28.0	-11.853056252594925	10.07443811897097	51.908184438393285	2.5717708084186	0.19408188184519762	value	NPCr
29	inverse_cdf	32.5	-16.611822518598856	13.77912924602292	70.99647383372624	2.717919302792565	0.19408188184519762	value	NPCr
29	inverse_cdf	36.5	-13.297398629004483	10.644812472782785	54.84701802960276	1.658815927255091	0.19408188184519762	value	NPCr
29	inverse_cdf	39.0	-13.888427620511976	8.393857815930929	43.24905414213772	4.982506957966528	0.19408188184519762	value	NPCr
29	inverse_cdf	40.0	-18.1605085675272	9.420766586104664	48.540165091859514	2.273901385169066	0.19408188184519762	value	NPCr
29	inverse_cdf	41.0	-20.57254331582724	16.226196823173034	83.60490257465285	2.8800352217839222	0.19408188184519762	value	NPCr
29	inverse_cdf	41.5	-29.9946996283877	11.40341517251613	58.75569148495608	4.558299145877283	0.19408188184519762	value	NPCr
30	cdf	5.5	7.2310910888714215	10.604117396705268	22.084010092797456	2.3092676366855054	0.4801717329482532	value	NPCr
30	cdf	8.0	0.7712861555068393	3.3695106282046896	7.017303179251938	1.954849204884352	0.4801717329482532	value	NPCr
30	cdf	10.0	0.15440133630182196	8.284179679411565	17.252535105610495	0.6282352402659723	0.4801717329482532	value	NPCr
30	cdf	11.0	10.627811663647321	11.557278571269958	24.06905233739666	2.2028554209423357	0.4801717329482532	value	NPCr
30	cdf	11.5	11.099848748469988	12.69044910208443	26.428979948830193	2.9012923526024235	0.4801717329482532	value	NPCr
30	cdf	12.0	4.391750338556477	7.06385899086629	14.711109601338283	4.099545174094868	0.4801717329482532	value	NPCr
30	cdf	12.5	7.749200802285955	12.440538491453362	25.90851905227425	2.6577914761872448	0.4801717329482532	value	NPCr
30	cdf	13.0	13.278865794332994	8.641274200584006	17.996215952835467	2.478078314952975	0.4801717329482532	value	NPCr
30	cdf	14.0	9.116725283933615	8.193146569126647	17.06295062148025	2.404567083296801	0.4801717329482532	value	NPCr
30	cdf	16.0	3.064841023421266	11.290751443483254	23.51398607776861	3.2062245873296806	0.4801717329482532	value	NPCr
30	cdf	18.5	0.07553908945445897	9.442960007203025	19.6657973788321	3.6241440368379436	0.4801717329482532	value	NPCr
30	cdf	22.0	-3.2693390309613086	9.723558451871991	20.250168397396838	2.987581485216981	0.4801717329482532	value	NPCr
30	cdf	25.5	-2.0492931991248113	9.142808930336324	19.04070627856309	3.3787902313412905	0.4801717329482532	value	NPCr
30	cdf	28.0	0.6381377425699348	3.8145182043524364	7.9440707201386145	2.9286941462898755	0.4801717329482532	value	NPCr
30	cdf	30.0	-6.700522546293719	6.5188990172685966	13.576182373840654	1.627068906254983	0.4801717329482532	value	NPCr
30	cdf	31.0	-8.05352441920219	9.742671579244204	20.289973171523915	2.7443845458143183	0.4801717329482532	value	NPCr
30	cdf	31.5	-4.1641902246033595	9.141768866757998	19.03854025439515	1.9728495607753307	0.4801717329482532	value	NPCr
30	cdf	32.0	-4.596931022100179	7.756906446940916	16.154442077032588	3.6492237885311134	0.4801717329482532	value	NPCr
30	cdf	32.5	-1.6606118408543935	6.651669341970939	13.852688289520305	3.489797814753751	0.4801717329482532	value	NPCr
30	cdf	33.0	-2.7838253982777843	6.094548443044887	12.692434862053155	3.9869827904805577	0.4801717329482532	value	NPCr
30	cdf	34.0	-4.11030669412979	7.76361990335234	16.16842344234579	2.2166340481683466	0.4801717329482532	value	NPCr
30	cdf	36.0	-5.463826420204164	8.563579581703431	17.83441005392607	2.5491827878885633	0.4801717329482532	value	NPCr
30	cdf	38.5	-11.683272270521691	13.830238105013379	28.80269111239796	3.309309330869419	0.4801717329482532	value	NPCr
30	inverse_cdf	2.5	9.377866278456017	8.899536005353871	26.14761274900219	2.209717476933915	0.3403574961424914	value	NPCr
30	inverse_cdf	3.0	14.749972736969351	11.200571734908396	32.90825635354672	5.066710269004276	0.3403574961424914	value	NPCr
30	inverse_cdf	4.0	18.95464314158523	11.957521867797224	35.13224184370889	2.0308032757062193	0.3403574961424914	value	NPCr
30	inverse_cdf	5.0	15.215470903143725	11.912316963942937	34.99942589469462	1.4561555766284686	0.3403574961424914	value	NPCr
30	inverse_cdf	7.5	10.167048445226918	9.956594837044987	29.253343763219593	3.040623708872529	0.3403574961424914	value	NPCr
30	inverse_cdf	11.5	5.258471608024152	13.417787653018486	39.422630043679426	2.6844218043553703	0.3403574961424914	value	NPCr
30	inverse_cdf	16.0	0.13255992239801628	11.138017322942154	32.7244660369672	2.7613173277250875	0.3403574961424914	value	NPCr
30	inverse_cdf	18.5	4.298895362320458	9.535929766626571	28.017393107846623	4.0844128420073655	0.3403574961424914	value	NPCr
30	inverse_cdf	20.0	5.043190319985868	8.155221275134508	23.960751173584576	3.5913383885417884	0.3403574961424914	value	NPCr
30	inverse_cdf	21.0	4.918631941570318	11.61059301039517	34.11293461136044	2.3865654844540933	0.3403574961424914	value	NPCr
30	inverse_cdf	21.5	-6.261179438509496	8.736434585349018	25.668406555945197	3.8510533440712553	0.3403574961424914	value	NPCr
30	inverse_cdf	22.0	1.544777100431375	8.369079070804624	24.589084023878502	5.440411493607241	0.3403574961424914	value	NPCr
30	inverse_cdf	22.5	3.189483760282762	11.907079156236419	34.984036758959746	3.058458193106603	0.3403574961424914	value	NPCr
30	inverse_cdf	23.0	1.518296089798941	9.724365319275119	28.57103319153574	2.8675895434813548	0.3403574961424914	value	NPCr
30	inverse_cdf	24.0	5.600710072626413	5.964803765362603	17.52511354374703	2.2154145656876385	0.3403574961424914	value	NPCr
30	inverse_cdf	25.5	1.2674154243775426	10.753201231888907	31.593842808700934	6.411511211178466	0.3403574961424914	value	NPCr
30	inverse_cdf	28.0	1.6795713157875767	1.6803156554434955	4.936913905195811	1.0574243037316862	0.3403574961424914	value	NPCr
30	inverse_cdf	32.5	-5.6620843460075	11.140873103391803	32.73285656892849	3.6475692972750124	0.3403574961424914	value	NPCr
30	inverse_cdf	36.5	-11.76426327400366	12.019956439660717	35.315680059617485	3.5626912612776387	0.3403574961424914	value	NPCr
30	inverse_cdf	39.0	-6.222241921879572	4.49736445469809	13.213648900552666	2.6365806164900194	0.3403574961424914	value	NPCr
30	inverse_cdf	40.0	-9.434993491023668	10.949951100014948	32.17191107620185	3.3145890647162046	0.3403574961424914	value	NPCr
30	inverse_cdf	41.0	-12.962772302251643	10.50268316076107	30.85779887264213	3.1884866212053655	0.3403574961424914	value	NPCr
30	inverse_cdf	41.5	-13.51955155796406	11.630845369199735	34.17243780736493	5.488593542856659	0.3403574961424914	value	NPCr
pil01	cdf	5.5	1.7719272419435024	10.484596486317287	100.19985645148388	1.6065398249291085	0.10463684138503591	value	NPCr
pil01	cdf	8.0	4.459895803726745	12.576192132145307	120.18895033220895	1.1821847533789929	0.10463684138503591	value	NPCr
pil01	cdf	10.0	10.341859870636444	7.60743499399271	72.7032170820157	4.528803650899606	0.10463684138503591	value	NPCr
pil01	cdf	11.0	3.5906674511730436	5.246493317291387	50.140019976192505	0.8658866184744134	0.10463684138503591	value	NPCr
pil01	cdf	11.5	2.0833336110164247	6.619924991757061	63.26571888191356	3.219411657558874	0.10463684138503591	value	NPCr
pil01	cdf	12.0	2.369714820963164	6.401533998790921	61.178585993770284	2.4136399964317388	0.10463684138503591	value	NPCr
pil01	cdf	12.5	3.2280279491202393	7.95358926261582	76.01136614348587	1.0493406050865135	0.10463684138503591	value	NPCr
pil01	cdf	13.0	-1.6546527690464643	6.187054289280265	59.12883270734006	2.5884311464331224	0.10463684138503591	value	NPCr
pil01	cdf	14.0	3.8882615596194583	6.08323191207401	58.136616430243	1.3036783625376562	0.10463684138503591	value	NPCr
pil01	cdf	16.0	1.7188193741310727	1.1483405507431752	10.974533783159467	0.9760038104426545	0.10463684138503591	value	NPCr
pil01	cdf	18.5	-1.2742498929649955	2.0493997695171613	19.585833654667688	3.480880929023693	0.10463684138503591	value	NPCr
pil01	cdf	22.0	-14.630552089220728	12.803482064195109	122.36112916560315	1.0685593172469776	0.10463684138503591	value	NPCr
pil01	cdf	25.5	-7.45279731916785	6.9116405399903895	66.05360452880434	1.1091618452889918	0.10463684138503591	value	NPCr
pil01	cdf	28.0	-10.060631784654419	4.3498198152687975	41.57063380060003	1.0765682321963739	0.10463684138503591	value	NPCr
pil01	cdf	30.0	-11.459777168237295	2.2458501330865155	21.46328294469804	1.0433338279767501	0.10463684138503591	value	NPCr
pil01	cdf	31.0	-23.228567572777393	6.779623615199821	64.7919368117449	0.9344046141704634	0.10463684138503591	value	NPCr
pil01	cdf	31.5	-20.724428218026354	9.408065226336054	89.91159425117642	1.9895796323044266	0.10463684138503591	value	NPCr
pil01	cdf	32.0	-17.566564885604414	13.854591810867037	132.40644143572533	2.677249869973201	0.10463684138503591	value	NPCr
pil01	cdf	32.5	-10.337993403597647	8.461608562656178	80.86643719987394	3.736356228774814	0.10463684138503591	value	NPCr
pil01	cdf	33.0	-18.716293286419088	6.202854353741252	59.27983176514654	3.7465378268912066	0.10463684138503591	value	NPCr
pil01	cdf	34.0	-14.641308013231416	4.015575763018264	38.37630905009839	1.968366769081144	0.10463684138503591	value	NPCr
pil01	cdf	36.0	-19.15158088646314	13.979059713298634	133.5959641772766	2.4289630379009792	0.10463684138503591	value	NPCr
pil01	cdf	38.5	-19.73714576112701	15.472346444309975	147.86710148651974	2.8533650616703103	0.10463684138503591	value	NPCr
pil01	inverse_cdf	2.5	6.822167579354074	11.741964908290857	122.71456649438383	1.0203595478799783	0.09568517612640746	value	NPCr
pil01	inverse_cdf	3.0	14.629935736100684	11.848172401434667	123.82453459439027	2.318490484798632	0.09568517612640746	value	NPCr
pil01	inverse_cdf	4.0	9.85056159971036	10.403764475875219	108.72911455094201	4.487610735527147	0.09568517612640746	value	NPCr
pil01	inverse_cdf	5.0	11.285940150162872	11.544412046210317	120.6499534573596	2.6155654543361897	0.09568517612640746	value	NPCr
pil01	inverse_cdf	7.5	8.437123403006577	9.429341869240723	98.54548270657764	4.4934947553632725	0.09568517612640746	value	NPCr
pil01	inverse_cdf	11.5	3.0815485660725983	8.24993993369738	86.21962426863881	1.8777137414147502	0.09568517612640746	value	NPCr
pil01	inverse_cdf	16.0	0.17127900288077313	8.99076578212601	93.96195049323542	3.356232420672187	0.09568517612640746	value	NPCr
pil01	inverse_cdf	18.5	-0.6321739682014389	4.945359341703577	51.68365197102609	2.956970569392887	0.09568517612640746	value	NPCr
pil01	inverse_cdf	20.0	-1.9171157204892566	9.833411330365658	102.76838825457108	4.29954523740899	0.09568517612640746	value	NPCr
pil01	inverse_cdf	21.0	-1.0508406928259966	4.429055555242525	46.287792263572804	3.265941646851452	0.09568517612640746	value	NPCr
pil01	inverse_cdf	21.5	-1.4422009959103335	8.028184326346269	83.90206980170493	1.2655222338215384	0.09568517612640746	value	NPCr
pil01	inverse_cdf	22.0	-6.162678311508596	11.71328813579937	122.4148672760472	2.508781617005428	0.09568517612640746	value	NPCr
pil01	inverse_cdf	22.5	-6.575166142749602	5.494481536220413	57.42249488010328	2.4502586009388754	0.09568517612640746	value	NPCr
pil01	inverse_cdf	23.0	-5.981011045294551	1.8569222614116419	19.406582467471292	1.0180772242784133	0.09568517612640746	value	NPCr
pil01	inverse_cdf	24.0	-6.472049954968295	8.2598835996177	86.32354492095786	1.431740370056977	0.09568517612640746	value	NPCr
pil01	inverse_cdf	25.5	-9.86471835580901	9.146048609751924	95.58480195165541	3.506469105628936	0.09568517612640746	value	NPCr
pil01	inverse_cdf	28.0	-12.085835277953256	9.279143329384807	96.97576683274686	2.205226484608002	0.09568517612640746	value	NPCr
pil01	inverse_cdf	32.5	-14.949179485523253	14.069834373431293	147.0429897609632	3.140242736099754	0.09568517612640746	value	NPCr
pil01	inverse_cdf	36.5	-11.313136708107898	10.882762640239788	113.73509545368681	3.5057016564648653	0.09568517612640746	value	NPCr
pil01	inverse_cdf	39.0	-15.37834791589989	13.513849590987668	141.23242635969896	2.585219709791172	0.09568517612640746	value	NPCr
pil01	inverse_cdf	40.0	-24.676137619626633	12.793752028134756	133.70673019646458	4.275141769918529	0.09568517612640746	value	NPCr
pil01	inverse_cdf	41.0	-18.800666597628656	11.526498659009778	120.462741729005	2.3394069946724296	0.09568517612640746	value	NPCr
pil01	inverse_cdf	41.5	-35.108331534373576	10.160503904130055	106.18681299919696	0.7056346704685755	0.09568517612640746	value	NPCr
pil02	cdf	5.5	10.06582440431048	10.353717968237778	40.78299639479872	2.2188612681464965	0.2538734002771372	value	NPCr
pil02	cdf	8.0	8.984992000484613	9.321078088157435	36.71545769656142	3.756452186197217	0.2538734002771372	value	NPCr
pil02	cdf	10.0	5.690017502299204	8.36246134960892	32.939494017412464	2.931359971155842	0.2538734002771372	value	NPCr
pil02	cdf	11.0	10.13249829905305	14.538000876690349	57.2647660637946	2.3315587256848236	0.2538734002771372	value	NPCr
pil02	cdf	11.5	7.802256076135542	13.182128545175667	51.924024063905826	2.764777537093655	0.2538734002771372	value	NPCr
pil02	cdf	12.0	7.63172769097288	11.250138247510327	44.31397001509129	2.717906490235065	0.2538734002771372	value	NPCr
pil02	cdf	12.5	1.8975142886898944	8.96170894086623	35.29991299239428	3.866706392878056	0.2538734002771372	value	NPCr
pil02	cdf	13.0	5.491121900088125	14.074979015808776	55.44093631094881	3.540990915387252	0.2538734002771372	value	NPCr
pil02	cdf	14.0	5.699632966884813	11.149089310964518	43.91594116907789	2.80337963287631	0.2538734002771372	value	NPCr
pil02	cdf	16.0	10.817602778731363	10.093816334291995	39.759251356279265	1.8713444425138603	0.2538734002771372	value	NPCr
pil02	cdf	18.5	6.137754717217113	8.48771606512098	33.43286872849022	3.574420744222982	0.2538734002771372	value	NPCr
pil02	cdf	22.0	2.8422827688106267	6.340240034182763	24.97402259260534	2.833012577458846	0.2538734002771372	value	NPCr
pil02	cdf	25.5	0.7534101304110052	9.336635948040064	36.77673965782891	2.7929629095826116	0.2538734002771372	value	NPCr
pil02	cdf	28.0	3.490102292872951	6.251655761149206	24.62509169658845	2.928289143012187	0.2538734002771372	value	NPCr
pil02	cdf	30.0	-3.0748998747644336	11.499863474354667	45.297630479605225	2.4593124546982175	0.2538734002771372	value	NPCr
pil02	cdf	31.0	-5.10010477814707	8.561055526029138	33.72175074932461	5.35074852513106	0.2538734002771372	value	NPCr
pil02	cdf	31.5	-5.793558035874099	10.066524464902393	39.65174947006429	3.4160179201515675	0.2538734002771372	value	NPCr
pil02	cdf	32.0	-5.9127193144926835	9.115237112348002	35.90465603090945	2.8963368310296196	0.2538734002771372	value	NPCr
pil02	cdf	32.5	-10.24874870200863	13.150994391967645	51.80138753257157	3.8399103680285176	0.2538734002771372	value	NPCr
pil02	cdf	33.0	-9.459497267620264	13.850872271921517	54.55818631176569	2.491877434214074	0.2538734002771372	value	NPCr
pil02	cdf	34.0	-9.590547280042145	10.205274286688818	40.1982810154525	5.578559608982113	0.2538734002771372	value	NPCr
pil02	cdf	36.0	-15.83486273240743	14.522082953644977	57.20206582411611	2.855826011692061	0.2538734002771372	value	NPCr
pil02	cdf	38.5	-17.70782782133233	9.71306962259895	38.259501042629196	4.9594764012214245	0.2538734002771372	value	NPCr
pil02	inverse_cdf	2.5	9.94116996094902	12.53449100015486	37.560741751102015	2.7110772072527007	0.33371255240951425	value	NPCr
pil02	inverse_cdf	3.0	12.178000414775333	14.01114124617471	41.98565845069257	5.130635012821782	0.33371255240951425	value	NPCr
pil02	inverse_cdf	4.0	10.325996263251692	5.856612012070289	17.549870299404763	6.825297299285568	0.33371255240951425	value	NPCr
pil02	inverse_cdf	5.0	13.102855001640883	12.60503343209034	37.77212856117595	1.5974362864228002	0.33371255240951425	value	NPCr
pil02	inverse_cdf	7.5	16.496076446951477	7.862832595664593	23.561692657025812	5.056358552028039	0.33371255240951425	value	NPCr
pil02	inverse_cdf	11.5	5.574352044966748	9.87964389305445	29.605251051302012	4.364614605292993	0.33371255240951425	value	NPCr
pil02	inverse_cdf	16.0	9.028267460882404	9.885424268258813	29.622572471076687	2.071702694721965	0.33371255240951425	value	NPCr
pil02	inverse_cdf	18.5	7.062034678072184	9.54673903668305	28.6076713859052	6.505526014062207	0.33371255240951425	value	NPCr
pil02	inverse_cdf	20.0	2.19479750098197	14.621554524984626	43.81481733129964	1.6956479834131617	0.33371255240951425	value	NPCr
pil02	inverse_cdf	21.0	4.115852579202215	6.793983904700556	20.358790389051176	4.232565642178021	0.33371255240951425	value	NPCr
pil02	inverse_cdf	21.5	10.403411120295807	8.377793303883273	25.104819232578617	3.9892027532841623	0.33371255240951425	value	NPCr
pil02	inverse_cdf	22.0	-6.345892210033263	7.602260152380823	22.780863642946624	3.758570510962662	0.33371255240951425	value	NPCr
pil02	inverse_cdf	22.5	8.82801788717503	7.4056290054934095	22.191640536210986	4.570238820361115	0.33371255240951425	value	NPCr
pil02	inverse_cdf	23.0	3.1690488868236883	8.113336104783818	24.31234919454742	5.497570951769658	0.33371255240951425	value	NPCr
pil02	inverse_cdf	24.0	-8.06290490279479	8.771169235005551	26.283605970691927	3.5940546546543235	0.33371255240951425	value	NPCr
pil02	inverse_cdf	25.5	-5.927521168129175	9.0032774057798	26.97913920460342	5.323978986686744	0.33371255240951425	value	NPCr
pil02	inverse_cdf	28.0	-4.540391616634878	8.447559563088861	25.31388017050814	4.701324776688979	0.33371255240951425	value	NPCr
pil02	inverse_cdf	32.5	-6.370436101923694	10.1338638173404	30.36704416471773	3.585468070740743	0.33371255240951425	value	NPCr
pil02	inverse_cdf	36.5	-7.283053010083279	11.05173304784993	33.11752275439682	2.8052961897887796	0.33371255240951425	value	NPCr
pil02	inverse_cdf	39.0	-12.185181409423453	7.874685048492907	23.597209609393158	5.78165566181989	0.33371255240951425	value	NPCr
pil02	inverse_cdf	40.0	-10.53480187011958	11.68482219704986	35.01463194201598	4.897918491896519	0.33371255240951425	value	NPCr
pil02	inverse_cdf	41.0	-6.4076820116648605	9.614234300196165	28.809927078793514	2.838893577694739	0.33371255240951425	value	NPCr
pil02	inverse_cdf	41.5	-16.990145597652003	11.391789821831443	34.136533791069525	4.882389766295185	0.33371255240951425	value	NPCr
03	cdf	7.500000349528623	13.781673644494688	31.143198999965012	31.143198999965012	6.217051040555763		orientation	BensonV1
03	cdf	15.000000699057246	0.8096245160897837	22.392905480902993	22.392905480902993	5.274888150559144		orientation	BensonV1
03	cdf	22.50000104858587	21.014395550475186	36.53482223950477	36.53482223950477	3.589777586236454		orientation	BensonV1
03	cdf	30.00000139811449	16.548040298166853	27.422619297525294	27.422619297525294	4.376125132796844		orientation	BensonV1
03	cdf	37.49999945581193	5.366037740824453	22.297994909835094	22.297994909835094	4.181226109643785		orientation	BensonV1
03	cdf	45.00000209717174	-5.969768836672131	27.87382257748113	27.87382257748113	6.1702635369262		orientation	BensonV1
03	cdf	52.499999581911375	12.7803748891275	31.302601991502844	31.302601991502844	5.433080052550961		orientation	BensonV1
03	cdf	60.00000279622898	-7.8755018519177185	31.952548867235652	31.952548867235652	3.715376654750302		orientation	BensonV1
03	cdf	67.49999741617965	-1.7860359361556846	28.119403861585777	28.119403861585777	4.251365095154596		orientation	BensonV1
03	cdf	74.99999776570826	-43.53007402657022	49.26612966676623	49.26612966676623	5.786901451954337		orientation	BensonV1
03	cdf	82.49999811523689	-4.675555830249621	39.256811480432354	39.256811480432354	5.1431033195211375		orientation	BensonV1
03	cdf	90.00000419434348	-1.7489166448907127	34.11574001833801	34.11574001833801	3.296626253652858		orientation	BensonV1
03	cdf	97.49999881429414	-4.614637265074364	22.772154269492216	22.772154269492216	9.434253990395089		orientation	BensonV1
03	cdf	104.99999916382276	1.4283851865167065	24.339567827298932	24.339567827298932	11.875982685022864		orientation	BensonV1
03	cdf	112.49999951335138	-76.7902018529609	61.67679636359442	61.67679636359442	6.346654664769521		orientation	BensonV1
03	cdf	120.00000559245797	49.638544365967334	41.09880071278019	41.09880071278019	3.8222916711873394		orientation	BensonV1
03	cdf	127.50000021240862	-3.7310558572857246	26.824401806434288	26.824401806434288	4.259683926699637		orientation	BensonV1
03	cdf	135.00000056193724	13.189105451653148	26.81167348696549	26.81167348696549	4.515346478878659		orientation	BensonV1
03	cdf	142.50000091146586	3.2539866270181506	49.868817825035244	49.868817825035244	7.09899035259385		orientation	BensonV1
03	cdf	149.99999553141652	-1.1836194109167764	29.07385419815467	29.07385419815467	6.468580387508483		orientation	BensonV1
03	cdf	157.49999588094516	-27.62963485150601	27.509357010171865	27.509357010171865	6.241181652211141		orientation	BensonV1
03	cdf	164.99999623047378	-20.327446648608856	36.189385392359746	36.189385392359746	3.2856588405489857		orientation	BensonV1
03	cdf	172.50000230958034	-0.9542599976172141	12.346223477726102	12.346223477726102	10.591623271197815		orientation	BensonV1
03	inverse_cdf	7.500000349528623	20.159052735193015	35.79450128280426	35.79450128280426	4.63340671846778		orientation	BensonV1
03	inverse_cdf	15.000000699057246	23.369201791218472	34.17788900057938	34.17788900057938	7.826798921448056		orientation	BensonV1
03	inverse_cdf	22.50000104858587	16.39128993135006	22.081481685070898	22.081481685070898	2.7473477471105663		orientation	BensonV1
03	inverse_cdf	30.00000139811449	21.066804109121847	31.926853351422263	31.926853351422263	5.973029151863546		orientation	BensonV1
03	inverse_cdf	37.49999945581193	7.971913898600718	36.019649985978205	36.019649985978205	5.8021649141639635		orientation	BensonV1
03	inverse_cdf	45.00000209717174	-2.856397526762791	22.078514960171415	22.078514960171415	3.8124407270804337		orientation	BensonV1
03	inverse_cdf	52.499999581911375	-2.073693736571414	18.76020510490643	18.76020510490643	3.5329632885497286		orientation	BensonV1
03	inverse_cdf	60.00000279622898	-0.048880661194004915	34.56647056785183	34.56647056785183	4.3197725662962085		orientation	BensonV1
03	inverse_cdf	67.49999741617965	-44.53368805923354	71.64351435506792	71.64351435506792	8.758238648926701		orientation	BensonV1
03	inverse_cdf	74.99999776570826	-5.995340142244359	27.856495942784743	27.856495942784743	9.680721241180942		orientation	BensonV1
03	inverse_cdf	82.49999811523689	0.046969616859129815	35.61866864664494	35.61866864664494	5.358886296154953		orientation	BensonV1
03	inverse_cdf	90.00000419434348	-0.21334843287314698	6.6320023817448766	6.6320023817448766	3.4811810206895584		orientation	BensonV1
03	inverse_cdf	97.49999881429414	-25.91845499725507	29.268846726691603	29.268846726691603	4.672629957657122		orientation	BensonV1
03	inverse_cdf	104.99999916382276	-4.230109334636353	49.42015402760181	49.42015402760181	6.107958386466261		orientation	BensonV1
03	inverse_cdf	112.49999951335138	-35.24205903150384	32.49085935081418	32.49085935081418	8.523240664260458		orientation	BensonV1
03	inverse_cdf	120.00000559245797	-31.767605004777863	60.492668470423624	60.492668470423624	11.022560956681861		orientation	BensonV1
03	inverse_cdf	127.50000021240862	-35.259035060749795	37.248781886492196	37.248781886492196	7.694477332930754		orientation	BensonV1
03	inverse_cdf	135.00000056193724	21.31513724544112	38.54288398925237	38.54288398925237	9.142617308317845		orientation	BensonV1
03	inverse_cdf	142.50000091146586	-14.677756475944278	21.012535707781858	21.012535707781858	7.149037829157897		orientation	BensonV1
03	inverse_cdf	149.99999553141652	-3.320989767997162	24.03166542295302	24.03166542295302	8.220065480425497		orientation	BensonV1
03	inverse_cdf	157.49999588094516	-6.973873458343718	41.16771027437894	41.16771027437894	5.983454872482007		orientation	BensonV1
03	inverse_cdf	164.99999623047378	-15.30905010302078	29.22067533815684	29.22067533815684	8.250753645597342		orientation	BensonV1
03	inverse_cdf	172.50000230958034	3.515880674697712	45.039213894907576	45.039213894907576	6.751196573400714		orientation	BensonV1
04	cdf	7.500000349528623	28.239057670217775	32.40617945833836	32.40617945833836	4.7004672232867915		orientation	BensonV1
04	cdf	15.000000699057246	18.798528760701714	26.648006642109493	26.648006642109493	3.345080499601666		orientation	BensonV1
04	cdf	22.50000104858587	14.920383210001447	16.826833177376447	16.826833177376447	7.648727886476161		orientation	BensonV1
04	cdf	30.00000139811449	-6.004304377638135	19.986623497921244	19.986623497921244	3.998602766756907		orientation	BensonV1
04	cdf	37.49999945581193	0.5599076008962243	31.712259860476244	31.712259860476244	12.274210647316279		orientation	BensonV1
04	cdf	45.00000209717174	3.712207157509795	37.131842517412025	37.131842517412025	8.92590805409034		orientation	BensonV1
04	cdf	52.499999581911375	8.923204406086072	13.495126394243577	13.495126394243577	3.1832040361669383		orientation	BensonV1
04	cdf	60.00000279622898	0.7033841065456272	31.484753289436377	31.484753289436377	4.7033802668031015		orientation	BensonV1
04	cdf	67.49999741617965	-5.231468714425034	23.34030738729321	23.34030738729321	9.218879167349279		orientation	BensonV1
04	cdf	74.99999776570826	-5.026319206689536	26.829469718453623	26.829469718453623	12.787756951380842		orientation	BensonV1
04	cdf	82.49999811523689	-20.931213264752856	32.35689092731715	32.35689092731715	4.496194044365105		orientation	BensonV1
04	cdf	90.00000419434348	38.56846518373078	42.832745270729845	42.832745270729845	17.158661987228008		orientation	BensonV1
04	cdf	97.49999881429414	-2.9295575624294514	22.270259369984217	22.270259369984217	5.610333975298699		orientation	BensonV1
04	cdf	104.99999916382276	17.42273848203959	38.942773882528854	38.942773882528854	12.409063276024764		orientation	BensonV1
04	cdf	112.49999951335138	14.030462671270044	31.559857007261083	31.559857007261083	11.678977852011604		orientation	BensonV1
04	cdf	120.00000559245797	2.6727597426147724	25.421359833929177	25.421359833929177	3.6901525111380757		orientation	BensonV1
04	cdf	127.50000021240862	10.976162908495866	9.71477838014104	9.71477838014104	4.790236468257376		orientation	BensonV1
04	cdf	135.00000056193724	12.375768445829237	39.838503894288486	39.838503894288486	8.344198522669268		orientation	BensonV1
04	cdf	142.50000091146586	0.8614701321763505	48.86108758944045	48.86108758944045	15.666971696531494		orientation	BensonV1
04	cdf	149.99999553141652	-12.42509158452225	17.673976002108816	17.673976002108816	5.6615419309864174		orientation	BensonV1
04	cdf	157.49999588094516	-9.468203492133512	32.54040606617332	32.54040606617332	8.104702131043716		orientation	BensonV1
04	cdf	164.99999623047378	-18.389813087005763	44.32890038670649	44.32890038670649	5.311057264033521		orientation	BensonV1
04	cdf	172.50000230958034	-15.55271484303438	31.285307013506067	31.285307013506067	8.174522785996036		orientation	BensonV1
04	inverse_cdf	7.500000349528623	19.167465629226527	33.04525028683492	33.04525028683492	10.264867776479399		orientation	BensonV1
04	inverse_cdf	15.000000699057246	20.702723412832682	14.8076545031511	14.8076545031511	4.625543753097658		orientation	BensonV1
04	inverse_cdf	22.50000104858587	3.9912509041037225	15.048818901543873	15.048818901543873	6.818836250383304		orientation	BensonV1
04	inverse_cdf	30.00000139811449	-11.539658943916407	39.10057878445236	39.10057878445236	6.937285421116455		orientation	BensonV1
04	inverse_cdf	37.49999945581193	6.061438346221536	26.014612844215712	26.014612844215712	6.6413645596334465		orientation	BensonV1
04	inverse_cdf	45.00000209717174	10.695646539178341	27.81207051756937	27.81207051756937	6.6161075329002		orientation	BensonV1
04	inverse_cdf	52.499999581911375	-19.957608885643452	22.60784784999911	22.60784784999911	6.513080298400837		orientation	BensonV1
04	inverse_cdf	60.00000279622898	-8.546886550378815	26.62999777316068	26.62999777316068	5.262598121290738		orientation	BensonV1
04	inverse_cdf	67.49999741617965	-5.788982040986085	18.260745903268116	18.260745903268116	3.9325978670976585		orientation	BensonV1
04	inverse_cdf	74.99999776570826	-5.181422433642169	19.473986871718896	19.473986871718896	15.246192832276787		orientation	BensonV1
04	inverse_cdf	82.49999811523689	-11.962753645299898	23.673557607083865	23.673557607083865	5.691333642467718		orientation	BensonV1
04	inverse_cdf	90.00000419434348	49.21361574747647	36.258392015160965	36.258392015160965	8.22711800805994		orientation	BensonV1
04	inverse_cdf	97.49999881429414	-29.487073599151643	35.91587953405789	35.91587953405789	4.791816144575348		orientation	BensonV1
04	inverse_cdf	104.99999916382276	-26.57416842783732	28.26125248359892	28.26125248359892	5.467340488583952		orientation	BensonV1
04	inverse_cdf	112.49999951335138	10.551674007413183	20.531422973779545	20.531422973779545	6.416656610709799		orientation	BensonV1
04	inverse_cdf	120.00000559245797	-9.902850266195628	35.38089598692631	35.38089598692631	5.598553613206876		orientation	BensonV1
04	inverse_cdf	127.50000021240862	15.82394049042125	29.32204547661382	29.32204547661382	8.944006310170789		orientation	BensonV1
04	inverse_cdf	135.00000056193724	-3.0727278808678022	44.776472004026154	44.776472004026154	4.062522336790199		orientation	BensonV1
04	inverse_cdf	142.50000091146586	22.79117466188211	45.41798502932314	45.41798502932314	7.69530107345896		orientation	BensonV1
04	inverse_cdf	149.99999553141652	0.13391289895039904	35.780326597403466	35.780326597403466	2.86565098097211		orientation	BensonV1
04	inverse_cdf	157.49999588094516	-15.178810990519082	34.19009609561011	34.19009609561011	16.311600184052583		orientation	BensonV1
04	inverse_cdf	164.99999623047378	-22.76579805082227	35.19460031535774	35.19460031535774	2.022140386213149		orientation	BensonV1
04	inverse_cdf	172.50000230958034	-19.21924471174438	33.7427989764909	33.7427989764909	12.030939976256501		orientation	BensonV1
05	cdf	7.500000349528623	2.2041146905460636	7.960024344702863	7.960024344702863	6.10596199022613		orientation	BensonV1
05	cdf	15.000000699057246	17.340575241245517	36.239915741630774	36.239915741630774	4.1308638329027305		orientation	BensonV1
05	cdf	22.50000104858587	12.485330581143245	24.202935209363122	24.202935209363122	2.201947859555847		orientation	BensonV1
05	cdf	30.00000139811449	18.35253304710173	24.04966188782054	24.04966188782054	3.4233923776196242		orientation	BensonV1
05	cdf	37.49999945581193	6.740183698795789	17.693907711245622	17.693907711245622	5.495393598373683		orientation	BensonV1
05	cdf	45.00000209717174	4.2792163311073494	28.0415080501049	28.0415080501049	13.279553883122071		orientation	BensonV1
05	cdf	52.499999581911375	22.427842654650618	24.31870174055407	24.31870174055407	4.577278391681646		orientation	BensonV1
05	cdf	60.00000279622898	-1.1946387463003418	15.725943209761343	15.725943209761343	5.762309905645007		orientation	BensonV1
05	cdf	67.49999741617965	-20.648683224197924	37.6635893049348	37.6635893049348	5.590407017108409		orientation	BensonV1
05	cdf	74.99999776570826	29.607055779141064	29.130564478168324	29.130564478168324	4.097919504167416		orientation	BensonV1
05	cdf	82.49999811523689	11.82750543098264	43.98625202468401	43.98625202468401	4.197909578863366		orientation	BensonV1
05	cdf	90.00000419434348	2.827430496029436	29.048449379124033	29.048449379124033	3.440534439790615		orientation	BensonV1
05	cdf	97.49999881429414	0.994884891651381	19.753858184026726	19.753858184026726	2.942264119816965		orientation	BensonV1
05	cdf	104.99999916382276	14.914321713190304	36.924433960203984	36.924433960203984	9.150095228861264		orientation	BensonV1
05	cdf	112.49999951335138	-16.33850998686063	13.321940966742703	13.321940966742703	3.7939230918760916		orientation	BensonV1
05	cdf	120.00000559245797	-12.56518732342873	13.149434412629834	13.149434412629834	3.562360014222995		orientation	BensonV1
05	cdf	127.50000021240862	-9.902142654585958	17.90205449776573	17.90205449776573	2.4971434293368		orientation	BensonV1
05	cdf	135.00000056193724	-11.017386649425617	23.294978588607606	23.294978588607606	8.512835278207927		orientation	BensonV1
05	cdf	142.50000091146586	-0.05942085082446624	16.970983986622567	16.970983986622567	6.783367323053515		orientation	BensonV1
05	cdf	149.99999553141652	-2.919831627470842	9.506638501929999	9.506638501929999	3.9757828379501157		orientation	BensonV1
05	cdf	157.49999588094516	-12.16866225678541	15.782942995040164	15.782942995040164	4.2566615587793315		orientation	BensonV1
05	cdf	164.99999623047378	-13.609927824356589	20.261431254161497	20.261431254161497	4.921382637183665		orientation	BensonV1
05	cdf	172.50000230958034	-31.147719051021454	37.85050663550043	37.85050663550043	10.223427519779346		orientation	BensonV1
05	inverse_cdf	7.500000349528623	-1.1583292937372391	33.2956336519925	33.2956336519925	12.836419260600668		orientation	BensonV1
05	inverse_cdf	15.000000699057246	-13.810948809818555	40.00224197614328	40.00224197614328	5.8477117128013605		orientation	BensonV1
05	inverse_cdf	22.50000104858587	3.500103892359192	10.69879274191572	10.69879274191572	9.981125792442828		orientation	BensonV1
05	inverse_cdf	30.00000139811449	9.300265988837396	46.863571825185076	46.863571825185076	7.59502928954709		orientation	BensonV1
05	inverse_cdf	37.49999945581193	-10.825021806682102	13.678322593540265	13.678322593540265	3.714812105974208		orientation	BensonV1
05	inverse_cdf	45.00000209717174	27.999813857453177	31.146700789209177	31.146700789209177	5.619387296213221		orientation	BensonV1
05	inverse_cdf	52.499999581911375	1.1760577822018092	32.561430471510945	32.561430471510945	6.527142695276138		orientation	BensonV1
05	inverse_cdf	60.00000279622898	-1.2951750707441363	20.396779178541546	20.396779178541546	5.951663993062559		orientation	BensonV1
05	inverse_cdf	67.49999741617965	-24.3103657732743	31.471292504174635	31.471292504174635	4.54636585798361		orientation	BensonV1
05	inverse_cdf	74.99999776570826	5.002491732137713	20.06005371584628	20.06005371584628	2.411393732665953		orientation	BensonV1
05	inverse_cdf	82.49999811523689	15.4780026148145	22.58899696287381	22.58899696287381	9.13529237702239		orientation	BensonV1
05	inverse_cdf	90.00000419434348	6.020863288086019	34.91775821116259	34.91775821116259	3.08641865278482		orientation	BensonV1
05	inverse_cdf	97.49999881429414	-2.6968711268807226	29.233148466335994	29.233148466335994	9.953186342432332		orientation	BensonV1
05	inverse_cdf	104.99999916382276	-2.2058266659217765	33.66944411249087	33.66944411249087	8.306600846761082		orientation	BensonV1
05	inverse_cdf	112.49999951335138	-5.1036110777818635	35.66179376413398	35.66179376413398	4.396261199533723		orientation	BensonV1
05	inverse_cdf	120.00000559245797	-15.566279931362416	37.37544268819188	37.37544268819188	7.276615182812824		orientation	BensonV1
05	inverse_cdf	127.50000021240862	-5.874890741276886	17.368464431658868	17.368464431658868	7.629105513924742		orientation	BensonV1
05	inverse_cdf	135.00000056193724	13.560256089217319	29.733247141827203	29.733247141827203	9.775433585760384		orientation	BensonV1
05	inverse_cdf	142.50000091146586	-3.4614709496993896	23.160245611187356	23.160245611187356	4.290183087326544		orientation	BensonV1
05	inverse_cdf	149.99999553141652	15.154933812327158	46.50823743861297	46.50823743861297	4.305948915652844		orientation	BensonV1
05	inverse_cdf	157.49999588094516	-10.757694066721598	30.00663056005791	30.00663056005791	7.218481752685415		orientation	BensonV1
05	inverse_cdf	164.99999623047378	-43.41193585714018	35.589357406631436	35.589357406631436	7.825777502262714		orientation	BensonV1
05	inverse_cdf	172.50000230958034	-30.085861903631496	40.954874681959765	40.954874681959765	4.630489774727755		orientation	BensonV1
06	cdf	7.500000349528623	7.980867650505829	7.003584609843402	7.003584609843402	4.1490832676780425		orientation	BensonV1
06	cdf	15.000000699057246	10.926183282297018	16.18599876217284	16.18599876217284	3.408032634663702		orientation	BensonV1
06	cdf	22.50000104858587	-3.693861519270314	13.611393743412165	13.611393743412165	5.78786890849787		orientation	BensonV1
06	cdf	30.00000139811449	7.861063468694766	21.92867742085218	21.92867742085218	5.412417692740296		orientation	BensonV1
06	cdf	37.49999945581193	3.7744688444177967	5.8219369757030135	5.8219369757030135	4.289930931761663		orientation	BensonV1
06	cdf	45.00000209717174	5.195881583377314	17.444357841052607	17.444357841052607	2.7138984721452637		orientation	BensonV1
06	cdf	52.499999581911375	2.130797104086767	14.472911071827852	14.472911071827852	3.357933549034592		orientation	BensonV1
06	cdf	60.00000279622898	-2.732449948298722	22.38700340992076	22.38700340992076	5.603363205791669		orientation	BensonV1
06	cdf	67.49999741617965	-0.040087156207448515	7.287050925920712	7.287050925920712	1.6358204342158649		orientation	BensonV1
06	cdf	74.99999776570826	0.13948639347600533	9.966607427206247	9.966607427206247	1.6502819732487743		orientation	BensonV1
06	cdf	82.49999811523689	-8.112532788552244	14.578177662189345	14.578177662189345	3.580265628171109		orientation	BensonV1
06	cdf	90.00000419434348	-5.006392679209242	24.64619286196135	24.64619286196135	4.965813896381591		orientation	BensonV1
06	cdf	97.49999881429414	15.823029551966911	16.48711212171559	16.48711212171559	4.528656640321777		orientation	BensonV1
06	cdf	104.99999916382276	-1.428641310309132	10.812145604501037	10.812145604501037	5.664761767247839		orientation	BensonV1
06	cdf	112.49999951335138	-14.518156088843469	20.271714867990752	20.271714867990752	5.846464597937636		orientation	BensonV1
06	cdf	120.00000559245797	3.9363329761335137	24.120892189536406	24.120892189536406	3.2918952007172138		orientation	BensonV1
06	cdf	127.50000021240862	24.477907110587807	19.96896964474442	19.96896964474442	3.352647880965764		orientation	BensonV1
06	cdf	135.00000056193724	-5.396450099567005	26.68861429898008	26.68861429898008	2.357639616355269		orientation	BensonV1
06	cdf	142.50000091146586	-3.288195647970497	20.67768667338355	20.67768667338355	5.315763320665292		orientation	BensonV1
06	cdf	149.99999553141652	7.380840373285423	14.635576960141053	14.635576960141053	2.527702935896226		orientation	BensonV1
06	cdf	157.49999588094516	-12.003483899020097	17.736032157858197	17.736032157858197	2.2011502567975536		orientation	BensonV1
06	cdf	164.99999623047378	-11.567378286620794	22.35417972702638	22.35417972702638	2.2203771587557157		orientation	BensonV1
06	cdf	172.50000230958034	-9.14246174237374	13.48578443336835	13.48578443336835	1.809034017232571		orientation	BensonV1
06	inverse_cdf	7.500000349528623	12.142110045653155	13.34393438481519	13.34393438481519	3.2935991459892433		orientation	BensonV1
06	inverse_cdf	15.000000699057246	8.967768878189759	11.84330226065258	11.84330226065258	4.448487689712707		orientation	BensonV1
06	inverse_cdf	22.50000104858587	4.30763150468988	8.278570462693446	8.278570462693446	3.242767520119491		orientation	BensonV1
06	inverse_cdf	30.00000139811449	5.860052517668237	12.371227234386605	12.371227234386605	5.93858897038179		orientation	BensonV1
06	inverse_cdf	37.49999945581193	6.580652748983724	26.09086091781697	26.09086091781697	2.7969766193739303		orientation	BensonV1
06	inverse_cdf	45.00000209717174	-2.5292848844534603	10.843788847578084	10.843788847578084	6.316907703580022		orientation	BensonV1
06	inverse_cdf	52.499999581911375	-0.5800522994698838	7.385929884285273	7.385929884285273	2.8988467061104335		orientation	BensonV1
06	inverse_cdf	60.00000279622898	-1.4826982593255877	5.971073985591084	5.971073985591084	2.169532282010204		orientation	BensonV1
06	inverse_cdf	67.49999741617965	6.49696426453049	14.004420431721945	14.004420431721945	7.57525566650477		orientation	BensonV1
06	inverse_cdf	74.99999776570826	10.508316362270463	13.662461171872481	13.662461171872481	3.437884577798246		orientation	BensonV1
06	inverse_cdf	82.49999811523689	6.37319331515593	9.789367567461186	9.789367567461186	2.9189685283298816		orientation	BensonV1
06	inverse_cdf	90.00000419434348	-2.0795595893434324	5.808927762506551	5.808927762506551	2.5272323930950256		orientation	BensonV1
06	inverse_cdf	97.49999881429414	-12.138684888570154	16.772747791287898	16.772747791287898	4.860282081208469		orientation	BensonV1
06	inverse_cdf	104.99999916382276	-11.37773694359943	17.07238829442306	17.07238829442306	4.376190621076451		orientation	BensonV1
06	inverse_cdf	112.49999951335138	-7.284518884448559	9.3700338127117	9.3700338127117	3.725211819494218		orientation	BensonV1
06	inverse_cdf	120.00000559245797	-18.826387674310567	17.95154285928898	17.95154285928898	2.95280482929704		orientation	BensonV1
06	inverse_cdf	127.50000021240862	-0.6663255053813373	15.642637460361819	15.642637460361819	3.841614998705027		orientation	BensonV1
06	inverse_cdf	135.00000056193724	-3.41635783242063	8.086316681531757	8.086316681531757	4.182558070087277		orientation	BensonV1
06	inverse_cdf	142.50000091146586	-1.1050349104805832	10.338360210282163	10.338360210282163	1.6327131583603092		orientation	BensonV1
06	inverse_cdf	149.99999553141652	-2.6857947563406697	4.7789763846546895	4.7789763846546895	3.313366671211863		orientation	BensonV1
06	inverse_cdf	157.49999588094516	-1.3320185065890087	7.795308883105181	7.795308883105181	4.19732484252074		orientation	BensonV1
06	inverse_cdf	164.99999623047378	-3.060748761935571	6.389994768522272	6.389994768522272	3.357315287388123		orientation	BensonV1
06	inverse_cdf	172.50000230958034	-3.742816522229475	12.892713524149324	12.892713524149324	2.514567808838759		orientation	BensonV1
07	cdf	7.500000349528623	10.380682814675495	16.525408482182314	16.525408482182314	6.23668698406304		orientation	BensonV1
07	cdf	15.000000699057246	1.862944009676113	16.612267905725474	16.612267905725474	5.018774144960992		orientation	BensonV1
07	cdf	22.50000104858587	6.298773714239971	8.807587813155788	8.807587813155788	6.832236505122531		orientation	BensonV1
07	cdf	30.00000139811449	0.839834854084998	21.775051319169545	21.775051319169545	7.6074696584305155		orientation	BensonV1
07	cdf	37.49999945581193	0.6985327919383337	18.919926850210214	18.919926850210214	4.879234594754246		orientation	BensonV1
07	cdf	45.00000209717174	-29.46578475222349	57.702512369341655	57.702512369341655	5.512633329689828		orientation	BensonV1
07	cdf	52.499999581911375	-8.364933858350184	19.974528385688345	19.974528385688345	3.8826460302387544		orientation	BensonV1
07	cdf	60.00000279622898	-19.428368853602336	23.164445281443317	23.164445281443317	11.950524814497363		orientation	BensonV1
07	cdf	67.49999741617965	4.063916994132839	28.01467596735902	28.01467596735902	10.222227627734668		orientation	BensonV1
07	cdf	74.99999776570826	-26.383369590424756	25.462822186593876	25.462822186593876	9.202759621743041		orientation	BensonV1
07	cdf	82.49999811523689	-2.900223047904248	51.37223124862125	51.37223124862125	8.09377799977761		orientation	BensonV1
07	cdf	90.00000419434348	4.038163572158723	24.53732528636593	24.53732528636593	8.949519580152606		orientation	BensonV1
07	cdf	97.49999881429414	15.9550751184387	41.31536998262933	41.31536998262933	4.429658989520116		orientation	BensonV1
07	cdf	104.99999916382276	21.30518644777905	24.125782829067003	24.125782829067003	7.5629794715731995		orientation	BensonV1
07	cdf	112.49999951335138	2.0552863317238206	33.54671704010863	33.54671704010863	9.582090997446684		orientation	BensonV1
07	cdf	120.00000559245797	-11.666885248356735	20.730022284557315	20.730022284557315	6.119761817485102		orientation	BensonV1
07	cdf	127.50000021240862	-2.2171563947099173	54.812217568383836	54.812217568383836	20.527276769634955		orientation	BensonV1
07	cdf	135.00000056193724	23.046665126566694	38.61332741709925	38.61332741709925	5.2514032840187195		orientation	BensonV1
07	cdf	142.50000091146586	7.5194487214751575	41.37418995135	41.37418995135	6.505102927840894		orientation	BensonV1
07	cdf	149.99999553141652	7.031478586386612	31.77452480325397	31.77452480325397	6.783912224803979		orientation	BensonV1
07	cdf	157.49999588094516	1.8013901195159576	21.086982968487398	21.086982968487398	10.710973715308018		orientation	BensonV1
07	cdf	164.99999623047378	1.419571739093243	39.63261526420411	39.63261526420411	7.449072596755018		orientation	BensonV1
07	cdf	172.50000230958034	6.5452320225526535	22.482956195913594	22.482956195913594	2.9670758474297445		orientation	BensonV1
07	inverse_cdf	7.500000349528623	17.491877495843568	14.424293887401866	14.424293887401866	9.50621492871202		orientation	BensonV1
07	inverse_cdf	15.000000699057246	13.48449171579648	33.2135161667422	33.2135161667422	7.738990882830244		orientation	BensonV1
07	inverse_cdf	22.50000104858587	6.068849925062295	27.031796985775216	27.031796985775216	10.292592297014798		orientation	BensonV1
07	inverse_cdf	30.00000139811449	16.96775306974824	37.8373735778893	37.8373735778893	9.113267810513912		orientation	BensonV1
07	inverse_cdf	37.49999945581193	-1.376004711418716	27.11967903752916	27.11967903752916	4.362043557669172		orientation	BensonV1
07	inverse_cdf	45.00000209717174	-8.401393478944044	22.498335467594647	22.498335467594647	10.362441727315073		orientation	BensonV1
07	inverse_cdf	52.499999581911375	-9.006745287842193	35.82682746992043	35.82682746992043	2.05753939086464		orientation	BensonV1
07	inverse_cdf	60.00000279622898	-4.80578844637391	36.061501573642204	36.061501573642204	3.769005558039154		orientation	BensonV1
07	inverse_cdf	67.49999741617965	-8.205179798096509	34.937946337189764	34.937946337189764	4.954665447735633		orientation	BensonV1
07	inverse_cdf	74.99999776570826	1.020831604446073	49.70262127190286	49.70262127190286	12.62642157905043		orientation	BensonV1
07	inverse_cdf	82.49999811523689	6.917100278374107	29.246247335192642	29.246247335192642	12.651781715331737		orientation	BensonV1
07	inverse_cdf	90.00000419434348	-12.629798327727556	29.013302956291167	29.013302956291167	7.714107297716229		orientation	BensonV1
07	inverse_cdf	97.49999881429414	5.680856274104514	53.73719356858337	53.73719356858337	9.778310817313228		orientation	BensonV1
07	inverse_cdf	104.99999916382276	-16.192346332606746	32.567122625494356	32.567122625494356	9.721785950217942		orientation	BensonV1
07	inverse_cdf	112.49999951335138	1.4278606383881112	38.396921365778006	38.396921365778006	7.682459253225646		orientation	BensonV1
07	inverse_cdf	120.00000559245797	-12.503229392658	40.37697205631211	40.37697205631211	15.990738848737038		orientation	BensonV1
07	inverse_cdf	127.50000021240862	-1.6116140334047628	37.75085672158721	37.75085672158721	11.010398088449012		orientation	BensonV1
07	inverse_cdf	135.00000056193724	-9.584935856140731	35.18732864659765	35.18732864659765	15.943816964514717		orientation	BensonV1
07	inverse_cdf	142.50000091146586	-8.013970115672578	21.515252563266205	21.515252563266205	8.4979863324771		orientation	BensonV1
07	inverse_cdf	149.99999553141652	27.518740611709603	48.561394732162476	48.561394732162476	10.184096650895091		orientation	BensonV1
07	inverse_cdf	157.49999588094516	-23.656156769396915	25.631205225142754	25.631205225142754	6.970744070530249		orientation	BensonV1
07	inverse_cdf	164.99999623047378	-8.321706492654585	8.09007256742022	8.09007256742022	5.753921562381808		orientation	BensonV1
07	inverse_cdf	172.50000230958034	-4.448509770393514	39.29272360360087	39.29272360360087	12.773664766556298		orientation	BensonV1
08	cdf	7.500000349528623	26.188360612243258	37.303475674225815	37.303475674225815	9.756737002709697		orientation	BensonV1
08	cdf	15.000000699057246	5.635489047118384	21.64832232416159	21.64832232416159	4.250666040418738		orientation	BensonV1
08	cdf	22.50000104858587	7.852336306862924	11.029051709799324	11.029051709799324	8.162338495212984		orientation	BensonV1
08	cdf	30.00000139811449	-13.871050877122528	40.19439102823948	40.19439102823948	3.9218123081507668		orientation	BensonV1
08	cdf	37.49999945581193	17.35929403252817	31.12307727361606	31.12307727361606	5.257480579087028		orientation	BensonV1
08	cdf	45.00000209717174	0.5656168349291875	35.5292949390563	35.5292949390563	8.384451105329855		orientation	BensonV1
08	cdf	52.499999581911375	-10.53007623665657	30.098888110727707	30.098888110727707	3.706860037271076		orientation	BensonV1
08	cdf	60.00000279622898	-1.0711991739761686	34.180917420644185	34.180917420644185	5.667748326215772		orientation	BensonV1
08	cdf	67.49999741617965	1.7529765734161344	24.97065191712268	24.97065191712268	5.338160713268803		orientation	BensonV1
08	cdf	74.99999776570826	-20.98586491062973	36.7006395961088	36.7006395961088	5.828064679769074		orientation	BensonV1
08	cdf	82.49999811523689	0.5002026907420998	42.600550823067245	42.600550823067245	3.569890829989834		orientation	BensonV1
08	cdf	90.00000419434348	4.974365992847481	34.02206028606399	34.02206028606399	5.3614350620527915		orientation	BensonV1
08	cdf	97.49999881429414	4.385294686313486	24.570268143960785	24.570268143960785	4.035407287975803		orientation	BensonV1
08	cdf	104.99999916382276	-0.07860203968218116	36.77141537059366	36.77141537059366	3.8932529316959665		orientation	BensonV1
08	cdf	112.49999951335138	8.648924397057073	22.629030277053563	22.629030277053563	5.449622877454949		orientation	BensonV1
08	cdf	120.00000559245797	-5.0141663494813145	42.024789024301604	42.024789024301604	5.288036849281822		orientation	BensonV1
08	cdf	127.50000021240862	4.098172189738875	22.830296333872745	22.830296333872745	2.9252901758651895		orientation	BensonV1
08	cdf	135.00000056193724	1.3146298891907975	22.07380709449372	22.07380709449372	3.6109470823029586		orientation	BensonV1
08	cdf	142.50000091146586	9.486512383862163	27.012130681434435	27.012130681434435	6.047036101048623		orientation	BensonV1
08	cdf	149.99999553141652	0.3651929763709063	26.90088228956308	26.90088228956308	5.254925153173993		orientation	BensonV1
08	cdf	157.49999588094516	-14.085999792243172	18.509883089400244	18.509883089400244	4.7309183102916865		orientation	BensonV1
08	cdf	164.99999623047378	-41.77279711055155	31.38229319987798	31.38229319987798	6.450347936317574		orientation	BensonV1
08	cdf	172.50000230958034	-20.137484503170924	22.59655329876083	22.59655329876083	5.386021130321079		orientation	BensonV1
08	inverse_cdf	7.500000349528623	12.64983432892815	18.730905589497088	18.730905589497088	4.721711829824572		orientation	BensonV1
08	inverse_cdf	15.000000699057246	7.666445076331286	6.203338806075989	6.203338806075989	6.9044090492636085		orientation	BensonV1
08	inverse_cdf	22.50000104858587	-0.8704711736035335	28.503648454683074	28.503648454683074	3.065665126038131		orientation	BensonV1
08	inverse_cdf	30.00000139811449	7.8876846716478894	46.22481642892121	46.22481642892121	5.14113714602157		orientation	BensonV1
08	inverse_cdf	37.49999945581193	19.703706824466636	57.42518546757447	57.42518546757447	11.666866024166644		orientation	BensonV1
08	inverse_cdf	45.00000209717174	-11.106080136350045	33.06252278242253	33.06252278242253	3.683105571047331		orientation	BensonV1
08	inverse_cdf	52.499999581911375	10.70010196587755	31.97167066058506	31.97167066058506	6.985410339683181		orientation	BensonV1
08	inverse_cdf	60.00000279622898	18.65684776802624	23.286255194182623	23.286255194182623	8.100492845457431		orientation	BensonV1
08	inverse_cdf	67.49999741617965	30.509538126295695	43.809387832973805	43.809387832973805	8.389579486793526		orientation	BensonV1
08	inverse_cdf	74.99999776570826	-4.7556701003866095	38.496579469167216	38.496579469167216	5.301008190468112		orientation	BensonV1
08	inverse_cdf	82.49999811523689	1.9191004760754282	33.479147504827665	33.479147504827665	3.955023133133726		orientation	BensonV1
08	inverse_cdf	90.00000419434348	14.841219902203804	35.241037469757174	35.241037469757174	6.568056816678637		orientation	BensonV1
08	inverse_cdf	97.49999881429414	11.113000999051266	35.19429199108832	35.19429199108832	6.2682097012009		orientation	BensonV1
08	inverse_cdf	104.99999916382276	-19.046637117561914	35.643916170665435	35.643916170665435	11.90462982907782		orientation	BensonV1
08	inverse_cdf	112.49999951335138	25.157272691893724	25.730417586960332	25.730417586960332	11.490455408576857		orientation	BensonV1
08	inverse_cdf	120.00000559245797	-11.197940207765157	34.87743912677518	34.87743912677518	6.259488397031682		orientation	BensonV1
08	inverse_cdf	127.50000021240862	-8.27560199469039	25.683152581879618	25.683152581879618	4.935306573470009		orientation	BensonV1
08	inverse_cdf	135.00000056193724	2.0459185894224845	22.999047315992666	22.999047315992666	3.296045832477162		orientation	BensonV1
08	inverse_cdf	142.50000091146586	-7.67233652209714	34.735550130646004	34.735550130646004	3.335826046950908		orientation	BensonV1
08	inverse_cdf	149.99999553141652	-16.29576086998074	27.487588183374537	27.487588183374537	5.337507066432381		orientation	BensonV1
08	inverse_cdf	157.49999588094516	-10.632617693178588	20.049463955413916	20.049463955413916	4.216084238824491		orientation	BensonV1
08	inverse_cdf	164.99999623047378	-31.690231886185217	29.85895705326658	29.85895705326658	5.748169089100022		orientation	BensonV1
08	inverse_cdf	172.50000230958034	-40.50798539832857	31.106319479760636	31.106319479760636	3.361207573558425		orientation	BensonV1
09	cdf	7.500000349528623	15.492705010012571	30.449202913624823	30.449202913624823	8.512909560609218		orientation	BensonV1
09	cdf	15.000000699057246	14.528996276927401	18.906812100249912	18.906812100249912	4.08592082065643		orientation	BensonV1
09	cdf	22.50000104858587	11.870274198777196	35.74448565286202	35.74448565286202	11.722756087873575		orientation	BensonV1
09	cdf	30.00000139811449	2.4982460374293396	15.115979580838314	15.115979580838314	5.82231269767807		orientation	BensonV1
09	cdf	37.49999945581193	38.59102101326937	30.681060268333756	30.681060268333756	7.17874054205099		orientation	BensonV1
09	cdf	45.00000209717174	14.172850547831189	34.52154766471597	34.52154766471597	7.9901315195955345		orientation	BensonV1
09	cdf	52.499999581911375	12.779014681802721	17.299820262326993	17.299820262326993	5.1428621257166		orientation	BensonV1
09	cdf	60.00000279622898	-4.813289341502326	10.548970108284102	10.548970108284102	9.269438346966199		orientation	BensonV1
09	cdf	67.49999741617965	-17.06272429965108	16.091423596385415	16.091423596385415	6.195056147413403		orientation	BensonV1
09	cdf	74.99999776570826	-12.694890317528404	25.74820185519553	25.74820185519553	3.7271031975908913		orientation	BensonV1
09	cdf	82.49999811523689	-1.2192314598407563	32.69429313776346	32.69429313776346	6.699903765693574		orientation	BensonV1
09	cdf	90.00000419434348	1.0022960641636018	8.809737245231657	8.809737245231657	6.920503863856567		orientation	BensonV1
09	cdf	97.49999881429414	-2.012474592910266	28.083651201759775	28.083651201759775	8.84426399294099		orientation	BensonV1
09	cdf	104.99999916382276	3.010599126223653	11.69603109648111	11.69603109648111	5.16879922282882		orientation	BensonV1
09	cdf	112.49999951335138	-4.279510717155276	23.044269793601764	23.044269793601764	5.156497935635011		orientation	BensonV1
09	cdf	120.00000559245797	0.21109920733633203	31.97713833396135	31.97713833396135	4.516372847441378		orientation	BensonV1
09	cdf	127.50000021240862	-22.757338357903805	11.669956034993142	11.669956034993142	7.653833942013228		orientation	BensonV1
09	cdf	135.00000056193724	-10.765898378737717	16.55403537112434	16.55403537112434	4.582790965360805		orientation	BensonV1
09	cdf	142.50000091146586	-7.047625045037165	24.225925990909026	24.225925990909026	5.6724652268146825		orientation	BensonV1
09	cdf	149.99999553141652	4.426924803696721	9.150379769914815	9.150379769914815	6.786213504328585		orientation	BensonV1
09	cdf	157.49999588094516	-10.505853768141463	15.904088412389257	15.904088412389257	9.601810145816454		orientation	BensonV1
09	cdf	164.99999623047378	-7.471166370876858	40.67660183465844	40.67660183465844	10.261182672391767		orientation	BensonV1
09	cdf	172.50000230958034	-25.942465215860864	19.911191112183975	19.911191112183975	10.75988393481591		orientation	BensonV1
09	inverse_cdf	7.500000349528623	23.983542213039527	36.10791298414152	36.10791298414152	3.091324142697442		orientation	BensonV1
09	inverse_cdf	15.000000699057246	-2.6800506908155626	23.924976863266846	23.924976863266846	3.411020862760921		orientation	BensonV1
09	inverse_cdf	22.50000104858587	3.482796455850803	14.358078049611281	14.358078049611281	7.560740790179493		orientation	BensonV1
09	inverse_cdf	30.00000139811449	13.307551504070233	29.621168746994037	29.621168746994037	6.730466815753546		orientation	BensonV1
09	inverse_cdf	37.49999945581193	10.161425806017093	16.917523669165057	16.917523669165057	5.386444898777771		orientation	BensonV1
09	inverse_cdf	45.00000209717174	7.416761056252895	16.27127559048639	16.27127559048639	4.415923882329824		orientation	BensonV1
09	inverse_cdf	52.499999581911375	-3.330515290263804	22.835543551081685	22.835543551081685	4.469339209659131		orientation	BensonV1
09	inverse_cdf	60.00000279622898	-8.228980711520265	22.285974833864138	22.285974833864138	5.589522213360182		orientation	BensonV1
09	inverse_cdf	67.49999741617965	-7.944666388575072	34.30216760488027	34.30216760488027	6.871768098245637		orientation	BensonV1
09	inverse_cdf	74.99999776570826	2.1431335552227466	30.268389065166904	30.268389065166904	9.068188644473617		orientation	BensonV1
09	inverse_cdf	82.49999811523689	5.0192280946260865	23.744403386972007	23.744403386972007	10.287828053566212		orientation	BensonV1
09	inverse_cdf	90.00000419434348	-12.942504860143544	25.411288804834875	25.411288804834875	6.814949255963052		orientation	BensonV1
09	inverse_cdf	97.49999881429414	4.647476074461267	31.275547965949514	31.275547965949514	10.276323924481183		orientation	BensonV1
09	inverse_cdf	104.99999916382276	3.788017113628115	37.98252664966735	37.98252664966735	3.920686302183836		orientation	BensonV1
09	inverse_cdf	112.49999951335138	-0.9199236122360759	17.493828782838204	17.493828782838204	6.634278970269513		orientation	BensonV1
09	inverse_cdf	120.00000559245797	-0.953323241470784	28.95580678612113	28.95580678612113	8.831304435423268		orientation	BensonV1
09	inverse_cdf	127.50000021240862	4.8081789111136	40.42089665227047	40.42089665227047	7.250448426242355		orientation	BensonV1
09	inverse_cdf	135.00000056193724	-9.676089554383879	27.004621737179967	27.004621737179967	4.908809991020885		orientation	BensonV1
09	inverse_cdf	142.50000091146586	-20.07564321469664	29.36366395788912	29.36366395788912	10.146053111163255		orientation	BensonV1
09	inverse_cdf	149.99999553141652	2.2107252722972532	9.042466018699153	9.042466018699153	7.176728520289384		orientation	BensonV1
09	inverse_cdf	157.49999588094516	-9.998004286099075	35.71862195516417	35.71862195516417	6.4636271379538375		orientation	BensonV1
09	inverse_cdf	164.99999623047378	-7.703569953016398	9.172793585021502	9.172793585021502	4.505578905282187		orientation	BensonV1
09	inverse_cdf	172.50000230958034	-16.501452128197627	31.94756484007059	31.94756484007059	9.648662066869278		orientation	BensonV1
10	cdf	7.500000349528623	5.29968690308624	24.38629560176252	24.38629560176252	4.047836255714033		orientation	BensonV1
10	cdf	15.000000699057246	-6.865023175540969	22.716747160071357	22.716747160071357	6.527630313342983		orientation	BensonV1
10	cdf	22.50000104858587	-13.167401275030755	34.77328235322838	34.77328235322838	4.1837652462396395		orientation	BensonV1
10	cdf	30.00000139811449	-17.99936137647262	18.04228221869922	18.04228221869922	4.098471837256111		orientation	BensonV1
10	cdf	37.49999945581193	-22.483713983759145	15.10875618299722	15.10875618299722	3.8145202032013907		orientation	BensonV1
10	cdf	45.00000209717174	-61.967008592380125	41.95994666580559	41.95994666580559	5.072498322475194		orientation	BensonV1
10	cdf	52.499999581911375	-21.13992039742986	22.719245265512637	22.719245265512637	2.581290558901582		orientation	BensonV1
10	cdf	60.00000279622898	16.495458369325547	37.456583816948516	37.456583816948516	7.90634540085425		orientation	BensonV1
10	cdf	67.49999741617965	-42.41728145528161	46.52809941083142	46.52809941083142	5.723222541438867		orientation	BensonV1
10	cdf	74.99999776570826	-23.002490220369225	52.83330119570515	52.83330119570515	5.557253384688611		orientation	BensonV1
10	cdf	82.49999811523689	-6.983142919765925	65.28941880238054	65.28941880238054	5.097632934453731		orientation	BensonV1
10	cdf	90.00000419434348	-69.22389658268037	41.489519568011985	41.489519568011985	8.71658329852043		orientation	BensonV1
10	cdf	97.49999881429414	17.09131355836847	26.89778261772694	26.89778261772694	7.873581533572112		orientation	BensonV1
10	cdf	104.99999916382276	20.547929412261	38.8198426955634	38.8198426955634	11.103504535601282		orientation	BensonV1
10	cdf	112.49999951335138	53.92728545289833	42.457530632737374	42.457530632737374	9.123465309754375		orientation	BensonV1
10	cdf	120.00000559245797	20.099384572796964	36.66117991922824	36.66117991922824	10.85123763093804		orientation	BensonV1
10	cdf	127.50000021240862	13.156287418957504	32.33395003226026	32.33395003226026	3.970557757385254		orientation	BensonV1
10	cdf	135.00000056193724	6.039284163287846	36.93307636493566	36.93307636493566	4.121434872993699		orientation	BensonV1
10	cdf	142.50000091146586	-0.3138702040149042	31.58504125780517	31.58504125780517	2.66857918873525		orientation	BensonV1
10	cdf	149.99999553141652	3.010189887659294	9.505032481059594	9.505032481059594	2.2171041327690704		orientation	BensonV1
10	cdf	157.49999588094516	22.987070008903117	19.95126691073299	19.95126691073299	4.994715051699218		orientation	BensonV1
10	cdf	164.99999623047378	-3.8560900277832673	12.142243564551231	12.142243564551231	2.6123881399731137		orientation	BensonV1
10	cdf	172.50000230958034	-7.39164803241556	28.96764110779435	28.96764110779435	6.889108180744307		orientation	BensonV1
10	inverse_cdf	7.500000349528623	-32.276686934439	58.85948753024453	58.85948753024453	9.555405093357685		orientation	BensonV1
10	inverse_cdf	15.000000699057246	11.225820423464342	26.10449908726385	26.10449908726385	4.862266706699245		orientation	BensonV1
10	inverse_cdf	22.50000104858587	-37.03082057488052	64.24140422541909	64.24140422541909	5.660376318162294		orientation	BensonV1
10	inverse_cdf	30.00000139811449	-7.656575691951488	29.95731444702954	29.95731444702954	4.727486226209512		orientation	BensonV1
10	inverse_cdf	37.49999945581193	-2.9467183762111233	24.662835653008813	24.662835653008813	10.135091679328802		orientation	BensonV1
10	inverse_cdf	45.00000209717174	-35.45913806562778	57.35351728515406	57.35351728515406	6.406915680744521		orientation	BensonV1
10	inverse_cdf	52.499999581911375	21.05620441129247	34.61927676957113	34.61927676957113	6.625677556424263		orientation	BensonV1
10	inverse_cdf	60.00000279622898	-42.30272895789027	32.50222440978409	32.50222440978409	4.911256883631694		orientation	BensonV1
10	inverse_cdf	67.49999741617965	-17.478325722480548	44.63900761008043	44.63900761008043	5.563214394288985		orientation	BensonV1
10	inverse_cdf	74.99999776570826	17.482687340855165	44.66917129225753	44.66917129225753	6.059607048360421		orientation	BensonV1
10	inverse_cdf	82.49999811523689	58.971437578466976	41.810552961486806	41.810552961486806	6.178982827403936		orientation	BensonV1
10	inverse_cdf	90.00000419434348	-79.52892278100366	44.695223084956375	44.695223084956375	8.20344559243311		orientation	BensonV1
10	inverse_cdf	97.49999881429414	21.763934478654733	65.7598604066392	65.7598604066392	4.522835866944783		orientation	BensonV1
10	inverse_cdf	104.99999916382276	22.208501751965372	12.234982070895887	12.234982070895887	4.01084757806842		orientation	BensonV1
10	inverse_cdf	112.49999951335138	29.338135003317035	36.39939644307053	36.39939644307053	4.275725685092155		orientation	BensonV1
10	inverse_cdf	120.00000559245797	-1.0039361903217525	37.74142382077501	37.74142382077501	5.018448019241529		orientation	BensonV1
10	inverse_cdf	127.50000021240862	0.7066047937538258	23.288015920223412	23.288015920223412	5.250645432397392		orientation	BensonV1
10	inverse_cdf	135.00000056193724	7.507031964676742	27.067206072773796	27.067206072773796	4.762324681647524		orientation	BensonV1
10	inverse_cdf	142.50000091146586	19.113217212660686	17.59567810076417	17.59567810076417	4.433314892981917		orientation	BensonV1
10	inverse_cdf	149.99999553141652	-9.834656006957715	26.292467181008814	26.292467181008814	8.164729426629638		orientation	BensonV1
10	inverse_cdf	157.49999588094516	-7.822462925870781	19.633745022923666	19.633745022923666	4.886798686332359		orientation	BensonV1
10	inverse_cdf	164.99999623047378	-4.611292495147211	29.66355960639515	29.66355960639515	6.864132170814813		orientation	BensonV1
10	inverse_cdf	172.50000230958034	-0.3994948031661636	24.976340955810564	24.976340955810564	4.200000600714213		orientation	BensonV1
11	cdf	7.500000349528623	17.557390339563767	24.31370795564237	24.31370795564237	7.006022552310413		orientation	BensonV1
11	cdf	15.000000699057246	8.92683378624207	20.844442025622307	20.844442025622307	2.8302042783539623		orientation	BensonV1
11	cdf	22.50000104858587	10.204516147967354	21.403583164560683	21.403583164560683	8.308489181847273		orientation	BensonV1
11	cdf	30.00000139811449	15.967394091264083	24.215553245374615	24.215553245374615	4.050608684142929		orientation	BensonV1
11	cdf	37.49999945581193	15.442456874888677	15.841438417167478	15.841438417167478	9.473384267812822		orientation	BensonV1
11	cdf	45.00000209717174	34.64660595262944	25.957458041407758	25.957458041407758	10.64627427358484		orientation	BensonV1
11	cdf	52.499999581911375	0.31531815030905364	23.73791346219184	23.73791346219184	5.0248401956658215		orientation	BensonV1
11	cdf	60.00000279622898	8.018429457802739	18.63612629308785	18.63612629308785	4.245433239419032		orientation	BensonV1
11	cdf	67.49999741617965	-6.2797231411161505	16.967474728160422	16.967474728160422	8.616053638491557		orientation	BensonV1
11	cdf	74.99999776570826	-12.582716565543052	33.20497621045568	33.20497621045568	7.032048609669495		orientation	BensonV1
11	cdf	82.49999811523689	-14.430656171995437	34.73457711737868	34.73457711737868	8.636986901481535		orientation	BensonV1
11	cdf	90.00000419434348	-9.682959482401586	25.270942025639904	25.270942025639904	2.928414640957837		orientation	BensonV1
11	cdf	97.49999881429414	4.787535388160961	24.126896291458966	24.126896291458966	2.85444736486279		orientation	BensonV1
11	cdf	104.99999916382276	-1.574447333419485	21.62492127320568	21.62492127320568	5.033462091769606		orientation	BensonV1
11	cdf	112.49999951335138	25.646307602137256	14.001822817758761	14.001822817758761	7.557789175994885		orientation	BensonV1
11	cdf	120.00000559245797	2.5928953930970806	18.132806487109196	18.132806487109196	13.87780597062455		orientation	BensonV1
11	cdf	127.50000021240862	-2.680620810397272	24.312473405855716	24.312473405855716	6.669848415823461		orientation	BensonV1
11	cdf	135.00000056193724	-19.87385023959439	34.18529146675709	34.18529146675709	3.848670927050547		orientation	BensonV1
11	cdf	142.50000091146586	-1.4897773214413803	29.980067547640644	29.980067547640644	6.292657931664173		orientation	BensonV1
11	cdf	149.99999553141652	-12.465525437062723	16.68936053951055	16.68936053951055	5.227902474627095		orientation	BensonV1
11	cdf	157.49999588094516	-32.878294687767664	37.710519376829566	37.710519376829566	3.6031995053279378		orientation	BensonV1
11	cdf	164.99999623047378	-23.42068981759425	24.16088601265136	24.16088601265136	5.842692319667502		orientation	BensonV1
11	cdf	172.50000230958034	-43.416817968459725	29.41520234453032	29.41520234453032	8.289517403082248		orientation	BensonV1
11	inverse_cdf	7.500000349528623	18.531424506664536	33.204372267718284	33.204372267718284	9.832732571243172		orientation	BensonV1
11	inverse_cdf	15.000000699057246	35.95479090510669	27.159972335409055	27.159972335409055	6.012396601672473		orientation	BensonV1
11	inverse_cdf	22.50000104858587	16.36849618132976	15.58106975952075	15.58106975952075	11.760611085489698		orientation	BensonV1
11	inverse_cdf	30.00000139811449	18.356152712218716	29.102561177653428	29.102561177653428	8.016021872298968		orientation	BensonV1
11	inverse_cdf	37.49999945581193	11.63695265917491	22.642997616918063	22.642997616918063	7.150855335917581		orientation	BensonV1
11	inverse_cdf	45.00000209717174	-0.9902096864826859	24.07282008428158	24.07282008428158	10.77938938827847		orientation	BensonV1
11	inverse_cdf	52.499999581911375	1.7765339773599464	21.882945492939214	21.882945492939214	5.3007297198312155		orientation	BensonV1
11	inverse_cdf	60.00000279622898	4.820007626082287	24.182064472589584	24.182064472589584	2.563172880344773		orientation	BensonV1
11	inverse_cdf	67.49999741617965	-4.964909207105549	33.68973794499203	33.68973794499203	7.059724964580348		orientation	BensonV1
11	inverse_cdf	74.99999776570826	-21.2587364688178	39.93360287468371	39.93360287468371	14.347755343656518		orientation	BensonV1
11	inverse_cdf	82.49999811523689	4.446907954034401	15.002172437172801	15.002172437172801	3.9722111161439075		orientation	BensonV1
11	inverse_cdf	90.00000419434348	2.8055324537022415	7.866442225057405	7.866442225057405	2.2932761486019837		orientation	BensonV1
11	inverse_cdf	97.49999881429414	-3.152542964513046	23.60899775336963	23.60899775336963	6.003562817196792		orientation	BensonV1
11	inverse_cdf	104.99999916382276	-9.599671358485011	24.894955310007198	24.894955310007198	9.065281211582178		orientation	BensonV1
11	inverse_cdf	112.49999951335138	2.6748611733489867	19.348747906958288	19.348747906958288	5.302535163996385		orientation	BensonV1
11	inverse_cdf	120.00000559245797	-3.9814888202082557	14.273254408013667	14.273254408013667	5.0881873679842045		orientation	BensonV1
11	inverse_cdf	127.50000021240862	-11.694870279039847	32.77194654082624	32.77194654082624	7.456991457753856		orientation	BensonV1
11	inverse_cdf	135.00000056193724	-15.185096641657992	21.208112119882966	21.208112119882966	7.159082801602997		orientation	BensonV1
11	inverse_cdf	142.50000091146586	-7.082560351310121	30.118688602207406	30.118688602207406	4.597565044657618		orientation	BensonV1
11	inverse_cdf	149.99999553141652	-20.28754116636736	19.79823751573603	19.79823751573603	4.697943567137816		orientation	BensonV1
11	inverse_cdf	157.49999588094516	-18.297778981532304	26.805805524538993	26.805805524538993	5.440436202725254		orientation	BensonV1
11	inverse_cdf	164.99999623047378	-35.43283298070679	28.238562445791256	28.238562445791256	5.022123286941276		orientation	BensonV1
11	inverse_cdf	172.50000230958034	-64.05748530003453	37.43928915863216	37.43928915863216	7.481079985713824		orientation	BensonV1
12	cdf	7.500000349528623	3.841540363087887	21.913444760560296	21.913444760560296	7.539629462179638		orientation	BensonV1
12	cdf	15.000000699057246	27.130723579251324	42.66885437668057	42.66885437668057	11.118486953723522		orientation	BensonV1
12	cdf	22.50000104858587	13.652921122619915	21.890731795351456	21.890731795351456	4.726372508780872		orientation	BensonV1
12	cdf	30.00000139811449	7.404373354440594	22.166354152562473	22.166354152562473	7.811564079170418		orientation	BensonV1
12	cdf	37.49999945581193	9.449632623236027	23.10991616382795	23.10991616382795	4.340259614752808		orientation	BensonV1
12	cdf	45.00000209717174	-12.763574930573043	22.074786253737933	22.074786253737933	9.1771398246414		orientation	BensonV1
12	cdf	52.499999581911375	-8.200409666531698	23.123842782961553	23.123842782961553	6.583789591077796		orientation	BensonV1
12	cdf	60.00000279622898	-14.592641775876032	17.753945414278437	17.753945414278437	5.708423920580934		orientation	BensonV1
12	cdf	67.49999741617965	-20.821742849000458	29.632306143105883	29.632306143105883	7.857001388806481		orientation	BensonV1
12	cdf	74.99999776570826	11.492952462109969	24.455851057673826	24.455851057673826	5.354333205564935		orientation	BensonV1
12	cdf	82.49999811523689	19.364461450933902	27.472336240928353	27.472336240928353	5.079908417737773		orientation	BensonV1
12	cdf	90.00000419434348	37.190954831998184	48.62637253854737	48.62637253854737	3.259215472144122		orientation	BensonV1
12	cdf	97.49999881429414	13.848020466637351	36.03551705152155	36.03551705152155	7.393985989572192		orientation	BensonV1
12	cdf	104.99999916382276	10.7566235736288	21.62225354761083	21.62225354761083	7.364262438909581		orientation	BensonV1
12	cdf	112.49999951335138	14.050056416075066	12.023413377347755	12.023413377347755	5.938962901081279		orientation	BensonV1
12	cdf	120.00000559245797	8.199932560352693	15.331232728432585	15.331232728432585	3.7367672614369223		orientation	BensonV1
12	cdf	127.50000021240862	11.922654552993976	35.126536389354726	35.126536389354726	4.209437107841709		orientation	BensonV1
12	cdf	135.00000056193724	3.0889916119876375	7.4106811390178935	7.4106811390178935	3.248218158799262		orientation	BensonV1
12	cdf	142.50000091146586	-5.720966661099851	23.027816189638326	23.027816189638326	5.305772935593119		orientation	BensonV1
12	cdf	149.99999553141652	-1.9567436768610094	15.61506382720791	15.61506382720791	6.164483484692275		orientation	BensonV1
12	cdf	157.49999588094516	-21.44935319793123	33.50219953709077	33.50219953709077	2.6127932512457215		orientation	BensonV1
12	cdf	164.99999623047378	-9.790202999230502	13.692563653349698	13.692563653349698	9.205287874408661		orientation	BensonV1
12	cdf	172.50000230958034	3.1445314900194887	18.657021429601627	18.657021429601627	9.176899414996662		orientation	BensonV1
12	inverse_cdf	7.500000349528623	-11.022242221746808	27.270735337863275	27.270735337863275	7.397017599277852		orientation	BensonV1
12	inverse_cdf	15.000000699057246	-5.930688848587479	23.46147269208264	23.46147269208264	2.666201590839286		orientation	BensonV1
12	inverse_cdf	22.50000104858587	-3.750484353304003	23.633257179456102	23.633257179456102	6.861108331281904		orientation	BensonV1
12	inverse_cdf	30.00000139811449	-1.6108788567458419	8.513616723222754	8.513616723222754	5.557408792271634		orientation	BensonV1
12	inverse_cdf	37.49999945581193	8.980439806007482	14.101054012660628	14.101054012660628	8.963429641556218		orientation	BensonV1
12	inverse_cdf	45.00000209717174	-5.643220718220022	12.494671011602941	12.494671011602941	4.834701281672448		orientation	BensonV1
12	inverse_cdf	52.499999581911375	0.6612787988170794	21.06677948792177	21.06677948792177	4.822003351579076		orientation	BensonV1
12	inverse_cdf	60.00000279622898	-0.3645864080902186	6.310182039832672	6.310182039832672	7.184722362684403		orientation	BensonV1
12	inverse_cdf	67.49999741617965	-16.764963666693944	40.36001341586587	40.36001341586587	7.256439145112119		orientation	BensonV1
12	inverse_cdf	74.99999776570826	-8.39261817819613	37.53920197072356	37.53920197072356	11.375387912158018		orientation	BensonV1
12	inverse_cdf	82.49999811523689	27.366913059958705	43.54187286719618	43.54187286719618	21.56412688845579		orientation	BensonV1
12	inverse_cdf	90.00000419434348	75.01460185353477	33.20821734746716	33.20821734746716	11.059353374716682		orientation	BensonV1
12	inverse_cdf	97.49999881429414	43.212427952505806	49.915093642180985	49.915093642180985	9.973397508399652		orientation	BensonV1
12	inverse_cdf	104.99999916382276	-0.6860955839084966	23.770835411643837	23.770835411643837	6.075708080473108		orientation	BensonV1
12	inverse_cdf	112.49999951335138	-20.711216987131408	23.850777091946117	23.850777091946117	9.665832825751021		orientation	BensonV1
12	inverse_cdf	120.00000559245797	6.508443529936784	19.845664303135607	19.845664303135607	3.8443664649155513		orientation	BensonV1
12	inverse_cdf	127.50000021240862	10.24461306895256	16.04892590703311	16.04892590703311	5.821734736956429		orientation	BensonV1
12	inverse_cdf	135.00000056193724	-5.636284446659914	8.688626686131288	8.688626686131288	3.3883180306001663		orientation	BensonV1
12	inverse_cdf	142.50000091146586	-3.928730642167011	14.32140826468799	14.32140826468799	9.212290096395511		orientation	BensonV1
12	inverse_cdf	149.99999553141652	-16.52428143200291	23.114572812088824	23.114572812088824	6.268526515775174		orientation	BensonV1
12	inverse_cdf	157.49999588094516	-13.031377024301804	24.028460990019852	24.028460990019852	2.719254838470473		orientation	BensonV1
12	inverse_cdf	164.99999623047378	-11.288967721608373	36.91583822036661	36.91583822036661	5.4006102515952525		orientation	BensonV1
12	inverse_cdf	172.50000230958034	7.287678608629619	42.860273917743285	42.860273917743285	9.335174447149953		orientation	BensonV1
13	cdf	7.500000349528623	-34.761572800333425	45.89709337638471	45.89709337638471	4.7504634889228505		orientation	BensonV1
13	cdf	15.000000699057246	-21.026743261176165	28.673784527186395	28.673784527186395	5.131749269271334		orientation	BensonV1
13	cdf	22.50000104858587	-36.94075904149804	32.489786438054	32.489786438054	3.0983599905122983		orientation	BensonV1
13	cdf	30.00000139811449	83.58483251682338	49.317823498131794	49.317823498131794	6.778207277630729		orientation	BensonV1
13	cdf	37.49999945581193	4.735287266737345	78.9533045231821	78.9533045231821	10.390974597254967		orientation	BensonV1
13	cdf	45.00000209717174	-9.59374735424015	53.648150328270695	53.648150328270695	7.437735647903619		orientation	BensonV1
13	cdf	52.499999581911375	17.440489021172453	37.618809928295306	37.618809928295306	8.316627305767192		orientation	BensonV1
13	cdf	60.00000279622898	-85.83449751731754	41.34081614964786	41.34081614964786	7.354295474704311		orientation	BensonV1
13	cdf	67.49999741617965	-79.77104255406414	39.90636039326175	39.90636039326175	20.20756971463624		orientation	BensonV1
13	cdf	74.99999776570826	-8.803759893829053	56.208170137223334	56.208170137223334	5.734136196603268		orientation	BensonV1
13	cdf	82.49999811523689	28.297869811398783	43.457473978298346	43.457473978298346	6.068855437947597		orientation	BensonV1
13	cdf	90.00000419434348	41.0746072253321	27.05290029316342	27.05290029316342	6.798193060475933		orientation	BensonV1
13	cdf	97.49999881429414	66.18394941545262	40.96845639192104	40.96845639192104	7.002276503170239		orientation	BensonV1
13	cdf	104.99999916382276	50.49891832788779	30.28343376448513	30.28343376448513	8.980557821530354		orientation	BensonV1
13	cdf	112.49999951335138	19.692983575971425	32.121567640332515	32.121567640332515	4.477176741236118		orientation	BensonV1
13	cdf	120.00000559245797	17.31982543028525	14.752649237677367	14.752649237677367	7.703640182455349		orientation	BensonV1
13	cdf	127.50000021240862	2.7269248690933523	26.375267676343164	26.375267676343164	8.139397729852018		orientation	BensonV1
13	cdf	135.00000056193724	1.3221419267186718	23.587148629029326	23.587148629029326	7.24251857548667		orientation	BensonV1
13	cdf	142.50000091146586	-6.134343375996252	32.82324086646321	32.82324086646321	1.4743740846830256		orientation	BensonV1
13	cdf	149.99999553141652	1.8244796326196706	35.67623943289778	35.67623943289778	12.674755766252567		orientation	BensonV1
13	cdf	157.49999588094516	-2.373038072927386	44.26415695639671	44.26415695639671	12.686559658755002		orientation	BensonV1
13	cdf	164.99999623047378	-3.363876042744266	16.12269369552044	16.12269369552044	4.766646089638213		orientation	BensonV1
13	cdf	172.50000230958034	-26.376790808195693	39.429040882135716	39.429040882135716	5.913486795539373		orientation	BensonV1
13	inverse_cdf	7.500000349528623	-9.722892343300941	36.24981462416628	36.24981462416628	6.484846547682178		orientation	BensonV1
13	inverse_cdf	15.000000699057246	2.573127466265504	23.51908292794005	23.51908292794005	3.293535748891498		orientation	BensonV1
13	inverse_cdf	22.50000104858587	-18.876636192877257	17.76547148788912	17.76547148788912	8.678542954437974		orientation	BensonV1
13	inverse_cdf	30.00000139811449	0.6022180471838965	19.010990645304698	19.010990645304698	3.2484949072744302		orientation	BensonV1
13	inverse_cdf	37.49999945581193	-54.435461404595515	30.6146326614464	30.6146326614464	9.4931746469763		orientation	BensonV1
13	inverse_cdf	45.00000209717174	-89.53147934460802	37.10966210780335	37.10966210780335	5.837220447920001		orientation	BensonV1
13	inverse_cdf	52.499999581911375	32.00910790122444	38.548678094159804	38.548678094159804	4.9202382530516156		orientation	BensonV1
13	inverse_cdf	60.00000279622898	-54.18816335608553	45.45674185760577	45.45674185760577	2.9328534919504587		orientation	BensonV1
13	inverse_cdf	67.49999741617965	81.25633443632773	54.627645213252876	54.627645213252876	7.545490054161521		orientation	BensonV1
13	inverse_cdf	74.99999776570826	72.6534526945195	38.130896070774334	38.130896070774334	4.167736173508499		orientation	BensonV1
13	inverse_cdf	82.49999811523689	47.24635456834318	57.375908154514725	57.375908154514725	5.1685548681315545		orientation	BensonV1
13	inverse_cdf	90.00000419434348	3.1432133292115196	12.595627990765331	12.595627990765331	2.6162908483954506		orientation	BensonV1
13	inverse_cdf	97.49999881429414	-2.109500418720174	42.61201851607803	42.61201851607803	8.592531282417415		orientation	BensonV1
13	inverse_cdf	104.99999916382276	10.983055605569874	30.307787658739958	30.307787658739958	3.7772505377507715		orientation	BensonV1
13	inverse_cdf	112.49999951335138	17.701617426020732	35.44306504483764	35.44306504483764	8.050192073927224		orientation	BensonV1
13	inverse_cdf	120.00000559245797	7.991856515201462	35.81605260243453	35.81605260243453	2.8175432398189537		orientation	BensonV1
13	inverse_cdf	127.50000021240862	10.450003645357924	22.633430864487284	22.633430864487284	9.31629793472144		orientation	BensonV1
13	inverse_cdf	135.00000056193724	-1.240549569393437	25.019222680472254	25.019222680472254	11.203601843322287		orientation	BensonV1
13	inverse_cdf	142.50000091146586	3.846654025102623	31.56905948607385	31.56905948607385	3.0659606320164654		orientation	BensonV1
13	inverse_cdf	149.99999553141652	2.4721417389633586	31.935712543810382	31.935712543810382	3.4830063413448475		orientation	BensonV1
13	inverse_cdf	157.49999588094516	7.5610991025675105	19.71768196778212	19.71768196778212	4.358305435587446		orientation	BensonV1
13	inverse_cdf	164.99999623047378	-10.787939478080148	31.313341354059833	31.313341354059833	3.0995173142602064		orientation	BensonV1
13	inverse_cdf	172.50000230958034	0.4711062109986699	22.910032582509007	22.910032582509007	3.4673158830837574		orientation	BensonV1
14	cdf	7.500000349528623	2.7171169891872182	28.78776765471011	28.78776765471011	5.31844759615398		orientation	BensonV1
14	cdf	15.000000699057246	-4.481287541273886	28.290339106885988	28.290339106885988	5.548827623068118		orientation	BensonV1
14	cdf	22.50000104858587	17.10466023291704	48.26295631173779	48.26295631173779	10.617112773161972		orientation	BensonV1
14	cdf	30.00000139811449	-6.033598927548738	53.35270068101631	53.35270068101631	11.145968156137437		orientation	BensonV1
14	cdf	37.49999945581193	4.404405207212008	36.20709768166815	36.20709768166815	5.421522404452422		orientation	BensonV1
14	cdf	45.00000209717174	26.343346217412176	41.093149715176665	41.093149715176665	8.884960430738465		orientation	BensonV1
14	cdf	52.499999581911375	34.201693752610794	40.833516840438804	40.833516840438804	8.341223037659752		orientation	BensonV1
14	cdf	60.00000279622898	47.62874448778089	48.72874334582278	48.72874334582278	12.876561988574664		orientation	BensonV1
14	cdf	67.49999741617965	39.22144592426258	47.37592486258457	47.37592486258457	8.257707497545155		orientation	BensonV1
14	cdf	74.99999776570826	27.666992885728675	26.222336524294622	26.222336524294622	6.347634212719523		orientation	BensonV1
14	cdf	82.49999811523689	7.282015357730572	24.276245545792424	24.276245545792424	2.6295104832528065		orientation	BensonV1
14	cdf	90.00000419434348	0.8822216049255616	19.974562631710445	19.974562631710445	4.650743713033486		orientation	BensonV1
14	cdf	97.49999881429414	5.211539970110877	16.90078697417239	16.90078697417239	7.415711624630779		orientation	BensonV1
14	cdf	104.99999916382276	6.350464662113865	10.87678872999967	10.87678872999967	5.4683856133912405		orientation	BensonV1
14	cdf	112.49999951335138	-7.873842847063045	24.72995786201196	24.72995786201196	3.906704349960026		orientation	BensonV1
14	cdf	120.00000559245797	-0.33631597480317055	19.471658580189633	19.471658580189633	6.3797062314543		orientation	BensonV1
14	cdf	127.50000021240862	1.346307508269149	55.57282909532916	55.57282909532916	14.673276105500632		orientation	BensonV1
14	cdf	135.00000056193724	-30.581849686817264	35.37892326344772	35.37892326344772	8.396067066986763		orientation	BensonV1
14	cdf	142.50000091146586	8.974512215857374	37.571127837766966	37.571127837766966	11.718085631983424		orientation	BensonV1
14	cdf	149.99999553141652	-17.202207312827767	44.90230311886897	44.90230311886897	8.499506734629136		orientation	BensonV1
14	cdf	157.49999588094516	4.421208442363962	24.575818863405484	24.575818863405484	4.503630859667091		orientation	BensonV1
14	cdf	164.99999623047378	13.036031294605294	27.605555621868906	27.605555621868906	13.108249775300747		orientation	BensonV1
14	cdf	172.50000230958034	-3.3393668213589933	19.94073148942844	19.94073148942844	14.117362668575545		orientation	BensonV1
14	inverse_cdf	7.500000349528623	-3.6490413162389927	23.167258659657037	23.167258659657037	11.727143178917638		orientation	BensonV1
14	inverse_cdf	15.000000699057246	-3.8286899084505848	29.01709522747143	29.01709522747143	12.500886895712505		orientation	BensonV1
14	inverse_cdf	22.50000104858587	22.506814232276554	42.87647363294368	42.87647363294368	7.00639923065435		orientation	BensonV1
14	inverse_cdf	30.00000139811449	37.43649806406593	32.44221772712274	32.44221772712274	15.602447857133317		orientation	BensonV1
14	inverse_cdf	37.49999945581193	32.40213962990765	39.33452966957281	39.33452966957281	7.999514956084906		orientation	BensonV1
14	inverse_cdf	45.00000209717174	-1.553982836241218	36.60373213801693	36.60373213801693	9.62505825882469		orientation	BensonV1
14	inverse_cdf	52.499999581911375	0.797071335238229	28.62958969409503	28.62958969409503	6.531949006858272		orientation	BensonV1
14	inverse_cdf	60.00000279622898	46.32179216699592	25.920073552866207	25.920073552866207	9.47992970707697		orientation	BensonV1
14	inverse_cdf	67.49999741617965	50.46628629554306	32.096390146753755	32.096390146753755	9.662034429392977		orientation	BensonV1
14	inverse_cdf	74.99999776570826	9.008030980109126	33.81874081489182	33.81874081489182	10.780066451481336		orientation	BensonV1
14	inverse_cdf	82.49999811523689	7.58561640230748	47.30645772602952	47.30645772602952	4.1797700912056905		orientation	BensonV1
14	inverse_cdf	90.00000419434348	-3.2399058158962504	23.321935411788225	23.321935411788225	12.135904665147976		orientation	BensonV1
14	inverse_cdf	97.49999881429414	-21.264443144258735	47.64264634707219	47.64264634707219	4.422697546536977		orientation	BensonV1
14	inverse_cdf	104.99999916382276	2.1365990440138347	30.881502591340112	30.881502591340112	9.022271587677393		orientation	BensonV1
14	inverse_cdf	112.49999951335138	-8.229612530467705	33.113830918576014	33.113830918576014	4.977552633163923		orientation	BensonV1
14	inverse_cdf	120.00000559245797	-0.7135535005761682	24.859699428625916	24.859699428625916	6.1093539700678186		orientation	BensonV1
14	inverse_cdf	127.50000021240862	-16.51327520036493	32.225380634067925	32.225380634067925	7.724237512522627		orientation	BensonV1
14	inverse_cdf	135.00000056193724	-0.6008332191750014	48.67358831724479	48.67358831724479	5.721364195138291		orientation	BensonV1
14	inverse_cdf	142.50000091146586	-11.205780770298219	54.78971250620714	54.78971250620714	8.451133709749968		orientation	BensonV1
14	inverse_cdf	149.99999553141652	-20.589797601560434	49.03433189793773	49.03433189793773	10.003093411943334		orientation	BensonV1
14	inverse_cdf	157.49999588094516	6.6336440128816605	34.2278340613825	34.2278340613825	4.240644675022657		orientation	BensonV1
14	inverse_cdf	164.99999623047378	-12.359323906404342	43.696285990152354	43.696285990152354	13.506697213892522		orientation	BensonV1
14	inverse_cdf	172.50000230958034	-1.704617767770742	19.440156662648874	19.440156662648874	3.345660155847139		orientation	BensonV1
15	cdf	7.500000349528623	14.957580939527475	43.551711350253406	43.551711350253406	9.427471883790586		orientation	BensonV1
15	cdf	15.000000699057246	13.339383320336651	23.526313668491973	23.526313668491973	7.605046804608522		orientation	BensonV1
15	cdf	22.50000104858587	19.62872260165973	29.87472164312061	29.87472164312061	7.151854693469083		orientation	BensonV1
15	cdf	30.00000139811449	26.035527970492126	31.299562793560387	31.299562793560387	18.091318478465816		orientation	BensonV1
15	cdf	37.49999945581193	-24.929008742892563	55.26922350734199	55.26922350734199	10.29743122742019		orientation	BensonV1
15	cdf	45.00000209717174	11.402931867086266	32.26394364915152	32.26394364915152	11.2341201377436		orientation	BensonV1
15	cdf	52.499999581911375	-28.47382806438341	40.34265840054507	40.34265840054507	14.132329830150079		orientation	BensonV1
15	cdf	60.00000279622898	-6.674617863227496	8.034294929996511	8.034294929996511	6.297118845533458		orientation	BensonV1
15	cdf	67.49999741617965	-82.45111015985054	42.21506626216744	42.21506626216744	15.32794959438587		orientation	BensonV1
15	cdf	74.99999776570826	-34.33509763835652	27.79767332464431	27.79767332464431	16.15943639255591		orientation	BensonV1
15	cdf	82.49999811523689	9.635982444452026	40.547729223683	40.547729223683	21.886930367271397		orientation	BensonV1
15	cdf	90.00000419434348	-66.1052459214568	51.016339218539855	51.016339218539855	11.40556851449391		orientation	BensonV1
15	cdf	97.49999881429414	61.558469119158076	32.83015854827658	32.83015854827658	13.289297141043583		orientation	BensonV1
15	cdf	104.99999916382276	71.13418908888582	48.37346827238777	48.37346827238777	5.641831167758626		orientation	BensonV1
15	cdf	112.49999951335138	-0.5631840923769715	20.987644181150763	20.987644181150763	9.354121764441249		orientation	BensonV1
15	cdf	120.00000559245797	1.273336236449012	42.42824160518338	42.42824160518338	22.39867661989615		orientation	BensonV1
15	cdf	127.50000021240862	37.95793002567311	42.348047012549905	42.348047012549905	15.12153866345906		orientation	BensonV1
15	cdf	135.00000056193724	-22.908460787126728	72.12168726600083	72.12168726600083	11.711189523700124		orientation	BensonV1
15	cdf	142.50000091146586	-59.754546033036945	40.13644017209502	40.13644017209502	9.492850806060309		orientation	BensonV1
15	cdf	149.99999553141652	16.086820900674354	44.14997053872991	44.14997053872991	7.839715624436625		orientation	BensonV1
15	cdf	157.49999588094516	54.29841134562227	47.246075834407115	47.246075834407115	12.494998284993763		orientation	BensonV1
15	cdf	164.99999623047378	-8.375553526466462	50.779345066493654	50.779345066493654	12.48035159388395		orientation	BensonV1
15	cdf	172.50000230958034	-2.3577016786305762	17.24871211211404	17.24871211211404	10.352814741194875		orientation	BensonV1
15	inverse_cdf	7.500000349528623	4.651785287573219	27.529461556519486	27.529461556519486	12.343612373856514		orientation	BensonV1
15	inverse_cdf	15.000000699057246	13.43975289677519	38.10771244452809	38.10771244452809	6.394895359965492		orientation	BensonV1
15	inverse_cdf	22.50000104858587	21.57670440080659	23.20421623949291	23.20421623949291	17.476901222603026		orientation	BensonV1
15	inverse_cdf	30.00000139811449	-10.060052245455864	25.406419502515266	25.406419502515266	6.335798378402825		orientation	BensonV1
15	inverse_cdf	37.49999945581193	-10.039592718620014	24.76571695265274	24.76571695265274	10.44635996649477		orientation	BensonV1
15	inverse_cdf	45.00000209717174	6.3053663936564135	20.982611641821446	20.982611641821446	7.641682217291437		orientation	BensonV1
15	inverse_cdf	52.499999581911375	10.422890053448754	37.620639929996564	37.620639929996564	8.279245595378445		orientation	BensonV1
15	inverse_cdf	60.00000279622898	-24.460481615823454	18.911491749964146	18.911491749964146	5.781239163710797		orientation	BensonV1
15	inverse_cdf	67.49999741617965	-10.00176016098672	36.79138366034189	36.79138366034189	8.12811375795528		orientation	BensonV1
15	inverse_cdf	74.99999776570826	-44.11923262804433	48.79285110568634	48.79285110568634	10.929889244498614		orientation	BensonV1
15	inverse_cdf	82.49999811523689	1.619905158178156	32.94852922117326	32.94852922117326	16.203462112120565		orientation	BensonV1
15	inverse_cdf	90.00000419434348	-37.11131876976876	42.05866924109977	42.05866924109977	8.610805087768327		orientation	BensonV1
15	inverse_cdf	97.49999881429414	26.64271896956957	48.96175424894852	48.96175424894852	15.398943296104573		orientation	BensonV1
15	inverse_cdf	104.99999916382276	29.44335508590811	53.08716748805077	53.08716748805077	10.25418806643441		orientation	BensonV1
15	inverse_cdf	112.49999951335138	30.252243931161956	47.4795201841487	47.4795201841487	16.2032395314382		orientation	BensonV1
15	inverse_cdf	120.00000559245797	-6.826724428785937	44.89555319967739	44.89555319967739	6.536404613010314		orientation	BensonV1
15	inverse_cdf	127.50000021240862	-9.595059947273882	45.57687873494998	45.57687873494998	8.113107765145283		orientation	BensonV1
15	inverse_cdf	135.00000056193724	68.2129809085327	41.02290070451827	41.02290070451827	9.357484899108373		orientation	BensonV1
15	inverse_cdf	142.50000091146586	48.080174054428966	52.66832303085644	52.66832303085644	13.406529848124894		orientation	BensonV1
15	inverse_cdf	149.99999553141652	52.19676745051379	45.46488078542501	45.46488078542501	19.91919845362564		orientation	BensonV1
15	inverse_cdf	157.49999588094516	55.68887027099302	45.69369376127421	45.69369376127421	8.552408629793362		orientation	BensonV1
15	inverse_cdf	164.99999623047378	26.75823393966178	25.321478509039984	25.321478509039984	8.194823678153554		orientation	BensonV1
15	inverse_cdf	172.50000230958034	0.7748998977524195	39.75702782460859	39.75702782460859	8.981691740126625		orientation	BensonV1
16	cdf	7.500000349528623	13.43331487663535	31.313185224914218	31.313185224914218	17.546385857795585		orientation	BensonV1
16	cdf	15.000000699057246	-0.4675451791679279	26.988099622138627	26.988099622138627	9.121214054128629		orientation	BensonV1
16	cdf	22.50000104858587	7.743977109281602	49.78407798476994	49.78407798476994	12.737687577319845		orientation	BensonV1
16	cdf	30.00000139811449	39.09730961932783	40.824702213240485	40.824702213240485	16.562549346872018		orientation	BensonV1
16	cdf	37.49999945581193	15.107742697282873	24.36866899038561	24.36866899038561	10.07542259887288		orientation	BensonV1
16	cdf	45.00000209717174	-10.095871112026344	39.74476986248937	39.74476986248937	12.99726140034454		orientation	BensonV1
16	cdf	52.499999581911375	-30.293819594965726	24.478988919922056	24.478988919922056	16.90950263259286		orientation	BensonV1
16	cdf	60.00000279622898	-7.080891302348931	26.739317465492693	26.739317465492693	12.911174478130448		orientation	BensonV1
16	cdf	67.49999741617965	-33.23046114106916	45.540988812077494	45.540988812077494	10.209602826414885		orientation	BensonV1
16	cdf	74.99999776570826	4.753799601946454	36.8712782084892	36.8712782084892	19.702272300195375		orientation	BensonV1
16	cdf	82.49999811523689	-15.355934365657319	33.301179937770925	33.301179937770925	18.693179134622522		orientation	BensonV1
16	cdf	90.00000419434348	-79.81215708067143	49.559007544041535	49.559007544041535	15.475829895093662		orientation	BensonV1
16	cdf	97.49999881429414	7.352856098666734	26.44593909234979	26.44593909234979	17.54852673944044		orientation	BensonV1
16	cdf	104.99999916382276	22.944564134829093	38.44324339469369	38.44324339469369	13.444880129383144		orientation	BensonV1
16	cdf	112.49999951335138	4.116771321039778	36.04051813722107	36.04051813722107	6.679733562914609		orientation	BensonV1
16	cdf	120.00000559245797	0.4107771340815134	27.09463131697601	27.09463131697601	12.439330120765423		orientation	BensonV1
16	cdf	127.50000021240862	-27.29096172871796	43.22328178476992	43.22328178476992	11.818443001824797		orientation	BensonV1
16	cdf	135.00000056193724	17.071204161422827	33.84839136662059	33.84839136662059	15.454202883308849		orientation	BensonV1
16	cdf	142.50000091146586	-8.153142181376978	31.87522517628628	31.87522517628628	12.020015919091158		orientation	BensonV1
16	cdf	149.99999553141652	42.8613563833411	43.14779281653754	43.14779281653754	17.28908671341093		orientation	BensonV1
16	cdf	157.49999588094516	-20.91852715719733	27.939310999331962	27.939310999331962	9.911847180738516		orientation	BensonV1
16	cdf	164.99999623047378	-9.394768951894577	38.1454738912935	38.1454738912935	18.69302063265956		orientation	BensonV1
16	cdf	172.50000230958034	22.201604327613182	20.914651944125655	20.914651944125655	13.030238634354205		orientation	BensonV1
16	inverse_cdf	7.500000349528623	-16.947134808824615	31.987615890566797	31.987615890566797	12.725431908355116		orientation	BensonV1
16	inverse_cdf	15.000000699057246	-47.95412400494942	54.78548531335876	54.78548531335876	12.969035826047351		orientation	BensonV1
16	inverse_cdf	22.50000104858587	-14.151514160286837	34.620050058865054	34.620050058865054	16.574723917479616		orientation	BensonV1
16	inverse_cdf	30.00000139811449	12.808769435047537	22.451565776223738	22.451565776223738	16.05891997428512		orientation	BensonV1
16	inverse_cdf	37.49999945581193	-2.474069918248503	30.636889821884488	30.636889821884488	5.959372438553865		orientation	BensonV1
16	inverse_cdf	45.00000209717174	63.18057548676282	45.94131909732272	45.94131909732272	11.660873676708151		orientation	BensonV1
16	inverse_cdf	52.499999581911375	1.3200580382414557	24.04653650300216	24.04653650300216	21.868572330963957		orientation	BensonV1
16	inverse_cdf	60.00000279622898	24.913155242091293	43.53199160053564	43.53199160053564	15.426092852189205		orientation	BensonV1
16	inverse_cdf	67.49999741617965	4.4770500269703035	37.24332906597697	37.24332906597697	16.046734181696543		orientation	BensonV1
16	inverse_cdf	74.99999776570826	-39.392075452312696	57.26871043613654	57.26871043613654	11.581310447410203		orientation	BensonV1
16	inverse_cdf	82.49999811523689	-25.542834257593597	27.711672164383472	27.711672164383472	7.675789545214309		orientation	BensonV1
16	inverse_cdf	90.00000419434348	-10.216289329044443	34.865224266678176	34.865224266678176	11.12347488749936		orientation	BensonV1
16	inverse_cdf	97.49999881429414	80.56913993811415	58.53045992083967	58.53045992083967	10.538882915204		orientation	BensonV1
16	inverse_cdf	104.99999916382276	-10.045914067620274	38.86911325655062	38.86911325655062	13.149461425489616		orientation	BensonV1
16	inverse_cdf	112.49999951335138	-3.183426455798113	33.48794722690957	33.48794722690957	17.46030069601437		orientation	BensonV1
16	inverse_cdf	120.00000559245797	-0.11927677078706722	46.58501573519457	46.58501573519457	16.321803002934246		orientation	BensonV1
16	inverse_cdf	127.50000021240862	-36.916439613046975	44.37581427115728	44.37581427115728	17.20050686724153		orientation	BensonV1
16	inverse_cdf	135.00000056193724	5.512846106611079	28.50870964491326	28.50870964491326	16.841168757312076		orientation	BensonV1
16	inverse_cdf	142.50000091146586	-0.49668636652762643	35.52728691344009	35.52728691344009	16.20780437122444		orientation	BensonV1
16	inverse_cdf	149.99999553141652	-4.117440194043525	27.108134081296004	27.108134081296004	9.265095697741693		orientation	BensonV1
16	inverse_cdf	157.49999588094516	30.461468471393715	31.695102234832955	31.695102234832955	12.83441376751599		orientation	BensonV1
16	inverse_cdf	164.99999623047378	7.861403186159606	26.201557746787152	26.201557746787152	11.09624711681826		orientation	BensonV1
16	inverse_cdf	172.50000230958034	-15.49453573535203	20.846059004281845	20.846059004281845	9.353872369883213		orientation	BensonV1
17	cdf	7.500000349528623	-1.5123816985865233	55.961404308595036	55.961404308595036	9.527312391213915		orientation	BensonV1
17	cdf	15.000000699057246	9.727110925834381	34.98434588389931	34.98434588389931	4.634770415395137		orientation	BensonV1
17	cdf	22.50000104858587	18.54723759627656	30.573994932102277	30.573994932102277	6.758593239284415		orientation	BensonV1
17	cdf	30.00000139811449	6.996396834368781	38.43571636191864	38.43571636191864	11.899878594056865		orientation	BensonV1
17	cdf	37.49999945581193	20.366088319333585	26.55825092368594	26.55825092368594	7.030098850070226		orientation	BensonV1
17	cdf	45.00000209717174	-2.212707178541649	35.911142342954896	35.911142342954896	5.8037683592564635		orientation	BensonV1
17	cdf	52.499999581911375	-15.995492741670319	41.223982504369815	41.223982504369815	6.594143903114922		orientation	BensonV1
17	cdf	60.00000279622898	4.017319483335186	36.03891937515709	36.03891937515709	5.291520578265782		orientation	BensonV1
17	cdf	67.49999741617965	24.1554607478557	18.94634885442805	18.94634885442805	12.476052172131705		orientation	BensonV1
17	cdf	74.99999776570826	-4.259576710592924	34.59344249401971	34.59344249401971	12.32742431775696		orientation	BensonV1
17	cdf	82.49999811523689	-18.488826556449666	36.24844689884463	36.24844689884463	10.855636431980159		orientation	BensonV1
17	cdf	90.00000419434348	10.40982714643792	30.0103327426715	30.0103327426715	8.69651366516143		orientation	BensonV1
17	cdf	97.49999881429414	14.723899701461363	38.596346740782614	38.596346740782614	7.549604801854976		orientation	BensonV1
17	cdf	104.99999916382276	-13.24100816534444	34.46195911883878	34.46195911883878	6.255546008199387		orientation	BensonV1
17	cdf	112.49999951335138	-9.186276860098985	29.620801695536613	29.620801695536613	10.75734600295957		orientation	BensonV1
17	cdf	120.00000559245797	-12.14281192919671	46.325546600441164	46.325546600441164	7.525449840006094		orientation	BensonV1
17	cdf	127.50000021240862	-12.89445181694866	57.08759126693788	57.08759126693788	12.758281391642814		orientation	BensonV1
17	cdf	135.00000056193724	6.060108729102694	44.13757567818602	44.13757567818602	5.193611699767702		orientation	BensonV1
17	cdf	142.50000091146586	17.92746386594129	33.356032709583204	33.356032709583204	12.833461521723017		orientation	BensonV1
17	cdf	149.99999553141652	4.980535796565874	56.41082249833546	56.41082249833546	13.752909522562314		orientation	BensonV1
17	cdf	157.49999588094516	-43.18814938646898	16.96927621167492	16.96927621167492	8.636131411802399		orientation	BensonV1
17	cdf	164.99999623047378	-18.99390903590401	35.74977260892509	35.74977260892509	7.6043489580184955		orientation	BensonV1
17	cdf	172.50000230958034	-18.411592872419817	32.66700716730075	32.66700716730075	20.784179015907675		orientation	BensonV1
17	inverse_cdf	7.500000349528623	24.207442246379017	45.18153018083271	45.18153018083271	6.656691470320848		orientation	BensonV1
17	inverse_cdf	15.000000699057246	13.573854943167376	13.36099035781573	13.36099035781573	6.541571593206136		orientation	BensonV1
17	inverse_cdf	22.50000104858587	9.556074169762468	21.031265592745402	21.031265592745402	5.066587553032951		orientation	BensonV1
17	inverse_cdf	30.00000139811449	-1.4735475498315225	34.74839225105007	34.74839225105007	12.622520478652861		orientation	BensonV1
17	inverse_cdf	37.49999945581193	-6.770794237039311	18.729317985626476	18.729317985626476	7.213095563981934		orientation	BensonV1
17	inverse_cdf	45.00000209717174	-0.9810707518715702	31.203354962828968	31.203354962828968	9.55388325928176		orientation	BensonV1
17	inverse_cdf	52.499999581911375	-19.681815485462096	52.48641338456803	52.48641338456803	11.25292426933046		orientation	BensonV1
17	inverse_cdf	60.00000279622898	12.596710758333202	34.419306991884305	34.419306991884305	10.722815523959854		orientation	BensonV1
17	inverse_cdf	67.49999741617965	4.462933557227075	37.45788638494879	37.45788638494879	3.9493206253605275		orientation	BensonV1
17	inverse_cdf	74.99999776570826	3.2723384441021466	55.9180106622547	55.9180106622547	17.4752996502476		orientation	BensonV1
17	inverse_cdf	82.49999811523689	9.02530865464972	35.338475513160105	35.338475513160105	4.959384190399009		orientation	BensonV1
17	inverse_cdf	90.00000419434348	6.974574329887673	34.42300855577242	34.42300855577242	7.124411039419374		orientation	BensonV1
17	inverse_cdf	97.49999881429414	10.1095051122754	29.055058126656863	29.055058126656863	15.384010168253019		orientation	BensonV1
17	inverse_cdf	104.99999916382276	9.80312023685346	31.04152328212018	31.04152328212018	8.424869990387467		orientation	BensonV1
17	inverse_cdf	112.49999951335138	-10.969396028499276	29.991001784570678	29.991001784570678	7.7016604959677055		orientation	BensonV1
17	inverse_cdf	120.00000559245797	27.35038466515533	31.107734068479505	31.107734068479505	13.433742976253175		orientation	BensonV1
17	inverse_cdf	127.50000021240862	8.968006252195863	53.25460646645607	53.25460646645607	9.304768559684751		orientation	BensonV1
17	inverse_cdf	135.00000056193724	-41.0359113970697	39.577470154343786	39.577470154343786	11.920089227507765		orientation	BensonV1
17	inverse_cdf	142.50000091146586	10.950785764710218	26.509677725539163	26.509677725539163	21.954450961054604		orientation	BensonV1
17	inverse_cdf	149.99999553141652	-46.91592922921204	32.415836062223555	32.415836062223555	10.469427419276457		orientation	BensonV1
17	inverse_cdf	157.49999588094516	-4.050569047026812	20.634017459023227	20.634017459023227	10.167666648904124		orientation	BensonV1
17	inverse_cdf	164.99999623047378	-23.594243028254056	29.22283530270178	29.22283530270178	15.636800455477982		orientation	BensonV1
17	inverse_cdf	172.50000230958034	-51.32053706368109	35.61545646090256	35.61545646090256	7.006519894649251		orientation	BensonV1
18	cdf	7.500000349528623	76.2117095106235	31.41617178073503	31.41617178073503	7.748442057297908		orientation	BensonV1
18	cdf	15.000000699057246	56.23306426915599	38.47754950517308	38.47754950517308	6.255961021082694		orientation	BensonV1
18	cdf	22.50000104858587	70.91507974158549	50.74095219107392	50.74095219107392	8.220350643316756		orientation	BensonV1
18	cdf	30.00000139811449	69.58780459527475	26.41983671220585	26.41983671220585	8.449776403903744		orientation	BensonV1
18	cdf	37.49999945581193	62.004407101152196	33.08654298381196	33.08654298381196	12.15496906121253		orientation	BensonV1
18	cdf	45.00000209717174	32.62685807503652	38.96230423851615	38.96230423851615	4.67643937642751		orientation	BensonV1
18	cdf	52.499999581911375	29.30544094028116	40.81790575168103	40.81790575168103	14.11437154864149		orientation	BensonV1
18	cdf	60.00000279622898	41.14980797170216	34.57050400389657	34.57050400389657	7.106178503245292		orientation	BensonV1
18	cdf	67.49999741617965	19.724119530049165	25.44324611266433	25.44324611266433	7.458011395199853		orientation	BensonV1
18	cdf	74.99999776570826	30.99260809886239	20.087057404020506	20.087057404020506	7.975090168114144		orientation	BensonV1
18	cdf	82.49999811523689	14.255711111456932	23.799318435811287	23.799318435811287	2.3356198816359384		orientation	BensonV1
18	cdf	90.00000419434348	-0.1348935848502606	16.091238708981436	16.091238708981436	12.583477823390941		orientation	BensonV1
18	cdf	97.49999881429414	12.388704965819727	26.719853511023253	26.719853511023253	7.11805732828317		orientation	BensonV1
18	cdf	104.99999916382276	14.997022192211688	30.403942267025002	30.403942267025002	5.938261144004764		orientation	BensonV1
18	cdf	112.49999951335138	4.820919628546292	20.391059301475448	20.391059301475448	8.403636874881384		orientation	BensonV1
18	cdf	120.00000559245797	-8.412910310781015	33.52180346815444	33.52180346815444	5.160473809114425		orientation	BensonV1
18	cdf	127.50000021240862	4.826036680085224	38.26129128782595	38.26129128782595	8.592227113619726		orientation	BensonV1
18	cdf	135.00000056193724	-12.141164064903023	23.54653583001283	23.54653583001283	11.950703995900533		orientation	BensonV1
18	cdf	142.50000091146586	1.2453858412908403	11.669516563736517	11.669516563736517	5.308628185505004		orientation	BensonV1
18	cdf	149.99999553141652	-9.709948521805188	29.204799365130214	29.204799365130214	10.936811182273967		orientation	BensonV1
18	cdf	157.49999588094516	-38.73089717201776	23.94677225963723	23.94677225963723	7.729791024729922		orientation	BensonV1
18	cdf	164.99999623047378	-46.54757798892699	21.37070000573073	21.37070000573073	11.052835003510028		orientation	BensonV1
18	cdf	172.50000230958034	-66.41744691939523	23.413005272019745	23.413005272019745	18.148102090608816		orientation	BensonV1
18	inverse_cdf	7.500000349528623	53.544311487845675	48.19445633167057	48.19445633167057	6.6727636424173475		orientation	BensonV1
18	inverse_cdf	15.000000699057246	5.380700411685581	38.182922270203406	38.182922270203406	6.558526961572237		orientation	BensonV1
18	inverse_cdf	22.50000104858587	38.556884659432086	43.452741578381804	43.452741578381804	11.135931560362671		orientation	BensonV1
18	inverse_cdf	30.00000139811449	23.044045549265718	60.45199053780952	60.45199053780952	2.832391985284594		orientation	BensonV1
18	inverse_cdf	37.49999945581193	-14.73692787132316	52.01600814040486	52.01600814040486	8.61387389008166		orientation	BensonV1
18	inverse_cdf	45.00000209717174	-48.08438591001317	44.051086510563266	44.051086510563266	13.524767652755829		orientation	BensonV1
18	inverse_cdf	52.499999581911375	15.18066594038197	30.619778378371524	30.619778378371524	6.619146253097089		orientation	BensonV1
18	inverse_cdf	60.00000279622898	38.750968429215504	39.57036049283951	39.57036049283951	8.189928308548014		orientation	BensonV1
18	inverse_cdf	67.49999741617965	34.40986544256728	40.22965842162113	40.22965842162113	9.282652157190835		orientation	BensonV1
18	inverse_cdf	74.99999776570826	-63.125820533094625	50.59517942009735	50.59517942009735	10.997731950813057		orientation	BensonV1
18	inverse_cdf	82.49999811523689	34.36086772406158	30.255603966996738	30.255603966996738	10.339036545885026		orientation	BensonV1
18	inverse_cdf	90.00000419434348	7.207229652374224	26.622709987131245	26.622709987131245	11.945199865155995		orientation	BensonV1
18	inverse_cdf	97.49999881429414	66.451025625657	53.90135236287454	53.90135236287454	15.718332027585891		orientation	BensonV1
18	inverse_cdf	104.99999916382276	5.767874591827123	27.517514109635492	27.517514109635492	7.544806789935842		orientation	BensonV1
18	inverse_cdf	112.49999951335138	21.910754667316382	22.449666319575197	22.449666319575197	6.985894148640153		orientation	BensonV1
18	inverse_cdf	120.00000559245797	-0.6897334070135059	9.070903365984458	9.070903365984458	2.271671054851427		orientation	BensonV1
18	inverse_cdf	127.50000021240862	3.1376597508791804	25.51528649500768	25.51528649500768	6.877831351129007		orientation	BensonV1
18	inverse_cdf	135.00000056193724	7.760198968778667	29.809122498008808	29.809122498008808	8.365145779645973		orientation	BensonV1
18	inverse_cdf	142.50000091146586	-10.427153628863493	31.48372497828784	31.48372497828784	4.269602822853024		orientation	BensonV1
18	inverse_cdf	149.99999553141652	0.5397147564909801	25.736964616327977	25.736964616327977	4.575683929447574		orientation	BensonV1
18	inverse_cdf	157.49999588094516	-18.271320409880673	30.208391980829333	30.208391980829333	10.689137599444894		orientation	BensonV1
18	inverse_cdf	164.99999623047378	-40.92398039707601	18.970982380243406	18.970982380243406	11.156509691074879		orientation	BensonV1
18	inverse_cdf	172.50000230958034	-33.99052363074594	45.69374477869806	45.69374477869806	10.176163028103474		orientation	BensonV1
19	cdf	7.500000349528623	47.351718610546015	40.659314006424886	40.659314006424886	9.752702469654047		orientation	BensonV1
19	cdf	15.000000699057246	40.01773107723443	38.84992757043206	38.84992757043206	7.688457570388586		orientation	BensonV1
19	cdf	22.50000104858587	-34.05921540412166	37.21106030988754	37.21106030988754	8.888037423679446		orientation	BensonV1
19	cdf	30.00000139811449	28.839209278262388	42.52135343345427	42.52135343345427	11.708159402081119		orientation	BensonV1
19	cdf	37.49999945581193	8.170009167432639	42.408189413684774	42.408189413684774	4.456493990736984		orientation	BensonV1
19	cdf	45.00000209717174	60.80582804079165	50.33465263106055	50.33465263106055	7.119854221385138		orientation	BensonV1
19	cdf	52.499999581911375	26.193827399750518	43.71253490202611	43.71253490202611	9.123788884407144		orientation	BensonV1
19	cdf	60.00000279622898	19.926673836321	35.05105757779069	35.05105757779069	6.682536104825065		orientation	BensonV1
19	cdf	67.49999741617965	45.673915552607184	53.49960279609528	53.49960279609528	5.313561079794914		orientation	BensonV1
19	cdf	74.99999776570826	42.210342614202716	53.337831896904106	53.337831896904106	10.129826713407615		orientation	BensonV1
19	cdf	82.49999811523689	49.363749338068374	17.301676839199757	17.301676839199757	4.94616969645609		orientation	BensonV1
19	cdf	90.00000419434348	-43.68355316775023	35.666253706596144	35.666253706596144	12.970552512500447		orientation	BensonV1
19	cdf	97.49999881429414	-1.0010529480982058	43.437187698794055	43.437187698794055	6.780289426163101		orientation	BensonV1
19	cdf	104.99999916382276	32.95304847730006	36.39574753188591	36.39574753188591	7.616658887147346		orientation	BensonV1
19	cdf	112.49999951335138	55.772471461670534	57.53385340171921	57.53385340171921	5.424852623911512		orientation	BensonV1
19	cdf	120.00000559245797	16.064909853558476	49.335639307511926	49.335639307511926	4.027178942468164		orientation	BensonV1
19	cdf	127.50000021240862	-35.20711104875406	31.76392688492707	31.76392688492707	6.660889292516762		orientation	BensonV1
19	cdf	135.00000056193724	-13.76770014805966	50.92989366855768	50.92989366855768	12.429553812556781		orientation	BensonV1
19	cdf	142.50000091146586	-14.24336487096457	36.308177607820376	36.308177607820376	5.34636265255998		orientation	BensonV1
19	cdf	149.99999553141652	78.27770954056831	63.559607773941956	63.559607773941956	6.337180466430169		orientation	BensonV1
19	cdf	157.49999588094516	68.26749760105682	29.241205604331075	29.241205604331075	4.557700813196677		orientation	BensonV1
19	cdf	164.99999623047378	86.71436378238252	43.99898550625715	43.99898550625715	10.58810943709939		orientation	BensonV1
19	cdf	172.50000230958034	30.428220029608525	41.96127902091957	41.96127902091957	5.25172949848308		orientation	BensonV1
19	inverse_cdf	7.500000349528623	9.450617979701974	30.453510532791068	30.453510532791068	5.410057396906038		orientation	BensonV1
19	inverse_cdf	15.000000699057246	7.790221764573218	9.98700095340222	9.98700095340222	4.518706814613998		orientation	BensonV1
19	inverse_cdf	22.50000104858587	13.565275084663554	20.149155968871312	20.149155968871312	4.8780563567395845		orientation	BensonV1
19	inverse_cdf	30.00000139811449	-2.514812060252325	11.422548577346202	11.422548577346202	5.830043581654795		orientation	BensonV1
19	inverse_cdf	37.49999945581193	0.5176012814709878	16.099392264609392	16.099392264609392	6.744369607771736		orientation	BensonV1
19	inverse_cdf	45.00000209717174	-15.087832387178594	22.020263814359875	22.020263814359875	4.0463599532217795		orientation	BensonV1
19	inverse_cdf	52.499999581911375	-6.6473982821435555	11.650867346915062	11.650867346915062	5.503166207171102		orientation	BensonV1
19	inverse_cdf	60.00000279622898	-2.605403162665226	29.68743583319336	29.68743583319336	4.512426874804275		orientation	BensonV1
19	inverse_cdf	67.49999741617965	9.149892778957224	27.872711875638878	27.872711875638878	2.9137395694051396		orientation	BensonV1
19	inverse_cdf	74.99999776570826	-7.8250892165411585	22.346390731196728	22.346390731196728	6.418008536529625		orientation	BensonV1
19	inverse_cdf	82.49999811523689	-22.133111072564304	27.482667060642562	27.482667060642562	6.585492659302357		orientation	BensonV1
19	inverse_cdf	90.00000419434348	-15.725484476570102	36.476849403977454	36.476849403977454	13.044149203083673		orientation	BensonV1
19	inverse_cdf	97.49999881429414	24.29931540835932	39.487290187916976	39.487290187916976	7.002953060123497		orientation	BensonV1
19	inverse_cdf	104.99999916382276	-12.908435575929417	31.48903437354314	31.48903437354314	7.200967016152058		orientation	BensonV1
19	inverse_cdf	112.49999951335138	-1.6178181165609402	26.42067911594285	26.42067911594285	13.910519993036965		orientation	BensonV1
19	inverse_cdf	120.00000559245797	-0.7067540380382127	19.220430642726573	19.220430642726573	2.69300157366384		orientation	BensonV1
19	inverse_cdf	127.50000021240862	3.0831660855343443	11.058532599863842	11.058532599863842	2.232534993265368		orientation	BensonV1
19	inverse_cdf	135.00000056193724	6.246051266549415	7.157586857041555	7.157586857041555	4.250525488200349		orientation	BensonV1
19	inverse_cdf	142.50000091146586	-4.399792741159132	13.572949297748329	13.572949297748329	2.627593628747978		orientation	BensonV1
19	inverse_cdf	149.99999553141652	-6.530397200220591	21.0523717469095	21.0523717469095	5.03962882007473		orientation	BensonV1
19	inverse_cdf	157.49999588094516	-13.058272401979025	11.515466060500973	11.515466060500973	6.394577803947561		orientation	BensonV1
19	inverse_cdf	164.99999623047378	-22.633006347147983	14.621357957326811	14.621357957326811	2.3546286535957988		orientation	BensonV1
19	inverse_cdf	172.50000230958034	-27.030396884455683	29.88190233762803	29.88190233762803	8.315231670521285		orientation	BensonV1
20	cdf	7.500000349528623	7.69983014286143	33.64596724803957	33.64596724803957	8.393503736862167		orientation	BensonV1
20	cdf	15.000000699057246	-35.35304160866224	38.13659935454747	38.13659935454747	7.710940252026444		orientation	BensonV1
20	cdf	22.50000104858587	76.58037833043363	37.040842772129324	37.040842772129324	10.612122115903189		orientation	BensonV1
20	cdf	30.00000139811449	-15.539723621214762	43.31566044558789	43.31566044558789	10.342795427895288		orientation	BensonV1
20	cdf	37.49999945581193	-79.03771036614825	56.7456989031482	56.7456989031482	7.865561578838902		orientation	BensonV1
20	cdf	45.00000209717174	-30.001071369014497	23.794927792836	23.794927792836	11.835763091638094		orientation	BensonV1
20	cdf	52.499999581911375	7.8974056400200965	40.05117678995748	40.05117678995748	6.163534360681466		orientation	BensonV1
20	cdf	60.00000279622898	16.412872890933542	38.83974252882305	38.83974252882305	12.753953018606756		orientation	BensonV1
20	cdf	67.49999741617965	59.91148559537214	43.742381190672745	43.742381190672745	8.62931947586467		orientation	BensonV1
20	cdf	74.99999776570826	-19.267821031172318	33.772055770201426	33.772055770201426	3.815936703790581		orientation	BensonV1
20	cdf	82.49999811523689	-10.518116386045193	28.43708020587914	28.43708020587914	13.390908876773953		orientation	BensonV1
20	cdf	90.00000419434348	-10.463841509918097	28.68043070683408	28.68043070683408	8.992809098353664		orientation	BensonV1
20	cdf	97.49999881429414	-32.751443120962335	39.47632595385531	39.47632595385531	11.604367601254452		orientation	BensonV1
20	cdf	104.99999916382276	-31.74603259843842	34.36020791707046	34.36020791707046	7.110844936540779		orientation	BensonV1
20	cdf	112.49999951335138	-5.112224946867116	32.703036243252555	32.703036243252555	10.118176577177422		orientation	BensonV1
20	cdf	120.00000559245797	0.05800134454997874	45.36340790968554	45.36340790968554	3.679686262831638		orientation	BensonV1
20	cdf	127.50000021240862	-16.515017226326435	47.68686829452441	47.68686829452441	7.304368266007622		orientation	BensonV1
20	cdf	135.00000056193724	-5.33750832562356	42.24637443584242	42.24637443584242	7.068611562058715		orientation	BensonV1
20	cdf	142.50000091146586	-2.443421781617019	41.49894947670243	41.49894947670243	8.64232906164359		orientation	BensonV1
20	cdf	149.99999553141652	15.8851501685524	36.88245080917655	36.88245080917655	10.664953779427245		orientation	BensonV1
20	cdf	157.49999588094516	30.942967682502683	39.363497758452034	39.363497758452034	9.11842817675729		orientation	BensonV1
20	cdf	164.99999623047378	-84.1561456050964	34.70297912393027	34.70297912393027	5.454817171360908		orientation	BensonV1
20	cdf	172.50000230958034	9.541069761261184	38.79176679493052	38.79176679493052	7.842543394466492		orientation	BensonV1
20	inverse_cdf	7.500000349528623	-2.8735747089329635	31.668901163672032	31.668901163672032	4.964791827275107		orientation	BensonV1
20	inverse_cdf	15.000000699057246	-15.835800134789764	48.05753090779501	48.05753090779501	11.95468596868168		orientation	BensonV1
20	inverse_cdf	22.50000104858587	0.43817771757886703	32.75715797140742	32.75715797140742	11.150313779656916		orientation	BensonV1
20	inverse_cdf	30.00000139811449	-22.670702540615935	72.88477955879964	72.88477955879964	6.861827527842475		orientation	BensonV1
20	inverse_cdf	37.49999945581193	-86.72134162743134	54.49588993560301	54.49588993560301	8.923808630799556		orientation	BensonV1
20	inverse_cdf	45.00000209717174	26.014816234065307	39.4522223606184	39.4522223606184	3.344520924739145		orientation	BensonV1
20	inverse_cdf	52.499999581911375	-18.968869325117595	40.99895934325268	40.99895934325268	14.602718028271722		orientation	BensonV1
20	inverse_cdf	60.00000279622898	31.75847044453144	32.4339444452626	32.4339444452626	8.804978744818062		orientation	BensonV1
20	inverse_cdf	67.49999741617965	17.942986438305752	24.88476258255587	24.88476258255587	7.432056443050779		orientation	BensonV1
20	inverse_cdf	74.99999776570826	18.619490424326273	44.052881740350635	44.052881740350635	7.030468613133684		orientation	BensonV1
20	inverse_cdf	82.49999811523689	-7.973792418393472	30.71688351197271	30.71688351197271	6.7726020959682645		orientation	BensonV1
20	inverse_cdf	90.00000419434348	4.121733714754356	45.529934780487864	45.529934780487864	8.355669582275251		orientation	BensonV1
20	inverse_cdf	97.49999881429414	-15.369600616237804	32.54290146638704	32.54290146638704	5.373959936942665		orientation	BensonV1
20	inverse_cdf	104.99999916382276	-16.19115559808435	31.7451654017176	31.7451654017176	11.279511211545291		orientation	BensonV1
20	inverse_cdf	112.49999951335138	-50.54763808362967	70.20779056750636	70.20779056750636	10.250490168754851		orientation	BensonV1
20	inverse_cdf	120.00000559245797	-4.216895399406837	39.158907837900706	39.158907837900706	9.178968773992471		orientation	BensonV1
20	inverse_cdf	127.50000021240862	20.547312068524803	38.33050600404535	38.33050600404535	5.234110449887528		orientation	BensonV1
20	inverse_cdf	135.00000056193724	-15.052050821176536	26.299348067332883	26.299348067332883	8.1836029548894		orientation	BensonV1
20	inverse_cdf	142.50000091146586	-22.508543703164406	35.16236000152071	35.16236000152071	4.241513563911136		orientation	BensonV1
20	inverse_cdf	149.99999553141652	39.99284408597654	44.21411023111333	44.21411023111333	10.876156282808518		orientation	BensonV1
20	inverse_cdf	157.49999588094516	5.28088113336662	38.408619908575204	38.408619908575204	11.290827286640111		orientation	BensonV1
20	inverse_cdf	164.99999623047378	2.216092068166148	36.86192652154748	36.86192652154748	6.854700869902205		orientation	BensonV1
20	inverse_cdf	172.50000230958034	71.8279782481597	74.8923753873528	74.8923753873528	9.529322096504018		orientation	BensonV1
21	cdf	7.500000349528623	-51.9775839701623	48.480809205625334	48.480809205625334	4.729643022508415		orientation	BensonV1
21	cdf	15.000000699057246	-18.117313985871533	40.42355949548256	40.42355949548256	6.789686028007832		orientation	BensonV1
21	cdf	22.50000104858587	-2.4252926962552976	57.41359963027281	57.41359963027281	9.684306460031516		orientation	BensonV1
21	cdf	30.00000139811449	80.8326140483021	36.02362580825995	36.02362580825995	2.7491475346813488		orientation	BensonV1
21	cdf	37.49999945581193	55.88655359887247	34.17059985836668	34.17059985836668	5.857169472290877		orientation	BensonV1
21	cdf	45.00000209717174	-78.20594603061105	51.88567172989291	51.88567172989291	6.415165081859161		orientation	BensonV1
21	cdf	52.499999581911375	18.46012690873161	48.40069855443747	48.40069855443747	3.3539995352491587		orientation	BensonV1
21	cdf	60.00000279622898	69.11903053363227	35.44401612095434	35.44401612095434	9.838120042454213		orientation	BensonV1
21	cdf	67.49999741617965	45.68460936677849	33.315453912632684	33.315453912632684	8.163578466636089		orientation	BensonV1
21	cdf	74.99999776570826	44.12742566498338	52.77935901804882	52.77935901804882	4.173640258766282		orientation	BensonV1
21	cdf	82.49999811523689	46.80402042010218	27.096585555042154	27.096585555042154	3.4914864975258197		orientation	BensonV1
21	cdf	90.00000419434348	19.241607382060877	35.59446210819643	35.59446210819643	5.182152859278603		orientation	BensonV1
21	cdf	97.49999881429414	64.73753238548233	44.339647927061534	44.339647927061534	5.534455847313023		orientation	BensonV1
21	cdf	104.99999916382276	7.279327326702685	31.65260866328614	31.65260866328614	5.131135249050921		orientation	BensonV1
21	cdf	112.49999951335138	-3.3166085667131995	15.309672364731702	15.309672364731702	10.197004248431512		orientation	BensonV1
21	cdf	120.00000559245797	-13.647310881436667	27.652974704081924	27.652974704081924	5.032192215415789		orientation	BensonV1
21	cdf	127.50000021240862	-8.817145349729458	28.077454409852606	28.077454409852606	8.622135007802942		orientation	BensonV1
21	cdf	135.00000056193724	-1.1943784685293224	40.705880027300026	40.705880027300026	3.022755962863515		orientation	BensonV1
21	cdf	142.50000091146586	-20.263227709294426	41.00213259329713	41.00213259329713	8.124983231054133		orientation	BensonV1
21	cdf	149.99999553141652	-10.302714645705919	32.07015879979882	32.07015879979882	2.3746515880777386		orientation	BensonV1
21	cdf	157.49999588094516	-43.761628386000794	35.91620924456498	35.91620924456498	5.022619731209646		orientation	BensonV1
21	cdf	164.99999623047378	-49.337852663471566	24.860296112573426	24.860296112573426	3.5070765374743593		orientation	BensonV1
21	cdf	172.50000230958034	-22.20057454503035	56.14669717328554	56.14669717328554	9.802381128573154		orientation	BensonV1
21	inverse_cdf	7.500000349528623	-9.066763587006335	20.571437004385913	20.571437004385913	3.857106396913111		orientation	BensonV1
21	inverse_cdf	15.000000699057246	-14.63158799578764	36.58950808800329	36.58950808800329	5.231102356689481		orientation	BensonV1
21	inverse_cdf	22.50000104858587	-18.646091469390726	37.085764531457706	37.085764531457706	5.83984854676784		orientation	BensonV1
21	inverse_cdf	30.00000139811449	10.232852409704435	44.17213318882118	44.17213318882118	8.65135072084407		orientation	BensonV1
21	inverse_cdf	37.49999945581193	-23.615793085215657	37.471457852104656	37.471457852104656	5.6670570628204295		orientation	BensonV1
21	inverse_cdf	45.00000209717174	-42.621900419070634	27.00825392974132	27.00825392974132	7.898823086342295		orientation	BensonV1
21	inverse_cdf	52.499999581911375	32.084761767781714	74.40778728611245	74.40778728611245	8.752160854354521		orientation	BensonV1
21	inverse_cdf	60.00000279622898	66.53788845079794	58.37736312875482	58.37736312875482	6.706644619314023		orientation	BensonV1
21	inverse_cdf	67.49999741617965	32.8797801305946	44.58810778607245	44.58810778607245	3.900605135848224		orientation	BensonV1
21	inverse_cdf	74.99999776570826	-35.7507000532475	32.50832001958318	32.50832001958318	12.824900527978857		orientation	BensonV1
21	inverse_cdf	82.49999811523689	19.74819449191095	25.02698884435813	25.02698884435813	6.067715153298187		orientation	BensonV1
21	inverse_cdf	90.00000419434348	42.5367822229116	31.11682067284789	31.11682067284789	5.00986116589916		orientation	BensonV1
21	inverse_cdf	97.49999881429414	33.648622551614096	31.50725862847302	31.50725862847302	4.233540039626039		orientation	BensonV1
21	inverse_cdf	104.99999916382276	55.807242988705724	35.26445643476451	35.26445643476451	5.281319014306828		orientation	BensonV1
21	inverse_cdf	112.49999951335138	-15.741670442928083	36.11317631160973	36.11317631160973	3.1977587072146947		orientation	BensonV1
21	inverse_cdf	120.00000559245797	-16.14767348561317	29.043859698497513	29.043859698497513	2.7104506303993086		orientation	BensonV1
21	inverse_cdf	127.50000021240862	-0.57819351174399	37.1961056643838	37.1961056643838	4.364657510982558		orientation	BensonV1
21	inverse_cdf	135.00000056193724	22.798791218026338	31.829894545993575	31.829894545993575	16.965231617671467		orientation	BensonV1
21	inverse_cdf	142.50000091146586	13.2486588176356	42.1135218402679	42.1135218402679	4.228115034678778		orientation	BensonV1
21	inverse_cdf	149.99999553141652	11.820631348865703	23.894681190024517	23.894681190024517	1.5747884996878123		orientation	BensonV1
21	inverse_cdf	157.49999588094516	-70.29146601682133	43.98191525219676	43.98191525219676	10.666274052412767		orientation	BensonV1
21	inverse_cdf	164.99999623047378	-2.4504764483552037	21.7859369841911	21.7859369841911	2.5458320488712722		orientation	BensonV1
21	inverse_cdf	172.50000230958034	7.398814693014344	23.696161870142788	23.696161870142788	6.968133941661298		orientation	BensonV1
22	cdf	7.500000349528623	-10.101866350858359	24.338998935561765	24.338998935561765	3.2795333872581587		orientation	BensonV1
22	cdf	15.000000699057246	22.435495788286175	32.76081818349013	32.76081818349013	12.89922229023136		orientation	BensonV1
22	cdf	22.50000104858587	-17.401635089767296	29.545253721130294	29.545253721130294	5.394814408133115		orientation	BensonV1
22	cdf	30.00000139811449	-19.906221238508067	35.30355889085646	35.30355889085646	5.9100010512014425		orientation	BensonV1
22	cdf	37.49999945581193	29.244316695107216	39.902667490398244	39.902667490398244	8.264556938602976		orientation	BensonV1
22	cdf	45.00000209717174	30.85392751821243	29.158050827408736	29.158050827408736	6.706776274759261		orientation	BensonV1
22	cdf	52.499999581911375	-0.746087265343391	34.03171609583546	34.03171609583546	6.547711218760052		orientation	BensonV1
22	cdf	60.00000279622898	-47.44910143239939	56.50621546781327	56.50621546781327	4.912996926165369		orientation	BensonV1
22	cdf	67.49999741617965	30.48230700017841	31.221315284761836	31.221315284761836	7.5279444299510185		orientation	BensonV1
22	cdf	74.99999776570826	26.388869786889998	23.26862770433407	23.26862770433407	6.4028060800463305		orientation	BensonV1
22	cdf	82.49999811523689	-1.1259853528948582	26.07745405133187	26.07745405133187	3.994350676736256		orientation	BensonV1
22	cdf	90.00000419434348	-2.085560005537303	49.525436745810644	49.525436745810644	8.268286223610833		orientation	BensonV1
22	cdf	97.49999881429414	6.411896041064637	26.731098607892935	26.731098607892935	4.384344392934205		orientation	BensonV1
22	cdf	104.99999916382276	-8.721768746628157	22.90851698253356	22.90851698253356	11.007480304522943		orientation	BensonV1
22	cdf	112.49999951335138	-15.00494706205805	44.01399835412354	44.01399835412354	6.202277106057933		orientation	BensonV1
22	cdf	120.00000559245797	-39.6765572718156	47.12724067427266	47.12724067427266	5.9151326083686255		orientation	BensonV1
22	cdf	127.50000021240862	-17.92462723465158	32.884313679319	32.884313679319	8.220261383456327		orientation	BensonV1
22	cdf	135.00000056193724	23.826423090166458	31.014272510156495	31.014272510156495	11.15646143414618		orientation	BensonV1
22	cdf	142.50000091146586	23.785527929282978	29.99606949871855	29.99606949871855	4.0923471042617745		orientation	BensonV1
22	cdf	149.99999553141652	7.924594829903356	34.21997268988122	34.21997268988122	4.125673887416222		orientation	BensonV1
22	cdf	157.49999588094516	39.33650699451499	40.15826739553467	40.15826739553467	5.232056001006318		orientation	BensonV1
22	cdf	164.99999623047378	6.593473372611129	18.75453113224784	18.75453113224784	5.587475615251793		orientation	BensonV1
22	cdf	172.50000230958034	8.892864400159112	29.470402716359917	29.470402716359917	6.907323073640056		orientation	BensonV1
22	inverse_cdf	7.500000349528623	-2.4516637253195768	20.47928826356313	20.47928826356313	4.5371496160604305		orientation	BensonV1
22	inverse_cdf	15.000000699057246	15.413773511337098	31.679937169187586	31.679937169187586	5.873654047000864		orientation	BensonV1
22	inverse_cdf	22.50000104858587	40.53073021141472	32.54167674215103	32.54167674215103	5.680599884011924		orientation	BensonV1
22	inverse_cdf	30.00000139811449	-44.1605046392707	40.53312461550133	40.53312461550133	3.557247324252692		orientation	BensonV1
22	inverse_cdf	37.49999945581193	-27.883387419942977	28.54470536774933	28.54470536774933	8.480517381213332		orientation	BensonV1
22	inverse_cdf	45.00000209717174	6.677555082577015	37.91617395074948	37.91617395074948	6.4836634398894155		orientation	BensonV1
22	inverse_cdf	52.499999581911375	78.47960814481067	75.44353393520007	75.44353393520007	4.7692233226059155		orientation	BensonV1
22	inverse_cdf	60.00000279622898	7.606628731806367	40.435101913391684	40.435101913391684	7.352609853164118		orientation	BensonV1
22	inverse_cdf	67.49999741617965	-21.494314474667362	40.820624232982965	40.820624232982965	9.449600643948576		orientation	BensonV1
22	inverse_cdf	74.99999776570826	0.8616229956843853	19.763589529753045	19.763589529753045	8.969655845196378		orientation	BensonV1
22	inverse_cdf	82.49999811523689	1.6837087967926436	27.966534554996553	27.966534554996553	12.759286425329517		orientation	BensonV1
22	inverse_cdf	90.00000419434348	3.4400300100386545	34.86430478079626	34.86430478079626	7.76623442639448		orientation	BensonV1
22	inverse_cdf	97.49999881429414	-8.120332472212809	46.57697187267014	46.57697187267014	6.379707240095033		orientation	BensonV1
22	inverse_cdf	104.99999916382276	2.8051308828883776	39.10140249001342	39.10140249001342	5.150880086102639		orientation	BensonV1
22	inverse_cdf	112.49999951335138	8.501200480049363	25.463726036289884	25.463726036289884	11.74344967401796		orientation	BensonV1
22	inverse_cdf	120.00000559245797	15.851583728599905	32.663965166510486	32.663965166510486	5.709248261861629		orientation	BensonV1
22	inverse_cdf	127.50000021240862	-20.957725580105063	41.10994989129534	41.10994989129534	5.770820803420539		orientation	BensonV1
22	inverse_cdf	135.00000056193724	-47.09027204560793	24.542928091662684	24.542928091662684	5.642767464215286		orientation	BensonV1
22	inverse_cdf	142.50000091146586	-39.68375118322474	37.23517404088791	37.23517404088791	5.271267721206296		orientation	BensonV1
22	inverse_cdf	149.99999553141652	-24.860541361000912	49.46305029009999	49.46305029009999	3.8290194601279417		orientation	BensonV1
22	inverse_cdf	157.49999588094516	-18.530606459323195	35.848302540047975	35.848302540047975	11.57375937734372		orientation	BensonV1
22	inverse_cdf	164.99999623047378	46.985376078349816	37.53064170979269	37.53064170979269	5.153921775952812		orientation	BensonV1
22	inverse_cdf	172.50000230958034	-4.129421022043857	26.370965564777137	26.370965564777137	8.5700603075528		orientation	BensonV1
23	cdf	7.500000349528623	45.386417880100396	25.593497974748868	25.593497974748868	16.26555249185158		orientation	BensonV1
23	cdf	15.000000699057246	21.0230276956368	46.56876539602221	46.56876539602221	17.201881120107025		orientation	BensonV1
23	cdf	22.50000104858587	16.827659547935355	39.947650850104566	39.947650850104566	17.472833411221004		orientation	BensonV1
23	cdf	30.00000139811449	-17.707745251270595	52.13658681099371	52.13658681099371	18.106914170588038		orientation	BensonV1
23	cdf	37.49999945581193	-0.270802656027854	33.353440854059734	33.353440854059734	14.452751898677562		orientation	BensonV1
23	cdf	45.00000209717174	-62.815358092076025	18.2360595244606	18.2360595244606	12.590134109487838		orientation	BensonV1
23	cdf	52.499999581911375	8.91154202402646	42.839700471896606	42.839700471896606	16.723661305359194		orientation	BensonV1
23	cdf	60.00000279622898	-11.698615074626119	57.74847819994906	57.74847819994906	15.83816574750162		orientation	BensonV1
23	cdf	67.49999741617965	76.30967037268579	37.22907535165527	37.22907535165527	14.071615575782653		orientation	BensonV1
23	cdf	74.99999776570826	17.879803336686976	50.44642188147169	50.44642188147169	14.30398644013264		orientation	BensonV1
23	cdf	82.49999811523689	-64.44949254639239	38.46083407035004	38.46083407035004	14.423476434463431		orientation	BensonV1
23	cdf	90.00000419434348	56.16634778417426	49.573349871664384	49.573349871664384	23.568205458443906		orientation	BensonV1
23	cdf	97.49999881429414	31.30888047000036	37.94125031815068	37.94125031815068	15.057209789379687		orientation	BensonV1
23	cdf	104.99999916382276	-0.3247283237206062	34.218074118317354	34.218074118317354	16.88492168305822		orientation	BensonV1
23	cdf	112.49999951335138	-4.069118305252971	31.060044496491617	31.060044496491617	11.496749278062884		orientation	BensonV1
23	cdf	120.00000559245797	16.15721908649064	43.67433177668712	43.67433177668712	12.370339931214552		orientation	BensonV1
23	cdf	127.50000021240862	-4.58880929731923	40.315154063165174	40.315154063165174	12.31689909143574		orientation	BensonV1
23	cdf	135.00000056193724	62.57213677080094	62.92641437837968	62.92641437837968	14.159222059740593		orientation	BensonV1
23	cdf	142.50000091146586	6.579520500799504	42.80091142593306	42.80091142593306	17.953495149947443		orientation	BensonV1
23	cdf	149.99999553141652	63.61467176206793	55.85735811729174	55.85735811729174	9.386157355578298		orientation	BensonV1
23	cdf	157.49999588094516	-27.680529426284863	52.54674118803102	52.54674118803102	24.718495583058342		orientation	BensonV1
23	cdf	164.99999623047378	18.857775697008947	53.58773796927651	53.58773796927651	16.44388750123229		orientation	BensonV1
23	cdf	172.50000230958034	0.41012304385481	38.676685954725286	38.676685954725286	15.52008299630889		orientation	BensonV1
23	inverse_cdf	7.500000349528623	8.010065273710836	67.18139930842912	67.18139930842912	16.239861488528835		orientation	BensonV1
23	inverse_cdf	15.000000699057246	73.87845939256425	42.94304124663605	42.94304124663605	15.533566656698234		orientation	BensonV1
23	inverse_cdf	22.50000104858587	41.85711646192726	29.26329823790608	29.26329823790608	12.781759890960863		orientation	BensonV1
23	inverse_cdf	30.00000139811449	28.319004789657242	39.6952074423227	39.6952074423227	17.32809880837881		orientation	BensonV1
23	inverse_cdf	37.49999945581193	-29.463521571128965	29.94316815375138	29.94316815375138	11.491096152961713		orientation	BensonV1
23	inverse_cdf	45.00000209717174	8.033822489102263	31.968531521595295	31.968531521595295	15.4765860634557		orientation	BensonV1
23	inverse_cdf	52.499999581911375	23.460214550528804	43.66462925293857	43.66462925293857	20.74083949314818		orientation	BensonV1
23	inverse_cdf	60.00000279622898	-43.07464487507019	39.64531443568902	39.64531443568902	15.310768301299623		orientation	BensonV1
23	inverse_cdf	67.49999741617965	-12.153804075440434	68.29920408454244	68.29920408454244	25.99903845311014		orientation	BensonV1
23	inverse_cdf	74.99999776570826	-73.13997347852953	33.03779104656865	33.03779104656865	30.099193711356897		orientation	BensonV1
23	inverse_cdf	82.49999811523689	-86.1294490987404	54.23482508757501	54.23482508757501	17.302661703469774		orientation	BensonV1
23	inverse_cdf	90.00000419434348	-41.9860579990467	33.87901246683026	33.87901246683026	12.653312239610269		orientation	BensonV1
23	inverse_cdf	97.49999881429414	26.658577840424684	45.3841867432205	45.3841867432205	18.329005370617928		orientation	BensonV1
23	inverse_cdf	104.99999916382276	-27.449396568164502	44.51341900334838	44.51341900334838	16.076658494895387		orientation	BensonV1
23	inverse_cdf	112.49999951335138	-4.757272704688077	29.85188720329644	29.85188720329644	9.456511528823427		orientation	BensonV1
23	inverse_cdf	120.00000559245797	-43.14708806856498	56.386356454139545	56.386356454139545	11.56324756145993		orientation	BensonV1
23	inverse_cdf	127.50000021240862	22.156700419223284	36.68454084695984	36.68454084695984	9.818296802526337		orientation	BensonV1
23	inverse_cdf	135.00000056193724	-47.27689114952541	54.764378204496154	54.764378204496154	19.88407701625845		orientation	BensonV1
23	inverse_cdf	142.50000091146586	-73.50926645408788	53.20788933683325	53.20788933683325	11.12366819371804		orientation	BensonV1
23	inverse_cdf	149.99999553141652	75.1508372725475	45.51221085164642	45.51221085164642	10.656021402634348		orientation	BensonV1
23	inverse_cdf	157.49999588094516	8.615963501358834	62.425282847606695	62.425282847606695	17.373262118644348		orientation	BensonV1
23	inverse_cdf	164.99999623047378	85.09513687522309	59.0828398685558	59.0828398685558	8.21495851660992		orientation	BensonV1
23	inverse_cdf	172.50000230958034	79.37239673746134	36.852977428885225	36.852977428885225	15.13811735698326		orientation	BensonV1
24	cdf	7.500000349528623	14.194131861416125	14.795776241759478	14.795776241759478	4.563672265600058		orientation	BensonV1
24	cdf	15.000000699057246	10.329285466149187	30.093548915180108	30.093548915180108	6.323386187473588		orientation	BensonV1
24	cdf	22.50000104858587	-0.6385508222019922	21.986446793706495	21.986446793706495	11.154963989762996		orientation	BensonV1
24	cdf	30.00000139811449	1.5112592628508281	22.153033322915526	22.153033322915526	2.478778282680288		orientation	BensonV1
24	cdf	37.49999945581193	21.015700544614347	22.20512541885507	22.20512541885507	5.008865102985142		orientation	BensonV1
24	cdf	45.00000209717174	8.001332587688353	21.52202315764446	21.52202315764446	2.8371999353618937		orientation	BensonV1
24	cdf	52.499999581911375	-7.707315470765565	22.223909229086818	22.223909229086818	14.443510753518872		orientation	BensonV1
24	cdf	60.00000279622898	-9.37660309071039	29.01676855995699	29.01676855995699	8.866159059301253		orientation	BensonV1
24	cdf	67.49999741617965	-2.338758265880031	27.116233984549833	27.116233984549833	8.582098996517516		orientation	BensonV1
24	cdf	74.99999776570826	10.687961858431905	31.59899633489096	31.59899633489096	16.493056119746804		orientation	BensonV1
24	cdf	82.49999811523689	-21.773188548431406	40.88286294669695	40.88286294669695	8.124763667011965		orientation	BensonV1
24	cdf	90.00000419434348	56.79707999802491	52.51284663556314	52.51284663556314	6.73547391549394		orientation	BensonV1
24	cdf	97.49999881429414	-11.199758900988243	23.344463267384874	23.344463267384874	6.8131389592304865		orientation	BensonV1
24	cdf	104.99999916382276	-4.658265176930911	22.45477448131668	22.45477448131668	6.040566221903572		orientation	BensonV1
24	cdf	112.49999951335138	-1.1000197265880587	24.456642594407413	24.456642594407413	4.63633622193806		orientation	BensonV1
24	cdf	120.00000559245797	-2.8418084528088343	20.601510163492783	20.601510163492783	4.642614571620539		orientation	BensonV1
24	cdf	127.50000021240862	-3.5766768903135926	32.84996119871013	32.84996119871013	9.249777320542055		orientation	BensonV1
24	cdf	135.00000056193724	-1.7072081414935667	30.978596294632016	30.978596294632016	6.324520280978275		orientation	BensonV1
24	cdf	142.50000091146586	-6.033621128137497	20.49297821101975	20.49297821101975	4.665654903841864		orientation	BensonV1
24	cdf	149.99999553141652	6.544882597717219	45.91435742691022	45.91435742691022	12.406213883327768		orientation	BensonV1
24	cdf	157.49999588094516	3.332302133525019	13.57665590751835	13.57665590751835	7.114323254701169		orientation	BensonV1
24	cdf	164.99999623047378	-6.944229040550113	31.37155294636595	31.37155294636595	3.2657319826538123		orientation	BensonV1
24	cdf	172.50000230958034	-5.352427718490446	10.331449929540852	10.331449929540852	2.5157226474576606		orientation	BensonV1
24	inverse_cdf	7.500000349528623	12.780729951104803	20.50261987047862	20.50261987047862	1.0649423926186274		orientation	BensonV1
24	inverse_cdf	15.000000699057246	9.77780049428479	17.986983141789224	17.986983141789224	1.7680137022599909		orientation	BensonV1
24	inverse_cdf	22.50000104858587	-4.5998058732771625	25.66393960594524	25.66393960594524	5.075176830654185		orientation	BensonV1
24	inverse_cdf	30.00000139811449	3.633360151085185	25.75581920952406	25.75581920952406	2.3892906486297236		orientation	BensonV1
24	inverse_cdf	37.49999945581193	1.6863947258009233	11.336801131888585	11.336801131888585	2.030177458199362		orientation	BensonV1
24	inverse_cdf	45.00000209717174	-5.437273553277777	29.887740311896557	29.887740311896557	9.516989503579547		orientation	BensonV1
24	inverse_cdf	52.499999581911375	-14.159576406982524	12.057070920395947	12.057070920395947	4.832277785196122		orientation	BensonV1
24	inverse_cdf	60.00000279622898	-2.764168828578846	14.618988914771618	14.618988914771618	3.6501117364355506		orientation	BensonV1
24	inverse_cdf	67.49999741617965	9.230146629969127	8.33333324312835	8.33333324312835	4.638570831466172		orientation	BensonV1
24	inverse_cdf	74.99999776570826	-6.531722940842428	24.277889230687748	24.277889230687748	7.152733952244549		orientation	BensonV1
24	inverse_cdf	82.49999811523689	-7.033224586797232	24.807485195255854	24.807485195255854	6.729368320014495		orientation	BensonV1
24	inverse_cdf	90.00000419434348	-71.52233845751249	39.520786007193585	39.520786007193585	10.184427883960806		orientation	BensonV1
24	inverse_cdf	97.49999881429414	-9.268959405702574	29.98038470961092	29.98038470961092	8.288465829664368		orientation	BensonV1
24	inverse_cdf	104.99999916382276	-3.958919349630861	38.08294129631257	38.08294129631257	3.962194237417334		orientation	BensonV1
24	inverse_cdf	112.49999951335138	1.9712301967570767	24.60062722513182	24.60062722513182	5.407463634364164		orientation	BensonV1
24	inverse_cdf	120.00000559245797	-18.563751523854407	25.369242382632976	25.369242382632976	7.491721258180954		orientation	BensonV1
24	inverse_cdf	127.50000021240862	4.1740620062982146	36.68664051127122	36.68664051127122	4.923023050265513		orientation	BensonV1
24	inverse_cdf	135.00000056193724	-8.088843859963816	11.081938996808676	11.081938996808676	15.142658256297551		orientation	BensonV1
24	inverse_cdf	142.50000091146586	-0.4987771912386165	16.289470745531446	16.289470745531446	7.175273167009007		orientation	BensonV1
24	inverse_cdf	149.99999553141652	2.593576907552432	31.628469869459977	31.628469869459977	6.963619299532236		orientation	BensonV1
24	inverse_cdf	157.49999588094516	4.636494778217411	22.471761597802555	22.471761597802555	2.536457932778837		orientation	BensonV1
24	inverse_cdf	164.99999623047378	-4.857675747124091	17.98880745313438	17.98880745313438	5.649992232744821		orientation	BensonV1
24	inverse_cdf	172.50000230958034	-9.31109097434998	22.555455018565667	22.555455018565667	5.479225597235027		orientation	BensonV1
25	cdf	7.500000349528623	86.22006258562544	46.641412850886205	46.641412850886205	6.409938969511229		orientation	BensonV1
25	cdf	15.000000699057246	-12.878379858229792	31.807800928429263	31.807800928429263	6.914072713147693		orientation	BensonV1
25	cdf	22.50000104858587	17.754980466987462	29.436859057552287	29.436859057552287	10.394193171889176		orientation	BensonV1
25	cdf	30.00000139811449	1.0151678125297678	36.80854184954945	36.80854184954945	7.091865021650598		orientation	BensonV1
25	cdf	37.49999945581193	-66.0042414833353	53.03412896819518	53.03412896819518	7.021086612538662		orientation	BensonV1
25	cdf	45.00000209717174	-24.780506135365556	53.21376567267321	53.21376567267321	3.485683127674545		orientation	BensonV1
25	cdf	52.499999581911375	23.463491752885403	43.59532455055641	43.59532455055641	10.360930836282801		orientation	BensonV1
25	cdf	60.00000279622898	41.6424376850766	46.14879098588556	46.14879098588556	7.732507563340816		orientation	BensonV1
25	cdf	67.49999741617965	-16.276134977881796	28.136396875097084	28.136396875097084	9.70764385677946		orientation	BensonV1
25	cdf	74.99999776570826	40.58863195351523	34.32991282667618	34.32991282667618	7.589855527435534		orientation	BensonV1
25	cdf	82.49999811523689	10.681006436239102	34.415982667597	34.415982667597	6.462634099523347		orientation	BensonV1
25	cdf	90.00000419434348	-3.0148309632880625	17.75444647617697	17.75444647617697	2.1106065742910634		orientation	BensonV1
25	cdf	97.49999881429414	1.1252011327179474	29.989039890616674	29.989039890616674	2.550987797203808		orientation	BensonV1
25	cdf	104.99999916382276	34.234980979722025	29.342634752335048	29.342634752335048	5.809803457780758		orientation	BensonV1
25	cdf	112.49999951335138	2.4228724700515443	32.828643679852334	32.828643679852334	5.368571165893737		orientation	BensonV1
25	cdf	120.00000559245797	-25.02816014977097	10.166528556199511	10.166528556199511	5.091011605242674		orientation	BensonV1
25	cdf	127.50000021240862	-3.7116040860840087	32.68269027733628	32.68269027733628	12.062956814247723		orientation	BensonV1
25	cdf	135.00000056193724	-24.112981503551893	27.245235474975104	27.245235474975104	5.8600154046253685		orientation	BensonV1
25	cdf	142.50000091146586	7.4143678263839945	24.265184786344406	24.265184786344406	10.334452591096818		orientation	BensonV1
25	cdf	149.99999553141652	3.197871056476032	45.197911822381364	45.197911822381364	6.6132291028013395		orientation	BensonV1
25	cdf	157.49999588094516	22.553699671049316	47.27349087203591	47.27349087203591	8.347182805480571		orientation	BensonV1
25	cdf	164.99999623047378	-7.437865401538062	36.07528320502542	36.07528320502542	3.699968609247917		orientation	BensonV1
25	cdf	172.50000230958034	-39.60179225327721	41.603099577803505	41.603099577803505	13.979988711837702		orientation	BensonV1
25	inverse_cdf	7.500000349528623	7.319839147757875	37.8971925317192	37.8971925317192	14.485635779528826		orientation	BensonV1
25	inverse_cdf	15.000000699057246	9.661246273191196	19.787356343386918	19.787356343386918	1.6971802489774643		orientation	BensonV1
25	inverse_cdf	22.50000104858587	32.52350146548018	23.792096984340397	23.792096984340397	4.320571772405245		orientation	BensonV1
25	inverse_cdf	30.00000139811449	18.14163221679847	27.01171474829081	27.01171474829081	3.0006563461989364		orientation	BensonV1
25	inverse_cdf	37.49999945581193	9.262852777283797	34.78192643231361	34.78192643231361	4.1957354850316415		orientation	BensonV1
25	inverse_cdf	45.00000209717174	1.9712246561277311	20.681886154923454	20.681886154923454	3.0611622116314376		orientation	BensonV1
25	inverse_cdf	52.499999581911375	30.548288413310075	64.63249686921347	64.63249686921347	8.785835500069599		orientation	BensonV1
25	inverse_cdf	60.00000279622898	-1.2226336337500783	27.203901923881144	27.203901923881144	6.850074182260972		orientation	BensonV1
25	inverse_cdf	67.49999741617965	13.909020579551651	43.49897650873919	43.49897650873919	5.50965214905186		orientation	BensonV1
25	inverse_cdf	74.99999776570826	-18.225239040083295	52.05109789475633	52.05109789475633	11.123823817177215		orientation	BensonV1
25	inverse_cdf	82.49999811523689	1.4711761052673893	18.19497483084633	18.19497483084633	2.9540547575438363		orientation	BensonV1
25	inverse_cdf	90.00000419434348	0.4767178307757689	36.21227699857575	36.21227699857575	3.1550351246857384		orientation	BensonV1
25	inverse_cdf	97.49999881429414	0.6534025025926269	32.48571309732249	32.48571309732249	2.4161928615792623		orientation	BensonV1
25	inverse_cdf	104.99999916382276	-5.844313338146264	40.258225105400925	40.258225105400925	7.92508445057028		orientation	BensonV1
25	inverse_cdf	112.49999951335138	14.786535497014484	38.447769739671024	38.447769739671024	8.168371528732251		orientation	BensonV1
25	inverse_cdf	120.00000559245797	-0.6287619860386258	36.38118826659047	36.38118826659047	4.691197077466153		orientation	BensonV1
25	inverse_cdf	127.50000021240862	-5.207249406786374	40.6737992115217	40.6737992115217	4.513974025704284		orientation	BensonV1
25	inverse_cdf	135.00000056193724	-0.21177267014050472	35.21081549266266	35.21081549266266	4.120838401414986		orientation	BensonV1
25	inverse_cdf	142.50000091146586	-17.366180352964733	34.59187599854702	34.59187599854702	14.911139931493102		orientation	BensonV1
25	inverse_cdf	149.99999553141652	-10.324802472905986	35.28656367978429	35.28656367978429	4.365388928938627		orientation	BensonV1
25	inverse_cdf	157.49999588094516	10.725259274178256	28.530458197891324	28.530458197891324	8.553683274060077		orientation	BensonV1
25	inverse_cdf	164.99999623047378	-59.50072161427903	52.2166481518078	52.2166481518078	13.992491334730842		orientation	BensonV1
25	inverse_cdf	172.50000230958034	-58.11914618194186	30.30610436630943	30.30610436630943	4.753422670355095		orientation	BensonV1
26	cdf	7.500000349528623	31.668549336375293	35.78567034590837	35.78567034590837	13.187656631798749		orientation	BensonV1
26	cdf	15.000000699057246	10.554383977497196	25.859917529472952	25.859917529472952	7.17993333110921		orientation	BensonV1
26	cdf	22.50000104858587	15.264590467346025	28.26834628020124	28.26834628020124	5.387248786622216		orientation	BensonV1
26	cdf	30.00000139811449	2.042004341273582	42.53853278830298	42.53853278830298	4.953413759932689		orientation	BensonV1
26	cdf	37.49999945581193	11.205396332395622	44.652802772937704	44.652802772937704	7.085833364022308		orientation	BensonV1
26	cdf	45.00000209717174	28.423793189219822	31.661934154525095	31.661934154525095	6.824476872381183		orientation	BensonV1
26	cdf	52.499999581911375	-43.11488319918193	69.31209504637674	69.31209504637674	11.142145167519171		orientation	BensonV1
26	cdf	60.00000279622898	-0.9227177137200329	32.2340347337746	32.2340347337746	7.075979965726777		orientation	BensonV1
26	cdf	67.49999741617965	-45.39703161641022	38.77254922976528	38.77254922976528	5.297983710571345		orientation	BensonV1
26	cdf	74.99999776570826	-3.9784407731172564	55.126092340793285	55.126092340793285	3.8279152951464086		orientation	BensonV1
26	cdf	82.49999811523689	16.240989914179224	32.49329811942888	32.49329811942888	12.521190116470173		orientation	BensonV1
26	cdf	90.00000419434348	16.7964280985087	30.689095812003156	30.689095812003156	3.68733207235743		orientation	BensonV1
26	cdf	97.49999881429414	15.532203678583926	38.418379678574176	38.418379678574176	3.2046541185883113		orientation	BensonV1
26	cdf	104.99999916382276	-0.8219757304594566	31.79936268748999	31.79936268748999	11.264251704381774		orientation	BensonV1
26	cdf	112.49999951335138	-22.53039374468223	39.77809550948126	39.77809550948126	8.951354725093003		orientation	BensonV1
26	cdf	120.00000559245797	-14.742410084949583	19.365063898382566	19.365063898382566	9.326613696119582		orientation	BensonV1
26	cdf	127.50000021240862	28.25288289022751	39.529542947913704	39.529542947913704	4.865752893984696		orientation	BensonV1
26	cdf	135.00000056193724	-28.858776653274163	46.33925438830374	46.33925438830374	5.588995178983695		orientation	BensonV1
26	cdf	142.50000091146586	1.1849456894763364	34.88006365525906	34.88006365525906	9.206763346640606		orientation	BensonV1
26	cdf	149.99999553141652	-4.644400456091262	53.691495250946815	53.691495250946815	15.273728117090062		orientation	BensonV1
26	cdf	157.49999588094516	-23.302799342492477	69.33977994148717	69.33977994148717	9.66665239964046		orientation	BensonV1
26	cdf	164.99999623047378	-85.02010248311329	33.9696486788905	33.9696486788905	10.457165994831884		orientation	BensonV1
26	cdf	172.50000230958034	19.354372019593484	31.07627485810053	31.07627485810053	11.061612409050962		orientation	BensonV1
26	inverse_cdf	7.500000349528623	23.81207845335139	30.124777275954578	30.124777275954578	9.743518243452822		orientation	BensonV1
26	inverse_cdf	15.000000699057246	21.768938188154735	24.349475853272796	24.349475853272796	16.24262116845615		orientation	BensonV1
26	inverse_cdf	22.50000104858587	14.184559436357105	21.55487348541478	21.55487348541478	7.699276851924754		orientation	BensonV1
26	inverse_cdf	30.00000139811449	-2.0824098427239335	38.45448374327494	38.45448374327494	4.764766157118004		orientation	BensonV1
26	inverse_cdf	37.49999945581193	22.405652715195103	39.9518008780112	39.9518008780112	7.73330566107017		orientation	BensonV1
26	inverse_cdf	45.00000209717174	15.671043489457844	43.48549669669187	43.48549669669187	3.9910199115386202		orientation	BensonV1
26	inverse_cdf	52.499999581911375	19.525305602147114	36.21510959813108	36.21510959813108	4.895222445556877		orientation	BensonV1
26	inverse_cdf	60.00000279622898	-70.76565909362489	54.9274680696636	54.9274680696636	17.156601219620413		orientation	BensonV1
26	inverse_cdf	67.49999741617965	-34.67241686730468	24.187702337904152	24.187702337904152	7.001657995036792		orientation	BensonV1
26	inverse_cdf	74.99999776570826	-19.92079408280837	25.496829957022666	25.496829957022666	5.417314642963632		orientation	BensonV1
26	inverse_cdf	82.49999811523689	-1.3540537104252905	47.57912217376716	47.57912217376716	6.708592658845746		orientation	BensonV1
26	inverse_cdf	90.00000419434348	-2.1664295189953435	43.60770189274219	43.60770189274219	6.651653955792702		orientation	BensonV1
26	inverse_cdf	97.49999881429414	-2.6805143259403366	51.01898747324315	51.01898747324315	10.446139058954769		orientation	BensonV1
26	inverse_cdf	104.99999916382276	23.589570922258616	32.21190957280568	32.21190957280568	6.978001997896477		orientation	BensonV1
26	inverse_cdf	112.49999951335138	-12.05398744460733	39.32484841661908	39.32484841661908	11.00648363989431		orientation	BensonV1
26	inverse_cdf	120.00000559245797	-41.89108474275221	41.088396611464354	41.088396611464354	4.732579696287692		orientation	BensonV1
26	inverse_cdf	127.50000021240862	-87.91981107226086	45.04907763763761	45.04907763763761	6.557523328083549		orientation	BensonV1
26	inverse_cdf	135.00000056193724	-25.755830315854098	48.90314157764397	48.90314157764397	12.023339877358435		orientation	BensonV1
26	inverse_cdf	142.50000091146586	-13.273873194245084	46.15128850445048	46.15128850445048	10.439890236131951		orientation	BensonV1
26	inverse_cdf	149.99999553141652	7.636891982898646	53.90192585467752	53.90192585467752	10.09536212670492		orientation	BensonV1
26	inverse_cdf	157.49999588094516	-14.35183166252554	46.85224436996386	46.85224436996386	8.350276294608097		orientation	BensonV1
26	inverse_cdf	164.99999623047378	-42.05648722397757	51.8643877834839	51.8643877834839	10.66028704392884		orientation	BensonV1
26	inverse_cdf	172.50000230958034	-9.909969306916793	39.978009420486025	39.978009420486025	6.508520474234729		orientation	BensonV1
27	cdf	7.500000349528623	53.72370105671064	66.86308076972618	66.86308076972618	7.531862766231508		orientation	BensonV1
27	cdf	15.000000699057246	-2.2422915187529924	33.03342728078676	33.03342728078676	7.362941045314171		orientation	BensonV1
27	cdf	22.50000104858587	-14.015994329108523	46.84974132178432	46.84974132178432	3.4461058067644625		orientation	BensonV1
27	cdf	30.00000139811449	-0.7516176737330795	38.018105509575264	38.018105509575264	13.827455654414326		orientation	BensonV1
27	cdf	37.49999945581193	3.4349483952081528	24.50454073248781	24.50454073248781	9.018770036882728		orientation	BensonV1
27	cdf	45.00000209717174	-41.24655515579125	40.189734560785645	40.189734560785645	14.895867262031683		orientation	BensonV1
27	cdf	52.499999581911375	18.070436209930307	65.72044680899909	65.72044680899909	12.373013579538497		orientation	BensonV1
27	cdf	60.00000279622898	-66.55558179719515	48.89036699765509	48.89036699765509	5.595218438574355		orientation	BensonV1
27	cdf	67.49999741617965	-24.136972341625153	45.05104392375442	45.05104392375442	10.218083458403234		orientation	BensonV1
27	cdf	74.99999776570826	7.2366796210864095	41.643768421271794	41.643768421271794	12.676134832445603		orientation	BensonV1
27	cdf	82.49999811523689	21.906464469068354	37.41253286408611	37.41253286408611	7.60614257049766		orientation	BensonV1
27	cdf	90.00000419434348	13.8891365795359	33.290388576403224	33.290388576403224	1.4104216774821037		orientation	BensonV1
27	cdf	97.49999881429414	1.8169957359196474	24.3767947527646	24.3767947527646	4.433484758203226		orientation	BensonV1
27	cdf	104.99999916382276	-9.489648933657534	28.455092371076642	28.455092371076642	4.502062962156548		orientation	BensonV1
27	cdf	112.49999951335138	12.835074939753156	31.844444173091624	31.844444173091624	5.029543884610229		orientation	BensonV1
27	cdf	120.00000559245797	27.291705088804292	23.917436881186234	23.917436881186234	22.133059555240095		orientation	BensonV1
27	cdf	127.50000021240862	-0.16431878676266365	38.621833169828314	38.621833169828314	9.80336999061887		orientation	BensonV1
27	cdf	135.00000056193724	-53.15359208684633	54.74763649392088	54.74763649392088	11.144896901180946		orientation	BensonV1
27	cdf	142.50000091146586	-6.602206790023729	32.46402085748284	32.46402085748284	10.784817845277836		orientation	BensonV1
27	cdf	149.99999553141652	15.129042910512851	46.337651264334454	46.337651264334454	7.039097481349766		orientation	BensonV1
27	cdf	157.49999588094516	-18.383453026500973	43.60680934179029	43.60680934179029	3.8825126346798555		orientation	BensonV1
27	cdf	164.99999623047378	-14.114351138285883	31.032522662684467	31.032522662684467	3.405537064229059		orientation	BensonV1
27	cdf	172.50000230958034	2.8845418676384043	38.75971784729506	38.75971784729506	6.922292653719173		orientation	BensonV1
27	inverse_cdf	7.500000349528623	3.6351388298030116	39.32800635017878	39.32800635017878	5.6556809407031094		orientation	BensonV1
27	inverse_cdf	15.000000699057246	-47.28588095742768	62.800206509733286	62.800206509733286	3.7782553156674963		orientation	BensonV1
27	inverse_cdf	22.50000104858587	-5.140735401222486	29.40495324523111	29.40495324523111	9.686282529155454		orientation	BensonV1
27	inverse_cdf	30.00000139811449	-16.915539510522365	29.483922989424837	29.483922989424837	11.751793105559607		orientation	BensonV1
27	inverse_cdf	37.49999945581193	-24.60245366624477	46.401801751461825	46.401801751461825	6.4673017836574545		orientation	BensonV1
27	inverse_cdf	45.00000209717174	72.67475476979644	63.14341861145642	63.14341861145642	13.720583962158369		orientation	BensonV1
27	inverse_cdf	52.499999581911375	36.587392020013	60.75714830871355	60.75714830871355	12.941050244349947		orientation	BensonV1
27	inverse_cdf	60.00000279622898	30.704207259894318	32.04831612220342	32.04831612220342	15.87675747336634		orientation	BensonV1
27	inverse_cdf	67.49999741617965	1.9772967060530249	29.430509319373417	29.430509319373417	7.22046534376186		orientation	BensonV1
27	inverse_cdf	74.99999776570826	15.661304790557068	11.953063869082273	11.953063869082273	1.2596724366789038		orientation	BensonV1
27	inverse_cdf	82.49999811523689	8.405294804173352	23.301378419336178	23.301378419336178	8.289956895323222		orientation	BensonV1
27	inverse_cdf	90.00000419434348	-3.113513462895753	33.5231447535242	33.5231447535242	3.666695160050356		orientation	BensonV1
27	inverse_cdf	97.49999881429414	2.837138990071395	30.216034969100377	30.216034969100377	5.378155503122107		orientation	BensonV1
27	inverse_cdf	104.99999916382276	-4.287274451521881	7.671590537278997	7.671590537278997	3.1892273991263873		orientation	BensonV1
27	inverse_cdf	112.49999951335138	11.256552479176491	35.21117714572277	35.21117714572277	5.093189421245911		orientation	BensonV1
27	inverse_cdf	120.00000559245797	4.0777946081117875	26.234285166066446	26.234285166066446	4.235374814642163		orientation	BensonV1
27	inverse_cdf	127.50000021240862	12.134845310257901	24.742272375797768	24.742272375797768	5.054016857071337		orientation	BensonV1
27	inverse_cdf	135.00000056193724	-57.715394879582234	36.153030125005046	36.153030125005046	7.480339571193261		orientation	BensonV1
27	inverse_cdf	142.50000091146586	13.583336324608155	19.14124292875392	19.14124292875392	8.082485087514955		orientation	BensonV1
27	inverse_cdf	149.99999553141652	-1.8393746149172046	15.114697967661185	15.114697967661185	4.963148711971241		orientation	BensonV1
27	inverse_cdf	157.49999588094516	-5.206510327910166	29.357475308632257	29.357475308632257	4.512134525461313		orientation	BensonV1
27	inverse_cdf	164.99999623047378	-16.817996278591323	30.767654876051562	30.767654876051562	2.948108992059367		orientation	BensonV1
27	inverse_cdf	172.50000230958034	6.35825165919718	13.24631304796306	13.24631304796306	11.71573402082048		orientation	BensonV1
28	cdf	7.500000349528623	29.85301986889641	36.37594466865816	36.37594466865816	8.107185157125912		orientation	BensonV1
28	cdf	15.000000699057246	39.29939070047857	44.1719080157336	44.1719080157336	9.06809774923583		orientation	BensonV1
28	cdf	22.50000104858587	-5.140122144553516	39.542177916635595	39.542177916635595	4.193097267407399		orientation	BensonV1
28	cdf	30.00000139811449	27.561212618762752	26.880300631255807	26.880300631255807	6.560786354266462		orientation	BensonV1
28	cdf	37.49999945581193	-23.442588490099055	25.39484738720801	25.39484738720801	7.159292355532111		orientation	BensonV1
28	cdf	45.00000209717174	-7.321384171692003	49.20560726893355	49.20560726893355	8.804339106827374		orientation	BensonV1
28	cdf	52.499999581911375	33.53907708853171	33.77783378994363	33.77783378994363	11.606551667525425		orientation	BensonV1
28	cdf	60.00000279622898	24.604415049528427	35.2170736448671	35.2170736448671	10.543929911760335		orientation	BensonV1
28	cdf	67.49999741617965	-46.252364060257804	43.95677959689711	43.95677959689711	9.44126837692774		orientation	BensonV1
28	cdf	74.99999776570826	-18.075328280687188	54.0328065994683	54.0328065994683	12.636546902000891		orientation	BensonV1
28	cdf	82.49999811523689	-5.49008822164177	29.500708987688334	29.500708987688334	5.547849703150758		orientation	BensonV1
28	cdf	90.00000419434348	-18.471738471527217	44.99736244486268	44.99736244486268	8.86602996878131		orientation	BensonV1
28	cdf	97.49999881429414	-44.072830854770594	46.90026481744544	46.90026481744544	6.227958641439886		orientation	BensonV1
28	cdf	104.99999916382276	0.5894073588566044	35.92018033895573	35.92018033895573	9.040335696290835		orientation	BensonV1
28	cdf	112.49999951335138	45.11701220120298	26.282730718948933	26.282730718948933	10.418320147666739		orientation	BensonV1
28	cdf	120.00000559245797	-19.815493767610832	36.06541491767574	36.06541491767574	5.906932104846562		orientation	BensonV1
28	cdf	127.50000021240862	34.46844239676713	32.47049935915662	32.47049935915662	10.708926569560045		orientation	BensonV1
28	cdf	135.00000056193724	31.71770942970491	42.35495451444487	42.35495451444487	13.572148684461876		orientation	BensonV1
28	cdf	142.50000091146586	12.380834632070219	53.41012928217282	53.41012928217282	9.67549991028337		orientation	BensonV1
28	cdf	149.99999553141652	-23.932646942152587	32.01291651475244	32.01291651475244	9.528363614039877		orientation	BensonV1
28	cdf	157.49999588094516	4.129089144690937	38.50064229625376	38.50064229625376	9.425989177229331		orientation	BensonV1
28	cdf	164.99999623047378	-1.1641776309514285	55.38759397502178	55.38759397502178	6.870854693183592		orientation	BensonV1
28	cdf	172.50000230958034	-0.1751231581181969	29.234592695134605	29.234592695134605	7.301284832555922		orientation	BensonV1
28	inverse_cdf	7.500000349528623	-8.739956336983255	27.70023086035804	27.70023086035804	10.034832199860563		orientation	BensonV1
28	inverse_cdf	15.000000699057246	12.393494071659973	57.43695520623808	57.43695520623808	15.048247125094777		orientation	BensonV1
28	inverse_cdf	22.50000104858587	-7.631565822891375	26.07642861092292	26.07642861092292	13.183593613198227		orientation	BensonV1
28	inverse_cdf	30.00000139811449	18.89872113586324	38.359408020643365	38.359408020643365	9.545641180585756		orientation	BensonV1
28	inverse_cdf	37.49999945581193	-21.290593633662155	28.34989488086376	28.34989488086376	2.9769167416499087		orientation	BensonV1
28	inverse_cdf	45.00000209717174	-25.566402586647882	42.09183307839296	42.09183307839296	7.47050751544196		orientation	BensonV1
28	inverse_cdf	52.499999581911375	-23.48449628380284	39.032186122613126	39.032186122613126	18.22305980785299		orientation	BensonV1
28	inverse_cdf	60.00000279622898	-0.9287379839380492	49.9544840038804	49.9544840038804	5.794833984182053		orientation	BensonV1
28	inverse_cdf	67.49999741617965	34.948023158875415	58.45680243558044	58.45680243558044	10.88687140475783		orientation	BensonV1
28	inverse_cdf	74.99999776570826	-54.909518645711046	53.86110467137752	53.86110467137752	9.411353370806813		orientation	BensonV1
28	inverse_cdf	82.49999811523689	-3.104507259851715	34.20304234611236	34.20304234611236	13.147749163967294		orientation	BensonV1
28	inverse_cdf	90.00000419434348	-32.852730938270895	38.67967511650565	38.67967511650565	10.589017740289847		orientation	BensonV1
28	inverse_cdf	97.49999881429414	-24.613871862089	41.33075372305693	41.33075372305693	17.596721507791386		orientation	BensonV1
28	inverse_cdf	104.99999916382276	-22.110042734055767	31.569024923926662	31.569024923926662	7.727752545245865		orientation	BensonV1
28	inverse_cdf	112.49999951335138	-83.10467993233527	31.37195545026669	31.37195545026669	3.3720414306521125		orientation	BensonV1
28	inverse_cdf	120.00000559245797	-36.7499082350044	40.956317181359715	40.956317181359715	12.334934190921144		orientation	BensonV1
28	inverse_cdf	127.50000021240862	-38.30154375613142	46.078903332369784	46.078903332369784	13.390416740070924		orientation	BensonV1
28	inverse_cdf	135.00000056193724	22.672095561239388	34.14760683264459	34.14760683264459	12.743825905018209		orientation	BensonV1
28	inverse_cdf	142.50000091146586	10.574526370639404	50.08403473666625	50.08403473666625	10.273306082344103		orientation	BensonV1
28	inverse_cdf	149.99999553141652	-39.069502655369405	47.28742424021874	47.28742424021874	14.623286524372858		orientation	BensonV1
28	inverse_cdf	157.49999588094516	45.4762070889887	54.83464291588523	54.83464291588523	8.282068901475904		orientation	BensonV1
28	inverse_cdf	164.99999623047378	39.48040945955972	58.88338853351096	58.88338853351096	11.321462766993102		orientation	BensonV1
28	inverse_cdf	172.50000230958034	-76.30258625546502	53.71902298472595	53.71902298472595	6.616866902441394		orientation	BensonV1
29	cdf	7.500000349528623	-0.7526508525821072	41.11690758209702	41.11690758209702	11.86855560542958		orientation	BensonV1
29	cdf	15.000000699057246	13.555305249135102	57.364370528039565	57.364370528039565	4.298698283499104		orientation	BensonV1
29	cdf	22.50000104858587	-5.371799023415832	20.34789838365083	20.34789838365083	13.64138212876344		orientation	BensonV1
29	cdf	30.00000139811449	8.07597464337924	31.556506820267614	31.556506820267614	15.684519028448157		orientation	BensonV1
29	cdf	37.49999945581193	5.631563162969087	30.278888755444328	30.278888755444328	4.574299006481793		orientation	BensonV1
29	cdf	45.00000209717174	5.154505313282485	16.55734125563896	16.55734125563896	8.57264145522409		orientation	BensonV1
29	cdf	52.499999581911375	-5.223603650314203	16.134485090809147	16.134485090809147	3.2522289969373896		orientation	BensonV1
29	cdf	60.00000279622898	-14.760280947609886	40.97806507904737	40.97806507904737	6.077445273825441		orientation	BensonV1
29	cdf	67.49999741617965	13.517602985790674	43.46052934788431	43.46052934788431	5.355705126467045		orientation	BensonV1
29	cdf	74.99999776570826	13.85046395548028	40.447075344679504	40.447075344679504	14.836647187562926		orientation	BensonV1
29	cdf	82.49999811523689	14.925654210041984	35.993588601074975	35.993588601074975	7.565528777199578		orientation	BensonV1
29	cdf	90.00000419434348	-9.959017045865295	23.88993040043256	23.88993040043256	5.177293660565762		orientation	BensonV1
29	cdf	97.49999881429414	1.5081873358628144	38.50711971292405	38.50711971292405	11.384933074680928		orientation	BensonV1
29	cdf	104.99999916382276	2.471167993393138	15.169588233617409	15.169588233617409	6.264940053071817		orientation	BensonV1
29	cdf	112.49999951335138	-19.19292934708419	37.85473935883309	37.85473935883309	9.356462708176947		orientation	BensonV1
29	cdf	120.00000559245797	4.0459902662999525	24.32924423251544	24.32924423251544	13.133427664607659		orientation	BensonV1
29	cdf	127.50000021240862	-20.591721098130705	16.47825381102724	16.47825381102724	7.240937001685992		orientation	BensonV1
29	cdf	135.00000056193724	-64.17091408459636	50.35448537595204	50.35448537595204	6.039330472777496		orientation	BensonV1
29	cdf	142.50000091146586	-24.41996585816473	17.10596528168568	17.10596528168568	11.661621602447482		orientation	BensonV1
29	cdf	149.99999553141652	80.39657096981904	45.1201707973235	45.1201707973235	11.843167160331715		orientation	BensonV1
29	cdf	157.49999588094516	-49.77156772141538	24.684091495892805	24.684091495892805	9.22805469884286		orientation	BensonV1
29	cdf	164.99999623047378	-17.94918799500678	31.441440674697386	31.441440674697386	8.65283358793448		orientation	BensonV1
29	cdf	172.50000230958034	-8.49942458895768	13.786210173643862	13.786210173643862	8.964176587772526		orientation	BensonV1
29	inverse_cdf	7.500000349528623	17.16084761556023	20.523309084347108	20.523309084347108	8.797102649578804		orientation	BensonV1
29	inverse_cdf	15.000000699057246	25.974302393848063	45.32240505076723	45.32240505076723	5.999246056222322		orientation	BensonV1
29	inverse_cdf	22.50000104858587	8.622344417453107	34.458111927703555	34.458111927703555	8.601054720631387		orientation	BensonV1
29	inverse_cdf	30.00000139811449	-9.613801016275701	40.01919010191085	40.01919010191085	4.469406634307204		orientation	BensonV1
29	inverse_cdf	37.49999945581193	-1.067454384318765	26.153626319048925	26.153626319048925	5.752798395001344		orientation	BensonV1
29	inverse_cdf	45.00000209717174	-18.50294308583281	28.93458203650693	28.93458203650693	8.305409116882895		orientation	BensonV1
29	inverse_cdf	52.499999581911375	-3.5432665066651623	11.363288611911225	11.363288611911225	9.879829321898688		orientation	BensonV1
29	inverse_cdf	60.00000279622898	-38.10531056614889	49.82497476395863	49.82497476395863	4.780928079645922		orientation	BensonV1
29	inverse_cdf	67.49999741617965	8.741265176226548	26.49004740407617	26.49004740407617	7.61476990180235		orientation	BensonV1
29	inverse_cdf	74.99999776570826	5.619680150039997	27.57326493144602	27.57326493144602	9.931018462161937		orientation	BensonV1
29	inverse_cdf	82.49999811523689	25.846564919686344	41.18830952112445	41.18830952112445	8.053685172070658		orientation	BensonV1
29	inverse_cdf	90.00000419434348	-39.58611277338763	63.19456366937047	63.19456366937047	13.178757492870705		orientation	BensonV1
29	inverse_cdf	97.49999881429414	-5.800428965841959	37.75003395793329	37.75003395793329	14.332035075883532		orientation	BensonV1
29	inverse_cdf	104.99999916382276	-14.291600332025098	20.807684309739876	20.807684309739876	8.724029259398932		orientation	BensonV1
29	inverse_cdf	112.49999951335138	-19.760821419114365	27.286781915585408	27.286781915585408	8.425545787787417		orientation	BensonV1
29	inverse_cdf	120.00000559245797	16.33566317014194	34.546399994481376	34.546399994481376	8.972367000620586		orientation	BensonV1
29	inverse_cdf	127.50000021240862	-29.744073712472186	22.742228482860753	22.742228482860753	10.124335517973638		orientation	BensonV1
29	inverse_cdf	135.00000056193724	-14.602478287960878	27.257162612745006	27.257162612745006	13.184795112428603		orientation	BensonV1
29	inverse_cdf	142.50000091146586	12.195817669981835	45.346113136495376	45.346113136495376	6.943280178664998		orientation	BensonV1
29	inverse_cdf	149.99999553141652	-45.666234145013235	50.78695841851127	50.78695841851127	7.825350053228018		orientation	BensonV1
29	inverse_cdf	157.49999588094516	10.951583506158386	51.39482196402774	51.39482196402774	13.639953459163175		orientation	BensonV1
29	inverse_cdf	164.99999623047378	16.80076927844638	29.25160711647583	29.25160711647583	9.736318592154044		orientation	BensonV1
29	inverse_cdf	172.50000230958034	-42.070932656034216	36.35299205698849	36.35299205698849	17.23568237181771		orientation	BensonV1
30	cdf	7.500000349528623	-1.7004311468875386	36.01085472132444	36.01085472132444	4.524843080262882		orientation	BensonV1
30	cdf	15.000000699057246	2.1931944536810306	19.69700624437211	19.69700624437211	9.760375145424819		orientation	BensonV1
30	cdf	22.50000104858587	-12.947606695025485	28.482227604347287	28.482227604347287	4.8181920674178365		orientation	BensonV1
30	cdf	30.00000139811449	14.13794173210465	19.405934168898433	19.405934168898433	5.440168829260216		orientation	BensonV1
30	cdf	37.49999945581193	3.993568918445817	25.583337027377517	25.583337027377517	5.423866264239148		orientation	BensonV1
30	cdf	45.00000209717174	9.878891259184869	30.886927678435274	30.886927678435274	4.25430130490804		orientation	BensonV1
30	cdf	52.499999581911375	5.88469336489274	22.870442699969683	22.870442699969683	4.518203057888262		orientation	BensonV1
30	cdf	60.00000279622898	-17.46056832225517	29.682813576877784	29.682813576877784	4.074850762939018		orientation	BensonV1
30	cdf	67.49999741617965	-7.120588239762057	11.391198237629856	11.391198237629856	6.12491199351525		orientation	BensonV1
30	cdf	74.99999776570826	0.3734177097618385	14.869847512733433	14.869847512733433	4.121782004971056		orientation	BensonV1
30	cdf	82.49999811523689	-5.171903567535551	23.343025363270538	23.343025363270538	4.492883306724286		orientation	BensonV1
30	cdf	90.00000419434348	16.152887255029327	11.848807875531293	11.848807875531293	6.9811587213484065		orientation	BensonV1
30	cdf	97.49999881429414	-0.3978483016490344	20.862095988904912	20.862095988904912	4.180318062641234		orientation	BensonV1
30	cdf	104.99999916382276	-1.1938166171570828	27.337113477730334	27.337113477730334	8.972620769932403		orientation	BensonV1
30	cdf	112.49999951335138	-0.7571676158329268	20.690871881350187	20.690871881350187	5.088909818772889		orientation	BensonV1
30	cdf	120.00000559245797	9.82896163903132	23.63200117520185	23.63200117520185	4.174905247212774		orientation	BensonV1
30	cdf	127.50000021240862	-3.4061265351889745	19.98933458170755	19.98933458170755	4.2764923363361484		orientation	BensonV1
30	cdf	135.00000056193724	2.3424813442757966	15.688960073244969	15.688960073244969	3.89504313716375		orientation	BensonV1
30	cdf	142.50000091146586	-1.1498841357641822	13.574155360010337	13.574155360010337	4.516931916675405		orientation	BensonV1
30	cdf	149.99999553141652	-24.199909742171315	19.583592497856387	19.583592497856387	5.607394877403925		orientation	BensonV1
30	cdf	157.49999588094516	-4.981091613991424	15.98386079320555	15.98386079320555	7.081610182815048		orientation	BensonV1
30	cdf	164.99999623047378	-10.95355563672669	19.724242919560513	19.724242919560513	4.117566365486368		orientation	BensonV1
30	cdf	172.50000230958034	-31.831498512177404	24.46727132753216	24.46727132753216	4.283244777358732		orientation	BensonV1
30	inverse_cdf	7.500000349528623	2.818544175736406	22.860992360505847	22.860992360505847	4.439901414917532		orientation	BensonV1
30	inverse_cdf	15.000000699057246	11.308604503668988	9.93251506256071	9.93251506256071	4.241157783431869		orientation	BensonV1
30	inverse_cdf	22.50000104858587	11.068738046568	17.30869230650074	17.30869230650074	10.185646942554285		orientation	BensonV1
30	inverse_cdf	30.00000139811449	4.518982332690868	4.351129523884568	4.351129523884568	4.140209697642151		orientation	BensonV1
30	inverse_cdf	37.49999945581193	-3.721424495138109	8.509333488297203	8.509333488297203	4.658583237090721		orientation	BensonV1
30	inverse_cdf	45.00000209717174	-7.967707133919248	13.399462311466118	13.399462311466118	7.885178591813989		orientation	BensonV1
30	inverse_cdf	52.499999581911375	3.6611712192120365	17.122102315547245	17.122102315547245	7.096947829213824		orientation	BensonV1
30	inverse_cdf	60.00000279622898	-2.5845870241547146	14.590965051134514	14.590965051134514	4.670298862047769		orientation	BensonV1
30	inverse_cdf	67.49999741617965	-11.678421493840915	37.09105963708582	37.09105963708582	6.324127503733456		orientation	BensonV1
30	inverse_cdf	74.99999776570826	-4.939758818918207	25.59727613496092	25.59727613496092	5.185960669112355		orientation	BensonV1
30	inverse_cdf	82.49999811523689	-5.102268340315476	14.587590750101219	14.587590750101219	7.632435191677946		orientation	BensonV1
30	inverse_cdf	90.00000419434348	3.1100934258332984	23.088248027948474	23.088248027948474	6.349218043048528		orientation	BensonV1
30	inverse_cdf	97.49999881429414	-12.619539984916258	14.920006549161615	14.920006549161615	6.236419320283282		orientation	BensonV1
30	inverse_cdf	104.99999916382276	-14.580958029199849	27.401273089200437	27.401273089200437	5.743976006282587		orientation	BensonV1
30	inverse_cdf	112.49999951335138	-6.2080009502969915	28.213831488131788	28.213831488131788	6.34327180294637		orientation	BensonV1
30	inverse_cdf	120.00000559245797	15.743417895630415	27.875799402988065	27.875799402988065	6.843587825259704		orientation	BensonV1
30	inverse_cdf	127.50000021240862	6.046383009192709	23.640357669189008	23.640357669189008	5.940398237664189		orientation	BensonV1
30	inverse_cdf	135.00000056193724	11.943592801939843	21.54613527949944	21.54613527949944	4.537825234677751		orientation	BensonV1
30	inverse_cdf	142.50000091146586	7.600459949922623	18.028871825551892	18.028871825551892	4.199273059656524		orientation	BensonV1
30	inverse_cdf	149.99999553141652	-2.90960821356839	23.20989020423076	23.20989020423076	5.447168887000628		orientation	BensonV1
30	inverse_cdf	157.49999588094516	-6.741055767583248	10.317341799211023	10.317341799211023	5.258953345725731		orientation	BensonV1
30	inverse_cdf	164.99999623047378	7.374430698247664	24.034164324034546	24.034164324034546	7.379731624103213		orientation	BensonV1
30	inverse_cdf	172.50000230958034	-5.4236694135993275	24.481381762453648	24.481381762453648	5.0331851439190896		orientation	BensonV1
pil01	cdf	7.500000349528623	-15.699146070925735	27.180916907179387	27.180916907179387	4.192755933595718		orientation	BensonV1
pil01	cdf	15.000000699057246	16.785659654584947	47.64982451655324	47.64982451655324	4.685718845271388		orientation	BensonV1
pil01	cdf	22.50000104858587	18.169966931834452	24.9544057641684	24.9544057641684	8.310367052975543		orientation	BensonV1
pil01	cdf	30.00000139811449	14.856445665898434	15.968825124423505	15.968825124423505	6.6728740659169		orientation	BensonV1
pil01	cdf	37.49999945581193	8.383374866615242	36.38192399949214	36.38192399949214	4.973276871637209		orientation	BensonV1
pil01	cdf	45.00000209717174	-2.7753331431157164	37.65179363615553	37.65179363615553	9.326405951108063		orientation	BensonV1
pil01	cdf	52.499999581911375	3.169135450476233	32.36154145356875	32.36154145356875	5.227352613668747		orientation	BensonV1
pil01	cdf	60.00000279622898	-39.74455343465965	32.50461527227029	32.50461527227029	3.270411524403098		orientation	BensonV1
pil01	cdf	67.49999741617965	-9.097385163638194	19.496936009397242	19.496936009397242	10.50405001335811		orientation	BensonV1
pil01	cdf	74.99999776570826	-1.0454763345188098	13.863690016117125	13.863690016117125	2.564665291680312		orientation	BensonV1
pil01	cdf	82.49999811523689	-34.9902180401368	53.14062984394408	53.14062984394408	6.112190697080318		orientation	BensonV1
pil01	cdf	90.00000419434348	79.41694639036007	33.651814311667835	33.651814311667835	4.695359970408845		orientation	BensonV1
pil01	cdf	97.49999881429414	14.548808936054982	33.12980396218088	33.12980396218088	4.80725317733293		orientation	BensonV1
pil01	cdf	104.99999916382276	-4.57594355570329	22.305829955029925	22.305829955029925	6.414569992805271		orientation	BensonV1
pil01	cdf	112.49999951335138	-38.0022897919623	51.49747212135542	51.49747212135542	3.6237379763312605		orientation	BensonV1
pil01	cdf	120.00000559245797	37.347667304746324	22.49514421765249	22.49514421765249	7.515794643458114		orientation	BensonV1
pil01	cdf	127.50000021240862	13.154197734124637	27.900335293471	27.900335293471	8.91010909917083		orientation	BensonV1
pil01	cdf	135.00000056193724	1.0245040161028385	38.81122140136651	38.81122140136651	4.507169058194229		orientation	BensonV1
pil01	cdf	142.50000091146586	34.70591716531359	51.2120138409607	51.2120138409607	4.423258358764974		orientation	BensonV1
pil01	cdf	149.99999553141652	-19.9170803546221	52.35413701987079	52.35413701987079	5.329921806879659		orientation	BensonV1
pil01	cdf	157.49999588094516	-25.013481570149395	34.196823600567306	34.196823600567306	7.006527086538824		orientation	BensonV1
pil01	cdf	164.99999623047378	-24.376413611083564	50.864318599735434	50.864318599735434	8.63823234823448		orientation	BensonV1
pil01	cdf	172.50000230958034	7.004499855926667	11.29497050207125	11.29497050207125	4.709338589826832		orientation	BensonV1
pil01	inverse_cdf	7.500000349528623	-17.15306957905989	27.224908073303943	27.224908073303943	4.687851495152349		orientation	BensonV1
pil01	inverse_cdf	15.000000699057246	0.9404365514326685	26.270921217759778	26.270921217759778	11.034034859236158		orientation	BensonV1
pil01	inverse_cdf	22.50000104858587	-7.549486401866474	23.77132898465794	23.77132898465794	4.265478114889504		orientation	BensonV1
pil01	inverse_cdf	30.00000139811449	21.629353514169793	38.357564163597	38.357564163597	3.5015294216318864		orientation	BensonV1
pil01	inverse_cdf	37.49999945581193	-22.99231768005825	16.422611090955407	16.422611090955407	7.200150156086554		orientation	BensonV1
pil01	inverse_cdf	45.00000209717174	-30.578618489095305	37.103513710566666	37.103513710566666	5.565806516852839		orientation	BensonV1
pil01	inverse_cdf	52.499999581911375	-18.408563018386843	25.075915806751	25.075915806751	3.8677992497848352		orientation	BensonV1
pil01	inverse_cdf	60.00000279622898	7.453777157171061	46.37076071626447	46.37076071626447	7.306332541174923		orientation	BensonV1
pil01	inverse_cdf	67.49999741617965	-8.224435911338531	28.89406414121416	28.89406414121416	5.2247536941318025		orientation	BensonV1
pil01	inverse_cdf	74.99999776570826	3.7292530838975324	14.271649408718366	14.271649408718366	6.067187267891615		orientation	BensonV1
pil01	inverse_cdf	82.49999811523689	-1.3194104549706225	39.476320340919614	39.476320340919614	4.470571696009255		orientation	BensonV1
pil01	inverse_cdf	90.00000419434348	6.503041433639339	21.055251928541225	21.055251928541225	5.0653749127760355		orientation	BensonV1
pil01	inverse_cdf	97.49999881429414	7.129608942705005	23.72325553727446	23.72325553727446	6.802645679694939		orientation	BensonV1
pil01	inverse_cdf	104.99999916382276	3.3545552647429844	22.226160886040926	22.226160886040926	4.97622419592956		orientation	BensonV1
pil01	inverse_cdf	112.49999951335138	42.79947065618697	49.38713224039186	49.38713224039186	9.567726080919606		orientation	BensonV1
pil01	inverse_cdf	120.00000559245797	3.2761220507901783	37.29960021080629	37.29960021080629	9.87371320171409		orientation	BensonV1
pil01	inverse_cdf	127.50000021240862	-2.7657510004702885	35.309224995815214	35.309224995815214	5.125481899364521		orientation	BensonV1
pil01	inverse_cdf	135.00000056193724	9.719365520521308	41.8035196639458	41.8035196639458	4.189091382868656		orientation	BensonV1
pil01	inverse_cdf	142.50000091146586	-14.134834777699382	38.90606318186627	38.90606318186627	5.9985553901276525		orientation	BensonV1
pil01	inverse_cdf	149.99999553141652	-24.721420193030838	34.31120141958195	34.31120141958195	4.639909230757652		orientation	BensonV1
pil01	inverse_cdf	157.49999588094516	5.553185165046216	24.891495290135982	24.891495290135982	5.833209967087043		orientation	BensonV1
pil01	inverse_cdf	164.99999623047378	-3.305410115857484	47.18058497245266	47.18058497245266	3.450546444087597		orientation	BensonV1
pil01	inverse_cdf	172.50000230958034	-11.821227379109018	29.44986014776097	29.44986014776097	4.696642099466826		orientation	BensonV1
pil02	cdf	7.500000349528623	14.474977939773751	28.37595950052398	28.37595950052398	3.152547671686298		orientation	BensonV1
pil02	cdf	15.000000699057246	6.211267866460332	12.256570490038449	12.256570490038449	3.0977956134479068		orientation	BensonV1
pil02	cdf	22.50000104858587	-0.043522931615171956	18.302049384408587	18.302049384408587	3.0432801864857266		orientation	BensonV1
pil02	cdf	30.00000139811449	-2.602164243155812	26.593276349474497	26.593276349474497	2.1181354654198805		orientation	BensonV1
pil02	cdf	37.49999945581193	-4.303361428975563	31.759746874768524	31.759746874768524	5.3448581745736155		orientation	BensonV1
pil02	cdf	45.00000209717174	-19.821723887191098	19.19147775601394	19.19147775601394	5.932274623637721		orientation	BensonV1
pil02	cdf	52.499999581911375	-8.318429126316431	26.282926156264246	26.282926156264246	2.3059345557372195		orientation	BensonV1
pil02	cdf	60.00000279622898	-13.006193149974095	34.471217104292386	34.471217104292386	1.5738232927745686		orientation	BensonV1
pil02	cdf	67.49999741617965	-15.77491805559572	30.518759287979602	30.518759287979602	3.2739637996722113		orientation	BensonV1
pil02	cdf	74.99999776570826	-15.768612050413779	25.725326044945586	25.725326044945586	2.7839366587008954		orientation	BensonV1
pil02	cdf	82.49999811523689	4.217007306364749	34.62777893324005	34.62777893324005	5.022275707658375		orientation	BensonV1
pil02	cdf	90.00000419434348	-15.318014603942586	29.325138877283518	29.325138877283518	10.183709560612805		orientation	BensonV1
pil02	cdf	97.49999881429414	18.553251858969674	14.839061564375964	14.839061564375964	6.069117055247166		orientation	BensonV1
pil02	cdf	104.99999916382276	16.130683169649373	21.54771553397888	21.54771553397888	4.302673233212702		orientation	BensonV1
pil02	cdf	112.49999951335138	19.08019797157715	18.776212969734594	18.776212969734594	11.18508286317262		orientation	BensonV1
pil02	cdf	120.00000559245797	11.189737959570692	20.128757953179125	20.128757953179125	2.9436465634811326		orientation	BensonV1
pil02	cdf	127.50000021240862	7.183781640971944	34.70633122120373	34.70633122120373	2.4939448288293544		orientation	BensonV1
pil02	cdf	135.00000056193724	5.851400145778712	40.724344485036774	40.724344485036774	7.259867271208248		orientation	BensonV1
pil02	cdf	142.50000091146586	9.497890005586697	35.372378551907566	35.372378551907566	5.0001498717369195		orientation	BensonV1
pil02	cdf	149.99999553141652	0.4592799514927606	24.9757749194424	24.9757749194424	10.095972681502275		orientation	BensonV1
pil02	cdf	157.49999588094516	-74.95364730827394	62.189392036108025	62.189392036108025	5.479872606975527		orientation	BensonV1
pil02	cdf	164.99999623047378	30.504482445257764	43.18766286435526	43.18766286435526	4.631373619910015		orientation	BensonV1
pil02	cdf	172.50000230958034	-25.50515536405456	36.72320737439097	36.72320737439097	3.856560575668696		orientation	BensonV1
pil02	inverse_cdf	7.500000349528623	17.078572960995828	25.555565888142187	25.555565888142187	4.247599492927957		orientation	BensonV1
pil02	inverse_cdf	15.000000699057246	18.644043405638087	17.965053144026555	17.965053144026555	3.7381164597296253		orientation	BensonV1
pil02	inverse_cdf	22.50000104858587	11.04546739851746	21.119112899367245	21.119112899367245	4.115078149990224		orientation	BensonV1
pil02	inverse_cdf	30.00000139811449	6.237512378825613	16.988281914328045	16.988281914328045	8.032878086531582		orientation	BensonV1
pil02	inverse_cdf	37.49999945581193	11.064595195058388	19.95647415917449	19.95647415917449	3.33337604637613		orientation	BensonV1
pil02	inverse_cdf	45.00000209717174	-3.0359133675219994	22.15573936611512	22.15573936611512	2.775555257282579		orientation	BensonV1
pil02	inverse_cdf	52.499999581911375	2.612037420965464	9.047212698270254	9.047212698270254	1.6697006408932524		orientation	BensonV1
pil02	inverse_cdf	60.00000279622898	0.8584217638239124	18.8016348510862	18.8016348510862	3.6586585594727934		orientation	BensonV1
pil02	inverse_cdf	67.49999741617965	-6.821808781959703	50.010088500220434	50.010088500220434	6.438488096972089		orientation	BensonV1
pil02	inverse_cdf	74.99999776570826	-10.917125545700841	24.16599392769003	24.16599392769003	3.3027639470255585		orientation	BensonV1
pil02	inverse_cdf	82.49999811523689	-3.5826297141587986	27.995426148136936	27.995426148136936	4.056837826901467		orientation	BensonV1
pil02	inverse_cdf	90.00000419434348	-43.619067109853965	42.40570935561413	42.40570935561413	4.396169923698192		orientation	BensonV1
pil02	inverse_cdf	97.49999881429414	2.447224721093747	21.02930486455936	21.02930486455936	3.594188144490407		orientation	BensonV1
pil02	inverse_cdf	104.99999916382276	11.202044101564283	26.055967748386376	26.055967748386376	2.401414984852965		orientation	BensonV1
pil02	inverse_cdf	112.49999951335138	27.08288821205565	29.066727608622955	29.066727608622955	8.753462218631494		orientation	BensonV1
pil02	inverse_cdf	120.00000559245797	-3.6579958825860786	30.991075680349788	30.991075680349788	6.593320290614008		orientation	BensonV1
pil02	inverse_cdf	127.50000021240862	2.22568564049422	17.67714349268954	17.67714349268954	4.6725192721613915		orientation	BensonV1
pil02	inverse_cdf	135.00000056193724	-13.137801695225164	42.36896039949328	42.36896039949328	4.677061181659465		orientation	BensonV1
pil02	inverse_cdf	142.50000091146586	28.6422219858828	42.81113864602102	42.81113864602102	12.506432161341639		orientation	BensonV1
pil02	inverse_cdf	149.99999553141652	-15.474129077788746	28.117185022519745	28.117185022519745	5.22593711804234		orientation	BensonV1
pil02	inverse_cdf	157.49999588094516	-10.502824935240056	32.495399734563726	32.495399734563726	4.841322561776021		orientation	BensonV1
pil02	inverse_cdf	164.99999623047378	-21.748145145852362	37.006289837804026	37.006289837804026	7.824517444190729		orientation	BensonV1
pil02	inverse_cdf	172.50000230958034	-1.5134675318141149	39.32321428307731	39.32321428307731	7.740044046324048		orientation	BensonV1
