subject	orientation	response	mapping	value
1	112.5	33.0	inverse_cdf	24.0
1	82.5	21.5	inverse_cdf	21.5
1	157.5	39.0	inverse_cdf	40.0
1	67.5	20.0	inverse_cdf	20.0
1	105.0	23.0	inverse_cdf	23.0
1	75.0	20.0	inverse_cdf	21.0
1	52.5	7.5	inverse_cdf	16.0
1	172.5	41.5	inverse_cdf	41.5
1	127.5	28.0	inverse_cdf	28.0
1	142.5	39.0	inverse_cdf	36.5
1	60.0	16.0	inverse_cdf	18.5
1	22.5	3.0	inverse_cdf	4.0
1	97.5	23.0	inverse_cdf	22.5
1	45.0	7.5	inverse_cdf	11.5
1	37.5	7.5	inverse_cdf	7.5
1	30.0	7.5	inverse_cdf	5.0
1	150.0	39.0	inverse_cdf	39.0
1	112.5	25.5	inverse_cdf	24.0
1	60.0	16.0	inverse_cdf	18.5
1	30.0	5.0	inverse_cdf	5.0
1	22.5	3.5	inverse_cdf	4.0
1	105.0	23.0	inverse_cdf	23.0
1	7.5	2.5	inverse_cdf	2.5
1	172.5	42.0	inverse_cdf	41.5
1	97.5	23.5	inverse_cdf	22.5
1	67.5	18.0	inverse_cdf	20.0
1	135.0	33.0	inverse_cdf	32.5
1	82.5	21.0	inverse_cdf	21.5
1	52.5	11.5	inverse_cdf	16.0
1	120.0	28.0	inverse_cdf	25.5
1	157.5	40.0	inverse_cdf	40.0
1	142.5	38.5	inverse_cdf	36.5
1	165.0	41.0	inverse_cdf	41.0
1	45.0	11.5	inverse_cdf	11.5
1	90.0	22.0	inverse_cdf	22.0
1	127.5	33.0	inverse_cdf	28.0
1	45.0	6.5	inverse_cdf	11.5
1	37.5	3.5	inverse_cdf	7.5
1	172.5	41.5	inverse_cdf	41.5
1	120.0	28.0	inverse_cdf	25.5
1	82.5	20.0	inverse_cdf	21.5
1	112.5	27.5	inverse_cdf	24.0
1	150.0	39.0	inverse_cdf	39.0
1	15.0	4.5	inverse_cdf	3.0
1	142.5	36.5	inverse_cdf	36.5
1	52.5	16.5	inverse_cdf	16.0
1	30.0	5.5	inverse_cdf	5.0
1	157.5	39.0	inverse_cdf	40.0
1	7.5	2.5	inverse_cdf	2.5
1	135.0	31.5	inverse_cdf	32.5
1	127.5	32.5	inverse_cdf	28.0
1	105.0	24.5	inverse_cdf	23.0
1	60.0	18.0	inverse_cdf	18.5
1	75.0	21.0	inverse_cdf	21.0
1	97.5	22.5	inverse_cdf	22.5
1	165.0	41.0	inverse_cdf	41.0
1	22.5	3.5	inverse_cdf	4.0
1	67.5	20.5	inverse_cdf	20.0
1	90.0	22.0	inverse_cdf	22.0
1	165.0	40.0	inverse_cdf	41.0
1	52.5	18.0	inverse_cdf	16.0
1	135.0	32.5	inverse_cdf	32.5
1	142.5	36.5	inverse_cdf	36.5
1	7.5	3.0	inverse_cdf	2.5
1	172.5	41.5	inverse_cdf	41.5
1	97.5	23.0	inverse_cdf	22.5
1	75.0	20.0	inverse_cdf	21.0
1	105.0	24.0	inverse_cdf	23.0
1	45.0	11.5	inverse_cdf	11.5
1	37.5	7.0	inverse_cdf	7.5
1	15.0	2.5	inverse_cdf	3.0
1	120.0	32.0	inverse_cdf	25.5
1	157.5	40.0	inverse_cdf	40.0
1	60.0	18.5	inverse_cdf	18.5
1	67.5	20.0	inverse_cdf	20.0
1	112.5	24.5	inverse_cdf	24.0
1	22.5	4.0	inverse_cdf	4.0
1	90.0	22.5	inverse_cdf	22.0
1	127.5	32.0	inverse_cdf	28.0
1	30.0	5.5	inverse_cdf	5.0
1	150.0	39.5	inverse_cdf	39.0
1	82.5	21.5	inverse_cdf	21.5
1	15.0	3.0	inverse_cdf	3.0
1	165.0	40.0	inverse_cdf	41.0
1	142.5	33.0	inverse_cdf	36.5
1	75.0	20.0	inverse_cdf	21.0
1	120.0	28.5	inverse_cdf	25.5
1	105.0	23.5	inverse_cdf	23.0
1	135.0	38.5	inverse_cdf	32.5
1	45.0	7.0	inverse_cdf	11.5
1	112.5	28.5	inverse_cdf	24.0
1	67.5	20.0	inverse_cdf	20.0
1	157.5	40.0	inverse_cdf	40.0
1	127.5	32.5	inverse_cdf	28.0
1	90.0	22.0	inverse_cdf	22.0
1	30.0	5.5	inverse_cdf	5.0
1	7.5	2.5	inverse_cdf	2.5
1	172.5	42.0	inverse_cdf	41.5
1	60.0	16.5	inverse_cdf	18.5
1	150.0	37.0	inverse_cdf	39.0
1	37.5	7.5	inverse_cdf	7.5
1	82.5	21.5	inverse_cdf	21.5
1	22.5	3.0	inverse_cdf	4.0
1	45.0	7.0	inverse_cdf	11.5
1	112.5	26.5	inverse_cdf	24.0
1	52.5	11.5	inverse_cdf	16.0
1	90.0	22.0	inverse_cdf	22.0
1	135.0	36.0	inverse_cdf	32.5
1	60.0	16.0	inverse_cdf	18.5
1	127.5	35.5	inverse_cdf	28.0
1	165.0	40.0	inverse_cdf	41.0
1	30.0	5.5	inverse_cdf	5.0
1	97.5	24.0	inverse_cdf	22.5
1	82.5	21.0	inverse_cdf	21.5
1	142.5	38.0	inverse_cdf	36.5
1	172.5	42.0	inverse_cdf	41.5
1	157.5	40.0	inverse_cdf	40.0
1	150.0	36.5	inverse_cdf	39.0
1	75.0	20.0	inverse_cdf	21.0
1	67.5	18.5	inverse_cdf	20.0
1	37.5	5.5	inverse_cdf	7.5
1	22.5	4.0	inverse_cdf	4.0
1	120.0	32.0	inverse_cdf	25.5
1	15.0	4.0	inverse_cdf	3.0
1	105.0	23.0	inverse_cdf	23.0
1	67.5	18.0	inverse_cdf	20.0
1	172.5	41.5	inverse_cdf	41.5
1	157.5	40.5	inverse_cdf	40.0
1	127.5	32.5	inverse_cdf	28.0
1	82.5	21.0	inverse_cdf	21.5
1	90.0	22.0	inverse_cdf	22.0
1	135.0	36.0	inverse_cdf	32.5
1	150.0	39.5	inverse_cdf	39.0
1	75.0	20.5	inverse_cdf	21.0
1	45.0	6.5	inverse_cdf	11.5
1	52.5	16.0	inverse_cdf	16.0
1	165.0	40.0	inverse_cdf	41.0
1	22.5	4.0	inverse_cdf	4.0
1	105.0	23.5	inverse_cdf	23.0
1	15.0	4.0	inverse_cdf	3.0
1	142.5	36.5	inverse_cdf	36.5
1	7.5	2.5	inverse_cdf	2.5
1	30.0	7.0	inverse_cdf	5.0
1	37.5	7.0	inverse_cdf	7.5
1	112.5	28.0	inverse_cdf	24.0
1	120.0	32.0	inverse_cdf	25.5
1	157.5	39.0	inverse_cdf	40.0
1	15.0	4.5	inverse_cdf	3.0
1	22.5	5.5	inverse_cdf	4.0
1	142.5	33.5	inverse_cdf	36.5
1	165.0	40.0	inverse_cdf	41.0
1	135.0	32.5	inverse_cdf	32.5
1	52.5	11.5	inverse_cdf	16.0
1	97.5	23.0	inverse_cdf	22.5
1	75.0	21.0	inverse_cdf	21.0
1	67.5	20.0	inverse_cdf	20.0
1	172.5	41.0	inverse_cdf	41.5
1	90.0	22.0	inverse_cdf	22.0
1	45.0	7.5	inverse_cdf	11.5
1	7.5	2.5	inverse_cdf	2.5
1	120.0	28.0	inverse_cdf	25.5
1	105.0	23.0	inverse_cdf	23.0
1	30.0	5.0	inverse_cdf	5.0
1	37.5	7.0	inverse_cdf	7.5
1	82.5	21.0	inverse_cdf	21.5
1	60.0	16.5	inverse_cdf	18.5
1	112.5	28.0	inverse_cdf	24.0
1	150.0	38.5	inverse_cdf	39.0
1	90.0	22.0	cdf	22.0
1	120.0	32.0	cdf	31.0
1	82.5	18.5	cdf	18.5
1	75.0	16.5	cdf	16.0
1	22.5	8.0	cdf	10.0
1	157.5	36.5	cdf	34.0
1	97.5	25.5	cdf	25.5
1	135.0	32.5	cdf	32.0
1	45.0	11.0	cdf	12.0
1	142.5	32.5	cdf	32.5
1	67.5	14.0	cdf	14.0
1	37.5	10.0	cdf	11.5
1	172.5	38.5	cdf	38.5
1	127.5	32.0	cdf	31.5
1	7.5	6.0	cdf	5.5
1	15.0	8.0	cdf	8.0
1	52.5	13.0	cdf	12.5
1	30.0	10.5	cdf	11.0
1	150.0	32.5	cdf	33.0
1	105.0	28.0	cdf	28.0
1	45.0	11.5	cdf	12.0
1	60.0	13.0	cdf	13.0
1	90.0	22.0	cdf	22.0
1	30.0	8.5	cdf	11.0
1	105.0	28.5	cdf	28.0
1	172.5	38.5	cdf	38.5
1	97.5	25.5	cdf	25.5
1	82.5	18.5	cdf	18.5
1	37.5	11.5	cdf	11.5
1	150.0	32.5	cdf	33.0
1	120.0	31.0	cdf	31.0
1	75.0	16.0	cdf	16.0
1	127.5	31.5	cdf	31.5
1	67.5	13.0	cdf	14.0
1	15.0	8.5	cdf	8.0
1	142.5	32.0	cdf	32.5
1	112.5	31.0	cdf	30.0
1	52.5	12.0	cdf	12.5
1	22.5	10.0	cdf	10.0
1	135.0	32.0	cdf	32.0
1	165.0	38.0	cdf	36.0
1	22.5	11.5	cdf	10.0
1	112.5	30.5	cdf	30.0
1	7.5	5.5	cdf	5.5
1	75.0	16.0	cdf	16.0
1	120.0	32.0	cdf	31.0
1	105.0	30.0	cdf	28.0
1	15.0	9.0	cdf	8.0
1	82.5	18.5	cdf	18.5
1	30.0	11.0	cdf	11.0
1	172.5	38.5	cdf	38.5
1	90.0	22.5	cdf	22.0
1	60.0	13.0	cdf	13.0
1	127.5	32.5	cdf	31.5
1	52.5	12.5	cdf	12.5
1	150.0	34.5	cdf	33.0
1	67.5	14.0	cdf	14.0
1	157.5	36.0	cdf	34.0
1	37.5	11.5	cdf	11.5
1	142.5	33.0	cdf	32.5
1	45.0	12.0	cdf	12.0
1	135.0	32.0	cdf	32.0
1	165.0	39.0	cdf	36.0
1	165.0	36.5	cdf	36.0
1	127.5	31.0	cdf	31.5
1	97.5	25.0	cdf	25.5
1	90.0	21.5	cdf	22.0
1	67.5	12.5	cdf	14.0
1	7.5	5.5	cdf	5.5
1	45.0	11.0	cdf	12.0
1	120.0	30.5	cdf	31.0
1	60.0	13.0	cdf	13.0
1	135.0	32.5	cdf	32.0
1	157.5	35.5	cdf	34.0
1	105.0	28.0	cdf	28.0
1	82.5	18.5	cdf	18.5
1	75.0	16.5	cdf	16.0
1	142.5	33.0	cdf	32.5
1	112.5	31.0	cdf	30.0
1	150.0	35.0	cdf	33.0
1	30.0	10.5	cdf	11.0
1	37.5	11.5	cdf	11.5
1	172.5	38.5	cdf	38.5
1	15.0	8.0	cdf	8.0
1	52.5	12.5	cdf	12.5
1	112.5	32.0	cdf	30.0
1	120.0	31.5	cdf	31.0
1	82.5	18.5	cdf	18.5
1	75.0	14.0	cdf	16.0
1	165.0	36.5	cdf	36.0
1	157.5	33.5	cdf	34.0
1	150.0	34.0	cdf	33.0
1	22.5	11.0	cdf	10.0
1	105.0	28.0	cdf	28.0
1	142.5	33.0	cdf	32.5
1	52.5	12.5	cdf	12.5
1	37.5	11.0	cdf	11.5
1	90.0	22.0	cdf	22.0
1	30.0	11.0	cdf	11.0
1	127.5	32.5	cdf	31.5
1	45.0	11.0	cdf	12.0
1	15.0	5.5	cdf	8.0
1	67.5	14.5	cdf	14.0
1	172.5	38.5	cdf	38.5
1	97.5	28.5	cdf	25.5
1	135.0	32.0	cdf	32.0
1	142.5	34.5	cdf	32.5
1	97.5	26.0	cdf	25.5
1	30.0	11.0	cdf	11.0
1	127.5	32.0	cdf	31.5
1	157.5	34.0	cdf	34.0
1	22.5	9.0	cdf	10.0
1	67.5	14.0	cdf	14.0
1	120.0	30.5	cdf	31.0
1	172.5	38.0	cdf	38.5
1	7.5	5.5	cdf	5.5
1	82.5	18.5	cdf	18.5
1	52.5	12.0	cdf	12.5
1	150.0	33.0	cdf	33.0
1	105.0	28.0	cdf	28.0
1	112.5	30.0	cdf	30.0
1	37.5	10.5	cdf	11.5
1	45.0	10.5	cdf	12.0
1	90.0	22.0	cdf	22.0
1	15.0	7.0	cdf	8.0
1	60.0	13.5	cdf	13.0
1	165.0	35.5	cdf	36.0
1	75.0	16.5	cdf	16.0
1	120.0	32.0	cdf	31.0
1	90.0	22.0	cdf	22.0
1	7.5	6.0	cdf	5.5
1	60.0	13.5	cdf	13.0
1	22.5	10.0	cdf	10.0
1	172.5	38.5	cdf	38.5
1	82.5	19.0	cdf	18.5
1	97.5	28.5	cdf	25.5
1	112.5	31.0	cdf	30.0
1	37.5	11.0	cdf	11.5
1	157.5	36.0	cdf	34.0
1	52.5	12.0	cdf	12.5
1	142.5	33.5	cdf	32.5
1	15.0	8.5	cdf	8.0
1	127.5	31.0	cdf	31.5
1	135.0	32.5	cdf	32.0
1	67.5	12.5	cdf	14.0
1	150.0	34.5	cdf	33.0
1	105.0	27.5	cdf	28.0
1	165.0	37.0	cdf	36.0
1	45.0	11.0	cdf	12.0
1	30.0	10.5	cdf	11.0
1	75.0	18.5	cdf	16.0
1	52.5	12.0	cdf	12.5
1	105.0	29.5	cdf	28.0
1	127.5	32.5	cdf	31.5
1	37.5	10.5	cdf	11.5
1	112.5	30.5	cdf	30.0
1	97.5	26.0	cdf	25.5
1	157.5	36.0	cdf	34.0
1	82.5	18.5	cdf	18.5
1	90.0	22.0	cdf	22.0
1	30.0	10.0	cdf	11.0
1	7.5	6.0	cdf	5.5
1	67.5	14.0	cdf	14.0
1	172.5	38.5	cdf	38.5
1	75.0	16.5	cdf	16.0
1	150.0	33.0	cdf	33.0
1	142.5	32.5	cdf	32.5
1	135.0	32.0	cdf	32.0
1	60.0	13.5	cdf	13.0
1	120.0	31.0	cdf	31.0
1	165.0	38.5	cdf	36.0
1	22.5	8.0	cdf	10.0
1	45.0	11.0	cdf	12.0
1	15.0	8.5	cdf	8.0
2	165.0	40.5	cdf	36.0
2	135.0	35.0	cdf	32.0
2	37.5	11.5	cdf	11.5
2	172.5	38.5	cdf	38.5
2	142.5	31.0	cdf	32.5
2	30.0	9.5	cdf	11.0
2	15.0	10.5	cdf	8.0
2	52.5	13.5	cdf	12.5
2	127.5	28.5	cdf	31.5
2	22.5	9.5	cdf	10.0
2	97.5	26.0	cdf	25.5
2	105.0	27.0	cdf	28.0
2	67.5	13.5	cdf	14.0
2	90.0	21.5	cdf	22.0
2	150.0	36.5	cdf	33.0
2	120.0	32.5	cdf	31.0
2	45.0	11.5	cdf	12.0
2	7.5	4.0	cdf	5.5
2	82.5	17.0	cdf	18.5
2	75.0	16.0	cdf	16.0
2	112.5	32.5	cdf	30.0
2	37.5	12.5	cdf	11.5
2	30.0	10.0	cdf	11.0
2	127.5	30.5	cdf	31.5
2	112.5	29.0	cdf	30.0
2	75.0	17.5	cdf	16.0
2	157.5	33.0	cdf	34.0
2	7.5	3.0	cdf	5.5
2	172.5	37.5	cdf	38.5
2	120.0	32.5	cdf	31.0
2	52.5	11.5	cdf	12.5
2	150.0	34.5	cdf	33.0
2	15.0	9.5	cdf	8.0
2	105.0	25.0	cdf	28.0
2	82.5	20.0	cdf	18.5
2	142.5	35.0	cdf	32.5
2	135.0	32.5	cdf	32.0
2	22.5	12.5	cdf	10.0
2	97.5	24.5	cdf	25.5
2	90.0	21.5	cdf	22.0
2	45.0	12.0	cdf	12.0
2	165.0	34.5	cdf	36.0
2	67.5	15.0	cdf	14.0
2	60.0	13.0	cdf	13.0
2	30.0	12.0	cdf	11.0
2	120.0	32.0	cdf	31.0
2	37.5	13.0	cdf	11.5
2	82.5	17.5	cdf	18.5
2	165.0	35.0	cdf	36.0
2	157.5	36.0	cdf	34.0
2	150.0	34.0	cdf	33.0
2	97.5	26.5	cdf	25.5
2	105.0	31.0	cdf	28.0
2	67.5	16.5	cdf	14.0
2	142.5	30.5	cdf	32.5
2	15.0	8.0	cdf	8.0
2	112.5	30.0	cdf	30.0
2	52.5	18.0	cdf	12.5
2	127.5	30.5	cdf	31.5
2	172.5	38.0	cdf	38.5
2	45.0	12.5	cdf	12.0
2	75.0	18.0	cdf	16.0
2	22.5	11.5	cdf	10.0
2	135.0	33.0	cdf	32.0
2	60.0	14.0	cdf	13.0
2	7.5	4.5	cdf	5.5
2	90.0	22.5	cdf	22.0
2	150.0	34.0	cdf	33.0
2	157.5	35.5	cdf	34.0
2	142.5	31.5	cdf	32.5
2	37.5	13.0	cdf	11.5
2	75.0	15.0	cdf	16.0
2	60.0	12.0	cdf	13.0
2	7.5	6.5	cdf	5.5
2	90.0	23.0	cdf	22.0
2	67.5	14.5	cdf	14.0
2	105.0	30.5	cdf	28.0
2	15.0	9.0	cdf	8.0
2	22.5	10.5	cdf	10.0
2	112.5	30.0	cdf	30.0
2	165.0	31.5	cdf	36.0
2	30.0	13.0	cdf	11.0
2	127.5	32.0	cdf	31.5
2	172.5	38.0	cdf	38.5
2	120.0	30.5	cdf	31.0
2	45.0	11.0	cdf	12.0
2	52.5	12.0	cdf	12.5
2	97.5	25.5	cdf	25.5
2	82.5	16.5	cdf	18.5
2	135.0	31.5	cdf	32.0
2	30.0	13.5	cdf	11.0
2	82.5	17.5	cdf	18.5
2	105.0	26.0	cdf	28.0
2	22.5	10.0	cdf	10.0
2	142.5	34.5	cdf	32.5
2	127.5	33.0	cdf	31.5
2	52.5	13.5	cdf	12.5
2	60.0	13.0	cdf	13.0
2	165.0	34.0	cdf	36.0
2	67.5	21.5	cdf	14.0
2	150.0	35.5	cdf	33.0
2	90.0	22.0	cdf	22.0
2	97.5	24.0	cdf	25.5
2	112.5	30.5	cdf	30.0
2	15.0	7.0	cdf	8.0
2	45.0	12.0	cdf	12.0
2	120.0	31.0	cdf	31.0
2	75.0	16.0	cdf	16.0
2	37.5	12.0	cdf	11.5
2	157.5	34.5	cdf	34.0
2	172.5	37.5	cdf	38.5
2	135.0	33.0	cdf	32.0
2	7.5	6.5	cdf	5.5
2	75.0	14.0	cdf	16.0
2	150.0	33.5	cdf	33.0
2	165.0	35.5	cdf	36.0
2	105.0	33.0	cdf	28.0
2	7.5	6.0	cdf	5.5
2	172.5	39.0	cdf	38.5
2	60.0	14.5	cdf	13.0
2	22.5	10.5	cdf	10.0
2	97.5	24.5	cdf	25.5
2	37.5	11.5	cdf	11.5
2	127.5	32.0	cdf	31.5
2	30.0	11.0	cdf	11.0
2	135.0	33.0	cdf	32.0
2	15.0	9.0	cdf	8.0
2	142.5	32.0	cdf	32.5
2	82.5	17.5	cdf	18.5
2	90.0	22.5	cdf	22.0
2	112.5	32.0	cdf	30.0
2	45.0	12.5	cdf	12.0
2	67.5	14.0	cdf	14.0
2	120.0	30.5	cdf	31.0
2	52.5	13.0	cdf	12.5
2	157.5	37.5	cdf	34.0
2	105.0	26.5	cdf	28.0
2	45.0	12.5	cdf	12.0
2	22.5	11.0	cdf	10.0
2	37.5	12.5	cdf	11.5
2	120.0	31.0	cdf	31.0
2	112.5	28.5	cdf	30.0
2	165.0	33.5	cdf	36.0
2	60.0	14.0	cdf	13.0
2	157.5	36.0	cdf	34.0
2	67.5	13.5	cdf	14.0
2	52.5	12.0	cdf	12.5
2	135.0	32.0	cdf	32.0
2	82.5	20.5	cdf	18.5
2	90.0	22.0	cdf	22.0
2	7.5	5.5	cdf	5.5
2	97.5	25.0	cdf	25.5
2	75.0	16.0	cdf	16.0
2	172.5	37.0	cdf	38.5
2	30.0	11.0	cdf	11.0
2	15.0	11.0	cdf	8.0
2	127.5	32.0	cdf	31.5
2	142.5	33.5	cdf	32.5
2	150.0	34.0	cdf	33.0
2	90.0	24.0	cdf	22.0
2	45.0	11.5	cdf	12.0
2	172.5	38.0	cdf	38.5
2	60.0	13.0	cdf	13.0
2	127.5	33.0	cdf	31.5
2	97.5	31.0	cdf	25.5
2	112.5	29.0	cdf	30.0
2	67.5	14.5	cdf	14.0
2	7.5	10.5	cdf	5.5
2	52.5	12.5	cdf	12.5
2	30.0	9.5	cdf	11.0
2	15.0	9.0	cdf	8.0
2	82.5	20.0	cdf	18.5
2	37.5	12.0	cdf	11.5
2	165.0	34.5	cdf	36.0
2	150.0	35.5	cdf	33.0
2	120.0	36.0	cdf	31.0
2	142.5	35.0	cdf	32.5
2	135.0	33.0	cdf	32.0
2	105.0	26.5	cdf	28.0
2	22.5	11.0	cdf	10.0
2	157.5	36.0	cdf	34.0
2	75.0	13.0	cdf	16.0
2	37.5	6.5	inverse_cdf	7.5
2	75.0	20.5	inverse_cdf	21.0
2	15.0	4.5	inverse_cdf	3.0
2	120.0	26.0	inverse_cdf	25.5
2	82.5	21.5	inverse_cdf	21.5
2	97.5	22.0	inverse_cdf	22.5
2	150.0	39.5	inverse_cdf	39.0
2	30.0	7.0	inverse_cdf	5.0
2	52.5	31.0	inverse_cdf	16.0
2	135.0	32.5	inverse_cdf	32.5
2	142.5	35.5	inverse_cdf	36.5
2	105.0	26.0	inverse_cdf	23.0
2	157.5	39.0	inverse_cdf	40.0
2	90.0	22.0	inverse_cdf	22.0
2	112.5	25.0	inverse_cdf	24.0
2	22.5	5.5	inverse_cdf	4.0
2	45.0	10.0	inverse_cdf	11.5
2	60.0	20.0	inverse_cdf	18.5
2	172.5	40.5	inverse_cdf	41.5
2	165.0	40.0	inverse_cdf	41.0
2	127.5	29.5	inverse_cdf	28.0
2	22.5	5.0	inverse_cdf	4.0
2	112.5	25.0	inverse_cdf	24.0
2	142.5	38.0	inverse_cdf	36.5
2	120.0	30.5	inverse_cdf	25.5
2	52.5	15.5	inverse_cdf	16.0
2	75.0	19.0	inverse_cdf	21.0
2	127.5	29.5	inverse_cdf	28.0
2	97.5	22.5	inverse_cdf	22.5
2	45.0	10.5	inverse_cdf	11.5
2	37.5	7.5	inverse_cdf	7.5
2	150.0	35.0	inverse_cdf	39.0
2	30.0	6.0	inverse_cdf	5.0
2	165.0	39.5	inverse_cdf	41.0
2	135.0	32.5	inverse_cdf	32.5
2	15.0	4.5	inverse_cdf	3.0
2	172.5	40.5	inverse_cdf	41.5
2	7.5	2.5	inverse_cdf	2.5
2	67.5	20.5	inverse_cdf	20.0
2	105.0	27.5	inverse_cdf	23.0
2	90.0	22.0	inverse_cdf	22.0
2	60.0	16.5	inverse_cdf	18.5
2	157.5	38.0	inverse_cdf	40.0
2	22.5	6.5	inverse_cdf	4.0
2	142.5	35.0	inverse_cdf	36.5
2	105.0	23.5	inverse_cdf	23.0
2	52.5	13.0	inverse_cdf	16.0
2	135.0	32.0	inverse_cdf	32.5
2	120.0	25.5	inverse_cdf	25.5
2	45.0	11.0	inverse_cdf	11.5
2	150.0	37.5	inverse_cdf	39.0
2	82.5	23.0	inverse_cdf	21.5
2	7.5	4.5	inverse_cdf	2.5
2	15.0	4.0	inverse_cdf	3.0
2	90.0	22.0	inverse_cdf	22.0
2	60.0	16.0	inverse_cdf	18.5
2	172.5	41.0	inverse_cdf	41.5
2	157.5	39.0	inverse_cdf	40.0
2	37.5	8.0	inverse_cdf	7.5
2	165.0	38.0	inverse_cdf	41.0
2	127.5	28.5	inverse_cdf	28.0
2	75.0	20.5	inverse_cdf	21.0
2	30.0	7.5	inverse_cdf	5.0
2	97.5	22.0	inverse_cdf	22.5
2	67.5	16.5	inverse_cdf	20.0
2	120.0	29.5	inverse_cdf	25.5
2	45.0	12.0	inverse_cdf	11.5
2	112.5	23.0	inverse_cdf	24.0
2	97.5	22.0	inverse_cdf	22.5
2	172.5	40.5	inverse_cdf	41.5
2	135.0	33.0	inverse_cdf	32.5
2	75.0	19.0	inverse_cdf	21.0
2	22.5	5.5	inverse_cdf	4.0
2	90.0	22.0	inverse_cdf	22.0
2	105.0	22.5	inverse_cdf	23.0
2	150.0	36.5	inverse_cdf	39.0
2	15.0	5.0	inverse_cdf	3.0
2	157.5	38.5	inverse_cdf	40.0
2	30.0	7.0	inverse_cdf	5.0
2	60.0	14.0	inverse_cdf	18.5
2	142.5	32.5	inverse_cdf	36.5
2	37.5	9.0	inverse_cdf	7.5
2	52.5	13.5	inverse_cdf	16.0
2	82.5	21.0	inverse_cdf	21.5
2	7.5	2.0	inverse_cdf	2.5
2	67.5	18.5	inverse_cdf	20.0
2	165.0	39.0	inverse_cdf	41.0
2	127.5	28.5	inverse_cdf	28.0
2	67.5	16.5	inverse_cdf	20.0
2	172.5	41.0	inverse_cdf	41.5
2	127.5	32.0	inverse_cdf	28.0
2	45.0	11.0	inverse_cdf	11.5
2	150.0	36.0	inverse_cdf	39.0
2	142.5	36.0	inverse_cdf	36.5
2	120.0	28.5	inverse_cdf	25.5
2	75.0	20.0	inverse_cdf	21.0
2	165.0	39.5	inverse_cdf	41.0
2	52.5	15.5	inverse_cdf	16.0
2	90.0	22.0	inverse_cdf	22.0
2	22.5	5.5	inverse_cdf	4.0
2	7.5	3.0	inverse_cdf	2.5
2	105.0	24.0	inverse_cdf	23.0
2	157.5	37.5	inverse_cdf	40.0
2	135.0	30.5	inverse_cdf	32.5
2	60.0	12.5	inverse_cdf	18.5
2	37.5	17.5	inverse_cdf	7.5
2	82.5	20.5	inverse_cdf	21.5
2	112.5	29.0	inverse_cdf	24.0
2	15.0	4.5	inverse_cdf	3.0
2	22.5	7.0	inverse_cdf	4.0
2	172.5	41.5	inverse_cdf	41.5
2	15.0	5.0	inverse_cdf	3.0
2	157.5	37.5	inverse_cdf	40.0
2	90.0	22.0	inverse_cdf	22.0
2	7.5	3.0	inverse_cdf	2.5
2	75.0	20.0	inverse_cdf	21.0
2	165.0	39.0	inverse_cdf	41.0
2	52.5	12.0	inverse_cdf	16.0
2	60.0	15.5	inverse_cdf	18.5
2	97.5	22.5	inverse_cdf	22.5
2	105.0	23.5	inverse_cdf	23.0
2	120.0	28.5	inverse_cdf	25.5
2	45.0	11.5	inverse_cdf	11.5
2	142.5	35.5	inverse_cdf	36.5
2	30.0	7.5	inverse_cdf	5.0
2	135.0	33.0	inverse_cdf	32.5
2	37.5	12.0	inverse_cdf	7.5
2	127.5	29.0	inverse_cdf	28.0
2	82.5	20.0	inverse_cdf	21.5
2	150.0	34.5	inverse_cdf	39.0
2	67.5	18.0	inverse_cdf	20.0
2	112.5	25.0	inverse_cdf	24.0
2	135.0	28.5	inverse_cdf	32.5
2	90.0	22.0	inverse_cdf	22.0
2	97.5	23.0	inverse_cdf	22.5
2	165.0	40.0	inverse_cdf	41.0
2	30.0	7.5	inverse_cdf	5.0
2	105.0	25.5	inverse_cdf	23.0
2	37.5	11.0	inverse_cdf	7.5
2	150.0	34.0	inverse_cdf	39.0
2	7.5	3.0	inverse_cdf	2.5
2	45.0	11.5	inverse_cdf	11.5
2	60.0	16.0	inverse_cdf	18.5
2	82.5	20.5	inverse_cdf	21.5
2	172.5	40.5	inverse_cdf	41.5
2	157.5	38.5	inverse_cdf	40.0
2	15.0	4.5	inverse_cdf	3.0
2	67.5	20.5	inverse_cdf	20.0
2	127.5	28.5	inverse_cdf	28.0
2	120.0	28.0	inverse_cdf	25.5
2	22.5	7.0	inverse_cdf	4.0
2	142.5	34.0	inverse_cdf	36.5
2	75.0	20.0	inverse_cdf	21.0
2	112.5	23.5	inverse_cdf	24.0
2	52.5	11.5	inverse_cdf	16.0
2	165.0	37.5	inverse_cdf	41.0
2	142.5	32.0	inverse_cdf	36.5
2	112.5	23.0	inverse_cdf	24.0
2	82.5	21.0	inverse_cdf	21.5
2	22.5	7.0	inverse_cdf	4.0
2	90.0	22.5	inverse_cdf	22.0
2	135.0	28.5	inverse_cdf	32.5
2	30.0	7.5	inverse_cdf	5.0
2	52.5	14.0	inverse_cdf	16.0
2	157.5	34.0	inverse_cdf	40.0
2	60.0	11.5	inverse_cdf	18.5
2	172.5	39.0	inverse_cdf	41.5
2	150.0	35.0	inverse_cdf	39.0
2	127.5	28.0	inverse_cdf	28.0
2	97.5	22.5	inverse_cdf	22.5
2	67.5	19.0	inverse_cdf	20.0
2	7.5	3.0	inverse_cdf	2.5
2	37.5	11.5	inverse_cdf	7.5
2	75.0	19.0	inverse_cdf	21.0
2	120.0	28.5	inverse_cdf	25.5
2	105.0	23.5	inverse_cdf	23.0
2	15.0	5.5	inverse_cdf	3.0
3	67.5	18.5	inverse_cdf	20.0
3	45.0	15.0	inverse_cdf	11.5
3	157.5	37.5	inverse_cdf	40.0
3	37.5	18.0	inverse_cdf	7.5
3	127.5	35.0	inverse_cdf	28.0
3	150.0	34.0	inverse_cdf	39.0
3	82.5	21.0	inverse_cdf	21.5
3	7.5	2.5	inverse_cdf	2.5
3	142.5	34.0	inverse_cdf	36.5
3	22.5	7.5	inverse_cdf	4.0
3	15.0	3.5	inverse_cdf	3.0
3	105.0	25.0	inverse_cdf	23.0
3	135.0	36.5	inverse_cdf	32.5
3	120.0	28.0	inverse_cdf	25.5
3	90.0	22.0	inverse_cdf	22.0
3	75.0	17.0	inverse_cdf	21.0
3	172.5	41.5	inverse_cdf	41.5
3	30.0	11.5	inverse_cdf	5.0
3	22.5	7.0	inverse_cdf	4.0
3	90.0	22.0	inverse_cdf	22.0
3	120.0	32.5	inverse_cdf	25.5
3	150.0	37.0	inverse_cdf	39.0
3	165.0	41.0	inverse_cdf	41.0
3	75.0	21.0	inverse_cdf	21.0
3	157.5	38.5	inverse_cdf	40.0
3	135.0	35.0	inverse_cdf	32.5
3	105.0	31.0	inverse_cdf	23.0
3	37.5	7.0	inverse_cdf	7.5
3	67.5	18.5	inverse_cdf	20.0
3	127.5	31.5	inverse_cdf	28.0
3	82.5	21.5	inverse_cdf	21.5
3	45.0	11.5	inverse_cdf	11.5
3	172.5	39.5	inverse_cdf	41.5
3	15.0	10.0	inverse_cdf	3.0
3	135.0	37.5	inverse_cdf	32.5
3	165.0	42.0	inverse_cdf	41.0
3	120.0	25.0	inverse_cdf	25.5
3	75.0	16.5	inverse_cdf	21.0
3	127.5	32.5	inverse_cdf	28.0
3	15.0	7.5	inverse_cdf	3.0
3	82.5	21.0	inverse_cdf	21.5
3	45.0	7.5	inverse_cdf	11.5
3	172.5	40.0	inverse_cdf	41.5
3	30.0	1.5	inverse_cdf	5.0
3	90.0	22.0	inverse_cdf	22.0
3	52.5	16.5	inverse_cdf	16.0
3	150.0	34.0	inverse_cdf	39.0
3	157.5	36.0	inverse_cdf	40.0
3	97.5	23.0	inverse_cdf	22.5
3	142.5	32.5	inverse_cdf	36.5
3	60.0	11.0	inverse_cdf	18.5
3	37.5	11.0	inverse_cdf	7.5
3	105.0	24.0	inverse_cdf	23.0
3	7.5	3.5	inverse_cdf	2.5
3	67.5	14.5	inverse_cdf	20.0
3	120.0	32.5	inverse_cdf	25.5
3	97.5	23.5	inverse_cdf	22.5
3	165.0	38.5	inverse_cdf	41.0
3	37.5	8.0	inverse_cdf	7.5
3	90.0	22.5	inverse_cdf	22.0
3	172.5	40.5	inverse_cdf	41.5
3	150.0	37.5	inverse_cdf	39.0
3	112.5	30.5	inverse_cdf	24.0
3	22.5	15.0	inverse_cdf	4.0
3	135.0	33.0	inverse_cdf	32.5
3	127.5	33.5	inverse_cdf	28.0
3	52.5	11.5	inverse_cdf	16.0
3	15.0	4.5	inverse_cdf	3.0
3	157.5	38.5	inverse_cdf	40.0
3	45.0	14.5	inverse_cdf	11.5
3	142.5	34.0	inverse_cdf	36.5
3	75.0	17.5	inverse_cdf	21.0
3	7.5	3.5	inverse_cdf	2.5
3	82.5	21.0	inverse_cdf	21.5
3	105.0	26.0	inverse_cdf	23.0
3	75.0	18.0	inverse_cdf	21.0
3	82.5	21.0	inverse_cdf	21.5
3	127.5	32.5	inverse_cdf	28.0
3	45.0	11.5	inverse_cdf	11.5
3	172.5	41.5	inverse_cdf	41.5
3	157.5	38.0	inverse_cdf	40.0
3	67.5	15.5	inverse_cdf	20.0
3	97.5	24.0	inverse_cdf	22.5
3	37.5	11.0	inverse_cdf	7.5
3	112.5	24.5	inverse_cdf	24.0
3	30.0	6.5	inverse_cdf	5.0
3	105.0	23.0	inverse_cdf	23.0
3	52.5	17.0	inverse_cdf	16.0
3	60.0	16.0	inverse_cdf	18.5
3	135.0	36.0	inverse_cdf	32.5
3	165.0	35.0	inverse_cdf	41.0
3	142.5	37.5	inverse_cdf	36.5
3	7.5	2.0	inverse_cdf	2.5
3	22.5	4.0	inverse_cdf	4.0
3	15.0	3.0	inverse_cdf	3.0
3	157.5	36.0	inverse_cdf	40.0
3	112.5	25.5	inverse_cdf	24.0
3	90.0	22.0	inverse_cdf	22.0
3	22.5	7.5	inverse_cdf	4.0
3	135.0	35.5	inverse_cdf	32.5
3	150.0	36.0	inverse_cdf	39.0
3	52.5	11.5	inverse_cdf	16.0
3	60.0	16.5	inverse_cdf	18.5
3	7.5	3.5	inverse_cdf	2.5
3	172.5	41.5	inverse_cdf	41.5
3	15.0	5.0	inverse_cdf	3.0
3	105.0	24.0	inverse_cdf	23.0
3	45.0	17.0	inverse_cdf	11.5
3	120.0	28.0	inverse_cdf	25.5
3	37.5	7.0	inverse_cdf	7.5
3	67.5	17.5	inverse_cdf	20.0
3	165.0	38.5	inverse_cdf	41.0
3	82.5	20.5	inverse_cdf	21.5
3	97.5	23.5	inverse_cdf	22.5
3	30.0	6.5	inverse_cdf	5.0
3	127.5	34.5	inverse_cdf	28.0
3	75.0	16.0	inverse_cdf	21.0
3	60.0	16.0	inverse_cdf	18.5
3	15.0	4.0	inverse_cdf	3.0
3	142.5	38.5	inverse_cdf	36.5
3	127.5	31.0	inverse_cdf	28.0
3	97.5	22.5	inverse_cdf	22.5
3	45.0	16.0	inverse_cdf	11.5
3	22.5	5.5	inverse_cdf	4.0
3	165.0	38.0	inverse_cdf	41.0
3	105.0	24.0	inverse_cdf	23.0
3	67.5	19.5	inverse_cdf	20.0
3	112.5	33.0	inverse_cdf	24.0
3	157.5	38.5	inverse_cdf	40.0
3	90.0	21.5	inverse_cdf	22.0
3	120.0	28.0	inverse_cdf	25.5
3	37.5	9.0	inverse_cdf	7.5
3	52.5	12.0	inverse_cdf	16.0
3	172.5	40.5	inverse_cdf	41.5
3	7.5	4.5	inverse_cdf	2.5
3	30.0	11.0	inverse_cdf	5.0
3	135.0	33.0	inverse_cdf	32.5
3	150.0	38.5	inverse_cdf	39.0
3	127.5	36.0	inverse_cdf	28.0
3	120.0	29.5	inverse_cdf	25.5
3	172.5	40.0	inverse_cdf	41.5
3	97.5	21.5	inverse_cdf	22.5
3	7.5	3.0	inverse_cdf	2.5
3	60.0	11.5	inverse_cdf	18.5
3	165.0	38.5	inverse_cdf	41.0
3	37.5	10.0	inverse_cdf	7.5
3	15.0	4.0	inverse_cdf	3.0
3	157.5	38.5	inverse_cdf	40.0
3	52.5	15.5	inverse_cdf	16.0
3	142.5	35.0	inverse_cdf	36.5
3	22.5	6.5	inverse_cdf	4.0
3	112.5	25.0	inverse_cdf	24.0
3	67.5	17.5	inverse_cdf	20.0
3	135.0	36.0	inverse_cdf	32.5
3	105.0	25.0	inverse_cdf	23.0
3	150.0	34.5	inverse_cdf	39.0
3	30.0	11.5	inverse_cdf	5.0
3	45.0	11.0	inverse_cdf	11.5
3	82.5	21.5	inverse_cdf	21.5
3	90.0	22.0	inverse_cdf	22.0
3	112.5	36.0	cdf	30.0
3	135.0	36.0	cdf	32.0
3	22.5	8.0	cdf	10.0
3	150.0	35.5	cdf	33.0
3	157.5	35.5	cdf	34.0
3	127.5	33.0	cdf	31.5
3	15.0	10.0	cdf	8.0
3	52.5	12.5	cdf	12.5
3	105.0	27.0	cdf	28.0
3	37.5	9.5	cdf	11.5
3	165.0	35.0	cdf	36.0
3	45.0	12.0	cdf	12.0
3	7.5	5.5	cdf	5.5
3	75.0	18.5	cdf	16.0
3	142.5	35.0	cdf	32.5
3	120.0	36.0	cdf	31.0
3	172.5	38.5	cdf	38.5
3	7.5	5.5	cdf	5.5
3	150.0	36.0	cdf	33.0
3	30.0	11.0	cdf	11.0
3	75.0	18.0	cdf	16.0
3	127.5	35.5	cdf	31.5
3	37.5	12.5	cdf	11.5
3	165.0	13.0	cdf	36.0
3	22.5	8.0	cdf	10.0
3	120.0	32.5	cdf	31.0
3	82.5	18.5	cdf	18.5
3	157.5	37.0	cdf	34.0
3	105.0	25.5	cdf	28.0
3	67.5	18.5	cdf	14.0
3	97.5	25.5	cdf	25.5
3	15.0	5.5	cdf	8.0
3	135.0	34.5	cdf	32.0
3	172.5	38.5	cdf	38.5
3	112.5	35.5	cdf	30.0
3	67.5	16.0	cdf	14.0
3	45.0	15.0	cdf	12.0
3	165.0	38.5	cdf	36.0
3	135.0	35.0	cdf	32.0
3	7.5	5.5	cdf	5.5
3	60.0	13.0	cdf	13.0
3	90.0	22.0	cdf	22.0
3	112.5	33.5	cdf	30.0
3	157.5	36.5	cdf	34.0
3	82.5	18.5	cdf	18.5
3	97.5	26.5	cdf	25.5
3	30.0	11.0	cdf	11.0
3	150.0	36.5	cdf	33.0
3	15.0	7.0	cdf	8.0
3	127.5	36.0	cdf	31.5
3	105.0	24.5	cdf	28.0
3	172.5	38.5	cdf	38.5
3	37.5	12.0	cdf	11.5
3	120.0	32.5	cdf	31.0
3	75.0	14.0	cdf	16.0
3	7.5	5.5	cdf	5.5
3	165.0	35.0	cdf	36.0
3	52.5	15.5	cdf	12.5
3	120.0	33.0	cdf	31.0
3	135.0	33.0	cdf	32.0
3	127.5	36.0	cdf	31.5
3	60.0	14.5	cdf	13.0
3	97.5	24.5	cdf	25.5
3	30.0	10.0	cdf	11.0
3	45.0	13.0	cdf	12.0
3	90.0	22.0	cdf	22.0
3	75.0	17.0	cdf	16.0
3	172.5	38.0	cdf	38.5
3	67.5	16.5	cdf	14.0
3	37.5	11.0	cdf	11.5
3	105.0	27.5	cdf	28.0
3	15.0	8.0	cdf	8.0
3	157.5	35.0	cdf	34.0
3	82.5	16.5	cdf	18.5
3	112.5	25.0	cdf	30.0
3	22.5	8.0	cdf	10.0
3	60.0	14.0	cdf	13.0
3	127.5	32.5	cdf	31.5
3	15.0	5.5	cdf	8.0
3	52.5	12.5	cdf	12.5
3	112.5	32.5	cdf	30.0
3	37.5	10.0	cdf	11.5
3	165.0	36.0	cdf	36.0
3	75.0	18.5	cdf	16.0
3	82.5	20.5	cdf	18.5
3	135.0	33.0	cdf	32.0
3	7.5	6.0	cdf	5.5
3	157.5	35.5	cdf	34.0
3	105.0	26.0	cdf	28.0
3	30.0	14.5	cdf	11.0
3	67.5	13.0	cdf	14.0
3	22.5	10.5	cdf	10.0
3	120.0	33.0	cdf	31.0
3	150.0	36.5	cdf	33.0
3	45.0	12.5	cdf	12.0
3	90.0	22.5	cdf	22.0
3	97.5	29.0	cdf	25.5
3	142.5	32.0	cdf	32.5
3	22.5	12.0	cdf	10.0
3	135.0	32.5	cdf	32.0
3	45.0	12.5	cdf	12.0
3	67.5	18.0	cdf	14.0
3	7.5	6.5	cdf	5.5
3	52.5	13.0	cdf	12.5
3	15.0	8.0	cdf	8.0
3	165.0	38.0	cdf	36.0
3	142.5	32.0	cdf	32.5
3	105.0	32.5	cdf	28.0
3	150.0	35.0	cdf	33.0
3	97.5	28.5	cdf	25.5
3	120.0	32.5	cdf	31.0
3	112.5	32.5	cdf	30.0
3	75.0	14.0	cdf	16.0
3	82.5	16.5	cdf	18.5
3	90.0	22.0	cdf	22.0
3	30.0	10.0	cdf	11.0
3	60.0	12.5	cdf	13.0
3	127.5	33.0	cdf	31.5
3	52.5	13.0	cdf	12.5
3	67.5	17.0	cdf	14.0
3	135.0	32.0	cdf	32.0
3	82.5	20.5	cdf	18.5
3	112.5	34.0	cdf	30.0
3	37.5	13.0	cdf	11.5
3	150.0	33.0	cdf	33.0
3	60.0	17.0	cdf	13.0
3	90.0	22.5	cdf	22.0
3	165.0	35.0	cdf	36.0
3	157.5	35.0	cdf	34.0
3	105.0	33.0	cdf	28.0
3	75.0	18.5	cdf	16.0
3	142.5	37.5	cdf	32.5
3	15.0	9.5	cdf	8.0
3	45.0	12.5	cdf	12.0
3	172.5	38.0	cdf	38.5
3	22.5	8.0	cdf	10.0
3	30.0	13.0	cdf	11.0
3	7.5	6.5	cdf	5.5
3	127.5	35.0	cdf	31.5
3	120.0	32.5	cdf	31.0
3	75.0	16.0	cdf	16.0
3	120.0	29.5	cdf	31.0
3	67.5	12.5	cdf	14.0
3	52.5	12.5	cdf	12.5
3	37.5	13.5	cdf	11.5
3	150.0	32.5	cdf	33.0
3	82.5	18.5	cdf	18.5
3	142.5	34.5	cdf	32.5
3	135.0	34.0	cdf	32.0
3	90.0	21.5	cdf	22.0
3	60.0	13.0	cdf	13.0
3	22.5	13.0	cdf	10.0
3	157.5	34.5	cdf	34.0
3	165.0	36.0	cdf	36.0
3	15.0	9.0	cdf	8.0
3	127.5	34.5	cdf	31.5
3	172.5	38.5	cdf	38.5
3	30.0	12.5	cdf	11.0
3	105.0	30.0	cdf	28.0
3	7.5	6.0	cdf	5.5
3	97.5	24.0	cdf	25.5
3	112.5	33.5	cdf	30.0
4	127.5	32.5	cdf	31.5
4	97.5	25.5	cdf	25.5
4	75.0	14.0	cdf	16.0
4	22.5	10.0	cdf	10.0
4	82.5	16.0	cdf	18.5
4	90.0	22.0	cdf	22.0
4	37.5	11.0	cdf	11.5
4	67.5	13.0	cdf	14.0
4	15.0	10.0	cdf	8.0
4	52.5	12.0	cdf	12.5
4	60.0	12.0	cdf	13.0
4	105.0	31.5	cdf	28.0
4	7.5	5.5	cdf	5.5
4	30.0	11.0	cdf	11.0
4	120.0	30.5	cdf	31.0
4	112.5	31.5	cdf	30.0
4	172.5	38.5	cdf	38.5
4	52.5	12.5	cdf	12.5
4	45.0	12.0	cdf	12.0
4	120.0	31.0	cdf	31.0
4	135.0	32.0	cdf	32.0
4	165.0	36.0	cdf	36.0
4	7.5	5.5	cdf	5.5
4	90.0	22.0	cdf	22.0
4	37.5	11.5	cdf	11.5
4	142.5	32.0	cdf	32.5
4	82.5	18.0	cdf	18.5
4	97.5	28.0	cdf	25.5
4	172.5	38.5	cdf	38.5
4	67.5	13.0	cdf	14.0
4	112.5	31.0	cdf	30.0
4	30.0	11.0	cdf	11.0
4	60.0	13.0	cdf	13.0
4	7.5	8.0	cdf	5.5
4	15.0	10.0	cdf	8.0
4	112.5	31.0	cdf	30.0
4	150.0	32.0	cdf	33.0
4	105.0	28.0	cdf	28.0
4	60.0	12.0	cdf	13.0
4	97.5	25.5	cdf	25.5
4	165.0	36.0	cdf	36.0
4	135.0	32.5	cdf	32.0
4	90.0	22.0	cdf	22.0
4	142.5	32.0	cdf	32.5
4	22.5	11.0	cdf	10.0
4	67.5	14.0	cdf	14.0
4	37.5	12.0	cdf	11.5
4	30.0	12.0	cdf	11.0
4	75.0	13.0	cdf	16.0
4	127.5	31.5	cdf	31.5
4	82.5	18.5	cdf	18.5
4	52.5	12.5	cdf	12.5
4	67.5	12.5	cdf	14.0
4	150.0	32.0	cdf	33.0
4	135.0	31.5	cdf	32.0
4	165.0	36.0	cdf	36.0
4	22.5	9.0	cdf	10.0
4	90.0	22.0	cdf	22.0
4	127.5	31.5	cdf	31.5
4	142.5	32.0	cdf	32.5
4	30.0	12.0	cdf	11.0
4	112.5	31.5	cdf	30.0
4	37.5	11.0	cdf	11.5
4	15.0	10.0	cdf	8.0
4	120.0	31.0	cdf	31.0
4	157.5	36.5	cdf	34.0
4	75.0	16.0	cdf	16.0
4	97.5	28.0	cdf	25.5
4	7.5	8.0	cdf	5.5
4	120.0	31.0	cdf	31.0
4	60.0	13.0	cdf	13.0
4	127.5	31.0	cdf	31.5
4	112.5	31.0	cdf	30.0
4	37.5	11.0	cdf	11.5
4	22.5	11.0	cdf	10.0
4	135.0	32.0	cdf	32.0
4	52.5	13.0	cdf	12.5
4	7.5	8.0	cdf	5.5
4	150.0	32.0	cdf	33.0
4	90.0	22.0	cdf	22.0
4	82.5	18.5	cdf	18.5
4	30.0	11.0	cdf	11.0
4	97.5	25.5	cdf	25.5
4	15.0	10.0	cdf	8.0
4	172.5	38.5	cdf	38.5
4	142.5	32.0	cdf	32.5
4	165.0	32.0	cdf	36.0
4	67.5	16.0	cdf	14.0
4	105.0	31.0	cdf	28.0
4	135.0	32.0	cdf	32.0
4	52.5	12.0	cdf	12.5
4	165.0	36.0	cdf	36.0
4	60.0	13.5	cdf	13.0
4	120.0	31.0	cdf	31.0
4	15.0	10.0	cdf	8.0
4	142.5	32.0	cdf	32.5
4	112.5	31.0	cdf	30.0
4	30.0	11.0	cdf	11.0
4	127.5	31.0	cdf	31.5
4	75.0	16.0	cdf	16.0
4	22.5	11.0	cdf	10.0
4	157.5	33.5	cdf	34.0
4	67.5	13.0	cdf	14.0
4	82.5	18.5	cdf	18.5
4	45.0	11.5	cdf	12.0
4	37.5	12.0	cdf	11.5
4	150.0	32.5	cdf	33.0
4	97.5	28.0	cdf	25.5
4	7.5	5.5	cdf	5.5
4	90.0	22.0	cdf	22.0
4	67.5	12.5	cdf	14.0
4	82.5	16.0	cdf	18.5
4	52.5	13.5	cdf	12.5
4	97.5	28.0	cdf	25.5
4	60.0	13.0	cdf	13.0
4	45.0	12.0	cdf	12.0
4	90.0	22.0	cdf	22.0
4	30.0	11.5	cdf	11.0
4	112.5	28.0	cdf	30.0
4	150.0	33.0	cdf	33.0
4	135.0	31.5	cdf	32.0
4	7.5	5.5	cdf	5.5
4	105.0	28.0	cdf	28.0
4	37.5	12.0	cdf	11.5
4	127.5	32.0	cdf	31.5
4	172.5	38.5	cdf	38.5
4	75.0	16.0	cdf	16.0
4	120.0	28.5	cdf	31.0
4	22.5	11.0	cdf	10.0
4	15.0	10.0	cdf	8.0
4	165.0	36.0	cdf	36.0
4	142.5	32.0	cdf	32.5
4	157.5	33.0	cdf	34.0
4	90.0	22.0	cdf	22.0
4	112.5	28.0	cdf	30.0
4	165.0	38.5	cdf	36.0
4	67.5	13.0	cdf	14.0
4	52.5	11.5	cdf	12.5
4	37.5	12.0	cdf	11.5
4	127.5	31.5	cdf	31.5
4	7.5	8.0	cdf	5.5
4	150.0	32.5	cdf	33.0
4	97.5	25.5	cdf	25.5
4	30.0	11.5	cdf	11.0
4	22.5	11.0	cdf	10.0
4	142.5	31.5	cdf	32.5
4	75.0	16.0	cdf	16.0
4	105.0	25.0	cdf	28.0
4	82.5	16.0	cdf	18.5
4	120.0	31.0	cdf	31.0
4	45.0	11.5	cdf	12.0
4	15.0	10.5	cdf	8.0
4	60.0	12.0	cdf	13.0
4	172.5	38.5	cdf	38.5
4	172.5	41.5	inverse_cdf	41.5
4	82.5	21.5	inverse_cdf	21.5
4	97.5	22.5	inverse_cdf	22.5
4	120.0	25.5	inverse_cdf	25.5
4	37.5	7.5	inverse_cdf	7.5
4	157.5	39.5	inverse_cdf	40.0
4	52.5	11.5	inverse_cdf	16.0
4	7.5	2.5	inverse_cdf	2.5
4	112.5	23.0	inverse_cdf	24.0
4	127.5	32.5	inverse_cdf	28.0
4	142.5	32.5	inverse_cdf	36.5
4	135.0	32.5	inverse_cdf	32.5
4	22.5	5.0	inverse_cdf	4.0
4	60.0	16.0	inverse_cdf	18.5
4	90.0	22.0	inverse_cdf	22.0
4	165.0	39.0	inverse_cdf	41.0
4	15.0	3.0	inverse_cdf	3.0
4	75.0	20.0	inverse_cdf	21.0
4	30.0	5.0	inverse_cdf	5.0
4	105.0	23.0	inverse_cdf	23.0
4	67.5	18.5	inverse_cdf	20.0
4	97.5	22.5	inverse_cdf	22.5
4	120.0	28.0	inverse_cdf	25.5
4	52.5	11.5	inverse_cdf	16.0
4	142.5	36.5	inverse_cdf	36.5
4	37.5	7.5	inverse_cdf	7.5
4	112.5	23.0	inverse_cdf	24.0
4	157.5	39.0	inverse_cdf	40.0
4	127.5	28.0	inverse_cdf	28.0
4	105.0	25.5	inverse_cdf	23.0
4	172.5	41.5	inverse_cdf	41.5
4	67.5	20.0	inverse_cdf	20.0
4	15.0	3.0	inverse_cdf	3.0
4	30.0	5.0	inverse_cdf	5.0
4	7.5	3.0	inverse_cdf	2.5
4	22.5	5.0	inverse_cdf	4.0
4	165.0	36.5	inverse_cdf	41.0
4	45.0	11.5	inverse_cdf	11.5
4	90.0	22.0	inverse_cdf	22.0
4	150.0	36.5	inverse_cdf	39.0
4	75.0	21.0	inverse_cdf	21.0
4	135.0	32.0	inverse_cdf	32.5
4	67.5	16.0	inverse_cdf	20.0
4	60.0	11.5	inverse_cdf	18.5
4	120.0	28.0	inverse_cdf	25.5
4	172.5	41.5	inverse_cdf	41.5
4	82.5	21.5	inverse_cdf	21.5
4	112.5	24.0	inverse_cdf	24.0
4	150.0	39.0	inverse_cdf	39.0
4	157.5	39.0	inverse_cdf	40.0
4	90.0	22.0	inverse_cdf	22.0
4	142.5	32.5	inverse_cdf	36.5
4	52.5	11.0	inverse_cdf	16.0
4	45.0	11.5	inverse_cdf	11.5
4	75.0	21.0	inverse_cdf	21.0
4	135.0	32.5	inverse_cdf	32.5
4	7.5	2.5	inverse_cdf	2.5
4	30.0	5.0	inverse_cdf	5.0
4	127.5	24.5	inverse_cdf	28.0
4	15.0	3.0	inverse_cdf	3.0
4	105.0	24.0	inverse_cdf	23.0
4	165.0	41.0	inverse_cdf	41.0
4	37.5	7.5	inverse_cdf	7.5
4	97.5	23.0	inverse_cdf	22.5
4	172.5	41.5	inverse_cdf	41.5
4	30.0	7.5	inverse_cdf	5.0
4	165.0	39.0	inverse_cdf	41.0
4	22.5	5.0	inverse_cdf	4.0
4	135.0	32.5	inverse_cdf	32.5
4	90.0	22.0	inverse_cdf	22.0
4	82.5	21.5	inverse_cdf	21.5
4	67.5	19.0	inverse_cdf	20.0
4	52.5	11.5	inverse_cdf	16.0
4	127.5	28.0	inverse_cdf	28.0
4	105.0	23.5	inverse_cdf	23.0
4	60.0	16.0	inverse_cdf	18.5
4	45.0	7.5	inverse_cdf	11.5
4	15.0	3.0	inverse_cdf	3.0
4	157.5	39.0	inverse_cdf	40.0
4	142.5	36.5	inverse_cdf	36.5
4	97.5	23.0	inverse_cdf	22.5
4	7.5	2.5	inverse_cdf	2.5
4	150.0	36.5	inverse_cdf	39.0
4	120.0	33.0	inverse_cdf	25.5
4	37.5	7.5	inverse_cdf	7.5
4	112.5	28.5	inverse_cdf	24.0
4	135.0	33.0	inverse_cdf	32.5
4	165.0	41.5	inverse_cdf	41.0
4	150.0	36.5	inverse_cdf	39.0
4	157.5	32.5	inverse_cdf	40.0
4	90.0	22.0	inverse_cdf	22.0
4	45.0	11.5	inverse_cdf	11.5
4	112.5	23.5	inverse_cdf	24.0
4	60.0	14.0	inverse_cdf	18.5
4	82.5	21.0	inverse_cdf	21.5
4	97.5	22.5	inverse_cdf	22.5
4	52.5	11.5	inverse_cdf	16.0
4	127.5	30.5	inverse_cdf	28.0
4	15.0	3.0	inverse_cdf	3.0
4	172.5	41.5	inverse_cdf	41.5
4	30.0	8.0	inverse_cdf	5.0
4	7.5	2.5	inverse_cdf	2.5
4	142.5	32.5	inverse_cdf	36.5
4	37.5	7.5	inverse_cdf	7.5
4	75.0	20.0	inverse_cdf	21.0
4	105.0	24.0	inverse_cdf	23.0
4	120.0	25.5	inverse_cdf	25.5
4	120.0	33.5	inverse_cdf	25.5
4	112.5	28.0	inverse_cdf	24.0
4	150.0	39.0	inverse_cdf	39.0
4	135.0	36.5	inverse_cdf	32.5
4	82.5	21.5	inverse_cdf	21.5
4	7.5	2.5	inverse_cdf	2.5
4	142.5	36.5	inverse_cdf	36.5
4	90.0	22.0	inverse_cdf	22.0
4	75.0	21.0	inverse_cdf	21.0
4	127.5	32.5	inverse_cdf	28.0
4	157.5	40.0	inverse_cdf	40.0
4	45.0	11.5	inverse_cdf	11.5
4	165.0	38.5	inverse_cdf	41.0
4	105.0	24.0	inverse_cdf	23.0
4	97.5	22.5	inverse_cdf	22.5
4	60.0	11.5	inverse_cdf	18.5
4	172.5	41.0	inverse_cdf	41.5
4	22.5	5.0	inverse_cdf	4.0
4	37.5	7.5	inverse_cdf	7.5
4	30.0	8.5	inverse_cdf	5.0
4	52.5	16.0	inverse_cdf	16.0
4	67.5	20.5	inverse_cdf	20.0
4	157.5	39.0	inverse_cdf	40.0
4	105.0	23.0	inverse_cdf	23.0
4	142.5	36.5	inverse_cdf	36.5
4	112.5	23.5	inverse_cdf	24.0
4	7.5	2.5	inverse_cdf	2.5
4	45.0	7.5	inverse_cdf	11.5
4	120.0	32.5	inverse_cdf	25.5
4	135.0	36.0	inverse_cdf	32.5
4	67.5	16.0	inverse_cdf	20.0
4	172.5	41.5	inverse_cdf	41.5
4	150.0	39.0	inverse_cdf	39.0
4	52.5	11.5	inverse_cdf	16.0
4	60.0	16.0	inverse_cdf	18.5
4	22.5	5.0	inverse_cdf	4.0
4	165.0	41.0	inverse_cdf	41.0
4	90.0	22.0	inverse_cdf	22.0
4	30.0	7.5	inverse_cdf	5.0
4	75.0	20.0	inverse_cdf	21.0
4	15.0	5.0	inverse_cdf	3.0
4	82.5	21.5	inverse_cdf	21.5
4	37.5	11.5	inverse_cdf	7.5
4	97.5	23.0	inverse_cdf	22.5
4	142.5	33.0	inverse_cdf	36.5
4	75.0	21.0	inverse_cdf	21.0
4	165.0	39.0	inverse_cdf	41.0
4	60.0	16.0	inverse_cdf	18.5
4	127.5	32.5	inverse_cdf	28.0
4	37.5	7.5	inverse_cdf	7.5
4	30.0	5.0	inverse_cdf	5.0
4	45.0	7.5	inverse_cdf	11.5
4	120.0	32.5	inverse_cdf	25.5
4	135.0	32.5	inverse_cdf	32.5
4	150.0	36.5	inverse_cdf	39.0
4	157.5	38.5	inverse_cdf	40.0
4	97.5	22.5	inverse_cdf	22.5
4	22.5	3.5	inverse_cdf	4.0
4	105.0	24.0	inverse_cdf	23.0
4	67.5	16.0	inverse_cdf	20.0
4	172.5	41.5	inverse_cdf	41.5
4	112.5	25.5	inverse_cdf	24.0
4	7.5	2.5	inverse_cdf	2.5
4	90.0	22.0	inverse_cdf	22.0
4	82.5	21.5	inverse_cdf	21.5
4	15.0	3.0	inverse_cdf	3.0
4	52.5	11.5	inverse_cdf	16.0
5	165.0	41.0	inverse_cdf	41.0
5	105.0	23.5	inverse_cdf	23.0
5	135.0	33.0	inverse_cdf	32.5
5	22.5	3.5	inverse_cdf	4.0
5	45.0	8.0	inverse_cdf	11.5
5	82.5	21.5	inverse_cdf	21.5
5	112.5	24.5	inverse_cdf	24.0
5	7.5	2.5	inverse_cdf	2.5
5	150.0	36.5	inverse_cdf	39.0
5	157.5	40.0	inverse_cdf	40.0
5	127.5	27.5	inverse_cdf	28.0
5	52.5	11.5	inverse_cdf	16.0
5	60.0	15.5	inverse_cdf	18.5
5	37.5	8.0	inverse_cdf	7.5
5	67.5	20.5	inverse_cdf	20.0
5	90.0	22.0	inverse_cdf	22.0
5	120.0	28.0	inverse_cdf	25.5
5	172.5	42.0	inverse_cdf	41.5
5	172.5	41.0	inverse_cdf	41.5
5	22.5	4.5	inverse_cdf	4.0
5	150.0	37.0	inverse_cdf	39.0
5	135.0	32.5	inverse_cdf	32.5
5	127.5	31.0	inverse_cdf	28.0
5	45.0	7.5	inverse_cdf	11.5
5	105.0	23.0	inverse_cdf	23.0
5	97.5	22.0	inverse_cdf	22.5
5	120.0	26.0	inverse_cdf	25.5
5	165.0	40.5	inverse_cdf	41.0
5	60.0	16.0	inverse_cdf	18.5
5	142.5	36.0	inverse_cdf	36.5
5	90.0	22.0	inverse_cdf	22.0
5	75.0	21.0	inverse_cdf	21.0
5	30.0	7.0	inverse_cdf	5.0
5	112.5	23.5	inverse_cdf	24.0
5	67.5	17.5	inverse_cdf	20.0
5	7.5	2.5	inverse_cdf	2.5
5	82.5	21.0	inverse_cdf	21.5
5	37.5	7.0	inverse_cdf	7.5
5	157.5	40.0	inverse_cdf	40.0
5	52.5	20.5	inverse_cdf	16.0
5	150.0	38.0	inverse_cdf	39.0
5	142.5	36.0	inverse_cdf	36.5
5	112.5	24.5	inverse_cdf	24.0
5	135.0	27.5	inverse_cdf	32.5
5	60.0	15.5	inverse_cdf	18.5
5	30.0	8.0	inverse_cdf	5.0
5	172.5	42.0	inverse_cdf	41.5
5	90.0	23.0	inverse_cdf	22.0
5	67.5	16.0	inverse_cdf	20.0
5	120.0	30.0	inverse_cdf	25.5
5	52.5	10.5	inverse_cdf	16.0
5	7.5	1.5	inverse_cdf	2.5
5	97.5	22.0	inverse_cdf	22.5
5	157.5	39.0	inverse_cdf	40.0
5	105.0	24.0	inverse_cdf	23.0
5	37.5	12.0	inverse_cdf	7.5
5	22.5	7.0	inverse_cdf	4.0
5	15.0	3.5	inverse_cdf	3.0
5	165.0	41.0	inverse_cdf	41.0
5	127.5	25.0	inverse_cdf	28.0
5	75.0	18.5	inverse_cdf	21.0
5	82.5	21.0	inverse_cdf	21.5
5	7.5	3.0	inverse_cdf	2.5
5	142.5	27.0	inverse_cdf	36.5
5	82.5	21.5	inverse_cdf	21.5
5	67.5	18.0	inverse_cdf	20.0
5	60.0	12.0	inverse_cdf	18.5
5	105.0	24.0	inverse_cdf	23.0
5	45.0	16.0	inverse_cdf	11.5
5	75.0	20.0	inverse_cdf	21.0
5	15.0	3.0	inverse_cdf	3.0
5	90.0	22.0	inverse_cdf	22.0
5	52.5	12.0	inverse_cdf	16.0
5	150.0	39.0	inverse_cdf	39.0
5	165.0	41.0	inverse_cdf	41.0
5	120.0	24.0	inverse_cdf	25.5
5	112.5	23.5	inverse_cdf	24.0
5	127.5	29.0	inverse_cdf	28.0
5	135.0	32.0	inverse_cdf	32.5
5	22.5	4.0	inverse_cdf	4.0
5	30.0	5.0	inverse_cdf	5.0
5	37.5	7.0	inverse_cdf	7.5
5	157.5	40.5	inverse_cdf	40.0
5	97.5	22.5	inverse_cdf	22.5
5	172.5	41.5	inverse_cdf	41.5
5	135.0	36.5	inverse_cdf	32.5
5	52.5	16.5	inverse_cdf	16.0
5	75.0	21.0	inverse_cdf	21.0
5	165.0	41.0	inverse_cdf	41.0
5	172.5	41.5	inverse_cdf	41.5
5	82.5	21.5	inverse_cdf	21.5
5	157.5	40.0	inverse_cdf	40.0
5	150.0	39.0	inverse_cdf	39.0
5	60.0	17.5	inverse_cdf	18.5
5	127.5	29.0	inverse_cdf	28.0
5	105.0	23.5	inverse_cdf	23.0
5	15.0	8.0	inverse_cdf	3.0
5	142.5	36.0	inverse_cdf	36.5
5	22.5	5.0	inverse_cdf	4.0
5	67.5	20.0	inverse_cdf	20.0
5	37.5	7.0	inverse_cdf	7.5
5	90.0	22.0	inverse_cdf	22.0
5	7.5	2.5	inverse_cdf	2.5
5	30.0	5.0	inverse_cdf	5.0
5	120.0	25.0	inverse_cdf	25.5
5	45.0	11.5	inverse_cdf	11.5
5	112.5	21.5	inverse_cdf	24.0
5	97.5	22.5	inverse_cdf	22.5
5	135.0	32.0	inverse_cdf	32.5
5	37.5	8.0	inverse_cdf	7.5
5	172.5	42.0	inverse_cdf	41.5
5	82.5	21.5	inverse_cdf	21.5
5	157.5	41.0	inverse_cdf	40.0
5	75.0	21.0	inverse_cdf	21.0
5	112.5	24.0	inverse_cdf	24.0
5	90.0	22.0	inverse_cdf	22.0
5	60.0	14.5	inverse_cdf	18.5
5	45.0	7.5	inverse_cdf	11.5
5	120.0	25.0	inverse_cdf	25.5
5	52.5	12.5	inverse_cdf	16.0
5	15.0	3.5	inverse_cdf	3.0
5	150.0	39.5	inverse_cdf	39.0
5	67.5	19.5	inverse_cdf	20.0
5	105.0	23.0	inverse_cdf	23.0
5	22.5	5.0	inverse_cdf	4.0
5	127.5	29.0	inverse_cdf	28.0
5	7.5	2.5	inverse_cdf	2.5
5	165.0	41.0	inverse_cdf	41.0
5	142.5	36.0	inverse_cdf	36.5
5	30.0	7.5	inverse_cdf	5.0
5	97.5	22.0	inverse_cdf	22.5
5	90.0	20.5	inverse_cdf	22.0
5	172.5	40.0	inverse_cdf	41.5
5	60.0	16.0	inverse_cdf	18.5
5	157.5	38.5	inverse_cdf	40.0
5	105.0	22.5	inverse_cdf	23.0
5	52.5	16.5	inverse_cdf	16.0
5	142.5	38.5	inverse_cdf	36.5
5	150.0	38.5	inverse_cdf	39.0
5	67.5	13.0	inverse_cdf	20.0
5	30.0	6.5	inverse_cdf	5.0
5	45.0	11.5	inverse_cdf	11.5
5	112.5	23.5	inverse_cdf	24.0
5	22.5	4.0	inverse_cdf	4.0
5	75.0	21.0	inverse_cdf	21.0
5	7.5	1.5	inverse_cdf	2.5
5	165.0	41.0	inverse_cdf	41.0
5	82.5	21.0	inverse_cdf	21.5
5	97.5	23.5	inverse_cdf	22.5
5	15.0	4.5	inverse_cdf	3.0
5	120.0	31.0	inverse_cdf	25.5
5	135.0	36.5	inverse_cdf	32.5
5	37.5	11.5	inverse_cdf	7.5
5	7.5	2.0	inverse_cdf	2.5
5	172.5	41.5	inverse_cdf	41.5
5	112.5	25.0	inverse_cdf	24.0
5	75.0	20.0	inverse_cdf	21.0
5	157.5	40.0	inverse_cdf	40.0
5	67.5	20.0	inverse_cdf	20.0
5	15.0	2.5	inverse_cdf	3.0
5	37.5	12.0	inverse_cdf	7.5
5	90.0	22.0	inverse_cdf	22.0
5	165.0	41.0	inverse_cdf	41.0
5	135.0	32.0	inverse_cdf	32.5
5	22.5	5.5	inverse_cdf	4.0
5	60.0	20.0	inverse_cdf	18.5
5	127.5	32.5	inverse_cdf	28.0
5	97.5	22.5	inverse_cdf	22.5
5	30.0	5.0	inverse_cdf	5.0
5	105.0	23.0	inverse_cdf	23.0
5	142.5	36.0	inverse_cdf	36.5
5	52.5	12.0	inverse_cdf	16.0
5	150.0	37.0	inverse_cdf	39.0
5	82.5	20.5	inverse_cdf	21.5
5	45.0	11.0	inverse_cdf	11.5
5	120.0	28.0	inverse_cdf	25.5
5	127.5	31.5	cdf	31.5
5	172.5	38.5	cdf	38.5
5	60.0	14.0	cdf	13.0
5	7.5	5.5	cdf	5.5
5	142.5	34.0	cdf	32.5
5	67.5	13.0	cdf	14.0
5	22.5	10.0	cdf	10.0
5	112.5	29.0	cdf	30.0
5	52.5	12.0	cdf	12.5
5	165.0	36.0	cdf	36.0
5	105.0	28.0	cdf	28.0
5	150.0	33.5	cdf	33.0
5	37.5	12.0	cdf	11.5
5	120.0	31.0	cdf	31.0
5	135.0	32.0	cdf	32.0
5	90.0	22.0	cdf	22.0
5	30.0	10.0	cdf	11.0
5	157.5	33.5	cdf	34.0
5	45.0	12.0	cdf	12.0
5	82.5	19.5	cdf	18.5
5	15.0	8.0	cdf	8.0
5	75.0	13.0	cdf	16.0
5	135.0	32.5	cdf	32.0
5	15.0	8.0	cdf	8.0
5	127.5	29.0	cdf	31.5
5	52.5	12.5	cdf	12.5
5	7.5	5.5	cdf	5.5
5	172.5	38.5	cdf	38.5
5	142.5	33.5	cdf	32.5
5	157.5	36.0	cdf	34.0
5	45.0	12.5	cdf	12.0
5	90.0	21.5	cdf	22.0
5	112.5	28.0	cdf	30.0
5	165.0	36.0	cdf	36.0
5	82.5	18.5	cdf	18.5
5	97.5	25.5	cdf	25.5
5	60.0	13.0	cdf	13.0
5	37.5	11.5	cdf	11.5
5	22.5	11.5	cdf	10.0
5	120.0	31.0	cdf	31.0
5	30.0	11.5	cdf	11.0
5	75.0	16.0	cdf	16.0
5	150.0	36.0	cdf	33.0
5	67.5	13.0	cdf	14.0
5	105.0	27.5	cdf	28.0
5	37.5	11.5	cdf	11.5
5	120.0	28.0	cdf	31.0
5	112.5	28.5	cdf	30.0
5	157.5	36.0	cdf	34.0
5	60.0	13.0	cdf	13.0
5	90.0	22.5	cdf	22.0
5	165.0	36.0	cdf	36.0
5	105.0	28.5	cdf	28.0
5	30.0	12.0	cdf	11.0
5	52.5	12.0	cdf	12.5
5	45.0	13.0	cdf	12.0
5	150.0	34.0	cdf	33.0
5	82.5	18.5	cdf	18.5
5	142.5	34.0	cdf	32.5
5	15.0	8.0	cdf	8.0
5	97.5	25.0	cdf	25.5
5	127.5	32.0	cdf	31.5
5	7.5	5.0	cdf	5.5
5	135.0	32.5	cdf	32.0
5	22.5	11.5	cdf	10.0
5	172.5	38.5	cdf	38.5
5	67.5	14.0	cdf	14.0
5	105.0	25.5	cdf	28.0
5	7.5	5.5	cdf	5.5
5	30.0	10.5	cdf	11.0
5	67.5	13.0	cdf	14.0
5	112.5	30.0	cdf	30.0
5	37.5	12.0	cdf	11.5
5	157.5	35.5	cdf	34.0
5	142.5	33.0	cdf	32.5
5	45.0	12.5	cdf	12.0
5	165.0	36.0	cdf	36.0
5	22.5	10.5	cdf	10.0
5	97.5	27.5	cdf	25.5
5	52.5	13.0	cdf	12.5
5	75.0	15.5	cdf	16.0
5	135.0	32.5	cdf	32.0
5	150.0	34.0	cdf	33.0
5	82.5	18.5	cdf	18.5
5	60.0	13.0	cdf	13.0
5	172.5	38.5	cdf	38.5
5	120.0	30.0	cdf	31.0
5	15.0	8.5	cdf	8.0
5	127.5	31.0	cdf	31.5
5	90.0	22.0	cdf	22.0
5	90.0	22.5	cdf	22.0
5	172.5	38.5	cdf	38.5
5	157.5	36.0	cdf	34.0
5	165.0	37.5	cdf	36.0
5	105.0	28.0	cdf	28.0
5	112.5	30.0	cdf	30.0
5	7.5	5.5	cdf	5.5
5	150.0	34.0	cdf	33.0
5	22.5	10.5	cdf	10.0
5	60.0	12.5	cdf	13.0
5	127.5	31.0	cdf	31.5
5	45.0	12.0	cdf	12.0
5	135.0	32.0	cdf	32.0
5	82.5	18.0	cdf	18.5
5	37.5	10.5	cdf	11.5
5	67.5	13.5	cdf	14.0
5	30.0	10.0	cdf	11.0
5	52.5	12.5	cdf	12.5
5	97.5	25.0	cdf	25.5
5	120.0	31.5	cdf	31.0
5	142.5	34.5	cdf	32.5
5	75.0	16.0	cdf	16.0
5	15.0	7.5	cdf	8.0
5	67.5	14.5	cdf	14.0
5	142.5	33.0	cdf	32.5
5	15.0	8.0	cdf	8.0
5	75.0	18.5	cdf	16.0
5	172.5	38.5	cdf	38.5
5	157.5	36.0	cdf	34.0
5	97.5	25.0	cdf	25.5
5	127.5	31.0	cdf	31.5
5	150.0	34.0	cdf	33.0
5	112.5	30.0	cdf	30.0
5	7.5	5.5	cdf	5.5
5	22.5	10.5	cdf	10.0
5	30.0	11.5	cdf	11.0
5	165.0	35.5	cdf	36.0
5	45.0	12.5	cdf	12.0
5	90.0	22.0	cdf	22.0
5	120.0	31.0	cdf	31.0
5	135.0	32.0	cdf	32.0
5	52.5	12.5	cdf	12.5
5	82.5	18.0	cdf	18.5
5	60.0	13.0	cdf	13.0
5	105.0	28.0	cdf	28.0
5	37.5	12.0	cdf	11.5
5	45.0	12.5	cdf	12.0
5	127.5	31.0	cdf	31.5
5	172.5	38.5	cdf	38.5
5	105.0	28.0	cdf	28.0
5	142.5	32.0	cdf	32.5
5	60.0	12.5	cdf	13.0
5	120.0	31.5	cdf	31.0
5	52.5	12.5	cdf	12.5
5	165.0	36.0	cdf	36.0
5	75.0	18.5	cdf	16.0
5	135.0	31.0	cdf	32.0
5	82.5	18.5	cdf	18.5
5	112.5	29.5	cdf	30.0
5	30.0	10.5	cdf	11.0
5	15.0	8.0	cdf	8.0
5	67.5	14.0	cdf	14.0
5	150.0	34.0	cdf	33.0
5	90.0	22.0	cdf	22.0
5	22.5	10.0	cdf	10.0
5	7.5	5.5	cdf	5.5
5	157.5	34.0	cdf	34.0
5	37.5	11.5	cdf	11.5
5	97.5	25.5	cdf	25.5
5	15.0	8.0	cdf	8.0
5	127.5	31.0	cdf	31.5
5	97.5	25.0	cdf	25.5
5	67.5	13.0	cdf	14.0
5	135.0	32.5	cdf	32.0
5	60.0	13.0	cdf	13.0
5	165.0	36.0	cdf	36.0
5	90.0	22.0	cdf	22.0
5	112.5	29.5	cdf	30.0
5	37.5	12.0	cdf	11.5
5	105.0	27.5	cdf	28.0
5	142.5	33.0	cdf	32.5
5	82.5	19.0	cdf	18.5
5	52.5	13.0	cdf	12.5
5	157.5	34.0	cdf	34.0
5	45.0	12.5	cdf	12.0
5	75.0	16.0	cdf	16.0
5	7.5	5.5	cdf	5.5
5	172.5	38.5	cdf	38.5
5	150.0	34.0	cdf	33.0
5	120.0	31.0	cdf	31.0
5	22.5	10.0	cdf	10.0
5	30.0	11.0	cdf	11.0
6	37.5	11.0	cdf	11.5
6	120.0	31.0	cdf	31.0
6	157.5	35.5	cdf	34.0
6	30.0	10.0	cdf	11.0
6	60.0	14.0	cdf	13.0
6	7.5	5.5	cdf	5.5
6	15.0	8.0	cdf	8.0
6	82.5	18.5	cdf	18.5
6	172.5	38.5	cdf	38.5
6	90.0	22.0	cdf	22.0
6	75.0	16.0	cdf	16.0
6	52.5	12.5	cdf	12.5
6	142.5	32.0	cdf	32.5
6	22.5	10.0	cdf	10.0
6	67.5	12.0	cdf	14.0
6	45.0	11.0	cdf	12.0
6	105.0	29.0	cdf	28.0
6	142.5	33.0	cdf	32.5
6	127.5	31.5	cdf	31.5
6	172.5	38.5	cdf	38.5
6	105.0	28.0	cdf	28.0
6	45.0	12.0	cdf	12.0
6	82.5	18.5	cdf	18.5
6	120.0	31.0	cdf	31.0
6	37.5	11.0	cdf	11.5
6	52.5	13.0	cdf	12.5
6	22.5	10.0	cdf	10.0
6	15.0	9.0	cdf	8.0
6	90.0	22.0	cdf	22.0
6	165.0	36.0	cdf	36.0
6	97.5	25.5	cdf	25.5
6	30.0	12.0	cdf	11.0
6	67.5	16.0	cdf	14.0
6	135.0	30.5	cdf	32.0
6	75.0	14.0	cdf	16.0
6	150.0	33.0	cdf	33.0
6	7.5	5.5	cdf	5.5
6	60.0	13.0	cdf	13.0
6	112.5	28.5	cdf	30.0
6	172.5	38.5	cdf	38.5
6	105.0	30.5	cdf	28.0
6	30.0	10.0	cdf	11.0
6	82.5	16.0	cdf	18.5
6	127.5	32.5	cdf	31.5
6	15.0	8.0	cdf	8.0
6	165.0	36.0	cdf	36.0
6	52.5	13.0	cdf	12.5
6	142.5	32.5	cdf	32.5
6	112.5	31.0	cdf	30.0
6	75.0	14.0	cdf	16.0
6	90.0	22.0	cdf	22.0
6	45.0	11.5	cdf	12.0
6	7.5	5.5	cdf	5.5
6	135.0	32.0	cdf	32.0
6	67.5	13.0	cdf	14.0
6	120.0	31.0	cdf	31.0
6	37.5	10.5	cdf	11.5
6	97.5	25.5	cdf	25.5
6	157.5	36.0	cdf	34.0
6	60.0	12.5	cdf	13.0
6	157.5	34.0	cdf	34.0
6	15.0	8.0	cdf	8.0
6	97.5	25.5	cdf	25.5
6	75.0	16.0	cdf	16.0
6	112.5	31.5	cdf	30.0
6	172.5	38.5	cdf	38.5
6	142.5	33.0	cdf	32.5
6	60.0	12.0	cdf	13.0
6	90.0	22.0	cdf	22.0
6	127.5	31.0	cdf	31.5
6	52.5	10.5	cdf	12.5
6	105.0	25.5	cdf	28.0
6	45.0	10.0	cdf	12.0
6	30.0	8.0	cdf	11.0
6	135.0	32.5	cdf	32.0
6	165.0	36.0	cdf	36.0
6	67.5	16.0	cdf	14.0
6	150.0	36.0	cdf	33.0
6	22.5	8.0	cdf	10.0
6	82.5	18.5	cdf	18.5
6	7.5	5.5	cdf	5.5
6	120.0	28.5	cdf	31.0
6	30.0	10.0	cdf	11.0
6	135.0	33.0	cdf	32.0
6	105.0	28.0	cdf	28.0
6	15.0	8.0	cdf	8.0
6	90.0	22.0	cdf	22.0
6	82.5	18.5	cdf	18.5
6	142.5	33.5	cdf	32.5
6	75.0	15.5	cdf	16.0
6	60.0	11.5	cdf	13.0
6	52.5	12.0	cdf	12.5
6	172.5	39.0	cdf	38.5
6	150.0	34.0	cdf	33.0
6	45.0	10.5	cdf	12.0
6	127.5	31.5	cdf	31.5
6	22.5	7.0	cdf	10.0
6	37.5	10.0	cdf	11.5
6	127.5	32.0	cdf	31.5
6	97.5	25.0	cdf	25.5
6	150.0	34.0	cdf	33.0
6	60.0	12.0	cdf	13.0
6	37.5	10.0	cdf	11.5
6	75.0	18.0	cdf	16.0
6	67.5	16.0	cdf	14.0
6	7.5	5.5	cdf	5.5
6	142.5	32.5	cdf	32.5
6	90.0	22.0	cdf	22.0
6	15.0	8.0	cdf	8.0
6	30.0	10.0	cdf	11.0
6	157.5	36.0	cdf	34.0
6	112.5	28.0	cdf	30.0
6	82.5	18.0	cdf	18.5
6	120.0	30.5	cdf	31.0
6	45.0	10.0	cdf	12.0
6	52.5	13.0	cdf	12.5
6	22.5	8.0	cdf	10.0
6	105.0	25.5	cdf	28.0
6	135.0	33.0	cdf	32.0
6	165.0	36.0	cdf	36.0
6	22.5	7.5	cdf	10.0
6	60.0	12.5	cdf	13.0
6	150.0	36.0	cdf	33.0
6	52.5	11.0	cdf	12.5
6	97.5	25.5	cdf	25.5
6	30.0	8.0	cdf	11.0
6	112.5	28.5	cdf	30.0
6	135.0	32.5	cdf	32.0
6	142.5	35.5	cdf	32.5
6	15.0	7.5	cdf	8.0
6	157.5	36.0	cdf	34.0
6	45.0	13.0	cdf	12.0
6	172.5	38.5	cdf	38.5
6	82.5	18.5	cdf	18.5
6	120.0	31.5	cdf	31.0
6	127.5	32.0	cdf	31.5
6	75.0	16.0	cdf	16.0
6	165.0	36.0	cdf	36.0
6	90.0	22.0	cdf	22.0
6	37.5	10.0	cdf	11.5
6	7.5	5.5	cdf	5.5
6	112.5	27.5	cdf	30.0
6	127.5	32.0	cdf	31.5
6	150.0	36.0	cdf	33.0
6	142.5	34.0	cdf	32.5
6	67.5	13.5	cdf	14.0
6	172.5	38.5	cdf	38.5
6	30.0	10.0	cdf	11.0
6	82.5	18.5	cdf	18.5
6	37.5	11.0	cdf	11.5
6	135.0	34.0	cdf	32.0
6	120.0	31.5	cdf	31.0
6	165.0	36.0	cdf	36.0
6	60.0	10.5	cdf	13.0
6	22.5	8.0	cdf	10.0
6	75.0	16.0	cdf	16.0
6	15.0	8.0	cdf	8.0
6	97.5	25.5	cdf	25.5
6	7.5	5.5	cdf	5.5
6	105.0	28.0	cdf	28.0
6	52.5	11.0	cdf	12.5
6	157.5	36.0	cdf	34.0
6	45.0	11.0	cdf	12.0
6	142.5	36.5	inverse_cdf	36.5
6	15.0	3.0	inverse_cdf	3.0
6	7.5	2.5	inverse_cdf	2.5
6	120.0	28.0	inverse_cdf	25.5
6	135.0	35.5	inverse_cdf	32.5
6	52.5	11.5	inverse_cdf	16.0
6	37.5	11.5	inverse_cdf	7.5
6	157.5	39.0	inverse_cdf	40.0
6	90.0	22.0	inverse_cdf	22.0
6	165.0	41.0	inverse_cdf	41.0
6	105.0	23.0	inverse_cdf	23.0
6	112.5	24.0	inverse_cdf	24.0
6	22.5	5.0	inverse_cdf	4.0
6	45.0	16.0	inverse_cdf	11.5
6	75.0	21.0	inverse_cdf	21.0
6	82.5	21.5	inverse_cdf	21.5
6	172.5	41.5	inverse_cdf	41.5
6	97.5	23.0	inverse_cdf	22.5
6	67.5	16.0	inverse_cdf	20.0
6	75.0	21.0	inverse_cdf	21.0
6	142.5	38.5	inverse_cdf	36.5
6	90.0	22.0	inverse_cdf	22.0
6	37.5	7.0	inverse_cdf	7.5
6	7.5	3.0	inverse_cdf	2.5
6	105.0	23.0	inverse_cdf	23.0
6	172.5	41.0	inverse_cdf	41.5
6	120.0	26.5	inverse_cdf	25.5
6	150.0	36.5	inverse_cdf	39.0
6	52.5	16.0	inverse_cdf	16.0
6	135.0	32.5	inverse_cdf	32.5
6	97.5	23.0	inverse_cdf	22.5
6	67.5	20.0	inverse_cdf	20.0
6	60.0	16.0	inverse_cdf	18.5
6	30.0	5.0	inverse_cdf	5.0
6	157.5	40.0	inverse_cdf	40.0
6	82.5	21.5	inverse_cdf	21.5
6	45.0	11.5	inverse_cdf	11.5
6	15.0	3.0	inverse_cdf	3.0
6	127.5	28.5	inverse_cdf	28.0
6	165.0	41.5	inverse_cdf	41.0
6	22.5	5.0	inverse_cdf	4.0
6	157.5	39.0	inverse_cdf	40.0
6	60.0	16.0	inverse_cdf	18.5
6	90.0	22.0	inverse_cdf	22.0
6	97.5	23.0	inverse_cdf	22.5
6	67.5	20.0	inverse_cdf	20.0
6	37.5	7.0	inverse_cdf	7.5
6	75.0	21.0	inverse_cdf	21.0
6	142.5	36.5	inverse_cdf	36.5
6	82.5	21.5	inverse_cdf	21.5
6	172.5	41.5	inverse_cdf	41.5
6	45.0	10.0	inverse_cdf	11.5
6	30.0	7.5	inverse_cdf	5.0
6	135.0	36.5	inverse_cdf	32.5
6	112.5	28.0	inverse_cdf	24.0
6	150.0	39.0	inverse_cdf	39.0
6	105.0	23.0	inverse_cdf	23.0
6	127.5	25.0	inverse_cdf	28.0
6	52.5	11.5	inverse_cdf	16.0
6	22.5	4.0	inverse_cdf	4.0
6	150.0	38.0	inverse_cdf	39.0
6	120.0	25.0	inverse_cdf	25.5
6	60.0	16.0	inverse_cdf	18.5
6	45.0	11.5	inverse_cdf	11.5
6	142.5	36.5	inverse_cdf	36.5
6	127.5	32.5	inverse_cdf	28.0
6	67.5	20.0	inverse_cdf	20.0
6	165.0	41.0	inverse_cdf	41.0
6	172.5	41.5	inverse_cdf	41.5
6	82.5	21.5	inverse_cdf	21.5
6	157.5	40.0	inverse_cdf	40.0
6	97.5	23.0	inverse_cdf	22.5
6	52.5	11.0	inverse_cdf	16.0
6	75.0	20.0	inverse_cdf	21.0
6	112.5	24.0	inverse_cdf	24.0
6	105.0	23.5	inverse_cdf	23.0
6	7.5	2.5	inverse_cdf	2.5
6	22.5	5.0	inverse_cdf	4.0
6	37.5	8.0	inverse_cdf	7.5
6	15.0	3.0	inverse_cdf	3.0
6	30.0	7.0	inverse_cdf	5.0
6	90.0	22.0	inverse_cdf	22.0
6	97.5	23.0	inverse_cdf	22.5
6	30.0	5.0	inverse_cdf	5.0
6	45.0	11.5	inverse_cdf	11.5
6	165.0	41.0	inverse_cdf	41.0
6	90.0	22.0	inverse_cdf	22.0
6	172.5	41.5	inverse_cdf	41.5
6	105.0	24.0	inverse_cdf	23.0
6	157.5	39.0	inverse_cdf	40.0
6	142.5	37.5	inverse_cdf	36.5
6	15.0	4.0	inverse_cdf	3.0
6	37.5	7.5	inverse_cdf	7.5
6	112.5	25.5	inverse_cdf	24.0
6	52.5	11.5	inverse_cdf	16.0
6	22.5	4.0	inverse_cdf	4.0
6	150.0	38.5	inverse_cdf	39.0
6	75.0	21.0	inverse_cdf	21.0
6	60.0	16.0	inverse_cdf	18.5
6	120.0	25.5	inverse_cdf	25.5
6	127.5	32.5	inverse_cdf	28.0
6	135.0	28.5	inverse_cdf	32.5
6	82.5	21.5	inverse_cdf	21.5
6	7.5	2.5	inverse_cdf	2.5
6	67.5	20.5	inverse_cdf	20.0
6	127.5	28.0	inverse_cdf	28.0
6	75.0	21.5	inverse_cdf	21.0
6	7.5	3.0	inverse_cdf	2.5
6	157.5	40.5	inverse_cdf	40.0
6	150.0	40.0	inverse_cdf	39.0
6	82.5	21.5	inverse_cdf	21.5
6	120.0	25.5	inverse_cdf	25.5
6	142.5	38.5	inverse_cdf	36.5
6	165.0	41.0	inverse_cdf	41.0
6	105.0	23.0	inverse_cdf	23.0
6	60.0	11.5	inverse_cdf	18.5
6	172.5	41.5	inverse_cdf	41.5
6	135.0	36.5	inverse_cdf	32.5
6	90.0	22.0	inverse_cdf	22.0
6	97.5	23.0	inverse_cdf	22.5
6	45.0	7.5	inverse_cdf	11.5
6	52.5	11.5	inverse_cdf	16.0
6	22.5	5.0	inverse_cdf	4.0
6	37.5	7.0	inverse_cdf	7.5
6	30.0	5.5	inverse_cdf	5.0
6	15.0	3.0	inverse_cdf	3.0
6	112.5	25.0	inverse_cdf	24.0
6	67.5	19.5	inverse_cdf	20.0
6	127.5	32.5	inverse_cdf	28.0
6	97.5	23.0	inverse_cdf	22.5
6	135.0	28.5	inverse_cdf	32.5
6	52.5	11.0	inverse_cdf	16.0
6	75.0	20.5	inverse_cdf	21.0
6	22.5	5.0	inverse_cdf	4.0
6	30.0	5.5	inverse_cdf	5.0
6	60.0	18.5	inverse_cdf	18.5
6	105.0	25.0	inverse_cdf	23.0
6	7.5	3.0	inverse_cdf	2.5
6	90.0	21.0	inverse_cdf	22.0
6	37.5	7.0	inverse_cdf	7.5
6	172.5	41.0	inverse_cdf	41.5
6	112.5	25.0	inverse_cdf	24.0
6	142.5	36.5	inverse_cdf	36.5
6	150.0	36.5	inverse_cdf	39.0
6	45.0	7.5	inverse_cdf	11.5
6	165.0	40.0	inverse_cdf	41.0
6	157.5	39.0	inverse_cdf	40.0
6	15.0	3.0	inverse_cdf	3.0
6	82.5	21.5	inverse_cdf	21.5
6	165.0	41.0	inverse_cdf	41.0
6	90.0	22.0	inverse_cdf	22.0
6	120.0	25.5	inverse_cdf	25.5
6	127.5	32.5	inverse_cdf	28.0
6	97.5	23.0	inverse_cdf	22.5
6	135.0	36.5	inverse_cdf	32.5
6	150.0	39.5	inverse_cdf	39.0
6	52.5	11.0	inverse_cdf	16.0
6	75.0	20.0	inverse_cdf	21.0
6	112.5	25.5	inverse_cdf	24.0
6	157.5	39.0	inverse_cdf	40.0
6	22.5	4.5	inverse_cdf	4.0
6	142.5	36.5	inverse_cdf	36.5
6	15.0	3.0	inverse_cdf	3.0
6	105.0	24.0	inverse_cdf	23.0
6	45.0	6.5	inverse_cdf	11.5
6	37.5	5.5	inverse_cdf	7.5
6	172.5	41.5	inverse_cdf	41.5
6	30.0	5.0	inverse_cdf	5.0
6	82.5	21.0	inverse_cdf	21.5
6	67.5	20.0	inverse_cdf	20.0
6	7.5	2.5	inverse_cdf	2.5
6	60.0	16.0	inverse_cdf	18.5
7	30.0	2.0	inverse_cdf	5.0
7	75.0	9.5	inverse_cdf	21.0
7	135.0	29.5	inverse_cdf	32.5
7	52.5	10.0	inverse_cdf	16.0
7	127.5	22.5	inverse_cdf	28.0
7	165.0	35.5	inverse_cdf	41.0
7	7.5	2.0	inverse_cdf	2.5
7	105.0	22.0	inverse_cdf	23.0
7	37.5	8.0	inverse_cdf	7.5
7	60.0	11.5	inverse_cdf	18.5
7	22.5	3.0	inverse_cdf	4.0
7	142.5	25.0	inverse_cdf	36.5
7	150.0	25.5	inverse_cdf	39.0
7	120.0	21.5	inverse_cdf	25.5
7	15.0	3.0	inverse_cdf	3.0
7	172.5	35.5	inverse_cdf	41.5
7	90.0	19.0	inverse_cdf	22.0
7	112.5	19.0	inverse_cdf	24.0
7	67.5	12.0	inverse_cdf	20.0
7	82.5	15.0	inverse_cdf	21.5
7	157.5	30.5	inverse_cdf	40.0
7	75.0	17.0	inverse_cdf	21.0
7	142.5	29.5	inverse_cdf	36.5
7	52.5	10.0	inverse_cdf	16.0
7	45.0	8.5	inverse_cdf	11.5
7	15.0	1.5	inverse_cdf	3.0
7	82.5	16.5	inverse_cdf	21.5
7	37.5	8.5	inverse_cdf	7.5
7	112.5	22.0	inverse_cdf	24.0
7	172.5	36.5	inverse_cdf	41.5
7	97.5	18.5	inverse_cdf	22.5
7	135.0	25.5	inverse_cdf	32.5
7	157.5	32.0	inverse_cdf	40.0
7	7.5	1.5	inverse_cdf	2.5
7	30.0	3.5	inverse_cdf	5.0
7	150.0	32.5	inverse_cdf	39.0
7	67.5	14.0	inverse_cdf	20.0
7	127.5	24.0	inverse_cdf	28.0
7	120.0	23.0	inverse_cdf	25.5
7	22.5	4.0	inverse_cdf	4.0
7	105.0	23.0	inverse_cdf	23.0
7	60.0	18.5	inverse_cdf	18.5
7	165.0	36.0	inverse_cdf	41.0
7	90.0	20.0	inverse_cdf	22.0
7	67.5	11.5	inverse_cdf	20.0
7	82.5	15.0	inverse_cdf	21.5
7	165.0	36.0	inverse_cdf	41.0
7	172.5	35.5	inverse_cdf	41.5
7	127.5	22.0	inverse_cdf	28.0
7	120.0	22.0	inverse_cdf	25.5
7	45.0	6.0	inverse_cdf	11.5
7	30.0	4.5	inverse_cdf	5.0
7	90.0	19.0	inverse_cdf	22.0
7	37.5	11.0	inverse_cdf	7.5
7	52.5	12.5	inverse_cdf	16.0
7	15.0	4.5	inverse_cdf	3.0
7	157.5	30.5	inverse_cdf	40.0
7	75.0	17.0	inverse_cdf	21.0
7	7.5	0.5	inverse_cdf	2.5
7	97.5	21.0	inverse_cdf	22.5
7	60.0	11.5	inverse_cdf	18.5
7	142.5	24.0	inverse_cdf	36.5
7	112.5	21.5	inverse_cdf	24.0
7	105.0	21.5	inverse_cdf	23.0
7	150.0	33.0	inverse_cdf	39.0
7	135.0	30.5	inverse_cdf	32.5
7	97.5	21.5	inverse_cdf	22.5
7	67.5	10.5	inverse_cdf	20.0
7	15.0	4.0	inverse_cdf	3.0
7	37.5	6.0	inverse_cdf	7.5
7	82.5	17.0	inverse_cdf	21.5
7	165.0	36.0	inverse_cdf	41.0
7	105.0	22.0	inverse_cdf	23.0
7	45.0	7.0	inverse_cdf	11.5
7	22.5	5.5	inverse_cdf	4.0
7	75.0	16.0	inverse_cdf	21.0
7	142.5	27.0	inverse_cdf	36.5
7	90.0	19.0	inverse_cdf	22.0
7	135.0	26.0	inverse_cdf	32.5
7	7.5	2.5	inverse_cdf	2.5
7	30.0	4.0	inverse_cdf	5.0
7	112.5	22.0	inverse_cdf	24.0
7	172.5	38.0	inverse_cdf	41.5
7	60.0	10.0	inverse_cdf	18.5
7	120.0	22.5	inverse_cdf	25.5
7	127.5	25.0	inverse_cdf	28.0
7	52.5	12.0	inverse_cdf	16.0
7	150.0	27.5	inverse_cdf	39.0
7	75.0	12.0	inverse_cdf	21.0
7	112.5	22.5	inverse_cdf	24.0
7	165.0	37.5	inverse_cdf	41.0
7	45.0	10.0	inverse_cdf	11.5
7	30.0	6.0	inverse_cdf	5.0
7	15.0	2.0	inverse_cdf	3.0
7	105.0	22.0	inverse_cdf	23.0
7	52.5	12.0	inverse_cdf	16.0
7	90.0	19.5	inverse_cdf	22.0
7	157.5	35.0	inverse_cdf	40.0
7	37.5	5.5	inverse_cdf	7.5
7	142.5	28.5	inverse_cdf	36.5
7	127.5	24.0	inverse_cdf	28.0
7	120.0	22.5	inverse_cdf	25.5
7	82.5	17.5	inverse_cdf	21.5
7	172.5	35.0	inverse_cdf	41.5
7	67.5	14.5	inverse_cdf	20.0
7	60.0	13.0	inverse_cdf	18.5
7	150.0	29.0	inverse_cdf	39.0
7	97.5	21.0	inverse_cdf	22.5
7	7.5	2.5	inverse_cdf	2.5
7	22.5	4.0	inverse_cdf	4.0
7	105.0	21.0	inverse_cdf	23.0
7	67.5	17.0	inverse_cdf	20.0
7	135.0	27.5	inverse_cdf	32.5
7	157.5	36.0	inverse_cdf	40.0
7	30.0	6.0	inverse_cdf	5.0
7	60.0	11.0	inverse_cdf	18.5
7	97.5	22.5	inverse_cdf	22.5
7	165.0	39.0	inverse_cdf	41.0
7	37.5	7.5	inverse_cdf	7.5
7	120.0	22.5	inverse_cdf	25.5
7	7.5	0.5	inverse_cdf	2.5
7	75.0	13.0	inverse_cdf	21.0
7	15.0	4.0	inverse_cdf	3.0
7	142.5	29.0	inverse_cdf	36.5
7	22.5	2.0	inverse_cdf	4.0
7	150.0	31.5	inverse_cdf	39.0
7	52.5	11.5	inverse_cdf	16.0
7	127.5	28.0	inverse_cdf	28.0
7	112.5	23.0	inverse_cdf	24.0
7	45.0	9.5	inverse_cdf	11.5
7	90.0	19.0	inverse_cdf	22.0
7	82.5	14.0	inverse_cdf	21.5
7	172.5	37.5	inverse_cdf	41.5
7	165.0	30.0	inverse_cdf	41.0
7	90.0	18.5	inverse_cdf	22.0
7	15.0	2.5	inverse_cdf	3.0
7	157.5	32.0	inverse_cdf	40.0
7	60.0	11.0	inverse_cdf	18.5
7	142.5	28.5	inverse_cdf	36.5
7	97.5	20.0	inverse_cdf	22.5
7	37.5	8.5	inverse_cdf	7.5
7	105.0	21.0	inverse_cdf	23.0
7	7.5	2.0	inverse_cdf	2.5
7	172.5	37.5	inverse_cdf	41.5
7	75.0	13.5	inverse_cdf	21.0
7	112.5	23.0	inverse_cdf	24.0
7	127.5	27.0	inverse_cdf	28.0
7	150.0	33.5	inverse_cdf	39.0
7	135.0	25.5	inverse_cdf	32.5
7	45.0	9.0	inverse_cdf	11.5
7	67.5	11.0	inverse_cdf	20.0
7	22.5	3.5	inverse_cdf	4.0
7	52.5	12.5	inverse_cdf	16.0
7	127.5	24.0	inverse_cdf	28.0
7	30.0	5.5	inverse_cdf	5.0
7	135.0	24.5	inverse_cdf	32.5
7	37.5	5.0	inverse_cdf	7.5
7	165.0	34.0	inverse_cdf	41.0
7	82.5	12.5	inverse_cdf	21.5
7	7.5	1.5	inverse_cdf	2.5
7	142.5	26.0	inverse_cdf	36.5
7	60.0	12.5	inverse_cdf	18.5
7	45.0	8.0	inverse_cdf	11.5
7	105.0	21.0	inverse_cdf	23.0
7	90.0	19.5	inverse_cdf	22.0
7	22.5	3.5	inverse_cdf	4.0
7	67.5	11.5	inverse_cdf	20.0
7	112.5	23.0	inverse_cdf	24.0
7	150.0	32.5	inverse_cdf	39.0
7	97.5	20.0	inverse_cdf	22.5
7	52.5	9.0	inverse_cdf	16.0
7	172.5	38.5	inverse_cdf	41.5
7	75.0	14.0	inverse_cdf	21.0
7	120.0	21.5	inverse_cdf	25.5
7	157.5	32.0	inverse_cdf	40.0
7	15.0	1.0	inverse_cdf	3.0
7	15.0	11.0	cdf	8.0
7	112.5	26.0	cdf	30.0
7	52.5	12.5	cdf	12.5
7	7.5	5.5	cdf	5.5
7	150.0	32.0	cdf	33.0
7	90.0	21.5	cdf	22.0
7	30.0	11.0	cdf	11.0
7	105.0	27.5	cdf	28.0
7	142.5	33.5	cdf	32.5
7	97.5	24.5	cdf	25.5
7	75.0	16.0	cdf	16.0
7	172.5	38.5	cdf	38.5
7	120.0	31.5	cdf	31.0
7	135.0	32.0	cdf	32.0
7	37.5	11.5	cdf	11.5
7	82.5	18.0	cdf	18.5
7	157.5	33.0	cdf	34.0
7	127.5	31.0	cdf	31.5
7	67.5	14.0	cdf	14.0
7	45.0	7.5	cdf	12.0
7	30.0	11.0	cdf	11.0
7	150.0	32.0	cdf	33.0
7	105.0	26.5	cdf	28.0
7	157.5	34.0	cdf	34.0
7	15.0	6.0	cdf	8.0
7	7.5	6.0	cdf	5.5
7	67.5	16.5	cdf	14.0
7	60.0	14.5	cdf	13.0
7	172.5	38.5	cdf	38.5
7	127.5	32.5	cdf	31.5
7	135.0	31.5	cdf	32.0
7	37.5	10.5	cdf	11.5
7	90.0	21.5	cdf	22.0
7	112.5	29.0	cdf	30.0
7	22.5	9.5	cdf	10.0
7	82.5	18.0	cdf	18.5
7	52.5	11.0	cdf	12.5
7	120.0	29.5	cdf	31.0
7	165.0	34.0	cdf	36.0
7	45.0	12.0	cdf	12.0
7	142.5	32.0	cdf	32.5
7	135.0	31.5	cdf	32.0
7	67.5	14.0	cdf	14.0
7	142.5	31.0	cdf	32.5
7	97.5	24.5	cdf	25.5
7	165.0	34.0	cdf	36.0
7	90.0	22.0	cdf	22.0
7	112.5	29.0	cdf	30.0
7	127.5	31.0	cdf	31.5
7	22.5	9.5	cdf	10.0
7	172.5	37.5	cdf	38.5
7	60.0	14.0	cdf	13.0
7	120.0	30.5	cdf	31.0
7	75.0	17.0	cdf	16.0
7	7.5	4.0	cdf	5.5
7	105.0	28.0	cdf	28.0
7	37.5	11.5	cdf	11.5
7	150.0	32.0	cdf	33.0
7	45.0	11.5	cdf	12.0
7	15.0	7.5	cdf	8.0
7	157.5	34.0	cdf	34.0
7	82.5	18.5	cdf	18.5
7	165.0	36.0	cdf	36.0
7	37.5	11.5	cdf	11.5
7	30.0	10.0	cdf	11.0
7	127.5	31.5	cdf	31.5
7	120.0	30.0	cdf	31.0
7	45.0	9.5	cdf	12.0
7	97.5	25.0	cdf	25.5
7	15.0	8.5	cdf	8.0
7	135.0	32.0	cdf	32.0
7	157.5	33.0	cdf	34.0
7	150.0	32.5	cdf	33.0
7	112.5	29.0	cdf	30.0
7	52.5	12.5	cdf	12.5
7	22.5	11.5	cdf	10.0
7	105.0	28.0	cdf	28.0
7	172.5	39.5	cdf	38.5
7	60.0	12.0	cdf	13.0
7	67.5	13.0	cdf	14.0
7	7.5	5.5	cdf	5.5
7	142.5	32.5	cdf	32.5
7	82.5	16.5	cdf	18.5
7	90.0	22.0	cdf	22.0
7	75.0	15.5	cdf	16.0
7	52.5	12.5	cdf	12.5
7	105.0	28.5	cdf	28.0
7	112.5	28.5	cdf	30.0
7	120.0	30.0	cdf	31.0
7	165.0	35.5	cdf	36.0
7	75.0	16.5	cdf	16.0
7	127.5	31.5	cdf	31.5
7	45.0	10.5	cdf	12.0
7	67.5	14.5	cdf	14.0
7	30.0	11.0	cdf	11.0
7	90.0	21.5	cdf	22.0
7	97.5	25.5	cdf	25.5
7	60.0	13.5	cdf	13.0
7	7.5	5.5	cdf	5.5
7	22.5	12.0	cdf	10.0
7	157.5	34.5	cdf	34.0
7	135.0	31.0	cdf	32.0
7	150.0	32.5	cdf	33.0
7	142.5	32.5	cdf	32.5
7	172.5	39.0	cdf	38.5
7	52.5	12.0	cdf	12.5
7	30.0	11.5	cdf	11.0
7	90.0	21.5	cdf	22.0
7	112.5	27.0	cdf	30.0
7	150.0	32.0	cdf	33.0
7	82.5	18.0	cdf	18.5
7	127.5	31.0	cdf	31.5
7	120.0	29.5	cdf	31.0
7	105.0	27.5	cdf	28.0
7	67.5	14.5	cdf	14.0
7	75.0	16.0	cdf	16.0
7	142.5	32.0	cdf	32.5
7	97.5	25.0	cdf	25.5
7	135.0	32.5	cdf	32.0
7	60.0	13.5	cdf	13.0
7	165.0	34.0	cdf	36.0
7	15.0	8.0	cdf	8.0
7	172.5	35.5	cdf	38.5
7	37.5	10.0	cdf	11.5
7	22.5	10.5	cdf	10.0
7	7.5	5.5	cdf	5.5
7	157.5	34.0	cdf	34.0
7	45.0	11.5	cdf	12.0
7	157.5	33.5	cdf	34.0
7	7.5	4.5	cdf	5.5
7	52.5	11.5	cdf	12.5
7	67.5	11.0	cdf	14.0
7	15.0	9.5	cdf	8.0
7	97.5	25.0	cdf	25.5
7	135.0	31.0	cdf	32.0
7	142.5	30.5	cdf	32.5
7	75.0	16.0	cdf	16.0
7	127.5	30.0	cdf	31.5
7	30.0	10.5	cdf	11.0
7	45.0	11.5	cdf	12.0
7	37.5	10.5	cdf	11.5
7	165.0	34.5	cdf	36.0
7	60.0	13.5	cdf	13.0
7	22.5	10.5	cdf	10.0
7	90.0	21.0	cdf	22.0
7	172.5	38.5	cdf	38.5
7	105.0	26.5	cdf	28.0
7	112.5	28.0	cdf	30.0
7	82.5	19.0	cdf	18.5
7	120.0	31.5	cdf	31.0
7	15.0	6.5	cdf	8.0
7	30.0	11.0	cdf	11.0
7	165.0	33.5	cdf	36.0
7	105.0	28.0	cdf	28.0
7	120.0	30.0	cdf	31.0
7	172.5	38.0	cdf	38.5
7	37.5	11.5	cdf	11.5
7	60.0	14.0	cdf	13.0
7	142.5	31.5	cdf	32.5
7	97.5	25.5	cdf	25.5
7	82.5	17.0	cdf	18.5
7	112.5	30.5	cdf	30.0
7	75.0	16.0	cdf	16.0
7	150.0	33.5	cdf	33.0
7	90.0	22.0	cdf	22.0
7	157.5	34.0	cdf	34.0
7	127.5	31.5	cdf	31.5
7	22.5	10.0	cdf	10.0
7	135.0	32.0	cdf	32.0
7	52.5	12.5	cdf	12.5
7	7.5	4.0	cdf	5.5
8	67.5	13.0	cdf	14.0
8	165.0	38.0	cdf	36.0
8	120.0	33.5	cdf	31.0
8	105.0	34.5	cdf	28.0
8	30.0	6.0	cdf	11.0
8	60.0	17.0	cdf	13.0
8	22.5	7.5	cdf	10.0
8	82.5	18.5	cdf	18.5
8	37.5	12.0	cdf	11.5
8	7.5	4.0	cdf	5.5
8	112.5	31.5	cdf	30.0
8	52.5	13.0	cdf	12.5
8	150.0	35.0	cdf	33.0
8	75.0	19.5	cdf	16.0
8	172.5	38.0	cdf	38.5
8	157.5	38.0	cdf	34.0
8	45.0	12.0	cdf	12.0
8	15.0	6.0	cdf	8.0
8	127.5	31.5	cdf	31.5
8	82.5	18.5	cdf	18.5
8	22.5	11.5	cdf	10.0
8	97.5	26.5	cdf	25.5
8	7.5	4.5	cdf	5.5
8	120.0	32.0	cdf	31.0
8	165.0	37.0	cdf	36.0
8	127.5	34.0	cdf	31.5
8	67.5	16.5	cdf	14.0
8	60.0	12.5	cdf	13.0
8	135.0	32.0	cdf	32.0
8	150.0	36.0	cdf	33.0
8	105.0	26.0	cdf	28.0
8	157.5	36.5	cdf	34.0
8	15.0	7.5	cdf	8.0
8	112.5	31.0	cdf	30.0
8	37.5	13.0	cdf	11.5
8	45.0	11.0	cdf	12.0
8	52.5	12.0	cdf	12.5
8	142.5	33.0	cdf	32.5
8	30.0	6.5	cdf	11.0
8	90.0	22.0	cdf	22.0
8	75.0	16.5	cdf	16.0
8	172.5	38.5	cdf	38.5
8	90.0	23.0	cdf	22.0
8	30.0	12.0	cdf	11.0
8	15.0	6.0	cdf	8.0
8	97.5	23.0	cdf	25.5
8	60.0	12.5	cdf	13.0
8	157.5	35.0	cdf	34.0
8	150.0	33.5	cdf	33.0
8	22.5	6.5	cdf	10.0
8	67.5	17.5	cdf	14.0
8	105.0	26.0	cdf	28.0
8	165.0	36.0	cdf	36.0
8	82.5	19.5	cdf	18.5
8	142.5	31.5	cdf	32.5
8	120.0	31.0	cdf	31.0
8	135.0	35.5	cdf	32.0
8	112.5	31.5	cdf	30.0
8	7.5	4.0	cdf	5.5
8	75.0	17.5	cdf	16.0
8	37.5	12.5	cdf	11.5
8	127.5	33.5	cdf	31.5
8	37.5	11.5	cdf	11.5
8	105.0	24.0	cdf	28.0
8	60.0	12.0	cdf	13.0
8	30.0	10.0	cdf	11.0
8	52.5	15.5	cdf	12.5
8	67.5	15.0	cdf	14.0
8	15.0	4.5	cdf	8.0
8	45.0	12.5	cdf	12.0
8	90.0	21.5	cdf	22.0
8	172.5	38.0	cdf	38.5
8	135.0	33.0	cdf	32.0
8	150.0	34.5	cdf	33.0
8	22.5	8.0	cdf	10.0
8	157.5	35.5	cdf	34.0
8	97.5	25.5	cdf	25.5
8	165.0	37.5	cdf	36.0
8	112.5	31.5	cdf	30.0
8	82.5	19.0	cdf	18.5
8	75.0	18.0	cdf	16.0
8	7.5	3.5	cdf	5.5
8	142.5	37.0	cdf	32.5
8	127.5	29.0	cdf	31.5
8	112.5	32.5	cdf	30.0
8	127.5	34.0	cdf	31.5
8	15.0	6.5	cdf	8.0
8	45.0	12.0	cdf	12.0
8	7.5	4.5	cdf	5.5
8	120.0	31.5	cdf	31.0
8	105.0	24.0	cdf	28.0
8	67.5	12.5	cdf	14.0
8	150.0	36.5	cdf	33.0
8	82.5	19.0	cdf	18.5
8	135.0	33.0	cdf	32.0
8	97.5	25.0	cdf	25.5
8	157.5	37.0	cdf	34.0
8	90.0	22.5	cdf	22.0
8	172.5	38.5	cdf	38.5
8	165.0	37.0	cdf	36.0
8	142.5	35.5	cdf	32.5
8	75.0	18.0	cdf	16.0
8	52.5	16.5	cdf	12.5
8	37.5	12.5	cdf	11.5
8	30.0	10.0	cdf	11.0
8	60.0	12.5	cdf	13.0
8	82.5	19.0	cdf	18.5
8	142.5	36.5	cdf	32.5
8	30.0	10.0	cdf	11.0
8	112.5	32.5	cdf	30.0
8	60.0	13.0	cdf	13.0
8	97.5	25.0	cdf	25.5
8	120.0	36.5	cdf	31.0
8	135.0	33.0	cdf	32.0
8	52.5	12.5	cdf	12.5
8	165.0	38.0	cdf	36.0
8	45.0	11.5	cdf	12.0
8	127.5	33.0	cdf	31.5
8	22.5	7.0	cdf	10.0
8	90.0	22.0	cdf	22.0
8	150.0	36.5	cdf	33.0
8	7.5	6.0	cdf	5.5
8	75.0	17.5	cdf	16.0
8	157.5	37.5	cdf	34.0
8	67.5	21.0	cdf	14.0
8	15.0	10.0	cdf	8.0
8	105.0	27.5	cdf	28.0
8	112.5	34.5	cdf	30.0
8	135.0	35.0	cdf	32.0
8	52.5	13.5	cdf	12.5
8	150.0	36.0	cdf	33.0
8	82.5	22.0	cdf	18.5
8	127.5	34.0	cdf	31.5
8	172.5	38.0	cdf	38.5
8	157.5	36.0	cdf	34.0
8	22.5	10.0	cdf	10.0
8	75.0	19.0	cdf	16.0
8	67.5	17.0	cdf	14.0
8	37.5	13.0	cdf	11.5
8	7.5	22.0	cdf	5.5
8	97.5	24.5	cdf	25.5
8	45.0	15.0	cdf	12.0
8	30.0	14.5	cdf	11.0
8	105.0	32.5	cdf	28.0
8	120.0	33.0	cdf	31.0
8	15.0	10.0	cdf	8.0
8	90.0	22.0	cdf	22.0
8	60.0	12.5	cdf	13.0
8	52.5	12.0	cdf	12.5
8	120.0	32.0	cdf	31.0
8	67.5	14.5	cdf	14.0
8	97.5	25.0	cdf	25.5
8	127.5	33.0	cdf	31.5
8	142.5	36.5	cdf	32.5
8	15.0	6.5	cdf	8.0
8	7.5	4.0	cdf	5.5
8	37.5	16.0	cdf	11.5
8	157.5	35.5	cdf	34.0
8	75.0	13.5	cdf	16.0
8	165.0	37.5	cdf	36.0
8	82.5	19.5	cdf	18.5
8	90.0	22.0	cdf	22.0
8	150.0	37.5	cdf	33.0
8	22.5	12.0	cdf	10.0
8	30.0	14.0	cdf	11.0
8	135.0	34.0	cdf	32.0
8	172.5	37.0	cdf	38.5
8	45.0	15.5	cdf	12.0
8	60.0	16.0	cdf	13.0
8	7.5	3.0	inverse_cdf	2.5
8	120.0	24.0	inverse_cdf	25.5
8	112.5	28.5	inverse_cdf	24.0
8	37.5	11.5	inverse_cdf	7.5
8	172.5	41.0	inverse_cdf	41.5
8	150.0	39.0	inverse_cdf	39.0
8	60.0	15.5	inverse_cdf	18.5
8	157.5	40.0	inverse_cdf	40.0
8	135.0	38.0	inverse_cdf	32.5
8	142.5	38.5	inverse_cdf	36.5
8	97.5	23.0	inverse_cdf	22.5
8	82.5	21.0	inverse_cdf	21.5
8	15.0	3.0	inverse_cdf	3.0
8	127.5	37.0	inverse_cdf	28.0
8	67.5	15.5	inverse_cdf	20.0
8	45.0	11.5	inverse_cdf	11.5
8	22.5	6.0	inverse_cdf	4.0
8	30.0	4.5	inverse_cdf	5.0
8	165.0	40.5	inverse_cdf	41.0
8	105.0	24.0	inverse_cdf	23.0
8	90.0	22.0	inverse_cdf	22.0
8	52.5	11.5	inverse_cdf	16.0
8	15.0	3.0	inverse_cdf	3.0
8	30.0	6.0	inverse_cdf	5.0
8	142.5	36.0	inverse_cdf	36.5
8	97.5	23.5	inverse_cdf	22.5
8	75.0	21.0	inverse_cdf	21.0
8	37.5	7.0	inverse_cdf	7.5
8	150.0	38.5	inverse_cdf	39.0
8	67.5	15.0	inverse_cdf	20.0
8	157.5	42.0	inverse_cdf	40.0
8	22.5	9.5	inverse_cdf	4.0
8	172.5	41.0	inverse_cdf	41.5
8	90.0	22.0	inverse_cdf	22.0
8	105.0	23.0	inverse_cdf	23.0
8	135.0	38.5	inverse_cdf	32.5
8	112.5	32.5	inverse_cdf	24.0
8	7.5	3.0	inverse_cdf	2.5
8	165.0	40.0	inverse_cdf	41.0
8	82.5	21.0	inverse_cdf	21.5
8	37.5	11.5	inverse_cdf	7.5
8	172.5	41.0	inverse_cdf	41.5
8	7.5	3.0	inverse_cdf	2.5
8	112.5	30.5	inverse_cdf	24.0
8	30.0	13.0	inverse_cdf	5.0
8	105.0	24.0	inverse_cdf	23.0
8	22.5	5.5	inverse_cdf	4.0
8	67.5	21.0	inverse_cdf	20.0
8	165.0	39.0	inverse_cdf	41.0
8	127.5	36.0	inverse_cdf	28.0
8	45.0	11.5	inverse_cdf	11.5
8	75.0	21.5	inverse_cdf	21.0
8	15.0	3.5	inverse_cdf	3.0
8	82.5	21.5	inverse_cdf	21.5
8	142.5	34.0	inverse_cdf	36.5
8	157.5	40.0	inverse_cdf	40.0
8	97.5	23.0	inverse_cdf	22.5
8	90.0	22.0	inverse_cdf	22.0
8	135.0	27.5	inverse_cdf	32.5
8	120.0	31.0	inverse_cdf	25.5
8	150.0	39.0	inverse_cdf	39.0
8	60.0	12.0	inverse_cdf	18.5
8	30.0	5.5	inverse_cdf	5.0
8	150.0	29.0	inverse_cdf	39.0
8	22.5	7.5	inverse_cdf	4.0
8	67.5	16.0	inverse_cdf	20.0
8	120.0	27.5	inverse_cdf	25.5
8	172.5	41.0	inverse_cdf	41.5
8	7.5	2.5	inverse_cdf	2.5
8	75.0	17.0	inverse_cdf	21.0
8	52.5	11.5	inverse_cdf	16.0
8	82.5	21.5	inverse_cdf	21.5
8	142.5	32.0	inverse_cdf	36.5
8	135.0	35.5	inverse_cdf	32.5
8	15.0	4.5	inverse_cdf	3.0
8	60.0	6.5	inverse_cdf	18.5
8	165.0	40.0	inverse_cdf	41.0
8	37.5	7.5	inverse_cdf	7.5
8	90.0	22.0	inverse_cdf	22.0
8	112.5	24.5	inverse_cdf	24.0
8	105.0	28.0	inverse_cdf	23.0
8	157.5	39.5	inverse_cdf	40.0
8	45.0	11.5	inverse_cdf	11.5
8	127.5	36.5	inverse_cdf	28.0
8	97.5	22.0	inverse_cdf	22.5
8	52.5	11.5	inverse_cdf	16.0
8	165.0	39.5	inverse_cdf	41.0
8	60.0	10.5	inverse_cdf	18.5
8	7.5	3.5	inverse_cdf	2.5
8	90.0	22.0	inverse_cdf	22.0
8	135.0	32.0	inverse_cdf	32.5
8	105.0	24.0	inverse_cdf	23.0
8	120.0	36.0	inverse_cdf	25.5
8	75.0	16.0	inverse_cdf	21.0
8	45.0	7.0	inverse_cdf	11.5
8	67.5	5.0	inverse_cdf	20.0
8	22.5	3.0	inverse_cdf	4.0
8	30.0	8.5	inverse_cdf	5.0
8	112.5	28.5	inverse_cdf	24.0
8	150.0	38.0	inverse_cdf	39.0
8	157.5	39.5	inverse_cdf	40.0
8	37.5	11.5	inverse_cdf	7.5
8	82.5	21.0	inverse_cdf	21.5
8	127.5	25.0	inverse_cdf	28.0
8	97.5	22.5	inverse_cdf	22.5
8	142.5	38.5	inverse_cdf	36.5
8	105.0	23.5	inverse_cdf	23.0
8	135.0	37.0	inverse_cdf	32.5
8	75.0	18.0	inverse_cdf	21.0
8	30.0	9.0	inverse_cdf	5.0
8	90.0	22.0	inverse_cdf	22.0
8	37.5	6.0	inverse_cdf	7.5
8	67.5	15.0	inverse_cdf	20.0
8	15.0	4.0	inverse_cdf	3.0
8	172.5	39.0	inverse_cdf	41.5
8	45.0	11.5	inverse_cdf	11.5
8	157.5	39.5	inverse_cdf	40.0
8	97.5	23.0	inverse_cdf	22.5
8	60.0	15.5	inverse_cdf	18.5
8	112.5	29.0	inverse_cdf	24.0
8	127.5	35.5	inverse_cdf	28.0
8	52.5	10.5	inverse_cdf	16.0
8	142.5	34.5	inverse_cdf	36.5
8	82.5	21.0	inverse_cdf	21.5
8	7.5	3.0	inverse_cdf	2.5
8	150.0	38.0	inverse_cdf	39.0
8	22.5	5.0	inverse_cdf	4.0
8	22.5	6.0	inverse_cdf	4.0
8	37.5	8.0	inverse_cdf	7.5
8	82.5	21.5	inverse_cdf	21.5
8	142.5	37.0	inverse_cdf	36.5
8	15.0	3.0	inverse_cdf	3.0
8	105.0	24.5	inverse_cdf	23.0
8	90.0	22.0	inverse_cdf	22.0
8	60.0	11.5	inverse_cdf	18.5
8	45.0	9.0	inverse_cdf	11.5
8	97.5	22.5	inverse_cdf	22.5
8	7.5	2.0	inverse_cdf	2.5
8	150.0	38.5	inverse_cdf	39.0
8	120.0	37.0	inverse_cdf	25.5
8	75.0	16.5	inverse_cdf	21.0
8	135.0	28.5	inverse_cdf	32.5
8	67.5	16.5	inverse_cdf	20.0
8	52.5	11.5	inverse_cdf	16.0
8	172.5	39.0	inverse_cdf	41.5
8	30.0	10.5	inverse_cdf	5.0
8	127.5	30.5	inverse_cdf	28.0
8	157.5	36.0	inverse_cdf	40.0
8	165.0	40.5	inverse_cdf	41.0
8	127.5	36.0	inverse_cdf	28.0
8	82.5	21.0	inverse_cdf	21.5
8	157.5	39.0	inverse_cdf	40.0
8	135.0	32.5	inverse_cdf	32.5
8	30.0	7.0	inverse_cdf	5.0
8	7.5	3.0	inverse_cdf	2.5
8	142.5	36.0	inverse_cdf	36.5
8	75.0	17.0	inverse_cdf	21.0
8	112.5	27.0	inverse_cdf	24.0
8	60.0	25.0	inverse_cdf	18.5
8	22.5	6.0	inverse_cdf	4.0
8	120.0	34.5	inverse_cdf	25.5
8	15.0	3.5	inverse_cdf	3.0
8	90.0	22.0	inverse_cdf	22.0
8	172.5	41.0	inverse_cdf	41.5
8	52.5	11.5	inverse_cdf	16.0
8	45.0	11.5	inverse_cdf	11.5
8	105.0	28.5	inverse_cdf	23.0
8	150.0	38.0	inverse_cdf	39.0
8	37.5	9.5	inverse_cdf	7.5
8	67.5	18.0	inverse_cdf	20.0
9	90.0	22.0	inverse_cdf	22.0
9	150.0	40.5	inverse_cdf	39.0
9	60.0	19.0	inverse_cdf	18.5
9	120.0	22.0	inverse_cdf	25.5
9	52.5	12.5	inverse_cdf	16.0
9	82.5	21.5	inverse_cdf	21.5
9	165.0	41.0	inverse_cdf	41.0
9	45.0	11.5	inverse_cdf	11.5
9	135.0	31.0	inverse_cdf	32.5
9	157.5	39.5	inverse_cdf	40.0
9	105.0	23.5	inverse_cdf	23.0
9	67.5	20.5	inverse_cdf	20.0
9	142.5	36.0	inverse_cdf	36.5
9	37.5	7.0	inverse_cdf	7.5
9	75.0	17.5	inverse_cdf	21.0
9	22.5	3.5	inverse_cdf	4.0
9	112.5	24.0	inverse_cdf	24.0
9	7.5	2.5	inverse_cdf	2.5
9	97.5	21.0	inverse_cdf	22.5
9	30.0	3.0	inverse_cdf	5.0
9	172.5	41.5	inverse_cdf	41.5
9	52.5	10.5	inverse_cdf	16.0
9	67.5	20.0	inverse_cdf	20.0
9	157.5	40.0	inverse_cdf	40.0
9	60.0	20.0	inverse_cdf	18.5
9	15.0	3.0	inverse_cdf	3.0
9	30.0	3.5	inverse_cdf	5.0
9	37.5	5.0	inverse_cdf	7.5
9	172.5	41.0	inverse_cdf	41.5
9	97.5	22.0	inverse_cdf	22.5
9	165.0	41.0	inverse_cdf	41.0
9	112.5	23.5	inverse_cdf	24.0
9	105.0	22.0	inverse_cdf	23.0
9	45.0	13.0	inverse_cdf	11.5
9	90.0	22.0	inverse_cdf	22.0
9	135.0	31.5	inverse_cdf	32.5
9	120.0	33.0	inverse_cdf	25.5
9	7.5	2.5	inverse_cdf	2.5
9	150.0	39.5	inverse_cdf	39.0
9	75.0	21.0	inverse_cdf	21.0
9	142.5	39.0	inverse_cdf	36.5
9	22.5	5.0	inverse_cdf	4.0
9	82.5	21.0	inverse_cdf	21.5
9	127.5	32.5	inverse_cdf	28.0
9	97.5	23.5	inverse_cdf	22.5
9	82.5	21.5	inverse_cdf	21.5
9	75.0	18.0	inverse_cdf	21.0
9	60.0	11.0	inverse_cdf	18.5
9	150.0	40.0	inverse_cdf	39.0
9	135.0	39.0	inverse_cdf	32.5
9	112.5	23.5	inverse_cdf	24.0
9	52.5	11.0	inverse_cdf	16.0
9	127.5	32.5	inverse_cdf	28.0
9	45.0	11.5	inverse_cdf	11.5
9	22.5	4.5	inverse_cdf	4.0
9	90.0	22.0	inverse_cdf	22.0
9	15.0	3.0	inverse_cdf	3.0
9	142.5	39.0	inverse_cdf	36.5
9	120.0	38.5	inverse_cdf	25.5
9	157.5	41.0	inverse_cdf	40.0
9	67.5	21.0	inverse_cdf	20.0
9	165.0	41.5	inverse_cdf	41.0
9	172.5	41.5	inverse_cdf	41.5
9	105.0	24.0	inverse_cdf	23.0
9	7.5	3.0	inverse_cdf	2.5
9	37.5	7.0	inverse_cdf	7.5
9	30.0	11.0	inverse_cdf	5.0
9	97.5	22.5	inverse_cdf	22.5
9	150.0	39.0	inverse_cdf	39.0
9	45.0	11.5	inverse_cdf	11.5
9	37.5	7.0	inverse_cdf	7.5
9	120.0	39.0	inverse_cdf	25.5
9	135.0	36.5	inverse_cdf	32.5
9	127.5	32.0	inverse_cdf	28.0
9	172.5	41.0	inverse_cdf	41.5
9	60.0	20.0	inverse_cdf	18.5
9	90.0	22.5	inverse_cdf	22.0
9	15.0	3.5	inverse_cdf	3.0
9	7.5	2.0	inverse_cdf	2.5
9	142.5	36.0	inverse_cdf	36.5
9	112.5	26.5	inverse_cdf	24.0
9	82.5	21.0	inverse_cdf	21.5
9	52.5	11.5	inverse_cdf	16.0
9	30.0	7.5	inverse_cdf	5.0
9	165.0	41.5	inverse_cdf	41.0
9	105.0	22.5	inverse_cdf	23.0
9	22.5	2.5	inverse_cdf	4.0
9	157.5	41.0	inverse_cdf	40.0
9	75.0	21.0	inverse_cdf	21.0
9	67.5	19.5	inverse_cdf	20.0
9	112.5	31.0	inverse_cdf	24.0
9	150.0	39.0	inverse_cdf	39.0
9	30.0	7.5	inverse_cdf	5.0
9	15.0	5.0	inverse_cdf	3.0
9	165.0	41.5	inverse_cdf	41.0
9	60.0	17.5	inverse_cdf	18.5
9	135.0	32.0	inverse_cdf	32.5
9	75.0	21.5	inverse_cdf	21.0
9	7.5	2.5	inverse_cdf	2.5
9	45.0	12.0	inverse_cdf	11.5
9	157.5	40.5	inverse_cdf	40.0
9	142.5	38.0	inverse_cdf	36.5
9	120.0	31.5	inverse_cdf	25.5
9	97.5	23.0	inverse_cdf	22.5
9	172.5	41.5	inverse_cdf	41.5
9	22.5	5.0	inverse_cdf	4.0
9	82.5	21.5	inverse_cdf	21.5
9	67.5	17.5	inverse_cdf	20.0
9	105.0	23.5	inverse_cdf	23.0
9	52.5	11.0	inverse_cdf	16.0
9	127.5	32.5	inverse_cdf	28.0
9	90.0	22.0	inverse_cdf	22.0
9	37.5	12.0	inverse_cdf	7.5
9	105.0	22.5	inverse_cdf	23.0
9	150.0	39.0	inverse_cdf	39.0
9	112.5	30.0	inverse_cdf	24.0
9	90.0	22.0	inverse_cdf	22.0
9	37.5	10.5	inverse_cdf	7.5
9	120.0	32.0	inverse_cdf	25.5
9	75.0	17.5	inverse_cdf	21.0
9	45.0	11.5	inverse_cdf	11.5
9	7.5	2.0	inverse_cdf	2.5
9	15.0	2.5	inverse_cdf	3.0
9	22.5	3.0	inverse_cdf	4.0
9	135.0	39.0	inverse_cdf	32.5
9	67.5	18.0	inverse_cdf	20.0
9	127.5	36.0	inverse_cdf	28.0
9	60.0	16.5	inverse_cdf	18.5
9	172.5	42.0	inverse_cdf	41.5
9	82.5	21.5	inverse_cdf	21.5
9	157.5	39.5	inverse_cdf	40.0
9	52.5	12.0	inverse_cdf	16.0
9	30.0	7.5	inverse_cdf	5.0
9	97.5	22.5	inverse_cdf	22.5
9	165.0	39.5	inverse_cdf	41.0
9	15.0	4.0	inverse_cdf	3.0
9	7.5	2.0	inverse_cdf	2.5
9	150.0	39.0	inverse_cdf	39.0
9	172.5	41.0	inverse_cdf	41.5
9	142.5	36.0	inverse_cdf	36.5
9	127.5	33.0	inverse_cdf	28.0
9	30.0	7.0	inverse_cdf	5.0
9	90.0	22.0	inverse_cdf	22.0
9	120.0	32.0	inverse_cdf	25.5
9	22.5	5.0	inverse_cdf	4.0
9	52.5	11.0	inverse_cdf	16.0
9	75.0	20.5	inverse_cdf	21.0
9	157.5	39.0	inverse_cdf	40.0
9	135.0	39.5	inverse_cdf	32.5
9	67.5	21.5	inverse_cdf	20.0
9	97.5	22.5	inverse_cdf	22.5
9	60.0	17.5	inverse_cdf	18.5
9	112.5	23.5	inverse_cdf	24.0
9	82.5	21.5	inverse_cdf	21.5
9	105.0	22.0	inverse_cdf	23.0
9	45.0	12.0	inverse_cdf	11.5
9	37.5	11.0	inverse_cdf	7.5
9	165.0	39.0	inverse_cdf	41.0
9	22.5	4.5	inverse_cdf	4.0
9	15.0	2.0	inverse_cdf	3.0
9	60.0	17.0	inverse_cdf	18.5
9	127.5	32.5	inverse_cdf	28.0
9	45.0	11.5	inverse_cdf	11.5
9	30.0	6.5	inverse_cdf	5.0
9	112.5	22.5	inverse_cdf	24.0
9	7.5	2.5	inverse_cdf	2.5
9	97.5	22.5	inverse_cdf	22.5
9	82.5	21.5	inverse_cdf	21.5
9	142.5	36.0	inverse_cdf	36.5
9	52.5	12.0	inverse_cdf	16.0
9	75.0	17.0	inverse_cdf	21.0
9	67.5	17.0	inverse_cdf	20.0
9	135.0	36.0	inverse_cdf	32.5
9	37.5	12.0	inverse_cdf	7.5
9	90.0	22.0	inverse_cdf	22.0
9	150.0	38.5	inverse_cdf	39.0
9	172.5	41.0	inverse_cdf	41.5
9	105.0	23.0	inverse_cdf	23.0
9	157.5	40.0	inverse_cdf	40.0
9	120.0	32.0	inverse_cdf	25.5
9	37.5	10.5	cdf	11.5
9	150.0	32.5	cdf	33.0
9	60.0	14.0	cdf	13.0
9	142.5	31.0	cdf	32.5
9	67.5	12.0	cdf	14.0
9	52.5	10.5	cdf	12.5
9	165.0	35.5	cdf	36.0
9	157.5	35.5	cdf	34.0
9	112.5	28.0	cdf	30.0
9	120.0	27.5	cdf	31.0
9	127.5	30.5	cdf	31.5
9	22.5	7.0	cdf	10.0
9	172.5	38.0	cdf	38.5
9	75.0	15.0	cdf	16.0
9	45.0	11.0	cdf	12.0
9	7.5	4.5	cdf	5.5
9	135.0	31.0	cdf	32.0
9	82.5	16.5	cdf	18.5
9	90.0	22.0	cdf	22.0
9	97.5	25.0	cdf	25.5
9	105.0	25.5	cdf	28.0
9	15.0	8.0	cdf	8.0
9	82.5	14.0	cdf	18.5
9	7.5	5.5	cdf	5.5
9	142.5	36.0	cdf	32.5
9	165.0	38.5	cdf	36.0
9	120.0	34.5	cdf	31.0
9	30.0	8.0	cdf	11.0
9	105.0	25.0	cdf	28.0
9	150.0	35.5	cdf	33.0
9	60.0	12.0	cdf	13.0
9	22.5	8.0	cdf	10.0
9	75.0	12.5	cdf	16.0
9	112.5	27.5	cdf	30.0
9	90.0	22.5	cdf	22.0
9	97.5	25.0	cdf	25.5
9	67.5	12.5	cdf	14.0
9	37.5	11.0	cdf	11.5
9	127.5	31.0	cdf	31.5
9	135.0	31.0	cdf	32.0
9	157.5	36.0	cdf	34.0
9	52.5	11.0	cdf	12.5
9	45.0	10.5	cdf	12.0
9	7.5	5.0	cdf	5.5
9	150.0	34.5	cdf	33.0
9	142.5	31.5	cdf	32.5
9	75.0	12.5	cdf	16.0
9	127.5	30.5	cdf	31.5
9	67.5	11.5	cdf	14.0
9	105.0	25.0	cdf	28.0
9	45.0	11.0	cdf	12.0
9	172.5	38.0	cdf	38.5
9	165.0	36.0	cdf	36.0
9	97.5	23.5	cdf	25.5
9	15.0	8.0	cdf	8.0
9	90.0	22.0	cdf	22.0
9	82.5	14.5	cdf	18.5
9	112.5	28.0	cdf	30.0
9	135.0	30.5	cdf	32.0
9	60.0	12.0	cdf	13.0
9	30.0	9.5	cdf	11.0
9	52.5	10.0	cdf	12.5
9	37.5	10.5	cdf	11.5
9	22.5	8.0	cdf	10.0
9	157.5	35.0	cdf	34.0
9	120.0	33.0	cdf	31.0
9	105.0	25.5	cdf	28.0
9	67.5	12.5	cdf	14.0
9	15.0	7.5	cdf	8.0
9	157.5	35.5	cdf	34.0
9	172.5	38.0	cdf	38.5
9	97.5	24.5	cdf	25.5
9	22.5	7.5	cdf	10.0
9	120.0	28.0	cdf	31.0
9	112.5	25.0	cdf	30.0
9	135.0	31.5	cdf	32.0
9	165.0	37.0	cdf	36.0
9	142.5	34.5	cdf	32.5
9	150.0	35.5	cdf	33.0
9	127.5	31.5	cdf	31.5
9	75.0	13.0	cdf	16.0
9	30.0	7.5	cdf	11.0
9	7.5	5.5	cdf	5.5
9	60.0	12.5	cdf	13.0
9	52.5	11.0	cdf	12.5
9	82.5	18.0	cdf	18.5
9	37.5	11.5	cdf	11.5
9	90.0	22.0	cdf	22.0
9	45.0	11.0	cdf	12.0
9	45.0	10.5	cdf	12.0
9	112.5	27.5	cdf	30.0
9	22.5	7.5	cdf	10.0
9	90.0	22.0	cdf	22.0
9	75.0	12.0	cdf	16.0
9	37.5	10.5	cdf	11.5
9	127.5	31.0	cdf	31.5
9	15.0	7.5	cdf	8.0
9	60.0	12.0	cdf	13.0
9	105.0	25.0	cdf	28.0
9	30.0	10.0	cdf	11.0
9	142.5	31.5	cdf	32.5
9	135.0	31.5	cdf	32.0
9	52.5	10.5	cdf	12.5
9	150.0	36.0	cdf	33.0
9	7.5	5.0	cdf	5.5
9	97.5	25.0	cdf	25.5
9	165.0	37.5	cdf	36.0
9	82.5	18.0	cdf	18.5
9	157.5	35.5	cdf	34.0
9	120.0	32.0	cdf	31.0
9	172.5	38.5	cdf	38.5
9	67.5	14.0	cdf	14.0
9	142.5	35.0	cdf	32.5
9	82.5	17.5	cdf	18.5
9	75.0	17.5	cdf	16.0
9	150.0	36.0	cdf	33.0
9	52.5	11.0	cdf	12.5
9	45.0	10.5	cdf	12.0
9	60.0	13.0	cdf	13.0
9	165.0	36.0	cdf	36.0
9	135.0	32.5	cdf	32.0
9	7.5	5.5	cdf	5.5
9	22.5	8.0	cdf	10.0
9	15.0	4.5	cdf	8.0
9	127.5	28.0	cdf	31.5
9	105.0	25.0	cdf	28.0
9	157.5	38.0	cdf	34.0
9	37.5	10.5	cdf	11.5
9	67.5	12.0	cdf	14.0
9	172.5	38.0	cdf	38.5
9	97.5	25.0	cdf	25.5
9	90.0	22.0	cdf	22.0
9	30.0	10.0	cdf	11.0
9	120.0	31.0	cdf	31.0
9	112.5	28.0	cdf	30.0
9	60.0	11.0	cdf	13.0
9	142.5	31.5	cdf	32.5
9	37.5	11.5	cdf	11.5
9	120.0	28.0	cdf	31.0
9	75.0	16.5	cdf	16.0
9	150.0	36.0	cdf	33.0
9	7.5	5.0	cdf	5.5
9	45.0	10.5	cdf	12.0
9	135.0	31.0	cdf	32.0
9	127.5	28.0	cdf	31.5
9	15.0	8.0	cdf	8.0
9	112.5	25.5	cdf	30.0
9	90.0	21.5	cdf	22.0
9	157.5	36.0	cdf	34.0
9	52.5	11.0	cdf	12.5
9	30.0	10.0	cdf	11.0
9	82.5	17.5	cdf	18.5
9	67.5	13.0	cdf	14.0
9	22.5	7.5	cdf	10.0
9	172.5	38.5	cdf	38.5
9	165.0	36.0	cdf	36.0
9	97.5	25.0	cdf	25.5
9	105.0	28.0	cdf	28.0
9	75.0	14.5	cdf	16.0
9	37.5	11.0	cdf	11.5
9	52.5	12.0	cdf	12.5
9	15.0	5.5	cdf	8.0
9	67.5	13.0	cdf	14.0
9	172.5	38.5	cdf	38.5
9	30.0	11.5	cdf	11.0
9	105.0	25.0	cdf	28.0
9	157.5	36.0	cdf	34.0
9	45.0	11.0	cdf	12.0
9	60.0	12.0	cdf	13.0
9	90.0	22.0	cdf	22.0
9	7.5	5.5	cdf	5.5
9	127.5	31.5	cdf	31.5
9	22.5	8.0	cdf	10.0
9	142.5	31.0	cdf	32.5
9	112.5	28.0	cdf	30.0
9	135.0	31.5	cdf	32.0
9	150.0	36.0	cdf	33.0
9	165.0	38.5	cdf	36.0
9	97.5	25.0	cdf	25.5
9	82.5	18.0	cdf	18.5
9	120.0	28.0	cdf	31.0
10	15.0	5.0	cdf	8.0
10	90.0	23.5	cdf	22.0
10	165.0	36.0	cdf	36.0
10	22.5	10.0	cdf	10.0
10	157.5	34.0	cdf	34.0
10	172.5	38.0	cdf	38.5
10	60.0	15.0	cdf	13.0
10	82.5	18.0	cdf	18.5
10	52.5	13.5	cdf	12.5
10	120.0	34.0	cdf	31.0
10	7.5	5.0	cdf	5.5
10	67.5	13.5	cdf	14.0
10	112.5	32.0	cdf	30.0
10	75.0	14.5	cdf	16.0
10	45.0	13.5	cdf	12.0
10	97.5	25.0	cdf	25.5
10	105.0	30.5	cdf	28.0
10	150.0	33.5	cdf	33.0
10	37.5	13.0	cdf	11.5
10	127.5	32.0	cdf	31.5
10	142.5	33.5	cdf	32.5
10	135.0	32.5	cdf	32.0
10	45.0	12.0	cdf	12.0
10	15.0	5.0	cdf	8.0
10	165.0	35.0	cdf	36.0
10	97.5	27.0	cdf	25.5
10	82.5	17.5	cdf	18.5
10	67.5	14.5	cdf	14.0
10	105.0	30.5	cdf	28.0
10	90.0	22.0	cdf	22.0
10	60.0	10.5	cdf	13.0
10	37.5	13.0	cdf	11.5
10	30.0	11.5	cdf	11.0
10	150.0	34.0	cdf	33.0
10	22.5	12.5	cdf	10.0
10	120.0	33.5	cdf	31.0
10	75.0	16.0	cdf	16.0
10	157.5	38.0	cdf	34.0
10	52.5	12.0	cdf	12.5
10	127.5	34.5	cdf	31.5
10	112.5	31.5	cdf	30.0
10	7.5	5.5	cdf	5.5
10	172.5	36.5	cdf	38.5
10	142.5	35.0	cdf	32.5
10	15.0	12.5	cdf	8.0
10	82.5	18.0	cdf	18.5
10	75.0	15.0	cdf	16.0
10	67.5	11.5	cdf	14.0
10	30.0	10.5	cdf	11.0
10	165.0	38.0	cdf	36.0
10	135.0	32.0	cdf	32.0
10	142.5	35.0	cdf	32.5
10	157.5	36.5	cdf	34.0
10	37.5	10.0	cdf	11.5
10	120.0	34.0	cdf	31.0
10	150.0	35.0	cdf	33.0
10	105.0	26.0	cdf	28.0
10	60.0	12.5	cdf	13.0
10	97.5	25.0	cdf	25.5
10	172.5	37.5	cdf	38.5
10	127.5	33.0	cdf	31.5
10	112.5	30.0	cdf	30.0
10	52.5	13.0	cdf	12.5
10	7.5	5.0	cdf	5.5
10	22.5	11.0	cdf	10.0
10	90.0	21.5	cdf	22.0
10	45.0	12.0	cdf	12.0
10	45.0	12.0	cdf	12.0
10	82.5	17.5	cdf	18.5
10	172.5	37.5	cdf	38.5
10	22.5	10.0	cdf	10.0
10	90.0	21.5	cdf	22.0
10	105.0	28.5	cdf	28.0
10	75.0	11.0	cdf	16.0
10	165.0	38.5	cdf	36.0
10	15.0	8.5	cdf	8.0
10	52.5	13.0	cdf	12.5
10	97.5	25.0	cdf	25.5
10	67.5	11.0	cdf	14.0
10	127.5	32.5	cdf	31.5
10	157.5	36.0	cdf	34.0
10	142.5	34.5	cdf	32.5
10	135.0	34.5	cdf	32.0
10	120.0	36.0	cdf	31.0
10	37.5	13.0	cdf	11.5
10	150.0	34.5	cdf	33.0
10	30.0	7.5	cdf	11.0
10	60.0	13.5	cdf	13.0
10	112.5	25.5	cdf	30.0
10	7.5	6.0	cdf	5.5
10	37.5	12.0	cdf	11.5
10	150.0	34.0	cdf	33.0
10	127.5	31.5	cdf	31.5
10	15.0	8.0	cdf	8.0
10	75.0	12.5	cdf	16.0
10	45.0	13.5	cdf	12.0
10	112.5	30.0	cdf	30.0
10	172.5	37.5	cdf	38.5
10	97.5	28.0	cdf	25.5
10	82.5	16.0	cdf	18.5
10	60.0	12.0	cdf	13.0
10	157.5	35.0	cdf	34.0
10	7.5	8.0	cdf	5.5
10	67.5	12.0	cdf	14.0
10	142.5	33.5	cdf	32.5
10	22.5	9.5	cdf	10.0
10	90.0	22.0	cdf	22.0
10	30.0	12.0	cdf	11.0
10	135.0	33.5	cdf	32.0
10	52.5	11.0	cdf	12.5
10	120.0	34.5	cdf	31.0
10	105.0	31.5	cdf	28.0
10	165.0	37.5	cdf	36.0
10	127.5	32.0	cdf	31.5
10	90.0	21.5	cdf	22.0
10	157.5	36.0	cdf	34.0
10	67.5	13.0	cdf	14.0
10	75.0	14.5	cdf	16.0
10	30.0	8.0	cdf	11.0
10	142.5	35.0	cdf	32.5
10	37.5	12.0	cdf	11.5
10	60.0	12.5	cdf	13.0
10	120.0	32.5	cdf	31.0
10	135.0	35.0	cdf	32.0
10	52.5	13.0	cdf	12.5
10	150.0	36.0	cdf	33.0
10	172.5	37.0	cdf	38.5
10	97.5	26.0	cdf	25.5
10	165.0	38.5	cdf	36.0
10	105.0	23.5	cdf	28.0
10	82.5	19.5	cdf	18.5
10	112.5	32.5	cdf	30.0
10	45.0	11.5	cdf	12.0
10	7.5	7.0	cdf	5.5
10	22.5	11.5	cdf	10.0
10	142.5	34.5	cdf	32.5
10	150.0	36.0	cdf	33.0
10	90.0	22.5	cdf	22.0
10	165.0	37.5	cdf	36.0
10	82.5	17.5	cdf	18.5
10	120.0	33.5	cdf	31.0
10	22.5	11.5	cdf	10.0
10	15.0	4.5	cdf	8.0
10	45.0	13.0	cdf	12.0
10	67.5	13.5	cdf	14.0
10	7.5	7.5	cdf	5.5
10	97.5	26.0	cdf	25.5
10	172.5	38.5	cdf	38.5
10	157.5	36.5	cdf	34.0
10	135.0	34.0	cdf	32.0
10	52.5	11.5	cdf	12.5
10	75.0	13.0	cdf	16.0
10	105.0	25.5	cdf	28.0
10	30.0	11.0	cdf	11.0
10	112.5	29.0	cdf	30.0
10	60.0	12.0	cdf	13.0
10	127.5	34.0	cdf	31.5
10	37.5	12.0	cdf	11.5
10	105.0	26.0	cdf	28.0
10	165.0	37.5	cdf	36.0
10	45.0	12.0	cdf	12.0
10	37.5	12.0	cdf	11.5
10	52.5	12.0	cdf	12.5
10	157.5	35.0	cdf	34.0
10	60.0	13.0	cdf	13.0
10	142.5	34.0	cdf	32.5
10	90.0	22.0	cdf	22.0
10	135.0	32.0	cdf	32.0
10	127.5	34.0	cdf	31.5
10	15.0	7.5	cdf	8.0
10	7.5	8.0	cdf	5.5
10	120.0	34.5	cdf	31.0
10	112.5	34.0	cdf	30.0
10	172.5	37.5	cdf	38.5
10	75.0	14.5	cdf	16.0
10	97.5	24.0	cdf	25.5
10	150.0	35.5	cdf	33.0
10	157.5	38.0	inverse_cdf	40.0
10	135.0	32.0	inverse_cdf	32.5
10	172.5	42.0	inverse_cdf	41.5
10	22.5	3.5	inverse_cdf	4.0
10	15.0	2.0	inverse_cdf	3.0
10	45.0	5.5	inverse_cdf	11.5
10	7.5	0.0	inverse_cdf	2.5
10	105.0	24.0	inverse_cdf	23.0
10	90.0	21.5	inverse_cdf	22.0
10	82.5	21.5	inverse_cdf	21.5
10	150.0	35.0	inverse_cdf	39.0
10	30.0	4.5	inverse_cdf	5.0
10	120.0	28.0	inverse_cdf	25.5
10	67.5	15.5	inverse_cdf	20.0
10	37.5	5.0	inverse_cdf	7.5
10	60.0	18.5	inverse_cdf	18.5
10	142.5	35.5	inverse_cdf	36.5
10	165.0	42.0	inverse_cdf	41.0
10	75.0	21.0	inverse_cdf	21.0
10	97.5	22.5	inverse_cdf	22.5
10	127.5	30.5	inverse_cdf	28.0
10	52.5	15.5	inverse_cdf	16.0
10	112.5	24.0	inverse_cdf	24.0
10	120.0	28.5	inverse_cdf	25.5
10	90.0	21.5	inverse_cdf	22.0
10	7.5	2.0	inverse_cdf	2.5
10	135.0	30.0	inverse_cdf	32.5
10	105.0	23.5	inverse_cdf	23.0
10	112.5	24.0	inverse_cdf	24.0
10	15.0	4.5	inverse_cdf	3.0
10	22.5	3.0	inverse_cdf	4.0
10	142.5	38.5	inverse_cdf	36.5
10	45.0	16.5	inverse_cdf	11.5
10	172.5	42.0	inverse_cdf	41.5
10	60.0	21.0	inverse_cdf	18.5
10	82.5	21.5	inverse_cdf	21.5
10	67.5	20.5	inverse_cdf	20.0
10	150.0	34.0	inverse_cdf	39.0
10	157.5	39.5	inverse_cdf	40.0
10	127.5	28.0	inverse_cdf	28.0
10	30.0	7.0	inverse_cdf	5.0
10	37.5	11.0	inverse_cdf	7.5
10	52.5	12.0	inverse_cdf	16.0
10	165.0	42.0	inverse_cdf	41.0
10	97.5	22.5	inverse_cdf	22.5
10	75.0	20.0	inverse_cdf	21.0
10	75.0	19.5	inverse_cdf	21.0
10	105.0	26.0	inverse_cdf	23.0
10	127.5	27.5	inverse_cdf	28.0
10	45.0	10.5	inverse_cdf	11.5
10	150.0	36.0	inverse_cdf	39.0
10	90.0	22.5	inverse_cdf	22.0
10	112.5	25.0	inverse_cdf	24.0
10	157.5	41.5	inverse_cdf	40.0
10	52.5	20.5	inverse_cdf	16.0
10	22.5	4.0	inverse_cdf	4.0
10	15.0	3.5	inverse_cdf	3.0
10	172.5	42.0	inverse_cdf	41.5
10	37.5	16.0	inverse_cdf	7.5
10	135.0	31.5	inverse_cdf	32.5
10	30.0	9.0	inverse_cdf	5.0
10	7.5	2.0	inverse_cdf	2.5
10	142.5	35.5	inverse_cdf	36.5
10	60.0	19.0	inverse_cdf	18.5
10	165.0	42.0	inverse_cdf	41.0
10	97.5	22.0	inverse_cdf	22.5
10	82.5	20.0	inverse_cdf	21.5
10	67.5	20.5	inverse_cdf	20.0
10	165.0	42.0	inverse_cdf	41.0
10	142.5	35.5	inverse_cdf	36.5
10	82.5	20.5	inverse_cdf	21.5
10	67.5	9.0	inverse_cdf	20.0
10	75.0	20.5	inverse_cdf	21.0
10	120.0	30.0	inverse_cdf	25.5
10	37.5	15.5	inverse_cdf	7.5
10	45.0	15.0	inverse_cdf	11.5
10	127.5	32.0	inverse_cdf	28.0
10	157.5	42.0	inverse_cdf	40.0
10	150.0	38.5	inverse_cdf	39.0
10	60.0	17.0	inverse_cdf	18.5
10	7.5	0.0	inverse_cdf	2.5
10	105.0	25.0	inverse_cdf	23.0
10	135.0	31.5	inverse_cdf	32.5
10	112.5	23.0	inverse_cdf	24.0
10	90.0	22.0	inverse_cdf	22.0
10	30.0	6.0	inverse_cdf	5.0
10	52.5	8.0	inverse_cdf	16.0
10	15.0	3.0	inverse_cdf	3.0
10	97.5	23.5	inverse_cdf	22.5
10	172.5	42.0	inverse_cdf	41.5
10	22.5	5.0	inverse_cdf	4.0
10	172.5	42.0	inverse_cdf	41.5
10	60.0	17.5	inverse_cdf	18.5
10	150.0	36.0	inverse_cdf	39.0
10	120.0	23.5	inverse_cdf	25.5
10	67.5	19.5	inverse_cdf	20.0
10	22.5	6.5	inverse_cdf	4.0
10	97.5	22.0	inverse_cdf	22.5
10	45.0	17.0	inverse_cdf	11.5
10	75.0	19.5	inverse_cdf	21.0
10	142.5	35.0	inverse_cdf	36.5
10	157.5	38.0	inverse_cdf	40.0
10	90.0	21.5	inverse_cdf	22.0
10	105.0	24.5	inverse_cdf	23.0
10	52.5	6.0	inverse_cdf	16.0
10	82.5	13.5	inverse_cdf	21.5
10	112.5	24.5	inverse_cdf	24.0
10	7.5	2.0	inverse_cdf	2.5
10	165.0	42.0	inverse_cdf	41.0
10	135.0	33.0	inverse_cdf	32.5
10	30.0	5.0	inverse_cdf	5.0
10	127.5	29.0	inverse_cdf	28.0
10	37.5	8.0	inverse_cdf	7.5
10	15.0	4.5	inverse_cdf	3.0
10	165.0	42.0	inverse_cdf	41.0
10	30.0	6.5	inverse_cdf	5.0
10	82.5	20.5	inverse_cdf	21.5
10	135.0	33.5	inverse_cdf	32.5
10	15.0	2.5	inverse_cdf	3.0
10	142.5	35.0	inverse_cdf	36.5
10	22.5	6.5	inverse_cdf	4.0
10	150.0	37.0	inverse_cdf	39.0
10	120.0	24.5	inverse_cdf	25.5
10	157.5	42.0	inverse_cdf	40.0
10	37.5	9.5	inverse_cdf	7.5
10	105.0	23.0	inverse_cdf	23.0
10	60.0	15.5	inverse_cdf	18.5
10	75.0	16.0	inverse_cdf	21.0
10	112.5	31.0	inverse_cdf	24.0
10	7.5	4.5	inverse_cdf	2.5
10	172.5	42.0	inverse_cdf	41.5
10	127.5	34.0	inverse_cdf	28.0
10	97.5	22.5	inverse_cdf	22.5
10	52.5	12.5	inverse_cdf	16.0
10	90.0	22.0	inverse_cdf	22.0
10	45.0	11.0	inverse_cdf	11.5
10	165.0	42.0	inverse_cdf	41.0
10	60.0	16.5	inverse_cdf	18.5
10	97.5	22.5	inverse_cdf	22.5
10	7.5	2.5	inverse_cdf	2.5
10	172.5	42.0	inverse_cdf	41.5
10	15.0	3.0	inverse_cdf	3.0
10	120.0	24.5	inverse_cdf	25.5
10	135.0	35.5	inverse_cdf	32.5
10	22.5	4.0	inverse_cdf	4.0
10	37.5	9.5	inverse_cdf	7.5
10	30.0	7.5	inverse_cdf	5.0
10	75.0	17.0	inverse_cdf	21.0
10	105.0	21.0	inverse_cdf	23.0
10	112.5	25.0	inverse_cdf	24.0
10	67.5	10.5	inverse_cdf	20.0
10	45.0	6.5	inverse_cdf	11.5
10	52.5	13.0	inverse_cdf	16.0
10	127.5	38.0	inverse_cdf	28.0
10	90.0	22.0	inverse_cdf	22.0
10	82.5	20.0	inverse_cdf	21.5
10	157.5	41.0	inverse_cdf	40.0
10	142.5	35.5	inverse_cdf	36.5
10	150.0	38.0	inverse_cdf	39.0
10	22.5	8.5	inverse_cdf	4.0
10	15.0	7.0	inverse_cdf	3.0
10	97.5	22.5	inverse_cdf	22.5
10	105.0	23.0	inverse_cdf	23.0
10	37.5	16.0	inverse_cdf	7.5
10	30.0	14.5	inverse_cdf	5.0
10	150.0	35.5	inverse_cdf	39.0
10	172.5	42.0	inverse_cdf	41.5
10	165.0	42.0	inverse_cdf	41.0
10	52.5	13.0	inverse_cdf	16.0
10	7.5	2.5	inverse_cdf	2.5
10	60.0	20.0	inverse_cdf	18.5
10	112.5	23.0	inverse_cdf	24.0
10	82.5	21.0	inverse_cdf	21.5
10	157.5	41.0	inverse_cdf	40.0
10	120.0	33.0	inverse_cdf	25.5
10	45.0	10.5	inverse_cdf	11.5
10	135.0	34.5	inverse_cdf	32.5
10	142.5	37.5	inverse_cdf	36.5
10	127.5	36.5	inverse_cdf	28.0
10	75.0	17.5	inverse_cdf	21.0
10	67.5	11.5	inverse_cdf	20.0
10	90.0	22.0	inverse_cdf	22.0
11	52.5	11.5	inverse_cdf	16.0
11	67.5	15.5	inverse_cdf	20.0
11	135.0	32.5	inverse_cdf	32.5
11	15.0	2.5	inverse_cdf	3.0
11	75.0	18.0	inverse_cdf	21.0
11	82.5	21.5	inverse_cdf	21.5
11	120.0	27.5	inverse_cdf	25.5
11	90.0	22.0	inverse_cdf	22.0
11	150.0	40.0	inverse_cdf	39.0
11	157.5	38.5	inverse_cdf	40.0
11	105.0	23.5	inverse_cdf	23.0
11	30.0	5.0	inverse_cdf	5.0
11	172.5	41.5	inverse_cdf	41.5
11	7.5	2.0	inverse_cdf	2.5
11	45.0	11.0	inverse_cdf	11.5
11	97.5	23.0	inverse_cdf	22.5
11	112.5	27.5	inverse_cdf	24.0
11	127.5	33.0	inverse_cdf	28.0
11	135.0	33.0	inverse_cdf	32.5
11	45.0	11.0	inverse_cdf	11.5
11	105.0	23.5	inverse_cdf	23.0
11	172.5	42.0	inverse_cdf	41.5
11	165.0	37.5	inverse_cdf	41.0
11	67.5	16.0	inverse_cdf	20.0
11	75.0	19.5	inverse_cdf	21.0
11	7.5	2.5	inverse_cdf	2.5
11	30.0	5.0	inverse_cdf	5.0
11	120.0	28.0	inverse_cdf	25.5
11	150.0	35.0	inverse_cdf	39.0
11	37.5	7.5	inverse_cdf	7.5
11	15.0	4.0	inverse_cdf	3.0
11	60.0	16.5	inverse_cdf	18.5
11	142.5	36.0	inverse_cdf	36.5
11	157.5	39.0	inverse_cdf	40.0
11	90.0	22.5	inverse_cdf	22.0
11	97.5	22.5	inverse_cdf	22.5
11	82.5	20.5	inverse_cdf	21.5
11	52.5	11.5	inverse_cdf	16.0
11	112.5	25.5	inverse_cdf	24.0
11	22.5	4.0	inverse_cdf	4.0
11	172.5	41.0	inverse_cdf	41.5
11	120.0	27.5	inverse_cdf	25.5
11	67.5	15.5	inverse_cdf	20.0
11	112.5	27.0	inverse_cdf	24.0
11	75.0	17.0	inverse_cdf	21.0
11	127.5	31.0	inverse_cdf	28.0
11	90.0	21.5	inverse_cdf	22.0
11	150.0	38.5	inverse_cdf	39.0
11	60.0	15.5	inverse_cdf	18.5
11	82.5	20.5	inverse_cdf	21.5
11	135.0	33.0	inverse_cdf	32.5
11	157.5	37.0	inverse_cdf	40.0
11	105.0	24.0	inverse_cdf	23.0
11	45.0	11.5	inverse_cdf	11.5
11	52.5	15.5	inverse_cdf	16.0
11	22.5	3.5	inverse_cdf	4.0
11	30.0	4.0	inverse_cdf	5.0
11	37.5	6.5	inverse_cdf	7.5
11	142.5	34.0	inverse_cdf	36.5
11	165.0	40.0	inverse_cdf	41.0
11	97.5	23.0	inverse_cdf	22.5
11	15.0	2.5	inverse_cdf	3.0
11	7.5	2.0	inverse_cdf	2.5
11	105.0	29.5	inverse_cdf	23.0
11	172.5	41.5	inverse_cdf	41.5
11	52.5	14.0	inverse_cdf	16.0
11	82.5	20.0	inverse_cdf	21.5
11	60.0	17.5	inverse_cdf	18.5
11	30.0	6.5	inverse_cdf	5.0
11	67.5	17.0	inverse_cdf	20.0
11	15.0	3.0	inverse_cdf	3.0
11	37.5	9.0	inverse_cdf	7.5
11	75.0	19.5	inverse_cdf	21.0
11	135.0	32.5	inverse_cdf	32.5
11	150.0	37.5	inverse_cdf	39.0
11	157.5	40.0	inverse_cdf	40.0
11	165.0	36.0	inverse_cdf	41.0
11	22.5	3.0	inverse_cdf	4.0
11	90.0	22.0	inverse_cdf	22.0
11	120.0	28.5	inverse_cdf	25.5
11	45.0	10.0	inverse_cdf	11.5
11	127.5	32.0	inverse_cdf	28.0
11	97.5	22.0	inverse_cdf	22.5
11	142.5	35.5	inverse_cdf	36.5
11	7.5	3.5	inverse_cdf	2.5
11	67.5	14.5	inverse_cdf	20.0
11	157.5	37.5	inverse_cdf	40.0
11	45.0	11.5	inverse_cdf	11.5
11	105.0	25.5	inverse_cdf	23.0
11	127.5	32.5	inverse_cdf	28.0
11	37.5	10.0	inverse_cdf	7.5
11	97.5	23.0	inverse_cdf	22.5
11	75.0	17.5	inverse_cdf	21.0
11	142.5	35.5	inverse_cdf	36.5
11	30.0	6.5	inverse_cdf	5.0
11	150.0	37.0	inverse_cdf	39.0
11	172.5	41.5	inverse_cdf	41.5
11	120.0	28.0	inverse_cdf	25.5
11	135.0	32.5	inverse_cdf	32.5
11	7.5	2.5	inverse_cdf	2.5
11	60.0	16.5	inverse_cdf	18.5
11	15.0	3.5	inverse_cdf	3.0
11	82.5	19.5	inverse_cdf	21.5
11	90.0	21.0	inverse_cdf	22.0
11	112.5	28.0	inverse_cdf	24.0
11	52.5	15.0	inverse_cdf	16.0
11	165.0	38.0	inverse_cdf	41.0
11	22.5	4.5	inverse_cdf	4.0
11	67.5	15.0	inverse_cdf	20.0
11	135.0	32.0	inverse_cdf	32.5
11	165.0	40.0	inverse_cdf	41.0
11	157.5	37.5	inverse_cdf	40.0
11	90.0	21.5	inverse_cdf	22.0
11	142.5	34.5	inverse_cdf	36.5
11	22.5	7.5	inverse_cdf	4.0
11	7.5	2.5	inverse_cdf	2.5
11	120.0	29.0	inverse_cdf	25.5
11	172.5	41.0	inverse_cdf	41.5
11	60.0	17.0	inverse_cdf	18.5
11	75.0	16.5	inverse_cdf	21.0
11	82.5	19.5	inverse_cdf	21.5
11	52.5	11.5	inverse_cdf	16.0
11	45.0	12.5	inverse_cdf	11.5
11	112.5	28.0	inverse_cdf	24.0
11	37.5	7.5	inverse_cdf	7.5
11	30.0	5.5	inverse_cdf	5.0
11	105.0	27.0	inverse_cdf	23.0
11	150.0	36.0	inverse_cdf	39.0
11	15.0	5.0	inverse_cdf	3.0
11	127.5	29.0	inverse_cdf	28.0
11	67.5	13.5	inverse_cdf	20.0
11	82.5	20.5	inverse_cdf	21.5
11	142.5	37.5	inverse_cdf	36.5
11	37.5	10.5	inverse_cdf	7.5
11	112.5	25.5	inverse_cdf	24.0
11	15.0	4.5	inverse_cdf	3.0
11	90.0	21.5	inverse_cdf	22.0
11	75.0	16.0	inverse_cdf	21.0
11	97.5	25.0	inverse_cdf	22.5
11	60.0	16.5	inverse_cdf	18.5
11	150.0	38.0	inverse_cdf	39.0
11	157.5	36.0	inverse_cdf	40.0
11	30.0	7.0	inverse_cdf	5.0
11	45.0	11.0	inverse_cdf	11.5
11	127.5	33.0	inverse_cdf	28.0
11	172.5	41.0	inverse_cdf	41.5
11	7.5	4.0	inverse_cdf	2.5
11	105.0	25.0	inverse_cdf	23.0
11	165.0	38.0	inverse_cdf	41.0
11	22.5	4.5	inverse_cdf	4.0
11	120.0	27.0	inverse_cdf	25.5
11	135.0	33.0	inverse_cdf	32.5
11	52.5	13.0	inverse_cdf	16.0
11	120.0	29.0	inverse_cdf	25.5
11	37.5	7.5	inverse_cdf	7.5
11	90.0	22.0	inverse_cdf	22.0
11	30.0	5.5	inverse_cdf	5.0
11	45.0	11.5	inverse_cdf	11.5
11	15.0	4.0	inverse_cdf	3.0
11	135.0	33.0	inverse_cdf	32.5
11	67.5	18.0	inverse_cdf	20.0
11	105.0	24.0	inverse_cdf	23.0
11	60.0	18.0	inverse_cdf	18.5
11	52.5	19.5	inverse_cdf	16.0
11	150.0	38.5	inverse_cdf	39.0
11	172.5	41.5	inverse_cdf	41.5
11	112.5	27.0	inverse_cdf	24.0
11	127.5	32.0	inverse_cdf	28.0
11	7.5	2.5	inverse_cdf	2.5
11	142.5	32.5	inverse_cdf	36.5
11	22.5	5.0	inverse_cdf	4.0
11	157.5	38.5	inverse_cdf	40.0
11	82.5	20.5	inverse_cdf	21.5
11	165.0	38.0	inverse_cdf	41.0
11	75.0	17.5	inverse_cdf	21.0
11	97.5	25.5	inverse_cdf	22.5
11	52.5	12.5	cdf	12.5
11	37.5	11.5	cdf	11.5
11	75.0	16.0	cdf	16.0
11	105.0	28.0	cdf	28.0
11	82.5	18.5	cdf	18.5
11	90.0	22.0	cdf	22.0
11	112.5	30.5	cdf	30.0
11	7.5	5.5	cdf	5.5
11	30.0	10.0	cdf	11.0
11	165.0	34.0	cdf	36.0
11	15.0	7.5	cdf	8.0
11	127.5	30.5	cdf	31.5
11	172.5	39.5	cdf	38.5
11	45.0	12.0	cdf	12.0
11	120.0	30.0	cdf	31.0
11	60.0	13.0	cdf	13.0
11	97.5	25.0	cdf	25.5
11	142.5	32.5	cdf	32.5
11	67.5	14.0	cdf	14.0
11	22.5	6.5	cdf	10.0
11	150.0	33.5	cdf	33.0
11	135.0	31.5	cdf	32.0
11	37.5	11.0	cdf	11.5
11	67.5	13.5	cdf	14.0
11	172.5	36.0	cdf	38.5
11	127.5	31.5	cdf	31.5
11	82.5	19.0	cdf	18.5
11	60.0	12.5	cdf	13.0
11	30.0	10.5	cdf	11.0
11	120.0	30.0	cdf	31.0
11	45.0	12.5	cdf	12.0
11	105.0	28.0	cdf	28.0
11	75.0	16.0	cdf	16.0
11	7.5	5.5	cdf	5.5
11	90.0	22.0	cdf	22.0
11	150.0	34.0	cdf	33.0
11	142.5	32.5	cdf	32.5
11	97.5	25.0	cdf	25.5
11	112.5	29.5	cdf	30.0
11	15.0	8.5	cdf	8.0
11	52.5	12.5	cdf	12.5
11	157.5	34.0	cdf	34.0
11	165.0	36.0	cdf	36.0
11	22.5	8.0	cdf	10.0
11	135.0	32.0	cdf	32.0
11	120.0	31.0	cdf	31.0
11	142.5	32.0	cdf	32.5
11	30.0	10.0	cdf	11.0
11	37.5	11.0	cdf	11.5
11	82.5	19.0	cdf	18.5
11	45.0	11.0	cdf	12.0
11	15.0	8.0	cdf	8.0
11	127.5	31.0	cdf	31.5
11	67.5	13.0	cdf	14.0
11	52.5	12.0	cdf	12.5
11	90.0	22.0	cdf	22.0
11	60.0	13.5	cdf	13.0
11	157.5	36.0	cdf	34.0
11	7.5	5.5	cdf	5.5
11	172.5	39.0	cdf	38.5
11	112.5	30.0	cdf	30.0
11	97.5	26.0	cdf	25.5
11	150.0	34.0	cdf	33.0
11	165.0	36.5	cdf	36.0
11	75.0	15.0	cdf	16.0
11	135.0	32.0	cdf	32.0
11	22.5	7.5	cdf	10.0
11	105.0	25.0	cdf	28.0
11	157.5	36.0	cdf	34.0
11	75.0	16.5	cdf	16.0
11	30.0	9.5	cdf	11.0
11	142.5	32.5	cdf	32.5
11	112.5	31.5	cdf	30.0
11	37.5	12.0	cdf	11.5
11	15.0	8.0	cdf	8.0
11	165.0	34.0	cdf	36.0
11	45.0	12.0	cdf	12.0
11	60.0	13.5	cdf	13.0
11	52.5	13.0	cdf	12.5
11	150.0	33.0	cdf	33.0
11	22.5	10.0	cdf	10.0
11	172.5	38.5	cdf	38.5
11	97.5	25.5	cdf	25.5
11	127.5	31.5	cdf	31.5
11	90.0	22.0	cdf	22.0
11	7.5	6.5	cdf	5.5
11	105.0	28.5	cdf	28.0
11	120.0	31.0	cdf	31.0
11	82.5	20.5	cdf	18.5
11	135.0	32.5	cdf	32.0
11	165.0	35.5	cdf	36.0
11	120.0	30.0	cdf	31.0
11	142.5	32.5	cdf	32.5
11	97.5	26.0	cdf	25.5
11	30.0	9.5	cdf	11.0
11	82.5	18.5	cdf	18.5
11	75.0	16.0	cdf	16.0
11	90.0	22.0	cdf	22.0
11	60.0	14.0	cdf	13.0
11	45.0	11.0	cdf	12.0
11	112.5	29.0	cdf	30.0
11	52.5	12.5	cdf	12.5
11	127.5	31.0	cdf	31.5
11	157.5	36.0	cdf	34.0
11	172.5	38.5	cdf	38.5
11	7.5	5.5	cdf	5.5
11	105.0	27.5	cdf	28.0
11	150.0	34.0	cdf	33.0
11	135.0	32.5	cdf	32.0
11	67.5	15.0	cdf	14.0
11	22.5	8.0	cdf	10.0
11	15.0	8.5	cdf	8.0
11	37.5	11.0	cdf	11.5
11	52.5	12.0	cdf	12.5
11	90.0	22.0	cdf	22.0
11	112.5	28.0	cdf	30.0
11	172.5	38.5	cdf	38.5
11	127.5	31.0	cdf	31.5
11	82.5	18.5	cdf	18.5
11	120.0	30.0	cdf	31.0
11	67.5	12.5	cdf	14.0
11	15.0	8.5	cdf	8.0
11	45.0	11.5	cdf	12.0
11	22.5	10.0	cdf	10.0
11	157.5	33.5	cdf	34.0
11	60.0	14.0	cdf	13.0
11	142.5	32.0	cdf	32.5
11	97.5	25.0	cdf	25.5
11	135.0	32.0	cdf	32.0
11	37.5	11.5	cdf	11.5
11	165.0	36.5	cdf	36.0
11	75.0	16.0	cdf	16.0
11	30.0	10.0	cdf	11.0
11	150.0	35.5	cdf	33.0
11	105.0	26.0	cdf	28.0
11	7.5	6.0	cdf	5.5
11	135.0	33.0	cdf	32.0
11	82.5	20.0	cdf	18.5
11	105.0	27.5	cdf	28.0
11	97.5	25.5	cdf	25.5
11	75.0	16.5	cdf	16.0
11	45.0	12.5	cdf	12.0
11	15.0	8.5	cdf	8.0
11	67.5	14.5	cdf	14.0
11	30.0	10.0	cdf	11.0
11	142.5	32.5	cdf	32.5
11	172.5	38.5	cdf	38.5
11	165.0	36.5	cdf	36.0
11	60.0	11.5	cdf	13.0
11	90.0	21.5	cdf	22.0
11	127.5	30.5	cdf	31.5
11	120.0	30.0	cdf	31.0
11	7.5	5.5	cdf	5.5
11	52.5	11.0	cdf	12.5
11	37.5	9.0	cdf	11.5
11	157.5	34.0	cdf	34.0
11	150.0	34.0	cdf	33.0
11	22.5	7.5	cdf	10.0
11	112.5	27.5	cdf	30.0
11	90.0	22.5	cdf	22.0
11	165.0	34.5	cdf	36.0
11	82.5	15.5	cdf	18.5
11	135.0	31.5	cdf	32.0
11	60.0	14.0	cdf	13.0
11	157.5	33.5	cdf	34.0
11	52.5	13.0	cdf	12.5
11	37.5	9.0	cdf	11.5
11	22.5	9.0	cdf	10.0
11	150.0	33.0	cdf	33.0
11	172.5	38.0	cdf	38.5
11	7.5	5.5	cdf	5.5
11	105.0	27.0	cdf	28.0
11	97.5	25.0	cdf	25.5
11	142.5	34.5	cdf	32.5
11	67.5	15.5	cdf	14.0
11	75.0	17.5	cdf	16.0
11	30.0	11.0	cdf	11.0
11	15.0	8.0	cdf	8.0
11	120.0	31.5	cdf	31.0
11	45.0	12.0	cdf	12.0
11	127.5	32.0	cdf	31.5
12	90.0	22.0	cdf	22.0
12	157.5	34.0	cdf	34.0
12	82.5	18.5	cdf	18.5
12	67.5	14.0	cdf	14.0
12	135.0	32.5	cdf	32.0
12	30.0	11.5	cdf	11.0
12	75.0	16.0	cdf	16.0
12	127.5	32.5	cdf	31.5
12	15.0	5.5	cdf	8.0
12	22.5	8.0	cdf	10.0
12	120.0	30.0	cdf	31.0
12	97.5	25.5	cdf	25.5
12	7.5	6.0	cdf	5.5
12	172.5	38.5	cdf	38.5
12	150.0	34.0	cdf	33.0
12	60.0	13.0	cdf	13.0
12	105.0	28.0	cdf	28.0
12	112.5	28.0	cdf	30.0
12	52.5	12.5	cdf	12.5
12	157.5	34.0	cdf	34.0
12	150.0	34.0	cdf	33.0
12	120.0	31.0	cdf	31.0
12	97.5	25.5	cdf	25.5
12	67.5	14.0	cdf	14.0
12	172.5	38.5	cdf	38.5
12	75.0	15.5	cdf	16.0
12	30.0	11.5	cdf	11.0
12	15.0	8.0	cdf	8.0
12	22.5	10.0	cdf	10.0
12	135.0	32.5	cdf	32.0
12	142.5	33.0	cdf	32.5
12	165.0	36.0	cdf	36.0
12	7.5	5.5	cdf	5.5
12	60.0	14.0	cdf	13.0
12	127.5	32.5	cdf	31.5
12	82.5	18.5	cdf	18.5
12	112.5	31.0	cdf	30.0
12	52.5	13.0	cdf	12.5
12	45.0	13.0	cdf	12.0
12	37.5	12.5	cdf	11.5
12	127.5	31.0	cdf	31.5
12	45.0	12.5	cdf	12.0
12	120.0	31.0	cdf	31.0
12	7.5	5.5	cdf	5.5
12	30.0	11.5	cdf	11.0
12	67.5	14.0	cdf	14.0
12	112.5	30.0	cdf	30.0
12	60.0	13.0	cdf	13.0
12	142.5	33.0	cdf	32.5
12	97.5	25.5	cdf	25.5
12	15.0	10.0	cdf	8.0
12	22.5	8.0	cdf	10.0
12	90.0	22.0	cdf	22.0
12	172.5	36.0	cdf	38.5
12	75.0	16.0	cdf	16.0
12	105.0	28.0	cdf	28.0
12	157.5	34.0	cdf	34.0
12	37.5	12.0	cdf	11.5
12	52.5	13.0	cdf	12.5
12	150.0	33.0	cdf	33.0
12	165.0	36.0	cdf	36.0
12	135.0	30.5	cdf	32.0
12	157.5	34.0	cdf	34.0
12	142.5	34.0	cdf	32.5
12	127.5	32.5	cdf	31.5
12	150.0	36.0	cdf	33.0
12	172.5	39.0	cdf	38.5
12	45.0	13.0	cdf	12.0
12	75.0	18.5	cdf	16.0
12	15.0	8.0	cdf	8.0
12	82.5	18.5	cdf	18.5
12	90.0	22.0	cdf	22.0
12	22.5	11.0	cdf	10.0
12	30.0	11.5	cdf	11.0
12	165.0	36.0	cdf	36.0
12	120.0	31.0	cdf	31.0
12	67.5	14.0	cdf	14.0
12	97.5	25.5	cdf	25.5
12	135.0	33.0	cdf	32.0
12	52.5	13.0	cdf	12.5
12	105.0	25.5	cdf	28.0
12	7.5	5.5	cdf	5.5
12	37.5	12.5	cdf	11.5
12	90.0	22.0	cdf	22.0
12	67.5	16.0	cdf	14.0
12	112.5	30.0	cdf	30.0
12	37.5	12.0	cdf	11.5
12	7.5	5.5	cdf	5.5
12	127.5	30.5	cdf	31.5
12	22.5	11.0	cdf	10.0
12	142.5	33.0	cdf	32.5
12	97.5	25.5	cdf	25.5
12	165.0	36.0	cdf	36.0
12	82.5	18.5	cdf	18.5
12	157.5	34.0	cdf	34.0
12	60.0	14.0	cdf	13.0
12	52.5	13.0	cdf	12.5
12	120.0	31.0	cdf	31.0
12	172.5	38.5	cdf	38.5
12	135.0	33.0	cdf	32.0
12	105.0	25.5	cdf	28.0
12	30.0	11.5	cdf	11.0
12	75.0	16.0	cdf	16.0
12	150.0	34.0	cdf	33.0
12	45.0	12.5	cdf	12.0
12	97.5	25.5	cdf	25.5
12	112.5	30.0	cdf	30.0
12	60.0	14.0	cdf	13.0
12	37.5	12.5	cdf	11.5
12	22.5	11.0	cdf	10.0
12	82.5	18.5	cdf	18.5
12	135.0	32.5	cdf	32.0
12	52.5	14.0	cdf	12.5
12	150.0	34.0	cdf	33.0
12	172.5	38.5	cdf	38.5
12	30.0	11.5	cdf	11.0
12	90.0	22.0	cdf	22.0
12	7.5	5.5	cdf	5.5
12	127.5	31.5	cdf	31.5
12	75.0	16.0	cdf	16.0
12	142.5	32.5	cdf	32.5
12	157.5	34.0	cdf	34.0
12	67.5	16.0	cdf	14.0
12	105.0	28.0	cdf	28.0
12	15.0	10.0	cdf	8.0
12	172.5	36.0	cdf	38.5
12	135.0	32.5	cdf	32.0
12	120.0	32.0	cdf	31.0
12	150.0	34.0	cdf	33.0
12	45.0	13.0	cdf	12.0
12	60.0	14.0	cdf	13.0
12	90.0	22.0	cdf	22.0
12	82.5	18.5	cdf	18.5
12	75.0	15.5	cdf	16.0
12	7.5	5.5	cdf	5.5
12	127.5	32.0	cdf	31.5
12	67.5	14.0	cdf	14.0
12	30.0	11.5	cdf	11.0
12	165.0	36.0	cdf	36.0
12	142.5	33.0	cdf	32.5
12	22.5	11.5	cdf	10.0
12	97.5	25.5	cdf	25.5
12	52.5	13.0	cdf	12.5
12	15.0	8.0	cdf	8.0
12	112.5	30.0	cdf	30.0
12	157.5	34.0	cdf	34.0
12	142.5	32.5	cdf	32.5
12	172.5	38.5	cdf	38.5
12	157.5	36.0	cdf	34.0
12	22.5	11.0	cdf	10.0
12	45.0	13.0	cdf	12.0
12	165.0	36.0	cdf	36.0
12	37.5	13.0	cdf	11.5
12	112.5	30.0	cdf	30.0
12	7.5	5.5	cdf	5.5
12	120.0	31.5	cdf	31.0
12	127.5	32.0	cdf	31.5
12	60.0	14.0	cdf	13.0
12	90.0	22.0	cdf	22.0
12	135.0	32.5	cdf	32.0
12	82.5	18.5	cdf	18.5
12	150.0	34.0	cdf	33.0
12	97.5	25.5	cdf	25.5
12	52.5	13.0	cdf	12.5
12	105.0	28.0	cdf	28.0
12	67.5	16.0	cdf	14.0
12	15.0	10.0	cdf	8.0
12	30.0	12.0	cdf	11.0
12	7.5	2.5	inverse_cdf	2.5
12	67.5	21.0	inverse_cdf	20.0
12	60.0	18.5	inverse_cdf	18.5
12	30.0	5.0	inverse_cdf	5.0
12	172.5	41.0	inverse_cdf	41.5
12	165.0	40.0	inverse_cdf	41.0
12	112.5	23.0	inverse_cdf	24.0
12	127.5	28.0	inverse_cdf	28.0
12	82.5	21.5	inverse_cdf	21.5
12	105.0	22.5	inverse_cdf	23.0
12	37.5	7.5	inverse_cdf	7.5
12	135.0	32.5	inverse_cdf	32.5
12	157.5	40.0	inverse_cdf	40.0
12	97.5	22.5	inverse_cdf	22.5
12	75.0	21.0	inverse_cdf	21.0
12	142.5	36.5	inverse_cdf	36.5
12	90.0	22.0	inverse_cdf	22.0
12	15.0	2.5	inverse_cdf	3.0
12	120.0	24.0	inverse_cdf	25.5
12	22.5	3.0	inverse_cdf	4.0
12	150.0	39.0	inverse_cdf	39.0
12	22.5	3.0	inverse_cdf	4.0
12	112.5	23.0	inverse_cdf	24.0
12	97.5	22.5	inverse_cdf	22.5
12	135.0	36.5	inverse_cdf	32.5
12	142.5	39.0	inverse_cdf	36.5
12	60.0	11.5	inverse_cdf	18.5
12	90.0	22.0	inverse_cdf	22.0
12	120.0	25.5	inverse_cdf	25.5
12	165.0	41.0	inverse_cdf	41.0
12	75.0	21.0	inverse_cdf	21.0
12	30.0	5.0	inverse_cdf	5.0
12	127.5	28.0	inverse_cdf	28.0
12	15.0	2.5	inverse_cdf	3.0
12	150.0	40.0	inverse_cdf	39.0
12	157.5	41.0	inverse_cdf	40.0
12	105.0	23.0	inverse_cdf	23.0
12	67.5	20.0	inverse_cdf	20.0
12	45.0	16.0	inverse_cdf	11.5
12	37.5	7.5	inverse_cdf	7.5
12	82.5	21.5	inverse_cdf	21.5
12	7.5	2.5	inverse_cdf	2.5
12	172.5	41.5	inverse_cdf	41.5
12	52.5	18.5	inverse_cdf	16.0
12	135.0	25.5	inverse_cdf	32.5
12	142.5	36.5	inverse_cdf	36.5
12	97.5	22.5	inverse_cdf	22.5
12	7.5	2.5	inverse_cdf	2.5
12	22.5	3.0	inverse_cdf	4.0
12	45.0	16.0	inverse_cdf	11.5
12	37.5	11.5	inverse_cdf	7.5
12	112.5	23.0	inverse_cdf	24.0
12	15.0	3.0	inverse_cdf	3.0
12	52.5	18.5	inverse_cdf	16.0
12	157.5	39.0	inverse_cdf	40.0
12	30.0	5.0	inverse_cdf	5.0
12	60.0	18.5	inverse_cdf	18.5
12	67.5	20.0	inverse_cdf	20.0
12	120.0	25.5	inverse_cdf	25.5
12	127.5	25.5	inverse_cdf	28.0
12	82.5	21.5	inverse_cdf	21.5
12	90.0	22.0	inverse_cdf	22.0
12	75.0	21.0	inverse_cdf	21.0
12	172.5	41.5	inverse_cdf	41.5
12	150.0	39.0	inverse_cdf	39.0
12	105.0	24.0	inverse_cdf	23.0
12	157.5	39.0	inverse_cdf	40.0
12	82.5	21.5	inverse_cdf	21.5
12	7.5	2.5	inverse_cdf	2.5
12	15.0	3.0	inverse_cdf	3.0
12	105.0	23.0	inverse_cdf	23.0
12	150.0	39.0	inverse_cdf	39.0
12	120.0	25.5	inverse_cdf	25.5
12	112.5	24.0	inverse_cdf	24.0
12	60.0	16.0	inverse_cdf	18.5
12	172.5	41.5	inverse_cdf	41.5
12	45.0	16.0	inverse_cdf	11.5
12	90.0	22.0	inverse_cdf	22.0
12	67.5	20.0	inverse_cdf	20.0
12	22.5	3.0	inverse_cdf	4.0
12	30.0	11.5	inverse_cdf	5.0
12	52.5	18.5	inverse_cdf	16.0
12	97.5	22.5	inverse_cdf	22.5
12	127.5	28.0	inverse_cdf	28.0
12	142.5	32.5	inverse_cdf	36.5
12	165.0	41.0	inverse_cdf	41.0
12	75.0	20.0	inverse_cdf	21.0
12	157.5	39.0	inverse_cdf	40.0
12	172.5	41.5	inverse_cdf	41.5
12	165.0	41.0	inverse_cdf	41.0
12	120.0	24.0	inverse_cdf	25.5
12	60.0	18.5	inverse_cdf	18.5
12	142.5	36.5	inverse_cdf	36.5
12	150.0	39.0	inverse_cdf	39.0
12	22.5	4.0	inverse_cdf	4.0
12	135.0	28.0	inverse_cdf	32.5
12	37.5	11.5	inverse_cdf	7.5
12	112.5	24.0	inverse_cdf	24.0
12	45.0	16.0	inverse_cdf	11.5
12	127.5	25.5	inverse_cdf	28.0
12	67.5	18.5	inverse_cdf	20.0
12	52.5	16.0	inverse_cdf	16.0
12	7.5	2.5	inverse_cdf	2.5
12	97.5	22.5	inverse_cdf	22.5
12	75.0	21.5	inverse_cdf	21.0
12	82.5	21.5	inverse_cdf	21.5
12	105.0	23.0	inverse_cdf	23.0
12	30.0	7.5	inverse_cdf	5.0
12	90.0	22.0	inverse_cdf	22.0
12	127.5	28.0	inverse_cdf	28.0
12	150.0	36.5	inverse_cdf	39.0
12	15.0	3.0	inverse_cdf	3.0
12	90.0	22.0	inverse_cdf	22.0
12	37.5	11.5	inverse_cdf	7.5
12	67.5	18.5	inverse_cdf	20.0
12	22.5	5.0	inverse_cdf	4.0
12	172.5	41.5	inverse_cdf	41.5
12	30.0	11.5	inverse_cdf	5.0
12	165.0	41.0	inverse_cdf	41.0
12	52.5	16.0	inverse_cdf	16.0
12	120.0	25.5	inverse_cdf	25.5
12	75.0	21.0	inverse_cdf	21.0
12	60.0	18.5	inverse_cdf	18.5
12	7.5	3.0	inverse_cdf	2.5
12	82.5	21.0	inverse_cdf	21.5
12	135.0	32.5	inverse_cdf	32.5
12	112.5	23.0	inverse_cdf	24.0
12	97.5	22.5	inverse_cdf	22.5
12	105.0	23.0	inverse_cdf	23.0
12	142.5	39.0	inverse_cdf	36.5
12	112.5	24.0	inverse_cdf	24.0
12	82.5	21.5	inverse_cdf	21.5
12	135.0	36.5	inverse_cdf	32.5
12	60.0	16.0	inverse_cdf	18.5
12	157.5	41.0	inverse_cdf	40.0
12	45.0	11.5	inverse_cdf	11.5
12	67.5	18.5	inverse_cdf	20.0
12	97.5	22.5	inverse_cdf	22.5
12	165.0	41.5	inverse_cdf	41.0
12	172.5	41.5	inverse_cdf	41.5
12	127.5	25.5	inverse_cdf	28.0
12	7.5	2.5	inverse_cdf	2.5
12	52.5	16.0	inverse_cdf	16.0
12	142.5	36.5	inverse_cdf	36.5
12	90.0	22.0	inverse_cdf	22.0
12	105.0	23.0	inverse_cdf	23.0
12	15.0	3.0	inverse_cdf	3.0
12	22.5	5.0	inverse_cdf	4.0
12	37.5	11.5	inverse_cdf	7.5
12	120.0	25.5	inverse_cdf	25.5
12	30.0	7.5	inverse_cdf	5.0
12	7.5	2.5	inverse_cdf	2.5
12	22.5	5.0	inverse_cdf	4.0
12	97.5	22.5	inverse_cdf	22.5
12	15.0	3.0	inverse_cdf	3.0
12	30.0	11.5	inverse_cdf	5.0
12	67.5	18.5	inverse_cdf	20.0
12	60.0	16.0	inverse_cdf	18.5
12	120.0	25.5	inverse_cdf	25.5
12	105.0	23.0	inverse_cdf	23.0
12	75.0	21.0	inverse_cdf	21.0
12	127.5	32.5	inverse_cdf	28.0
12	157.5	39.0	inverse_cdf	40.0
12	52.5	16.0	inverse_cdf	16.0
12	112.5	25.5	inverse_cdf	24.0
12	82.5	21.5	inverse_cdf	21.5
12	37.5	7.5	inverse_cdf	7.5
12	135.0	32.0	inverse_cdf	32.5
12	90.0	22.0	inverse_cdf	22.0
12	150.0	39.0	inverse_cdf	39.0
13	45.0	10.5	inverse_cdf	11.5
13	90.0	21.5	inverse_cdf	22.0
13	97.5	24.0	inverse_cdf	22.5
13	135.0	34.5	inverse_cdf	32.5
13	15.0	3.0	inverse_cdf	3.0
13	120.0	28.5	inverse_cdf	25.5
13	22.5	5.0	inverse_cdf	4.0
13	67.5	16.0	inverse_cdf	20.0
13	52.5	11.5	inverse_cdf	16.0
13	165.0	40.0	inverse_cdf	41.0
13	60.0	11.5	inverse_cdf	18.5
13	105.0	23.0	inverse_cdf	23.0
13	127.5	28.0	inverse_cdf	28.0
13	157.5	37.5	inverse_cdf	40.0
13	7.5	2.0	inverse_cdf	2.5
13	75.0	20.0	inverse_cdf	21.0
13	82.5	21.0	inverse_cdf	21.5
13	37.5	2.5	inverse_cdf	7.5
13	30.0	5.0	inverse_cdf	5.0
13	150.0	38.0	inverse_cdf	39.0
13	112.5	23.5	inverse_cdf	24.0
13	112.5	25.0	inverse_cdf	24.0
13	15.0	3.5	inverse_cdf	3.0
13	82.5	21.5	inverse_cdf	21.5
13	37.5	8.5	inverse_cdf	7.5
13	165.0	39.5	inverse_cdf	41.0
13	52.5	15.0	inverse_cdf	16.0
13	30.0	5.5	inverse_cdf	5.0
13	67.5	19.5	inverse_cdf	20.0
13	90.0	22.0	inverse_cdf	22.0
13	142.5	34.5	inverse_cdf	36.5
13	150.0	38.0	inverse_cdf	39.0
13	97.5	22.5	inverse_cdf	22.5
13	135.0	32.0	inverse_cdf	32.5
13	157.5	39.5	inverse_cdf	40.0
13	22.5	5.0	inverse_cdf	4.0
13	60.0	15.5	inverse_cdf	18.5
13	105.0	24.0	inverse_cdf	23.0
13	127.5	28.0	inverse_cdf	28.0
13	7.5	0.0	inverse_cdf	2.5
13	45.0	11.0	inverse_cdf	11.5
13	75.0	20.0	inverse_cdf	21.0
13	172.5	40.5	inverse_cdf	41.5
13	105.0	24.0	inverse_cdf	23.0
13	22.5	4.0	inverse_cdf	4.0
13	82.5	21.0	inverse_cdf	21.5
13	150.0	37.5	inverse_cdf	39.0
13	127.5	30.0	inverse_cdf	28.0
13	7.5	1.5	inverse_cdf	2.5
13	15.0	2.5	inverse_cdf	3.0
13	37.5	7.5	inverse_cdf	7.5
13	30.0	5.0	inverse_cdf	5.0
13	112.5	25.0	inverse_cdf	24.0
13	172.5	41.0	inverse_cdf	41.5
13	45.0	11.5	inverse_cdf	11.5
13	97.5	22.5	inverse_cdf	22.5
13	135.0	34.5	inverse_cdf	32.5
13	67.5	15.5	inverse_cdf	20.0
13	90.0	22.0	inverse_cdf	22.0
13	165.0	40.5	inverse_cdf	41.0
13	157.5	39.5	inverse_cdf	40.0
13	142.5	35.5	inverse_cdf	36.5
13	60.0	16.5	inverse_cdf	18.5
13	120.0	28.5	inverse_cdf	25.5
13	52.5	11.5	inverse_cdf	16.0
13	75.0	19.0	inverse_cdf	21.0
13	22.5	3.5	inverse_cdf	4.0
13	135.0	32.0	inverse_cdf	32.5
13	150.0	36.5	inverse_cdf	39.0
13	15.0	3.0	inverse_cdf	3.0
13	112.5	25.5	inverse_cdf	24.0
13	82.5	21.5	inverse_cdf	21.5
13	60.0	11.5	inverse_cdf	18.5
13	45.0	7.5	inverse_cdf	11.5
13	37.5	7.5	inverse_cdf	7.5
13	172.5	41.5	inverse_cdf	41.5
13	30.0	3.0	inverse_cdf	5.0
13	90.0	22.0	inverse_cdf	22.0
13	105.0	24.0	inverse_cdf	23.0
13	52.5	11.0	inverse_cdf	16.0
13	157.5	36.5	inverse_cdf	40.0
13	165.0	40.0	inverse_cdf	41.0
13	97.5	23.0	inverse_cdf	22.5
13	7.5	2.0	inverse_cdf	2.5
13	67.5	16.0	inverse_cdf	20.0
13	120.0	29.5	inverse_cdf	25.5
13	127.5	28.5	inverse_cdf	28.0
13	165.0	40.0	inverse_cdf	41.0
13	7.5	2.0	inverse_cdf	2.5
13	97.5	22.5	inverse_cdf	22.5
13	67.5	16.0	inverse_cdf	20.0
13	22.5	4.5	inverse_cdf	4.0
13	112.5	27.5	inverse_cdf	24.0
13	90.0	22.0	inverse_cdf	22.0
13	15.0	2.0	inverse_cdf	3.0
13	60.0	16.0	inverse_cdf	18.5
13	105.0	23.0	inverse_cdf	23.0
13	52.5	11.0	inverse_cdf	16.0
13	75.0	18.5	inverse_cdf	21.0
13	37.5	5.0	inverse_cdf	7.5
13	82.5	21.0	inverse_cdf	21.5
13	127.5	32.0	inverse_cdf	28.0
13	172.5	41.5	inverse_cdf	41.5
13	120.0	25.5	inverse_cdf	25.5
13	157.5	37.5	inverse_cdf	40.0
13	150.0	35.0	inverse_cdf	39.0
13	135.0	34.0	inverse_cdf	32.5
13	142.5	32.0	inverse_cdf	36.5
13	45.0	11.5	inverse_cdf	11.5
13	30.0	7.5	inverse_cdf	5.0
13	112.5	25.5	inverse_cdf	24.0
13	75.0	18.0	inverse_cdf	21.0
13	60.0	11.5	inverse_cdf	18.5
13	142.5	35.0	inverse_cdf	36.5
13	52.5	11.5	inverse_cdf	16.0
13	105.0	26.0	inverse_cdf	23.0
13	97.5	22.5	inverse_cdf	22.5
13	67.5	16.5	inverse_cdf	20.0
13	90.0	21.5	inverse_cdf	22.0
13	135.0	34.0	inverse_cdf	32.5
13	157.5	38.5	inverse_cdf	40.0
13	22.5	3.5	inverse_cdf	4.0
13	30.0	4.5	inverse_cdf	5.0
13	7.5	2.5	inverse_cdf	2.5
13	37.5	7.5	inverse_cdf	7.5
13	15.0	3.0	inverse_cdf	3.0
13	127.5	28.0	inverse_cdf	28.0
13	165.0	39.5	inverse_cdf	41.0
13	45.0	11.5	inverse_cdf	11.5
13	172.5	41.5	inverse_cdf	41.5
13	150.0	32.0	inverse_cdf	39.0
13	82.5	20.0	inverse_cdf	21.5
13	142.5	32.0	inverse_cdf	36.5
13	60.0	18.0	inverse_cdf	18.5
13	90.0	22.0	inverse_cdf	22.0
13	120.0	26.5	inverse_cdf	25.5
13	30.0	4.5	inverse_cdf	5.0
13	97.5	23.0	inverse_cdf	22.5
13	165.0	40.0	inverse_cdf	41.0
13	67.5	13.5	inverse_cdf	20.0
13	7.5	2.0	inverse_cdf	2.5
13	157.5	38.0	inverse_cdf	40.0
13	15.0	3.0	inverse_cdf	3.0
13	45.0	7.0	inverse_cdf	11.5
13	52.5	11.0	inverse_cdf	16.0
13	75.0	20.0	inverse_cdf	21.0
13	127.5	31.5	inverse_cdf	28.0
13	105.0	23.5	inverse_cdf	23.0
13	22.5	3.0	inverse_cdf	4.0
13	135.0	32.0	inverse_cdf	32.5
13	150.0	35.5	inverse_cdf	39.0
13	172.5	41.5	inverse_cdf	41.5
13	82.5	21.5	inverse_cdf	21.5
13	37.5	7.5	inverse_cdf	7.5
13	97.5	22.0	inverse_cdf	22.5
13	60.0	15.0	inverse_cdf	18.5
13	22.5	4.0	inverse_cdf	4.0
13	172.5	40.5	inverse_cdf	41.5
13	112.5	25.5	inverse_cdf	24.0
13	120.0	28.0	inverse_cdf	25.5
13	30.0	5.0	inverse_cdf	5.0
13	75.0	20.0	inverse_cdf	21.0
13	82.5	21.0	inverse_cdf	21.5
13	150.0	37.5	inverse_cdf	39.0
13	105.0	24.0	inverse_cdf	23.0
13	15.0	3.0	inverse_cdf	3.0
13	67.5	16.0	inverse_cdf	20.0
13	127.5	32.5	inverse_cdf	28.0
13	7.5	2.0	inverse_cdf	2.5
13	90.0	22.0	inverse_cdf	22.0
13	142.5	39.0	inverse_cdf	36.5
13	157.5	38.5	inverse_cdf	40.0
13	37.5	7.0	inverse_cdf	7.5
13	135.0	32.0	inverse_cdf	32.5
13	165.0	40.0	inverse_cdf	41.0
13	45.0	11.5	inverse_cdf	11.5
13	60.0	12.5	cdf	13.0
13	22.5	8.0	cdf	10.0
13	105.0	27.5	cdf	28.0
13	127.5	32.0	cdf	31.5
13	52.5	11.5	cdf	12.5
13	157.5	34.0	cdf	34.0
13	30.0	10.0	cdf	11.0
13	37.5	11.0	cdf	11.5
13	135.0	32.0	cdf	32.0
13	97.5	25.5	cdf	25.5
13	112.5	29.5	cdf	30.0
13	150.0	34.0	cdf	33.0
13	120.0	31.0	cdf	31.0
13	75.0	13.0	cdf	16.0
13	15.0	8.0	cdf	8.0
13	7.5	5.5	cdf	5.5
13	165.0	36.0	cdf	36.0
13	45.0	10.5	cdf	12.0
13	90.0	22.0	cdf	22.0
13	82.5	18.5	cdf	18.5
13	142.5	33.0	cdf	32.5
13	172.5	38.5	cdf	38.5
13	67.5	14.0	cdf	14.0
13	127.5	31.0	cdf	31.5
13	60.0	13.0	cdf	13.0
13	157.5	36.0	cdf	34.0
13	150.0	33.0	cdf	33.0
13	45.0	11.0	cdf	12.0
13	22.5	10.0	cdf	10.0
13	172.5	38.5	cdf	38.5
13	120.0	30.0	cdf	31.0
13	37.5	11.0	cdf	11.5
13	165.0	36.0	cdf	36.0
13	67.5	14.5	cdf	14.0
13	135.0	32.0	cdf	32.0
13	15.0	5.5	cdf	8.0
13	30.0	10.0	cdf	11.0
13	142.5	33.0	cdf	32.5
13	82.5	18.5	cdf	18.5
13	97.5	25.5	cdf	25.5
13	90.0	21.5	cdf	22.0
13	52.5	11.0	cdf	12.5
13	75.0	16.0	cdf	16.0
13	105.0	28.0	cdf	28.0
13	135.0	31.0	cdf	32.0
13	112.5	30.0	cdf	30.0
13	67.5	14.5	cdf	14.0
13	45.0	11.5	cdf	12.0
13	30.0	11.0	cdf	11.0
13	75.0	16.0	cdf	16.0
13	165.0	36.0	cdf	36.0
13	37.5	11.0	cdf	11.5
13	172.5	38.0	cdf	38.5
13	60.0	12.5	cdf	13.0
13	97.5	25.0	cdf	25.5
13	120.0	31.0	cdf	31.0
13	157.5	34.0	cdf	34.0
13	127.5	31.5	cdf	31.5
13	82.5	18.5	cdf	18.5
13	142.5	33.0	cdf	32.5
13	15.0	7.5	cdf	8.0
13	7.5	4.5	cdf	5.5
13	22.5	10.0	cdf	10.0
13	150.0	32.5	cdf	33.0
13	90.0	22.0	cdf	22.0
13	52.5	11.5	cdf	12.5
13	82.5	18.5	cdf	18.5
13	105.0	28.0	cdf	28.0
13	112.5	30.0	cdf	30.0
13	172.5	38.0	cdf	38.5
13	7.5	5.5	cdf	5.5
13	142.5	32.5	cdf	32.5
13	120.0	31.0	cdf	31.0
13	15.0	10.0	cdf	8.0
13	157.5	34.0	cdf	34.0
13	45.0	11.0	cdf	12.0
13	60.0	12.5	cdf	13.0
13	90.0	22.0	cdf	22.0
13	165.0	36.0	cdf	36.0
13	150.0	34.0	cdf	33.0
13	52.5	12.0	cdf	12.5
13	97.5	25.5	cdf	25.5
13	22.5	11.0	cdf	10.0
13	37.5	11.0	cdf	11.5
13	75.0	16.0	cdf	16.0
13	30.0	9.5	cdf	11.0
13	135.0	31.5	cdf	32.0
13	67.5	12.5	cdf	14.0
13	127.5	32.0	cdf	31.5
13	135.0	30.5	cdf	32.0
13	165.0	36.5	cdf	36.0
13	97.5	25.5	cdf	25.5
13	37.5	11.0	cdf	11.5
13	45.0	11.0	cdf	12.0
13	150.0	33.5	cdf	33.0
13	52.5	12.0	cdf	12.5
13	105.0	28.5	cdf	28.0
13	127.5	31.0	cdf	31.5
13	90.0	22.0	cdf	22.0
13	112.5	30.0	cdf	30.0
13	82.5	18.5	cdf	18.5
13	172.5	38.5	cdf	38.5
13	142.5	34.0	cdf	32.5
13	15.0	8.0	cdf	8.0
13	30.0	9.5	cdf	11.0
13	67.5	13.0	cdf	14.0
13	120.0	31.5	cdf	31.0
13	60.0	12.0	cdf	13.0
13	7.5	4.5	cdf	5.5
13	22.5	10.0	cdf	10.0
13	75.0	15.5	cdf	16.0
13	157.5	34.0	cdf	34.0
13	112.5	30.5	cdf	30.0
13	60.0	12.0	cdf	13.0
13	90.0	22.0	cdf	22.0
13	157.5	36.0	cdf	34.0
13	45.0	11.0	cdf	12.0
13	75.0	16.0	cdf	16.0
13	120.0	30.5	cdf	31.0
13	135.0	31.5	cdf	32.0
13	22.5	9.5	cdf	10.0
13	67.5	14.0	cdf	14.0
13	142.5	32.5	cdf	32.5
13	7.5	5.5	cdf	5.5
13	105.0	27.5	cdf	28.0
13	15.0	10.0	cdf	8.0
13	150.0	33.0	cdf	33.0
13	37.5	11.0	cdf	11.5
13	127.5	31.0	cdf	31.5
13	30.0	10.5	cdf	11.0
13	52.5	12.0	cdf	12.5
13	165.0	36.0	cdf	36.0
13	97.5	25.5	cdf	25.5
13	172.5	38.5	cdf	38.5
13	82.5	18.5	cdf	18.5
13	105.0	28.0	cdf	28.0
13	112.5	30.0	cdf	30.0
13	165.0	35.5	cdf	36.0
13	15.0	8.0	cdf	8.0
13	52.5	12.5	cdf	12.5
13	60.0	12.5	cdf	13.0
13	97.5	25.5	cdf	25.5
13	150.0	34.0	cdf	33.0
13	75.0	16.0	cdf	16.0
13	22.5	10.0	cdf	10.0
13	45.0	11.5	cdf	12.0
13	90.0	21.5	cdf	22.0
13	82.5	18.5	cdf	18.5
13	135.0	31.0	cdf	32.0
13	7.5	5.5	cdf	5.5
13	37.5	11.0	cdf	11.5
13	172.5	38.5	cdf	38.5
13	67.5	13.5	cdf	14.0
13	120.0	30.5	cdf	31.0
13	142.5	32.5	cdf	32.5
13	30.0	10.5	cdf	11.0
13	120.0	30.0	cdf	31.0
13	90.0	22.0	cdf	22.0
13	127.5	32.0	cdf	31.5
13	60.0	12.5	cdf	13.0
13	157.5	33.5	cdf	34.0
13	142.5	33.0	cdf	32.5
13	7.5	5.5	cdf	5.5
13	37.5	11.0	cdf	11.5
13	30.0	10.5	cdf	11.0
13	165.0	36.0	cdf	36.0
13	135.0	31.5	cdf	32.0
13	82.5	18.5	cdf	18.5
13	97.5	25.5	cdf	25.5
13	75.0	16.0	cdf	16.0
13	112.5	30.5	cdf	30.0
13	22.5	10.0	cdf	10.0
13	15.0	10.0	cdf	8.0
13	172.5	38.5	cdf	38.5
13	67.5	14.0	cdf	14.0
13	105.0	27.5	cdf	28.0
13	52.5	12.0	cdf	12.5
13	45.0	11.5	cdf	12.0
13	150.0	33.0	cdf	33.0
14	165.0	34.0	cdf	36.0
14	150.0	33.5	cdf	33.0
14	172.5	38.5	cdf	38.5
14	52.5	13.0	cdf	12.5
14	105.0	28.5	cdf	28.0
14	67.5	14.5	cdf	14.0
14	60.0	13.0	cdf	13.0
14	37.5	10.5	cdf	11.5
14	157.5	35.5	cdf	34.0
14	127.5	31.5	cdf	31.5
14	120.0	32.0	cdf	31.0
14	30.0	10.5	cdf	11.0
14	142.5	33.0	cdf	32.5
14	45.0	11.5	cdf	12.0
14	7.5	4.0	cdf	5.5
14	15.0	10.5	cdf	8.0
14	82.5	18.0	cdf	18.5
14	22.5	10.0	cdf	10.0
14	97.5	25.0	cdf	25.5
14	112.5	29.0	cdf	30.0
14	90.0	22.5	cdf	22.0
14	67.5	13.5	cdf	14.0
14	52.5	12.5	cdf	12.5
14	165.0	35.5	cdf	36.0
14	82.5	18.5	cdf	18.5
14	142.5	32.5	cdf	32.5
14	105.0	28.0	cdf	28.0
14	120.0	31.0	cdf	31.0
14	22.5	10.5	cdf	10.0
14	157.5	35.0	cdf	34.0
14	60.0	13.0	cdf	13.0
14	172.5	37.5	cdf	38.5
14	7.5	5.5	cdf	5.5
14	45.0	11.0	cdf	12.0
14	90.0	22.0	cdf	22.0
14	112.5	29.5	cdf	30.0
14	75.0	17.5	cdf	16.0
14	135.0	32.0	cdf	32.0
14	30.0	11.0	cdf	11.0
14	37.5	11.5	cdf	11.5
14	15.0	8.0	cdf	8.0
14	97.5	24.5	cdf	25.5
14	150.0	33.5	cdf	33.0
14	127.5	32.0	cdf	31.5
14	142.5	33.0	cdf	32.5
14	112.5	29.5	cdf	30.0
14	15.0	8.5	cdf	8.0
14	60.0	10.5	cdf	13.0
14	82.5	18.5	cdf	18.5
14	52.5	12.5	cdf	12.5
14	45.0	12.5	cdf	12.0
14	90.0	21.5	cdf	22.0
14	75.0	16.0	cdf	16.0
14	120.0	31.0	cdf	31.0
14	150.0	33.5	cdf	33.0
14	97.5	25.0	cdf	25.5
14	165.0	38.0	cdf	36.0
14	22.5	9.5	cdf	10.0
14	30.0	11.5	cdf	11.0
14	127.5	32.0	cdf	31.5
14	67.5	16.0	cdf	14.0
14	172.5	37.5	cdf	38.5
14	157.5	35.5	cdf	34.0
14	105.0	28.0	cdf	28.0
14	135.0	32.5	cdf	32.0
14	37.5	11.5	cdf	11.5
14	7.5	6.5	cdf	5.5
14	150.0	34.0	cdf	33.0
14	157.5	34.5	cdf	34.0
14	105.0	27.5	cdf	28.0
14	112.5	30.0	cdf	30.0
14	67.5	13.0	cdf	14.0
14	30.0	10.0	cdf	11.0
14	15.0	8.0	cdf	8.0
14	90.0	22.0	cdf	22.0
14	60.0	13.5	cdf	13.0
14	172.5	37.0	cdf	38.5
14	82.5	18.5	cdf	18.5
14	135.0	33.0	cdf	32.0
14	75.0	16.5	cdf	16.0
14	127.5	32.5	cdf	31.5
14	142.5	33.0	cdf	32.5
14	7.5	6.0	cdf	5.5
14	52.5	13.0	cdf	12.5
14	120.0	30.0	cdf	31.0
14	37.5	10.5	cdf	11.5
14	97.5	25.5	cdf	25.5
14	165.0	36.0	cdf	36.0
14	22.5	11.0	cdf	10.0
14	45.0	12.5	cdf	12.0
14	67.5	14.5	cdf	14.0
14	142.5	32.0	cdf	32.5
14	150.0	34.5	cdf	33.0
14	112.5	30.0	cdf	30.0
14	30.0	11.0	cdf	11.0
14	7.5	6.0	cdf	5.5
14	22.5	11.0	cdf	10.0
14	60.0	13.0	cdf	13.0
14	82.5	18.5	cdf	18.5
14	120.0	31.5	cdf	31.0
14	172.5	37.0	cdf	38.5
14	157.5	36.5	cdf	34.0
14	90.0	22.5	cdf	22.0
14	15.0	9.0	cdf	8.0
14	105.0	27.5	cdf	28.0
14	135.0	33.0	cdf	32.0
14	52.5	12.5	cdf	12.5
14	75.0	16.0	cdf	16.0
14	165.0	37.0	cdf	36.0
14	45.0	13.0	cdf	12.0
14	127.5	33.0	cdf	31.5
14	97.5	25.0	cdf	25.5
14	37.5	12.0	cdf	11.5
14	22.5	10.0	cdf	10.0
14	142.5	32.5	cdf	32.5
14	105.0	28.0	cdf	28.0
14	150.0	34.0	cdf	33.0
14	67.5	14.0	cdf	14.0
14	82.5	19.5	cdf	18.5
14	97.5	28.0	cdf	25.5
14	15.0	9.5	cdf	8.0
14	37.5	12.0	cdf	11.5
14	172.5	38.0	cdf	38.5
14	165.0	36.0	cdf	36.0
14	45.0	13.0	cdf	12.0
14	60.0	12.5	cdf	13.0
14	75.0	17.0	cdf	16.0
14	90.0	22.0	cdf	22.0
14	157.5	33.5	cdf	34.0
14	135.0	32.0	cdf	32.0
14	120.0	30.5	cdf	31.0
14	52.5	12.5	cdf	12.5
14	30.0	11.0	cdf	11.0
14	127.5	31.5	cdf	31.5
14	7.5	6.0	cdf	5.5
14	97.5	26.5	cdf	25.5
14	60.0	13.0	cdf	13.0
14	75.0	15.5	cdf	16.0
14	142.5	33.0	cdf	32.5
14	120.0	31.0	cdf	31.0
14	150.0	34.0	cdf	33.0
14	52.5	12.5	cdf	12.5
14	37.5	11.0	cdf	11.5
14	22.5	11.0	cdf	10.0
14	165.0	36.5	cdf	36.0
14	30.0	11.0	cdf	11.0
14	67.5	13.0	cdf	14.0
14	172.5	37.5	cdf	38.5
14	127.5	32.5	cdf	31.5
14	112.5	30.5	cdf	30.0
14	7.5	6.0	cdf	5.5
14	82.5	17.5	cdf	18.5
14	135.0	32.5	cdf	32.0
14	45.0	11.5	cdf	12.0
14	157.5	35.5	cdf	34.0
14	15.0	7.5	cdf	8.0
14	90.0	22.0	cdf	22.0
14	105.0	28.5	cdf	28.0
14	15.0	7.5	cdf	8.0
14	105.0	27.5	cdf	28.0
14	97.5	25.5	cdf	25.5
14	120.0	31.5	cdf	31.0
14	60.0	12.5	cdf	13.0
14	37.5	11.5	cdf	11.5
14	45.0	12.0	cdf	12.0
14	135.0	32.0	cdf	32.0
14	30.0	10.5	cdf	11.0
14	22.5	10.0	cdf	10.0
14	172.5	38.0	cdf	38.5
14	90.0	22.5	cdf	22.0
14	157.5	34.0	cdf	34.0
14	150.0	33.0	cdf	33.0
14	165.0	36.0	cdf	36.0
14	82.5	18.5	cdf	18.5
14	75.0	16.5	cdf	16.0
14	67.5	14.0	cdf	14.0
14	127.5	31.0	cdf	31.5
14	112.5	27.5	cdf	30.0
14	7.5	5.0	cdf	5.5
14	52.5	13.0	cdf	12.5
14	142.5	33.5	cdf	32.5
14	157.5	38.0	inverse_cdf	40.0
14	30.0	5.0	inverse_cdf	5.0
14	37.5	7.0	inverse_cdf	7.5
14	172.5	41.5	inverse_cdf	41.5
14	7.5	2.5	inverse_cdf	2.5
14	127.5	27.5	inverse_cdf	28.0
14	165.0	40.0	inverse_cdf	41.0
14	97.5	23.0	inverse_cdf	22.5
14	22.5	4.5	inverse_cdf	4.0
14	135.0	32.0	inverse_cdf	32.5
14	90.0	22.0	inverse_cdf	22.0
14	120.0	23.5	inverse_cdf	25.5
14	52.5	15.5	inverse_cdf	16.0
14	105.0	23.0	inverse_cdf	23.0
14	15.0	3.0	inverse_cdf	3.0
14	142.5	37.5	inverse_cdf	36.5
14	82.5	21.5	inverse_cdf	21.5
14	75.0	20.5	inverse_cdf	21.0
14	112.5	24.5	inverse_cdf	24.0
14	150.0	39.0	inverse_cdf	39.0
14	60.0	16.0	inverse_cdf	18.5
14	45.0	11.5	inverse_cdf	11.5
14	105.0	22.0	inverse_cdf	23.0
14	60.0	16.0	inverse_cdf	18.5
14	67.5	20.0	inverse_cdf	20.0
14	7.5	2.5	inverse_cdf	2.5
14	30.0	4.0	inverse_cdf	5.0
14	82.5	21.5	inverse_cdf	21.5
14	52.5	11.5	inverse_cdf	16.0
14	37.5	6.0	inverse_cdf	7.5
14	127.5	28.5	inverse_cdf	28.0
14	172.5	41.0	inverse_cdf	41.5
14	135.0	32.5	inverse_cdf	32.5
14	120.0	26.0	inverse_cdf	25.5
14	22.5	3.5	inverse_cdf	4.0
14	165.0	39.5	inverse_cdf	41.0
14	157.5	39.0	inverse_cdf	40.0
14	112.5	24.0	inverse_cdf	24.0
14	142.5	36.5	inverse_cdf	36.5
14	97.5	22.5	inverse_cdf	22.5
14	90.0	22.0	inverse_cdf	22.0
14	45.0	11.5	inverse_cdf	11.5
14	75.0	21.0	inverse_cdf	21.0
14	15.0	3.5	inverse_cdf	3.0
14	150.0	39.5	inverse_cdf	39.0
14	90.0	21.0	inverse_cdf	22.0
14	142.5	35.0	inverse_cdf	36.5
14	60.0	16.5	inverse_cdf	18.5
14	37.5	5.5	inverse_cdf	7.5
14	150.0	38.5	inverse_cdf	39.0
14	15.0	4.0	inverse_cdf	3.0
14	165.0	40.5	inverse_cdf	41.0
14	7.5	2.5	inverse_cdf	2.5
14	45.0	11.5	inverse_cdf	11.5
14	75.0	21.0	inverse_cdf	21.0
14	120.0	28.0	inverse_cdf	25.5
14	52.5	12.0	inverse_cdf	16.0
14	82.5	22.0	inverse_cdf	21.5
14	30.0	5.0	inverse_cdf	5.0
14	135.0	32.5	inverse_cdf	32.5
14	127.5	28.0	inverse_cdf	28.0
14	105.0	23.0	inverse_cdf	23.0
14	172.5	42.0	inverse_cdf	41.5
14	157.5	40.0	inverse_cdf	40.0
14	22.5	4.5	inverse_cdf	4.0
14	112.5	24.0	inverse_cdf	24.0
14	97.5	22.5	inverse_cdf	22.5
14	67.5	20.0	inverse_cdf	20.0
14	82.5	21.5	inverse_cdf	21.5
14	90.0	23.5	inverse_cdf	22.0
14	30.0	5.0	inverse_cdf	5.0
14	135.0	32.0	inverse_cdf	32.5
14	15.0	3.5	inverse_cdf	3.0
14	60.0	18.0	inverse_cdf	18.5
14	150.0	39.0	inverse_cdf	39.0
14	75.0	21.0	inverse_cdf	21.0
14	157.5	38.5	inverse_cdf	40.0
14	37.5	5.5	inverse_cdf	7.5
14	172.5	41.5	inverse_cdf	41.5
14	165.0	41.0	inverse_cdf	41.0
14	120.0	27.0	inverse_cdf	25.5
14	142.5	36.5	inverse_cdf	36.5
14	45.0	12.0	inverse_cdf	11.5
14	105.0	21.0	inverse_cdf	23.0
14	7.5	2.5	inverse_cdf	2.5
14	22.5	3.5	inverse_cdf	4.0
14	112.5	23.5	inverse_cdf	24.0
14	52.5	12.0	inverse_cdf	16.0
14	97.5	22.5	inverse_cdf	22.5
14	127.5	33.0	inverse_cdf	28.0
14	67.5	19.5	inverse_cdf	20.0
14	15.0	3.5	inverse_cdf	3.0
14	165.0	39.0	inverse_cdf	41.0
14	45.0	11.0	inverse_cdf	11.5
14	135.0	32.0	inverse_cdf	32.5
14	105.0	23.5	inverse_cdf	23.0
14	67.5	19.5	inverse_cdf	20.0
14	75.0	21.5	inverse_cdf	21.0
14	157.5	39.0	inverse_cdf	40.0
14	22.5	5.5	inverse_cdf	4.0
14	127.5	31.5	inverse_cdf	28.0
14	90.0	22.0	inverse_cdf	22.0
14	172.5	41.5	inverse_cdf	41.5
14	60.0	16.5	inverse_cdf	18.5
14	97.5	22.5	inverse_cdf	22.5
14	120.0	25.5	inverse_cdf	25.5
14	52.5	12.0	inverse_cdf	16.0
14	150.0	39.0	inverse_cdf	39.0
14	30.0	5.5	inverse_cdf	5.0
14	82.5	21.0	inverse_cdf	21.5
14	7.5	3.0	inverse_cdf	2.5
14	142.5	36.0	inverse_cdf	36.5
14	112.5	24.0	inverse_cdf	24.0
14	37.5	7.5	inverse_cdf	7.5
14	60.0	18.0	inverse_cdf	18.5
14	165.0	40.5	inverse_cdf	41.0
14	112.5	24.5	inverse_cdf	24.0
14	30.0	4.5	inverse_cdf	5.0
14	97.5	22.5	inverse_cdf	22.5
14	172.5	41.5	inverse_cdf	41.5
14	150.0	38.5	inverse_cdf	39.0
14	7.5	2.5	inverse_cdf	2.5
14	67.5	20.0	inverse_cdf	20.0
14	75.0	20.0	inverse_cdf	21.0
14	135.0	31.0	inverse_cdf	32.5
14	90.0	22.5	inverse_cdf	22.0
14	15.0	3.0	inverse_cdf	3.0
14	120.0	25.5	inverse_cdf	25.5
14	142.5	36.0	inverse_cdf	36.5
14	127.5	28.0	inverse_cdf	28.0
14	22.5	4.5	inverse_cdf	4.0
14	37.5	8.0	inverse_cdf	7.5
14	105.0	23.5	inverse_cdf	23.0
14	82.5	21.5	inverse_cdf	21.5
14	52.5	12.5	inverse_cdf	16.0
14	45.0	7.5	inverse_cdf	11.5
14	157.5	40.0	inverse_cdf	40.0
14	150.0	39.5	inverse_cdf	39.0
14	135.0	33.0	inverse_cdf	32.5
14	97.5	22.5	inverse_cdf	22.5
14	105.0	23.5	inverse_cdf	23.0
14	7.5	3.0	inverse_cdf	2.5
14	37.5	8.5	inverse_cdf	7.5
14	67.5	20.0	inverse_cdf	20.0
14	90.0	22.0	inverse_cdf	22.0
14	172.5	40.5	inverse_cdf	41.5
14	127.5	28.5	inverse_cdf	28.0
14	22.5	5.0	inverse_cdf	4.0
14	165.0	40.5	inverse_cdf	41.0
14	75.0	20.0	inverse_cdf	21.0
14	112.5	25.0	inverse_cdf	24.0
14	120.0	28.5	inverse_cdf	25.5
14	15.0	3.0	inverse_cdf	3.0
14	157.5	38.5	inverse_cdf	40.0
14	142.5	34.5	inverse_cdf	36.5
14	82.5	21.5	inverse_cdf	21.5
14	30.0	4.5	inverse_cdf	5.0
14	52.5	12.5	inverse_cdf	16.0
14	45.0	12.0	inverse_cdf	11.5
14	60.0	18.5	inverse_cdf	18.5
14	90.0	22.0	inverse_cdf	22.0
14	142.5	35.0	inverse_cdf	36.5
14	45.0	12.0	inverse_cdf	11.5
14	135.0	32.5	inverse_cdf	32.5
14	15.0	3.5	inverse_cdf	3.0
14	112.5	24.0	inverse_cdf	24.0
14	30.0	5.0	inverse_cdf	5.0
14	172.5	41.5	inverse_cdf	41.5
14	22.5	5.5	inverse_cdf	4.0
14	150.0	39.0	inverse_cdf	39.0
14	7.5	2.5	inverse_cdf	2.5
14	165.0	40.0	inverse_cdf	41.0
14	75.0	21.0	inverse_cdf	21.0
14	120.0	28.0	inverse_cdf	25.5
14	67.5	18.0	inverse_cdf	20.0
14	157.5	40.5	inverse_cdf	40.0
14	127.5	33.0	inverse_cdf	28.0
14	82.5	21.5	inverse_cdf	21.5
14	52.5	11.5	inverse_cdf	16.0
14	105.0	23.0	inverse_cdf	23.0
14	97.5	22.5	inverse_cdf	22.5
14	37.5	7.5	inverse_cdf	7.5
14	60.0	18.0	inverse_cdf	18.5
15	15.0	4.5	inverse_cdf	3.0
15	135.0	38.5	inverse_cdf	32.5
15	22.5	4.0	inverse_cdf	4.0
15	45.0	8.0	inverse_cdf	11.5
15	7.5	2.5	inverse_cdf	2.5
15	82.5	21.5	inverse_cdf	21.5
15	97.5	24.0	inverse_cdf	22.5
15	67.5	18.5	inverse_cdf	20.0
15	60.0	11.0	inverse_cdf	18.5
15	105.0	24.5	inverse_cdf	23.0
15	172.5	41.0	inverse_cdf	41.5
15	75.0	19.5	inverse_cdf	21.0
15	150.0	38.5	inverse_cdf	39.0
15	165.0	41.0	inverse_cdf	41.0
15	90.0	21.5	inverse_cdf	22.0
15	120.0	32.0	inverse_cdf	25.5
15	157.5	40.0	inverse_cdf	40.0
15	37.5	5.5	inverse_cdf	7.5
15	142.5	38.5	inverse_cdf	36.5
15	37.5	6.5	inverse_cdf	7.5
15	142.5	38.0	inverse_cdf	36.5
15	15.0	3.0	inverse_cdf	3.0
15	82.5	21.0	inverse_cdf	21.5
15	7.5	2.0	inverse_cdf	2.5
15	127.5	35.5	inverse_cdf	28.0
15	165.0	42.0	inverse_cdf	41.0
15	112.5	23.0	inverse_cdf	24.0
15	30.0	7.0	inverse_cdf	5.0
15	60.0	18.5	inverse_cdf	18.5
15	105.0	24.0	inverse_cdf	23.0
15	150.0	39.5	inverse_cdf	39.0
15	90.0	21.5	inverse_cdf	22.0
15	45.0	7.5	inverse_cdf	11.5
15	172.5	41.5	inverse_cdf	41.5
15	97.5	23.0	inverse_cdf	22.5
15	157.5	40.0	inverse_cdf	40.0
15	22.5	5.5	inverse_cdf	4.0
15	52.5	12.0	inverse_cdf	16.0
15	67.5	19.5	inverse_cdf	20.0
15	75.0	21.0	inverse_cdf	21.0
15	90.0	22.0	inverse_cdf	22.0
15	82.5	21.0	inverse_cdf	21.5
15	165.0	40.5	inverse_cdf	41.0
15	120.0	39.0	inverse_cdf	25.5
15	105.0	23.5	inverse_cdf	23.0
15	150.0	39.0	inverse_cdf	39.0
15	142.5	39.0	inverse_cdf	36.5
15	127.5	35.5	inverse_cdf	28.0
15	75.0	21.0	inverse_cdf	21.0
15	172.5	41.0	inverse_cdf	41.5
15	15.0	4.0	inverse_cdf	3.0
15	67.5	18.5	inverse_cdf	20.0
15	112.5	23.0	inverse_cdf	24.0
15	30.0	5.5	inverse_cdf	5.0
15	135.0	34.5	inverse_cdf	32.5
15	97.5	24.0	inverse_cdf	22.5
15	60.0	11.5	inverse_cdf	18.5
15	45.0	7.5	inverse_cdf	11.5
15	157.5	40.0	inverse_cdf	40.0
15	7.5	2.5	inverse_cdf	2.5
15	37.5	7.5	inverse_cdf	7.5
15	52.5	11.5	inverse_cdf	16.0
15	22.5	4.5	inverse_cdf	4.0
15	67.5	19.0	inverse_cdf	20.0
15	142.5	35.0	inverse_cdf	36.5
15	120.0	29.5	inverse_cdf	25.5
15	75.0	21.0	inverse_cdf	21.0
15	172.5	41.5	inverse_cdf	41.5
15	52.5	11.0	inverse_cdf	16.0
15	150.0	39.0	inverse_cdf	39.0
15	45.0	11.5	inverse_cdf	11.5
15	90.0	22.5	inverse_cdf	22.0
15	127.5	31.0	inverse_cdf	28.0
15	165.0	39.0	inverse_cdf	41.0
15	105.0	24.5	inverse_cdf	23.0
15	60.0	11.5	inverse_cdf	18.5
15	15.0	3.5	inverse_cdf	3.0
15	22.5	4.0	inverse_cdf	4.0
15	37.5	7.5	inverse_cdf	7.5
15	97.5	23.0	inverse_cdf	22.5
15	135.0	31.0	inverse_cdf	32.5
15	157.5	39.0	inverse_cdf	40.0
15	7.5	2.0	inverse_cdf	2.5
15	82.5	21.0	inverse_cdf	21.5
15	112.5	23.5	inverse_cdf	24.0
15	30.0	7.5	inverse_cdf	5.0
15	172.5	42.0	inverse_cdf	41.5
15	75.0	21.0	inverse_cdf	21.0
15	112.5	31.5	inverse_cdf	24.0
15	120.0	36.0	inverse_cdf	25.5
15	45.0	7.5	inverse_cdf	11.5
15	157.5	40.5	inverse_cdf	40.0
15	52.5	11.5	inverse_cdf	16.0
15	60.0	18.5	inverse_cdf	18.5
15	7.5	2.5	inverse_cdf	2.5
15	15.0	4.0	inverse_cdf	3.0
15	22.5	4.0	inverse_cdf	4.0
15	127.5	30.5	inverse_cdf	28.0
15	97.5	24.0	inverse_cdf	22.5
15	142.5	39.0	inverse_cdf	36.5
15	30.0	7.0	inverse_cdf	5.0
15	150.0	41.5	inverse_cdf	39.0
15	135.0	36.5	inverse_cdf	32.5
15	90.0	22.0	inverse_cdf	22.0
15	165.0	40.0	inverse_cdf	41.0
15	82.5	21.0	inverse_cdf	21.5
15	67.5	18.0	inverse_cdf	20.0
15	105.0	24.0	inverse_cdf	23.0
15	37.5	11.5	inverse_cdf	7.5
15	75.0	21.0	inverse_cdf	21.0
15	15.0	3.5	inverse_cdf	3.0
15	7.5	2.5	inverse_cdf	2.5
15	37.5	7.0	inverse_cdf	7.5
15	105.0	24.0	inverse_cdf	23.0
15	150.0	40.0	inverse_cdf	39.0
15	90.0	22.5	inverse_cdf	22.0
15	82.5	21.0	inverse_cdf	21.5
15	172.5	41.5	inverse_cdf	41.5
15	22.5	4.5	inverse_cdf	4.0
15	112.5	30.0	inverse_cdf	24.0
15	165.0	41.0	inverse_cdf	41.0
15	157.5	40.5	inverse_cdf	40.0
15	97.5	22.5	inverse_cdf	22.5
15	60.0	11.5	inverse_cdf	18.5
15	52.5	12.0	inverse_cdf	16.0
15	142.5	37.5	inverse_cdf	36.5
15	135.0	34.0	inverse_cdf	32.5
15	30.0	5.5	inverse_cdf	5.0
15	67.5	18.5	inverse_cdf	20.0
15	127.5	31.5	inverse_cdf	28.0
15	45.0	11.0	inverse_cdf	11.5
15	60.0	11.0	inverse_cdf	18.5
15	105.0	23.5	inverse_cdf	23.0
15	97.5	22.5	inverse_cdf	22.5
15	142.5	36.5	inverse_cdf	36.5
15	135.0	36.0	inverse_cdf	32.5
15	15.0	3.0	inverse_cdf	3.0
15	30.0	5.0	inverse_cdf	5.0
15	82.5	21.5	inverse_cdf	21.5
15	52.5	18.5	inverse_cdf	16.0
15	67.5	19.0	inverse_cdf	20.0
15	150.0	38.5	inverse_cdf	39.0
15	172.5	41.5	inverse_cdf	41.5
15	90.0	22.0	inverse_cdf	22.0
15	120.0	35.0	inverse_cdf	25.5
15	75.0	21.0	inverse_cdf	21.0
15	165.0	41.5	inverse_cdf	41.0
15	157.5	40.0	inverse_cdf	40.0
15	112.5	23.0	inverse_cdf	24.0
15	22.5	4.5	inverse_cdf	4.0
15	45.0	7.0	inverse_cdf	11.5
15	7.5	2.5	inverse_cdf	2.5
15	127.5	31.5	inverse_cdf	28.0
15	37.5	7.5	inverse_cdf	7.5
15	52.5	11.5	inverse_cdf	16.0
15	172.5	40.0	inverse_cdf	41.5
15	112.5	24.0	inverse_cdf	24.0
15	150.0	39.5	inverse_cdf	39.0
15	135.0	34.5	inverse_cdf	32.5
15	82.5	20.5	inverse_cdf	21.5
15	127.5	31.5	inverse_cdf	28.0
15	37.5	5.5	inverse_cdf	7.5
15	60.0	11.5	inverse_cdf	18.5
15	15.0	3.5	inverse_cdf	3.0
15	90.0	22.0	inverse_cdf	22.0
15	142.5	35.0	inverse_cdf	36.5
15	75.0	21.0	inverse_cdf	21.0
15	157.5	41.0	inverse_cdf	40.0
15	105.0	23.5	inverse_cdf	23.0
15	67.5	18.0	inverse_cdf	20.0
15	165.0	40.5	inverse_cdf	41.0
15	120.0	31.0	inverse_cdf	25.5
15	30.0	7.5	inverse_cdf	5.0
15	7.5	2.5	inverse_cdf	2.5
15	45.0	11.5	inverse_cdf	11.5
15	22.5	4.0	inverse_cdf	4.0
15	97.5	22.0	inverse_cdf	22.5
15	97.5	25.0	cdf	25.5
15	37.5	11.5	cdf	11.5
15	52.5	12.5	cdf	12.5
15	82.5	18.5	cdf	18.5
15	90.0	22.0	cdf	22.0
15	165.0	36.0	cdf	36.0
15	112.5	32.5	cdf	30.0
15	120.0	32.0	cdf	31.0
15	60.0	12.5	cdf	13.0
15	30.0	10.0	cdf	11.0
15	142.5	31.5	cdf	32.5
15	157.5	36.5	cdf	34.0
15	45.0	12.0	cdf	12.0
15	67.5	18.5	cdf	14.0
15	150.0	34.0	cdf	33.0
15	172.5	38.5	cdf	38.5
15	7.5	5.5	cdf	5.5
15	105.0	25.5	cdf	28.0
15	75.0	16.0	cdf	16.0
15	22.5	10.0	cdf	10.0
15	135.0	32.0	cdf	32.0
15	60.0	12.0	cdf	13.0
15	105.0	30.5	cdf	28.0
15	90.0	22.0	cdf	22.0
15	97.5	25.5	cdf	25.5
15	172.5	37.5	cdf	38.5
15	15.0	8.0	cdf	8.0
15	142.5	34.0	cdf	32.5
15	120.0	31.0	cdf	31.0
15	127.5	31.0	cdf	31.5
15	157.5	38.5	cdf	34.0
15	37.5	11.5	cdf	11.5
15	52.5	12.0	cdf	12.5
15	67.5	16.0	cdf	14.0
15	165.0	36.0	cdf	36.0
15	7.5	5.5	cdf	5.5
15	112.5	28.0	cdf	30.0
15	82.5	18.5	cdf	18.5
15	135.0	32.5	cdf	32.0
15	30.0	10.0	cdf	11.0
15	45.0	12.0	cdf	12.0
15	22.5	8.0	cdf	10.0
15	150.0	34.0	cdf	33.0
15	67.5	13.5	cdf	14.0
15	135.0	33.0	cdf	32.0
15	127.5	32.0	cdf	31.5
15	172.5	38.5	cdf	38.5
15	97.5	26.0	cdf	25.5
15	112.5	29.5	cdf	30.0
15	37.5	11.0	cdf	11.5
15	150.0	34.0	cdf	33.0
15	82.5	18.5	cdf	18.5
15	90.0	22.0	cdf	22.0
15	157.5	36.0	cdf	34.0
15	30.0	11.0	cdf	11.0
15	22.5	10.5	cdf	10.0
15	7.5	5.5	cdf	5.5
15	45.0	12.5	cdf	12.0
15	142.5	33.0	cdf	32.5
15	165.0	36.0	cdf	36.0
15	52.5	12.0	cdf	12.5
15	75.0	14.0	cdf	16.0
15	15.0	8.0	cdf	8.0
15	60.0	12.0	cdf	13.0
15	105.0	28.0	cdf	28.0
15	52.5	12.0	cdf	12.5
15	157.5	36.0	cdf	34.0
15	45.0	11.5	cdf	12.0
15	127.5	31.0	cdf	31.5
15	172.5	38.5	cdf	38.5
15	165.0	36.0	cdf	36.0
15	75.0	14.0	cdf	16.0
15	82.5	18.5	cdf	18.5
15	120.0	31.0	cdf	31.0
15	22.5	10.5	cdf	10.0
15	37.5	11.0	cdf	11.5
15	67.5	16.0	cdf	14.0
15	7.5	5.5	cdf	5.5
15	112.5	30.5	cdf	30.0
15	15.0	8.0	cdf	8.0
15	135.0	33.0	cdf	32.0
15	150.0	34.5	cdf	33.0
15	90.0	22.0	cdf	22.0
15	97.5	25.5	cdf	25.5
15	60.0	12.0	cdf	13.0
15	30.0	10.5	cdf	11.0
15	105.0	28.0	cdf	28.0
15	142.5	34.0	cdf	32.5
15	97.5	25.5	cdf	25.5
15	37.5	11.0	cdf	11.5
15	15.0	7.5	cdf	8.0
15	142.5	33.0	cdf	32.5
15	67.5	16.0	cdf	14.0
15	90.0	22.0	cdf	22.0
15	112.5	31.5	cdf	30.0
15	82.5	18.5	cdf	18.5
15	127.5	31.5	cdf	31.5
15	22.5	10.0	cdf	10.0
15	150.0	34.0	cdf	33.0
15	157.5	34.0	cdf	34.0
15	135.0	32.5	cdf	32.0
15	172.5	38.5	cdf	38.5
15	165.0	38.5	cdf	36.0
15	52.5	12.0	cdf	12.5
15	30.0	11.0	cdf	11.0
15	7.5	5.5	cdf	5.5
15	45.0	12.5	cdf	12.0
15	105.0	25.5	cdf	28.0
15	120.0	31.5	cdf	31.0
15	60.0	13.0	cdf	13.0
15	75.0	14.0	cdf	16.0
15	150.0	33.5	cdf	33.0
15	37.5	12.0	cdf	11.5
15	127.5	31.5	cdf	31.5
15	142.5	33.0	cdf	32.5
15	97.5	25.5	cdf	25.5
15	112.5	30.0	cdf	30.0
15	105.0	28.5	cdf	28.0
15	45.0	12.0	cdf	12.0
15	90.0	22.5	cdf	22.0
15	52.5	12.0	cdf	12.5
15	67.5	13.0	cdf	14.0
15	135.0	32.5	cdf	32.0
15	15.0	5.5	cdf	8.0
15	30.0	9.5	cdf	11.0
15	82.5	18.5	cdf	18.5
15	75.0	16.0	cdf	16.0
15	7.5	5.5	cdf	5.5
15	120.0	31.5	cdf	31.0
15	60.0	13.5	cdf	13.0
15	22.5	10.5	cdf	10.0
15	172.5	38.0	cdf	38.5
15	157.5	36.0	cdf	34.0
15	172.5	38.0	cdf	38.5
15	90.0	22.5	cdf	22.0
15	82.5	16.5	cdf	18.5
15	127.5	32.0	cdf	31.5
15	157.5	34.0	cdf	34.0
15	52.5	12.0	cdf	12.5
15	135.0	32.0	cdf	32.0
15	112.5	28.0	cdf	30.0
15	67.5	13.5	cdf	14.0
15	22.5	10.0	cdf	10.0
15	120.0	31.0	cdf	31.0
15	30.0	11.5	cdf	11.0
15	142.5	32.0	cdf	32.5
15	150.0	33.0	cdf	33.0
15	37.5	11.0	cdf	11.5
15	15.0	7.0	cdf	8.0
15	105.0	25.0	cdf	28.0
15	45.0	12.5	cdf	12.0
15	75.0	18.0	cdf	16.0
15	60.0	15.5	cdf	13.0
15	7.5	5.5	cdf	5.5
15	97.5	25.0	cdf	25.5
15	165.0	36.0	cdf	36.0
15	172.5	38.0	cdf	38.5
15	127.5	29.5	cdf	31.5
15	97.5	25.5	cdf	25.5
15	82.5	16.0	cdf	18.5
15	120.0	32.5	cdf	31.0
15	142.5	34.0	cdf	32.5
15	7.5	5.5	cdf	5.5
15	30.0	11.0	cdf	11.0
15	45.0	12.0	cdf	12.0
15	165.0	36.0	cdf	36.0
15	90.0	22.0	cdf	22.0
15	37.5	11.0	cdf	11.5
15	22.5	10.0	cdf	10.0
15	157.5	34.5	cdf	34.0
15	105.0	29.0	cdf	28.0
15	112.5	30.0	cdf	30.0
15	75.0	15.5	cdf	16.0
15	135.0	32.0	cdf	32.0
15	15.0	8.0	cdf	8.0
15	60.0	13.0	cdf	13.0
15	52.5	12.0	cdf	12.5
15	67.5	14.5	cdf	14.0
15	150.0	33.5	cdf	33.0
16	165.0	32.0	cdf	36.0
16	75.0	14.5	cdf	16.0
16	172.5	38.5	cdf	38.5
16	45.0	11.0	cdf	12.0
16	52.5	11.0	cdf	12.5
16	150.0	34.0	cdf	33.0
16	82.5	18.5	cdf	18.5
16	97.5	28.5	cdf	25.5
16	15.0	8.0	cdf	8.0
16	120.0	34.0	cdf	31.0
16	135.0	36.0	cdf	32.0
16	112.5	32.5	cdf	30.0
16	30.0	10.5	cdf	11.0
16	127.5	31.0	cdf	31.5
16	157.5	36.5	cdf	34.0
16	67.5	16.5	cdf	14.0
16	22.5	11.5	cdf	10.0
16	105.0	28.0	cdf	28.0
16	60.0	14.5	cdf	13.0
16	37.5	9.0	cdf	11.5
16	82.5	15.0	cdf	18.5
16	112.5	28.0	cdf	30.0
16	127.5	35.0	cdf	31.5
16	142.5	36.0	cdf	32.5
16	37.5	15.5	cdf	11.5
16	157.5	35.5	cdf	34.0
16	172.5	38.0	cdf	38.5
16	150.0	36.5	cdf	33.0
16	97.5	26.0	cdf	25.5
16	15.0	6.0	cdf	8.0
16	22.5	8.5	cdf	10.0
16	30.0	10.0	cdf	11.0
16	45.0	14.0	cdf	12.0
16	120.0	31.5	cdf	31.0
16	52.5	15.0	cdf	12.5
16	90.0	22.0	cdf	22.0
16	75.0	18.0	cdf	16.0
16	7.5	5.5	cdf	5.5
16	135.0	35.0	cdf	32.0
16	60.0	16.5	cdf	13.0
16	67.5	14.0	cdf	14.0
16	150.0	33.0	cdf	33.0
16	120.0	32.0	cdf	31.0
16	37.5	9.5	cdf	11.5
16	45.0	13.5	cdf	12.0
16	30.0	11.0	cdf	11.0
16	22.5	8.5	cdf	10.0
16	112.5	27.0	cdf	30.0
16	157.5	33.0	cdf	34.0
16	60.0	13.5	cdf	13.0
16	90.0	21.5	cdf	22.0
16	67.5	15.5	cdf	14.0
16	105.0	29.5	cdf	28.0
16	135.0	33.5	cdf	32.0
16	142.5	35.5	cdf	32.5
16	165.0	36.5	cdf	36.0
16	172.5	38.5	cdf	38.5
16	15.0	8.5	cdf	8.0
16	127.5	36.0	cdf	31.5
16	97.5	32.0	cdf	25.5
16	52.5	12.5	cdf	12.5
16	82.5	18.5	cdf	18.5
16	75.0	15.0	cdf	16.0
16	22.5	8.0	cdf	10.0
16	52.5	13.5	cdf	12.5
16	142.5	14.0	cdf	32.5
16	127.5	35.0	cdf	31.5
16	67.5	13.0	cdf	14.0
16	90.0	23.0	cdf	22.0
16	157.5	36.0	cdf	34.0
16	165.0	36.5	cdf	36.0
16	172.5	38.5	cdf	38.5
16	97.5	25.5	cdf	25.5
16	150.0	34.5	cdf	33.0
16	75.0	16.5	cdf	16.0
16	105.0	24.5	cdf	28.0
16	15.0	5.5	cdf	8.0
16	45.0	11.0	cdf	12.0
16	60.0	13.5	cdf	13.0
16	37.5	8.0	cdf	11.5
16	120.0	34.0	cdf	31.0
16	30.0	8.5	cdf	11.0
16	7.5	6.0	cdf	5.5
16	135.0	34.0	cdf	32.0
16	112.5	28.0	cdf	30.0
16	82.5	17.5	cdf	18.5
16	172.5	35.0	cdf	38.5
16	75.0	13.5	cdf	16.0
16	120.0	34.0	cdf	31.0
16	135.0	37.5	cdf	32.0
16	105.0	34.5	cdf	28.0
16	7.5	5.5	cdf	5.5
16	142.5	34.0	cdf	32.5
16	52.5	17.0	cdf	12.5
16	60.0	18.5	cdf	13.0
16	82.5	31.0	cdf	18.5
16	67.5	15.0	cdf	14.0
16	22.5	8.5	cdf	10.0
16	97.5	25.5	cdf	25.5
16	45.0	16.0	cdf	12.0
16	37.5	11.5	cdf	11.5
16	15.0	8.5	cdf	8.0
16	90.0	22.0	cdf	22.0
16	157.5	35.0	cdf	34.0
16	30.0	13.0	cdf	11.0
16	150.0	34.5	cdf	33.0
16	112.5	31.5	cdf	30.0
16	127.5	34.5	cdf	31.5
16	135.0	34.0	cdf	32.0
16	67.5	16.0	cdf	14.0
16	172.5	39.0	cdf	38.5
16	82.5	19.5	cdf	18.5
16	15.0	9.0	cdf	8.0
16	75.0	15.0	cdf	16.0
16	120.0	29.5	cdf	31.0
16	37.5	11.5	cdf	11.5
16	127.5	33.0	cdf	31.5
16	52.5	16.0	cdf	12.5
16	90.0	22.5	cdf	22.0
16	97.5	25.0	cdf	25.5
16	45.0	12.5	cdf	12.0
16	142.5	33.5	cdf	32.5
16	22.5	14.5	cdf	10.0
16	30.0	12.0	cdf	11.0
16	112.5	25.0	cdf	30.0
16	157.5	35.5	cdf	34.0
16	60.0	13.0	cdf	13.0
16	165.0	36.5	cdf	36.0
16	150.0	33.5	cdf	33.0
16	60.0	14.0	cdf	13.0
16	127.5	34.0	cdf	31.5
16	45.0	12.0	cdf	12.0
16	15.0	5.5	cdf	8.0
16	22.5	8.0	cdf	10.0
16	120.0	30.0	cdf	31.0
16	135.0	34.0	cdf	32.0
16	52.5	14.0	cdf	12.5
16	97.5	26.5	cdf	25.5
16	90.0	22.5	cdf	22.0
16	105.0	30.0	cdf	28.0
16	172.5	39.0	cdf	38.5
16	7.5	5.5	cdf	5.5
16	75.0	12.0	cdf	16.0
16	142.5	31.0	cdf	32.5
16	150.0	35.0	cdf	33.0
16	82.5	15.5	cdf	18.5
16	157.5	36.5	cdf	34.0
16	112.5	32.0	cdf	30.0
16	165.0	36.5	cdf	36.0
16	67.5	13.5	cdf	14.0
16	37.5	11.0	cdf	11.5
16	30.0	12.0	cdf	11.0
16	45.0	14.0	cdf	12.0
16	172.5	38.5	cdf	38.5
16	120.0	32.0	cdf	31.0
16	30.0	11.5	cdf	11.0
16	22.5	9.0	cdf	10.0
16	90.0	22.0	cdf	22.0
16	15.0	5.5	cdf	8.0
16	150.0	34.0	cdf	33.0
16	127.5	32.5	cdf	31.5
16	67.5	12.5	cdf	14.0
16	157.5	35.5	cdf	34.0
16	165.0	36.5	cdf	36.0
16	37.5	11.5	cdf	11.5
16	60.0	15.5	cdf	13.0
16	142.5	32.5	cdf	32.5
16	112.5	28.0	cdf	30.0
16	97.5	25.5	cdf	25.5
16	82.5	17.0	cdf	18.5
16	7.5	5.5	cdf	5.5
16	105.0	31.0	cdf	28.0
16	52.5	14.0	cdf	12.5
16	75.0	16.0	cdf	16.0
16	135.0	35.0	cdf	32.0
16	165.0	36.5	inverse_cdf	41.0
16	105.0	22.5	inverse_cdf	23.0
16	172.5	41.5	inverse_cdf	41.5
16	75.0	20.0	inverse_cdf	21.0
16	7.5	2.5	inverse_cdf	2.5
16	157.5	39.0	inverse_cdf	40.0
16	45.0	11.5	inverse_cdf	11.5
16	82.5	21.0	inverse_cdf	21.5
16	90.0	22.0	inverse_cdf	22.0
16	135.0	38.0	inverse_cdf	32.5
16	112.5	32.5	inverse_cdf	24.0
16	37.5	7.5	inverse_cdf	7.5
16	22.5	5.5	inverse_cdf	4.0
16	120.0	28.5	inverse_cdf	25.5
16	97.5	23.5	inverse_cdf	22.5
16	150.0	38.5	inverse_cdf	39.0
16	127.5	27.0	inverse_cdf	28.0
16	52.5	18.0	inverse_cdf	16.0
16	67.5	20.5	inverse_cdf	20.0
16	90.0	22.0	inverse_cdf	22.0
16	112.5	24.5	inverse_cdf	24.0
16	105.0	23.0	inverse_cdf	23.0
16	142.5	39.5	inverse_cdf	36.5
16	15.0	3.0	inverse_cdf	3.0
16	172.5	41.5	inverse_cdf	41.5
16	82.5	19.0	inverse_cdf	21.5
16	22.5	5.5	inverse_cdf	4.0
16	7.5	3.5	inverse_cdf	2.5
16	60.0	14.0	inverse_cdf	18.5
16	30.0	8.5	inverse_cdf	5.0
16	75.0	22.5	inverse_cdf	21.0
16	37.5	11.5	inverse_cdf	7.5
16	157.5	38.5	inverse_cdf	40.0
16	165.0	40.0	inverse_cdf	41.0
16	97.5	24.0	inverse_cdf	22.5
16	67.5	20.5	inverse_cdf	20.0
16	127.5	36.0	inverse_cdf	28.0
16	45.0	11.5	inverse_cdf	11.5
16	120.0	23.0	inverse_cdf	25.5
16	52.5	10.5	inverse_cdf	16.0
16	120.0	32.5	inverse_cdf	25.5
16	97.5	22.5	inverse_cdf	22.5
16	142.5	38.5	inverse_cdf	36.5
16	127.5	36.0	inverse_cdf	28.0
16	135.0	36.0	inverse_cdf	32.5
16	15.0	4.0	inverse_cdf	3.0
16	22.5	3.0	inverse_cdf	4.0
16	60.0	18.5	inverse_cdf	18.5
16	172.5	42.0	inverse_cdf	41.5
16	7.5	3.0	inverse_cdf	2.5
16	112.5	23.5	inverse_cdf	24.0
16	52.5	15.0	inverse_cdf	16.0
16	82.5	21.5	inverse_cdf	21.5
16	67.5	19.0	inverse_cdf	20.0
16	105.0	24.5	inverse_cdf	23.0
16	157.5	38.0	inverse_cdf	40.0
16	75.0	19.5	inverse_cdf	21.0
16	150.0	35.5	inverse_cdf	39.0
16	37.5	12.0	inverse_cdf	7.5
16	30.0	7.0	inverse_cdf	5.0
16	45.0	9.5	inverse_cdf	11.5
16	165.0	38.0	inverse_cdf	41.0
16	97.5	23.0	inverse_cdf	22.5
16	67.5	21.0	inverse_cdf	20.0
16	150.0	39.5	inverse_cdf	39.0
16	172.5	41.0	inverse_cdf	41.5
16	157.5	37.0	inverse_cdf	40.0
16	82.5	22.5	inverse_cdf	21.5
16	90.0	21.0	inverse_cdf	22.0
16	75.0	11.5	inverse_cdf	21.0
16	7.5	2.0	inverse_cdf	2.5
16	105.0	23.0	inverse_cdf	23.0
16	142.5	35.0	inverse_cdf	36.5
16	52.5	13.0	inverse_cdf	16.0
16	15.0	4.0	inverse_cdf	3.0
16	45.0	5.0	inverse_cdf	11.5
16	112.5	24.0	inverse_cdf	24.0
16	60.0	12.5	inverse_cdf	18.5
16	120.0	36.5	inverse_cdf	25.5
16	37.5	5.5	inverse_cdf	7.5
16	135.0	36.0	inverse_cdf	32.5
16	127.5	30.0	inverse_cdf	28.0
16	30.0	6.5	inverse_cdf	5.0
16	22.5	4.5	inverse_cdf	4.0
16	97.5	23.5	inverse_cdf	22.5
16	30.0	9.0	inverse_cdf	5.0
16	82.5	21.0	inverse_cdf	21.5
16	75.0	18.5	inverse_cdf	21.0
16	112.5	26.5	inverse_cdf	24.0
16	60.0	12.5	inverse_cdf	18.5
16	52.5	10.5	inverse_cdf	16.0
16	37.5	10.5	inverse_cdf	7.5
16	90.0	22.0	inverse_cdf	22.0
16	15.0	2.5	inverse_cdf	3.0
16	157.5	39.5	inverse_cdf	40.0
16	7.5	3.5	inverse_cdf	2.5
16	67.5	21.0	inverse_cdf	20.0
16	135.0	36.5	inverse_cdf	32.5
16	150.0	39.0	inverse_cdf	39.0
16	142.5	36.5	inverse_cdf	36.5
16	22.5	7.5	inverse_cdf	4.0
16	105.0	22.0	inverse_cdf	23.0
16	120.0	23.5	inverse_cdf	25.5
16	165.0	41.5	inverse_cdf	41.0
16	172.5	40.0	inverse_cdf	41.5
16	45.0	8.0	inverse_cdf	11.5
16	127.5	29.5	inverse_cdf	28.0
16	45.0	10.5	inverse_cdf	11.5
16	105.0	23.0	inverse_cdf	23.0
16	112.5	24.5	inverse_cdf	24.0
16	157.5	32.5	inverse_cdf	40.0
16	150.0	38.0	inverse_cdf	39.0
16	90.0	22.0	inverse_cdf	22.0
16	120.0	36.5	inverse_cdf	25.5
16	97.5	22.5	inverse_cdf	22.5
16	142.5	39.0	inverse_cdf	36.5
16	52.5	18.0	inverse_cdf	16.0
16	82.5	20.5	inverse_cdf	21.5
16	75.0	20.0	inverse_cdf	21.0
16	172.5	42.0	inverse_cdf	41.5
16	15.0	2.0	inverse_cdf	3.0
16	22.5	4.5	inverse_cdf	4.0
16	67.5	21.0	inverse_cdf	20.0
16	60.0	16.5	inverse_cdf	18.5
16	127.5	35.5	inverse_cdf	28.0
16	165.0	41.5	inverse_cdf	41.0
16	30.0	5.0	inverse_cdf	5.0
16	7.5	3.5	inverse_cdf	2.5
16	37.5	6.0	inverse_cdf	7.5
16	120.0	27.0	inverse_cdf	25.5
16	105.0	24.5	inverse_cdf	23.0
16	157.5	39.0	inverse_cdf	40.0
16	67.5	12.5	inverse_cdf	20.0
16	22.5	8.0	inverse_cdf	4.0
16	75.0	16.0	inverse_cdf	21.0
16	15.0	2.5	inverse_cdf	3.0
16	30.0	4.0	inverse_cdf	5.0
16	82.5	20.5	inverse_cdf	21.5
16	90.0	22.0	inverse_cdf	22.0
16	97.5	21.5	inverse_cdf	22.5
16	150.0	38.0	inverse_cdf	39.0
16	172.5	40.5	inverse_cdf	41.5
16	60.0	13.0	inverse_cdf	18.5
16	135.0	35.5	inverse_cdf	32.5
16	165.0	39.5	inverse_cdf	41.0
16	7.5	2.5	inverse_cdf	2.5
16	142.5	36.5	inverse_cdf	36.5
16	112.5	23.0	inverse_cdf	24.0
16	37.5	11.5	inverse_cdf	7.5
16	127.5	33.0	inverse_cdf	28.0
16	45.0	13.0	inverse_cdf	11.5
16	15.0	8.0	inverse_cdf	3.0
16	60.0	15.5	inverse_cdf	18.5
16	112.5	23.0	inverse_cdf	24.0
16	135.0	36.0	inverse_cdf	32.5
16	75.0	21.0	inverse_cdf	21.0
16	97.5	22.5	inverse_cdf	22.5
16	22.5	5.5	inverse_cdf	4.0
16	37.5	6.5	inverse_cdf	7.5
16	30.0	8.0	inverse_cdf	5.0
16	150.0	38.0	inverse_cdf	39.0
16	90.0	22.0	inverse_cdf	22.0
16	7.5	2.5	inverse_cdf	2.5
16	157.5	39.5	inverse_cdf	40.0
16	120.0	26.5	inverse_cdf	25.5
16	82.5	13.5	inverse_cdf	21.5
16	172.5	40.5	inverse_cdf	41.5
16	165.0	40.5	inverse_cdf	41.0
16	142.5	37.5	inverse_cdf	36.5
16	52.5	5.0	inverse_cdf	16.0
16	45.0	13.0	inverse_cdf	11.5
16	105.0	23.5	inverse_cdf	23.0
16	67.5	18.5	inverse_cdf	20.0
16	127.5	37.0	inverse_cdf	28.0
17	15.0	6.0	inverse_cdf	3.0
17	165.0	38.0	inverse_cdf	41.0
17	37.5	14.5	inverse_cdf	7.5
17	22.5	11.0	inverse_cdf	4.0
17	60.0	18.5	inverse_cdf	18.5
17	142.5	25.0	inverse_cdf	36.5
17	30.0	7.0	inverse_cdf	5.0
17	105.0	24.5	inverse_cdf	23.0
17	150.0	37.5	inverse_cdf	39.0
17	157.5	39.0	inverse_cdf	40.0
17	75.0	20.5	inverse_cdf	21.0
17	7.5	4.0	inverse_cdf	2.5
17	82.5	19.0	inverse_cdf	21.5
17	90.0	21.5	inverse_cdf	22.0
17	67.5	19.5	inverse_cdf	20.0
17	52.5	17.0	inverse_cdf	16.0
17	172.5	37.0	inverse_cdf	41.5
17	135.0	40.5	inverse_cdf	32.5
17	112.5	39.0	inverse_cdf	24.0
17	97.5	25.0	inverse_cdf	22.5
17	127.5	39.0	inverse_cdf	28.0
17	142.5	35.5	inverse_cdf	36.5
17	120.0	30.5	inverse_cdf	25.5
17	165.0	38.5	inverse_cdf	41.0
17	127.5	37.5	inverse_cdf	28.0
17	22.5	6.5	inverse_cdf	4.0
17	7.5	3.0	inverse_cdf	2.5
17	157.5	36.0	inverse_cdf	40.0
17	75.0	16.0	inverse_cdf	21.0
17	52.5	14.0	inverse_cdf	16.0
17	45.0	14.5	inverse_cdf	11.5
17	150.0	37.5	inverse_cdf	39.0
17	135.0	38.5	inverse_cdf	32.5
17	15.0	8.0	inverse_cdf	3.0
17	90.0	22.5	inverse_cdf	22.0
17	82.5	19.5	inverse_cdf	21.5
17	30.0	8.5	inverse_cdf	5.0
17	172.5	40.5	inverse_cdf	41.5
17	112.5	25.5	inverse_cdf	24.0
17	105.0	24.5	inverse_cdf	23.0
17	67.5	18.5	inverse_cdf	20.0
17	60.0	17.5	inverse_cdf	18.5
17	37.5	8.5	inverse_cdf	7.5
17	142.5	36.0	inverse_cdf	36.5
17	135.0	25.0	inverse_cdf	32.5
17	52.5	17.0	inverse_cdf	16.0
17	60.0	19.0	inverse_cdf	18.5
17	172.5	42.0	inverse_cdf	41.5
17	45.0	16.5	inverse_cdf	11.5
17	22.5	7.0	inverse_cdf	4.0
17	7.5	6.5	inverse_cdf	2.5
17	37.5	18.0	inverse_cdf	7.5
17	75.0	20.5	inverse_cdf	21.0
17	165.0	40.5	inverse_cdf	41.0
17	127.5	29.5	inverse_cdf	28.0
17	157.5	40.0	inverse_cdf	40.0
17	30.0	8.5	inverse_cdf	5.0
17	90.0	22.0	inverse_cdf	22.0
17	112.5	23.5	inverse_cdf	24.0
17	105.0	23.0	inverse_cdf	23.0
17	97.5	22.5	inverse_cdf	22.5
17	150.0	39.0	inverse_cdf	39.0
17	120.0	39.0	inverse_cdf	25.5
17	82.5	8.5	inverse_cdf	21.5
17	15.0	6.0	inverse_cdf	3.0
17	135.0	40.0	inverse_cdf	32.5
17	67.5	19.5	inverse_cdf	20.0
17	97.5	23.5	inverse_cdf	22.5
17	60.0	6.5	inverse_cdf	18.5
17	105.0	24.5	inverse_cdf	23.0
17	30.0	12.0	inverse_cdf	5.0
17	15.0	2.5	inverse_cdf	3.0
17	165.0	38.5	inverse_cdf	41.0
17	172.5	41.5	inverse_cdf	41.5
17	90.0	22.5	inverse_cdf	22.0
17	112.5	26.0	inverse_cdf	24.0
17	127.5	25.5	inverse_cdf	28.0
17	52.5	9.5	inverse_cdf	16.0
17	7.5	3.5	inverse_cdf	2.5
17	45.0	7.0	inverse_cdf	11.5
17	157.5	34.0	inverse_cdf	40.0
17	37.5	15.5	inverse_cdf	7.5
17	120.0	24.5	inverse_cdf	25.5
17	75.0	19.5	inverse_cdf	21.0
17	22.5	8.5	inverse_cdf	4.0
17	82.5	21.0	inverse_cdf	21.5
17	157.5	40.0	inverse_cdf	40.0
17	142.5	39.0	inverse_cdf	36.5
17	60.0	18.5	inverse_cdf	18.5
17	75.0	18.5	inverse_cdf	21.0
17	90.0	22.5	inverse_cdf	22.0
17	37.5	6.0	inverse_cdf	7.5
17	97.5	25.0	inverse_cdf	22.5
17	52.5	16.5	inverse_cdf	16.0
17	82.5	20.0	inverse_cdf	21.5
17	165.0	41.5	inverse_cdf	41.0
17	30.0	6.5	inverse_cdf	5.0
17	150.0	39.0	inverse_cdf	39.0
17	15.0	2.5	inverse_cdf	3.0
17	22.5	7.0	inverse_cdf	4.0
17	120.0	25.0	inverse_cdf	25.5
17	7.5	3.5	inverse_cdf	2.5
17	45.0	10.0	inverse_cdf	11.5
17	135.0	40.0	inverse_cdf	32.5
17	172.5	42.0	inverse_cdf	41.5
17	112.5	33.5	inverse_cdf	24.0
17	127.5	30.5	inverse_cdf	28.0
17	105.0	24.0	inverse_cdf	23.0
17	67.5	13.0	inverse_cdf	20.0
17	90.0	22.5	inverse_cdf	22.0
17	127.5	27.0	inverse_cdf	28.0
17	172.5	41.0	inverse_cdf	41.5
17	37.5	19.5	inverse_cdf	7.5
17	135.0	40.5	inverse_cdf	32.5
17	165.0	40.5	inverse_cdf	41.0
17	112.5	24.5	inverse_cdf	24.0
17	157.5	36.5	inverse_cdf	40.0
17	67.5	11.5	inverse_cdf	20.0
17	97.5	23.0	inverse_cdf	22.5
17	82.5	21.5	inverse_cdf	21.5
17	7.5	3.0	inverse_cdf	2.5
17	60.0	8.0	inverse_cdf	18.5
17	150.0	40.0	inverse_cdf	39.0
17	15.0	7.5	inverse_cdf	3.0
17	52.5	15.5	inverse_cdf	16.0
17	120.0	27.0	inverse_cdf	25.5
17	142.5	29.0	inverse_cdf	36.5
17	22.5	7.0	inverse_cdf	4.0
17	45.0	6.5	inverse_cdf	11.5
17	30.0	5.5	inverse_cdf	5.0
17	75.0	20.0	inverse_cdf	21.0
17	90.0	23.5	inverse_cdf	22.0
17	127.5	26.0	inverse_cdf	28.0
17	157.5	26.0	inverse_cdf	40.0
17	7.5	7.0	inverse_cdf	2.5
17	172.5	40.5	inverse_cdf	41.5
17	82.5	21.0	inverse_cdf	21.5
17	15.0	3.5	inverse_cdf	3.0
17	135.0	26.0	inverse_cdf	32.5
17	37.5	10.0	inverse_cdf	7.5
17	142.5	37.0	inverse_cdf	36.5
17	150.0	40.0	inverse_cdf	39.0
17	165.0	39.0	inverse_cdf	41.0
17	112.5	38.0	inverse_cdf	24.0
17	30.0	8.0	inverse_cdf	5.0
17	120.0	27.0	inverse_cdf	25.5
17	60.0	10.0	inverse_cdf	18.5
17	67.5	12.0	inverse_cdf	20.0
17	45.0	15.0	inverse_cdf	11.5
17	105.0	23.5	inverse_cdf	23.0
17	75.0	21.5	inverse_cdf	21.0
17	97.5	24.0	inverse_cdf	22.5
17	172.5	40.5	inverse_cdf	41.5
17	150.0	40.0	inverse_cdf	39.0
17	112.5	23.5	inverse_cdf	24.0
17	97.5	25.0	inverse_cdf	22.5
17	82.5	21.5	inverse_cdf	21.5
17	45.0	10.0	inverse_cdf	11.5
17	90.0	23.0	inverse_cdf	22.0
17	60.0	18.0	inverse_cdf	18.5
17	30.0	9.5	inverse_cdf	5.0
17	22.5	7.0	inverse_cdf	4.0
17	37.5	14.0	inverse_cdf	7.5
17	135.0	32.5	inverse_cdf	32.5
17	120.0	9.0	inverse_cdf	25.5
17	142.5	39.5	inverse_cdf	36.5
17	165.0	40.5	inverse_cdf	41.0
17	127.5	33.0	inverse_cdf	28.0
17	67.5	19.5	inverse_cdf	20.0
17	157.5	39.5	inverse_cdf	40.0
17	7.5	4.0	inverse_cdf	2.5
17	52.5	17.5	inverse_cdf	16.0
17	105.0	24.5	inverse_cdf	23.0
17	75.0	18.5	inverse_cdf	21.0
17	15.0	4.5	inverse_cdf	3.0
17	127.5	31.5	cdf	31.5
17	75.0	17.5	cdf	16.0
17	82.5	17.5	cdf	18.5
17	67.5	16.0	cdf	14.0
17	112.5	28.0	cdf	30.0
17	52.5	14.0	cdf	12.5
17	135.0	34.0	cdf	32.0
17	120.0	33.5	cdf	31.0
17	105.0	25.5	cdf	28.0
17	165.0	36.0	cdf	36.0
17	157.5	34.0	cdf	34.0
17	172.5	38.5	cdf	38.5
17	22.5	8.0	cdf	10.0
17	30.0	8.0	cdf	11.0
17	97.5	26.0	cdf	25.5
17	37.5	9.0	cdf	11.5
17	7.5	5.5	cdf	5.5
17	150.0	33.5	cdf	33.0
17	90.0	22.0	cdf	22.0
17	142.5	30.5	cdf	32.5
17	45.0	17.5	cdf	12.0
17	15.0	7.5	cdf	8.0
17	75.0	16.5	cdf	16.0
17	82.5	19.0	cdf	18.5
17	30.0	8.5	cdf	11.0
17	172.5	36.0	cdf	38.5
17	105.0	28.0	cdf	28.0
17	52.5	13.0	cdf	12.5
17	60.0	12.5	cdf	13.0
17	120.0	34.5	cdf	31.0
17	22.5	8.5	cdf	10.0
17	90.0	22.5	cdf	22.0
17	157.5	34.0	cdf	34.0
17	7.5	5.5	cdf	5.5
17	45.0	14.0	cdf	12.0
17	15.0	6.0	cdf	8.0
17	37.5	12.5	cdf	11.5
17	150.0	34.0	cdf	33.0
17	165.0	36.5	cdf	36.0
17	142.5	31.0	cdf	32.5
17	112.5	28.5	cdf	30.0
17	127.5	32.0	cdf	31.5
17	135.0	32.5	cdf	32.0
17	67.5	13.5	cdf	14.0
17	120.0	33.5	cdf	31.0
17	127.5	34.0	cdf	31.5
17	52.5	16.0	cdf	12.5
17	30.0	16.0	cdf	11.0
17	37.5	13.5	cdf	11.5
17	165.0	36.5	cdf	36.0
17	82.5	18.5	cdf	18.5
17	67.5	15.5	cdf	14.0
17	75.0	16.5	cdf	16.0
17	90.0	22.0	cdf	22.0
17	60.0	15.5	cdf	13.0
17	112.5	32.0	cdf	30.0
17	172.5	36.0	cdf	38.5
17	150.0	34.5	cdf	33.0
17	97.5	26.5	cdf	25.5
17	157.5	35.0	cdf	34.0
17	22.5	7.0	cdf	10.0
17	105.0	29.0	cdf	28.0
17	135.0	34.0	cdf	32.0
17	45.0	12.5	cdf	12.0
17	45.0	15.0	cdf	12.0
17	97.5	26.5	cdf	25.5
17	112.5	32.0	cdf	30.0
17	127.5	33.0	cdf	31.5
17	30.0	12.5	cdf	11.0
17	60.0	18.0	cdf	13.0
17	90.0	22.5	cdf	22.0
17	67.5	17.0	cdf	14.0
17	172.5	38.5	cdf	38.5
17	150.0	31.5	cdf	33.0
17	15.0	9.5	cdf	8.0
17	120.0	31.0	cdf	31.0
17	142.5	33.0	cdf	32.5
17	105.0	31.5	cdf	28.0
17	135.0	34.5	cdf	32.0
17	37.5	15.0	cdf	11.5
17	157.5	33.0	cdf	34.0
17	82.5	19.5	cdf	18.5
17	7.5	6.5	cdf	5.5
17	22.5	7.0	cdf	10.0
17	165.0	33.5	cdf	36.0
17	75.0	14.5	cdf	16.0
17	45.0	12.5	cdf	12.0
17	75.0	15.5	cdf	16.0
17	112.5	35.0	cdf	30.0
17	97.5	26.5	cdf	25.5
17	22.5	11.0	cdf	10.0
17	90.0	23.0	cdf	22.0
17	30.0	13.0	cdf	11.0
17	67.5	16.5	cdf	14.0
17	15.0	8.5	cdf	8.0
17	157.5	35.5	cdf	34.0
17	127.5	34.5	cdf	31.5
17	7.5	6.5	cdf	5.5
17	172.5	37.5	cdf	38.5
17	105.0	32.0	cdf	28.0
17	37.5	16.5	cdf	11.5
17	60.0	16.5	cdf	13.0
17	120.0	30.0	cdf	31.0
17	82.5	17.5	cdf	18.5
17	165.0	32.0	cdf	36.0
17	52.5	12.5	cdf	12.5
17	142.5	34.0	cdf	32.5
17	135.0	33.0	cdf	32.0
17	150.0	33.0	cdf	33.0
17	142.5	34.0	cdf	32.5
17	120.0	32.5	cdf	31.0
17	60.0	12.5	cdf	13.0
17	15.0	9.5	cdf	8.0
17	82.5	18.0	cdf	18.5
17	172.5	38.5	cdf	38.5
17	105.0	27.0	cdf	28.0
17	157.5	36.5	cdf	34.0
17	45.0	12.0	cdf	12.0
17	22.5	10.5	cdf	10.0
17	135.0	33.5	cdf	32.0
17	37.5	13.0	cdf	11.5
17	30.0	13.5	cdf	11.0
17	7.5	6.0	cdf	5.5
17	75.0	16.0	cdf	16.0
17	67.5	12.0	cdf	14.0
17	52.5	12.5	cdf	12.5
17	97.5	25.0	cdf	25.5
17	150.0	37.0	cdf	33.0
17	112.5	32.0	cdf	30.0
17	127.5	35.5	cdf	31.5
17	90.0	22.5	cdf	22.0
17	165.0	35.5	cdf	36.0
17	15.0	8.0	cdf	8.0
17	172.5	34.0	cdf	38.5
17	112.5	32.0	cdf	30.0
17	105.0	32.0	cdf	28.0
17	52.5	16.0	cdf	12.5
17	67.5	17.0	cdf	14.0
17	157.5	34.5	cdf	34.0
17	82.5	18.0	cdf	18.5
17	7.5	7.0	cdf	5.5
17	60.0	14.0	cdf	13.0
17	165.0	34.0	cdf	36.0
17	150.0	34.5	cdf	33.0
17	30.0	11.5	cdf	11.0
17	90.0	22.0	cdf	22.0
17	45.0	18.0	cdf	12.0
17	75.0	17.0	cdf	16.0
17	120.0	32.0	cdf	31.0
17	142.5	34.5	cdf	32.5
17	22.5	13.0	cdf	10.0
17	127.5	32.0	cdf	31.5
17	97.5	25.5	cdf	25.5
17	135.0	36.5	cdf	32.0
17	75.0	15.0	cdf	16.0
17	60.0	14.5	cdf	13.0
17	67.5	16.0	cdf	14.0
17	127.5	35.0	cdf	31.5
17	15.0	5.5	cdf	8.0
17	135.0	36.0	cdf	32.0
17	22.5	16.5	cdf	10.0
17	120.0	31.0	cdf	31.0
17	52.5	14.5	cdf	12.5
17	97.5	28.5	cdf	25.5
17	142.5	34.5	cdf	32.5
17	82.5	15.0	cdf	18.5
17	7.5	5.5	cdf	5.5
17	165.0	32.5	cdf	36.0
17	150.0	34.0	cdf	33.0
17	45.0	15.5	cdf	12.0
17	30.0	16.0	cdf	11.0
17	172.5	38.5	cdf	38.5
17	157.5	35.0	cdf	34.0
17	90.0	22.0	cdf	22.0
17	105.0	28.0	cdf	28.0
17	37.5	16.0	cdf	11.5
17	112.5	32.5	cdf	30.0
18	135.0	32.0	cdf	32.0
18	112.5	28.5	cdf	30.0
18	105.0	29.5	cdf	28.0
18	37.5	11.5	cdf	11.5
18	60.0	14.0	cdf	13.0
18	165.0	34.0	cdf	36.0
18	52.5	13.0	cdf	12.5
18	82.5	18.5	cdf	18.5
18	75.0	16.0	cdf	16.0
18	127.5	31.5	cdf	31.5
18	142.5	33.0	cdf	32.5
18	172.5	38.5	cdf	38.5
18	22.5	10.5	cdf	10.0
18	97.5	25.5	cdf	25.5
18	157.5	33.5	cdf	34.0
18	90.0	22.0	cdf	22.0
18	150.0	33.0	cdf	33.0
18	67.5	14.0	cdf	14.0
18	15.0	8.0	cdf	8.0
18	30.0	11.0	cdf	11.0
18	172.5	38.0	cdf	38.5
18	135.0	31.5	cdf	32.0
18	82.5	18.5	cdf	18.5
18	37.5	12.0	cdf	11.5
18	7.5	4.5	cdf	5.5
18	30.0	11.0	cdf	11.0
18	105.0	28.5	cdf	28.0
18	15.0	6.5	cdf	8.0
18	22.5	9.0	cdf	10.0
18	142.5	32.0	cdf	32.5
18	127.5	31.0	cdf	31.5
18	97.5	26.0	cdf	25.5
18	90.0	22.0	cdf	22.0
18	60.0	12.5	cdf	13.0
18	45.0	11.5	cdf	12.0
18	67.5	12.5	cdf	14.0
18	120.0	31.0	cdf	31.0
18	52.5	12.0	cdf	12.5
18	157.5	34.0	cdf	34.0
18	75.0	15.5	cdf	16.0
18	165.0	36.0	cdf	36.0
18	150.0	33.0	cdf	33.0
18	142.5	32.0	cdf	32.5
18	157.5	32.5	cdf	34.0
18	90.0	21.5	cdf	22.0
18	52.5	12.5	cdf	12.5
18	60.0	13.5	cdf	13.0
18	45.0	12.0	cdf	12.0
18	75.0	13.0	cdf	16.0
18	127.5	31.0	cdf	31.5
18	105.0	26.5	cdf	28.0
18	112.5	30.0	cdf	30.0
18	67.5	14.0	cdf	14.0
18	172.5	38.5	cdf	38.5
18	37.5	11.0	cdf	11.5
18	120.0	30.0	cdf	31.0
18	150.0	31.5	cdf	33.0
18	97.5	26.0	cdf	25.5
18	82.5	18.5	cdf	18.5
18	22.5	11.0	cdf	10.0
18	15.0	7.5	cdf	8.0
18	30.0	11.0	cdf	11.0
18	165.0	36.5	cdf	36.0
18	135.0	30.5	cdf	32.0
18	7.5	5.5	cdf	5.5
18	135.0	32.0	cdf	32.0
18	172.5	38.5	cdf	38.5
18	67.5	14.5	cdf	14.0
18	15.0	8.0	cdf	8.0
18	112.5	31.0	cdf	30.0
18	142.5	30.5	cdf	32.5
18	157.5	33.5	cdf	34.0
18	165.0	33.5	cdf	36.0
18	150.0	31.0	cdf	33.0
18	120.0	31.0	cdf	31.0
18	90.0	21.5	cdf	22.0
18	30.0	11.5	cdf	11.0
18	60.0	13.5	cdf	13.0
18	22.5	10.0	cdf	10.0
18	45.0	11.0	cdf	12.0
18	97.5	25.0	cdf	25.5
18	105.0	31.0	cdf	28.0
18	82.5	18.0	cdf	18.5
18	52.5	12.5	cdf	12.5
18	75.0	16.5	cdf	16.0
18	37.5	11.0	cdf	11.5
18	127.5	30.0	cdf	31.5
18	7.5	5.5	cdf	5.5
18	52.5	12.5	cdf	12.5
18	30.0	11.0	cdf	11.0
18	75.0	15.5	cdf	16.0
18	112.5	31.0	cdf	30.0
18	150.0	33.5	cdf	33.0
18	165.0	35.0	cdf	36.0
18	142.5	31.0	cdf	32.5
18	60.0	14.0	cdf	13.0
18	135.0	32.0	cdf	32.0
18	157.5	33.5	cdf	34.0
18	67.5	13.0	cdf	14.0
18	7.5	5.0	cdf	5.5
18	22.5	7.5	cdf	10.0
18	90.0	21.5	cdf	22.0
18	82.5	17.5	cdf	18.5
18	127.5	31.5	cdf	31.5
18	37.5	12.0	cdf	11.5
18	15.0	7.5	cdf	8.0
18	120.0	31.5	cdf	31.0
18	45.0	11.0	cdf	12.0
18	97.5	26.5	cdf	25.5
18	105.0	28.0	cdf	28.0
18	82.5	17.0	cdf	18.5
18	135.0	32.0	cdf	32.0
18	157.5	34.5	cdf	34.0
18	37.5	11.5	cdf	11.5
18	30.0	10.5	cdf	11.0
18	75.0	14.5	cdf	16.0
18	15.0	9.0	cdf	8.0
18	150.0	32.5	cdf	33.0
18	165.0	33.5	cdf	36.0
18	67.5	14.0	cdf	14.0
18	142.5	32.5	cdf	32.5
18	172.5	39.0	cdf	38.5
18	105.0	28.0	cdf	28.0
18	22.5	11.0	cdf	10.0
18	90.0	21.0	cdf	22.0
18	97.5	26.0	cdf	25.5
18	127.5	30.0	cdf	31.5
18	112.5	31.0	cdf	30.0
18	60.0	13.0	cdf	13.0
18	52.5	12.5	cdf	12.5
18	7.5	0.0	cdf	5.5
18	45.0	11.0	cdf	12.0
18	120.0	30.5	cdf	31.0
18	82.5	18.5	cdf	18.5
18	150.0	32.5	cdf	33.0
18	165.0	36.5	cdf	36.0
18	75.0	16.0	cdf	16.0
18	52.5	13.0	cdf	12.5
18	172.5	38.5	cdf	38.5
18	97.5	26.0	cdf	25.5
18	7.5	5.0	cdf	5.5
18	90.0	22.5	cdf	22.0
18	45.0	12.0	cdf	12.0
18	15.0	3.5	cdf	8.0
18	22.5	10.5	cdf	10.0
18	127.5	30.5	cdf	31.5
18	37.5	11.5	cdf	11.5
18	120.0	30.0	cdf	31.0
18	135.0	32.0	cdf	32.0
18	60.0	11.0	cdf	13.0
18	67.5	14.5	cdf	14.0
18	142.5	31.0	cdf	32.5
18	30.0	10.0	cdf	11.0
18	105.0	29.0	cdf	28.0
18	112.5	30.0	cdf	30.0
18	157.5	35.0	cdf	34.0
18	52.5	12.5	cdf	12.5
18	105.0	28.0	cdf	28.0
18	60.0	13.5	cdf	13.0
18	165.0	35.0	cdf	36.0
18	45.0	12.5	cdf	12.0
18	157.5	33.5	cdf	34.0
18	135.0	31.5	cdf	32.0
18	150.0	32.5	cdf	33.0
18	172.5	38.5	cdf	38.5
18	90.0	22.5	cdf	22.0
18	112.5	31.5	cdf	30.0
18	75.0	14.5	cdf	16.0
18	82.5	18.0	cdf	18.5
18	30.0	12.5	cdf	11.0
18	67.5	12.5	cdf	14.0
18	15.0	8.5	cdf	8.0
18	127.5	31.0	cdf	31.5
18	97.5	24.0	cdf	25.5
18	120.0	31.5	cdf	31.0
18	22.5	10.5	cdf	10.0
18	37.5	11.5	cdf	11.5
18	142.5	32.5	cdf	32.5
18	7.5	5.5	cdf	5.5
18	172.5	37.5	cdf	38.5
18	120.0	31.5	cdf	31.0
18	150.0	32.5	cdf	33.0
18	22.5	10.0	cdf	10.0
18	15.0	11.0	cdf	8.0
18	82.5	17.5	cdf	18.5
18	105.0	31.0	cdf	28.0
18	52.5	13.0	cdf	12.5
18	90.0	20.5	cdf	22.0
18	67.5	14.5	cdf	14.0
18	37.5	11.5	cdf	11.5
18	75.0	15.0	cdf	16.0
18	135.0	30.0	cdf	32.0
18	157.5	32.0	cdf	34.0
18	142.5	32.5	cdf	32.5
18	97.5	25.5	cdf	25.5
18	165.0	36.5	cdf	36.0
18	30.0	12.0	cdf	11.0
18	112.5	31.5	cdf	30.0
18	60.0	13.0	cdf	13.0
18	127.5	32.5	cdf	31.5
18	45.0	11.0	cdf	12.0
18	60.0	14.5	inverse_cdf	18.5
18	97.5	22.5	inverse_cdf	22.5
18	127.5	32.5	inverse_cdf	28.0
18	105.0	22.0	inverse_cdf	23.0
18	112.5	24.0	inverse_cdf	24.0
18	67.5	15.5	inverse_cdf	20.0
18	7.5	2.0	inverse_cdf	2.5
18	15.0	2.5	inverse_cdf	3.0
18	52.5	15.5	inverse_cdf	16.0
18	22.5	3.5	inverse_cdf	4.0
18	172.5	41.0	inverse_cdf	41.5
18	90.0	21.5	inverse_cdf	22.0
18	135.0	32.0	inverse_cdf	32.5
18	157.5	38.5	inverse_cdf	40.0
18	82.5	21.5	inverse_cdf	21.5
18	120.0	28.0	inverse_cdf	25.5
18	165.0	41.0	inverse_cdf	41.0
18	37.5	9.5	inverse_cdf	7.5
18	150.0	35.0	inverse_cdf	39.0
18	45.0	11.0	inverse_cdf	11.5
18	142.5	31.5	inverse_cdf	36.5
18	120.0	28.5	inverse_cdf	25.5
18	142.5	31.5	inverse_cdf	36.5
18	112.5	24.0	inverse_cdf	24.0
18	82.5	21.5	inverse_cdf	21.5
18	67.5	20.0	inverse_cdf	20.0
18	127.5	32.0	inverse_cdf	28.0
18	75.0	22.0	inverse_cdf	21.0
18	45.0	11.5	inverse_cdf	11.5
18	52.5	16.0	inverse_cdf	16.0
18	97.5	22.0	inverse_cdf	22.5
18	37.5	8.5	inverse_cdf	7.5
18	15.0	8.5	inverse_cdf	3.0
18	157.5	39.0	inverse_cdf	40.0
18	22.5	6.0	inverse_cdf	4.0
18	172.5	41.5	inverse_cdf	41.5
18	150.0	39.5	inverse_cdf	39.0
18	135.0	32.0	inverse_cdf	32.5
18	30.0	6.0	inverse_cdf	5.0
18	90.0	22.0	inverse_cdf	22.0
18	165.0	40.0	inverse_cdf	41.0
18	60.0	15.5	inverse_cdf	18.5
18	7.5	5.5	inverse_cdf	2.5
18	172.5	41.0	inverse_cdf	41.5
18	22.5	5.5	inverse_cdf	4.0
18	157.5	39.0	inverse_cdf	40.0
18	67.5	20.0	inverse_cdf	20.0
18	82.5	21.5	inverse_cdf	21.5
18	105.0	24.5	inverse_cdf	23.0
18	135.0	32.5	inverse_cdf	32.5
18	52.5	16.0	inverse_cdf	16.0
18	112.5	25.0	inverse_cdf	24.0
18	45.0	11.5	inverse_cdf	11.5
18	37.5	13.5	inverse_cdf	7.5
18	150.0	36.0	inverse_cdf	39.0
18	75.0	20.0	inverse_cdf	21.0
18	127.5	32.5	inverse_cdf	28.0
18	97.5	22.5	inverse_cdf	22.5
18	15.0	6.0	inverse_cdf	3.0
18	142.5	32.0	inverse_cdf	36.5
18	165.0	39.5	inverse_cdf	41.0
18	30.0	11.0	inverse_cdf	5.0
18	60.0	20.5	inverse_cdf	18.5
18	7.5	5.0	inverse_cdf	2.5
18	90.0	22.0	inverse_cdf	22.0
18	120.0	29.0	inverse_cdf	25.5
18	82.5	21.5	inverse_cdf	21.5
18	37.5	12.5	inverse_cdf	7.5
18	67.5	19.5	inverse_cdf	20.0
18	7.5	1.5	inverse_cdf	2.5
18	105.0	24.0	inverse_cdf	23.0
18	97.5	23.0	inverse_cdf	22.5
18	90.0	21.0	inverse_cdf	22.0
18	135.0	32.5	inverse_cdf	32.5
18	120.0	29.0	inverse_cdf	25.5
18	172.5	42.0	inverse_cdf	41.5
18	127.5	28.5	inverse_cdf	28.0
18	52.5	15.5	inverse_cdf	16.0
18	60.0	18.5	inverse_cdf	18.5
18	45.0	14.5	inverse_cdf	11.5
18	150.0	36.0	inverse_cdf	39.0
18	15.0	4.5	inverse_cdf	3.0
18	22.5	4.0	inverse_cdf	4.0
18	112.5	24.0	inverse_cdf	24.0
18	75.0	18.0	inverse_cdf	21.0
18	165.0	39.5	inverse_cdf	41.0
18	142.5	32.0	inverse_cdf	36.5
18	30.0	10.5	inverse_cdf	5.0
18	157.5	38.0	inverse_cdf	40.0
18	172.5	39.5	inverse_cdf	41.5
18	150.0	35.5	inverse_cdf	39.0
18	112.5	27.0	inverse_cdf	24.0
18	7.5	2.0	inverse_cdf	2.5
18	82.5	21.0	inverse_cdf	21.5
18	37.5	10.5	inverse_cdf	7.5
18	105.0	24.0	inverse_cdf	23.0
18	22.5	6.5	inverse_cdf	4.0
18	142.5	32.5	inverse_cdf	36.5
18	90.0	22.0	inverse_cdf	22.0
18	165.0	39.5	inverse_cdf	41.0
18	45.0	11.5	inverse_cdf	11.5
18	120.0	27.5	inverse_cdf	25.5
18	127.5	32.0	inverse_cdf	28.0
18	75.0	20.0	inverse_cdf	21.0
18	97.5	22.5	inverse_cdf	22.5
18	60.0	16.0	inverse_cdf	18.5
18	15.0	3.0	inverse_cdf	3.0
18	135.0	32.5	inverse_cdf	32.5
18	30.0	11.5	inverse_cdf	5.0
18	157.5	39.0	inverse_cdf	40.0
18	67.5	20.0	inverse_cdf	20.0
18	52.5	16.0	inverse_cdf	16.0
18	112.5	24.0	inverse_cdf	24.0
18	142.5	34.0	inverse_cdf	36.5
18	165.0	41.0	inverse_cdf	41.0
18	67.5	18.5	inverse_cdf	20.0
18	60.0	17.5	inverse_cdf	18.5
18	105.0	23.0	inverse_cdf	23.0
18	45.0	10.5	inverse_cdf	11.5
18	172.5	41.5	inverse_cdf	41.5
18	135.0	32.5	inverse_cdf	32.5
18	150.0	36.0	inverse_cdf	39.0
18	82.5	21.5	inverse_cdf	21.5
18	97.5	22.5	inverse_cdf	22.5
18	37.5	11.0	inverse_cdf	7.5
18	22.5	6.0	inverse_cdf	4.0
18	127.5	28.0	inverse_cdf	28.0
18	157.5	39.0	inverse_cdf	40.0
18	15.0	3.5	inverse_cdf	3.0
18	75.0	21.0	inverse_cdf	21.0
18	120.0	23.0	inverse_cdf	25.5
18	90.0	23.0	inverse_cdf	22.0
18	30.0	9.5	inverse_cdf	5.0
18	52.5	11.5	inverse_cdf	16.0
18	120.0	24.0	inverse_cdf	25.5
18	142.5	37.0	inverse_cdf	36.5
18	30.0	5.5	inverse_cdf	5.0
18	7.5	2.5	inverse_cdf	2.5
18	52.5	16.5	inverse_cdf	16.0
18	97.5	22.5	inverse_cdf	22.5
18	60.0	13.0	inverse_cdf	18.5
18	75.0	21.0	inverse_cdf	21.0
18	45.0	15.0	inverse_cdf	11.5
18	127.5	32.5	inverse_cdf	28.0
18	105.0	23.0	inverse_cdf	23.0
18	112.5	23.5	inverse_cdf	24.0
18	82.5	24.5	inverse_cdf	21.5
18	22.5	7.0	inverse_cdf	4.0
18	172.5	40.0	inverse_cdf	41.5
18	150.0	38.5	inverse_cdf	39.0
18	90.0	22.5	inverse_cdf	22.0
18	135.0	32.5	inverse_cdf	32.5
18	157.5	40.0	inverse_cdf	40.0
18	15.0	4.0	inverse_cdf	3.0
18	165.0	39.0	inverse_cdf	41.0
18	67.5	20.5	inverse_cdf	20.0
18	37.5	10.0	inverse_cdf	7.5
18	75.0	20.5	inverse_cdf	21.0
18	7.5	6.0	inverse_cdf	2.5
18	30.0	5.0	inverse_cdf	5.0
18	52.5	16.0	inverse_cdf	16.0
18	90.0	22.0	inverse_cdf	22.0
18	37.5	11.5	inverse_cdf	7.5
18	45.0	11.5	inverse_cdf	11.5
18	157.5	39.0	inverse_cdf	40.0
18	150.0	35.5	inverse_cdf	39.0
18	97.5	24.0	inverse_cdf	22.5
18	135.0	32.0	inverse_cdf	32.5
18	60.0	13.5	inverse_cdf	18.5
18	112.5	24.5	inverse_cdf	24.0
18	172.5	41.5	inverse_cdf	41.5
18	142.5	28.0	inverse_cdf	36.5
18	22.5	2.5	inverse_cdf	4.0
18	82.5	20.5	inverse_cdf	21.5
18	165.0	41.0	inverse_cdf	41.0
18	127.5	25.0	inverse_cdf	28.0
18	120.0	25.0	inverse_cdf	25.5
18	105.0	24.0	inverse_cdf	23.0
18	15.0	5.5	inverse_cdf	3.0
19	135.0	27.0	inverse_cdf	32.5
19	60.0	16.0	inverse_cdf	18.5
19	30.0	6.5	inverse_cdf	5.0
19	22.5	3.0	inverse_cdf	4.0
19	112.5	23.5	inverse_cdf	24.0
19	52.5	12.5	inverse_cdf	16.0
19	7.5	2.5	inverse_cdf	2.5
19	75.0	21.0	inverse_cdf	21.0
19	97.5	23.0	inverse_cdf	22.5
19	15.0	4.0	inverse_cdf	3.0
19	105.0	23.0	inverse_cdf	23.0
19	157.5	37.0	inverse_cdf	40.0
19	172.5	41.5	inverse_cdf	41.5
19	165.0	40.5	inverse_cdf	41.0
19	67.5	19.0	inverse_cdf	20.0
19	120.0	26.0	inverse_cdf	25.5
19	45.0	7.5	inverse_cdf	11.5
19	82.5	21.0	inverse_cdf	21.5
19	150.0	36.5	inverse_cdf	39.0
19	90.0	22.0	inverse_cdf	22.0
19	142.5	32.0	inverse_cdf	36.5
19	127.5	28.5	inverse_cdf	28.0
19	97.5	23.0	inverse_cdf	22.5
19	120.0	27.0	inverse_cdf	25.5
19	45.0	15.5	inverse_cdf	11.5
19	165.0	40.5	inverse_cdf	41.0
19	60.0	18.0	inverse_cdf	18.5
19	157.5	36.5	inverse_cdf	40.0
19	7.5	3.0	inverse_cdf	2.5
19	172.5	41.0	inverse_cdf	41.5
19	82.5	21.5	inverse_cdf	21.5
19	75.0	19.5	inverse_cdf	21.0
19	52.5	11.0	inverse_cdf	16.0
19	150.0	36.5	inverse_cdf	39.0
19	22.5	5.0	inverse_cdf	4.0
19	112.5	23.0	inverse_cdf	24.0
19	127.5	27.0	inverse_cdf	28.0
19	37.5	7.5	inverse_cdf	7.5
19	90.0	22.0	inverse_cdf	22.0
19	15.0	4.0	inverse_cdf	3.0
19	105.0	23.0	inverse_cdf	23.0
19	30.0	5.0	inverse_cdf	5.0
19	135.0	34.5	inverse_cdf	32.5
19	67.5	20.5	inverse_cdf	20.0
19	105.0	23.0	inverse_cdf	23.0
19	45.0	9.5	inverse_cdf	11.5
19	127.5	27.0	inverse_cdf	28.0
19	82.5	20.5	inverse_cdf	21.5
19	75.0	21.0	inverse_cdf	21.0
19	22.5	4.0	inverse_cdf	4.0
19	15.0	4.0	inverse_cdf	3.0
19	52.5	18.0	inverse_cdf	16.0
19	150.0	36.0	inverse_cdf	39.0
19	30.0	7.5	inverse_cdf	5.0
19	135.0	25.0	inverse_cdf	32.5
19	67.5	19.0	inverse_cdf	20.0
19	172.5	41.5	inverse_cdf	41.5
19	97.5	23.0	inverse_cdf	22.5
19	60.0	19.0	inverse_cdf	18.5
19	37.5	6.5	inverse_cdf	7.5
19	7.5	3.5	inverse_cdf	2.5
19	157.5	39.0	inverse_cdf	40.0
19	112.5	23.5	inverse_cdf	24.0
19	120.0	23.5	inverse_cdf	25.5
19	165.0	38.0	inverse_cdf	41.0
19	142.5	37.0	inverse_cdf	36.5
19	90.0	22.0	inverse_cdf	22.0
19	150.0	36.5	inverse_cdf	39.0
19	45.0	16.5	inverse_cdf	11.5
19	67.5	20.0	inverse_cdf	20.0
19	82.5	21.0	inverse_cdf	21.5
19	127.5	25.5	inverse_cdf	28.0
19	7.5	3.5	inverse_cdf	2.5
19	142.5	37.0	inverse_cdf	36.5
19	120.0	24.0	inverse_cdf	25.5
19	90.0	22.0	inverse_cdf	22.0
19	37.5	5.5	inverse_cdf	7.5
19	165.0	40.5	inverse_cdf	41.0
19	112.5	23.5	inverse_cdf	24.0
19	52.5	17.0	inverse_cdf	16.0
19	172.5	41.5	inverse_cdf	41.5
19	60.0	17.5	inverse_cdf	18.5
19	105.0	23.0	inverse_cdf	23.0
19	75.0	21.0	inverse_cdf	21.0
19	135.0	28.0	inverse_cdf	32.5
19	157.5	38.5	inverse_cdf	40.0
19	97.5	23.0	inverse_cdf	22.5
19	15.0	4.0	inverse_cdf	3.0
19	22.5	5.0	inverse_cdf	4.0
19	105.0	23.0	inverse_cdf	23.0
19	120.0	24.5	inverse_cdf	25.5
19	150.0	38.5	inverse_cdf	39.0
19	67.5	18.5	inverse_cdf	20.0
19	142.5	37.5	inverse_cdf	36.5
19	22.5	5.0	inverse_cdf	4.0
19	30.0	4.5	inverse_cdf	5.0
19	112.5	23.5	inverse_cdf	24.0
19	45.0	13.5	inverse_cdf	11.5
19	15.0	3.0	inverse_cdf	3.0
19	90.0	22.0	inverse_cdf	22.0
19	172.5	41.0	inverse_cdf	41.5
19	60.0	18.5	inverse_cdf	18.5
19	52.5	18.0	inverse_cdf	16.0
19	127.5	25.5	inverse_cdf	28.0
19	7.5	2.0	inverse_cdf	2.5
19	37.5	7.5	inverse_cdf	7.5
19	75.0	22.0	inverse_cdf	21.0
19	82.5	21.0	inverse_cdf	21.5
19	97.5	22.5	inverse_cdf	22.5
19	165.0	38.5	inverse_cdf	41.0
19	135.0	25.0	inverse_cdf	32.5
19	157.5	38.0	inverse_cdf	40.0
19	15.0	8.5	inverse_cdf	3.0
19	37.5	8.0	inverse_cdf	7.5
19	45.0	17.0	inverse_cdf	11.5
19	135.0	30.5	inverse_cdf	32.5
19	75.0	20.0	inverse_cdf	21.0
19	172.5	41.5	inverse_cdf	41.5
19	52.5	18.5	inverse_cdf	16.0
19	127.5	25.5	inverse_cdf	28.0
19	30.0	5.5	inverse_cdf	5.0
19	90.0	21.5	inverse_cdf	22.0
19	157.5	38.0	inverse_cdf	40.0
19	82.5	21.0	inverse_cdf	21.5
19	60.0	16.5	inverse_cdf	18.5
19	120.0	24.0	inverse_cdf	25.5
19	7.5	3.0	inverse_cdf	2.5
19	142.5	36.0	inverse_cdf	36.5
19	22.5	5.0	inverse_cdf	4.0
19	165.0	41.5	inverse_cdf	41.0
19	67.5	20.0	inverse_cdf	20.0
19	112.5	23.0	inverse_cdf	24.0
19	97.5	22.5	inverse_cdf	22.5
19	105.0	23.5	inverse_cdf	23.0
19	142.5	35.0	inverse_cdf	36.5
19	52.5	18.0	inverse_cdf	16.0
19	75.0	21.5	inverse_cdf	21.0
19	30.0	5.0	inverse_cdf	5.0
19	90.0	22.0	inverse_cdf	22.0
19	127.5	27.0	inverse_cdf	28.0
19	105.0	23.0	inverse_cdf	23.0
19	82.5	21.5	inverse_cdf	21.5
19	135.0	36.5	inverse_cdf	32.5
19	120.0	25.5	inverse_cdf	25.5
19	112.5	23.5	inverse_cdf	24.0
19	45.0	7.5	inverse_cdf	11.5
19	60.0	18.5	inverse_cdf	18.5
19	67.5	20.5	inverse_cdf	20.0
19	15.0	4.5	inverse_cdf	3.0
19	150.0	38.5	inverse_cdf	39.0
19	165.0	39.5	inverse_cdf	41.0
19	37.5	6.0	inverse_cdf	7.5
19	22.5	5.0	inverse_cdf	4.0
19	157.5	39.0	inverse_cdf	40.0
19	97.5	22.5	inverse_cdf	22.5
19	172.5	42.0	inverse_cdf	41.5
19	37.5	5.0	inverse_cdf	7.5
19	142.5	36.5	inverse_cdf	36.5
19	60.0	18.5	inverse_cdf	18.5
19	105.0	23.0	inverse_cdf	23.0
19	157.5	40.5	inverse_cdf	40.0
19	127.5	25.5	inverse_cdf	28.0
19	82.5	21.5	inverse_cdf	21.5
19	52.5	17.0	inverse_cdf	16.0
19	150.0	37.5	inverse_cdf	39.0
19	97.5	23.0	inverse_cdf	22.5
19	22.5	4.5	inverse_cdf	4.0
19	112.5	24.5	inverse_cdf	24.0
19	15.0	3.0	inverse_cdf	3.0
19	75.0	19.5	inverse_cdf	21.0
19	172.5	42.0	inverse_cdf	41.5
19	120.0	26.0	inverse_cdf	25.5
19	135.0	35.0	inverse_cdf	32.5
19	90.0	21.5	inverse_cdf	22.0
19	7.5	2.0	inverse_cdf	2.5
19	30.0	7.5	inverse_cdf	5.0
19	165.0	41.5	inverse_cdf	41.0
19	45.0	11.5	inverse_cdf	11.5
19	67.5	20.5	inverse_cdf	20.0
19	82.5	16.5	cdf	18.5
19	90.0	22.0	cdf	22.0
19	37.5	13.0	cdf	11.5
19	150.0	32.5	cdf	33.0
19	30.0	10.5	cdf	11.0
19	15.0	9.0	cdf	8.0
19	22.5	10.5	cdf	10.0
19	127.5	32.0	cdf	31.5
19	135.0	32.5	cdf	32.0
19	60.0	17.0	cdf	13.0
19	165.0	36.0	cdf	36.0
19	105.0	26.0	cdf	28.0
19	7.5	6.0	cdf	5.5
19	52.5	12.5	cdf	12.5
19	157.5	32.5	cdf	34.0
19	67.5	17.0	cdf	14.0
19	112.5	31.5	cdf	30.0
19	172.5	38.5	cdf	38.5
19	45.0	13.0	cdf	12.0
19	142.5	32.5	cdf	32.5
19	82.5	21.0	cdf	18.5
19	60.0	12.5	cdf	13.0
19	97.5	25.0	cdf	25.5
19	7.5	7.0	cdf	5.5
19	120.0	31.0	cdf	31.0
19	22.5	10.0	cdf	10.0
19	172.5	38.5	cdf	38.5
19	15.0	11.5	cdf	8.0
19	142.5	32.5	cdf	32.5
19	127.5	32.0	cdf	31.5
19	30.0	11.0	cdf	11.0
19	105.0	29.0	cdf	28.0
19	75.0	20.0	cdf	16.0
19	135.0	31.5	cdf	32.0
19	37.5	12.0	cdf	11.5
19	165.0	36.0	cdf	36.0
19	150.0	31.5	cdf	33.0
19	157.5	32.5	cdf	34.0
19	90.0	23.0	cdf	22.0
19	52.5	14.0	cdf	12.5
19	112.5	30.0	cdf	30.0
19	15.0	10.0	cdf	8.0
19	90.0	22.0	cdf	22.0
19	37.5	13.0	cdf	11.5
19	7.5	7.5	cdf	5.5
19	82.5	18.5	cdf	18.5
19	75.0	16.5	cdf	16.0
19	45.0	12.0	cdf	12.0
19	172.5	36.5	cdf	38.5
19	120.0	28.5	cdf	31.0
19	165.0	36.0	cdf	36.0
19	142.5	32.0	cdf	32.5
19	150.0	36.0	cdf	33.0
19	60.0	13.5	cdf	13.0
19	157.5	33.5	cdf	34.0
19	22.5	10.5	cdf	10.0
19	112.5	29.5	cdf	30.0
19	135.0	31.5	cdf	32.0
19	67.5	13.5	cdf	14.0
19	30.0	11.5	cdf	11.0
19	127.5	32.0	cdf	31.5
19	82.5	17.5	cdf	18.5
19	90.0	21.5	cdf	22.0
19	135.0	32.0	cdf	32.0
19	37.5	12.0	cdf	11.5
19	75.0	16.5	cdf	16.0
19	112.5	27.0	cdf	30.0
19	127.5	32.0	cdf	31.5
19	7.5	8.0	cdf	5.5
19	172.5	38.0	cdf	38.5
19	165.0	36.0	cdf	36.0
19	157.5	36.0	cdf	34.0
19	30.0	10.0	cdf	11.0
19	142.5	32.0	cdf	32.5
19	150.0	32.0	cdf	33.0
19	52.5	13.0	cdf	12.5
19	22.5	8.5	cdf	10.0
19	60.0	13.0	cdf	13.0
19	105.0	28.0	cdf	28.0
19	67.5	12.5	cdf	14.0
19	120.0	32.0	cdf	31.0
19	97.5	23.0	cdf	25.5
19	172.5	38.5	cdf	38.5
19	22.5	10.0	cdf	10.0
19	60.0	12.5	cdf	13.0
19	127.5	32.0	cdf	31.5
19	112.5	30.5	cdf	30.0
19	7.5	5.0	cdf	5.5
19	120.0	30.5	cdf	31.0
19	82.5	18.5	cdf	18.5
19	45.0	11.5	cdf	12.0
19	67.5	16.0	cdf	14.0
19	105.0	26.5	cdf	28.0
19	97.5	25.0	cdf	25.5
19	30.0	11.0	cdf	11.0
19	157.5	36.5	cdf	34.0
19	90.0	21.0	cdf	22.0
19	75.0	13.5	cdf	16.0
19	150.0	32.0	cdf	33.0
19	135.0	32.0	cdf	32.0
19	142.5	33.0	cdf	32.5
19	165.0	36.5	cdf	36.0
19	60.0	12.5	cdf	13.0
19	150.0	32.5	cdf	33.0
19	90.0	22.0	cdf	22.0
19	120.0	29.5	cdf	31.0
19	172.5	39.0	cdf	38.5
19	127.5	32.0	cdf	31.5
19	112.5	29.0	cdf	30.0
19	97.5	25.0	cdf	25.5
19	105.0	26.0	cdf	28.0
19	7.5	5.0	cdf	5.5
19	157.5	32.5	cdf	34.0
19	52.5	12.5	cdf	12.5
19	30.0	10.0	cdf	11.0
19	135.0	32.0	cdf	32.0
19	82.5	19.5	cdf	18.5
19	165.0	36.0	cdf	36.0
19	45.0	12.5	cdf	12.0
19	67.5	16.0	cdf	14.0
19	142.5	33.0	cdf	32.5
19	37.5	12.0	cdf	11.5
19	15.0	6.0	cdf	8.0
19	22.5	8.5	cdf	10.0
19	75.0	16.5	cdf	16.0
19	52.5	12.0	cdf	12.5
19	120.0	33.5	cdf	31.0
19	97.5	26.0	cdf	25.5
19	67.5	13.0	cdf	14.0
19	37.5	11.0	cdf	11.5
19	22.5	5.5	cdf	10.0
19	60.0	13.0	cdf	13.0
19	157.5	34.0	cdf	34.0
19	7.5	6.5	cdf	5.5
19	105.0	27.5	cdf	28.0
19	172.5	38.5	cdf	38.5
19	45.0	12.5	cdf	12.0
19	15.0	10.0	cdf	8.0
19	165.0	36.5	cdf	36.0
19	150.0	33.0	cdf	33.0
19	82.5	21.0	cdf	18.5
19	30.0	12.0	cdf	11.0
19	127.5	32.0	cdf	31.5
19	112.5	31.0	cdf	30.0
19	90.0	22.0	cdf	22.0
19	142.5	33.0	cdf	32.5
19	135.0	32.0	cdf	32.0
19	90.0	22.0	cdf	22.0
19	97.5	26.0	cdf	25.5
19	37.5	12.0	cdf	11.5
19	157.5	32.5	cdf	34.0
19	105.0	30.0	cdf	28.0
19	67.5	13.0	cdf	14.0
19	45.0	12.0	cdf	12.0
19	60.0	13.5	cdf	13.0
19	135.0	32.0	cdf	32.0
19	22.5	10.5	cdf	10.0
19	172.5	39.5	cdf	38.5
19	52.5	12.5	cdf	12.5
19	82.5	16.0	cdf	18.5
19	7.5	5.5	cdf	5.5
19	112.5	31.5	cdf	30.0
19	120.0	32.5	cdf	31.0
19	127.5	32.5	cdf	31.5
19	165.0	38.5	cdf	36.0
19	142.5	33.0	cdf	32.5
19	15.0	8.0	cdf	8.0
19	75.0	16.0	cdf	16.0
19	150.0	32.5	cdf	33.0
19	30.0	12.0	cdf	11.0
20	120.0	30.0	cdf	31.0
20	105.0	28.0	cdf	28.0
20	135.0	31.5	cdf	32.0
20	157.5	35.5	cdf	34.0
20	150.0	34.0	cdf	33.0
20	30.0	11.0	cdf	11.0
20	142.5	33.0	cdf	32.5
20	127.5	30.0	cdf	31.5
20	15.0	8.5	cdf	8.0
20	112.5	28.0	cdf	30.0
20	67.5	16.0	cdf	14.0
20	60.0	14.0	cdf	13.0
20	75.0	16.0	cdf	16.0
20	7.5	5.5	cdf	5.5
20	45.0	11.5	cdf	12.0
20	172.5	38.5	cdf	38.5
20	52.5	12.5	cdf	12.5
20	97.5	25.0	cdf	25.5
20	37.5	11.0	cdf	11.5
20	97.5	25.5	cdf	25.5
20	82.5	18.0	cdf	18.5
20	52.5	12.5	cdf	12.5
20	22.5	8.0	cdf	10.0
20	120.0	31.0	cdf	31.0
20	75.0	16.5	cdf	16.0
20	90.0	22.0	cdf	22.0
20	135.0	33.0	cdf	32.0
20	30.0	11.0	cdf	11.0
20	127.5	32.5	cdf	31.5
20	67.5	14.5	cdf	14.0
20	45.0	12.5	cdf	12.0
20	165.0	36.5	cdf	36.0
20	105.0	28.0	cdf	28.0
20	112.5	28.0	cdf	30.0
20	7.5	5.5	cdf	5.5
20	142.5	32.5	cdf	32.5
20	150.0	33.0	cdf	33.0
20	97.5	25.5	cdf	25.5
20	60.0	14.0	cdf	13.0
20	22.5	8.0	cdf	10.0
20	127.5	31.0	cdf	31.5
20	30.0	10.5	cdf	11.0
20	105.0	26.0	cdf	28.0
20	15.0	7.5	cdf	8.0
20	75.0	16.0	cdf	16.0
20	172.5	38.5	cdf	38.5
20	157.5	34.0	cdf	34.0
20	67.5	15.5	cdf	14.0
20	82.5	18.0	cdf	18.5
20	150.0	34.0	cdf	33.0
20	52.5	11.5	cdf	12.5
20	135.0	32.5	cdf	32.0
20	90.0	21.5	cdf	22.0
20	112.5	28.0	cdf	30.0
20	45.0	12.5	cdf	12.0
20	142.5	33.5	cdf	32.5
20	120.0	32.5	cdf	31.0
20	165.0	36.0	cdf	36.0
20	15.0	8.5	cdf	8.0
20	150.0	33.0	cdf	33.0
20	112.5	28.5	cdf	30.0
20	52.5	13.0	cdf	12.5
20	142.5	34.0	cdf	32.5
20	165.0	36.0	cdf	36.0
20	135.0	32.5	cdf	32.0
20	30.0	11.0	cdf	11.0
20	67.5	16.0	cdf	14.0
20	127.5	32.0	cdf	31.5
20	60.0	14.0	cdf	13.0
20	97.5	25.5	cdf	25.5
20	120.0	31.0	cdf	31.0
20	82.5	16.0	cdf	18.5
20	75.0	16.0	cdf	16.0
20	45.0	12.0	cdf	12.0
20	157.5	34.0	cdf	34.0
20	37.5	11.5	cdf	11.5
20	22.5	10.0	cdf	10.0
20	172.5	36.0	cdf	38.5
20	7.5	4.5	cdf	5.5
20	90.0	22.0	cdf	22.0
20	105.0	28.0	cdf	28.0
20	142.5	34.0	cdf	32.5
20	15.0	8.0	cdf	8.0
20	37.5	12.5	cdf	11.5
20	150.0	33.0	cdf	33.0
20	157.5	34.0	cdf	34.0
20	30.0	11.5	cdf	11.0
20	7.5	5.5	cdf	5.5
20	60.0	14.0	cdf	13.0
20	97.5	25.5	cdf	25.5
20	45.0	12.5	cdf	12.0
20	165.0	36.0	cdf	36.0
20	112.5	30.0	cdf	30.0
20	52.5	12.5	cdf	12.5
20	90.0	22.0	cdf	22.0
20	127.5	32.0	cdf	31.5
20	172.5	39.0	cdf	38.5
20	120.0	32.0	cdf	31.0
20	112.5	30.0	cdf	30.0
20	142.5	32.5	cdf	32.5
20	37.5	12.0	cdf	11.5
20	22.5	11.0	cdf	10.0
20	60.0	14.0	cdf	13.0
20	67.5	14.5	cdf	14.0
20	165.0	37.5	cdf	36.0
20	52.5	12.5	cdf	12.5
20	82.5	18.0	cdf	18.5
20	75.0	16.0	cdf	16.0
20	7.5	7.5	cdf	5.5
20	120.0	30.0	cdf	31.0
20	135.0	32.0	cdf	32.0
20	97.5	26.5	cdf	25.5
20	105.0	29.5	cdf	28.0
20	157.5	34.0	cdf	34.0
20	172.5	38.5	cdf	38.5
20	30.0	10.5	cdf	11.0
20	45.0	12.5	cdf	12.0
20	150.0	32.5	cdf	33.0
20	90.0	22.0	cdf	22.0
20	75.0	14.0	cdf	16.0
20	135.0	32.5	cdf	32.0
20	112.5	30.0	cdf	30.0
20	82.5	17.0	cdf	18.5
20	60.0	12.5	cdf	13.0
20	127.5	32.5	cdf	31.5
20	7.5	5.5	cdf	5.5
20	157.5	34.0	cdf	34.0
20	67.5	14.0	cdf	14.0
20	37.5	12.5	cdf	11.5
20	165.0	33.5	cdf	36.0
20	120.0	30.0	cdf	31.0
20	172.5	38.5	cdf	38.5
20	90.0	22.0	cdf	22.0
20	15.0	11.0	cdf	8.0
20	150.0	34.0	cdf	33.0
20	142.5	32.5	cdf	32.5
20	22.5	11.0	cdf	10.0
20	52.5	14.5	cdf	12.5
20	30.0	11.5	cdf	11.0
20	45.0	12.5	cdf	12.0
20	105.0	28.0	cdf	28.0
20	97.5	24.5	cdf	25.5
20	7.5	8.0	cdf	5.5
20	82.5	16.0	cdf	18.5
20	135.0	32.5	cdf	32.0
20	45.0	12.5	cdf	12.0
20	157.5	34.5	cdf	34.0
20	142.5	32.0	cdf	32.5
20	15.0	10.0	cdf	8.0
20	120.0	30.0	cdf	31.0
20	52.5	12.5	cdf	12.5
20	112.5	30.0	cdf	30.0
20	60.0	14.0	cdf	13.0
20	30.0	11.0	cdf	11.0
20	75.0	16.0	cdf	16.0
20	67.5	14.5	cdf	14.0
20	90.0	22.0	cdf	22.0
20	165.0	34.0	cdf	36.0
20	22.5	11.5	cdf	10.0
20	105.0	28.0	cdf	28.0
20	172.5	35.5	cdf	38.5
20	127.5	31.0	cdf	31.5
20	37.5	12.5	cdf	11.5
20	97.5	25.0	cdf	25.5
20	82.5	21.5	inverse_cdf	21.5
20	172.5	41.5	inverse_cdf	41.5
20	37.5	7.5	inverse_cdf	7.5
20	165.0	40.0	inverse_cdf	41.0
20	97.5	22.5	inverse_cdf	22.5
20	105.0	23.0	inverse_cdf	23.0
20	75.0	20.0	inverse_cdf	21.0
20	52.5	16.0	inverse_cdf	16.0
20	120.0	25.5	inverse_cdf	25.5
20	112.5	24.0	inverse_cdf	24.0
20	135.0	32.5	inverse_cdf	32.5
20	67.5	20.5	inverse_cdf	20.0
20	60.0	18.5	inverse_cdf	18.5
20	90.0	22.0	inverse_cdf	22.0
20	150.0	38.5	inverse_cdf	39.0
20	127.5	27.5	inverse_cdf	28.0
20	45.0	12.0	inverse_cdf	11.5
20	142.5	36.5	inverse_cdf	36.5
20	15.0	3.0	inverse_cdf	3.0
20	150.0	38.5	inverse_cdf	39.0
20	37.5	9.0	inverse_cdf	7.5
20	172.5	41.0	inverse_cdf	41.5
20	67.5	20.0	inverse_cdf	20.0
20	90.0	22.0	inverse_cdf	22.0
20	45.0	13.0	inverse_cdf	11.5
20	127.5	24.0	inverse_cdf	28.0
20	120.0	28.5	inverse_cdf	25.5
20	60.0	18.0	inverse_cdf	18.5
20	135.0	32.5	inverse_cdf	32.5
20	22.5	5.5	inverse_cdf	4.0
20	97.5	22.5	inverse_cdf	22.5
20	105.0	23.0	inverse_cdf	23.0
20	52.5	16.0	inverse_cdf	16.0
20	90.0	22.0	inverse_cdf	22.0
20	45.0	11.5	inverse_cdf	11.5
20	37.5	7.5	inverse_cdf	7.5
20	172.5	41.5	inverse_cdf	41.5
20	30.0	4.0	inverse_cdf	5.0
20	135.0	32.0	inverse_cdf	32.5
20	7.5	2.5	inverse_cdf	2.5
20	82.5	21.0	inverse_cdf	21.5
20	67.5	19.5	inverse_cdf	20.0
20	157.5	40.0	inverse_cdf	40.0
20	150.0	36.0	inverse_cdf	39.0
20	105.0	23.0	inverse_cdf	23.0
20	127.5	25.5	inverse_cdf	28.0
20	112.5	24.0	inverse_cdf	24.0
20	22.5	4.0	inverse_cdf	4.0
20	165.0	40.5	inverse_cdf	41.0
20	15.0	3.0	inverse_cdf	3.0
20	90.0	22.0	inverse_cdf	22.0
20	52.5	16.0	inverse_cdf	16.0
20	142.5	32.0	inverse_cdf	36.5
20	67.5	18.0	inverse_cdf	20.0
20	172.5	41.5	inverse_cdf	41.5
20	127.5	28.0	inverse_cdf	28.0
20	82.5	21.5	inverse_cdf	21.5
20	157.5	41.0	inverse_cdf	40.0
20	135.0	33.0	inverse_cdf	32.5
20	120.0	25.5	inverse_cdf	25.5
20	15.0	3.5	inverse_cdf	3.0
20	7.5	2.5	inverse_cdf	2.5
20	60.0	18.5	inverse_cdf	18.5
20	97.5	22.5	inverse_cdf	22.5
20	165.0	41.0	inverse_cdf	41.0
20	112.5	24.0	inverse_cdf	24.0
20	150.0	35.0	inverse_cdf	39.0
20	105.0	22.5	inverse_cdf	23.0
20	37.5	8.5	inverse_cdf	7.5
20	97.5	22.5	inverse_cdf	22.5
20	75.0	21.0	inverse_cdf	21.0
20	60.0	19.0	inverse_cdf	18.5
20	15.0	2.5	inverse_cdf	3.0
20	45.0	16.0	inverse_cdf	11.5
20	30.0	5.0	inverse_cdf	5.0
20	127.5	28.0	inverse_cdf	28.0
20	120.0	25.5	inverse_cdf	25.5
20	37.5	7.5	inverse_cdf	7.5
20	157.5	39.5	inverse_cdf	40.0
20	150.0	36.0	inverse_cdf	39.0
20	82.5	21.0	inverse_cdf	21.5
20	52.5	16.0	inverse_cdf	16.0
20	105.0	23.0	inverse_cdf	23.0
20	112.5	24.0	inverse_cdf	24.0
20	90.0	22.0	inverse_cdf	22.0
20	135.0	32.5	inverse_cdf	32.5
20	67.5	18.5	inverse_cdf	20.0
20	165.0	40.5	inverse_cdf	41.0
20	22.5	3.5	inverse_cdf	4.0
20	142.5	32.5	inverse_cdf	36.5
20	135.0	28.0	inverse_cdf	32.5
20	7.5	3.0	inverse_cdf	2.5
20	157.5	39.0	inverse_cdf	40.0
20	67.5	20.0	inverse_cdf	20.0
20	165.0	40.5	inverse_cdf	41.0
20	45.0	11.5	inverse_cdf	11.5
20	52.5	16.0	inverse_cdf	16.0
20	82.5	21.5	inverse_cdf	21.5
20	75.0	21.0	inverse_cdf	21.0
20	112.5	24.0	inverse_cdf	24.0
20	22.5	3.0	inverse_cdf	4.0
20	127.5	32.5	inverse_cdf	28.0
20	15.0	2.5	inverse_cdf	3.0
20	105.0	23.0	inverse_cdf	23.0
20	97.5	22.5	inverse_cdf	22.5
20	172.5	41.5	inverse_cdf	41.5
20	30.0	4.0	inverse_cdf	5.0
20	60.0	18.5	inverse_cdf	18.5
20	90.0	22.0	inverse_cdf	22.0
20	150.0	39.0	inverse_cdf	39.0
20	67.5	18.5	inverse_cdf	20.0
20	127.5	25.5	inverse_cdf	28.0
20	7.5	2.5	inverse_cdf	2.5
20	142.5	32.5	inverse_cdf	36.5
20	150.0	35.5	inverse_cdf	39.0
20	52.5	16.0	inverse_cdf	16.0
20	135.0	32.0	inverse_cdf	32.5
20	15.0	3.5	inverse_cdf	3.0
20	75.0	21.0	inverse_cdf	21.0
20	157.5	40.5	inverse_cdf	40.0
20	172.5	41.0	inverse_cdf	41.5
20	22.5	4.0	inverse_cdf	4.0
20	90.0	22.0	inverse_cdf	22.0
20	60.0	16.0	inverse_cdf	18.5
20	112.5	24.0	inverse_cdf	24.0
20	37.5	5.5	inverse_cdf	7.5
20	105.0	23.0	inverse_cdf	23.0
20	120.0	25.5	inverse_cdf	25.5
20	30.0	4.0	inverse_cdf	5.0
20	97.5	22.5	inverse_cdf	22.5
20	165.0	41.0	inverse_cdf	41.0
20	112.5	24.0	inverse_cdf	24.0
20	82.5	21.0	inverse_cdf	21.5
20	30.0	3.0	inverse_cdf	5.0
20	37.5	5.5	inverse_cdf	7.5
20	45.0	11.5	inverse_cdf	11.5
20	90.0	22.0	inverse_cdf	22.0
20	60.0	18.5	inverse_cdf	18.5
20	97.5	22.5	inverse_cdf	22.5
20	120.0	23.0	inverse_cdf	25.5
20	105.0	22.5	inverse_cdf	23.0
20	7.5	2.5	inverse_cdf	2.5
20	172.5	41.0	inverse_cdf	41.5
20	75.0	21.0	inverse_cdf	21.0
20	142.5	36.0	inverse_cdf	36.5
20	135.0	32.5	inverse_cdf	32.5
20	67.5	18.5	inverse_cdf	20.0
20	127.5	32.5	inverse_cdf	28.0
20	52.5	11.5	inverse_cdf	16.0
20	15.0	3.0	inverse_cdf	3.0
20	150.0	38.0	inverse_cdf	39.0
20	22.5	4.0	inverse_cdf	4.0
20	165.0	41.0	inverse_cdf	41.0
21	30.0	9.0	inverse_cdf	5.0
21	90.0	22.0	inverse_cdf	22.0
21	120.0	30.0	inverse_cdf	25.5
21	165.0	41.0	inverse_cdf	41.0
21	37.5	6.5	inverse_cdf	7.5
21	172.5	41.0	inverse_cdf	41.5
21	135.0	37.0	inverse_cdf	32.5
21	75.0	21.5	inverse_cdf	21.0
21	22.5	3.5	inverse_cdf	4.0
21	60.0	7.0	inverse_cdf	18.5
21	52.5	7.0	inverse_cdf	16.0
21	97.5	23.5	inverse_cdf	22.5
21	15.0	3.0	inverse_cdf	3.0
21	157.5	40.0	inverse_cdf	40.0
21	105.0	26.5	inverse_cdf	23.0
21	112.5	27.0	inverse_cdf	24.0
21	142.5	39.5	inverse_cdf	36.5
21	127.5	39.0	inverse_cdf	28.0
21	45.0	8.0	inverse_cdf	11.5
21	172.5	41.5	inverse_cdf	41.5
21	90.0	22.0	inverse_cdf	22.0
21	37.5	12.0	inverse_cdf	7.5
21	67.5	20.0	inverse_cdf	20.0
21	105.0	26.0	inverse_cdf	23.0
21	82.5	21.0	inverse_cdf	21.5
21	7.5	2.5	inverse_cdf	2.5
21	15.0	2.0	inverse_cdf	3.0
21	97.5	22.5	inverse_cdf	22.5
21	135.0	33.0	inverse_cdf	32.5
21	60.0	11.0	inverse_cdf	18.5
21	120.0	38.5	inverse_cdf	25.5
21	75.0	21.5	inverse_cdf	21.0
21	142.5	40.0	inverse_cdf	36.5
21	52.5	8.0	inverse_cdf	16.0
21	127.5	38.0	inverse_cdf	28.0
21	165.0	41.0	inverse_cdf	41.0
21	30.0	11.0	inverse_cdf	5.0
21	22.5	3.0	inverse_cdf	4.0
21	45.0	8.5	inverse_cdf	11.5
21	52.5	6.0	inverse_cdf	16.0
21	37.5	6.5	inverse_cdf	7.5
21	22.5	5.0	inverse_cdf	4.0
21	82.5	22.0	inverse_cdf	21.5
21	75.0	20.5	inverse_cdf	21.0
21	127.5	34.0	inverse_cdf	28.0
21	60.0	7.0	inverse_cdf	18.5
21	15.0	3.5	inverse_cdf	3.0
21	67.5	7.5	inverse_cdf	20.0
21	135.0	40.0	inverse_cdf	32.5
21	97.5	24.5	inverse_cdf	22.5
21	142.5	39.5	inverse_cdf	36.5
21	90.0	22.0	inverse_cdf	22.0
21	105.0	23.5	inverse_cdf	23.0
21	150.0	41.0	inverse_cdf	39.0
21	7.5	3.0	inverse_cdf	2.5
21	172.5	41.5	inverse_cdf	41.5
21	30.0	3.5	inverse_cdf	5.0
21	165.0	40.5	inverse_cdf	41.0
21	120.0	34.5	inverse_cdf	25.5
21	97.5	23.0	inverse_cdf	22.5
21	75.0	6.5	inverse_cdf	21.0
21	45.0	5.5	inverse_cdf	11.5
21	127.5	37.0	inverse_cdf	28.0
21	90.0	22.5	inverse_cdf	22.0
21	52.5	9.0	inverse_cdf	16.0
21	15.0	1.5	inverse_cdf	3.0
21	105.0	24.5	inverse_cdf	23.0
21	112.5	25.5	inverse_cdf	24.0
21	30.0	5.0	inverse_cdf	5.0
21	150.0	40.0	inverse_cdf	39.0
21	37.5	7.0	inverse_cdf	7.5
21	120.0	35.0	inverse_cdf	25.5
21	142.5	40.0	inverse_cdf	36.5
21	67.5	7.0	inverse_cdf	20.0
21	22.5	3.0	inverse_cdf	4.0
21	165.0	41.0	inverse_cdf	41.0
21	60.0	7.0	inverse_cdf	18.5
21	172.5	39.5	inverse_cdf	41.5
21	7.5	2.0	inverse_cdf	2.5
21	157.5	40.5	inverse_cdf	40.0
21	82.5	20.5	inverse_cdf	21.5
21	157.5	41.0	inverse_cdf	40.0
21	105.0	34.5	inverse_cdf	23.0
21	15.0	3.5	inverse_cdf	3.0
21	142.5	40.0	inverse_cdf	36.5
21	90.0	22.0	inverse_cdf	22.0
21	172.5	42.0	inverse_cdf	41.5
21	7.5	1.0	inverse_cdf	2.5
21	37.5	4.5	inverse_cdf	7.5
21	67.5	9.0	inverse_cdf	20.0
21	120.0	32.5	inverse_cdf	25.5
21	60.0	9.5	inverse_cdf	18.5
21	112.5	25.5	inverse_cdf	24.0
21	165.0	40.5	inverse_cdf	41.0
21	150.0	41.0	inverse_cdf	39.0
21	135.0	38.0	inverse_cdf	32.5
21	75.0	17.5	inverse_cdf	21.0
21	127.5	32.0	inverse_cdf	28.0
21	45.0	9.5	inverse_cdf	11.5
21	30.0	3.0	inverse_cdf	5.0
21	52.5	6.5	inverse_cdf	16.0
21	97.5	22.5	inverse_cdf	22.5
21	22.5	3.0	inverse_cdf	4.0
21	127.5	38.5	inverse_cdf	28.0
21	90.0	22.0	inverse_cdf	22.0
21	82.5	21.5	inverse_cdf	21.5
21	172.5	41.5	inverse_cdf	41.5
21	7.5	2.5	inverse_cdf	2.5
21	157.5	40.5	inverse_cdf	40.0
21	67.5	13.5	inverse_cdf	20.0
21	97.5	24.0	inverse_cdf	22.5
21	60.0	11.0	inverse_cdf	18.5
21	22.5	3.5	inverse_cdf	4.0
21	37.5	4.0	inverse_cdf	7.5
21	120.0	38.0	inverse_cdf	25.5
21	142.5	40.0	inverse_cdf	36.5
21	30.0	3.5	inverse_cdf	5.0
21	15.0	3.5	inverse_cdf	3.0
21	105.0	23.0	inverse_cdf	23.0
21	112.5	25.5	inverse_cdf	24.0
21	75.0	19.5	inverse_cdf	21.0
21	150.0	38.0	inverse_cdf	39.0
21	45.0	3.5	inverse_cdf	11.5
21	135.0	39.0	inverse_cdf	32.5
21	165.0	41.0	inverse_cdf	41.0
21	52.5	12.5	inverse_cdf	16.0
21	60.0	7.0	inverse_cdf	18.5
21	30.0	3.0	inverse_cdf	5.0
21	112.5	35.5	inverse_cdf	24.0
21	82.5	21.0	inverse_cdf	21.5
21	150.0	40.5	inverse_cdf	39.0
21	157.5	40.5	inverse_cdf	40.0
21	52.5	11.0	inverse_cdf	16.0
21	127.5	37.5	inverse_cdf	28.0
21	22.5	4.0	inverse_cdf	4.0
21	37.5	4.0	inverse_cdf	7.5
21	67.5	6.5	inverse_cdf	20.0
21	97.5	23.5	inverse_cdf	22.5
21	165.0	41.5	inverse_cdf	41.0
21	15.0	2.5	inverse_cdf	3.0
21	90.0	22.0	inverse_cdf	22.0
21	120.0	34.5	inverse_cdf	25.5
21	135.0	36.5	inverse_cdf	32.5
21	172.5	42.0	inverse_cdf	41.5
21	75.0	21.0	inverse_cdf	21.0
21	7.5	3.0	inverse_cdf	2.5
21	142.5	37.0	inverse_cdf	36.5
21	105.0	23.5	inverse_cdf	23.0
21	45.0	9.0	inverse_cdf	11.5
21	97.5	23.0	inverse_cdf	22.5
21	105.0	25.0	inverse_cdf	23.0
21	112.5	26.0	inverse_cdf	24.0
21	172.5	17.5	inverse_cdf	41.5
21	165.0	41.0	inverse_cdf	41.0
21	7.5	2.0	inverse_cdf	2.5
21	75.0	20.5	inverse_cdf	21.0
21	82.5	22.0	inverse_cdf	21.5
21	135.0	39.5	inverse_cdf	32.5
21	142.5	39.5	inverse_cdf	36.5
21	90.0	22.0	inverse_cdf	22.0
21	15.0	2.0	inverse_cdf	3.0
21	67.5	3.0	inverse_cdf	20.0
21	37.5	14.0	inverse_cdf	7.5
21	157.5	41.0	inverse_cdf	40.0
21	120.0	36.0	inverse_cdf	25.5
21	60.0	12.5	inverse_cdf	18.5
21	45.0	5.0	inverse_cdf	11.5
21	52.5	4.5	inverse_cdf	16.0
21	127.5	32.5	inverse_cdf	28.0
21	30.0	3.5	inverse_cdf	5.0
21	22.5	3.0	inverse_cdf	4.0
21	150.0	41.0	inverse_cdf	39.0
21	120.0	12.0	cdf	31.0
21	157.5	38.0	cdf	34.0
21	52.5	11.0	cdf	12.5
21	172.5	38.5	cdf	38.5
21	127.5	31.0	cdf	31.5
21	112.5	29.0	cdf	30.0
21	22.5	10.0	cdf	10.0
21	60.0	12.5	cdf	13.0
21	105.0	28.5	cdf	28.0
21	97.5	25.5	cdf	25.5
21	67.5	12.5	cdf	14.0
21	82.5	19.0	cdf	18.5
21	30.0	10.5	cdf	11.0
21	15.0	10.0	cdf	8.0
21	135.0	33.0	cdf	32.0
21	150.0	36.5	cdf	33.0
21	165.0	38.0	cdf	36.0
21	75.0	17.0	cdf	16.0
21	37.5	13.0	cdf	11.5
21	142.5	31.0	cdf	32.5
21	45.0	10.5	cdf	12.0
21	7.5	6.0	cdf	5.5
21	90.0	22.0	cdf	22.0
21	45.0	9.0	cdf	12.0
21	142.5	30.0	cdf	32.5
21	105.0	28.0	cdf	28.0
21	127.5	30.0	cdf	31.5
21	135.0	17.5	cdf	32.0
21	97.5	26.0	cdf	25.5
21	165.0	33.5	cdf	36.0
21	157.5	33.0	cdf	34.0
21	30.0	14.5	cdf	11.0
21	22.5	8.0	cdf	10.0
21	60.0	13.5	cdf	13.0
21	52.5	13.0	cdf	12.5
21	112.5	29.5	cdf	30.0
21	37.5	12.5	cdf	11.5
21	150.0	34.5	cdf	33.0
21	82.5	20.0	cdf	18.5
21	67.5	11.0	cdf	14.0
21	90.0	22.0	cdf	22.0
21	7.5	6.0	cdf	5.5
21	120.0	30.5	cdf	31.0
21	15.0	7.5	cdf	8.0
21	75.0	14.5	cdf	16.0
21	172.5	38.5	cdf	38.5
21	150.0	31.5	cdf	33.0
21	60.0	13.5	cdf	13.0
21	37.5	10.0	cdf	11.5
21	15.0	10.0	cdf	8.0
21	30.0	8.0	cdf	11.0
21	82.5	18.0	cdf	18.5
21	105.0	25.0	cdf	28.0
21	172.5	38.5	cdf	38.5
21	7.5	5.5	cdf	5.5
21	22.5	8.5	cdf	10.0
21	120.0	33.0	cdf	31.0
21	135.0	30.5	cdf	32.0
21	75.0	18.0	cdf	16.0
21	67.5	11.0	cdf	14.0
21	52.5	10.0	cdf	12.5
21	157.5	33.0	cdf	34.0
21	112.5	29.5	cdf	30.0
21	45.0	11.5	cdf	12.0
21	165.0	37.0	cdf	36.0
21	142.5	33.0	cdf	32.5
21	90.0	22.0	cdf	22.0
21	97.5	25.5	cdf	25.5
21	127.5	35.5	cdf	31.5
21	150.0	31.5	cdf	33.0
21	52.5	11.0	cdf	12.5
21	22.5	11.5	cdf	10.0
21	157.5	36.0	cdf	34.0
21	37.5	4.5	cdf	11.5
21	82.5	18.5	cdf	18.5
21	67.5	11.0	cdf	14.0
21	105.0	28.0	cdf	28.0
21	142.5	32.0	cdf	32.5
21	15.0	9.0	cdf	8.0
21	165.0	34.5	cdf	36.0
21	7.5	7.0	cdf	5.5
21	45.0	8.0	cdf	12.0
21	172.5	36.5	cdf	38.5
21	127.5	34.0	cdf	31.5
21	30.0	10.5	cdf	11.0
21	75.0	19.5	cdf	16.0
21	97.5	29.0	cdf	25.5
21	90.0	21.0	cdf	22.0
21	60.0	11.5	cdf	13.0
21	112.5	30.0	cdf	30.0
21	120.0	32.0	cdf	31.0
21	67.5	15.0	cdf	14.0
21	22.5	10.0	cdf	10.0
21	52.5	10.5	cdf	12.5
21	97.5	24.5	cdf	25.5
21	165.0	34.0	cdf	36.0
21	15.0	8.5	cdf	8.0
21	37.5	11.0	cdf	11.5
21	157.5	11.5	cdf	34.0
21	127.5	30.5	cdf	31.5
21	142.5	36.0	cdf	32.5
21	7.5	5.0	cdf	5.5
21	82.5	16.5	cdf	18.5
21	75.0	17.0	cdf	16.0
21	60.0	10.0	cdf	13.0
21	135.0	30.5	cdf	32.0
21	45.0	13.5	cdf	12.0
21	105.0	28.0	cdf	28.0
21	30.0	10.0	cdf	11.0
21	150.0	36.5	cdf	33.0
21	120.0	28.0	cdf	31.0
21	172.5	38.0	cdf	38.5
21	90.0	22.0	cdf	22.0
21	135.0	31.5	cdf	32.0
21	127.5	31.0	cdf	31.5
21	22.5	10.5	cdf	10.0
21	67.5	16.0	cdf	14.0
21	172.5	38.5	cdf	38.5
21	142.5	34.5	cdf	32.5
21	157.5	35.5	cdf	34.0
21	105.0	28.5	cdf	28.0
21	150.0	35.0	cdf	33.0
21	165.0	33.5	cdf	36.0
21	60.0	12.0	cdf	13.0
21	97.5	25.5	cdf	25.5
21	75.0	18.0	cdf	16.0
21	120.0	30.5	cdf	31.0
21	82.5	19.0	cdf	18.5
21	37.5	10.5	cdf	11.5
21	90.0	23.0	cdf	22.0
21	30.0	23.0	cdf	11.0
21	52.5	9.0	cdf	12.5
21	45.0	11.0	cdf	12.0
21	112.5	29.0	cdf	30.0
21	15.0	9.5	cdf	8.0
21	7.5	4.5	cdf	5.5
21	112.5	29.5	cdf	30.0
21	37.5	9.0	cdf	11.5
21	127.5	28.5	cdf	31.5
21	30.0	12.5	cdf	11.0
21	135.0	29.5	cdf	32.0
21	52.5	12.5	cdf	12.5
21	7.5	7.5	cdf	5.5
21	157.5	31.5	cdf	34.0
21	120.0	29.5	cdf	31.0
21	75.0	19.0	cdf	16.0
21	105.0	24.5	cdf	28.0
21	150.0	36.0	cdf	33.0
21	45.0	14.5	cdf	12.0
21	60.0	12.0	cdf	13.0
21	15.0	10.0	cdf	8.0
21	67.5	19.0	cdf	14.0
21	165.0	28.0	cdf	36.0
21	82.5	19.0	cdf	18.5
21	142.5	34.5	cdf	32.5
21	172.5	37.5	cdf	38.5
21	90.0	22.0	cdf	22.0
21	97.5	26.0	cdf	25.5
21	22.5	11.5	cdf	10.0
21	82.5	20.0	cdf	18.5
21	172.5	38.5	cdf	38.5
21	75.0	21.0	cdf	16.0
21	112.5	28.0	cdf	30.0
21	7.5	7.5	cdf	5.5
21	37.5	10.0	cdf	11.5
21	45.0	10.0	cdf	12.0
21	105.0	26.5	cdf	28.0
21	150.0	34.5	cdf	33.0
21	157.5	35.5	cdf	34.0
21	135.0	31.0	cdf	32.0
21	30.0	12.0	cdf	11.0
21	67.5	17.5	cdf	14.0
21	120.0	30.0	cdf	31.0
21	15.0	17.0	cdf	8.0
21	22.5	14.0	cdf	10.0
21	52.5	12.0	cdf	12.5
21	97.5	25.5	cdf	25.5
21	142.5	32.5	cdf	32.5
21	60.0	12.0	cdf	13.0
21	90.0	21.5	cdf	22.0
21	165.0	37.0	cdf	36.0
21	127.5	27.5	cdf	31.5
22	30.0	12.5	cdf	11.0
22	45.0	14.0	cdf	12.0
22	112.5	29.0	cdf	30.0
22	22.5	10.0	cdf	10.0
22	90.0	22.0	cdf	22.0
22	142.5	32.0	cdf	32.5
22	52.5	12.5	cdf	12.5
22	157.5	36.0	cdf	34.0
22	15.0	9.0	cdf	8.0
22	37.5	12.5	cdf	11.5
22	67.5	18.5	cdf	14.0
22	82.5	18.0	cdf	18.5
22	165.0	36.0	cdf	36.0
22	127.5	32.5	cdf	31.5
22	150.0	34.0	cdf	33.0
22	105.0	28.5	cdf	28.0
22	97.5	24.0	cdf	25.5
22	75.0	14.0	cdf	16.0
22	120.0	30.0	cdf	31.0
22	90.0	22.0	cdf	22.0
22	60.0	14.0	cdf	13.0
22	165.0	39.0	cdf	36.0
22	135.0	28.5	cdf	32.0
22	82.5	18.5	cdf	18.5
22	67.5	16.0	cdf	14.0
22	127.5	26.5	cdf	31.5
22	15.0	9.0	cdf	8.0
22	52.5	13.5	cdf	12.5
22	172.5	39.5	cdf	38.5
22	97.5	24.5	cdf	25.5
22	157.5	27.0	cdf	34.0
22	105.0	24.0	cdf	28.0
22	150.0	34.5	cdf	33.0
22	75.0	18.0	cdf	16.0
22	7.5	5.5	cdf	5.5
22	112.5	28.0	cdf	30.0
22	120.0	25.0	cdf	31.0
22	142.5	30.5	cdf	32.5
22	22.5	10.5	cdf	10.0
22	67.5	17.5	cdf	14.0
22	82.5	18.5	cdf	18.5
22	60.0	17.0	cdf	13.0
22	90.0	22.0	cdf	22.0
22	75.0	16.5	cdf	16.0
22	172.5	39.5	cdf	38.5
22	142.5	32.5	cdf	32.5
22	37.5	10.5	cdf	11.5
22	22.5	8.0	cdf	10.0
22	120.0	31.0	cdf	31.0
22	52.5	15.5	cdf	12.5
22	97.5	24.0	cdf	25.5
22	165.0	37.0	cdf	36.0
22	135.0	32.5	cdf	32.0
22	150.0	34.0	cdf	33.0
22	15.0	8.0	cdf	8.0
22	112.5	26.0	cdf	30.0
22	45.0	14.0	cdf	12.0
22	105.0	26.0	cdf	28.0
22	30.0	11.5	cdf	11.0
22	157.5	36.0	cdf	34.0
22	127.5	27.5	cdf	31.5
22	142.5	32.0	cdf	32.5
22	60.0	17.0	cdf	13.0
22	45.0	14.5	cdf	12.0
22	97.5	24.0	cdf	25.5
22	112.5	24.0	cdf	30.0
22	90.0	22.0	cdf	22.0
22	105.0	24.0	cdf	28.0
22	37.5	12.5	cdf	11.5
22	67.5	16.0	cdf	14.0
22	165.0	38.5	cdf	36.0
22	120.0	24.0	cdf	31.0
22	150.0	33.0	cdf	33.0
22	127.5	29.5	cdf	31.5
22	157.5	37.0	cdf	34.0
22	135.0	32.0	cdf	32.0
22	52.5	12.5	cdf	12.5
22	172.5	23.5	cdf	38.5
22	22.5	10.0	cdf	10.0
22	30.0	8.5	cdf	11.0
22	82.5	18.5	cdf	18.5
22	75.0	19.0	cdf	16.0
22	15.0	5.5	cdf	8.0
22	7.5	5.5	cdf	5.5
22	60.0	17.5	cdf	13.0
22	22.5	10.0	cdf	10.0
22	127.5	32.0	cdf	31.5
22	142.5	32.5	cdf	32.5
22	112.5	25.5	cdf	30.0
22	157.5	36.0	cdf	34.0
22	135.0	33.5	cdf	32.0
22	52.5	18.0	cdf	12.5
22	150.0	15.5	cdf	33.0
22	37.5	17.0	cdf	11.5
22	45.0	16.0	cdf	12.0
22	90.0	22.5	cdf	22.0
22	75.0	18.5	cdf	16.0
22	165.0	38.5	cdf	36.0
22	105.0	25.0	cdf	28.0
22	172.5	38.5	cdf	38.5
22	30.0	12.0	cdf	11.0
22	67.5	16.0	cdf	14.0
22	15.0	8.0	cdf	8.0
22	97.5	24.0	cdf	25.5
22	120.0	28.0	cdf	31.0
22	7.5	5.5	cdf	5.5
22	157.5	34.0	cdf	34.0
22	120.0	23.5	cdf	31.0
22	165.0	37.0	cdf	36.0
22	142.5	25.5	cdf	32.5
22	82.5	18.5	cdf	18.5
22	67.5	15.0	cdf	14.0
22	97.5	23.5	cdf	25.5
22	135.0	26.5	cdf	32.0
22	15.0	10.0	cdf	8.0
22	105.0	28.0	cdf	28.0
22	37.5	12.5	cdf	11.5
22	150.0	31.5	cdf	33.0
22	30.0	9.5	cdf	11.0
22	127.5	26.0	cdf	31.5
22	52.5	12.5	cdf	12.5
22	45.0	12.5	cdf	12.0
22	90.0	22.0	cdf	22.0
22	60.0	18.0	cdf	13.0
22	22.5	7.0	cdf	10.0
22	172.5	33.5	cdf	38.5
22	112.5	26.5	cdf	30.0
22	67.5	16.5	cdf	14.0
22	45.0	12.5	cdf	12.0
22	142.5	32.5	cdf	32.5
22	90.0	22.0	cdf	22.0
22	22.5	6.0	cdf	10.0
22	135.0	28.5	cdf	32.0
22	37.5	10.5	cdf	11.5
22	127.5	26.0	cdf	31.5
22	52.5	18.0	cdf	12.5
22	60.0	15.5	cdf	13.0
22	15.0	6.5	cdf	8.0
22	105.0	25.0	cdf	28.0
22	75.0	18.5	cdf	16.0
22	165.0	38.0	cdf	36.0
22	97.5	24.5	cdf	25.5
22	157.5	36.5	cdf	34.0
22	82.5	17.5	cdf	18.5
22	30.0	13.5	cdf	11.0
22	150.0	29.0	cdf	33.0
22	120.0	27.5	cdf	31.0
22	157.5	33.0	cdf	34.0
22	112.5	25.0	cdf	30.0
22	142.5	31.0	cdf	32.5
22	30.0	10.5	cdf	11.0
22	67.5	17.0	cdf	14.0
22	150.0	32.5	cdf	33.0
22	15.0	6.5	cdf	8.0
22	90.0	22.0	cdf	22.0
22	97.5	22.5	cdf	25.5
22	75.0	19.0	cdf	16.0
22	165.0	38.0	cdf	36.0
22	172.5	38.5	cdf	38.5
22	105.0	22.5	cdf	28.0
22	120.0	26.0	cdf	31.0
22	22.5	14.0	cdf	10.0
22	82.5	18.0	cdf	18.5
22	7.5	5.5	cdf	5.5
22	127.5	28.5	cdf	31.5
22	45.0	12.5	cdf	12.0
22	60.0	13.0	cdf	13.0
22	37.5	11.0	cdf	11.5
22	120.0	28.0	inverse_cdf	25.5
22	97.5	23.0	inverse_cdf	22.5
22	105.0	23.0	inverse_cdf	23.0
22	90.0	22.0	inverse_cdf	22.0
22	150.0	31.5	inverse_cdf	39.0
22	172.5	41.5	inverse_cdf	41.5
22	52.5	16.5	inverse_cdf	16.0
22	30.0	11.5	inverse_cdf	5.0
22	157.5	32.5	inverse_cdf	40.0
22	142.5	26.5	inverse_cdf	36.5
22	67.5	15.0	inverse_cdf	20.0
22	97.5	23.0	inverse_cdf	22.5
22	37.5	11.0	inverse_cdf	7.5
22	150.0	32.0	inverse_cdf	39.0
22	165.0	41.0	inverse_cdf	41.0
22	105.0	23.0	inverse_cdf	23.0
22	45.0	16.0	inverse_cdf	11.5
22	15.0	3.0	inverse_cdf	3.0
22	127.5	29.0	inverse_cdf	28.0
22	90.0	22.5	inverse_cdf	22.0
22	120.0	25.5	inverse_cdf	25.5
22	7.5	3.0	inverse_cdf	2.5
22	172.5	41.0	inverse_cdf	41.5
22	30.0	11.5	inverse_cdf	5.0
22	52.5	16.0	inverse_cdf	16.0
22	135.0	33.0	inverse_cdf	32.5
22	112.5	24.0	inverse_cdf	24.0
22	142.5	33.5	inverse_cdf	36.5
22	22.5	8.5	inverse_cdf	4.0
22	142.5	25.5	inverse_cdf	36.5
22	7.5	3.0	inverse_cdf	2.5
22	120.0	24.5	inverse_cdf	25.5
22	135.0	25.0	inverse_cdf	32.5
22	82.5	20.5	inverse_cdf	21.5
22	150.0	35.0	inverse_cdf	39.0
22	172.5	41.5	inverse_cdf	41.5
22	165.0	33.0	inverse_cdf	41.0
22	15.0	4.5	inverse_cdf	3.0
22	157.5	25.5	inverse_cdf	40.0
22	45.0	11.5	inverse_cdf	11.5
22	30.0	8.0	inverse_cdf	5.0
22	67.5	19.5	inverse_cdf	20.0
22	127.5	25.5	inverse_cdf	28.0
22	105.0	23.0	inverse_cdf	23.0
22	90.0	22.0	inverse_cdf	22.0
22	60.0	18.5	inverse_cdf	18.5
22	112.5	23.5	inverse_cdf	24.0
22	52.5	16.5	inverse_cdf	16.0
22	112.5	23.5	inverse_cdf	24.0
22	135.0	29.0	inverse_cdf	32.5
22	22.5	10.5	inverse_cdf	4.0
22	172.5	42.0	inverse_cdf	41.5
22	157.5	39.0	inverse_cdf	40.0
22	97.5	24.0	inverse_cdf	22.5
22	120.0	24.0	inverse_cdf	25.5
22	52.5	8.0	inverse_cdf	16.0
22	105.0	23.0	inverse_cdf	23.0
22	165.0	41.5	inverse_cdf	41.0
22	90.0	22.0	inverse_cdf	22.0
22	45.0	11.0	inverse_cdf	11.5
22	15.0	6.5	inverse_cdf	3.0
22	142.5	31.0	inverse_cdf	36.5
22	30.0	9.5	inverse_cdf	5.0
22	82.5	21.5	inverse_cdf	21.5
22	75.0	21.0	inverse_cdf	21.0
22	60.0	19.0	inverse_cdf	18.5
22	150.0	33.5	inverse_cdf	39.0
22	127.5	32.0	inverse_cdf	28.0
22	67.5	17.5	inverse_cdf	20.0
22	127.5	25.0	inverse_cdf	28.0
22	45.0	11.0	inverse_cdf	11.5
22	52.5	15.0	inverse_cdf	16.0
22	22.5	3.5	inverse_cdf	4.0
22	75.0	19.0	inverse_cdf	21.0
22	150.0	29.0	inverse_cdf	39.0
22	60.0	15.5	inverse_cdf	18.5
22	142.5	27.0	inverse_cdf	36.5
22	82.5	20.5	inverse_cdf	21.5
22	165.0	41.0	inverse_cdf	41.0
22	120.0	27.0	inverse_cdf	25.5
22	37.5	16.0	inverse_cdf	7.5
22	97.5	22.5	inverse_cdf	22.5
22	90.0	22.0	inverse_cdf	22.0
22	172.5	41.5	inverse_cdf	41.5
22	112.5	25.5	inverse_cdf	24.0
22	105.0	21.5	inverse_cdf	23.0
22	135.0	27.5	inverse_cdf	32.5
22	67.5	18.5	inverse_cdf	20.0
22	157.5	35.5	inverse_cdf	40.0
22	15.0	6.0	inverse_cdf	3.0
22	142.5	30.0	inverse_cdf	36.5
22	67.5	15.5	inverse_cdf	20.0
22	15.0	4.5	inverse_cdf	3.0
22	22.5	6.5	inverse_cdf	4.0
22	97.5	23.0	inverse_cdf	22.5
22	165.0	39.0	inverse_cdf	41.0
22	37.5	11.5	inverse_cdf	7.5
22	7.5	2.5	inverse_cdf	2.5
22	90.0	22.0	inverse_cdf	22.0
22	112.5	24.0	inverse_cdf	24.0
22	52.5	11.5	inverse_cdf	16.0
22	127.5	25.5	inverse_cdf	28.0
22	82.5	21.0	inverse_cdf	21.5
22	60.0	20.5	inverse_cdf	18.5
22	75.0	21.0	inverse_cdf	21.0
22	105.0	24.0	inverse_cdf	23.0
22	172.5	40.5	inverse_cdf	41.5
22	120.0	25.0	inverse_cdf	25.5
22	45.0	11.0	inverse_cdf	11.5
22	30.0	8.0	inverse_cdf	5.0
22	157.5	36.5	inverse_cdf	40.0
22	135.0	38.0	inverse_cdf	32.5
22	150.0	36.0	inverse_cdf	39.0
22	105.0	23.5	inverse_cdf	23.0
22	15.0	3.5	inverse_cdf	3.0
22	157.5	35.5	inverse_cdf	40.0
22	37.5	10.5	inverse_cdf	7.5
22	120.0	26.5	inverse_cdf	25.5
22	172.5	42.0	inverse_cdf	41.5
22	52.5	17.0	inverse_cdf	16.0
22	30.0	11.5	inverse_cdf	5.0
22	165.0	40.0	inverse_cdf	41.0
22	90.0	22.0	inverse_cdf	22.0
22	127.5	33.0	inverse_cdf	28.0
22	135.0	33.0	inverse_cdf	32.5
22	60.0	17.0	inverse_cdf	18.5
22	112.5	25.0	inverse_cdf	24.0
22	150.0	40.0	inverse_cdf	39.0
22	97.5	23.0	inverse_cdf	22.5
22	67.5	17.5	inverse_cdf	20.0
22	22.5	7.0	inverse_cdf	4.0
22	142.5	26.0	inverse_cdf	36.5
22	82.5	21.0	inverse_cdf	21.5
22	75.0	19.5	inverse_cdf	21.0
22	45.0	16.0	inverse_cdf	11.5
22	172.5	42.0	inverse_cdf	41.5
22	120.0	25.5	inverse_cdf	25.5
22	52.5	18.5	inverse_cdf	16.0
22	135.0	28.5	inverse_cdf	32.5
22	60.0	17.0	inverse_cdf	18.5
22	37.5	16.0	inverse_cdf	7.5
22	142.5	26.0	inverse_cdf	36.5
22	7.5	3.5	inverse_cdf	2.5
22	97.5	22.0	inverse_cdf	22.5
22	67.5	18.5	inverse_cdf	20.0
22	90.0	22.5	inverse_cdf	22.0
22	150.0	32.5	inverse_cdf	39.0
22	112.5	26.5	inverse_cdf	24.0
22	30.0	11.0	inverse_cdf	5.0
22	22.5	8.5	inverse_cdf	4.0
22	157.5	40.0	inverse_cdf	40.0
22	165.0	42.0	inverse_cdf	41.0
22	15.0	10.0	inverse_cdf	3.0
22	75.0	21.0	inverse_cdf	21.0
22	45.0	16.5	inverse_cdf	11.5
22	127.5	24.0	inverse_cdf	28.0
22	82.5	21.0	inverse_cdf	21.5
22	105.0	24.0	inverse_cdf	23.0
23	30.0	7.5	inverse_cdf	5.0
23	165.0	40.0	inverse_cdf	41.0
23	142.5	26.0	inverse_cdf	36.5
23	60.0	12.5	inverse_cdf	18.5
23	67.5	19.0	inverse_cdf	20.0
23	120.0	24.0	inverse_cdf	25.5
23	45.0	4.0	inverse_cdf	11.5
23	150.0	24.5	inverse_cdf	39.0
23	37.5	5.5	inverse_cdf	7.5
23	97.5	23.0	inverse_cdf	22.5
23	22.5	5.0	inverse_cdf	4.0
23	75.0	19.0	inverse_cdf	21.0
23	52.5	6.5	inverse_cdf	16.0
23	172.5	41.5	inverse_cdf	41.5
23	135.0	25.0	inverse_cdf	32.5
23	157.5	35.5	inverse_cdf	40.0
23	90.0	22.5	inverse_cdf	22.0
23	112.5	23.5	inverse_cdf	24.0
23	67.5	17.0	inverse_cdf	20.0
23	142.5	24.5	inverse_cdf	36.5
23	15.0	3.5	inverse_cdf	3.0
23	60.0	19.0	inverse_cdf	18.5
23	30.0	5.5	inverse_cdf	5.0
23	112.5	23.5	inverse_cdf	24.0
23	157.5	39.5	inverse_cdf	40.0
23	165.0	39.5	inverse_cdf	41.0
23	22.5	3.5	inverse_cdf	4.0
23	75.0	21.0	inverse_cdf	21.0
23	52.5	3.5	inverse_cdf	16.0
23	120.0	24.0	inverse_cdf	25.5
23	105.0	23.5	inverse_cdf	23.0
23	127.5	34.0	inverse_cdf	28.0
23	37.5	7.0	inverse_cdf	7.5
23	97.5	23.0	inverse_cdf	22.5
23	45.0	5.0	inverse_cdf	11.5
23	150.0	32.5	inverse_cdf	39.0
23	172.5	42.0	inverse_cdf	41.5
23	82.5	21.0	inverse_cdf	21.5
23	45.0	8.0	inverse_cdf	11.5
23	22.5	2.0	inverse_cdf	4.0
23	127.5	25.0	inverse_cdf	28.0
23	142.5	29.5	inverse_cdf	36.5
23	82.5	21.0	inverse_cdf	21.5
23	7.5	2.5	inverse_cdf	2.5
23	135.0	34.5	inverse_cdf	32.5
23	15.0	5.5	inverse_cdf	3.0
23	172.5	40.5	inverse_cdf	41.5
23	90.0	22.0	inverse_cdf	22.0
23	67.5	25.5	inverse_cdf	20.0
23	157.5	33.0	inverse_cdf	40.0
23	105.0	23.5	inverse_cdf	23.0
23	97.5	23.5	inverse_cdf	22.5
23	120.0	24.5	inverse_cdf	25.5
23	30.0	4.0	inverse_cdf	5.0
23	150.0	33.0	inverse_cdf	39.0
23	37.5	7.0	inverse_cdf	7.5
23	112.5	23.0	inverse_cdf	24.0
23	52.5	8.5	inverse_cdf	16.0
23	15.0	2.5	inverse_cdf	3.0
23	22.5	4.0	inverse_cdf	4.0
23	82.5	20.5	inverse_cdf	21.5
23	120.0	26.5	inverse_cdf	25.5
23	172.5	23.0	inverse_cdf	41.5
23	142.5	36.0	inverse_cdf	36.5
23	150.0	35.5	inverse_cdf	39.0
23	45.0	7.5	inverse_cdf	11.5
23	67.5	21.0	inverse_cdf	20.0
23	60.0	18.5	inverse_cdf	18.5
23	52.5	8.5	inverse_cdf	16.0
23	112.5	25.0	inverse_cdf	24.0
23	157.5	35.5	inverse_cdf	40.0
23	7.5	2.5	inverse_cdf	2.5
23	97.5	22.0	inverse_cdf	22.5
23	75.0	19.5	inverse_cdf	21.0
23	90.0	21.5	inverse_cdf	22.0
23	105.0	24.5	inverse_cdf	23.0
23	127.5	30.0	inverse_cdf	28.0
23	165.0	39.0	inverse_cdf	41.0
23	30.0	6.5	inverse_cdf	5.0
23	37.5	11.5	inverse_cdf	7.5
23	135.0	36.0	inverse_cdf	32.5
23	37.5	5.5	inverse_cdf	7.5
23	75.0	21.5	inverse_cdf	21.0
23	112.5	24.5	inverse_cdf	24.0
23	120.0	31.0	inverse_cdf	25.5
23	52.5	6.0	inverse_cdf	16.0
23	90.0	21.5	inverse_cdf	22.0
23	172.5	41.0	inverse_cdf	41.5
23	82.5	21.0	inverse_cdf	21.5
23	30.0	5.0	inverse_cdf	5.0
23	142.5	41.0	inverse_cdf	36.5
23	157.5	18.5	inverse_cdf	40.0
23	105.0	23.5	inverse_cdf	23.0
23	127.5	34.5	inverse_cdf	28.0
23	15.0	5.0	inverse_cdf	3.0
23	165.0	39.5	inverse_cdf	41.0
23	60.0	11.0	inverse_cdf	18.5
23	22.5	3.0	inverse_cdf	4.0
23	97.5	24.0	inverse_cdf	22.5
23	67.5	11.5	inverse_cdf	20.0
23	7.5	4.0	inverse_cdf	2.5
23	45.0	18.5	inverse_cdf	11.5
23	52.5	4.5	inverse_cdf	16.0
23	165.0	39.5	inverse_cdf	41.0
23	90.0	22.0	inverse_cdf	22.0
23	45.0	15.5	inverse_cdf	11.5
23	30.0	15.0	inverse_cdf	5.0
23	135.0	33.0	inverse_cdf	32.5
23	150.0	27.5	inverse_cdf	39.0
23	15.0	4.5	inverse_cdf	3.0
23	157.5	41.0	inverse_cdf	40.0
23	105.0	24.0	inverse_cdf	23.0
23	75.0	5.0	inverse_cdf	21.0
23	82.5	20.5	inverse_cdf	21.5
23	120.0	24.5	inverse_cdf	25.5
23	97.5	24.5	inverse_cdf	22.5
23	142.5	35.0	inverse_cdf	36.5
23	7.5	16.0	inverse_cdf	2.5
23	67.5	14.0	inverse_cdf	20.0
23	22.5	6.0	inverse_cdf	4.0
23	37.5	7.0	inverse_cdf	7.5
23	112.5	29.0	inverse_cdf	24.0
23	172.5	42.0	inverse_cdf	41.5
23	15.0	5.0	inverse_cdf	3.0
23	157.5	32.0	inverse_cdf	40.0
23	165.0	42.0	inverse_cdf	41.0
23	45.0	11.5	inverse_cdf	11.5
23	135.0	23.0	inverse_cdf	32.5
23	82.5	21.0	inverse_cdf	21.5
23	37.5	8.0	inverse_cdf	7.5
23	105.0	23.5	inverse_cdf	23.0
23	22.5	4.0	inverse_cdf	4.0
23	142.5	37.0	inverse_cdf	36.5
23	75.0	23.0	inverse_cdf	21.0
23	67.5	16.5	inverse_cdf	20.0
23	97.5	23.0	inverse_cdf	22.5
23	172.5	42.0	inverse_cdf	41.5
23	52.5	18.0	inverse_cdf	16.0
23	7.5	2.5	inverse_cdf	2.5
23	90.0	22.0	inverse_cdf	22.0
23	127.5	25.5	inverse_cdf	28.0
23	30.0	4.0	inverse_cdf	5.0
23	60.0	11.5	inverse_cdf	18.5
23	112.5	24.5	inverse_cdf	24.0
23	120.0	25.0	inverse_cdf	25.5
23	7.5	2.5	inverse_cdf	2.5
23	30.0	5.0	inverse_cdf	5.0
23	150.0	27.0	inverse_cdf	39.0
23	52.5	14.0	inverse_cdf	16.0
23	37.5	7.0	inverse_cdf	7.5
23	67.5	16.0	inverse_cdf	20.0
23	112.5	25.0	inverse_cdf	24.0
23	82.5	18.0	inverse_cdf	21.5
23	45.0	11.0	inverse_cdf	11.5
23	97.5	24.0	inverse_cdf	22.5
23	22.5	3.5	inverse_cdf	4.0
23	120.0	33.0	inverse_cdf	25.5
23	15.0	3.5	inverse_cdf	3.0
23	60.0	8.0	inverse_cdf	18.5
23	172.5	42.0	inverse_cdf	41.5
23	157.5	41.5	inverse_cdf	40.0
23	165.0	40.0	inverse_cdf	41.0
23	75.0	20.5	inverse_cdf	21.0
23	105.0	24.0	inverse_cdf	23.0
23	135.0	33.5	inverse_cdf	32.5
23	127.5	35.5	inverse_cdf	28.0
23	142.5	36.5	inverse_cdf	36.5
23	37.5	11.0	cdf	11.5
23	15.0	4.0	cdf	8.0
23	90.0	22.0	cdf	22.0
23	75.0	11.0	cdf	16.0
23	45.0	10.0	cdf	12.0
23	120.0	31.0	cdf	31.0
23	157.5	36.0	cdf	34.0
23	22.5	10.0	cdf	10.0
23	60.0	10.0	cdf	13.0
23	15.0	9.0	cdf	8.0
23	52.5	14.5	cdf	12.5
23	37.5	14.0	cdf	11.5
23	60.0	16.0	cdf	13.0
23	75.0	18.5	cdf	16.0
23	112.5	25.0	cdf	30.0
23	67.5	16.0	cdf	14.0
23	120.0	30.0	cdf	31.0
23	45.0	13.0	cdf	12.0
23	165.0	35.0	cdf	36.0
23	30.0	9.5	cdf	11.0
23	97.5	25.0	cdf	25.5
23	105.0	25.5	cdf	28.0
23	22.5	9.0	cdf	10.0
23	90.0	22.0	cdf	22.0
23	90.0	22.0	cdf	22.0
23	112.5	28.0	cdf	30.0
23	82.5	19.5	cdf	18.5
23	75.0	18.5	cdf	16.0
23	67.5	14.0	cdf	14.0
23	142.5	33.0	cdf	32.5
23	7.5	5.5	cdf	5.5
23	165.0	38.5	cdf	36.0
23	105.0	28.5	cdf	28.0
23	127.5	34.0	cdf	31.5
23	157.5	34.5	cdf	34.0
23	97.5	25.0	cdf	25.5
23	30.0	11.0	cdf	11.0
23	172.5	38.5	cdf	38.5
23	15.0	8.0	cdf	8.0
23	45.0	13.5	cdf	12.0
23	120.0	32.0	cdf	31.0
23	150.0	36.0	cdf	33.0
23	37.5	10.5	cdf	11.5
23	67.5	13.5	cdf	14.0
23	75.0	19.0	cdf	16.0
23	142.5	34.5	cdf	32.5
23	105.0	24.0	cdf	28.0
23	30.0	9.0	cdf	11.0
23	157.5	31.5	cdf	34.0
23	120.0	30.0	cdf	31.0
23	112.5	33.0	cdf	30.0
23	37.5	15.0	cdf	11.5
23	82.5	19.0	cdf	18.5
23	97.5	26.0	cdf	25.5
23	15.0	5.5	cdf	8.0
23	45.0	10.5	cdf	12.0
23	60.0	12.0	cdf	13.0
23	52.5	8.5	cdf	12.5
23	150.0	31.0	cdf	33.0
23	90.0	22.5	cdf	22.0
23	7.5	5.0	cdf	5.5
23	127.5	32.0	cdf	31.5
23	165.0	35.0	cdf	36.0
23	97.5	26.0	cdf	25.5
23	150.0	37.5	cdf	33.0
23	112.5	31.5	cdf	30.0
23	75.0	10.5	cdf	16.0
23	82.5	18.5	cdf	18.5
23	165.0	38.0	cdf	36.0
23	172.5	38.5	cdf	38.5
23	52.5	12.5	cdf	12.5
23	90.0	22.0	cdf	22.0
23	127.5	32.0	cdf	31.5
23	60.0	12.0	cdf	13.0
23	157.5	36.5	cdf	34.0
23	15.0	8.0	cdf	8.0
23	67.5	12.0	cdf	14.0
23	7.5	5.5	cdf	5.5
23	135.0	34.5	cdf	32.0
23	45.0	15.0	cdf	12.0
23	142.5	34.5	cdf	32.5
23	30.0	8.5	cdf	11.0
23	120.0	33.5	cdf	31.0
23	22.5	8.5	cdf	10.0
23	105.0	25.0	cdf	28.0
23	37.5	13.5	cdf	11.5
23	165.0	36.0	cdf	36.0
23	15.0	10.0	cdf	8.0
23	7.5	5.5	cdf	5.5
23	97.5	25.0	cdf	25.5
23	52.5	13.5	cdf	12.5
23	172.5	38.5	cdf	38.5
23	112.5	34.0	cdf	30.0
23	90.0	22.0	cdf	22.0
23	75.0	19.5	cdf	16.0
23	67.5	17.0	cdf	14.0
23	157.5	35.5	cdf	34.0
23	120.0	34.5	cdf	31.0
23	30.0	8.0	cdf	11.0
23	150.0	36.0	cdf	33.0
23	82.5	19.0	cdf	18.5
23	135.0	34.0	cdf	32.0
23	105.0	30.0	cdf	28.0
23	22.5	7.5	cdf	10.0
23	45.0	10.5	cdf	12.0
23	142.5	35.0	cdf	32.5
23	127.5	33.5	cdf	31.5
23	60.0	13.5	cdf	13.0
23	37.5	10.0	cdf	11.5
23	15.0	8.5	cdf	8.0
23	45.0	10.0	cdf	12.0
23	112.5	35.5	cdf	30.0
23	165.0	38.0	cdf	36.0
23	7.5	5.5	cdf	5.5
23	157.5	39.0	cdf	34.0
23	135.0	35.5	cdf	32.0
23	67.5	14.0	cdf	14.0
23	60.0	12.5	cdf	13.0
23	82.5	18.0	cdf	18.5
23	30.0	9.5	cdf	11.0
23	75.0	19.5	cdf	16.0
23	105.0	24.0	cdf	28.0
23	22.5	10.5	cdf	10.0
23	150.0	30.5	cdf	33.0
23	120.0	33.0	cdf	31.0
23	90.0	21.5	cdf	22.0
23	172.5	38.0	cdf	38.5
23	52.5	14.0	cdf	12.5
23	127.5	31.5	cdf	31.5
23	97.5	25.0	cdf	25.5
23	37.5	8.0	cdf	11.5
23	97.5	25.0	cdf	25.5
23	82.5	14.5	cdf	18.5
23	75.0	16.5	cdf	16.0
23	157.5	36.0	cdf	34.0
23	22.5	14.0	cdf	10.0
23	150.0	36.0	cdf	33.0
23	45.0	11.0	cdf	12.0
23	30.0	8.5	cdf	11.0
23	37.5	31.0	cdf	11.5
23	15.0	7.0	cdf	8.0
23	165.0	30.0	cdf	36.0
23	60.0	11.0	cdf	13.0
23	52.5	12.0	cdf	12.5
23	135.0	31.0	cdf	32.0
23	142.5	32.0	cdf	32.5
24	22.5	11.5	cdf	10.0
24	157.5	33.0	cdf	34.0
24	135.0	31.5	cdf	32.0
24	75.0	14.5	cdf	16.0
24	127.5	31.0	cdf	31.5
24	120.0	30.0	cdf	31.0
24	142.5	32.5	cdf	32.5
24	60.0	13.0	cdf	13.0
24	30.0	11.0	cdf	11.0
24	97.5	25.0	cdf	25.5
24	90.0	22.0	cdf	22.0
24	67.5	12.0	cdf	14.0
24	52.5	9.5	cdf	12.5
24	165.0	36.0	cdf	36.0
24	112.5	30.0	cdf	30.0
24	45.0	11.5	cdf	12.0
24	172.5	39.0	cdf	38.5
24	7.5	5.5	cdf	5.5
24	150.0	32.5	cdf	33.0
24	105.0	28.0	cdf	28.0
24	37.5	11.5	cdf	11.5
24	82.5	18.5	cdf	18.5
24	105.0	28.0	cdf	28.0
24	82.5	18.5	cdf	18.5
24	172.5	38.5	cdf	38.5
24	7.5	5.5	cdf	5.5
24	22.5	8.5	cdf	10.0
24	135.0	32.0	cdf	32.0
24	67.5	18.0	cdf	14.0
24	52.5	12.0	cdf	12.5
24	165.0	35.0	cdf	36.0
24	120.0	31.5	cdf	31.0
24	112.5	30.0	cdf	30.0
24	30.0	10.0	cdf	11.0
24	90.0	22.0	cdf	22.0
24	142.5	34.5	cdf	32.5
24	97.5	25.0	cdf	25.5
24	37.5	11.0	cdf	11.5
24	60.0	12.5	cdf	13.0
24	75.0	16.5	cdf	16.0
24	157.5	36.0	cdf	34.0
24	127.5	32.0	cdf	31.5
24	45.0	12.0	cdf	12.0
24	15.0	8.0	cdf	8.0
24	30.0	11.0	cdf	11.0
24	112.5	28.5	cdf	30.0
24	22.5	8.5	cdf	10.0
24	52.5	12.5	cdf	12.5
24	105.0	26.0	cdf	28.0
24	90.0	22.0	cdf	22.0
24	82.5	18.5	cdf	18.5
24	60.0	13.0	cdf	13.0
24	7.5	5.5	cdf	5.5
24	172.5	33.0	cdf	38.5
24	45.0	12.5	cdf	12.0
24	75.0	16.0	cdf	16.0
24	135.0	32.0	cdf	32.0
24	15.0	6.0	cdf	8.0
24	120.0	31.0	cdf	31.0
24	67.5	14.0	cdf	14.0
24	97.5	25.5	cdf	25.5
24	165.0	36.0	cdf	36.0
24	150.0	34.0	cdf	33.0
24	37.5	11.5	cdf	11.5
24	157.5	36.0	cdf	34.0
24	142.5	29.0	cdf	32.5
24	22.5	10.5	cdf	10.0
24	157.5	36.5	cdf	34.0
24	30.0	11.0	cdf	11.0
24	172.5	37.5	cdf	38.5
24	7.5	4.0	cdf	5.5
24	105.0	23.5	cdf	28.0
24	142.5	32.0	cdf	32.5
24	127.5	30.5	cdf	31.5
24	52.5	12.0	cdf	12.5
24	90.0	23.0	cdf	22.0
24	15.0	5.5	cdf	8.0
24	150.0	34.0	cdf	33.0
24	82.5	18.5	cdf	18.5
24	60.0	12.5	cdf	13.0
24	67.5	14.0	cdf	14.0
24	75.0	16.0	cdf	16.0
24	120.0	31.5	cdf	31.0
24	112.5	29.5	cdf	30.0
24	97.5	25.5	cdf	25.5
24	165.0	35.0	cdf	36.0
24	135.0	32.0	cdf	32.0
24	45.0	11.0	cdf	12.0
24	150.0	34.0	cdf	33.0
24	135.0	32.0	cdf	32.0
24	120.0	31.0	cdf	31.0
24	22.5	10.0	cdf	10.0
24	165.0	38.5	cdf	36.0
24	157.5	36.5	cdf	34.0
24	75.0	16.0	cdf	16.0
24	112.5	28.0	cdf	30.0
24	15.0	5.5	cdf	8.0
24	82.5	18.5	cdf	18.5
24	7.5	5.5	cdf	5.5
24	142.5	33.0	cdf	32.5
24	60.0	13.0	cdf	13.0
24	37.5	11.5	cdf	11.5
24	45.0	12.0	cdf	12.0
24	105.0	28.0	cdf	28.0
24	97.5	25.5	cdf	25.5
24	67.5	14.0	cdf	14.0
24	90.0	22.0	cdf	22.0
24	172.5	36.5	cdf	38.5
24	52.5	13.5	cdf	12.5
24	127.5	29.5	cdf	31.5
24	60.0	13.0	cdf	13.0
24	135.0	32.0	cdf	32.0
24	150.0	35.5	cdf	33.0
24	105.0	25.0	cdf	28.0
24	52.5	12.5	cdf	12.5
24	142.5	34.5	cdf	32.5
24	120.0	30.0	cdf	31.0
24	127.5	30.5	cdf	31.5
24	15.0	5.5	cdf	8.0
24	45.0	12.0	cdf	12.0
24	82.5	17.5	cdf	18.5
24	7.5	5.5	cdf	5.5
24	157.5	35.0	cdf	34.0
24	112.5	30.5	cdf	30.0
24	97.5	26.0	cdf	25.5
24	37.5	12.5	cdf	11.5
24	172.5	38.5	cdf	38.5
24	22.5	10.5	cdf	10.0
24	75.0	16.0	cdf	16.0
24	165.0	36.5	cdf	36.0
24	90.0	22.0	cdf	22.0
24	67.5	11.0	cdf	14.0
24	30.0	11.0	cdf	11.0
24	165.0	33.0	cdf	36.0
24	82.5	18.5	cdf	18.5
24	30.0	11.5	cdf	11.0
24	120.0	29.0	cdf	31.0
24	60.0	12.5	cdf	13.0
24	67.5	13.0	cdf	14.0
24	75.0	13.5	cdf	16.0
24	37.5	11.0	cdf	11.5
24	7.5	5.0	cdf	5.5
24	105.0	28.0	cdf	28.0
24	172.5	37.5	cdf	38.5
24	127.5	32.5	cdf	31.5
24	142.5	34.0	cdf	32.5
24	112.5	30.0	cdf	30.0
24	45.0	12.5	cdf	12.0
24	135.0	31.5	cdf	32.0
24	150.0	34.0	cdf	33.0
24	90.0	22.0	cdf	22.0
24	52.5	12.5	cdf	12.5
24	15.0	7.5	cdf	8.0
24	97.5	25.5	cdf	25.5
24	22.5	11.0	cdf	10.0
24	157.5	36.0	cdf	34.0
24	67.5	14.0	cdf	14.0
24	30.0	11.0	cdf	11.0
24	157.5	37.5	cdf	34.0
24	45.0	11.0	cdf	12.0
24	52.5	12.0	cdf	12.5
24	112.5	28.0	cdf	30.0
24	37.5	11.0	cdf	11.5
24	82.5	18.5	cdf	18.5
24	172.5	37.0	cdf	38.5
24	7.5	5.5	cdf	5.5
24	90.0	22.0	cdf	22.0
24	105.0	29.5	cdf	28.0
24	165.0	36.0	cdf	36.0
24	120.0	31.5	cdf	31.0
24	150.0	35.5	cdf	33.0
24	127.5	32.0	cdf	31.5
24	15.0	5.5	cdf	8.0
24	60.0	12.5	cdf	13.0
24	22.5	10.5	cdf	10.0
24	75.0	15.5	cdf	16.0
24	97.5	25.5	cdf	25.5
24	142.5	32.0	cdf	32.5
24	135.0	32.5	cdf	32.0
24	142.5	38.0	inverse_cdf	36.5
24	15.0	2.5	inverse_cdf	3.0
24	97.5	22.5	inverse_cdf	22.5
24	157.5	38.5	inverse_cdf	40.0
24	37.5	7.5	inverse_cdf	7.5
24	82.5	21.0	inverse_cdf	21.5
24	67.5	20.0	inverse_cdf	20.0
24	120.0	25.5	inverse_cdf	25.5
24	90.0	22.0	inverse_cdf	22.0
24	127.5	28.0	inverse_cdf	28.0
24	135.0	32.5	inverse_cdf	32.5
24	165.0	40.0	inverse_cdf	41.0
24	75.0	20.5	inverse_cdf	21.0
24	105.0	23.5	inverse_cdf	23.0
24	22.5	4.0	inverse_cdf	4.0
24	172.5	41.5	inverse_cdf	41.5
24	112.5	25.0	inverse_cdf	24.0
24	52.5	11.0	inverse_cdf	16.0
24	60.0	16.0	inverse_cdf	18.5
24	7.5	2.5	inverse_cdf	2.5
24	45.0	11.5	inverse_cdf	11.5
24	150.0	39.0	inverse_cdf	39.0
24	105.0	23.5	inverse_cdf	23.0
24	127.5	28.0	inverse_cdf	28.0
24	82.5	21.0	inverse_cdf	21.5
24	30.0	5.0	inverse_cdf	5.0
24	15.0	3.0	inverse_cdf	3.0
24	165.0	40.0	inverse_cdf	41.0
24	7.5	2.5	inverse_cdf	2.5
24	60.0	16.0	inverse_cdf	18.5
24	45.0	10.5	inverse_cdf	11.5
24	90.0	22.0	inverse_cdf	22.0
24	135.0	33.0	inverse_cdf	32.5
24	22.5	4.0	inverse_cdf	4.0
24	120.0	25.5	inverse_cdf	25.5
24	150.0	40.0	inverse_cdf	39.0
24	157.5	40.0	inverse_cdf	40.0
24	97.5	22.5	inverse_cdf	22.5
24	142.5	32.5	inverse_cdf	36.5
24	172.5	41.0	inverse_cdf	41.5
24	37.5	8.0	inverse_cdf	7.5
24	75.0	20.0	inverse_cdf	21.0
24	67.5	20.0	inverse_cdf	20.0
24	82.5	21.5	inverse_cdf	21.5
24	45.0	11.5	inverse_cdf	11.5
24	15.0	4.0	inverse_cdf	3.0
24	60.0	18.5	inverse_cdf	18.5
24	135.0	32.5	inverse_cdf	32.5
24	150.0	39.0	inverse_cdf	39.0
24	52.5	15.5	inverse_cdf	16.0
24	37.5	7.0	inverse_cdf	7.5
24	105.0	23.0	inverse_cdf	23.0
24	112.5	25.5	inverse_cdf	24.0
24	127.5	27.5	inverse_cdf	28.0
24	165.0	41.0	inverse_cdf	41.0
24	120.0	25.5	inverse_cdf	25.5
24	22.5	4.0	inverse_cdf	4.0
24	7.5	2.0	inverse_cdf	2.5
24	30.0	7.5	inverse_cdf	5.0
24	142.5	32.5	inverse_cdf	36.5
24	67.5	20.0	inverse_cdf	20.0
24	157.5	40.0	inverse_cdf	40.0
24	172.5	41.0	inverse_cdf	41.5
24	75.0	20.5	inverse_cdf	21.0
24	97.5	23.0	inverse_cdf	22.5
24	90.0	22.0	inverse_cdf	22.0
24	120.0	28.5	inverse_cdf	25.5
24	127.5	28.0	inverse_cdf	28.0
24	97.5	22.0	inverse_cdf	22.5
24	15.0	3.0	inverse_cdf	3.0
24	37.5	7.5	inverse_cdf	7.5
24	60.0	16.5	inverse_cdf	18.5
24	52.5	16.5	inverse_cdf	16.0
24	150.0	39.0	inverse_cdf	39.0
24	142.5	36.0	inverse_cdf	36.5
24	67.5	18.5	inverse_cdf	20.0
24	112.5	24.0	inverse_cdf	24.0
24	157.5	39.5	inverse_cdf	40.0
24	172.5	40.5	inverse_cdf	41.5
24	135.0	32.5	inverse_cdf	32.5
24	30.0	7.5	inverse_cdf	5.0
24	75.0	20.5	inverse_cdf	21.0
24	7.5	2.5	inverse_cdf	2.5
24	90.0	22.5	inverse_cdf	22.0
24	45.0	11.5	inverse_cdf	11.5
24	82.5	22.0	inverse_cdf	21.5
24	105.0	23.0	inverse_cdf	23.0
24	165.0	40.0	inverse_cdf	41.0
24	22.5	4.0	inverse_cdf	4.0
24	45.0	11.5	inverse_cdf	11.5
24	112.5	24.0	inverse_cdf	24.0
24	52.5	15.5	inverse_cdf	16.0
24	15.0	2.5	inverse_cdf	3.0
24	90.0	22.0	inverse_cdf	22.0
24	135.0	32.5	inverse_cdf	32.5
24	82.5	21.5	inverse_cdf	21.5
24	165.0	40.0	inverse_cdf	41.0
24	37.5	5.0	inverse_cdf	7.5
24	157.5	39.0	inverse_cdf	40.0
24	67.5	17.5	inverse_cdf	20.0
24	150.0	36.5	inverse_cdf	39.0
24	97.5	22.5	inverse_cdf	22.5
24	127.5	33.0	inverse_cdf	28.0
24	172.5	40.5	inverse_cdf	41.5
24	75.0	19.5	inverse_cdf	21.0
24	120.0	28.0	inverse_cdf	25.5
24	60.0	16.0	inverse_cdf	18.5
24	7.5	2.5	inverse_cdf	2.5
24	30.0	7.5	inverse_cdf	5.0
24	142.5	32.0	inverse_cdf	36.5
24	22.5	5.0	inverse_cdf	4.0
24	135.0	32.0	inverse_cdf	32.5
24	142.5	36.0	inverse_cdf	36.5
24	45.0	11.5	inverse_cdf	11.5
24	30.0	4.5	inverse_cdf	5.0
24	90.0	22.0	inverse_cdf	22.0
24	60.0	15.5	inverse_cdf	18.5
24	67.5	18.0	inverse_cdf	20.0
24	82.5	21.5	inverse_cdf	21.5
24	37.5	7.0	inverse_cdf	7.5
24	127.5	28.0	inverse_cdf	28.0
24	52.5	16.0	inverse_cdf	16.0
24	157.5	40.0	inverse_cdf	40.0
24	120.0	26.0	inverse_cdf	25.5
24	112.5	25.5	inverse_cdf	24.0
24	7.5	2.5	inverse_cdf	2.5
24	15.0	2.5	inverse_cdf	3.0
24	22.5	4.5	inverse_cdf	4.0
24	97.5	22.5	inverse_cdf	22.5
24	75.0	20.5	inverse_cdf	21.0
24	150.0	39.0	inverse_cdf	39.0
24	172.5	40.5	inverse_cdf	41.5
24	105.0	23.0	inverse_cdf	23.0
24	172.5	40.5	inverse_cdf	41.5
24	60.0	18.5	inverse_cdf	18.5
24	120.0	27.5	inverse_cdf	25.5
24	105.0	23.0	inverse_cdf	23.0
24	127.5	28.0	inverse_cdf	28.0
24	37.5	11.5	inverse_cdf	7.5
24	75.0	20.0	inverse_cdf	21.0
24	135.0	32.0	inverse_cdf	32.5
24	150.0	39.0	inverse_cdf	39.0
24	82.5	21.5	inverse_cdf	21.5
24	142.5	36.0	inverse_cdf	36.5
24	97.5	22.0	inverse_cdf	22.5
24	90.0	22.0	inverse_cdf	22.0
24	157.5	40.0	inverse_cdf	40.0
24	7.5	2.5	inverse_cdf	2.5
24	165.0	39.0	inverse_cdf	41.0
24	30.0	7.5	inverse_cdf	5.0
24	15.0	4.0	inverse_cdf	3.0
24	45.0	11.5	inverse_cdf	11.5
24	67.5	20.0	inverse_cdf	20.0
24	112.5	24.0	inverse_cdf	24.0
24	52.5	16.0	inverse_cdf	16.0
24	22.5	5.0	inverse_cdf	4.0
24	105.0	24.0	inverse_cdf	23.0
24	82.5	21.0	inverse_cdf	21.5
24	60.0	16.0	inverse_cdf	18.5
24	52.5	16.0	inverse_cdf	16.0
24	135.0	32.0	inverse_cdf	32.5
24	7.5	2.5	inverse_cdf	2.5
24	67.5	18.0	inverse_cdf	20.0
24	150.0	39.0	inverse_cdf	39.0
24	165.0	41.0	inverse_cdf	41.0
24	75.0	21.0	inverse_cdf	21.0
24	90.0	22.0	inverse_cdf	22.0
24	22.5	5.0	inverse_cdf	4.0
24	45.0	11.5	inverse_cdf	11.5
24	112.5	25.0	inverse_cdf	24.0
24	127.5	28.0	inverse_cdf	28.0
24	15.0	3.0	inverse_cdf	3.0
24	157.5	40.0	inverse_cdf	40.0
24	37.5	11.0	inverse_cdf	7.5
24	97.5	22.5	inverse_cdf	22.5
24	120.0	28.0	inverse_cdf	25.5
24	142.5	36.5	inverse_cdf	36.5
24	172.5	41.5	inverse_cdf	41.5
25	82.5	19.5	inverse_cdf	21.5
25	45.0	2.0	inverse_cdf	11.5
25	7.5	2.5	inverse_cdf	2.5
25	165.0	41.5	inverse_cdf	41.0
25	135.0	39.0	inverse_cdf	32.5
25	30.0	3.0	inverse_cdf	5.0
25	105.0	26.5	inverse_cdf	23.0
25	120.0	28.0	inverse_cdf	25.5
25	150.0	35.0	inverse_cdf	39.0
25	142.5	36.0	inverse_cdf	36.5
25	22.5	7.5	inverse_cdf	4.0
25	37.5	7.5	inverse_cdf	7.5
25	52.5	12.0	inverse_cdf	16.0
25	172.5	40.0	inverse_cdf	41.5
25	112.5	23.5	inverse_cdf	24.0
25	127.5	34.0	inverse_cdf	28.0
25	97.5	23.5	inverse_cdf	22.5
25	75.0	13.0	inverse_cdf	21.0
25	157.5	41.0	inverse_cdf	40.0
25	97.5	23.0	inverse_cdf	22.5
25	82.5	20.5	inverse_cdf	21.5
25	172.5	42.0	inverse_cdf	41.5
25	37.5	4.0	inverse_cdf	7.5
25	90.0	21.5	inverse_cdf	22.0
25	60.0	14.0	inverse_cdf	18.5
25	165.0	24.0	inverse_cdf	41.0
25	67.5	19.0	inverse_cdf	20.0
25	112.5	23.5	inverse_cdf	24.0
25	15.0	3.0	inverse_cdf	3.0
25	127.5	38.0	inverse_cdf	28.0
25	120.0	28.5	inverse_cdf	25.5
25	22.5	2.5	inverse_cdf	4.0
25	75.0	20.0	inverse_cdf	21.0
25	135.0	40.0	inverse_cdf	32.5
25	30.0	4.5	inverse_cdf	5.0
25	45.0	7.0	inverse_cdf	11.5
25	150.0	40.5	inverse_cdf	39.0
25	52.5	7.0	inverse_cdf	16.0
25	157.5	39.5	inverse_cdf	40.0
25	105.0	23.5	inverse_cdf	23.0
25	142.5	40.5	inverse_cdf	36.5
25	7.5	3.0	inverse_cdf	2.5
25	112.5	25.0	inverse_cdf	24.0
25	172.5	36.0	inverse_cdf	41.5
25	52.5	13.0	inverse_cdf	16.0
25	67.5	17.5	inverse_cdf	20.0
25	37.5	7.0	inverse_cdf	7.5
25	142.5	39.5	inverse_cdf	36.5
25	30.0	3.5	inverse_cdf	5.0
25	90.0	22.0	inverse_cdf	22.0
25	150.0	40.5	inverse_cdf	39.0
25	105.0	23.0	inverse_cdf	23.0
25	120.0	20.5	inverse_cdf	25.5
25	165.0	37.5	inverse_cdf	41.0
25	45.0	3.5	inverse_cdf	11.5
25	15.0	1.5	inverse_cdf	3.0
25	97.5	23.0	inverse_cdf	22.5
25	135.0	41.0	inverse_cdf	32.5
25	75.0	16.5	inverse_cdf	21.0
25	7.5	19.0	inverse_cdf	2.5
25	157.5	34.0	inverse_cdf	40.0
25	60.0	14.0	inverse_cdf	18.5
25	127.5	35.5	inverse_cdf	28.0
25	172.5	38.0	inverse_cdf	41.5
25	7.5	3.0	inverse_cdf	2.5
25	37.5	7.5	inverse_cdf	7.5
25	142.5	33.0	inverse_cdf	36.5
25	150.0	34.5	inverse_cdf	39.0
25	105.0	24.5	inverse_cdf	23.0
25	52.5	12.5	inverse_cdf	16.0
25	135.0	24.5	inverse_cdf	32.5
25	30.0	6.0	inverse_cdf	5.0
25	165.0	41.0	inverse_cdf	41.0
25	45.0	4.0	inverse_cdf	11.5
25	97.5	24.5	inverse_cdf	22.5
25	15.0	2.5	inverse_cdf	3.0
25	75.0	12.0	inverse_cdf	21.0
25	90.0	21.5	inverse_cdf	22.0
25	82.5	20.0	inverse_cdf	21.5
25	67.5	18.0	inverse_cdf	20.0
25	22.5	5.0	inverse_cdf	4.0
25	112.5	26.0	inverse_cdf	24.0
25	157.5	40.0	inverse_cdf	40.0
25	127.5	27.5	inverse_cdf	28.0
25	60.0	16.5	inverse_cdf	18.5
25	120.0	30.0	inverse_cdf	25.5
25	97.5	24.0	inverse_cdf	22.5
25	150.0	32.0	inverse_cdf	39.0
25	7.5	1.5	inverse_cdf	2.5
25	30.0	2.5	inverse_cdf	5.0
25	157.5	41.0	inverse_cdf	40.0
25	172.5	42.0	inverse_cdf	41.5
25	135.0	40.5	inverse_cdf	32.5
25	45.0	15.5	inverse_cdf	11.5
25	165.0	26.5	inverse_cdf	41.0
25	75.0	21.0	inverse_cdf	21.0
25	15.0	6.0	inverse_cdf	3.0
25	112.5	23.5	inverse_cdf	24.0
25	90.0	22.5	inverse_cdf	22.0
25	37.5	6.5	inverse_cdf	7.5
25	105.0	25.0	inverse_cdf	23.0
25	52.5	7.0	inverse_cdf	16.0
25	82.5	21.0	inverse_cdf	21.5
25	67.5	16.5	inverse_cdf	20.0
25	127.5	32.0	inverse_cdf	28.0
25	60.0	18.0	inverse_cdf	18.5
25	22.5	3.5	inverse_cdf	4.0
25	120.0	26.5	inverse_cdf	25.5
25	142.5	39.5	inverse_cdf	36.5
25	75.0	20.0	inverse_cdf	21.0
25	97.5	23.5	inverse_cdf	22.5
25	105.0	24.0	inverse_cdf	23.0
25	37.5	7.5	inverse_cdf	7.5
25	22.5	3.5	inverse_cdf	4.0
25	30.0	1.5	inverse_cdf	5.0
25	45.0	7.0	inverse_cdf	11.5
25	135.0	42.0	inverse_cdf	32.5
25	112.5	27.5	inverse_cdf	24.0
25	15.0	2.5	inverse_cdf	3.0
25	60.0	20.0	inverse_cdf	18.5
25	82.5	21.5	inverse_cdf	21.5
25	142.5	38.0	inverse_cdf	36.5
25	120.0	27.0	inverse_cdf	25.5
25	127.5	28.0	inverse_cdf	28.0
25	157.5	32.5	inverse_cdf	40.0
25	150.0	27.0	inverse_cdf	39.0
25	52.5	16.0	inverse_cdf	16.0
25	90.0	21.0	inverse_cdf	22.0
25	172.5	42.0	inverse_cdf	41.5
25	165.0	42.0	inverse_cdf	41.0
25	67.5	19.0	inverse_cdf	20.0
25	127.5	28.5	inverse_cdf	28.0
25	165.0	32.5	inverse_cdf	41.0
25	157.5	40.5	inverse_cdf	40.0
25	15.0	0.0	inverse_cdf	3.0
25	90.0	22.5	inverse_cdf	22.0
25	105.0	23.5	inverse_cdf	23.0
25	75.0	17.5	inverse_cdf	21.0
25	30.0	7.0	inverse_cdf	5.0
25	120.0	27.5	inverse_cdf	25.5
25	60.0	18.5	inverse_cdf	18.5
25	142.5	39.0	inverse_cdf	36.5
25	52.5	11.5	inverse_cdf	16.0
25	22.5	6.5	inverse_cdf	4.0
25	112.5	24.0	inverse_cdf	24.0
25	97.5	25.5	inverse_cdf	22.5
25	82.5	16.0	inverse_cdf	21.5
25	37.5	10.5	inverse_cdf	7.5
25	67.5	20.0	inverse_cdf	20.0
25	135.0	29.0	inverse_cdf	32.5
25	150.0	34.5	inverse_cdf	39.0
25	45.0	5.0	inverse_cdf	11.5
25	172.5	41.5	inverse_cdf	41.5
25	7.5	3.0	inverse_cdf	2.5
25	37.5	5.5	inverse_cdf	7.5
25	75.0	20.0	inverse_cdf	21.0
25	142.5	36.5	inverse_cdf	36.5
25	135.0	32.0	inverse_cdf	32.5
25	7.5	1.0	inverse_cdf	2.5
25	45.0	6.0	inverse_cdf	11.5
25	127.5	29.5	inverse_cdf	28.0
25	67.5	11.0	inverse_cdf	20.0
25	157.5	42.0	inverse_cdf	40.0
25	82.5	20.5	inverse_cdf	21.5
25	22.5	8.0	inverse_cdf	4.0
25	150.0	40.0	inverse_cdf	39.0
25	30.0	10.0	inverse_cdf	5.0
25	105.0	24.0	inverse_cdf	23.0
25	97.5	23.5	inverse_cdf	22.5
25	15.0	4.5	inverse_cdf	3.0
25	165.0	41.0	inverse_cdf	41.0
25	90.0	22.5	inverse_cdf	22.0
25	60.0	14.0	inverse_cdf	18.5
25	120.0	32.5	inverse_cdf	25.5
25	172.5	40.5	inverse_cdf	41.5
25	52.5	11.5	inverse_cdf	16.0
25	112.5	30.0	inverse_cdf	24.0
25	135.0	31.0	cdf	32.0
25	97.5	25.5	cdf	25.5
25	142.5	33.0	cdf	32.5
25	22.5	11.0	cdf	10.0
25	67.5	12.0	cdf	14.0
25	105.0	28.0	cdf	28.0
25	75.0	15.5	cdf	16.0
25	60.0	10.0	cdf	13.0
25	90.0	22.0	cdf	22.0
25	157.5	32.0	cdf	34.0
25	112.5	28.5	cdf	30.0
25	150.0	38.5	cdf	33.0
25	127.5	33.5	cdf	31.5
25	7.5	15.0	cdf	5.5
25	45.0	16.5	cdf	12.0
25	82.5	17.0	cdf	18.5
25	15.0	5.5	cdf	8.0
25	120.0	31.5	cdf	31.0
25	157.5	37.0	cdf	34.0
25	112.5	30.0	cdf	30.0
25	30.0	9.0	cdf	11.0
25	127.5	32.5	cdf	31.5
25	52.5	14.0	cdf	12.5
25	142.5	34.5	cdf	32.5
25	150.0	35.0	cdf	33.0
25	120.0	30.0	cdf	31.0
25	165.0	35.5	cdf	36.0
25	67.5	16.5	cdf	14.0
25	45.0	14.5	cdf	12.0
25	90.0	20.5	cdf	22.0
25	75.0	17.0	cdf	16.0
25	105.0	30.5	cdf	28.0
25	97.5	27.5	cdf	25.5
25	82.5	18.5	cdf	18.5
25	15.0	9.0	cdf	8.0
25	22.5	10.0	cdf	10.0
25	37.5	10.5	cdf	11.5
25	60.0	12.0	cdf	13.0
25	7.5	8.5	cdf	5.5
25	135.0	34.0	cdf	32.0
25	75.0	14.5	cdf	16.0
25	30.0	8.0	cdf	11.0
25	172.5	38.5	cdf	38.5
25	142.5	36.0	cdf	32.5
25	15.0	8.5	cdf	8.0
25	165.0	36.0	cdf	36.0
25	82.5	18.5	cdf	18.5
25	37.5	10.0	cdf	11.5
25	97.5	26.0	cdf	25.5
25	22.5	8.0	cdf	10.0
25	112.5	30.5	cdf	30.0
25	90.0	21.5	cdf	22.0
25	52.5	14.5	cdf	12.5
25	150.0	36.0	cdf	33.0
25	105.0	29.5	cdf	28.0
25	157.5	33.5	cdf	34.0
25	60.0	15.5	cdf	13.0
25	127.5	30.0	cdf	31.5
25	67.5	16.5	cdf	14.0
25	45.0	12.0	cdf	12.0
25	120.0	30.0	cdf	31.0
25	172.5	40.5	cdf	38.5
25	165.0	37.5	cdf	36.0
25	135.0	33.5	cdf	32.0
25	127.5	30.5	cdf	31.5
25	90.0	22.0	cdf	22.0
25	142.5	34.5	cdf	32.5
25	75.0	18.0	cdf	16.0
25	97.5	25.5	cdf	25.5
25	112.5	28.0	cdf	30.0
25	82.5	18.0	cdf	18.5
25	120.0	30.0	cdf	31.0
25	60.0	13.0	cdf	13.0
25	22.5	8.5	cdf	10.0
25	7.5	6.5	cdf	5.5
25	37.5	7.5	cdf	11.5
25	45.0	10.5	cdf	12.0
25	67.5	17.0	cdf	14.0
25	15.0	8.5	cdf	8.0
25	30.0	8.0	cdf	11.0
25	105.0	28.0	cdf	28.0
25	97.5	28.5	cdf	25.5
25	105.0	25.5	cdf	28.0
25	150.0	34.5	cdf	33.0
25	165.0	38.0	cdf	36.0
25	15.0	7.0	cdf	8.0
25	172.5	37.0	cdf	38.5
25	7.5	4.0	cdf	5.5
25	142.5	31.0	cdf	32.5
25	37.5	17.5	cdf	11.5
25	30.0	7.5	cdf	11.0
25	75.0	8.5	cdf	16.0
25	67.5	15.5	cdf	14.0
25	120.0	25.5	cdf	31.0
25	135.0	15.0	cdf	32.0
25	22.5	13.5	cdf	10.0
25	52.5	16.0	cdf	12.5
25	157.5	34.5	cdf	34.0
25	82.5	19.5	cdf	18.5
25	127.5	33.0	cdf	31.5
25	60.0	14.5	cdf	13.0
25	112.5	27.5	cdf	30.0
25	45.0	9.0	cdf	12.0
25	90.0	27.0	cdf	22.0
25	97.5	25.0	cdf	25.5
25	60.0	13.5	cdf	13.0
25	75.0	16.0	cdf	16.0
25	52.5	14.0	cdf	12.5
25	7.5	5.5	cdf	5.5
25	150.0	37.5	cdf	33.0
25	157.5	36.0	cdf	34.0
25	120.0	26.0	cdf	31.0
25	22.5	9.0	cdf	10.0
25	172.5	39.5	cdf	38.5
25	15.0	8.5	cdf	8.0
25	37.5	12.0	cdf	11.5
25	45.0	9.0	cdf	12.0
25	112.5	25.0	cdf	30.0
25	127.5	32.0	cdf	31.5
25	30.0	12.0	cdf	11.0
25	135.0	31.5	cdf	32.0
25	142.5	32.0	cdf	32.5
25	165.0	34.5	cdf	36.0
25	67.5	24.0	cdf	14.0
25	105.0	28.0	cdf	28.0
25	90.0	22.0	cdf	22.0
25	97.5	26.0	cdf	25.5
25	15.0	8.0	cdf	8.0
25	150.0	34.5	cdf	33.0
25	135.0	33.5	cdf	32.0
25	67.5	13.5	cdf	14.0
25	105.0	29.5	cdf	28.0
25	45.0	16.5	cdf	12.0
25	165.0	38.5	cdf	36.0
25	52.5	16.0	cdf	12.5
25	172.5	36.0	cdf	38.5
25	75.0	18.5	cdf	16.0
25	37.5	9.5	cdf	11.5
25	90.0	22.5	cdf	22.0
25	112.5	25.0	cdf	30.0
25	60.0	28.5	cdf	13.0
25	30.0	8.0	cdf	11.0
25	157.5	32.0	cdf	34.0
25	142.5	33.5	cdf	32.5
25	82.5	17.5	cdf	18.5
25	127.5	31.5	cdf	31.5
25	22.5	6.5	cdf	10.0
25	120.0	32.5	cdf	31.0
25	7.5	6.0	cdf	5.5
25	150.0	33.5	cdf	33.0
25	165.0	37.0	cdf	36.0
25	37.5	12.5	cdf	11.5
25	97.5	24.5	cdf	25.5
25	60.0	16.0	cdf	13.0
25	135.0	31.5	cdf	32.0
25	142.5	32.0	cdf	32.5
25	90.0	21.5	cdf	22.0
25	120.0	26.0	cdf	31.0
25	157.5	35.5	cdf	34.0
25	82.5	18.0	cdf	18.5
25	105.0	25.0	cdf	28.0
25	67.5	16.0	cdf	14.0
25	127.5	29.0	cdf	31.5
25	22.5	11.5	cdf	10.0
25	15.0	9.0	cdf	8.0
25	112.5	29.5	cdf	30.0
25	7.5	8.5	cdf	5.5
25	52.5	12.5	cdf	12.5
25	45.0	13.0	cdf	12.0
25	75.0	18.0	cdf	16.0
25	172.5	38.5	cdf	38.5
25	30.0	10.0	cdf	11.0
26	22.5	8.5	cdf	10.0
26	52.5	16.5	cdf	12.5
26	150.0	34.5	cdf	33.0
26	120.0	32.5	cdf	31.0
26	82.5	20.0	cdf	18.5
26	127.5	31.5	cdf	31.5
26	105.0	24.5	cdf	28.0
26	15.0	5.5	cdf	8.0
26	37.5	10.5	cdf	11.5
26	112.5	24.5	cdf	30.0
26	75.0	15.5	cdf	16.0
26	60.0	14.5	cdf	13.0
26	97.5	24.5	cdf	25.5
26	67.5	19.0	cdf	14.0
26	30.0	8.5	cdf	11.0
26	157.5	36.5	cdf	34.0
26	172.5	38.5	cdf	38.5
26	135.0	31.5	cdf	32.0
26	90.0	22.0	cdf	22.0
26	45.0	12.5	cdf	12.0
26	150.0	34.0	cdf	33.0
26	157.5	36.5	cdf	34.0
26	112.5	27.5	cdf	30.0
26	22.5	8.0	cdf	10.0
26	135.0	32.5	cdf	32.0
26	165.0	38.5	cdf	36.0
26	75.0	18.0	cdf	16.0
26	120.0	29.0	cdf	31.0
26	142.5	33.0	cdf	32.5
26	15.0	7.5	cdf	8.0
26	82.5	12.5	cdf	18.5
26	67.5	16.0	cdf	14.0
26	45.0	12.0	cdf	12.0
26	60.0	13.0	cdf	13.0
26	30.0	8.5	cdf	11.0
26	172.5	38.0	cdf	38.5
26	90.0	22.5	cdf	22.0
26	127.5	31.5	cdf	31.5
26	105.0	26.0	cdf	28.0
26	157.5	34.5	cdf	34.0
26	97.5	25.5	cdf	25.5
26	30.0	10.0	cdf	11.0
26	82.5	20.5	cdf	18.5
26	7.5	4.5	cdf	5.5
26	67.5	18.5	cdf	14.0
26	75.0	19.0	cdf	16.0
26	127.5	30.0	cdf	31.5
26	112.5	28.5	cdf	30.0
26	172.5	38.0	cdf	38.5
26	22.5	8.0	cdf	10.0
26	150.0	36.0	cdf	33.0
26	105.0	24.0	cdf	28.0
26	15.0	8.5	cdf	8.0
26	52.5	14.0	cdf	12.5
26	90.0	22.0	cdf	22.0
26	60.0	20.0	cdf	13.0
26	135.0	32.0	cdf	32.0
26	37.5	10.0	cdf	11.5
26	165.0	36.0	cdf	36.0
26	60.0	18.0	cdf	13.0
26	75.0	19.0	cdf	16.0
26	15.0	8.0	cdf	8.0
26	127.5	31.5	cdf	31.5
26	52.5	13.5	cdf	12.5
26	120.0	28.5	cdf	31.0
26	105.0	24.0	cdf	28.0
26	112.5	26.5	cdf	30.0
26	22.5	8.0	cdf	10.0
26	82.5	20.0	cdf	18.5
26	165.0	38.0	cdf	36.0
26	135.0	32.5	cdf	32.0
26	30.0	14.0	cdf	11.0
26	90.0	22.5	cdf	22.0
26	67.5	20.5	cdf	14.0
26	97.5	25.5	cdf	25.5
26	37.5	10.5	cdf	11.5
26	142.5	36.0	cdf	32.5
26	7.5	5.5	cdf	5.5
26	157.5	35.5	cdf	34.0
26	15.0	7.0	cdf	8.0
26	90.0	22.0	cdf	22.0
26	22.5	8.0	cdf	10.0
26	135.0	32.0	cdf	32.0
26	67.5	19.0	cdf	14.0
26	120.0	30.5	cdf	31.0
26	127.5	31.0	cdf	31.5
26	30.0	10.5	cdf	11.0
26	112.5	29.5	cdf	30.0
26	45.0	13.0	cdf	12.0
26	37.5	11.0	cdf	11.5
26	82.5	18.5	cdf	18.5
26	165.0	34.5	cdf	36.0
26	60.0	19.0	cdf	13.0
26	7.5	5.5	cdf	5.5
26	97.5	25.5	cdf	25.5
26	105.0	28.5	cdf	28.0
26	172.5	36.0	cdf	38.5
26	75.0	19.0	cdf	16.0
26	52.5	14.0	cdf	12.5
26	150.0	31.0	cdf	33.0
26	157.5	37.0	cdf	34.0
26	37.5	10.0	cdf	11.5
26	75.0	17.5	cdf	16.0
26	22.5	8.5	cdf	10.0
26	97.5	24.0	cdf	25.5
26	30.0	8.0	cdf	11.0
26	157.5	35.0	cdf	34.0
26	15.0	8.5	cdf	8.0
26	45.0	12.0	cdf	12.0
26	7.5	5.5	cdf	5.5
26	60.0	17.0	cdf	13.0
26	127.5	33.0	cdf	31.5
26	90.0	22.0	cdf	22.0
26	52.5	13.0	cdf	12.5
26	112.5	28.0	cdf	30.0
26	142.5	33.5	cdf	32.5
26	105.0	28.5	cdf	28.0
26	150.0	34.5	cdf	33.0
26	120.0	30.0	cdf	31.0
26	135.0	31.5	cdf	32.0
26	82.5	20.5	cdf	18.5
26	52.5	11.5	cdf	12.5
26	135.0	32.0	cdf	32.0
26	172.5	38.5	cdf	38.5
26	37.5	11.0	cdf	11.5
26	142.5	32.5	cdf	32.5
26	120.0	26.5	cdf	31.0
26	60.0	19.0	cdf	13.0
26	7.5	5.0	cdf	5.5
26	45.0	13.0	cdf	12.0
26	22.5	8.5	cdf	10.0
26	157.5	36.0	cdf	34.0
26	82.5	20.5	cdf	18.5
26	15.0	8.5	cdf	8.0
26	30.0	10.5	cdf	11.0
26	150.0	35.0	cdf	33.0
26	112.5	32.0	cdf	30.0
26	67.5	18.0	cdf	14.0
26	90.0	22.0	cdf	22.0
26	165.0	37.0	cdf	36.0
26	97.5	23.5	cdf	25.5
26	105.0	26.0	cdf	28.0
26	127.5	31.0	cdf	31.5
26	22.5	8.0	cdf	10.0
26	82.5	20.5	cdf	18.5
26	7.5	5.5	cdf	5.5
26	157.5	35.0	cdf	34.0
26	37.5	13.0	cdf	11.5
26	15.0	9.0	cdf	8.0
26	75.0	20.0	cdf	16.0
26	67.5	17.5	cdf	14.0
26	60.0	14.0	cdf	13.0
26	97.5	25.0	cdf	25.5
26	165.0	36.0	cdf	36.0
26	135.0	33.0	cdf	32.0
26	120.0	29.5	cdf	31.0
26	45.0	13.0	cdf	12.0
26	172.5	38.5	cdf	38.5
26	105.0	28.5	cdf	28.0
26	90.0	22.5	cdf	22.0
26	52.5	13.5	cdf	12.5
26	127.5	32.0	cdf	31.5
26	112.5	26.0	cdf	30.0
26	30.0	10.0	cdf	11.0
26	142.5	32.5	cdf	32.5
26	150.0	34.0	cdf	33.0
26	7.5	1.0	inverse_cdf	2.5
26	112.5	24.5	inverse_cdf	24.0
26	60.0	20.0	inverse_cdf	18.5
26	150.0	38.5	inverse_cdf	39.0
26	157.5	40.0	inverse_cdf	40.0
26	52.5	17.5	inverse_cdf	16.0
26	142.5	32.0	inverse_cdf	36.5
26	67.5	21.0	inverse_cdf	20.0
26	120.0	24.0	inverse_cdf	25.5
26	15.0	3.5	inverse_cdf	3.0
26	82.5	21.0	inverse_cdf	21.5
26	45.0	15.0	inverse_cdf	11.5
26	90.0	22.0	inverse_cdf	22.0
26	97.5	23.0	inverse_cdf	22.5
26	172.5	41.0	inverse_cdf	41.5
26	22.5	3.0	inverse_cdf	4.0
26	37.5	8.5	inverse_cdf	7.5
26	165.0	38.5	inverse_cdf	41.0
26	127.5	27.0	inverse_cdf	28.0
26	30.0	4.5	inverse_cdf	5.0
26	105.0	23.5	inverse_cdf	23.0
26	150.0	38.0	inverse_cdf	39.0
26	60.0	20.5	inverse_cdf	18.5
26	37.5	5.5	inverse_cdf	7.5
26	67.5	20.0	inverse_cdf	20.0
26	52.5	18.0	inverse_cdf	16.0
26	15.0	2.0	inverse_cdf	3.0
26	105.0	23.0	inverse_cdf	23.0
26	22.5	3.5	inverse_cdf	4.0
26	165.0	40.0	inverse_cdf	41.0
26	157.5	39.0	inverse_cdf	40.0
26	172.5	41.0	inverse_cdf	41.5
26	135.0	31.0	inverse_cdf	32.5
26	30.0	7.0	inverse_cdf	5.0
26	7.5	2.0	inverse_cdf	2.5
26	112.5	24.0	inverse_cdf	24.0
26	120.0	24.5	inverse_cdf	25.5
26	97.5	22.5	inverse_cdf	22.5
26	82.5	20.0	inverse_cdf	21.5
26	127.5	31.0	inverse_cdf	28.0
26	75.0	20.5	inverse_cdf	21.0
26	90.0	22.0	inverse_cdf	22.0
26	45.0	7.5	inverse_cdf	11.5
26	67.5	19.5	inverse_cdf	20.0
26	7.5	2.5	inverse_cdf	2.5
26	60.0	19.0	inverse_cdf	18.5
26	165.0	39.0	inverse_cdf	41.0
26	15.0	7.0	inverse_cdf	3.0
26	112.5	24.0	inverse_cdf	24.0
26	82.5	21.5	inverse_cdf	21.5
26	97.5	22.5	inverse_cdf	22.5
26	120.0	25.5	inverse_cdf	25.5
26	105.0	24.5	inverse_cdf	23.0
26	52.5	11.5	inverse_cdf	16.0
26	172.5	41.0	inverse_cdf	41.5
26	75.0	20.0	inverse_cdf	21.0
26	90.0	22.5	inverse_cdf	22.0
26	22.5	4.0	inverse_cdf	4.0
26	37.5	6.0	inverse_cdf	7.5
26	135.0	32.5	inverse_cdf	32.5
26	30.0	6.0	inverse_cdf	5.0
26	150.0	37.5	inverse_cdf	39.0
26	97.5	23.0	inverse_cdf	22.5
26	60.0	20.5	inverse_cdf	18.5
26	75.0	21.0	inverse_cdf	21.0
26	22.5	3.5	inverse_cdf	4.0
26	172.5	39.5	inverse_cdf	41.5
26	90.0	21.5	inverse_cdf	22.0
26	45.0	8.5	inverse_cdf	11.5
26	30.0	4.5	inverse_cdf	5.0
26	112.5	24.5	inverse_cdf	24.0
26	7.5	2.0	inverse_cdf	2.5
26	37.5	5.0	inverse_cdf	7.5
26	142.5	31.0	inverse_cdf	36.5
26	120.0	30.0	inverse_cdf	25.5
26	15.0	3.0	inverse_cdf	3.0
26	127.5	28.5	inverse_cdf	28.0
26	67.5	20.5	inverse_cdf	20.0
26	135.0	31.5	inverse_cdf	32.5
26	82.5	21.5	inverse_cdf	21.5
26	157.5	40.5	inverse_cdf	40.0
26	105.0	25.0	inverse_cdf	23.0
26	150.0	37.0	inverse_cdf	39.0
26	165.0	39.5	inverse_cdf	41.0
26	45.0	7.0	inverse_cdf	11.5
26	105.0	23.0	inverse_cdf	23.0
26	112.5	25.5	inverse_cdf	24.0
26	120.0	31.0	inverse_cdf	25.5
26	127.5	33.0	inverse_cdf	28.0
26	135.0	32.5	inverse_cdf	32.5
26	97.5	22.5	inverse_cdf	22.5
26	67.5	20.0	inverse_cdf	20.0
26	52.5	13.5	inverse_cdf	16.0
26	30.0	6.0	inverse_cdf	5.0
26	142.5	34.5	inverse_cdf	36.5
26	37.5	6.0	inverse_cdf	7.5
26	165.0	39.0	inverse_cdf	41.0
26	15.0	6.0	inverse_cdf	3.0
26	22.5	5.5	inverse_cdf	4.0
26	75.0	21.0	inverse_cdf	21.0
26	7.5	2.5	inverse_cdf	2.5
26	172.5	41.0	inverse_cdf	41.5
26	90.0	22.0	inverse_cdf	22.0
26	157.5	38.5	inverse_cdf	40.0
26	82.5	21.5	inverse_cdf	21.5
26	150.0	35.0	inverse_cdf	39.0
26	37.5	7.5	inverse_cdf	7.5
26	127.5	31.5	inverse_cdf	28.0
26	112.5	25.5	inverse_cdf	24.0
26	67.5	21.0	inverse_cdf	20.0
26	52.5	17.5	inverse_cdf	16.0
26	82.5	21.5	inverse_cdf	21.5
26	45.0	11.5	inverse_cdf	11.5
26	60.0	19.5	inverse_cdf	18.5
26	15.0	3.5	inverse_cdf	3.0
26	90.0	22.5	inverse_cdf	22.0
26	172.5	41.0	inverse_cdf	41.5
26	150.0	39.0	inverse_cdf	39.0
26	157.5	39.0	inverse_cdf	40.0
26	120.0	32.5	inverse_cdf	25.5
26	7.5	2.0	inverse_cdf	2.5
26	165.0	39.0	inverse_cdf	41.0
26	135.0	31.5	inverse_cdf	32.5
26	30.0	6.0	inverse_cdf	5.0
26	22.5	5.5	inverse_cdf	4.0
26	97.5	22.0	inverse_cdf	22.5
26	105.0	24.5	inverse_cdf	23.0
26	142.5	32.0	inverse_cdf	36.5
26	60.0	17.5	inverse_cdf	18.5
26	45.0	11.5	inverse_cdf	11.5
26	97.5	23.0	inverse_cdf	22.5
26	22.5	4.0	inverse_cdf	4.0
26	157.5	39.0	inverse_cdf	40.0
26	37.5	12.0	inverse_cdf	7.5
26	82.5	19.5	inverse_cdf	21.5
26	67.5	20.0	inverse_cdf	20.0
26	135.0	32.5	inverse_cdf	32.5
26	30.0	5.5	inverse_cdf	5.0
26	7.5	2.5	inverse_cdf	2.5
26	120.0	26.0	inverse_cdf	25.5
26	165.0	40.5	inverse_cdf	41.0
26	52.5	17.5	inverse_cdf	16.0
26	105.0	25.5	inverse_cdf	23.0
26	15.0	4.5	inverse_cdf	3.0
26	142.5	32.5	inverse_cdf	36.5
26	75.0	20.0	inverse_cdf	21.0
26	127.5	26.0	inverse_cdf	28.0
26	90.0	22.0	inverse_cdf	22.0
26	150.0	38.0	inverse_cdf	39.0
26	172.5	41.5	inverse_cdf	41.5
26	112.5	24.0	inverse_cdf	24.0
26	60.0	17.5	inverse_cdf	18.5
26	165.0	38.0	inverse_cdf	41.0
26	127.5	32.0	inverse_cdf	28.0
26	67.5	20.0	inverse_cdf	20.0
26	82.5	22.0	inverse_cdf	21.5
26	90.0	21.5	inverse_cdf	22.0
26	150.0	37.5	inverse_cdf	39.0
26	7.5	2.5	inverse_cdf	2.5
26	37.5	7.0	inverse_cdf	7.5
26	52.5	12.5	inverse_cdf	16.0
26	112.5	23.5	inverse_cdf	24.0
26	22.5	4.5	inverse_cdf	4.0
26	45.0	11.0	inverse_cdf	11.5
26	120.0	30.0	inverse_cdf	25.5
26	105.0	23.0	inverse_cdf	23.0
26	75.0	20.5	inverse_cdf	21.0
26	30.0	5.5	inverse_cdf	5.0
26	142.5	35.0	inverse_cdf	36.5
26	97.5	23.5	inverse_cdf	22.5
26	15.0	3.0	inverse_cdf	3.0
26	135.0	32.5	inverse_cdf	32.5
26	172.5	41.5	inverse_cdf	41.5
26	157.5	39.0	inverse_cdf	40.0
27	165.0	41.0	inverse_cdf	41.0
27	90.0	22.0	inverse_cdf	22.0
27	142.5	36.5	inverse_cdf	36.5
27	105.0	23.0	inverse_cdf	23.0
27	97.5	22.5	inverse_cdf	22.5
27	120.0	27.5	inverse_cdf	25.5
27	112.5	25.5	inverse_cdf	24.0
27	52.5	16.0	inverse_cdf	16.0
27	67.5	20.0	inverse_cdf	20.0
27	7.5	2.5	inverse_cdf	2.5
27	75.0	20.0	inverse_cdf	21.0
27	127.5	28.0	inverse_cdf	28.0
27	135.0	32.5	inverse_cdf	32.5
27	37.5	7.5	inverse_cdf	7.5
27	82.5	21.5	inverse_cdf	21.5
27	172.5	41.5	inverse_cdf	41.5
27	60.0	18.5	inverse_cdf	18.5
27	45.0	12.0	inverse_cdf	11.5
27	15.0	3.0	inverse_cdf	3.0
27	30.0	5.0	inverse_cdf	5.0
27	22.5	4.0	inverse_cdf	4.0
27	52.5	18.0	inverse_cdf	16.0
27	97.5	22.5	inverse_cdf	22.5
27	150.0	38.5	inverse_cdf	39.0
27	120.0	27.5	inverse_cdf	25.5
27	82.5	21.0	inverse_cdf	21.5
27	37.5	7.5	inverse_cdf	7.5
27	67.5	20.0	inverse_cdf	20.0
27	127.5	27.5	inverse_cdf	28.0
27	165.0	41.0	inverse_cdf	41.0
27	60.0	16.0	inverse_cdf	18.5
27	157.5	40.0	inverse_cdf	40.0
27	75.0	21.0	inverse_cdf	21.0
27	30.0	5.0	inverse_cdf	5.0
27	172.5	41.0	inverse_cdf	41.5
27	105.0	24.0	inverse_cdf	23.0
27	22.5	4.0	inverse_cdf	4.0
27	45.0	11.5	inverse_cdf	11.5
27	135.0	32.5	inverse_cdf	32.5
27	112.5	24.0	inverse_cdf	24.0
27	142.5	36.5	inverse_cdf	36.5
27	15.0	3.0	inverse_cdf	3.0
27	15.0	2.5	inverse_cdf	3.0
27	37.5	7.5	inverse_cdf	7.5
27	135.0	33.0	inverse_cdf	32.5
27	60.0	17.0	inverse_cdf	18.5
27	172.5	39.5	inverse_cdf	41.5
27	82.5	21.0	inverse_cdf	21.5
27	75.0	21.0	inverse_cdf	21.0
27	127.5	28.0	inverse_cdf	28.0
27	165.0	38.5	inverse_cdf	41.0
27	30.0	5.0	inverse_cdf	5.0
27	90.0	22.0	inverse_cdf	22.0
27	157.5	39.0	inverse_cdf	40.0
27	120.0	25.5	inverse_cdf	25.5
27	150.0	36.0	inverse_cdf	39.0
27	105.0	23.0	inverse_cdf	23.0
27	52.5	16.0	inverse_cdf	16.0
27	22.5	3.5	inverse_cdf	4.0
27	45.0	11.5	inverse_cdf	11.5
27	112.5	23.5	inverse_cdf	24.0
27	142.5	36.5	inverse_cdf	36.5
27	67.5	20.0	inverse_cdf	20.0
27	97.5	22.5	inverse_cdf	22.5
27	7.5	2.0	inverse_cdf	2.5
27	172.5	40.5	inverse_cdf	41.5
27	75.0	19.5	inverse_cdf	21.0
27	127.5	28.0	inverse_cdf	28.0
27	30.0	5.0	inverse_cdf	5.0
27	7.5	2.0	inverse_cdf	2.5
27	97.5	23.0	inverse_cdf	22.5
27	45.0	11.5	inverse_cdf	11.5
27	67.5	20.0	inverse_cdf	20.0
27	37.5	7.0	inverse_cdf	7.5
27	60.0	16.0	inverse_cdf	18.5
27	90.0	22.0	inverse_cdf	22.0
27	82.5	21.5	inverse_cdf	21.5
27	120.0	25.0	inverse_cdf	25.5
27	150.0	39.0	inverse_cdf	39.0
27	112.5	24.0	inverse_cdf	24.0
27	15.0	3.0	inverse_cdf	3.0
27	22.5	4.0	inverse_cdf	4.0
27	135.0	32.5	inverse_cdf	32.5
27	105.0	23.0	inverse_cdf	23.0
27	157.5	36.5	inverse_cdf	40.0
27	165.0	40.0	inverse_cdf	41.0
27	52.5	16.0	inverse_cdf	16.0
27	142.5	36.0	inverse_cdf	36.5
27	142.5	36.5	inverse_cdf	36.5
27	105.0	23.0	inverse_cdf	23.0
27	7.5	2.5	inverse_cdf	2.5
27	97.5	22.5	inverse_cdf	22.5
27	90.0	22.0	inverse_cdf	22.0
27	82.5	21.0	inverse_cdf	21.5
27	157.5	39.0	inverse_cdf	40.0
27	172.5	41.5	inverse_cdf	41.5
27	45.0	11.5	inverse_cdf	11.5
27	150.0	38.5	inverse_cdf	39.0
27	30.0	4.5	inverse_cdf	5.0
27	165.0	41.0	inverse_cdf	41.0
27	67.5	18.5	inverse_cdf	20.0
27	60.0	18.5	inverse_cdf	18.5
27	15.0	3.0	inverse_cdf	3.0
27	112.5	24.0	inverse_cdf	24.0
27	127.5	28.0	inverse_cdf	28.0
27	135.0	32.5	inverse_cdf	32.5
27	120.0	25.5	inverse_cdf	25.5
27	52.5	16.0	inverse_cdf	16.0
27	37.5	5.0	inverse_cdf	7.5
27	75.0	21.0	inverse_cdf	21.0
27	22.5	4.0	inverse_cdf	4.0
27	52.5	16.0	inverse_cdf	16.0
27	22.5	4.0	inverse_cdf	4.0
27	7.5	2.5	inverse_cdf	2.5
27	112.5	24.0	inverse_cdf	24.0
27	150.0	38.0	inverse_cdf	39.0
27	97.5	21.5	inverse_cdf	22.5
27	142.5	32.5	inverse_cdf	36.5
27	37.5	7.5	inverse_cdf	7.5
27	60.0	18.5	inverse_cdf	18.5
27	45.0	11.5	inverse_cdf	11.5
27	75.0	21.5	inverse_cdf	21.0
27	127.5	28.0	inverse_cdf	28.0
27	157.5	40.0	inverse_cdf	40.0
27	90.0	22.0	inverse_cdf	22.0
27	67.5	20.0	inverse_cdf	20.0
27	120.0	27.0	inverse_cdf	25.5
27	82.5	21.0	inverse_cdf	21.5
27	15.0	3.0	inverse_cdf	3.0
27	105.0	24.0	inverse_cdf	23.0
27	30.0	5.0	inverse_cdf	5.0
27	172.5	41.0	inverse_cdf	41.5
27	135.0	32.5	inverse_cdf	32.5
27	165.0	40.0	inverse_cdf	41.0
27	67.5	20.0	inverse_cdf	20.0
27	97.5	23.0	inverse_cdf	22.5
27	45.0	11.5	inverse_cdf	11.5
27	75.0	21.0	inverse_cdf	21.0
27	60.0	18.5	inverse_cdf	18.5
27	127.5	36.5	inverse_cdf	28.0
27	157.5	40.0	inverse_cdf	40.0
27	150.0	39.0	inverse_cdf	39.0
27	120.0	25.5	inverse_cdf	25.5
27	52.5	18.5	inverse_cdf	16.0
27	165.0	41.0	inverse_cdf	41.0
27	7.5	3.0	inverse_cdf	2.5
27	22.5	3.0	inverse_cdf	4.0
27	172.5	41.5	inverse_cdf	41.5
27	105.0	23.0	inverse_cdf	23.0
27	15.0	4.5	inverse_cdf	3.0
27	82.5	21.5	inverse_cdf	21.5
27	30.0	5.0	inverse_cdf	5.0
27	112.5	24.0	inverse_cdf	24.0
27	142.5	36.5	inverse_cdf	36.5
27	135.0	32.0	inverse_cdf	32.5
27	90.0	22.0	inverse_cdf	22.0
27	37.5	7.5	inverse_cdf	7.5
27	157.5	39.0	inverse_cdf	40.0
27	60.0	18.5	inverse_cdf	18.5
27	22.5	3.0	inverse_cdf	4.0
27	45.0	11.5	inverse_cdf	11.5
27	150.0	39.0	inverse_cdf	39.0
27	37.5	7.5	inverse_cdf	7.5
27	172.5	41.5	inverse_cdf	41.5
27	142.5	32.5	inverse_cdf	36.5
27	120.0	25.5	inverse_cdf	25.5
27	135.0	32.5	inverse_cdf	32.5
27	97.5	22.5	inverse_cdf	22.5
27	15.0	3.0	inverse_cdf	3.0
27	127.5	28.0	inverse_cdf	28.0
27	30.0	5.0	inverse_cdf	5.0
27	112.5	24.0	inverse_cdf	24.0
27	165.0	40.0	inverse_cdf	41.0
27	105.0	23.0	inverse_cdf	23.0
27	7.5	2.5	inverse_cdf	2.5
27	90.0	22.0	inverse_cdf	22.0
27	75.0	20.0	inverse_cdf	21.0
27	67.5	18.5	inverse_cdf	20.0
27	82.5	21.5	inverse_cdf	21.5
27	52.5	16.0	inverse_cdf	16.0
27	112.5	30.0	cdf	30.0
27	142.5	32.5	cdf	32.5
27	37.5	11.5	cdf	11.5
27	30.0	10.5	cdf	11.0
27	7.5	5.5	cdf	5.5
27	105.0	28.0	cdf	28.0
27	75.0	16.0	cdf	16.0
27	45.0	12.0	cdf	12.0
27	22.5	10.0	cdf	10.0
27	150.0	32.5	cdf	33.0
27	60.0	13.0	cdf	13.0
27	97.5	25.5	cdf	25.5
27	120.0	31.0	cdf	31.0
27	15.0	8.0	cdf	8.0
27	157.5	34.0	cdf	34.0
27	90.0	22.0	cdf	22.0
27	127.5	31.5	cdf	31.5
27	172.5	38.5	cdf	38.5
27	67.5	14.0	cdf	14.0
27	82.5	18.5	cdf	18.5
27	135.0	32.0	cdf	32.0
27	165.0	36.0	cdf	36.0
27	52.5	12.5	cdf	12.5
27	150.0	32.5	cdf	33.0
27	22.5	10.0	cdf	10.0
27	97.5	26.0	cdf	25.5
27	112.5	30.0	cdf	30.0
27	157.5	34.0	cdf	34.0
27	120.0	31.0	cdf	31.0
27	142.5	32.0	cdf	32.5
27	52.5	12.5	cdf	12.5
27	105.0	28.0	cdf	28.0
27	165.0	36.0	cdf	36.0
27	7.5	5.5	cdf	5.5
27	30.0	11.5	cdf	11.0
27	90.0	22.0	cdf	22.0
27	75.0	16.0	cdf	16.0
27	15.0	8.0	cdf	8.0
27	172.5	38.5	cdf	38.5
27	45.0	12.0	cdf	12.0
27	60.0	13.0	cdf	13.0
27	67.5	14.0	cdf	14.0
27	127.5	31.5	cdf	31.5
27	37.5	11.5	cdf	11.5
27	135.0	32.0	cdf	32.0
27	142.5	32.5	cdf	32.5
27	67.5	13.0	cdf	14.0
27	112.5	30.0	cdf	30.0
27	37.5	11.0	cdf	11.5
27	120.0	31.0	cdf	31.0
27	127.5	31.5	cdf	31.5
27	82.5	18.5	cdf	18.5
27	97.5	25.5	cdf	25.5
27	15.0	8.0	cdf	8.0
27	22.5	10.0	cdf	10.0
27	30.0	11.0	cdf	11.0
27	105.0	28.0	cdf	28.0
27	165.0	34.0	cdf	36.0
27	7.5	5.5	cdf	5.5
27	52.5	12.5	cdf	12.5
27	150.0	33.0	cdf	33.0
27	172.5	38.5	cdf	38.5
27	157.5	33.0	cdf	34.0
27	45.0	12.0	cdf	12.0
27	75.0	16.0	cdf	16.0
27	135.0	32.0	cdf	32.0
27	90.0	22.0	cdf	22.0
27	60.0	12.5	cdf	13.0
27	7.5	5.5	cdf	5.5
27	52.5	12.5	cdf	12.5
27	97.5	25.5	cdf	25.5
27	112.5	30.0	cdf	30.0
27	75.0	14.0	cdf	16.0
27	127.5	31.5	cdf	31.5
27	37.5	11.5	cdf	11.5
27	165.0	34.0	cdf	36.0
27	105.0	28.0	cdf	28.0
27	150.0	32.5	cdf	33.0
27	67.5	14.0	cdf	14.0
27	120.0	31.0	cdf	31.0
27	135.0	32.0	cdf	32.0
27	157.5	34.0	cdf	34.0
27	15.0	8.0	cdf	8.0
27	82.5	18.5	cdf	18.5
27	172.5	38.5	cdf	38.5
27	45.0	12.0	cdf	12.0
27	30.0	11.0	cdf	11.0
27	22.5	10.0	cdf	10.0
27	142.5	32.0	cdf	32.5
27	90.0	22.0	cdf	22.0
27	142.5	32.0	cdf	32.5
27	52.5	12.5	cdf	12.5
27	165.0	38.5	cdf	36.0
27	7.5	5.5	cdf	5.5
27	120.0	31.0	cdf	31.0
27	172.5	38.0	cdf	38.5
27	127.5	31.5	cdf	31.5
27	75.0	16.0	cdf	16.0
27	135.0	32.0	cdf	32.0
27	157.5	34.0	cdf	34.0
27	45.0	12.0	cdf	12.0
27	15.0	8.0	cdf	8.0
27	37.5	11.0	cdf	11.5
27	22.5	10.0	cdf	10.0
27	97.5	25.5	cdf	25.5
27	67.5	14.0	cdf	14.0
27	30.0	11.0	cdf	11.0
27	105.0	28.0	cdf	28.0
27	150.0	33.0	cdf	33.0
27	90.0	22.0	cdf	22.0
27	82.5	18.5	cdf	18.5
27	112.5	30.0	cdf	30.0
27	60.0	12.5	cdf	13.0
27	157.5	33.0	cdf	34.0
27	172.5	38.5	cdf	38.5
27	97.5	25.5	cdf	25.5
27	37.5	11.5	cdf	11.5
27	82.5	18.5	cdf	18.5
27	127.5	31.5	cdf	31.5
27	75.0	16.0	cdf	16.0
27	90.0	22.0	cdf	22.0
27	60.0	11.5	cdf	13.0
27	150.0	32.5	cdf	33.0
27	22.5	10.0	cdf	10.0
27	15.0	8.5	cdf	8.0
27	7.5	5.5	cdf	5.5
27	67.5	14.0	cdf	14.0
27	30.0	11.0	cdf	11.0
27	112.5	30.0	cdf	30.0
27	165.0	36.0	cdf	36.0
27	120.0	31.0	cdf	31.0
27	52.5	12.5	cdf	12.5
27	105.0	28.0	cdf	28.0
27	142.5	32.0	cdf	32.5
27	45.0	12.0	cdf	12.0
27	135.0	32.0	cdf	32.0
27	97.5	25.5	cdf	25.5
27	157.5	34.0	cdf	34.0
27	150.0	32.5	cdf	33.0
27	172.5	38.5	cdf	38.5
27	22.5	10.0	cdf	10.0
27	105.0	28.0	cdf	28.0
27	7.5	5.5	cdf	5.5
27	90.0	22.0	cdf	22.0
27	45.0	12.0	cdf	12.0
27	30.0	11.0	cdf	11.0
27	120.0	31.0	cdf	31.0
27	112.5	30.0	cdf	30.0
27	165.0	34.0	cdf	36.0
27	15.0	8.0	cdf	8.0
27	37.5	11.5	cdf	11.5
27	52.5	12.5	cdf	12.5
27	127.5	31.5	cdf	31.5
27	75.0	16.0	cdf	16.0
27	142.5	32.0	cdf	32.5
27	135.0	32.0	cdf	32.0
27	60.0	12.5	cdf	13.0
27	82.5	18.5	cdf	18.5
27	67.5	14.0	cdf	14.0
27	165.0	36.0	cdf	36.0
27	37.5	11.5	cdf	11.5
27	67.5	14.0	cdf	14.0
27	60.0	13.5	cdf	13.0
27	150.0	32.5	cdf	33.0
27	15.0	8.0	cdf	8.0
27	142.5	32.0	cdf	32.5
27	112.5	28.0	cdf	30.0
27	97.5	25.5	cdf	25.5
27	22.5	10.0	cdf	10.0
27	127.5	31.5	cdf	31.5
27	52.5	12.5	cdf	12.5
27	90.0	22.5	cdf	22.0
27	172.5	38.5	cdf	38.5
27	105.0	28.0	cdf	28.0
27	45.0	12.0	cdf	12.0
27	120.0	31.0	cdf	31.0
27	135.0	31.5	cdf	32.0
27	30.0	11.0	cdf	11.0
27	82.5	18.5	cdf	18.5
27	7.5	5.5	cdf	5.5
27	157.5	33.0	cdf	34.0
28	127.5	31.0	cdf	31.5
28	37.5	10.5	cdf	11.5
28	105.0	25.5	cdf	28.0
28	67.5	13.5	cdf	14.0
28	60.0	11.5	cdf	13.0
28	172.5	38.5	cdf	38.5
28	30.0	10.0	cdf	11.0
28	150.0	34.0	cdf	33.0
28	15.0	7.5	cdf	8.0
28	45.0	11.5	cdf	12.0
28	75.0	15.0	cdf	16.0
28	112.5	28.0	cdf	30.0
28	7.5	5.0	cdf	5.5
28	90.0	22.0	cdf	22.0
28	142.5	33.5	cdf	32.5
28	22.5	9.0	cdf	10.0
28	157.5	36.0	cdf	34.0
28	150.0	34.0	cdf	33.0
28	75.0	14.0	cdf	16.0
28	7.5	5.5	cdf	5.5
28	105.0	25.0	cdf	28.0
28	90.0	21.5	cdf	22.0
28	127.5	31.0	cdf	31.5
28	97.5	25.0	cdf	25.5
28	22.5	8.0	cdf	10.0
28	120.0	32.0	cdf	31.0
28	37.5	11.0	cdf	11.5
28	52.5	12.0	cdf	12.5
28	15.0	6.5	cdf	8.0
28	135.0	33.5	cdf	32.0
28	67.5	14.0	cdf	14.0
28	112.5	30.5	cdf	30.0
28	30.0	10.0	cdf	11.0
28	45.0	14.5	cdf	12.0
28	165.0	36.0	cdf	36.0
28	60.0	16.0	cdf	13.0
28	172.5	38.5	cdf	38.5
28	142.5	33.0	cdf	32.5
28	82.5	17.0	cdf	18.5
28	82.5	18.0	cdf	18.5
28	30.0	10.5	cdf	11.0
28	105.0	28.5	cdf	28.0
28	112.5	33.5	cdf	30.0
28	67.5	13.0	cdf	14.0
28	45.0	14.0	cdf	12.0
28	75.0	13.5	cdf	16.0
28	22.5	9.0	cdf	10.0
28	90.0	22.0	cdf	22.0
28	37.5	10.5	cdf	11.5
28	165.0	36.0	cdf	36.0
28	15.0	9.0	cdf	8.0
28	60.0	10.5	cdf	13.0
28	142.5	33.5	cdf	32.5
28	135.0	32.0	cdf	32.0
28	172.5	37.0	cdf	38.5
28	127.5	32.5	cdf	31.5
28	52.5	12.5	cdf	12.5
28	150.0	36.0	cdf	33.0
28	97.5	26.0	cdf	25.5
28	120.0	32.0	cdf	31.0
28	67.5	13.5	cdf	14.0
28	90.0	21.5	cdf	22.0
28	37.5	11.5	cdf	11.5
28	157.5	35.5	cdf	34.0
28	120.0	32.0	cdf	31.0
28	127.5	32.0	cdf	31.5
28	45.0	12.0	cdf	12.0
28	82.5	16.0	cdf	18.5
28	22.5	8.0	cdf	10.0
28	7.5	5.5	cdf	5.5
28	15.0	7.5	cdf	8.0
28	150.0	34.0	cdf	33.0
28	30.0	11.0	cdf	11.0
28	142.5	34.5	cdf	32.5
28	60.0	13.0	cdf	13.0
28	75.0	14.0	cdf	16.0
28	97.5	25.5	cdf	25.5
28	165.0	35.5	cdf	36.0
28	52.5	12.0	cdf	12.5
28	112.5	30.0	cdf	30.0
28	105.0	27.5	cdf	28.0
28	135.0	32.0	cdf	32.0
28	172.5	37.0	cdf	38.5
28	165.0	36.5	cdf	36.0
28	172.5	38.5	cdf	38.5
28	90.0	22.0	cdf	22.0
28	97.5	25.5	cdf	25.5
28	30.0	12.0	cdf	11.0
28	157.5	35.5	cdf	34.0
28	127.5	32.0	cdf	31.5
28	45.0	11.5	cdf	12.0
28	105.0	26.0	cdf	28.0
28	22.5	8.5	cdf	10.0
28	60.0	17.0	cdf	13.0
28	150.0	36.0	cdf	33.0
28	15.0	8.5	cdf	8.0
28	52.5	11.0	cdf	12.5
28	82.5	18.0	cdf	18.5
28	37.5	11.0	cdf	11.5
28	7.5	6.5	cdf	5.5
28	142.5	34.0	cdf	32.5
28	135.0	34.0	cdf	32.0
28	67.5	14.5	cdf	14.0
28	112.5	31.5	cdf	30.0
28	112.5	31.0	cdf	30.0
28	75.0	16.0	cdf	16.0
28	22.5	10.0	cdf	10.0
28	172.5	38.0	cdf	38.5
28	142.5	34.0	cdf	32.5
28	60.0	13.5	cdf	13.0
28	105.0	30.0	cdf	28.0
28	37.5	11.0	cdf	11.5
28	30.0	11.0	cdf	11.0
28	120.0	33.0	cdf	31.0
28	97.5	25.0	cdf	25.5
28	135.0	34.5	cdf	32.0
28	165.0	36.0	cdf	36.0
28	7.5	7.5	cdf	5.5
28	67.5	13.0	cdf	14.0
28	127.5	32.0	cdf	31.5
28	150.0	33.5	cdf	33.0
28	82.5	18.5	cdf	18.5
28	45.0	13.5	cdf	12.0
28	52.5	14.0	cdf	12.5
28	15.0	7.5	cdf	8.0
28	157.5	36.0	cdf	34.0
28	37.5	11.5	cdf	11.5
28	105.0	31.0	cdf	28.0
28	112.5	30.5	cdf	30.0
28	120.0	32.0	cdf	31.0
28	97.5	24.5	cdf	25.5
28	15.0	8.0	cdf	8.0
28	75.0	13.0	cdf	16.0
28	127.5	33.0	cdf	31.5
28	172.5	38.5	cdf	38.5
28	60.0	13.0	cdf	13.0
28	150.0	35.0	cdf	33.0
28	82.5	18.0	cdf	18.5
28	45.0	11.0	cdf	12.0
28	157.5	36.0	cdf	34.0
28	30.0	11.0	cdf	11.0
28	52.5	11.5	cdf	12.5
28	22.5	10.0	cdf	10.0
28	67.5	14.0	cdf	14.0
28	142.5	33.5	cdf	32.5
28	7.5	14.0	cdf	5.5
28	90.0	22.0	cdf	22.0
28	135.0	34.0	cdf	32.0
28	165.0	36.0	cdf	36.0
28	150.0	33.5	cdf	33.0
28	142.5	34.0	cdf	32.5
28	157.5	35.5	cdf	34.0
28	37.5	11.5	cdf	11.5
28	22.5	8.0	cdf	10.0
28	105.0	28.0	cdf	28.0
28	75.0	16.5	cdf	16.0
28	172.5	38.5	cdf	38.5
28	15.0	8.5	cdf	8.0
28	7.5	8.0	cdf	5.5
28	67.5	14.0	cdf	14.0
28	82.5	17.5	cdf	18.5
28	97.5	28.0	cdf	25.5
28	30.0	10.0	cdf	11.0
28	52.5	12.5	cdf	12.5
28	60.0	12.5	cdf	13.0
28	112.5	31.5	cdf	30.0
28	127.5	33.5	cdf	31.5
28	45.0	12.0	cdf	12.0
28	90.0	21.5	cdf	22.0
28	120.0	32.0	cdf	31.0
28	157.5	39.5	inverse_cdf	40.0
28	120.0	26.0	inverse_cdf	25.5
28	30.0	10.0	inverse_cdf	5.0
28	172.5	41.5	inverse_cdf	41.5
28	45.0	11.0	inverse_cdf	11.5
28	7.5	2.5	inverse_cdf	2.5
28	97.5	22.5	inverse_cdf	22.5
28	127.5	32.0	inverse_cdf	28.0
28	52.5	18.0	inverse_cdf	16.0
28	75.0	19.5	inverse_cdf	21.0
28	90.0	22.0	inverse_cdf	22.0
28	15.0	3.5	inverse_cdf	3.0
28	37.5	10.5	inverse_cdf	7.5
28	142.5	35.5	inverse_cdf	36.5
28	60.0	19.5	inverse_cdf	18.5
28	82.5	21.5	inverse_cdf	21.5
28	22.5	5.5	inverse_cdf	4.0
28	150.0	38.0	inverse_cdf	39.0
28	60.0	17.0	inverse_cdf	18.5
28	45.0	15.5	inverse_cdf	11.5
28	135.0	33.0	inverse_cdf	32.5
28	52.5	11.0	inverse_cdf	16.0
28	150.0	40.5	inverse_cdf	39.0
28	127.5	28.5	inverse_cdf	28.0
28	172.5	35.5	inverse_cdf	41.5
28	112.5	25.5	inverse_cdf	24.0
28	37.5	11.5	inverse_cdf	7.5
28	165.0	41.5	inverse_cdf	41.0
28	7.5	1.5	inverse_cdf	2.5
28	120.0	28.5	inverse_cdf	25.5
28	82.5	19.0	inverse_cdf	21.5
28	30.0	7.5	inverse_cdf	5.0
28	90.0	22.0	inverse_cdf	22.0
28	105.0	23.0	inverse_cdf	23.0
28	15.0	3.0	inverse_cdf	3.0
28	75.0	20.0	inverse_cdf	21.0
28	30.0	6.5	inverse_cdf	5.0
28	150.0	38.5	inverse_cdf	39.0
28	127.5	32.0	inverse_cdf	28.0
28	7.5	2.0	inverse_cdf	2.5
28	82.5	19.5	inverse_cdf	21.5
28	172.5	41.0	inverse_cdf	41.5
28	67.5	21.5	inverse_cdf	20.0
28	60.0	11.0	inverse_cdf	18.5
28	90.0	20.5	inverse_cdf	22.0
28	135.0	35.5	inverse_cdf	32.5
28	105.0	25.0	inverse_cdf	23.0
28	22.5	4.5	inverse_cdf	4.0
28	75.0	28.5	inverse_cdf	21.0
28	157.5	37.5	inverse_cdf	40.0
28	142.5	35.5	inverse_cdf	36.5
28	37.5	11.0	inverse_cdf	7.5
28	112.5	25.0	inverse_cdf	24.0
28	45.0	12.0	inverse_cdf	11.5
28	165.0	40.0	inverse_cdf	41.0
28	52.5	15.5	inverse_cdf	16.0
28	172.5	40.5	inverse_cdf	41.5
28	135.0	36.0	inverse_cdf	32.5
28	97.5	24.5	inverse_cdf	22.5
28	105.0	24.5	inverse_cdf	23.0
28	60.0	12.5	inverse_cdf	18.5
28	127.5	29.0	inverse_cdf	28.0
28	112.5	26.5	inverse_cdf	24.0
28	7.5	3.5	inverse_cdf	2.5
28	165.0	39.0	inverse_cdf	41.0
28	142.5	37.5	inverse_cdf	36.5
28	90.0	22.0	inverse_cdf	22.0
28	82.5	20.0	inverse_cdf	21.5
28	120.0	28.5	inverse_cdf	25.5
28	15.0	3.0	inverse_cdf	3.0
28	30.0	4.5	inverse_cdf	5.0
28	67.5	17.0	inverse_cdf	20.0
28	75.0	20.0	inverse_cdf	21.0
28	37.5	18.0	inverse_cdf	7.5
28	82.5	20.0	inverse_cdf	21.5
28	67.5	16.0	inverse_cdf	20.0
28	97.5	23.0	inverse_cdf	22.5
28	120.0	35.0	inverse_cdf	25.5
28	30.0	8.0	inverse_cdf	5.0
28	45.0	10.5	inverse_cdf	11.5
28	37.5	9.0	inverse_cdf	7.5
28	157.5	34.0	inverse_cdf	40.0
28	22.5	12.0	inverse_cdf	4.0
28	142.5	39.0	inverse_cdf	36.5
28	165.0	41.0	inverse_cdf	41.0
28	127.5	31.5	inverse_cdf	28.0
28	150.0	36.5	inverse_cdf	39.0
28	135.0	37.5	inverse_cdf	32.5
28	52.5	11.0	inverse_cdf	16.0
28	75.0	41.0	inverse_cdf	21.0
28	15.0	2.5	inverse_cdf	3.0
28	90.0	22.0	inverse_cdf	22.0
28	7.5	3.0	inverse_cdf	2.5
28	105.0	26.5	inverse_cdf	23.0
28	75.0	19.5	inverse_cdf	21.0
28	60.0	11.5	inverse_cdf	18.5
28	7.5	3.0	inverse_cdf	2.5
28	142.5	39.0	inverse_cdf	36.5
28	150.0	37.0	inverse_cdf	39.0
28	82.5	20.5	inverse_cdf	21.5
28	45.0	5.0	inverse_cdf	11.5
28	157.5	38.0	inverse_cdf	40.0
28	67.5	18.5	inverse_cdf	20.0
28	172.5	40.5	inverse_cdf	41.5
28	165.0	38.5	inverse_cdf	41.0
28	127.5	33.5	inverse_cdf	28.0
28	30.0	4.5	inverse_cdf	5.0
28	37.5	7.5	inverse_cdf	7.5
28	15.0	4.0	inverse_cdf	3.0
28	120.0	37.0	inverse_cdf	25.5
28	97.5	24.5	inverse_cdf	22.5
28	90.0	21.0	inverse_cdf	22.0
28	52.5	15.5	inverse_cdf	16.0
28	22.5	6.0	inverse_cdf	4.0
28	90.0	22.0	inverse_cdf	22.0
28	112.5	27.5	inverse_cdf	24.0
28	135.0	33.0	inverse_cdf	32.5
28	52.5	11.5	inverse_cdf	16.0
28	22.5	4.0	inverse_cdf	4.0
28	75.0	20.0	inverse_cdf	21.0
28	82.5	21.5	inverse_cdf	21.5
28	97.5	22.5	inverse_cdf	22.5
28	165.0	38.5	inverse_cdf	41.0
28	45.0	6.0	inverse_cdf	11.5
28	120.0	36.0	inverse_cdf	25.5
28	7.5	3.0	inverse_cdf	2.5
28	30.0	1.0	inverse_cdf	5.0
28	15.0	3.0	inverse_cdf	3.0
28	67.5	15.0	inverse_cdf	20.0
28	127.5	29.0	inverse_cdf	28.0
28	157.5	30.0	inverse_cdf	40.0
28	172.5	41.5	inverse_cdf	41.5
28	60.0	9.0	inverse_cdf	18.5
28	142.5	36.0	inverse_cdf	36.5
28	105.0	25.0	inverse_cdf	23.0
28	157.5	39.0	inverse_cdf	40.0
28	37.5	7.5	inverse_cdf	7.5
28	45.0	4.5	inverse_cdf	11.5
28	82.5	20.5	inverse_cdf	21.5
28	142.5	37.0	inverse_cdf	36.5
28	22.5	6.5	inverse_cdf	4.0
28	127.5	28.0	inverse_cdf	28.0
28	135.0	34.0	inverse_cdf	32.5
28	112.5	27.0	inverse_cdf	24.0
28	15.0	1.5	inverse_cdf	3.0
28	7.5	3.0	inverse_cdf	2.5
28	52.5	15.5	inverse_cdf	16.0
28	120.0	25.5	inverse_cdf	25.5
28	150.0	28.0	inverse_cdf	39.0
28	30.0	5.0	inverse_cdf	5.0
29	30.0	6.5	inverse_cdf	5.0
29	127.5	28.0	inverse_cdf	28.0
29	150.0	41.0	inverse_cdf	39.0
29	60.0	20.0	inverse_cdf	18.5
29	82.5	20.5	inverse_cdf	21.5
29	45.0	7.0	inverse_cdf	11.5
29	172.5	42.0	inverse_cdf	41.5
29	105.0	23.0	inverse_cdf	23.0
29	15.0	3.5	inverse_cdf	3.0
29	37.5	7.0	inverse_cdf	7.5
29	90.0	22.0	inverse_cdf	22.0
29	22.5	4.5	inverse_cdf	4.0
29	52.5	17.5	inverse_cdf	16.0
29	97.5	22.5	inverse_cdf	22.5
29	120.0	27.5	inverse_cdf	25.5
29	7.5	2.5	inverse_cdf	2.5
29	112.5	24.0	inverse_cdf	24.0
29	67.5	20.0	inverse_cdf	20.0
29	75.0	21.0	inverse_cdf	21.0
29	112.5	23.5	inverse_cdf	24.0
29	37.5	7.0	inverse_cdf	7.5
29	150.0	40.5	inverse_cdf	39.0
29	45.0	16.0	inverse_cdf	11.5
29	105.0	23.0	inverse_cdf	23.0
29	135.0	35.5	inverse_cdf	32.5
29	90.0	22.0	inverse_cdf	22.0
29	172.5	41.5	inverse_cdf	41.5
29	60.0	18.5	inverse_cdf	18.5
29	97.5	23.0	inverse_cdf	22.5
29	7.5	2.5	inverse_cdf	2.5
29	30.0	4.0	inverse_cdf	5.0
29	82.5	21.5	inverse_cdf	21.5
29	22.5	3.5	inverse_cdf	4.0
29	127.5	32.0	inverse_cdf	28.0
29	120.0	28.0	inverse_cdf	25.5
29	165.0	41.0	inverse_cdf	41.0
29	67.5	21.0	inverse_cdf	20.0
29	75.0	21.0	inverse_cdf	21.0
29	52.5	16.0	inverse_cdf	16.0
29	15.0	3.0	inverse_cdf	3.0
29	142.5	36.0	inverse_cdf	36.5
29	157.5	40.0	inverse_cdf	40.0
29	112.5	24.0	inverse_cdf	24.0
29	67.5	20.0	inverse_cdf	20.0
29	22.5	4.0	inverse_cdf	4.0
29	30.0	5.5	inverse_cdf	5.0
29	7.5	2.5	inverse_cdf	2.5
29	135.0	32.5	inverse_cdf	32.5
29	37.5	11.5	inverse_cdf	7.5
29	15.0	2.5	inverse_cdf	3.0
29	52.5	18.5	inverse_cdf	16.0
29	105.0	23.0	inverse_cdf	23.0
29	82.5	21.5	inverse_cdf	21.5
29	60.0	18.0	inverse_cdf	18.5
29	172.5	42.0	inverse_cdf	41.5
29	45.0	11.5	inverse_cdf	11.5
29	127.5	28.0	inverse_cdf	28.0
29	142.5	38.5	inverse_cdf	36.5
29	165.0	40.5	inverse_cdf	41.0
29	75.0	21.0	inverse_cdf	21.0
29	90.0	22.0	inverse_cdf	22.0
29	97.5	22.5	inverse_cdf	22.5
29	150.0	40.0	inverse_cdf	39.0
29	120.0	28.0	inverse_cdf	25.5
29	150.0	40.0	inverse_cdf	39.0
29	7.5	3.0	inverse_cdf	2.5
29	127.5	33.0	inverse_cdf	28.0
29	67.5	20.0	inverse_cdf	20.0
29	165.0	41.0	inverse_cdf	41.0
29	15.0	3.0	inverse_cdf	3.0
29	82.5	21.5	inverse_cdf	21.5
29	97.5	22.5	inverse_cdf	22.5
29	52.5	16.0	inverse_cdf	16.0
29	112.5	24.0	inverse_cdf	24.0
29	105.0	23.0	inverse_cdf	23.0
29	60.0	18.5	inverse_cdf	18.5
29	157.5	41.0	inverse_cdf	40.0
29	120.0	28.0	inverse_cdf	25.5
29	30.0	5.0	inverse_cdf	5.0
29	90.0	22.0	inverse_cdf	22.0
29	45.0	11.0	inverse_cdf	11.5
29	75.0	21.0	inverse_cdf	21.0
29	22.5	4.0	inverse_cdf	4.0
29	172.5	41.5	inverse_cdf	41.5
29	7.5	2.5	inverse_cdf	2.5
29	22.5	4.0	inverse_cdf	4.0
29	90.0	22.0	inverse_cdf	22.0
29	150.0	40.0	inverse_cdf	39.0
29	120.0	27.5	inverse_cdf	25.5
29	165.0	41.0	inverse_cdf	41.0
29	82.5	21.5	inverse_cdf	21.5
29	45.0	11.5	inverse_cdf	11.5
29	75.0	21.0	inverse_cdf	21.0
29	142.5	36.5	inverse_cdf	36.5
29	97.5	23.0	inverse_cdf	22.5
29	15.0	3.0	inverse_cdf	3.0
29	105.0	23.5	inverse_cdf	23.0
29	172.5	41.0	inverse_cdf	41.5
29	112.5	25.5	inverse_cdf	24.0
29	60.0	20.0	inverse_cdf	18.5
29	135.0	32.5	inverse_cdf	32.5
29	30.0	7.5	inverse_cdf	5.0
29	127.5	28.0	inverse_cdf	28.0
29	37.5	11.5	inverse_cdf	7.5
29	52.5	16.0	inverse_cdf	16.0
29	142.5	38.0	inverse_cdf	36.5
29	127.5	28.0	inverse_cdf	28.0
29	150.0	40.0	inverse_cdf	39.0
29	45.0	11.5	inverse_cdf	11.5
29	112.5	24.0	inverse_cdf	24.0
29	90.0	22.0	inverse_cdf	22.0
29	22.5	4.0	inverse_cdf	4.0
29	172.5	41.5	inverse_cdf	41.5
29	7.5	2.5	inverse_cdf	2.5
29	60.0	18.5	inverse_cdf	18.5
29	135.0	36.5	inverse_cdf	32.5
29	82.5	21.5	inverse_cdf	21.5
29	120.0	25.5	inverse_cdf	25.5
29	165.0	41.0	inverse_cdf	41.0
29	67.5	20.0	inverse_cdf	20.0
29	15.0	3.0	inverse_cdf	3.0
29	105.0	23.0	inverse_cdf	23.0
29	52.5	16.0	inverse_cdf	16.0
29	157.5	38.5	inverse_cdf	40.0
29	30.0	5.0	inverse_cdf	5.0
29	97.5	22.5	inverse_cdf	22.5
29	37.5	7.5	inverse_cdf	7.5
29	75.0	21.0	inverse_cdf	21.0
29	22.5	4.0	inverse_cdf	4.0
29	127.5	32.5	inverse_cdf	28.0
29	120.0	25.5	inverse_cdf	25.5
29	142.5	38.0	inverse_cdf	36.5
29	37.5	7.5	inverse_cdf	7.5
29	52.5	16.0	inverse_cdf	16.0
29	45.0	11.5	inverse_cdf	11.5
29	75.0	21.0	inverse_cdf	21.0
29	15.0	3.0	inverse_cdf	3.0
29	90.0	22.0	inverse_cdf	22.0
29	60.0	18.0	inverse_cdf	18.5
29	172.5	41.5	inverse_cdf	41.5
29	7.5	2.5	inverse_cdf	2.5
29	82.5	21.5	inverse_cdf	21.5
29	165.0	41.0	inverse_cdf	41.0
29	150.0	40.0	inverse_cdf	39.0
29	97.5	22.5	inverse_cdf	22.5
29	112.5	23.0	inverse_cdf	24.0
29	157.5	39.0	inverse_cdf	40.0
29	30.0	4.0	inverse_cdf	5.0
29	105.0	23.0	inverse_cdf	23.0
29	135.0	32.5	inverse_cdf	32.5
29	67.5	20.0	inverse_cdf	20.0
29	22.5	4.0	inverse_cdf	4.0
29	15.0	3.0	inverse_cdf	3.0
29	37.5	11.5	inverse_cdf	7.5
29	127.5	27.5	inverse_cdf	28.0
29	67.5	21.0	inverse_cdf	20.0
29	30.0	4.5	inverse_cdf	5.0
29	52.5	16.0	inverse_cdf	16.0
29	112.5	25.5	inverse_cdf	24.0
29	157.5	40.0	inverse_cdf	40.0
29	150.0	40.0	inverse_cdf	39.0
29	82.5	21.5	inverse_cdf	21.5
29	135.0	32.5	inverse_cdf	32.5
29	172.5	41.0	inverse_cdf	41.5
29	97.5	22.5	inverse_cdf	22.5
29	7.5	2.5	inverse_cdf	2.5
29	120.0	28.0	inverse_cdf	25.5
29	75.0	21.0	inverse_cdf	21.0
29	105.0	23.0	inverse_cdf	23.0
29	60.0	16.0	inverse_cdf	18.5
29	165.0	41.5	inverse_cdf	41.0
29	142.5	39.0	inverse_cdf	36.5
29	90.0	22.0	inverse_cdf	22.0
29	45.0	11.5	inverse_cdf	11.5
