subject	session	condition	space	value	value_deg	sd_E	mean_error	mean_abs_error
20	1	cdf	value	2.5		9.229597091674805	9.605070114135742	9.605070114135742
20	1	cdf	value	3.0		8.698311805725098	8.596318244934082	8.596445083618164
20	1	cdf	value	4.0		8.028810501098633	7.831892490386963	7.8649725914001465
20	1	cdf	value	5.0		7.366400241851807	7.074791431427002	7.218550205230713
20	1	cdf	value	5.5		6.983340263366699	6.777220726013184	6.9381818771362305
20	1	cdf	value	7.5		6.12282657623291	5.3471598625183105	5.71847677230835
20	1	cdf	value	8.0		5.815122127532959	4.781466484069824	5.235414505004883
20	1	cdf	value	10.0		4.49992561340332	3.3653173446655273	3.7931900024414062
20	1	cdf	value	11.0		4.228001117706299	2.827042579650879	3.247006416320801
20	1	cdf	value	11.5		4.245448589324951	2.427656650543213	3.050269603729248
20	1	cdf	value	12.0		3.990229845046997	1.9864871501922607	2.696610450744629
20	1	cdf	value	12.5		3.98637318611145	1.5091965198516846	2.583444833755493
20	1	cdf	value	13.0		3.9349191188812256	1.577425479888916	2.6695139408111572
20	1	cdf	value	14.0		4.389928340911865	1.0984808206558228	2.896946668624878
20	1	cdf	value	16.0		4.362915515899658	0.8210954070091248	3.39408540725708
20	1	cdf	value	18.5		4.433448791503906	1.2285622358322144	3.600649833679199
20	1	cdf	value	20.0		4.430782794952393	1.0927562713623047	3.4220163822174072
20	1	cdf	value	21.0		4.218788146972656	1.009101390838623	3.124053478240967
20	1	cdf	value	21.5		4.1775970458984375	0.9581629037857056	3.0193305015563965
20	1	cdf	value	22.0		4.232550621032715	1.0948646068572998	3.062668561935425
20	1	cdf	value	22.5		4.236221790313721	0.7221899628639221	3.013622522354126
20	1	cdf	value	23.0		4.51004695892334	0.5725724101066589	3.1705214977264404
20	1	cdf	value	24.0		4.507556438446045	0.18289195001125336	3.2365806102752686
20	1	cdf	value	25.5		4.568360805511475	-0.23468166589736938	3.4608521461486816
20	1	cdf	value	28.0		4.97727108001709	-0.8748651742935181	3.736398935317993
20	1	cdf	value	30.0		4.970331192016602	-1.8214633464813232	3.5755155086517334
20	1	cdf	value	31.0		5.434952259063721	-2.5238890647888184	3.9787983894348145
20	1	cdf	value	31.5		5.325256824493408	-2.97348690032959	4.081492900848389
20	1	cdf	value	32.0		4.905052661895752	-2.975282669067383	3.852571487426758
20	1	cdf	value	32.5		5.063404560089111	-3.317317485809326	4.090981960296631
20	1	cdf	value	33.0		5.326452255249023	-4.095248222351074	4.737957954406738
20	1	cdf	value	34.0		5.289209842681885	-4.224911212921143	4.798210144042969
20	1	cdf	value	36.0		6.0824875831604	-5.907450199127197	6.174346446990967
20	1	cdf	value	36.5		6.229671001434326	-5.945445537567139	6.306464195251465
20	1	cdf	value	38.5		6.932763576507568	-7.065371513366699	7.189103603363037
20	1	cdf	value	39.0		6.790341377258301	-6.711772441864014	6.817752838134766
20	1	cdf	value	40.0		7.563537120819092	-7.54656457901001	7.570124626159668
20	1	cdf	value	41.0		7.720293998718262	-8.487410545349121	8.487410545349121
20	1	cdf	value	41.5		7.210130214691162	-8.229557037353516	8.229557037353516
20	2	inverse_cdf	value	2.5		8.94635009765625	8.655433654785156	8.655433654785156
20	2	inverse_cdf	value	3.0		8.359820365905762	7.837555885314941	7.840853691101074
20	2	inverse_cdf	value	4.0		7.560149192810059	6.535654067993164	6.613686561584473
20	2	inverse_cdf	value	5.0		7.161060810089111	5.908982276916504	6.114630699157715
20	2	inverse_cdf	value	5.5		7.081612586975098	5.594581127166748	5.839556694030762
20	2	inverse_cdf	value	7.5		5.500133514404297	4.355234146118164	4.777632713317871
20	2	inverse_cdf	value	8.0		5.656489372253418	4.177587985992432	4.730440616607666
20	2	inverse_cdf	value	10.0		4.3609538078308105	2.9237167835235596	3.4625253677368164
20	2	inverse_cdf	value	11.0		4.1045122146606445	2.3571372032165527	2.9512107372283936
20	2	inverse_cdf	value	11.5		3.836261510848999	1.6802645921707153	2.4079790115356445
20	2	inverse_cdf	value	12.0		3.832057237625122	1.6290786266326904	2.441525459289551
20	2	inverse_cdf	value	12.5		3.927342414855957	1.4208608865737915	2.4422950744628906
20	2	inverse_cdf	value	13.0		3.6834089756011963	1.0870712995529175	2.375019073486328
20	2	inverse_cdf	value	14.0		3.8590645790100098	0.6625800728797913	2.5983197689056396
20	2	inverse_cdf	value	16.0		4.20500373840332	0.7451189160346985	3.2893784046173096
20	2	inverse_cdf	value	18.5		4.087300777435303	1.0316499471664429	3.241781234741211
20	2	inverse_cdf	value	20.0		4.147103309631348	1.2197648286819458	3.158207416534424
20	2	inverse_cdf	value	21.0		4.009617328643799	0.8347427248954773	2.9176113605499268
20	2	inverse_cdf	value	21.5		3.9575886726379395	0.7179765105247498	2.7656290531158447
20	2	inverse_cdf	value	22.0		3.9311635494232178	0.5691272616386414	2.627920389175415
20	2	inverse_cdf	value	22.5		4.058051109313965	0.23461459577083588	2.6512341499328613
20	2	inverse_cdf	value	23.0		4.062839508056641	0.24089625477790833	2.7067606449127197
20	2	inverse_cdf	value	24.0		4.145401954650879	-0.01682288385927677	2.938321352005005
20	2	inverse_cdf	value	25.5		4.656681537628174	-0.4638967514038086	3.4501097202301025
20	2	inverse_cdf	value	28.0		5.09281063079834	-1.1705210208892822	3.8329670429229736
20	2	inverse_cdf	value	30.0		4.945538520812988	-1.6472578048706055	3.5453884601593018
20	2	inverse_cdf	value	31.0		4.946127414703369	-2.221245527267456	3.674083709716797
20	2	inverse_cdf	value	31.5		4.9067487716674805	-2.190627336502075	3.4813039302825928
20	2	inverse_cdf	value	32.0		5.188443183898926	-2.7331860065460205	3.8079800605773926
20	2	inverse_cdf	value	32.5		5.37998628616333	-3.0883238315582275	3.9618077278137207
20	2	inverse_cdf	value	33.0		5.089264392852783	-2.952958106994629	3.863163709640503
20	2	inverse_cdf	value	34.0		5.674536228179932	-3.8395497798919678	4.581358909606934
20	2	inverse_cdf	value	36.0		6.106542587280273	-4.76261568069458	5.291313648223877
20	2	inverse_cdf	value	36.5		5.9816179275512695	-4.654416084289551	5.209010601043701
20	2	inverse_cdf	value	38.5		6.815053939819336	-5.610851764678955	5.8639912605285645
20	2	inverse_cdf	value	39.0		6.730024814605713	-5.92003059387207	6.1011152267456055
20	2	inverse_cdf	value	40.0		6.925551414489746	-6.191914081573486	6.227191925048828
20	2	inverse_cdf	value	41.0		7.241454124450684	-7.025251865386963	7.025251865386963
20	2	inverse_cdf	value	41.5		7.541029453277588	-7.484443664550781	7.484443664550781
03	1	inverse_cdf	value	2.5		7.5922136306762695	8.77590274810791	8.77590274810791
03	1	inverse_cdf	value	3.0		7.569036483764648	8.314215660095215	8.314237594604492
03	1	inverse_cdf	value	4.0		6.344936370849609	6.344085216522217	6.377184867858887
03	1	inverse_cdf	value	5.0		6.302605152130127	5.580049514770508	5.649775505065918
03	1	inverse_cdf	value	5.5		5.4776787757873535	4.676643371582031	4.837571144104004
03	1	inverse_cdf	value	7.5		5.588829040527344	3.5783472061157227	4.1444902420043945
03	1	inverse_cdf	value	8.0		4.8256516456604	2.921968460083008	3.694209575653076
03	1	inverse_cdf	value	10.0		5.002447128295898	2.7526800632476807	3.7631678581237793
03	1	inverse_cdf	value	11.0		5.1316914558410645	2.591917037963867	3.683255434036255
03	1	inverse_cdf	value	11.5		4.8027191162109375	2.1153147220611572	3.3673644065856934
03	1	inverse_cdf	value	12.0		5.029031276702881	2.2454633712768555	3.5197486877441406
03	1	inverse_cdf	value	12.5		5.4754719734191895	2.337831497192383	3.7996654510498047
03	1	inverse_cdf	value	13.0		5.2537689208984375	2.403249502182007	3.919801712036133
03	1	inverse_cdf	value	14.0		5.49627161026001	2.203233003616333	4.105712413787842
03	1	inverse_cdf	value	16.0		5.283280849456787	2.022423028945923	4.179108142852783
03	1	inverse_cdf	value	18.5		4.683450222015381	1.2189868688583374	3.6474902629852295
03	1	inverse_cdf	value	20.0		4.661438941955566	1.2214560508728027	3.4543607234954834
03	1	inverse_cdf	value	21.0		4.548283100128174	0.3401363492012024	3.221513509750366
03	1	inverse_cdf	value	21.5		4.746959686279297	-0.07367569953203201	3.2976646423339844
03	1	inverse_cdf	value	22.0		4.730130672454834	0.18989761173725128	3.2856476306915283
03	1	inverse_cdf	value	22.5		4.672982215881348	-0.3132629692554474	3.3106484413146973
03	1	inverse_cdf	value	23.0		4.84043025970459	-0.4048440456390381	3.4222216606140137
03	1	inverse_cdf	value	24.0		5.026996612548828	-1.0294147729873657	3.7643210887908936
03	1	inverse_cdf	value	25.5		5.189328670501709	-0.8853427767753601	4.094690322875977
03	1	inverse_cdf	value	28.0		5.471255302429199	-1.5367414951324463	4.2711710929870605
03	1	inverse_cdf	value	30.0		5.204934120178223	-1.309579610824585	3.6735680103302
03	1	inverse_cdf	value	31.0		5.135106563568115	-1.7386232614517212	3.519989013671875
03	1	inverse_cdf	value	31.5		5.190033912658691	-1.8350422382354736	3.4900503158569336
03	1	inverse_cdf	value	32.0		5.154838562011719	-2.0549721717834473	3.4895777702331543
03	1	inverse_cdf	value	32.5		5.034032344818115	-2.131201982498169	3.27054500579834
03	1	inverse_cdf	value	33.0		5.317643165588379	-2.665703535079956	3.7370362281799316
03	1	inverse_cdf	value	34.0		5.273586273193359	-2.834094285964966	3.8027079105377197
03	1	inverse_cdf	value	36.0		5.087189197540283	-3.655346632003784	4.224810600280762
03	1	inverse_cdf	value	36.5		5.882543563842773	-4.275482654571533	4.792756080627441
03	1	inverse_cdf	value	38.5		6.28765869140625	-5.8372697830200195	5.9590373039245605
03	1	inverse_cdf	value	39.0		6.3575897216796875	-6.067692756652832	6.156153678894043
03	1	inverse_cdf	value	40.0		6.405880451202393	-6.983211517333984	6.989722728729248
03	1	inverse_cdf	value	41.0		6.429807186126709	-8.021495819091797	8.021495819091797
03	1	inverse_cdf	value	41.5		6.860647201538086	-8.562990188598633	8.562990188598633
03	2	cdf	value	2.5		7.222966194152832	7.763280391693115	7.763280391693115
03	2	cdf	value	3.0		6.902125835418701	7.104592800140381	7.104739189147949
03	2	cdf	value	4.0		6.409724235534668	6.050721168518066	6.096931457519531
03	2	cdf	value	5.0		5.968993186950684	5.314611434936523	5.431478977203369
03	2	cdf	value	5.5		5.829937934875488	4.520298480987549	4.726853370666504
03	2	cdf	value	7.5		5.104336738586426	3.0786094665527344	3.753842830657959
03	2	cdf	value	8.0		4.681384563446045	2.606332540512085	3.4669291973114014
03	2	cdf	value	10.0		5.559309482574463	2.8981359004974365	4.084024906158447
03	2	cdf	value	11.0		5.08396053314209	2.333430767059326	3.643143653869629
03	2	cdf	value	11.5		5.427567958831787	2.4982919692993164	3.8828845024108887
03	2	cdf	value	12.0		5.610914707183838	2.6327149868011475	3.9787721633911133
03	2	cdf	value	12.5		5.426694393157959	2.5191216468811035	3.975189208984375
03	2	cdf	value	13.0		5.534030437469482	2.7182538509368896	4.159834861755371
03	2	cdf	value	14.0		5.592312812805176	2.226712703704834	4.171014785766602
03	2	cdf	value	16.0		5.096835136413574	2.3272461891174316	4.100478172302246
03	2	cdf	value	18.5		4.692742347717285	1.6322462558746338	3.7104992866516113
03	2	cdf	value	20.0		4.506105899810791	0.7638928890228271	3.3034088611602783
03	2	cdf	value	21.0		4.61155366897583	0.6545509099960327	3.1417431831359863
03	2	cdf	value	21.5		4.292057514190674	0.4715527594089508	2.980245590209961
03	2	cdf	value	22.0		4.612913131713867	0.23710395395755768	3.2242884635925293
03	2	cdf	value	22.5		4.569174289703369	0.007753852754831314	3.1483206748962402
03	2	cdf	value	23.0		4.577702522277832	-0.43487095832824707	3.21201753616333
03	2	cdf	value	24.0		4.649463653564453	-0.6528781652450562	3.440725088119507
03	2	cdf	value	25.5		5.3753485679626465	-1.2617595195770264	4.2095770835876465
03	2	cdf	value	28.0		5.363255500793457	-1.5823843479156494	4.178004741668701
03	2	cdf	value	30.0		4.9959259033203125	-1.3486013412475586	3.6243646144866943
03	2	cdf	value	31.0		5.43925142288208	-2.0933432579040527	3.795149326324463
03	2	cdf	value	31.5		5.060605049133301	-1.7542402744293213	3.3408877849578857
03	2	cdf	value	32.0		5.027293682098389	-2.0497772693634033	3.419718027114868
03	2	cdf	value	32.5		4.840098857879639	-1.9376440048217773	3.2580313682556152
03	2	cdf	value	33.0		5.02709436416626	-2.448287010192871	3.4802610874176025
03	2	cdf	value	34.0		5.112948417663574	-2.9924135208129883	3.8377015590667725
03	2	cdf	value	36.0		5.507914066314697	-3.6916303634643555	4.332999229431152
03	2	cdf	value	36.5		5.39822244644165	-3.8611133098602295	4.384438514709473
03	2	cdf	value	38.5		5.833349227905273	-5.114956855773926	5.296558380126953
03	2	cdf	value	39.0		5.772293567657471	-5.249000549316406	5.358194351196289
03	2	cdf	value	40.0		6.113719463348389	-6.789306640625	6.797229290008545
03	2	cdf	value	41.0		6.984355449676514	-8.039433479309082	8.039433479309082
03	2	cdf	value	41.5		6.996496200561523	-8.437577247619629	8.437577247619629
27	1	inverse_cdf	value	2.5		4.56640100479126	3.3138935565948486	3.3138935565948486
27	1	inverse_cdf	value	3.0		4.2860107421875	3.047344207763672	3.0495455265045166
27	1	inverse_cdf	value	4.0		4.202466011047363	2.4482674598693848	2.625458002090454
27	1	inverse_cdf	value	5.0		4.191380977630615	1.9012689590454102	2.4314234256744385
27	1	inverse_cdf	value	5.5		4.361194610595703	1.8056617975234985	2.5140585899353027
27	1	inverse_cdf	value	7.5		4.213081359863281	1.0639755725860596	2.7693798542022705
27	1	inverse_cdf	value	8.0		4.321011543273926	1.1555424928665161	2.8627729415893555
27	1	inverse_cdf	value	10.0		3.788731098175049	1.8185495138168335	2.905027389526367
27	1	inverse_cdf	value	11.0		4.436941146850586	2.337307929992676	3.081164598464966
27	1	inverse_cdf	value	11.5		3.9612371921539307	2.053464889526367	2.718031167984009
27	1	inverse_cdf	value	12.0		3.9411375522613525	1.686224341392517	2.4391372203826904
27	1	inverse_cdf	value	12.5		4.358953952789307	1.8430982828140259	2.597993850708008
27	1	inverse_cdf	value	13.0		4.180692672729492	1.5539206266403198	2.446216344833374
27	1	inverse_cdf	value	14.0		4.399980545043945	1.0592613220214844	2.7211737632751465
27	1	inverse_cdf	value	16.0		4.918944835662842	0.5537815093994141	3.6102592945098877
27	1	inverse_cdf	value	18.5		4.67406702041626	0.6600725054740906	3.55307674407959
27	1	inverse_cdf	value	20.0		4.339634418487549	0.865937352180481	3.1294476985931396
27	1	inverse_cdf	value	21.0		4.056364059448242	0.39669525623321533	2.646587371826172
27	1	inverse_cdf	value	21.5		3.9670422077178955	0.6496293544769287	2.4058377742767334
27	1	inverse_cdf	value	22.0		3.9235150814056396	0.39330151677131653	2.2278647422790527
27	1	inverse_cdf	value	22.5		3.6886303424835205	-0.01521767396479845	2.08817458152771
27	1	inverse_cdf	value	23.0		3.7434802055358887	-0.32271844148635864	2.0972275733947754
27	1	inverse_cdf	value	24.0		3.97697114944458	-0.5600748062133789	2.663975477218628
27	1	inverse_cdf	value	25.5		4.103131294250488	-1.1916927099227905	3.1838221549987793
27	1	inverse_cdf	value	28.0		4.617600440979004	-0.5779051780700684	3.5299832820892334
27	1	inverse_cdf	value	30.0		3.8672995567321777	-0.11022835224866867	2.4771788120269775
27	1	inverse_cdf	value	31.0		3.465069532394409	-0.31151410937309265	2.0045759677886963
27	1	inverse_cdf	value	31.5		3.3690311908721924	-0.4150474965572357	1.9000619649887085
27	1	inverse_cdf	value	32.0		3.112344741821289	-0.6703599095344543	1.6050292253494263
27	1	inverse_cdf	value	32.5		2.6792521476745605	-0.8243712186813354	1.5301181077957153
27	1	inverse_cdf	value	33.0		2.8107810020446777	-1.1703158617019653	1.7395297288894653
27	1	inverse_cdf	value	34.0		3.3243274688720703	-1.652498483657837	2.170355796813965
27	1	inverse_cdf	value	36.0		3.6190359592437744	-2.2790350914001465	2.803326368331909
27	1	inverse_cdf	value	36.5		3.884180784225464	-2.433215379714966	2.9569740295410156
27	1	inverse_cdf	value	38.5		4.343456268310547	-2.1521036624908447	2.7080607414245605
27	1	inverse_cdf	value	39.0		4.4445271492004395	-2.4468207359313965	2.8733086585998535
27	1	inverse_cdf	value	40.0		5.0907793045043945	-2.859004497528076	3.089114189147949
27	1	inverse_cdf	value	41.0		5.902617931365967	-3.7733614444732666	3.7876946926116943
27	1	inverse_cdf	value	41.5		7.66102933883667	-5.46658992767334	5.46658992767334
27	2	cdf	value	2.5		4.8035478591918945	3.624657154083252	3.624657154083252
27	2	cdf	value	3.0		4.752368450164795	3.3787448406219482	3.3795347213745117
27	2	cdf	value	4.0		4.751522064208984	2.824047803878784	2.953504800796509
27	2	cdf	value	5.0		4.133209228515625	2.1955723762512207	2.6272261142730713
27	2	cdf	value	5.5		4.232035160064697	2.0406079292297363	2.659855842590332
27	2	cdf	value	7.5		4.1776123046875	1.1756776571273804	2.788142204284668
27	2	cdf	value	8.0		4.588289260864258	1.51791512966156	3.1358067989349365
27	2	cdf	value	10.0		4.135616779327393	1.8907458782196045	3.0993587970733643
27	2	cdf	value	11.0		4.285786151885986	1.844894289970398	2.9162423610687256
27	2	cdf	value	11.5		4.17999792098999	1.808726191520691	2.7331018447875977
27	2	cdf	value	12.0		4.620354652404785	1.8156423568725586	2.807140827178955
27	2	cdf	value	12.5		4.474108695983887	1.4988203048706055	2.6620044708251953
27	2	cdf	value	13.0		4.835996627807617	1.7875185012817383	3.027272939682007
27	2	cdf	value	14.0		4.589669227600098	1.2969250679016113	3.0472724437713623
27	2	cdf	value	16.0		5.11178731918335	0.7353677749633789	3.837951183319092
27	2	cdf	value	18.5		4.732395648956299	0.8906723856925964	3.6326963901519775
27	2	cdf	value	20.0		4.5280537605285645	1.0270240306854248	3.281019926071167
27	2	cdf	value	21.0		3.771050214767456	0.8702536225318909	2.4895262718200684
27	2	cdf	value	21.5		3.7614665031433105	0.6868194341659546	2.30686616897583
27	2	cdf	value	22.0		3.9455952644348145	0.344868928194046	2.2485034465789795
27	2	cdf	value	22.5		3.428093910217285	0.17208626866340637	1.9337787628173828
27	2	cdf	value	23.0		3.539433479309082	-0.18970254063606262	2.0204806327819824
27	2	cdf	value	24.0		3.6888954639434814	-0.6892883777618408	2.4327609539031982
27	2	cdf	value	25.5		4.0165019035339355	-1.2074345350265503	3.207979917526245
27	2	cdf	value	28.0		4.515774726867676	-0.4522589147090912	3.484790325164795
27	2	cdf	value	30.0		4.229238986968994	-0.30811044573783875	2.8520874977111816
27	2	cdf	value	31.0		3.44551157951355	-0.47249114513397217	2.077963352203369
27	2	cdf	value	31.5		3.7302377223968506	-0.8531997203826904	2.0849061012268066
27	2	cdf	value	32.0		3.699672222137451	-1.1707756519317627	2.0726096630096436
27	2	cdf	value	32.5		3.4625332355499268	-1.3550312519073486	2.002112627029419
27	2	cdf	value	33.0		3.6553947925567627	-1.563581943511963	2.1848092079162598
27	2	cdf	value	34.0		3.367140293121338	-1.8622798919677734	2.4355807304382324
27	2	cdf	value	36.0		4.170943737030029	-2.475698471069336	3.0878567695617676
27	2	cdf	value	36.5		3.678649663925171	-2.164177179336548	2.881000518798828
27	2	cdf	value	38.5		4.81667423248291	-2.637514591217041	3.1560263633728027
27	2	cdf	value	39.0		4.525323390960693	-2.524279832839966	2.909686803817749
27	2	cdf	value	40.0		5.026946544647217	-3.006563901901245	3.17621111869812
27	2	cdf	value	41.0		6.229183673858643	-4.577084541320801	4.581382751464844
27	2	cdf	value	41.5		7.298315048217773	-5.722786903381348	5.722786903381348
23	1	inverse_cdf	value	2.5		7.005982398986816	5.7964911460876465	5.7964911460876465
23	1	inverse_cdf	value	3.0		6.569364547729492	5.451017379760742	5.453688621520996
23	1	inverse_cdf	value	4.0		7.081593036651611	5.70086145401001	5.814344882965088
23	1	inverse_cdf	value	5.0		6.994988918304443	5.757857322692871	6.01650857925415
23	1	inverse_cdf	value	5.5		6.985812187194824	5.910064220428467	6.204615116119385
23	1	inverse_cdf	value	7.5		6.687801837921143	5.742329120635986	6.255290985107422
23	1	inverse_cdf	value	8.0		6.511887073516846	5.896307468414307	6.380859375
23	1	inverse_cdf	value	10.0		6.319280624389648	6.002399444580078	6.429172992706299
23	1	inverse_cdf	value	11.0		5.973414421081543	5.495859146118164	6.051477909088135
23	1	inverse_cdf	value	11.5		6.321385383605957	5.618871212005615	6.113407135009766
23	1	inverse_cdf	value	12.0		5.919055938720703	5.404671669006348	5.8393049240112305
23	1	inverse_cdf	value	12.5		5.904365539550781	5.2600202560424805	5.802791118621826
23	1	inverse_cdf	value	13.0		5.850281715393066	4.838291168212891	5.543946266174316
23	1	inverse_cdf	value	14.0		5.642724514007568	4.466720104217529	5.382716655731201
23	1	inverse_cdf	value	16.0		5.214788436889648	3.903312921524048	5.015326976776123
23	1	inverse_cdf	value	18.5		4.556445598602295	2.4624009132385254	3.9787328243255615
23	1	inverse_cdf	value	20.0		3.927746295928955	1.6511772871017456	3.1820273399353027
23	1	inverse_cdf	value	21.0		3.8829426765441895	1.0380359888076782	2.8647801876068115
23	1	inverse_cdf	value	21.5		3.9248769283294678	0.9485154747962952	2.847755193710327
23	1	inverse_cdf	value	22.0		3.716754913330078	0.7663260698318481	2.5825483798980713
23	1	inverse_cdf	value	22.5		3.8486337661743164	0.22160546481609344	2.6304759979248047
23	1	inverse_cdf	value	23.0		4.142791271209717	0.5058469772338867	2.8941948413848877
23	1	inverse_cdf	value	24.0		3.828455924987793	-0.18884694576263428	2.6987709999084473
23	1	inverse_cdf	value	25.5		3.8748645782470703	-0.9503523111343384	3.002054452896118
23	1	inverse_cdf	value	28.0		4.36896276473999	-1.6233561038970947	3.4447171688079834
23	1	inverse_cdf	value	30.0		4.555240631103516	-2.631711006164551	3.760354518890381
23	1	inverse_cdf	value	31.0		4.887723922729492	-3.431692361831665	4.307297706604004
23	1	inverse_cdf	value	31.5		5.127910614013672	-3.898392915725708	4.551766395568848
23	1	inverse_cdf	value	32.0		5.181575298309326	-4.002524375915527	4.741527557373047
23	1	inverse_cdf	value	32.5		5.397099494934082	-4.651165008544922	5.23625373840332
23	1	inverse_cdf	value	33.0		5.400314807891846	-4.9057159423828125	5.292067527770996
23	1	inverse_cdf	value	34.0		5.759701728820801	-6.055915832519531	6.434008598327637
23	1	inverse_cdf	value	36.0		6.548583030700684	-6.657632827758789	7.0488481521606445
23	1	inverse_cdf	value	36.5		6.411459922790527	-6.343239784240723	6.693700313568115
23	1	inverse_cdf	value	38.5		7.017110347747803	-7.583096027374268	7.726315498352051
23	1	inverse_cdf	value	39.0		7.352834701538086	-8.119236946105957	8.191307067871094
23	1	inverse_cdf	value	40.0		7.1860032081604	-8.32902717590332	8.33680534362793
23	1	inverse_cdf	value	41.0		7.746536731719971	-9.563396453857422	9.563396453857422
23	1	inverse_cdf	value	41.5		7.760166168212891	-10.015609741210938	10.015609741210938
23	2	cdf	value	2.5		6.176266193389893	4.887811660766602	4.887811660766602
23	2	cdf	value	3.0		6.902936935424805	5.3252997398376465	5.3284807205200195
23	2	cdf	value	4.0		6.529414176940918	4.627746105194092	4.813170909881592
23	2	cdf	value	5.0		7.144002437591553	5.554574012756348	5.853128433227539
23	2	cdf	value	5.5		6.307798862457275	4.835428237915039	5.244030475616455
23	2	cdf	value	7.5		6.871791839599609	5.672911167144775	6.252627372741699
23	2	cdf	value	8.0		6.588109016418457	5.321788311004639	5.875856876373291
23	2	cdf	value	10.0		6.081657886505127	5.630776882171631	6.076805114746094
23	2	cdf	value	11.0		6.014984607696533	5.160892486572266	5.642724514007568
23	2	cdf	value	11.5		5.921903610229492	4.777827739715576	5.299515247344971
23	2	cdf	value	12.0		5.875846862792969	4.896548271179199	5.4531707763671875
23	2	cdf	value	12.5		5.811676025390625	4.533501148223877	5.147240161895752
23	2	cdf	value	13.0		5.792009353637695	4.50845193862915	5.25686502456665
23	2	cdf	value	14.0		5.44514274597168	3.939781665802002	4.917256832122803
23	2	cdf	value	16.0		5.439918518066406	3.2874674797058105	4.797850608825684
23	2	cdf	value	18.5		4.7186055183410645	2.576331615447998	4.167514324188232
23	2	cdf	value	20.0		4.311168670654297	2.06219482421875	3.5631587505340576
23	2	cdf	value	21.0		3.8359158039093018	1.3726980686187744	2.9079511165618896
23	2	cdf	value	21.5		3.9352948665618896	1.1798256635665894	2.872748374938965
23	2	cdf	value	22.0		3.810732841491699	0.7752727270126343	2.653179883956909
23	2	cdf	value	22.5		3.710685968399048	0.30341002345085144	2.4944183826446533
23	2	cdf	value	23.0		3.7819831371307373	0.30462920665740967	2.561964750289917
23	2	cdf	value	24.0		3.913740396499634	-0.24340179562568665	2.826437473297119
23	2	cdf	value	25.5		3.754641056060791	-0.7381548881530762	2.875998020172119
23	2	cdf	value	28.0		4.231714725494385	-1.6551463603973389	3.440558671951294
23	2	cdf	value	30.0		4.761190414428711	-2.6554322242736816	3.927248954772949
23	2	cdf	value	31.0		4.691884994506836	-2.9313340187072754	3.954550266265869
23	2	cdf	value	31.5		4.912446022033691	-3.1981241703033447	4.085994720458984
23	2	cdf	value	32.0		5.121957302093506	-3.6206586360931396	4.37639045715332
23	2	cdf	value	32.5		5.1591081619262695	-4.023923873901367	4.647714138031006
23	2	cdf	value	33.0		5.214270114898682	-4.507972240447998	5.053110122680664
23	2	cdf	value	34.0		5.412712574005127	-5.111655235290527	5.638065338134766
23	2	cdf	value	36.0		6.306154727935791	-6.039316177368164	6.480145454406738
23	2	cdf	value	36.5		6.474855899810791	-6.389237403869629	6.774478435516357
23	2	cdf	value	38.5		6.863397598266602	-6.496232509613037	6.681424140930176
23	2	cdf	value	39.0		7.351801872253418	-7.449132442474365	7.550871849060059
23	2	cdf	value	40.0		7.351329803466797	-7.961669921875	7.96821928024292
23	2	cdf	value	41.0		7.679577827453613	-8.804950714111328	8.804950714111328
23	2	cdf	value	41.5		7.873440742492676	-9.507989883422852	9.507989883422852
21	1	inverse_cdf	value	2.5		8.25448226928711	8.923523902893066	8.923523902893066
21	1	inverse_cdf	value	3.0		8.266397476196289	8.60804271697998	8.608081817626953
21	1	inverse_cdf	value	4.0		7.468347072601318	7.093300819396973	7.119600296020508
21	1	inverse_cdf	value	5.0		6.925220012664795	5.757094860076904	5.837343215942383
21	1	inverse_cdf	value	5.5		6.980963706970215	5.386018753051758	5.534121036529541
21	1	inverse_cdf	value	7.5		6.5202178955078125	3.9574995040893555	4.701203346252441
21	1	inverse_cdf	value	8.0		6.226916790008545	3.6507973670959473	4.542891979217529
21	1	inverse_cdf	value	10.0		5.2430009841918945	3.3117082118988037	4.213287830352783
21	1	inverse_cdf	value	11.0		4.45604944229126	2.8685288429260254	3.6505801677703857
21	1	inverse_cdf	value	11.5		4.542859077453613	2.5500733852386475	3.4166603088378906
21	1	inverse_cdf	value	12.0		4.261170387268066	2.3255176544189453	3.253704071044922
21	1	inverse_cdf	value	12.5		4.0146803855896	2.092273473739624	2.9621152877807617
21	1	inverse_cdf	value	13.0		3.9960625171661377	1.6974725723266602	2.9056763648986816
21	1	inverse_cdf	value	14.0		4.259868621826172	1.6807795763015747	3.052940845489502
21	1	inverse_cdf	value	16.0		4.063023090362549	1.124598741531372	3.222532272338867
21	1	inverse_cdf	value	18.5		4.154482841491699	0.7636114358901978	3.2672924995422363
21	1	inverse_cdf	value	20.0		4.522411823272705	0.4335237145423889	3.4433751106262207
21	1	inverse_cdf	value	21.0		4.512756824493408	0.6120622158050537	3.3250350952148438
21	1	inverse_cdf	value	21.5		4.623989582061768	0.16997140645980835	3.4065277576446533
21	1	inverse_cdf	value	22.0		4.663840293884277	0.13445094227790833	3.4551212787628174
21	1	inverse_cdf	value	22.5		4.725828170776367	0.025395553559064865	3.4518089294433594
21	1	inverse_cdf	value	23.0		4.693732261657715	-0.02756313607096672	3.5536434650421143
21	1	inverse_cdf	value	24.0		4.674801349639893	0.043044205754995346	3.5679399967193604
21	1	inverse_cdf	value	25.5		4.782352447509766	-0.21391266584396362	3.6797919273376465
21	1	inverse_cdf	value	28.0		4.402026176452637	-0.9075497984886169	3.1509809494018555
21	1	inverse_cdf	value	30.0		3.6080431938171387	-1.3434600830078125	2.6254751682281494
21	1	inverse_cdf	value	31.0		4.169661998748779	-2.260193347930908	3.1404531002044678
21	1	inverse_cdf	value	31.5		4.249967575073242	-2.6710116863250732	3.403496503829956
21	1	inverse_cdf	value	32.0		4.2891459465026855	-2.877894878387451	3.5122220516204834
21	1	inverse_cdf	value	32.5		4.702446460723877	-3.3077094554901123	4.001988410949707
21	1	inverse_cdf	value	33.0		4.886618137359619	-3.828960418701172	4.371493339538574
21	1	inverse_cdf	value	34.0		5.386869430541992	-4.186050891876221	4.951418876647949
21	1	inverse_cdf	value	36.0		6.4134907722473145	-4.7346367835998535	5.50740909576416
21	1	inverse_cdf	value	36.5		6.434343338012695	-4.671586036682129	5.4453301429748535
21	1	inverse_cdf	value	38.5		6.849397659301758	-5.009945869445801	5.387910842895508
21	1	inverse_cdf	value	39.0		6.979452610015869	-5.5813374519348145	5.767585754394531
21	1	inverse_cdf	value	40.0		7.205875396728516	-5.712050437927246	5.733567237854004
21	1	inverse_cdf	value	41.0		7.175961971282959	-6.559759616851807	6.559759616851807
21	1	inverse_cdf	value	41.5		6.806423664093018	-7.0050530433654785	7.0050530433654785
21	2	cdf	value	2.5		7.975740432739258	8.963570594787598	8.963570594787598
21	2	cdf	value	3.0		7.9468584060668945	8.259846687316895	8.259981155395508
21	2	cdf	value	4.0		7.355443000793457	7.10247278213501	7.1189446449279785
21	2	cdf	value	5.0		6.903176307678223	5.887075901031494	5.9567646980285645
21	2	cdf	value	5.5		6.896080493927002	5.345987319946289	5.507243633270264
21	2	cdf	value	7.5		6.359238147735596	4.513037204742432	5.095107555389404
21	2	cdf	value	8.0		5.685757160186768	3.661770820617676	4.443655490875244
21	2	cdf	value	10.0		5.333950996398926	3.3645005226135254	4.281675815582275
21	2	cdf	value	11.0		4.590813159942627	2.7299916744232178	3.7061562538146973
21	2	cdf	value	11.5		4.787168025970459	2.812166929244995	3.7061009407043457
21	2	cdf	value	12.0		4.6369452476501465	2.5449812412261963	3.4748470783233643
21	2	cdf	value	12.5		4.071742057800293	2.0751161575317383	3.013737201690674
21	2	cdf	value	13.0		4.340325832366943	1.7655847072601318	3.0830912590026855
21	2	cdf	value	14.0		4.204269886016846	1.7315077781677246	3.186999797821045
21	2	cdf	value	16.0		4.066764831542969	1.1932231187820435	3.202195882797241
21	2	cdf	value	18.5		4.394379138946533	0.8699132204055786	3.377622365951538
21	2	cdf	value	20.0		4.4659318923950195	0.41688334941864014	3.445044994354248
21	2	cdf	value	21.0		4.53843355178833	0.6009291410446167	3.3817663192749023
21	2	cdf	value	21.5		4.359817981719971	0.24265657365322113	3.2262067794799805
21	2	cdf	value	22.0		4.455763816833496	0.20207558572292328	3.3466665744781494
21	2	cdf	value	22.5		4.702227592468262	0.26897096633911133	3.510493755340576
21	2	cdf	value	23.0		4.738823413848877	-0.3227121829986572	3.603825569152832
21	2	cdf	value	24.0		4.875887870788574	-0.237625852227211	3.7260990142822266
21	2	cdf	value	25.5		4.671674728393555	-0.4148985743522644	3.6244781017303467
21	2	cdf	value	28.0		4.3842034339904785	-0.905519962310791	3.2098546028137207
21	2	cdf	value	30.0		4.626603126525879	-1.9349894523620605	3.2863900661468506
21	2	cdf	value	31.0		4.518682479858398	-2.3078222274780273	3.2463982105255127
21	2	cdf	value	31.5		4.680179119110107	-2.7728519439697266	3.551771879196167
21	2	cdf	value	32.0		4.89245080947876	-3.0549139976501465	3.8708817958831787
21	2	cdf	value	32.5		4.67022180557251	-3.157845973968506	3.942112684249878
21	2	cdf	value	33.0		5.046597957611084	-3.6873371601104736	4.363598823547363
21	2	cdf	value	34.0		5.377200126647949	-4.3915019035339355	4.97976016998291
21	2	cdf	value	36.0		6.373631477355957	-5.116328239440918	5.8617167472839355
21	2	cdf	value	36.5		6.486573219299316	-4.800804138183594	5.577552795410156
21	2	cdf	value	38.5		7.442654132843018	-5.741152286529541	6.077156066894531
21	2	cdf	value	39.0		7.600794315338135	-5.999168395996094	6.2219929695129395
21	2	cdf	value	40.0		7.442015647888184	-6.257922649383545	6.2775421142578125
21	2	cdf	value	41.0		7.166439533233643	-6.944612503051758	6.944612503051758
21	2	cdf	value	41.5		7.470154762268066	-7.567309379577637	7.567309379577637
04	1	cdf	value	2.5		4.724947452545166	2.1735873222351074	2.1735873222351074
04	1	cdf	value	3.0		4.198812007904053	1.926626205444336	2.0156638622283936
04	1	cdf	value	4.0		4.5881524085998535	2.371633291244507	2.684798240661621
04	1	cdf	value	5.0		4.211860656738281	2.2477221488952637	2.6180312633514404
04	1	cdf	value	5.5		3.9693210124969482	2.2093966007232666	2.6001839637756348
04	1	cdf	value	7.5		3.413119077682495	2.1135170459747314	2.5132343769073486
04	1	cdf	value	8.0		3.677013635635376	2.2379918098449707	2.729226589202881
04	1	cdf	value	10.0		3.5924859046936035	2.498300790786743	2.744445562362671
04	1	cdf	value	11.0		2.9826886653900146	1.7688241004943848	2.0099778175354004
04	1	cdf	value	11.5		3.1175620555877686	1.5367628335952759	1.798620343208313
04	1	cdf	value	12.0		3.379545211791992	1.316786527633667	1.726377248764038
04	1	cdf	value	12.5		3.785402774810791	1.0474435091018677	1.8869489431381226
04	1	cdf	value	13.0		3.7050116062164307	0.7280563712120056	2.0842416286468506
04	1	cdf	value	14.0		4.583152770996094	0.7326047420501709	3.0063881874084473
04	1	cdf	value	16.0		5.543400764465332	1.2036325931549072	4.397124767303467
04	1	cdf	value	18.5		4.6834940910339355	1.5583847761154175	3.846630811691284
04	1	cdf	value	20.0		4.619955539703369	0.9349852204322815	3.3633651733398438
04	1	cdf	value	21.0		4.2380852699279785	0.8874426484107971	2.7882840633392334
04	1	cdf	value	21.5		4.216241359710693	0.7040119767189026	2.5978801250457764
04	1	cdf	value	22.0		4.226632595062256	0.2468898892402649	2.4457545280456543
04	1	cdf	value	22.5		4.107348442077637	0.387393593788147	2.3541226387023926
04	1	cdf	value	23.0		4.161564350128174	-0.08822932839393616	2.4810664653778076
04	1	cdf	value	24.0		4.2271409034729	-0.12460868805646896	2.85111665725708
04	1	cdf	value	25.5		4.128966808319092	-0.6674895882606506	3.2300868034362793
04	1	cdf	value	28.0		4.268766403198242	0.24625597894191742	3.407965660095215
04	1	cdf	value	30.0		4.160539627075195	-0.6459646821022034	2.683551788330078
04	1	cdf	value	31.0		3.9671781063079834	-1.3076362609863281	2.2319955825805664
04	1	cdf	value	31.5		4.088613986968994	-1.758548378944397	2.249894618988037
04	1	cdf	value	32.0		3.9630911350250244	-2.189105272293091	2.427656650543213
04	1	cdf	value	32.5		3.8298871517181396	-2.3838770389556885	2.574125051498413
04	1	cdf	value	33.0		3.7685539722442627	-2.742021083831787	2.845759391784668
04	1	cdf	value	34.0		3.7378292083740234	-3.2540535926818848	3.3735902309417725
04	1	cdf	value	36.0		3.969590663909912	-3.9469404220581055	4.076195240020752
04	1	cdf	value	36.5		4.09188175201416	-4.130395889282227	4.2747697830200195
04	1	cdf	value	38.5		4.58984375	-2.9253311157226562	3.365933418273926
04	1	cdf	value	39.0		4.4042158126831055	-2.160640239715576	2.692674398422241
04	1	cdf	value	40.0		3.515470504760742	-1.0523639917373657	1.616470456123352
04	1	cdf	value	41.0		2.73115873336792	-0.8873081207275391	1.0069674253463745
04	1	cdf	value	41.5		2.2906129360198975	-0.8580245971679688	0.8580245971679688
04	2	inverse_cdf	value	2.5		4.912855625152588	2.1251752376556396	2.1251752376556396
04	2	inverse_cdf	value	3.0		4.433657646179199	1.9054977893829346	2.0087881088256836
04	2	inverse_cdf	value	4.0		4.726188659667969	2.3893845081329346	2.7281038761138916
04	2	inverse_cdf	value	5.0		3.8983991146087646	2.252866744995117	2.5427591800689697
04	2	inverse_cdf	value	5.5		3.999967575073242	2.164127826690674	2.4629828929901123
04	2	inverse_cdf	value	7.5		3.725705623626709	2.1258301734924316	2.535567283630371
04	2	inverse_cdf	value	8.0		3.757763147354126	2.3079476356506348	2.6475260257720947
04	2	inverse_cdf	value	10.0		3.142515182495117	2.327486753463745	2.5729117393493652
04	2	inverse_cdf	value	11.0		3.100156784057617	1.8179421424865723	1.9844554662704468
04	2	inverse_cdf	value	11.5		3.067500352859497	1.40109121799469	1.5984690189361572
04	2	inverse_cdf	value	12.0		3.373079776763916	1.2572994232177734	1.6238166093826294
04	2	inverse_cdf	value	12.5		3.357419490814209	0.8980756402015686	1.656151533126831
04	2	inverse_cdf	value	13.0		3.813603162765503	0.8291658759117126	2.127889394760132
04	2	inverse_cdf	value	14.0		4.618693828582764	0.6043170690536499	3.012509346008301
04	2	inverse_cdf	value	16.0		5.9974775314331055	1.7794898748397827	4.810227394104004
04	2	inverse_cdf	value	18.5		5.061191558837891	2.14697265625	4.3103742599487305
04	2	inverse_cdf	value	20.0		4.115593433380127	1.5340312719345093	3.1588451862335205
04	2	inverse_cdf	value	21.0		4.340869903564453	1.054718255996704	2.9203407764434814
04	2	inverse_cdf	value	21.5		4.426891803741455	0.9413708448410034	2.808640241622925
04	2	inverse_cdf	value	22.0		4.079383850097656	0.4374234974384308	2.4215917587280273
04	2	inverse_cdf	value	22.5		4.426813125610352	0.30305394530296326	2.612433671951294
04	2	inverse_cdf	value	23.0		4.13621711730957	0.05122331157326698	2.4545273780822754
04	2	inverse_cdf	value	24.0		4.083802223205566	-0.28086572885513306	2.7577686309814453
04	2	inverse_cdf	value	25.5		3.829334259033203	-0.6742242574691772	3.0464611053466797
04	2	inverse_cdf	value	28.0		4.380922794342041	0.44133836030960083	3.355243444442749
04	2	inverse_cdf	value	30.0		4.340484619140625	-0.6894305348396301	2.6566901206970215
04	2	inverse_cdf	value	31.0		4.237781047821045	-1.5244221687316895	2.4305975437164307
04	2	inverse_cdf	value	31.5		4.1015777587890625	-1.8335556983947754	2.333951711654663
04	2	inverse_cdf	value	32.0		3.9736275672912598	-2.2547242641448975	2.426757335662842
04	2	inverse_cdf	value	32.5		4.01432991027832	-2.5844027996063232	2.6991262435913086
04	2	inverse_cdf	value	33.0		3.993699789047241	-2.868244171142578	2.980125904083252
04	2	inverse_cdf	value	34.0		3.377250909805298	-3.1842522621154785	3.267014265060425
04	2	inverse_cdf	value	36.0		4.080976486206055	-4.2604498863220215	4.316059589385986
04	2	inverse_cdf	value	36.5		4.419341564178467	-4.901970863342285	4.985287189483643
04	2	inverse_cdf	value	38.5		5.432886600494385	-4.041606426239014	4.378992080688477
04	2	inverse_cdf	value	39.0		4.815789699554443	-2.601069688796997	3.045957088470459
04	2	inverse_cdf	value	40.0		3.611177444458008	-1.1755924224853516	1.7647287845611572
04	2	inverse_cdf	value	41.0		3.492009162902832	-0.8968141674995422	1.0386666059494019
04	2	inverse_cdf	value	41.5		2.4596803188323975	-0.808618426322937	0.808618426322937
15	1	inverse_cdf	value	2.5		9.146608352661133	8.015420913696289	8.015420913696289
15	1	inverse_cdf	value	3.0		8.584756851196289	7.252450942993164	7.26186990737915
15	1	inverse_cdf	value	4.0		7.513169765472412	6.644442081451416	6.73051643371582
15	1	inverse_cdf	value	5.0		6.825654029846191	6.0519633293151855	6.160605430603027
15	1	inverse_cdf	value	5.5		6.505556106567383	5.873325347900391	5.9619832038879395
15	1	inverse_cdf	value	7.5		4.6633758544921875	4.140790939331055	4.371620178222656
15	1	inverse_cdf	value	8.0		4.563193321228027	4.08103609085083	4.258266448974609
15	1	inverse_cdf	value	10.0		3.8230793476104736	2.874694585800171	3.0843069553375244
15	1	inverse_cdf	value	11.0		3.93094801902771	2.244173765182495	2.560901641845703
15	1	inverse_cdf	value	11.5		3.550433874130249	1.8130717277526855	2.163994073867798
15	1	inverse_cdf	value	12.0		4.0953450202941895	1.5793249607086182	2.225464344024658
15	1	inverse_cdf	value	12.5		3.9415500164031982	1.2449411153793335	2.16452956199646
15	1	inverse_cdf	value	13.0		4.0610527992248535	0.9438104033470154	2.416475534439087
15	1	inverse_cdf	value	14.0		4.718616008758545	0.6787827610969543	3.1299943923950195
15	1	inverse_cdf	value	16.0		5.386468410491943	0.6643514633178711	4.168411731719971
15	1	inverse_cdf	value	18.5		5.338357448577881	1.7783540487289429	4.43725061416626
15	1	inverse_cdf	value	20.0		5.024481773376465	1.2929680347442627	3.8488378524780273
15	1	inverse_cdf	value	21.0		4.256320953369141	1.4352787733078003	3.1821987628936768
15	1	inverse_cdf	value	21.5		4.6194376945495605	1.272205114364624	3.253438949584961
15	1	inverse_cdf	value	22.0		4.214230537414551	1.0687541961669922	2.8327860832214355
15	1	inverse_cdf	value	22.5		4.108061790466309	0.7861490249633789	2.655935287475586
15	1	inverse_cdf	value	23.0		3.6826345920562744	0.44262200593948364	2.358184576034546
15	1	inverse_cdf	value	24.0		3.5303847789764404	0.032171037048101425	2.448507308959961
15	1	inverse_cdf	value	25.5		3.6588187217712402	-0.2839564085006714	2.7371249198913574
15	1	inverse_cdf	value	28.0		3.4915595054626465	0.9795632362365723	2.943119525909424
15	1	inverse_cdf	value	30.0		3.0318026542663574	0.3596324324607849	1.9644677639007568
15	1	inverse_cdf	value	31.0		2.649142026901245	-0.2636304795742035	1.3584171533584595
15	1	inverse_cdf	value	31.5		2.8356621265411377	-0.6462374329566956	1.3002246618270874
15	1	inverse_cdf	value	32.0		3.0625104904174805	-1.2425425052642822	1.4918245077133179
15	1	inverse_cdf	value	32.5		3.5475234985351562	-1.861203908920288	2.0352203845977783
15	1	inverse_cdf	value	33.0		3.4748075008392334	-2.3535892963409424	2.408550262451172
15	1	inverse_cdf	value	34.0		3.8782103061676025	-3.6269242763519287	3.658310651779175
15	1	inverse_cdf	value	36.0		5.394003868103027	-6.602775573730469	6.6399922370910645
15	1	inverse_cdf	value	36.5		6.2904372215271	-7.765817165374756	7.8359551429748535
15	1	inverse_cdf	value	38.5		6.657201766967773	-8.606404304504395	8.665336608886719
15	1	inverse_cdf	value	39.0		7.336967945098877	-8.382115364074707	8.486780166625977
15	1	inverse_cdf	value	40.0		8.128785133361816	-8.108867645263672	8.186812400817871
15	1	inverse_cdf	value	41.0		8.721908569335938	-7.747523784637451	7.7537970542907715
15	1	inverse_cdf	value	41.5		9.289351463317871	-7.974330425262451	7.974330425262451
15	2	cdf	value	2.5		9.044990539550781	9.355634689331055	9.355634689331055
15	2	cdf	value	3.0		8.817230224609375	8.697994232177734	8.700507164001465
15	2	cdf	value	4.0		8.183162689208984	8.417062759399414	8.450482368469238
15	2	cdf	value	5.0		6.753221035003662	7.513071060180664	7.5801825523376465
15	2	cdf	value	5.5		6.418769836425781	7.080538272857666	7.15254020690918
15	2	cdf	value	7.5		5.1704607009887695	5.186258792877197	5.321348190307617
15	2	cdf	value	8.0		4.812521457672119	4.923259735107422	5.075985431671143
15	2	cdf	value	10.0		4.36539363861084	3.7516865730285645	3.932288646697998
15	2	cdf	value	11.0		4.534275531768799	3.036159038543701	3.3006138801574707
15	2	cdf	value	11.5		4.492217063903809	2.881901741027832	3.2548670768737793
15	2	cdf	value	12.0		4.6261820793151855	2.629985809326172	3.103649139404297
15	2	cdf	value	12.5		4.611851215362549	2.304147958755493	3.0607142448425293
15	2	cdf	value	13.0		4.712819576263428	1.8771321773529053	3.0891029834747314
15	2	cdf	value	14.0		4.936380386352539	1.5309021472930908	3.3900678157806396
15	2	cdf	value	16.0		5.5954694747924805	1.3481664657592773	4.432548999786377
15	2	cdf	value	18.5		5.712351322174072	1.6279447078704834	4.84136438369751
15	2	cdf	value	20.0		5.329465866088867	1.5578289031982422	4.256148815155029
15	2	cdf	value	21.0		4.861027240753174	1.4137266874313354	3.732797384262085
15	2	cdf	value	21.5		4.8019866943359375	1.3692948818206787	3.7129640579223633
15	2	cdf	value	22.0		4.580779075622559	1.4481446743011475	3.435593366622925
15	2	cdf	value	22.5		4.467984199523926	1.0267014503479004	3.183915376663208
15	2	cdf	value	23.0		4.168550491333008	0.772759199142456	2.898897409439087
15	2	cdf	value	24.0		3.799262762069702	0.21881061792373657	2.725522518157959
15	2	cdf	value	25.5		3.810467481613159	-0.23733830451965332	2.9170382022857666
15	2	cdf	value	28.0		3.9550440311431885	0.2168916016817093	3.0843417644500732
15	2	cdf	value	30.0		3.5306875705718994	-0.38689684867858887	2.24605131149292
15	2	cdf	value	31.0		3.359384536743164	-0.9904145002365112	1.8173518180847168
15	2	cdf	value	31.5		3.4730756282806396	-1.5172120332717896	1.9360578060150146
15	2	cdf	value	32.0		3.4354331493377686	-1.9038574695587158	2.0944316387176514
15	2	cdf	value	32.5		3.704115629196167	-2.688791513442993	2.760895013809204
15	2	cdf	value	33.0		3.8639206886291504	-3.33107852935791	3.363269329071045
15	2	cdf	value	34.0		4.479067802429199	-4.741185188293457	4.755125045776367
15	2	cdf	value	36.0		5.3713788986206055	-7.593184471130371	7.626391410827637
15	2	cdf	value	36.5		5.946981906890869	-8.75371265411377	8.798574447631836
15	2	cdf	value	38.5		6.994555950164795	-9.753159523010254	9.82164478302002
15	2	cdf	value	39.0		7.261703968048096	-9.698607444763184	9.748103141784668
15	2	cdf	value	40.0		7.785186290740967	-9.29200553894043	9.327715873718262
15	2	cdf	value	41.0		8.734702110290527	-9.720419883728027	9.722681999206543
15	2	cdf	value	41.5		9.1903657913208	-10.141014099121094	10.141014099121094
25	1	inverse_cdf	value	2.5		5.738267421722412	8.200728416442871	8.200728416442871
25	1	inverse_cdf	value	3.0		5.724152565002441	7.676044940948486	7.676044940948486
25	1	inverse_cdf	value	4.0		5.207705497741699	6.429769515991211	6.437469959259033
25	1	inverse_cdf	value	5.0		5.706182956695557	5.712559223175049	5.7394256591796875
25	1	inverse_cdf	value	5.5		5.568602085113525	5.407772541046143	5.4500322341918945
25	1	inverse_cdf	value	7.5		6.105546951293945	4.201362133026123	4.581874370574951
25	1	inverse_cdf	value	8.0		5.779308319091797	3.579724073410034	4.146848678588867
25	1	inverse_cdf	value	10.0		5.216325283050537	2.3135976791381836	3.5790796279907227
25	1	inverse_cdf	value	11.0		5.347178936004639	1.8978683948516846	3.6746826171875
25	1	inverse_cdf	value	11.5		5.1819682121276855	1.7126917839050293	3.508680582046509
25	1	inverse_cdf	value	12.0		5.245851039886475	1.5362497568130493	3.6794416904449463
25	1	inverse_cdf	value	12.5		5.47984504699707	1.6025851964950562	3.817920207977295
25	1	inverse_cdf	value	13.0		5.560435771942139	1.5461175441741943	4.028100490570068
25	1	inverse_cdf	value	14.0		5.593536853790283	1.4720290899276733	4.193393230438232
25	1	inverse_cdf	value	16.0		5.534008979797363	1.7789180278778076	4.4457292556762695
25	1	inverse_cdf	value	18.5		5.324076175689697	1.3162847757339478	4.337860584259033
25	1	inverse_cdf	value	20.0		5.447999000549316	0.7580292820930481	4.262235641479492
25	1	inverse_cdf	value	21.0		5.450160980224609	0.6684138178825378	4.194929122924805
25	1	inverse_cdf	value	21.5		5.38060998916626	0.4668949246406555	4.034491062164307
25	1	inverse_cdf	value	22.0		5.333548069000244	0.7177981734275818	3.994138717651367
25	1	inverse_cdf	value	22.5		5.335967063903809	0.43320322036743164	3.9613776206970215
25	1	inverse_cdf	value	23.0		5.5456767082214355	0.48358580470085144	4.054316520690918
25	1	inverse_cdf	value	24.0		5.493419170379639	-0.0464496836066246	4.062651634216309
25	1	inverse_cdf	value	25.5		5.085055351257324	-0.7850785851478577	3.8442680835723877
25	1	inverse_cdf	value	28.0		4.606008052825928	-1.1871674060821533	3.552180290222168
25	1	inverse_cdf	value	30.0		3.9574320316314697	-1.2792011499404907	2.72145414352417
25	1	inverse_cdf	value	31.0		3.6608057022094727	-1.746448040008545	2.573880672454834
25	1	inverse_cdf	value	31.5		3.864840269088745	-2.20090913772583	2.7567410469055176
25	1	inverse_cdf	value	32.0		4.046750545501709	-2.6368021965026855	3.010603189468384
25	1	inverse_cdf	value	32.5		4.017400741577148	-2.778266668319702	3.0779428482055664
25	1	inverse_cdf	value	33.0		4.231399059295654	-3.292452812194824	3.5865418910980225
25	1	inverse_cdf	value	34.0		4.531999111175537	-4.088837146759033	4.359288215637207
25	1	inverse_cdf	value	36.0		5.587500095367432	-5.396001815795898	5.711503982543945
25	1	inverse_cdf	value	36.5		5.64633321762085	-5.320211887359619	5.689366340637207
25	1	inverse_cdf	value	38.5		6.871720790863037	-6.055395603179932	6.391056537628174
25	1	inverse_cdf	value	39.0		6.643956661224365	-5.910491466522217	6.202612400054932
25	1	inverse_cdf	value	40.0		6.941734790802002	-5.530874252319336	5.682896137237549
25	1	inverse_cdf	value	41.0		7.179725646972656	-5.901012897491455	5.907710552215576
25	1	inverse_cdf	value	41.5		7.220800399780273	-5.670693397521973	5.670693397521973
25	2	cdf	value	2.5		5.8625311851501465	8.812365531921387	8.812365531921387
25	2	cdf	value	3.0		5.566531658172607	8.056985855102539	8.056985855102539
25	2	cdf	value	4.0		5.815185070037842	7.21863317489624	7.221776962280273
25	2	cdf	value	5.0		5.664976596832275	6.051768779754639	6.076954364776611
25	2	cdf	value	5.5		5.45465087890625	5.523083209991455	5.562667369842529
25	2	cdf	value	7.5		5.691012859344482	4.058816432952881	4.382081985473633
25	2	cdf	value	8.0		6.033105373382568	4.038806438446045	4.567878246307373
25	2	cdf	value	10.0		5.827477931976318	2.542449712753296	3.9528822898864746
25	2	cdf	value	11.0		5.478391170501709	2.2816922664642334	3.8256139755249023
25	2	cdf	value	11.5		5.82069206237793	2.0760982036590576	4.046048641204834
25	2	cdf	value	12.0		5.47074031829834	1.8783650398254395	3.8434712886810303
25	2	cdf	value	12.5		5.5513434410095215	1.9896799325942993	4.106486797332764
25	2	cdf	value	13.0		5.830804347991943	2.0208511352539062	4.414318561553955
25	2	cdf	value	14.0		5.734961986541748	2.004666566848755	4.4219651222229
25	2	cdf	value	16.0		5.534231185913086	1.8315629959106445	4.539139747619629
25	2	cdf	value	18.5		5.35406494140625	1.1782301664352417	4.332006931304932
25	2	cdf	value	20.0		5.421790599822998	1.0837059020996094	4.250219821929932
25	2	cdf	value	21.0		5.487117767333984	0.6016809940338135	4.252054691314697
25	2	cdf	value	21.5		5.442614555358887	0.6480452418327332	4.162106513977051
25	2	cdf	value	22.0		5.210519790649414	0.5410420894622803	3.906299352645874
25	2	cdf	value	22.5		5.587739944458008	0.42194458842277527	4.167963981628418
25	2	cdf	value	23.0		5.5397186279296875	0.08823945373296738	4.11707067489624
25	2	cdf	value	24.0		5.391417980194092	-0.3373059928417206	3.979426383972168
25	2	cdf	value	25.5		5.007507801055908	-0.8961855173110962	3.79852032661438
25	2	cdf	value	28.0		4.696320056915283	-1.1886718273162842	3.625537872314453
25	2	cdf	value	30.0		4.279791831970215	-1.5606175661087036	2.968543767929077
25	2	cdf	value	31.0		4.143580913543701	-2.2641494274139404	2.9215352535247803
25	2	cdf	value	31.5		3.9676432609558105	-2.542494058609009	3.024430274963379
25	2	cdf	value	32.0		4.137880325317383	-2.889538288116455	3.2543365955352783
25	2	cdf	value	32.5		4.69381856918335	-3.474679946899414	3.804880142211914
25	2	cdf	value	33.0		4.286291599273682	-3.698075294494629	3.9512624740600586
25	2	cdf	value	34.0		4.743467330932617	-4.3749003410339355	4.629446983337402
25	2	cdf	value	36.0		5.522933483123779	-5.801987171173096	6.08260440826416
25	2	cdf	value	36.5		5.915842056274414	-5.799342632293701	6.0983710289001465
25	2	cdf	value	38.5		6.313045501708984	-5.595677852630615	5.923074245452881
25	2	cdf	value	39.0		6.917686462402344	-6.149320602416992	6.439416885375977
25	2	cdf	value	40.0		7.443269729614258	-6.327072620391846	6.4316864013671875
25	2	cdf	value	41.0		6.918944835662842	-6.012848377227783	6.016645431518555
25	2	cdf	value	41.5		7.183701515197754	-5.801456928253174	5.801456928253174
28	1	cdf	value	2.5		8.591758728027344	12.781808853149414	12.781808853149414
28	1	cdf	value	3.0		8.823142051696777	12.63174819946289	12.63183879852295
28	1	cdf	value	4.0		7.652239799499512	11.340581893920898	11.351866722106934
28	1	cdf	value	5.0		7.14177131652832	10.56649398803711	10.5873441696167
28	1	cdf	value	5.5		7.077828884124756	9.954886436462402	9.991861343383789
28	1	cdf	value	7.5		5.583176136016846	6.999274253845215	7.075153350830078
28	1	cdf	value	8.0		5.145255088806152	6.401776313781738	6.447045803070068
28	1	cdf	value	10.0		3.7457733154296875	3.461510181427002	3.6073970794677734
28	1	cdf	value	11.0		2.995478391647339	2.216522455215454	2.4068169593811035
28	1	cdf	value	11.5		3.2564263343811035	1.8591663837432861	2.077995538711548
28	1	cdf	value	12.0		3.2564682960510254	1.53182053565979	1.8717167377471924
28	1	cdf	value	12.5		3.413862466812134	1.187860369682312	1.8141934871673584
28	1	cdf	value	13.0		3.491551399230957	0.9867731332778931	2.019075870513916
28	1	cdf	value	14.0		3.6585710048675537	0.5560280680656433	2.433544397354126
28	1	cdf	value	16.0		4.853743553161621	0.7905696034431458	3.6594796180725098
28	1	cdf	value	18.5		5.488315105438232	1.9309983253479004	4.513669967651367
28	1	cdf	value	20.0		5.414989948272705	1.0875684022903442	4.178053855895996
28	1	cdf	value	21.0		5.675069808959961	0.7536073923110962	4.427248954772949
28	1	cdf	value	21.5		5.30252742767334	0.3890456259250641	4.026651859283447
28	1	cdf	value	22.0		5.3118977546691895	0.20889581739902496	4.058980941772461
28	1	cdf	value	22.5		5.420671463012695	-0.4591144323348999	4.127652645111084
28	1	cdf	value	23.0		5.5958967208862305	-0.5352972745895386	4.343775272369385
28	1	cdf	value	24.0		5.341109275817871	-0.9825072884559631	4.170299053192139
28	1	cdf	value	25.5		5.256947994232178	-0.9998751878738403	4.101211071014404
28	1	cdf	value	28.0		4.535009384155273	-0.5656901001930237	3.3451733589172363
28	1	cdf	value	30.0		4.128287315368652	-1.1010262966156006	2.7129335403442383
28	1	cdf	value	31.0		3.86580491065979	-1.6640574932098389	2.551675796508789
28	1	cdf	value	31.5		4.169326305389404	-2.181575059890747	2.7420926094055176
28	1	cdf	value	32.0		3.8750407695770264	-2.299961566925049	2.699801206588745
28	1	cdf	value	32.5		3.9052774906158447	-2.6935877799987793	2.9835431575775146
28	1	cdf	value	33.0		4.033934116363525	-3.040748119354248	3.309417486190796
28	1	cdf	value	34.0		4.260864734649658	-3.959052324295044	4.1480865478515625
28	1	cdf	value	36.0		5.350147247314453	-6.549814224243164	6.66127347946167
28	1	cdf	value	36.5		5.671272277832031	-7.016697406768799	7.129914283752441
28	1	cdf	value	38.5		6.946069717407227	-8.905881881713867	8.950174331665039
28	1	cdf	value	39.0		7.057623386383057	-9.568441390991211	9.598783493041992
28	1	cdf	value	40.0		7.645346641540527	-10.682168006896973	10.683802604675293
28	1	cdf	value	41.0		7.570537090301514	-11.43502140045166	11.43502140045166
28	1	cdf	value	41.5		7.809988021850586	-12.122106552124023	12.122106552124023
28	2	inverse_cdf	value	2.5		8.831597328186035	11.410633087158203	11.410633087158203
28	2	inverse_cdf	value	3.0		8.664257049560547	11.033052444458008	11.033310890197754
28	2	inverse_cdf	value	4.0		8.213454246520996	10.919584274291992	10.934720993041992
28	2	inverse_cdf	value	5.0		7.323521614074707	9.878652572631836	9.917119979858398
28	2	inverse_cdf	value	5.5		6.887338161468506	9.27810001373291	9.316454887390137
28	2	inverse_cdf	value	7.5		5.898487567901611	6.714337348937988	6.799821853637695
28	2	inverse_cdf	value	8.0		5.133521556854248	5.755468845367432	5.8641462326049805
28	2	inverse_cdf	value	10.0		3.6919331550598145	3.2564752101898193	3.398547887802124
28	2	inverse_cdf	value	11.0		2.9535324573516846	2.074571371078491	2.2161428928375244
28	2	inverse_cdf	value	11.5		2.7975099086761475	1.5498181581497192	1.7867108583450317
28	2	inverse_cdf	value	12.0		2.6912765502929688	1.136023759841919	1.4747587442398071
28	2	inverse_cdf	value	12.5		2.6764283180236816	0.8087815642356873	1.4512935876846313
28	2	inverse_cdf	value	13.0		2.8591489791870117	0.5620811581611633	1.694823145866394
28	2	inverse_cdf	value	14.0		3.273918390274048	0.1562328338623047	2.190542459487915
28	2	inverse_cdf	value	16.0		4.847651481628418	0.7813760638237	3.6633460521698
28	2	inverse_cdf	value	18.5		5.345726013183594	1.5718282461166382	4.292731761932373
28	2	inverse_cdf	value	20.0		5.673011779785156	1.504480242729187	4.46418571472168
28	2	inverse_cdf	value	21.0		5.418618202209473	0.9487926959991455	4.066186904907227
28	2	inverse_cdf	value	21.5		5.337289810180664	0.31938299536705017	3.9907095432281494
28	2	inverse_cdf	value	22.0		5.472399711608887	-0.027789458632469177	4.097379684448242
28	2	inverse_cdf	value	22.5		5.284033298492432	0.040926460176706314	3.9846835136413574
28	2	inverse_cdf	value	23.0		5.174073696136475	-0.22900505363941193	3.863114833831787
28	2	inverse_cdf	value	24.0		5.238160133361816	-0.6366724967956543	4.079370021820068
28	2	inverse_cdf	value	25.5		4.753789901733398	-0.548393189907074	3.736206531524658
28	2	inverse_cdf	value	28.0		4.319461345672607	-0.4283347725868225	3.216689348220825
28	2	inverse_cdf	value	30.0		3.660236358642578	-0.5416942238807678	2.3301613330841064
28	2	inverse_cdf	value	31.0		3.5038058757781982	-1.254495620727539	2.0968167781829834
28	2	inverse_cdf	value	31.5		3.5724353790283203	-1.5990527868270874	2.152127265930176
28	2	inverse_cdf	value	32.0		3.3523154258728027	-1.887872338294983	2.255599021911621
28	2	inverse_cdf	value	32.5		3.546121120452881	-2.284172773361206	2.521746873855591
28	2	inverse_cdf	value	33.0		3.491938352584839	-2.620185613632202	2.8664231300354004
28	2	inverse_cdf	value	34.0		4.275536060333252	-3.7466864585876465	3.9577207565307617
28	2	inverse_cdf	value	36.0		5.590345859527588	-6.304579257965088	6.440447807312012
28	2	inverse_cdf	value	36.5		6.028705596923828	-6.993557453155518	7.131065368652344
28	2	inverse_cdf	value	38.5		7.421933650970459	-9.106088638305664	9.169910430908203
28	2	inverse_cdf	value	39.0		7.432995319366455	-9.309547424316406	9.350566864013672
28	2	inverse_cdf	value	40.0		7.914523601531982	-9.890488624572754	9.904278755187988
28	2	inverse_cdf	value	41.0		8.008768081665039	-11.000059127807617	11.000059127807617
28	2	inverse_cdf	value	41.5		8.647984504699707	-12.055262565612793	12.055262565612793
07	1	inverse_cdf	value	2.5		3.83123779296875	2.483564853668213	2.483564853668213
07	1	inverse_cdf	value	3.0		4.501599311828613	2.690627336502075	2.706505060195923
07	1	inverse_cdf	value	4.0		4.721245288848877	2.6951284408569336	3.019688367843628
07	1	inverse_cdf	value	5.0		4.818075180053711	2.9078919887542725	3.4869134426116943
07	1	inverse_cdf	value	5.5		5.272919178009033	3.538987636566162	4.0941691398620605
07	1	inverse_cdf	value	7.5		5.654360771179199	4.753571510314941	5.401793479919434
07	1	inverse_cdf	value	8.0		5.619359970092773	5.127110481262207	5.660772323608398
07	1	inverse_cdf	value	10.0		5.451364994049072	5.9021453857421875	6.133102893829346
07	1	inverse_cdf	value	11.0		5.445879936218262	5.824105262756348	5.992939472198486
07	1	inverse_cdf	value	11.5		5.450699329376221	5.476395606994629	5.589962959289551
07	1	inverse_cdf	value	12.0		5.653209686279297	5.559541702270508	5.703824043273926
07	1	inverse_cdf	value	12.5		5.7427825927734375	5.583959579467773	5.71385383605957
07	1	inverse_cdf	value	13.0		5.700562477111816	4.984959125518799	5.303696155548096
07	1	inverse_cdf	value	14.0		5.82321834564209	4.345133304595947	5.030332565307617
07	1	inverse_cdf	value	16.0		5.1659955978393555	2.788296937942505	4.3009033203125
07	1	inverse_cdf	value	18.5		4.9288835525512695	1.0275027751922607	3.8613269329071045
07	1	inverse_cdf	value	20.0		5.24413537979126	0.34693643450737	3.9263722896575928
07	1	inverse_cdf	value	21.0		5.553486347198486	-0.30518874526023865	4.020605564117432
07	1	inverse_cdf	value	21.5		5.299296855926514	-0.15389284491539001	3.7116212844848633
07	1	inverse_cdf	value	22.0		5.461394309997559	-0.6618754863739014	3.8672242164611816
07	1	inverse_cdf	value	22.5		5.474171161651611	-0.6242702603340149	3.882552146911621
07	1	inverse_cdf	value	23.0		5.649176597595215	-0.8634885549545288	4.1067118644714355
07	1	inverse_cdf	value	24.0		5.120116710662842	-1.0484790802001953	3.9846181869506836
07	1	inverse_cdf	value	25.5		5.513390064239502	-1.062856674194336	4.380421161651611
07	1	inverse_cdf	value	28.0		5.203686237335205	-1.057208776473999	4.208401679992676
07	1	inverse_cdf	value	30.0		4.849249362945557	-1.3668506145477295	3.653952121734619
07	1	inverse_cdf	value	31.0		4.584598541259766	-1.9518312215805054	3.453536033630371
07	1	inverse_cdf	value	31.5		4.7694244384765625	-2.2339069843292236	3.497495412826538
07	1	inverse_cdf	value	32.0		4.806469917297363	-2.453246831893921	3.4976069927215576
07	1	inverse_cdf	value	32.5		4.71982479095459	-2.6882576942443848	3.5604023933410645
07	1	inverse_cdf	value	33.0		4.801718711853027	-3.195466995239258	3.8537068367004395
07	1	inverse_cdf	value	34.0		4.5786356925964355	-3.386997938156128	3.887329339981079
07	1	inverse_cdf	value	36.0		4.766336441040039	-4.41077995300293	4.726230621337891
07	1	inverse_cdf	value	36.5		5.077610015869141	-4.613155364990234	4.947364807128906
07	1	inverse_cdf	value	38.5		5.063912391662598	-4.927672386169434	5.0959696769714355
07	1	inverse_cdf	value	39.0		5.287923336029053	-5.405555725097656	5.506166934967041
07	1	inverse_cdf	value	40.0		5.664274215698242	-5.927513599395752	5.963778495788574
07	1	inverse_cdf	value	41.0		6.638334274291992	-7.385590076446533	7.386123180389404
07	1	inverse_cdf	value	41.5		7.32611083984375	-8.706005096435547	8.706005096435547
07	2	cdf	value	2.5		3.637611150741577	2.3625454902648926	2.3625454902648926
07	2	cdf	value	3.0		3.903395175933838	2.431683301925659	2.44879150390625
07	2	cdf	value	4.0		4.553906440734863	2.595381259918213	2.898695230484009
07	2	cdf	value	5.0		5.139135837554932	3.079129934310913	3.6325154304504395
07	2	cdf	value	5.5		5.399940490722656	3.2282187938690186	3.9576919078826904
07	2	cdf	value	7.5		5.166724681854248	4.225417613983154	4.869083881378174
07	2	cdf	value	8.0		5.512517929077148	4.714298725128174	5.318745136260986
07	2	cdf	value	10.0		5.228199481964111	5.618658065795898	5.85773229598999
07	2	cdf	value	11.0		5.595568656921387	5.946615219116211	6.075624465942383
07	2	cdf	value	11.5		5.603206634521484	5.561098575592041	5.734261512756348
07	2	cdf	value	12.0		5.486988544464111	5.596293926239014	5.714313507080078
07	2	cdf	value	12.5		5.552988052368164	5.181796550750732	5.39444637298584
07	2	cdf	value	13.0		5.470897197723389	4.77176570892334	5.0308661460876465
07	2	cdf	value	14.0		5.584514141082764	3.9858808517456055	4.673573017120361
07	2	cdf	value	16.0		5.17510461807251	2.688626289367676	4.246662139892578
07	2	cdf	value	18.5		5.192190170288086	1.4799338579177856	4.014928340911865
07	2	cdf	value	20.0		5.184256076812744	0.33959949016571045	3.8264191150665283
07	2	cdf	value	21.0		5.409709930419922	-0.10424646735191345	3.847698450088501
07	2	cdf	value	21.5		5.483560085296631	-0.368960440158844	3.9471938610076904
07	2	cdf	value	22.0		5.21013879776001	-0.7898715734481812	3.784393072128296
07	2	cdf	value	22.5		5.209605693817139	-0.7617485523223877	3.8533883094787598
07	2	cdf	value	23.0		5.511756420135498	-0.4274568259716034	4.046459197998047
07	2	cdf	value	24.0		5.653220176696777	-1.2133821249008179	4.391351699829102
07	2	cdf	value	25.5		5.547724723815918	-1.1156907081604004	4.449030876159668
07	2	cdf	value	28.0		5.138964653015137	-1.2338556051254272	4.195802688598633
07	2	cdf	value	30.0		4.673715114593506	-1.4443939924240112	3.4912467002868652
07	2	cdf	value	31.0		4.705207824707031	-1.929103970527649	3.416475534439087
07	2	cdf	value	31.5		4.960196018218994	-2.187108039855957	3.5529189109802246
07	2	cdf	value	32.0		4.705695152282715	-2.3324222564697266	3.4753754138946533
07	2	cdf	value	32.5		4.622020721435547	-2.435776710510254	3.4418246746063232
07	2	cdf	value	33.0		4.782068729400635	-3.172328233718872	3.829030990600586
07	2	cdf	value	34.0		4.635562896728516	-3.3329269886016846	3.892486810684204
07	2	cdf	value	36.0		5.045929431915283	-4.358231067657471	4.75214147567749
07	2	cdf	value	36.5		4.788629055023193	-4.361438274383545	4.702908992767334
07	2	cdf	value	38.5		5.03418493270874	-5.138487339019775	5.303782939910889
07	2	cdf	value	39.0		5.24063777923584	-5.285371780395508	5.413147449493408
07	2	cdf	value	40.0		5.661968231201172	-5.902406215667725	5.93606424331665
07	2	cdf	value	41.0		6.613028049468994	-7.702900409698486	7.702900409698486
07	2	cdf	value	41.5		7.393551349639893	-8.873507499694824	8.873507499694824
11	1	inverse_cdf	value	2.5		8.144424438476562	6.064027786254883	6.064027786254883
11	1	inverse_cdf	value	3.0		8.38751220703125	5.879242420196533	5.8907694816589355
11	1	inverse_cdf	value	4.0		7.679434776306152	5.4996490478515625	5.645260810852051
11	1	inverse_cdf	value	5.0		7.18474006652832	5.206047058105469	5.415050029754639
11	1	inverse_cdf	value	5.5		6.78908109664917	4.602116584777832	4.926022529602051
11	1	inverse_cdf	value	7.5		6.198779582977295	4.911157131195068	5.284404754638672
11	1	inverse_cdf	value	8.0		6.0135369300842285	5.187509536743164	5.482044696807861
11	1	inverse_cdf	value	10.0		5.390833854675293	4.966084957122803	5.161818027496338
11	1	inverse_cdf	value	11.0		4.63539981842041	4.010219097137451	4.148256301879883
11	1	inverse_cdf	value	11.5		4.934347152709961	4.071727275848389	4.2009758949279785
11	1	inverse_cdf	value	12.0		4.587043285369873	3.4706592559814453	3.6603591442108154
11	1	inverse_cdf	value	12.5		4.846179008483887	3.397960662841797	3.692579746246338
11	1	inverse_cdf	value	13.0		4.8880414962768555	3.1920695304870605	3.7222206592559814
11	1	inverse_cdf	value	14.0		5.0967512130737305	2.8909425735473633	3.915025472640991
11	1	inverse_cdf	value	16.0		5.259737491607666	3.6180055141448975	4.947202205657959
11	1	inverse_cdf	value	18.5		4.196126461029053	3.5324618816375732	4.38892126083374
11	1	inverse_cdf	value	20.0		4.071572780609131	3.361342430114746	3.9526138305664062
11	1	inverse_cdf	value	21.0		4.033370018005371	2.3514320850372314	3.293484926223755
11	1	inverse_cdf	value	21.5		4.075526714324951	2.1590943336486816	3.105785608291626
11	1	inverse_cdf	value	22.0		4.17553186416626	1.7921301126480103	2.9143269062042236
11	1	inverse_cdf	value	22.5		4.2854323387146	1.3303993940353394	2.7235267162323
11	1	inverse_cdf	value	23.0		4.174771308898926	1.2649331092834473	2.6495745182037354
11	1	inverse_cdf	value	24.0		3.9729433059692383	0.10265756398439407	2.590634822845459
11	1	inverse_cdf	value	25.5		3.7373857498168945	-0.6318220496177673	2.850862741470337
11	1	inverse_cdf	value	28.0		4.068075180053711	-0.6723377704620361	3.097611665725708
11	1	inverse_cdf	value	30.0		4.316549301147461	-1.9221538305282593	3.0739195346832275
11	1	inverse_cdf	value	31.0		4.715869426727295	-3.259093999862671	3.62768816947937
11	1	inverse_cdf	value	31.5		4.873008728027344	-3.710075616836548	3.9893312454223633
11	1	inverse_cdf	value	32.0		5.065830707550049	-4.52212381362915	4.633480548858643
11	1	inverse_cdf	value	32.5		5.109781742095947	-4.953882217407227	5.081619739532471
11	1	inverse_cdf	value	33.0		5.048337936401367	-5.271584987640381	5.328856945037842
11	1	inverse_cdf	value	34.0		5.180258274078369	-6.057521343231201	6.088216781616211
11	1	inverse_cdf	value	36.0		5.564237117767334	-7.51509952545166	7.598191261291504
11	1	inverse_cdf	value	36.5		5.703546524047852	-7.475625991821289	7.537197113037109
11	1	inverse_cdf	value	38.5		6.823299884796143	-7.688599109649658	7.857956886291504
11	1	inverse_cdf	value	39.0		7.376084804534912	-7.648845195770264	7.784000396728516
11	1	inverse_cdf	value	40.0		7.771605491638184	-6.9600701332092285	7.057882308959961
11	1	inverse_cdf	value	41.0		7.553897380828857	-6.749394416809082	6.755437850952148
11	1	inverse_cdf	value	41.5		8.346081733703613	-7.13939905166626	7.13939905166626
11	2	cdf	value	2.5		8.441034317016602	6.520193576812744	6.520193576812744
11	2	cdf	value	3.0		7.568517684936523	5.399971961975098	5.413371562957764
11	2	cdf	value	4.0		7.521670341491699	5.0696306228637695	5.231873989105225
11	2	cdf	value	5.0		6.9484758377075195	4.753419399261475	5.0282673835754395
11	2	cdf	value	5.5		6.710125923156738	4.655578136444092	4.976598739624023
11	2	cdf	value	7.5		6.359097480773926	5.068663120269775	5.447956562042236
11	2	cdf	value	8.0		6.030131816864014	4.893492221832275	5.201510906219482
11	2	cdf	value	10.0		5.106109619140625	4.770033359527588	4.946646690368652
11	2	cdf	value	11.0		4.761029243469238	4.1970038414001465	4.3521223068237305
11	2	cdf	value	11.5		4.911468505859375	4.056099891662598	4.189461708068848
11	2	cdf	value	12.0		4.892913818359375	3.7552247047424316	3.9070117473602295
11	2	cdf	value	12.5		4.637972831726074	3.335983991622925	3.636949300765991
11	2	cdf	value	13.0		5.082937717437744	3.3955976963043213	3.9183530807495117
11	2	cdf	value	14.0		5.044040679931641	2.916212797164917	3.941476583480835
11	2	cdf	value	16.0		5.328315734863281	3.5632290840148926	4.876529693603516
11	2	cdf	value	18.5		4.218947410583496	3.7371010780334473	4.549514293670654
11	2	cdf	value	20.0		3.917522668838501	3.0412909984588623	3.724224328994751
11	2	cdf	value	21.0		3.9450507164001465	2.4372458457946777	3.2470452785491943
11	2	cdf	value	21.5		3.884324312210083	2.1339495182037354	2.8818676471710205
11	2	cdf	value	22.0		4.238605976104736	1.6237009763717651	2.7804088592529297
11	2	cdf	value	22.5		3.7396693229675293	1.2511729001998901	2.343372106552124
11	2	cdf	value	23.0		4.154054641723633	0.8505924344062805	2.554525852203369
11	2	cdf	value	24.0		3.805422782897949	0.21696756780147552	2.5339443683624268
11	2	cdf	value	25.5		3.768488645553589	-0.8055402636528015	2.9256341457366943
11	2	cdf	value	28.0		4.182620048522949	-1.2300993204116821	3.2855515480041504
11	2	cdf	value	30.0		4.4926862716674805	-2.2208738327026367	3.274573802947998
11	2	cdf	value	31.0		4.707006931304932	-3.0938594341278076	3.5112831592559814
11	2	cdf	value	31.5		4.858253002166748	-3.790695905685425	4.0202765464782715
11	2	cdf	value	32.0		5.059484481811523	-4.613470554351807	4.7091875076293945
11	2	cdf	value	32.5		5.171873092651367	-5.070092678070068	5.142943382263184
11	2	cdf	value	33.0		5.164007663726807	-5.294719219207764	5.36232328414917
11	2	cdf	value	34.0		5.200508117675781	-5.994204044342041	6.04605770111084
11	2	cdf	value	36.0		5.717492580413818	-7.444274425506592	7.522475719451904
11	2	cdf	value	36.5		5.861832618713379	-7.531068325042725	7.606481552124023
11	2	cdf	value	38.5		7.00419282913208	-7.657958030700684	7.811785697937012
11	2	cdf	value	39.0		7.207231044769287	-7.498541831970215	7.650752067565918
11	2	cdf	value	40.0		7.487530708312988	-6.646816253662109	6.766369819641113
11	2	cdf	value	41.0		8.530840873718262	-7.463249206542969	7.468219757080078
11	2	cdf	value	41.5		8.676770210266113	-7.271031379699707	7.271031379699707
18	1	cdf	value	2.5		5.342004299163818	2.808400869369507	2.808400869369507
18	1	cdf	value	3.0		6.000949382781982	3.0040948390960693	3.0518105030059814
18	1	cdf	value	4.0		6.322381973266602	2.9707534313201904	3.2848398685455322
18	1	cdf	value	5.0		6.728946208953857	3.3625879287719727	3.827209234237671
18	1	cdf	value	5.5		6.252690315246582	3.209071159362793	3.717627763748169
18	1	cdf	value	7.5		5.569963455200195	2.717813491821289	3.4153003692626953
18	1	cdf	value	8.0		5.185161113739014	2.887261390686035	3.496328115463257
18	1	cdf	value	10.0		3.8669419288635254	2.181384801864624	2.5606327056884766
18	1	cdf	value	11.0		3.9659221172332764	1.8846269845962524	2.294931650161743
18	1	cdf	value	11.5		3.864187240600586	1.6666486263275146	2.176419973373413
18	1	cdf	value	12.0		3.938826084136963	1.4408276081085205	2.1396830081939697
18	1	cdf	value	12.5		4.944321632385254	1.873956322669983	2.9062411785125732
18	1	cdf	value	13.0		4.959478378295898	1.8329384326934814	3.098613739013672
18	1	cdf	value	14.0		6.222085475921631	3.1821627616882324	4.756735801696777
18	1	cdf	value	16.0		6.497350692749023	6.583511829376221	7.400508880615234
18	1	cdf	value	18.5		4.484714031219482	5.699364185333252	5.9962568283081055
18	1	cdf	value	20.0		3.4946236610412598	3.3769006729125977	3.6120009422302246
18	1	cdf	value	21.0		3.332340955734253	2.389530658721924	2.719125509262085
18	1	cdf	value	21.5		3.1479671001434326	1.8890466690063477	2.173903703689575
18	1	cdf	value	22.0		2.9694435596466064	1.2981317043304443	1.7103921175003052
18	1	cdf	value	22.5		2.8354382514953613	0.8608478903770447	1.4890003204345703
18	1	cdf	value	23.0		2.8945751190185547	0.38895291090011597	1.54570472240448
18	1	cdf	value	24.0		2.723156213760376	-0.24090144038200378	1.949804663658142
18	1	cdf	value	25.5		3.1821682453155518	-0.6017536520957947	2.5795979499816895
18	1	cdf	value	28.0		3.261509656906128	0.35640949010849	2.6403257846832275
18	1	cdf	value	30.0		3.2298591136932373	-0.28146567940711975	2.103658676147461
18	1	cdf	value	31.0		3.3395543098449707	-1.0302022695541382	2.0644681453704834
18	1	cdf	value	31.5		3.840512275695801	-1.500304937362671	2.352562189102173
18	1	cdf	value	32.0		3.444885015487671	-1.5128778219223022	2.2088418006896973
18	1	cdf	value	32.5		4.091081142425537	-2.1598803997039795	2.8211827278137207
18	1	cdf	value	33.0		4.388398170471191	-2.713247060775757	3.2716479301452637
18	1	cdf	value	34.0		4.681202411651611	-3.2852368354797363	3.7728540897369385
18	1	cdf	value	36.0		5.6715312004089355	-4.519174575805664	5.012375831604004
18	1	cdf	value	36.5		6.287937641143799	-5.004712104797363	5.411159992218018
18	1	cdf	value	38.5		6.479098320007324	-5.573906421661377	5.7592973709106445
18	1	cdf	value	39.0		6.360005855560303	-5.95614767074585	6.068009853363037
18	1	cdf	value	40.0		6.645524024963379	-6.718407154083252	6.7485127449035645
18	1	cdf	value	41.0		7.509518623352051	-8.10643482208252	8.10656452178955
18	1	cdf	value	41.5		7.468933582305908	-8.906410217285156	8.906410217285156
18	2	inverse_cdf	value	2.5		5.744540214538574	3.0749077796936035	3.0749077796936035
18	2	inverse_cdf	value	3.0		5.8925251960754395	2.881378412246704	2.9297337532043457
18	2	inverse_cdf	value	4.0		6.415809154510498	3.0292062759399414	3.3769664764404297
18	2	inverse_cdf	value	5.0		5.954898357391357	2.918074607849121	3.4190456867218018
18	2	inverse_cdf	value	5.5		6.239887237548828	3.1928598880767822	3.7048819065093994
18	2	inverse_cdf	value	7.5		4.954627513885498	2.5305087566375732	3.175801992416382
18	2	inverse_cdf	value	8.0		5.023441314697266	2.7031071186065674	3.3284683227539062
18	2	inverse_cdf	value	10.0		3.7231664657592773	2.1815922260284424	2.603355884552002
18	2	inverse_cdf	value	11.0		3.5788912773132324	1.6168617010116577	2.107766628265381
18	2	inverse_cdf	value	11.5		4.250971794128418	1.760730504989624	2.3563179969787598
18	2	inverse_cdf	value	12.0		4.445891380310059	1.6490718126296997	2.4490416049957275
18	2	inverse_cdf	value	12.5		4.62339448928833	1.6336020231246948	2.7247533798217773
18	2	inverse_cdf	value	13.0		5.259315490722656	2.1932289600372314	3.4167418479919434
18	2	inverse_cdf	value	14.0		6.007145881652832	2.9299709796905518	4.463134765625
18	2	inverse_cdf	value	16.0		6.204787731170654	6.430005073547363	7.276188373565674
18	2	inverse_cdf	value	18.5		4.353568077087402	5.600944519042969	5.844596862792969
18	2	inverse_cdf	value	20.0		3.716961145401001	3.907897710800171	4.095041275024414
18	2	inverse_cdf	value	21.0		3.40143084526062	2.684359312057495	2.920626640319824
18	2	inverse_cdf	value	21.5		3.0666918754577637	1.9365102052688599	2.1976802349090576
18	2	inverse_cdf	value	22.0		3.1263320446014404	1.4901307821273804	1.8418266773223877
18	2	inverse_cdf	value	22.5		3.0382325649261475	1.0855116844177246	1.6899503469467163
18	2	inverse_cdf	value	23.0		3.0320651531219482	0.6608934998512268	1.6797105073928833
18	2	inverse_cdf	value	24.0		3.000631332397461	-0.06779149919748306	2.059628963470459
18	2	inverse_cdf	value	25.5		3.349687337875366	-0.4255910813808441	2.711143970489502
18	2	inverse_cdf	value	28.0		3.0838091373443604	0.43773534893989563	2.5280568599700928
18	2	inverse_cdf	value	30.0		3.0415806770324707	-0.30234479904174805	2.001397132873535
18	2	inverse_cdf	value	31.0		3.5960967540740967	-1.2222801446914673	2.1854407787323
18	2	inverse_cdf	value	31.5		3.5169689655303955	-1.3123679161071777	2.107814073562622
18	2	inverse_cdf	value	32.0		3.762336015701294	-1.6210298538208008	2.3837451934814453
18	2	inverse_cdf	value	32.5		3.9616191387176514	-2.2614378929138184	2.7549707889556885
18	2	inverse_cdf	value	33.0		4.441700458526611	-2.7534124851226807	3.258810520172119
18	2	inverse_cdf	value	34.0		4.992310523986816	-3.6271839141845703	4.098747730255127
18	2	inverse_cdf	value	36.0		5.931420803070068	-4.837813377380371	5.252413272857666
18	2	inverse_cdf	value	36.5		6.206789016723633	-5.274354457855225	5.57998514175415
18	2	inverse_cdf	value	38.5		6.445780277252197	-6.0843505859375	6.2068376541137695
18	2	inverse_cdf	value	39.0		6.725827693939209	-6.325469017028809	6.418877124786377
18	2	inverse_cdf	value	40.0		6.907054901123047	-6.880682468414307	6.905189514160156
18	2	inverse_cdf	value	41.0		7.179442882537842	-8.04320240020752	8.043256759643555
18	2	inverse_cdf	value	41.5		7.374114036560059	-8.721216201782227	8.721216201782227
pil02	1	cdf	value	2.5		6.151983737945557	6.138137340545654	6.138137340545654
pil02	1	cdf	value	3.0		6.285711765289307	5.5816731452941895	5.58251953125
pil02	1	cdf	value	4.0		5.488894462585449	5.013411045074463	5.07026481628418
pil02	1	cdf	value	5.0		4.7508063316345215	3.9052958488464355	4.057589530944824
pil02	1	cdf	value	5.5		4.575201988220215	3.5666825771331787	3.762397527694702
pil02	1	cdf	value	7.5		4.202224254608154	2.377427339553833	2.946317195892334
pil02	1	cdf	value	8.0		3.9233672618865967	1.9005476236343384	2.6691431999206543
pil02	1	cdf	value	10.0		4.486089706420898	1.3132551908493042	2.9574549198150635
pil02	1	cdf	value	11.0		5.172626972198486	1.598359227180481	3.5848257541656494
pil02	1	cdf	value	11.5		5.02573299407959	1.3323854207992554	3.375290632247925
pil02	1	cdf	value	12.0		5.544488906860352	1.6878818273544312	3.869971513748169
pil02	1	cdf	value	12.5		5.362490177154541	1.504369854927063	3.8786141872406006
pil02	1	cdf	value	13.0		6.111912250518799	2.2863335609436035	4.660668849945068
pil02	1	cdf	value	14.0		6.046734809875488	2.8240673542022705	4.91652250289917
pil02	1	cdf	value	16.0		5.880218029022217	4.174671649932861	5.632109642028809
pil02	1	cdf	value	18.5		5.332976818084717	4.147965431213379	5.085493564605713
pil02	1	cdf	value	20.0		4.757510185241699	3.053431749343872	4.005366802215576
pil02	1	cdf	value	21.0		4.463547229766846	2.482123613357544	3.687757730484009
pil02	1	cdf	value	21.5		4.568899631500244	1.9894835948944092	3.4804370403289795
pil02	1	cdf	value	22.0		4.441266059875488	1.731347918510437	3.308394432067871
pil02	1	cdf	value	22.5		4.217681884765625	1.4532792568206787	3.062943458557129
pil02	1	cdf	value	23.0		4.030329704284668	1.0597182512283325	2.8644447326660156
pil02	1	cdf	value	24.0		3.977686643600464	0.4438202381134033	2.8145174980163574
pil02	1	cdf	value	25.5		3.7346558570861816	-0.07770421355962753	2.7077224254608154
pil02	1	cdf	value	28.0		3.727616310119629	-1.1939448118209839	2.6483192443847656
pil02	1	cdf	value	30.0		4.442856311798096	-2.715179920196533	3.3115134239196777
pil02	1	cdf	value	31.0		4.82600736618042	-3.7427978515625	4.129241466522217
pil02	1	cdf	value	31.5		4.822978973388672	-3.780046224594116	4.189946174621582
pil02	1	cdf	value	32.0		5.042359828948975	-4.105833053588867	4.479740142822266
pil02	1	cdf	value	32.5		5.319359302520752	-4.5512566566467285	4.93958854675293
pil02	1	cdf	value	33.0		5.630275726318359	-5.018494129180908	5.352249622344971
pil02	1	cdf	value	34.0		5.753322124481201	-4.995352745056152	5.580868244171143
pil02	1	cdf	value	36.0		6.0897216796875	-4.413452625274658	5.292675018310547
pil02	1	cdf	value	36.5		5.864161014556885	-3.6272692680358887	4.676785945892334
pil02	1	cdf	value	38.5		5.493464946746826	-3.597170829772949	4.027837753295898
pil02	1	cdf	value	39.0		5.330573558807373	-3.927574634552002	4.200767993927002
pil02	1	cdf	value	40.0		5.034909248352051	-4.174237251281738	4.204369068145752
pil02	1	cdf	value	41.0		5.406608581542969	-5.48006010055542	5.48006010055542
pil02	1	cdf	value	41.5		5.999617099761963	-6.247866153717041	6.247866153717041
pil02	2	inverse_cdf	value	2.5		6.586885452270508	5.948659896850586	5.948659896850586
pil02	2	inverse_cdf	value	3.0		6.36529016494751	5.578157424926758	5.579771041870117
pil02	2	inverse_cdf	value	4.0		5.354315280914307	4.343255996704102	4.410449028015137
pil02	2	inverse_cdf	value	5.0		4.464158058166504	3.6199638843536377	3.8044791221618652
pil02	2	inverse_cdf	value	5.5		4.293564319610596	3.3757236003875732	3.5452380180358887
pil02	2	inverse_cdf	value	7.5		3.5481789112091064	1.7057900428771973	2.372614860534668
pil02	2	inverse_cdf	value	8.0		3.586003065109253	1.3891452550888062	2.323270797729492
pil02	2	inverse_cdf	value	10.0		4.329066753387451	0.8674587607383728	2.6861157417297363
pil02	2	inverse_cdf	value	11.0		4.878904342651367	0.9539462924003601	3.1232943534851074
pil02	2	inverse_cdf	value	11.5		4.751142978668213	0.7397779226303101	3.1540274620056152
pil02	2	inverse_cdf	value	12.0		5.340221881866455	1.097758173942566	3.6017637252807617
pil02	2	inverse_cdf	value	12.5		5.686136245727539	1.7412904500961304	4.049556732177734
pil02	2	inverse_cdf	value	13.0		5.695221900939941	1.7870391607284546	4.183797359466553
pil02	2	inverse_cdf	value	14.0		6.202261447906494	2.797030210494995	5.005064487457275
pil02	2	inverse_cdf	value	16.0		6.5204949378967285	4.810288429260254	6.187699794769287
pil02	2	inverse_cdf	value	18.5		5.521359920501709	3.9228501319885254	5.030984401702881
pil02	2	inverse_cdf	value	20.0		4.67236328125	3.0779991149902344	3.907170295715332
pil02	2	inverse_cdf	value	21.0		4.377480506896973	2.521944522857666	3.3989131450653076
pil02	2	inverse_cdf	value	21.5		4.0636701583862305	2.1190707683563232	3.051391124725342
pil02	2	inverse_cdf	value	22.0		4.096237659454346	1.7550334930419922	2.881981372833252
pil02	2	inverse_cdf	value	22.5		4.019784927368164	1.286468744277954	2.792832374572754
pil02	2	inverse_cdf	value	23.0		3.5927298069000244	1.0420759916305542	2.530341386795044
pil02	2	inverse_cdf	value	24.0		3.501896619796753	0.7599151134490967	2.4974710941314697
pil02	2	inverse_cdf	value	25.5		3.5212645530700684	0.07117734104394913	2.61326265335083
pil02	2	inverse_cdf	value	28.0		3.656348943710327	-0.7020623683929443	2.506657123565674
pil02	2	inverse_cdf	value	30.0		4.3586931228637695	-2.2676942348480225	2.9685487747192383
pil02	2	inverse_cdf	value	31.0		4.560097694396973	-2.992708444595337	3.4767794609069824
pil02	2	inverse_cdf	value	31.5		4.796380519866943	-3.259063959121704	3.726766586303711
pil02	2	inverse_cdf	value	32.0		4.920316219329834	-3.7636377811431885	4.119704246520996
pil02	2	inverse_cdf	value	32.5		4.925319671630859	-3.9039878845214844	4.3446784019470215
pil02	2	inverse_cdf	value	33.0		5.217721939086914	-4.063716888427734	4.583773136138916
pil02	2	inverse_cdf	value	34.0		6.0259294509887695	-4.750349521636963	5.372181415557861
pil02	2	inverse_cdf	value	36.0		5.882199764251709	-3.953639268875122	4.915823459625244
pil02	2	inverse_cdf	value	36.5		5.944869041442871	-3.518847942352295	4.574460029602051
pil02	2	inverse_cdf	value	38.5		5.212907791137695	-3.2371740341186523	3.792938470840454
pil02	2	inverse_cdf	value	39.0		5.038846969604492	-3.4119601249694824	3.721238374710083
pil02	2	inverse_cdf	value	40.0		5.075482368469238	-4.170266628265381	4.2043256759643555
pil02	2	inverse_cdf	value	41.0		5.659263610839844	-5.28180456161499	5.28180456161499
pil02	2	inverse_cdf	value	41.5		6.104549407958984	-6.180037975311279	6.180037975311279
19	1	inverse_cdf	value	2.5		4.847643852233887	2.5802321434020996	2.5802321434020996
19	1	inverse_cdf	value	3.0		6.29932975769043	3.756854295730591	3.846846342086792
19	1	inverse_cdf	value	4.0		6.8617262840271	5.292354106903076	5.49882698059082
19	1	inverse_cdf	value	5.0		6.967407703399658	6.045844554901123	6.146305561065674
19	1	inverse_cdf	value	5.5		7.097055435180664	6.635311603546143	6.721131801605225
19	1	inverse_cdf	value	7.5		5.5448102951049805	5.058357238769531	5.198083877563477
19	1	inverse_cdf	value	8.0		5.00221586227417	4.485740661621094	4.648169040679932
19	1	inverse_cdf	value	10.0		5.099826335906982	4.430440425872803	4.6229376792907715
19	1	inverse_cdf	value	11.0		5.419723033905029	3.963364839553833	4.2535223960876465
19	1	inverse_cdf	value	11.5		5.41037654876709	3.8906092643737793	4.251441478729248
19	1	inverse_cdf	value	12.0		5.596065521240234	3.829911470413208	4.380850791931152
19	1	inverse_cdf	value	12.5		5.8864359855651855	4.006832122802734	4.7201995849609375
19	1	inverse_cdf	value	13.0		6.2389984130859375	4.045107841491699	5.055580139160156
19	1	inverse_cdf	value	14.0		5.9285807609558105	3.7355799674987793	5.003473281860352
19	1	inverse_cdf	value	16.0		6.248406410217285	4.446324825286865	6.037193298339844
19	1	inverse_cdf	value	18.5		5.308667182922363	4.116878986358643	5.504754066467285
19	1	inverse_cdf	value	20.0		4.978078842163086	3.3873841762542725	4.694500923156738
19	1	inverse_cdf	value	21.0		4.674412727355957	2.750488519668579	4.0472846031188965
19	1	inverse_cdf	value	21.5		4.605383396148682	2.122136116027832	3.5321602821350098
19	1	inverse_cdf	value	22.0		4.569942951202393	1.835458755493164	3.347411632537842
19	1	inverse_cdf	value	22.5		4.481945991516113	1.2718369960784912	3.068835496902466
19	1	inverse_cdf	value	23.0		4.794009208679199	0.8184516429901123	3.1039464473724365
19	1	inverse_cdf	value	24.0		4.323005199432373	0.1661500781774521	2.8624186515808105
19	1	inverse_cdf	value	25.5		4.4175591468811035	-0.3507536053657532	3.2186100482940674
19	1	inverse_cdf	value	28.0		4.687745094299316	-0.8207139372825623	3.6177022457122803
19	1	inverse_cdf	value	30.0		4.962298393249512	-1.554682970046997	3.500422954559326
19	1	inverse_cdf	value	31.0		5.132273197174072	-2.5028915405273438	3.649975538253784
19	1	inverse_cdf	value	31.5		5.164309978485107	-2.770864963531494	3.76328182220459
19	1	inverse_cdf	value	32.0		5.216695785522461	-3.1471543312072754	3.864426374435425
19	1	inverse_cdf	value	32.5		5.07206916809082	-3.5987443923950195	4.055844783782959
19	1	inverse_cdf	value	33.0		5.149121284484863	-4.062984466552734	4.402601718902588
19	1	inverse_cdf	value	34.0		5.417031764984131	-5.006773471832275	5.1670122146606445
19	1	inverse_cdf	value	36.0		5.639969825744629	-6.275800704956055	6.376590251922607
19	1	inverse_cdf	value	36.5		5.754661560058594	-6.54793643951416	6.621630668640137
19	1	inverse_cdf	value	38.5		5.711735248565674	-7.114979267120361	7.1454291343688965
19	1	inverse_cdf	value	39.0		6.094893455505371	-7.715543746948242	7.738780498504639
19	1	inverse_cdf	value	40.0		6.319539546966553	-8.742498397827148	8.747986793518066
19	1	inverse_cdf	value	41.0		6.8321733474731445	-10.117403984069824	10.117546081542969
19	1	inverse_cdf	value	41.5		7.473804950714111	-11.330889701843262	11.330889701843262
19	2	cdf	value	2.5		4.456593036651611	2.0409624576568604	2.0409624576568604
19	2	cdf	value	3.0		5.01315975189209	2.5509414672851562	2.6682395935058594
19	2	cdf	value	4.0		6.358816623687744	4.44651460647583	4.7004170417785645
19	2	cdf	value	5.0		6.798085689544678	5.667251110076904	5.805047988891602
19	2	cdf	value	5.5		6.369330883026123	5.300595283508301	5.4261474609375
19	2	cdf	value	7.5		5.411235332489014	4.766848564147949	4.954836368560791
19	2	cdf	value	8.0		5.301894187927246	4.460782051086426	4.656499862670898
19	2	cdf	value	10.0		4.911096572875977	4.01412296295166	4.231970310211182
19	2	cdf	value	11.0		5.099552154541016	3.848951816558838	4.125879764556885
19	2	cdf	value	11.5		5.246650218963623	3.761147975921631	4.1410698890686035
19	2	cdf	value	12.0		5.712522506713867	4.2209696769714355	4.684323310852051
19	2	cdf	value	12.5		5.84763240814209	3.8509042263031006	4.65897798538208
19	2	cdf	value	13.0		6.128633499145508	4.310841083526611	5.125577926635742
19	2	cdf	value	14.0		6.361391067504883	4.233832359313965	5.458026885986328
19	2	cdf	value	16.0		6.207663059234619	4.449635028839111	6.028622150421143
19	2	cdf	value	18.5		5.564765930175781	4.082272052764893	5.504085063934326
19	2	cdf	value	20.0		5.032941818237305	3.1973884105682373	4.572737216949463
19	2	cdf	value	21.0		4.854227066040039	2.3406100273132324	3.8389604091644287
19	2	cdf	value	21.5		4.4828619956970215	2.324685573577881	3.538651943206787
19	2	cdf	value	22.0		4.562748432159424	1.6314780712127686	3.204267740249634
19	2	cdf	value	22.5		4.429782867431641	1.3006370067596436	2.988776922225952
19	2	cdf	value	23.0		3.917243242263794	0.9049378633499146	2.4876418113708496
19	2	cdf	value	24.0		3.8877065181732178	0.4368188679218292	2.5702993869781494
19	2	cdf	value	25.5		4.499883651733398	-0.41175514459609985	3.26621150970459
19	2	cdf	value	28.0		4.518514633178711	-0.658939778804779	3.4514310359954834
19	2	cdf	value	30.0		4.424213886260986	-1.1399136781692505	3.254265308380127
19	2	cdf	value	31.0		5.214764595031738	-2.254899740219116	3.580273389816284
19	2	cdf	value	31.5		5.2380900382995605	-2.8601303100585938	3.7439076900482178
19	2	cdf	value	32.0		5.099388122558594	-2.8749659061431885	3.691554307937622
19	2	cdf	value	32.5		5.254240989685059	-3.5607388019561768	4.053729057312012
19	2	cdf	value	33.0		5.5772013664245605	-4.0635528564453125	4.497463226318359
19	2	cdf	value	34.0		5.638440132141113	-4.746596813201904	5.014548301696777
19	2	cdf	value	36.0		5.7930684089660645	-6.195118427276611	6.3109450340271
19	2	cdf	value	36.5		5.757572174072266	-6.309460639953613	6.387292861938477
19	2	cdf	value	38.5		5.622751235961914	-6.673003196716309	6.722446441650391
19	2	cdf	value	39.0		5.614424705505371	-6.912909984588623	6.9492645263671875
19	2	cdf	value	40.0		5.969906806945801	-8.275959014892578	8.284035682678223
19	2	cdf	value	41.0		6.999234676361084	-9.557294845581055	9.557294845581055
19	2	cdf	value	41.5		7.512571811676025	-10.819308280944824	10.819308280944824
10	1	cdf	value	2.5		7.861861228942871	5.48750638961792	5.48750638961792
10	1	cdf	value	3.0		7.656803607940674	5.058865070343018	5.064423084259033
10	1	cdf	value	4.0		6.838604927062988	4.22588586807251	4.387521266937256
10	1	cdf	value	5.0		5.741543769836426	3.4959380626678467	3.8268516063690186
10	1	cdf	value	5.5		5.5683770179748535	3.073451042175293	3.5325264930725098
10	1	cdf	value	7.5		4.909759521484375	2.33015775680542	3.2589821815490723
10	1	cdf	value	8.0		5.3986616134643555	2.7524425983428955	3.6811113357543945
10	1	cdf	value	10.0		4.887425422668457	3.1053574085235596	3.8840417861938477
10	1	cdf	value	11.0		4.542971134185791	3.0105552673339844	3.6487393379211426
10	1	cdf	value	11.5		4.63114595413208	2.9567947387695312	3.5563886165618896
10	1	cdf	value	12.0		4.3187737464904785	3.010316848754883	3.4611480236053467
10	1	cdf	value	12.5		4.3971991539001465	2.6547412872314453	3.261202096939087
10	1	cdf	value	13.0		3.950512170791626	2.406770944595337	2.944960594177246
10	1	cdf	value	14.0		3.8807179927825928	2.1874568462371826	2.9266715049743652
10	1	cdf	value	16.0		3.536896228790283	1.2315328121185303	2.5742719173431396
10	1	cdf	value	18.5		4.02280855178833	0.9827814698219299	3.0961034297943115
10	1	cdf	value	20.0		4.200409889221191	1.64714777469635	3.5375049114227295
10	1	cdf	value	21.0		4.464853286743164	1.6691875457763672	3.6640005111694336
10	1	cdf	value	21.5		4.330835819244385	2.1094062328338623	3.731567859649658
10	1	cdf	value	22.0		4.427539825439453	2.0418882369995117	3.7442493438720703
10	1	cdf	value	22.5		4.55738639831543	1.8685693740844727	3.714402437210083
10	1	cdf	value	23.0		4.649023056030273	1.8417634963989258	3.660781145095825
10	1	cdf	value	24.0		4.946898937225342	1.5881718397140503	3.7663257122039795
10	1	cdf	value	25.5		5.5998854637146	0.2766193151473999	4.058559417724609
10	1	cdf	value	28.0		4.958151340484619	-1.0025635957717896	3.5744519233703613
10	1	cdf	value	30.0		4.379696846008301	-2.1586382389068604	3.330488681793213
10	1	cdf	value	31.0		4.6973748207092285	-3.0164315700531006	3.6687982082366943
10	1	cdf	value	31.5		4.2392802238464355	-3.080010175704956	3.5550599098205566
10	1	cdf	value	32.0		4.575979709625244	-3.8661038875579834	4.122079849243164
10	1	cdf	value	32.5		4.397008895874023	-4.013041973114014	4.183370590209961
10	1	cdf	value	33.0		4.427938938140869	-4.374185562133789	4.531820297241211
10	1	cdf	value	34.0		4.388345241546631	-4.912289619445801	5.016363143920898
10	1	cdf	value	36.0		5.1401262283325195	-5.873634338378906	6.025865077972412
10	1	cdf	value	36.5		5.225340366363525	-5.926826000213623	6.142138481140137
10	1	cdf	value	38.5		6.337189197540283	-5.268961429595947	5.644547462463379
10	1	cdf	value	39.0		6.122340679168701	-4.3433122634887695	4.724319934844971
10	1	cdf	value	40.0		6.277722358703613	-3.773088216781616	4.048764228820801
10	1	cdf	value	41.0		6.316860675811768	-3.660900115966797	3.6831130981445312
10	1	cdf	value	41.5		6.537391662597656	-3.789807081222534	3.789807081222534
10	2	inverse_cdf	value	2.5		7.8239359855651855	5.893521308898926	5.893521308898926
10	2	inverse_cdf	value	3.0		7.686697483062744	5.460693359375	5.464267730712891
10	2	inverse_cdf	value	4.0		6.975321292877197	4.7319207191467285	4.876951217651367
10	2	inverse_cdf	value	5.0		6.120867729187012	3.829286575317383	4.141695499420166
10	2	inverse_cdf	value	5.5		6.385899066925049	3.8363218307495117	4.245077133178711
10	2	inverse_cdf	value	7.5		5.403539657592773	2.8702847957611084	3.7054405212402344
10	2	inverse_cdf	value	8.0		5.29141092300415	2.9308602809906006	3.855295419692993
10	2	inverse_cdf	value	10.0		5.196383476257324	3.521489143371582	4.252026557922363
10	2	inverse_cdf	value	11.0		4.521111011505127	2.9889986515045166	3.565206527709961
10	2	inverse_cdf	value	11.5		4.626956462860107	3.1638898849487305	3.6531362533569336
10	2	inverse_cdf	value	12.0		4.5918450355529785	2.9738552570343018	3.5313730239868164
10	2	inverse_cdf	value	12.5		4.367626667022705	2.90958833694458	3.4002320766448975
10	2	inverse_cdf	value	13.0		4.266849994659424	2.8189706802368164	3.3305180072784424
10	2	inverse_cdf	value	14.0		4.025389671325684	2.1208198070526123	2.9674150943756104
10	2	inverse_cdf	value	16.0		3.814561605453491	1.3828576803207397	2.7857706546783447
10	2	inverse_cdf	value	18.5		3.911895990371704	0.9745478630065918	3.006937265396118
10	2	inverse_cdf	value	20.0		4.366569519042969	1.55763840675354	3.6583735942840576
10	2	inverse_cdf	value	21.0		4.361566543579102	1.8271843194961548	3.6638739109039307
10	2	inverse_cdf	value	21.5		4.402553558349609	1.8010741472244263	3.6501271724700928
10	2	inverse_cdf	value	22.0		4.152095317840576	1.8344889879226685	3.43019437789917
10	2	inverse_cdf	value	22.5		4.45143461227417	1.5961180925369263	3.48768949508667
10	2	inverse_cdf	value	23.0		4.828550815582275	1.867855429649353	3.878521680831909
10	2	inverse_cdf	value	24.0		5.201383113861084	1.3582923412322998	3.885169267654419
10	2	inverse_cdf	value	25.5		5.441790580749512	0.5347604751586914	4.033161163330078
10	2	inverse_cdf	value	28.0		4.8566575050354	-0.8906142711639404	3.4869580268859863
10	2	inverse_cdf	value	30.0		4.591882228851318	-2.369328498840332	3.5606794357299805
10	2	inverse_cdf	value	31.0		4.695310592651367	-3.1630542278289795	3.7411913871765137
10	2	inverse_cdf	value	31.5		4.630449295043945	-3.525728702545166	3.9305851459503174
10	2	inverse_cdf	value	32.0		4.788427829742432	-4.105607509613037	4.359553813934326
10	2	inverse_cdf	value	32.5		4.911672115325928	-4.665623188018799	4.834605693817139
10	2	inverse_cdf	value	33.0		4.919573783874512	-4.833187580108643	4.994537830352783
10	2	inverse_cdf	value	34.0		4.478448390960693	-5.0946760177612305	5.18106746673584
10	2	inverse_cdf	value	36.0		4.962238788604736	-5.99815559387207	6.157907009124756
10	2	inverse_cdf	value	36.5		5.221911430358887	-6.21481466293335	6.430762767791748
10	2	inverse_cdf	value	38.5		6.413609981536865	-5.4522705078125	5.78010892868042
10	2	inverse_cdf	value	39.0		6.657444000244141	-5.393542289733887	5.717124938964844
10	2	inverse_cdf	value	40.0		7.39990234375	-5.157810211181641	5.365236282348633
10	2	inverse_cdf	value	41.0		6.793491363525391	-4.311032295227051	4.327528476715088
10	2	inverse_cdf	value	41.5		6.857391357421875	-4.505463123321533	4.505463123321533
pil01	1	inverse_cdf	value	2.5		9.536877632141113	10.12098503112793	10.12098503112793
pil01	1	inverse_cdf	value	3.0		9.19619369506836	9.231878280639648	9.233146667480469
pil01	1	inverse_cdf	value	4.0		9.234853744506836	8.328078269958496	8.376779556274414
pil01	1	inverse_cdf	value	5.0		7.980024814605713	7.0712761878967285	7.1542253494262695
pil01	1	inverse_cdf	value	5.5		7.942232131958008	6.884687900543213	7.001477241516113
pil01	1	inverse_cdf	value	7.5		7.499893665313721	6.585888862609863	6.781559467315674
pil01	1	inverse_cdf	value	8.0		7.408565521240234	7.145424842834473	7.312637805938721
pil01	1	inverse_cdf	value	10.0		5.915195465087891	8.316521644592285	8.392935752868652
pil01	1	inverse_cdf	value	11.0		4.766857624053955	6.2201337814331055	6.242919445037842
pil01	1	inverse_cdf	value	11.5		4.437762260437012	5.50217866897583	5.5238776206970215
pil01	1	inverse_cdf	value	12.0		4.01054573059082	4.868868827819824	4.892401218414307
pil01	1	inverse_cdf	value	12.5		3.773711919784546	4.223957061767578	4.245975971221924
pil01	1	inverse_cdf	value	13.0		3.5984814167022705	3.555502414703369	3.627889633178711
pil01	1	inverse_cdf	value	14.0		2.9758222103118896	2.6182949542999268	2.8798770904541016
pil01	1	inverse_cdf	value	16.0		2.7629189491271973	1.6475508213043213	2.6011977195739746
pil01	1	inverse_cdf	value	18.5		2.3544411659240723	1.0750796794891357	2.182314872741699
pil01	1	inverse_cdf	value	20.0		1.990949034690857	0.5472115278244019	1.6859732866287231
pil01	1	inverse_cdf	value	21.0		1.9130045175552368	0.019769743084907532	1.357214331626892
pil01	1	inverse_cdf	value	21.5		1.8131341934204102	-0.2590150833129883	1.229907512664795
pil01	1	inverse_cdf	value	22.0		1.6929376125335693	-0.6224524974822998	1.124079942703247
pil01	1	inverse_cdf	value	22.5		1.7123334407806396	-1.0606228113174438	1.3384523391723633
pil01	1	inverse_cdf	value	23.0		1.777016043663025	-1.43651282787323	1.6271851062774658
pil01	1	inverse_cdf	value	24.0		1.9319961071014404	-2.138899564743042	2.359998941421509
pil01	1	inverse_cdf	value	25.5		2.686265707015991	-3.634640693664551	3.9051196575164795
pil01	1	inverse_cdf	value	28.0		4.294068336486816	-5.655787944793701	6.021754264831543
pil01	1	inverse_cdf	value	30.0		5.066119194030762	-4.858142375946045	5.321661949157715
pil01	1	inverse_cdf	value	31.0		5.186360836029053	-4.368587017059326	4.748010158538818
pil01	1	inverse_cdf	value	31.5		5.109072208404541	-4.135837078094482	4.485263347625732
pil01	1	inverse_cdf	value	32.0		4.898041248321533	-3.7108116149902344	4.031768798828125
pil01	1	inverse_cdf	value	32.5		4.790806293487549	-3.544095516204834	3.8010470867156982
pil01	1	inverse_cdf	value	33.0		4.737719535827637	-3.593034267425537	3.8460395336151123
pil01	1	inverse_cdf	value	34.0		4.896361827850342	-3.989370584487915	4.201777458190918
pil01	1	inverse_cdf	value	36.0		6.229068756103516	-4.855288505554199	5.027693748474121
pil01	1	inverse_cdf	value	36.5		6.783865451812744	-5.741147518157959	5.868587970733643
pil01	1	inverse_cdf	value	38.5		8.334709167480469	-7.703845977783203	7.808563709259033
pil01	1	inverse_cdf	value	39.0		8.187355995178223	-7.154906749725342	7.255013942718506
pil01	1	inverse_cdf	value	40.0		8.919116973876953	-8.157408714294434	8.205525398254395
pil01	1	inverse_cdf	value	41.0		9.4599027633667	-8.900333404541016	8.90346908569336
pil01	1	inverse_cdf	value	41.5		8.839799880981445	-8.71202278137207	8.71202278137207
pil01	2	cdf	value	2.5		9.948439598083496	10.888840675354004	10.888840675354004
pil01	2	cdf	value	3.0		9.758213996887207	9.741595268249512	9.742843627929688
pil01	2	cdf	value	4.0		8.862899780273438	8.54124927520752	8.579519271850586
pil01	2	cdf	value	5.0		8.006561279296875	7.076762676239014	7.158807277679443
pil01	2	cdf	value	5.5		8.120186805725098	6.9779863357543945	7.085265159606934
pil01	2	cdf	value	7.5		7.282140731811523	6.909379005432129	7.07503604888916
pil01	2	cdf	value	8.0		7.369209289550781	7.27542781829834	7.4513163566589355
pil01	2	cdf	value	10.0		5.594338893890381	7.366081237792969	7.443312644958496
pil01	2	cdf	value	11.0		4.88253927230835	6.359362602233887	6.395717620849609
pil01	2	cdf	value	11.5		4.455103874206543	5.369019985198975	5.403502464294434
pil01	2	cdf	value	12.0		4.352944850921631	4.941699981689453	4.9839091300964355
pil01	2	cdf	value	12.5		3.823963165283203	4.198599815368652	4.249502658843994
pil01	2	cdf	value	13.0		3.587076425552368	3.7934627532958984	3.8792641162872314
pil01	2	cdf	value	14.0		3.1434202194213867	2.5452425479888916	2.842970371246338
pil01	2	cdf	value	16.0		2.773491859436035	1.803814172744751	2.672941207885742
pil01	2	cdf	value	18.5		2.368546485900879	1.1937209367752075	2.322054147720337
pil01	2	cdf	value	20.0		2.0034515857696533	0.7336869835853577	1.7281073331832886
pil01	2	cdf	value	21.0		1.7568503618240356	-0.012259164825081825	1.245082974433899
pil01	2	cdf	value	21.5		1.7117125988006592	-0.3562385141849518	1.1281235218048096
pil01	2	cdf	value	22.0		1.689697504043579	-0.6884654760360718	1.1608930826187134
pil01	2	cdf	value	22.5		1.6146347522735596	-0.9285951852798462	1.2717671394348145
pil01	2	cdf	value	23.0		1.7442030906677246	-1.4614313840866089	1.6480450630187988
pil01	2	cdf	value	24.0		2.0611181259155273	-2.4083738327026367	2.553506851196289
pil01	2	cdf	value	25.5		2.5860443115234375	-3.7585551738739014	3.9664087295532227
pil01	2	cdf	value	28.0		4.259541988372803	-5.3361005783081055	5.711426258087158
pil01	2	cdf	value	30.0		5.211018085479736	-4.87337064743042	5.376090049743652
pil01	2	cdf	value	31.0		5.09819221496582	-4.145435333251953	4.568088054656982
pil01	2	cdf	value	31.5		5.1882829666137695	-4.4057207107543945	4.703123092651367
pil01	2	cdf	value	32.0		5.068965911865234	-4.046013832092285	4.326587677001953
pil01	2	cdf	value	32.5		5.088675022125244	-3.9609644412994385	4.203891754150391
pil01	2	cdf	value	33.0		4.9475531578063965	-3.864882707595825	4.113776683807373
pil01	2	cdf	value	34.0		4.988414764404297	-4.155276298522949	4.3553924560546875
pil01	2	cdf	value	36.0		6.0359086990356445	-5.019845485687256	5.194730758666992
pil01	2	cdf	value	36.5		7.042981147766113	-5.8569254875183105	6.0031023025512695
pil01	2	cdf	value	38.5		8.54979419708252	-7.707355499267578	7.79649543762207
pil01	2	cdf	value	39.0		8.408440589904785	-7.744365215301514	7.827964782714844
pil01	2	cdf	value	40.0		8.884613037109375	-8.390254020690918	8.444365501403809
pil01	2	cdf	value	41.0		9.071844100952148	-8.815353393554688	8.817914009094238
pil01	2	cdf	value	41.5		8.877730369567871	-8.745850563049316	8.745850563049316
06	1	cdf	value	2.5		6.566259860992432	4.540285110473633	4.540285110473633
06	1	cdf	value	3.0		6.3106207847595215	4.0397796630859375	4.049086093902588
06	1	cdf	value	4.0		5.553593635559082	3.3761045932769775	3.5478403568267822
06	1	cdf	value	5.0		4.835540771484375	2.5589003562927246	2.923412561416626
06	1	cdf	value	5.5		4.454858303070068	2.3194079399108887	2.7763333320617676
06	1	cdf	value	7.5		4.715224742889404	1.7285709381103516	2.7854371070861816
06	1	cdf	value	8.0		4.642002582550049	1.8352597951889038	3.0091893672943115
06	1	cdf	value	10.0		4.8055267333984375	2.203984022140503	3.2194221019744873
06	1	cdf	value	11.0		5.020694255828857	2.2977867126464844	3.2468276023864746
06	1	cdf	value	11.5		4.763949394226074	2.066729784011841	3.054133415222168
06	1	cdf	value	12.0		5.007569789886475	2.2811832427978516	3.2773823738098145
06	1	cdf	value	12.5		4.917233943939209	2.014751434326172	3.1477396488189697
06	1	cdf	value	13.0		4.9702324867248535	1.8170318603515625	3.24588680267334
06	1	cdf	value	14.0		5.139182090759277	1.6593250036239624	3.5138142108917236
06	1	cdf	value	16.0		4.8715949058532715	1.9487472772598267	3.7774651050567627
06	1	cdf	value	18.5		3.916260242462158	2.0549707412719727	3.256619453430176
06	1	cdf	value	20.0		3.006441116333008	1.6507607698440552	2.3357608318328857
06	1	cdf	value	21.0		2.958230495452881	1.1952121257781982	1.8499795198440552
06	1	cdf	value	21.5		2.5376763343811035	0.7215136885643005	1.4917101860046387
06	1	cdf	value	22.0		2.9244165420532227	0.6795887351036072	1.513092041015625
06	1	cdf	value	22.5		3.1104371547698975	0.37790587544441223	1.6862531900405884
06	1	cdf	value	23.0		2.9154181480407715	-0.06124504655599594	1.7606838941574097
06	1	cdf	value	24.0		3.4333701133728027	-0.2188822627067566	2.3317832946777344
06	1	cdf	value	25.5		4.164979934692383	-0.8044490814208984	3.273597478866577
06	1	cdf	value	28.0		4.974061012268066	-0.22676284611225128	3.8507251739501953
06	1	cdf	value	30.0		4.574489116668701	-0.5184352397918701	3.0294723510742188
06	1	cdf	value	31.0		4.323042392730713	-1.1122395992279053	2.6906347274780273
06	1	cdf	value	31.5		4.720237731933594	-1.6253925561904907	2.801196813583374
06	1	cdf	value	32.0		4.491063594818115	-1.8069021701812744	2.686208963394165
06	1	cdf	value	32.5		4.649113178253174	-2.0891406536102295	2.8159985542297363
06	1	cdf	value	33.0		4.363741397857666	-2.2987921237945557	2.847085952758789
06	1	cdf	value	34.0		4.62506103515625	-3.019704580307007	3.4294228553771973
06	1	cdf	value	36.0		4.874111175537109	-3.5868048667907715	3.9974985122680664
06	1	cdf	value	36.5		5.285467624664307	-3.9711360931396484	4.369894504547119
06	1	cdf	value	38.5		5.789954662322998	-4.114677906036377	4.458171367645264
06	1	cdf	value	39.0		6.043968677520752	-4.387545108795166	4.691766738891602
06	1	cdf	value	40.0		6.565136432647705	-4.883275032043457	5.021762371063232
06	1	cdf	value	41.0		6.9296650886535645	-4.982043743133545	4.995767593383789
06	1	cdf	value	41.5		6.829859733581543	-5.202614784240723	5.202614784240723
06	2	inverse_cdf	value	2.5		7.03499698638916	5.207074165344238	5.207074165344238
06	2	inverse_cdf	value	3.0		7.038646697998047	5.150972366333008	5.158801555633545
06	2	inverse_cdf	value	4.0		6.189767837524414	4.122539043426514	4.245441436767578
06	2	inverse_cdf	value	5.0		5.207363605499268	3.3767170906066895	3.6467831134796143
06	2	inverse_cdf	value	5.5		5.347275257110596	3.2679948806762695	3.6091010570526123
06	2	inverse_cdf	value	7.5		4.911787509918213	2.5011157989501953	3.364706039428711
06	2	inverse_cdf	value	8.0		4.86165714263916	2.4328415393829346	3.3525571823120117
06	2	inverse_cdf	value	10.0		5.200811386108398	2.5815606117248535	3.621654748916626
06	2	inverse_cdf	value	11.0		5.3276753425598145	2.70424222946167	3.6458706855773926
06	2	inverse_cdf	value	11.5		5.369460105895996	2.7851247787475586	3.6743593215942383
06	2	inverse_cdf	value	12.0		5.110857009887695	2.4048843383789062	3.418459177017212
06	2	inverse_cdf	value	12.5		5.344837665557861	2.3260838985443115	3.507420539855957
06	2	inverse_cdf	value	13.0		5.508394718170166	2.5539560317993164	3.9307122230529785
06	2	inverse_cdf	value	14.0		5.507632732391357	2.276060104370117	4.009049415588379
06	2	inverse_cdf	value	16.0		5.114795207977295	2.4010462760925293	4.1558027267456055
06	2	inverse_cdf	value	18.5		3.860208511352539	2.314812421798706	3.4609153270721436
06	2	inverse_cdf	value	20.0		3.284006118774414	1.8526694774627686	2.604771375656128
06	2	inverse_cdf	value	21.0		2.7803614139556885	1.1676098108291626	1.8541356325149536
06	2	inverse_cdf	value	21.5		3.110407829284668	1.1079083681106567	1.917294979095459
06	2	inverse_cdf	value	22.0		3.219472646713257	0.7655597925186157	1.7547571659088135
06	2	inverse_cdf	value	22.5		2.895768642425537	0.5007894039154053	1.6176140308380127
06	2	inverse_cdf	value	23.0		3.2471158504486084	0.027810676023364067	1.9176580905914307
06	2	inverse_cdf	value	24.0		3.853088140487671	-0.10785657912492752	2.6301119327545166
06	2	inverse_cdf	value	25.5		4.453108310699463	-0.1967291235923767	3.422607183456421
06	2	inverse_cdf	value	28.0		5.203420162200928	-0.6479167342185974	4.045632362365723
06	2	inverse_cdf	value	30.0		5.05007266998291	-1.156849980354309	3.4606590270996094
06	2	inverse_cdf	value	31.0		4.857599258422852	-1.8152897357940674	3.154592275619507
06	2	inverse_cdf	value	31.5		4.893111228942871	-1.980568289756775	3.024193048477173
06	2	inverse_cdf	value	32.0		4.374728679656982	-1.944092035293579	2.77750301361084
06	2	inverse_cdf	value	32.5		4.744784832000732	-2.612778663635254	3.1277875900268555
06	2	inverse_cdf	value	33.0		4.560357093811035	-2.834430694580078	3.248051643371582
06	2	inverse_cdf	value	34.0		4.793976306915283	-3.516798734664917	3.8105154037475586
06	2	inverse_cdf	value	36.0		5.491930961608887	-4.602087020874023	4.881343841552734
06	2	inverse_cdf	value	36.5		5.78484582901001	-4.980910778045654	5.290763854980469
06	2	inverse_cdf	value	38.5		6.4497480392456055	-5.459663391113281	5.697054862976074
06	2	inverse_cdf	value	39.0		6.499449729919434	-5.582949638366699	5.778280735015869
06	2	inverse_cdf	value	40.0		6.816658973693848	-5.759701728820801	5.868486404418945
06	2	inverse_cdf	value	41.0		7.231597423553467	-6.032879829406738	6.041745185852051
06	2	inverse_cdf	value	41.5		7.32622766494751	-5.88628625869751	5.88628625869751
17	1	inverse_cdf	value	2.5		7.505749702453613	10.81371021270752	10.81371021270752
17	1	inverse_cdf	value	3.0		7.2262420654296875	10.250099182128906	10.250099182128906
17	1	inverse_cdf	value	4.0		7.022118091583252	9.49360179901123	9.504961967468262
17	1	inverse_cdf	value	5.0		6.836269378662109	8.596631050109863	8.639829635620117
17	1	inverse_cdf	value	5.5		6.5762505531311035	7.738978385925293	7.795135974884033
17	1	inverse_cdf	value	7.5		6.547186374664307	6.87790584564209	7.065220832824707
17	1	inverse_cdf	value	8.0		6.242249488830566	6.660799503326416	6.811456680297852
17	1	inverse_cdf	value	10.0		5.945641040802002	5.652721881866455	5.811851978302002
17	1	inverse_cdf	value	11.0		6.257987976074219	5.108788013458252	5.4010772705078125
17	1	inverse_cdf	value	11.5		5.812719345092773	4.3907623291015625	4.633638381958008
17	1	inverse_cdf	value	12.0		6.072327613830566	4.065115451812744	4.58577823638916
17	1	inverse_cdf	value	12.5		6.144086837768555	4.281952857971191	4.807908058166504
17	1	inverse_cdf	value	13.0		5.825502872467041	3.283245086669922	4.274722576141357
17	1	inverse_cdf	value	14.0		6.548785209655762	4.005492687225342	5.333171844482422
17	1	inverse_cdf	value	16.0		6.612864017486572	2.9053404331207275	5.557257652282715
17	1	inverse_cdf	value	18.5		5.5775017738342285	1.3860610723495483	4.50808572769165
17	1	inverse_cdf	value	20.0		4.632699012756348	0.42097505927085876	3.375514268875122
17	1	inverse_cdf	value	21.0		3.9782228469848633	-0.009559081867337227	2.6681840419769287
17	1	inverse_cdf	value	21.5		3.5267856121063232	-0.3515706956386566	2.1713051795959473
17	1	inverse_cdf	value	22.0		3.1528549194335938	-0.5147116780281067	1.8918622732162476
17	1	inverse_cdf	value	22.5		3.2729201316833496	-1.0190109014511108	1.938974380493164
17	1	inverse_cdf	value	23.0		3.149364471435547	-1.2402427196502686	1.9855797290802002
17	1	inverse_cdf	value	24.0		2.9973578453063965	-2.2285268306732178	2.644484281539917
17	1	inverse_cdf	value	25.5		3.631614923477173	-3.3693671226501465	3.8512954711914062
17	1	inverse_cdf	value	28.0		5.367118835449219	-4.470005035400391	5.469218730926514
17	1	inverse_cdf	value	30.0		6.079070091247559	-3.69777774810791	5.0944294929504395
17	1	inverse_cdf	value	31.0		5.954618453979492	-3.6261069774627686	4.862661361694336
17	1	inverse_cdf	value	31.5		6.008810043334961	-3.7287960052490234	4.857354640960693
17	1	inverse_cdf	value	32.0		5.885148525238037	-3.1984052658081055	4.382637023925781
17	1	inverse_cdf	value	32.5		5.763213634490967	-3.358010768890381	4.429483890533447
17	1	inverse_cdf	value	33.0		5.916923522949219	-3.9435946941375732	4.763710975646973
17	1	inverse_cdf	value	34.0		5.638322830200195	-3.7910234928131104	4.53678560256958
17	1	inverse_cdf	value	36.0		6.187183856964111	-5.727723121643066	6.048235893249512
17	1	inverse_cdf	value	36.5		6.085465431213379	-5.738476753234863	6.072100639343262
17	1	inverse_cdf	value	38.5		6.8617143630981445	-7.499944686889648	7.588794708251953
17	1	inverse_cdf	value	39.0		6.785687446594238	-7.502700328826904	7.536411762237549
17	1	inverse_cdf	value	40.0		7.558125019073486	-9.096916198730469	9.100835800170898
17	1	inverse_cdf	value	41.0		7.381228446960449	-9.549590110778809	9.549590110778809
17	1	inverse_cdf	value	41.5		7.732639789581299	-10.762950897216797	10.762950897216797
17	2	cdf	value	2.5		7.081498146057129	11.076730728149414	11.076730728149414
17	2	cdf	value	3.0		7.138558387756348	10.408000946044922	10.408052444458008
17	2	cdf	value	4.0		7.060087203979492	10.057816505432129	10.065439224243164
17	2	cdf	value	5.0		6.995813369750977	9.100089073181152	9.139720916748047
17	2	cdf	value	5.5		6.891396522521973	8.624621391296387	8.67186164855957
17	2	cdf	value	7.5		6.469789028167725	7.284826755523682	7.436851978302002
17	2	cdf	value	8.0		6.450111389160156	7.270634651184082	7.425848007202148
17	2	cdf	value	10.0		5.787914276123047	5.610651969909668	5.797484397888184
17	2	cdf	value	11.0		5.646401405334473	4.969836711883545	5.136556625366211
17	2	cdf	value	11.5		5.898947715759277	4.841790199279785	5.15027379989624
17	2	cdf	value	12.0		5.764086723327637	4.128607273101807	4.491130352020264
17	2	cdf	value	12.5		6.125329971313477	4.288296699523926	4.887182712554932
17	2	cdf	value	13.0		6.353987693786621	4.09483003616333	4.959847450256348
17	2	cdf	value	14.0		6.715176582336426	4.391508102416992	5.666995048522949
17	2	cdf	value	16.0		6.711034297943115	3.398610830307007	5.745360374450684
17	2	cdf	value	18.5		5.778656959533691	1.3690471649169922	4.639012813568115
17	2	cdf	value	20.0		4.369604110717773	0.5819349884986877	3.2461016178131104
17	2	cdf	value	21.0		4.1469621658325195	-0.048032041639089584	2.673041820526123
17	2	cdf	value	21.5		3.5161755084991455	-0.3059181869029999	2.1802337169647217
17	2	cdf	value	22.0		3.414536237716675	-0.758769154548645	2.0133094787597656
17	2	cdf	value	22.5		3.1300787925720215	-1.0983084440231323	1.918124794960022
17	2	cdf	value	23.0		3.03950572013855	-1.4162228107452393	2.0038294792175293
17	2	cdf	value	24.0		3.14292049407959	-2.159928321838379	2.653439998626709
17	2	cdf	value	25.5		3.7058587074279785	-3.6679835319519043	4.0401530265808105
17	2	cdf	value	28.0		5.170437335968018	-4.365572452545166	5.334362506866455
17	2	cdf	value	30.0		5.874032497406006	-3.913743257522583	5.198256492614746
17	2	cdf	value	31.0		6.050715446472168	-4.143235206604004	5.2887091636657715
17	2	cdf	value	31.5		5.983585357666016	-3.960639238357544	4.985701560974121
17	2	cdf	value	32.0		6.063624382019043	-3.7342989444732666	4.868861198425293
17	2	cdf	value	32.5		6.088230133056641	-4.13504695892334	4.979677677154541
17	2	cdf	value	33.0		6.036340236663818	-4.469339847564697	5.150056838989258
17	2	cdf	value	34.0		5.955903053283691	-4.8237528800964355	5.371225357055664
17	2	cdf	value	36.0		6.062198638916016	-5.993074417114258	6.282911777496338
17	2	cdf	value	36.5		6.245587348937988	-6.389496326446533	6.635602951049805
17	2	cdf	value	38.5		7.067751884460449	-7.880699157714844	7.950448513031006
17	2	cdf	value	39.0		6.838624000549316	-8.025659561157227	8.062578201293945
17	2	cdf	value	40.0		7.44258975982666	-9.29207992553711	9.296605110168457
17	2	cdf	value	41.0		7.479094982147217	-10.553616523742676	10.553616523742676
17	2	cdf	value	41.5		7.803633213043213	-11.431851387023926	11.431851387023926
08	1	cdf	value	2.5		6.377065181732178	6.504572868347168	6.504572868347168
08	1	cdf	value	3.0		6.3713250160217285	5.8196306228637695	5.81988000869751
08	1	cdf	value	4.0		5.4798970222473145	4.952234268188477	5.002211093902588
08	1	cdf	value	5.0		5.241110324859619	4.1140851974487305	4.2653961181640625
08	1	cdf	value	5.5		4.781878471374512	3.5803916454315186	3.841010332107544
08	1	cdf	value	7.5		4.4207305908203125	2.3090298175811768	3.0831308364868164
08	1	cdf	value	8.0		4.733822345733643	2.4467124938964844	3.3593404293060303
08	1	cdf	value	10.0		4.702311992645264	2.1246464252471924	3.3627023696899414
08	1	cdf	value	11.0		4.833961486816406	2.0466020107269287	3.328277349472046
08	1	cdf	value	11.5		4.799378395080566	1.6145697832107544	3.1423449516296387
08	1	cdf	value	12.0		4.832985877990723	1.5462117195129395	3.2343716621398926
08	1	cdf	value	12.5		4.758367538452148	1.2720835208892822	3.130084753036499
08	1	cdf	value	13.0		4.7702107429504395	1.4050930738449097	3.1406774520874023
08	1	cdf	value	14.0		5.046906471252441	0.7422109246253967	3.6044232845306396
08	1	cdf	value	16.0		5.0324625968933105	0.2987649440765381	3.801584243774414
08	1	cdf	value	18.5		5.236567974090576	0.35477322340011597	4.0048041343688965
08	1	cdf	value	20.0		5.491491317749023	0.8138511776924133	4.113025188446045
08	1	cdf	value	21.0		5.327363967895508	0.870995044708252	3.8036036491394043
08	1	cdf	value	21.5		5.063711166381836	0.6606508493423462	3.604809284210205
08	1	cdf	value	22.0		5.1036696434021	0.5123393535614014	3.54777193069458
08	1	cdf	value	22.5		5.185723781585693	0.8594764471054077	3.69459867477417
08	1	cdf	value	23.0		4.8896894454956055	0.7785974144935608	3.4445204734802246
08	1	cdf	value	24.0		4.587316036224365	0.796663224697113	3.3518612384796143
08	1	cdf	value	25.5		4.862511157989502	0.6149479746818542	3.7691433429718018
08	1	cdf	value	28.0		4.492108345031738	-0.2001987099647522	3.4586246013641357
08	1	cdf	value	30.0		4.3555073738098145	-0.6438557505607605	2.9825668334960938
08	1	cdf	value	31.0		4.233659267425537	-1.000832200050354	2.820514678955078
08	1	cdf	value	31.5		4.282961845397949	-1.4620193243026733	2.9053211212158203
08	1	cdf	value	32.0		4.312761306762695	-1.3972394466400146	2.7713735103607178
08	1	cdf	value	32.5		4.4924798011779785	-1.7284893989562988	2.9491686820983887
08	1	cdf	value	33.0		4.426425933837891	-2.0652592182159424	3.0719103813171387
08	1	cdf	value	34.0		4.686343669891357	-2.5914125442504883	3.3969926834106445
08	1	cdf	value	36.0		5.210993766784668	-3.5034117698669434	4.055748462677002
08	1	cdf	value	36.5		5.172424793243408	-3.5158236026763916	4.124512672424316
08	1	cdf	value	38.5		5.498623371124268	-4.655026912689209	4.897708415985107
08	1	cdf	value	39.0		5.499967098236084	-4.730856418609619	4.923673629760742
08	1	cdf	value	40.0		5.612849712371826	-5.402682781219482	5.45231819152832
08	1	cdf	value	41.0		5.950836181640625	-6.151332855224609	6.1515889167785645
08	1	cdf	value	41.5		5.955114841461182	-6.641482353210449	6.641482353210449
08	2	inverse_cdf	value	2.5		6.588281154632568	6.362223148345947	6.362223148345947
08	2	inverse_cdf	value	3.0		6.444961071014404	5.572012901306152	5.573517799377441
08	2	inverse_cdf	value	4.0		5.676710605621338	4.606620788574219	4.7059173583984375
08	2	inverse_cdf	value	5.0		5.274303913116455	4.105964660644531	4.312888145446777
08	2	inverse_cdf	value	5.5		4.825247287750244	3.3058407306671143	3.5723681449890137
08	2	inverse_cdf	value	7.5		4.768765926361084	2.487300395965576	3.219939947128296
08	2	inverse_cdf	value	8.0		4.381952285766602	2.3420112133026123	3.167982816696167
08	2	inverse_cdf	value	10.0		3.8436684608459473	1.658893346786499	2.748790740966797
08	2	inverse_cdf	value	11.0		4.579415321350098	1.7205406427383423	2.883300304412842
08	2	inverse_cdf	value	11.5		3.935277223587036	1.21806001663208	2.6061716079711914
08	2	inverse_cdf	value	12.0		4.4919915199279785	1.4108572006225586	2.75496768951416
08	2	inverse_cdf	value	12.5		4.297820568084717	0.9816954135894775	2.618736743927002
08	2	inverse_cdf	value	13.0		4.378069877624512	0.614140510559082	2.8399288654327393
08	2	inverse_cdf	value	14.0		4.444851398468018	0.6159692406654358	3.090770959854126
08	2	inverse_cdf	value	16.0		5.051568508148193	0.3602505028247833	3.7451205253601074
08	2	inverse_cdf	value	18.5		5.080773830413818	0.17535726726055145	3.881324052810669
08	2	inverse_cdf	value	20.0		4.956002712249756	0.7592335343360901	3.693690299987793
08	2	inverse_cdf	value	21.0		4.932446002960205	0.9805440902709961	3.5224032402038574
08	2	inverse_cdf	value	21.5		5.072904586791992	0.7972975969314575	3.5231456756591797
08	2	inverse_cdf	value	22.0		5.203765869140625	0.9798687100410461	3.61307954788208
08	2	inverse_cdf	value	22.5		4.905783176422119	0.7687196135520935	3.3548872470855713
08	2	inverse_cdf	value	23.0		4.706518650054932	0.7814252972602844	3.2297704219818115
08	2	inverse_cdf	value	24.0		4.964861869812012	0.7023957371711731	3.5416340827941895
08	2	inverse_cdf	value	25.5		4.610310077667236	0.10819245874881744	3.4116411209106445
08	2	inverse_cdf	value	28.0		4.596858024597168	-0.278999388217926	3.517335891723633
08	2	inverse_cdf	value	30.0		4.567159175872803	-0.7518881559371948	3.0749242305755615
08	2	inverse_cdf	value	31.0		4.545361518859863	-1.2750381231307983	2.885279655456543
08	2	inverse_cdf	value	31.5		4.3569769859313965	-1.314874529838562	2.7514872550964355
08	2	inverse_cdf	value	32.0		4.475679874420166	-1.8123518228530884	2.7985823154449463
08	2	inverse_cdf	value	32.5		4.514797687530518	-1.9001713991165161	2.907041072845459
08	2	inverse_cdf	value	33.0		4.487468719482422	-2.1325297355651855	2.9850692749023438
08	2	inverse_cdf	value	34.0		4.600157737731934	-2.4699902534484863	3.2354488372802734
08	2	inverse_cdf	value	36.0		4.941461563110352	-3.599175214767456	4.1005635261535645
08	2	inverse_cdf	value	36.5		5.206854343414307	-3.7716636657714844	4.308038234710693
08	2	inverse_cdf	value	38.5		5.532444953918457	-4.341407299041748	4.61696195602417
08	2	inverse_cdf	value	39.0		5.518907070159912	-4.519623279571533	4.756390571594238
08	2	inverse_cdf	value	40.0		5.977207183837891	-5.18016242980957	5.264293670654297
08	2	inverse_cdf	value	41.0		5.786647796630859	-5.416671276092529	5.4181718826293945
08	2	inverse_cdf	value	41.5		5.853617191314697	-5.679637432098389	5.679637432098389
22	1	cdf	value	2.5		6.707629680633545	5.144993305206299	5.144993305206299
22	1	cdf	value	3.0		7.584290027618408	5.904530048370361	5.926778316497803
22	1	cdf	value	4.0		8.22025203704834	7.391676902770996	7.566899299621582
22	1	cdf	value	5.0		7.890293121337891	8.813576698303223	8.93985366821289
22	1	cdf	value	5.5		8.041736602783203	9.164430618286133	9.300007820129395
22	1	cdf	value	7.5		6.748213768005371	7.61568021774292	7.7797675132751465
22	1	cdf	value	8.0		6.513300895690918	7.355907440185547	7.448251724243164
22	1	cdf	value	10.0		5.5990095138549805	5.423264026641846	5.610445976257324
22	1	cdf	value	11.0		5.5612969398498535	4.81942892074585	5.0924787521362305
22	1	cdf	value	11.5		5.439242839813232	4.672201156616211	4.968200206756592
22	1	cdf	value	12.0		5.332569122314453	4.264880180358887	4.601059436798096
22	1	cdf	value	12.5		5.616683483123779	4.21428918838501	4.7375807762146
22	1	cdf	value	13.0		5.291749000549316	4.021398067474365	4.588743686676025
22	1	cdf	value	14.0		5.460465431213379	4.326951026916504	5.131790637969971
22	1	cdf	value	16.0		5.106422424316406	4.0392584800720215	5.041533470153809
22	1	cdf	value	18.5		4.46526575088501	3.0248866081237793	4.232530117034912
22	1	cdf	value	20.0		4.33290433883667	2.562784433364868	3.821166515350342
22	1	cdf	value	21.0		4.286972999572754	2.023782253265381	3.4993746280670166
22	1	cdf	value	21.5		4.263965606689453	1.7670038938522339	3.3975331783294678
22	1	cdf	value	22.0		4.202215194702148	1.6829841136932373	3.269277334213257
22	1	cdf	value	22.5		3.7420244216918945	1.1827287673950195	2.7562620639801025
22	1	cdf	value	23.0		4.073231220245361	0.9757888317108154	2.8798389434814453
22	1	cdf	value	24.0		3.7223947048187256	0.5119708776473999	2.5637075901031494
22	1	cdf	value	25.5		3.3406245708465576	-0.39336979389190674	2.478302001953125
22	1	cdf	value	28.0		3.86132550239563	-1.7348246574401855	3.1668636798858643
22	1	cdf	value	30.0		4.647104740142822	-3.4123916625976562	4.133234977722168
22	1	cdf	value	31.0		4.5740742683410645	-3.9359519481658936	4.408536434173584
22	1	cdf	value	31.5		4.585056304931641	-4.110698223114014	4.5094099044799805
22	1	cdf	value	32.0		4.748526096343994	-4.597723007202148	4.914312362670898
22	1	cdf	value	32.5		5.025216102600098	-4.850641250610352	5.195180892944336
22	1	cdf	value	33.0		4.87581729888916	-5.082823276519775	5.331721782684326
22	1	cdf	value	34.0		5.440486431121826	-5.924864292144775	6.2222208976745605
22	1	cdf	value	36.0		5.994240760803223	-6.758608341217041	6.998215675354004
22	1	cdf	value	36.5		6.401837348937988	-7.19124174118042	7.419973850250244
22	1	cdf	value	38.5		7.146653175354004	-8.741423606872559	8.807351112365723
22	1	cdf	value	39.0		7.344425678253174	-9.068771362304688	9.114474296569824
22	1	cdf	value	40.0		7.474712371826172	-9.599719047546387	9.602602005004883
22	1	cdf	value	41.0		7.838622570037842	-11.089828491210938	11.089828491210938
22	1	cdf	value	41.5		8.193587303161621	-11.810123443603516	11.810123443603516
22	2	inverse_cdf	value	2.5		6.470157623291016	4.095760822296143	4.095760822296143
22	2	inverse_cdf	value	3.0		7.130891799926758	4.936655044555664	4.972569465637207
22	2	inverse_cdf	value	4.0		8.451784133911133	6.881609916687012	7.054150581359863
22	2	inverse_cdf	value	5.0		8.044557571411133	7.4792304039001465	7.651894569396973
22	2	inverse_cdf	value	5.5		7.869678974151611	7.827578544616699	7.971131324768066
22	2	inverse_cdf	value	7.5		6.736471176147461	6.151856422424316	6.32758092880249
22	2	inverse_cdf	value	8.0		6.809428691864014	5.803471565246582	6.056213855743408
22	2	inverse_cdf	value	10.0		5.579308032989502	4.340092658996582	4.64165735244751
22	2	inverse_cdf	value	11.0		5.311177730560303	3.9435861110687256	4.230105400085449
22	2	inverse_cdf	value	11.5		5.037283420562744	3.1799116134643555	3.642002820968628
22	2	inverse_cdf	value	12.0		5.235384941101074	3.312851667404175	3.8167080879211426
22	2	inverse_cdf	value	12.5		5.244839668273926	2.994946241378784	3.800299882888794
22	2	inverse_cdf	value	13.0		5.406745433807373	3.2269468307495117	4.108796119689941
22	2	inverse_cdf	value	14.0		5.52955436706543	3.4389419555664062	4.535192966461182
22	2	inverse_cdf	value	16.0		5.111763954162598	3.383065938949585	4.646084785461426
22	2	inverse_cdf	value	18.5		4.648936748504639	2.745253801345825	4.10746431350708
22	2	inverse_cdf	value	20.0		4.409630298614502	2.6443607807159424	3.7988574504852295
22	2	inverse_cdf	value	21.0		3.894832134246826	1.9817521572113037	3.1760809421539307
22	2	inverse_cdf	value	21.5		3.794099807739258	1.9109612703323364	2.970665454864502
22	2	inverse_cdf	value	22.0		3.727193593978882	1.7073920965194702	2.7870841026306152
22	2	inverse_cdf	value	22.5		3.7759034633636475	1.2944306135177612	2.711789846420288
22	2	inverse_cdf	value	23.0		3.6072614192962646	0.7478988170623779	2.459961414337158
22	2	inverse_cdf	value	24.0		3.141648769378662	0.535521924495697	2.2332680225372314
22	2	inverse_cdf	value	25.5		3.5423824787139893	-0.19228893518447876	2.6124002933502197
22	2	inverse_cdf	value	28.0		3.7210776805877686	-1.5307196378707886	3.0210208892822266
22	2	inverse_cdf	value	30.0		4.170930862426758	-2.5367891788482666	3.4130699634552
22	2	inverse_cdf	value	31.0		4.505943775177002	-3.2577035427093506	3.817539691925049
22	2	inverse_cdf	value	31.5		4.468364238739014	-3.150583505630493	3.6607601642608643
22	2	inverse_cdf	value	32.0		4.874566078186035	-3.902662515640259	4.346022605895996
22	2	inverse_cdf	value	32.5		4.835087776184082	-4.066677093505859	4.435977935791016
22	2	inverse_cdf	value	33.0		5.16023588180542	-4.426210403442383	4.876927852630615
22	2	inverse_cdf	value	34.0		5.255505084991455	-4.990564823150635	5.354334831237793
22	2	inverse_cdf	value	36.0		6.2231831550598145	-6.220697402954102	6.518683433532715
22	2	inverse_cdf	value	36.5		6.547460079193115	-6.446896553039551	6.8573198318481445
22	2	inverse_cdf	value	38.5		7.327540874481201	-7.242565631866455	7.380838394165039
22	2	inverse_cdf	value	39.0		7.279148578643799	-7.38483190536499	7.487705230712891
22	2	inverse_cdf	value	40.0		8.177400588989258	-8.774557113647461	8.783834457397461
22	2	inverse_cdf	value	41.0		7.887436866760254	-9.307995796203613	9.307995796203613
22	2	inverse_cdf	value	41.5		8.24381160736084	-10.400705337524414	10.400705337524414
12	1	cdf	value	2.5		8.320535659790039	8.28150463104248	8.28150463104248
12	1	cdf	value	3.0		7.839965343475342	7.1740264892578125	7.192208290100098
12	1	cdf	value	4.0		7.807984828948975	6.194351673126221	6.287002086639404
12	1	cdf	value	5.0		7.361961841583252	6.012593746185303	6.114202976226807
12	1	cdf	value	5.5		6.62072229385376	5.522796154022217	5.6165547370910645
12	1	cdf	value	7.5		6.068010330200195	5.821824073791504	5.989512920379639
12	1	cdf	value	8.0		6.007850170135498	5.902334213256836	6.017847537994385
12	1	cdf	value	10.0		4.383814334869385	4.047852993011475	4.127974987030029
12	1	cdf	value	11.0		4.355960845947266	3.305657148361206	3.4051196575164795
12	1	cdf	value	11.5		4.613152980804443	3.2242822647094727	3.3768715858459473
12	1	cdf	value	12.0		4.553277015686035	2.724278211593628	3.0466949939727783
12	1	cdf	value	12.5		5.304849624633789	3.1134703159332275	3.747013568878174
12	1	cdf	value	13.0		5.543045520782471	3.228421926498413	4.06830358505249
12	1	cdf	value	14.0		6.343630790710449	4.042453289031982	5.395689487457275
12	1	cdf	value	16.0		7.289584636688232	5.673674583435059	7.716228485107422
12	1	cdf	value	18.5		6.173365592956543	5.247050762176514	6.860395431518555
12	1	cdf	value	20.0		4.576186656951904	4.152212142944336	5.04952335357666
12	1	cdf	value	21.0		3.9386394023895264	2.9265987873077393	3.759274482727051
12	1	cdf	value	21.5		3.5464978218078613	2.497530937194824	3.127067804336548
12	1	cdf	value	22.0		3.6429102420806885	1.9447956085205078	2.7335216999053955
12	1	cdf	value	22.5		3.3263962268829346	1.5505871772766113	2.2546067237854004
12	1	cdf	value	23.0		3.1973378658294678	1.1226387023925781	2.041032314300537
12	1	cdf	value	24.0		3.3812601566314697	0.36805370450019836	2.117814779281616
12	1	cdf	value	25.5		4.061652183532715	-0.16199927031993866	2.8958189487457275
12	1	cdf	value	28.0		4.961888790130615	0.45366114377975464	3.578761577606201
12	1	cdf	value	30.0		4.310794830322266	-0.6178216338157654	2.7361819744110107
12	1	cdf	value	31.0		4.631597518920898	-2.1215171813964844	3.06724214553833
12	1	cdf	value	31.5		4.945474147796631	-2.923203229904175	3.428088903427124
12	1	cdf	value	32.0		4.989126682281494	-3.6558539867401123	3.8771703243255615
12	1	cdf	value	32.5		5.343638896942139	-4.445909023284912	4.530630588531494
12	1	cdf	value	33.0		5.636903285980225	-5.166165828704834	5.205871105194092
12	1	cdf	value	34.0		5.601435661315918	-6.263421058654785	6.269315242767334
12	1	cdf	value	36.0		5.725994110107422	-7.461138725280762	7.479869365692139
12	1	cdf	value	36.5		5.932143688201904	-7.8083624839782715	7.814351558685303
12	1	cdf	value	38.5		6.8491740226745605	-8.36168384552002	8.369915962219238
12	1	cdf	value	39.0		7.013652801513672	-8.64647102355957	8.650078773498535
12	1	cdf	value	40.0		7.306107044219971	-10.395410537719727	10.396203994750977
12	1	cdf	value	41.0		6.437217712402344	-11.840779304504395	11.840779304504395
12	1	cdf	value	41.5		6.234948635101318	-13.13581657409668	13.13581657409668
12	2	inverse_cdf	value	2.5		8.539571762084961	8.36087703704834	8.36087703704834
12	2	inverse_cdf	value	3.0		7.700281143188477	6.638986110687256	6.657544136047363
12	2	inverse_cdf	value	4.0		7.524925708770752	6.131612300872803	6.220292091369629
12	2	inverse_cdf	value	5.0		7.177905559539795	5.654504776000977	5.76841926574707
12	2	inverse_cdf	value	5.5		6.4843974113464355	5.0245537757873535	5.131089687347412
12	2	inverse_cdf	value	7.5		6.050872325897217	5.777974605560303	5.918935775756836
12	2	inverse_cdf	value	8.0		5.707481861114502	5.500100612640381	5.6151580810546875
12	2	inverse_cdf	value	10.0		4.166646957397461	3.7946279048919678	3.8563849925994873
12	2	inverse_cdf	value	11.0		4.163692474365234	2.9089977741241455	2.988271951675415
12	2	inverse_cdf	value	11.5		4.228519916534424	2.584242820739746	2.718686580657959
12	2	inverse_cdf	value	12.0		4.529921531677246	2.5768589973449707	2.897433042526245
12	2	inverse_cdf	value	12.5		4.6290130615234375	2.2513744831085205	2.9841244220733643
12	2	inverse_cdf	value	13.0		5.208283424377441	2.548971652984619	3.663545846939087
12	2	inverse_cdf	value	14.0		6.337718963623047	3.893592357635498	5.300783634185791
12	2	inverse_cdf	value	16.0		7.070085048675537	5.392830848693848	7.330420017242432
12	2	inverse_cdf	value	18.5		6.144027233123779	5.277375221252441	6.779806613922119
12	2	inverse_cdf	value	20.0		4.56041145324707	4.300830841064453	5.146068572998047
12	2	inverse_cdf	value	21.0		3.981961488723755	2.9882631301879883	3.8415307998657227
12	2	inverse_cdf	value	21.5		3.5991294384002686	2.4944307804107666	3.2216577529907227
12	2	inverse_cdf	value	22.0		3.6449239253997803	1.8782174587249756	2.715480327606201
12	2	inverse_cdf	value	22.5		3.2198798656463623	1.4710884094238281	2.1889286041259766
12	2	inverse_cdf	value	23.0		3.2557337284088135	1.1384053230285645	2.0588021278381348
12	2	inverse_cdf	value	24.0		3.4993789196014404	0.2916054129600525	2.148651361465454
12	2	inverse_cdf	value	25.5		4.201785564422607	-0.12166289985179901	2.9814202785491943
12	2	inverse_cdf	value	28.0		4.500408172607422	0.5979154109954834	3.265024185180664
12	2	inverse_cdf	value	30.0		3.89028263092041	-0.49395251274108887	2.6276416778564453
12	2	inverse_cdf	value	31.0		4.594939708709717	-1.887759804725647	2.993164300918579
12	2	inverse_cdf	value	31.5		4.7486371994018555	-2.514568328857422	3.1043875217437744
12	2	inverse_cdf	value	32.0		4.950800895690918	-3.258246898651123	3.5323657989501953
12	2	inverse_cdf	value	32.5		5.403008460998535	-4.21687126159668	4.314465522766113
12	2	inverse_cdf	value	33.0		5.527112007141113	-5.024400234222412	5.051916122436523
12	2	inverse_cdf	value	34.0		5.8088884353637695	-6.0344109535217285	6.042304515838623
12	2	inverse_cdf	value	36.0		5.539510250091553	-7.0395355224609375	7.047255992889404
12	2	inverse_cdf	value	36.5		5.999582767486572	-7.724245071411133	7.73621129989624
12	2	inverse_cdf	value	38.5		7.16292142868042	-8.636269569396973	8.640205383300781
12	2	inverse_cdf	value	39.0		6.837967395782471	-8.663352012634277	8.664648056030273
12	2	inverse_cdf	value	40.0		6.94702672958374	-9.815420150756836	9.816676139831543
12	2	inverse_cdf	value	41.0		6.516289234161377	-11.268328666687012	11.268328666687012
12	2	inverse_cdf	value	41.5		6.27011775970459	-12.990392684936523	12.990392684936523
29	1	inverse_cdf	value	2.5		8.160115242004395	5.52329158782959	5.52329158782959
29	1	inverse_cdf	value	3.0		7.783351421356201	5.006072044372559	5.044739246368408
29	1	inverse_cdf	value	4.0		7.245562553405762	4.833171844482422	5.029661178588867
29	1	inverse_cdf	value	5.0		6.506199836730957	4.360864639282227	4.528716564178467
29	1	inverse_cdf	value	5.5		6.238196849822998	4.040626525878906	4.258708953857422
29	1	inverse_cdf	value	7.5		5.704540729522705	3.8481338024139404	4.136167526245117
29	1	inverse_cdf	value	8.0		5.598145961761475	3.938943386077881	4.301578044891357
29	1	inverse_cdf	value	10.0		4.848163604736328	4.3603339195251465	4.58527946472168
29	1	inverse_cdf	value	11.0		4.693105220794678	4.316780090332031	4.455521583557129
29	1	inverse_cdf	value	11.5		4.7577924728393555	4.1217217445373535	4.25186824798584
29	1	inverse_cdf	value	12.0		4.929714679718018	3.919626474380493	4.1076202392578125
29	1	inverse_cdf	value	12.5		4.7598395347595215	3.6452198028564453	3.904353141784668
29	1	inverse_cdf	value	13.0		5.120006084442139	3.667379856109619	4.156004905700684
29	1	inverse_cdf	value	14.0		5.3925933837890625	3.977659225463867	4.743409156799316
29	1	inverse_cdf	value	16.0		5.023159980773926	4.638845920562744	5.348857402801514
29	1	inverse_cdf	value	18.5		3.743086576461792	4.317131996154785	4.586870193481445
29	1	inverse_cdf	value	20.0		3.5313689708709717	2.9954617023468018	3.4397363662719727
29	1	inverse_cdf	value	21.0		3.707697868347168	2.2158563137054443	2.8372461795806885
29	1	inverse_cdf	value	21.5		4.06841516494751	2.0920252799987793	2.907041072845459
29	1	inverse_cdf	value	22.0		4.312798976898193	1.5095025300979614	2.758500337600708
29	1	inverse_cdf	value	22.5		4.175415515899658	1.3615732192993164	2.68703556060791
29	1	inverse_cdf	value	23.0		4.2095627784729	0.8223705887794495	2.653827428817749
29	1	inverse_cdf	value	24.0		4.184257507324219	-0.3750613033771515	2.8115758895874023
29	1	inverse_cdf	value	25.5		4.230729103088379	-1.2726657390594482	3.2559096813201904
29	1	inverse_cdf	value	28.0		4.725482940673828	-1.459200382232666	3.5441670417785645
29	1	inverse_cdf	value	30.0		5.1167192459106445	-3.1793456077575684	3.9900991916656494
29	1	inverse_cdf	value	31.0		5.016100883483887	-3.946777582168579	4.2800750732421875
29	1	inverse_cdf	value	31.5		5.380674839019775	-4.533514976501465	4.726430892944336
29	1	inverse_cdf	value	32.0		5.080633640289307	-4.726621150970459	4.833995342254639
29	1	inverse_cdf	value	32.5		4.781779766082764	-4.945817470550537	5.015743255615234
29	1	inverse_cdf	value	33.0		5.090049743652344	-5.426183700561523	5.478188514709473
29	1	inverse_cdf	value	34.0		4.934962749481201	-5.61988639831543	5.6947855949401855
29	1	inverse_cdf	value	36.0		5.465921401977539	-6.559035778045654	6.62582540512085
29	1	inverse_cdf	value	36.5		5.310815334320068	-6.88559103012085	6.947789192199707
29	1	inverse_cdf	value	38.5		6.6520867347717285	-7.534976005554199	7.656538486480713
29	1	inverse_cdf	value	39.0		6.795519828796387	-7.093636512756348	7.262894630432129
29	1	inverse_cdf	value	40.0		7.2803239822387695	-6.0070929527282715	6.157193660736084
29	1	inverse_cdf	value	41.0		7.9433393478393555	-5.7622456550598145	5.785375118255615
29	1	inverse_cdf	value	41.5		7.960702896118164	-5.371997833251953	5.371997833251953
29	2	cdf	value	2.5		8.58484172821045	5.891833782196045	5.891833782196045
29	2	cdf	value	3.0		8.385286331176758	5.780097961425781	5.807772159576416
29	2	cdf	value	4.0		7.492138385772705	5.551257610321045	5.686641693115234
29	2	cdf	value	5.0		6.904383659362793	5.153246879577637	5.331803321838379
29	2	cdf	value	5.5		6.246159553527832	4.5264387130737305	4.73563289642334
29	2	cdf	value	7.5		5.74929141998291	4.737839698791504	5.034608364105225
29	2	cdf	value	8.0		5.874301910400391	4.799537181854248	5.049878120422363
29	2	cdf	value	10.0		4.985129356384277	4.676757335662842	4.89262580871582
29	2	cdf	value	11.0		4.71038293838501	4.3563761711120605	4.5008544921875
29	2	cdf	value	11.5		4.905216217041016	4.348496913909912	4.520185470581055
29	2	cdf	value	12.0		5.001832962036133	4.238183498382568	4.409709930419922
29	2	cdf	value	12.5		4.922586441040039	4.122644901275635	4.414048671722412
29	2	cdf	value	13.0		5.099417209625244	3.776063919067383	4.254298686981201
29	2	cdf	value	14.0		5.491074085235596	4.2285871505737305	4.981018543243408
29	2	cdf	value	16.0		5.140599250793457	4.895777225494385	5.633340835571289
29	2	cdf	value	18.5		3.5850989818573	3.862595796585083	4.340790271759033
29	2	cdf	value	20.0		3.7371017932891846	3.0168819427490234	3.5843803882598877
29	2	cdf	value	21.0		4.0052337646484375	2.1071255207061768	3.007844924926758
29	2	cdf	value	21.5		4.325756072998047	2.0040266513824463	3.062743663787842
29	2	cdf	value	22.0		4.164380073547363	1.621328592300415	2.8130171298980713
29	2	cdf	value	22.5		4.401832580566406	1.2483772039413452	2.8749442100524902
29	2	cdf	value	23.0		4.32202672958374	0.683832049369812	2.7484400272369385
29	2	cdf	value	24.0		4.2097673416137695	-0.28417932987213135	2.8867557048797607
29	2	cdf	value	25.5		4.416749000549316	-1.1622852087020874	3.4096028804779053
29	2	cdf	value	28.0		4.923689842224121	-1.9924348592758179	3.8687491416931152
29	2	cdf	value	30.0		4.8739142417907715	-3.4583563804626465	4.141416072845459
29	2	cdf	value	31.0		5.0036468505859375	-4.317941665649414	4.597446441650391
29	2	cdf	value	31.5		5.054722785949707	-4.777119159698486	4.944732189178467
29	2	cdf	value	32.0		5.075376033782959	-5.153228282928467	5.223536014556885
29	2	cdf	value	32.5		4.9711737632751465	-5.296396255493164	5.363781452178955
29	2	cdf	value	33.0		5.021834373474121	-5.539658546447754	5.614198207855225
29	2	cdf	value	34.0		4.889224529266357	-6.111513614654541	6.150402069091797
29	2	cdf	value	36.0		5.315905570983887	-7.327218532562256	7.371944427490234
29	2	cdf	value	36.5		5.856910705566406	-7.568675994873047	7.633195877075195
29	2	cdf	value	38.5		7.016382217407227	-7.752306938171387	7.906540870666504
29	2	cdf	value	39.0		7.167612552642822	-7.593079090118408	7.725086212158203
29	2	cdf	value	40.0		7.640296459197998	-6.8211283683776855	6.961546421051025
29	2	cdf	value	41.0		8.119409561157227	-6.176833152770996	6.192899703979492
29	2	cdf	value	41.5		8.923212051391602	-6.578245162963867	6.578245162963867
05	1	inverse_cdf	value	2.5		10.366726875305176	10.79798698425293	10.79798698425293
05	1	inverse_cdf	value	3.0		8.996935844421387	9.363759994506836	9.366021156311035
05	1	inverse_cdf	value	4.0		7.8300909996032715	8.539963722229004	8.596806526184082
05	1	inverse_cdf	value	5.0		6.850796222686768	8.797504425048828	8.848133087158203
05	1	inverse_cdf	value	5.5		6.070192813873291	7.785950183868408	7.8363356590271
05	1	inverse_cdf	value	7.5		5.199018955230713	6.740355014801025	6.803454399108887
05	1	inverse_cdf	value	8.0		5.362986087799072	6.741509437561035	6.855142116546631
05	1	inverse_cdf	value	10.0		5.220685005187988	6.0009307861328125	6.075425624847412
05	1	inverse_cdf	value	11.0		4.926537036895752	4.849819183349609	4.942241668701172
05	1	inverse_cdf	value	11.5		5.111420154571533	4.780337810516357	4.9236979484558105
05	1	inverse_cdf	value	12.0		5.291313171386719	4.428264617919922	4.659080982208252
05	1	inverse_cdf	value	12.5		5.150014400482178	4.137546062469482	4.467936992645264
05	1	inverse_cdf	value	13.0		5.0440192222595215	3.694531202316284	4.2486748695373535
05	1	inverse_cdf	value	14.0		5.102976322174072	3.1237897872924805	4.195285797119141
05	1	inverse_cdf	value	16.0		4.696432113647461	2.5478274822235107	4.175428867340088
05	1	inverse_cdf	value	18.5		3.811824321746826	1.8336074352264404	3.377727508544922
05	1	inverse_cdf	value	20.0		3.70123291015625	0.9045257568359375	2.6953442096710205
05	1	inverse_cdf	value	21.0		3.695411205291748	0.21123042702674866	2.3804702758789062
05	1	inverse_cdf	value	21.5		4.1741719245910645	-0.37195247411727905	2.6085386276245117
05	1	inverse_cdf	value	22.0		3.623847007751465	-0.6895919442176819	2.2858219146728516
05	1	inverse_cdf	value	22.5		3.5449483394622803	-1.0140657424926758	2.3418197631835938
05	1	inverse_cdf	value	23.0		3.7278640270233154	-1.5738765001296997	2.690168857574463
05	1	inverse_cdf	value	24.0		3.802313804626465	-2.2439017295837402	3.2647221088409424
05	1	inverse_cdf	value	25.5		4.270792007446289	-3.425147294998169	4.3256611824035645
05	1	inverse_cdf	value	28.0		5.206766605377197	-2.8278908729553223	4.496380805969238
05	1	inverse_cdf	value	30.0		4.5542473793029785	-1.7937171459197998	3.0894033908843994
05	1	inverse_cdf	value	31.0		3.994554042816162	-2.0463616847991943	2.597439765930176
05	1	inverse_cdf	value	31.5		4.070744514465332	-2.463243246078491	2.696882724761963
05	1	inverse_cdf	value	32.0		4.349164962768555	-3.097031354904175	3.1719648838043213
05	1	inverse_cdf	value	32.5		4.345388412475586	-3.5466115474700928	3.5749428272247314
05	1	inverse_cdf	value	33.0		4.355444431304932	-4.119736671447754	4.128063678741455
05	1	inverse_cdf	value	34.0		4.842663764953613	-6.125699996948242	6.138421535491943
05	1	inverse_cdf	value	36.0		6.094120502471924	-10.035674095153809	10.04577350616455
05	1	inverse_cdf	value	36.5		6.668973445892334	-10.930013656616211	10.937408447265625
05	1	inverse_cdf	value	38.5		7.930811405181885	-10.7173433303833	10.777202606201172
05	1	inverse_cdf	value	39.0		8.506607055664062	-9.942434310913086	10.00492000579834
05	1	inverse_cdf	value	40.0		8.696096420288086	-7.742722511291504	7.872160911560059
05	1	inverse_cdf	value	41.0		7.501140594482422	-5.232327938079834	5.286054611206055
05	1	inverse_cdf	value	41.5		6.601959228515625	-4.2303643226623535	4.2303643226623535
05	2	cdf	value	2.5		9.976190567016602	11.217037200927734	11.217037200927734
05	2	cdf	value	3.0		9.081390380859375	9.910411834716797	9.911933898925781
05	2	cdf	value	4.0		7.563819885253906	9.19234561920166	9.217961311340332
05	2	cdf	value	5.0		6.542506217956543	9.050625801086426	9.088720321655273
05	2	cdf	value	5.5		6.080827236175537	8.604825973510742	8.62951374053955
05	2	cdf	value	7.5		5.2942728996276855	7.254966735839844	7.3039727210998535
05	2	cdf	value	8.0		5.276246070861816	6.986705303192139	7.06232213973999
05	2	cdf	value	10.0		5.07406759262085	5.928386211395264	5.981873989105225
05	2	cdf	value	11.0		5.082154750823975	5.022182464599609	5.123491287231445
05	2	cdf	value	11.5		5.146242141723633	4.789327144622803	4.9377899169921875
05	2	cdf	value	12.0		5.262027740478516	4.686136722564697	4.909575462341309
05	2	cdf	value	12.5		5.220072269439697	4.19815731048584	4.5629072189331055
05	2	cdf	value	13.0		5.050359725952148	3.9965577125549316	4.522165298461914
05	2	cdf	value	14.0		5.07383918762207	3.2655458450317383	4.291561603546143
05	2	cdf	value	16.0		4.832318305969238	2.4042551517486572	4.207983493804932
05	2	cdf	value	18.5		4.063541889190674	1.6328505277633667	3.434699773788452
05	2	cdf	value	20.0		3.9464774131774902	0.7540467977523804	2.8051109313964844
05	2	cdf	value	21.0		4.170407772064209	0.258963406085968	2.695370674133301
05	2	cdf	value	21.5		4.151932239532471	-0.2196529060602188	2.5798325538635254
05	2	cdf	value	22.0		4.0002617835998535	-0.6937647461891174	2.634685754776001
05	2	cdf	value	22.5		4.021464824676514	-1.2292187213897705	2.7282044887542725
05	2	cdf	value	23.0		4.141746997833252	-1.5600630044937134	3.0020716190338135
05	2	cdf	value	24.0		3.714738607406616	-2.419126510620117	3.3432319164276123
05	2	cdf	value	25.5		4.244605541229248	-3.420083999633789	4.3776326179504395
05	2	cdf	value	28.0		5.008411407470703	-2.655304193496704	4.283731937408447
05	2	cdf	value	30.0		4.638450622558594	-2.507272481918335	3.420886516571045
05	2	cdf	value	31.0		4.218743324279785	-2.456047534942627	2.8922135829925537
05	2	cdf	value	31.5		4.444584846496582	-3.09860897064209	3.2567033767700195
05	2	cdf	value	32.0		4.28196907043457	-3.3285844326019287	3.394380807876587
05	2	cdf	value	32.5		4.32090950012207	-3.9492416381835938	3.957871675491333
05	2	cdf	value	33.0		4.7878217697143555	-4.878675937652588	4.891465663909912
05	2	cdf	value	34.0		5.347869873046875	-6.855366230010986	6.862051010131836
05	2	cdf	value	36.0		5.97782039642334	-10.367834091186523	10.374617576599121
05	2	cdf	value	36.5		6.229344367980957	-11.242708206176758	11.251524925231934
05	2	cdf	value	38.5		7.97128438949585	-11.082236289978027	11.136672019958496
05	2	cdf	value	39.0		8.483745574951172	-10.416023254394531	10.502493858337402
05	2	cdf	value	40.0		8.483026504516602	-7.73697566986084	7.8824968338012695
05	2	cdf	value	41.0		7.333835124969482	-5.198021411895752	5.235774517059326
05	2	cdf	value	41.5		7.053469181060791	-4.642667770385742	4.642667770385742
24	1	cdf	value	2.5		8.211248397827148	7.436934947967529	7.436934947967529
24	1	cdf	value	3.0		7.798694133758545	6.966050624847412	6.968895435333252
24	1	cdf	value	4.0		7.505136489868164	6.72269344329834	6.778305530548096
24	1	cdf	value	5.0		6.3474531173706055	5.4014892578125	5.545870304107666
24	1	cdf	value	5.5		6.239980697631836	5.023035526275635	5.198668003082275
24	1	cdf	value	7.5		5.916730880737305	3.9910073280334473	4.690906047821045
24	1	cdf	value	8.0		6.2491536140441895	4.423231601715088	5.1323442459106445
24	1	cdf	value	10.0		5.966591835021973	4.750121593475342	5.413384914398193
24	1	cdf	value	11.0		5.636431694030762	4.452657222747803	5.099798679351807
24	1	cdf	value	11.5		5.668378829956055	4.370950222015381	5.038522243499756
24	1	cdf	value	12.0		5.566526889801025	4.0622735023498535	4.734978675842285
24	1	cdf	value	12.5		5.792308330535889	4.131100654602051	4.958627700805664
24	1	cdf	value	13.0		5.829231262207031	3.930293560028076	4.852514743804932
24	1	cdf	value	14.0		5.485039710998535	3.224069833755493	4.47529935836792
24	1	cdf	value	16.0		4.977691650390625	2.379575490951538	4.178214073181152
24	1	cdf	value	18.5		4.00507116317749	1.714524745941162	3.3380563259124756
24	1	cdf	value	20.0		3.5015058517456055	0.8501502871513367	2.4489967823028564
24	1	cdf	value	21.0		3.390909194946289	0.14128582179546356	2.1255576610565186
24	1	cdf	value	21.5		3.634418487548828	-0.0017169800121337175	2.2017464637756348
24	1	cdf	value	22.0		3.7820944786071777	-0.3499625325202942	2.2910640239715576
24	1	cdf	value	22.5		3.399165630340576	-0.6341503262519836	2.270108461380005
24	1	cdf	value	23.0		3.5270040035247803	-0.8138679265975952	2.493819236755371
24	1	cdf	value	24.0		4.008728504180908	-1.4704298973083496	3.186440944671631
24	1	cdf	value	25.5		4.7503228187561035	-1.503101110458374	3.9596025943756104
24	1	cdf	value	28.0		4.899276256561279	-1.1871562004089355	3.8214688301086426
24	1	cdf	value	30.0		4.692925453186035	-1.7822890281677246	3.3100531101226807
24	1	cdf	value	31.0		4.6002373695373535	-2.113528251647949	2.9992096424102783
24	1	cdf	value	31.5		4.453843116760254	-2.270979881286621	3.080360174179077
24	1	cdf	value	32.0		4.381244659423828	-2.708472728729248	3.2949628829956055
24	1	cdf	value	32.5		4.625064849853516	-3.1228206157684326	3.646639108657837
24	1	cdf	value	33.0		4.741878986358643	-3.4272007942199707	3.9144842624664307
24	1	cdf	value	34.0		5.347332954406738	-4.378281116485596	4.8409953117370605
24	1	cdf	value	36.0		6.260475158691406	-5.3997979164123535	5.976205348968506
24	1	cdf	value	36.5		6.503967761993408	-5.922144889831543	6.3546905517578125
24	1	cdf	value	38.5		7.047386646270752	-6.353386878967285	6.611354351043701
24	1	cdf	value	39.0		7.066501140594482	-6.265305519104004	6.458064556121826
24	1	cdf	value	40.0		7.971832752227783	-7.240710735321045	7.2757744789123535
24	1	cdf	value	41.0		8.02181339263916	-7.737205982208252	7.737302780151367
24	1	cdf	value	41.5		8.386133193969727	-8.499214172363281	8.499214172363281
24	2	inverse_cdf	value	2.5		8.6805419921875	7.840837001800537	7.840837001800537
24	2	inverse_cdf	value	3.0		8.047611236572266	7.219310283660889	7.224136829376221
24	2	inverse_cdf	value	4.0		7.072720050811768	5.875651836395264	5.956377983093262
24	2	inverse_cdf	value	5.0		6.287054061889648	4.802486419677734	4.945905685424805
24	2	inverse_cdf	value	5.5		5.57883358001709	3.8936269283294678	4.114929676055908
24	2	inverse_cdf	value	7.5		5.736275672912598	3.5846314430236816	4.197219371795654
24	2	inverse_cdf	value	8.0		5.651833534240723	3.1994788646698	4.027438163757324
24	2	inverse_cdf	value	10.0		5.827481746673584	3.9608068466186523	4.786928653717041
24	2	inverse_cdf	value	11.0		5.502534866333008	3.9815146923065186	4.60154390335083
24	2	inverse_cdf	value	11.5		5.380788803100586	3.9260575771331787	4.513699054718018
24	2	inverse_cdf	value	12.0		5.882829666137695	4.22774600982666	4.827764511108398
24	2	inverse_cdf	value	12.5		5.432847023010254	3.734222888946533	4.3455095291137695
24	2	inverse_cdf	value	13.0		4.999648094177246	3.1559970378875732	3.95274019241333
24	2	inverse_cdf	value	14.0		5.216512203216553	2.7967936992645264	4.0975470542907715
24	2	inverse_cdf	value	16.0		4.759227275848389	2.246676206588745	3.9722399711608887
24	2	inverse_cdf	value	18.5		3.7705044746398926	1.2584298849105835	3.061554193496704
24	2	inverse_cdf	value	20.0		3.235752582550049	0.6560828685760498	2.297490119934082
24	2	inverse_cdf	value	21.0		3.1985998153686523	0.17091253399848938	1.9533464908599854
24	2	inverse_cdf	value	21.5		3.1779370307922363	-0.3788091838359833	1.9210045337677002
24	2	inverse_cdf	value	22.0		3.306856870651245	-0.3817778527736664	1.9770256280899048
24	2	inverse_cdf	value	22.5		3.1994941234588623	-0.876774787902832	2.1233651638031006
24	2	inverse_cdf	value	23.0		3.4550487995147705	-0.9612454175949097	2.438014268875122
24	2	inverse_cdf	value	24.0		3.7658424377441406	-1.5724167823791504	3.0151567459106445
24	2	inverse_cdf	value	25.5		4.489052772521973	-1.5287182331085205	3.7438571453094482
24	2	inverse_cdf	value	28.0		4.841778755187988	-1.0047653913497925	3.769357681274414
24	2	inverse_cdf	value	30.0		4.276605129241943	-1.1777299642562866	2.839036226272583
24	2	inverse_cdf	value	31.0		4.345390796661377	-1.6021782159805298	2.6942646503448486
24	2	inverse_cdf	value	31.5		4.401370048522949	-2.1805942058563232	2.789022922515869
24	2	inverse_cdf	value	32.0		4.4651689529418945	-2.4576923847198486	3.0175719261169434
24	2	inverse_cdf	value	32.5		4.682991981506348	-2.819680690765381	3.317614793777466
24	2	inverse_cdf	value	33.0		4.643462657928467	-3.2290995121002197	3.6356918811798096
24	2	inverse_cdf	value	34.0		5.1725335121154785	-4.179068565368652	4.548007965087891
24	2	inverse_cdf	value	36.0		6.041082859039307	-5.177730560302734	5.681251049041748
24	2	inverse_cdf	value	36.5		6.573519706726074	-5.550724506378174	6.059747219085693
24	2	inverse_cdf	value	38.5		7.350100517272949	-5.799890041351318	6.180840015411377
24	2	inverse_cdf	value	39.0		7.72196626663208	-5.810550689697266	6.098690509796143
24	2	inverse_cdf	value	40.0		7.932370662689209	-6.392961025238037	6.449840068817139
24	2	inverse_cdf	value	41.0		8.337013244628906	-7.443464279174805	7.443577289581299
24	2	inverse_cdf	value	41.5		8.348119735717773	-7.553795337677002	7.553795337677002
14	1	cdf	value	2.5		8.566140174865723	5.942019462585449	5.942019462585449
14	1	cdf	value	3.0		8.02094554901123	6.011458396911621	6.0458197593688965
14	1	cdf	value	4.0		6.953652858734131	6.525076866149902	6.627555847167969
14	1	cdf	value	5.0		6.3978590965271	7.2717156410217285	7.32944917678833
14	1	cdf	value	5.5		6.00878381729126	7.368431568145752	7.399046897888184
14	1	cdf	value	7.5		6.127324104309082	7.364875793457031	7.462886810302734
14	1	cdf	value	8.0		6.056741237640381	6.908649444580078	7.019076347351074
14	1	cdf	value	10.0		5.227563858032227	4.92988395690918	5.278787612915039
14	1	cdf	value	11.0		4.944319725036621	3.6529700756073	4.261139869689941
14	1	cdf	value	11.5		4.9732489585876465	3.211127996444702	3.980731964111328
14	1	cdf	value	12.0		4.476276874542236	2.7496562004089355	3.368039608001709
14	1	cdf	value	12.5		4.82928466796875	2.465176582336426	3.454376459121704
14	1	cdf	value	13.0		4.892828464508057	2.1327528953552246	3.354379415512085
14	1	cdf	value	14.0		4.722479820251465	1.3714938163757324	3.264772415161133
14	1	cdf	value	16.0		5.633175849914551	1.3040876388549805	4.0605340003967285
14	1	cdf	value	18.5		5.3761467933654785	1.1422573328018188	4.199495315551758
14	1	cdf	value	20.0		5.280732154846191	1.0642338991165161	4.040298938751221
14	1	cdf	value	21.0		4.38319730758667	0.7253773212432861	3.2861812114715576
14	1	cdf	value	21.5		4.647495746612549	0.5185301899909973	3.412912368774414
14	1	cdf	value	22.0		4.4264750480651855	0.427239328622818	3.2132976055145264
14	1	cdf	value	22.5		4.223066806793213	0.19541805982589722	3.064420700073242
14	1	cdf	value	23.0		4.105982780456543	0.08775962889194489	2.944194793701172
14	1	cdf	value	24.0		3.866785764694214	-0.07434377819299698	2.9392635822296143
14	1	cdf	value	25.5		3.9615137577056885	0.08622516691684723	3.053776264190674
14	1	cdf	value	28.0		3.5954694747924805	0.04256733879446983	2.543731451034546
14	1	cdf	value	30.0		3.0582616329193115	-1.1353617906570435	1.8676191568374634
14	1	cdf	value	31.0		3.195101022720337	-1.9283626079559326	2.17042875289917
14	1	cdf	value	31.5		3.294140100479126	-2.511364221572876	2.603314161300659
14	1	cdf	value	32.0		3.683515787124634	-3.215740203857422	3.2885258197784424
14	1	cdf	value	32.5		4.248208522796631	-3.9605064392089844	4.01320743560791
14	1	cdf	value	33.0		4.693868160247803	-4.975471496582031	5.021753787994385
14	1	cdf	value	34.0		5.17132568359375	-6.5175395011901855	6.574163913726807
14	1	cdf	value	36.0		6.407652378082275	-8.213263511657715	8.341766357421875
14	1	cdf	value	36.5		6.569067001342773	-8.218962669372559	8.421393394470215
14	1	cdf	value	38.5		7.470851421356201	-6.830601692199707	7.204208850860596
14	1	cdf	value	39.0		8.225165367126465	-6.773433685302734	7.115583896636963
14	1	cdf	value	40.0		7.604159832000732	-5.607969760894775	5.758149147033691
14	1	cdf	value	41.0		7.878357887268066	-5.866131782531738	5.873650550842285
14	1	cdf	value	41.5		7.954037666320801	-6.212711811065674	6.212711811065674
14	2	inverse_cdf	value	2.5		8.369053840637207	6.524943828582764	6.524943828582764
14	2	inverse_cdf	value	3.0		8.070500373840332	6.357606410980225	6.377884864807129
14	2	inverse_cdf	value	4.0		7.3014020919799805	7.049673080444336	7.158308029174805
14	2	inverse_cdf	value	5.0		5.702260494232178	7.124938488006592	7.170701503753662
14	2	inverse_cdf	value	5.5		5.917261123657227	7.491300582885742	7.54654598236084
14	2	inverse_cdf	value	7.5		5.853692054748535	6.781127452850342	6.873932838439941
14	2	inverse_cdf	value	8.0		5.868429660797119	6.789949417114258	6.8920769691467285
14	2	inverse_cdf	value	10.0		5.312253952026367	4.870597839355469	5.237154960632324
14	2	inverse_cdf	value	11.0		5.095524787902832	3.8361780643463135	4.343592166900635
14	2	inverse_cdf	value	11.5		4.856325626373291	3.3814163208007812	4.048950672149658
14	2	inverse_cdf	value	12.0		4.873314380645752	2.7471468448638916	3.6576151847839355
14	2	inverse_cdf	value	12.5		5.058010578155518	2.5161664485931396	3.6281421184539795
14	2	inverse_cdf	value	13.0		4.786493301391602	2.0632100105285645	3.372196912765503
14	2	inverse_cdf	value	14.0		4.806637763977051	1.61054265499115	3.4044575691223145
14	2	inverse_cdf	value	16.0		5.57589054107666	1.3531850576400757	4.156083106994629
14	2	inverse_cdf	value	18.5		5.682100772857666	1.6347914934158325	4.4894843101501465
14	2	inverse_cdf	value	20.0		5.418011665344238	1.03964364528656	4.086040496826172
14	2	inverse_cdf	value	21.0		5.0307512283325195	0.2289043515920639	3.763718843460083
14	2	inverse_cdf	value	21.5		4.755687236785889	0.4227454364299774	3.494234561920166
14	2	inverse_cdf	value	22.0		4.534497261047363	0.35110771656036377	3.3319058418273926
14	2	inverse_cdf	value	22.5		4.473864555358887	-0.008594322018325329	3.183581590652466
14	2	inverse_cdf	value	23.0		4.302645206451416	-0.1576993465423584	3.1667535305023193
14	2	inverse_cdf	value	24.0		4.293237686157227	-0.29042765498161316	3.2508320808410645
14	2	inverse_cdf	value	25.5		3.896350383758545	0.1396781951189041	3.0100975036621094
14	2	inverse_cdf	value	28.0		3.3750410079956055	0.14076098799705505	2.423044443130493
14	2	inverse_cdf	value	30.0		3.094149112701416	-1.0783196687698364	1.8427411317825317
14	2	inverse_cdf	value	31.0		3.37652850151062	-2.040815591812134	2.2493271827697754
14	2	inverse_cdf	value	31.5		3.254277229309082	-2.457944393157959	2.552295446395874
14	2	inverse_cdf	value	32.0		3.974663734436035	-3.5210492610931396	3.562692880630493
14	2	inverse_cdf	value	32.5		4.232562065124512	-4.229987144470215	4.25735330581665
14	2	inverse_cdf	value	33.0		4.264932632446289	-4.894838333129883	4.911437511444092
14	2	inverse_cdf	value	34.0		5.075463771820068	-6.440793991088867	6.469040870666504
14	2	inverse_cdf	value	36.0		6.484911918640137	-9.076275825500488	9.189318656921387
14	2	inverse_cdf	value	36.5		6.805981159210205	-9.289016723632812	9.430448532104492
14	2	inverse_cdf	value	38.5		7.73689079284668	-7.383460998535156	7.710717678070068
14	2	inverse_cdf	value	39.0		7.9574151039123535	-6.961307525634766	7.279343128204346
14	2	inverse_cdf	value	40.0		7.438214302062988	-5.656864166259766	5.818489074707031
14	2	inverse_cdf	value	41.0		8.187102317810059	-6.022320747375488	6.02714729309082
14	2	inverse_cdf	value	41.5		8.0380859375	-6.131505012512207	6.131505012512207
16	1	cdf	value	2.5		7.572911262512207	12.018393516540527	12.018393516540527
16	1	cdf	value	3.0		7.32729434967041	11.447998046875	11.447998046875
16	1	cdf	value	4.0		7.152205944061279	10.408719062805176	10.411127090454102
16	1	cdf	value	5.0		7.156545162200928	9.185025215148926	9.201939582824707
16	1	cdf	value	5.5		7.271519184112549	8.82853889465332	8.868929862976074
16	1	cdf	value	7.5		6.58187198638916	6.99160623550415	7.144333839416504
16	1	cdf	value	8.0		6.806427001953125	6.897541522979736	7.125429630279541
16	1	cdf	value	10.0		5.861895561218262	5.5835747718811035	5.930005073547363
16	1	cdf	value	11.0		5.309369087219238	4.220184803009033	4.704483985900879
16	1	cdf	value	11.5		5.366126537322998	4.195677280426025	4.7143964767456055
16	1	cdf	value	12.0		4.740418434143066	3.5548548698425293	4.035239219665527
16	1	cdf	value	12.5		4.8255085945129395	3.0728650093078613	3.748819589614868
16	1	cdf	value	13.0		4.6614837646484375	2.9091806411743164	3.628053665161133
16	1	cdf	value	14.0		4.507033348083496	2.14992356300354	3.3223764896392822
16	1	cdf	value	16.0		4.2841644287109375	1.4183437824249268	3.1741371154785156
16	1	cdf	value	18.5		4.383841037750244	0.59320068359375	3.291304111480713
16	1	cdf	value	20.0		4.3955512046813965	0.3281131982803345	3.2866852283477783
16	1	cdf	value	21.0		4.7172369956970215	0.024054650217294693	3.4433183670043945
16	1	cdf	value	21.5		4.859859943389893	0.1318657249212265	3.526049852371216
16	1	cdf	value	22.0		4.6961445808410645	-0.4543779790401459	3.429781198501587
16	1	cdf	value	22.5		4.735431671142578	-0.5743631720542908	3.5158462524414062
16	1	cdf	value	23.0		4.7092413902282715	-0.8895803093910217	3.5416007041931152
16	1	cdf	value	24.0		4.914636611938477	-0.9489290714263916	3.7614476680755615
16	1	cdf	value	25.5		5.0141425132751465	-0.927358090877533	3.9418246746063232
16	1	cdf	value	28.0		5.127228736877441	-1.6273492574691772	3.950618267059326
16	1	cdf	value	30.0		4.7278032302856445	-2.161100387573242	3.4796133041381836
16	1	cdf	value	31.0		4.885589122772217	-2.868363618850708	3.6218297481536865
16	1	cdf	value	31.5		4.692142486572266	-2.580132246017456	3.3241512775421143
16	1	cdf	value	32.0		4.6121506690979	-3.2886621952056885	3.715317487716675
16	1	cdf	value	32.5		4.812593460083008	-3.643083095550537	4.004077911376953
16	1	cdf	value	33.0		5.15521240234375	-4.25715446472168	4.561474800109863
16	1	cdf	value	34.0		4.993302822113037	-4.766552925109863	4.974384307861328
16	1	cdf	value	36.0		6.2412238121032715	-7.244548797607422	7.36996603012085
16	1	cdf	value	36.5		6.437987804412842	-7.661436080932617	7.775572299957275
16	1	cdf	value	38.5		7.502040863037109	-9.471969604492188	9.538395881652832
16	1	cdf	value	39.0		7.571507453918457	-9.812499046325684	9.861075401306152
16	1	cdf	value	40.0		7.938545227050781	-10.271564483642578	10.281547546386719
16	1	cdf	value	41.0		8.062786102294922	-11.075098037719727	11.075098037719727
16	1	cdf	value	41.5		8.125548362731934	-11.127449035644531	11.127449035644531
16	2	inverse_cdf	value	2.5		7.716537952423096	11.25364875793457	11.25364875793457
16	2	inverse_cdf	value	3.0		7.90744161605835	11.015580177307129	11.015580177307129
16	2	inverse_cdf	value	4.0		7.472347259521484	9.549577713012695	9.557677268981934
16	2	inverse_cdf	value	5.0		7.141813278198242	8.633912086486816	8.655312538146973
16	2	inverse_cdf	value	5.5		7.117622375488281	8.183365821838379	8.22507095336914
16	2	inverse_cdf	value	7.5		6.750530242919922	6.760422706604004	6.9438347816467285
16	2	inverse_cdf	value	8.0		6.704158306121826	6.40720796585083	6.701747894287109
16	2	inverse_cdf	value	10.0		6.141623497009277	5.19525146484375	5.635946750640869
16	2	inverse_cdf	value	11.0		5.190694332122803	3.81372332572937	4.389165878295898
16	2	inverse_cdf	value	11.5		5.309107303619385	3.7355103492736816	4.219356536865234
16	2	inverse_cdf	value	12.0		4.874427318572998	3.2773196697235107	3.869701623916626
16	2	inverse_cdf	value	12.5		4.4468584060668945	2.894467353820801	3.546815872192383
16	2	inverse_cdf	value	13.0		4.679758548736572	2.539423942565918	3.3461344242095947
16	2	inverse_cdf	value	14.0		4.31552791595459	1.7821778059005737	3.0602519512176514
16	2	inverse_cdf	value	16.0		4.045100688934326	1.0764002799987793	3.018551826477051
16	2	inverse_cdf	value	18.5		3.9391753673553467	0.28884953260421753	2.9506001472473145
16	2	inverse_cdf	value	20.0		4.661368370056152	0.3808196485042572	3.428818941116333
16	2	inverse_cdf	value	21.0		4.77106237411499	0.006404147949069738	3.4238827228546143
16	2	inverse_cdf	value	21.5		4.6354475021362305	-0.4078371524810791	3.329573631286621
16	2	inverse_cdf	value	22.0		4.778878688812256	-0.0266100000590086	3.3702328205108643
16	2	inverse_cdf	value	22.5		4.559809684753418	-0.46392181515693665	3.314997673034668
16	2	inverse_cdf	value	23.0		4.473996639251709	-0.5244002342224121	3.2887532711029053
16	2	inverse_cdf	value	24.0		4.67799186706543	-1.019608974456787	3.5649545192718506
16	2	inverse_cdf	value	25.5		4.637172698974609	-0.8027757406234741	3.6663403511047363
16	2	inverse_cdf	value	28.0		4.45640230178833	-1.1785861253738403	3.418274164199829
16	2	inverse_cdf	value	30.0		4.432053565979004	-1.7088686227798462	3.1678178310394287
16	2	inverse_cdf	value	31.0		4.602783203125	-2.380843162536621	3.2524657249450684
16	2	inverse_cdf	value	31.5		4.513185501098633	-2.4585459232330322	3.1730263233184814
16	2	inverse_cdf	value	32.0		4.650332450866699	-2.661562442779541	3.259870767593384
16	2	inverse_cdf	value	32.5		4.801225662231445	-3.3528549671173096	3.7598090171813965
16	2	inverse_cdf	value	33.0		4.960790634155273	-3.5675132274627686	3.9594833850860596
16	2	inverse_cdf	value	34.0		5.369410514831543	-4.808826446533203	5.044971466064453
16	2	inverse_cdf	value	36.0		6.1944122314453125	-6.758672714233398	6.9305596351623535
16	2	inverse_cdf	value	36.5		6.565161228179932	-7.225505828857422	7.364371299743652
16	2	inverse_cdf	value	38.5		7.451921463012695	-8.993417739868164	9.108590126037598
16	2	inverse_cdf	value	39.0		7.375144004821777	-9.135466575622559	9.180365562438965
16	2	inverse_cdf	value	40.0		7.7271318435668945	-9.450520515441895	9.466353416442871
16	2	inverse_cdf	value	41.0		8.09394645690918	-10.311182975769043	10.311192512512207
16	2	inverse_cdf	value	41.5		8.040924072265625	-10.074511528015137	10.074511528015137
13	1	inverse_cdf	value	2.5		8.92713737487793	7.321934700012207	7.321934700012207
13	1	inverse_cdf	value	3.0		10.054936408996582	8.625044822692871	8.648810386657715
13	1	inverse_cdf	value	4.0		9.266509056091309	9.450859069824219	9.499818801879883
13	1	inverse_cdf	value	5.0		7.44391393661499	9.185931205749512	9.19592571258545
13	1	inverse_cdf	value	5.5		7.00319766998291	10.651955604553223	10.660900115966797
13	1	inverse_cdf	value	7.5		5.776640892028809	10.401154518127441	10.404043197631836
13	1	inverse_cdf	value	8.0		5.540228843688965	10.138579368591309	10.140913963317871
13	1	inverse_cdf	value	10.0		4.833603382110596	7.0857672691345215	7.089433193206787
13	1	inverse_cdf	value	11.0		4.292489051818848	5.196916103363037	5.198853492736816
13	1	inverse_cdf	value	11.5		4.436009407043457	4.76204776763916	4.779929161071777
13	1	inverse_cdf	value	12.0		4.42118501663208	4.094821929931641	4.113586902618408
13	1	inverse_cdf	value	12.5		4.502410411834717	3.9264731407165527	4.039214134216309
13	1	inverse_cdf	value	13.0		4.461577415466309	3.5234265327453613	3.8129773139953613
13	1	inverse_cdf	value	14.0		4.474970817565918	2.8952226638793945	3.565666675567627
13	1	inverse_cdf	value	16.0		4.3935699462890625	2.961177110671997	4.008124351501465
13	1	inverse_cdf	value	18.5		3.3337554931640625	2.0876028537750244	3.147672653198242
13	1	inverse_cdf	value	20.0		2.9961090087890625	0.7554741501808167	2.118090867996216
13	1	inverse_cdf	value	21.0		3.1486096382141113	0.09394711256027222	1.8430842161178589
13	1	inverse_cdf	value	21.5		3.033637046813965	-0.5008317232131958	1.702217698097229
13	1	inverse_cdf	value	22.0		2.8779146671295166	-0.7854337692260742	1.7503162622451782
13	1	inverse_cdf	value	22.5		2.957920789718628	-1.2127058506011963	2.0265939235687256
13	1	inverse_cdf	value	23.0		2.844698667526245	-1.5668593645095825	2.2026662826538086
13	1	inverse_cdf	value	24.0		2.8431997299194336	-2.1392009258270264	2.759774923324585
13	1	inverse_cdf	value	25.5		3.464763879776001	-2.62182354927063	3.480659246444702
13	1	inverse_cdf	value	28.0		4.456887245178223	-3.3835580348968506	4.210402488708496
13	1	inverse_cdf	value	30.0		5.067025661468506	-5.196723937988281	5.435450077056885
13	1	inverse_cdf	value	31.0		4.9837422370910645	-5.795324325561523	5.864040851593018
13	1	inverse_cdf	value	31.5		5.079471588134766	-6.259029388427734	6.318147659301758
13	1	inverse_cdf	value	32.0		4.919522285461426	-6.3733134269714355	6.409294605255127
13	1	inverse_cdf	value	32.5		5.265641689300537	-6.966468811035156	7.026247978210449
13	1	inverse_cdf	value	33.0		5.07416296005249	-6.86260986328125	6.890182018280029
13	1	inverse_cdf	value	34.0		5.174308776855469	-6.95235538482666	7.027404308319092
13	1	inverse_cdf	value	36.0		6.093596458435059	-7.027969837188721	7.075401306152344
13	1	inverse_cdf	value	36.5		6.581919193267822	-7.2124714851379395	7.276877403259277
13	1	inverse_cdf	value	38.5		7.515714645385742	-6.32835054397583	6.483711242675781
13	1	inverse_cdf	value	39.0		7.553587436676025	-5.485624313354492	5.646417140960693
13	1	inverse_cdf	value	40.0		7.624475002288818	-5.66906213760376	5.7682037353515625
13	1	inverse_cdf	value	41.0		8.564417839050293	-6.711479663848877	6.7188944816589355
13	1	inverse_cdf	value	41.5		9.6822509765625	-8.591135025024414	8.591135025024414
13	2	cdf	value	2.5		8.496549606323242	6.748277187347412	6.748277187347412
13	2	cdf	value	3.0		9.724766731262207	8.282439231872559	8.305943489074707
13	2	cdf	value	4.0		9.819860458374023	9.835318565368652	9.879476547241211
13	2	cdf	value	5.0		8.012375831604004	10.772998809814453	10.783249855041504
13	2	cdf	value	5.5		6.971682548522949	10.744494438171387	10.75306224822998
13	2	cdf	value	7.5		5.768308639526367	10.829548835754395	10.837552070617676
13	2	cdf	value	8.0		5.346495151519775	10.130326271057129	10.130326271057129
13	2	cdf	value	10.0		4.617925643920898	7.062108516693115	7.064311504364014
13	2	cdf	value	11.0		4.368210315704346	5.333945274353027	5.3351545333862305
13	2	cdf	value	11.5		4.394292831420898	4.8187994956970215	4.824896812438965
13	2	cdf	value	12.0		4.5228986740112305	4.255265712738037	4.275367259979248
13	2	cdf	value	12.5		4.265719890594482	3.8182191848754883	3.933056354522705
13	2	cdf	value	13.0		4.521334171295166	3.473893880844116	3.7958152294158936
13	2	cdf	value	14.0		4.566563606262207	3.299846649169922	3.910233736038208
13	2	cdf	value	16.0		4.30596923828125	3.1052212715148926	4.075168609619141
13	2	cdf	value	18.5		3.1001505851745605	2.1330957412719727	2.984419584274292
13	2	cdf	value	20.0		2.9180989265441895	0.9045608043670654	2.1454153060913086
13	2	cdf	value	21.0		3.0772342681884766	-0.12478481978178024	1.8888400793075562
13	2	cdf	value	21.5		3.001554489135742	-0.3991217613220215	1.728018879890442
13	2	cdf	value	22.0		2.995500326156616	-0.8474706411361694	1.8293296098709106
13	2	cdf	value	22.5		2.766026258468628	-1.19221031665802	1.912509560585022
13	2	cdf	value	23.0		2.9632468223571777	-1.6420015096664429	2.29317569732666
13	2	cdf	value	24.0		2.8443984985351562	-2.1555869579315186	2.739176034927368
13	2	cdf	value	25.5		3.271317958831787	-2.5966200828552246	3.4130547046661377
13	2	cdf	value	28.0		4.623384475708008	-3.616051435470581	4.3791728019714355
13	2	cdf	value	30.0		4.8829193115234375	-4.943701267242432	5.186755180358887
13	2	cdf	value	31.0		5.059889316558838	-5.851717472076416	5.987618923187256
13	2	cdf	value	31.5		5.151482582092285	-6.578744411468506	6.620589733123779
13	2	cdf	value	32.0		5.3238325119018555	-7.170721530914307	7.197078227996826
13	2	cdf	value	32.5		5.03963041305542	-6.615607738494873	6.6763811111450195
13	2	cdf	value	33.0		5.177489757537842	-6.700356960296631	6.758265495300293
13	2	cdf	value	34.0		5.285243034362793	-7.167816638946533	7.221528053283691
13	2	cdf	value	36.0		5.89540958404541	-6.8815813064575195	6.941924095153809
13	2	cdf	value	36.5		5.874110221862793	-6.4406585693359375	6.529276371002197
13	2	cdf	value	38.5		7.512792587280273	-6.025376796722412	6.167818069458008
13	2	cdf	value	39.0		7.857862949371338	-6.028515815734863	6.1779327392578125
13	2	cdf	value	40.0		7.953188419342041	-5.546700477600098	5.668658256530762
13	2	cdf	value	41.0		8.183440208435059	-6.4455389976501465	6.451372146606445
13	2	cdf	value	41.5		9.77984619140625	-8.470864295959473	8.470864295959473
26	1	cdf	value	2.5		8.281867027282715	8.183935165405273	8.183935165405273
26	1	cdf	value	3.0		8.450084686279297	8.38125991821289	8.389169692993164
26	1	cdf	value	4.0		7.979665279388428	9.1522216796875	9.223129272460938
26	1	cdf	value	5.0		7.30580997467041	8.513830184936523	8.593033790588379
26	1	cdf	value	5.5		6.880695343017578	8.510756492614746	8.565485000610352
26	1	cdf	value	7.5		6.346690654754639	7.432209014892578	7.5470733642578125
26	1	cdf	value	8.0		5.927090167999268	7.150467395782471	7.25707483291626
26	1	cdf	value	10.0		5.48408842086792	6.296937465667725	6.428332805633545
26	1	cdf	value	11.0		5.258434295654297	5.7140069007873535	5.840448379516602
26	1	cdf	value	11.5		5.479466915130615	5.9319939613342285	6.137839317321777
26	1	cdf	value	12.0		5.410097122192383	5.69916296005249	5.89346981048584
26	1	cdf	value	12.5		5.486010551452637	5.408450126647949	5.69265604019165
26	1	cdf	value	13.0		5.526148319244385	5.190507888793945	5.552284240722656
26	1	cdf	value	14.0		5.414096355438232	4.439388751983643	5.1293745040893555
26	1	cdf	value	16.0		5.351967811584473	3.5452663898468018	4.94720983505249
26	1	cdf	value	18.5		4.904255390167236	2.8597612380981445	4.5507612228393555
26	1	cdf	value	20.0		4.779735088348389	2.283555746078491	4.160741806030273
26	1	cdf	value	21.0		4.71505880355835	1.6721947193145752	3.7651100158691406
26	1	cdf	value	21.5		4.837284564971924	1.34634268283844	3.6576573848724365
26	1	cdf	value	22.0		4.822254180908203	0.6217887997627258	3.452005386352539
26	1	cdf	value	22.5		4.666837692260742	0.359485924243927	3.200591564178467
26	1	cdf	value	23.0		4.916090488433838	-0.03625975921750069	3.337137460708618
26	1	cdf	value	24.0		4.607873916625977	-0.3136231005191803	3.1983025074005127
26	1	cdf	value	25.5		4.614269733428955	-1.3504009246826172	3.5578646659851074
26	1	cdf	value	28.0		4.733094692230225	-1.9220749139785767	3.927610397338867
26	1	cdf	value	30.0		4.579827785491943	-2.7814886569976807	3.7831523418426514
26	1	cdf	value	31.0		4.483063220977783	-3.1893045902252197	3.7396466732025146
26	1	cdf	value	31.5		4.712668418884277	-3.597006320953369	3.9503750801086426
26	1	cdf	value	32.0		4.947053909301758	-4.38725471496582	4.596498012542725
26	1	cdf	value	32.5		4.653330326080322	-4.502033233642578	4.622719764709473
26	1	cdf	value	33.0		4.930331707000732	-5.254878044128418	5.326155185699463
26	1	cdf	value	34.0		5.25413179397583	-6.36118221282959	6.412223815917969
26	1	cdf	value	36.0		5.505068302154541	-8.597883224487305	8.63571834564209
26	1	cdf	value	36.5		5.8075480461120605	-8.996384620666504	9.037275314331055
26	1	cdf	value	38.5		6.8526611328125	-10.409262657165527	10.447124481201172
26	1	cdf	value	39.0		6.707017421722412	-10.639012336730957	10.655571937561035
26	1	cdf	value	40.0		7.4055023193359375	-10.806778907775879	10.814830780029297
26	1	cdf	value	41.0		7.838048458099365	-12.203410148620605	12.203410148620605
26	1	cdf	value	41.5		8.355332374572754	-12.745450019836426	12.745450019836426
26	2	inverse_cdf	value	2.5		7.4806647300720215	6.137261867523193	6.137261867523193
26	2	inverse_cdf	value	3.0		8.488451957702637	6.850785255432129	6.8680596351623535
26	2	inverse_cdf	value	4.0		8.092517852783203	7.374337196350098	7.488327980041504
26	2	inverse_cdf	value	5.0		7.34153938293457	7.124946117401123	7.21430778503418
26	2	inverse_cdf	value	5.5		7.308769702911377	6.97661828994751	7.088072299957275
26	2	inverse_cdf	value	7.5		5.714688301086426	5.3175458908081055	5.540262699127197
26	2	inverse_cdf	value	8.0		5.7301859855651855	5.266831874847412	5.508609294891357
26	2	inverse_cdf	value	10.0		5.546091079711914	5.130185604095459	5.339736461639404
26	2	inverse_cdf	value	11.0		5.446640968322754	4.80970573425293	5.033445358276367
26	2	inverse_cdf	value	11.5		5.385157108306885	4.748916149139404	4.9870219230651855
26	2	inverse_cdf	value	12.0		5.274122714996338	4.3893046379089355	4.678946495056152
26	2	inverse_cdf	value	12.5		5.491854667663574	4.231142044067383	4.660202980041504
26	2	inverse_cdf	value	13.0		5.507213592529297	4.198882102966309	4.763317584991455
26	2	inverse_cdf	value	14.0		5.5198655128479	3.882626533508301	4.7515058517456055
26	2	inverse_cdf	value	16.0		5.562310218811035	3.3510854244232178	4.9180908203125
26	2	inverse_cdf	value	18.5		4.912761688232422	2.74054217338562	4.443356513977051
26	2	inverse_cdf	value	20.0		4.577979564666748	2.352207899093628	3.9493627548217773
26	2	inverse_cdf	value	21.0		4.486134052276611	1.7146100997924805	3.529806613922119
26	2	inverse_cdf	value	21.5		4.406696319580078	1.700294017791748	3.306692123413086
26	2	inverse_cdf	value	22.0		4.720734119415283	1.373986840248108	3.304502487182617
26	2	inverse_cdf	value	22.5		5.092528820037842	0.8198856115341187	3.44073224067688
26	2	inverse_cdf	value	23.0		4.967892169952393	0.5354878902435303	3.307499647140503
26	2	inverse_cdf	value	24.0		4.662250518798828	-0.09133870154619217	3.1102404594421387
26	2	inverse_cdf	value	25.5		4.476848602294922	-0.6176283955574036	3.3369152545928955
26	2	inverse_cdf	value	28.0		4.456038951873779	-0.9710981249809265	3.570749282836914
26	2	inverse_cdf	value	30.0		4.509613037109375	-1.7993693351745605	3.3151919841766357
26	2	inverse_cdf	value	31.0		4.462002754211426	-2.263922929763794	3.137009382247925
26	2	inverse_cdf	value	31.5		4.560858726501465	-2.796560287475586	3.366018533706665
26	2	inverse_cdf	value	32.0		4.50853157043457	-3.1272432804107666	3.4801294803619385
26	2	inverse_cdf	value	32.5		4.938504219055176	-4.067154407501221	4.255038261413574
26	2	inverse_cdf	value	33.0		4.682955265045166	-4.1905436515808105	4.310288906097412
26	2	inverse_cdf	value	34.0		5.053292274475098	-5.550909996032715	5.6172261238098145
26	2	inverse_cdf	value	36.0		5.849390983581543	-7.394577980041504	7.484743118286133
26	2	inverse_cdf	value	36.5		6.002706527709961	-7.8591742515563965	7.931090831756592
26	2	inverse_cdf	value	38.5		6.723547458648682	-8.572760581970215	8.628904342651367
26	2	inverse_cdf	value	39.0		7.075568199157715	-8.778138160705566	8.818686485290527
26	2	inverse_cdf	value	40.0		7.764108657836914	-9.668046951293945	9.683902740478516
26	2	inverse_cdf	value	41.0		7.982889175415039	-10.115052223205566	10.115342140197754
26	2	inverse_cdf	value	41.5		9.03715705871582	-10.879202842712402	10.879202842712402
09	1	inverse_cdf	value	2.5		8.64842700958252	5.682651519775391	5.682651519775391
09	1	inverse_cdf	value	3.0		7.677505970001221	5.025051593780518	5.044580936431885
09	1	inverse_cdf	value	4.0		6.337848663330078	4.025515079498291	4.2595744132995605
09	1	inverse_cdf	value	5.0		5.763610363006592	3.9065048694610596	4.151145935058594
09	1	inverse_cdf	value	5.5		5.818354606628418	4.002530574798584	4.259459018707275
09	1	inverse_cdf	value	7.5		5.0000128746032715	3.8715004920959473	4.1795549392700195
09	1	inverse_cdf	value	8.0		4.462277412414551	3.3791234493255615	3.748103141784668
09	1	inverse_cdf	value	10.0		3.6709556579589844	2.777952194213867	2.993901014328003
09	1	inverse_cdf	value	11.0		3.2216579914093018	1.9120709896087646	2.1192057132720947
09	1	inverse_cdf	value	11.5		3.0365869998931885	1.5354169607162476	1.7463325262069702
09	1	inverse_cdf	value	12.0		2.8871958255767822	1.0395678281784058	1.4339780807495117
09	1	inverse_cdf	value	12.5		2.8184940814971924	0.6225221157073975	1.3910011053085327
09	1	inverse_cdf	value	13.0		3.313427686691284	0.4950634241104126	1.7974406480789185
09	1	inverse_cdf	value	14.0		3.797423839569092	0.130078986287117	2.4368159770965576
09	1	inverse_cdf	value	16.0		4.778108596801758	0.22942814230918884	3.739116668701172
09	1	inverse_cdf	value	18.5		4.533830165863037	1.7125071287155151	3.818382501602173
09	1	inverse_cdf	value	20.0		4.292791843414307	1.5445547103881836	3.329272508621216
09	1	inverse_cdf	value	21.0		4.527006149291992	1.0115258693695068	3.0887367725372314
09	1	inverse_cdf	value	21.5		4.122025489807129	1.0487407445907593	2.7128570079803467
09	1	inverse_cdf	value	22.0		3.959712266921997	0.6641395092010498	2.5697264671325684
09	1	inverse_cdf	value	22.5		4.422633647918701	0.32410651445388794	2.752500534057617
09	1	inverse_cdf	value	23.0		3.7578306198120117	0.46413764357566833	2.433607816696167
09	1	inverse_cdf	value	24.0		3.594958782196045	-0.15739849209785461	2.532332181930542
09	1	inverse_cdf	value	25.5		3.8942136764526367	-0.3194687068462372	2.995612621307373
09	1	inverse_cdf	value	28.0		3.8063507080078125	-0.3285481035709381	2.8703160285949707
09	1	inverse_cdf	value	30.0		4.543012619018555	-1.765435814857483	2.810997247695923
09	1	inverse_cdf	value	31.0		4.190372467041016	-2.313892126083374	2.7531704902648926
09	1	inverse_cdf	value	31.5		4.229527473449707	-2.6105871200561523	2.8833119869232178
09	1	inverse_cdf	value	32.0		4.1995625495910645	-2.9454426765441895	3.098893165588379
09	1	inverse_cdf	value	32.5		4.117231369018555	-3.277451276779175	3.373495578765869
09	1	inverse_cdf	value	33.0		4.351113319396973	-3.6680233478546143	3.7533750534057617
09	1	inverse_cdf	value	34.0		4.2626423835754395	-4.11349630355835	4.257978439331055
09	1	inverse_cdf	value	36.0		5.346658229827881	-5.086749076843262	5.310586452484131
09	1	inverse_cdf	value	36.5		6.058277606964111	-5.164571762084961	5.450320243835449
09	1	inverse_cdf	value	38.5		6.812170028686523	-3.882214069366455	4.388403415679932
09	1	inverse_cdf	value	39.0		6.5050740242004395	-3.2634589672088623	3.792879819869995
09	1	inverse_cdf	value	40.0		5.8417487144470215	-2.6493091583251953	3.0519003868103027
09	1	inverse_cdf	value	41.0		5.1190996170043945	-2.3414483070373535	2.3930249214172363
09	1	inverse_cdf	value	41.5		3.865100860595703	-1.803482174873352	1.803482174873352
09	2	cdf	value	2.5		9.42325496673584	8.049424171447754	8.049424171447754
09	2	cdf	value	3.0		8.788050651550293	7.235656261444092	7.242146015167236
09	2	cdf	value	4.0		7.445327281951904	6.2002153396606445	6.332123279571533
09	2	cdf	value	5.0		6.521718978881836	5.800684452056885	5.95692777633667
09	2	cdf	value	5.5		6.405221939086914	5.58800745010376	5.805339336395264
09	2	cdf	value	7.5		5.195017337799072	4.833932876586914	5.094682693481445
09	2	cdf	value	8.0		5.135814666748047	4.782757759094238	5.059554576873779
09	2	cdf	value	10.0		4.128304481506348	3.5316953659057617	3.7175302505493164
09	2	cdf	value	11.0		3.4276633262634277	2.4171030521392822	2.5943076610565186
09	2	cdf	value	11.5		3.5485241413116455	2.1006813049316406	2.2972288131713867
09	2	cdf	value	12.0		3.5285820960998535	1.755301833152771	2.0821073055267334
09	2	cdf	value	12.5		3.7030999660491943	1.4399420022964478	2.1214823722839355
09	2	cdf	value	13.0		3.6933753490448	0.9892916083335876	2.101138114929199
09	2	cdf	value	14.0		4.164369106292725	0.889898419380188	2.849811553955078
09	2	cdf	value	16.0		4.767986297607422	0.6836564540863037	3.761451244354248
09	2	cdf	value	18.5		5.024428367614746	1.6840583086013794	4.250634670257568
09	2	cdf	value	20.0		5.105091094970703	1.751031756401062	4.116437911987305
09	2	cdf	value	21.0		4.96221923828125	1.220687985420227	3.686067819595337
09	2	cdf	value	21.5		4.709015369415283	1.4056047201156616	3.483942985534668
09	2	cdf	value	22.0		4.813896179199219	0.7313696146011353	3.444941997528076
09	2	cdf	value	22.5		4.69628381729126	0.764238178730011	3.262585163116455
09	2	cdf	value	23.0		4.3773698806762695	0.5137122869491577	3.0212838649749756
09	2	cdf	value	24.0		4.35176420211792	0.034992702305316925	3.062821626663208
09	2	cdf	value	25.5		3.934684991836548	-0.40813425183296204	3.0332672595977783
09	2	cdf	value	28.0		4.478888988494873	-1.3767216205596924	3.3390612602233887
09	2	cdf	value	30.0		4.813230037689209	-3.002012014389038	3.736302375793457
09	2	cdf	value	31.0		4.714217185974121	-3.4364876747131348	3.7566869258880615
09	2	cdf	value	31.5		4.755970478057861	-4.172022819519043	4.3058342933654785
09	2	cdf	value	32.0		4.582986354827881	-4.063678741455078	4.18450403213501
09	2	cdf	value	32.5		4.904278755187988	-4.774346828460693	4.879117012023926
09	2	cdf	value	33.0		4.646363258361816	-4.8182148933410645	4.931361675262451
09	2	cdf	value	34.0		4.909192085266113	-5.557203769683838	5.676953315734863
09	2	cdf	value	36.0		5.991953372955322	-6.470798015594482	6.676839351654053
09	2	cdf	value	36.5		6.008622169494629	-5.988531589508057	6.29589319229126
09	2	cdf	value	38.5		7.111121654510498	-5.140146255493164	5.593480587005615
09	2	cdf	value	39.0		7.099628448486328	-4.7633514404296875	5.2175397872924805
09	2	cdf	value	40.0		7.175136089324951	-4.2870564460754395	4.556746959686279
09	2	cdf	value	41.0		6.340965270996094	-3.6846723556518555	3.702854871749878
09	2	cdf	value	41.5		5.827704429626465	-3.408991813659668	3.408991813659668
20	1		orientation	0.13089999556541443	7.500016689300537	0.2808936536312103	0.028172947466373444	0.20560546219348907
20	1		orientation	0.26179999113082886	15.000033378601074	0.2833890914916992	-0.019384395331144333	0.2094344198703766
20	1		orientation	0.3926999866962433	22.500051498413086	0.3105241656303406	-0.08264578133821487	0.23655486106872559
20	1		orientation	0.5235999822616577	30.00006675720215	0.358723908662796	-0.10987639427185059	0.2853502929210663
20	1		orientation	0.6545000076293945	37.50008773803711	0.4260285198688507	-0.16167132556438446	0.34002751111984253
20	1		orientation	0.7853999733924866	45.00010299682617	0.4579034149646759	-0.08594400435686111	0.3514721393585205
20	1		orientation	0.9162999987602234	52.500118255615234	0.46306148171424866	-0.003096114145591855	0.34909504652023315
20	1		orientation	1.0471999645233154	60.0001335144043	0.41524139046669006	0.0648670569062233	0.314843088388443
20	1		orientation	1.1780999898910522	67.50015258789062	0.330549418926239	0.07666806131601334	0.2572430968284607
20	1		orientation	1.309000015258789	75.00017547607422	0.2808394730091095	0.08011668175458908	0.22589613497257233
20	1		orientation	1.4399000406265259	82.50019073486328	0.20537325739860535	0.05966639891266823	0.16287504136562347
20	1		orientation	1.5707999467849731	90.00020599365234	0.195333793759346	-0.000920914753805846	0.13565517961978912
20	1		orientation	1.70169997215271	97.5002212524414	0.19554053246974945	-0.06231606379151344	0.147079199552536
20	1		orientation	1.8325999975204468	105.00023651123047	0.2627579867839813	-0.10868258774280548	0.21903765201568604
20	1		orientation	1.9635000228881836	112.50025939941406	0.31577548384666443	-0.11327839642763138	0.2589627802371979
20	1		orientation	2.094399929046631	120.0002670288086	0.366391658782959	-0.04670681804418564	0.2754042446613312
20	1		orientation	2.225290060043335	127.49972534179688	0.36809200048446655	-0.029278449714183807	0.26762235164642334
20	1		orientation	2.3561899662017822	134.99974060058594	0.39297667145729065	0.004583339672535658	0.2850300073623657
20	1		orientation	2.4870901107788086	142.499755859375	0.36673516035079956	0.062000323086977005	0.26792818307876587
20	1		orientation	2.617990016937256	149.99977111816406	0.3830549716949463	0.12094340473413467	0.2872336506843567
20	1		orientation	2.748889923095703	157.49978637695312	0.3578164279460907	0.11022375524044037	0.27488940954208374
20	1		orientation	2.8797900676727295	164.9998016357422	0.32662972807884216	0.1325179636478424	0.2640313506126404
20	1		orientation	3.0106899738311768	172.49981689453125	0.31756579875946045	0.10215003788471222	0.2552640736103058
20	2		orientation	0.13089999556541443	7.500016689300537	0.2082522064447403	0.03063766099512577	0.15840210020542145
20	2		orientation	0.26179999113082886	15.000033378601074	0.2161489576101303	-0.003392099170014262	0.1586100161075592
20	2		orientation	0.3926999866962433	22.500051498413086	0.21570971608161926	-0.05446436256170273	0.16224142909049988
20	2		orientation	0.5235999822616577	30.00006675720215	0.26911213994026184	-0.09374508261680603	0.20288339257240295
20	2		orientation	0.6545000076293945	37.50008773803711	0.29214733839035034	-0.08355540037155151	0.21529161930084229
20	2		orientation	0.7853999733924866	45.00010299682617	0.30509454011917114	-0.06200769916176796	0.21851269900798798
20	2		orientation	0.9162999987602234	52.500118255615234	0.3084409832954407	-0.016230354085564613	0.2115422636270523
20	2		orientation	1.0471999645233154	60.0001335144043	0.2956690490245819	0.03461059555411339	0.20833700895309448
20	2		orientation	1.1780999898910522	67.50015258789062	0.24029488861560822	0.062169160693883896	0.18204337358474731
20	2		orientation	1.309000015258789	75.00017547607422	0.20652030408382416	0.08101440966129303	0.17031699419021606
20	2		orientation	1.4399000406265259	82.50019073486328	0.1648295819759369	0.05276493728160858	0.13194400072097778
20	2		orientation	1.5707999467849731	90.00020599365234	0.14413365721702576	0.012733644805848598	0.10724865645170212
20	2		orientation	1.70169997215271	97.5002212524414	0.15080143511295319	-0.04469944164156914	0.1177005022764206
20	2		orientation	1.8325999975204468	105.00023651123047	0.1894914209842682	-0.08931151032447815	0.15841975808143616
20	2		orientation	1.9635000228881836	112.50025939941406	0.2233934849500656	-0.0787835642695427	0.17424194514751434
20	2		orientation	2.094399929046631	120.0002670288086	0.2572817802429199	-0.035442911088466644	0.17918607592582703
20	2		orientation	2.225290060043335	127.49972534179688	0.27407291531562805	0.005047407932579517	0.18613657355308533
20	2		orientation	2.3561899662017822	134.99974060058594	0.24785426259040833	0.02715034782886505	0.1698521077632904
20	2		orientation	2.4870901107788086	142.499755859375	0.25717511773109436	0.04057759791612625	0.17499345541000366
20	2		orientation	2.617990016937256	149.99977111816406	0.2654610276222229	0.05923113971948624	0.186519593000412
20	2		orientation	2.748889923095703	157.49978637695312	0.2615083158016205	0.05421961098909378	0.18445488810539246
20	2		orientation	2.8797900676727295	164.9998016357422	0.2591917812824249	0.07326896488666534	0.19376122951507568
20	2		orientation	3.0106899738311768	172.49981689453125	0.23225054144859314	0.0775408148765564	0.18403172492980957
03	1		orientation	0.13089999556541443	7.500016689300537	0.23517853021621704	0.08481112122535706	0.17804531753063202
03	1		orientation	0.26179999113082886	15.000033378601074	0.1789301484823227	0.09015051275491714	0.13657179474830627
03	1		orientation	0.3926999866962433	22.500051498413086	0.15338584780693054	0.04209421947598457	0.1155853345990181
03	1		orientation	0.5235999822616577	30.00006675720215	0.16766352951526642	0.024341538548469543	0.1275876760482788
03	1		orientation	0.6545000076293945	37.50008773803711	0.16796357929706573	0.0040099662728607655	0.1290915161371231
03	1		orientation	0.7853999733924866	45.00010299682617	0.1647815704345703	-0.017093805596232414	0.12784065306186676
03	1		orientation	0.9162999987602234	52.500118255615234	0.16983644664287567	-0.028155099600553513	0.13041375577449799
03	1		orientation	1.0471999645233154	60.0001335144043	0.2204584777355194	-0.022568196058273315	0.16376321017742157
03	1		orientation	1.1780999898910522	67.50015258789062	0.2435348927974701	0.023534992709755898	0.1802550107240677
03	1		orientation	1.309000015258789	75.00017547607422	0.22551997005939484	0.06486260890960693	0.1800144463777542
03	1		orientation	1.4399000406265259	82.50019073486328	0.22499743103981018	0.07082492113113403	0.17607806622982025
03	1		orientation	1.5707999467849731	90.00020599365234	0.22277198731899261	0.019047968089580536	0.16159692406654358
03	1		orientation	1.70169997215271	97.5002212524414	0.22223258018493652	-0.0022233447525650263	0.1614135503768921
03	1		orientation	1.8325999975204468	105.00023651123047	0.2416258603334427	-0.03469095006585121	0.18419484794139862
03	1		orientation	1.9635000228881836	112.50025939941406	0.26444029808044434	-0.0002844124974217266	0.20191818475723267
03	1		orientation	2.094399929046631	120.0002670288086	0.2777601182460785	0.019464271143078804	0.2127648890018463
03	1		orientation	2.225290060043335	127.49972534179688	0.23681312799453735	0.031605180352926254	0.18790000677108765
03	1		orientation	2.3561899662017822	134.99974060058594	0.20245066285133362	0.036975961178541183	0.15959976613521576
03	1		orientation	2.4870901107788086	142.499755859375	0.16841979324817657	-0.00041109396261163056	0.12606583535671234
03	1		orientation	2.617990016937256	149.99977111816406	0.15464113652706146	-0.04719691723585129	0.12135223299264908
03	1		orientation	2.748889923095703	157.49978637695312	0.17159894108772278	-0.1075640320777893	0.1526404768228531
03	1		orientation	2.8797900676727295	164.9998016357422	0.20524722337722778	-0.13460958003997803	0.18045273423194885
03	1		orientation	3.0106899738311768	172.49981689453125	0.2863645851612091	-0.12193775177001953	0.22227832674980164
03	2		orientation	0.13089999556541443	7.500016689300537	0.21206530928611755	0.07662207633256912	0.15840284526348114
03	2		orientation	0.26179999113082886	15.000033378601074	0.15575093030929565	0.07704506069421768	0.12089918553829193
03	2		orientation	0.3926999866962433	22.500051498413086	0.15119218826293945	0.03188897669315338	0.11381635814905167
03	2		orientation	0.5235999822616577	30.00006675720215	0.1480213701725006	0.014616500586271286	0.11560460180044174
03	2		orientation	0.6545000076293945	37.50008773803711	0.15602567791938782	-0.005142721347510815	0.12272115051746368
03	2		orientation	0.7853999733924866	45.00010299682617	0.17085441946983337	-0.012433800846338272	0.12857139110565186
03	2		orientation	0.9162999987602234	52.500118255615234	0.17894169688224792	-0.012929556891322136	0.1348622739315033
03	2		orientation	1.0471999645233154	60.0001335144043	0.2047583907842636	-0.003824946703389287	0.15069574117660522
03	2		orientation	1.1780999898910522	67.50015258789062	0.21814292669296265	0.026699889451265335	0.16318070888519287
03	2		orientation	1.309000015258789	75.00017547607422	0.22003556787967682	0.0632781907916069	0.17463254928588867
03	2		orientation	1.4399000406265259	82.50019073486328	0.21035219728946686	0.06427046656608582	0.16555851697921753
03	2		orientation	1.5707999467849731	90.00020599365234	0.2014450579881668	0.03094777651131153	0.14398790895938873
03	2		orientation	1.70169997215271	97.5002212524414	0.2158041000366211	0.005808662623167038	0.15991565585136414
03	2		orientation	1.8325999975204468	105.00023651123047	0.24010536074638367	-0.029042648151516914	0.18399575352668762
03	2		orientation	1.9635000228881836	112.50025939941406	0.25597381591796875	-0.024004727602005005	0.1936376392841339
03	2		orientation	2.094399929046631	120.0002670288086	0.24931558966636658	0.012100017629563808	0.1903037428855896
03	2		orientation	2.225290060043335	127.49972534179688	0.22118298709392548	0.03801390901207924	0.17466002702713013
03	2		orientation	2.3561899662017822	134.99974060058594	0.18863460421562195	0.03640063479542732	0.14910124242305756
03	2		orientation	2.4870901107788086	142.499755859375	0.1625686138868332	0.0045675612054765224	0.12558023631572723
03	2		orientation	2.617990016937256	149.99977111816406	0.1475667804479599	-0.039284225553274155	0.11131858825683594
03	2		orientation	2.748889923095703	157.49978637695312	0.1665673404932022	-0.09335707128047943	0.13953088223934174
03	2		orientation	2.8797900676727295	164.9998016357422	0.19614075124263763	-0.12697075307369232	0.1688932180404663
03	2		orientation	3.0106899738311768	172.49981689453125	0.22630290687084198	-0.09749836474657059	0.17226910591125488
27	1		orientation	0.13089999556541443	7.500016689300537	0.19911831617355347	0.07665839791297913	0.13548916578292847
27	1		orientation	0.26179999113082886	15.000033378601074	0.16242708265781403	0.013991301879286766	0.10167977958917618
27	1		orientation	0.3926999866962433	22.500051498413086	0.1583849936723709	-0.0129625853151083	0.11737728863954544
27	1		orientation	0.5235999822616577	30.00006675720215	0.19708271324634552	0.014406828209757805	0.13918505609035492
27	1		orientation	0.6545000076293945	37.50008773803711	0.20732514560222626	0.00990818627178669	0.14200855791568756
27	1		orientation	0.7853999733924866	45.00010299682617	0.30084264278411865	-0.0370270311832428	0.1859622448682785
27	1		orientation	0.9162999987602234	52.500118255615234	0.37722325325012207	-0.0029587307944893837	0.252175897359848
27	1		orientation	1.0471999645233154	60.0001335144043	0.40657469630241394	0.046482909470796585	0.28532201051712036
27	1		orientation	1.1780999898910522	67.50015258789062	0.34783846139907837	0.04615068808197975	0.2513854503631592
27	1		orientation	1.309000015258789	75.00017547607422	0.2645201086997986	0.12040717899799347	0.2269739955663681
27	1		orientation	1.4399000406265259	82.50019073486328	0.14812114834785461	0.11364374309778214	0.1506294459104538
27	1		orientation	1.5707999467849731	90.00020599365234	0.10300149023532867	0.02803902141749859	0.06960021704435349
27	1		orientation	1.70169997215271	97.5002212524414	0.13039787113666534	-0.07740144431591034	0.1003088653087616
27	1		orientation	1.8325999975204468	105.00023651123047	0.17191314697265625	-0.13348081707954407	0.17560714483261108
27	1		orientation	1.9635000228881836	112.50025939941406	0.27510395646095276	-0.11494800448417664	0.22008326649665833
27	1		orientation	2.094399929046631	120.0002670288086	0.3469027578830719	-0.03365859016776085	0.24692711234092712
27	1		orientation	2.225290060043335	127.49972534179688	0.33636417984962463	-0.006974802818149328	0.2463187575340271
27	1		orientation	2.3561899662017822	134.99974060058594	0.2303527444601059	0.029149632900953293	0.15650130808353424
27	1		orientation	2.4870901107788086	142.499755859375	0.1975223422050476	-0.011772957630455494	0.11174724996089935
27	1		orientation	2.617990016937256	149.99977111816406	0.21706271171569824	-0.052108947187662125	0.16032706201076508
27	1		orientation	2.748889923095703	157.49978637695312	0.2669387757778168	-0.09719168394804001	0.2066086232662201
27	1		orientation	2.8797900676727295	164.9998016357422	0.332889586687088	-0.004950168542563915	0.22687870264053345
27	1		orientation	3.0106899738311768	172.49981689453125	0.32475757598876953	0.0531669482588768	0.22550353407859802
27	2		orientation	0.13089999556541443	7.500016689300537	0.19464337825775146	0.06715686619281769	0.1346484124660492
27	2		orientation	0.26179999113082886	15.000033378601074	0.159885972738266	0.009870501235127449	0.10259110480546951
27	2		orientation	0.3926999866962433	22.500051498413086	0.17904819548130035	-0.012594452127814293	0.1290213167667389
27	2		orientation	0.5235999822616577	30.00006675720215	0.18372100591659546	-0.0103713758289814	0.13637389242649078
27	2		orientation	0.6545000076293945	37.50008773803711	0.21959540247917175	-0.0022599392104893923	0.14997930824756622
27	2		orientation	0.7853999733924866	45.00010299682617	0.31717467308044434	-0.029175925999879837	0.2041223645210266
27	2		orientation	0.9162999987602234	52.500118255615234	0.3606104552745819	-0.026571443304419518	0.2444174587726593
27	2		orientation	1.0471999645233154	60.0001335144043	0.40045854449272156	0.04873856529593468	0.28454315662384033
27	2		orientation	1.1780999898910522	67.50015258789062	0.3867248296737671	0.08617685735225677	0.2865179479122162
27	2		orientation	1.309000015258789	75.00017547607422	0.2625477910041809	0.13590912520885468	0.2338576316833496
27	2		orientation	1.4399000406265259	82.50019073486328	0.16031940281391144	0.11293638497591019	0.15688973665237427
27	2		orientation	1.5707999467849731	90.00020599365234	0.10897913575172424	0.02736029028892517	0.07118354737758636
27	2		orientation	1.70169997215271	97.5002212524414	0.09971363097429276	-0.07083087414503098	0.09217003732919693
27	2		orientation	1.8325999975204468	105.00023651123047	0.1701299399137497	-0.1313147097826004	0.17620378732681274
27	2		orientation	1.9635000228881836	112.50025939941406	0.2906431555747986	-0.10493549704551697	0.23642030358314514
27	2		orientation	2.094399929046631	120.0002670288086	0.36912211775779724	-0.062065210193395615	0.26841676235198975
27	2		orientation	2.225290060043335	127.49972534179688	0.3507474660873413	0.01050791796296835	0.2642137110233307
27	2		orientation	2.3561899662017822	134.99974060058594	0.22928130626678467	0.042361751198768616	0.161824032664299
27	2		orientation	2.4870901107788086	142.499755859375	0.20998895168304443	-0.011237985454499722	0.11984426528215408
27	2		orientation	2.617990016937256	149.99977111816406	0.22450818121433258	-0.05563492700457573	0.16416271030902863
27	2		orientation	2.748889923095703	157.49978637695312	0.2630458176136017	-0.06466855853796005	0.1974196434020996
27	2		orientation	2.8797900676727295	164.9998016357422	0.3411848545074463	-0.011346021667122841	0.23349356651306152
27	2		orientation	3.0106899738311768	172.49981689453125	0.33115023374557495	0.03216077759861946	0.2351115643978119
23	1		orientation	0.13089999556541443	7.500016689300537	0.5437590479850769	0.040150199085474014	0.41986387968063354
23	1		orientation	0.26179999113082886	15.000033378601074	0.4743095338344574	0.09745470434427261	0.3663685917854309
23	1		orientation	0.3926999866962433	22.500051498413086	0.39469316601753235	0.09847590327262878	0.3053651452064514
23	1		orientation	0.5235999822616577	30.00006675720215	0.3643222749233246	0.05783695727586746	0.2768237590789795
23	1		orientation	0.6545000076293945	37.50008773803711	0.3261783719062805	0.030490893870592117	0.22534391283988953
23	1		orientation	0.7853999733924866	45.00010299682617	0.346222460269928	0.001547040417790413	0.2377798706293106
23	1		orientation	0.9162999987602234	52.500118255615234	0.3889506459236145	-0.04846926033496857	0.292026162147522
23	1		orientation	1.0471999645233154	60.0001335144043	0.4864729046821594	-0.022662602365016937	0.38018524646759033
23	1		orientation	1.1780999898910522	67.50015258789062	0.5425707101821899	0.024206824600696564	0.4228214621543884
23	1		orientation	1.309000015258789	75.00017547607422	0.6036754250526428	0.07039639353752136	0.48024895787239075
23	1		orientation	1.4399000406265259	82.50019073486328	0.45496904850006104	0.12152931839227676	0.36430972814559937
23	1		orientation	1.5707999467849731	90.00020599365234	0.44138380885124207	0.09002581983804703	0.3356578052043915
23	1		orientation	1.70169997215271	97.5002212524414	0.39075255393981934	0.058445923030376434	0.28022855520248413
23	1		orientation	1.8325999975204468	105.00023651123047	0.3577205538749695	-0.0026565613225102425	0.2563152015209198
23	1		orientation	1.9635000228881836	112.50025939941406	0.36796292662620544	-0.025215843692421913	0.27312731742858887
23	1		orientation	2.094399929046631	120.0002670288086	0.38989293575286865	-0.07907117158174515	0.29317912459373474
23	1		orientation	2.225290060043335	127.49972534179688	0.47243407368659973	-0.0551782101392746	0.35299378633499146
23	1		orientation	2.3561899662017822	134.99974060058594	0.4901541769504547	-0.058729562908411026	0.37078553438186646
23	1		orientation	2.4870901107788086	142.499755859375	0.4629477858543396	-0.0283794142305851	0.34834161400794983
23	1		orientation	2.617990016937256	149.99977111816406	0.4706612527370453	-0.038324031978845596	0.3575775623321533
23	1		orientation	2.748889923095703	157.49978637695312	0.4703769087791443	-0.050274867564439774	0.35550859570503235
23	1		orientation	2.8797900676727295	164.9998016357422	0.4820587635040283	-0.1374335139989853	0.3695758581161499
23	1		orientation	3.0106899738311768	172.49981689453125	0.5235704183578491	-0.10477238893508911	0.40274542570114136
23	2		orientation	0.13089999556541443	7.500016689300537	0.5513637661933899	0.003844813909381628	0.4307281970977783
23	2		orientation	0.26179999113082886	15.000033378601074	0.5383491516113281	0.0673026517033577	0.41835248470306396
23	2		orientation	0.3926999866962433	22.500051498413086	0.43972867727279663	0.07820142805576324	0.3412628471851349
23	2		orientation	0.5235999822616577	30.00006675720215	0.36933600902557373	0.06411450356245041	0.278382271528244
23	2		orientation	0.6545000076293945	37.50008773803711	0.3603043258190155	0.029789738357067108	0.2505585849285126
23	2		orientation	0.7853999733924866	45.00010299682617	0.3427107036113739	0.0018570933025330305	0.2299748808145523
23	2		orientation	0.9162999987602234	52.500118255615234	0.4319199025630951	-0.009032298810780048	0.31766262650489807
23	2		orientation	1.0471999645233154	60.0001335144043	0.5101475715637207	-0.05206228792667389	0.40603503584861755
23	2		orientation	1.1780999898910522	67.50015258789062	0.5819604396820068	-0.002563177142292261	0.45701178908348083
23	2		orientation	1.309000015258789	75.00017547607422	0.6097661256790161	0.0617835707962513	0.48618534207344055
23	2		orientation	1.4399000406265259	82.50019073486328	0.5408844947814941	0.11568266898393631	0.43747225403785706
23	2		orientation	1.5707999467849731	90.00020599365234	0.4757918417453766	0.08956118673086166	0.3693212568759918
23	2		orientation	1.70169997215271	97.5002212524414	0.4004640281200409	0.07129969447851181	0.2885891795158386
23	2		orientation	1.8325999975204468	105.00023651123047	0.36956697702407837	0.03116004914045334	0.26817089319229126
23	2		orientation	1.9635000228881836	112.50025939941406	0.37447091937065125	-0.04949619993567467	0.28088414669036865
23	2		orientation	2.094399929046631	120.0002670288086	0.40906667709350586	-0.049482446163892746	0.3077941834926605
23	2		orientation	2.225290060043335	127.49972534179688	0.4237052798271179	-0.1076863631606102	0.32118701934814453
23	2		orientation	2.3561899662017822	134.99974060058594	0.5041930079460144	-0.07604731619358063	0.38412341475486755
23	2		orientation	2.4870901107788086	142.499755859375	0.5116819739341736	-0.02067258022725582	0.3914921283721924
23	2		orientation	2.617990016937256	149.99977111816406	0.5055583715438843	-0.027981311082839966	0.3857653737068176
23	2		orientation	2.748889923095703	157.49978637695312	0.5030619502067566	-0.0164786446839571	0.38361403346061707
23	2		orientation	2.8797900676727295	164.9998016357422	0.5090019702911377	-0.10957208275794983	0.3863891065120697
23	2		orientation	3.0106899738311768	172.49981689453125	0.5735931992530823	-0.07955349236726761	0.4391392767429352
21	1		orientation	0.13089999556541443	7.500016689300537	0.1857650727033615	0.01614171452820301	0.14583608508110046
21	1		orientation	0.26179999113082886	15.000033378601074	0.19419078528881073	-0.01410439983010292	0.14661462604999542
21	1		orientation	0.3926999866962433	22.500051498413086	0.20904392004013062	-0.03436310589313507	0.1608801931142807
21	1		orientation	0.5235999822616577	30.00006675720215	0.23788005113601685	-0.03117663599550724	0.1785704642534256
21	1		orientation	0.6545000076293945	37.50008773803711	0.27980053424835205	-0.04029764607548714	0.20635797083377838
21	1		orientation	0.7853999733924866	45.00010299682617	0.31103092432022095	-0.03306983411312103	0.2255314439535141
21	1		orientation	0.9162999987602234	52.500118255615234	0.36245590448379517	0.022859463468194008	0.26555362343788147
21	1		orientation	1.0471999645233154	60.0001335144043	0.36542677879333496	0.06749144941568375	0.2768915295600891
21	1		orientation	1.1780999898910522	67.50015258789062	0.37092775106430054	0.1377575695514679	0.29566338658332825
21	1		orientation	1.309000015258789	75.00017547607422	0.33554092049598694	0.12444119155406952	0.28037700057029724
21	1		orientation	1.4399000406265259	82.50019073486328	0.30842095613479614	0.15939608216285706	0.2752285897731781
21	1		orientation	1.5707999467849731	90.00020599365234	0.26497378945350647	0.13517388701438904	0.2420646697282791
21	1		orientation	1.70169997215271	97.5002212524414	0.21676647663116455	0.07361027598381042	0.18186026811599731
21	1		orientation	1.8325999975204468	105.00023651123047	0.20319269597530365	-3.337383168400265e-05	0.1468553990125656
21	1		orientation	1.9635000228881836	112.50025939941406	0.18504786491394043	-0.08591128140687943	0.15032699704170227
21	1		orientation	2.094399929046631	120.0002670288086	0.21691732108592987	-0.1750677525997162	0.21855440735816956
21	1		orientation	2.225290060043335	127.49972534179688	0.27336961030960083	-0.24140682816505432	0.2894296944141388
21	1		orientation	2.3561899662017822	134.99974060058594	0.3537431061267853	-0.27482858300209045	0.3520420491695404
21	1		orientation	2.4870901107788086	142.499755859375	0.4231957197189331	-0.19334110617637634	0.3460901379585266
21	1		orientation	2.617990016937256	149.99977111816406	0.40228691697120667	0.005090896040201187	0.28691405057907104
21	1		orientation	2.748889923095703	157.49978637695312	0.32322949171066284	0.06351542472839355	0.22998875379562378
21	1		orientation	2.8797900676727295	164.9998016357422	0.23337936401367188	0.10532134771347046	0.1792047768831253
21	1		orientation	3.0106899738311768	172.49981689453125	0.2037041187286377	0.08002170920372009	0.16628018021583557
21	2		orientation	0.13089999556541443	7.500016689300537	0.18609383702278137	0.017110619693994522	0.14827384054660797
21	2		orientation	0.26179999113082886	15.000033378601074	0.18522438406944275	-0.004160726442933083	0.1390540450811386
21	2		orientation	0.3926999866962433	22.500051498413086	0.20533938705921173	-0.040232595056295395	0.15759170055389404
21	2		orientation	0.5235999822616577	30.00006675720215	0.23399992287158966	-0.05063336342573166	0.17793884873390198
21	2		orientation	0.6545000076293945	37.50008773803711	0.27755510807037354	-0.042920663952827454	0.20395022630691528
21	2		orientation	0.7853999733924866	45.00010299682617	0.3009761869907379	0.004157029092311859	0.21785889565944672
21	2		orientation	0.9162999987602234	52.500118255615234	0.3288692235946655	0.02313230186700821	0.23790374398231506
21	2		orientation	1.0471999645233154	60.0001335144043	0.3445786237716675	0.0797346755862236	0.25845062732696533
21	2		orientation	1.1780999898910522	67.50015258789062	0.32707396149635315	0.1283455789089203	0.26265180110931396
21	2		orientation	1.309000015258789	75.00017547607422	0.3262096345424652	0.15674453973770142	0.2706068456172943
21	2		orientation	1.4399000406265259	82.50019073486328	0.29737040400505066	0.15491171181201935	0.2672525942325592
21	2		orientation	1.5707999467849731	90.00020599365234	0.25551319122314453	0.12457827478647232	0.2269853800535202
21	2		orientation	1.70169997215271	97.5002212524414	0.22098010778427124	0.08191840350627899	0.18695366382598877
21	2		orientation	1.8325999975204468	105.00023651123047	0.19058340787887573	0.006698441691696644	0.14137041568756104
21	2		orientation	1.9635000228881836	112.50025939941406	0.18578140437602997	-0.08425368368625641	0.1512855887413025
21	2		orientation	2.094399929046631	120.0002670288086	0.20316608250141144	-0.15724855661392212	0.19926433265209198
21	2		orientation	2.225290060043335	127.49972534179688	0.2586376368999481	-0.23965631425380707	0.2787308990955353
21	2		orientation	2.3561899662017822	134.99974060058594	0.3430204391479492	-0.23845049738883972	0.3184080123901367
21	2		orientation	2.4870901107788086	142.499755859375	0.38223037123680115	-0.1555895060300827	0.2990683615207672
21	2		orientation	2.617990016937256	149.99977111816406	0.3481144309043884	0.00782958883792162	0.24336527287960052
21	2		orientation	2.748889923095703	157.49978637695312	0.27089837193489075	0.0765790119767189	0.1919216364622116
21	2		orientation	2.8797900676727295	164.9998016357422	0.21896950900554657	0.09128253161907196	0.16630592942237854
21	2		orientation	3.0106899738311768	172.49981689453125	0.19197635352611542	0.07119826972484589	0.15266235172748566
04	1		orientation	0.13089999556541443	7.500016689300537	0.26502466201782227	0.10166827589273453	0.19889260828495026
04	1		orientation	0.26179999113082886	15.000033378601074	0.2041684091091156	0.10758534073829651	0.1653539091348648
04	1		orientation	0.3926999866962433	22.500051498413086	0.16194365918636322	0.07002396881580353	0.13062281906604767
04	1		orientation	0.5235999822616577	30.00006675720215	0.16008411347866058	0.02247547172009945	0.11522984504699707
04	1		orientation	0.6545000076293945	37.50008773803711	0.16240136325359344	-0.012135050259530544	0.12103449553251266
04	1		orientation	0.7853999733924866	45.00010299682617	0.19472487270832062	-0.04477548599243164	0.15237441658973694
04	1		orientation	0.9162999987602234	52.500118255615234	0.2159363329410553	-0.037197045981884	0.16531895101070404
04	1		orientation	1.0471999645233154	60.0001335144043	0.23912425339221954	-0.0051141902804374695	0.17469622194766998
04	1		orientation	1.1780999898910522	67.50015258789062	0.22213271260261536	-0.009627222083508968	0.15937002003192902
04	1		orientation	1.309000015258789	75.00017547607422	0.22413942217826843	-0.004010030534118414	0.15622539818286896
04	1		orientation	1.4399000406265259	82.50019073486328	0.2351384162902832	0.00313472468405962	0.1626785844564438
04	1		orientation	1.5707999467849731	90.00020599365234	0.25773128867149353	0.01327784638851881	0.18140384554862976
04	1		orientation	1.70169997215271	97.5002212524414	0.2558770477771759	0.059969253838062286	0.1871936321258545
04	1		orientation	1.8325999975204468	105.00023651123047	0.24606135487556458	0.04711424931883812	0.182756707072258
04	1		orientation	1.9635000228881836	112.50025939941406	0.23078249394893646	0.04967120662331581	0.1749403476715088
04	1		orientation	2.094399929046631	120.0002670288086	0.20012928545475006	0.035494592040777206	0.15368810296058655
04	1		orientation	2.225290060043335	127.49972534179688	0.19357357919216156	0.0033257980830967426	0.14333145320415497
04	1		orientation	2.3561899662017822	134.99974060058594	0.18470384180545807	-0.005357927177101374	0.13877426087856293
04	1		orientation	2.4870901107788086	142.499755859375	0.18111862242221832	-0.050363119691610336	0.14417718350887299
04	1		orientation	2.617990016937256	149.99977111816406	0.19996684789657593	-0.07433172315359116	0.16000093519687653
04	1		orientation	2.748889923095703	157.49978637695312	0.22098828852176666	-0.08385449647903442	0.16114504635334015
04	1		orientation	2.8797900676727295	164.9998016357422	0.27403101325035095	-0.11271131783723831	0.19503358006477356
04	1		orientation	3.0106899738311768	172.49981689453125	0.3199000954627991	-0.06386522948741913	0.2265223264694214
04	2		orientation	0.13089999556541443	7.500016689300537	0.23047994077205658	0.07217051833868027	0.1712835133075714
04	2		orientation	0.26179999113082886	15.000033378601074	0.1877547651529312	0.08247917890548706	0.145132914185524
04	2		orientation	0.3926999866962433	22.500051498413086	0.14800694584846497	0.06374527513980865	0.12267938256263733
04	2		orientation	0.5235999822616577	30.00006675720215	0.13303785026073456	0.032671425491571426	0.10368144512176514
04	2		orientation	0.6545000076293945	37.50008773803711	0.14753861725330353	-0.02111494354903698	0.11288769543170929
04	2		orientation	0.7853999733924866	45.00010299682617	0.17534056305885315	-0.045931294560432434	0.13733774423599243
04	2		orientation	0.9162999987602234	52.500118255615234	0.19360743463039398	-0.02784241922199726	0.14698588848114014
04	2		orientation	1.0471999645233154	60.0001335144043	0.21496377885341644	-0.021724587306380272	0.1561119258403778
04	2		orientation	1.1780999898910522	67.50015258789062	0.21980328857898712	-0.010054809972643852	0.15579724311828613
04	2		orientation	1.309000015258789	75.00017547607422	0.23917469382286072	-0.003209324786439538	0.16368351876735687
04	2		orientation	1.4399000406265259	82.50019073486328	0.23104417324066162	0.013450779020786285	0.15928120911121368
04	2		orientation	1.5707999467849731	90.00020599365234	0.2196303755044937	0.017369166016578674	0.1540663093328476
04	2		orientation	1.70169997215271	97.5002212524414	0.24740120768547058	0.025012191385030746	0.17796511948108673
04	2		orientation	1.8325999975204468	105.00023651123047	0.2362651377916336	0.051701292395591736	0.1769232302904129
04	2		orientation	1.9635000228881836	112.50025939941406	0.2199452668428421	0.06590612977743149	0.16912969946861267
04	2		orientation	2.094399929046631	120.0002670288086	0.20332461595535278	0.055525414645671844	0.16044113039970398
04	2		orientation	2.225290060043335	127.49972534179688	0.18000705540180206	0.012693674303591251	0.13326193392276764
04	2		orientation	2.3561899662017822	134.99974060058594	0.16795195639133453	-0.016159888356924057	0.1278829425573349
04	2		orientation	2.4870901107788086	142.499755859375	0.17480510473251343	-0.05130579322576523	0.13823147118091583
04	2		orientation	2.617990016937256	149.99977111816406	0.19247731566429138	-0.08569502085447311	0.16038638353347778
04	2		orientation	2.748889923095703	157.49978637695312	0.21384473145008087	-0.0856943130493164	0.16131530702114105
04	2		orientation	2.8797900676727295	164.9998016357422	0.24754098057746887	-0.09056343138217926	0.16949264705181122
04	2		orientation	3.0106899738311768	172.49981689453125	0.28133612871170044	-0.052112676203250885	0.1938750445842743
15	1		orientation	0.13089999556541443	7.500016689300537	0.24444986879825592	-0.017061574384570122	0.16913709044456482
15	1		orientation	0.26179999113082886	15.000033378601074	0.27789539098739624	-0.005209950264543295	0.19443893432617188
15	1		orientation	0.3926999866962433	22.500051498413086	0.3213905394077301	-0.001000698539428413	0.2332686185836792
15	1		orientation	0.5235999822616577	30.00006675720215	0.3180390000343323	0.040023356676101685	0.2326858788728714
15	1		orientation	0.6545000076293945	37.50008773803711	0.2955739498138428	0.03554852306842804	0.21793372929096222
15	1		orientation	0.7853999733924866	45.00010299682617	0.27093178033828735	0.05486202985048294	0.19066378474235535
15	1		orientation	0.9162999987602234	52.500118255615234	0.27193376421928406	0.02986302599310875	0.18241159617900848
15	1		orientation	1.0471999645233154	60.0001335144043	0.3208085596561432	-0.0038332855328917503	0.22447536885738373
15	1		orientation	1.1780999898910522	67.50015258789062	0.3656370937824249	-0.022698238492012024	0.2743832468986511
15	1		orientation	1.309000015258789	75.00017547607422	0.44325336813926697	0.03503260761499405	0.3411674201488495
15	1		orientation	1.4399000406265259	82.50019073486328	0.45364683866500854	0.11625965684652328	0.36430540680885315
15	1		orientation	1.5707999467849731	90.00020599365234	0.4133074879646301	0.15797200798988342	0.34380337595939636
15	1		orientation	1.70169997215271	97.5002212524414	0.32872274518013	0.1288936734199524	0.2636646628379822
15	1		orientation	1.8325999975204468	105.00023651123047	0.2772674858570099	0.08526719361543655	0.2089800089597702
15	1		orientation	1.9635000228881836	112.50025939941406	0.24389031529426575	0.03435416519641876	0.17764142155647278
15	1		orientation	2.094399929046631	120.0002670288086	0.23811697959899902	-0.031483910977840424	0.1768644154071808
15	1		orientation	2.225290060043335	127.49972534179688	0.2840017080307007	-0.09391210973262787	0.21369031071662903
15	1		orientation	2.3561899662017822	134.99974060058594	0.3171387016773224	-0.14885303378105164	0.253357470035553
15	1		orientation	2.4870901107788086	142.499755859375	0.39135682582855225	-0.17895744740962982	0.3294312059879303
15	1		orientation	2.617990016937256	149.99977111816406	0.4514911472797394	-0.15514181554317474	0.37210142612457275
15	1		orientation	2.748889923095703	157.49978637695312	0.47551941871643066	-0.031631357967853546	0.36075031757354736
15	1		orientation	2.8797900676727295	164.9998016357422	0.4239603579044342	0.025006581097841263	0.3164431154727936
15	1		orientation	3.0106899738311768	172.49981689453125	0.319875031709671	0.0200656671077013	0.2369682937860489
15	2		orientation	0.13089999556541443	7.500016689300537	0.2237067073583603	-0.0008112983778119087	0.15847079455852509
15	2		orientation	0.26179999113082886	15.000033378601074	0.2748434841632843	-0.010949322953820229	0.18662728369235992
15	2		orientation	0.3926999866962433	22.500051498413086	0.3198641240596771	-0.0029937957879155874	0.22851763665676117
15	2		orientation	0.5235999822616577	30.00006675720215	0.32562175393104553	0.049847058951854706	0.23900490999221802
15	2		orientation	0.6545000076293945	37.50008773803711	0.3069705665111542	0.08514662086963654	0.23650112748146057
15	2		orientation	0.7853999733924866	45.00010299682617	0.2755831778049469	0.06782346218824387	0.19910532236099243
15	2		orientation	0.9162999987602234	52.500118255615234	0.2717261016368866	0.02571759931743145	0.18220920860767365
15	2		orientation	1.0471999645233154	60.0001335144043	0.3168577551841736	0.02328740432858467	0.21918252110481262
15	2		orientation	1.1780999898910522	67.50015258789062	0.35727816820144653	0.0036948081105947495	0.2641112208366394
15	2		orientation	1.309000015258789	75.00017547607422	0.4650046229362488	0.048042427748441696	0.3569500744342804
15	2		orientation	1.4399000406265259	82.50019073486328	0.4617915153503418	0.11846204102039337	0.3692971169948578
15	2		orientation	1.5707999467849731	90.00020599365234	0.40129730105400085	0.1378495842218399	0.3297458589076996
15	2		orientation	1.70169997215271	97.5002212524414	0.3417392671108246	0.12885183095932007	0.27036499977111816
15	2		orientation	1.8325999975204468	105.00023651123047	0.29655641317367554	0.08048472553491592	0.22528961300849915
15	2		orientation	1.9635000228881836	112.50025939941406	0.23621603846549988	0.023837048560380936	0.17426460981369019
15	2		orientation	2.094399929046631	120.0002670288086	0.2597869038581848	-0.05432998761534691	0.19121623039245605
15	2		orientation	2.225290060043335	127.49972534179688	0.28665798902511597	-0.10421290248632431	0.21656301617622375
15	2		orientation	2.3561899662017822	134.99974060058594	0.34571829438209534	-0.16942983865737915	0.28434550762176514
15	2		orientation	2.4870901107788086	142.499755859375	0.3626942038536072	-0.1826547235250473	0.312560498714447
15	2		orientation	2.617990016937256	149.99977111816406	0.44502249360084534	-0.14366388320922852	0.36276158690452576
15	2		orientation	2.748889923095703	157.49978637695312	0.467822790145874	-0.05310041457414627	0.357418954372406
15	2		orientation	2.8797900676727295	164.9998016357422	0.4177904725074768	-0.007020612712949514	0.30924510955810547
15	2		orientation	3.0106899738311768	172.49981689453125	0.30455073714256287	0.012615802697837353	0.22328494489192963
25	1		orientation	0.13089999556541443	7.500016689300537	0.35174158215522766	0.08121165633201599	0.2858189642429352
25	1		orientation	0.26179999113082886	15.000033378601074	0.2706955671310425	0.11521284282207489	0.2309463769197464
25	1		orientation	0.3926999866962433	22.500051498413086	0.1988029032945633	0.07204396277666092	0.1648414433002472
25	1		orientation	0.5235999822616577	30.00006675720215	0.16762641072273254	0.004094607662409544	0.11905217170715332
25	1		orientation	0.6545000076293945	37.50008773803711	0.16287142038345337	-0.06774044036865234	0.12241832911968231
25	1		orientation	0.7853999733924866	45.00010299682617	0.20775751769542694	-0.14762406051158905	0.18851803243160248
25	1		orientation	0.9162999987602234	52.500118255615234	0.2873554229736328	-0.16628655791282654	0.2530498802661896
25	1		orientation	1.0471999645233154	60.0001335144043	0.30769702792167664	-0.0951174795627594	0.236497163772583
25	1		orientation	1.1780999898910522	67.50015258789062	0.26601603627204895	0.012174848467111588	0.19206693768501282
25	1		orientation	1.309000015258789	75.00017547607422	0.19789601862430573	0.06649806350469589	0.15918463468551636
25	1		orientation	1.4399000406265259	82.50019073486328	0.1500953882932663	0.03662142902612686	0.11007128655910492
25	1		orientation	1.5707999467849731	90.00020599365234	0.12944360077381134	-0.03258748725056648	0.09837103635072708
25	1		orientation	1.70169997215271	97.5002212524414	0.16004784405231476	-0.0718778520822525	0.13343504071235657
25	1		orientation	1.8325999975204468	105.00023651123047	0.22110505402088165	-0.05048757418990135	0.16555315256118774
25	1		orientation	1.9635000228881836	112.50025939941406	0.27497974038124084	0.0194331556558609	0.19355833530426025
25	1		orientation	2.094399929046631	120.0002670288086	0.238851398229599	0.10116630792617798	0.1881285011768341
25	1		orientation	2.225290060043335	127.49972534179688	0.2227967232465744	0.1289147585630417	0.18757489323616028
25	1		orientation	2.3561899662017822	134.99974060058594	0.1765432506799698	0.08446303009986877	0.1425158679485321
25	1		orientation	2.4870901107788086	142.499755859375	0.1836281418800354	0.03136492893099785	0.13373404741287231
25	1		orientation	2.617990016937256	149.99977111816406	0.21472889184951782	-0.002506778109818697	0.15170489251613617
25	1		orientation	2.748889923095703	157.49978637695312	0.24918988347053528	-0.03845326229929924	0.19027073681354523
25	1		orientation	2.8797900676727295	164.9998016357422	0.3079043924808502	-0.051553960889577866	0.23929359018802643
25	1		orientation	3.0106899738311768	172.49981689453125	0.3782593905925751	-0.02692119963467121	0.29251402616500854
25	2		orientation	0.13089999556541443	7.500016689300537	0.37218177318573	0.10683083534240723	0.30832982063293457
25	2		orientation	0.26179999113082886	15.000033378601074	0.27826988697052	0.12513341009616852	0.24568264186382294
25	2		orientation	0.3926999866962433	22.500051498413086	0.21345503628253937	0.0783434808254242	0.1788405179977417
25	2		orientation	0.5235999822616577	30.00006675720215	0.18104287981987	0.0014820013893768191	0.12364163249731064
25	2		orientation	0.6545000076293945	37.50008773803711	0.1773645430803299	-0.07199319452047348	0.1330753117799759
25	2		orientation	0.7853999733924866	45.00010299682617	0.22817197442054749	-0.152523010969162	0.2058325558900833
25	2		orientation	0.9162999987602234	52.500118255615234	0.28428494930267334	-0.16741344332695007	0.2586619257926941
25	2		orientation	1.0471999645233154	60.0001335144043	0.3529265224933624	-0.09282692521810532	0.27315738797187805
25	2		orientation	1.1780999898910522	67.50015258789062	0.2856505811214447	0.039088599383831024	0.21401578187942505
25	2		orientation	1.309000015258789	75.00017547607422	0.20353397727012634	0.061755284667015076	0.1621071696281433
25	2		orientation	1.4399000406265259	82.50019073486328	0.1501339226961136	0.036201249808073044	0.11312925070524216
25	2		orientation	1.5707999467849731	90.00020599365234	0.14699959754943848	-0.03125866502523422	0.10511166602373123
25	2		orientation	1.70169997215271	97.5002212524414	0.18555456399917603	-0.08875838667154312	0.15118201076984406
25	2		orientation	1.8325999975204468	105.00023651123047	0.2545071840286255	-0.0561969056725502	0.1924234926700592
25	2		orientation	1.9635000228881836	112.50025939941406	0.29812702536582947	0.01462092436850071	0.21420767903327942
25	2		orientation	2.094399929046631	120.0002670288086	0.26833316683769226	0.09788006544113159	0.21341678500175476
25	2		orientation	2.225290060043335	127.49972534179688	0.22629298269748688	0.12743563950061798	0.19431960582733154
25	2		orientation	2.3561899662017822	134.99974060058594	0.1993577480316162	0.09955387562513351	0.15967373549938202
25	2		orientation	2.4870901107788086	142.499755859375	0.2061077505350113	0.043154068291187286	0.1455671340227127
25	2		orientation	2.617990016937256	149.99977111816406	0.2271447330713272	-0.013319849967956543	0.16522835195064545
25	2		orientation	2.748889923095703	157.49978637695312	0.265105664730072	-0.03821786493062973	0.2018018364906311
25	2		orientation	2.8797900676727295	164.9998016357422	0.34159284830093384	-0.051760200411081314	0.26411548256874084
25	2		orientation	3.0106899738311768	172.49981689453125	0.40753117203712463	-0.07251759618520737	0.3215286135673523
28	1		orientation	0.13089999556541443	7.500016689300537	0.36517971754074097	-0.09820596128702164	0.27626287937164307
28	1		orientation	0.26179999113082886	15.000033378601074	0.3718252182006836	-0.046718060970306396	0.2637172341346741
28	1		orientation	0.3926999866962433	22.500051498413086	0.35879626870155334	0.05202297121286392	0.25677990913391113
28	1		orientation	0.5235999822616577	30.00006675720215	0.3246431350708008	0.11211388558149338	0.2506837248802185
28	1		orientation	0.6545000076293945	37.50008773803711	0.28508710861206055	0.10814657807350159	0.22057956457138062
28	1		orientation	0.7853999733924866	45.00010299682617	0.2677021026611328	0.0799696072936058	0.203517884016037
28	1		orientation	0.9162999987602234	52.500118255615234	0.2438340187072754	0.06939425319433212	0.18784655630588531
28	1		orientation	1.0471999645233154	60.0001335144043	0.2534688413143158	0.05525217950344086	0.19150131940841675
28	1		orientation	1.1780999898910522	67.50015258789062	0.2634398341178894	0.008546440862119198	0.1987604945898056
28	1		orientation	1.309000015258789	75.00017547607422	0.2487427294254303	-0.0064757089130580425	0.1860392689704895
28	1		orientation	1.4399000406265259	82.50019073486328	0.2559347152709961	-0.049614518880844116	0.1969577819108963
28	1		orientation	1.5707999467849731	90.00020599365234	0.2771795988082886	-0.09860899299383163	0.2186289131641388
28	1		orientation	1.70169997215271	97.5002212524414	0.3411739468574524	-0.08909683674573898	0.26292240619659424
28	1		orientation	1.8325999975204468	105.00023651123047	0.4018619954586029	-0.06346867978572845	0.3087337017059326
28	1		orientation	1.9635000228881836	112.50025939941406	0.46296238899230957	0.022646257653832436	0.35807353258132935
28	1		orientation	2.094399929046631	120.0002670288086	0.39685919880867004	0.13667725026607513	0.3242338001728058
28	1		orientation	2.225290060043335	127.49972534179688	0.3228146731853485	0.1091352254152298	0.2661903202533722
28	1		orientation	2.3561899662017822	134.99974060058594	0.2831592857837677	0.09190983325242996	0.2282031774520874
28	1		orientation	2.4870901107788086	142.499755859375	0.21091847121715546	0.03075064904987812	0.1618516445159912
28	1		orientation	2.617990016937256	149.99977111816406	0.22085055708885193	-0.026569420471787453	0.16007524728775024
28	1		orientation	2.748889923095703	157.49978637695312	0.21881411969661713	-0.09663980454206467	0.18119162321090698
28	1		orientation	2.8797900676727295	164.9998016357422	0.23701390624046326	-0.14175303280353546	0.21601760387420654
28	1		orientation	3.0106899738311768	172.49981689453125	0.2908475399017334	-0.18224287033081055	0.2737884819507599
28	2		orientation	0.13089999556541443	7.500016689300537	0.40981578826904297	-0.09661523997783661	0.31666988134384155
28	2		orientation	0.26179999113082886	15.000033378601074	0.4081076979637146	-0.03232106193900108	0.2978651225566864
28	2		orientation	0.3926999866962433	22.500051498413086	0.3689204454421997	0.04406038299202919	0.2762097716331482
28	2		orientation	0.5235999822616577	30.00006675720215	0.34331628680229187	0.1069117859005928	0.2648375332355499
28	2		orientation	0.6545000076293945	37.50008773803711	0.297852486371994	0.1272570788860321	0.24369291961193085
28	2		orientation	0.7853999733924866	45.00010299682617	0.25688400864601135	0.08585568517446518	0.203867569565773
28	2		orientation	0.9162999987602234	52.500118255615234	0.26705020666122437	0.05666209012269974	0.20670469105243683
28	2		orientation	1.0471999645233154	60.0001335144043	0.26263168454170227	0.04437248408794403	0.20018000900745392
28	2		orientation	1.1780999898910522	67.50015258789062	0.2760719954967499	0.018514316529035568	0.20973721146583557
28	2		orientation	1.309000015258789	75.00017547607422	0.28035810589790344	-0.019564028829336166	0.20969216525554657
28	2		orientation	1.4399000406265259	82.50019073486328	0.26765939593315125	-0.05324887856841087	0.20300790667533875
28	2		orientation	1.5707999467849731	90.00020599365234	0.26893916726112366	-0.07944530248641968	0.20873409509658813
28	2		orientation	1.70169997215271	97.5002212524414	0.3514528274536133	-0.10567817836999893	0.2782084345817566
28	2		orientation	1.8325999975204468	105.00023651123047	0.40692147612571716	-0.04993605986237526	0.31327733397483826
28	2		orientation	1.9635000228881836	112.50025939941406	0.4537859559059143	0.03895338624715805	0.3526052236557007
28	2		orientation	2.094399929046631	120.0002670288086	0.3951403498649597	0.14518114924430847	0.32783520221710205
28	2		orientation	2.225290060043335	127.49972534179688	0.33891868591308594	0.12189169973134995	0.2793899476528168
28	2		orientation	2.3561899662017822	134.99974060058594	0.2785997688770294	0.09706024825572968	0.22343584895133972
28	2		orientation	2.4870901107788086	142.499755859375	0.22975775599479675	0.038459695875644684	0.17331528663635254
28	2		orientation	2.617990016937256	149.99977111816406	0.241247296333313	-0.03637240454554558	0.17346417903900146
28	2		orientation	2.748889923095703	157.49978637695312	0.24907320737838745	-0.09318508952856064	0.20054855942726135
28	2		orientation	2.8797900676727295	164.9998016357422	0.25971806049346924	-0.1421027034521103	0.23302923142910004
28	2		orientation	3.0106899738311768	172.49981689453125	0.3107031583786011	-0.1694669872522354	0.28129324316978455
07	1		orientation	0.13089999556541443	7.500016689300537	0.25784987211227417	0.10242372751235962	0.19913499057292938
07	1		orientation	0.26179999113082886	15.000033378601074	0.21482230722904205	0.12954699993133545	0.18151575326919556
07	1		orientation	0.3926999866962433	22.500051498413086	0.17337191104888916	0.10510405153036118	0.1551957130432129
07	1		orientation	0.5235999822616577	30.00006675720215	0.15158036351203918	0.05128631740808487	0.1230638176202774
07	1		orientation	0.6545000076293945	37.50008773803711	0.1482107788324356	-0.007538874167948961	0.11335010826587677
07	1		orientation	0.7853999733924866	45.00010299682617	0.16586065292358398	-0.06427325308322906	0.1404537707567215
07	1		orientation	0.9162999987602234	52.500118255615234	0.19461801648139954	-0.08504314720630646	0.16635775566101074
07	1		orientation	1.0471999645233154	60.0001335144043	0.22746646404266357	-0.07203343510627747	0.17917221784591675
07	1		orientation	1.1780999898910522	67.50015258789062	0.2449204921722412	-0.03514260798692703	0.18096087872982025
07	1		orientation	1.309000015258789	75.00017547607422	0.2479318082332611	0.011208073236048222	0.1757289469242096
07	1		orientation	1.4399000406265259	82.50019073486328	0.25001972913742065	0.06204378977417946	0.1887948364019394
07	1		orientation	1.5707999467849731	90.00020599365234	0.2386050820350647	0.06981492787599564	0.18246477842330933
07	1		orientation	1.70169997215271	97.5002212524414	0.2239258736371994	0.07425188273191452	0.1753106415271759
07	1		orientation	1.8325999975204468	105.00023651123047	0.21631096303462982	0.04657251760363579	0.163748636841774
07	1		orientation	1.9635000228881836	112.50025939941406	0.2173585593700409	0.011700396426022053	0.16542786359786987
07	1		orientation	2.094399929046631	120.0002670288086	0.24062184989452362	-0.010766703635454178	0.1860540211200714
07	1		orientation	2.225290060043335	127.49972534179688	0.25129637122154236	-0.026842456310987473	0.2004358321428299
07	1		orientation	2.3561899662017822	134.99974060058594	0.22260327637195587	-0.004275425802916288	0.1757769137620926
07	1		orientation	2.4870901107788086	142.499755859375	0.21282599866390228	-0.01112159714102745	0.16247107088565826
07	1		orientation	2.617990016937256	149.99977111816406	0.1913297027349472	-0.04624044895172119	0.14458899199962616
07	1		orientation	2.748889923095703	157.49978637695312	0.18617834150791168	-0.10072898864746094	0.1521473228931427
07	1		orientation	2.8797900676727295	164.9998016357422	0.22306139767169952	-0.11875014007091522	0.1794617772102356
07	1		orientation	3.0106899738311768	172.49981689453125	0.29242128133773804	-0.09150174260139465	0.22368867695331573
07	2		orientation	0.13089999556541443	7.500016689300537	0.23781655728816986	0.08643793314695358	0.1791909784078598
07	2		orientation	0.26179999113082886	15.000033378601074	0.20207367837429047	0.12073330581188202	0.16753560304641724
07	2		orientation	0.3926999866962433	22.500051498413086	0.16713018715381622	0.09779149293899536	0.1465732753276825
07	2		orientation	0.5235999822616577	30.00006675720215	0.15426915884017944	0.05470305308699608	0.12630875408649445
07	2		orientation	0.6545000076293945	37.50008773803711	0.13801981508731842	-0.006688209716230631	0.1063181683421135
07	2		orientation	0.7853999733924866	45.00010299682617	0.15978021919727325	-0.05536191165447235	0.13244107365608215
07	2		orientation	0.9162999987602234	52.500118255615234	0.18748335540294647	-0.08560659736394882	0.16130098700523376
07	2		orientation	1.0471999645233154	60.0001335144043	0.20174691081047058	-0.07767674326896667	0.16336019337177277
07	2		orientation	1.1780999898910522	67.50015258789062	0.23094700276851654	-0.02530025877058506	0.16501390933990479
07	2		orientation	1.309000015258789	75.00017547607422	0.23143623769283295	0.008993778377771378	0.16732051968574524
07	2		orientation	1.4399000406265259	82.50019073486328	0.2392038255929947	0.0678231492638588	0.17851772904396057
07	2		orientation	1.5707999467849731	90.00020599365234	0.21588237583637238	0.08870351314544678	0.1702604740858078
07	2		orientation	1.70169997215271	97.5002212524414	0.20306290686130524	0.06128212809562683	0.1570461392402649
07	2		orientation	1.8325999975204468	105.00023651123047	0.21062006056308746	0.035765450447797775	0.1606309413909912
07	2		orientation	1.9635000228881836	112.50025939941406	0.2180461436510086	0.007130185142159462	0.1655091792345047
07	2		orientation	2.094399929046631	120.0002670288086	0.2284356653690338	-0.006320083513855934	0.17776009440422058
07	2		orientation	2.225290060043335	127.49972534179688	0.23208868503570557	-0.003985998686403036	0.1817345917224884
07	2		orientation	2.3561899662017822	134.99974060058594	0.2266872376203537	-0.0053210132755339146	0.18019679188728333
07	2		orientation	2.4870901107788086	142.499755859375	0.2031135857105255	-0.025495223701000214	0.15639078617095947
07	2		orientation	2.617990016937256	149.99977111816406	0.19308070838451385	-0.0544702485203743	0.14672507345676422
07	2		orientation	2.748889923095703	157.49978637695312	0.1810348778963089	-0.08695872128009796	0.1446782499551773
07	2		orientation	2.8797900676727295	164.9998016357422	0.1976201981306076	-0.12610992789268494	0.1693044751882553
07	2		orientation	3.0106899738311768	172.49981689453125	0.2430691123008728	-0.09418153017759323	0.1874426007270813
11	1		orientation	0.13089999556541443	7.500016689300537	0.2497839480638504	0.24509349465370178	0.26775065064430237
11	1		orientation	0.26179999113082886	15.000033378601074	0.1670740842819214	0.15994206070899963	0.1784123182296753
11	1		orientation	0.3926999866962433	22.500051498413086	0.14388030767440796	0.09413662552833557	0.1294689029455185
11	1		orientation	0.5235999822616577	30.00006675720215	0.13087622821331024	0.016061322763562202	0.09850361943244934
11	1		orientation	0.6545000076293945	37.50008773803711	0.14504855871200562	-0.04670961946249008	0.12240332365036011
11	1		orientation	0.7853999733924866	45.00010299682617	0.170267254114151	-0.08538301289081573	0.1517438292503357
11	1		orientation	0.9162999987602234	52.500118255615234	0.20186226069927216	-0.11901739239692688	0.17814254760742188
11	1		orientation	1.0471999645233154	60.0001335144043	0.2345944494009018	-0.11044424027204514	0.1869964897632599
11	1		orientation	1.1780999898910522	67.50015258789062	0.2595110237598419	-0.07570431381464005	0.18390533328056335
11	1		orientation	1.309000015258789	75.00017547607422	0.25323477387428284	0.002495178719982505	0.1762974113225937
11	1		orientation	1.4399000406265259	82.50019073486328	0.2112513929605484	0.03317172825336456	0.15065385401248932
11	1		orientation	1.5707999467849731	90.00020599365234	0.19287972152233124	0.039719611406326294	0.1319238394498825
11	1		orientation	1.70169997215271	97.5002212524414	0.21357986330986023	0.03661205992102623	0.1517157405614853
11	1		orientation	1.8325999975204468	105.00023651123047	0.25904181599617004	0.07244131714105606	0.1941438615322113
11	1		orientation	1.9635000228881836	112.50025939941406	0.23431260883808136	0.10069391131401062	0.19316765666007996
11	1		orientation	2.094399929046631	120.0002670288086	0.22011098265647888	0.11482316255569458	0.19816938042640686
11	1		orientation	2.225290060043335	127.49972534179688	0.1788915991783142	0.0936356633901596	0.1621774286031723
11	1		orientation	2.3561899662017822	134.99974060058594	0.1603267341852188	0.029578158631920815	0.12443520873785019
11	1		orientation	2.4870901107788086	142.499755859375	0.15386457741260529	-0.03360682725906372	0.11799321323633194
11	1		orientation	2.617990016937256	149.99977111816406	0.1636546552181244	-0.1268644779920578	0.1593625545501709
11	1		orientation	2.748889923095703	157.49978637695312	0.21243828535079956	-0.19081410765647888	0.2199847400188446
11	1		orientation	2.8797900676727295	164.9998016357422	0.31222495436668396	-0.21693746745586395	0.2741175591945648
11	1		orientation	3.0106899738311768	172.49981689453125	0.46145865321159363	-0.0349479541182518	0.33386358618736267
11	2		orientation	0.13089999556541443	7.500016689300537	0.24354508519172668	0.2406221628189087	0.2634531259536743
11	2		orientation	0.26179999113082886	15.000033378601074	0.169284388422966	0.1720416396856308	0.18639545142650604
11	2		orientation	0.3926999866962433	22.500051498413086	0.12657320499420166	0.08758621662855148	0.11661693453788757
11	2		orientation	0.5235999822616577	30.00006675720215	0.12328828871250153	0.013221965171396732	0.09598445147275925
11	2		orientation	0.6545000076293945	37.50008773803711	0.14109286665916443	-0.05515558272600174	0.12140106409788132
11	2		orientation	0.7853999733924866	45.00010299682617	0.16722539067268372	-0.09637150913476944	0.15320053696632385
11	2		orientation	0.9162999987602234	52.500118255615234	0.19788332283496857	-0.12631851434707642	0.18055081367492676
11	2		orientation	1.0471999645233154	60.0001335144043	0.23425708711147308	-0.10742007941007614	0.1810312569141388
11	2		orientation	1.1780999898910522	67.50015258789062	0.24221208691596985	-0.06551990658044815	0.16706612706184387
11	2		orientation	1.309000015258789	75.00017547607422	0.2356150895357132	-0.012047918513417244	0.16277404129505157
11	2		orientation	1.4399000406265259	82.50019073486328	0.20907267928123474	0.0323680080473423	0.13932494819164276
11	2		orientation	1.5707999467849731	90.00020599365234	0.18012917041778564	0.03197664022445679	0.1232268437743187
11	2		orientation	1.70169997215271	97.5002212524414	0.19207218289375305	0.032212648540735245	0.1379171460866928
11	2		orientation	1.8325999975204468	105.00023651123047	0.215424582362175	0.05643739923834801	0.16085131466388702
11	2		orientation	1.9635000228881836	112.50025939941406	0.21440967917442322	0.09845911711454391	0.18170081079006195
11	2		orientation	2.094399929046631	120.0002670288086	0.20242653787136078	0.11847519129514694	0.18591685593128204
11	2		orientation	2.225290060043335	127.49972534179688	0.17330653965473175	0.09268462657928467	0.15649494528770447
11	2		orientation	2.3561899662017822	134.99974060058594	0.14995315670967102	0.025543194264173508	0.1167868971824646
11	2		orientation	2.4870901107788086	142.499755859375	0.15308640897274017	-0.04455643519759178	0.12059599161148071
11	2		orientation	2.617990016937256	149.99977111816406	0.16040313243865967	-0.11636997759342194	0.15419824421405792
11	2		orientation	2.748889923095703	157.49978637695312	0.1946745067834854	-0.1692119687795639	0.20018137991428375
11	2		orientation	2.8797900676727295	164.9998016357422	0.27702146768569946	-0.15800172090530396	0.2230127900838852
11	2		orientation	3.0106899738311768	172.49981689453125	0.4039967656135559	-0.021778320893645287	0.28074952960014343
18	1		orientation	0.13089999556541443	7.500016689300537	0.3206098675727844	0.07973674684762955	0.24118749797344208
18	1		orientation	0.26179999113082886	15.000033378601074	0.3082781732082367	0.11034747213125229	0.2314731478691101
18	1		orientation	0.3926999866962433	22.500051498413086	0.2799869179725647	0.09717337787151337	0.21169830858707428
18	1		orientation	0.5235999822616577	30.00006675720215	0.25470131635665894	0.11204581707715988	0.20376911759376526
18	1		orientation	0.6545000076293945	37.50008773803711	0.2319716066122055	0.07736320793628693	0.17990894615650177
18	1		orientation	0.7853999733924866	45.00010299682617	0.24792510271072388	0.02856851927936077	0.17552176117897034
18	1		orientation	0.9162999987602234	52.500118255615234	0.2591775059700012	-0.006734972819685936	0.18864601850509644
18	1		orientation	1.0471999645233154	60.0001335144043	0.29105520248413086	-0.019642749801278114	0.21817108988761902
18	1		orientation	1.1780999898910522	67.50015258789062	0.3135753273963928	-0.03143330663442612	0.24697710573673248
18	1		orientation	1.309000015258789	75.00017547607422	0.3375421464443207	-0.012019063346087933	0.2583361268043518
18	1		orientation	1.4399000406265259	82.50019073486328	0.319919228553772	-0.017692532390356064	0.2330404669046402
18	1		orientation	1.5707999467849731	90.00020599365234	0.33736705780029297	-0.004365657921880484	0.24229100346565247
18	1		orientation	1.70169997215271	97.5002212524414	0.34479203820228577	-0.015391191467642784	0.25336307287216187
18	1		orientation	1.8325999975204468	105.00023651123047	0.37261563539505005	-0.02833838202059269	0.2812628448009491
18	1		orientation	1.9635000228881836	112.50025939941406	0.3725394308567047	0.009930986911058426	0.2874622941017151
18	1		orientation	2.094399929046631	120.0002670288086	0.31955981254577637	0.023906534537672997	0.24536047875881195
18	1		orientation	2.225290060043335	127.49972534179688	0.2502986788749695	0.026734545826911926	0.18444086611270905
18	1		orientation	2.3561899662017822	134.99974060058594	0.21263574063777924	-0.0013927760301157832	0.14861737191677094
18	1		orientation	2.4870901107788086	142.499755859375	0.21434955298900604	-0.05385762080550194	0.15923014283180237
18	1		orientation	2.617990016937256	149.99977111816406	0.23454318940639496	-0.10487352311611176	0.19158898293972015
18	1		orientation	2.748889923095703	157.49978637695312	0.2631518244743347	-0.11570832133293152	0.20722544193267822
18	1		orientation	2.8797900676727295	164.9998016357422	0.2997729480266571	-0.12484665215015411	0.23397955298423767
18	1		orientation	3.0106899738311768	172.49981689453125	0.36103424429893494	-0.09214236587285995	0.26988568902015686
18	2		orientation	0.13089999556541443	7.500016689300537	0.34678417444229126	0.08622394502162933	0.25245052576065063
18	2		orientation	0.26179999113082886	15.000033378601074	0.3300747573375702	0.11256372183561325	0.24718429148197174
18	2		orientation	0.3926999866962433	22.500051498413086	0.29289209842681885	0.1257670372724533	0.2284381091594696
18	2		orientation	0.5235999822616577	30.00006675720215	0.23374931514263153	0.11422869563102722	0.19746075570583344
18	2		orientation	0.6545000076293945	37.50008773803711	0.22878409922122955	0.073243148624897	0.1756538301706314
18	2		orientation	0.7853999733924866	45.00010299682617	0.24360397458076477	0.045192427933216095	0.1750674694776535
18	2		orientation	0.9162999987602234	52.500118255615234	0.23737990856170654	-0.020523948594927788	0.17460106313228607
18	2		orientation	1.0471999645233154	60.0001335144043	0.27855363488197327	-0.037616364657878876	0.21580465137958527
18	2		orientation	1.1780999898910522	67.50015258789062	0.3007444441318512	-0.05527574196457863	0.23574604094028473
18	2		orientation	1.309000015258789	75.00017547607422	0.31223928928375244	-0.019249549135565758	0.23951733112335205
18	2		orientation	1.4399000406265259	82.50019073486328	0.33076801896095276	-0.011522607877850533	0.2416447252035141
18	2		orientation	1.5707999467849731	90.00020599365234	0.33359259366989136	-0.02332439087331295	0.23700693249702454
18	2		orientation	1.70169997215271	97.5002212524414	0.33827370405197144	-0.011460981331765652	0.24589282274246216
18	2		orientation	1.8325999975204468	105.00023651123047	0.3698045611381531	-0.01305720116943121	0.28110095858573914
18	2		orientation	1.9635000228881836	112.50025939941406	0.3519839644432068	0.03307212144136429	0.2736131250858307
18	2		orientation	2.094399929046631	120.0002670288086	0.3037363886833191	0.06891004741191864	0.24143244326114655
18	2		orientation	2.225290060043335	127.49972534179688	0.24535496532917023	0.04292786866426468	0.18648867309093475
18	2		orientation	2.3561899662017822	134.99974060058594	0.21439841389656067	-0.010420438833534718	0.14706559479236603
18	2		orientation	2.4870901107788086	142.499755859375	0.1893523782491684	-0.06243203952908516	0.1440633237361908
18	2		orientation	2.617990016937256	149.99977111816406	0.21549993753433228	-0.10477899014949799	0.18075184524059296
18	2		orientation	2.748889923095703	157.49978637695312	0.2567283511161804	-0.13070645928382874	0.21233612298965454
18	2		orientation	2.8797900676727295	164.9998016357422	0.3169373869895935	-0.1517106145620346	0.24499939382076263
18	2		orientation	3.0106899738311768	172.49981689453125	0.3614323139190674	-0.09348432719707489	0.2681308686733246
pil02	1		orientation	0.13089999556541443	7.500016689300537	0.1744203269481659	0.09165143221616745	0.13222584128379822
pil02	1		orientation	0.26179999113082886	15.000033378601074	0.1594843566417694	0.0685172826051712	0.1157873123884201
pil02	1		orientation	0.3926999866962433	22.500051498413086	0.14611248672008514	0.031575243920087814	0.107562355697155
pil02	1		orientation	0.5235999822616577	30.00006675720215	0.1612590253353119	0.01809132657945156	0.12400851398706436
pil02	1		orientation	0.6545000076293945	37.50008773803711	0.16446422040462494	0.026383208110928535	0.12999458611011505
pil02	1		orientation	0.7853999733924866	45.00010299682617	0.16002775728702545	0.0011414606124162674	0.12449038773775101
pil02	1		orientation	0.9162999987602234	52.500118255615234	0.1553904116153717	-0.010507436469197273	0.11794618517160416
pil02	1		orientation	1.0471999645233154	60.0001335144043	0.1806119829416275	-0.020908677950501442	0.13575170934200287
pil02	1		orientation	1.1780999898910522	67.50015258789062	0.1928563416004181	-0.024649616330862045	0.14444079995155334
pil02	1		orientation	1.309000015258789	75.00017547607422	0.23124970495700836	-0.02276694029569626	0.16725203394889832
pil02	1		orientation	1.4399000406265259	82.50019073486328	0.26088130474090576	0.03404585272073746	0.1825288087129593
pil02	1		orientation	1.5707999467849731	90.00020599365234	0.26543885469436646	0.05972950905561447	0.18698403239250183
pil02	1		orientation	1.70169997215271	97.5002212524414	0.2796359360218048	0.10864680260419846	0.2036738097667694
pil02	1		orientation	1.8325999975204468	105.00023651123047	0.23171818256378174	0.07181917130947113	0.17782042920589447
pil02	1		orientation	1.9635000228881836	112.50025939941406	0.23610495030879974	0.10064312815666199	0.19392304122447968
pil02	1		orientation	2.094399929046631	120.0002670288086	0.19951899349689484	0.07699446380138397	0.17020729184150696
pil02	1		orientation	2.225290060043335	127.49972534179688	0.16477468609809875	0.0380021296441555	0.13233467936515808
pil02	1		orientation	2.3561899662017822	134.99974060058594	0.14422911405563354	-0.00965983048081398	0.1087893396615982
pil02	1		orientation	2.4870901107788086	142.499755859375	0.15823011100292206	-0.09726990759372711	0.13949808478355408
pil02	1		orientation	2.617990016937256	149.99977111816406	0.1879235953092575	-0.140159472823143	0.18277215957641602
pil02	1		orientation	2.748889923095703	157.49978637695312	0.2492089867591858	-0.17604883015155792	0.21948160231113434
pil02	1		orientation	2.8797900676727295	164.9998016357422	0.283865362405777	-0.15439224243164062	0.2062603086233139
pil02	1		orientation	3.0106899738311768	172.49981689453125	0.28825250267982483	-0.061122193932533264	0.1859954297542572
pil02	2		orientation	0.13089999556541443	7.500016689300537	0.1629200279712677	0.0896928608417511	0.12894979119300842
pil02	2		orientation	0.26179999113082886	15.000033378601074	0.13978450000286102	0.06294453144073486	0.10602203011512756
pil02	2		orientation	0.3926999866962433	22.500051498413086	0.14882557094097137	0.03215253725647926	0.10946493595838547
pil02	2		orientation	0.5235999822616577	30.00006675720215	0.14455392956733704	0.017697639763355255	0.11227712780237198
pil02	2		orientation	0.6545000076293945	37.50008773803711	0.16190214455127716	0.011102283373475075	0.12542814016342163
pil02	2		orientation	0.7853999733924866	45.00010299682617	0.15630391240119934	0.007723337970674038	0.12228158116340637
pil02	2		orientation	0.9162999987602234	52.500118255615234	0.16002844274044037	-0.007732822094112635	0.12281733006238937
pil02	2		orientation	1.0471999645233154	60.0001335144043	0.17240972816944122	-0.02870071865618229	0.1302260458469391
pil02	2		orientation	1.1780999898910522	67.50015258789062	0.19646133482456207	-0.03305630013346672	0.14370623230934143
pil02	2		orientation	1.309000015258789	75.00017547607422	0.2276279181241989	-0.017598740756511688	0.16627532243728638
pil02	2		orientation	1.4399000406265259	82.50019073486328	0.2509339451789856	0.020383916795253754	0.17159786820411682
pil02	2		orientation	1.5707999467849731	90.00020599365234	0.2691650092601776	0.07386374473571777	0.18859343230724335
pil02	2		orientation	1.70169997215271	97.5002212524414	0.2633506655693054	0.09292791783809662	0.1907009780406952
pil02	2		orientation	1.8325999975204468	105.00023651123047	0.26004329323768616	0.1008453294634819	0.20102444291114807
pil02	2		orientation	1.9635000228881836	112.50025939941406	0.22121213376522064	0.08743208646774292	0.18264974653720856
pil02	2		orientation	2.094399929046631	120.0002670288086	0.1988552063703537	0.06688471883535385	0.16657012701034546
pil02	2		orientation	2.225290060043335	127.49972534179688	0.16751202940940857	0.030428385362029076	0.1333487182855606
pil02	2		orientation	2.3561899662017822	134.99974060058594	0.1568453460931778	-0.02581183984875679	0.11344002187252045
pil02	2		orientation	2.4870901107788086	142.499755859375	0.15194299817085266	-0.09298200905323029	0.13786938786506653
pil02	2		orientation	2.617990016937256	149.99977111816406	0.17916910350322723	-0.15403665602207184	0.1856440156698227
pil02	2		orientation	2.748889923095703	157.49978637695312	0.2329389750957489	-0.1659526377916336	0.20609939098358154
pil02	2		orientation	2.8797900676727295	164.9998016357422	0.29438018798828125	-0.1636224091053009	0.218107670545578
pil02	2		orientation	3.0106899738311768	172.49981689453125	0.3120129704475403	-0.06093114614486694	0.20390745997428894
19	1		orientation	0.13089999556541443	7.500016689300537	0.22055977582931519	0.10210798680782318	0.16887086629867554
19	1		orientation	0.26179999113082886	15.000033378601074	0.1609586775302887	0.09130948036909103	0.13041459023952484
19	1		orientation	0.3926999866962433	22.500051498413086	0.14506912231445312	0.05974293872714043	0.11525463312864304
19	1		orientation	0.5235999822616577	30.00006675720215	0.14476564526557922	0.009293408133089542	0.10769340395927429
19	1		orientation	0.6545000076293945	37.50008773803711	0.1653304100036621	-0.0271069947630167	0.13135047256946564
19	1		orientation	0.7853999733924866	45.00010299682617	0.1878926157951355	-0.017446158453822136	0.1469305008649826
19	1		orientation	0.9162999987602234	52.500118255615234	0.2078307718038559	0.019935451447963715	0.1630149483680725
19	1		orientation	1.0471999645233154	60.0001335144043	0.20445382595062256	0.031902700662612915	0.1561564952135086
19	1		orientation	1.1780999898910522	67.50015258789062	0.2060886174440384	0.03796064853668213	0.15738601982593536
19	1		orientation	1.309000015258789	75.00017547607422	0.19605106115341187	0.018159134313464165	0.15273255109786987
19	1		orientation	1.4399000406265259	82.50019073486328	0.20636576414108276	0.009703829884529114	0.15602239966392517
19	1		orientation	1.5707999467849731	90.00020599365234	0.21975430846214294	-0.036950502544641495	0.1659393161535263
19	1		orientation	1.70169997215271	97.5002212524414	0.2259080559015274	-0.053529199212789536	0.1689373403787613
19	1		orientation	1.8325999975204468	105.00023651123047	0.21047243475914001	-0.058278415352106094	0.1668492704629898
19	1		orientation	1.9635000228881836	112.50025939941406	0.23226812481880188	-0.01896413043141365	0.17277853190898895
19	1		orientation	2.094399929046631	120.0002670288086	0.20200510323047638	0.02140895277261734	0.15131162106990814
19	1		orientation	2.225290060043335	127.49972534179688	0.17902512848377228	0.039573539048433304	0.1410316526889801
19	1		orientation	2.3561899662017822	134.99974060058594	0.14775431156158447	0.040234483778476715	0.11960121989250183
19	1		orientation	2.4870901107788086	142.499755859375	0.1317516565322876	-0.0023646566551178694	0.10117641091346741
19	1		orientation	2.617990016937256	149.99977111816406	0.13517852127552032	-0.03904463350772858	0.10818648338317871
19	1		orientation	2.748889923095703	157.49978637695312	0.14543595910072327	-0.06158670410513878	0.1184161826968193
19	1		orientation	2.8797900676727295	164.9998016357422	0.18106229603290558	-0.09886863082647324	0.14068515598773956
19	1		orientation	3.0106899738311768	172.49981689453125	0.226338729262352	-0.07594481855630875	0.15285485982894897
19	2		orientation	0.13089999556541443	7.500016689300537	0.207982137799263	0.09670461714267731	0.1607285439968109
19	2		orientation	0.26179999113082886	15.000033378601074	0.1650804579257965	0.08966782689094543	0.13639162480831146
19	2		orientation	0.3926999866962433	22.500051498413086	0.13937179744243622	0.0550360344350338	0.1114950105547905
19	2		orientation	0.5235999822616577	30.00006675720215	0.12960468232631683	-0.0021748575381934643	0.09935955703258514
19	2		orientation	0.6545000076293945	37.50008773803711	0.16276246309280396	-0.02610490471124649	0.12782979011535645
19	2		orientation	0.7853999733924866	45.00010299682617	0.20162293314933777	-0.015285685658454895	0.15688982605934143
19	2		orientation	0.9162999987602234	52.500118255615234	0.20744143426418304	0.005926959682255983	0.15952007472515106
19	2		orientation	1.0471999645233154	60.0001335144043	0.20928891003131866	0.05436406657099724	0.16718652844429016
19	2		orientation	1.1780999898910522	67.50015258789062	0.20344407856464386	0.043821051716804504	0.15908050537109375
19	2		orientation	1.309000015258789	75.00017547607422	0.1871914565563202	0.014233768917620182	0.14140072464942932
19	2		orientation	1.4399000406265259	82.50019073486328	0.20010443031787872	-0.01577572152018547	0.15044471621513367
19	2		orientation	1.5707999467849731	90.00020599365234	0.2111055999994278	-0.04090148210525513	0.16034986078739166
19	2		orientation	1.70169997215271	97.5002212524414	0.22005295753479004	-0.05372275784611702	0.1641882359981537
19	2		orientation	1.8325999975204468	105.00023651123047	0.2288600206375122	-0.04957672208547592	0.17283499240875244
19	2		orientation	1.9635000228881836	112.50025939941406	0.21579931676387787	-0.019517436623573303	0.15727800130844116
19	2		orientation	2.094399929046631	120.0002670288086	0.19625715911388397	0.03654949367046356	0.14564867317676544
19	2		orientation	2.225290060043335	127.49972534179688	0.17005884647369385	0.05622408166527748	0.13851355016231537
19	2		orientation	2.3561899662017822	134.99974060058594	0.13898885250091553	0.04756516218185425	0.11626959592103958
19	2		orientation	2.4870901107788086	142.499755859375	0.12857545912265778	0.004541852045804262	0.10137228667736053
19	2		orientation	2.617990016937256	149.99977111816406	0.12906834483146667	-0.03983302041888237	0.10390209406614304
19	2		orientation	2.748889923095703	157.49978637695312	0.14570027589797974	-0.07202064245939255	0.12174155563116074
19	2		orientation	2.8797900676727295	164.9998016357422	0.171140655875206	-0.09051654487848282	0.1306213140487671
19	2		orientation	3.0106899738311768	172.49981689453125	0.22024841606616974	-0.0791027694940567	0.15040142834186554
10	1		orientation	0.13089999556541443	7.500016689300537	0.23153218626976013	0.18713481724262238	0.22476689517498016
10	1		orientation	0.26179999113082886	15.000033378601074	0.17849907279014587	0.1517333984375	0.1738695204257965
10	1		orientation	0.3926999866962433	22.500051498413086	0.15375295281410217	0.09461303055286407	0.13118807971477509
10	1		orientation	0.5235999822616577	30.00006675720215	0.15891876816749573	0.030615918338298798	0.11766238510608673
10	1		orientation	0.6545000076293945	37.50008773803711	0.17607106268405914	-0.033805061131715775	0.13948200643062592
10	1		orientation	0.7853999733924866	45.00010299682617	0.2081669718027115	-0.03395456820726395	0.17054997384548187
10	1		orientation	0.9162999987602234	52.500118255615234	0.23111923038959503	-0.04370269179344177	0.18438616394996643
10	1		orientation	1.0471999645233154	60.0001335144043	0.24351787567138672	-0.034191031008958817	0.18912756443023682
10	1		orientation	1.1780999898910522	67.50015258789062	0.2358122169971466	-0.006217302288860083	0.17631027102470398
10	1		orientation	1.309000015258789	75.00017547607422	0.22880853712558746	-0.01344452053308487	0.16993369162082672
10	1		orientation	1.4399000406265259	82.50019073486328	0.21869748830795288	-0.012800423428416252	0.16344253718852997
10	1		orientation	1.5707999467849731	90.00020599365234	0.20739156007766724	-0.04184259846806526	0.15594199299812317
10	1		orientation	1.70169997215271	97.5002212524414	0.2156940996646881	-0.03910759463906288	0.15949924290180206
10	1		orientation	1.8325999975204468	105.00023651123047	0.2216614931821823	-0.02214871533215046	0.16338805854320526
10	1		orientation	1.9635000228881836	112.50025939941406	0.18957361578941345	-0.026903437450528145	0.1437963992357254
10	1		orientation	2.094399929046631	120.0002670288086	0.17863179743289948	0.01376775186508894	0.13434948027133942
10	1		orientation	2.225290060043335	127.49972534179688	0.16292524337768555	0.03233177959918976	0.12540066242218018
10	1		orientation	2.3561899662017822	134.99974060058594	0.14773808419704437	0.02466454729437828	0.11722568422555923
10	1		orientation	2.4870901107788086	142.499755859375	0.13047374784946442	-0.0006087493966333568	0.10247693210840225
10	1		orientation	2.617990016937256	149.99977111816406	0.13532468676567078	-0.0379447266459465	0.106649249792099
10	1		orientation	2.748889923095703	157.49978637695312	0.1413966715335846	-0.07069718837738037	0.11748296767473221
10	1		orientation	2.8797900676727295	164.9998016357422	0.16623549163341522	-0.07739786058664322	0.1263284832239151
10	1		orientation	3.0106899738311768	172.49981689453125	0.2650826871395111	-0.03258553147315979	0.16574081778526306
10	2		orientation	0.13089999556541443	7.500016689300537	0.24763162434101105	0.1796036660671234	0.22818885743618011
10	2		orientation	0.26179999113082886	15.000033378601074	0.19492299854755402	0.16315558552742004	0.18946677446365356
10	2		orientation	0.3926999866962433	22.500051498413086	0.15136757493019104	0.1006496250629425	0.13732504844665527
10	2		orientation	0.5235999822616577	30.00006675720215	0.1532333344221115	0.023144131526350975	0.11198410391807556
10	2		orientation	0.6545000076293945	37.50008773803711	0.17668890953063965	-0.018008481711149216	0.13927078247070312
10	2		orientation	0.7853999733924866	45.00010299682617	0.22340697050094604	-0.03974790871143341	0.18029463291168213
10	2		orientation	0.9162999987602234	52.500118255615234	0.24148008227348328	-0.02774733491241932	0.192903533577919
10	2		orientation	1.0471999645233154	60.0001335144043	0.25634342432022095	-0.013227608986198902	0.19784432649612427
10	2		orientation	1.1780999898910522	67.50015258789062	0.23966768383979797	-0.0100238723680377	0.18125514686107635
10	2		orientation	1.309000015258789	75.00017547607422	0.24283112585544586	-0.011009598150849342	0.18141598999500275
10	2		orientation	1.4399000406265259	82.50019073486328	0.2141232043504715	-0.01309800986200571	0.1603430211544037
10	2		orientation	1.5707999467849731	90.00020599365234	0.21059702336788177	-0.026231592521071434	0.1554587334394455
10	2		orientation	1.70169997215271	97.5002212524414	0.21777738630771637	-0.04669670760631561	0.1651323288679123
10	2		orientation	1.8325999975204468	105.00023651123047	0.2022884339094162	-0.036319535225629807	0.15507647395133972
10	2		orientation	1.9635000228881836	112.50025939941406	0.1999989002943039	-0.009613145142793655	0.1495639532804489
10	2		orientation	2.094399929046631	120.0002670288086	0.1864815354347229	0.011080833151936531	0.14133107662200928
10	2		orientation	2.225290060043335	127.49972534179688	0.17637096345424652	0.01956551894545555	0.13556626439094543
10	2		orientation	2.3561899662017822	134.99974060058594	0.1604013741016388	0.019378913566470146	0.12479700148105621
10	2		orientation	2.4870901107788086	142.499755859375	0.13247521221637726	0.006495955400168896	0.1025627925992012
10	2		orientation	2.617990016937256	149.99977111816406	0.12864945828914642	-0.033752188086509705	0.10250158607959747
10	2		orientation	2.748889923095703	157.49978637695312	0.14582763612270355	-0.06255050748586655	0.1169743463397026
10	2		orientation	2.8797900676727295	164.9998016357422	0.1684563010931015	-0.07588586211204529	0.12311471253633499
10	2		orientation	3.0106899738311768	172.49981689453125	0.24840356409549713	-0.041531022638082504	0.1607099324464798
pil01	1		orientation	0.13089999556541443	7.500016689300537	0.2296307384967804	-0.017315911129117012	0.17586538195610046
pil01	1		orientation	0.26179999113082886	15.000033378601074	0.22262531518936157	-0.010097585618495941	0.16163043677806854
pil01	1		orientation	0.3926999866962433	22.500051498413086	0.1970537155866623	-0.01476880069822073	0.141191765666008
pil01	1		orientation	0.5235999822616577	30.00006675720215	0.1825075000524521	-0.007418892811983824	0.13830804824829102
pil01	1		orientation	0.6545000076293945	37.50008773803711	0.16864533722400665	-0.004523177165538073	0.12749335169792175
pil01	1		orientation	0.7853999733924866	45.00010299682617	0.16552972793579102	-0.016998261213302612	0.12493691593408585
pil01	1		orientation	0.9162999987602234	52.500118255615234	0.1703823059797287	-0.03611855208873749	0.12704429030418396
pil01	1		orientation	1.0471999645233154	60.0001335144043	0.18301193416118622	-0.028257260099053383	0.1338369995355606
pil01	1		orientation	1.1780999898910522	67.50015258789062	0.20236045122146606	-0.0056125386618077755	0.14314594864845276
pil01	1		orientation	1.309000015258789	75.00017547607422	0.21704046428203583	0.04346427321434021	0.14918793737888336
pil01	1		orientation	1.4399000406265259	82.50019073486328	0.22508594393730164	0.07787183672189713	0.16254696249961853
pil01	1		orientation	1.5707999467849731	90.00020599365234	0.2048947960138321	0.07737814635038376	0.15526685118675232
pil01	1		orientation	1.70169997215271	97.5002212524414	0.2101982831954956	0.07891473174095154	0.15846680104732513
pil01	1		orientation	1.8325999975204468	105.00023651123047	0.22643235325813293	0.06664735823869705	0.1751321703195572
pil01	1		orientation	1.9635000228881836	112.50025939941406	0.24193692207336426	0.062103431671857834	0.19042043387889862
pil01	1		orientation	2.094399929046631	120.0002670288086	0.24187500774860382	0.06815703213214874	0.19444119930267334
pil01	1		orientation	2.225290060043335	127.49972534179688	0.23016953468322754	0.03757387027144432	0.17931796610355377
pil01	1		orientation	2.3561899662017822	134.99974060058594	0.2493578940629959	0.0010740204015746713	0.18757736682891846
pil01	1		orientation	2.4870901107788086	142.499755859375	0.26373091340065	-0.026408690959215164	0.19907131791114807
pil01	1		orientation	2.617990016937256	149.99977111816406	0.27006688714027405	-0.09053459018468857	0.21829639375209808
pil01	1		orientation	2.748889923095703	157.49978637695312	0.28677988052368164	-0.07760104537010193	0.22572600841522217
pil01	1		orientation	2.8797900676727295	164.9998016357422	0.2714972198009491	-0.0777454674243927	0.20751246809959412
pil01	1		orientation	3.0106899738311768	172.49981689453125	0.23699702322483063	-0.058279961347579956	0.18776138126850128
pil01	2		orientation	0.13089999556541443	7.500016689300537	0.2653292715549469	-0.030593711882829666	0.20102664828300476
pil01	2		orientation	0.26179999113082886	15.000033378601074	0.23679384589195251	-0.023681027814745903	0.17162485420703888
pil01	2		orientation	0.3926999866962433	22.500051498413086	0.23331771790981293	-0.019266648218035698	0.16914226114749908
pil01	2		orientation	0.5235999822616577	30.00006675720215	0.20267026126384735	-0.001303989440202713	0.1496039479970932
pil01	2		orientation	0.6545000076293945	37.50008773803711	0.17954982817173004	-0.010200933553278446	0.13412164151668549
pil01	2		orientation	0.7853999733924866	45.00010299682617	0.1813022345304489	-0.023034412413835526	0.13265034556388855
pil01	2		orientation	0.9162999987602234	52.500118255615234	0.17500163614749908	-0.03496477007865906	0.13037356734275818
pil01	2		orientation	1.0471999645233154	60.0001335144043	0.17901332676410675	-0.03926733508706093	0.13199380040168762
pil01	2		orientation	1.1780999898910522	67.50015258789062	0.2202168107032776	-0.009471694938838482	0.15475280582904816
pil01	2		orientation	1.309000015258789	75.00017547607422	0.22766117751598358	0.024212315678596497	0.15970361232757568
pil01	2		orientation	1.4399000406265259	82.50019073486328	0.22986824810504913	0.061203062534332275	0.16612595319747925
pil01	2		orientation	1.5707999467849731	90.00020599365234	0.21010836958885193	0.06440113484859467	0.15770646929740906
pil01	2		orientation	1.70169997215271	97.5002212524414	0.22207999229431152	0.06395410746335983	0.1673242449760437
pil01	2		orientation	1.8325999975204468	105.00023651123047	0.21830236911773682	0.06632013618946075	0.17074689269065857
pil01	2		orientation	1.9635000228881836	112.50025939941406	0.24558444321155548	0.07513584941625595	0.19638536870479584
pil01	2		orientation	2.094399929046631	120.0002670288086	0.25228992104530334	0.071334607899189	0.1972222477197647
pil01	2		orientation	2.225290060043335	127.49972534179688	0.25272586941719055	0.040032386779785156	0.19574466347694397
pil01	2		orientation	2.3561899662017822	134.99974060058594	0.2663021683692932	-0.008150730282068253	0.1978352665901184
pil01	2		orientation	2.4870901107788086	142.499755859375	0.274896502494812	-0.02001042291522026	0.2064366191625595
pil01	2		orientation	2.617990016937256	149.99977111816406	0.2834257185459137	-0.06314060837030411	0.22132699191570282
pil01	2		orientation	2.748889923095703	157.49978637695312	0.2946917712688446	-0.07623957842588425	0.23076266050338745
pil01	2		orientation	2.8797900676727295	164.9998016357422	0.2976377010345459	-0.06995955109596252	0.2284373790025711
pil01	2		orientation	3.0106899738311768	172.49981689453125	0.2786271870136261	-0.04871613159775734	0.21372714638710022
06	1		orientation	0.13089999556541443	7.500016689300537	0.06170876324176788	0.025418084114789963	0.04384935274720192
06	1		orientation	0.26179999113082886	15.000033378601074	0.07680876553058624	0.019901635125279427	0.06262370198965073
06	1		orientation	0.3926999866962433	22.500051498413086	0.08799318224191666	0.024162018671631813	0.07061859965324402
06	1		orientation	0.5235999822616577	30.00006675720215	0.09297412633895874	0.012521171942353249	0.07238073647022247
06	1		orientation	0.6545000076293945	37.50008773803711	0.10485745966434479	0.007127778604626656	0.08290621638298035
06	1		orientation	0.7853999733924866	45.00010299682617	0.10230157524347305	-0.001174797536805272	0.08115310966968536
06	1		orientation	0.9162999987602234	52.500118255615234	0.1044076606631279	0.0059438468888401985	0.0826943963766098
06	1		orientation	1.0471999645233154	60.0001335144043	0.10307963192462921	0.0044890413992106915	0.08089783042669296
06	1		orientation	1.1780999898910522	67.50015258789062	0.11337146162986755	0.010726400651037693	0.08953221142292023
06	1		orientation	1.309000015258789	75.00017547607422	0.11842525005340576	0.01386039238423109	0.0927744060754776
06	1		orientation	1.4399000406265259	82.50019073486328	0.12146133929491043	0.021341810002923012	0.09804344177246094
06	1		orientation	1.5707999467849731	90.00020599365234	0.12277532368898392	0.005525669082999229	0.09718485176563263
06	1		orientation	1.70169997215271	97.5002212524414	0.11800189316272736	-0.015340505167841911	0.09292370080947876
06	1		orientation	1.8325999975204468	105.00023651123047	0.11451752483844757	-0.02067488059401512	0.09089089930057526
06	1		orientation	1.9635000228881836	112.50025939941406	0.10606281459331512	-0.0330425500869751	0.08461222797632217
06	1		orientation	2.094399929046631	120.0002670288086	0.09573066979646683	-0.018388161435723305	0.07548359781503677
06	1		orientation	2.225290060043335	127.49972534179688	0.08438679575920105	-0.0036158361472189426	0.06593722105026245
06	1		orientation	2.3561899662017822	134.99974060058594	0.08327634632587433	0.007863778620958328	0.06554890424013138
06	1		orientation	2.4870901107788086	142.499755859375	0.09932906925678253	0.02896781452000141	0.08004928380250931
06	1		orientation	2.617990016937256	149.99977111816406	0.10020849853754044	0.018955284729599953	0.08037840574979782
06	1		orientation	2.748889923095703	157.49978637695312	0.08936627954244614	-0.00572689576074481	0.07084020972251892
06	1		orientation	2.8797900676727295	164.9998016357422	0.08886408805847168	-0.030125755816698074	0.07301096618175507
06	1		orientation	3.0106899738311768	172.49981689453125	0.0767095685005188	-0.04546307772397995	0.059753499925136566
06	2		orientation	0.13089999556541443	7.500016689300537	0.057158470153808594	0.028998130932450294	0.043303482234478
06	2		orientation	0.26179999113082886	15.000033378601074	0.08009959012269974	0.017464473843574524	0.0654563307762146
06	2		orientation	0.3926999866962433	22.500051498413086	0.0894218236207962	0.017783932387828827	0.07205374538898468
06	2		orientation	0.5235999822616577	30.00006675720215	0.09383519738912582	0.0012499585282057524	0.07288337498903275
06	2		orientation	0.6545000076293945	37.50008773803711	0.09875722974538803	0.00044462966616265476	0.07820283621549606
06	2		orientation	0.7853999733924866	45.00010299682617	0.10618861019611359	-0.0009011717047542334	0.08086089789867401
06	2		orientation	0.9162999987602234	52.500118255615234	0.10269322991371155	0.004719700664281845	0.08040586858987808
06	2		orientation	1.0471999645233154	60.0001335144043	0.10987498611211777	0.008817397989332676	0.08584717661142349
06	2		orientation	1.1780999898910522	67.50015258789062	0.11170743405818939	0.015702344477176666	0.0883207693696022
06	2		orientation	1.309000015258789	75.00017547607422	0.11417199671268463	0.010667040944099426	0.08887790143489838
06	2		orientation	1.4399000406265259	82.50019073486328	0.12122964859008789	0.014091985300183296	0.09562298655509949
06	2		orientation	1.5707999467849731	90.00020599365234	0.1207381933927536	0.0021931263618171215	0.09537829458713531
06	2		orientation	1.70169997215271	97.5002212524414	0.11295807361602783	-0.007088580168783665	0.09006369113922119
06	2		orientation	1.8325999975204468	105.00023651123047	0.11304992437362671	-0.028173282742500305	0.09230029582977295
06	2		orientation	1.9635000228881836	112.50025939941406	0.10594405978918076	-0.02432417869567871	0.085103839635849
06	2		orientation	2.094399929046631	120.0002670288086	0.09113959223031998	-0.015885014086961746	0.07258646935224533
06	2		orientation	2.225290060043335	127.49972534179688	0.08674997091293335	3.9181471947813407e-05	0.06802890449762344
06	2		orientation	2.3561899662017822	134.99974060058594	0.08433250337839127	0.011525585316121578	0.06621400266885757
06	2		orientation	2.4870901107788086	142.499755859375	0.09742572158575058	0.02037753351032734	0.0768304094672203
06	2		orientation	2.617990016937256	149.99977111816406	0.09646262973546982	0.016771232709288597	0.07728736102581024
06	2		orientation	2.748889923095703	157.49978637695312	0.09265398979187012	-0.010606927797198296	0.07320830225944519
06	2		orientation	2.8797900676727295	164.9998016357422	0.08684495836496353	-0.03772854432463646	0.0722569078207016
06	2		orientation	3.0106899738311768	172.49981689453125	0.07010789960622787	-0.04257279261946678	0.05628950148820877
17	1		orientation	0.13089999556541443	7.500016689300537	0.32522809505462646	0.09190253913402557	0.25808605551719666
17	1		orientation	0.26179999113082886	15.000033378601074	0.228912353515625	0.10166268050670624	0.1905108541250229
17	1		orientation	0.3926999866962433	22.500051498413086	0.16786867380142212	0.07678024470806122	0.1388145089149475
17	1		orientation	0.5235999822616577	30.00006675720215	0.1423356682062149	0.015048732981085777	0.10665518045425415
17	1		orientation	0.6545000076293945	37.50008773803711	0.16774842143058777	-0.043134674429893494	0.133656308054924
17	1		orientation	0.7853999733924866	45.00010299682617	0.19166773557662964	-0.08322311192750931	0.16173870861530304
17	1		orientation	0.9162999987602234	52.500118255615234	0.2544879913330078	-0.07763244211673737	0.19923913478851318
17	1		orientation	1.0471999645233154	60.0001335144043	0.3052625060081482	-0.008152242749929428	0.21945974230766296
17	1		orientation	1.1780999898910522	67.50015258789062	0.31144586205482483	0.06898078322410583	0.226190447807312
17	1		orientation	1.309000015258789	75.00017547607422	0.3051435649394989	0.11424606293439865	0.23724789917469025
17	1		orientation	1.4399000406265259	82.50019073486328	0.28750067949295044	0.15894180536270142	0.23723144829273224
17	1		orientation	1.5707999467849731	90.00020599365234	0.2406771183013916	0.11823341250419617	0.19133664667606354
17	1		orientation	1.70169997215271	97.5002212524414	0.25070077180862427	0.05750807374715805	0.18508891761302948
17	1		orientation	1.8325999975204468	105.00023651123047	0.2703169882297516	0.03442620858550072	0.20520976185798645
17	1		orientation	1.9635000228881836	112.50025939941406	0.31370818614959717	0.017181599512696266	0.24530139565467834
17	1		orientation	2.094399929046631	120.0002670288086	0.3204813599586487	0.035405900329351425	0.25784650444984436
17	1		orientation	2.225290060043335	127.49972534179688	0.33760756254196167	0.037229474633932114	0.2639719247817993
17	1		orientation	2.3561899662017822	134.99974060058594	0.28817734122276306	0.03553038090467453	0.2226250171661377
17	1		orientation	2.4870901107788086	142.499755859375	0.2574005126953125	-0.02515585720539093	0.189832866191864
17	1		orientation	2.617990016937256	149.99977111816406	0.2519778907299042	-0.10653166472911835	0.19060467183589935
17	1		orientation	2.748889923095703	157.49978637695312	0.28108909726142883	-0.18560242652893066	0.2377902865409851
17	1		orientation	2.8797900676727295	164.9998016357422	0.3078066110610962	-0.2589912414550781	0.31063225865364075
17	1		orientation	3.0106899738311768	172.49981689453125	0.3985077440738678	-0.22665871679782867	0.37649673223495483
17	2		orientation	0.13089999556541443	7.500016689300537	0.37728720903396606	0.0715642124414444	0.299866646528244
17	2		orientation	0.26179999113082886	15.000033378601074	0.24988184869289398	0.11393500119447708	0.21002456545829773
17	2		orientation	0.3926999866962433	22.500051498413086	0.1709904819726944	0.07707402855157852	0.14053402841091156
17	2		orientation	0.5235999822616577	30.00006675720215	0.14938496053218842	0.01228615827858448	0.11085227131843567
17	2		orientation	0.6545000076293945	37.50008773803711	0.1630769819021225	-0.04767152667045593	0.13081534206867218
17	2		orientation	0.7853999733924866	45.00010299682617	0.20115149021148682	-0.09047641605138779	0.1692308932542801
17	2		orientation	0.9162999987602234	52.500118255615234	0.2691434323787689	-0.06494144350290298	0.20159056782722473
17	2		orientation	1.0471999645233154	60.0001335144043	0.3100793659687042	-0.008032232522964478	0.229279562830925
17	2		orientation	1.1780999898910522	67.50015258789062	0.34101229906082153	0.07640739530324936	0.2546651363372803
17	2		orientation	1.309000015258789	75.00017547607422	0.3340494632720947	0.14539095759391785	0.2677077054977417
17	2		orientation	1.4399000406265259	82.50019073486328	0.286883145570755	0.15386313199996948	0.23632308840751648
17	2		orientation	1.5707999467849731	90.00020599365234	0.2713581323623657	0.11453970521688461	0.20925547182559967
17	2		orientation	1.70169997215271	97.5002212524414	0.27871161699295044	0.07502838969230652	0.20681196451187134
17	2		orientation	1.8325999975204468	105.00023651123047	0.2838617265224457	0.029440104961395264	0.2154236137866974
17	2		orientation	1.9635000228881836	112.50025939941406	0.32531267404556274	0.009732617065310478	0.2564776539802551
17	2		orientation	2.094399929046631	120.0002670288086	0.35426589846611023	0.036903265863657	0.2794504463672638
17	2		orientation	2.225290060043335	127.49972534179688	0.34887662529945374	0.02648909017443657	0.27737951278686523
17	2		orientation	2.3561899662017822	134.99974060058594	0.3059883117675781	0.028011638671159744	0.23463879525661469
17	2		orientation	2.4870901107788086	142.499755859375	0.2552635669708252	-0.018179619684815407	0.18639689683914185
17	2		orientation	2.617990016937256	149.99977111816406	0.24936188757419586	-0.09847217798233032	0.1842580884695053
17	2		orientation	2.748889923095703	157.49978637695312	0.2673150599002838	-0.1806333214044571	0.2329850196838379
17	2		orientation	2.8797900676727295	164.9998016357422	0.3255002200603485	-0.24977514147758484	0.3227636218070984
17	2		orientation	3.0106899738311768	172.49981689453125	0.4214836657047272	-0.2206556797027588	0.39249077439308167
08	1		orientation	0.13089999556541443	7.500016689300537	0.2120475471019745	0.1233295276761055	0.1666206419467926
08	1		orientation	0.26179999113082886	15.000033378601074	0.1496107131242752	0.0982724279165268	0.125973641872406
08	1		orientation	0.3926999866962433	22.500051498413086	0.1349318027496338	0.05382002890110016	0.1087820827960968
08	1		orientation	0.5235999822616577	30.00006675720215	0.1454564779996872	0.001944753690622747	0.11135294288396835
08	1		orientation	0.6545000076293945	37.50008773803711	0.1658819168806076	-0.008310199715197086	0.13157232105731964
08	1		orientation	0.7853999733924866	45.00010299682617	0.1698242723941803	-0.023584293201565742	0.13297401368618011
08	1		orientation	0.9162999987602234	52.500118255615234	0.17138902842998505	-0.023216431960463524	0.13268285989761353
08	1		orientation	1.0471999645233154	60.0001335144043	0.18993134796619415	-0.029579784721136093	0.14252297580242157
08	1		orientation	1.1780999898910522	67.50015258789062	0.19511674344539642	-0.02223776839673519	0.14491668343544006
08	1		orientation	1.309000015258789	75.00017547607422	0.20131658017635345	-0.01368569117039442	0.1489613652229309
08	1		orientation	1.4399000406265259	82.50019073486328	0.20713411271572113	0.007769445423036814	0.14998239278793335
08	1		orientation	1.5707999467849731	90.00020599365234	0.1893000304698944	0.009250239469110966	0.13437533378601074
08	1		orientation	1.70169997215271	97.5002212524414	0.2036689817905426	-0.003923613578081131	0.14490437507629395
08	1		orientation	1.8325999975204468	105.00023651123047	0.22639437019824982	0.0027071256190538406	0.16367493569850922
08	1		orientation	1.9635000228881836	112.50025939941406	0.2406938672065735	0.061876654624938965	0.1815071851015091
08	1		orientation	2.094399929046631	120.0002670288086	0.2393006831407547	0.11430009454488754	0.20424742996692657
08	1		orientation	2.225290060043335	127.49972534179688	0.18561290204524994	0.13407208025455475	0.1866723895072937
08	1		orientation	2.3561899662017822	134.99974060058594	0.1339510977268219	0.09089753776788712	0.12979555130004883
08	1		orientation	2.4870901107788086	142.499755859375	0.11568114906549454	0.0017159557901322842	0.08733440190553665
08	1		orientation	2.617990016937256	149.99977111816406	0.13133476674556732	-0.08955235034227371	0.1249510794878006
08	1		orientation	2.748889923095703	157.49978637695312	0.16950713098049164	-0.17003802955150604	0.19234055280685425
08	1		orientation	2.8797900676727295	164.9998016357422	0.23113515973091125	-0.18450087308883667	0.214584618806839
08	1		orientation	3.0106899738311768	172.49981689453125	0.30547648668289185	-0.1535748541355133	0.22039690613746643
08	2		orientation	0.13089999556541443	7.500016689300537	0.2289174348115921	0.127974733710289	0.1799524873495102
08	2		orientation	0.26179999113082886	15.000033378601074	0.1638396829366684	0.10589097440242767	0.1371898502111435
08	2		orientation	0.3926999866962433	22.500051498413086	0.14542463421821594	0.057640284299850464	0.1146591305732727
08	2		orientation	0.5235999822616577	30.00006675720215	0.1448068618774414	0.008405299857258797	0.11172444373369217
08	2		orientation	0.6545000076293945	37.50008773803711	0.16768234968185425	-0.01464606262743473	0.1334596574306488
08	2		orientation	0.7853999733924866	45.00010299682617	0.17659606039524078	-0.011601295322179794	0.14102867245674133
08	2		orientation	0.9162999987602234	52.500118255615234	0.19384059309959412	-0.014015763998031616	0.15142428874969482
08	2		orientation	1.0471999645233154	60.0001335144043	0.20047414302825928	-0.01766038127243519	0.15054379403591156
08	2		orientation	1.1780999898910522	67.50015258789062	0.21564693748950958	-0.02358538843691349	0.16119179129600525
08	2		orientation	1.309000015258789	75.00017547607422	0.21883967518806458	-0.019271453842520714	0.16292166709899902
08	2		orientation	1.4399000406265259	82.50019073486328	0.20169049501419067	-0.003590603591874242	0.1465105563402176
08	2		orientation	1.5707999467849731	90.00020599365234	0.18511226773262024	0.0066804890520870686	0.1348755806684494
08	2		orientation	1.70169997215271	97.5002212524414	0.20510967075824738	-0.00046399401617236435	0.14308352768421173
08	2		orientation	1.8325999975204468	105.00023651123047	0.23462054133415222	0.011679057031869888	0.16662070155143738
08	2		orientation	1.9635000228881836	112.50025939941406	0.2529657483100891	0.054204054176807404	0.18856298923492432
08	2		orientation	2.094399929046631	120.0002670288086	0.24576906859874725	0.1072298139333725	0.20802688598632812
08	2		orientation	2.225290060043335	127.49972534179688	0.17519301176071167	0.13129708170890808	0.1782902181148529
08	2		orientation	2.3561899662017822	134.99974060058594	0.1391504555940628	0.07928763329982758	0.13266701996326447
08	2		orientation	2.4870901107788086	142.499755859375	0.11862114816904068	0.004489511717110872	0.08717544376850128
08	2		orientation	2.617990016937256	149.99977111816406	0.12224916368722916	-0.0893634632229805	0.12062046676874161
08	2		orientation	2.748889923095703	157.49978637695312	0.16426411271095276	-0.16048261523246765	0.1863705813884735
08	2		orientation	2.8797900676727295	164.9998016357422	0.23934559524059296	-0.20995229482650757	0.23810912668704987
08	2		orientation	3.0106899738311768	172.49981689453125	0.3313102424144745	-0.16384488344192505	0.2491108775138855
22	1		orientation	0.13089999556541443	7.500016689300537	0.15092124044895172	0.007630424574017525	0.11764732003211975
22	1		orientation	0.26179999113082886	15.000033378601074	0.16907872259616852	-0.04129447788000107	0.1289624273777008
22	1		orientation	0.3926999866962433	22.500051498413086	0.1858825385570526	-0.0572216659784317	0.144892156124115
22	1		orientation	0.5235999822616577	30.00006675720215	0.23760199546813965	-0.06383505463600159	0.17731653153896332
22	1		orientation	0.6545000076293945	37.50008773803711	0.2801426351070404	-0.059790875762701035	0.19832107424736023
22	1		orientation	0.7853999733924866	45.00010299682617	0.321613609790802	0.01833701692521572	0.2262815535068512
22	1		orientation	0.9162999987602234	52.500118255615234	0.3377190828323364	0.10396391898393631	0.25830239057540894
22	1		orientation	1.0471999645233154	60.0001335144043	0.3400874733924866	0.1534406840801239	0.2756544351577759
22	1		orientation	1.1780999898910522	67.50015258789062	0.28226929903030396	0.17585214972496033	0.25169679522514343
22	1		orientation	1.309000015258789	75.00017547607422	0.2529869079589844	0.13394537568092346	0.21359054744243622
22	1		orientation	1.4399000406265259	82.50019073486328	0.21198272705078125	0.07573022693395615	0.1707238405942917
22	1		orientation	1.5707999467849731	90.00020599365234	0.21525390446186066	0.018313901498913765	0.1593863070011139
22	1		orientation	1.70169997215271	97.5002212524414	0.20940740406513214	-0.036308303475379944	0.1609034240245819
22	1		orientation	1.8325999975204468	105.00023651123047	0.2501535713672638	-0.0972728505730629	0.21027804911136627
22	1		orientation	1.9635000228881836	112.50025939941406	0.25157439708709717	-0.1162717267870903	0.21473021805286407
22	1		orientation	2.094399929046631	120.0002670288086	0.28381600975990295	-0.1307566612958908	0.23313412070274353
22	1		orientation	2.225290060043335	127.49972534179688	0.28260260820388794	-0.13038772344589233	0.2276536226272583
22	1		orientation	2.3561899662017822	134.99974060058594	0.29357245564460754	-0.14635497331619263	0.22868582606315613
22	1		orientation	2.4870901107788086	142.499755859375	0.31615298986434937	-0.08859629929065704	0.22870886325836182
22	1		orientation	2.617990016937256	149.99977111816406	0.27376073598861694	-0.01161887962371111	0.19044287502765656
22	1		orientation	2.748889923095703	157.49978637695312	0.2583298981189728	0.06660293787717819	0.1838851273059845
22	1		orientation	2.8797900676727295	164.9998016357422	0.2224084585905075	0.10022996366024017	0.17588281631469727
22	1		orientation	3.0106899738311768	172.49981689453125	0.1850728690624237	0.09415991604328156	0.1628948599100113
22	2		orientation	0.13089999556541443	7.500016689300537	0.15112510323524475	0.005460675340145826	0.11909350752830505
22	2		orientation	0.26179999113082886	15.000033378601074	0.1567779779434204	-0.028044410049915314	0.11962637305259705
22	2		orientation	0.3926999866962433	22.500051498413086	0.17790450155735016	-0.05907154828310013	0.13999685645103455
22	2		orientation	0.5235999822616577	30.00006675720215	0.20897909998893738	-0.06626373529434204	0.15382859110832214
22	2		orientation	0.6545000076293945	37.50008773803711	0.2276795357465744	-0.043951354920864105	0.1615992933511734
22	2		orientation	0.7853999733924866	45.00010299682617	0.27295157313346863	0.00028300093254074454	0.18518026173114777
22	2		orientation	0.9162999987602234	52.500118255615234	0.3182889521121979	0.09126149117946625	0.2331317812204361
22	2		orientation	1.0471999645233154	60.0001335144043	0.2964825928211212	0.13962888717651367	0.23729687929153442
22	2		orientation	1.1780999898910522	67.50015258789062	0.2689175307750702	0.15296292304992676	0.23067770898342133
22	2		orientation	1.309000015258789	75.00017547607422	0.23308531939983368	0.13381779193878174	0.20213085412979126
22	2		orientation	1.4399000406265259	82.50019073486328	0.20083416998386383	0.08501193672418594	0.16732604801654816
22	2		orientation	1.5707999467849731	90.00020599365234	0.19992657005786896	0.01755666360259056	0.15099336206912994
22	2		orientation	1.70169997215271	97.5002212524414	0.20903052389621735	-0.04357770457863808	0.16505123674869537
22	2		orientation	1.8325999975204468	105.00023651123047	0.22663696110248566	-0.0696088895201683	0.18476241827011108
22	2		orientation	1.9635000228881836	112.50025939941406	0.24460239708423615	-0.10242538154125214	0.20315702259540558
22	2		orientation	2.094399929046631	120.0002670288086	0.258523166179657	-0.11958090215921402	0.21069370210170746
22	2		orientation	2.225290060043335	127.49972534179688	0.24763062596321106	-0.10291770845651627	0.192668154835701
22	2		orientation	2.3561899662017822	134.99974060058594	0.27047625184059143	-0.11939867585897446	0.19849155843257904
22	2		orientation	2.4870901107788086	142.499755859375	0.2521151006221771	-0.07607433944940567	0.1791548728942871
22	2		orientation	2.617990016937256	149.99977111816406	0.26897913217544556	-0.0007258429541252553	0.18073613941669464
22	2		orientation	2.748889923095703	157.49978637695312	0.23888914287090302	0.05989060550928116	0.1607103794813156
22	2		orientation	2.8797900676727295	164.9998016357422	0.2073381543159485	0.08798599243164062	0.1548737734556198
22	2		orientation	3.0106899738311768	172.49981689453125	0.17924794554710388	0.08604185283184052	0.15172314643859863
12	1		orientation	0.13089999556541443	7.500016689300537	0.24020926654338837	0.05344075709581375	0.14853942394256592
12	1		orientation	0.26179999113082886	15.000033378601074	0.2190953940153122	0.07079947739839554	0.13541731238365173
12	1		orientation	0.3926999866962433	22.500051498413086	0.17760534584522247	0.08555281907320023	0.13536538183689117
12	1		orientation	0.5235999822616577	30.00006675720215	0.13866646587848663	0.09160014241933823	0.13011059165000916
12	1		orientation	0.6545000076293945	37.50008773803711	0.11481371521949768	0.051810067147016525	0.10118820518255234
12	1		orientation	0.7853999733924866	45.00010299682617	0.10417679697275162	-0.011312657967209816	0.08046847581863403
12	1		orientation	0.9162999987602234	52.500118255615234	0.12527883052825928	-0.06945905834436417	0.11402347683906555
12	1		orientation	1.0471999645233154	60.0001335144043	0.1597553789615631	-0.09710630774497986	0.14407561719417572
12	1		orientation	1.1780999898910522	67.50015258789062	0.19237124919891357	-0.06344854831695557	0.13707119226455688
12	1		orientation	1.309000015258789	75.00017547607422	0.2359674721956253	-0.01913398690521717	0.15443314611911774
12	1		orientation	1.4399000406265259	82.50019073486328	0.2784469723701477	0.05266863480210304	0.18951168656349182
12	1		orientation	1.5707999467849731	90.00020599365234	0.2937222719192505	0.10361020267009735	0.20644310116767883
12	1		orientation	1.70169997215271	97.5002212524414	0.2807943820953369	0.10117484629154205	0.198515847325325
12	1		orientation	1.8325999975204468	105.00023651123047	0.2503517270088196	0.06876155734062195	0.1883266717195511
12	1		orientation	1.9635000228881836	112.50025939941406	0.21498119831085205	0.05120634660124779	0.17196081578731537
12	1		orientation	2.094399929046631	120.0002670288086	0.18358846008777618	0.0438472144305706	0.14542201161384583
12	1		orientation	2.225290060043335	127.49972534179688	0.1448785364627838	0.010962184518575668	0.11004701256752014
12	1		orientation	2.3561899662017822	134.99974060058594	0.13173796236515045	-0.03912300243973732	0.10373542457818985
12	1		orientation	2.4870901107788086	142.499755859375	0.15156297385692596	-0.09013372659683228	0.13588103652000427
12	1		orientation	2.617990016937256	149.99977111816406	0.20255723595619202	-0.11256564408540726	0.16755734384059906
12	1		orientation	2.748889923095703	157.49978637695312	0.21717149019241333	-0.0994778722524643	0.15778878331184387
12	1		orientation	2.8797900676727295	164.9998016357422	0.2540624141693115	-0.09972063452005386	0.16376815736293793
12	1		orientation	3.0106899738311768	172.49981689453125	0.2864605188369751	-0.09338560700416565	0.18638764321804047
12	2		orientation	0.13089999556541443	7.500016689300537	0.22103458642959595	0.05347790569067001	0.134246364235878
12	2		orientation	0.26179999113082886	15.000033378601074	0.21101345121860504	0.07727093249559402	0.13176389038562775
12	2		orientation	0.3926999866962433	22.500051498413086	0.17829157412052155	0.08337406814098358	0.13540033996105194
12	2		orientation	0.5235999822616577	30.00006675720215	0.1490911841392517	0.10010844469070435	0.13969095051288605
12	2		orientation	0.6545000076293945	37.50008773803711	0.11577227711677551	0.05126484856009483	0.09989476203918457
12	2		orientation	0.7853999733924866	45.00010299682617	0.09979500621557236	-0.008883524686098099	0.0764518454670906
12	2		orientation	0.9162999987602234	52.500118255615234	0.11923813819885254	-0.07069767266511917	0.10969012975692749
12	2		orientation	1.0471999645233154	60.0001335144043	0.1596749722957611	-0.09335130453109741	0.1393696814775467
12	2		orientation	1.1780999898910522	67.50015258789062	0.18719905614852905	-0.07563859969377518	0.13811662793159485
12	2		orientation	1.309000015258789	75.00017547607422	0.2609136998653412	-0.024742625653743744	0.17018598318099976
12	2		orientation	1.4399000406265259	82.50019073486328	0.29069414734840393	0.030649414286017418	0.19858472049236298
12	2		orientation	1.5707999467849731	90.00020599365234	0.31800252199172974	0.11198621988296509	0.21922393143177032
12	2		orientation	1.70169997215271	97.5002212524414	0.2634931802749634	0.0779154971241951	0.178893581032753
12	2		orientation	1.8325999975204468	105.00023651123047	0.24322672188282013	0.07201889157295227	0.18188661336898804
12	2		orientation	1.9635000228881836	112.50025939941406	0.20625361800193787	0.05954239144921303	0.16555236279964447
12	2		orientation	2.094399929046631	120.0002670288086	0.17522990703582764	0.05556491017341614	0.1460919976234436
12	2		orientation	2.225290060043335	127.49972534179688	0.1417180448770523	0.017716411501169205	0.10841426253318787
12	2		orientation	2.3561899662017822	134.99974060058594	0.13390150666236877	-0.042925093322992325	0.10669800639152527
12	2		orientation	2.4870901107788086	142.499755859375	0.15659499168395996	-0.09482285380363464	0.13985051214694977
12	2		orientation	2.617990016937256	149.99977111816406	0.2025758922100067	-0.12824225425720215	0.1761557012796402
12	2		orientation	2.748889923095703	157.49978637695312	0.2310028374195099	-0.10961953550577164	0.16833727061748505
12	2		orientation	2.8797900676727295	164.9998016357422	0.26363661885261536	-0.098760224878788	0.1650276482105255
12	2		orientation	3.0106899738311768	172.49981689453125	0.27487099170684814	-0.08140122145414352	0.1746024191379547
29	1		orientation	0.13089999556541443	7.500016689300537	0.2871813178062439	-0.022607920691370964	0.2061055600643158
29	1		orientation	0.26179999113082886	15.000033378601074	0.26535269618034363	0.023066934198141098	0.18534551560878754
29	1		orientation	0.3926999866962433	22.500051498413086	0.241617813706398	0.0629449337720871	0.18258777260780334
29	1		orientation	0.5235999822616577	30.00006675720215	0.18484389781951904	0.062408994883298874	0.14539363980293274
29	1		orientation	0.6545000076293945	37.50008773803711	0.17410339415073395	0.0409049466252327	0.1337698996067047
29	1		orientation	0.7853999733924866	45.00010299682617	0.1716921329498291	0.00046780824777670205	0.12512697279453278
29	1		orientation	0.9162999987602234	52.500118255615234	0.19789952039718628	-0.01969183422625065	0.1491021066904068
29	1		orientation	1.0471999645233154	60.0001335144043	0.23867371678352356	-0.019670719280838966	0.17719519138336182
29	1		orientation	1.1780999898910522	67.50015258789062	0.2849958539009094	-0.012835252098739147	0.2084631770849228
29	1		orientation	1.309000015258789	75.00017547607422	0.29401668906211853	0.03542463481426239	0.21400579810142517
29	1		orientation	1.4399000406265259	82.50019073486328	0.28315842151641846	0.040468502789735794	0.2031969279050827
29	1		orientation	1.5707999467849731	90.00020599365234	0.27600982785224915	0.05698974430561066	0.20163875818252563
29	1		orientation	1.70169997215271	97.5002212524414	0.30157747864723206	0.07278100401163101	0.2243141233921051
29	1		orientation	1.8325999975204468	105.00023651123047	0.30257874727249146	0.07542338222265244	0.2363508641719818
29	1		orientation	1.9635000228881836	112.50025939941406	0.2874603271484375	0.07869109511375427	0.23155952990055084
29	1		orientation	2.094399929046631	120.0002670288086	0.25257745385169983	0.055476170033216476	0.19766534864902496
29	1		orientation	2.225290060043335	127.49972534179688	0.24320735037326813	0.01791749708354473	0.18041791021823883
29	1		orientation	2.3561899662017822	134.99974060058594	0.23630517721176147	-0.04208497330546379	0.1744605004787445
29	1		orientation	2.4870901107788086	142.499755859375	0.27003443241119385	-0.07699830830097198	0.2102593034505844
29	1		orientation	2.617990016937256	149.99977111816406	0.2978798449039459	-0.09443872421979904	0.2350674271583557
29	1		orientation	2.748889923095703	157.49978637695312	0.27400150895118713	-0.111872099339962	0.2148999273777008
29	1		orientation	2.8797900676727295	164.9998016357422	0.28893449902534485	-0.10572296380996704	0.21398311853408813
29	1		orientation	3.0106899738311768	172.49981689453125	0.2984229624271393	-0.1206941083073616	0.23072053492069244
29	2		orientation	0.13089999556541443	7.500016689300537	0.27577319741249084	-0.02880834974348545	0.19480346143245697
29	2		orientation	0.26179999113082886	15.000033378601074	0.25676393508911133	0.015103363431990147	0.1730961948633194
29	2		orientation	0.3926999866962433	22.500051498413086	0.21967431902885437	0.04737657308578491	0.15929014980793
29	2		orientation	0.5235999822616577	30.00006675720215	0.17893245816230774	0.05677736550569534	0.14055228233337402
29	2		orientation	0.6545000076293945	37.50008773803711	0.16492435336112976	0.02498568780720234	0.12267053872346878
29	2		orientation	0.7853999733924866	45.00010299682617	0.1601262390613556	-0.002351626055315137	0.11931653320789337
29	2		orientation	0.9162999987602234	52.500118255615234	0.17886683344841003	-0.030317088589072227	0.13422979414463043
29	2		orientation	1.0471999645233154	60.0001335144043	0.23353056609630585	-0.03613514080643654	0.1774473637342453
29	2		orientation	1.1780999898910522	67.50015258789062	0.24991042912006378	0.000268501287791878	0.18133419752120972
29	2		orientation	1.309000015258789	75.00017547607422	0.26449140906333923	0.027355365455150604	0.19155575335025787
29	2		orientation	1.4399000406265259	82.50019073486328	0.246303990483284	0.04998510703444481	0.18103371560573578
29	2		orientation	1.5707999467849731	90.00020599365234	0.2603031396865845	0.052254289388656616	0.18882273137569427
29	2		orientation	1.70169997215271	97.5002212524414	0.27034446597099304	0.05541886016726494	0.20069491863250732
29	2		orientation	1.8325999975204468	105.00023651123047	0.2935967445373535	0.07717791944742203	0.22518865764141083
29	2		orientation	1.9635000228881836	112.50025939941406	0.265870600938797	0.06492967903614044	0.20565539598464966
29	2		orientation	2.094399929046631	120.0002670288086	0.2325182855129242	0.04790498688817024	0.1801397055387497
29	2		orientation	2.225290060043335	127.49972534179688	0.23766258358955383	0.003994361963123083	0.17350105941295624
29	2		orientation	2.3561899662017822	134.99974060058594	0.24703143537044525	-0.0395391546189785	0.18295663595199585
29	2		orientation	2.4870901107788086	142.499755859375	0.23458169400691986	-0.06346697360277176	0.18490993976593018
29	2		orientation	2.617990016937256	149.99977111816406	0.25065985321998596	-0.09681976586580276	0.2024129331111908
29	2		orientation	2.748889923095703	157.49978637695312	0.2724599838256836	-0.0913068875670433	0.20791086554527283
29	2		orientation	2.8797900676727295	164.9998016357422	0.25314632058143616	-0.10248924791812897	0.19100575149059296
29	2		orientation	3.0106899738311768	172.49981689453125	0.2602502107620239	-0.08126725256443024	0.1967288851737976
05	1		orientation	0.13089999556541443	7.500016689300537	0.1685456931591034	0.02584822103381157	0.12098032236099243
05	1		orientation	0.26179999113082886	15.000033378601074	0.15484337508678436	0.048568882048130035	0.10897695273160934
05	1		orientation	0.3926999866962433	22.500051498413086	0.15832483768463135	0.05067000538110733	0.11984813213348389
05	1		orientation	0.5235999822616577	30.00006675720215	0.147086039185524	0.042252317070961	0.11533091962337494
05	1		orientation	0.6545000076293945	37.50008773803711	0.14687031507492065	0.028269397094845772	0.11616092175245285
05	1		orientation	0.7853999733924866	45.00010299682617	0.14834605157375336	0.01004418171942234	0.11634301394224167
05	1		orientation	0.9162999987602234	52.500118255615234	0.1518106609582901	-0.02404910698533058	0.11889969557523727
05	1		orientation	1.0471999645233154	60.0001335144043	0.16091127693653107	-0.03270237147808075	0.1250527799129486
05	1		orientation	1.1780999898910522	67.50015258789062	0.18663765490055084	-0.03949302062392235	0.13959570229053497
05	1		orientation	1.309000015258789	75.00017547607422	0.20495283603668213	0.00115974189247936	0.14954015612602234
05	1		orientation	1.4399000406265259	82.50019073486328	0.20027711987495422	0.05672672390937805	0.15542000532150269
05	1		orientation	1.5707999467849731	90.00020599365234	0.1624561995267868	0.07162350416183472	0.13939782977104187
05	1		orientation	1.70169997215271	97.5002212524414	0.14325426518917084	0.04115404933691025	0.11141114681959152
05	1		orientation	1.8325999975204468	105.00023651123047	0.1427699327468872	-0.019003311172127724	0.10853954404592514
05	1		orientation	1.9635000228881836	112.50025939941406	0.15165568888187408	-0.07012546062469482	0.13016754388809204
05	1		orientation	2.094399929046631	120.0002670288086	0.19429899752140045	-0.07803244888782501	0.1607687622308731
05	1		orientation	2.225290060043335	127.49972534179688	0.20381338894367218	-0.04488079994916916	0.1519569307565689
05	1		orientation	2.3561899662017822	134.99974060058594	0.17059944570064545	0.026129264384508133	0.13164860010147095
05	1		orientation	2.4870901107788086	142.499755859375	0.15017388761043549	0.03699006512761116	0.11921568214893341
05	1		orientation	2.617990016937256	149.99977111816406	0.13179907202720642	0.018313197419047356	0.10285352915525436
05	1		orientation	2.748889923095703	157.49978637695312	0.12439180165529251	-0.018030665814876556	0.09460999071598053
05	1		orientation	2.8797900676727295	164.9998016357422	0.13293568789958954	-0.05530573055148125	0.10583842545747757
05	1		orientation	3.0106899738311768	172.49981689453125	0.1770341396331787	-0.0660964846611023	0.14407822489738464
05	2		orientation	0.13089999556541443	7.500016689300537	0.15579038858413696	0.030993180349469185	0.11218762397766113
05	2		orientation	0.26179999113082886	15.000033378601074	0.14702869951725006	0.03870537877082825	0.10453645139932632
05	2		orientation	0.3926999866962433	22.500051498413086	0.14347444474697113	0.03231455385684967	0.10969553887844086
05	2		orientation	0.5235999822616577	30.00006675720215	0.14319497346878052	0.03431966155767441	0.11249218136072159
05	2		orientation	0.6545000076293945	37.50008773803711	0.13733498752117157	0.012905048206448555	0.1079745665192604
05	2		orientation	0.7853999733924866	45.00010299682617	0.13733825087547302	-0.004436395596712828	0.10925544798374176
05	2		orientation	0.9162999987602234	52.500118255615234	0.14171116054058075	-0.015959814190864563	0.1114753931760788
05	2		orientation	1.0471999645233154	60.0001335144043	0.14929626882076263	-0.029458213597536087	0.11655586957931519
05	2		orientation	1.1780999898910522	67.50015258789062	0.16916809976100922	-0.021023254841566086	0.12541300058364868
05	2		orientation	1.309000015258789	75.00017547607422	0.19319359958171844	0.028720790520310402	0.1429509073495865
05	2		orientation	1.4399000406265259	82.50019073486328	0.1956254094839096	0.07003385573625565	0.15612225234508514
05	2		orientation	1.5707999467849731	90.00020599365234	0.16823232173919678	0.08457942306995392	0.1483430415391922
05	2		orientation	1.70169997215271	97.5002212524414	0.14064888656139374	0.040555983781814575	0.11255744844675064
05	2		orientation	1.8325999975204468	105.00023651123047	0.1485387533903122	-0.023348979651927948	0.11061732470989227
05	2		orientation	1.9635000228881836	112.50025939941406	0.14969828724861145	-0.0666801780462265	0.1330522745847702
05	2		orientation	2.094399929046631	120.0002670288086	0.17669348418712616	-0.07816323637962341	0.14870300889015198
05	2		orientation	2.225290060043335	127.49972534179688	0.1888984888792038	-0.02634759061038494	0.1396636664867401
05	2		orientation	2.3561899662017822	134.99974060058594	0.1809350997209549	0.009669740684330463	0.13316519558429718
05	2		orientation	2.4870901107788086	142.499755859375	0.16311822831630707	0.03651031479239464	0.12431248277425766
05	2		orientation	2.617990016937256	149.99977111816406	0.13298875093460083	0.01782304048538208	0.10116834193468094
05	2		orientation	2.748889923095703	157.49978637695312	0.12311898171901703	-0.020145153626799583	0.09629664570093155
05	2		orientation	2.8797900676727295	164.9998016357422	0.131441131234169	-0.04760880768299103	0.10370930284261703
05	2		orientation	3.0106899738311768	172.49981689453125	0.1743427813053131	-0.06742837280035019	0.13973446190357208
24	1		orientation	0.13089999556541443	7.500016689300537	0.16013142466545105	0.03401745483279228	0.11819346249103546
24	1		orientation	0.26179999113082886	15.000033378601074	0.14014753699302673	0.040032919496297836	0.10347448289394379
24	1		orientation	0.3926999866962433	22.500051498413086	0.13795655965805054	0.03008917346596718	0.10392417758703232
24	1		orientation	0.5235999822616577	30.00006675720215	0.14679591357707977	0.012520801275968552	0.11108938604593277
24	1		orientation	0.6545000076293945	37.50008773803711	0.1656631976366043	0.005589390639215708	0.12541581690311432
24	1		orientation	0.7853999733924866	45.00010299682617	0.17955061793327332	0.014982301741838455	0.1376916766166687
24	1		orientation	0.9162999987602234	52.500118255615234	0.18286161124706268	0.04103010520339012	0.14323247969150543
24	1		orientation	1.0471999645233154	60.0001335144043	0.18297840654850006	0.0327979251742363	0.14025458693504333
24	1		orientation	1.1780999898910522	67.50015258789062	0.1782694011926651	0.03380926698446274	0.1405426561832428
24	1		orientation	1.309000015258789	75.00017547607422	0.1895068883895874	0.015448402613401413	0.14719070494174957
24	1		orientation	1.4399000406265259	82.50019073486328	0.19135259091854095	0.011736283078789711	0.14906466007232666
24	1		orientation	1.5707999467849731	90.00020599365234	0.19408170878887177	-0.01732644997537136	0.14923417568206787
24	1		orientation	1.70169997215271	97.5002212524414	0.19123926758766174	-0.014903927221894264	0.14446595311164856
24	1		orientation	1.8325999975204468	105.00023651123047	0.19430884718894958	-0.03615541011095047	0.15024811029434204
24	1		orientation	1.9635000228881836	112.50025939941406	0.18598730862140656	-0.02879701554775238	0.1425740122795105
24	1		orientation	2.094399929046631	120.0002670288086	0.1835913211107254	-0.03098246268928051	0.14097072184085846
24	1		orientation	2.225290060043335	127.49972534179688	0.18571428954601288	-0.016152273863554	0.14270037412643433
24	1		orientation	2.3561899662017822	134.99974060058594	0.17602181434631348	-0.0006834914674982429	0.13432256877422333
24	1		orientation	2.4870901107788086	142.499755859375	0.15571196377277374	0.00942135788500309	0.12094825506210327
24	1		orientation	2.617990016937256	149.99977111816406	0.14314380288124084	-0.005715590436011553	0.10991349816322327
24	1		orientation	2.748889923095703	157.49978637695312	0.13157261908054352	-0.028410080820322037	0.10232201963663101
24	1		orientation	2.8797900676727295	164.9998016357422	0.13315732777118683	-0.05046199634671211	0.10359887778759003
24	1		orientation	3.0106899738311768	172.49981689453125	0.14777737855911255	-0.047846149653196335	0.11941260099411011
24	2		orientation	0.13089999556541443	7.500016689300537	0.15550529956817627	0.041918035596609116	0.1194896325469017
24	2		orientation	0.26179999113082886	15.000033378601074	0.13102944195270538	0.04202393442392349	0.09687283635139465
24	2		orientation	0.3926999866962433	22.500051498413086	0.1383703351020813	0.031134117394685745	0.1064935252070427
24	2		orientation	0.5235999822616577	30.00006675720215	0.150656595826149	0.01752997189760208	0.11380743235349655
24	2		orientation	0.6545000076293945	37.50008773803711	0.15897102653980255	0.008137792348861694	0.12364161014556885
24	2		orientation	0.7853999733924866	45.00010299682617	0.16557975113391876	0.01556322630494833	0.12784309685230255
24	2		orientation	0.9162999987602234	52.500118255615234	0.1831204742193222	0.03306296095252037	0.14215867221355438
24	2		orientation	1.0471999645233154	60.0001335144043	0.1726970672607422	0.032077640295028687	0.13576868176460266
24	2		orientation	1.1780999898910522	67.50015258789062	0.17951449751853943	0.022007891908288002	0.13940514624118805
24	2		orientation	1.309000015258789	75.00017547607422	0.17909114062786102	0.01569758541882038	0.14052635431289673
24	2		orientation	1.4399000406265259	82.50019073486328	0.20312537252902985	0.006809658836573362	0.15404662489891052
24	2		orientation	1.5707999467849731	90.00020599365234	0.187806636095047	-0.008937139064073563	0.14439694583415985
24	2		orientation	1.70169997215271	97.5002212524414	0.1912066489458084	-0.023165127262473106	0.1459469497203827
24	2		orientation	1.8325999975204468	105.00023651123047	0.19642946124076843	-0.031202280893921852	0.14885687828063965
24	2		orientation	1.9635000228881836	112.50025939941406	0.1778484582901001	-0.04073859378695488	0.1378231793642044
24	2		orientation	2.094399929046631	120.0002670288086	0.17723405361175537	-0.04563745856285095	0.1375432163476944
24	2		orientation	2.225290060043335	127.49972534179688	0.17104580998420715	-0.010231928899884224	0.12995831668376923
24	2		orientation	2.3561899662017822	134.99974060058594	0.15923742949962616	0.01224511954933405	0.12444259971380234
24	2		orientation	2.4870901107788086	142.499755859375	0.1496395766735077	0.014002823270857334	0.11566121131181717
24	2		orientation	2.617990016937256	149.99977111816406	0.1255314201116562	0.004999246448278427	0.09861494600772858
24	2		orientation	2.748889923095703	157.49978637695312	0.1286427527666092	-0.02467993274331093	0.10117495805025101
24	2		orientation	2.8797900676727295	164.9998016357422	0.12297555804252625	-0.05321462079882622	0.10096095502376556
24	2		orientation	3.0106899738311768	172.49981689453125	0.14538881182670593	-0.04369216784834862	0.11358677595853806
14	1		orientation	0.13089999556541443	7.500016689300537	0.18031710386276245	-0.029705330729484558	0.13415896892547607
14	1		orientation	0.26179999113082886	15.000033378601074	0.203669935464859	-0.03398381918668747	0.14985552430152893
14	1		orientation	0.3926999866962433	22.500051498413086	0.22577545046806335	-0.012422332540154457	0.16332168877124786
14	1		orientation	0.5235999822616577	30.00006675720215	0.23734842240810394	0.0027123047038912773	0.17162878811359406
14	1		orientation	0.6545000076293945	37.50008773803711	0.2676742970943451	0.017295533791184425	0.1837254911661148
14	1		orientation	0.7853999733924866	45.00010299682617	0.3194919228553772	0.012293165549635887	0.22057895362377167
14	1		orientation	0.9162999987602234	52.500118255615234	0.33617690205574036	0.04491236060857773	0.2412048876285553
14	1		orientation	1.0471999645233154	60.0001335144043	0.3706488013267517	0.08839617669582367	0.2781960964202881
14	1		orientation	1.1780999898910522	67.50015258789062	0.3220595419406891	0.10410058498382568	0.2589091658592224
14	1		orientation	1.309000015258789	75.00017547607422	0.26924753189086914	0.06797446310520172	0.20678852498531342
14	1		orientation	1.4399000406265259	82.50019073486328	0.20549550652503967	0.019024798646569252	0.1430404782295227
14	1		orientation	1.5707999467849731	90.00020599365234	0.18377357721328735	-0.04802519083023071	0.13607224822044373
14	1		orientation	1.70169997215271	97.5002212524414	0.1946214884519577	-0.09324939548969269	0.16774104535579681
14	1		orientation	1.8325999975204468	105.00023651123047	0.23394371569156647	-0.09500245749950409	0.1918817162513733
14	1		orientation	1.9635000228881836	112.50025939941406	0.2337273359298706	-0.06483013182878494	0.1779940128326416
14	1		orientation	2.094399929046631	120.0002670288086	0.21913035213947296	-0.05060881748795509	0.15419210493564606
14	1		orientation	2.225290060043335	127.49972534179688	0.22935016453266144	-0.0654536709189415	0.15156953036785126
14	1		orientation	2.3561899662017822	134.99974060058594	0.23338691890239716	-0.08146797120571136	0.15669023990631104
14	1		orientation	2.4870901107788086	142.499755859375	0.29050976037979126	-0.026904216036200523	0.20023898780345917
14	1		orientation	2.617990016937256	149.99977111816406	0.29276394844055176	0.016720158979296684	0.19418346881866455
14	1		orientation	2.748889923095703	157.49978637695312	0.27679243683815	0.0987268015742302	0.19920754432678223
14	1		orientation	2.8797900676727295	164.9998016357422	0.21022695302963257	0.08201683312654495	0.15719600021839142
14	1		orientation	3.0106899738311768	172.49981689453125	0.16366176307201385	0.04467359185218811	0.12228529155254364
14	2		orientation	0.13089999556541443	7.500016689300537	0.18539458513259888	-0.03038755990564823	0.14013752341270447
14	2		orientation	0.26179999113082886	15.000033378601074	0.21091198921203613	-0.03220386058092117	0.15448622405529022
14	2		orientation	0.3926999866962433	22.500051498413086	0.21998214721679688	0.006717662326991558	0.15998755395412445
14	2		orientation	0.5235999822616577	30.00006675720215	0.20387303829193115	0.013731823302805424	0.1461462825536728
14	2		orientation	0.6545000076293945	37.50008773803711	0.23203998804092407	0.015092090703547001	0.15974950790405273
14	2		orientation	0.7853999733924866	45.00010299682617	0.2813183665275574	0.020250869914889336	0.19025906920433044
14	2		orientation	0.9162999987602234	52.500118255615234	0.30618923902511597	0.04931044951081276	0.22031232714653015
14	2		orientation	1.0471999645233154	60.0001335144043	0.3315582573413849	0.08947599679231644	0.2517109215259552
14	2		orientation	1.1780999898910522	67.50015258789062	0.31565988063812256	0.08768930286169052	0.2545572519302368
14	2		orientation	1.309000015258789	75.00017547607422	0.24002045392990112	0.06946036964654922	0.18771499395370483
14	2		orientation	1.4399000406265259	82.50019073486328	0.19547167420387268	0.017327068373560905	0.13866272568702698
14	2		orientation	1.5707999467849731	90.00020599365234	0.15506936609745026	-0.03615681454539299	0.11528781056404114
14	2		orientation	1.70169997215271	97.5002212524414	0.1727796494960785	-0.09122436493635178	0.14997942745685577
14	2		orientation	1.8325999975204468	105.00023651123047	0.20927096903324127	-0.0826902687549591	0.17373840510845184
14	2		orientation	1.9635000228881836	112.50025939941406	0.2256406545639038	-0.07334423065185547	0.1712493896484375
14	2		orientation	2.094399929046631	120.0002670288086	0.236559197306633	-0.061398696154356	0.16161426901817322
14	2		orientation	2.225290060043335	127.49972534179688	0.2049262672662735	-0.05295886471867561	0.13737882673740387
14	2		orientation	2.3561899662017822	134.99974060058594	0.2400258183479309	-0.07012002170085907	0.1605224907398224
14	2		orientation	2.4870901107788086	142.499755859375	0.27944687008857727	-0.021485839039087296	0.18337252736091614
14	2		orientation	2.617990016937256	149.99977111816406	0.294640451669693	0.05521857365965843	0.19081130623817444
14	2		orientation	2.748889923095703	157.49978637695312	0.24698036909103394	0.06816541403532028	0.16821345686912537
14	2		orientation	2.8797900676727295	164.9998016357422	0.195003479719162	0.07715098559856415	0.14487282931804657
14	2		orientation	3.0106899738311768	172.49981689453125	0.1577146053314209	0.04339958727359772	0.11667017638683319
16	1		orientation	0.13089999556541443	7.500016689300537	0.34592729806900024	0.007099815644323826	0.2610781192779541
16	1		orientation	0.26179999113082886	15.000033378601074	0.35139456391334534	0.05170575529336929	0.26272764801979065
16	1		orientation	0.3926999866962433	22.500051498413086	0.35944312810897827	0.04493877291679382	0.2695558965206146
16	1		orientation	0.5235999822616577	30.00006675720215	0.33862221240997314	0.057782258838415146	0.2551230192184448
16	1		orientation	0.6545000076293945	37.50008773803711	0.3280127942562103	0.07195334136486053	0.2502460777759552
16	1		orientation	0.7853999733924866	45.00010299682617	0.313606321811676	0.036285217851400375	0.23140355944633484
16	1		orientation	0.9162999987602234	52.500118255615234	0.325815886259079	0.029720356687903404	0.2387780249118805
16	1		orientation	1.0471999645233154	60.0001335144043	0.321749210357666	0.0007513304008170962	0.24074235558509827
16	1		orientation	1.1780999898910522	67.50015258789062	0.33185237646102905	-0.005415181163698435	0.2498818337917328
16	1		orientation	1.309000015258789	75.00017547607422	0.3489244878292084	-0.026902347803115845	0.26800787448883057
16	1		orientation	1.4399000406265259	82.50019073486328	0.3449077010154724	-0.036550190299749374	0.2631959319114685
16	1		orientation	1.5707999467849731	90.00020599365234	0.32931461930274963	-0.02388252317905426	0.24337585270404816
16	1		orientation	1.70169997215271	97.5002212524414	0.34442123770713806	-0.019343646243214607	0.255884051322937
16	1		orientation	1.8325999975204468	105.00023651123047	0.3338856101036072	-0.04180915653705597	0.24916279315948486
16	1		orientation	1.9635000228881836	112.50025939941406	0.3438928425312042	-0.042286455631256104	0.25552311539649963
16	1		orientation	2.094399929046631	120.0002670288086	0.329576700925827	-0.03796662390232086	0.2473183274269104
16	1		orientation	2.225290060043335	127.49972534179688	0.3420182764530182	-0.03903471305966377	0.26065629720687866
16	1		orientation	2.3561899662017822	134.99974060058594	0.3380044996738434	-0.030485207214951515	0.24664029479026794
16	1		orientation	2.4870901107788086	142.499755859375	0.3161529302597046	-0.014989545568823814	0.23372283577919006
16	1		orientation	2.617990016937256	149.99977111816406	0.3006908893585205	0.002937509911134839	0.21849532425403595
16	1		orientation	2.748889923095703	157.49978637695312	0.3070503771305084	-0.015143921598792076	0.2224503457546234
16	1		orientation	2.8797900676727295	164.9998016357422	0.3221263587474823	-0.03340612351894379	0.2342342883348465
16	1		orientation	3.0106899738311768	172.49981689453125	0.3210039734840393	-0.03948751091957092	0.24361281096935272
16	2		orientation	0.13089999556541443	7.500016689300537	0.33428820967674255	-0.012216249480843544	0.2542026937007904
16	2		orientation	0.26179999113082886	15.000033378601074	0.3843372166156769	0.02805667370557785	0.28865522146224976
16	2		orientation	0.3926999866962433	22.500051498413086	0.3659975528717041	0.033640190958976746	0.273567259311676
16	2		orientation	0.5235999822616577	30.00006675720215	0.3534330129623413	0.06889720261096954	0.2675330936908722
16	2		orientation	0.6545000076293945	37.50008773803711	0.3349604904651642	0.0766327828168869	0.2615576684474945
16	2		orientation	0.7853999733924866	45.00010299682617	0.342631071805954	0.059334974735975266	0.25702881813049316
16	2		orientation	0.9162999987602234	52.500118255615234	0.32263487577438354	0.01892927847802639	0.23680344223976135
16	2		orientation	1.0471999645233154	60.0001335144043	0.3173292279243469	0.0033774282783269882	0.2341753989458084
16	2		orientation	1.1780999898910522	67.50015258789062	0.3338158428668976	-0.007414246443659067	0.2558479309082031
16	2		orientation	1.309000015258789	75.00017547607422	0.35927534103393555	-0.017953120172023773	0.2716187834739685
16	2		orientation	1.4399000406265259	82.50019073486328	0.33372437953948975	-0.0068710423074662685	0.25223642587661743
16	2		orientation	1.5707999467849731	90.00020599365234	0.3449297547340393	0.004950247704982758	0.2536895275115967
16	2		orientation	1.70169997215271	97.5002212524414	0.33040595054626465	-0.00188152224291116	0.24162708222866058
16	2		orientation	1.8325999975204468	105.00023651123047	0.3196931779384613	-0.02854800969362259	0.23816773295402527
16	2		orientation	1.9635000228881836	112.50025939941406	0.32963934540748596	-0.027996888384222984	0.2467334270477295
16	2		orientation	2.094399929046631	120.0002670288086	0.34359386563301086	-0.03627830371260643	0.2546312212944031
16	2		orientation	2.225290060043335	127.49972534179688	0.35847899317741394	-0.054060012102127075	0.26898977160453796
16	2		orientation	2.3561899662017822	134.99974060058594	0.3651837706565857	-0.04300844669342041	0.27754244208335876
16	2		orientation	2.4870901107788086	142.499755859375	0.3559627830982208	-0.00888057891279459	0.26355278491973877
16	2		orientation	2.617990016937256	149.99977111816406	0.3260064423084259	0.025643253698945045	0.23953260481357574
16	2		orientation	2.748889923095703	157.49978637695312	0.3107871413230896	-0.012260902673006058	0.2291635274887085
16	2		orientation	2.8797900676727295	164.9998016357422	0.31356287002563477	-0.0035597276873886585	0.2318703979253769
16	2		orientation	3.0106899738311768	172.49981689453125	0.31996747851371765	-0.03384062275290489	0.24172534048557281
13	1		orientation	0.13089999556541443	7.500016689300537	0.1077696830034256	-0.07762915641069412	0.10575314611196518
13	1		orientation	0.26179999113082886	15.000033378601074	0.14993631839752197	-0.13917094469070435	0.16247940063476562
13	1		orientation	0.3926999866962433	22.500051498413086	0.22275321185588837	-0.15254652500152588	0.19627904891967773
13	1		orientation	0.5235999822616577	30.00006675720215	0.3164486885070801	-0.0906125009059906	0.23071230947971344
13	1		orientation	0.6545000076293945	37.50008773803711	0.4128597676753998	0.004540299531072378	0.30575263500213623
13	1		orientation	0.7853999733924866	45.00010299682617	0.42212969064712524	0.11601053178310394	0.3223479688167572
13	1		orientation	0.9162999987602234	52.500118255615234	0.46049734950065613	0.2507534325122833	0.3613930642604828
13	1		orientation	1.0471999645233154	60.0001335144043	0.409191370010376	0.17813459038734436	0.32439178228378296
13	1		orientation	1.1780999898910522	67.50015258789062	0.3413400650024414	0.154804989695549	0.2942860424518585
13	1		orientation	1.309000015258789	75.00017547607422	0.23804406821727753	0.11170976608991623	0.20568175613880157
13	1		orientation	1.4399000406265259	82.50019073486328	0.19570967555046082	0.060487762093544006	0.14294877648353577
13	1		orientation	1.5707999467849731	90.00020599365234	0.16775913536548615	-0.034673187881708145	0.114598847925663
13	1		orientation	1.70169997215271	97.5002212524414	0.17913062870502472	-0.10980872809886932	0.1645040065050125
13	1		orientation	1.8325999975204468	105.00023651123047	0.22931580245494843	-0.13325317203998566	0.206410214304924
13	1		orientation	1.9635000228881836	112.50025939941406	0.27283787727355957	-0.1246332973241806	0.2202678918838501
13	1		orientation	2.094399929046631	120.0002670288086	0.273097425699234	-0.11279371380805969	0.19540181756019592
13	1		orientation	2.225290060043335	127.49972534179688	0.2792555093765259	-0.1376168429851532	0.1977013200521469
13	1		orientation	2.3561899662017822	134.99974060058594	0.37636297941207886	-0.20678524672985077	0.2951238453388214
13	1		orientation	2.4870901107788086	142.499755859375	0.5021470785140991	-0.0507052019238472	0.3723246157169342
13	1		orientation	2.617990016937256	149.99977111816406	0.4418233335018158	0.13433362543582916	0.31981658935546875
13	1		orientation	2.748889923095703	157.49978637695312	0.2413422018289566	0.18089157342910767	0.21556833386421204
13	1		orientation	2.8797900676727295	164.9998016357422	0.16446134448051453	0.1544148027896881	0.1739358752965927
13	1		orientation	3.0106899738311768	172.49981689453125	0.11042580008506775	0.10022808611392975	0.12080363184213638
13	2		orientation	0.13089999556541443	7.500016689300537	0.10213664174079895	-0.0672684907913208	0.09588313102722168
13	2		orientation	0.26179999113082886	15.000033378601074	0.1410137265920639	-0.1280224472284317	0.14968881011009216
13	2		orientation	0.3926999866962433	22.500051498413086	0.22234001755714417	-0.1542070209980011	0.19264626502990723
13	2		orientation	0.5235999822616577	30.00006675720215	0.3243512511253357	-0.09760688990354538	0.23418308794498444
13	2		orientation	0.6545000076293945	37.50008773803711	0.40528246760368347	-0.006112230475991964	0.2951841354370117
13	2		orientation	0.7853999733924866	45.00010299682617	0.4676196575164795	0.16348038613796234	0.3639949858188629
13	2		orientation	0.9162999987602234	52.500118255615234	0.4487103521823883	0.19453740119934082	0.3397071063518524
13	2		orientation	1.0471999645233154	60.0001335144043	0.4010221064090729	0.1853935420513153	0.31895601749420166
13	2		orientation	1.1780999898910522	67.50015258789062	0.31911200284957886	0.14718537032604218	0.2719436585903168
13	2		orientation	1.309000015258789	75.00017547607422	0.22993524372577667	0.0931348130106926	0.19382913410663605
13	2		orientation	1.4399000406265259	82.50019073486328	0.1885814219713211	0.04843650013208389	0.13539274036884308
13	2		orientation	1.5707999467849731	90.00020599365234	0.15162266790866852	-0.03800184652209282	0.10760407894849777
13	2		orientation	1.70169997215271	97.5002212524414	0.16416308283805847	-0.10697894543409348	0.1559237688779831
13	2		orientation	1.8325999975204468	105.00023651123047	0.2235373854637146	-0.12202470749616623	0.19885271787643433
13	2		orientation	1.9635000228881836	112.50025939941406	0.2564123272895813	-0.10123320668935776	0.19683605432510376
13	2		orientation	2.094399929046631	120.0002670288086	0.253286212682724	-0.10073258727788925	0.179824098944664
13	2		orientation	2.225290060043335	127.49972534179688	0.30973589420318604	-0.17161981761455536	0.22201007604599
13	2		orientation	2.3561899662017822	134.99974060058594	0.38032063841819763	-0.20308522880077362	0.28864428400993347
13	2		orientation	2.4870901107788086	142.499755859375	0.5364344716072083	-0.01954127848148346	0.3979317545890808
13	2		orientation	2.617990016937256	149.99977111816406	0.3946973383426666	0.1602790355682373	0.2832604944705963
13	2		orientation	2.748889923095703	157.49978637695312	0.2314506471157074	0.17331017553806305	0.20124541223049164
13	2		orientation	2.8797900676727295	164.9998016357422	0.15452434122562408	0.1457815319299698	0.16677413880825043
13	2		orientation	3.0106899738311768	172.49981689453125	0.10907136648893356	0.09991631656885147	0.11906961351633072
26	1		orientation	0.13089999556541443	7.500016689300537	0.30452677607536316	0.06475220620632172	0.23742841184139252
26	1		orientation	0.26179999113082886	15.000033378601074	0.28920289874076843	0.04630802199244499	0.2143605649471283
26	1		orientation	0.3926999866962433	22.500051498413086	0.27140748500823975	0.02034970000386238	0.1983863264322281
26	1		orientation	0.5235999822616577	30.00006675720215	0.29004210233688354	0.03293037787079811	0.21782509982585907
26	1		orientation	0.6545000076293945	37.50008773803711	0.3021869361400604	0.04509211331605911	0.22787770628929138
26	1		orientation	0.7853999733924866	45.00010299682617	0.3177170157432556	0.012708673253655434	0.23275184631347656
26	1		orientation	0.9162999987602234	52.500118255615234	0.3588671088218689	-0.0040489365346729755	0.26696959137916565
26	1		orientation	1.0471999645233154	60.0001335144043	0.40401971340179443	-0.02140694111585617	0.31046056747436523
26	1		orientation	1.1780999898910522	67.50015258789062	0.442359060049057	-0.003060469636693597	0.3466513156890869
26	1		orientation	1.309000015258789	75.00017547607422	0.43853631615638733	0.06383424252271652	0.3454229235649109
26	1		orientation	1.4399000406265259	82.50019073486328	0.355145126581192	0.10897205770015717	0.2876424193382263
26	1		orientation	1.5707999467849731	90.00020599365234	0.2493216097354889	0.08393137902021408	0.19869622588157654
26	1		orientation	1.70169997215271	97.5002212524414	0.21628500521183014	0.0061776600778102875	0.1542923003435135
26	1		orientation	1.8325999975204468	105.00023651123047	0.22088417410850525	-0.05102028697729111	0.16317333281040192
26	1		orientation	1.9635000228881836	112.50025939941406	0.25959694385528564	-0.13536906242370605	0.22266174852848053
26	1		orientation	2.094399929046631	120.0002670288086	0.33146411180496216	-0.12438652664422989	0.27198857069015503
26	1		orientation	2.225290060043335	127.49972534179688	0.39143040776252747	-0.07626161724328995	0.3053349256515503
26	1		orientation	2.3561899662017822	134.99974060058594	0.39398670196533203	-0.00099236611276865	0.29899701476097107
26	1		orientation	2.4870901107788086	142.499755859375	0.3390951454639435	0.0418836735188961	0.2564662992954254
26	1		orientation	2.617990016937256	149.99977111816406	0.3087256848812103	-0.008165281265974045	0.22324059903621674
26	1		orientation	2.748889923095703	157.49978637695312	0.33207306265830994	-0.022628866136074066	0.23756784200668335
26	1		orientation	2.8797900676727295	164.9998016357422	0.3330953121185303	-0.037380438297986984	0.2529498040676117
26	1		orientation	3.0106899738311768	172.49981689453125	0.36066970229148865	-0.014526237733662128	0.28223052620887756
26	2		orientation	0.13089999556541443	7.500016689300537	0.2523273527622223	0.0350358709692955	0.1940423846244812
26	2		orientation	0.26179999113082886	15.000033378601074	0.22953331470489502	0.04198655113577843	0.16861660778522491
26	2		orientation	0.3926999866962433	22.500051498413086	0.23259352147579193	0.04172813519835472	0.17204561829566956
26	2		orientation	0.5235999822616577	30.00006675720215	0.22982746362686157	0.025683308020234108	0.1742095947265625
26	2		orientation	0.6545000076293945	37.50008773803711	0.2441352754831314	0.03507017344236374	0.18317937850952148
26	2		orientation	0.7853999733924866	45.00010299682617	0.25720858573913574	0.02885996550321579	0.184995636343956
26	2		orientation	0.9162999987602234	52.500118255615234	0.265593945980072	-0.006757994648069143	0.1918053925037384
26	2		orientation	1.0471999645233154	60.0001335144043	0.3243362605571747	-0.04002780839800835	0.24650898575782776
26	2		orientation	1.1780999898910522	67.50015258789062	0.37630563974380493	-0.019381577149033546	0.29319092631340027
26	2		orientation	1.309000015258789	75.00017547607422	0.3729243874549866	0.04050036519765854	0.29016172885894775
26	2		orientation	1.4399000406265259	82.50019073486328	0.2938488721847534	0.10075731575489044	0.24254544079303741
26	2		orientation	1.5707999467849731	90.00020599365234	0.21140368282794952	0.07535484433174133	0.17052435874938965
26	2		orientation	1.70169997215271	97.5002212524414	0.1801350861787796	0.014539199881255627	0.12978830933570862
26	2		orientation	1.8325999975204468	105.00023651123047	0.17000935971736908	-0.05483761429786682	0.13323907554149628
26	2		orientation	1.9635000228881836	112.50025939941406	0.20510698854923248	-0.10933981090784073	0.1810493916273117
26	2		orientation	2.094399929046631	120.0002670288086	0.2779126465320587	-0.13003726303577423	0.23517295718193054
26	2		orientation	2.225290060043335	127.49972534179688	0.31612178683280945	-0.056362684816122055	0.24457703530788422
26	2		orientation	2.3561899662017822	134.99974060058594	0.30200478434562683	0.021341439336538315	0.23098516464233398
26	2		orientation	2.4870901107788086	142.499755859375	0.2694111764431	0.04135064035654068	0.20055608451366425
26	2		orientation	2.617990016937256	149.99977111816406	0.2377418875694275	0.012808652594685555	0.16934478282928467
26	2		orientation	2.748889923095703	157.49978637695312	0.25390246510505676	-0.044410500675439835	0.18127775192260742
26	2		orientation	2.8797900676727295	164.9998016357422	0.26890894770622253	-0.04931780323386192	0.2044767439365387
26	2		orientation	3.0106899738311768	172.49981689453125	0.3084336221218109	-0.023739544674754143	0.2379484921693802
09	1		orientation	0.13089999556541443	7.500016689300537	0.18016552925109863	0.04021582007408142	0.11864207684993744
09	1		orientation	0.26179999113082886	15.000033378601074	0.15383249521255493	0.05181850492954254	0.10916462540626526
09	1		orientation	0.3926999866962433	22.500051498413086	0.13465414941310883	0.03273973986506462	0.10285165160894394
09	1		orientation	0.5235999822616577	30.00006675720215	0.15673953294754028	0.023752419278025627	0.11695165932178497
09	1		orientation	0.6545000076293945	37.50008773803711	0.1726933866739273	0.02094314619898796	0.13133661448955536
09	1		orientation	0.7853999733924866	45.00010299682617	0.16407743096351624	0.029389850795269012	0.12823379039764404
09	1		orientation	0.9162999987602234	52.500118255615234	0.16248422861099243	0.017281759530305862	0.12756216526031494
09	1		orientation	1.0471999645233154	60.0001335144043	0.151542067527771	-0.004838632885366678	0.11735464632511139
09	1		orientation	1.1780999898910522	67.50015258789062	0.16166213154792786	-0.017378030344843864	0.12655800580978394
09	1		orientation	1.309000015258789	75.00017547607422	0.1746271401643753	-0.03625556081533432	0.13595326244831085
09	1		orientation	1.4399000406265259	82.50019073486328	0.18473538756370544	-0.019685907289385796	0.13849003612995148
09	1		orientation	1.5707999467849731	90.00020599365234	0.1869734525680542	-0.006908867042511702	0.13851168751716614
09	1		orientation	1.70169997215271	97.5002212524414	0.18078944087028503	0.0065232268534600735	0.13640998303890228
09	1		orientation	1.8325999975204468	105.00023651123047	0.1742219477891922	0.008203359320759773	0.13127624988555908
09	1		orientation	1.9635000228881836	112.50025939941406	0.17603468894958496	0.0007214900106191635	0.13005290925502777
09	1		orientation	2.094399929046631	120.0002670288086	0.16554608941078186	-0.005404697265475988	0.12457641959190369
09	1		orientation	2.225290060043335	127.49972534179688	0.1753005087375641	-0.011358356103301048	0.13404187560081482
09	1		orientation	2.3561899662017822	134.99974060058594	0.17663325369358063	0.012691156007349491	0.1401645690202713
09	1		orientation	2.4870901107788086	142.499755859375	0.16293016076087952	0.030144477263092995	0.13061952590942383
09	1		orientation	2.617990016937256	149.99977111816406	0.13470634818077087	0.014660785906016827	0.10553085058927536
09	1		orientation	2.748889923095703	157.49978637695312	0.11560770124197006	-0.031623464077711105	0.09203162789344788
09	1		orientation	2.8797900676727295	164.9998016357422	0.1275528371334076	-0.08430195599794388	0.11436455696821213
09	1		orientation	3.0106899738311768	172.49981689453125	0.16868413984775543	-0.10316070914268494	0.1473434865474701
09	2		orientation	0.13089999556541443	7.500016689300537	0.2184942215681076	0.039561644196510315	0.14985592663288116
09	2		orientation	0.26179999113082886	15.000033378601074	0.1940232515335083	0.07014501839876175	0.13791769742965698
09	2		orientation	0.3926999866962433	22.500051498413086	0.16656307876110077	0.05274222418665886	0.12314099073410034
09	2		orientation	0.5235999822616577	30.00006675720215	0.1660355180501938	0.027874821797013283	0.1271749883890152
09	2		orientation	0.6545000076293945	37.50008773803711	0.18464070558547974	0.031506139785051346	0.14256805181503296
09	2		orientation	0.7853999733924866	45.00010299682617	0.19476822018623352	0.03308940306305885	0.15354129672050476
09	2		orientation	0.9162999987602234	52.500118255615234	0.19283145666122437	0.013708001933991909	0.15075957775115967
09	2		orientation	1.0471999645233154	60.0001335144043	0.17440053820610046	-0.015371262095868587	0.13797561824321747
09	2		orientation	1.1780999898910522	67.50015258789062	0.1834469735622406	-0.024521339684724808	0.14256218075752258
09	2		orientation	1.309000015258789	75.00017547607422	0.19792436063289642	-0.030876919627189636	0.15035495162010193
09	2		orientation	1.4399000406265259	82.50019073486328	0.19794675707817078	-0.033334337174892426	0.15302756428718567
09	2		orientation	1.5707999467849731	90.00020599365234	0.2063266932964325	-0.009209166280925274	0.15508557856082916
09	2		orientation	1.70169997215271	97.5002212524414	0.20286494493484497	0.0037033839616924524	0.15316538512706757
09	2		orientation	1.8325999975204468	105.00023651123047	0.19107472896575928	-0.005108649376779795	0.14174529910087585
09	2		orientation	1.9635000228881836	112.50025939941406	0.20087872445583344	-0.005426150746643543	0.1503792405128479
09	2		orientation	2.094399929046631	120.0002670288086	0.19354213774204254	-0.007364118471741676	0.14369110763072968
09	2		orientation	2.225290060043335	127.49972534179688	0.19230499863624573	-0.010747582651674747	0.14566881954669952
09	2		orientation	2.3561899662017822	134.99974060058594	0.20419561862945557	0.021415887400507927	0.1582883894443512
09	2		orientation	2.4870901107788086	142.499755859375	0.1686481386423111	0.038193993270397186	0.135928675532341
09	2		orientation	2.617990016937256	149.99977111816406	0.14480814337730408	0.010705206543207169	0.11256550997495651
09	2		orientation	2.748889923095703	157.49978637695312	0.12924978137016296	-0.0352158285677433	0.09928946197032928
09	2		orientation	2.8797900676727295	164.9998016357422	0.14820563793182373	-0.09059478342533112	0.12893463671207428
09	2		orientation	3.0106899738311768	172.49981689453125	0.18513330817222595	-0.11183374375104904	0.1681511104106903
