subject	session	orientation	sd_E	mean_abs_error
03	1	0.0	0.1733541190624237	0.10830021649599075
03	1	0.9999999403953552	0.1553146094083786	0.09672024101018906
03	1	1.9999998807907104	0.18040606379508972	0.11154055595397949
03	1	3.0	0.15697243809700012	0.10015511512756348
03	1	3.999999761581421	0.14512942731380463	0.09511761367321014
03	1	4.999999523162842	0.15324190258979797	0.0954241156578064
03	1	6.0	0.13981576263904572	0.09372732788324356
03	1	6.999999523162842	0.14662647247314453	0.09480763971805573
03	1	7.999999523162842	0.13466137647628784	0.09555892646312714
03	1	9.0	0.1277022808790207	0.09031237661838531
03	1	9.999999046325684	0.12945656478405	0.09224250912666321
03	1	10.999999046325684	0.14261995255947113	0.09925317019224167
03	1	12.0	0.13706669211387634	0.09499270468950272
03	1	12.999999046325684	0.1291598677635193	0.0951828882098198
03	1	13.999999046325684	0.13821585476398468	0.0987425372004509
03	1	15.0	0.13782666623592377	0.09784091264009476
03	1	15.999999046325684	0.14315713942050934	0.09858303517103195
03	1	16.999998092651367	0.13119658827781677	0.09270115941762924
03	1	18.0	0.1343311071395874	0.0943906307220459
03	1	18.999998092651367	0.1534045934677124	0.1017448753118515
03	1	19.999998092651367	0.15385717153549194	0.10498055070638657
03	1	21.0	0.15248553454875946	0.09885548800230026
03	1	21.999998092651367	0.12596194446086884	0.08982589840888977
03	1	22.999998092651367	0.1504695564508438	0.10029274225234985
03	1	24.0	0.1592109352350235	0.10494448244571686
03	1	24.999998092651367	0.14085419476032257	0.09652673453092575
03	1	25.999998092651367	0.16594435274600983	0.11136050522327423
03	1	27.0	0.15254990756511688	0.10677768290042877
03	1	27.999998092651367	0.15795950591564178	0.1126617044210434
03	1	28.999998092651367	0.15608283877372742	0.11297190189361572
03	1	30.0	0.16902756690979004	0.11998805403709412
03	1	30.999996185302734	0.16535915434360504	0.12181727588176727
03	1	31.999998092651367	0.15285560488700867	0.11653419584035873
03	1	33.0	0.16811276972293854	0.12638497352600098
03	1	33.999996185302734	0.15127015113830566	0.1138887107372284
03	1	34.999996185302734	0.15647101402282715	0.11821611225605011
03	1	36.0	0.14901947975158691	0.11246470361948013
03	1	36.999996185302734	0.15482176840305328	0.11508484184741974
03	1	37.999996185302734	0.14020681381225586	0.10453608632087708
03	1	39.0	0.13843399286270142	0.10344395041465759
03	1	39.999996185302734	0.1470870077610016	0.10319902002811432
03	1	40.999996185302734	0.14014200866222382	0.10125865042209625
03	1	42.0	0.13545529544353485	0.09561324864625931
03	1	42.999996185302734	0.12117533385753632	0.08794575184583664
03	1	43.999996185302734	0.1374826282262802	0.0923549085855484
03	1	45.0	0.13324101269245148	0.09276657551527023
03	1	45.999996185302734	0.11837542057037354	0.0865538939833641
03	1	46.999996185302734	0.1312236189842224	0.09344462305307388
03	1	48.0	0.12492498755455017	0.09110886603593826
03	1	48.999996185302734	0.14010275900363922	0.09603288769721985
03	1	49.999996185302734	0.1266862004995346	0.09091482311487198
03	1	51.0	0.13531692326068878	0.0989164188504219
03	1	51.999996185302734	0.11980631947517395	0.0908866599202156
03	1	52.999996185302734	0.13913843035697937	0.10062269866466522
03	1	54.0	0.14829228818416595	0.1060526892542839
03	1	54.999996185302734	0.14470627903938293	0.10677136480808258
03	1	55.999996185302734	0.1443910151720047	0.10067887604236603
03	1	57.0	0.15805864334106445	0.10690989345312119
03	1	57.999996185302734	0.1561289280653	0.10899259895086288
03	1	58.999996185302734	0.15784335136413574	0.10956365615129471
03	1	60.0	0.14512278139591217	0.09896425157785416
03	1	61.0	0.16781212389469147	0.11148043721914291
03	1	61.99999237060547	0.18548306822776794	0.11784737557172775
03	1	62.999996185302734	0.1765468418598175	0.11571995913982391
03	1	63.999996185302734	0.17162473499774933	0.11163181811571121
03	1	65.0	0.18325087428092957	0.11922360956668854
03	1	66.0	0.197397843003273	0.1284395456314087
03	1	67.0	0.2010156363248825	0.132966086268425
03	1	67.99999237060547	0.20714916288852692	0.13644258677959442
03	1	68.99999237060547	0.2110154628753662	0.1406659632921219
03	1	69.99999237060547	0.21332155168056488	0.1440443992614746
03	1	71.0	0.23411032557487488	0.1570063978433609
03	1	72.0	0.22977499663829803	0.15676045417785645
03	1	73.0	0.23350124061107635	0.16529975831508636
03	1	73.99999237060547	0.21281762421131134	0.14980942010879517
03	1	74.99999237060547	0.22671732306480408	0.15969520807266235
03	1	75.99999237060547	0.2083834409713745	0.15430493652820587
03	1	77.0	0.2184407263994217	0.15767154097557068
03	1	78.0	0.18580321967601776	0.1392529308795929
03	1	79.0	0.2017783373594284	0.1532140076160431
03	1	79.99999237060547	0.19226327538490295	0.14040973782539368
03	1	80.99999237060547	0.1687772572040558	0.12738969922065735
03	1	81.99999237060547	0.17206509411334991	0.11989833414554596
03	1	83.0	0.15389929711818695	0.11023435741662979
03	1	84.0	0.16142159700393677	0.1054944321513176
03	1	84.99999237060547	0.136474147439003	0.08601207286119461
03	1	85.99999237060547	0.12860682606697083	0.07908729463815689
03	1	86.99999237060547	0.12187071889638901	0.07083278894424438
03	1	87.99999237060547	0.11366226524114609	0.0648876205086708
03	1	89.0	0.13120457530021667	0.06870883703231812
03	1	90.0	0.13803406059741974	0.0739591047167778
03	1	90.99999237060547	0.13942082226276398	0.07808331400156021
03	1	91.99999237060547	0.1582348644733429	0.09283560514450073
03	1	92.99999237060547	0.1598147600889206	0.1020849272608757
03	1	93.99999237060547	0.1518172323703766	0.10311311483383179
03	1	95.0	0.16182202100753784	0.1135173961520195
03	1	96.0	0.18818475306034088	0.13426540791988373
03	1	96.99999237060547	0.1895514875650406	0.1393810659646988
03	1	97.99999237060547	0.20158444344997406	0.14603368937969208
03	1	98.99999237060547	0.21998663246631622	0.1615835279226303
03	1	99.99999237060547	0.22328749299049377	0.16065599024295807
03	1	100.99999237060547	0.23714035749435425	0.17015571892261505
03	1	102.0	0.2422686070203781	0.17709127068519592
03	1	102.99999237060547	0.2534051239490509	0.18096551299095154
03	1	103.99999237060547	0.25455349683761597	0.18126440048217773
03	1	104.99999237060547	0.25470298528671265	0.18016262352466583
03	1	105.99999237060547	0.23980318009853363	0.17248870432376862
03	1	106.99999237060547	0.24271371960639954	0.17140552401542664
03	1	108.0	0.23622649908065796	0.16602273285388947
03	1	108.99999237060547	0.22539040446281433	0.15472808480262756
03	1	109.99999237060547	0.22193074226379395	0.14874854683876038
03	1	110.99999237060547	0.2116265743970871	0.144048810005188
03	1	111.99999237060547	0.20838062465190887	0.13111120462417603
03	1	112.99999237060547	0.20019833743572235	0.12621285021305084
03	1	114.0	0.19158856570720673	0.1192765012383461
03	1	115.0	0.18519733846187592	0.11678468436002731
03	1	115.99999237060547	0.19440285861492157	0.12163446843624115
03	1	117.0	0.19768208265304565	0.1245596781373024
03	1	117.99999237060547	0.1779433935880661	0.11214036494493484
03	1	118.99999237060547	0.1862180531024933	0.12475170940160751
03	1	120.0	0.19830064475536346	0.1351192593574524
03	1	120.99999237060547	0.20363162457942963	0.1367020308971405
03	1	122.0	0.19045254588127136	0.133741095662117
03	1	122.99999237060547	0.21612359583377838	0.15173113346099854
03	1	123.99998474121094	0.21216122806072235	0.14767895638942719
03	1	124.99999237060547	0.2223026603460312	0.15661263465881348
03	1	125.99999237060547	0.20094023644924164	0.14431917667388916
03	1	127.0	0.20265446603298187	0.1461574137210846
03	1	127.99999237060547	0.18874585628509521	0.13472385704517365
03	1	128.99998474121094	0.21212610602378845	0.15032972395420074
03	1	130.0	0.18418550491333008	0.13086095452308655
03	1	130.99998474121094	0.18454132974147797	0.13051125407218933
03	1	132.0	0.15934529900550842	0.11410361528396606
03	1	132.99998474121094	0.17391124367713928	0.12051559239625931
03	1	134.0	0.17819564044475555	0.12020798772573471
03	1	135.0	0.1643655002117157	0.11182455718517303
03	1	135.99998474121094	0.17284710705280304	0.11346930265426636
03	1	137.0	0.16882070899009705	0.11158020794391632
03	1	137.99998474121094	0.16111528873443604	0.10759250074625015
03	1	139.0	0.16338105499744415	0.10955478250980377
03	1	139.99998474121094	0.14928750693798065	0.10485846549272537
03	1	140.99998474121094	0.16483274102210999	0.11322849243879318
03	1	142.0	0.1453058123588562	0.10620265454053879
03	1	142.99998474121094	0.1524275839328766	0.11139996349811554
03	1	144.0	0.13912229239940643	0.10286987572908401
03	1	144.99998474121094	0.13998058438301086	0.10603759437799454
03	1	146.0	0.13684901595115662	0.10362064838409424
03	1	147.0	0.13890781998634338	0.10154026746749878
03	1	147.99998474121094	0.13893824815750122	0.10256004333496094
03	1	149.0	0.1449914425611496	0.10494709759950638
03	1	149.99998474121094	0.14180798828601837	0.09850272536277771
03	1	151.0	0.13200493156909943	0.0901111289858818
03	1	151.99998474121094	0.13626150786876678	0.09259764105081558
03	1	152.99998474121094	0.13273419439792633	0.09290660172700882
03	1	154.0	0.12535464763641357	0.0854078158736229
03	1	154.99998474121094	0.12621180713176727	0.08676642179489136
03	1	156.0	0.13531726598739624	0.09156103432178497
03	1	156.99998474121094	0.13447755575180054	0.09470774978399277
03	1	158.0	0.14662277698516846	0.10546083003282547
03	1	158.99998474121094	0.14993153512477875	0.11818284541368484
03	1	159.99998474121094	0.16326047480106354	0.12236523628234863
03	1	161.0	0.1509442925453186	0.12394607812166214
03	1	161.99998474121094	0.16532422602176666	0.13688413798809052
03	1	163.0	0.17033150792121887	0.13597148656845093
03	1	163.99998474121094	0.20080271363258362	0.16232812404632568
03	1	164.99998474121094	0.2017531543970108	0.16388919949531555
03	1	166.0	0.2177671641111374	0.16825349628925323
03	1	166.99998474121094	0.231941357254982	0.1718631535768509
03	1	168.0	0.2456102967262268	0.17805713415145874
03	1	168.99998474121094	0.24473145604133606	0.16850173473358154
03	1	169.99998474121094	0.23190908133983612	0.15567252039909363
03	1	170.99998474121094	0.23355776071548462	0.15203377604484558
03	1	171.99998474121094	0.23756730556488037	0.1527087539434433
03	1	173.0	0.2367994785308838	0.14944668114185333
03	1	173.99998474121094	0.24529419839382172	0.14949734508991241
03	1	175.0	0.2457328736782074	0.14759577810764313
03	1	175.99998474121094	0.19766928255558014	0.11733867228031158
03	1	176.99998474121094	0.22963953018188477	0.135406956076622
03	1	178.0	0.1965925544500351	0.12051281332969666
03	1	178.99998474121094	0.17159774899482727	0.10660628974437714
03	2	0.0	0.15213268995285034	0.09585888683795929
03	2	0.9999999403953552	0.15142858028411865	0.09332291781902313
03	2	1.9999998807907104	0.14504577219486237	0.09103336930274963
03	2	3.0	0.13250818848609924	0.08777499198913574
03	2	3.999999761581421	0.13050919771194458	0.0882830023765564
03	2	4.999999523162842	0.13229265809059143	0.08620008826255798
03	2	6.0	0.12538665533065796	0.08292850852012634
03	2	6.999999523162842	0.12790575623512268	0.08893304318189621
03	2	7.999999523162842	0.11401690542697906	0.07927339524030685
03	2	9.0	0.1273164600133896	0.08548794686794281
03	2	9.999999046325684	0.12082533538341522	0.08691607415676117
03	2	10.999999046325684	0.1145051047205925	0.08563875406980515
03	2	12.0	0.11919840425252914	0.0856512188911438
03	2	12.999999046325684	0.1247028037905693	0.08663726598024368
03	2	13.999999046325684	0.11551790684461594	0.08687768876552582
03	2	15.0	0.11820065975189209	0.0866297036409378
03	2	15.999999046325684	0.11827167868614197	0.08539381623268127
03	2	16.999998092651367	0.10517861694097519	0.07882919162511826
03	2	18.0	0.10967015475034714	0.08218992501497269
03	2	18.999998092651367	0.12324342876672745	0.08769121766090393
03	2	19.999998092651367	0.12431010603904724	0.08601491153240204
03	2	21.0	0.1292029321193695	0.08806169033050537
03	2	21.999998092651367	0.1265549659729004	0.08608487248420715
03	2	22.999998092651367	0.12442972511053085	0.08927138149738312
03	2	24.0	0.12539316713809967	0.0908636599779129
03	2	24.999998092651367	0.13873198628425598	0.09379275143146515
03	2	25.999998092651367	0.13108474016189575	0.0951152816414833
03	2	27.0	0.13114295899868011	0.09474798291921616
03	2	27.999998092651367	0.14241577684879303	0.0998983085155487
03	2	28.999998092651367	0.14496110379695892	0.10490044951438904
03	2	30.0	0.1418718546628952	0.10862216353416443
03	2	30.999996185302734	0.1529901921749115	0.11250279098749161
03	2	31.999998092651367	0.14473816752433777	0.10955354571342468
03	2	33.0	0.14394278824329376	0.1083531305193901
03	2	33.999996185302734	0.1440914124250412	0.10685719549655914
03	2	34.999996185302734	0.1440533548593521	0.10475557297468185
03	2	36.0	0.14586101472377777	0.10670098662376404
03	2	36.999996185302734	0.15269874036312103	0.10967180877923965
03	2	37.999996185302734	0.1416984498500824	0.10344833135604858
03	2	39.0	0.13828180730342865	0.10103064030408859
03	2	39.999996185302734	0.12804868817329407	0.09447290748357773
03	2	40.999996185302734	0.1272665113210678	0.09302787482738495
03	2	42.0	0.12623703479766846	0.09081675857305527
03	2	42.999996185302734	0.12864874303340912	0.09138457477092743
03	2	43.999996185302734	0.13375839591026306	0.0935228243470192
03	2	45.0	0.12823578715324402	0.08831251412630081
03	2	45.999996185302734	0.11863458156585693	0.08558040112257004
03	2	46.999996185302734	0.13117507100105286	0.09056032449007034
03	2	48.0	0.12909650802612305	0.08849116414785385
03	2	48.999996185302734	0.12923118472099304	0.09355473518371582
03	2	49.999996185302734	0.12487354129552841	0.0914023220539093
03	2	51.0	0.12308117747306824	0.0923297256231308
03	2	51.999996185302734	0.12539783120155334	0.09406216442584991
03	2	52.999996185302734	0.12801429629325867	0.09479190409183502
03	2	54.0	0.13198237121105194	0.09653466939926147
03	2	54.999996185302734	0.13544513285160065	0.09878210723400116
03	2	55.999996185302734	0.134269118309021	0.0943409875035286
03	2	57.0	0.1445664018392563	0.09808563441038132
03	2	57.999996185302734	0.15254805982112885	0.10251542925834656
03	2	58.999996185302734	0.1592952013015747	0.10471844673156738
03	2	60.0	0.15212899446487427	0.09770190715789795
03	2	61.0	0.13619861006736755	0.09627493470907211
03	2	61.99999237060547	0.15778112411499023	0.10116463899612427
03	2	62.999996185302734	0.15686620771884918	0.10063360631465912
03	2	63.999996185302734	0.1548953503370285	0.0995948314666748
03	2	65.0	0.16912463307380676	0.10951370000839233
03	2	66.0	0.17369376122951508	0.11421137303113937
03	2	67.0	0.1824929267168045	0.11872927844524384
03	2	67.99999237060547	0.18615663051605225	0.12607920169830322
03	2	68.99999237060547	0.19470827281475067	0.13118717074394226
03	2	69.99999237060547	0.2005256712436676	0.13240791857242584
03	2	71.0	0.19399020075798035	0.13239334523677826
03	2	72.0	0.20640186965465546	0.14250680804252625
03	2	73.0	0.21909792721271515	0.14916470646858215
03	2	73.99999237060547	0.20402446389198303	0.14204265177249908
03	2	74.99999237060547	0.19503208994865417	0.14025773108005524
03	2	75.99999237060547	0.1799641251564026	0.1388501524925232
03	2	77.0	0.18323470652103424	0.14066360890865326
03	2	78.0	0.15990020334720612	0.12455678731203079
03	2	79.0	0.16393926739692688	0.1330384463071823
03	2	79.99999237060547	0.15294374525547028	0.12182419002056122
03	2	80.99999237060547	0.15582622587680817	0.11806060373783112
03	2	81.99999237060547	0.12897737324237823	0.10288570821285248
03	2	83.0	0.1176406592130661	0.09494417160749435
03	2	84.0	0.11204176396131516	0.08602413535118103
03	2	84.99999237060547	0.10697979480028152	0.07688730955123901
03	2	85.99999237060547	0.11349910497665405	0.07005317509174347
03	2	86.99999237060547	0.12222881615161896	0.06946152448654175
03	2	87.99999237060547	0.11993106454610825	0.06553639471530914
03	2	89.0	0.12345340102910995	0.06512361019849777
03	2	90.0	0.1104620173573494	0.061125535517930984
03	2	90.99999237060547	0.11188878864049911	0.06776981800794601
03	2	91.99999237060547	0.11783362925052643	0.07614683359861374
03	2	92.99999237060547	0.13342954218387604	0.08911062777042389
03	2	93.99999237060547	0.14086058735847473	0.09854286164045334
03	2	95.0	0.14644867181777954	0.10801642388105392
03	2	96.0	0.16246992349624634	0.12039627134799957
03	2	96.99999237060547	0.1855446845293045	0.13586869835853577
03	2	97.99999237060547	0.17766334116458893	0.13428659737110138
03	2	98.99999237060547	0.20068219304084778	0.14518563449382782
03	2	99.99999237060547	0.20357444882392883	0.1504058688879013
03	2	100.99999237060547	0.21467135846614838	0.1567431390285492
03	2	102.0	0.23323644697666168	0.16598641872406006
03	2	102.99999237060547	0.2378438413143158	0.16869263350963593
03	2	103.99999237060547	0.23193590342998505	0.16288639605045319
03	2	104.99999237060547	0.21472957730293274	0.15339338779449463
03	2	105.99999237060547	0.2284843921661377	0.16074100136756897
03	2	106.99999237060547	0.20521333813667297	0.14292007684707642
03	2	108.0	0.22460801899433136	0.15206021070480347
03	2	108.99999237060547	0.19994279742240906	0.13777373731136322
03	2	109.99999237060547	0.19586186110973358	0.12773658335208893
03	2	110.99999237060547	0.18804286420345306	0.122324138879776
03	2	111.99999237060547	0.18470731377601624	0.11605676263570786
03	2	112.99999237060547	0.17933611571788788	0.10932096838951111
03	2	114.0	0.18005138635635376	0.10887141525745392
03	2	115.0	0.17482557892799377	0.10547366738319397
03	2	115.99999237060547	0.17814314365386963	0.108232282102108
03	2	117.0	0.18405161798000336	0.11401298642158508
03	2	117.99999237060547	0.17567194998264313	0.10853059589862823
03	2	118.99999237060547	0.17905831336975098	0.11508456617593765
03	2	120.0	0.1867913156747818	0.12433871626853943
03	2	120.99999237060547	0.18597520887851715	0.12572725117206573
03	2	122.0	0.1849154531955719	0.12645962834358215
03	2	122.99999237060547	0.19032472372055054	0.13143950700759888
03	2	123.99998474121094	0.19691677391529083	0.13968874514102936
03	2	124.99999237060547	0.19331291317939758	0.13511723279953003
03	2	125.99999237060547	0.201961949467659	0.14086678624153137
03	2	127.0	0.1940552145242691	0.13980694115161896
03	2	127.99999237060547	0.17994830012321472	0.1284826099872589
03	2	128.99998474121094	0.171279177069664	0.12222976237535477
03	2	130.0	0.18311603367328644	0.12742991745471954
03	2	130.99998474121094	0.1703476458787918	0.12094828486442566
03	2	132.0	0.17039120197296143	0.11852975189685822
03	2	132.99998474121094	0.15780574083328247	0.10847518593072891
03	2	134.0	0.1491192877292633	0.1026216447353363
03	2	135.0	0.15076792240142822	0.10479489713907242
03	2	135.99998474121094	0.14888980984687805	0.10145831108093262
03	2	137.0	0.13953478634357452	0.09536401182413101
03	2	137.99998474121094	0.14881038665771484	0.1027626320719719
03	2	139.0	0.14491038024425507	0.09902667254209518
03	2	139.99998474121094	0.14732833206653595	0.10336341708898544
03	2	140.99998474121094	0.1338091939687729	0.0981324166059494
03	2	142.0	0.13637052476406097	0.10015767067670822
03	2	142.99998474121094	0.13929353654384613	0.10178616642951965
03	2	144.0	0.1314556747674942	0.0980650782585144
03	2	144.99998474121094	0.1340821534395218	0.10056813061237335
03	2	146.0	0.12834982573986053	0.09667849540710449
03	2	147.0	0.13156934082508087	0.09885037690401077
03	2	147.99998474121094	0.11760275810956955	0.09003298729658127
03	2	149.0	0.12473940849304199	0.08965480327606201
03	2	149.99998474121094	0.12184803932905197	0.08682270348072052
03	2	151.0	0.11688032001256943	0.08291775733232498
03	2	151.99998474121094	0.12168983370065689	0.08257677406072617
03	2	152.99998474121094	0.10887673497200012	0.07300212234258652
03	2	154.0	0.10974612087011337	0.07530871778726578
03	2	154.99998474121094	0.12035884708166122	0.08331330865621567
03	2	156.0	0.11773373186588287	0.07825493067502975
03	2	156.99998474121094	0.11604999005794525	0.0826895460486412
03	2	158.0	0.11866313219070435	0.08844497054815292
03	2	158.99998474121094	0.1363317370414734	0.09865280240774155
03	2	159.99998474121094	0.1288343220949173	0.10054599493741989
03	2	161.0	0.14408300817012787	0.1117488220334053
03	2	161.99998474121094	0.15586166083812714	0.12460653483867645
03	2	163.0	0.15046252310276031	0.12418332695960999
03	2	163.99998474121094	0.17334023118019104	0.13429997861385345
03	2	164.99998474121094	0.17611050605773926	0.13747018575668335
03	2	166.0	0.18373480439186096	0.13665762543678284
03	2	166.99998474121094	0.19275642931461334	0.14256274700164795
03	2	168.0	0.21302016079425812	0.14674048125743866
03	2	168.99998474121094	0.2265179455280304	0.1510230153799057
03	2	169.99998474121094	0.22093355655670166	0.14234334230422974
03	2	170.99998474121094	0.21468977630138397	0.13274993002414703
03	2	171.99998474121094	0.20441268384456635	0.12287997454404831
03	2	173.0	0.20676864683628082	0.12034312635660172
03	2	173.99998474121094	0.20062656700611115	0.11276617646217346
03	2	175.0	0.19289828836917877	0.11106038093566895
03	2	175.99998474121094	0.2011559158563614	0.1175735741853714
03	2	176.99998474121094	0.16825838387012482	0.09949008375406265
03	2	178.0	0.18374833464622498	0.10962812602519989
03	2	178.99998474121094	0.1530199944972992	0.09413278102874756
04	1	0.0	0.22545383870601654	0.1309228390455246
04	1	0.9999999403953552	0.175726979970932	0.10126461833715439
04	1	1.9999998807907104	0.22460345923900604	0.1298835277557373
04	1	3.0	0.2255065143108368	0.1290436089038849
04	1	3.999999761581421	0.2161083072423935	0.12776900827884674
04	1	4.999999523162842	0.22876594960689545	0.13669848442077637
04	1	6.0	0.2336747646331787	0.14247427880764008
04	1	6.999999523162842	0.2433892786502838	0.1507589966058731
04	1	7.999999523162842	0.2396916151046753	0.1519983559846878
04	1	9.0	0.2325238436460495	0.1501391977071762
04	1	9.999999046325684	0.23989476263523102	0.15753357112407684
04	1	10.999999046325684	0.23935207724571228	0.16305960714817047
04	1	12.0	0.22891509532928467	0.16293402016162872
04	1	12.999999046325684	0.24275068938732147	0.1780080497264862
04	1	13.999999046325684	0.23676089942455292	0.17580664157867432
04	1	15.0	0.22977109253406525	0.1717177778482437
04	1	15.999999046325684	0.19244663417339325	0.156587615609169
04	1	16.999998092651367	0.1932833343744278	0.15406064689159393
04	1	18.0	0.18699124455451965	0.15481404960155487
04	1	18.999998092651367	0.1981348991394043	0.1496918946504593
04	1	19.999998092651367	0.17179164290428162	0.13906343281269073
04	1	21.0	0.16636069118976593	0.13381905853748322
04	1	21.999998092651367	0.1648784577846527	0.1282370239496231
04	1	22.999998092651367	0.1539086401462555	0.11726237833499908
04	1	24.0	0.142054483294487	0.10583292692899704
04	1	24.999998092651367	0.15447770059108734	0.11270621418952942
04	1	25.999998092651367	0.12715144455432892	0.09828028082847595
04	1	27.0	0.12767961621284485	0.0962856262922287
04	1	27.999998092651367	0.148445725440979	0.0962921753525734
04	1	28.999998092651367	0.13974592089653015	0.0947013720870018
04	1	30.0	0.1380750983953476	0.089830182492733
04	1	30.999996185302734	0.15479227900505066	0.0994737520813942
04	1	31.999998092651367	0.14418397843837738	0.09149148315191269
04	1	33.0	0.1296970397233963	0.08878454566001892
04	1	33.999996185302734	0.15079647302627563	0.10208693146705627
04	1	34.999996185302734	0.15048769116401672	0.10115693509578705
04	1	36.0	0.15540139377117157	0.102280393242836
04	1	36.999996185302734	0.15435533225536346	0.1051364466547966
04	1	37.999996185302734	0.1792052835226059	0.11576195806264877
04	1	39.0	0.18282032012939453	0.12116821855306625
04	1	39.999996185302734	0.19272412359714508	0.13058780133724213
04	1	40.999996185302734	0.18010427057743073	0.1243094801902771
04	1	42.0	0.18983115255832672	0.13220353424549103
04	1	42.999996185302734	0.1851087361574173	0.1291654258966446
04	1	43.999996185302734	0.21078237891197205	0.14415842294692993
04	1	45.0	0.20317858457565308	0.14131557941436768
04	1	45.999996185302734	0.1958952248096466	0.14067433774471283
04	1	46.999996185302734	0.21922113001346588	0.15655428171157837
04	1	48.0	0.20587685704231262	0.15216626226902008
04	1	48.999996185302734	0.21955826878547668	0.1592686027288437
04	1	49.999996185302734	0.221769317984581	0.1638728231191635
04	1	51.0	0.21016979217529297	0.15268954634666443
04	1	51.999996185302734	0.22636206448078156	0.16192910075187683
04	1	52.999996185302734	0.2154402881860733	0.15465207397937775
04	1	54.0	0.23297691345214844	0.16667203605175018
04	1	54.999996185302734	0.21295833587646484	0.15036936104297638
04	1	55.999996185302734	0.20312067866325378	0.14590974152088165
04	1	57.0	0.20798316597938538	0.14700762927532196
04	1	57.999996185302734	0.22298723459243774	0.15299364924430847
04	1	58.999996185302734	0.2076537311077118	0.14130041003227234
04	1	60.0	0.1906382292509079	0.13179562985897064
04	1	61.0	0.19506078958511353	0.13136325776576996
04	1	61.99999237060547	0.18031258881092072	0.12073967605829239
04	1	62.999996185302734	0.17531517148017883	0.11439044028520584
04	1	63.999996185302734	0.18449048697948456	0.11919012665748596
04	1	65.0	0.17773380875587463	0.11242666840553284
04	1	66.0	0.18429751694202423	0.1156955435872078
04	1	67.0	0.18815848231315613	0.11490070819854736
04	1	67.99999237060547	0.19984178245067596	0.12312310189008713
04	1	68.99999237060547	0.1813340038061142	0.11672089993953705
04	1	69.99999237060547	0.17868414521217346	0.11751600354909897
04	1	71.0	0.17063599824905396	0.1148330420255661
04	1	72.0	0.19441086053848267	0.12867937982082367
04	1	73.0	0.20032039284706116	0.13280101120471954
04	1	73.99999237060547	0.18958356976509094	0.13310492038726807
04	1	74.99999237060547	0.23215438425540924	0.15424002707004547
04	1	75.99999237060547	0.2336069941520691	0.1553671807050705
04	1	77.0	0.24493010342121124	0.16541223227977753
04	1	78.0	0.22653748095035553	0.15134328603744507
04	1	79.0	0.2533203959465027	0.1693267822265625
04	1	79.99999237060547	0.257017582654953	0.17431293427944183
04	1	80.99999237060547	0.26465222239494324	0.17684511840343475
04	1	81.99999237060547	0.27198901772499084	0.18066924810409546
04	1	83.0	0.23812980949878693	0.15816830098628998
04	1	84.0	0.28645214438438416	0.19151204824447632
04	1	84.99999237060547	0.26909101009368896	0.17767538130283356
04	1	85.99999237060547	0.2532871663570404	0.16678665578365326
04	1	86.99999237060547	0.2598177492618561	0.1716843545436859
04	1	87.99999237060547	0.272736132144928	0.18519152700901031
04	1	89.0	0.27141085267066956	0.18100272119045258
04	1	90.0	0.24182915687561035	0.162052184343338
04	1	90.99999237060547	0.2731015384197235	0.18355904519557953
04	1	91.99999237060547	0.2443576455116272	0.16519448161125183
04	1	92.99999237060547	0.24829991161823273	0.1660720556974411
04	1	93.99999237060547	0.2560853064060211	0.17493584752082825
04	1	95.0	0.25427064299583435	0.17519764602184296
04	1	96.0	0.2563929855823517	0.1818169504404068
04	1	96.99999237060547	0.2848489582538605	0.20399877429008484
04	1	97.99999237060547	0.24295082688331604	0.1738484501838684
04	1	98.99999237060547	0.25185373425483704	0.18423576653003693
04	1	99.99999237060547	0.26371994614601135	0.19238577783107758
04	1	100.99999237060547	0.26016098260879517	0.18897441029548645
04	1	102.0	0.24127039313316345	0.178603857755661
04	1	102.99999237060547	0.23885279893875122	0.17425484955310822
04	1	103.99999237060547	0.22399581968784332	0.16855451464653015
04	1	104.99999237060547	0.23687514662742615	0.17725017666816711
04	1	105.99999237060547	0.2154732197523117	0.1588324010372162
04	1	106.99999237060547	0.2355276644229889	0.172774076461792
04	1	108.0	0.22551141679286957	0.15967892110347748
04	1	108.99999237060547	0.21324923634529114	0.1531003713607788
04	1	109.99999237060547	0.22020269930362701	0.15110862255096436
04	1	110.99999237060547	0.20847217738628387	0.1446772664785385
04	1	111.99999237060547	0.19751761853694916	0.1354590803384781
04	1	112.99999237060547	0.22677551209926605	0.1533634066581726
04	1	114.0	0.20495283603668213	0.14140917360782623
04	1	115.0	0.21111546456813812	0.1458490639925003
04	1	115.99999237060547	0.20826946198940277	0.1458398550748825
04	1	117.0	0.2226453274488449	0.15526917576789856
04	1	117.99999237060547	0.21464212238788605	0.15141430497169495
04	1	118.99999237060547	0.20836947858333588	0.14889852702617645
04	1	120.0	0.2156267613172531	0.15412963926792145
04	1	120.99999237060547	0.21002081036567688	0.15497414767742157
04	1	122.0	0.21811670064926147	0.15534967184066772
04	1	122.99999237060547	0.21811476349830627	0.15720580518245697
04	1	123.99998474121094	0.22232426702976227	0.15993520617485046
04	1	124.99999237060547	0.2140943706035614	0.1537054181098938
04	1	125.99999237060547	0.19750741124153137	0.1455550491809845
04	1	127.0	0.1984504908323288	0.14049749076366425
04	1	127.99999237060547	0.2023869752883911	0.14067061245441437
04	1	128.99998474121094	0.19097520411014557	0.13531911373138428
04	1	130.0	0.196048766374588	0.13127721846103668
04	1	130.99998474121094	0.19940735399723053	0.13224703073501587
04	1	132.0	0.1820836216211319	0.1235802173614502
04	1	132.99998474121094	0.17561843991279602	0.12072264403104782
04	1	134.0	0.19319699704647064	0.12781046330928802
04	1	135.0	0.17889125645160675	0.12154611945152283
04	1	135.99998474121094	0.18294376134872437	0.12439510971307755
04	1	137.0	0.17143437266349792	0.12001381814479828
04	1	137.99998474121094	0.1748635321855545	0.1260027438402176
04	1	139.0	0.1742561161518097	0.12460119277238846
04	1	139.99998474121094	0.17524410784244537	0.13209760189056396
04	1	140.99998474121094	0.18427346646785736	0.13968297839164734
04	1	142.0	0.18166372179985046	0.13971692323684692
04	1	142.99998474121094	0.17654019594192505	0.13594770431518555
04	1	144.0	0.18084575235843658	0.14091499149799347
04	1	144.99998474121094	0.17989909648895264	0.14340408146381378
04	1	146.0	0.19987788796424866	0.15405723452568054
04	1	147.0	0.19684922695159912	0.15224085748195648
04	1	147.99998474121094	0.19743488729000092	0.15330193936824799
04	1	149.0	0.19440855085849762	0.1469733864068985
04	1	149.99998474121094	0.1990947425365448	0.14757893979549408
04	1	151.0	0.191325843334198	0.1450006365776062
04	1	151.99998474121094	0.20208744704723358	0.14787258207798004
04	1	152.99998474121094	0.20235837996006012	0.14845412969589233
04	1	154.0	0.21605855226516724	0.1540941447019577
04	1	154.99998474121094	0.195748969912529	0.14339905977249146
04	1	156.0	0.20367726683616638	0.14432187378406525
04	1	156.99998474121094	0.1898123323917389	0.1363012045621872
04	1	158.0	0.20780083537101746	0.14767028391361237
04	1	158.99998474121094	0.21231013536453247	0.15810070931911469
04	1	159.99998474121094	0.19437292218208313	0.1442958563566208
04	1	161.0	0.23147587478160858	0.16573989391326904
04	1	161.99998474121094	0.23136930167675018	0.16434484720230103
04	1	163.0	0.22208592295646667	0.15940149128437042
04	1	163.99998474121094	0.22837652266025543	0.16001002490520477
04	1	164.99998474121094	0.24805128574371338	0.16856516897678375
04	1	166.0	0.24428370594978333	0.16747449338436127
04	1	166.99998474121094	0.24975556135177612	0.1637643724679947
04	1	168.0	0.24273623526096344	0.15586020052433014
04	1	168.99998474121094	0.23929357528686523	0.1539299488067627
04	1	169.99998474121094	0.23915114998817444	0.14937724173069
04	1	170.99998474121094	0.21390968561172485	0.13085946440696716
04	1	171.99998474121094	0.24724160134792328	0.15266665816307068
04	1	173.0	0.21669277548789978	0.13000670075416565
04	1	173.99998474121094	0.23606494069099426	0.1399979442358017
04	1	175.0	0.23942774534225464	0.14116214215755463
04	1	175.99998474121094	0.19580674171447754	0.11479135602712631
04	1	176.99998474121094	0.23137962818145752	0.12918201088905334
04	1	178.0	0.19499176740646362	0.11122770607471466
04	1	178.99998474121094	0.19560609757900238	0.10924621671438217
04	2	0.0	0.1965869963169098	0.10986494272947311
04	2	0.9999999403953552	0.20756438374519348	0.11457479745149612
04	2	1.9999998807907104	0.19274269044399261	0.10706301033496857
04	2	3.0	0.19480155408382416	0.10874812304973602
04	2	3.999999761581421	0.17865054309368134	0.10559055954217911
04	2	4.999999523162842	0.1981039047241211	0.11801677197217941
04	2	6.0	0.20669209957122803	0.12252438813447952
04	2	6.999999523162842	0.20495441555976868	0.1260375827550888
04	2	7.999999523162842	0.21377874910831451	0.13155989348888397
04	2	9.0	0.2314373105764389	0.14675134420394897
04	2	9.999999046325684	0.2333548218011856	0.1509200930595398
04	2	10.999999046325684	0.2154219150543213	0.14477048814296722
04	2	12.0	0.2242179811000824	0.1560162603855133
04	2	12.999999046325684	0.22666937112808228	0.15701989829540253
04	2	13.999999046325684	0.22902338206768036	0.16648004949092865
04	2	15.0	0.2079544961452484	0.15423373878002167
04	2	15.999999046325684	0.19796587526798248	0.15092045068740845
04	2	16.999998092651367	0.18735261261463165	0.14724497497081757
04	2	18.0	0.1832699179649353	0.1428244709968567
04	2	18.999998092651367	0.1644347608089447	0.1377749741077423
04	2	19.999998092651367	0.15433235466480255	0.12861846387386322
04	2	21.0	0.1517685204744339	0.12120728939771652
04	2	21.999998092651367	0.14377252757549286	0.12067801505327225
04	2	22.999998092651367	0.1467837393283844	0.11733419448137283
04	2	24.0	0.1318521946668625	0.10647132247686386
04	2	24.999998092651367	0.14152440428733826	0.10418415069580078
04	2	25.999998092651367	0.11856687068939209	0.09293319284915924
04	2	27.0	0.12708038091659546	0.09305250644683838
04	2	27.999998092651367	0.1297576129436493	0.09023980051279068
04	2	28.999998092651367	0.1358366459608078	0.09060850739479065
04	2	30.0	0.13951924443244934	0.0928787812590599
04	2	30.999996185302734	0.11819624900817871	0.08700550347566605
04	2	31.999998092651367	0.13105931878089905	0.09012362360954285
04	2	33.0	0.13186214864253998	0.09366080909967422
04	2	33.999996185302734	0.13871102035045624	0.09438129514455795
04	2	34.999996185302734	0.157449871301651	0.10412689298391342
04	2	36.0	0.12854334712028503	0.0915152058005333
04	2	36.999996185302734	0.149562805891037	0.10260219126939774
04	2	37.999996185302734	0.14219911396503448	0.10066577792167664
04	2	39.0	0.15807895362377167	0.10819501429796219
04	2	39.999996185302734	0.1590339094400406	0.10974511504173279
04	2	40.999996185302734	0.15437893569469452	0.10959891229867935
04	2	42.0	0.16619864106178284	0.11591169983148575
04	2	42.999996185302734	0.1641380786895752	0.11514544486999512
04	2	43.999996185302734	0.18328584730625153	0.13208402693271637
04	2	45.0	0.18189965188503265	0.129863440990448
04	2	45.999996185302734	0.17629703879356384	0.12708865106105804
04	2	46.999996185302734	0.19205597043037415	0.1391955465078354
04	2	48.0	0.1724347472190857	0.12947528064250946
04	2	48.999996185302734	0.21362663805484772	0.15180392563343048
04	2	49.999996185302734	0.20031467080116272	0.14542464911937714
04	2	51.0	0.20837244391441345	0.14969077706336975
04	2	51.999996185302734	0.21912255883216858	0.15462671220302582
04	2	52.999996185302734	0.20786993205547333	0.1518736332654953
04	2	54.0	0.2027519941329956	0.14590567350387573
04	2	54.999996185302734	0.19904978573322296	0.13988351821899414
04	2	55.999996185302734	0.20866017043590546	0.14710837602615356
04	2	57.0	0.19144439697265625	0.13610033690929413
04	2	57.999996185302734	0.1927655190229416	0.13418422639369965
04	2	58.999996185302734	0.2113770842552185	0.1462419480085373
04	2	60.0	0.20519588887691498	0.138224795460701
04	2	61.0	0.19144397974014282	0.12848544120788574
04	2	61.99999237060547	0.17502227425575256	0.11532425135374069
04	2	62.999996185302734	0.1832152158021927	0.11955671012401581
04	2	63.999996185302734	0.1734149008989334	0.10713574290275574
04	2	65.0	0.17063535749912262	0.11066978424787521
04	2	66.0	0.17896778881549835	0.11203043907880783
04	2	67.0	0.18747399747371674	0.11546432226896286
04	2	67.99999237060547	0.1705731451511383	0.11078649014234543
04	2	68.99999237060547	0.19647158682346344	0.11860395222902298
04	2	69.99999237060547	0.1647430956363678	0.10707259178161621
04	2	71.0	0.19290918111801147	0.12302519381046295
04	2	72.0	0.1993018239736557	0.13315258920192719
04	2	73.0	0.1933092623949051	0.1277327984571457
04	2	73.99999237060547	0.19826804101467133	0.13550637662410736
04	2	74.99999237060547	0.22767743468284607	0.15429358184337616
04	2	75.99999237060547	0.22236177325248718	0.1520444005727768
04	2	77.0	0.2479320913553238	0.1637539565563202
04	2	78.0	0.23506662249565125	0.15808871388435364
04	2	79.0	0.25611329078674316	0.1692698448896408
04	2	79.99999237060547	0.24723921716213226	0.16653302311897278
04	2	80.99999237060547	0.25448164343833923	0.17006374895572662
04	2	81.99999237060547	0.28703099489212036	0.1878848671913147
04	2	83.0	0.247974693775177	0.16577884554862976
04	2	84.0	0.25779974460601807	0.17012521624565125
04	2	84.99999237060547	0.26550522446632385	0.17377229034900665
04	2	85.99999237060547	0.2531299293041229	0.16659393906593323
04	2	86.99999237060547	0.26008734107017517	0.16704903542995453
04	2	87.99999237060547	0.26349467039108276	0.1698327660560608
04	2	89.0	0.26566389203071594	0.1736741065979004
04	2	90.0	0.25089648365974426	0.16185897588729858
04	2	90.99999237060547	0.24335315823554993	0.16253823041915894
04	2	91.99999237060547	0.24163897335529327	0.1593320071697235
04	2	92.99999237060547	0.2548680305480957	0.17232833802700043
04	2	93.99999237060547	0.2603549659252167	0.1738591492176056
04	2	95.0	0.2461307942867279	0.17231199145317078
04	2	96.0	0.2367645651102066	0.1702813059091568
04	2	96.99999237060547	0.2623744606971741	0.18668511509895325
04	2	97.99999237060547	0.23288191854953766	0.16683949530124664
04	2	98.99999237060547	0.2425110787153244	0.17364419996738434
04	2	99.99999237060547	0.22598357498645782	0.16776332259178162
04	2	100.99999237060547	0.24330690503120422	0.18055395781993866
04	2	102.0	0.23921088874340057	0.17369748651981354
04	2	102.99999237060547	0.2294868528842926	0.1704259216785431
04	2	103.99999237060547	0.2295822650194168	0.16907548904418945
04	2	104.99999237060547	0.21875348687171936	0.16294360160827637
04	2	105.99999237060547	0.20366144180297852	0.15049348771572113
04	2	106.99999237060547	0.22296464443206787	0.15724006295204163
04	2	108.0	0.2076614797115326	0.15074817836284637
04	2	108.99999237060547	0.21869230270385742	0.14993630349636078
04	2	109.99999237060547	0.2102360874414444	0.1469920128583908
04	2	110.99999237060547	0.19546665251255035	0.13243572413921356
04	2	111.99999237060547	0.19636644423007965	0.13369770348072052
04	2	112.99999237060547	0.1912909746170044	0.12995406985282898
04	2	114.0	0.19000191986560822	0.13072623312473297
04	2	115.0	0.19872047007083893	0.13731077313423157
04	2	115.99999237060547	0.19500380754470825	0.1355183869600296
04	2	117.0	0.20100300014019012	0.14153049886226654
04	2	117.99999237060547	0.2096283882856369	0.14724542200565338
04	2	118.99999237060547	0.20504549145698547	0.14707936346530914
04	2	120.0	0.20097753405570984	0.14794442057609558
04	2	120.99999237060547	0.21292079985141754	0.1525270640850067
04	2	122.0	0.20554378628730774	0.14941644668579102
04	2	122.99999237060547	0.2081305980682373	0.15042755007743835
04	2	123.99998474121094	0.21134532988071442	0.15390005707740784
04	2	124.99999237060547	0.2076769769191742	0.1513913869857788
04	2	125.99999237060547	0.20701774954795837	0.1477919965982437
04	2	127.0	0.20165275037288666	0.14369475841522217
04	2	127.99999237060547	0.20141424238681793	0.14005810022354126
04	2	128.99998474121094	0.19222338497638702	0.13165076076984406
04	2	130.0	0.17464736104011536	0.11991578340530396
04	2	130.99998474121094	0.1635715365409851	0.11404547840356827
04	2	132.0	0.18696944415569305	0.12366915494203568
04	2	132.99998474121094	0.1595500111579895	0.10733351111412048
04	2	134.0	0.1687610000371933	0.11170429736375809
04	2	135.0	0.1653725802898407	0.10684525966644287
04	2	135.99998474121094	0.16119953989982605	0.10393882542848587
04	2	137.0	0.168223038315773	0.11289452016353607
04	2	137.99998474121094	0.16022318601608276	0.10882505774497986
04	2	139.0	0.15266019105911255	0.11503110080957413
04	2	139.99998474121094	0.17100951075553894	0.12464029341936111
04	2	140.99998474121094	0.154451385140419	0.12011123448610306
04	2	142.0	0.16908526420593262	0.1257469207048416
04	2	142.99998474121094	0.1657957136631012	0.13076849281787872
04	2	144.0	0.16825135052204132	0.1367720514535904
04	2	144.99998474121094	0.16638047993183136	0.13611803948879242
04	2	146.0	0.18335016071796417	0.14414067566394806
04	2	147.0	0.19093532860279083	0.15199236571788788
04	2	147.99998474121094	0.1852608323097229	0.147028386592865
04	2	149.0	0.19249606132507324	0.14737753570079803
04	2	149.99998474121094	0.20768041908740997	0.15786327421665192
04	2	151.0	0.20045343041419983	0.15065304934978485
04	2	151.99998474121094	0.20473377406597137	0.15365344285964966
04	2	152.99998474121094	0.20055660605430603	0.14917123317718506
04	2	154.0	0.22098715603351593	0.16260163486003876
04	2	154.99998474121094	0.2185821533203125	0.1590147763490677
04	2	156.0	0.21988339722156525	0.1568087488412857
04	2	156.99998474121094	0.21760490536689758	0.15525512397289276
04	2	158.0	0.20020607113838196	0.14198800921440125
04	2	158.99998474121094	0.2240431010723114	0.15853331983089447
04	2	159.99998474121094	0.24951018393039703	0.1740836799144745
04	2	161.0	0.2499992698431015	0.17184710502624512
04	2	161.99998474121094	0.23412112891674042	0.16115933656692505
04	2	163.0	0.22595487534999847	0.15187381207942963
04	2	163.99998474121094	0.24550782144069672	0.16346657276153564
04	2	164.99998474121094	0.22324618697166443	0.14937052130699158
04	2	166.0	0.20565475523471832	0.1326562464237213
04	2	166.99998474121094	0.24080251157283783	0.15044964849948883
04	2	168.0	0.23129738867282867	0.14150531589984894
04	2	168.99998474121094	0.23560138046741486	0.14323699474334717
04	2	169.99998474121094	0.22217513620853424	0.13706892728805542
04	2	170.99998474121094	0.24433915317058563	0.14533430337905884
04	2	171.99998474121094	0.21443375945091248	0.12729622423648834
04	2	173.0	0.2374049872159958	0.14102883636951447
04	2	173.99998474121094	0.18765075504779816	0.11206705123186111
04	2	175.0	0.21847839653491974	0.12896643579006195
04	2	175.99998474121094	0.2025378942489624	0.11796936392784119
04	2	176.99998474121094	0.2025296688079834	0.11397601664066315
04	2	178.0	0.17041464149951935	0.09626275300979614
04	2	178.99998474121094	0.1707524210214615	0.0958569347858429
05	1	0.0	0.233371764421463	0.1293192356824875
05	1	0.9999999403953552	0.2211361974477768	0.12427391111850739
05	1	1.9999998807907104	0.2602749764919281	0.14792898297309875
05	1	3.0	0.2438332587480545	0.14459753036499023
05	1	3.999999761581421	0.22319597005844116	0.129036083817482
05	1	4.999999523162842	0.2512596845626831	0.14794021844863892
05	1	6.0	0.2423507571220398	0.1414634734392166
05	1	6.999999523162842	0.23676978051662445	0.13731512427330017
05	1	7.999999523162842	0.23125000298023224	0.13846950232982635
05	1	9.0	0.2233155071735382	0.13832993805408478
05	1	9.999999046325684	0.2178569734096527	0.13778682053089142
05	1	10.999999046325684	0.20405906438827515	0.1352699249982834
05	1	12.0	0.20577828586101532	0.14093369245529175
05	1	12.999999046325684	0.1983116865158081	0.14590606093406677
05	1	13.999999046325684	0.17159508168697357	0.13773058354854584
05	1	15.0	0.16186384856700897	0.13546505570411682
05	1	15.999999046325684	0.1589566171169281	0.13679470121860504
05	1	16.999998092651367	0.14578530192375183	0.13522979617118835
05	1	18.0	0.13641010224819183	0.1269584596157074
05	1	18.999998092651367	0.13437481224536896	0.12447050958871841
05	1	19.999998092651367	0.12658098340034485	0.11567974835634232
05	1	21.0	0.11980222165584564	0.1074378564953804
05	1	21.999998092651367	0.10922586917877197	0.09550146758556366
05	1	22.999998092651367	0.10738708078861237	0.08637458831071854
05	1	24.0	0.10805066674947739	0.08207086473703384
05	1	24.999998092651367	0.10177642107009888	0.0739709660410881
05	1	25.999998092651367	0.10318485647439957	0.07194042950868607
05	1	27.0	0.1140909269452095	0.07603041082620621
05	1	27.999998092651367	0.1097007617354393	0.07456472516059875
05	1	28.999998092651367	0.11980631947517395	0.07956115156412125
05	1	30.0	0.11702867597341537	0.08537092804908752
05	1	30.999996185302734	0.1350160837173462	0.09922764450311661
05	1	31.999998092651367	0.13349895179271698	0.10019753873348236
05	1	33.0	0.13780005276203156	0.10708529502153397
05	1	33.999996185302734	0.14360393583774567	0.11226581037044525
05	1	34.999996185302734	0.143150195479393	0.11447878926992416
05	1	36.0	0.15513469278812408	0.12243729829788208
05	1	36.999996185302734	0.16208896040916443	0.12908484041690826
05	1	37.999996185302734	0.16638095676898956	0.1335103064775467
05	1	39.0	0.17063729465007782	0.13463787734508514
05	1	39.999996185302734	0.17272627353668213	0.13247963786125183
05	1	40.999996185302734	0.17485502362251282	0.13401663303375244
05	1	42.0	0.1778935194015503	0.13546082377433777
05	1	42.999996185302734	0.17762117087841034	0.1339510679244995
05	1	43.999996185302734	0.18047481775283813	0.13329418003559113
05	1	45.0	0.18709470331668854	0.1363871991634369
05	1	45.999996185302734	0.18593484163284302	0.13307105004787445
05	1	46.999996185302734	0.18872016668319702	0.1378501057624817
05	1	48.0	0.17936678230762482	0.13299152255058289
05	1	48.999996185302734	0.18638823926448822	0.14046610891819
05	1	49.999996185302734	0.183538019657135	0.13810467720031738
05	1	51.0	0.1727057546377182	0.13158456981182098
05	1	51.999996185302734	0.17202667891979218	0.13192276656627655
05	1	52.999996185302734	0.17267222702503204	0.13185416162014008
05	1	54.0	0.1609446406364441	0.12422658503055573
05	1	54.999996185302734	0.15014055371284485	0.11989747732877731
05	1	55.999996185302734	0.15874065458774567	0.11856814473867416
05	1	57.0	0.143222838640213	0.11038853228092194
05	1	57.999996185302734	0.13920754194259644	0.10385752469301224
05	1	58.999996185302734	0.12598147988319397	0.09399420022964478
05	1	60.0	0.13964299857616425	0.09751403331756592
05	1	61.0	0.12294145673513412	0.08573491871356964
05	1	61.99999237060547	0.11715607345104218	0.08295263350009918
05	1	62.999996185302734	0.11907384544610977	0.08173102140426636
05	1	63.999996185302734	0.1146511659026146	0.07925828546285629
05	1	65.0	0.1099776104092598	0.07833428680896759
05	1	66.0	0.1213652715086937	0.08777101337909698
05	1	67.0	0.11702173948287964	0.09237119555473328
05	1	67.99999237060547	0.13328643143177032	0.1074407771229744
05	1	68.99999237060547	0.12561176717281342	0.1069757342338562
05	1	69.99999237060547	0.14735282957553864	0.12385985255241394
05	1	71.0	0.15045785903930664	0.1279493123292923
05	1	72.0	0.16526605188846588	0.1417582631111145
05	1	73.0	0.1768590360879898	0.14991916716098785
05	1	73.99999237060547	0.20252127945423126	0.16109082102775574
05	1	74.99999237060547	0.21479089558124542	0.170445054769516
05	1	75.99999237060547	0.22140862047672272	0.1704190969467163
05	1	77.0	0.2687167525291443	0.19630715250968933
05	1	78.0	0.26976972818374634	0.193954735994339
05	1	79.0	0.2796683609485626	0.20018452405929565
05	1	79.99999237060547	0.2776831090450287	0.20107068121433258
05	1	80.99999237060547	0.2914547026157379	0.20323128998279572
05	1	81.99999237060547	0.2924560606479645	0.21450015902519226
05	1	83.0	0.29051145911216736	0.21920990943908691
05	1	84.0	0.2789158523082733	0.21470685303211212
05	1	84.99999237060547	0.2721148431301117	0.2123853862285614
05	1	85.99999237060547	0.27996692061424255	0.21875253319740295
05	1	86.99999237060547	0.2842368483543396	0.22183752059936523
05	1	87.99999237060547	0.2636036276817322	0.200040802359581
05	1	89.0	0.2424035221338272	0.1836947500705719
05	1	90.0	0.23254190385341644	0.17095819115638733
05	1	90.99999237060547	0.2596772015094757	0.1863187998533249
05	1	91.99999237060547	0.23911790549755096	0.1652306467294693
05	1	92.99999237060547	0.21427761018276215	0.1436467170715332
05	1	93.99999237060547	0.217754065990448	0.1384102702140808
05	1	95.0	0.19972367584705353	0.12600530683994293
05	1	96.0	0.1832159161567688	0.11151045560836792
05	1	96.99999237060547	0.17396129667758942	0.1077500432729721
05	1	97.99999237060547	0.1558963805437088	0.0990397185087204
05	1	98.99999237060547	0.1779332309961319	0.11389724910259247
05	1	99.99999237060547	0.16158345341682434	0.10538581758737564
05	1	100.99999237060547	0.1647687703371048	0.10837452858686447
05	1	102.0	0.14234744012355804	0.09790568053722382
05	1	102.99999237060547	0.1585337072610855	0.10759631544351578
05	1	103.99999237060547	0.13921934366226196	0.10144680738449097
05	1	104.99999237060547	0.14352941513061523	0.10238131135702133
05	1	105.99999237060547	0.1528148502111435	0.10497836023569107
05	1	106.99999237060547	0.1500537395477295	0.10408327728509903
05	1	108.0	0.15199875831604004	0.10975591093301773
05	1	108.99999237060547	0.15451139211654663	0.10942409932613373
05	1	109.99999237060547	0.15046024322509766	0.10629898309707642
05	1	110.99999237060547	0.14453254640102386	0.10568976402282715
05	1	111.99999237060547	0.14823074638843536	0.10527865588665009
05	1	112.99999237060547	0.1425742357969284	0.10429354757070541
05	1	114.0	0.15806250274181366	0.11360081285238266
05	1	115.0	0.15109765529632568	0.11431055516004562
05	1	115.99999237060547	0.1551746129989624	0.11653082072734833
05	1	117.0	0.1623115837574005	0.11951354891061783
05	1	117.99999237060547	0.1585061401128769	0.12123150378465652
05	1	118.99999237060547	0.17617163062095642	0.13772499561309814
05	1	120.0	0.16498367488384247	0.13248996436595917
05	1	120.99999237060547	0.19060374796390533	0.151549831032753
05	1	122.0	0.1794658899307251	0.1428394466638565
05	1	122.99999237060547	0.1858779937028885	0.14626556634902954
05	1	123.99998474121094	0.18701054155826569	0.14599356055259705
05	1	124.99999237060547	0.21137045323848724	0.1590869277715683
05	1	125.99999237060547	0.19129584729671478	0.14378896355628967
05	1	127.0	0.20071759819984436	0.14366644620895386
05	1	127.99999237060547	0.200617253780365	0.14656078815460205
05	1	128.99998474121094	0.20016607642173767	0.14180587232112885
05	1	130.0	0.18930350244045258	0.1309797316789627
05	1	130.99998474121094	0.18680578470230103	0.12686294317245483
05	1	132.0	0.1888991743326187	0.1260697841644287
05	1	132.99998474121094	0.18493960797786713	0.12245610356330872
05	1	134.0	0.17810490727424622	0.1192900687456131
05	1	135.0	0.1793399155139923	0.11870014667510986
05	1	135.99998474121094	0.16507330536842346	0.11038656532764435
05	1	137.0	0.16546811163425446	0.10991344600915909
05	1	137.99998474121094	0.1699129343032837	0.11621163785457611
05	1	139.0	0.1546897441148758	0.10829000174999237
05	1	139.99998474121094	0.14853371679782867	0.10510842502117157
05	1	140.99998474121094	0.14350095391273499	0.10548057407140732
05	1	142.0	0.14510704576969147	0.10495208948850632
05	1	142.99998474121094	0.12672409415245056	0.1012638732790947
05	1	144.0	0.11740695685148239	0.09465263038873672
05	1	144.99998474121094	0.11277443170547485	0.08934294432401657
05	1	146.0	0.10985622555017471	0.08898378163576126
05	1	147.0	0.11550770699977875	0.08755705505609512
05	1	147.99998474121094	0.1018681600689888	0.07967367768287659
05	1	149.0	0.09509848058223724	0.07394034415483475
05	1	149.99998474121094	0.09053102880716324	0.07042894512414932
05	1	151.0	0.09997884929180145	0.07385159283876419
05	1	151.99998474121094	0.08636902272701263	0.06386517733335495
05	1	152.99998474121094	0.08820482343435287	0.06430910527706146
05	1	154.0	0.0883592963218689	0.06461139768362045
05	1	154.99998474121094	0.08718797564506531	0.06593231111764908
05	1	156.0	0.08832451701164246	0.06768855452537537
05	1	156.99998474121094	0.09866148978471756	0.07408082485198975
05	1	158.0	0.10196041315793991	0.07871409505605698
05	1	158.99998474121094	0.09608358144760132	0.079457588493824
05	1	159.99998474121094	0.10396288335323334	0.08725929260253906
05	1	161.0	0.11871981620788574	0.09357558935880661
05	1	161.99998474121094	0.11566275358200073	0.092615507543087
05	1	163.0	0.1291723996400833	0.09725718200206757
05	1	163.99998474121094	0.14477777481079102	0.10554324090480804
05	1	164.99998474121094	0.14228639006614685	0.1051139160990715
05	1	166.0	0.15845432877540588	0.11214825510978699
05	1	166.99998474121094	0.15228845179080963	0.10729534924030304
05	1	168.0	0.16721200942993164	0.11200341582298279
05	1	168.99998474121094	0.1812329739332199	0.11284574866294861
05	1	169.99998474121094	0.17743557691574097	0.11043161153793335
05	1	170.99998474121094	0.18542057275772095	0.11236171424388885
05	1	171.99998474121094	0.2128695398569107	0.12365224212408066
05	1	173.0	0.19769993424415588	0.11668308824300766
05	1	173.99998474121094	0.20589269697666168	0.1145184114575386
05	1	175.0	0.2105625420808792	0.11591318249702454
05	1	175.99998474121094	0.21274158358573914	0.11715789139270782
05	1	176.99998474121094	0.2158583551645279	0.11669354885816574
05	1	178.0	0.23506012558937073	0.12917138636112213
05	1	178.99998474121094	0.2297503501176834	0.12493631988763809
05	2	0.0	0.1884685456752777	0.10291845351457596
05	2	0.9999999403953552	0.23775416612625122	0.12945787608623505
05	2	1.9999998807907104	0.2182755023241043	0.12168450653553009
05	2	3.0	0.23048339784145355	0.13166600465774536
05	2	3.999999761581421	0.22671812772750854	0.12732331454753876
05	2	4.999999523162842	0.21560151875019073	0.12490156292915344
05	2	6.0	0.20589405298233032	0.11875689774751663
05	2	6.999999523162842	0.2106894850730896	0.12168348580598831
05	2	7.999999523162842	0.19823983311653137	0.1148611456155777
05	2	9.0	0.21448692679405212	0.1273174285888672
05	2	9.999999046325684	0.1985255479812622	0.12426213175058365
05	2	10.999999046325684	0.20823441445827484	0.13232514262199402
05	2	12.0	0.18245704472064972	0.12448342889547348
05	2	12.999999046325684	0.18657130002975464	0.13232281804084778
05	2	13.999999046325684	0.17126460373401642	0.13457494974136353
05	2	15.0	0.166814923286438	0.13271981477737427
05	2	15.999999046325684	0.15135891735553741	0.13270574808120728
05	2	16.999998092651367	0.1347597986459732	0.12862658500671387
05	2	18.0	0.12560942769050598	0.11780095100402832
05	2	18.999998092651367	0.11875080317258835	0.11645138263702393
05	2	19.999998092651367	0.11196823418140411	0.10810378938913345
05	2	21.0	0.09828101098537445	0.09752396494150162
05	2	21.999998092651367	0.0989275649189949	0.08583799749612808
05	2	22.999998092651367	0.10731036961078644	0.08854033052921295
05	2	24.0	0.09441964328289032	0.0745156928896904
05	2	24.999998092651367	0.09766797721385956	0.07042741030454636
05	2	25.999998092651367	0.10078857094049454	0.06884791702032089
05	2	27.0	0.09211287647485733	0.06464358419179916
05	2	27.999998092651367	0.09893709421157837	0.0694451704621315
05	2	28.999998092651367	0.11012950539588928	0.07707928866147995
05	2	30.0	0.10578183084726334	0.07708757370710373
05	2	30.999996185302734	0.11329186707735062	0.08412320166826248
05	2	31.999998092651367	0.11306344717741013	0.08912771940231323
05	2	33.0	0.1259983330965042	0.0990055724978447
05	2	33.999996185302734	0.12891261279582977	0.10039150714874268
05	2	34.999996185302734	0.14092066884040833	0.11327609419822693
05	2	36.0	0.1464834064245224	0.11946069449186325
05	2	36.999996185302734	0.1464187204837799	0.11660636961460114
05	2	37.999996185302734	0.146014004945755	0.11518964916467667
05	2	39.0	0.1468508094549179	0.11566560715436935
05	2	39.999996185302734	0.15758953988552094	0.12382190674543381
05	2	40.999996185302734	0.15848408639431	0.12130708247423172
05	2	42.0	0.16744285821914673	0.12612462043762207
05	2	42.999996185302734	0.174662783741951	0.1265881508588791
05	2	43.999996185302734	0.17607934772968292	0.12870647013187408
05	2	45.0	0.16619741916656494	0.12391310185194016
05	2	45.999996185302734	0.18346279859542847	0.13456888496875763
05	2	46.999996185302734	0.17233072221279144	0.1240161582827568
05	2	48.0	0.1746646910905838	0.13010598719120026
05	2	48.999996185302734	0.1626121997833252	0.12022203207015991
05	2	49.999996185302734	0.17178648710250854	0.1285610944032669
05	2	51.0	0.16319778561592102	0.1222899854183197
05	2	51.999996185302734	0.15819069743156433	0.12272282689809799
05	2	52.999996185302734	0.15895268321037292	0.120219886302948
05	2	54.0	0.15824159979820251	0.12130860239267349
05	2	54.999996185302734	0.14647383987903595	0.11585166305303574
05	2	55.999996185302734	0.14206746220588684	0.10969143360853195
05	2	57.0	0.1324615776538849	0.10182680934667587
05	2	57.999996185302734	0.13303761184215546	0.10163800418376923
05	2	58.999996185302734	0.1262018084526062	0.09418988972902298
05	2	60.0	0.1257346272468567	0.08933482319116592
05	2	61.0	0.11582937091588974	0.08227956295013428
05	2	61.99999237060547	0.10995220392942429	0.07472885400056839
05	2	62.999996185302734	0.11009706556797028	0.07587220519781113
05	2	63.999996185302734	0.11761682480573654	0.07499220222234726
05	2	65.0	0.1076241061091423	0.07161705940961838
05	2	66.0	0.10883748531341553	0.07899142801761627
05	2	67.0	0.11622359603643417	0.08610573410987854
05	2	67.99999237060547	0.11876706779003143	0.09427299350500107
05	2	68.99999237060547	0.12826424837112427	0.10095173120498657
05	2	69.99999237060547	0.14229337871074677	0.11519049853086472
05	2	71.0	0.14866629242897034	0.12004479765892029
05	2	72.0	0.1565191149711609	0.12759390473365784
05	2	73.0	0.1650521457195282	0.13296614587306976
05	2	73.99999237060547	0.18448832631111145	0.14051274955272675
05	2	74.99999237060547	0.19945046305656433	0.1482568085193634
05	2	75.99999237060547	0.22218172252178192	0.1575322449207306
05	2	77.0	0.25940102338790894	0.17819958925247192
05	2	78.0	0.269008994102478	0.18869100511074066
05	2	79.0	0.2693924903869629	0.1856951266527176
05	2	79.99999237060547	0.2934052348136902	0.20534183084964752
05	2	80.99999237060547	0.28446704149246216	0.20166468620300293
05	2	81.99999237060547	0.28513625264167786	0.2099459022283554
05	2	83.0	0.26425909996032715	0.20005372166633606
05	2	84.0	0.2692822813987732	0.19988815486431122
05	2	84.99999237060547	0.26810210943222046	0.19961145520210266
05	2	85.99999237060547	0.24544784426689148	0.1872534155845642
05	2	86.99999237060547	0.25675901770591736	0.19477763772010803
05	2	87.99999237060547	0.23962318897247314	0.18234795331954956
05	2	89.0	0.20473457872867584	0.15506261587142944
05	2	90.0	0.20201030373573303	0.15024195611476898
05	2	90.99999237060547	0.1764652580022812	0.12408152967691422
05	2	91.99999237060547	0.21634763479232788	0.14265145361423492
05	2	92.99999237060547	0.19063730537891388	0.12383151799440384
05	2	93.99999237060547	0.2074727565050125	0.125313863158226
05	2	95.0	0.19116339087486267	0.11537621915340424
05	2	96.0	0.1670534312725067	0.10217248648405075
05	2	96.99999237060547	0.15605205297470093	0.0953887328505516
05	2	97.99999237060547	0.14844951033592224	0.09614654630422592
05	2	98.99999237060547	0.1623302549123764	0.10357816517353058
05	2	99.99999237060547	0.154118150472641	0.10160859674215317
05	2	100.99999237060547	0.14587710797786713	0.09784440696239471
05	2	102.0	0.15504546463489532	0.10501968115568161
05	2	102.99999237060547	0.13977308571338654	0.09861133992671967
05	2	103.99999237060547	0.14622366428375244	0.10630964487791061
05	2	104.99999237060547	0.14477455615997314	0.1015518307685852
05	2	105.99999237060547	0.13839082419872284	0.10096580535173416
05	2	106.99999237060547	0.13236543536186218	0.09931619465351105
05	2	108.0	0.1437745839357376	0.10116728395223618
05	2	108.99999237060547	0.13902895152568817	0.10035251080989838
05	2	109.99999237060547	0.13773679733276367	0.09903344511985779
05	2	110.99999237060547	0.13136400282382965	0.09567409753799438
05	2	111.99999237060547	0.13687388598918915	0.09625551849603653
05	2	112.99999237060547	0.14638154208660126	0.10057581961154938
05	2	114.0	0.14007675647735596	0.10129289329051971
05	2	115.0	0.14352692663669586	0.1022321879863739
05	2	115.99999237060547	0.15017202496528625	0.10913850367069244
05	2	117.0	0.15828396379947662	0.1155407577753067
05	2	117.99999237060547	0.1519615799188614	0.11308996379375458
05	2	118.99999237060547	0.15111219882965088	0.11726264655590057
05	2	120.0	0.16212907433509827	0.12609800696372986
05	2	120.99999237060547	0.17006246745586395	0.13263434171676636
05	2	122.0	0.1814012974500656	0.14113415777683258
05	2	122.99999237060547	0.17682774364948273	0.13367779552936554
05	2	123.99998474121094	0.1820133924484253	0.1364145576953888
05	2	124.99999237060547	0.18207813799381256	0.14405956864356995
05	2	125.99999237060547	0.1880818009376526	0.1410297155380249
05	2	127.0	0.19352246820926666	0.1397133767604828
05	2	127.99999237060547	0.1926882266998291	0.1399243175983429
05	2	128.99998474121094	0.18594376742839813	0.13238385319709778
05	2	130.0	0.19638529419898987	0.13466262817382812
05	2	130.99998474121094	0.19763633608818054	0.1322915107011795
05	2	132.0	0.1902065873146057	0.12517739832401276
05	2	132.99998474121094	0.18855740129947662	0.12465792894363403
05	2	134.0	0.1868600845336914	0.1246301606297493
05	2	135.0	0.16370201110839844	0.10662652552127838
05	2	135.99998474121094	0.18395289778709412	0.11704564839601517
05	2	137.0	0.16224102675914764	0.10783543437719345
05	2	137.99998474121094	0.16915298998355865	0.11030521988868713
05	2	139.0	0.14865665137767792	0.10132738947868347
05	2	139.99998474121094	0.15323792397975922	0.10407301038503647
05	2	140.99998474121094	0.15566745400428772	0.10657048225402832
05	2	142.0	0.1423640102148056	0.10145404189825058
05	2	142.99998474121094	0.13442733883857727	0.10188031196594238
05	2	144.0	0.12790274620056152	0.09517163783311844
05	2	144.99998474121094	0.11220094561576843	0.09395807981491089
05	2	146.0	0.10712834447622299	0.08636413514614105
05	2	147.0	0.10701712965965271	0.08353351056575775
05	2	147.99998474121094	0.10705259442329407	0.0805966928601265
05	2	149.0	0.10046549141407013	0.07727085798978806
05	2	149.99998474121094	0.0877939760684967	0.06947039812803268
05	2	151.0	0.08717947453260422	0.06337889283895493
05	2	151.99998474121094	0.08477336168289185	0.06237690523266792
05	2	152.99998474121094	0.09016488492488861	0.061649348586797714
05	2	154.0	0.08103960007429123	0.06027807295322418
05	2	154.99998474121094	0.0902518630027771	0.06457182765007019
05	2	156.0	0.08949444442987442	0.06614792346954346
05	2	156.99998474121094	0.08734332770109177	0.06916970759630203
05	2	158.0	0.09395084530115128	0.07356902211904526
05	2	158.99998474121094	0.08774760365486145	0.07536662369966507
05	2	159.99998474121094	0.09369900822639465	0.08101457357406616
05	2	161.0	0.10607804358005524	0.08575919270515442
05	2	161.99998474121094	0.10680878907442093	0.08781427145004272
05	2	163.0	0.1283358931541443	0.09920240938663483
05	2	163.99998474121094	0.12829989194869995	0.09933135658502579
05	2	164.99998474121094	0.12719307839870453	0.09777364879846573
05	2	166.0	0.14134588837623596	0.10145272314548492
05	2	166.99998474121094	0.14631767570972443	0.10270360857248306
05	2	168.0	0.16231565177440643	0.10632295161485672
05	2	168.99998474121094	0.1586001217365265	0.10157739371061325
05	2	169.99998474121094	0.14715786278247833	0.0960237979888916
05	2	170.99998474121094	0.16235637664794922	0.09948548674583435
05	2	171.99998474121094	0.17274440824985504	0.10176603496074677
05	2	173.0	0.17830102145671844	0.10103095322847366
05	2	173.99998474121094	0.18028534948825836	0.10010853409767151
05	2	175.0	0.18179914355278015	0.0971774160861969
05	2	175.99998474121094	0.18482956290245056	0.09856096655130386
05	2	176.99998474121094	0.20256592333316803	0.10660272091627121
05	2	178.0	0.23025064170360565	0.12214983254671097
05	2	178.99998474121094	0.20576409995555878	0.1102859303355217
06	1	0.0	0.0415220782160759	0.03325054794549942
06	1	0.9999999403953552	0.04215788468718529	0.033430952578783035
06	1	1.9999998807907104	0.04301266744732857	0.03419240936636925
06	1	3.0	0.051644910126924515	0.035606153309345245
06	1	3.999999761581421	0.04468192532658577	0.035811953246593475
06	1	4.999999523162842	0.04376521334052086	0.03485030680894852
06	1	6.0	0.04510583356022835	0.035377729684114456
06	1	6.999999523162842	0.04619699716567993	0.03682643920183182
06	1	7.999999523162842	0.04745092988014221	0.03796257823705673
06	1	9.0	0.05264678969979286	0.041198693215847015
06	1	9.999999046325684	0.05190446227788925	0.04182056337594986
06	1	10.999999046325684	0.056667789816856384	0.04346732422709465
06	1	12.0	0.05907515063881874	0.045152243226766586
06	1	12.999999046325684	0.061600878834724426	0.0476839654147625
06	1	13.999999046325684	0.06722679734230042	0.05274277180433273
06	1	15.0	0.06663915514945984	0.05145806446671486
06	1	15.999999046325684	0.07183071970939636	0.05766451358795166
06	1	16.999998092651367	0.07103940844535828	0.057068243622779846
06	1	18.0	0.06640163064002991	0.05593010410666466
06	1	18.999998092651367	0.06832800060510635	0.05793348699808121
06	1	19.999998092651367	0.0671997219324112	0.05436687171459198
06	1	21.0	0.06618689000606537	0.05534509941935539
06	1	21.999998092651367	0.0662461444735527	0.05341880023479462
06	1	22.999998092651367	0.06680972874164581	0.05260046571493149
06	1	24.0	0.06849399954080582	0.05396192893385887
06	1	24.999998092651367	0.0694434866309166	0.054766107350587845
06	1	25.999998092651367	0.06851091235876083	0.05406346544623375
06	1	27.0	0.07199925929307938	0.05594489350914955
06	1	27.999998092651367	0.07114464044570923	0.055732306092977524
06	1	28.999998092651367	0.07352301478385925	0.0579012893140316
06	1	30.0	0.07684566080570221	0.06133964657783508
06	1	30.999996185302734	0.0759650319814682	0.06111176311969757
06	1	31.999998092651367	0.07682604342699051	0.06188003718852997
06	1	33.0	0.07661477476358414	0.06117561087012291
06	1	33.999996185302734	0.07416928559541702	0.06075871363282204
06	1	34.999996185302734	0.0761786475777626	0.060576923191547394
06	1	36.0	0.07247617840766907	0.05781261995434761
06	1	36.999996185302734	0.0770222544670105	0.05997774749994278
06	1	37.999996185302734	0.0698690265417099	0.05411256477236748
06	1	39.0	0.06781741976737976	0.053547680377960205
06	1	39.999996185302734	0.06811503320932388	0.05178537219762802
06	1	40.999996185302734	0.06556397676467896	0.0518023818731308
06	1	42.0	0.062104374170303345	0.04845377802848816
06	1	42.999996185302734	0.05952659621834755	0.04590831324458122
06	1	43.999996185302734	0.06135862320661545	0.048441026359796524
06	1	45.0	0.06368407607078552	0.04850758984684944
06	1	45.999996185302734	0.061134569346904755	0.046715740114450455
06	1	46.999996185302734	0.05912237614393234	0.04570527747273445
06	1	48.0	0.05621183663606644	0.04415937885642052
06	1	48.999996185302734	0.060744356364011765	0.04468149691820145
06	1	49.999996185302734	0.05640678107738495	0.044083863496780396
06	1	51.0	0.05538471043109894	0.043228693306446075
06	1	51.999996185302734	0.058863695710897446	0.04462470859289169
06	1	52.999996185302734	0.055556610226631165	0.043128613382577896
06	1	54.0	0.06100674346089363	0.04539070650935173
06	1	54.999996185302734	0.05935214087367058	0.04593561589717865
06	1	55.999996185302734	0.06362224370241165	0.05067878216505051
06	1	57.0	0.06413611769676208	0.050564054399728775
06	1	57.999996185302734	0.061108533293008804	0.048347242176532745
06	1	58.999996185302734	0.061876919120550156	0.05083828791975975
06	1	60.0	0.05901440978050232	0.047379232943058014
06	1	61.0	0.05947893112897873	0.047993842512369156
06	1	61.99999237060547	0.05863000079989433	0.047458257526159286
06	1	62.999996185302734	0.05823793262243271	0.04639092832803726
06	1	63.999996185302734	0.056442923843860626	0.04545075073838234
06	1	65.0	0.05454519763588905	0.04241281375288963
06	1	66.0	0.057377953082323074	0.045352403074502945
06	1	67.0	0.0583743080496788	0.045701976865530014
06	1	67.99999237060547	0.05715453624725342	0.04597523808479309
06	1	68.99999237060547	0.05484011396765709	0.04464712366461754
06	1	69.99999237060547	0.06051409989595413	0.05137857794761658
06	1	71.0	0.06030712276697159	0.04950471594929695
06	1	72.0	0.06269808858633041	0.050729066133499146
06	1	73.0	0.06527197360992432	0.051294825971126556
06	1	73.99999237060547	0.06440402567386627	0.04839808866381645
06	1	74.99999237060547	0.06457923352718353	0.04858306795358658
06	1	75.99999237060547	0.06877650320529938	0.048732444643974304
06	1	77.0	0.06784069538116455	0.04734719172120094
06	1	78.0	0.06699804961681366	0.04719895124435425
06	1	79.0	0.07403794676065445	0.05236094817519188
06	1	79.99999237060547	0.07084888219833374	0.052547942847013474
06	1	80.99999237060547	0.07451605051755905	0.05540484935045242
06	1	81.99999237060547	0.07266707718372345	0.05522122234106064
06	1	83.0	0.07633424550294876	0.06250720471143723
06	1	84.0	0.07222955673933029	0.060611542314291
06	1	84.99999237060547	0.07019713521003723	0.06039884313941002
06	1	85.99999237060547	0.06961724907159805	0.06059490889310837
06	1	86.99999237060547	0.06332665681838989	0.054663315415382385
06	1	87.99999237060547	0.06030961498618126	0.05142395570874214
06	1	89.0	0.060971543192863464	0.04917749762535095
06	1	90.0	0.05789016932249069	0.04602132737636566
06	1	90.99999237060547	0.057007916271686554	0.04449543356895447
06	1	91.99999237060547	0.06063998118042946	0.0467275008559227
06	1	92.99999237060547	0.06215078383684158	0.04806234687566757
06	1	93.99999237060547	0.0635504275560379	0.049639396369457245
06	1	95.0	0.06485020369291306	0.05372188612818718
06	1	96.0	0.06858091056346893	0.05623045563697815
06	1	96.99999237060547	0.06982012093067169	0.05776163563132286
06	1	97.99999237060547	0.07138606905937195	0.058916572481393814
06	1	98.99999237060547	0.0734328106045723	0.06059825420379639
06	1	99.99999237060547	0.07928204536437988	0.0642918273806572
06	1	100.99999237060547	0.08378016203641891	0.0653747096657753
06	1	102.0	0.08267495781183243	0.06418920308351517
06	1	102.99999237060547	0.08202362805604935	0.06157611683011055
06	1	103.99999237060547	0.07771772146224976	0.059185318648815155
06	1	104.99999237060547	0.08132025599479675	0.05959304794669151
06	1	105.99999237060547	0.07712320983409882	0.05915963277220726
06	1	106.99999237060547	0.07239925861358643	0.05509326979517937
06	1	108.0	0.07437802106142044	0.05626007169485092
06	1	108.99999237060547	0.06290877610445023	0.05009349063038826
06	1	109.99999237060547	0.06828770786523819	0.05031755939126015
06	1	110.99999237060547	0.06761354207992554	0.051235076040029526
06	1	111.99999237060547	0.06178026273846626	0.04682270064949989
06	1	112.99999237060547	0.06392894685268402	0.04697783663868904
06	1	114.0	0.060659781098365784	0.04776693508028984
06	1	115.0	0.059457987546920776	0.04612327367067337
06	1	115.99999237060547	0.05997844785451889	0.04650205746293068
06	1	117.0	0.062398675829172134	0.04946725443005562
06	1	117.99999237060547	0.061641816049814224	0.0495271161198616
06	1	118.99999237060547	0.06443341076374054	0.05120760202407837
06	1	120.0	0.05778226628899574	0.048127029091119766
06	1	120.99999237060547	0.06506835669279099	0.05014561861753464
06	1	122.0	0.05827398598194122	0.04600764438509941
06	1	122.99999237060547	0.059799015522003174	0.04620777815580368
06	1	123.99998474121094	0.05623210594058037	0.043893150985240936
06	1	124.99999237060547	0.05620116740465164	0.04293894022703171
06	1	125.99999237060547	0.0527326725423336	0.04036431759595871
06	1	127.0	0.047759395092725754	0.03750709444284439
06	1	127.99999237060547	0.04841935262084007	0.037005648016929626
06	1	128.99998474121094	0.04692789539694786	0.03663250058889389
06	1	130.0	0.04466719180345535	0.03526917099952698
06	1	130.99998474121094	0.046743836253881454	0.03712406009435654
06	1	132.0	0.04382873699069023	0.03450196608901024
06	1	132.99998474121094	0.0507923848927021	0.03798546642065048
06	1	134.0	0.046848736703395844	0.03736015409231186
06	1	135.0	0.04775093123316765	0.03706888109445572
06	1	135.99998474121094	0.051942840218544006	0.0404755100607872
06	1	137.0	0.049501627683639526	0.03872862085700035
06	1	137.99998474121094	0.050593242049217224	0.0398644395172596
06	1	139.0	0.05300901085138321	0.04029782488942146
06	1	139.99998474121094	0.05236170068383217	0.03951260447502136
06	1	140.99998474121094	0.054221056401729584	0.04116647318005562
06	1	142.0	0.05892178788781166	0.04474685713648796
06	1	142.99998474121094	0.06005122512578964	0.04608778655529022
06	1	144.0	0.061926890164613724	0.047530900686979294
06	1	144.99998474121094	0.06514336913824081	0.05153609812259674
06	1	146.0	0.06520355492830276	0.05222760885953903
06	1	147.0	0.06557566672563553	0.053774088621139526
06	1	147.99998474121094	0.06670747697353363	0.05317334085702896
06	1	149.0	0.059913355857133865	0.049016620963811874
06	1	149.99998474121094	0.0631551742553711	0.052945174276828766
06	1	151.0	0.06338806450366974	0.05080340430140495
06	1	151.99998474121094	0.05971689522266388	0.048014383763074875
06	1	152.99998474121094	0.058121636509895325	0.04561106115579605
06	1	154.0	0.057623688131570816	0.04511195421218872
06	1	154.99998474121094	0.05747276917099953	0.0447070375084877
06	1	156.0	0.056900475174188614	0.044930435717105865
06	1	156.99998474121094	0.05723320692777634	0.04602044075727463
06	1	158.0	0.06325261294841766	0.05106564238667488
06	1	158.99998474121094	0.06055030599236488	0.04998055100440979
06	1	159.99998474121094	0.058886125683784485	0.05043521896004677
06	1	161.0	0.0638384073972702	0.052873991429805756
06	1	161.99998474121094	0.06335820257663727	0.05300024524331093
06	1	163.0	0.06083350628614426	0.04979308694601059
06	1	163.99998474121094	0.06193513423204422	0.048796217888593674
06	1	164.99998474121094	0.060735709965229034	0.04680901765823364
06	1	166.0	0.05778149142861366	0.04344790056347847
06	1	166.99998474121094	0.052483171224594116	0.03910878673195839
06	1	168.0	0.05014574155211449	0.03775607421994209
06	1	168.99998474121094	0.04428744316101074	0.03419753536581993
06	1	169.99998474121094	0.04398137331008911	0.03499735891819
06	1	170.99998474121094	0.04242486134171486	0.03340911865234375
06	1	171.99998474121094	0.04069647192955017	0.03194017708301544
06	1	173.0	0.040488746017217636	0.032525692135095596
06	1	173.99998474121094	0.041275754570961	0.03294099494814873
06	1	175.0	0.04273289442062378	0.0342414416372776
06	1	175.99998474121094	0.03947967290878296	0.03176826983690262
06	1	176.99998474121094	0.04112587496638298	0.032898928970098495
06	1	178.0	0.04185958206653595	0.03302794322371483
06	1	178.99998474121094	0.044963639229536057	0.03551110252737999
06	2	0.0	0.04186065122485161	0.033506497740745544
06	2	0.9999999403953552	0.041217029094696045	0.0333072729408741
06	2	1.9999998807907104	0.043799035251140594	0.035258058458566666
06	2	3.0	0.04482133314013481	0.03554375842213631
06	2	3.999999761581421	0.04374367371201515	0.03389466553926468
06	2	4.999999523162842	0.046776480972766876	0.037262268364429474
06	2	6.0	0.046774882823228836	0.03656470403075218
06	2	6.999999523162842	0.047037165611982346	0.03757335618138313
06	2	7.999999523162842	0.04941806569695473	0.03887711465358734
06	2	9.0	0.05099809914827347	0.03959136828780174
06	2	9.999999046325684	0.052448611706495285	0.0404970683157444
06	2	10.999999046325684	0.05449102818965912	0.042720288038253784
06	2	12.0	0.05859825760126114	0.04464234784245491
06	2	12.999999046325684	0.059820596128702164	0.04744870588183403
06	2	13.999999046325684	0.06313899904489517	0.051659002900123596
06	2	15.0	0.06357098370790482	0.05007874593138695
06	2	15.999999046325684	0.06261155754327774	0.0501367412507534
06	2	16.999998092651367	0.0660015344619751	0.05339571088552475
06	2	18.0	0.06716659665107727	0.054889000952243805
06	2	18.999998092651367	0.06380144506692886	0.05127925053238869
06	2	19.999998092651367	0.06381580978631973	0.05311569198966026
06	2	21.0	0.0662497729063034	0.05353987216949463
06	2	21.999998092651367	0.06482981145381927	0.05262857675552368
06	2	22.999998092651367	0.06513021886348724	0.05172515660524368
06	2	24.0	0.06499926745891571	0.051223091781139374
06	2	24.999998092651367	0.06670928001403809	0.05203833058476448
06	2	25.999998092651367	0.06710859388113022	0.0531858429312706
06	2	27.0	0.0705653503537178	0.05468088388442993
06	2	27.999998092651367	0.07118313014507294	0.05698610097169876
06	2	28.999998092651367	0.07035752385854721	0.056410666555166245
06	2	30.0	0.07549849897623062	0.05947863683104515
06	2	30.999996185302734	0.06900229305028915	0.0562579408288002
06	2	31.999998092651367	0.073334701359272	0.059302426874637604
06	2	33.0	0.0712190717458725	0.057792212814092636
06	2	33.999996185302734	0.07380439341068268	0.058405566960573196
06	2	34.999996185302734	0.06954459846019745	0.05671066790819168
06	2	36.0	0.07228519767522812	0.057847779244184494
06	2	36.999996185302734	0.06796184182167053	0.053502436727285385
06	2	37.999996185302734	0.06674578785896301	0.05237337946891785
06	2	39.0	0.06485553085803986	0.051208868622779846
06	2	39.999996185302734	0.06100747734308243	0.04751180112361908
06	2	40.999996185302734	0.05948195978999138	0.047037024050951004
06	2	42.0	0.0590825155377388	0.04550610110163689
06	2	42.999996185302734	0.05893604829907417	0.04603176936507225
06	2	43.999996185302734	0.05391973629593849	0.042369402945041656
06	2	45.0	0.054726555943489075	0.04291197657585144
06	2	45.999996185302734	0.055764034390449524	0.04414378106594086
06	2	46.999996185302734	0.055327288806438446	0.043233003467321396
06	2	48.0	0.05355660989880562	0.04317471385002136
06	2	48.999996185302734	0.053058456629514694	0.04085569828748703
06	2	49.999996185302734	0.050369832664728165	0.03882645443081856
06	2	51.0	0.051224350929260254	0.03919320926070213
06	2	51.999996185302734	0.05212854593992233	0.040812406688928604
06	2	52.999996185302734	0.05780225619673729	0.04316829890012741
06	2	54.0	0.05791270732879639	0.04378247633576393
06	2	54.999996185302734	0.060289449989795685	0.0461387075483799
06	2	55.999996185302734	0.06035414710640907	0.04669246822595596
06	2	57.0	0.057742275297641754	0.04624952748417854
06	2	57.999996185302734	0.06021047756075859	0.0496368333697319
06	2	58.999996185302734	0.05809013918042183	0.046701472252607346
06	2	60.0	0.05642246454954147	0.046749260276556015
06	2	61.0	0.057574208825826645	0.0474754199385643
06	2	61.99999237060547	0.057854652404785156	0.04711823910474777
06	2	62.999996185302734	0.055646684020757675	0.043577175587415695
06	2	63.999996185302734	0.05561999976634979	0.043931666761636734
06	2	65.0	0.05375437065958977	0.042561035603284836
06	2	66.0	0.05370248854160309	0.04206107184290886
06	2	67.0	0.0564463771879673	0.044750332832336426
06	2	67.99999237060547	0.054881107062101364	0.04402827471494675
06	2	68.99999237060547	0.058232780545949936	0.046648576855659485
06	2	69.99999237060547	0.056994497776031494	0.04710729047656059
06	2	71.0	0.05870186910033226	0.047390006482601166
06	2	72.0	0.05843750014901161	0.04724154621362686
06	2	73.0	0.06254243850708008	0.049198415130376816
06	2	73.99999237060547	0.06538400799036026	0.04699018597602844
06	2	74.99999237060547	0.0605175755918026	0.04635106772184372
06	2	75.99999237060547	0.06900926679372787	0.046229515224695206
06	2	77.0	0.06957054883241653	0.0468619130551815
06	2	78.0	0.07153500616550446	0.04740190505981445
06	2	79.0	0.06724647432565689	0.04701428860425949
06	2	79.99999237060547	0.07141853868961334	0.049420494586229324
06	2	80.99999237060547	0.07214883714914322	0.05484882369637489
06	2	81.99999237060547	0.0748799592256546	0.05669166147708893
06	2	83.0	0.07415608316659927	0.05856715515255928
06	2	84.0	0.06882569193840027	0.058355461806058884
06	2	84.99999237060547	0.06823152303695679	0.05929190665483475
06	2	85.99999237060547	0.06659356504678726	0.05701657757163048
06	2	86.99999237060547	0.0638788640499115	0.053743720054626465
06	2	87.99999237060547	0.05935264751315117	0.05093067139387131
06	2	89.0	0.06303638219833374	0.05072303116321564
06	2	90.0	0.05670350417494774	0.045563384890556335
06	2	90.99999237060547	0.05366367846727371	0.04224469140172005
06	2	91.99999237060547	0.05749364569783211	0.043830450624227524
06	2	92.99999237060547	0.059778936207294464	0.04646749794483185
06	2	93.99999237060547	0.057293716818094254	0.04652659595012665
06	2	95.0	0.0657617449760437	0.05315718799829483
06	2	96.0	0.06729453057050705	0.055379193276166916
06	2	96.99999237060547	0.07043790817260742	0.05935429409146309
06	2	97.99999237060547	0.07001790404319763	0.06013378128409386
06	2	98.99999237060547	0.0745178684592247	0.06163372844457626
06	2	99.99999237060547	0.07684645056724548	0.06259889900684357
06	2	100.99999237060547	0.08204774558544159	0.06415557861328125
06	2	102.0	0.08023063093423843	0.06122596561908722
06	2	102.99999237060547	0.07806047052145004	0.05806396156549454
06	2	103.99999237060547	0.08000267297029495	0.05976133048534393
06	2	104.99999237060547	0.08247958868741989	0.05951814725995064
06	2	105.99999237060547	0.07765520364046097	0.05842580273747444
06	2	106.99999237060547	0.06866376847028732	0.052158746868371964
06	2	108.0	0.07099638134241104	0.05329625681042671
06	2	108.99999237060547	0.06993661820888519	0.051619160920381546
06	2	109.99999237060547	0.062128305435180664	0.0479346364736557
06	2	110.99999237060547	0.06340299546718597	0.047683414071798325
06	2	111.99999237060547	0.06593021005392075	0.0476602204144001
06	2	112.99999237060547	0.059742771089076996	0.04557787626981735
06	2	114.0	0.06580332666635513	0.046685364097356796
06	2	115.0	0.05726569518446922	0.0444321483373642
06	2	115.99999237060547	0.058201856911182404	0.04552372545003891
06	2	117.0	0.05568788945674896	0.045704446732997894
06	2	117.99999237060547	0.060127656906843185	0.048192381858825684
06	2	118.99999237060547	0.05968320369720459	0.04683493822813034
06	2	120.0	0.05865916609764099	0.04651735723018646
06	2	120.99999237060547	0.05912212282419205	0.047833289951086044
06	2	122.0	0.05909724161028862	0.045547667890787125
06	2	122.99999237060547	0.06044410914182663	0.04574915021657944
06	2	123.99998474121094	0.05542665347456932	0.04296762868762016
06	2	124.99999237060547	0.0567304790019989	0.04283326864242554
06	2	125.99999237060547	0.05254879221320152	0.04049483314156532
06	2	127.0	0.05232849344611168	0.03872251883149147
06	2	127.99999237060547	0.04738369584083557	0.03710165247321129
06	2	128.99998474121094	0.04799514636397362	0.037744756788015366
06	2	130.0	0.045497551560401917	0.03514012694358826
06	2	130.99998474121094	0.04467489570379257	0.03599226474761963
06	2	132.0	0.044777922332286835	0.03543128818273544
06	2	132.99998474121094	0.05107470229268074	0.03766443580389023
06	2	134.0	0.0488460399210453	0.03656207397580147
06	2	135.0	0.046339310705661774	0.03672219067811966
06	2	135.99998474121094	0.04679951071739197	0.036862920969724655
06	2	137.0	0.04959259554743767	0.03657257929444313
06	2	137.99998474121094	0.05324341356754303	0.040343865752220154
06	2	139.0	0.05040104687213898	0.03902212530374527
06	2	139.99998474121094	0.050437286496162415	0.039424650371074677
06	2	140.99998474121094	0.058490365743637085	0.043570708483457565
06	2	142.0	0.05656925588846207	0.043912846595048904
06	2	142.99998474121094	0.061687592417001724	0.04719856008887291
06	2	144.0	0.06205163896083832	0.04805243760347366
06	2	144.99998474121094	0.06227099522948265	0.04962430149316788
06	2	146.0	0.06757193803787231	0.05324063450098038
06	2	147.0	0.0668315514922142	0.05385340750217438
06	2	147.99998474121094	0.06457317620515823	0.053823716938495636
06	2	149.0	0.06174379214644432	0.05135328322649002
06	2	149.99998474121094	0.06467130780220032	0.05238718539476395
06	2	151.0	0.06073299050331116	0.049188803881406784
06	2	151.99998474121094	0.06087692454457283	0.0479925312101841
06	2	152.99998474121094	0.05942491441965103	0.046462371945381165
06	2	154.0	0.05904516950249672	0.04664049670100212
06	2	154.99998474121094	0.05794481933116913	0.04559326171875
06	2	156.0	0.05667996034026146	0.045068345963954926
06	2	156.99998474121094	0.05653292313218117	0.045353278517723083
06	2	158.0	0.05942213535308838	0.04949583485722542
06	2	158.99998474121094	0.06106872484087944	0.05091898515820503
06	2	159.99998474121094	0.05796242132782936	0.048629555851221085
06	2	161.0	0.0593050941824913	0.049612753093242645
06	2	161.99998474121094	0.0633385181427002	0.051227666437625885
06	2	163.0	0.06369422376155853	0.04919156804680824
06	2	163.99998474121094	0.05964019149541855	0.04629823938012123
06	2	164.99998474121094	0.057847391813993454	0.04436328634619713
06	2	166.0	0.057866062968969345	0.0435161292552948
06	2	166.99998474121094	0.05337553471326828	0.040121834725141525
06	2	168.0	0.04433133453130722	0.0345478281378746
06	2	168.99998474121094	0.04301232472062111	0.03214102238416672
06	2	169.99998474121094	0.04779636487364769	0.03396584093570709
06	2	170.99998474121094	0.04107385501265526	0.03248637914657593
06	2	171.99998474121094	0.039482321590185165	0.03119656629860401
06	2	173.0	0.040609680116176605	0.03156440705060959
06	2	173.99998474121094	0.04126054048538208	0.03239978104829788
06	2	175.0	0.03913324326276779	0.03127273544669151
06	2	175.99998474121094	0.039905231446027756	0.031299933791160583
06	2	176.99998474121094	0.039288390427827835	0.031415849924087524
06	2	178.0	0.04164218157529831	0.03373075649142265
06	2	178.99998474121094	0.04234582558274269	0.03408191725611687
07	1	0.0	0.16749592125415802	0.09119684994220734
07	1	0.9999999403953552	0.12850213050842285	0.07606599479913712
07	1	1.9999998807907104	0.14641627669334412	0.08240114152431488
07	1	3.0	0.15096381306648254	0.08485083281993866
07	1	3.999999761581421	0.15027444064617157	0.08587725460529327
07	1	4.999999523162842	0.1627415120601654	0.09124661237001419
07	1	6.0	0.1839979737997055	0.103379987180233
07	1	6.999999523162842	0.18967536091804504	0.10995078086853027
07	1	7.999999523162842	0.13763956725597382	0.08701322972774506
07	1	9.0	0.17618943750858307	0.10955038666725159
07	1	9.999999046325684	0.1781245917081833	0.11328274756669998
07	1	10.999999046325684	0.17875969409942627	0.11480303108692169
07	1	12.0	0.18909206986427307	0.12736940383911133
07	1	12.999999046325684	0.1783585399389267	0.12703987956047058
07	1	13.999999046325684	0.18785396218299866	0.13565503060817719
07	1	15.0	0.18042729794979095	0.13624972105026245
07	1	15.999999046325684	0.17510662972927094	0.13356687128543854
07	1	16.999998092651367	0.15984095633029938	0.125723198056221
07	1	18.0	0.16782855987548828	0.1340213418006897
07	1	18.999998092651367	0.1557154655456543	0.12537556886672974
07	1	19.999998092651367	0.15041899681091309	0.12447488307952881
07	1	21.0	0.15835927426815033	0.12598519027233124
07	1	21.999998092651367	0.15321560204029083	0.11826466023921967
07	1	22.999998092651367	0.1410328596830368	0.11332226544618607
07	1	24.0	0.13553880155086517	0.10483114421367645
07	1	24.999998092651367	0.13650065660476685	0.10524043440818787
07	1	25.999998092651367	0.13540028035640717	0.10427063703536987
07	1	27.0	0.13466425240039825	0.10234934836626053
07	1	27.999998092651367	0.13535596430301666	0.10234084725379944
07	1	28.999998092651367	0.12796784937381744	0.09982391446828842
07	1	30.0	0.13173384964466095	0.10353770107030869
07	1	30.999996185302734	0.12541915476322174	0.09798817336559296
07	1	31.999998092651367	0.122601218521595	0.09953399747610092
07	1	33.0	0.13017933070659637	0.10280300676822662
07	1	33.999996185302734	0.12388350814580917	0.09708346426486969
07	1	34.999996185302734	0.14100591838359833	0.1042402908205986
07	1	36.0	0.12370030581951141	0.09785109013319016
07	1	36.999996185302734	0.12300053238868713	0.09450507909059525
07	1	37.999996185302734	0.13761809468269348	0.10211464017629623
07	1	39.0	0.1252739131450653	0.09203729033470154
07	1	39.999996185302734	0.1280878782272339	0.09512460231781006
07	1	40.999996185302734	0.12077325582504272	0.08464345335960388
07	1	42.0	0.1252562254667282	0.09152831882238388
07	1	42.999996185302734	0.12916918098926544	0.09265953302383423
07	1	43.999996185302734	0.13360336422920227	0.09299286454916
07	1	45.0	0.13668127357959747	0.09644223004579544
07	1	45.999996185302734	0.14219070971012115	0.10246317088603973
07	1	46.999996185302734	0.1459023654460907	0.10837313532829285
07	1	48.0	0.14130286872386932	0.10698170214891434
07	1	48.999996185302734	0.14213648438453674	0.11188192665576935
07	1	49.999996185302734	0.1558970957994461	0.12536074221134186
07	1	51.0	0.15999835729599	0.13090497255325317
07	1	51.999996185302734	0.15453818440437317	0.12628474831581116
07	1	52.999996185302734	0.16036732494831085	0.1311260312795639
07	1	54.0	0.1710337996482849	0.1394747644662857
07	1	54.999996185302734	0.17803089320659637	0.14244356751441956
07	1	55.999996185302734	0.1852722018957138	0.14087268710136414
07	1	57.0	0.1855161190032959	0.14562878012657166
07	1	57.999996185302734	0.17089353501796722	0.12872684001922607
07	1	58.999996185302734	0.17394055426120758	0.1309795081615448
07	1	60.0	0.18345296382904053	0.13535863161087036
07	1	61.0	0.1826607882976532	0.1338246762752533
07	1	61.99999237060547	0.17764849960803986	0.12570776045322418
07	1	62.999996185302734	0.1815224289894104	0.12017060816287994
07	1	63.999996185302734	0.16418607532978058	0.11140494048595428
07	1	65.0	0.16456471383571625	0.11163296550512314
07	1	66.0	0.17615100741386414	0.11656118929386139
07	1	67.0	0.16337355971336365	0.10713125765323639
07	1	67.99999237060547	0.1640489548444748	0.10757719725370407
07	1	68.99999237060547	0.1644006073474884	0.10630066692829132
07	1	69.99999237060547	0.18699131906032562	0.118211530148983
07	1	71.0	0.16719767451286316	0.11119259893894196
07	1	72.0	0.16913069784641266	0.11191244423389435
07	1	73.0	0.1882665902376175	0.11985927075147629
07	1	73.99999237060547	0.19690901041030884	0.1233905777335167
07	1	74.99999237060547	0.18377219140529633	0.11855347454547882
07	1	75.99999237060547	0.20047372579574585	0.13089801371097565
07	1	77.0	0.19174914062023163	0.12684592604637146
07	1	78.0	0.2065637707710266	0.1360897570848465
07	1	79.0	0.21521303057670593	0.14329595863819122
07	1	79.99999237060547	0.20456157624721527	0.13513655960559845
07	1	80.99999237060547	0.193717822432518	0.1350151002407074
07	1	81.99999237060547	0.21376240253448486	0.14647752046585083
07	1	83.0	0.20360490679740906	0.14525659382343292
07	1	84.0	0.21819783747196198	0.1528671234846115
07	1	84.99999237060547	0.20288553833961487	0.15049804747104645
07	1	85.99999237060547	0.18939051032066345	0.13944749534130096
07	1	86.99999237060547	0.20002713799476624	0.14333856105804443
07	1	87.99999237060547	0.21837714314460754	0.16186104714870453
07	1	89.0	0.18837109208106995	0.13981366157531738
07	1	90.0	0.19396957755088806	0.14225172996520996
07	1	90.99999237060547	0.19773244857788086	0.14632709324359894
07	1	91.99999237060547	0.20497466623783112	0.155027836561203
07	1	92.99999237060547	0.18391424417495728	0.1375380903482437
07	1	93.99999237060547	0.19541019201278687	0.1507035791873932
07	1	95.0	0.18545612692832947	0.1466572880744934
07	1	96.0	0.19074435532093048	0.14589934051036835
07	1	96.99999237060547	0.19927890598773956	0.1555589884519577
07	1	97.99999237060547	0.18869541585445404	0.15204276144504547
07	1	98.99999237060547	0.19356279075145721	0.1527523249387741
07	1	99.99999237060547	0.18714791536331177	0.14830166101455688
07	1	100.99999237060547	0.18253996968269348	0.14435313642024994
07	1	102.0	0.19578982889652252	0.15402944386005402
07	1	102.99999237060547	0.1692681610584259	0.13966287672519684
07	1	103.99999237060547	0.182402566075325	0.14610952138900757
07	1	104.99999237060547	0.1692182719707489	0.1330461949110031
07	1	105.99999237060547	0.16002197563648224	0.12388680875301361
07	1	106.99999237060547	0.17370641231536865	0.1261717677116394
07	1	108.0	0.15632963180541992	0.11542369425296783
07	1	108.99999237060547	0.1649809181690216	0.11353283375501633
07	1	109.99999237060547	0.15717974305152893	0.10759519785642624
07	1	110.99999237060547	0.1595703512430191	0.10451754182577133
07	1	111.99999237060547	0.1575552523136139	0.10633988678455353
07	1	112.99999237060547	0.1576821208000183	0.10825452953577042
07	1	114.0	0.16244371235370636	0.11117362976074219
07	1	115.0	0.17286697030067444	0.11658085882663727
07	1	115.99999237060547	0.17355263233184814	0.12175139039754868
07	1	117.0	0.161798357963562	0.12023385614156723
07	1	117.99999237060547	0.1795090138912201	0.13274464011192322
07	1	118.99999237060547	0.1889411062002182	0.14247064292430878
07	1	120.0	0.1806730031967163	0.1386251300573349
07	1	120.99999237060547	0.1953822821378708	0.15157143771648407
07	1	122.0	0.20782428979873657	0.15858770906925201
07	1	122.99999237060547	0.19819501042366028	0.15546201169490814
07	1	123.99998474121094	0.20796190202236176	0.1603187620639801
07	1	124.99999237060547	0.2214875966310501	0.16951319575309753
07	1	125.99999237060547	0.2192637026309967	0.16522516310214996
07	1	127.0	0.22352288663387299	0.1685638129711151
07	1	127.99999237060547	0.2156328409910202	0.1660083681344986
07	1	128.99998474121094	0.2286110520362854	0.16985824704170227
07	1	130.0	0.2248338758945465	0.1631288230419159
07	1	130.99998474121094	0.2337064892053604	0.1726485639810562
07	1	132.0	0.23845262825489044	0.17215320467948914
07	1	132.99998474121094	0.22104737162590027	0.16437585651874542
07	1	134.0	0.21030715107917786	0.1526654064655304
07	1	135.0	0.21937912702560425	0.16188256442546844
07	1	135.99998474121094	0.21612448990345	0.15748603641986847
07	1	137.0	0.22539091110229492	0.16407033801078796
07	1	137.99998474121094	0.2168019711971283	0.16341395676136017
07	1	139.0	0.19577059149742126	0.14344526827335358
07	1	139.99998474121094	0.21380990743637085	0.16258054971694946
07	1	140.99998474121094	0.19687776267528534	0.14875394105911255
07	1	142.0	0.1883159577846527	0.14124725759029388
07	1	142.99998474121094	0.19455598294734955	0.14622756838798523
07	1	144.0	0.19072294235229492	0.14109519124031067
07	1	144.99998474121094	0.1832159161567688	0.13911551237106323
07	1	146.0	0.17772765457630157	0.1312299519777298
07	1	147.0	0.1645292341709137	0.11976949125528336
07	1	147.99998474121094	0.16210339963436127	0.11738398671150208
07	1	149.0	0.15076172351837158	0.10653781145811081
07	1	149.99998474121094	0.1355500966310501	0.09559506177902222
07	1	151.0	0.1385120451450348	0.09322789311408997
07	1	151.99998474121094	0.13077369332313538	0.0853574201464653
07	1	152.99998474121094	0.11908723413944244	0.07433032244443893
07	1	154.0	0.11888187378644943	0.07568927109241486
07	1	154.99998474121094	0.12604276835918427	0.07705697417259216
07	1	156.0	0.11336106806993484	0.07409273833036423
07	1	156.99998474121094	0.11812946200370789	0.07923849672079086
07	1	158.0	0.11904564499855042	0.08229034394025803
07	1	158.99998474121094	0.11275070905685425	0.08682262897491455
07	1	159.99998474121094	0.1173829436302185	0.09196791797876358
07	1	161.0	0.13425369560718536	0.10536374151706696
07	1	161.99998474121094	0.13473455607891083	0.11320814490318298
07	1	163.0	0.14243876934051514	0.11667566001415253
07	1	163.99998474121094	0.14038744568824768	0.12003722786903381
07	1	164.99998474121094	0.1679762601852417	0.1331571638584137
07	1	166.0	0.15971709787845612	0.12832996249198914
07	1	166.99998474121094	0.1770477592945099	0.13587427139282227
07	1	168.0	0.19135643541812897	0.13906894624233246
07	1	168.99998474121094	0.18790656328201294	0.12950259447097778
07	1	169.99998474121094	0.18470756709575653	0.12308669835329056
07	1	170.99998474121094	0.21226602792739868	0.13555829226970673
07	1	171.99998474121094	0.19995442032814026	0.1204216331243515
07	1	173.0	0.21107575297355652	0.12582507729530334
07	1	173.99998474121094	0.19057440757751465	0.1118653416633606
07	1	175.0	0.18714706599712372	0.10941007733345032
07	1	175.99998474121094	0.17077423632144928	0.09744350612163544
07	1	176.99998474121094	0.15814633667469025	0.09033474326133728
07	1	178.0	0.17233605682849884	0.09680942445993423
07	1	178.99998474121094	0.14960342645645142	0.08558262139558792
07	2	0.0	0.14705494046211243	0.08261774480342865
07	2	0.9999999403953552	0.13489504158496857	0.07326788455247879
07	2	1.9999998807907104	0.12484091520309448	0.07058829814195633
07	2	3.0	0.11482823640108109	0.06985471397638321
07	2	3.999999761581421	0.1251004934310913	0.07280607521533966
07	2	4.999999523162842	0.1276477873325348	0.07646721601486206
07	2	6.0	0.12761111557483673	0.0761963501572609
07	2	6.999999523162842	0.14633455872535706	0.08665095269680023
07	2	7.999999523162842	0.1429010033607483	0.08758427202701569
07	2	9.0	0.1560884416103363	0.09880224615335464
07	2	9.999999046325684	0.15983672440052032	0.10040082037448883
07	2	10.999999046325684	0.16050393879413605	0.10267604887485504
07	2	12.0	0.173206627368927	0.11533208191394806
07	2	12.999999046325684	0.18581938743591309	0.1262367218732834
07	2	13.999999046325684	0.174380823969841	0.12221711874008179
07	2	15.0	0.16408011317253113	0.11797035485506058
07	2	15.999999046325684	0.16796302795410156	0.12724116444587708
07	2	16.999998092651367	0.15389971435070038	0.11960399895906448
07	2	18.0	0.1517818719148636	0.12124087661504745
07	2	18.999998092651367	0.15606749057769775	0.12476542592048645
07	2	19.999998092651367	0.1550404280424118	0.12613768875598907
07	2	21.0	0.1405370831489563	0.11664125323295593
07	2	21.999998092651367	0.14336445927619934	0.11385046690702438
07	2	22.999998092651367	0.12946169078350067	0.10590030252933502
07	2	24.0	0.13684743642807007	0.10938351601362228
07	2	24.999998092651367	0.1311333328485489	0.09915797412395477
07	2	25.999998092651367	0.12770386040210724	0.10043182224035263
07	2	27.0	0.1302877515554428	0.10185138881206512
07	2	27.999998092651367	0.1261969357728958	0.09587637335062027
07	2	28.999998092651367	0.1266467273235321	0.09384667873382568
07	2	30.0	0.12314767390489578	0.09525853395462036
07	2	30.999996185302734	0.13183465600013733	0.10062924027442932
07	2	31.999998092651367	0.12535342574119568	0.09577450901269913
07	2	33.0	0.12079218775033951	0.09149200469255447
07	2	33.999996185302734	0.12393669784069061	0.09920021146535873
07	2	34.999996185302734	0.1316552460193634	0.09892431646585464
07	2	36.0	0.11736937612295151	0.09131047874689102
07	2	36.999996185302734	0.12872223556041718	0.10001153498888016
07	2	37.999996185302734	0.1137385219335556	0.0869143083691597
07	2	39.0	0.12448740005493164	0.09355275332927704
07	2	39.999996185302734	0.12429477274417877	0.09210417419672012
07	2	40.999996185302734	0.12662485241889954	0.09104624390602112
07	2	42.0	0.11914964765310287	0.08836602419614792
07	2	42.999996185302734	0.1318945437669754	0.09472500532865524
07	2	43.999996185302734	0.13293685019016266	0.09285926818847656
07	2	45.0	0.13008931279182434	0.0933968648314476
07	2	45.999996185302734	0.1401277482509613	0.10108044743537903
07	2	46.999996185302734	0.1430722028017044	0.10526324808597565
07	2	48.0	0.1406358778476715	0.10927936434745789
07	2	48.999996185302734	0.13877786695957184	0.11305183172225952
07	2	49.999996185302734	0.14185863733291626	0.11422742903232574
07	2	51.0	0.14373743534088135	0.11563609540462494
07	2	51.999996185302734	0.15471863746643066	0.12288918346166611
07	2	52.999996185302734	0.16186296939849854	0.13114845752716064
07	2	54.0	0.17171883583068848	0.13694436848163605
07	2	54.999996185302734	0.17137758433818817	0.13335904479026794
07	2	55.999996185302734	0.16744022071361542	0.12848305702209473
07	2	57.0	0.18283268809318542	0.13517004251480103
07	2	57.999996185302734	0.16020967066287994	0.12046971172094345
07	2	58.999996185302734	0.17296522855758667	0.12817777693271637
07	2	60.0	0.17898394167423248	0.12590594589710236
07	2	61.0	0.15559911727905273	0.11091773957014084
07	2	61.99999237060547	0.1582990139722824	0.11035085469484329
07	2	62.999996185302734	0.16899995505809784	0.11602413654327393
07	2	63.999996185302734	0.14681097865104675	0.09761397540569305
07	2	65.0	0.14799128472805023	0.0983486920595169
07	2	66.0	0.1439407467842102	0.09585137665271759
07	2	67.0	0.16026556491851807	0.10298053175210953
07	2	67.99999237060547	0.13051487505435944	0.08741775155067444
07	2	68.99999237060547	0.15030741691589355	0.09834852069616318
07	2	69.99999237060547	0.15320663154125214	0.09848910570144653
07	2	71.0	0.15753895044326782	0.10391443222761154
07	2	72.0	0.13838331401348114	0.09622281044721603
07	2	73.0	0.16956345736980438	0.11013808101415634
07	2	73.99999237060547	0.16760335862636566	0.11009056121110916
07	2	74.99999237060547	0.16698352992534637	0.11054076254367828
07	2	75.99999237060547	0.1877421736717224	0.12195076048374176
07	2	77.0	0.18550905585289001	0.11997871100902557
07	2	78.0	0.1666109263896942	0.11251378059387207
07	2	79.0	0.1916997879743576	0.1252553015947342
07	2	79.99999237060547	0.18464027345180511	0.12256176769733429
07	2	80.99999237060547	0.1882900446653366	0.12305596470832825
07	2	81.99999237060547	0.18254710733890533	0.1233847513794899
07	2	83.0	0.18318720161914825	0.1251642405986786
07	2	84.0	0.17954742908477783	0.12984725832939148
07	2	84.99999237060547	0.18808205425739288	0.1339872032403946
07	2	85.99999237060547	0.17658312618732452	0.12279094010591507
07	2	86.99999237060547	0.1957036852836609	0.13558346033096313
07	2	87.99999237060547	0.20113566517829895	0.13803012669086456
07	2	89.0	0.17742858827114105	0.12839604914188385
07	2	90.0	0.17473050951957703	0.1269720494747162
07	2	90.99999237060547	0.17759168148040771	0.1269010454416275
07	2	91.99999237060547	0.18722441792488098	0.13496190309524536
07	2	92.99999237060547	0.18258218467235565	0.12894563376903534
07	2	93.99999237060547	0.1956430822610855	0.14324551820755005
07	2	95.0	0.18384678661823273	0.1417093575000763
07	2	96.0	0.18521137535572052	0.13940571248531342
07	2	96.99999237060547	0.19924895465373993	0.15296322107315063
07	2	97.99999237060547	0.18955308198928833	0.14643076062202454
07	2	98.99999237060547	0.1662762314081192	0.13292986154556274
07	2	99.99999237060547	0.18854153156280518	0.14614559710025787
07	2	100.99999237060547	0.1811017543077469	0.14056524634361267
07	2	102.0	0.1719161719083786	0.13845707476139069
07	2	102.99999237060547	0.1682947427034378	0.1341606080532074
07	2	103.99999237060547	0.17208878695964813	0.13923025131225586
07	2	104.99999237060547	0.16278640925884247	0.13168631494045258
07	2	105.99999237060547	0.1652875691652298	0.12740458548069
07	2	106.99999237060547	0.15223965048789978	0.11736616492271423
07	2	108.0	0.154316246509552	0.11440028250217438
07	2	108.99999237060547	0.1512955278158188	0.10781683027744293
07	2	109.99999237060547	0.1533108949661255	0.10773396492004395
07	2	110.99999237060547	0.16148421168327332	0.10718584805727005
07	2	111.99999237060547	0.15933959186077118	0.10312622040510178
07	2	112.99999237060547	0.15039701759815216	0.099163718521595
07	2	114.0	0.14309877157211304	0.0974298045039177
07	2	115.0	0.1567521095275879	0.10824044048786163
07	2	115.99999237060547	0.15768571197986603	0.10825474560260773
07	2	117.0	0.1745099127292633	0.12237581610679626
07	2	117.99999237060547	0.16152454912662506	0.1183788925409317
07	2	118.99999237060547	0.17682422697544098	0.1330561488866806
07	2	120.0	0.17091858386993408	0.13096553087234497
07	2	120.99999237060547	0.19193366169929504	0.14611391723155975
07	2	122.0	0.19337022304534912	0.15062162280082703
07	2	122.99999237060547	0.1920703500509262	0.14494721591472626
07	2	123.99998474121094	0.1992979198694229	0.14882399141788483
07	2	124.99999237060547	0.2115429937839508	0.1565246284008026
07	2	125.99999237060547	0.21226419508457184	0.1569635272026062
07	2	127.0	0.1959056407213211	0.14931878447532654
07	2	127.99999237060547	0.21269050240516663	0.15487727522850037
07	2	128.99998474121094	0.20628979802131653	0.15247304737567902
07	2	130.0	0.21344293653964996	0.15819025039672852
07	2	130.99998474121094	0.22302472591400146	0.159193754196167
07	2	132.0	0.21290700137615204	0.1505412608385086
07	2	132.99998474121094	0.21935220062732697	0.1579097956418991
07	2	134.0	0.22430388629436493	0.1593884527683258
07	2	135.0	0.21211551129817963	0.1539025604724884
07	2	135.99998474121094	0.20378413796424866	0.1493781954050064
07	2	137.0	0.20432646572589874	0.15144190192222595
07	2	137.99998474121094	0.2013351321220398	0.1466131955385208
07	2	139.0	0.20054654777050018	0.1460910439491272
07	2	139.99998474121094	0.19718991219997406	0.14461740851402283
07	2	140.99998474121094	0.20100753009319305	0.1468251496553421
07	2	142.0	0.1964597851037979	0.1467496156692505
07	2	142.99998474121094	0.17783989012241364	0.13419412076473236
07	2	144.0	0.19037000834941864	0.13900290429592133
07	2	144.99998474121094	0.17147909104824066	0.1283007264137268
07	2	146.0	0.17382730543613434	0.13057513535022736
07	2	147.0	0.15680362284183502	0.1147523894906044
07	2	147.99998474121094	0.1369902640581131	0.10402920842170715
07	2	149.0	0.13510635495185852	0.09850944578647614
07	2	149.99998474121094	0.14184989035129547	0.09591160714626312
07	2	151.0	0.12824010848999023	0.08526378124952316
07	2	151.99998474121094	0.12499622255563736	0.08146970719099045
07	2	152.99998474121094	0.11036991328001022	0.0728081464767456
07	2	154.0	0.10198055952787399	0.0644184872508049
07	2	154.99998474121094	0.11745482683181763	0.07070612907409668
07	2	156.0	0.10443975031375885	0.06815400719642639
07	2	156.99998474121094	0.09809070825576782	0.06945222616195679
07	2	158.0	0.12107651680707932	0.08421280980110168
07	2	158.99998474121094	0.10933423787355423	0.08724062889814377
07	2	159.99998474121094	0.1172475516796112	0.09540612995624542
07	2	161.0	0.11797358095645905	0.10099951177835464
07	2	161.99998474121094	0.13394694030284882	0.11280500888824463
07	2	163.0	0.14188137650489807	0.12115654349327087
07	2	163.99998474121094	0.1406470090150833	0.12307408452033997
07	2	164.99998474121094	0.1678818166255951	0.13496556878089905
07	2	166.0	0.15614476799964905	0.12766700983047485
07	2	166.99998474121094	0.16396573185920715	0.12929847836494446
07	2	168.0	0.17404718697071075	0.12345405668020248
07	2	168.99998474121094	0.17900080978870392	0.12589377164840698
07	2	169.99998474121094	0.18500645458698273	0.1218334510922432
07	2	170.99998474121094	0.1968946009874344	0.12502165138721466
07	2	171.99998474121094	0.19686974585056305	0.12026054412126541
07	2	173.0	0.1735638529062271	0.10400040447711945
07	2	173.99998474121094	0.16331803798675537	0.09576909989118576
07	2	175.0	0.15695957839488983	0.08983136713504791
07	2	175.99998474121094	0.15938208997249603	0.09071719646453857
07	2	176.99998474121094	0.12119799107313156	0.07597215473651886
07	2	178.0	0.14411695301532745	0.07915831357240677
07	2	178.99998474121094	0.12423429638147354	0.07375764101743698
08	1	0.0	0.2498079538345337	0.1340518742799759
08	1	0.9999999403953552	0.20616605877876282	0.10892908275127411
08	1	1.9999998807907104	0.18675686419010162	0.09943343698978424
08	1	3.0	0.1989821046590805	0.10691314935684204
08	1	3.999999761581421	0.18606172502040863	0.1002102792263031
08	1	4.999999523162842	0.17255769670009613	0.09866241365671158
08	1	6.0	0.18126071989536285	0.10250366479158401
08	1	6.999999523162842	0.16598941385746002	0.10196283459663391
08	1	7.999999523162842	0.15534451603889465	0.0970178097486496
08	1	9.0	0.13994339108467102	0.09563256800174713
08	1	9.999999046325684	0.15498879551887512	0.10844524949789047
08	1	10.999999046325684	0.1306104063987732	0.09908639639616013
08	1	12.0	0.12580445408821106	0.10106805711984634
08	1	12.999999046325684	0.12167520821094513	0.09628090262413025
08	1	13.999999046325684	0.1153050884604454	0.0936226025223732
08	1	15.0	0.10712806135416031	0.09059958159923553
08	1	15.999999046325684	0.10668940842151642	0.08897525072097778
08	1	16.999998092651367	0.10285021364688873	0.08749694377183914
08	1	18.0	0.09171897172927856	0.077751524746418
08	1	18.999998092651367	0.08276297897100449	0.0694458931684494
08	1	19.999998092651367	0.07304144650697708	0.06189668923616409
08	1	21.0	0.07666317373514175	0.059791985899209976
08	1	21.999998092651367	0.07635852694511414	0.058463700115680695
08	1	22.999998092651367	0.08637462556362152	0.05916208773851395
08	1	24.0	0.07866455614566803	0.05541258305311203
08	1	24.999998092651367	0.08298810571432114	0.060030143707990646
08	1	25.999998092651367	0.08157962560653687	0.06279987841844559
08	1	27.0	0.0919949933886528	0.06856831163167953
08	1	27.999998092651367	0.0872771292924881	0.07028645277023315
08	1	28.999998092651367	0.10268360376358032	0.0804741382598877
08	1	30.0	0.10795095562934875	0.08565643429756165
08	1	30.999996185302734	0.11819521337747574	0.09085945039987564
08	1	31.999998092651367	0.11719594150781631	0.0960254967212677
08	1	33.0	0.11853959411382675	0.0977557972073555
08	1	33.999996185302734	0.13681364059448242	0.1060931533575058
08	1	34.999996185302734	0.14624015986919403	0.11319071799516678
08	1	36.0	0.14022968709468842	0.10756804049015045
08	1	36.999996185302734	0.14654584228992462	0.10843353718519211
08	1	37.999996185302734	0.14148670434951782	0.10614686459302902
08	1	39.0	0.1460077166557312	0.10653676092624664
08	1	39.999996185302734	0.14731533825397491	0.10910449922084808
08	1	40.999996185302734	0.14550456404685974	0.10660076886415482
08	1	42.0	0.14664430916309357	0.10489270091056824
08	1	42.999996185302734	0.14741797745227814	0.10478195548057556
08	1	43.999996185302734	0.1424083709716797	0.10258844494819641
08	1	45.0	0.15489283204078674	0.10875400900840759
08	1	45.999996185302734	0.14207008481025696	0.10266756266355515
08	1	46.999996185302734	0.1450335532426834	0.10286907106637955
08	1	48.0	0.14305885136127472	0.10446301102638245
08	1	48.999996185302734	0.14226827025413513	0.10339503735303879
08	1	49.999996185302734	0.1415809541940689	0.10276475548744202
08	1	51.0	0.14593656361103058	0.1090964674949646
08	1	51.999996185302734	0.13997815549373627	0.10220648348331451
08	1	52.999996185302734	0.14028991758823395	0.10517244786024094
08	1	54.0	0.13913096487522125	0.10596968978643417
08	1	54.999996185302734	0.1333693563938141	0.09982799738645554
08	1	55.999996185302734	0.1412530243396759	0.10494139045476913
08	1	57.0	0.1265212893486023	0.09466299414634705
08	1	57.999996185302734	0.13635997474193573	0.09951207041740417
08	1	58.999996185302734	0.12275968492031097	0.09392280876636505
08	1	60.0	0.1288800984621048	0.08996579796075821
08	1	61.0	0.120717354118824	0.08600009977817535
08	1	61.99999237060547	0.11874086409807205	0.08547237515449524
08	1	62.999996185302734	0.1124851182103157	0.08153881132602692
08	1	63.999996185302734	0.10827913135290146	0.07974924892187119
08	1	65.0	0.12502574920654297	0.08400863409042358
08	1	66.0	0.12920494377613068	0.0910218358039856
08	1	67.0	0.13176313042640686	0.09155953675508499
08	1	67.99999237060547	0.12133175134658813	0.09062541276216507
08	1	68.99999237060547	0.12101846188306808	0.0931975394487381
08	1	69.99999237060547	0.14678670465946198	0.10707636922597885
08	1	71.0	0.1365169733762741	0.10664358735084534
08	1	72.0	0.15348967909812927	0.1177084818482399
08	1	73.0	0.16673643887043	0.1253359168767929
08	1	73.99999237060547	0.1509496569633484	0.12013261765241623
08	1	74.99999237060547	0.19044236838817596	0.13945730030536652
08	1	75.99999237060547	0.1918114423751831	0.1391969621181488
08	1	77.0	0.1743670254945755	0.1246180608868599
08	1	78.0	0.19524453580379486	0.13344570994377136
08	1	79.0	0.1950201392173767	0.13373926281929016
08	1	79.99999237060547	0.21991662681102753	0.14676238596439362
08	1	80.99999237060547	0.23253633081912994	0.15209655463695526
08	1	81.99999237060547	0.22179050743579865	0.14449115097522736
08	1	83.0	0.23575887084007263	0.15013644099235535
08	1	84.0	0.231394961476326	0.14743325114250183
08	1	84.99999237060547	0.19467632472515106	0.12293332070112228
08	1	85.99999237060547	0.20049306750297546	0.12419469654560089
08	1	86.99999237060547	0.2154453545808792	0.13093222677707672
08	1	87.99999237060547	0.2061731368303299	0.12416040152311325
08	1	89.0	0.23079814016819	0.1394730657339096
08	1	90.0	0.2052081972360611	0.12347080558538437
08	1	90.99999237060547	0.21785502135753632	0.13060344755649567
08	1	91.99999237060547	0.16453832387924194	0.10164184868335724
08	1	92.99999237060547	0.18393772840499878	0.11230867356061935
08	1	93.99999237060547	0.18960537016391754	0.11465873569250107
08	1	95.0	0.19541777670383453	0.11750996857881546
08	1	96.0	0.20362263917922974	0.12506581842899323
08	1	96.99999237060547	0.1839975267648697	0.11488185077905655
08	1	97.99999237060547	0.17261186242103577	0.11204792559146881
08	1	98.99999237060547	0.17522123456001282	0.11258167773485184
08	1	99.99999237060547	0.196279376745224	0.12785206735134125
08	1	100.99999237060547	0.1890731155872345	0.1219455897808075
08	1	102.0	0.175943523645401	0.11645925790071487
08	1	102.99999237060547	0.1708402782678604	0.11319209635257721
08	1	103.99999237060547	0.17659462988376617	0.11317135393619537
08	1	104.99999237060547	0.1694314181804657	0.11253266781568527
08	1	105.99999237060547	0.1536211222410202	0.10412634164094925
08	1	106.99999237060547	0.17553025484085083	0.11370913684368134
08	1	108.0	0.18330582976341248	0.1151403933763504
08	1	108.99999237060547	0.17401516437530518	0.11202967911958694
08	1	109.99999237060547	0.17459675669670105	0.1146211177110672
08	1	110.99999237060547	0.18050582706928253	0.11367577314376831
08	1	111.99999237060547	0.17008130252361298	0.11065033078193665
08	1	112.99999237060547	0.1739736646413803	0.11311247199773788
08	1	114.0	0.18985038995742798	0.12717969715595245
08	1	115.0	0.19895145297050476	0.13188351690769196
08	1	115.99999237060547	0.19098839163780212	0.12707044184207916
08	1	117.0	0.20346508920192719	0.1405520886182785
08	1	117.99999237060547	0.2092163860797882	0.14340859651565552
08	1	118.99999237060547	0.20258013904094696	0.14443716406822205
08	1	120.0	0.21351902186870575	0.15196658670902252
08	1	120.99999237060547	0.21150562167167664	0.15417250990867615
08	1	122.0	0.19972150027751923	0.15088717639446259
08	1	122.99999237060547	0.20533624291419983	0.1588563472032547
08	1	123.99998474121094	0.2060987651348114	0.1607751101255417
08	1	124.99999237060547	0.19768494367599487	0.1522040069103241
08	1	125.99999237060547	0.19495482742786407	0.15506181120872498
08	1	127.0	0.17192701995372772	0.14121130108833313
08	1	127.99999237060547	0.1697222739458084	0.13994833827018738
08	1	128.99998474121094	0.15429720282554626	0.1257125586271286
08	1	130.0	0.14514195919036865	0.11787260323762894
08	1	130.99998474121094	0.14644154906272888	0.1170135959982872
08	1	132.0	0.1321297138929367	0.11165352165699005
08	1	132.99998474121094	0.11917795985937119	0.09914714097976685
08	1	134.0	0.11689642816781998	0.09177697449922562
08	1	135.0	0.11822930723428726	0.09221794456243515
08	1	135.99998474121094	0.11655009537935257	0.08998697251081467
08	1	137.0	0.10899579524993896	0.08447533845901489
08	1	137.99998474121094	0.10020485520362854	0.07752596586942673
08	1	139.0	0.10737202316522598	0.0841120183467865
08	1	139.99998474121094	0.10664838552474976	0.08142118901014328
08	1	140.99998474121094	0.1059204712510109	0.08068495243787766
08	1	142.0	0.1006830558180809	0.07978695631027222
08	1	142.99998474121094	0.10112104564905167	0.08132806420326233
08	1	144.0	0.09887117892503738	0.078185074031353
08	1	144.99998474121094	0.10870365798473358	0.08671662211418152
08	1	146.0	0.10190355032682419	0.08091460168361664
08	1	147.0	0.10256199538707733	0.08172758668661118
08	1	147.99998474121094	0.0996384546160698	0.0786081999540329
08	1	149.0	0.10227732360363007	0.07922064512968063
08	1	149.99998474121094	0.09985744208097458	0.07841090857982635
08	1	151.0	0.10532321780920029	0.08056463301181793
08	1	151.99998474121094	0.11106699705123901	0.08320670574903488
08	1	152.99998474121094	0.10393299162387848	0.08364937454462051
08	1	154.0	0.11009997129440308	0.08783908188343048
08	1	154.99998474121094	0.11277565360069275	0.09361877292394638
08	1	156.0	0.11776547878980637	0.0932464674115181
08	1	156.99998474121094	0.12529969215393066	0.10664773732423782
08	1	158.0	0.132605642080307	0.11449917405843735
08	1	158.99998474121094	0.13709649443626404	0.11946145445108414
08	1	159.99998474121094	0.14453814923763275	0.13228589296340942
08	1	161.0	0.16274075210094452	0.14216309785842896
08	1	161.99998474121094	0.177575945854187	0.15656577050685883
08	1	163.0	0.19086791574954987	0.16326309740543365
08	1	163.99998474121094	0.20131441950798035	0.17666363716125488
08	1	164.99998474121094	0.22328755259513855	0.19339525699615479
08	1	166.0	0.22887679934501648	0.1875469982624054
08	1	166.99998474121094	0.24592967331409454	0.1913089156150818
08	1	168.0	0.27255794405937195	0.20872195065021515
08	1	168.99998474121094	0.26503539085388184	0.19445651769638062
08	1	169.99998474121094	0.27236640453338623	0.18553054332733154
08	1	170.99998474121094	0.30610063672065735	0.20732846856117249
08	1	171.99998474121094	0.29803165793418884	0.18931607902050018
08	1	173.0	0.27033036947250366	0.15777844190597534
08	1	173.99998474121094	0.2929323613643646	0.17156773805618286
08	1	175.0	0.28857874870300293	0.16482074558734894
08	1	175.99998474121094	0.2703222334384918	0.1459813266992569
08	1	176.99998474121094	0.25120410323143005	0.13659189641475677
08	1	178.0	0.24430350959300995	0.12804105877876282
08	1	178.99998474121094	0.24559743702411652	0.1288468986749649
08	2	0.0	0.23122991621494293	0.12252344936132431
08	2	0.9999999403953552	0.2310647815465927	0.12382026761770248
08	2	1.9999998807907104	0.20598475635051727	0.10980827361345291
08	2	3.0	0.18346956372261047	0.09969604760408401
08	2	3.999999761581421	0.20220120251178741	0.11312803626060486
08	2	4.999999523162842	0.18982043862342834	0.11037938296794891
08	2	6.0	0.1890481412410736	0.1095697358250618
08	2	6.999999523162842	0.17219074070453644	0.10360191017389297
08	2	7.999999523162842	0.15073803067207336	0.10121804475784302
08	2	9.0	0.16326451301574707	0.11217977851629257
08	2	9.999999046325684	0.15062543749809265	0.103760726749897
08	2	10.999999046325684	0.1585579216480255	0.11587240546941757
08	2	12.0	0.13710518181324005	0.10812565684318542
08	2	12.999999046325684	0.12378311902284622	0.10300877690315247
08	2	13.999999046325684	0.13030727207660675	0.10628518462181091
08	2	15.0	0.10674411803483963	0.09612354636192322
08	2	15.999999046325684	0.1057126596570015	0.09114876389503479
08	2	16.999998092651367	0.09224934130907059	0.08316685259342194
08	2	18.0	0.09720662236213684	0.08128334581851959
08	2	18.999998092651367	0.09236034750938416	0.07702379673719406
08	2	19.999998092651367	0.08422759920358658	0.06956344842910767
08	2	21.0	0.08244845271110535	0.06498085707426071
08	2	21.999998092651367	0.08175750821828842	0.059173595160245895
08	2	22.999998092651367	0.08243159204721451	0.05954223498702049
08	2	24.0	0.07985670864582062	0.05777084082365036
08	2	24.999998092651367	0.08072040230035782	0.05994066596031189
08	2	25.999998092651367	0.09378977119922638	0.06773672997951508
08	2	27.0	0.08913420885801315	0.06725826114416122
08	2	27.999998092651367	0.09918943047523499	0.07741529494524002
08	2	28.999998092651367	0.10001488029956818	0.08310571312904358
08	2	30.0	0.10875951498746872	0.08582510054111481
08	2	30.999996185302734	0.12225581705570221	0.09550566226243973
08	2	31.999998092651367	0.11837852746248245	0.09685264527797699
08	2	33.0	0.12933939695358276	0.10394473373889923
08	2	33.999996185302734	0.13817115128040314	0.10854709893465042
08	2	34.999996185302734	0.14631502330303192	0.11246322095394135
08	2	36.0	0.15084010362625122	0.11653204262256622
08	2	36.999996185302734	0.1520662009716034	0.1141744926571846
08	2	37.999996185302734	0.1487186700105667	0.11154815554618835
08	2	39.0	0.1624375432729721	0.12180005013942719
08	2	39.999996185302734	0.1693679839372635	0.12160276621580124
08	2	40.999996185302734	0.15791656076908112	0.11562200635671616
08	2	42.0	0.1567152738571167	0.11568775773048401
08	2	42.999996185302734	0.16386865079402924	0.119711734354496
08	2	43.999996185302734	0.15555548667907715	0.11306104809045792
08	2	45.0	0.16469408571720123	0.11935985833406448
08	2	45.999996185302734	0.1492597460746765	0.10548631101846695
08	2	46.999996185302734	0.16612140834331512	0.11894232034683228
08	2	48.0	0.15553075075149536	0.11412856727838516
08	2	48.999996185302734	0.15893542766571045	0.11321642994880676
08	2	49.999996185302734	0.16134941577911377	0.11647889763116837
08	2	51.0	0.1468464732170105	0.10987527668476105
08	2	51.999996185302734	0.15684235095977783	0.1123492643237114
08	2	52.999996185302734	0.1489396095275879	0.10981208086013794
08	2	54.0	0.15011116862297058	0.1102767363190651
08	2	54.999996185302734	0.1430342048406601	0.10829216241836548
08	2	55.999996185302734	0.1366061121225357	0.10229291766881943
08	2	57.0	0.14982973039150238	0.10907812416553497
08	2	57.999996185302734	0.12420077621936798	0.09519718587398529
08	2	58.999996185302734	0.13194192945957184	0.0981617271900177
08	2	60.0	0.1360553652048111	0.09790973365306854
08	2	61.0	0.12136628478765488	0.08876203745603561
08	2	61.99999237060547	0.13560882210731506	0.09361042827367783
08	2	62.999996185302734	0.1284431368112564	0.08952108770608902
08	2	63.999996185302734	0.12306345254182816	0.08748965710401535
08	2	65.0	0.12400698661804199	0.08586853742599487
08	2	66.0	0.13554394245147705	0.09501173347234726
08	2	67.0	0.1261453628540039	0.09056438505649567
08	2	67.99999237060547	0.13474637269973755	0.09899380803108215
08	2	68.99999237060547	0.1276574283838272	0.09784497320652008
08	2	69.99999237060547	0.13796104490756989	0.10745863616466522
08	2	71.0	0.14264225959777832	0.1117188036441803
08	2	72.0	0.15445484220981598	0.11737053096294403
08	2	73.0	0.15804773569107056	0.12202783674001694
08	2	73.99999237060547	0.17426764965057373	0.12682220339775085
08	2	74.99999237060547	0.17962460219860077	0.13693973422050476
08	2	75.99999237060547	0.19090159237384796	0.1424349844455719
08	2	77.0	0.1959872841835022	0.14683884382247925
08	2	78.0	0.22329241037368774	0.154216930270195
08	2	79.0	0.20710180699825287	0.14345195889472961
08	2	79.99999237060547	0.22696973383426666	0.1528133898973465
08	2	80.99999237060547	0.23796001076698303	0.16177941858768463
08	2	81.99999237060547	0.22030670940876007	0.14770522713661194
08	2	83.0	0.2323121428489685	0.15238027274608612
08	2	84.0	0.2107439786195755	0.13907238841056824
08	2	84.99999237060547	0.2315487265586853	0.14931261539459229
08	2	85.99999237060547	0.21618103981018066	0.13955816626548767
08	2	86.99999237060547	0.21962499618530273	0.13822625577449799
08	2	87.99999237060547	0.21432577073574066	0.1320863664150238
08	2	89.0	0.2196757197380066	0.1332745999097824
08	2	90.0	0.18359088897705078	0.11475987732410431
08	2	90.99999237060547	0.2121262550354004	0.12678910791873932
08	2	91.99999237060547	0.19082365930080414	0.1144522950053215
08	2	92.99999237060547	0.21059595048427582	0.128280371427536
08	2	93.99999237060547	0.18790672719478607	0.11612609028816223
08	2	95.0	0.2203465700149536	0.1344083845615387
08	2	96.0	0.19286997616291046	0.12132340669631958
08	2	96.99999237060547	0.19313566386699677	0.12127243727445602
08	2	97.99999237060547	0.19136053323745728	0.12051741033792496
08	2	98.99999237060547	0.19722796976566315	0.12472929060459137
08	2	99.99999237060547	0.2084420770406723	0.13331018388271332
08	2	100.99999237060547	0.19917340576648712	0.13099850714206696
08	2	102.0	0.17265437543392181	0.11756663769483566
08	2	102.99999237060547	0.19507841765880585	0.12886658310890198
08	2	103.99999237060547	0.1779017299413681	0.11581707745790482
08	2	104.99999237060547	0.18787720799446106	0.12231358885765076
08	2	105.99999237060547	0.1893761307001114	0.1241733655333519
08	2	106.99999237060547	0.17897187173366547	0.12004508823156357
08	2	108.0	0.1972612887620926	0.12912572920322418
08	2	108.99999237060547	0.18465401232242584	0.12051039934158325
08	2	109.99999237060547	0.19071772694587708	0.12612205743789673
08	2	110.99999237060547	0.18679748475551605	0.12261505424976349
08	2	111.99999237060547	0.20739266276359558	0.13477572798728943
08	2	112.99999237060547	0.1957719773054123	0.12867371737957
08	2	114.0	0.20512934029102325	0.13771280646324158
08	2	115.0	0.19757136702537537	0.13414406776428223
08	2	115.99999237060547	0.2046097218990326	0.13867400586605072
08	2	117.0	0.22442962229251862	0.15543055534362793
08	2	117.99999237060547	0.21698318421840668	0.152704119682312
08	2	118.99999237060547	0.2157314121723175	0.15790395438671112
08	2	120.0	0.2088336944580078	0.1546957790851593
08	2	120.99999237060547	0.22130265831947327	0.16444605588912964
08	2	122.0	0.2226572334766388	0.1666676551103592
08	2	122.99999237060547	0.21146540343761444	0.16196508705615997
08	2	123.99998474121094	0.20239314436912537	0.16344915330410004
08	2	124.99999237060547	0.20013591647148132	0.16139116883277893
08	2	125.99999237060547	0.19489742815494537	0.15562985837459564
08	2	127.0	0.19527879357337952	0.15932753682136536
08	2	127.99999237060547	0.16652704775333405	0.1412346214056015
08	2	128.99998474121094	0.17741759121418	0.14336727559566498
08	2	130.0	0.160933718085289	0.13274173438549042
08	2	130.99998474121094	0.152870312333107	0.12463213503360748
08	2	132.0	0.13059233129024506	0.11009348928928375
08	2	132.99998474121094	0.14006690680980682	0.106046661734581
08	2	134.0	0.12372539192438126	0.09744761884212494
08	2	135.0	0.11993156373500824	0.09373092651367188
08	2	135.99998474121094	0.1219407245516777	0.09430549293756485
08	2	137.0	0.11743734776973724	0.08727181702852249
08	2	137.99998474121094	0.11526473611593246	0.08786437660455704
08	2	139.0	0.11573181301355362	0.08785548061132431
08	2	139.99998474121094	0.11294278502464294	0.08553244173526764
08	2	140.99998474121094	0.10606855899095535	0.08227621018886566
08	2	142.0	0.10623697191476822	0.08306446671485901
08	2	142.99998474121094	0.10380619764328003	0.08163293451070786
08	2	144.0	0.11119096726179123	0.08662989735603333
08	2	144.99998474121094	0.10720986127853394	0.08446017652750015
08	2	146.0	0.1065063625574112	0.08341705799102783
08	2	147.0	0.09839348495006561	0.07694105803966522
08	2	147.99998474121094	0.10757662355899811	0.08110296726226807
08	2	149.0	0.10865677148103714	0.08334223926067352
08	2	149.99998474121094	0.10706128925085068	0.08281960338354111
08	2	151.0	0.10284177213907242	0.08065693825483322
08	2	151.99998474121094	0.10316848754882812	0.08203001320362091
08	2	152.99998474121094	0.1098424643278122	0.08627328276634216
08	2	154.0	0.10823841392993927	0.0900600403547287
08	2	154.99998474121094	0.11930819600820541	0.09870697557926178
08	2	156.0	0.12078431248664856	0.1035749539732933
08	2	156.99998474121094	0.12582841515541077	0.1090635359287262
08	2	158.0	0.12906214594841003	0.12350904196500778
08	2	158.99998474121094	0.15152353048324585	0.13263559341430664
08	2	159.99998474121094	0.15981024503707886	0.13873380422592163
08	2	161.0	0.15913993120193481	0.1495436429977417
08	2	161.99998474121094	0.18021203577518463	0.16274963319301605
08	2	163.0	0.19122634828090668	0.1740097850561142
08	2	163.99998474121094	0.20428942143917084	0.18417304754257202
08	2	164.99998474121094	0.21732932329177856	0.18884891271591187
08	2	166.0	0.2392634153366089	0.21203705668449402
08	2	166.99998474121094	0.24531953036785126	0.2012176215648651
08	2	168.0	0.26692134141921997	0.21513846516609192
08	2	168.99998474121094	0.28265079855918884	0.21220022439956665
08	2	169.99998474121094	0.28649815917015076	0.20389904081821442
08	2	170.99998474121094	0.3039058446884155	0.21247243881225586
08	2	171.99998474121094	0.3120458722114563	0.20441631972789764
08	2	173.0	0.3144586980342865	0.19688966870307922
08	2	173.99998474121094	0.296830415725708	0.18000192940235138
08	2	175.0	0.2932688295841217	0.16985400021076202
08	2	175.99998474121094	0.2759508788585663	0.15766459703445435
08	2	176.99998474121094	0.2763635516166687	0.1522354930639267
08	2	178.0	0.259064644575119	0.14180563390254974
08	2	178.99998474121094	0.22354181110858917	0.1175827905535698
09	1	0.0	0.21014106273651123	0.12875010073184967
09	1	0.9999999403953552	0.21046051383018494	0.12522675096988678
09	1	1.9999998807907104	0.22093772888183594	0.129988893866539
09	1	3.0	0.21801666915416718	0.12255691736936569
09	1	3.999999761581421	0.22767561674118042	0.12717954814434052
09	1	4.999999523162842	0.22060996294021606	0.12114989012479782
09	1	6.0	0.2204483598470688	0.1265731006860733
09	1	6.999999523162842	0.20843935012817383	0.1233585998415947
09	1	7.999999523162842	0.1661272794008255	0.10948991030454636
09	1	9.0	0.17126940190792084	0.10920488834381104
09	1	9.999999046325684	0.168399840593338	0.11365159600973129
09	1	10.999999046325684	0.14966987073421478	0.10760984569787979
09	1	12.0	0.12419705837965012	0.09988997876644135
09	1	12.999999046325684	0.1101299300789833	0.09309030324220657
09	1	13.999999046325684	0.10704661905765533	0.09424250572919846
09	1	15.0	0.0996067151427269	0.08456681668758392
09	1	15.999999046325684	0.08534691482782364	0.07897134125232697
09	1	16.999998092651367	0.08763664215803146	0.07436615973711014
09	1	18.0	0.08362291753292084	0.06882251799106598
09	1	18.999998092651367	0.07898879051208496	0.05843780189752579
09	1	19.999998092651367	0.0682709664106369	0.04974699392914772
09	1	21.0	0.07257791608572006	0.04977484792470932
09	1	21.999998092651367	0.06815256178379059	0.04796315357089043
09	1	22.999998092651367	0.06866420805454254	0.048519693315029144
09	1	24.0	0.08087623119354248	0.05701339989900589
09	1	24.999998092651367	0.07796824723482132	0.06177457422018051
09	1	25.999998092651367	0.08908085525035858	0.06940577179193497
09	1	27.0	0.10640871524810791	0.08117164671421051
09	1	27.999998092651367	0.10377304255962372	0.08940461277961731
09	1	28.999998092651367	0.11177210509777069	0.09654278308153152
09	1	30.0	0.13238897919654846	0.09964010119438171
09	1	30.999996185302734	0.12788252532482147	0.10011254996061325
09	1	31.999998092651367	0.14271286129951477	0.105080246925354
09	1	33.0	0.15515142679214478	0.11336486786603928
09	1	33.999996185302734	0.15924963355064392	0.11588874459266663
09	1	34.999996185302734	0.16924774646759033	0.12078309804201126
09	1	36.0	0.1670636236667633	0.11625733971595764
09	1	36.999996185302734	0.17095480859279633	0.11844716966152191
09	1	37.999996185302734	0.16787299513816833	0.12054292112588882
09	1	39.0	0.16747984290122986	0.11931353062391281
09	1	39.999996185302734	0.1669156849384308	0.120270274579525
09	1	40.999996185302734	0.16116507351398468	0.11637506633996964
09	1	42.0	0.157159224152565	0.11355897784233093
09	1	42.999996185302734	0.17311763763427734	0.12053761631250381
09	1	43.999996185302734	0.1663670390844345	0.11359009146690369
09	1	45.0	0.1730726808309555	0.1150667816400528
09	1	45.999996185302734	0.1774875372648239	0.12004901468753815
09	1	46.999996185302734	0.16214001178741455	0.10914488136768341
09	1	48.0	0.1661028265953064	0.11190870404243469
09	1	48.999996185302734	0.17172177135944366	0.11889587342739105
09	1	49.999996185302734	0.15216755867004395	0.11054082214832306
09	1	51.0	0.14376972615718842	0.10719837248325348
09	1	51.999996185302734	0.16020467877388	0.11969883739948273
09	1	52.999996185302734	0.15318043529987335	0.11259927600622177
09	1	54.0	0.1433480978012085	0.1115637794137001
09	1	54.999996185302734	0.14440082013607025	0.11478559672832489
09	1	55.999996185302734	0.1446278691291809	0.1115504801273346
09	1	57.0	0.12934879958629608	0.10704567283391953
09	1	57.999996185302734	0.12087256461381912	0.1031152531504631
09	1	58.999996185302734	0.119378462433815	0.09436915814876556
09	1	60.0	0.10956989973783493	0.0883149653673172
09	1	61.0	0.11627785116434097	0.08721031248569489
09	1	61.99999237060547	0.1093239113688469	0.07709891349077225
09	1	62.999996185302734	0.11297012120485306	0.0722685381770134
09	1	63.999996185302734	0.08813736587762833	0.05924113094806671
09	1	65.0	0.09148340672254562	0.0558457188308239
09	1	66.0	0.09589937329292297	0.06029416620731354
09	1	67.0	0.09459219872951508	0.059263985604047775
09	1	67.99999237060547	0.09907860308885574	0.06804832816123962
09	1	68.99999237060547	0.10273042321205139	0.07526295632123947
09	1	69.99999237060547	0.10534968227148056	0.08650243282318115
09	1	71.0	0.10575070977210999	0.0932517722249031
09	1	72.0	0.13575774431228638	0.11570029705762863
09	1	73.0	0.13224004209041595	0.12043190747499466
09	1	73.99999237060547	0.13981454074382782	0.1300881952047348
09	1	74.99999237060547	0.15244343876838684	0.1373293101787567
09	1	75.99999237060547	0.16725535690784454	0.1475028097629547
09	1	77.0	0.1762750893831253	0.14034096896648407
09	1	78.0	0.18607623875141144	0.14900030195713043
09	1	79.0	0.1955903023481369	0.147220641374588
09	1	79.99999237060547	0.19751541316509247	0.14327433705329895
09	1	80.99999237060547	0.19797873497009277	0.14404873549938202
09	1	81.99999237060547	0.2047530710697174	0.14077432453632355
09	1	83.0	0.1917811781167984	0.12785334885120392
09	1	84.0	0.18424351513385773	0.12067925930023193
09	1	84.99999237060547	0.17522728443145752	0.11534972488880157
09	1	85.99999237060547	0.16352339088916779	0.10753346234560013
09	1	86.99999237060547	0.15335886180400848	0.09580516070127487
09	1	87.99999237060547	0.1455136388540268	0.09121005237102509
09	1	89.0	0.1574314683675766	0.09410575777292252
09	1	90.0	0.16968293488025665	0.1000598892569542
09	1	90.99999237060547	0.18057306110858917	0.10334237664937973
09	1	91.99999237060547	0.173237144947052	0.1020558774471283
09	1	92.99999237060547	0.16802553832530975	0.1009095162153244
09	1	93.99999237060547	0.1790100336074829	0.11102727055549622
09	1	95.0	0.18849366903305054	0.11921235918998718
09	1	96.0	0.16858181357383728	0.11247768998146057
09	1	96.99999237060547	0.2026955634355545	0.13595521450042725
09	1	97.99999237060547	0.20134733617305756	0.1408872753381729
09	1	98.99999237060547	0.21027015149593353	0.148345485329628
09	1	99.99999237060547	0.19729956984519958	0.1470460444688797
09	1	100.99999237060547	0.20498327910900116	0.15452724695205688
09	1	102.0	0.20172719657421112	0.15973104536533356
09	1	102.99999237060547	0.18506114184856415	0.15414395928382874
09	1	103.99999237060547	0.1948099583387375	0.15543554723262787
09	1	104.99999237060547	0.16874435544013977	0.14071311056613922
09	1	105.99999237060547	0.16998976469039917	0.13780297338962555
09	1	106.99999237060547	0.1524084210395813	0.12791575491428375
09	1	108.0	0.1619848608970642	0.12195058166980743
09	1	108.99999237060547	0.1572619080543518	0.11255934089422226
09	1	109.99999237060547	0.13475382328033447	0.09739460796117783
09	1	110.99999237060547	0.11630747467279434	0.08189289271831512
09	1	111.99999237060547	0.12713074684143066	0.0788719654083252
09	1	112.99999237060547	0.12856826186180115	0.07356398552656174
09	1	114.0	0.13546419143676758	0.07393724471330643
09	1	115.0	0.1520232856273651	0.08328010886907578
09	1	115.99999237060547	0.12372427433729172	0.07505547255277634
09	1	117.0	0.1430167406797409	0.08801331371068954
09	1	117.99999237060547	0.16427944600582123	0.10439326614141464
09	1	118.99999237060547	0.1284756362438202	0.09562595933675766
09	1	120.0	0.13251622021198273	0.10159087926149368
09	1	120.99999237060547	0.1748531311750412	0.12539175152778625
09	1	122.0	0.15690910816192627	0.11979643255472183
09	1	122.99999237060547	0.17080189287662506	0.1291409134864807
09	1	123.99998474121094	0.17285709083080292	0.13592149317264557
09	1	124.99999237060547	0.17742733657360077	0.136840358376503
09	1	125.99999237060547	0.18689242005348206	0.1391318142414093
09	1	127.0	0.19378124177455902	0.14278137683868408
09	1	127.99999237060547	0.1988232582807541	0.14487698674201965
09	1	128.99998474121094	0.19719064235687256	0.1443294733762741
09	1	130.0	0.1916688233613968	0.1340521275997162
09	1	130.99998474121094	0.17827154695987701	0.12858256697654724
09	1	132.0	0.18936201930046082	0.12973318994045258
09	1	132.99998474121094	0.19879737496376038	0.13681992888450623
09	1	134.0	0.17961646616458893	0.12239234149456024
09	1	135.0	0.19301684200763702	0.12742236256599426
09	1	135.99998474121094	0.1759512722492218	0.11716637760400772
09	1	137.0	0.17619511485099792	0.1185780018568039
09	1	137.99998474121094	0.18845513463020325	0.1266573667526245
09	1	139.0	0.16176563501358032	0.11180021613836288
09	1	139.99998474121094	0.16332872211933136	0.11445720493793488
09	1	140.99998474121094	0.16439753770828247	0.11615466326475143
09	1	142.0	0.168258935213089	0.12141209095716476
09	1	142.99998474121094	0.16163912415504456	0.11819235235452652
09	1	144.0	0.15921546518802643	0.12277538329362869
09	1	144.99998474121094	0.14926224946975708	0.12310003489255905
09	1	146.0	0.15172378718852997	0.12522223591804504
09	1	147.0	0.13828282058238983	0.12194796651601791
09	1	147.99998474121094	0.13008634746074677	0.11800689995288849
09	1	149.0	0.12105560302734375	0.11546274274587631
09	1	149.99998474121094	0.11461500078439713	0.11126107722520828
09	1	151.0	0.10032662004232407	0.10326366871595383
09	1	151.99998474121094	0.09085756540298462	0.09268420934677124
09	1	152.99998474121094	0.08967851102352142	0.08877235651016235
09	1	154.0	0.07689961045980453	0.07533193379640579
09	1	154.99998474121094	0.07290130108594894	0.06855476647615433
09	1	156.0	0.07466229796409607	0.06141972914338112
09	1	156.99998474121094	0.0693795457482338	0.052150726318359375
09	1	158.0	0.06146740913391113	0.043956682085990906
09	1	158.99998474121094	0.06201460584998131	0.04462515190243721
09	1	159.99998474121094	0.06700903922319412	0.04896166920661926
09	1	161.0	0.06554082036018372	0.052815210074186325
09	1	161.99998474121094	0.06924192607402802	0.06412705779075623
09	1	163.0	0.07456355541944504	0.07312637567520142
09	1	163.99998474121094	0.07744010537862778	0.07987013459205627
09	1	164.99998474121094	0.08226779848337173	0.08831805735826492
09	1	166.0	0.09067229926586151	0.09823615849018097
09	1	166.99998474121094	0.10441421717405319	0.11115501075983047
09	1	168.0	0.11810572445392609	0.11632495373487473
09	1	168.99998474121094	0.12754173576831818	0.12757425010204315
09	1	169.99998474121094	0.13415227830410004	0.1256142109632492
09	1	170.99998474121094	0.14159463346004486	0.13235405087471008
09	1	171.99998474121094	0.1447177678346634	0.13321764767169952
09	1	173.0	0.16595487296581268	0.13807909190654755
09	1	173.99998474121094	0.17884355783462524	0.136323943734169
09	1	175.0	0.19532860815525055	0.14358797669410706
09	1	175.99998474121094	0.20881323516368866	0.14767156541347504
09	1	176.99998474121094	0.2128794938325882	0.14509963989257812
09	1	178.0	0.2180483192205429	0.14377661049365997
09	1	178.99998474121094	0.22953921556472778	0.14419692754745483
09	2	0.0	0.2544387876987457	0.15968157351016998
09	2	0.9999999403953552	0.2668517529964447	0.1727699339389801
09	2	1.9999998807907104	0.2700060307979584	0.1633467823266983
09	2	3.0	0.29773303866386414	0.1844220906496048
09	2	3.999999761581421	0.26515546441078186	0.15913303196430206
09	2	4.999999523162842	0.2628675103187561	0.15966011583805084
09	2	6.0	0.24395059049129486	0.14822344481945038
09	2	6.999999523162842	0.2458704560995102	0.15277841687202454
09	2	7.999999523162842	0.22864751517772675	0.14704452455043793
09	2	9.0	0.20498619973659515	0.1419377326965332
09	2	9.999999046325684	0.1778603196144104	0.1294090896844864
09	2	10.999999046325684	0.1837943196296692	0.13473163545131683
09	2	12.0	0.17546676099300385	0.13316427171230316
09	2	12.999999046325684	0.14943313598632812	0.11837223917245865
09	2	13.999999046325684	0.13910570740699768	0.11443023383617401
09	2	15.0	0.12572789192199707	0.10663416981697083
09	2	15.999999046325684	0.11614018678665161	0.09452494978904724
09	2	16.999998092651367	0.11368769407272339	0.09057122468948364
09	2	18.0	0.10035980492830276	0.07706271857023239
09	2	18.999998092651367	0.10400095582008362	0.07547077536582947
09	2	19.999998092651367	0.10143206268548965	0.06768640130758286
09	2	21.0	0.09734900295734406	0.06054649129509926
09	2	21.999998092651367	0.07666493952274323	0.05234038457274437
09	2	22.999998092651367	0.0878840833902359	0.05543256178498268
09	2	24.0	0.10782627761363983	0.06536871194839478
09	2	24.999998092651367	0.10101224482059479	0.06734135746955872
09	2	25.999998092651367	0.09915556758642197	0.0738900825381279
09	2	27.0	0.10529109835624695	0.0810731053352356
09	2	27.999998092651367	0.12370043247938156	0.09252839535474777
09	2	28.999998092651367	0.12588635087013245	0.09910595417022705
09	2	30.0	0.1379280537366867	0.11100790649652481
09	2	30.999996185302734	0.1559484601020813	0.11916392296552658
09	2	31.999998092651367	0.16520947217941284	0.1265127956867218
09	2	33.0	0.1609356701374054	0.12352395057678223
09	2	33.999996185302734	0.18764513731002808	0.13836044073104858
09	2	34.999996185302734	0.17356924712657928	0.13026253879070282
09	2	36.0	0.19393165409564972	0.14013689756393433
09	2	36.999996185302734	0.20132268965244293	0.14556968212127686
09	2	37.999996185302734	0.19003495573997498	0.14049606025218964
09	2	39.0	0.20450516045093536	0.14636890590190887
09	2	39.999996185302734	0.2035997360944748	0.14668534696102142
09	2	40.999996185302734	0.20390377938747406	0.1414567232131958
09	2	42.0	0.20169243216514587	0.14545157551765442
09	2	42.999996185302734	0.21002353727817535	0.14572452008724213
09	2	43.999996185302734	0.20638425648212433	0.14107023179531097
09	2	45.0	0.20772388577461243	0.14308582246303558
09	2	45.999996185302734	0.19548861682415009	0.13941338658332825
09	2	46.999996185302734	0.19668082892894745	0.13536371290683746
09	2	48.0	0.19228564202785492	0.1360778510570526
09	2	48.999996185302734	0.18330156803131104	0.13047458231449127
09	2	49.999996185302734	0.18322226405143738	0.13382025063037872
09	2	51.0	0.19254383444786072	0.14124099910259247
09	2	51.999996185302734	0.17236807942390442	0.13054369390010834
09	2	52.999996185302734	0.17925004661083221	0.13694344460964203
09	2	54.0	0.17239807546138763	0.13036511838436127
09	2	54.999996185302734	0.16142918169498444	0.12476692348718643
09	2	55.999996185302734	0.162017822265625	0.12472382932901382
09	2	57.0	0.14310257136821747	0.11272642761468887
09	2	57.999996185302734	0.1404264122247696	0.10828842967748642
09	2	58.999996185302734	0.13074184954166412	0.10073588043451309
09	2	60.0	0.13174521923065186	0.09825637191534042
09	2	61.0	0.12899897992610931	0.09056257456541061
09	2	61.99999237060547	0.11638418585062027	0.07939664274454117
09	2	62.999996185302734	0.12354084849357605	0.07921304553747177
09	2	63.999996185302734	0.1167396530508995	0.07096614688634872
09	2	65.0	0.11248226463794708	0.06920776516199112
09	2	66.0	0.1266869455575943	0.075700543820858
09	2	67.0	0.11455145478248596	0.07412312179803848
09	2	67.99999237060547	0.13521155714988708	0.08748745173215866
09	2	68.99999237060547	0.12282122671604156	0.09380145370960236
09	2	69.99999237060547	0.13410726189613342	0.10591751337051392
09	2	71.0	0.13442343473434448	0.11545948684215546
09	2	72.0	0.139611154794693	0.12304215878248215
09	2	73.0	0.13776803016662598	0.12765327095985413
09	2	73.99999237060547	0.1638059914112091	0.14471812546253204
09	2	74.99999237060547	0.17394272983074188	0.15395712852478027
09	2	75.99999237060547	0.1867494136095047	0.16355206072330475
09	2	77.0	0.191984623670578	0.1605762392282486
09	2	78.0	0.19846917688846588	0.15803994238376617
09	2	79.0	0.21817748248577118	0.1708718240261078
09	2	79.99999237060547	0.2121955007314682	0.16199243068695068
09	2	80.99999237060547	0.20978637039661407	0.15225070714950562
09	2	81.99999237060547	0.21161647140979767	0.1493878960609436
09	2	83.0	0.20578435063362122	0.14182686805725098
09	2	84.0	0.19203634560108185	0.12942205369472504
09	2	84.99999237060547	0.19953669607639313	0.13229647278785706
09	2	85.99999237060547	0.18134663999080658	0.12075427174568176
09	2	86.99999237060547	0.17683382332324982	0.11355845630168915
09	2	87.99999237060547	0.19410182535648346	0.11754012852907181
09	2	89.0	0.17183680832386017	0.10474582016468048
09	2	90.0	0.18033596873283386	0.10812617093324661
09	2	90.99999237060547	0.18504759669303894	0.1105763390660286
09	2	91.99999237060547	0.19442185759544373	0.11765044182538986
09	2	92.99999237060547	0.2100452184677124	0.12811724841594696
09	2	93.99999237060547	0.19343698024749756	0.12520486116409302
09	2	95.0	0.20718827843666077	0.13544757664203644
09	2	96.0	0.19226637482643127	0.13387368619441986
09	2	96.99999237060547	0.23591037094593048	0.16328103840351105
09	2	97.99999237060547	0.21988892555236816	0.15578970313072205
09	2	98.99999237060547	0.23178891837596893	0.17077593505382538
09	2	99.99999237060547	0.22481650114059448	0.16892489790916443
09	2	100.99999237060547	0.23736825585365295	0.18300378322601318
09	2	102.0	0.23439235985279083	0.1783493459224701
09	2	102.99999237060547	0.2216438502073288	0.17850838601589203
09	2	103.99999237060547	0.2048371285200119	0.16596603393554688
09	2	104.99999237060547	0.20251920819282532	0.16207897663116455
09	2	105.99999237060547	0.1915336549282074	0.15291784703731537
09	2	106.99999237060547	0.21544088423252106	0.16074398159980774
09	2	108.0	0.18809421360492706	0.14066588878631592
09	2	108.99999237060547	0.18212762475013733	0.12980569899082184
09	2	109.99999237060547	0.16841697692871094	0.11430026590824127
09	2	110.99999237060547	0.1695089042186737	0.1062457412481308
09	2	111.99999237060547	0.1510964035987854	0.09043422341346741
09	2	112.99999237060547	0.14402520656585693	0.08528111129999161
09	2	114.0	0.15251019597053528	0.08345437794923782
09	2	115.0	0.1564493030309677	0.08769656717777252
09	2	115.99999237060547	0.15505173802375793	0.08937295526266098
09	2	117.0	0.1511189043521881	0.09233168512582779
09	2	117.99999237060547	0.17907002568244934	0.11289119720458984
09	2	118.99999237060547	0.16161395609378815	0.10969380289316177
09	2	120.0	0.17877426743507385	0.12485674768686295
09	2	120.99999237060547	0.19104862213134766	0.13533109426498413
09	2	122.0	0.1667751669883728	0.1297314614057541
09	2	122.99999237060547	0.18759188055992126	0.14314758777618408
09	2	123.99998474121094	0.17921610176563263	0.14457347989082336
09	2	124.99999237060547	0.20423701405525208	0.1544896364212036
09	2	125.99999237060547	0.19355285167694092	0.14849354326725006
09	2	127.0	0.19684405624866486	0.15350030362606049
09	2	127.99999237060547	0.19302216172218323	0.14603915810585022
09	2	128.99998474121094	0.1991613358259201	0.15015089511871338
09	2	130.0	0.20999974012374878	0.15373913943767548
09	2	130.99998474121094	0.20422226190567017	0.14715243875980377
09	2	132.0	0.21135281026363373	0.14955762028694153
09	2	132.99998474121094	0.20130446553230286	0.1407615691423416
09	2	134.0	0.21967938542366028	0.15343926846981049
09	2	135.0	0.20637859404087067	0.14257650077342987
09	2	135.99998474121094	0.19599466025829315	0.1352677345275879
09	2	137.0	0.1883912980556488	0.12743620574474335
09	2	137.99998474121094	0.19209623336791992	0.13157089054584503
09	2	139.0	0.18376664817333221	0.1280241161584854
09	2	139.99998474121094	0.18703608214855194	0.13242681324481964
09	2	140.99998474121094	0.18917781114578247	0.13589215278625488
09	2	142.0	0.1827501505613327	0.13720345497131348
09	2	142.99998474121094	0.1795453131198883	0.1346435695886612
09	2	144.0	0.1767461746931076	0.13677547872066498
09	2	144.99998474121094	0.16281545162200928	0.13235193490982056
09	2	146.0	0.16020506620407104	0.13338060677051544
09	2	147.0	0.14642712473869324	0.12972024083137512
09	2	147.99998474121094	0.13414019346237183	0.12474758923053741
09	2	149.0	0.1322624385356903	0.1235496923327446
09	2	149.99998474121094	0.10147974640130997	0.10857925564050674
09	2	151.0	0.101177878677845	0.10624726861715317
09	2	151.99998474121094	0.10086127370595932	0.0975756049156189
09	2	152.99998474121094	0.0850806012749672	0.08838429301977158
09	2	154.0	0.08393514901399612	0.07575787603855133
09	2	154.99998474121094	0.07764937728643417	0.07013546675443649
09	2	156.0	0.06875243782997131	0.05985987186431885
09	2	156.99998474121094	0.07033763080835342	0.051597047597169876
09	2	158.0	0.0678810253739357	0.047472938895225525
09	2	158.99998474121094	0.067421555519104	0.048383116722106934
09	2	159.99998474121094	0.07708115875720978	0.052485525608062744
09	2	161.0	0.0763922780752182	0.05995328724384308
09	2	161.99998474121094	0.08211123198270798	0.06695808470249176
09	2	163.0	0.07686743885278702	0.07511705905199051
09	2	163.99998474121094	0.07869811356067657	0.0811016783118248
09	2	164.99998474121094	0.09667801111936569	0.09395862370729446
09	2	166.0	0.09299549460411072	0.10000310838222504
09	2	166.99998474121094	0.10897423326969147	0.11117719858884811
09	2	168.0	0.11133896559476852	0.11488467454910278
09	2	168.99998474121094	0.12601932883262634	0.12509611248970032
09	2	169.99998474121094	0.1483008861541748	0.14028412103652954
09	2	170.99998474121094	0.14456726610660553	0.13177956640720367
09	2	171.99998474121094	0.16611269116401672	0.13945098221302032
09	2	173.0	0.1752966195344925	0.14621306955814362
09	2	173.99998474121094	0.1762033849954605	0.1417698860168457
09	2	175.0	0.20000898838043213	0.14830856025218964
09	2	175.99998474121094	0.22965827584266663	0.1633041352033615
09	2	176.99998474121094	0.2347772866487503	0.16448986530303955
09	2	178.0	0.24665093421936035	0.16917170584201813
09	2	178.99998474121094	0.23071332275867462	0.15614758431911469
10	1	0.0	0.2327793687582016	0.13603384792804718
10	1	0.9999999403953552	0.23048937320709229	0.14462704956531525
10	1	1.9999998807907104	0.2047286331653595	0.12779730558395386
10	1	3.0	0.21203577518463135	0.13498827815055847
10	1	3.999999761581421	0.19805370271205902	0.13283096253871918
10	1	4.999999523162842	0.20641939342021942	0.14561930298805237
10	1	6.0	0.21095161139965057	0.15836089849472046
10	1	6.999999523162842	0.18301010131835938	0.14115701615810394
10	1	7.999999523162842	0.20325258374214172	0.1563897430896759
10	1	9.0	0.20031790435314178	0.15896914899349213
10	1	9.999999046325684	0.188130185008049	0.1528376042842865
10	1	10.999999046325684	0.17153915762901306	0.14236143231391907
10	1	12.0	0.1881805956363678	0.15756171941757202
10	1	12.999999046325684	0.15738074481487274	0.13730308413505554
10	1	13.999999046325684	0.14640024304389954	0.12494459748268127
10	1	15.0	0.15278807282447815	0.13534092903137207
10	1	15.999999046325684	0.15012913942337036	0.1302376687526703
10	1	16.999998092651367	0.1381237506866455	0.11864019185304642
10	1	18.0	0.14243222773075104	0.11670944094657898
10	1	18.999998092651367	0.15007950365543365	0.11463409662246704
10	1	19.999998092651367	0.13370874524116516	0.09795410186052322
10	1	21.0	0.12163685262203217	0.09208492934703827
10	1	21.999998092651367	0.12254960834980011	0.08743226528167725
10	1	22.999998092651367	0.13213439285755157	0.08679477125406265
10	1	24.0	0.11970297992229462	0.08049740642309189
10	1	24.999998092651367	0.12812934815883636	0.08714166283607483
10	1	25.999998092651367	0.13009144365787506	0.08883195370435715
10	1	27.0	0.13503015041351318	0.09340356290340424
10	1	27.999998092651367	0.13194157183170319	0.09569467604160309
10	1	28.999998092651367	0.13576366007328033	0.10002586245536804
10	1	30.0	0.1417030543088913	0.10411504656076431
10	1	30.999996185302734	0.13926996290683746	0.10449891537427902
10	1	31.999998092651367	0.13922502100467682	0.10687896609306335
10	1	33.0	0.1451040506362915	0.1122971922159195
10	1	33.999996185302734	0.14541137218475342	0.11173572391271591
10	1	34.999996185302734	0.1555483341217041	0.11723635345697403
10	1	36.0	0.15001997351646423	0.11478876322507858
10	1	36.999996185302734	0.15444603562355042	0.11761138588190079
10	1	37.999996185302734	0.16226434707641602	0.1192864403128624
10	1	39.0	0.1564830094575882	0.11597352474927902
10	1	39.999996185302734	0.1560966521501541	0.1087414026260376
10	1	40.999996185302734	0.1576559990644455	0.11676909029483795
10	1	42.0	0.1767321676015854	0.1248508170247078
10	1	42.999996185302734	0.17031776905059814	0.12173057347536087
10	1	43.999996185302734	0.17861337959766388	0.1287204623222351
10	1	45.0	0.18886308372020721	0.13445746898651123
10	1	45.999996185302734	0.1805373728275299	0.1334354281425476
10	1	46.999996185302734	0.20430631935596466	0.14714926481246948
10	1	48.0	0.2132447063922882	0.1544451266527176
10	1	48.999996185302734	0.20687782764434814	0.14816135168075562
10	1	49.999996185302734	0.22109189629554749	0.16177624464035034
10	1	51.0	0.22711169719696045	0.16629336774349213
10	1	51.999996185302734	0.24462565779685974	0.18141214549541473
10	1	52.999996185302734	0.23453453183174133	0.17634478211402893
10	1	54.0	0.2273242473602295	0.17159207165241241
10	1	54.999996185302734	0.25509801506996155	0.18660452961921692
10	1	55.999996185302734	0.2473435401916504	0.18233934044837952
10	1	57.0	0.24386781454086304	0.17979049682617188
10	1	57.999996185302734	0.2325897514820099	0.16461580991744995
10	1	58.999996185302734	0.21661418676376343	0.1578918844461441
10	1	60.0	0.22995059192180634	0.1690010130405426
10	1	61.0	0.22557805478572845	0.16060183942317963
10	1	61.99999237060547	0.20601753890514374	0.14704187214374542
10	1	62.999996185302734	0.19448170065879822	0.13485604524612427
10	1	63.999996185302734	0.18012811243534088	0.12434118241071701
10	1	65.0	0.18090739846229553	0.12171854823827744
10	1	66.0	0.16815610229969025	0.11022049933671951
10	1	67.0	0.1705109030008316	0.11026192456483841
10	1	67.99999237060547	0.16717186570167542	0.10845097154378891
10	1	68.99999237060547	0.1522773802280426	0.10173382610082626
10	1	69.99999237060547	0.16165602207183838	0.10567879676818848
10	1	71.0	0.16295696794986725	0.10975620895624161
10	1	72.0	0.15082645416259766	0.10522384941577911
10	1	73.0	0.1552562117576599	0.10903666168451309
10	1	73.99999237060547	0.16510771214962006	0.11663185805082321
10	1	74.99999237060547	0.1675252765417099	0.12041633576154709
10	1	75.99999237060547	0.17540182173252106	0.12717433273792267
10	1	77.0	0.17709416151046753	0.1290559619665146
10	1	78.0	0.17821051180362701	0.13005122542381287
10	1	79.0	0.17472851276397705	0.12823955714702606
10	1	79.99999237060547	0.1748128980398178	0.12953230738639832
10	1	80.99999237060547	0.19411523640155792	0.14173859357833862
10	1	81.99999237060547	0.193526953458786	0.13965992629528046
10	1	83.0	0.19412937760353088	0.1416522115468979
10	1	84.0	0.18935813009738922	0.13595768809318542
10	1	84.99999237060547	0.18011151254177094	0.13059836626052856
10	1	85.99999237060547	0.17201296985149384	0.12290961295366287
10	1	86.99999237060547	0.19253017008304596	0.13280774652957916
10	1	87.99999237060547	0.17941930890083313	0.12275329232215881
10	1	89.0	0.17584718763828278	0.12188379466533661
10	1	90.0	0.17704783380031586	0.1199754923582077
10	1	90.99999237060547	0.18671827018260956	0.1271594762802124
10	1	91.99999237060547	0.16839028894901276	0.11500818282365799
10	1	92.99999237060547	0.17269091308116913	0.11907634139060974
10	1	93.99999237060547	0.18544287979602814	0.12512142956256866
10	1	95.0	0.1751384735107422	0.12193331867456436
10	1	96.0	0.16660034656524658	0.1161024197936058
10	1	96.99999237060547	0.17203135788440704	0.11848059296607971
10	1	97.99999237060547	0.16707219183444977	0.11622677743434906
10	1	98.99999237060547	0.17030981183052063	0.12084424495697021
10	1	99.99999237060547	0.18082506954669952	0.12952196598052979
10	1	100.99999237060547	0.15449368953704834	0.11556500941514969
10	1	102.0	0.17166773974895477	0.1228751465678215
10	1	102.99999237060547	0.18136286735534668	0.1278112530708313
10	1	103.99999237060547	0.16615542769432068	0.11751042306423187
10	1	104.99999237060547	0.1639297604560852	0.11428086459636688
10	1	105.99999237060547	0.1744186133146286	0.12484010308980942
10	1	106.99999237060547	0.17116178572177887	0.11804945021867752
10	1	108.0	0.15693055093288422	0.11029963940382004
10	1	108.99999237060547	0.1689217984676361	0.11667370796203613
10	1	109.99999237060547	0.15643809735774994	0.1067277044057846
10	1	110.99999237060547	0.1570862978696823	0.10615597665309906
10	1	111.99999237060547	0.16256359219551086	0.10676842927932739
10	1	112.99999237060547	0.15489758551120758	0.10644859820604324
10	1	114.0	0.164854496717453	0.11032719910144806
10	1	115.0	0.1674707978963852	0.11352012306451797
10	1	115.99999237060547	0.15860703587532043	0.11190500110387802
10	1	117.0	0.14248855412006378	0.09976493567228317
10	1	117.99999237060547	0.15923121571540833	0.11063658446073532
10	1	118.99999237060547	0.14721061289310455	0.10523860156536102
10	1	120.0	0.15055306255817413	0.10597094893455505
10	1	120.99999237060547	0.13823041319847107	0.09976311028003693
10	1	122.0	0.14190958440303802	0.10183629393577576
10	1	122.99999237060547	0.13623732328414917	0.09992654621601105
10	1	123.99998474121094	0.13993142545223236	0.10167898237705231
10	1	124.99999237060547	0.1430007964372635	0.10023949295282364
10	1	125.99999237060547	0.12305621802806854	0.0899031013250351
10	1	127.0	0.12759773433208466	0.09235353022813797
10	1	127.99999237060547	0.13088801503181458	0.08934373408555984
10	1	128.99998474121094	0.1270628124475479	0.0881936326622963
10	1	130.0	0.12259971350431442	0.08500364422798157
10	1	130.99998474121094	0.11972219496965408	0.08353597670793533
10	1	132.0	0.11104705184698105	0.07903262227773666
10	1	132.99998474121094	0.10790205746889114	0.07829223573207855
10	1	134.0	0.10797737538814545	0.07754220068454742
10	1	135.0	0.11634603887796402	0.08200785517692566
10	1	135.99998474121094	0.11922129988670349	0.08316914737224579
10	1	137.0	0.11936600506305695	0.08666299283504486
10	1	137.99998474121094	0.11531145870685577	0.08319079130887985
10	1	139.0	0.11652237176895142	0.08792898803949356
10	1	139.99998474121094	0.11878965049982071	0.09048681706190109
10	1	140.99998474121094	0.11788979172706604	0.0874921903014183
10	1	142.0	0.11475640535354614	0.08589467406272888
10	1	142.99998474121094	0.11428889632225037	0.08644003421068192
10	1	144.0	0.11069483309984207	0.08607672154903412
10	1	144.99998474121094	0.11127569526433945	0.08564803749322891
10	1	146.0	0.10933633148670197	0.08546540886163712
10	1	147.0	0.10773684829473495	0.08188942819833755
10	1	147.99998474121094	0.11216103285551071	0.08469515293836594
10	1	149.0	0.09932111948728561	0.07839266955852509
10	1	149.99998474121094	0.09445514529943466	0.07390914857387543
10	1	151.0	0.09139790385961533	0.07128419727087021
10	1	151.99998474121094	0.08889541774988174	0.06761086732149124
10	1	152.99998474121094	0.0833447203040123	0.06377992779016495
10	1	154.0	0.08264023065567017	0.061718057841062546
10	1	154.99998474121094	0.08413674682378769	0.06131008267402649
10	1	156.0	0.08679250627756119	0.05981301888823509
10	1	156.99998474121094	0.08655236661434174	0.061328500509262085
10	1	158.0	0.07990262657403946	0.060191817581653595
10	1	158.99998474121094	0.08802551031112671	0.0686454176902771
10	1	159.99998474121094	0.09345999360084534	0.07082373648881912
10	1	161.0	0.08247171342372894	0.06659001111984253
10	1	161.99998474121094	0.08580544590950012	0.07183053344488144
10	1	163.0	0.10126142203807831	0.07806193083524704
10	1	163.99998474121094	0.10917975008487701	0.08186095952987671
10	1	164.99998474121094	0.12090074270963669	0.0894184410572052
10	1	166.0	0.11191049218177795	0.08345727622509003
10	1	166.99998474121094	0.13400977849960327	0.09129234403371811
10	1	168.0	0.12177658826112747	0.08328419178724289
10	1	168.99998474121094	0.14922790229320526	0.09582637250423431
10	1	169.99998474121094	0.16164231300354004	0.09386000782251358
10	1	170.99998474121094	0.15525871515274048	0.0913790911436081
10	1	171.99998474121094	0.18302541971206665	0.10042202472686768
10	1	173.0	0.18930773437023163	0.10523867607116699
10	1	173.99998474121094	0.18304701149463654	0.10040900856256485
10	1	175.0	0.21849505603313446	0.11717166751623154
10	1	175.99998474121094	0.19615601003170013	0.10768628120422363
10	1	176.99998474121094	0.18428851664066315	0.1034121885895729
10	1	178.0	0.20254139602184296	0.11531808972358704
10	1	178.99998474121094	0.19904093444347382	0.11329365521669388
10	2	0.0	0.21502694487571716	0.13303209841251373
10	2	0.9999999403953552	0.21287257969379425	0.13311679661273956
10	2	1.9999998807907104	0.21385961771011353	0.13621821999549866
10	2	3.0	0.19121108949184418	0.12530918419361115
10	2	3.999999761581421	0.20258677005767822	0.1394062489271164
10	2	4.999999523162842	0.19338774681091309	0.13891065120697021
10	2	6.0	0.20625773072242737	0.14945337176322937
10	2	6.999999523162842	0.20225484669208527	0.15157635509967804
10	2	7.999999523162842	0.19628192484378815	0.15139280259609222
10	2	9.0	0.19035418331623077	0.15062452852725983
10	2	9.999999046325684	0.19346195459365845	0.1585547775030136
10	2	10.999999046325684	0.1765461266040802	0.14702048897743225
10	2	12.0	0.16065695881843567	0.13788071274757385
10	2	12.999999046325684	0.16156654059886932	0.14344225823879242
10	2	13.999999046325684	0.16907331347465515	0.1442951261997223
10	2	15.0	0.15063196420669556	0.1298527866601944
10	2	15.999999046325684	0.16247862577438354	0.13739699125289917
10	2	16.999998092651367	0.1464400738477707	0.12424129247665405
10	2	18.0	0.13280406594276428	0.10967598855495453
10	2	18.999998092651367	0.14346946775913239	0.11343885958194733
10	2	19.999998092651367	0.13251668214797974	0.10248565673828125
10	2	21.0	0.13224506378173828	0.09574922174215317
10	2	21.999998092651367	0.13536864519119263	0.095533587038517
10	2	22.999998092651367	0.137887641787529	0.09665589779615402
10	2	24.0	0.13318689167499542	0.09197384864091873
10	2	24.999998092651367	0.13436847925186157	0.09338067471981049
10	2	25.999998092651367	0.12953105568885803	0.09358567744493484
10	2	27.0	0.15305285155773163	0.1067018061876297
10	2	27.999998092651367	0.1452343463897705	0.10341411083936691
10	2	28.999998092651367	0.1495855152606964	0.10778341442346573
10	2	30.0	0.14384284615516663	0.10741159319877625
10	2	30.999996185302734	0.14738695323467255	0.11075954884290695
10	2	31.999998092651367	0.1509794145822525	0.11641962826251984
10	2	33.0	0.16381098330020905	0.12221119552850723
10	2	33.999996185302734	0.15177252888679504	0.1173301413655281
10	2	34.999996185302734	0.16354194283485413	0.12397032231092453
10	2	36.0	0.17400570213794708	0.12980465590953827
10	2	36.999996185302734	0.17346379160881042	0.12936130166053772
10	2	37.999996185302734	0.16030648350715637	0.11942484974861145
10	2	39.0	0.17714326083660126	0.1268211454153061
10	2	39.999996185302734	0.1643066257238388	0.1188851147890091
10	2	40.999996185302734	0.17828811705112457	0.12892770767211914
10	2	42.0	0.17421294748783112	0.1254090815782547
10	2	42.999996185302734	0.1722705215215683	0.12367874383926392
10	2	43.999996185302734	0.1899152398109436	0.13427968323230743
10	2	45.0	0.1947961002588272	0.13748040795326233
10	2	45.999996185302734	0.20156216621398926	0.142067551612854
10	2	46.999996185302734	0.19707871973514557	0.1426173448562622
10	2	48.0	0.20854943990707397	0.14928887784481049
10	2	48.999996185302734	0.2143823206424713	0.15546530485153198
10	2	49.999996185302734	0.22764934599399567	0.16775116324424744
10	2	51.0	0.21782733500003815	0.15908083319664001
10	2	51.999996185302734	0.24621982872486115	0.18122220039367676
10	2	52.999996185302734	0.25615018606185913	0.18377655744552612
10	2	54.0	0.24456119537353516	0.18354545533657074
10	2	54.999996185302734	0.2391534000635147	0.17587725818157196
10	2	55.999996185302734	0.23988460004329681	0.17464296519756317
10	2	57.0	0.23487065732479095	0.17174087464809418
10	2	57.999996185302734	0.22891727089881897	0.16845355927944183
10	2	58.999996185302734	0.21592101454734802	0.15750838816165924
10	2	60.0	0.22991859912872314	0.16877581179141998
10	2	61.0	0.20946131646633148	0.1501411497592926
10	2	61.99999237060547	0.21622289717197418	0.15249226987361908
10	2	62.999996185302734	0.19505318999290466	0.13580666482448578
10	2	63.999996185302734	0.19775860011577606	0.13654467463493347
10	2	65.0	0.19679325819015503	0.13461516797542572
10	2	66.0	0.15858015418052673	0.10915151983499527
10	2	67.0	0.16671980917453766	0.10967359691858292
10	2	67.99999237060547	0.17070384323596954	0.113283172249794
10	2	68.99999237060547	0.1682698130607605	0.1119067445397377
10	2	69.99999237060547	0.16675910353660583	0.10633514821529388
10	2	71.0	0.1803075671195984	0.11633683741092682
10	2	72.0	0.16943347454071045	0.11654798686504364
10	2	73.0	0.16408327221870422	0.11408545076847076
10	2	73.99999237060547	0.17225362360477448	0.12283218652009964
10	2	74.99999237060547	0.17134502530097961	0.12261460721492767
10	2	75.99999237060547	0.17608682811260223	0.12950684130191803
10	2	77.0	0.17771238088607788	0.12914873659610748
10	2	78.0	0.18544547259807587	0.13651947677135468
10	2	79.0	0.19474516808986664	0.14110903441905975
10	2	79.99999237060547	0.1929224133491516	0.14283061027526855
10	2	80.99999237060547	0.18609383702278137	0.13514426350593567
10	2	81.99999237060547	0.1898583173751831	0.1387692093849182
10	2	83.0	0.1991080343723297	0.14633391797542572
10	2	84.0	0.18830907344818115	0.13605770468711853
10	2	84.99999237060547	0.1835329681634903	0.13159768283367157
10	2	85.99999237060547	0.19741687178611755	0.1409873068332672
10	2	86.99999237060547	0.18879112601280212	0.1352250725030899
10	2	87.99999237060547	0.16173923015594482	0.11625085771083832
10	2	89.0	0.1770130693912506	0.12268798798322678
10	2	90.0	0.17937076091766357	0.12438727915287018
10	2	90.99999237060547	0.1772373765707016	0.12021434307098389
10	2	91.99999237060547	0.17232714593410492	0.12044184654951096
10	2	92.99999237060547	0.18777988851070404	0.1275627166032791
10	2	93.99999237060547	0.18421494960784912	0.12622879445552826
10	2	95.0	0.18801428377628326	0.12856872379779816
10	2	96.0	0.17638571560382843	0.12328442186117172
10	2	96.99999237060547	0.1857212334871292	0.1280858814716339
10	2	97.99999237060547	0.1800376921892166	0.12627637386322021
10	2	98.99999237060547	0.16704031825065613	0.11935877054929733
10	2	99.99999237060547	0.18320642411708832	0.1268240511417389
10	2	100.99999237060547	0.194083109498024	0.13327442109584808
10	2	102.0	0.1834261268377304	0.13083095848560333
10	2	102.99999237060547	0.20361587405204773	0.14009210467338562
10	2	103.99999237060547	0.17117536067962646	0.12163016200065613
10	2	104.99999237060547	0.16583986580371857	0.1175343245267868
10	2	105.99999237060547	0.1845792680978775	0.127364382147789
10	2	106.99999237060547	0.18844503164291382	0.1284785121679306
10	2	108.0	0.17127752304077148	0.12310799956321716
10	2	108.99999237060547	0.16201667487621307	0.11269421130418777
10	2	109.99999237060547	0.18720555305480957	0.12501627206802368
10	2	110.99999237060547	0.16786527633666992	0.11489817500114441
10	2	111.99999237060547	0.17132040858268738	0.11581487208604813
10	2	112.99999237060547	0.1720934808254242	0.11650890111923218
10	2	114.0	0.16181406378746033	0.11244361102581024
10	2	115.0	0.168418288230896	0.117186039686203
10	2	115.99999237060547	0.16735707223415375	0.11732836812734604
10	2	117.0	0.17032019793987274	0.11598119884729385
10	2	117.99999237060547	0.16902346909046173	0.11821594834327698
10	2	118.99999237060547	0.15954962372779846	0.11324833333492279
10	2	120.0	0.15826654434204102	0.11154443025588989
10	2	120.99999237060547	0.1513010859489441	0.10767427086830139
10	2	122.0	0.16839057207107544	0.11436684429645538
10	2	122.99999237060547	0.162142813205719	0.11335189640522003
10	2	123.99998474121094	0.13719871640205383	0.10025221854448318
10	2	124.99999237060547	0.1545177698135376	0.10767243802547455
10	2	125.99999237060547	0.1285550892353058	0.09256467968225479
10	2	127.0	0.14506162703037262	0.09842918813228607
10	2	127.99999237060547	0.12841016054153442	0.09032206982374191
10	2	128.99998474121094	0.13062621653079987	0.0919872522354126
10	2	130.0	0.12206554412841797	0.08615168929100037
10	2	130.99998474121094	0.12546683847904205	0.0863715261220932
10	2	132.0	0.1169067770242691	0.08078955113887787
10	2	132.99998474121094	0.12359829246997833	0.08343052864074707
10	2	134.0	0.10943958163261414	0.07813505828380585
10	2	135.0	0.11894658207893372	0.08515545725822449
10	2	135.99998474121094	0.11696283519268036	0.08555400371551514
10	2	137.0	0.1190991997718811	0.08513840287923813
10	2	137.99998474121094	0.11671354621648788	0.08557106554508209
10	2	139.0	0.11887400597333908	0.08507927507162094
10	2	139.99998474121094	0.12494061887264252	0.09163327515125275
10	2	140.99998474121094	0.11843159049749374	0.08953617513179779
10	2	142.0	0.12224552780389786	0.09361743181943893
10	2	142.99998474121094	0.11880899965763092	0.09102479368448257
10	2	144.0	0.12306657433509827	0.09121893346309662
10	2	144.99998474121094	0.11989947408437729	0.09075174480676651
10	2	146.0	0.11812376230955124	0.09258418530225754
10	2	147.0	0.11823630332946777	0.08946757763624191
10	2	147.99998474121094	0.10783038288354874	0.08310151845216751
10	2	149.0	0.09853775054216385	0.0782729908823967
10	2	149.99998474121094	0.0948876440525055	0.075992651283741
10	2	151.0	0.08932509273290634	0.07084923982620239
10	2	151.99998474121094	0.09014758467674255	0.06743773072957993
10	2	152.99998474121094	0.09072558581829071	0.06836413592100143
10	2	154.0	0.09290953725576401	0.06481608748435974
10	2	154.99998474121094	0.08523789793252945	0.06103916093707085
10	2	156.0	0.08347026258707047	0.06043003499507904
10	2	156.99998474121094	0.08402332663536072	0.0609704963862896
10	2	158.0	0.08132044225931168	0.06300024688243866
10	2	158.99998474121094	0.07874756306409836	0.0628938153386116
10	2	159.99998474121094	0.08635185658931732	0.06954292207956314
10	2	161.0	0.0828082412481308	0.06719628721475601
10	2	161.99998474121094	0.09624916315078735	0.07470382004976273
10	2	163.0	0.09545952826738358	0.07513368874788284
10	2	163.99998474121094	0.10615617036819458	0.08545083552598953
10	2	164.99998474121094	0.10956557840108871	0.08344380557537079
10	2	166.0	0.1267743557691574	0.09118927270174026
10	2	166.99998474121094	0.1291843205690384	0.09220294654369354
10	2	168.0	0.12904219329357147	0.08730427920818329
10	2	168.99998474121094	0.1454891711473465	0.09270455688238144
10	2	169.99998474121094	0.15612012147903442	0.09547466784715652
10	2	170.99998474121094	0.16601739823818207	0.0986969918012619
10	2	171.99998474121094	0.19224658608436584	0.10756911337375641
10	2	173.0	0.1816556751728058	0.09953363239765167
10	2	173.99998474121094	0.18290682137012482	0.09970289468765259
10	2	175.0	0.1877392828464508	0.10268276184797287
10	2	175.99998474121094	0.17610888183116913	0.10198533535003662
10	2	176.99998474121094	0.19708582758903503	0.11117884516716003
10	2	178.0	0.21082139015197754	0.11942829936742783
10	2	178.99998474121094	0.2037975788116455	0.11859185993671417
13	1	0.0	0.061514291912317276	0.04688010737299919
13	1	0.9999999403953552	0.06408338993787766	0.04893294721841812
13	1	1.9999998807907104	0.06715742498636246	0.052049584686756134
13	1	3.0	0.06703057885169983	0.054901495575904846
13	1	3.999999761581421	0.06992585957050323	0.06136264652013779
13	1	4.999999523162842	0.07079426199197769	0.06298480927944183
13	1	6.0	0.07748956233263016	0.0682075172662735
13	1	6.999999523162842	0.0843946784734726	0.07475002855062485
13	1	7.999999523162842	0.0868317186832428	0.07666502892971039
13	1	9.0	0.0847148522734642	0.07279017567634583
13	1	9.999999046325684	0.09591250121593475	0.07881844788789749
13	1	10.999999046325684	0.09391129016876221	0.07602843642234802
13	1	12.0	0.09025438129901886	0.06944133341312408
13	1	12.999999046325684	0.09471512585878372	0.07115460187196732
13	1	13.999999046325684	0.1017933040857315	0.07309699803590775
13	1	15.0	0.09629488736391068	0.06693197786808014
13	1	15.999999046325684	0.09394100308418274	0.06422767788171768
13	1	16.999998092651367	0.09022903442382812	0.05882672220468521
13	1	18.0	0.09249760955572128	0.061093319207429886
13	1	18.999998092651367	0.10975265502929688	0.06528811901807785
13	1	19.999998092651367	0.10617239028215408	0.062291089445352554
13	1	21.0	0.09977413713932037	0.05990021675825119
13	1	21.999998092651367	0.11080942302942276	0.0625927597284317
13	1	22.999998092651367	0.12342888116836548	0.0701705813407898
13	1	24.0	0.14544108510017395	0.07712770253419876
13	1	24.999998092651367	0.14463646709918976	0.07798831164836884
13	1	25.999998092651367	0.163798987865448	0.08602417260408401
13	1	27.0	0.1708916872739792	0.08883342146873474
13	1	27.999998092651367	0.19342361390590668	0.10191971063613892
13	1	28.999998092651367	0.19676871597766876	0.10273875296115875
13	1	30.0	0.21056564152240753	0.11057323217391968
13	1	30.999996185302734	0.24215176701545715	0.13560757040977478
13	1	31.999998092651367	0.24829748272895813	0.14164666831493378
13	1	33.0	0.24469198286533356	0.1481172889471054
13	1	33.999996185302734	0.2516738772392273	0.15114955604076385
13	1	34.999996185302734	0.26073649525642395	0.16122403740882874
13	1	36.0	0.24041102826595306	0.15599973499774933
13	1	36.999996185302734	0.25423386693000793	0.16316944360733032
13	1	37.999996185302734	0.2595981955528259	0.17451928555965424
13	1	39.0	0.2624205946922302	0.17457172274589539
13	1	39.999996185302734	0.27268776297569275	0.17965026199817657
13	1	40.999996185302734	0.2121460884809494	0.13664256036281586
13	1	42.0	0.24999737739562988	0.15545175969600677
13	1	42.999996185302734	0.2394683063030243	0.14111140370368958
13	1	43.999996185302734	0.24401643872261047	0.13799311220645905
13	1	45.0	0.24862900376319885	0.1363660842180252
13	1	45.999996185302734	0.2635420560836792	0.14046040177345276
13	1	46.999996185302734	0.25119954347610474	0.12810418009757996
13	1	48.0	0.23389247059822083	0.11634891480207443
13	1	48.999996185302734	0.27739983797073364	0.14824911952018738
13	1	49.999996185302734	0.26771053671836853	0.148881733417511
13	1	51.0	0.25335636734962463	0.14269427955150604
13	1	51.999996185302734	0.27422043681144714	0.16407345235347748
13	1	52.999996185302734	0.2560127079486847	0.15605714917182922
13	1	54.0	0.2738882005214691	0.16891267895698547
13	1	54.999996185302734	0.246602401137352	0.1541096717119217
13	1	55.999996185302734	0.27414992451667786	0.17425177991390228
13	1	57.0	0.25744491815567017	0.16420456767082214
13	1	57.999996185302734	0.26032528281211853	0.16329708695411682
13	1	58.999996185302734	0.2491900771856308	0.1572551280260086
13	1	60.0	0.24499361217021942	0.15295101702213287
13	1	61.0	0.2531542181968689	0.1584704965353012
13	1	61.99999237060547	0.2351348102092743	0.14173932373523712
13	1	62.999996185302734	0.23375926911830902	0.13701120018959045
13	1	63.999996185302734	0.21844859421253204	0.1256050318479538
13	1	65.0	0.23397094011306763	0.1359483301639557
13	1	66.0	0.2237909883260727	0.12401466071605682
13	1	67.0	0.2553679049015045	0.14454196393489838
13	1	67.99999237060547	0.2153744101524353	0.12018495798110962
13	1	68.99999237060547	0.2377634346485138	0.13324664533138275
13	1	69.99999237060547	0.2194928675889969	0.12344154715538025
13	1	71.0	0.22343210875988007	0.12809455394744873
13	1	72.0	0.20819750428199768	0.11878956854343414
13	1	73.0	0.19617758691310883	0.11208944767713547
13	1	73.99999237060547	0.15190427005290985	0.08821304887533188
13	1	74.99999237060547	0.14618399739265442	0.0889386534690857
13	1	75.99999237060547	0.14011436700820923	0.08495776355266571
13	1	77.0	0.13044172525405884	0.08152871578931808
13	1	78.0	0.13156816363334656	0.08750637620687485
13	1	79.0	0.12476553022861481	0.08898681402206421
13	1	79.99999237060547	0.10435951501131058	0.08379925787448883
13	1	80.99999237060547	0.09904561936855316	0.08263599872589111
13	1	81.99999237060547	0.0854795053601265	0.08080358803272247
13	1	83.0	0.08477657288312912	0.08054310828447342
13	1	84.0	0.07974153012037277	0.07602988928556442
13	1	84.99999237060547	0.06844369322061539	0.07065669447183609
13	1	85.99999237060547	0.063156358897686	0.06415899842977524
13	1	86.99999237060547	0.05435910448431969	0.05319058895111084
13	1	87.99999237060547	0.051919471472501755	0.0459669753909111
13	1	89.0	0.05874300375580788	0.04340454936027527
13	1	90.0	0.05289524421095848	0.03735295683145523
13	1	90.99999237060547	0.05706366151571274	0.039432868361473083
13	1	91.99999237060547	0.053446244448423386	0.04166214168071747
13	1	92.99999237060547	0.0557817779481411	0.04775013029575348
13	1	93.99999237060547	0.061712171882390976	0.05485086143016815
13	1	95.0	0.06224542483687401	0.06312474608421326
13	1	96.0	0.07106567919254303	0.07066900283098221
13	1	96.99999237060547	0.08366500586271286	0.07598817348480225
13	1	97.99999237060547	0.08717670291662216	0.07982485741376877
13	1	98.99999237060547	0.0973631963133812	0.08837594836950302
13	1	99.99999237060547	0.11839845776557922	0.09061351418495178
13	1	100.99999237060547	0.12444059550762177	0.09383811801671982
13	1	102.0	0.12431987375020981	0.09288713335990906
13	1	102.99999237060547	0.14674896001815796	0.09964454919099808
13	1	103.99999237060547	0.15190601348876953	0.0984068438410759
13	1	104.99999237060547	0.17173226177692413	0.10563880205154419
13	1	105.99999237060547	0.18058009445667267	0.11061286926269531
13	1	106.99999237060547	0.20582005381584167	0.12739571928977966
13	1	108.0	0.1845242977142334	0.11505567282438278
13	1	108.99999237060547	0.20368488132953644	0.12274458259344101
13	1	109.99999237060547	0.2275409996509552	0.1366143822669983
13	1	110.99999237060547	0.22638730704784393	0.13403326272964478
13	1	111.99999237060547	0.2351258099079132	0.14141656458377838
13	1	112.99999237060547	0.24632789194583893	0.15058274567127228
13	1	114.0	0.24928371608257294	0.14967288076877594
13	1	115.0	0.2223825603723526	0.13207195699214935
13	1	115.99999237060547	0.23360170423984528	0.14055369794368744
13	1	117.0	0.2601813077926636	0.1592930406332016
13	1	117.99999237060547	0.25698795914649963	0.15791049599647522
13	1	118.99999237060547	0.23641087114810944	0.14342617988586426
13	1	120.0	0.2159813791513443	0.13119296729564667
13	1	120.99999237060547	0.23199579119682312	0.1397540271282196
13	1	122.0	0.23074090480804443	0.1384526938199997
13	1	122.99999237060547	0.2156532257795334	0.12615838646888733
13	1	123.99998474121094	0.2233085036277771	0.1298695057630539
13	1	124.99999237060547	0.20549644529819489	0.11893722414970398
13	1	125.99999237060547	0.18134348094463348	0.10278277844190598
13	1	127.0	0.17028264701366425	0.09805230796337128
13	1	127.99999237060547	0.15085437893867493	0.08051645755767822
13	1	128.99998474121094	0.10693090409040451	0.06506489217281342
13	1	130.0	0.13454347848892212	0.06969615072011948
13	1	130.99998474121094	0.11742078512907028	0.0612482987344265
13	1	132.0	0.12383648753166199	0.057791732251644135
13	1	132.99998474121094	0.12287435680627823	0.05744259059429169
13	1	134.0	0.10043809562921524	0.05428532883524895
13	1	135.0	0.14278504252433777	0.07532581686973572
13	1	135.99998474121094	0.15141107141971588	0.0843130424618721
13	1	137.0	0.15119898319244385	0.08829037845134735
13	1	137.99998474121094	0.1501399427652359	0.09656807780265808
13	1	139.0	0.19853805005550385	0.1217631995677948
13	1	139.99998474121094	0.17925626039505005	0.11272791773080826
13	1	140.99998474121094	0.22423790395259857	0.1312934011220932
13	1	142.0	0.27248239517211914	0.15845410525798798
13	1	142.99998474121094	0.3056788444519043	0.177226260304451
13	1	144.0	0.3039473295211792	0.17286376655101776
13	1	144.99998474121094	0.3358592987060547	0.1901160478591919
13	1	146.0	0.38068073987960815	0.22157087922096252
13	1	147.0	0.3777786195278168	0.2175857275724411
13	1	147.99998474121094	0.3466366231441498	0.19284695386886597
13	1	149.0	0.3695448338985443	0.2103247195482254
13	1	149.99998474121094	0.33596354722976685	0.1873621791601181
13	1	151.0	0.28372645378112793	0.14924514293670654
13	1	151.99998474121094	0.26160043478012085	0.13715466856956482
13	1	152.99998474121094	0.2084791213274002	0.10507059842348099
13	1	154.0	0.1873588263988495	0.09560858458280563
13	1	154.99998474121094	0.1631004959344864	0.08468238264322281
13	1	156.0	0.14009711146354675	0.07232881337404251
13	1	156.99998474121094	0.12287948280572891	0.06642017513513565
13	1	158.0	0.13047729432582855	0.06983636319637299
13	1	158.99998474121094	0.11489829421043396	0.06780389696359634
13	1	159.99998474121094	0.10261080414056778	0.06090305745601654
13	1	161.0	0.10973235219717026	0.06431518495082855
13	1	161.99998474121094	0.0916275605559349	0.05899122357368469
13	1	163.0	0.09782275557518005	0.06281380355358124
13	1	163.99998474121094	0.09698784351348877	0.06422096490859985
13	1	164.99998474121094	0.09149318188428879	0.06333861500024796
13	1	166.0	0.09883459657430649	0.06877901405096054
13	1	166.99998474121094	0.10009539872407913	0.07225677371025085
13	1	168.0	0.09456236660480499	0.07049736380577087
13	1	168.99998474121094	0.08913437277078629	0.06947055459022522
13	1	169.99998474121094	0.0929499939084053	0.07512660324573517
13	1	170.99998474121094	0.09090423583984375	0.07619139552116394
13	1	171.99998474121094	0.08829589188098907	0.07544760406017303
13	1	173.0	0.08255940675735474	0.07353698462247849
13	1	173.99998474121094	0.07660946249961853	0.06947306543588638
13	1	175.0	0.07772935926914215	0.06640338152647018
13	1	175.99998474121094	0.07026956230401993	0.06247308477759361
13	1	176.99998474121094	0.0685521736741066	0.05750540643930435
13	1	178.0	0.07067127525806427	0.05652785673737526
13	1	178.99998474121094	0.06616871803998947	0.05162843316793442
13	2	0.0	0.06585333496332169	0.048763569444417953
13	2	0.9999999403953552	0.06451056152582169	0.04914284497499466
13	2	1.9999998807907104	0.06594070047140121	0.05152805894613266
13	2	3.0	0.06467293202877045	0.05393364652991295
13	2	3.999999761581421	0.06870976090431213	0.057132020592689514
13	2	4.999999523162842	0.07112284749746323	0.061523787677288055
13	2	6.0	0.07287278771400452	0.06319738179445267
13	2	6.999999523162842	0.08224227279424667	0.07229648530483246
13	2	7.999999523162842	0.0889381542801857	0.07382001727819443
13	2	9.0	0.08608522266149521	0.07354476302862167
13	2	9.999999046325684	0.08987654000520706	0.07477214187383652
13	2	10.999999046325684	0.0925113707780838	0.07279229909181595
13	2	12.0	0.09184727072715759	0.07325956970453262
13	2	12.999999046325684	0.09457053989171982	0.07042388617992401
13	2	13.999999046325684	0.0965791866183281	0.06694116443395615
13	2	15.0	0.09748104959726334	0.06831870973110199
13	2	15.999999046325684	0.0867546796798706	0.060578860342502594
13	2	16.999998092651367	0.09835255891084671	0.06296025216579437
13	2	18.0	0.09378329664468765	0.05880327522754669
13	2	18.999998092651367	0.09046207368373871	0.05744640529155731
13	2	19.999998092651367	0.10443755239248276	0.06358332186937332
13	2	21.0	0.10371506959199905	0.06180144473910332
13	2	21.999998092651367	0.10715381056070328	0.061348043382167816
13	2	22.999998092651367	0.12468813359737396	0.07013685256242752
13	2	24.0	0.11548835784196854	0.06365086883306503
13	2	24.999998092651367	0.12451678514480591	0.06607475131750107
13	2	25.999998092651367	0.1455535888671875	0.07550588995218277
13	2	27.0	0.15394529700279236	0.08027619868516922
13	2	27.999998092651367	0.1864742636680603	0.09580272436141968
13	2	28.999998092651367	0.19318711757659912	0.09684306383132935
13	2	30.0	0.2228436917066574	0.11748021841049194
13	2	30.999996185302734	0.2026427984237671	0.11016729474067688
13	2	31.999998092651367	0.235539048910141	0.12859047949314117
13	2	33.0	0.24039746820926666	0.1368211954832077
13	2	33.999996185302734	0.23582328855991364	0.14061954617500305
13	2	34.999996185302734	0.27380213141441345	0.16945995390415192
13	2	36.0	0.2352171093225479	0.14920945465564728
13	2	36.999996185302734	0.25982996821403503	0.169139564037323
13	2	37.999996185302734	0.26495981216430664	0.17177526652812958
13	2	39.0	0.24878521263599396	0.1627572476863861
13	2	39.999996185302734	0.24520757794380188	0.15859729051589966
13	2	40.999996185302734	0.23870548605918884	0.1583932489156723
13	2	42.0	0.2577940821647644	0.1611587256193161
13	2	42.999996185302734	0.24932560324668884	0.14999547600746155
13	2	43.999996185302734	0.24166806042194366	0.13637612760066986
13	2	45.0	0.26005327701568604	0.1414182335138321
13	2	45.999996185302734	0.20873230695724487	0.1036669909954071
13	2	46.999996185302734	0.23601122200489044	0.11843805015087128
13	2	48.0	0.24254210293293	0.1226053386926651
13	2	48.999996185302734	0.22798028588294983	0.11496055871248245
13	2	49.999996185302734	0.2281510978937149	0.11939352750778198
13	2	51.0	0.2572919726371765	0.14532239735126495
13	2	51.999996185302734	0.22608345746994019	0.13063392043113708
13	2	52.999996185302734	0.2546965181827545	0.15338300168514252
13	2	54.0	0.26754358410835266	0.16337111592292786
13	2	54.999996185302734	0.2721714675426483	0.17089232802391052
13	2	55.999996185302734	0.25594839453697205	0.1624975949525833
13	2	57.0	0.2476954311132431	0.15728014707565308
13	2	57.999996185302734	0.23500530421733856	0.14760534465312958
13	2	58.999996185302734	0.23457728326320648	0.14892436563968658
13	2	60.0	0.23771142959594727	0.14642557501792908
13	2	61.0	0.22668620944023132	0.13963589072227478
13	2	61.99999237060547	0.2251429259777069	0.13397184014320374
13	2	62.999996185302734	0.21375079452991486	0.12592829763889313
13	2	63.999996185302734	0.2289505898952484	0.1320769041776657
13	2	65.0	0.2125907838344574	0.11932215094566345
13	2	66.0	0.21898502111434937	0.12074469774961472
13	2	67.0	0.22930173575878143	0.1264284998178482
13	2	67.99999237060547	0.24212020635604858	0.13607686758041382
13	2	68.99999237060547	0.22298544645309448	0.1248728334903717
13	2	69.99999237060547	0.2063099443912506	0.1140814796090126
13	2	71.0	0.21144375205039978	0.11749357730150223
13	2	72.0	0.2206847071647644	0.12247344851493835
13	2	73.0	0.17621265351772308	0.1013425812125206
13	2	73.99999237060547	0.1523614078760147	0.0894712507724762
13	2	74.99999237060547	0.16539236903190613	0.09627069532871246
13	2	75.99999237060547	0.14550071954727173	0.0877494364976883
13	2	77.0	0.1344265341758728	0.08485830575227737
13	2	78.0	0.11961597204208374	0.07868512719869614
13	2	79.0	0.11987657099962234	0.08124459534883499
13	2	79.99999237060547	0.10866997390985489	0.08398955315351486
13	2	80.99999237060547	0.09580959379673004	0.08077700436115265
13	2	81.99999237060547	0.09311997145414352	0.08284899592399597
13	2	83.0	0.08287534862756729	0.07541601359844208
13	2	84.0	0.07419101893901825	0.0727020725607872
13	2	84.99999237060547	0.06266885995864868	0.06653259694576263
13	2	85.99999237060547	0.060245614498853683	0.0631985068321228
13	2	86.99999237060547	0.05659708380699158	0.05330614373087883
13	2	87.99999237060547	0.0528881661593914	0.04644349589943886
13	2	89.0	0.05539797246456146	0.041734885424375534
13	2	90.0	0.05185277387499809	0.03785066306591034
13	2	90.99999237060547	0.056929197162389755	0.04049430787563324
13	2	91.99999237060547	0.05334155261516571	0.04276450350880623
13	2	92.99999237060547	0.05506109446287155	0.04840381443500519
13	2	93.99999237060547	0.07171682268381119	0.05798707902431488
13	2	95.0	0.06498076021671295	0.06318970024585724
13	2	96.0	0.07641931623220444	0.07057693600654602
13	2	96.99999237060547	0.07718301564455032	0.07585551589727402
13	2	97.99999237060547	0.0935545340180397	0.08292306959629059
13	2	98.99999237060547	0.09446252882480621	0.08265754580497742
13	2	99.99999237060547	0.10442107170820236	0.08692456781864166
13	2	100.99999237060547	0.1243031844496727	0.09221461415290833
13	2	102.0	0.14325697720050812	0.099446602165699
13	2	102.99999237060547	0.14763900637626648	0.09810098260641098
13	2	103.99999237060547	0.16491137444972992	0.10507956147193909
13	2	104.99999237060547	0.1915890872478485	0.12102807313203812
13	2	105.99999237060547	0.18357647955417633	0.11102794110774994
13	2	106.99999237060547	0.19777017831802368	0.11577773094177246
13	2	108.0	0.19560666382312775	0.11546455323696136
13	2	108.99999237060547	0.21396830677986145	0.1292486935853958
13	2	109.99999237060547	0.21307477355003357	0.12610428035259247
13	2	110.99999237060547	0.21580228209495544	0.12590791285037994
13	2	111.99999237060547	0.2325749695301056	0.13693247735500336
13	2	112.99999237060547	0.23013931512832642	0.13458307087421417
13	2	114.0	0.23025481402873993	0.13936780393123627
13	2	115.0	0.23268753290176392	0.13949890434741974
13	2	115.99999237060547	0.22865404188632965	0.13923953473567963
13	2	117.0	0.21997760236263275	0.13159796595573425
13	2	117.99999237060547	0.2442830204963684	0.14930810034275055
13	2	118.99999237060547	0.22785800695419312	0.13666144013404846
13	2	120.0	0.21203801035881042	0.12729692459106445
13	2	120.99999237060547	0.22975993156433105	0.1390526294708252
13	2	122.0	0.19499292969703674	0.1170937567949295
13	2	122.99999237060547	0.21169401705265045	0.12843221426010132
13	2	123.99998474121094	0.19907042384147644	0.11736489832401276
13	2	124.99999237060547	0.18113839626312256	0.10726587474346161
13	2	125.99999237060547	0.16927747428417206	0.09878535568714142
13	2	127.0	0.16984184086322784	0.09518145024776459
13	2	127.99999237060547	0.13882550597190857	0.07872823625802994
13	2	128.99998474121094	0.14537833631038666	0.07618161290884018
13	2	130.0	0.12411945313215256	0.06338411569595337
13	2	130.99998474121094	0.12712614238262177	0.06277275085449219
13	2	132.0	0.10755479335784912	0.053267545998096466
13	2	132.99998474121094	0.11299487948417664	0.05628876015543938
13	2	134.0	0.09910958260297775	0.05565612390637398
13	2	135.0	0.13338184356689453	0.07168606668710709
13	2	135.99998474121094	0.12669579684734344	0.0767999067902565
13	2	137.0	0.17750220000743866	0.10200469940900803
13	2	137.99998474121094	0.15848922729492188	0.09926573187112808
13	2	139.0	0.21119424700737	0.12478369474411011
13	2	139.99998474121094	0.20190592110157013	0.12143726646900177
13	2	140.99998474121094	0.20776064693927765	0.12708808481693268
13	2	142.0	0.2613426744937897	0.1494256854057312
13	2	142.99998474121094	0.2927909791469574	0.1674652397632599
13	2	144.0	0.29263532161712646	0.16297098994255066
13	2	144.99998474121094	0.3225061893463135	0.17919327318668365
13	2	146.0	0.3315879702568054	0.18439459800720215
13	2	147.0	0.36197778582572937	0.20398034155368805
13	2	147.99998474121094	0.30989161133766174	0.16291320323944092
13	2	149.0	0.318783164024353	0.1722477674484253
13	2	149.99998474121094	0.2996690571308136	0.15881942212581635
13	2	151.0	0.26967066526412964	0.14072705805301666
13	2	151.99998474121094	0.23546212911605835	0.11622961610555649
13	2	152.99998474121094	0.20118804275989532	0.10009222477674484
13	2	154.0	0.1788892149925232	0.08864780515432358
13	2	154.99998474121094	0.17233045399188995	0.08631124347448349
13	2	156.0	0.12595084309577942	0.0688171535730362
13	2	156.99998474121094	0.12987658381462097	0.07031288743019104
13	2	158.0	0.12481234967708588	0.06462465226650238
13	2	158.99998474121094	0.13108262419700623	0.07267340272665024
13	2	159.99998474121094	0.10941391438245773	0.06308702379465103
13	2	161.0	0.1023256704211235	0.06184694543480873
13	2	161.99998474121094	0.09375936537981033	0.05671517923474312
13	2	163.0	0.0929839164018631	0.05930347368121147
13	2	163.99998474121094	0.09696013480424881	0.06265828758478165
13	2	164.99998474121094	0.09088440984487534	0.06146792694926262
13	2	166.0	0.09195758402347565	0.06364511698484421
13	2	166.99998474121094	0.09787832200527191	0.07058791816234589
13	2	168.0	0.09962975233793259	0.07262904196977615
13	2	168.99998474121094	0.09096837788820267	0.07179617136716843
13	2	169.99998474121094	0.09265857189893723	0.07195547223091125
13	2	170.99998474121094	0.08840416371822357	0.0743543803691864
13	2	171.99998474121094	0.0895901545882225	0.07434756308794022
13	2	173.0	0.08275969326496124	0.07291848957538605
13	2	173.99998474121094	0.0774979218840599	0.06815396249294281
13	2	175.0	0.0817175954580307	0.06948072463274002
13	2	175.99998474121094	0.07080467790365219	0.0622691884636879
13	2	176.99998474121094	0.06662697345018387	0.05868254974484444
13	2	178.0	0.06856906414031982	0.0555768758058548
13	2	178.99998474121094	0.06549126654863358	0.05111740529537201
14	1	0.0	0.10604168474674225	0.04579794034361839
14	1	0.9999999403953552	0.10701770335435867	0.05097729712724686
14	1	1.9999998807907104	0.1128256544470787	0.061990994960069656
14	1	3.0	0.09628763794898987	0.06562822312116623
14	1	3.999999761581421	0.12102479487657547	0.08393009752035141
14	1	4.999999523162842	0.139410600066185	0.0979308933019638
14	1	6.0	0.17657352983951569	0.1196923702955246
14	1	6.999999523162842	0.1787865310907364	0.12644554674625397
14	1	7.999999523162842	0.17816266417503357	0.12727972865104675
14	1	9.0	0.20190183818340302	0.1380266547203064
14	1	9.999999046325684	0.23091821372509003	0.15027537941932678
14	1	10.999999046325684	0.24168074131011963	0.1560939997434616
14	1	12.0	0.23413561284542084	0.15209467709064484
14	1	12.999999046325684	0.24625249207019806	0.16187335550785065
14	1	13.999999046325684	0.24060370028018951	0.1576974242925644
14	1	15.0	0.25001147389411926	0.16698800027370453
14	1	15.999999046325684	0.22462107241153717	0.15664611756801605
14	1	16.999998092651367	0.22976821660995483	0.16009555757045746
14	1	18.0	0.23730653524398804	0.164974182844162
14	1	18.999998092651367	0.22779856622219086	0.15890546143054962
14	1	19.999998092651367	0.21921543776988983	0.14606598019599915
14	1	21.0	0.21571865677833557	0.14234624803066254
14	1	21.999998092651367	0.23361067473888397	0.14471477270126343
14	1	22.999998092651367	0.20538707077503204	0.12366128712892532
14	1	24.0	0.19596487283706665	0.11665190011262894
14	1	24.999998092651367	0.2248775064945221	0.12711943686008453
14	1	25.999998092651367	0.2233138084411621	0.12487830966711044
14	1	27.0	0.2384723573923111	0.1341131627559662
14	1	27.999998092651367	0.2159973680973053	0.12200675159692764
14	1	28.999998092651367	0.21170078217983246	0.12702292203903198
14	1	30.0	0.23535682260990143	0.1479383111000061
14	1	30.999996185302734	0.22785843908786774	0.14650189876556396
14	1	31.999998092651367	0.2459174245595932	0.16245713829994202
14	1	33.0	0.2575092315673828	0.17366549372673035
14	1	33.999996185302734	0.24713397026062012	0.16799601912498474
14	1	34.999996185302734	0.2693145275115967	0.18700475990772247
14	1	36.0	0.2802806496620178	0.1962244212627411
14	1	36.999996185302734	0.28188544511795044	0.19775043427944183
14	1	37.999996185302734	0.27723991870880127	0.19936658442020416
14	1	39.0	0.2837148606777191	0.20179873704910278
14	1	39.999996185302734	0.289008229970932	0.20965279638767242
14	1	40.999996185302734	0.3065723478794098	0.22180314362049103
14	1	42.0	0.30598756670951843	0.2298903465270996
14	1	42.999996185302734	0.3034828007221222	0.2215241640806198
14	1	43.999996185302734	0.31973788142204285	0.23927539587020874
14	1	45.0	0.3156702518463135	0.2320263683795929
14	1	45.999996185302734	0.3091753423213959	0.23359933495521545
14	1	46.999996185302734	0.331027626991272	0.2505215108394623
14	1	48.0	0.3083079755306244	0.23809991776943207
14	1	48.999996185302734	0.34399500489234924	0.26425817608833313
14	1	49.999996185302734	0.33129405975341797	0.2524333894252777
14	1	51.0	0.33857786655426025	0.26603618264198303
14	1	51.999996185302734	0.3130030035972595	0.2470255047082901
14	1	52.999996185302734	0.3459550142288208	0.2733214199542999
14	1	54.0	0.36603718996047974	0.2890864312648773
14	1	54.999996185302734	0.36050131916999817	0.27993571758270264
14	1	55.999996185302734	0.3283625841140747	0.2569681406021118
14	1	57.0	0.3683224618434906	0.2891930937767029
14	1	57.999996185302734	0.366117388010025	0.2826845049858093
14	1	58.999996185302734	0.38251733779907227	0.304168701171875
14	1	60.0	0.3634825050830841	0.2795630693435669
14	1	61.0	0.37691086530685425	0.28685879707336426
14	1	61.99999237060547	0.3841901123523712	0.29414886236190796
14	1	62.999996185302734	0.38217055797576904	0.29057788848876953
14	1	63.999996185302734	0.40472412109375	0.3075043261051178
14	1	65.0	0.37461766600608826	0.2706557512283325
14	1	66.0	0.3767699897289276	0.27396270632743835
14	1	67.0	0.3892273008823395	0.2785789370536804
14	1	67.99999237060547	0.39159223437309265	0.2773231863975525
14	1	68.99999237060547	0.374280720949173	0.26358258724212646
14	1	69.99999237060547	0.36339879035949707	0.2566494941711426
14	1	71.0	0.34986910223960876	0.24860525131225586
14	1	72.0	0.351157546043396	0.25598055124282837
14	1	73.0	0.36323580145835876	0.2659558951854706
14	1	73.99999237060547	0.33462727069854736	0.24684999883174896
14	1	74.99999237060547	0.33546823263168335	0.2531089186668396
14	1	75.99999237060547	0.3213512599468231	0.24277205765247345
14	1	77.0	0.3106808066368103	0.23322243988513947
14	1	78.0	0.3157191872596741	0.23776930570602417
14	1	79.0	0.2894362807273865	0.21045616269111633
14	1	79.99999237060547	0.2829994261264801	0.20135413110256195
14	1	80.99999237060547	0.27659955620765686	0.19040264189243317
14	1	81.99999237060547	0.26193898916244507	0.17638790607452393
14	1	83.0	0.24028116464614868	0.15311206877231598
14	1	84.0	0.23049138486385345	0.14271169900894165
14	1	84.99999237060547	0.23870009183883667	0.1394774168729782
14	1	85.99999237060547	0.20535343885421753	0.11256564408540726
14	1	86.99999237060547	0.20669500529766083	0.10354302823543549
14	1	87.99999237060547	0.19081737101078033	0.09048448503017426
14	1	89.0	0.19813066720962524	0.09058840572834015
14	1	90.0	0.20726075768470764	0.09839088469743729
14	1	90.99999237060547	0.17819571495056152	0.08800017088651657
14	1	91.99999237060547	0.144409641623497	0.08807574212551117
14	1	92.99999237060547	0.18088656663894653	0.11255934089422226
14	1	93.99999237060547	0.14962010085582733	0.10934759676456451
14	1	95.0	0.15823763608932495	0.1279170662164688
14	1	96.0	0.18031586706638336	0.15031272172927856
14	1	96.99999237060547	0.18122164905071259	0.16101022064685822
14	1	97.99999237060547	0.20070254802703857	0.1778818666934967
14	1	98.99999237060547	0.2142000049352646	0.19858123362064362
14	1	99.99999237060547	0.2322498857975006	0.2135511189699173
14	1	100.99999237060547	0.24254924058914185	0.21152155101299286
14	1	102.0	0.2587151527404785	0.22300714254379272
14	1	102.99999237060547	0.2663964331150055	0.22272177040576935
14	1	103.99999237060547	0.2707800269126892	0.21962957084178925
14	1	104.99999237060547	0.27684885263442993	0.2148621529340744
14	1	105.99999237060547	0.2754790782928467	0.20565751194953918
14	1	106.99999237060547	0.25925278663635254	0.18846790492534637
14	1	108.0	0.23397548496723175	0.16329170763492584
14	1	108.99999237060547	0.23060524463653564	0.15664345026016235
14	1	109.99999237060547	0.21093717217445374	0.13864269852638245
14	1	110.99999237060547	0.20729053020477295	0.1333685666322708
14	1	111.99999237060547	0.1966560184955597	0.12309437245130539
14	1	112.99999237060547	0.17282423377037048	0.1022067740559578
14	1	114.0	0.15824051201343536	0.09270483255386353
14	1	115.0	0.1754322648048401	0.09941664338111877
14	1	115.99999237060547	0.1608283668756485	0.09302343428134918
14	1	117.0	0.17407429218292236	0.1024162620306015
14	1	117.99999237060547	0.18097765743732452	0.112333282828331
14	1	118.99999237060547	0.17505893111228943	0.11507973074913025
14	1	120.0	0.1832827925682068	0.12408578395843506
14	1	120.99999237060547	0.19846844673156738	0.13828255236148834
14	1	122.0	0.20947909355163574	0.149473175406456
14	1	122.99999237060547	0.2215767204761505	0.1643187254667282
14	1	123.99998474121094	0.24490979313850403	0.17562396824359894
14	1	124.99999237060547	0.24806161224842072	0.17972107231616974
14	1	125.99999237060547	0.2702940106391907	0.19738397002220154
14	1	127.0	0.2889106869697571	0.20707672834396362
14	1	127.99999237060547	0.29907000064849854	0.21479488909244537
14	1	128.99998474121094	0.28625261783599854	0.19622381031513214
14	1	130.0	0.2963128685951233	0.19765877723693848
14	1	130.99998474121094	0.3023775815963745	0.1996985822916031
14	1	132.0	0.3277636468410492	0.2162626087665558
14	1	132.99998474121094	0.32133200764656067	0.2063824087381363
14	1	134.0	0.33355528116226196	0.2146388590335846
14	1	135.0	0.3050917983055115	0.19344103336334229
14	1	135.99998474121094	0.3144915699958801	0.19843079149723053
14	1	137.0	0.31123992800712585	0.1948748081922531
14	1	137.99998474121094	0.3146442174911499	0.20322060585021973
14	1	139.0	0.2927493453025818	0.185238316655159
14	1	139.99998474121094	0.30604657530784607	0.19595453143119812
14	1	140.99998474121094	0.3270648717880249	0.21227078139781952
14	1	142.0	0.2829940617084503	0.1847376525402069
14	1	142.99998474121094	0.316803514957428	0.20360076427459717
14	1	144.0	0.3157946467399597	0.20377938449382782
14	1	144.99998474121094	0.2866058349609375	0.1851612627506256
14	1	146.0	0.2883993983268738	0.18803612887859344
14	1	147.0	0.2830771803855896	0.17737731337547302
14	1	147.99998474121094	0.27856549620628357	0.17780737578868866
14	1	149.0	0.30108222365379333	0.19107027351856232
14	1	149.99998474121094	0.2705986201763153	0.16823866963386536
14	1	151.0	0.2912595570087433	0.18267638981342316
14	1	151.99998474121094	0.31175869703292847	0.19394057989120483
14	1	152.99998474121094	0.26609933376312256	0.16626448929309845
14	1	154.0	0.2923395335674286	0.18142010271549225
14	1	154.99998474121094	0.2775384187698364	0.17461347579956055
14	1	156.0	0.2793732285499573	0.17599312961101532
14	1	156.99998474121094	0.28362396359443665	0.18077678978443146
14	1	158.0	0.29140374064445496	0.18910659849643707
14	1	158.99998474121094	0.32342734932899475	0.21078886091709137
14	1	159.99998474121094	0.2923620045185089	0.18926185369491577
14	1	161.0	0.31059730052948	0.2047036588191986
14	1	161.99998474121094	0.3216152489185333	0.21569056808948517
14	1	163.0	0.3144375681877136	0.20575378835201263
14	1	163.99998474121094	0.2975418269634247	0.1896456480026245
14	1	164.99998474121094	0.2864696681499481	0.18808184564113617
14	1	166.0	0.2831835150718689	0.1877993941307068
14	1	166.99998474121094	0.25528407096862793	0.1648537814617157
14	1	168.0	0.2366609126329422	0.16171596944332123
14	1	168.99998474121094	0.21091702580451965	0.14766907691955566
14	1	169.99998474121094	0.20010153949260712	0.14242003858089447
14	1	170.99998474121094	0.15958097577095032	0.1229274719953537
14	1	171.99998474121094	0.15993109345436096	0.11713454872369766
14	1	173.0	0.15709027647972107	0.10911938548088074
14	1	173.99998474121094	0.12342814356088638	0.09074058383703232
14	1	175.0	0.08756979554891586	0.07424093782901764
14	1	175.99998474121094	0.1081213727593422	0.06905408948659897
14	1	176.99998474121094	0.1193995252251625	0.061296142637729645
14	1	178.0	0.08222629129886627	0.041432566940784454
14	1	178.99998474121094	0.0722057893872261	0.03695378452539444
14	2	0.0	0.08621075004339218	0.03858336806297302
14	2	0.9999999403953552	0.06275483220815659	0.03911549970507622
14	2	1.9999998807907104	0.09060545265674591	0.05413311719894409
14	2	3.0	0.09595047682523727	0.06475479155778885
14	2	3.999999761581421	0.11144468933343887	0.08112328499555588
14	2	4.999999523162842	0.13910090923309326	0.09819567203521729
14	2	6.0	0.17059195041656494	0.11461598426103592
14	2	6.999999523162842	0.15648691356182098	0.11266810446977615
14	2	7.999999523162842	0.1900128871202469	0.13161048293113708
14	2	9.0	0.19144539535045624	0.13014325499534607
14	2	9.999999046325684	0.19471941888332367	0.12683774530887604
14	2	10.999999046325684	0.22766008973121643	0.14044764637947083
14	2	12.0	0.21946264803409576	0.13865350186824799
14	2	12.999999046325684	0.22310855984687805	0.14198799431324005
14	2	13.999999046325684	0.2284557819366455	0.14958184957504272
14	2	15.0	0.2144535630941391	0.14248330891132355
14	2	15.999999046325684	0.21600502729415894	0.14320065081119537
14	2	16.999998092651367	0.21813960373401642	0.1475764811038971
14	2	18.0	0.21786773204803467	0.1507323682308197
14	2	18.999998092651367	0.23434162139892578	0.15455925464630127
14	2	19.999998092651367	0.22776605188846588	0.1458987444639206
14	2	21.0	0.2168114185333252	0.13726870715618134
14	2	21.999998092651367	0.21809513866901398	0.13479578495025635
14	2	22.999998092651367	0.2081477791070938	0.1222144290804863
14	2	24.0	0.18800568580627441	0.10585476458072662
14	2	24.999998092651367	0.2120051085948944	0.11275842785835266
14	2	25.999998092651367	0.18213793635368347	0.09681728482246399
14	2	27.0	0.21350693702697754	0.11893276870250702
14	2	27.999998092651367	0.2051408886909485	0.116950124502182
14	2	28.999998092651367	0.19802497327327728	0.11916252970695496
14	2	30.0	0.20919214189052582	0.12895354628562927
14	2	30.999996185302734	0.2157013863325119	0.13961762189865112
14	2	31.999998092651367	0.231255441904068	0.15058474242687225
14	2	33.0	0.24673612415790558	0.1675020158290863
14	2	33.999996185302734	0.2532464861869812	0.1752265989780426
14	2	34.999996185302734	0.2608928084373474	0.17976997792720795
14	2	36.0	0.2700265347957611	0.18731817603111267
14	2	36.999996185302734	0.2690514028072357	0.1867501139640808
14	2	37.999996185302734	0.2669025659561157	0.18877838551998138
14	2	39.0	0.2569981813430786	0.17977716028690338
14	2	39.999996185302734	0.26812630891799927	0.1891162097454071
14	2	40.999996185302734	0.25658851861953735	0.1861569583415985
14	2	42.0	0.2601681351661682	0.18504348397254944
14	2	42.999996185302734	0.28727713227272034	0.2082647681236267
14	2	43.999996185302734	0.2755299210548401	0.20120865106582642
14	2	45.0	0.2818703055381775	0.21006150543689728
14	2	45.999996185302734	0.2914891242980957	0.22051049768924713
14	2	46.999996185302734	0.28633540868759155	0.21677157282829285
14	2	48.0	0.2824711799621582	0.21059904992580414
14	2	48.999996185302734	0.2886557877063751	0.21883167326450348
14	2	49.999996185302734	0.29919007420539856	0.22463509440422058
14	2	51.0	0.284239262342453	0.21632233262062073
14	2	51.999996185302734	0.30394119024276733	0.22923003137111664
14	2	52.999996185302734	0.2912343740463257	0.22661611437797546
14	2	54.0	0.3103073537349701	0.23525838553905487
14	2	54.999996185302734	0.30993908643722534	0.2429731786251068
14	2	55.999996185302734	0.31372612714767456	0.24576544761657715
14	2	57.0	0.3303269147872925	0.26085758209228516
14	2	57.999996185302734	0.331088125705719	0.2571238875389099
14	2	58.999996185302734	0.33520397543907166	0.2591843605041504
14	2	60.0	0.3916044235229492	0.307326078414917
14	2	61.0	0.3573933243751526	0.2744593918323517
14	2	61.99999237060547	0.3621312975883484	0.27540135383605957
14	2	62.999996185302734	0.35540154576301575	0.26580628752708435
14	2	63.999996185302734	0.37870147824287415	0.2838764786720276
14	2	65.0	0.3658396899700165	0.2626463770866394
14	2	66.0	0.3742051124572754	0.2672410011291504
14	2	67.0	0.36404335498809814	0.25595614314079285
14	2	67.99999237060547	0.3628670573234558	0.25775378942489624
14	2	68.99999237060547	0.3675766587257385	0.25487062335014343
14	2	69.99999237060547	0.35781365633010864	0.24996542930603027
14	2	71.0	0.3549194037914276	0.249954491853714
14	2	72.0	0.3435257077217102	0.24486880004405975
14	2	73.0	0.3405494689941406	0.2518753409385681
14	2	73.99999237060547	0.33860981464385986	0.2505088150501251
14	2	74.99999237060547	0.30667033791542053	0.232913076877594
14	2	75.99999237060547	0.31731295585632324	0.23968949913978577
14	2	77.0	0.27825284004211426	0.2103293091058731
14	2	78.0	0.281945139169693	0.21002386510372162
14	2	79.0	0.2745130956172943	0.2021549642086029
14	2	79.99999237060547	0.24422720074653625	0.17629168927669525
14	2	80.99999237060547	0.24068447947502136	0.1665896326303482
14	2	81.99999237060547	0.2317984402179718	0.15525870025157928
14	2	83.0	0.22218461334705353	0.14481237530708313
14	2	84.0	0.20725950598716736	0.12695294618606567
14	2	84.99999237060547	0.19170773029327393	0.11395014822483063
14	2	85.99999237060547	0.1786212921142578	0.09868187457323074
14	2	86.99999237060547	0.18266251683235168	0.09019888192415237
14	2	87.99999237060547	0.16372880339622498	0.07559788227081299
14	2	89.0	0.17217154800891876	0.07274923473596573
14	2	90.0	0.18496808409690857	0.08267862349748611
14	2	90.99999237060547	0.15610697865486145	0.07700560241937637
14	2	91.99999237060547	0.14800305664539337	0.08418571949005127
14	2	92.99999237060547	0.15156348049640656	0.09726768732070923
14	2	93.99999237060547	0.14873364567756653	0.10500291734933853
14	2	95.0	0.15645769238471985	0.12379859387874603
14	2	96.0	0.1469603180885315	0.13101693987846375
14	2	96.99999237060547	0.1771335005760193	0.1531049758195877
14	2	97.99999237060547	0.18245695531368256	0.1708814650774002
14	2	98.99999237060547	0.18978913128376007	0.180583193898201
14	2	99.99999237060547	0.19564999639987946	0.18793985247612
14	2	100.99999237060547	0.22901412844657898	0.2028704285621643
14	2	102.0	0.2454042136669159	0.21336646378040314
14	2	102.99999237060547	0.24924559891223907	0.20668096840381622
14	2	103.99999237060547	0.255217969417572	0.20600824058055878
14	2	104.99999237060547	0.2755236327648163	0.21175989508628845
14	2	105.99999237060547	0.24509742856025696	0.18324299156665802
14	2	106.99999237060547	0.25534629821777344	0.1783187836408615
14	2	108.0	0.2345823347568512	0.15955516695976257
14	2	108.99999237060547	0.22125379741191864	0.14712010324001312
14	2	109.99999237060547	0.21616584062576294	0.13979844748973846
14	2	110.99999237060547	0.18824824690818787	0.12005142122507095
14	2	111.99999237060547	0.1800372451543808	0.10928567498922348
14	2	112.99999237060547	0.17243503034114838	0.10138356685638428
14	2	114.0	0.16432605683803558	0.09536801278591156
14	2	115.0	0.16142286360263824	0.09054883569478989
14	2	115.99999237060547	0.1657828837633133	0.09435752779245377
14	2	117.0	0.15366056561470032	0.09250840544700623
14	2	117.99999237060547	0.16060508787631989	0.09820278733968735
14	2	118.99999237060547	0.1807740479707718	0.11700540035963058
14	2	120.0	0.1822313666343689	0.12555840611457825
14	2	120.99999237060547	0.2130109667778015	0.14956608414649963
14	2	122.0	0.2155802696943283	0.15167856216430664
14	2	122.99999237060547	0.22923977673053741	0.16146032512187958
14	2	123.99998474121094	0.2382401078939438	0.17126259207725525
14	2	124.99999237060547	0.25664299726486206	0.18730533123016357
14	2	125.99999237060547	0.2546546459197998	0.18227316439151764
14	2	127.0	0.2830509841442108	0.19755373895168304
14	2	127.99999237060547	0.2711924612522125	0.19039508700370789
14	2	128.99998474121094	0.29349517822265625	0.19782723486423492
14	2	130.0	0.30505597591400146	0.2035171240568161
14	2	130.99998474121094	0.27997714281082153	0.18633727729320526
14	2	132.0	0.28843751549720764	0.1814851611852646
14	2	132.99998474121094	0.2845964729785919	0.18014070391654968
14	2	134.0	0.31453123688697815	0.19891273975372314
14	2	135.0	0.3167221248149872	0.1971321851015091
14	2	135.99998474121094	0.283376008272171	0.17097610235214233
14	2	137.0	0.29889246821403503	0.18426860868930817
14	2	137.99998474121094	0.2873550057411194	0.17772556841373444
14	2	139.0	0.2808983027935028	0.1697949767112732
14	2	139.99998474121094	0.2942430377006531	0.18535736203193665
14	2	140.99998474121094	0.29377663135528564	0.18529891967773438
14	2	142.0	0.30261701345443726	0.19223815202713013
14	2	142.99998474121094	0.2986197769641876	0.1921353042125702
14	2	144.0	0.2863446772098541	0.18183322250843048
14	2	144.99998474121094	0.2746444344520569	0.1733209639787674
14	2	146.0	0.2869899868965149	0.1818375289440155
14	2	147.0	0.27176618576049805	0.16848917305469513
14	2	147.99998474121094	0.27108410000801086	0.16993436217308044
14	2	149.0	0.24049317836761475	0.14866700768470764
14	2	149.99998474121094	0.24199090898036957	0.14577023684978485
14	2	151.0	0.2490287721157074	0.14974118769168854
14	2	151.99998474121094	0.24698086082935333	0.1473621428012848
14	2	152.99998474121094	0.246751606464386	0.14893540740013123
14	2	154.0	0.26804471015930176	0.16277560591697693
14	2	154.99998474121094	0.27468398213386536	0.16513317823410034
14	2	156.0	0.2645605504512787	0.16125914454460144
14	2	156.99998474121094	0.24179749190807343	0.1480172723531723
14	2	158.0	0.2721691131591797	0.1692892163991928
14	2	158.99998474121094	0.25555601716041565	0.157509908080101
14	2	159.99998474121094	0.2603057026863098	0.16015246510505676
14	2	161.0	0.279619961977005	0.17546534538269043
14	2	161.99998474121094	0.2543831765651703	0.15533249080181122
14	2	163.0	0.26499035954475403	0.16526271402835846
14	2	163.99998474121094	0.23692546784877777	0.14833901822566986
14	2	164.99998474121094	0.23437413573265076	0.147371307015419
14	2	166.0	0.2119774967432022	0.1358991116285324
14	2	166.99998474121094	0.1893058717250824	0.12123113870620728
14	2	168.0	0.18003982305526733	0.12293761968612671
14	2	168.99998474121094	0.18814530968666077	0.12772952020168304
14	2	169.99998474121094	0.15966250002384186	0.11497627198696136
14	2	170.99998474121094	0.13103415071964264	0.10663872957229614
14	2	171.99998474121094	0.13555318117141724	0.1073499470949173
14	2	173.0	0.1504613757133484	0.10619007796049118
14	2	173.99998474121094	0.09402056038379669	0.07746032625436783
14	2	175.0	0.0988754853606224	0.07416559755802155
14	2	175.99998474121094	0.10824573785066605	0.0661667138338089
14	2	176.99998474121094	0.08744443207979202	0.05117490515112877
14	2	178.0	0.08777415007352829	0.04314636066555977
14	2	178.99998474121094	0.09279932826757431	0.03952377662062645
