subject	session	orientation	sd_E
20	1	0.0	9.642374419245638
20	1	0.9999999403953552	9.207343449308247
20	1	1.9999998807907104	10.694024622168026
20	1	3.0	11.172607439574357
20	1	3.999999761581421	11.624972575851594
20	1	4.999999523162842	11.508248911804307
20	1	6.0	10.389819095593058
20	1	6.999999523162842	10.751514324412023
20	1	7.999999523162842	12.047302809027345
20	1	9.0	11.55391128772678
20	1	9.999999046325684	12.893531657567014
20	1	10.999999046325684	13.139183679934755
20	1	12.0	13.177529215708851
20	1	12.999999046325684	12.949068779482033
20	1	13.999999046325684	14.78354318487886
20	1	15.0	13.849208311140613
20	1	15.999999046325684	13.441825093189788
20	1	16.999998092651367	14.140280237715292
20	1	18.0	14.033162380961981
20	1	18.999998092651367	14.042450584459553
20	1	19.999998092651367	13.724057047431177
20	1	21.0	14.169373428484962
20	1	21.999998092651367	14.669938355961332
20	1	22.999998092651367	14.611309719673235
20	1	24.0	14.657138581456728
20	1	24.999998092651367	15.372764821555643
20	1	25.999998092651367	13.827985205842092
20	1	27.0	15.222370886221134
20	1	27.999998092651367	16.141116706952474
20	1	28.999998092651367	16.345667212216014
20	1	30.0	16.12172921499339
20	1	30.999996185302734	17.63003476676543
20	1	31.999998092651367	18.687115823851624
20	1	33.0	18.970141787584026
20	1	33.999996185302734	19.758507834796287
20	1	34.999996185302734	19.517892223167784
20	1	36.0	19.824526735766337
20	1	36.999996185302734	20.72036239447416
20	1	37.999996185302734	19.558081056244138
20	1	39.0	19.955599773486174
20	1	39.999996185302734	20.38156452107402
20	1	40.999996185302734	21.282637227327953
20	1	42.0	21.631919441104063
20	1	42.999996185302734	20.3172241390925
20	1	43.999996185302734	21.34745401500408
20	1	45.0	21.611538156620746
20	1	45.999996185302734	21.585247050958074
20	1	46.999996185302734	21.667878679536887
20	1	48.0	22.754604465168228
20	1	48.999996185302734	22.26149895803916
20	1	49.999996185302734	22.453502405797387
20	1	51.0	22.510882825014665
20	1	51.999996185302734	21.21291465628046
20	1	52.999996185302734	22.993299086092666
20	1	54.0	23.86088678994061
20	1	54.999996185302734	22.520617552129224
20	1	55.999996185302734	22.279943883892777
20	1	57.0	22.216194313274464
20	1	57.999996185302734	20.588642196330465
20	1	58.999996185302734	20.69467234545845
20	1	60.0	20.25801322917766
20	1	61.0	19.370295250298394
20	1	61.99999237060547	18.5431934927557
20	1	62.999996185302734	17.64063522035729
20	1	63.999996185302734	17.595953830354357
20	1	65.0	17.763730597126553
20	1	66.0	16.962006407445042
20	1	67.0	16.487916146965286
20	1	67.99999237060547	18.587685345009163
20	1	68.99999237060547	16.642444054294945
20	1	69.99999237060547	16.7318085418481
20	1	71.0	15.169896250375217
20	1	72.0	16.102290496615534
20	1	73.0	16.211971381854895
20	1	73.99999237060547	15.897325057359916
20	1	74.99999237060547	16.20447183414622
20	1	75.99999237060547	13.79171519380203
20	1	77.0	14.1398115159835
20	1	78.0	12.915843324264507
20	1	79.0	12.057688965433996
20	1	79.99999237060547	12.794938730671527
20	1	80.99999237060547	11.838666143092844
20	1	81.99999237060547	11.2140402208533
20	1	83.0	10.581539090500732
20	1	84.0	9.60573984585863
20	1	84.99999237060547	8.440154403617612
20	1	85.99999237060547	8.847093659272387
20	1	86.99999237060547	7.439768185510756
20	1	87.99999237060547	7.910407492912363
20	1	89.0	7.690786175245187
20	1	90.0	7.635522260896968
20	1	90.99999237060547	6.803779389813251
20	1	91.99999237060547	6.762126334933574
20	1	92.99999237060547	7.427422618585958
20	1	93.99999237060547	8.241792049742102
20	1	95.0	8.324227310382279
20	1	96.0	8.489769751522232
20	1	96.99999237060547	8.434608290011562
20	1	97.99999237060547	8.730622712224392
20	1	98.99999237060547	8.980181602797378
20	1	99.99999237060547	10.309655726625557
20	1	100.99999237060547	10.923536053753379
20	1	102.0	11.642721676183518
20	1	102.99999237060547	12.113407941135668
20	1	103.99999237060547	12.801949066080898
20	1	104.99999237060547	13.583740202443375
20	1	105.99999237060547	12.727424018273243
20	1	106.99999237060547	14.463693963783626
20	1	108.0	13.680673393370549
20	1	108.99999237060547	14.743892229199645
20	1	109.99999237060547	15.273993455968089
20	1	110.99999237060547	16.533625480438303
20	1	111.99999237060547	15.459151346630673
20	1	112.99999237060547	16.848594531371564
20	1	114.0	17.060996339086035
20	1	115.0	15.916558870062671
20	1	115.99999237060547	18.41421220046918
20	1	117.0	17.562812044954164
20	1	117.99999237060547	17.469364811824637
20	1	118.99999237060547	17.339714160999453
20	1	120.0	19.380953760498198
20	1	120.99999237060547	19.584578775129206
20	1	122.0	18.159398333103514
20	1	122.99999237060547	18.701529230547642
20	1	123.99998474121094	18.516461839891562
20	1	124.99999237060547	18.27395597341026
20	1	125.99999237060547	19.36820691995966
20	1	127.0	18.355600639654007
20	1	127.99999237060547	18.270499897690232
20	1	128.99998474121094	17.204309075798534
20	1	130.0	17.744783652368938
20	1	130.99998474121094	17.141672826014933
20	1	132.0	17.593351528280586
20	1	132.99998474121094	16.692992576794918
20	1	134.0	17.76058529501376
20	1	135.0	18.068725864324303
20	1	135.99998474121094	19.256903864792427
20	1	137.0	19.102632089556643
20	1	137.99998474121094	17.25927331559692
20	1	139.0	18.82663951312206
20	1	139.99998474121094	19.952529603454252
20	1	140.99998474121094	20.575565799164476
20	1	142.0	19.57308185920878
20	1	142.99998474121094	19.84547663349806
20	1	144.0	19.248205618884416
20	1	144.99998474121094	20.17801634607118
20	1	146.0	19.394137733143616
20	1	147.0	19.36360678755366
20	1	147.99998474121094	18.256100151372554
20	1	149.0	18.491495790927875
20	1	149.99998474121094	18.18161864602086
20	1	151.0	17.42084144041357
20	1	151.99998474121094	18.45930340182231
20	1	152.99998474121094	17.7834903343954
20	1	154.0	17.361925936180334
20	1	154.99998474121094	16.93566749045818
20	1	156.0	17.43323481866256
20	1	156.99998474121094	17.684917044293776
20	1	158.0	16.448263483738778
20	1	158.99998474121094	16.352427391947035
20	1	159.99998474121094	16.01357316948624
20	1	161.0	15.59371631856368
20	1	161.99998474121094	15.855679686443056
20	1	163.0	17.14200409018968
20	1	163.99998474121094	17.0287749216765
20	1	164.99998474121094	17.29390578978347
20	1	166.0	16.770272752159027
20	1	166.99998474121094	16.311528219196997
20	1	168.0	16.31272350230175
20	1	168.99998474121094	15.918553285300316
20	1	169.99998474121094	16.289709179893393
20	1	170.99998474121094	14.571938801749988
20	1	171.99998474121094	13.84457829665699
20	1	173.0	12.884632774852134
20	1	173.99998474121094	13.171259955824427
20	1	175.0	11.392481474240823
20	1	175.99998474121094	12.236835435853322
20	1	176.99998474121094	11.915061808959436
20	1	178.0	11.189085270947013
20	1	178.99998474121094	10.11687107598101
20	2	0.0	6.887929454821923
20	2	0.9999999403953552	6.433095205159726
20	2	1.9999998807907104	6.770943255378414
20	2	3.0	5.978096604070626
20	2	3.999999761581421	7.299126906537378
20	2	4.999999523162842	6.84529626779635
20	2	6.0	9.272847524769608
20	2	6.999999523162842	8.000509640895878
20	2	7.999999523162842	8.63561563464316
20	2	9.0	9.011372515415887
20	2	9.999999046325684	9.239908083723575
20	2	10.999999046325684	10.12943691650654
20	2	12.0	10.096308791484686
20	2	12.999999046325684	9.75737516807479
20	2	13.999999046325684	9.492014634856977
20	2	15.0	9.475778421426211
20	2	15.999999046325684	9.647951268702954
20	2	16.999998092651367	10.146337365834091
20	2	18.0	9.841511999591946
20	2	18.999998092651367	8.774617668215736
20	2	19.999998092651367	10.73435262034872
20	2	21.0	9.708275499452506
20	2	21.999998092651367	9.603353548517356
20	2	22.999998092651367	9.214485265859143
20	2	24.0	10.335187827516712
20	2	24.999998092651367	9.352806841835655
20	2	25.999998092651367	9.83752487666395
20	2	27.0	10.31675058562591
20	2	27.999998092651367	10.472405474168621
20	2	28.999998092651367	10.322572468119699
20	2	30.0	11.322397756940967
20	2	30.999996185302734	12.14050074025217
20	2	31.999998092651367	12.351736293165862
20	2	33.0	14.029667031654228
20	2	33.999996185302734	13.824653781074417
20	2	34.999996185302734	13.616922115204941
20	2	36.0	13.81256776133808
20	2	36.999996185302734	14.027100588073596
20	2	37.999996185302734	14.68366874374035
20	2	39.0	14.155986257711737
20	2	39.999996185302734	14.156446441707066
20	2	40.999996185302734	14.636941712081
20	2	42.0	14.79792244062903
20	2	42.999996185302734	14.324359812262658
20	2	43.999996185302734	13.914334164876685
20	2	45.0	15.768726255666916
20	2	45.999996185302734	14.244040202717894
20	2	46.999996185302734	14.48467288981932
20	2	48.0	14.824838508600758
20	2	48.999996185302734	14.511595787980218
20	2	49.999996185302734	14.546779799942247
20	2	51.0	14.662792270542205
20	2	51.999996185302734	14.133455171187157
20	2	52.999996185302734	15.763692406248616
20	2	54.0	14.720353689772487
20	2	54.999996185302734	12.86120522599899
20	2	55.999996185302734	13.813976487854395
20	2	57.0	13.724964608817142
20	2	57.999996185302734	13.417951874493301
20	2	58.999996185302734	13.047601942222284
20	2	60.0	11.784192823141053
20	2	61.0	12.553759628436499
20	2	61.99999237060547	10.48609061194439
20	2	62.999996185302734	11.63877382684325
20	2	63.999996185302734	12.554789279453878
20	2	65.0	10.873197559570386
20	2	66.0	10.69611892892228
20	2	67.0	12.770169903420122
20	2	67.99999237060547	11.453324799367296
20	2	68.99999237060547	10.69489803260814
20	2	69.99999237060547	11.995022833572776
20	2	71.0	11.259315837314022
20	2	72.0	11.241228642618182
20	2	73.0	10.949890338665874
20	2	73.99999237060547	10.98769628949554
20	2	74.99999237060547	10.043347504660407
20	2	75.99999237060547	10.140459134279649
20	2	77.0	10.50799929748085
20	2	78.0	9.854027467472347
20	2	79.0	8.51336464001004
20	2	79.99999237060547	8.331236792018004
20	2	80.99999237060547	7.070698913709117
20	2	81.99999237060547	6.300385910246848
20	2	83.0	6.0429910851485635
20	2	84.0	5.799545213882738
20	2	84.99999237060547	4.870145151819824
20	2	85.99999237060547	4.412691524610928
20	2	86.99999237060547	4.154519338607732
20	2	87.99999237060547	4.792575547189636
20	2	89.0	4.473886177592834
20	2	90.0	4.015828932416038
20	2	90.99999237060547	3.5829362385756838
20	2	91.99999237060547	4.16699467912676
20	2	92.99999237060547	4.579565852639033
20	2	93.99999237060547	4.820660004396259
20	2	95.0	4.667428979235254
20	2	96.0	4.816469683340456
20	2	96.99999237060547	5.717989766985024
20	2	97.99999237060547	6.258757614802913
20	2	98.99999237060547	6.744751187458708
20	2	99.99999237060547	6.947825518087881
20	2	100.99999237060547	7.06600401242838
20	2	102.0	7.383005044639719
20	2	102.99999237060547	8.63555672426157
20	2	103.99999237060547	8.993241778264089
20	2	104.99999237060547	9.226592629936636
20	2	105.99999237060547	10.103107391029788
20	2	106.99999237060547	9.973634325123026
20	2	108.0	10.45272428407523
20	2	108.99999237060547	10.535373841900615
20	2	109.99999237060547	11.02292982032905
20	2	110.99999237060547	11.22710295764095
20	2	111.99999237060547	11.438549392645266
20	2	112.99999237060547	11.493159316380456
20	2	114.0	11.287512565755128
20	2	115.0	12.739310254976358
20	2	115.99999237060547	12.271200678888595
20	2	117.0	11.761664297937413
20	2	117.99999237060547	12.691117293966395
20	2	118.99999237060547	12.85980418344549
20	2	120.0	13.154404756500128
20	2	120.99999237060547	12.768884120308867
20	2	122.0	13.328062316147701
20	2	122.99999237060547	13.378639866951646
20	2	123.99998474121094	12.603269962182628
20	2	124.99999237060547	13.018780251472123
20	2	125.99999237060547	12.231153572237517
20	2	127.0	11.800767130935736
20	2	127.99999237060547	12.318215432266731
20	2	128.99998474121094	12.242855393833041
20	2	130.0	11.90354013360327
20	2	130.99998474121094	11.863414479776738
20	2	132.0	11.371715991616691
20	2	132.99998474121094	10.865541771284446
20	2	134.0	11.62329234931577
20	2	135.0	11.840141463953566
20	2	135.99998474121094	10.640919901371177
20	2	137.0	13.033163776090523
20	2	137.99998474121094	12.1788044411176
20	2	139.0	12.971867950931536
20	2	139.99998474121094	10.981350189982951
20	2	140.99998474121094	12.932013797124512
20	2	142.0	13.57425221591258
20	2	142.99998474121094	15.100214660462747
20	2	144.0	13.85700326453089
20	2	144.99998474121094	15.015880607233308
20	2	146.0	14.163395305413907
20	2	147.0	13.555902058933695
20	2	147.99998474121094	13.0433048994607
20	2	149.0	13.467591128060015
20	2	149.99998474121094	13.075844774440286
20	2	151.0	11.87448365510039
20	2	151.99998474121094	11.210103470570434
20	2	152.99998474121094	11.908543247170305
20	2	154.0	11.313050643061805
20	2	154.99998474121094	10.931912426996753
20	2	156.0	9.94049510104377
20	2	156.99998474121094	11.542751612396627
20	2	158.0	10.768915085096276
20	2	158.99998474121094	10.749975824301478
20	2	159.99998474121094	11.469321956177112
20	2	161.0	10.698664028161756
20	2	161.99998474121094	12.867295193417702
20	2	163.0	11.100130594744058
20	2	163.99998474121094	12.26227532919068
20	2	164.99998474121094	11.173324609437207
20	2	166.0	12.487584486889183
20	2	166.99998474121094	11.361058335190531
20	2	168.0	12.523366140403589
20	2	168.99998474121094	12.018610891871415
20	2	169.99998474121094	10.605577941284592
20	2	170.99998474121094	9.507133258584801
20	2	171.99998474121094	9.74566993138468
20	2	173.0	9.101027286008767
20	2	173.99998474121094	8.307931332796274
20	2	175.0	9.003949807335376
20	2	175.99998474121094	8.440341380046142
20	2	176.99998474121094	6.98889587245399
20	2	178.0	7.001669606862383
20	2	178.99998474121094	6.501876917649048
3	1	0.0	9.610474020727095
3	1	0.9999999403953552	10.157590102491687
3	1	1.9999998807907104	10.194475685330694
3	1	3.0	9.592096542991529
3	1	3.999999761581421	10.005610709496086
3	1	4.999999523162842	10.850743312673968
3	1	6.0	10.276192922334372
3	1	6.999999523162842	11.675048107751541
3	1	7.999999523162842	11.07634189963855
3	1	9.0	12.295435897611092
3	1	9.999999046325684	12.229948897622657
3	1	10.999999046325684	11.599967253300177
3	1	12.0	12.520705781721867
3	1	12.999999046325684	13.321890386458948
3	1	13.999999046325684	12.658373367085353
3	1	15.0	12.969490191326726
3	1	15.999999046325684	14.38227469378249
3	1	16.999998092651367	14.578994387162611
3	1	18.0	14.995960360518966
3	1	18.999998092651367	14.155965767144226
3	1	19.999998092651367	15.712609421446091
3	1	21.0	15.602624592788668
3	1	21.999998092651367	15.348394706597038
3	1	22.999998092651367	14.607209898623935
3	1	24.0	14.117235179455669
3	1	24.999998092651367	13.260233415047598
3	1	25.999998092651367	13.516073518336057
3	1	27.0	13.416304091356036
3	1	27.999998092651367	12.706947111141545
3	1	28.999998092651367	11.723754186722903
3	1	30.0	10.784895166433168
3	1	30.999996185302734	10.332273044288408
3	1	31.999998092651367	9.29707932839752
3	1	33.0	9.343639874195851
3	1	33.999996185302734	8.907152366417955
3	1	34.999996185302734	8.1472340570988
3	1	36.0	7.966985364902163
3	1	36.999996185302734	7.25149743613394
3	1	37.999996185302734	7.16946857174938
3	1	39.0	6.5575510702342905
3	1	39.999996185302734	6.599411592110006
3	1	40.999996185302734	6.045705231569998
3	1	42.0	5.965112414458432
3	1	42.999996185302734	6.114661540769977
3	1	43.999996185302734	5.947757757551076
3	1	45.0	5.66316639983827
3	1	45.999996185302734	5.900669579639362
3	1	46.999996185302734	6.294138848477226
3	1	48.0	6.253640522454104
3	1	48.999996185302734	5.9571629280381835
3	1	49.999996185302734	6.242656297608254
3	1	51.0	6.712331267676419
3	1	51.999996185302734	7.360081222237864
3	1	52.999996185302734	7.24924688880242
3	1	54.0	7.752263854190826
3	1	54.999996185302734	8.264033707000603
3	1	55.999996185302734	8.056074083567578
3	1	57.0	9.840630905189014
3	1	57.999996185302734	10.228687249109642
3	1	58.999996185302734	10.719158864540026
3	1	60.0	10.909128623472883
3	1	61.0	12.19895776803737
3	1	61.99999237060547	12.608985976744282
3	1	62.999996185302734	13.089955945265533
3	1	63.999996185302734	13.28766516230166
3	1	65.0	14.49427784333965
3	1	66.0	15.048534034107846
3	1	67.0	15.312336430421249
3	1	67.99999237060547	15.509967954055567
3	1	68.99999237060547	15.526515794867215
3	1	69.99999237060547	16.430858454186293
3	1	71.0	16.21824491060755
3	1	72.0	16.873760363368476
3	1	73.0	15.393313445673627
3	1	73.99999237060547	15.40245565387769
3	1	74.99999237060547	15.153666013359974
3	1	75.99999237060547	12.976605540894587
3	1	77.0	13.535689821632333
3	1	78.0	12.814426114147219
3	1	79.0	12.130281069706538
3	1	79.99999237060547	12.191540182598736
3	1	80.99999237060547	11.797988097717186
3	1	81.99999237060547	11.29072104711774
3	1	83.0	10.17388181120946
3	1	84.0	10.176349217047127
3	1	84.99999237060547	9.142505317290963
3	1	85.99999237060547	9.050094565367983
3	1	86.99999237060547	9.315370574994816
3	1	87.99999237060547	10.61242264460659
3	1	89.0	9.036033767187865
3	1	90.0	8.975987012873345
3	1	90.99999237060547	8.94572415220831
3	1	91.99999237060547	8.994035787755102
3	1	92.99999237060547	10.455474288989807
3	1	93.99999237060547	9.967248098249064
3	1	95.0	10.150381691596385
3	1	96.0	10.759103518353553
3	1	96.99999237060547	10.541661884805258
3	1	97.99999237060547	10.82165439077253
3	1	98.99999237060547	10.872714323686607
3	1	99.99999237060547	12.2171499768917
3	1	100.99999237060547	12.55051784990168
3	1	102.0	12.803502934117075
3	1	102.99999237060547	14.017702247775658
3	1	103.99999237060547	13.891190068874097
3	1	104.99999237060547	14.467633275387431
3	1	105.99999237060547	13.87501532714586
3	1	106.99999237060547	15.676315503743936
3	1	108.0	16.188137436746132
3	1	108.99999237060547	15.800568597577515
3	1	109.99999237060547	15.070766299856237
3	1	110.99999237060547	16.5177504132599
3	1	111.99999237060547	16.147197282861075
3	1	112.99999237060547	15.620384792177994
3	1	114.0	15.360410716894384
3	1	115.0	15.169851854145612
3	1	115.99999237060547	13.891836375524308
3	1	117.0	13.846219249605086
3	1	117.99999237060547	12.596876905119496
3	1	118.99999237060547	12.772018323364255
3	1	120.0	11.992261729600799
3	1	120.99999237060547	11.079692107426443
3	1	122.0	11.459435257353519
3	1	122.99999237060547	10.552431385579077
3	1	123.99998474121094	9.667295218206077
3	1	124.99999237060547	9.775720202411797
3	1	125.99999237060547	8.87295873188558
3	1	127.0	9.11774758909696
3	1	127.99999237060547	8.703284880071415
3	1	128.99998474121094	8.049849219912758
3	1	130.0	8.290124175856405
3	1	130.99998474121094	7.6354291995695265
3	1	132.0	7.632022642720983
3	1	132.99998474121094	7.255166955265529
3	1	134.0	7.678669419657585
3	1	135.0	8.04162140328383
3	1	135.99998474121094	7.751830990952176
3	1	137.0	8.116835446424012
3	1	137.99998474121094	7.718085587584082
3	1	139.0	8.293095308145361
3	1	139.99998474121094	8.013354665403734
3	1	140.99998474121094	8.663595504578117
3	1	142.0	8.703496615935686
3	1	142.99998474121094	9.343827704398027
3	1	144.0	9.512590579731642
3	1	144.99998474121094	10.225041635640148
3	1	146.0	10.437402462219598
3	1	147.0	11.475808928341332
3	1	147.99998474121094	10.863674568320095
3	1	149.0	11.909957950102145
3	1	149.99998474121094	12.719561616764912
3	1	151.0	13.452904513797195
3	1	151.99998474121094	13.951949724183237
3	1	152.99998474121094	14.494621060345445
3	1	154.0	14.418587394504863
3	1	154.99998474121094	14.432596112492558
3	1	156.0	15.62401845281644
3	1	156.99998474121094	14.742698653642185
3	1	158.0	15.424867212091794
3	1	158.99998474121094	15.262984898573322
3	1	159.99998474121094	14.86459533221211
3	1	161.0	14.830796141104303
3	1	161.99998474121094	14.716730274417797
3	1	163.0	14.345046747711335
3	1	163.99998474121094	14.47499963440729
3	1	164.99998474121094	13.713179971177931
3	1	166.0	13.724733236159008
3	1	166.99998474121094	13.473290067148744
3	1	168.0	12.89518200202522
3	1	168.99998474121094	12.147406915276699
3	1	169.99998474121094	12.21380403797204
3	1	170.99998474121094	10.724674242294812
3	1	171.99998474121094	10.894361754487315
3	1	173.0	11.078426814882697
3	1	173.99998474121094	10.897170669783483
3	1	175.0	10.140612813535974
3	1	175.99998474121094	9.817146153501572
3	1	176.99998474121094	10.095937399948566
3	1	178.0	10.138722558683172
3	1	178.99998474121094	9.411854680984062
3	2	0.0	10.065142638301918
3	2	0.9999999403953552	8.616264854950868
3	2	1.9999998807907104	8.724669348589078
3	2	3.0	8.685587006158267
3	2	3.999999761581421	9.33356363762279
3	2	4.999999523162842	8.843926159044795
3	2	6.0	9.222621728707919
3	2	6.999999523162842	10.155547875929853
3	2	7.999999523162842	9.998552562762525
3	2	9.0	11.470413078897021
3	2	9.999999046325684	10.533043893619995
3	2	10.999999046325684	10.988414313132038
3	2	12.0	10.294473923647912
3	2	12.999999046325684	13.133148354029402
3	2	13.999999046325684	12.922512150215379
3	2	15.0	13.783731556435932
3	2	15.999999046325684	13.759201785805478
3	2	16.999998092651367	13.814211275607114
3	2	18.0	14.097337130856129
3	2	18.999998092651367	13.174244748491722
3	2	19.999998092651367	13.47974118081982
3	2	21.0	14.182484830370447
3	2	21.999998092651367	13.649241716583797
3	2	22.999998092651367	14.216557229045055
3	2	24.0	13.143339850044706
3	2	24.999998092651367	13.803129293678769
3	2	25.999998092651367	13.135431344759478
3	2	27.0	12.996688004601717
3	2	27.999998092651367	12.636807898554684
3	2	28.999998092651367	11.904364025171903
3	2	30.0	10.71441102929322
3	2	30.999996185302734	10.283155446419554
3	2	31.999998092651367	9.837219225698592
3	2	33.0	9.774400268354693
3	2	33.999996185302734	9.112502857588035
3	2	34.999996185302734	8.08451755259245
3	2	36.0	7.707049709432634
3	2	36.999996185302734	7.12374813921896
3	2	37.999996185302734	6.894622613321713
3	2	39.0	6.5575510702342905
3	2	39.999996185302734	5.969904219048019
3	2	40.999996185302734	5.957943277150858
3	2	42.0	6.003660294586692
3	2	42.999996185302734	5.671422817884347
3	2	43.999996185302734	6.078531974494725
3	2	45.0	5.6426600375157765
3	2	45.999996185302734	5.924089871416513
3	2	46.999996185302734	5.742766705086068
3	2	48.0	5.842038382030326
3	2	48.999996185302734	5.6224191987972665
3	2	49.999996185302734	6.167811511570077
3	2	51.0	6.282831470306269
3	2	51.999996185302734	6.642717552768826
3	2	52.999996185302734	7.11431522108835
3	2	54.0	7.996007692459194
3	2	54.999996185302734	8.157481902174757
3	2	55.999996185302734	8.555690468522963
3	2	57.0	9.270556850076716
3	2	57.999996185302734	9.620479394087516
3	2	58.999996185302734	10.383285165878295
3	2	60.0	11.076942102511865
3	2	61.0	11.88288137268492
3	2	61.99999237060547	11.909411534968543
3	2	62.999996185302734	13.009478387596213
3	2	63.999996185302734	13.440073149667679
3	2	65.0	13.31378380568779
3	2	66.0	14.328732840878759
3	2	67.0	15.08908998985209
3	2	67.99999237060547	14.26309643050223
3	2	68.99999237060547	14.974423066518623
3	2	69.99999237060547	14.575041415180467
3	2	71.0	15.641797435225984
3	2	72.0	14.045408056370169
3	2	73.0	13.58907116509057
3	2	73.99999237060547	13.464686590115466
3	2	74.99999237060547	13.370053465391294
3	2	75.99999237060547	13.022836530065463
3	2	77.0	12.338104089356163
3	2	78.0	11.15310981081491
3	2	79.0	12.048975351600353
3	2	79.99999237060547	10.335010242598292
3	2	80.99999237060547	10.277796309242033
3	2	81.99999237060547	10.589004487263555
3	2	83.0	10.577187406225788
3	2	84.0	8.693480143517862
3	2	84.99999237060547	8.956919686031608
3	2	85.99999237060547	9.369453720390268
3	2	86.99999237060547	8.40722179276075
3	2	87.99999237060547	9.020341407569761
3	2	89.0	8.812922222854814
3	2	90.0	9.244981206729603
3	2	90.99999237060547	8.411612750623423
3	2	91.99999237060547	8.707739870957557
3	2	92.99999237060547	9.413561374502919
3	2	93.99999237060547	8.663613433824688
3	2	95.0	9.184172886322626
3	2	96.0	9.373369126331978
3	2	96.99999237060547	9.92295688280247
3	2	97.99999237060547	10.308051485944251
3	2	98.99999237060547	10.3287102468626
3	2	99.99999237060547	10.61919904603689
3	2	100.99999237060547	11.189472030408764
3	2	102.0	11.849354535370267
3	2	102.99999237060547	11.652451280656202
3	2	103.99999237060547	13.677911435624925
3	2	104.99999237060547	13.0205168270686
3	2	105.99999237060547	13.647145702282248
3	2	106.99999237060547	14.96114688631941
3	2	108.0	14.86453386050958
3	2	108.99999237060547	13.519903546913142
3	2	109.99999237060547	14.306678160048788
3	2	110.99999237060547	14.5354246104471
3	2	111.99999237060547	14.952226659263374
3	2	112.99999237060547	15.245641340723367
3	2	114.0	14.98770266181242
3	2	115.0	13.611869482766425
3	2	115.99999237060547	14.08382787045149
3	2	117.0	12.656612885826782
3	2	117.99999237060547	11.876086188234405
3	2	118.99999237060547	12.555368137986036
3	2	120.0	11.031720273790857
3	2	120.99999237060547	11.263018653617815
3	2	122.0	10.322294991684666
3	2	122.99999237060547	10.271379346516806
3	2	123.99998474121094	9.403749807760196
3	2	124.99999237060547	9.842165990204974
3	2	125.99999237060547	9.114642414345543
3	2	127.0	8.910108984554926
3	2	127.99999237060547	8.039089964422695
3	2	128.99998474121094	7.680162669764879
3	2	130.0	7.97542491739536
3	2	130.99998474121094	7.584147285507425
3	2	132.0	7.70732633209402
3	2	132.99998474121094	7.364359481979231
3	2	134.0	7.100623680010236
3	2	135.0	7.252305106003294
3	2	135.99998474121094	7.166878222506652
3	2	137.0	7.606867909781472
3	2	137.99998474121094	7.59321350785697
3	2	139.0	7.942967858459459
3	2	139.99998474121094	7.632966062600091
3	2	140.99998474121094	8.05323101732556
3	2	142.0	8.432917818191985
3	2	142.99998474121094	8.929054221765249
3	2	144.0	9.283009992480942
3	2	144.99998474121094	9.485724030631395
3	2	146.0	9.916846424816248
3	2	147.0	10.141249728676078
3	2	147.99998474121094	10.873758488855973
3	2	149.0	11.717686417418992
3	2	149.99998474121094	11.47967908427979
3	2	151.0	12.119554257615032
3	2	151.99998474121094	12.824033628988488
3	2	152.99998474121094	13.703604045961574
3	2	154.0	13.58934181133643
3	2	154.99998474121094	14.362040258366326
3	2	156.0	14.603781143660589
3	2	156.99998474121094	13.914325627140222
3	2	158.0	14.838831858662822
3	2	158.99998474121094	14.324177104702361
3	2	159.99998474121094	14.298228362271836
3	2	161.0	14.217930950841874
3	2	161.99998474121094	14.254161689294207
3	2	163.0	13.099219389327363
3	2	163.99998474121094	13.25812374036771
3	2	164.99998474121094	13.244224305406734
3	2	166.0	12.377299983681926
3	2	166.99998474121094	11.946871707471479
3	2	168.0	11.893568057415052
3	2	168.99998474121094	11.440814454128772
3	2	169.99998474121094	11.879601174336022
3	2	170.99998474121094	10.391131345687347
3	2	171.99998474121094	9.945599813674708
3	2	173.0	10.026949074236853
3	2	173.99998474121094	9.640398787028213
3	2	175.0	9.864534859736766
3	2	175.99998474121094	9.523458264474778
3	2	176.99998474121094	9.298182403948479
3	2	178.0	9.602027638044726
3	2	178.99998474121094	8.77814033828017
27	1	0.0	4.362344919578295
27	1	0.9999999403953552	3.8600178032960604
27	1	1.9999998807907104	4.607138472544729
27	1	3.0	3.8679382614123363
27	1	3.999999761581421	2.9106791383854103
27	1	4.999999523162842	3.3441743829766057
27	1	6.0	2.7637525912717384
27	1	6.999999523162842	4.307877149155205
27	1	7.999999523162842	3.052895629736123
27	1	9.0	3.6753329032335005
27	1	9.999999046325684	3.4090912756127576
27	1	10.999999046325684	4.103595155703409
27	1	12.0	4.2458496399813805
27	1	12.999999046325684	4.323468763483051
27	1	13.999999046325684	3.6414688253285776
27	1	15.0	4.680612098107025
27	1	15.999999046325684	4.545284706307916
27	1	16.999998092651367	4.20795446980568
27	1	18.0	4.688189766104331
27	1	18.999998092651367	4.275174630296007
27	1	19.999998092651367	4.791488693337958
27	1	21.0	4.412522904315793
27	1	21.999998092651367	4.17081318175962
27	1	22.999998092651367	5.019062485633143
27	1	24.0	5.257816870712817
27	1	24.999998092651367	5.770124600919732
27	1	25.999998092651367	6.100872242609368
27	1	27.0	6.08932153894923
27	1	27.999998092651367	5.671158574940832
27	1	28.999998092651367	5.978004823403654
27	1	30.0	7.082159117362752
27	1	30.999996185302734	6.608532455972912
27	1	31.999998092651367	7.823040835691437
27	1	33.0	7.191010134617954
27	1	33.999996185302734	7.628024420735587
27	1	34.999996185302734	6.26734871211832
27	1	36.0	6.874598206222528
27	1	36.999996185302734	7.066211479424419
27	1	37.999996185302734	6.456666614872264
27	1	39.0	6.778962324350832
27	1	39.999996185302734	7.382039426645808
27	1	40.999996185302734	6.149709375835428
27	1	42.0	6.172745042584943
27	1	42.999996185302734	7.255954134567373
27	1	43.999996185302734	7.5518123162029385
27	1	45.0	8.121619993937605
27	1	45.999996185302734	8.953764138635062
27	1	46.999996185302734	10.076262186270698
27	1	48.0	10.555463135796915
27	1	48.999996185302734	13.156591270808178
27	1	49.999996185302734	13.222945704821205
27	1	51.0	14.466658265883412
27	1	51.999996185302734	16.207565909840234
27	1	52.999996185302734	17.35677085090427
27	1	54.0	16.827600237410238
27	1	54.999996185302734	15.497967311683855
27	1	55.999996185302734	16.67489086794709
27	1	57.0	16.57084147367841
27	1	57.999996185302734	14.135785973241424
27	1	58.999996185302734	13.415357256382341
27	1	60.0	14.278405445753167
27	1	61.0	15.048950675647216
27	1	61.99999237060547	12.699384384183048
27	1	62.999996185302734	12.246829710156343
27	1	63.999996185302734	12.584253007986021
27	1	65.0	13.280490048578562
27	1	66.0	12.230399690107877
27	1	67.0	13.527663495583923
27	1	67.99999237060547	12.85318573013975
27	1	68.99999237060547	11.875054829669732
27	1	69.99999237060547	13.140015255466203
27	1	71.0	12.500286931198115
27	1	72.0	11.711462407537818
27	1	73.0	10.871742729277171
27	1	73.99999237060547	10.67158147432901
27	1	74.99999237060547	7.103706229760027
27	1	75.99999237060547	8.333582961997903
27	1	77.0	7.727064725021711
27	1	78.0	8.926799405565497
27	1	79.0	8.645066055133519
27	1	79.99999237060547	7.157449146357449
27	1	80.99999237060547	6.7899883841053486
27	1	81.99999237060547	6.085532491507165
27	1	83.0	5.683469564032957
27	1	84.0	4.868004741288671
27	1	84.99999237060547	5.693073663779641
27	1	85.99999237060547	3.6479502479640966
27	1	86.99999237060547	2.9248522078000097
27	1	87.99999237060547	2.7065290529619603
27	1	89.0	1.9631720313893808
27	1	90.0	2.512452642790633
27	1	90.99999237060547	2.471248886292296
27	1	91.99999237060547	1.9278134227166943
27	1	92.99999237060547	2.0313287815696457
27	1	93.99999237060547	2.9107297244739505
27	1	95.0	3.295159664832125
27	1	96.0	3.0077019755454413
27	1	96.99999237060547	3.5385504676977675
27	1	97.99999237060547	3.653245779004972
27	1	98.99999237060547	4.134074874874591
27	1	99.99999237060547	4.386274060448611
27	1	100.99999237060547	4.913552711542548
27	1	102.0	4.930557748141764
27	1	102.99999237060547	4.282503850162254
27	1	103.99999237060547	5.056800988344756
27	1	104.99999237060547	5.585475986237137
27	1	105.99999237060547	4.250029288866605
27	1	106.99999237060547	4.4815500767284115
27	1	108.0	5.281966712070688
27	1	108.99999237060547	5.0330280880517035
27	1	109.99999237060547	5.5046586266566075
27	1	110.99999237060547	4.4265913864587265
27	1	111.99999237060547	5.589455425202316
27	1	112.99999237060547	6.332871143713075
27	1	114.0	7.632680048428597
27	1	115.0	7.061806861183407
27	1	115.99999237060547	7.814163297317713
27	1	117.0	8.136004372329653
27	1	117.99999237060547	9.88978436155101
27	1	118.99999237060547	9.25641323585291
27	1	120.0	11.65143102114893
27	1	120.99999237060547	12.560719591200742
27	1	122.0	12.63947337987828
27	1	122.99999237060547	12.689441336298803
27	1	123.99998474121094	13.011079213182933
27	1	124.99999237060547	15.188235308296703
27	1	125.99999237060547	13.527699354077065
27	1	127.0	13.389360702627627
27	1	127.99999237060547	14.45581704812331
27	1	128.99998474121094	14.291771272185235
27	1	130.0	14.276811450355614
27	1	130.99998474121094	13.307229385405517
27	1	132.0	13.827786276582515
27	1	132.99998474121094	13.790093877647799
27	1	134.0	13.22962733737677
27	1	135.0	12.577667851852482
27	1	135.99998474121094	13.062088773451881
27	1	137.0	13.000555599219236
27	1	137.99998474121094	12.923295060648991
27	1	139.0	12.17223123781511
27	1	139.99998474121094	10.10668726392852
27	1	140.99998474121094	13.07561169423486
27	1	142.0	12.250645224581442
27	1	142.99998474121094	11.58677388914465
27	1	144.0	11.506577223004946
27	1	144.99998474121094	11.914524785335944
27	1	146.0	9.963692131012426
27	1	147.0	10.210787030842331
27	1	147.99998474121094	9.481158049171242
27	1	149.0	10.124326227460077
27	1	149.99998474121094	7.66783332453936
27	1	151.0	7.600229819681866
27	1	151.99998474121094	5.803779504281323
27	1	152.99998474121094	4.9091049777324
27	1	154.0	4.746871763245319
27	1	154.99998474121094	5.279978700135392
27	1	156.0	5.368984175870297
27	1	156.99998474121094	5.54528544561349
27	1	158.0	5.950631132757536
27	1	158.99998474121094	6.395818167103912
27	1	159.99998474121094	7.4547425214923635
27	1	161.0	8.257682484846137
27	1	161.99998474121094	8.246844682180619
27	1	163.0	9.239873932777726
27	1	163.99998474121094	9.612191813303353
27	1	164.99998474121094	8.174869002480671
27	1	166.0	8.626582709465819
27	1	166.99998474121094	8.55797345925304
27	1	168.0	7.666828432957722
27	1	168.99998474121094	6.982807612582571
27	1	169.99998474121094	6.668051578174049
27	1	170.99998474121094	6.5203952680362445
27	1	171.99998474121094	5.1829797686374555
27	1	173.0	5.534525336349781
27	1	173.99998474121094	5.503300699672245
27	1	175.0	5.137590600281782
27	1	175.99998474121094	4.971456494004977
27	1	176.99998474121094	5.17063718992042
27	1	178.0	4.2672763702945335
27	1	178.99998474121094	3.988044149759249
27	2	0.0	3.8615008081195996
27	2	0.9999999403953552	4.36557687971618
27	2	1.9999998807907104	3.694647397545827
27	2	3.0	3.3127320340192754
27	2	3.999999761581421	3.747399936713598
27	2	4.999999523162842	3.8233482251895543
27	2	6.0	4.858973950545446
27	2	6.999999523162842	3.2096158143459466
27	2	7.999999523162842	3.526131476239392
27	2	9.0	4.2639829384541175
27	2	9.999999046325684	4.1772211798615615
27	2	10.999999046325684	4.1842695081981915
27	2	12.0	4.42537219769188
27	2	12.999999046325684	3.9331776670433594
27	2	13.999999046325684	4.123779645361266
27	2	15.0	3.9743846251928696
27	2	15.999999046325684	4.518856996861844
27	2	16.999998092651367	4.416358055534755
27	2	18.0	4.533204236100279
27	2	18.999998092651367	4.467207106358208
27	2	19.999998092651367	5.3249508000648715
27	2	21.0	5.123008573290628
27	2	21.999998092651367	5.442237954718684
27	2	22.999998092651367	4.918420075099828
27	2	24.0	5.735418702199604
27	2	24.999998092651367	5.960434161763796
27	2	25.999998092651367	5.682934247956757
27	2	27.0	7.086437803990942
27	2	27.999998092651367	7.8127605472169215
27	2	28.999998092651367	6.672602618595394
27	2	30.0	7.137270633115116
27	2	30.999996185302734	7.733469734915889
27	2	31.999998092651367	7.5326553431283445
27	2	33.0	6.8237342143602655
27	2	33.999996185302734	6.757520226112047
27	2	34.999996185302734	7.2026965882878455
27	2	36.0	6.538572108964941
27	2	36.999996185302734	6.133710938365143
27	2	37.999996185302734	6.3936064664732974
27	2	39.0	6.474346559538842
27	2	39.999996185302734	6.550433159345491
27	2	40.999996185302734	6.870451854509507
27	2	42.0	5.777655311366494
27	2	42.999996185302734	7.78572238961378
27	2	43.999996185302734	7.884671340119755
27	2	45.0	8.499655596572179
27	2	45.999996185302734	10.015926856463745
27	2	46.999996185302734	10.035187136149535
27	2	48.0	11.95026716526262
27	2	48.999996185302734	11.611378791855975
27	2	49.999996185302734	13.553455997437183
27	2	51.0	16.369359430899497
27	2	51.999996185302734	17.305180724555868
27	2	52.999996185302734	16.83786771928006
27	2	54.0	17.50887916372045
27	2	54.999996185302734	17.156900732769476
27	2	55.999996185302734	15.673429748819604
27	2	57.0	14.663864610241898
27	2	57.999996185302734	14.816200026847985
27	2	58.999996185302734	13.637779805382868
27	2	60.0	14.806299667646051
27	2	61.0	13.080818005929702
27	2	61.99999237060547	13.28542656780119
27	2	62.999996185302734	12.103707364966958
27	2	63.999996185302734	13.529814151398831
27	2	65.0	11.963103652034013
27	2	66.0	9.981458306817276
27	2	67.0	12.121113248293089
27	2	67.99999237060547	12.29777352985453
27	2	68.99999237060547	12.765527936105451
27	2	69.99999237060547	13.688373577886091
27	2	71.0	12.507263115661637
27	2	72.0	10.419167564682958
27	2	73.0	9.226062436502314
27	2	73.99999237060547	9.79733945868218
27	2	74.99999237060547	7.992590890326895
27	2	75.99999237060547	7.578941827586228
27	2	77.0	6.484779246609213
27	2	78.0	7.254352455207005
27	2	79.0	8.08960348220317
27	2	79.99999237060547	6.192036058121997
27	2	80.99999237060547	6.413266312225534
27	2	81.99999237060547	6.98268466917751
27	2	83.0	5.261760878071676
27	2	84.0	6.113728793061447
27	2	84.99999237060547	3.060364014706709
27	2	85.99999237060547	3.59634133859548
27	2	86.99999237060547	3.4044638224500736
27	2	87.99999237060547	2.7490612812538644
27	2	89.0	1.7093008368508826
27	2	90.0	2.9963967318086007
27	2	90.99999237060547	1.7451360646615892
27	2	91.99999237060547	1.790930455334115
27	2	92.99999237060547	2.0471291435540007
27	2	93.99999237060547	2.327185042214506
27	2	95.0	2.6305284708501704
27	2	96.0	3.5387316811541845
27	2	96.99999237060547	3.2357826959430884
27	2	97.99999237060547	4.042412028665727
27	2	98.99999237060547	4.79496611339914
27	2	99.99999237060547	3.9937870581907604
27	2	100.99999237060547	4.44565273688494
27	2	102.0	5.05635916048282
27	2	102.99999237060547	4.416974480107349
27	2	103.99999237060547	4.145251625677671
27	2	104.99999237060547	4.858759653360236
27	2	105.99999237060547	4.6430989916380225
27	2	106.99999237060547	6.337033290238551
27	2	108.0	4.87317092562214
27	2	108.99999237060547	5.176384367220162
27	2	109.99999237060547	5.463020939702564
27	2	110.99999237060547	5.29951602936939
27	2	111.99999237060547	5.884873486523238
27	2	112.99999237060547	5.959687963596973
27	2	114.0	6.783850605362446
27	2	115.0	6.626638860575793
27	2	115.99999237060547	7.180345648002625
27	2	117.0	8.47927004322063
27	2	117.99999237060547	10.197210322319638
27	2	118.99999237060547	10.865372724102489
27	2	120.0	11.721086144078367
27	2	120.99999237060547	12.077728740458813
27	2	122.0	13.8561469295637
27	2	122.99999237060547	13.341009793493107
27	2	123.99998474121094	13.602489071715059
27	2	124.99999237060547	14.147132625000108
27	2	125.99999237060547	14.451029085515131
27	2	127.0	15.343280602455991
27	2	127.99999237060547	14.332731916637803
27	2	128.99998474121094	14.942577309513439
27	2	130.0	13.5918997171806
27	2	130.99998474121094	14.277168327739748
27	2	132.0	13.620244148462508
27	2	132.99998474121094	13.004550406110047
27	2	134.0	15.165806674609673
27	2	135.0	12.18257214421851
27	2	135.99998474121094	12.874489090161019
27	2	137.0	12.140285589293315
27	2	137.99998474121094	12.31187701671696
27	2	139.0	12.445401238575185
27	2	139.99998474121094	11.110230736979215
27	2	140.99998474121094	11.007638734324685
27	2	142.0	12.040080737753703
27	2	142.99998474121094	12.004782320123077
27	2	144.0	12.254163625777645
27	2	144.99998474121094	11.72539684721829
27	2	146.0	11.063300507192057
27	2	147.0	10.414653663415224
27	2	147.99998474121094	10.725584365001716
27	2	149.0	9.09483571952615
27	2	149.99998474121094	8.725661433566023
27	2	151.0	6.046805318913193
27	2	151.99998474121094	6.119341501011905
27	2	152.99998474121094	5.117445811098476
27	2	154.0	5.7029249309969146
27	2	154.99998474121094	5.872806249807118
27	2	156.0	4.817375537179129
27	2	156.99998474121094	5.788498236673889
27	2	158.0	5.611748308879592
27	2	158.99998474121094	7.785168290517363
27	2	159.99998474121094	7.794330135515288
27	2	161.0	7.928299173443211
27	2	161.99998474121094	8.618740798524998
27	2	163.0	10.569203768859689
27	2	163.99998474121094	8.950482232738871
27	2	164.99998474121094	10.233476919265113
27	2	166.0	9.480520280257492
27	2	166.99998474121094	8.636854460203871
27	2	168.0	7.858806267506562
27	2	168.99998474121094	5.965631935722176
27	2	169.99998474121094	5.106176852741601
27	2	170.99998474121094	5.912504589923701
27	2	171.99998474121094	5.449920636874479
27	2	173.0	5.530264152081339
27	2	173.99998474121094	5.463559243986525
27	2	175.0	5.7310311594315175
27	2	175.99998474121094	4.768388566678151
27	2	176.99998474121094	5.382339757018611
27	2	178.0	4.156909904817236
27	2	178.99998474121094	4.036345540022286
23	1	0.0	15.010071531344211
23	1	0.9999999403953552	15.909400831812498
23	1	1.9999998807907104	14.657259817314495
23	1	3.0	16.505860761462202
23	1	3.999999761581421	17.86959169907258
23	1	4.999999523162842	20.23342284061832
23	1	6.0	19.783369723375134
23	1	6.999999523162842	22.151497053908813
23	1	7.999999523162842	25.138499287400883
23	1	9.0	26.151930313048815
23	1	9.999999046325684	27.39540894013195
23	1	10.999999046325684	29.960908247111487
23	1	12.0	29.531781121937925
23	1	12.999999046325684	29.240774082160364
23	1	13.999999046325684	27.968682085096752
23	1	15.0	29.04678304935366
23	1	15.999999046325684	25.26826263634737
23	1	16.999998092651367	24.396873932226313
23	1	18.0	24.710369369846145
23	1	18.999998092651367	21.668259462583116
23	1	19.999998092651367	20.846965073382226
23	1	21.0	19.540431847428827
23	1	21.999998092651367	18.89644575398688
23	1	22.999998092651367	18.53410763361229
23	1	24.0	18.16121004078086
23	1	24.999998092651367	16.658549640357837
23	1	25.999998092651367	17.327962820532445
23	1	27.0	15.790517974213842
23	1	27.999998092651367	15.493447434000599
23	1	28.999998092651367	16.197407710997133
23	1	30.0	16.55202259496773
23	1	30.999996185302734	16.819882123648124
23	1	31.999998092651367	17.662408155884
23	1	33.0	17.564763771509497
23	1	33.999996185302734	18.301893154662906
23	1	34.999996185302734	19.46469358726985
23	1	36.0	18.61713199806838
23	1	36.999996185302734	18.529003774754997
23	1	37.999996185302734	19.381175741646224
23	1	39.0	19.12410278921258
23	1	39.999996185302734	19.71899348290047
23	1	40.999996185302734	19.128897582009927
23	1	42.0	19.2174834279977
23	1	42.999996185302734	18.906074613169306
23	1	43.999996185302734	19.369166561538048
23	1	45.0	17.895276625446414
23	1	45.999996185302734	19.213556069224943
23	1	46.999996185302734	18.25285922661138
23	1	48.0	18.564998871680967
23	1	48.999996185302734	20.578723054108316
23	1	49.999996185302734	19.164204537377014
23	1	51.0	19.80458770603178
23	1	51.999996185302734	20.390250814150985
23	1	52.999996185302734	20.032540146939077
23	1	54.0	21.113400507620668
23	1	54.999996185302734	22.266189590451667
23	1	55.999996185302734	20.793039022337684
23	1	57.0	22.30695728206018
23	1	57.999996185302734	22.897314437686475
23	1	58.999996185302734	21.653787999279153
23	1	60.0	20.414895844223683
23	1	61.0	20.273452871796472
23	1	61.99999237060547	20.292270042959856
23	1	62.999996185302734	20.307494534619817
23	1	63.999996185302734	19.36914777851783
23	1	65.0	20.32474930001056
23	1	66.0	21.034137869849964
23	1	67.0	21.05676457902292
23	1	67.99999237060547	21.239487507246395
23	1	68.99999237060547	22.69276222487564
23	1	69.99999237060547	22.60668135076597
23	1	71.0	22.08086436015442
23	1	72.0	24.480572777862943
23	1	73.0	25.621796642881815
23	1	73.99999237060547	24.8156772264694
23	1	74.99999237060547	26.147862935398074
23	1	75.99999237060547	26.33059440135801
23	1	77.0	27.897501268661465
23	1	78.0	28.53967223933148
23	1	79.0	27.455002340640313
23	1	79.99999237060547	28.32008848770474
23	1	80.99999237060547	26.295210606362758
23	1	81.99999237060547	25.96880440366431
23	1	83.0	25.603812754797172
23	1	84.0	23.086454328635178
23	1	84.99999237060547	22.945568016625323
23	1	85.99999237060547	22.23514296557937
23	1	86.99999237060547	21.11080845083065
23	1	87.99999237060547	21.072325457499502
23	1	89.0	18.398991123903805
23	1	90.0	18.55135898390845
23	1	90.99999237060547	19.6872809145841
23	1	91.99999237060547	18.57587594793421
23	1	92.99999237060547	18.250390113226423
23	1	93.99999237060547	18.44952086338356
23	1	95.0	17.74739107708459
23	1	96.0	17.658774495245552
23	1	96.99999237060547	16.972502700652058
23	1	97.99999237060547	18.577829382036835
23	1	98.99999237060547	18.091861422590426
23	1	99.99999237060547	18.9401282288237
23	1	100.99999237060547	19.409842045592768
23	1	102.0	18.6635704542353
23	1	102.99999237060547	19.79828685652244
23	1	103.99999237060547	19.378088496141377
23	1	104.99999237060547	20.304767581593687
23	1	105.99999237060547	18.2451342826601
23	1	106.99999237060547	17.59713374553348
23	1	108.0	18.74921590378538
23	1	108.99999237060547	19.7426293525233
23	1	109.99999237060547	20.07243357433383
23	1	110.99999237060547	18.89597959357603
23	1	111.99999237060547	19.00212927101449
23	1	112.99999237060547	18.767630093787734
23	1	114.0	19.913438723286976
23	1	115.0	20.390022002813787
23	1	115.99999237060547	20.20899466905177
23	1	117.0	20.00282199386035
23	1	117.99999237060547	20.701376176128818
23	1	118.99999237060547	20.458807130397695
23	1	120.0	21.20128284412393
23	1	120.99999237060547	22.906040004351166
23	1	122.0	22.08206818099563
23	1	122.99999237060547	21.180437106777052
23	1	123.99998474121094	22.957235687275
23	1	124.99999237060547	20.825960534137145
23	1	125.99999237060547	20.128277200987853
23	1	127.0	20.28519225943243
23	1	127.99999237060547	21.05633939974709
23	1	128.99998474121094	21.296664728335866
23	1	130.0	20.25945269154524
23	1	130.99998474121094	20.04636274227189
23	1	132.0	20.529972578907348
23	1	132.99998474121094	21.175365691318316
23	1	134.0	20.292384448628454
23	1	135.0	19.03721936787543
23	1	135.99998474121094	20.025807287964735
23	1	137.0	19.478523012791833
23	1	137.99998474121094	20.779124219451074
23	1	139.0	21.31391095599015
23	1	139.99998474121094	21.35426200605929
23	1	140.99998474121094	21.684064520322526
23	1	142.0	21.302782870284904
23	1	142.99998474121094	21.483412345527768
23	1	144.0	22.291469828117176
23	1	144.99998474121094	22.384515787632967
23	1	146.0	22.37867939098719
23	1	147.0	23.48440334779492
23	1	147.99998474121094	22.715317217062317
23	1	149.0	21.20354022164462
23	1	149.99998474121094	21.70614822945647
23	1	151.0	19.864124757479487
23	1	151.99998474121094	21.23270342185328
23	1	152.99998474121094	19.58058652955933
23	1	154.0	20.45848440395941
23	1	154.99998474121094	20.510036964267375
23	1	156.0	20.68733842983715
23	1	156.99998474121094	20.357623000485834
23	1	158.0	20.574411497194745
23	1	158.99998474121094	22.193077538028557
23	1	159.99998474121094	20.755684717766883
23	1	161.0	22.489666549905312
23	1	161.99998474121094	21.94991426583964
23	1	163.0	24.49731869416052
23	1	163.99998474121094	23.923424001981246
23	1	164.99998474121094	23.71062262820033
23	1	166.0	23.981753817493157
23	1	166.99998474121094	22.439312687796686
23	1	168.0	21.503889252659466
23	1	168.99998474121094	21.14506014197097
23	1	169.99998474121094	20.17726673280977
23	1	170.99998474121094	18.79719115251555
23	1	171.99998474121094	19.49800954249388
23	1	173.0	18.217832309000265
23	1	173.99998474121094	15.418047268205536
23	1	175.0	15.749219235397359
23	1	175.99998474121094	16.285296877689564
23	1	176.99998474121094	13.876453935739795
23	1	178.0	12.54107938224237
23	1	178.99998474121094	14.104647994588982
23	2	0.0	17.018239354881757
23	2	0.9999999403953552	16.345645014101212
23	2	1.9999998807907104	15.903103397397746
23	2	3.0	16.312004624891607
23	2	3.999999761581421	19.263254233173246
23	2	4.999999523162842	20.180294214159375
23	2	6.0	22.601113039045117
23	2	6.999999523162842	23.999884554644954
23	2	7.999999523162842	26.35253979916126
23	2	9.0	26.871574411926993
23	2	9.999999046325684	27.820383310290143
23	2	10.999999046325684	28.398546870700677
23	2	12.0	30.483718246940942
23	2	12.999999046325684	30.36418993646572
23	2	13.999999046325684	30.055588329386204
23	2	15.0	28.352622386268802
23	2	15.999999046325684	29.899518506851415
23	2	16.999998092651367	25.66627141966235
23	2	18.0	25.466430329831535
23	2	18.999998092651367	24.111660600412215
23	2	19.999998092651367	21.664815339694137
23	2	21.0	21.849486579378357
23	2	21.999998092651367	20.499072803102212
23	2	22.999998092651367	19.29823675455476
23	2	24.0	19.555594867386255
23	2	24.999998092651367	17.100293832475703
23	2	25.999998092651367	18.05414170289903
23	2	27.0	17.687490318063578
23	2	27.999998092651367	17.4097884867892
23	2	28.999998092651367	16.56636769977205
23	2	30.0	19.288334687805534
23	2	30.999996185302734	17.26222054222378
23	2	31.999998092651367	18.810224860999227
23	2	33.0	18.960939815224727
23	2	33.999996185302734	16.148826282978124
23	2	34.999996185302734	19.343621654042202
23	2	36.0	17.835556866438406
23	2	36.999996185302734	18.86732182736595
23	2	37.999996185302734	19.27340730937447
23	2	39.0	17.967678338195842
23	2	39.999996185302734	18.015942162418444
23	2	40.999996185302734	20.224611896589003
23	2	42.0	18.537454426305597
23	2	42.999996185302734	20.361437661137284
23	2	43.999996185302734	18.415151351480056
23	2	45.0	20.055959158055757
23	2	45.999996185302734	19.51252198693286
23	2	46.999996185302734	20.89057070859088
23	2	48.0	20.812762901113388
23	2	48.999996185302734	21.97464979591884
23	2	49.999996185302734	22.068066293197106
23	2	51.0	21.849778569965377
23	2	51.999996185302734	22.509241872066568
23	2	52.999996185302734	22.460709962919044
23	2	54.0	22.537616185426096
23	2	54.999996185302734	22.33002795352919
23	2	55.999996185302734	22.880006738329662
23	2	57.0	22.692005781425063
23	2	57.999996185302734	22.53945521386012
23	2	58.999996185302734	21.036637719086187
23	2	60.0	21.987442740234275
23	2	61.0	21.422837105326217
23	2	61.99999237060547	20.773702756797377
23	2	62.999996185302734	22.351814549434238
23	2	63.999996185302734	21.55068629375781
23	2	65.0	20.201501951532265
23	2	66.0	22.145667487452204
23	2	67.0	22.177222961417666
23	2	67.99999237060547	22.714714452868062
23	2	68.99999237060547	23.759190395840996
23	2	69.99999237060547	24.183391247075686
23	2	71.0	23.817349456623656
23	2	72.0	25.64251260663446
23	2	73.0	24.889345939309866
23	2	73.99999237060547	27.398687430933556
23	2	74.99999237060547	28.807617145376494
23	2	75.99999237060547	31.10457902740052
23	2	77.0	28.926435116178038
23	2	78.0	28.77182695412563
23	2	79.0	28.61953934884373
23	2	79.99999237060547	29.432357473284636
23	2	80.99999237060547	27.28407002647157
23	2	81.99999237060547	28.73753598939758
23	2	83.0	26.50514330069227
23	2	84.0	25.49443752052317
23	2	84.99999237060547	27.157136083388764
23	2	85.99999237060547	23.677542314502666
23	2	86.99999237060547	20.63807398290114
23	2	87.99999237060547	21.4146186802074
23	2	89.0	20.556526646853065
23	2	90.0	19.21756026762586
23	2	90.99999237060547	20.496197293461638
23	2	91.99999237060547	19.739755550430015
23	2	92.99999237060547	19.34800151284747
23	2	93.99999237060547	18.854610845320554
23	2	95.0	20.506994114992132
23	2	96.0	19.09000477732858
23	2	96.99999237060547	20.04990419535654
23	2	97.99999237060547	20.72117177189081
23	2	98.99999237060547	18.989057996490377
23	2	99.99999237060547	22.554235743224027
23	2	100.99999237060547	19.03615385836491
23	2	102.0	20.93654812698882
23	2	102.99999237060547	21.28172881216834
23	2	103.99999237060547	20.746306868036456
23	2	104.99999237060547	20.728428847883947
23	2	105.99999237060547	21.6128700435089
23	2	106.99999237060547	20.57955292209247
23	2	108.0	19.562822915075422
23	2	108.99999237060547	20.320056960050763
23	2	109.99999237060547	20.462580809914126
23	2	110.99999237060547	21.397396358215214
23	2	111.99999237060547	18.728781685335996
23	2	112.99999237060547	19.188523425916845
23	2	114.0	20.516158521311
23	2	115.0	21.586257918955237
23	2	115.99999237060547	22.188320311271642
23	2	117.0	20.886747510202966
23	2	117.99999237060547	21.913104668855148
23	2	118.99999237060547	22.057383877335205
23	2	120.0	21.916487320041597
23	2	120.99999237060547	22.407198845866578
23	2	122.0	22.37650397573654
23	2	122.99999237060547	23.169900457272515
23	2	123.99998474121094	24.795430838222188
23	2	124.99999237060547	21.622801138562096
23	2	125.99999237060547	22.644530844051598
23	2	127.0	21.76838149807904
23	2	127.99999237060547	22.97205378267934
23	2	128.99998474121094	21.29617636981021
23	2	130.0	21.787786065511046
23	2	130.99998474121094	20.40952048534688
23	2	132.0	22.135891779202623
23	2	132.99998474121094	20.7089201200671
23	2	134.0	20.13814853188581
23	2	135.0	21.620325194987966
23	2	135.99998474121094	21.329347183514376
23	2	137.0	22.504305352843943
23	2	137.99998474121094	20.964437496917274
23	2	139.0	22.50825320218421
23	2	139.99998474121094	23.07219289364819
23	2	140.99998474121094	22.41280643117516
23	2	142.0	24.300643397010003
23	2	142.99998474121094	24.575333114860406
23	2	144.0	24.902642610076587
23	2	144.99998474121094	23.891002801538487
23	2	146.0	22.700879904704202
23	2	147.0	25.086289321385305
23	2	147.99998474121094	25.486430831268624
23	2	149.0	25.17861469594366
23	2	149.99998474121094	24.131282026350366
23	2	151.0	24.35830897662513
23	2	151.99998474121094	22.26456912807108
23	2	152.99998474121094	24.26351961132369
23	2	154.0	21.924418877215274
23	2	154.99998474121094	22.35907504052196
23	2	156.0	22.064246509903775
23	2	156.99998474121094	21.581005503483496
23	2	158.0	23.58630123247505
23	2	158.99998474121094	23.15927609801856
23	2	159.99998474121094	23.138582332380714
23	2	161.0	24.081326022760894
23	2	161.99998474121094	22.833289951954068
23	2	163.0	23.31628165646964
23	2	163.99998474121094	25.157683581232156
23	2	164.99998474121094	24.451059530459318
23	2	166.0	24.913155978756528
23	2	166.99998474121094	26.054859664564596
23	2	168.0	23.214221554796726
23	2	168.99998474121094	22.496160352258702
23	2	169.99998474121094	22.389235448349446
23	2	170.99998474121094	23.04455794826632
23	2	171.99998474121094	20.29948272272339
23	2	173.0	17.950227204866458
23	2	173.99998474121094	16.9537248030764
23	2	175.0	15.811735956870486
23	2	175.99998474121094	17.44539767802706
23	2	176.99998474121094	16.857224475387873
23	2	178.0	15.090777046577083
23	2	178.99998474121094	16.61355747674767
21	1	0.0	3.5161647361364623
21	1	0.9999999403953552	3.668146263566178
21	1	1.9999998807907104	3.8621142444844314
21	1	3.0	4.491428664702365
21	1	3.999999761581421	4.653665721170856
21	1	4.999999523162842	5.072253864455087
21	1	6.0	5.327716599791904
21	1	6.999999523162842	5.798400303423115
21	1	7.999999523162842	6.727229617803509
21	1	9.0	7.130211205721085
21	1	9.999999046325684	8.0032494005267
21	1	10.999999046325684	8.769124488575754
21	1	12.0	9.11378437183106
21	1	12.999999046325684	9.28184373768016
21	1	13.999999046325684	9.241887131035586
21	1	15.0	9.767448843326912
21	1	15.999999046325684	9.819513667822626
21	1	16.999998092651367	10.246630156059265
21	1	18.0	11.481714480652453
21	1	18.999998092651367	10.678645597478095
21	1	19.999998092651367	11.805220414274583
21	1	21.0	12.19609933386972
21	1	21.999998092651367	12.18855795125238
21	1	22.999998092651367	13.176649828853213
21	1	24.0	13.34535037871065
21	1	24.999998092651367	14.890474918977288
21	1	25.999998092651367	14.785781779379333
21	1	27.0	14.426259404490079
21	1	27.999998092651367	14.589425793572515
21	1	28.999998092651367	15.698231873243214
21	1	30.0	14.944469271913531
21	1	30.999996185302734	15.004885710216879
21	1	31.999998092651367	16.153945509761048
21	1	33.0	15.730110073646955
21	1	33.999996185302734	14.493179890430572
21	1	34.999996185302734	14.880443078633832
21	1	36.0	14.145620591872595
21	1	36.999996185302734	13.513916886105626
21	1	37.999996185302734	13.11079997506512
21	1	39.0	13.728658033610827
21	1	39.999996185302734	13.968053602698834
21	1	40.999996185302734	14.31925509963172
21	1	42.0	12.83449491747601
21	1	42.999996185302734	14.081801011815289
21	1	43.999996185302734	14.662940827156653
21	1	45.0	13.315945560560099
21	1	45.999996185302734	15.814073589113923
21	1	46.999996185302734	16.00324592346118
21	1	48.0	17.074352774007995
21	1	48.999996185302734	16.58007759698356
21	1	49.999996185302734	17.361866172025096
21	1	51.0	17.58332822567359
21	1	51.999996185302734	19.50808577906694
21	1	52.999996185302734	18.98154137330878
21	1	54.0	19.89124231603173
21	1	54.999996185302734	20.279857881690653
21	1	55.999996185302734	20.614316877420546
21	1	57.0	18.433700437718517
21	1	57.999996185302734	18.298773465759503
21	1	58.999996185302734	17.704219158888232
21	1	60.0	15.60699762140477
21	1	61.0	15.282918805666004
21	1	61.99999237060547	15.07477903599362
21	1	62.999996185302734	14.267502756290535
21	1	63.999996185302734	13.24076310704483
21	1	65.0	12.832919705098675
21	1	66.0	13.717468476203054
21	1	67.0	12.483875694169868
21	1	67.99999237060547	13.439951913809912
21	1	68.99999237060547	13.440955951617903
21	1	69.99999237060547	14.372580947802948
21	1	71.0	13.602512977377154
21	1	72.0	13.893087153916067
21	1	73.0	14.169833612480291
21	1	73.99999237060547	14.594319624112828
21	1	74.99999237060547	15.102974056887433
21	1	75.99999237060547	15.934802305335776
21	1	77.0	17.113803946653988
21	1	78.0	17.900455616384576
21	1	79.0	18.260474887535945
21	1	79.99999237060547	19.31804088805321
21	1	80.99999237060547	19.19840329455127
21	1	81.99999237060547	21.03228005839572
21	1	83.0	20.534786154724916
21	1	84.0	21.763243488275897
21	1	84.99999237060547	21.310758823688186
21	1	85.99999237060547	21.234388771030982
21	1	86.99999237060547	21.631697459956037
21	1	87.99999237060547	22.2557274481905
21	1	89.0	20.99579148030222
21	1	90.0	20.216101480883168
21	1	90.99999237060547	20.39392545592445
21	1	91.99999237060547	19.57038564203392
21	1	92.99999237060547	18.28651669129391
21	1	93.99999237060547	18.56599095665791
21	1	95.0	15.95894702405177
21	1	96.0	15.256294728281294
21	1	96.99999237060547	14.410592658081363
21	1	97.99999237060547	13.758297639514097
21	1	98.99999237060547	12.621879666349974
21	1	99.99999237060547	12.394766484936941
21	1	100.99999237060547	10.646080963062767
21	1	102.0	10.124418435013874
21	1	102.99999237060547	9.837303749289571
21	1	103.99999237060547	9.070131779071861
21	1	104.99999237060547	9.118249608000955
21	1	105.99999237060547	8.383476640111201
21	1	106.99999237060547	8.160229345768395
21	1	108.0	7.898732992073518
21	1	108.99999237060547	7.089277028251552
21	1	109.99999237060547	7.761003935007504
21	1	110.99999237060547	6.766855814046985
21	1	111.99999237060547	7.048298454552414
21	1	112.99999237060547	6.838925835734844
21	1	114.0	7.42447966082733
21	1	115.0	8.434225799418043
21	1	115.99999237060547	7.503643260855069
21	1	117.0	9.654034405932496
21	1	117.99999237060547	8.901887998115168
21	1	118.99999237060547	9.70933844764209
21	1	120.0	10.834240721865571
21	1	120.99999237060547	11.335643201288914
21	1	122.0	11.762631623478615
21	1	122.99999237060547	13.47947736476313
21	1	123.99998474121094	14.704697188647527
21	1	124.99999237060547	14.94442658323122
21	1	125.99999237060547	17.140346061768657
21	1	127.0	17.939384279559064
21	1	127.99999237060547	19.14059257341628
21	1	128.99998474121094	21.202539598931214
21	1	130.0	21.150807746157536
21	1	130.99998474121094	21.635384054560554
21	1	132.0	21.44491910691287
21	1	132.99998474121094	22.375189164321313
21	1	134.0	22.64522923089423
21	1	135.0	23.258255784375798
21	1	135.99998474121094	22.713761641478847
21	1	137.0	23.008559436245765
21	1	137.99998474121094	21.812132274807556
21	1	139.0	21.73147798599346
21	1	139.99998474121094	20.490868038361732
21	1	140.99998474121094	21.116754130503143
21	1	142.0	20.801125966314977
21	1	142.99998474121094	22.01258466656909
21	1	144.0	19.908474883307672
21	1	144.99998474121094	19.65590814817894
21	1	146.0	19.77357864719992
21	1	147.0	20.020279957378904
21	1	147.99998474121094	19.129735987730545
21	1	149.0	18.967512164753572
21	1	149.99998474121094	19.161634678701798
21	1	151.0	19.683179385987508
21	1	151.99998474121094	19.774809788797814
21	1	152.99998474121094	18.30654792858227
21	1	154.0	18.439243136229983
21	1	154.99998474121094	17.953439101323657
21	1	156.0	19.181635180138887
21	1	156.99998474121094	16.880506882721157
21	1	158.0	16.138309499203597
21	1	158.99998474121094	17.734555444086844
21	1	159.99998474121094	15.920522087328571
21	1	161.0	16.397668857461905
21	1	161.99998474121094	15.835861892566264
21	1	163.0	14.112676028184685
21	1	163.99998474121094	13.867607133217335
21	1	164.99998474121094	13.76440126731115
21	1	166.0	12.965817257100552
21	1	166.99998474121094	10.864414790071395
21	1	168.0	9.595995727233959
21	1	168.99998474121094	9.514410825145449
21	1	169.99998474121094	8.175261738357946
21	1	170.99998474121094	7.637353605368178
21	1	171.99998474121094	6.09308411940826
21	1	173.0	5.502186951950709
21	1	173.99998474121094	5.171291180533449
21	1	175.0	5.194910828456999
21	1	175.99998474121094	4.3973752522839975
21	1	176.99998474121094	4.693072924474067
21	1	178.0	3.9099592927335474
21	1	178.99998474121094	3.5540212730546696
21	2	0.0	4.051775791130992
21	2	0.9999999403953552	3.7471365475437293
21	2	1.9999998807907104	3.7918777017018974
21	2	3.0	4.211161243621001
21	2	3.999999761581421	4.3616414100937835
21	2	4.999999523162842	5.058245573354213
21	2	6.0	5.214508348733058
21	2	6.999999523162842	5.966562122109767
21	2	7.999999523162842	6.019057675410016
21	2	9.0	6.782805159532611
21	2	9.999999046325684	7.451687719386075
21	2	10.999999046325684	8.45390784328508
21	2	12.0	8.641417880343086
21	2	12.999999046325684	8.910287423246992
21	2	13.999999046325684	8.929691990678998
21	2	15.0	9.696519036343622
21	2	15.999999046325684	9.748318337235352
21	2	16.999998092651367	9.975446886574018
21	2	18.0	10.544253087821632
21	2	18.999998092651367	10.252756835744767
21	2	19.999998092651367	10.9893679782949
21	2	21.0	12.472224245219472
21	2	21.999998092651367	11.59657521060362
21	2	22.999998092651367	11.932594050785212
21	2	24.0	11.619218995249504
21	2	24.999998092651367	13.267528910854818
21	2	25.999998092651367	14.030614720401568
21	2	27.0	14.265079746682472
21	2	27.999998092651367	14.03044994208784
21	2	28.999998092651367	13.139374071457867
21	2	30.0	13.086391440292433
21	2	30.999996185302734	13.93782062411142
21	2	31.999998092651367	14.022146993378044
21	2	33.0	14.844705821349033
21	2	33.999996185302734	13.394238311468662
21	2	34.999996185302734	13.369111753059478
21	2	36.0	13.849518230974203
21	2	36.999996185302734	14.255341604473326
21	2	37.999996185302734	13.447674296440256
21	2	39.0	13.094351171996436
21	2	39.999996185302734	13.329755349288218
21	2	40.999996185302734	13.856508075816064
21	2	42.0	13.199167254999452
21	2	42.999996185302734	14.619422276859916
21	2	43.999996185302734	13.755974521422647
21	2	45.0	14.21057056823754
21	2	45.999996185302734	15.219466348276585
21	2	46.999996185302734	13.291805110712335
21	2	48.0	15.298267948278315
21	2	48.999996185302734	16.338988994755034
21	2	49.999996185302734	16.377933025855157
21	2	51.0	16.59335889982465
21	2	51.999996185302734	18.335769185398874
21	2	52.999996185302734	16.969861124990555
21	2	54.0	17.985896160259557
21	2	54.999996185302734	17.82256413908975
21	2	55.999996185302734	19.00569804485582
21	2	57.0	18.123164179556596
21	2	57.999996185302734	16.79288067831177
21	2	58.999996185302734	16.36798485532903
21	2	60.0	14.33855636045253
21	2	61.0	14.51921657154666
21	2	61.99999237060547	13.471914637804632
21	2	62.999996185302734	13.020730270480161
21	2	63.999996185302734	13.167722771608005
21	2	65.0	12.34247114155674
21	2	66.0	12.859623183432486
21	2	67.0	12.662194857925975
21	2	67.99999237060547	12.33497244762171
21	2	68.99999237060547	12.844474677627044
21	2	69.99999237060547	12.150570146636062
21	2	71.0	12.496921355484591
21	2	72.0	11.874111409790626
21	2	73.0	13.701856371307697
21	2	73.99999237060547	14.190834736630787
21	2	74.99999237060547	14.192860741493343
21	2	75.99999237060547	14.097600093139175
21	2	77.0	16.210806834601406
21	2	78.0	16.746899844819243
21	2	79.0	17.34362615184658
21	2	79.99999237060547	17.553497374473558
21	2	80.99999237060547	19.20428408742665
21	2	81.99999237060547	18.94439197441308
21	2	83.0	20.23163674615036
21	2	84.0	20.16507826023588
21	2	84.99999237060547	22.05964296240319
21	2	85.99999237060547	21.27454686825607
21	2	86.99999237060547	20.395400776785173
21	2	87.99999237060547	21.74537912850173
21	2	89.0	20.009121135822394
21	2	90.0	19.626608344186877
21	2	90.99999237060547	20.0095753434022
21	2	91.99999237060547	18.827911635854974
21	2	92.99999237060547	17.809386996633503
21	2	93.99999237060547	16.79714954654303
21	2	95.0	15.700871741357425
21	2	96.0	15.246942491760255
21	2	96.99999237060547	13.851825127366375
21	2	97.99999237060547	13.668337217955859
21	2	98.99999237060547	12.375963827925544
21	2	99.99999237060547	11.25501111058962
21	2	100.99999237060547	10.323544062529132
21	2	102.0	10.566201046945821
21	2	102.99999237060547	9.350114039755377
21	2	103.99999237060547	9.067709623237446
21	2	104.99999237060547	8.416056642452162
21	2	105.99999237060547	8.111620596992706
21	2	106.99999237060547	6.936679503136066
21	2	108.0	6.389565555805589
21	2	108.99999237060547	7.32022706843084
21	2	109.99999237060547	6.414016779260589
21	2	110.99999237060547	6.886262034890794
21	2	111.99999237060547	7.269809173298744
21	2	112.99999237060547	6.918342152761874
21	2	114.0	7.126693658298528
21	2	115.0	7.3718667136507205
21	2	115.99999237060547	7.689216085509731
21	2	117.0	8.158518383381306
21	2	117.99999237060547	8.253642427952075
21	2	118.99999237060547	8.712527833565735
21	2	120.0	10.650442038847821
21	2	120.99999237060547	11.407807564964685
21	2	122.0	10.690606112488434
21	2	122.99999237060547	12.28209397684112
21	2	123.99998474121094	13.698781078633898
21	2	124.99999237060547	15.326869365427743
21	2	125.99999237060547	15.21317403650371
21	2	127.0	16.400213102927736
21	2	127.99999237060547	17.812609138374455
21	2	128.99998474121094	18.631705914209896
21	2	130.0	19.397301818276624
21	2	130.99998474121094	20.292521052411857
21	2	132.0	22.529117722551305
21	2	132.99998474121094	20.59744460262332
21	2	134.0	21.96883901248245
21	2	135.0	23.019533842694685
21	2	135.99998474121094	20.024743486001505
21	2	137.0	22.113604871940872
21	2	137.99998474121094	20.872410943135108
21	2	139.0	22.808359761483523
21	2	139.99998474121094	20.5359285038636
21	2	140.99998474121094	18.882182611452603
21	2	142.0	20.604641914461222
21	2	142.99998474121094	19.01244285666121
21	2	144.0	19.621905758943324
21	2	144.99998474121094	19.167383990435656
21	2	146.0	18.880321384903773
21	2	147.0	19.19195901106936
21	2	147.99998474121094	17.846517612508983
21	2	149.0	17.36925643670705
21	2	149.99998474121094	18.47339578962734
21	2	151.0	18.010628275244173
21	2	151.99998474121094	18.355986545342112
21	2	152.99998474121094	16.79009225358311
21	2	154.0	17.67975854392312
21	2	154.99998474121094	16.941249462557373
21	2	156.0	17.30332462064892
21	2	156.99998474121094	16.88935197769632
21	2	158.0	15.436695392186962
21	2	158.99998474121094	14.671637365517372
21	2	159.99998474121094	16.06989832447675
21	2	161.0	15.75919301913287
21	2	161.99998474121094	14.351161474565789
21	2	163.0	13.778088966407855
21	2	163.99998474121094	12.553828784101844
21	2	164.99998474121094	11.803871451913507
21	2	166.0	11.528390285893028
21	2	166.99998474121094	10.422258225282388
21	2	168.0	9.492379196203927
21	2	168.99998474121094	8.760310983225498
21	2	169.99998474121094	8.75510125643607
21	2	170.99998474121094	7.242743694938922
21	2	171.99998474121094	6.417879251236231
21	2	173.0	5.852476618629399
21	2	173.99998474121094	4.8252174481199495
21	2	175.0	4.68375654644617
21	2	175.99998474121094	3.982702514941476
21	2	176.99998474121094	3.7560926330929085
21	2	178.0	3.7555671354136404
21	2	178.99998474121094	3.7758767029106735
4	1	0.0	12.917553432877948
4	1	0.9999999403953552	10.068414298914353
4	1	1.9999998807907104	12.868830278433663
4	1	3.0	12.920571522717449
4	1	3.999999761581421	12.382093922705629
4	1	4.999999523162842	13.107323408777583
4	1	6.0	13.388577792194015
4	1	6.999999523162842	13.945178445394816
4	1	7.999999523162842	13.733317930172069
4	1	9.0	13.32263487707848
4	1	9.999999046325684	13.744957426291416
4	1	10.999999046325684	13.713863843868578
4	1	12.0	13.115868829202915
4	1	12.999999046325684	13.908589975784704
4	1	13.999999046325684	13.565400290748244
4	1	15.0	13.164913856311838
4	1	15.999999046325684	11.026379919633554
4	1	16.999998092651367	11.07431930987058
4	1	18.0	10.713809118872614
4	1	18.999998092651367	11.352293494938113
4	1	19.999998092651367	9.842936094033893
4	1	21.0	9.531765482052805
4	1	21.999998092651367	9.446839763686514
4	1	22.999998092651367	8.818315510978184
4	1	24.0	8.139122353685764
4	1	24.999998092651367	8.850920272754887
4	1	25.999998092651367	7.285241131954741
4	1	27.0	7.31550313884613
4	1	27.999998092651367	8.505313554525888
4	1	28.999998092651367	8.006851471540235
4	1	30.0	7.911120393906983
4	1	30.999996185302734	8.868944288200904
4	1	31.999998092651367	8.261133437924286
4	1	33.0	7.431092991491194
4	1	33.999996185302734	8.640001469863954
4	1	34.999996185302734	8.62230957236633
4	1	36.0	8.90384399353873
4	1	36.999996185302734	8.84390908357187
4	1	37.999996185302734	10.267706412290632
4	1	39.0	10.474832752644915
4	1	39.999996185302734	11.04227889247405
4	1	40.999996185302734	10.31921457636899
4	1	42.0	10.876523861696182
4	1	42.999996185302734	10.60594933282071
4	1	43.999996185302734	12.076940707383324
4	1	45.0	11.641275383626768
4	1	45.999996185302734	11.223969608359207
4	1	46.999996185302734	12.560445529860294
4	1	48.0	11.795875007942714
4	1	48.999996185302734	12.579762158606737
4	1	49.999996185302734	12.706445946011195
4	1	51.0	12.04184207278592
4	1	51.999996185302734	12.969590936616983
4	1	52.999996185302734	12.34381925014417
4	1	54.0	13.34859386479276
4	1	54.999996185302734	12.201613857850859
4	1	55.999996185302734	11.637957619237433
4	1	57.0	11.91655762038767
4	1	57.999996185302734	12.776227427440276
4	1	58.999996185302734	11.897682392616339
4	1	60.0	10.92276594992446
4	1	61.0	11.176159991716409
4	1	61.99999237060547	10.331150331943588
4	1	62.999996185302734	10.044819410426545
4	1	63.999996185302734	10.570526264237733
4	1	65.0	10.183397118496934
4	1	66.0	10.559469895518774
4	1	67.0	10.780686916130794
4	1	67.99999237060547	11.450090704795294
4	1	68.99999237060547	10.38967310029955
4	1	69.99999237060547	10.237847386560276
4	1	71.0	9.776722532672498
4	1	72.0	11.1389218003615
4	1	73.0	11.47751306053925
4	1	73.99999237060547	10.86233841256371
4	1	74.99999237060547	13.301466413293317
4	1	75.99999237060547	13.384694829650861
4	1	77.0	14.03346120173817
4	1	78.0	12.979641559980656
4	1	79.0	14.51418955231753
4	1	79.99999237060547	14.726022746783599
4	1	80.99999237060547	15.163455381987896
4	1	81.99999237060547	15.583822789550915
4	1	83.0	13.643833060534792
4	1	84.0	16.412498905697298
4	1	84.99999237060547	15.417779183280613
4	1	85.99999237060547	14.51228563708639
4	1	86.99999237060547	14.886460475292614
4	1	87.99999237060547	15.626629292626678
4	1	89.0	15.550696372076354
4	1	90.0	13.855790052179566
4	1	90.99999237060547	15.64756552998006
4	1	91.99999237060547	14.000661779570121
4	1	92.99999237060547	14.22653698919609
4	1	93.99999237060547	14.672607252379514
4	1	95.0	14.568634697738995
4	1	96.0	14.690235970627317
4	1	96.99999237060547	16.32064310664438
4	1	97.99999237060547	13.92005700962751
4	1	98.99999237060547	14.430156027411572
4	1	99.99999237060547	15.110039887583811
4	1	100.99999237060547	14.906126297460373
4	1	102.0	13.823775247992424
4	1	102.99999237060547	13.685257304077274
4	1	103.99999237060547	12.834015096686816
4	1	104.99999237060547	13.571946173294055
4	1	105.99999237060547	12.345706089902386
4	1	106.99999237060547	13.494741130010816
4	1	108.0	12.920852414247065
4	1	108.99999237060547	12.218281226972982
4	1	109.99999237060547	12.61668530748618
4	1	110.99999237060547	11.944575910136708
4	1	111.99999237060547	11.316925921642142
4	1	112.99999237060547	12.99327974020588
4	1	114.0	11.742932504138652
4	1	115.0	12.096025109697985
4	1	115.99999237060547	11.932961173453101
4	1	117.0	12.756637591127033
4	1	117.99999237060547	12.29808771855635
4	1	118.99999237060547	11.938691702166741
4	1	120.0	12.354503373553364
4	1	120.99999237060547	12.033306043870697
4	1	122.0	12.497166388521066
4	1	122.99999237060547	12.497055397947053
4	1	123.99998474121094	12.738242184144896
4	1	124.99999237060547	12.266703853093787
4	1	125.99999237060547	11.31634108669446
4	1	127.0	11.370375566992076
4	1	127.99999237060547	11.595919512443299
4	1	128.99998474121094	10.942073187160794
4	1	130.0	11.232766892010183
4	1	130.99998474121094	11.425199787912476
4	1	132.0	10.432623037347883
4	1	132.99998474121094	10.062195411675058
4	1	134.0	11.069372545364198
4	1	135.0	10.249713986469526
4	1	135.99998474121094	10.481905413530463
4	1	137.0	9.822466017091365
4	1	137.99998474121094	10.018942384982305
4	1	139.0	9.984140009840152
4	1	139.99998474121094	10.040747763907572
4	1	140.99998474121094	10.558091904853724
4	1	142.0	10.408564549770158
4	1	142.99998474121094	10.115008141884887
4	1	144.0	10.36169835300647
4	1	144.99998474121094	10.307458967033753
4	1	146.0	11.452159398340163
4	1	147.0	11.278629904739526
4	1	147.99998474121094	11.312185770358152
4	1	149.0	11.138789465446331
4	1	149.99998474121094	11.407288470587764
4	1	151.0	10.96216333483074
4	1	151.99998474121094	11.578757808379995
4	1	152.99998474121094	11.594281120816142
4	1	154.0	12.379243172500795
4	1	154.99998474121094	11.215589820021247
4	1	156.0	11.669847772472224
4	1	156.99998474121094	10.875445545580966
4	1	158.0	11.906110846052135
4	1	158.99998474121094	12.164474704238915
4	1	159.99998474121094	11.136748092658143
4	1	161.0	13.262590684084898
4	1	161.99998474121094	13.256484494966907
4	1	163.0	12.724586074673102
4	1	163.99998474121094	13.085010888306444
4	1	164.99998474121094	14.212291775908382
4	1	166.0	13.996425354737422
4	1	166.99998474121094	14.30993957537747
4	1	168.0	13.90776181534784
4	1	168.99998474121094	13.710511928533396
4	1	169.99998474121094	13.702351560022523
4	1	170.99998474121094	12.256122182522146
4	1	171.99998474121094	14.165900277292009
4	1	173.0	12.415581486432556
4	1	173.99998474121094	13.525524792600063
4	1	175.0	13.718199306444244
4	1	175.99998474121094	11.218899900447765
4	1	176.99998474121094	13.25707616010376
4	1	178.0	11.172205312186971
4	1	178.99998474121094	11.207403838300987
4	2	0.0	11.26360519611279
4	2	0.9999999403953552	11.892563165833414
4	2	1.9999998807907104	11.04334269443728
4	2	3.0	11.16130689159257
4	2	3.999999761581421	10.235922126987978
4	2	4.999999523162842	11.350517645753909
4	2	6.0	11.842584964129138
4	2	6.999999523162842	11.743023004145154
4	2	7.999999523162842	12.248620073492532
4	2	9.0	13.260381117888398
4	2	9.999999046325684	13.370246418235347
4	2	10.999999046325684	12.342766547238343
4	2	12.0	12.846744007978781
4	2	12.999999046325684	12.987198310523631
4	2	13.999999046325684	13.122073202290226
4	2	15.0	11.91491495989228
4	2	15.999999046325684	11.342609140468682
4	2	16.999998092651367	10.734513983567862
4	2	18.0	10.500592811099619
4	2	18.999998092651367	9.421417799595726
4	2	19.999998092651367	8.84259256460935
4	2	21.0	8.695695686129884
4	2	21.999998092651367	8.237559040003987
4	2	22.999998092651367	8.410088764664863
4	2	24.0	7.554574273948562
4	2	24.999998092651367	8.108751063767656
4	2	25.999998092651367	6.793381280575552
4	2	27.0	7.281169485435768
4	2	27.999998092651367	7.434563581363207
4	2	28.999998092651367	7.7828665167670685
4	2	30.0	7.993863866833456
4	2	30.999996185302734	6.772146222445983
4	2	31.999998092651367	7.509145832005161
4	2	33.0	7.555144594744258
4	2	33.999996185302734	7.947556038034415
4	2	34.999996185302734	9.021213110462584
4	2	36.0	7.364991274477457
4	2	36.999996185302734	8.569317549690785
4	2	37.999996185302734	8.147409080696281
4	2	39.0	9.057256872486388
4	2	39.999996185302734	9.111971810380068
4	2	40.999996185302734	8.845261461027532
4	2	42.0	9.52248069364982
4	2	42.999996185302734	9.404419166298856
4	2	43.999996185302734	10.50150549512746
4	2	45.0	10.42208234791126
4	2	45.999996185302734	10.101076263525355
4	2	46.999996185302734	11.003996535949776
4	2	48.0	9.879783257058818
4	2	48.999996185302734	12.239904752111597
4	2	49.999996185302734	11.477185211459089
4	2	51.0	11.938861603122346
4	2	51.999996185302734	12.554797817190341
4	2	52.999996185302734	11.910069794449804
4	2	54.0	11.616833551681877
4	2	54.999996185302734	11.404712635497022
4	2	55.999996185302734	11.955347118457818
4	2	57.0	10.968955957960317
4	2	57.999996185302734	11.044650675663338
4	2	58.999996185302734	12.111014813605225
4	2	60.0	11.756858406082662
4	2	61.0	10.968932052298223
4	2	61.99999237060547	10.028037635635823
4	2	62.999996185302734	10.497458608044228
4	2	63.999996185302734	9.93594192618831
4	2	65.0	9.776685820405708
4	2	66.0	10.254098967916674
4	2	67.0	10.741468823690226
4	2	67.99999237060547	9.773121315432608
4	2	68.99999237060547	11.256992719222572
4	2	69.99999237060547	9.439084083883964
4	2	71.0	11.05288190738685
4	2	72.0	11.419153362949721
4	2	73.0	11.075804876015058
4	2	73.99999237060547	11.359921962467372
4	2	74.99999237060547	13.04495609769255
4	2	75.99999237060547	12.740391132412512
4	2	77.0	14.205462440512015
4	2	78.0	13.46832537339579
4	2	79.0	14.674210639287175
4	2	79.99999237060547	14.165763673508609
4	2	80.99999237060547	14.580724132569918
4	2	81.99999237060547	16.44566459675959
4	2	83.0	14.207903379366648
4	2	84.0	14.770837325475345
4	2	84.99999237060547	15.212328800593921
4	2	85.99999237060547	14.503276617571142
4	2	86.99999237060547	14.901906948100597
4	2	87.99999237060547	15.09713253759978
4	2	89.0	15.22141978237921
4	2	90.0	14.37530960837637
4	2	90.99999237060547	13.943108898076302
4	2	91.99999237060547	13.844893339132458
4	2	92.99999237060547	14.602862483217221
4	2	93.99999237060547	14.917240722787275
4	2	95.0	14.102255720832185
4	2	96.0	13.565610319065222
4	2	96.99999237060547	15.03294924996917
4	2	97.99999237060547	13.343151057797906
4	2	98.99999237060547	13.894861295552978
4	2	99.99999237060547	12.947905086002192
4	2	100.99999237060547	13.940458784678338
4	2	102.0	13.705774338570345
4	2	102.99999237060547	13.148628124009589
4	2	103.99999237060547	13.154094836666538
4	2	104.99999237060547	12.53365155151998
4	2	105.99999237060547	11.668941064859904
4	2	106.99999237060547	12.77493310659256
4	2	108.0	11.898126354912389
4	2	108.99999237060547	12.530145956928472
4	2	109.99999237060547	12.045640511738094
4	2	110.99999237060547	11.199414224519364
4	2	111.99999237060547	11.25096849237462
4	2	112.99999237060547	10.96016550449851
4	2	114.0	10.886308107682224
4	2	115.0	11.385844237914862
4	2	115.99999237060547	11.172895161293143
4	2	117.0	11.516623577500388
4	2	117.99999237060547	12.010821914896662
4	2	118.99999237060547	11.748241268671045
4	2	120.0	11.515164478338944
4	2	120.99999237060547	12.19946320203595
4	2	122.0	11.776791459401698
4	2	122.99999237060547	11.925004856843682
4	2	123.99998474121094	12.109195421965062
4	2	124.99999237060547	11.899014279504492
4	2	125.99999237060547	11.86124333339432
4	2	127.0	11.553851523571543
4	2	127.99999237060547	11.54018602258964
4	2	128.99998474121094	11.013588682865413
4	2	130.0	10.006556690696133
4	2	130.99998474121094	9.371958692268372
4	2	132.0	10.712560048028147
4	2	132.99998474121094	9.14154226061799
4	2	134.0	9.669293048538306
4	2	135.0	9.475150897796217
4	2	135.99998474121094	9.23605329571075
4	2	137.0	9.638470112361329
4	2	137.99998474121094	9.180112338861052
4	2	139.0	8.746784647347933
4	2	139.99998474121094	9.798123222889439
4	2	140.99998474121094	8.849412508495607
4	2	142.0	9.687872016854385
4	2	142.99998474121094	9.499394654255177
4	2	144.0	9.640092282289208
4	2	144.99998474121094	9.532899293455028
4	2	146.0	10.505190382184683
4	2	147.0	10.939788488883424
4	2	147.99998474121094	10.614663800428001
4	2	149.0	11.02921188681817
4	2	149.99998474121094	11.899211501216776
4	2	151.0	11.485135551652984
4	2	151.99998474121094	11.730381177765107
4	2	152.99998474121094	11.49104708037963
4	2	154.0	12.66163136731945
4	2	154.99998474121094	12.52383486213538
4	2	156.0	12.5983906457943
4	2	156.99998474121094	12.467842678866909
4	2	158.0	11.470962909125207
4	2	158.99998474121094	12.836724120466371
4	2	159.99998474121094	14.295880484744645
4	2	161.0	14.323903043361915
4	2	161.99998474121094	13.414152581767482
4	2	163.0	12.946260717959513
4	2	163.99998474121094	14.066562006003345
4	2	164.99998474121094	12.791064305864836
4	2	166.0	11.783149511745334
4	2	166.99998474121094	13.796967609273771
4	2	168.0	13.252364183350096
4	2	168.99998474121094	13.498964748238821
4	2	169.99998474121094	12.72969761749321
4	2	170.99998474121094	13.999602246475124
4	2	171.99998474121094	12.286149401660815
4	2	173.0	13.602303802833822
4	2	173.99998474121094	10.751596286682062
4	2	175.0	12.51789003623653
4	2	175.99998474121094	11.604566531932534
4	2	176.99998474121094	11.604095248879803
4	2	178.0	9.76403972515743
4	2	178.99998474121094	9.78339306617066
15	1	0.0	5.581680535492726
15	1	0.9999999403953552	6.179481316653868
15	1	1.9999998807907104	5.6766628536382155
15	1	3.0	7.102293234375481
15	1	3.999999761581421	7.620273009801268
15	1	4.999999523162842	7.693692420737028
15	1	6.0	8.931566877606166
15	1	6.999999523162842	8.826832756873191
15	1	7.999999523162842	10.10391506089914
15	1	9.0	11.668088998760945
15	1	9.999999046325684	12.090701831013607
15	1	10.999999046325684	12.827266869786843
15	1	12.0	12.69776904444434
15	1	12.999999046325684	14.382633278713914
15	1	13.999999046325684	14.482121814164321
15	1	15.0	14.07164195919854
15	1	15.999999046325684	14.283928507470769
15	1	16.999998092651367	13.925715821354865
15	1	18.0	14.012347379466368
15	1	18.999998092651367	13.421060464339302
15	1	19.999998092651367	15.239302925173595
15	1	21.0	14.217203535695267
15	1	21.999998092651367	14.222619875707087
15	1	22.999998092651367	14.590113935131393
15	1	24.0	14.657486921104399
15	1	24.999998092651367	14.301042400209882
15	1	25.999998092651367	14.592639397577004
15	1	27.0	15.564652156097981
15	1	27.999998092651367	17.06676955648199
15	1	28.999998092651367	16.487072618602788
15	1	30.0	17.659973193444888
15	1	30.999996185302734	18.614428950704347
15	1	31.999998092651367	18.509764839410366
15	1	33.0	17.913938409806182
15	1	33.999996185302734	20.046342251704377
15	1	34.999996185302734	17.476621887817775
15	1	36.0	17.548405468447314
15	1	36.999996185302734	15.011109720098053
15	1	37.999996185302734	14.597046577138956
15	1	39.0	12.765307662504718
15	1	39.999996185302734	12.426673713644655
15	1	40.999996185302734	10.840941991214999
15	1	42.0	10.466311237881678
15	1	42.999996185302734	10.782674501179267
15	1	43.999996185302734	6.633891240813877
15	1	45.0	7.989560847656348
15	1	45.999996185302734	9.19470845311737
15	1	46.999996185302734	8.85152303694914
15	1	48.0	7.7866939840232146
15	1	48.999996185302734	9.004617458326745
15	1	49.999996185302734	9.885604285778962
15	1	51.0	10.41008597440778
15	1	51.999996185302734	11.515887624617319
15	1	52.999996185302734	11.549322254378179
15	1	54.0	13.707982197219552
15	1	54.999996185302734	13.704581616786532
15	1	55.999996185302734	16.679272434299655
15	1	57.0	17.51228230547441
15	1	57.999996185302734	17.987598584910184
15	1	58.999996185302734	18.250446462287076
15	1	60.0	18.532876492014395
15	1	61.0	17.599280132480157
15	1	61.99999237060547	18.37048703695005
15	1	62.999996185302734	18.437342636093426
15	1	63.999996185302734	18.269772482543626
15	1	65.0	18.890720347915117
15	1	66.0	19.240593373054438
15	1	67.0	18.078393997094455
15	1	67.99999237060547	19.672848724867865
15	1	68.99999237060547	19.1183346944585
15	1	69.99999237060547	19.465222926930522
15	1	71.0	20.230624170605907
15	1	72.0	21.58696996617621
15	1	73.0	22.238902984717463
15	1	73.99999237060547	22.234043305123
15	1	74.99999237060547	22.70062548015762
15	1	75.99999237060547	24.05970676649051
15	1	77.0	24.321577926816094
15	1	78.0	23.544686597409456
15	1	79.0	24.42223442461457
15	1	79.99999237060547	25.382970540815855
15	1	80.99999237060547	23.41404386160733
15	1	81.99999237060547	22.356020238415674
15	1	83.0	21.8340110782664
15	1	84.0	21.11671827201
15	1	84.99999237060547	21.844179522393258
15	1	85.99999237060547	20.531738182807796
15	1	86.99999237060547	19.351578824425268
15	1	87.99999237060547	19.120902845586425
15	1	89.0	19.026384980304496
15	1	90.0	17.95962213006981
15	1	90.99999237060547	18.019840492887226
15	1	91.99999237060547	16.589332503308928
15	1	92.99999237060547	14.776533703243135
15	1	93.99999237060547	16.88385026031988
15	1	95.0	15.933444805238235
15	1	96.0	15.832489486663569
15	1	96.99999237060547	16.849345852180264
15	1	97.99999237060547	15.4443400814155
15	1	98.99999237060547	15.1776672981034
15	1	99.99999237060547	15.927309587816271
15	1	100.99999237060547	15.913521143429309
15	1	102.0	15.051146581465376
15	1	102.99999237060547	13.249434885969807
15	1	103.99999237060547	14.14901092702186
15	1	104.99999237060547	13.803885737129347
15	1	105.99999237060547	12.881709453887368
15	1	106.99999237060547	12.681282675335222
15	1	108.0	12.5168834371076
15	1	108.99999237060547	11.979718087190069
15	1	109.99999237060547	10.85560128472114
15	1	110.99999237060547	10.60475404971596
15	1	111.99999237060547	10.950956701950041
15	1	112.99999237060547	10.535964653263822
15	1	114.0	11.414881079623878
15	1	115.0	10.841455109176398
15	1	115.99999237060547	10.055424986660283
15	1	117.0	11.684727339579096
15	1	117.99999237060547	10.779698246248435
15	1	118.99999237060547	12.122957399368993
15	1	120.0	11.966667303233468
15	1	120.99999237060547	12.564222624471311
15	1	122.0	12.784932503537458
15	1	122.99999237060547	12.514304186922274
15	1	123.99998474121094	12.263237532090006
15	1	124.99999237060547	13.233054384792824
15	1	125.99999237060547	12.660579518187268
15	1	127.0	13.83414006005792
15	1	127.99999237060547	13.737156496485616
15	1	128.99998474121094	16.66760988629186
15	1	130.0	16.338171079601928
15	1	130.99998474121094	16.39873436697243
15	1	132.0	16.99811249494502
15	1	132.99998474121094	18.090700290431524
15	1	134.0	17.17332392262877
15	1	135.0	16.83798383249595
15	1	135.99998474121094	20.486551358806285
15	1	137.0	19.681784319849534
15	1	137.99998474121094	19.53504965836286
15	1	139.0	20.14479772104282
15	1	139.99998474121094	19.92129685592708
15	1	140.99998474121094	20.423595797678985
15	1	142.0	20.529911107204818
15	1	142.99998474121094	19.21687724870886
15	1	144.0	21.444690295575676
15	1	144.99998474121094	22.331388868721316
15	1	146.0	20.94324000482814
15	1	147.0	21.494537016138427
15	1	147.99998474121094	21.70509638032429
15	1	149.0	22.201482085802258
15	1	149.99998474121094	21.39516971654579
15	1	151.0	20.99968810322371
15	1	151.99998474121094	20.708576903061306
15	1	152.99998474121094	21.215370109287083
15	1	154.0	22.167952687166665
15	1	154.99998474121094	20.6509984083581
15	1	156.0	22.249308777917978
15	1	156.99998474121094	22.32612620796582
15	1	158.0	21.93854883106074
15	1	158.99998474121094	21.54870383135121
15	1	159.99998474121094	21.77487359288514
15	1	161.0	22.371704060297315
15	1	161.99998474121094	20.550884910598636
15	1	163.0	22.08156957718622
15	1	163.99998474121094	23.27134754946742
15	1	164.99998474121094	21.608944392283433
15	1	166.0	21.793685641406647
15	1	166.99998474121094	19.292443046591295
15	1	168.0	17.957877016736873
15	1	168.99998474121094	16.682614104351085
15	1	169.99998474121094	15.634021264855924
15	1	170.99998474121094	13.426542544921885
15	1	171.99998474121094	11.974627888711117
15	1	173.0	9.111351116939241
15	1	173.99998474121094	9.7234581562038
15	1	175.0	7.850148148959925
15	1	175.99998474121094	7.80185529643335
15	1	176.99998474121094	7.053397190767829
15	1	178.0	5.242504867254117
15	1	178.99998474121094	4.665761132417302
15	2	0.0	5.430904963338341
15	2	0.9999999403953552	7.249414228437086
15	2	1.9999998807907104	7.5260582341637585
15	2	3.0	8.041393445720281
15	2	3.999999761581421	7.058971478904206
15	2	4.999999523162842	8.442259809429268
15	2	6.0	9.273130977620164
15	2	6.999999523162842	10.58235956697478
15	2	7.999999523162842	9.733861388083374
15	2	9.0	11.103602892163364
15	2	9.999999046325684	11.890671203433321
15	2	10.999999046325684	12.870020438896537
15	2	12.0	13.861206392191386
15	2	12.999999046325684	13.478626152437817
15	2	13.999999046325684	13.754964507199132
15	2	15.0	14.20350046867293
15	2	15.999999046325684	13.131572287878422
15	2	16.999998092651367	14.506444117798736
15	2	18.0	14.118905160707737
15	2	18.999998092651367	14.924735147854072
15	2	19.999998092651367	13.943604086791128
15	2	21.0	14.144992214468955
15	2	21.999998092651367	14.706283500082263
15	2	22.999998092651367	15.324475384123653
15	2	24.0	14.556340357232973
15	2	24.999998092651367	15.773688388098929
15	2	25.999998092651367	16.29693039739339
15	2	27.0	15.526380898631109
15	2	27.999998092651367	17.071391887002793
15	2	28.999998092651367	18.728885845720836
15	2	30.0	19.0157247625574
15	2	30.999996185302734	18.288222531039125
15	2	31.999998092651367	19.650158836445083
15	2	33.0	19.703517981788515
15	2	33.999996185302734	18.516212537986856
15	2	34.999996185302734	18.37543380145643
15	2	36.0	17.184190753598262
15	2	36.999996185302734	16.340052796718265
15	2	37.999996185302734	13.433477748250386
15	2	39.0	13.995377774473472
15	2	39.999996185302734	12.450014177585883
15	2	40.999996185302734	10.592779020553634
15	2	42.0	11.10185009486761
15	2	42.999996185302734	9.985013420280266
15	2	43.999996185302734	10.137237846312342
15	2	45.0	9.16718022944128
15	2	45.999996185302734	9.18843321681742
15	2	46.999996185302734	9.196736165527218
15	2	48.0	9.752889441337384
15	2	48.999996185302734	9.54813915304062
15	2	49.999996185302734	11.589549507268615
15	2	51.0	11.874582692843356
15	2	51.999996185302734	11.461316974469856
15	2	52.999996185302734	12.705021851569247
15	2	54.0	14.40205662916614
15	2	54.999996185302734	15.183177553216307
15	2	55.999996185302734	16.31594905913729
15	2	57.0	17.345762293509498
15	2	57.999996185302734	16.29516308594565
15	2	58.999996185302734	18.39731772755715
15	2	60.0	19.131436704833877
15	2	61.0	19.370240608785036
15	2	61.99999237060547	20.192120686707252
15	2	62.999996185302734	18.042554286972106
15	2	63.999996185302734	18.173569268083998
15	2	65.0	19.737783333307174
15	2	66.0	18.807347643811358
15	2	67.0	20.624749991377737
15	2	67.99999237060547	19.32900846431296
15	2	68.99999237060547	19.922075497492457
15	2	69.99999237060547	20.683201042747417
15	2	71.0	20.20421524418005
15	2	72.0	19.762103929394296
15	2	73.0	20.309745081951334
15	2	73.99999237060547	22.992469218108507
15	2	74.99999237060547	24.334208654138738
15	2	75.99999237060547	24.446228879168824
15	2	77.0	22.081982803631007
15	2	78.0	22.575605697589705
15	2	79.0	23.580130156559942
15	2	79.99999237060547	22.52021115587361
15	2	80.99999237060547	22.384541400842355
15	2	81.99999237060547	22.400488185007042
15	2	83.0	21.055272182689276
15	2	84.0	20.88076767958462
15	2	84.99999237060547	22.832017829221154
15	2	85.99999237060547	20.145040192758355
15	2	86.99999237060547	18.923310595539835
15	2	87.99999237060547	19.595725643854664
15	2	89.0	18.31270192902445
15	2	90.0	17.7802784379382
15	2	90.99999237060547	17.192294773048484
15	2	91.99999237060547	17.10181867220791
15	2	92.99999237060547	17.806728345499074
15	2	93.99999237060547	16.82226585966846
15	2	95.0	18.673684256848794
15	2	96.0	17.013825345130634
15	2	96.99999237060547	18.183903344298226
15	2	97.99999237060547	16.575728474029553
15	2	98.99999237060547	17.052726687548443
15	2	99.99999237060547	15.897823661169326
15	2	100.99999237060547	16.286775613644874
15	2	102.0	16.215990948181446
15	2	102.99999237060547	13.97551387681978
15	2	103.99999237060547	16.015111669596784
15	2	104.99999237060547	13.623955502502763
15	2	105.99999237060547	14.818634989287094
15	2	106.99999237060547	13.449408310715794
15	2	108.0	12.722701796235825
15	2	108.99999237060547	12.987161598256842
15	2	109.99999237060547	12.807488349497778
15	2	110.99999237060547	12.090144316822604
15	2	111.99999237060547	11.536623225163833
15	2	112.99999237060547	12.204072725952063
15	2	114.0	10.655194996736503
15	2	115.0	11.481918532553907
15	2	115.99999237060547	12.546513651500762
15	2	117.0	11.107210939592424
15	2	117.99999237060547	13.003782863602067
15	2	118.99999237060547	11.792191828432784
15	2	120.0	13.440069734573095
15	2	120.99999237060547	12.405636731001017
15	2	122.0	13.662103816564576
15	2	122.99999237060547	13.51545794753711
15	2	123.99998474121094	13.655259113242577
15	2	124.99999237060547	13.883822002306946
15	2	125.99999237060547	15.301336410762943
15	2	127.0	16.0446727283246
15	2	127.99999237060547	15.974408864785387
15	2	128.99998474121094	16.71611959732458
15	2	130.0	16.63498207262671
15	2	130.99998474121094	17.673893118973375
15	2	132.0	18.30397123971788
15	2	132.99998474121094	16.773011658016202
15	2	134.0	17.993086641908288
15	2	135.0	20.203376838459434
15	2	135.99998474121094	19.32481985080445
15	2	137.0	19.939277328917136
15	2	137.99998474121094	20.249349134215496
15	2	139.0	21.321965456568886
15	2	139.99998474121094	21.982933107834775
15	2	140.99998474121094	20.659604446712315
15	2	142.0	21.339389269141588
15	2	142.99998474121094	20.402229258407893
15	2	144.0	22.088529539950464
15	2	144.99998474121094	22.022947771087292
15	2	146.0	22.543592600949857
15	2	147.0	21.653583093604052
15	2	147.99998474121094	22.121748164978822
15	2	149.0	21.146919660972507
15	2	149.99998474121094	22.075656340912282
15	2	151.0	23.30241124981264
15	2	151.99998474121094	20.627972133118693
15	2	152.99998474121094	21.158090435360062
15	2	154.0	20.219890528325234
15	2	154.99998474121094	20.912049945983277
15	2	156.0	21.835037314189194
15	2	156.99998474121094	21.21396992050723
15	2	158.0	23.752628291595908
15	2	158.99998474121094	22.712158254571186
15	2	159.99998474121094	23.16130978684393
15	2	161.0	24.039489406547272
15	2	161.99998474121094	22.758468644691163
15	2	163.0	22.849194047436445
15	2	163.99998474121094	22.017743166939745
15	2	164.99998474121094	22.04256407438357
15	2	166.0	22.28049200657367
15	2	166.99998474121094	18.137108010747177
15	2	168.0	17.294576855869423
15	2	168.99998474121094	17.918547079948645
15	2	169.99998474121094	14.477246766644225
15	2	170.99998474121094	13.609105817473509
15	2	171.99998474121094	11.25600234179292
15	2	173.0	11.131598130023953
15	2	173.99998474121094	8.401504070651804
15	2	175.0	8.794270683778802
15	2	175.99998474121094	6.956216832370064
15	2	176.99998474121094	6.593418528000143
15	2	178.0	6.260686716356618
15	2	178.99998474121094	6.077256436667225
25	1	0.0	20.809079721603457
25	1	0.9999999403953552	20.546682636711786
25	1	1.9999998807907104	21.828017587269716
25	1	3.0	21.090340081435414
25	1	3.999999761581421	22.215051964135778
25	1	4.999999523162842	20.902585011340932
25	1	6.0	21.32311463589674
25	1	6.999999523162842	22.751590644196963
25	1	7.999999523162842	21.257114517946906
25	1	9.0	20.021722834841068
25	1	9.999999046325684	18.94761923879591
25	1	10.999999046325684	18.697606994416763
25	1	12.0	18.138404039142188
25	1	12.999999046325684	16.40856471673537
25	1	13.999999046325684	14.568817405299292
25	1	15.0	13.8680365813614
25	1	15.999999046325684	12.431703294194724
25	1	16.999998092651367	10.70043304715679
25	1	18.0	9.960212149630305
25	1	18.999998092651367	9.48846976667774
25	1	19.999998092651367	9.209458246630012
25	1	21.0	7.730753880947163
25	1	21.999998092651367	7.710603115348333
25	1	22.999998092651367	7.33363814486616
25	1	24.0	6.020096717937505
25	1	24.999998092651367	5.610246094149011
25	1	25.999998092651367	5.795618281996804
25	1	27.0	5.853492182381615
25	1	27.999998092651367	6.144815545295114
25	1	28.999998092651367	6.448587781744608
25	1	30.0	6.823151513846699
25	1	30.999996185302734	6.492545171695517
25	1	31.999998092651367	6.5841640485615995
25	1	33.0	7.184119327519057
25	1	33.999996185302734	6.835112028857037
25	1	34.999996185302734	7.348861782752472
25	1	36.0	7.536621121715184
25	1	36.999996185302734	7.813358188769298
25	1	37.999996185302734	7.825870241555115
25	1	39.0	8.958083379511448
25	1	39.999996185302734	8.912695064929421
25	1	40.999996185302734	9.27644361936762
25	1	42.0	9.867097034449166
25	1	42.999996185302734	9.603471369280538
25	1	43.999996185302734	9.987059915710331
25	1	45.0	10.156071239175004
25	1	45.999996185302734	10.099149296405765
25	1	46.999996185302734	11.528256243430567
25	1	48.0	12.024813557411433
25	1	48.999996185302734	13.174161932448035
25	1	49.999996185302734	13.55427903523217
25	1	51.0	13.017084657010667
25	1	51.999996185302734	15.26643585165147
25	1	52.999996185302734	15.045422882940905
25	1	54.0	14.946736894717976
25	1	54.999996185302734	16.379994035437207
25	1	55.999996185302734	18.094234913327007
25	1	57.0	19.349574163903867
25	1	57.999996185302734	18.113934886440617
25	1	58.999996185302734	18.921570604848775
25	1	60.0	18.604639582076427
25	1	61.0	17.51894003236788
25	1	61.99999237060547	18.131963170754865
25	1	62.999996185302734	17.05255934791378
25	1	63.999996185302734	18.665194331710467
25	1	65.0	16.703637426616382
25	1	66.0	18.746164516773675
25	1	67.0	16.949240783886285
25	1	67.99999237060547	16.137904810495275
25	1	68.99999237060547	18.33427849661252
25	1	69.99999237060547	16.92198320645606
25	1	71.0	15.891562085247717
25	1	72.0	16.398473112236676
25	1	73.0	16.004089451823678
25	1	73.99999237060547	16.60834433486366
25	1	74.99999237060547	14.189263793121684
25	1	75.99999237060547	12.273594660192684
25	1	77.0	14.16204890437377
25	1	78.0	11.136024092606123
25	1	79.0	11.176367458712448
25	1	79.99999237060547	10.23654367420245
25	1	80.99999237060547	8.388371324425162
25	1	81.99999237060547	7.4246222410262535
25	1	83.0	5.743644811281238
25	1	84.0	6.09657349230049
25	1	84.99999237060547	5.479001447926278
25	1	85.99999237060547	4.023178642849794
25	1	86.99999237060547	3.8067769056026344
25	1	87.99999237060547	3.5329460840403604
25	1	89.0	4.551449378920676
25	1	90.0	4.1804275267900595
25	1	90.99999237060547	3.474627794472676
25	1	91.99999237060547	4.499999271450262
25	1	92.99999237060547	5.230003913525701
25	1	93.99999237060547	5.603887614918553
25	1	95.0	6.949434881411065
25	1	96.0	7.869735423952229
25	1	96.99999237060547	8.124880555492641
25	1	97.99999237060547	9.67904058225756
25	1	98.99999237060547	12.104211091418245
25	1	99.99999237060547	13.187833409845462
25	1	100.99999237060547	14.337342294327561
25	1	102.0	16.561180171097426
25	1	102.99999237060547	19.811320565006117
25	1	103.99999237060547	19.791434469237625
25	1	104.99999237060547	19.278581177670755
25	1	105.99999237060547	18.655293972508534
25	1	106.99999237060547	19.020203659105636
25	1	108.0	16.749145269508887
25	1	108.99999237060547	16.788121744007565
25	1	109.99999237060547	15.634943340393876
25	1	110.99999237060547	14.578868028662967
25	1	111.99999237060547	13.51650552780106
25	1	112.99999237060547	12.111535615529437
25	1	114.0	12.266633843654795
25	1	115.0	12.079680467014144
25	1	115.99999237060547	12.082485967215728
25	1	117.0	9.32342336802626
25	1	117.99999237060547	10.239197202695
25	1	118.99999237060547	9.712010759154857
25	1	120.0	9.620969460160465
25	1	120.99999237060547	9.604080963663963
25	1	122.0	10.233486310775222
25	1	122.99999237060547	10.108942933901917
25	1	123.99998474121094	9.888434545416287
25	1	124.99999237060547	9.551328851383015
25	1	125.99999237060547	9.265862802569623
25	1	127.0	10.346764998159884
25	1	127.99999237060547	9.495857470038755
25	1	128.99998474121094	10.895520325325279
25	1	130.0	10.524314911860719
25	1	130.99998474121094	10.78762126568565
25	1	132.0	10.525160147770508
25	1	132.99998474121094	11.202558672858508
25	1	134.0	11.815970278254538
25	1	135.0	12.038171699880685
25	1	135.99998474121094	11.920169082911313
25	1	137.0	12.626722270471513
25	1	137.99998474121094	12.845708380545878
25	1	139.0	13.422650190868623
25	1	139.99998474121094	12.893216615091546
25	1	140.99998474121094	13.438957267512029
25	1	142.0	13.324344985691923
25	1	142.99998474121094	14.04840480186851
25	1	144.0	12.818483246514207
25	1	144.99998474121094	12.222573147092689
25	1	146.0	11.782684205108126
25	1	147.0	11.915750804291962
25	1	147.99998474121094	11.277420107482786
25	1	149.0	11.243343439939947
25	1	149.99998474121094	10.99076645952746
25	1	151.0	10.20671709187065
25	1	151.99998474121094	9.825582290900183
25	1	152.99998474121094	9.813917181571448
25	1	154.0	9.649308768800493
25	1	154.99998474121094	9.291387219497961
25	1	156.0	10.814817371413348
25	1	156.99998474121094	10.393252973198283
25	1	158.0	9.852273816402947
25	1	158.99998474121094	10.96091938662815
25	1	159.99998474121094	11.495687340147008
25	1	161.0	12.281556953217626
25	1	161.99998474121094	12.955887015820998
25	1	163.0	13.263691198314916
25	1	163.99998474121094	14.759555560513776
25	1	164.99998474121094	15.66736112574205
25	1	166.0	16.654005857012486
25	1	166.99998474121094	17.128145636363723
25	1	168.0	18.945064748046324
25	1	168.99998474121094	19.477078427782374
25	1	169.99998474121094	19.03569794323781
25	1	170.99998474121094	19.064306190576406
25	1	171.99998474121094	19.17227269833409
25	1	173.0	19.329392662453774
25	1	173.99998474121094	19.267890224072392
25	1	175.0	19.242131873164983
25	1	175.99998474121094	19.227344513611904
25	1	176.99998474121094	20.694434996384793
25	1	178.0	19.72245809635696
25	1	178.99998474121094	20.680262353857017
25	2	0.0	23.286119541094866
25	2	0.9999999403953552	22.461270038430985
25	2	1.9999998807907104	24.269135734368735
25	2	3.0	22.784030627659938
25	2	3.999999761581421	23.797278945747575
25	2	4.999999523162842	21.878327053148737
25	2	6.0	23.3946444168172
25	2	6.999999523162842	22.72795306702684
25	2	7.999999523162842	22.109248918797697
25	2	9.0	22.65393942963329
25	2	9.999999046325684	21.088224430340002
25	2	10.999999046325684	19.96999098206739
25	2	12.0	18.702852579699332
25	2	12.999999046325684	18.308052277746963
25	2	13.999999046325684	16.584594059572233
25	2	15.0	16.041194454489773
25	2	15.999999046325684	14.026428668213995
25	2	16.999998092651367	13.318622140941098
25	2	18.0	11.653295662792344
25	2	18.999998092651367	10.105224749672491
25	2	19.999998092651367	8.972208210715035
25	2	21.0	8.479004519616645
25	2	21.999998092651367	7.919935606804531
25	2	22.999998092651367	6.987092702513107
25	2	24.0	6.990748561266356
25	2	24.999998092651367	7.185650997440432
25	2	25.999998092651367	6.956955773460895
25	2	27.0	6.666121622846698
25	2	27.999998092651367	7.1241370331148275
25	2	28.999998092651367	5.886265991340275
25	2	30.0	6.419192355104165
25	2	30.999996185302734	6.061570480351468
25	2	31.999998092651367	6.6182027231771805
25	2	33.0	6.321051074467545
25	2	33.999996185302734	7.530631899586728
25	2	34.999996185302734	7.858127517457793
25	2	36.0	7.393649040687538
25	2	36.999996185302734	8.256143984735592
25	2	37.999996185302734	9.023622459692305
25	2	39.0	8.249020951204916
25	2	39.999996185302734	8.462692320331362
25	2	40.999996185302734	8.901450012234642
25	2	42.0	9.290366106217045
25	2	42.999996185302734	9.65563267019828
25	2	43.999996185302734	9.844084419588102
25	2	45.0	11.132228214974887
25	2	45.999996185302734	11.266579743496331
25	2	46.999996185302734	11.775737902722224
25	2	48.0	12.432722699928348
25	2	48.999996185302734	12.767944115524344
25	2	49.999996185302734	14.121408425038547
25	2	51.0	14.891688985102258
25	2	51.999996185302734	15.515954614863084
25	2	52.999996185302734	15.591720195778743
25	2	54.0	16.625730581395924
25	2	54.999996185302734	17.726133820840218
25	2	55.999996185302734	17.98199782979077
25	2	57.0	17.714951093621615
25	2	57.999996185302734	19.84767936950539
25	2	58.999996185302734	18.917515180029078
25	2	60.0	20.461885838166076
25	2	61.0	20.575480421799853
25	2	61.99999237060547	18.611244375003828
25	2	62.999996185302734	19.911527977866665
25	2	63.999996185302734	19.334250634500943
25	2	65.0	19.32650519998215
25	2	66.0	19.19510772827674
25	2	67.0	20.552063118230464
25	2	67.99999237060547	18.130093406469573
25	2	68.99999237060547	19.02799690494862
25	2	69.99999237060547	17.95608238453245
25	2	71.0	17.465840434212907
25	2	72.0	18.38338414165033
25	2	73.0	17.26628621232723
25	2	73.99999237060547	16.415627132337164
25	2	74.99999237060547	16.036607982462108
25	2	75.99999237060547	15.079688234459567
25	2	77.0	15.241123170587404
25	2	78.0	11.877074004343118
25	2	79.0	10.13579411507653
25	2	79.99999237060547	11.049882600567567
25	2	80.99999237060547	8.236829917310088
25	2	81.99999237060547	7.394921163420452
25	2	83.0	7.728089253397212
25	2	84.0	5.584226061619025
25	2	84.99999237060547	5.388053210259327
25	2	85.99999237060547	4.479416923273252
25	2	86.99999237060547	5.359760005396195
25	2	87.99999237060547	5.32651149829022
25	2	89.0	4.0417887739039635
25	2	90.0	5.270849298536024
25	2	90.99999237060547	3.861142650074997
25	2	91.99999237060547	5.4346824848361805
25	2	92.99999237060547	5.486107832870853
25	2	93.99999237060547	6.531442245245094
25	2	95.0	6.806101227244231
25	2	96.0	7.575665898105561
25	2	96.99999237060547	10.707240184438353
25	2	97.99999237060547	11.10839853873436
25	2	98.99999237060547	13.551941402988733
25	2	99.99999237060547	15.007337748128913
25	2	100.99999237060547	17.638441022086422
25	2	102.0	17.089136718466488
25	2	102.99999237060547	19.635026552338918
25	2	103.99999237060547	20.844215922241297
25	2	104.99999237060547	20.957260675646886
25	2	105.99999237060547	21.126159300990253
25	2	106.99999237060547	19.784380591372294
25	2	108.0	18.909918302124733
25	2	108.99999237060547	16.319174615972827
25	2	109.99999237060547	17.126578107949204
25	2	110.99999237060547	16.672124641333237
25	2	111.99999237060547	14.716340953635106
25	2	112.99999237060547	14.433303037071655
25	2	114.0	13.134703929612872
25	2	115.0	12.985457466058923
25	2	115.99999237060547	11.611624678666097
25	2	117.0	11.307613812482474
25	2	117.99999237060547	11.237223590443616
25	2	118.99999237060547	10.15261943232321
25	2	120.0	10.4061748373343
25	2	120.99999237060547	10.91125878872028
25	2	122.0	10.032776933146167
25	2	122.99999237060547	9.851235627649105
25	2	123.99998474121094	10.234720013694055
25	2	124.99999237060547	10.260581671212663
25	2	125.99999237060547	10.66316326617697
25	2	127.0	10.295214145399212
25	2	127.99999237060547	10.455785062597043
25	2	128.99998474121094	10.608003512213593
25	2	130.0	11.860655083352054
25	2	130.99998474121094	10.971187722271619
25	2	132.0	13.2700612034896
25	2	132.99998474121094	13.687079257038373
25	2	134.0	13.71282053247286
25	2	135.0	13.01510048705678
25	2	135.99998474121094	13.378285550888451
25	2	137.0	14.934512563650946
25	2	137.99998474121094	13.605314208710505
25	2	139.0	13.876635789526446
25	2	139.99998474121094	14.652654562266614
25	2	140.99998474121094	14.470925426567378
25	2	142.0	13.434039531309619
25	2	142.99998474121094	14.45380555741274
25	2	144.0	14.161068772227871
25	2	144.99998474121094	14.355976757930648
25	2	146.0	13.49135079486155
25	2	147.0	12.858798438090206
25	2	147.99998474121094	11.47186876296388
25	2	149.0	11.916847903427394
25	2	149.99998474121094	11.000268106436595
25	2	151.0	11.592380620679585
25	2	151.99998474121094	10.84855423704498
25	2	152.99998474121094	9.499769460885881
25	2	154.0	10.194511543823836
25	2	154.99998474121094	10.39292085524989
25	2	156.0	11.621994613373468
25	2	156.99998474121094	9.449916763907604
25	2	158.0	10.90872820363279
25	2	158.99998474121094	11.65424420531333
25	2	159.99998474121094	11.862650352363344
25	2	161.0	13.357377488065396
25	2	161.99998474121094	14.13684123746819
25	2	163.0	14.48521759740563
25	2	163.99998474121094	14.224001281466723
25	2	164.99998474121094	16.83301145478018
25	2	166.0	16.53678102783485
25	2	166.99998474121094	19.411230281541574
25	2	168.0	18.886687121210226
25	2	168.99998474121094	20.16598667539549
25	2	169.99998474121094	19.845317831599857
25	2	170.99998474121094	20.955734128367386
25	2	171.99998474121094	20.545181702641674
25	2	173.0	19.187958227763026
25	2	173.99998474121094	20.713037016589322
25	2	175.0	22.158142827971233
25	2	175.99998474121094	21.054515739238695
25	2	176.99998474121094	21.628734865403544
25	2	178.0	22.96122793284487
25	2	178.99998474121094	24.8233987553261
28	1	0.0	13.313395338678745
28	1	0.9999999403953552	13.73659727474732
28	1	1.9999998807907104	13.900373258213179
28	1	3.0	13.399493288261342
28	1	3.999999761581421	12.546364241112666
28	1	4.999999523162842	13.873885784611868
28	1	6.0	14.270183605539764
28	1	6.999999523162842	13.95808323405791
28	1	7.999999523162842	14.239434093896367
28	1	9.0	14.276927563571505
28	1	9.999999046325684	17.322507206932897
28	1	10.999999046325684	17.066549282881255
28	1	12.0	16.893217864766548
28	1	12.999999046325684	17.295048138922155
28	1	13.999999046325684	17.58854649019948
28	1	15.0	16.40579507502693
28	1	15.999999046325684	17.899733323879847
28	1	16.999998092651367	18.121103169974546
28	1	18.0	17.79959592045829
28	1	18.999998092651367	18.4799869221764
28	1	19.999998092651367	18.69027137124817
28	1	21.0	19.089031475371854
28	1	21.999998092651367	18.779205556883614
28	1	22.999998092651367	16.870724344282404
28	1	24.0	19.362425164827247
28	1	24.999998092651367	16.871421023577746
28	1	25.999998092651367	17.70535126274316
28	1	27.0	17.117555428055617
28	1	27.999998092651367	16.43129387874588
28	1	28.999998092651367	15.761428198538757
28	1	30.0	15.77499807687228
28	1	30.999996185302734	15.689210900896919
28	1	31.999998092651367	15.46715120569605
28	1	33.0	14.35004986127837
28	1	33.999996185302734	13.684795412534651
28	1	34.999996185302734	12.553511180305438
28	1	36.0	11.380514129041313
28	1	36.999996185302734	10.253569628255999
28	1	37.999996185302734	11.359255165249648
28	1	39.0	9.606246133630856
28	1	39.999996185302734	9.766975852726889
28	1	40.999996185302734	7.788609852085402
28	1	42.0	8.828006695636788
28	1	42.999996185302734	8.904990611545648
28	1	43.999996185302734	9.132242104289372
28	1	45.0	9.571904796257678
28	1	45.999996185302734	7.7772888135361065
28	1	46.999996185302734	9.06768144870712
28	1	48.0	9.80000664755307
28	1	48.999996185302734	9.247751702211689
28	1	49.999996185302734	10.167555348490735
28	1	51.0	11.30848722292259
28	1	51.999996185302734	11.771664548655957
28	1	52.999996185302734	11.779679775646967
28	1	54.0	12.852991069748404
28	1	54.999996185302734	14.593498293865133
28	1	55.999996185302734	14.519443675336563
28	1	57.0	14.910837420440389
28	1	57.999996185302734	16.28725884952865
28	1	58.999996185302734	16.561741954156663
28	1	60.0	16.761658176068348
28	1	61.0	18.459696137699588
28	1	61.99999237060547	18.81453812546009
28	1	62.999996185302734	18.7743117263433
28	1	63.999996185302734	18.81131256862455
28	1	65.0	19.554986980550122
28	1	66.0	18.756300517501977
28	1	67.0	19.235095070772577
28	1	67.99999237060547	17.078213538436344
28	1	68.99999237060547	16.917171338185785
28	1	69.99999237060547	16.66674586736185
28	1	71.0	17.66420278808842
28	1	72.0	16.610347287837765
28	1	73.0	14.066451869202977
28	1	73.99999237060547	14.27289945950849
28	1	74.99999237060547	13.430494663130382
28	1	75.99999237060547	13.897597640089215
28	1	77.0	13.371412673036126
28	1	78.0	12.477307613509254
28	1	79.0	10.912879251100867
28	1	79.99999237060547	11.349263452267566
28	1	80.99999237060547	10.821343617165294
28	1	81.99999237060547	10.084130564194552
28	1	83.0	9.494518752961433
28	1	84.0	9.628250441815698
28	1	84.99999237060547	8.43372975692957
28	1	85.99999237060547	8.995744188821252
28	1	86.99999237060547	8.97884886213558
28	1	87.99999237060547	8.862890179275334
28	1	89.0	9.44673560330167
28	1	90.0	9.704459985027409
28	1	90.99999237060547	9.508970579471534
28	1	91.99999237060547	9.808455591556376
28	1	92.99999237060547	10.509298740970445
28	1	93.99999237060547	10.706334330599681
28	1	95.0	11.41979369318441
28	1	96.0	12.516070644596368
28	1	96.99999237060547	13.706517975416231
28	1	97.99999237060547	14.300665886031885
28	1	98.99999237060547	15.021525758582323
28	1	99.99999237060547	15.70608829833602
28	1	100.99999237060547	17.605891755596726
28	1	102.0	18.577281259355942
28	1	102.99999237060547	19.081067474799617
28	1	103.99999237060547	20.510574841664514
28	1	104.99999237060547	22.52882060932241
28	1	105.99999237060547	22.46967287865739
28	1	106.99999237060547	23.817969296290833
28	1	108.0	23.20933796954017
28	1	108.99999237060547	23.398877426555316
28	1	109.99999237060547	22.784443854104723
28	1	110.99999237060547	21.352252222896013
28	1	111.99999237060547	22.502281909302326
28	1	112.99999237060547	21.693232341735975
28	1	114.0	21.4111796799603
28	1	115.0	20.621539802467833
28	1	115.99999237060547	21.113972535963658
28	1	117.0	20.608553905308344
28	1	117.99999237060547	20.561159222657626
28	1	118.99999237060547	19.507809156405553
28	1	120.0	20.743156443281787
28	1	120.99999237060547	19.536801601884964
28	1	122.0	19.950291008953783
28	1	122.99999237060547	17.609238548290033
28	1	123.99998474121094	18.97661851446449
28	1	124.99999237060547	18.50833562232654
28	1	125.99999237060547	17.877513010962502
28	1	127.0	17.257085947515225
28	1	127.99999237060547	16.58515071998959
28	1	128.99998474121094	16.06879183383121
28	1	130.0	15.74845596175761
28	1	130.99998474121094	15.014309663724205
28	1	132.0	15.140663040727564
28	1	132.99998474121094	15.731870554905527
28	1	134.0	14.404727233131615
28	1	135.0	14.261143850173251
28	1	135.99998474121094	15.280922682881068
28	1	137.0	14.489004937300402
28	1	137.99998474121094	13.353886407625874
28	1	139.0	15.006869880170768
28	1	139.99998474121094	14.492800814931636
28	1	140.99998474121094	13.775358598287143
28	1	142.0	14.446377726690352
28	1	142.99998474121094	13.712736008881881
28	1	144.0	13.73013762333978
28	1	144.99998474121094	14.13857695929102
28	1	146.0	13.041982404082656
28	1	147.0	14.010206968935215
28	1	147.99998474121094	13.948581587148775
28	1	149.0	12.789065621758962
28	1	149.99998474121094	12.26525243789516
28	1	151.0	13.724508693690044
28	1	151.99998474121094	12.711800814320485
28	1	152.99998474121094	11.70724391195169
28	1	154.0	13.069974226848661
28	1	154.99998474121094	12.34739741549561
28	1	156.0	11.78710675259571
28	1	156.99998474121094	12.07682971680931
28	1	158.0	11.87648575430085
28	1	158.99998474121094	11.69039554281656
28	1	159.99998474121094	11.87680933451278
28	1	161.0	12.086353561833247
28	1	161.99998474121094	12.318355451144717
28	1	163.0	13.3746757959121
28	1	163.99998474121094	13.894588087986177
28	1	164.99998474121094	13.995046510298726
28	1	166.0	12.920345272701192
28	1	166.99998474121094	13.959753215309977
28	1	168.0	14.183881604055713
28	1	168.99998474121094	14.229726687538486
28	1	169.99998474121094	13.957006625489985
28	1	170.99998474121094	14.074975091513506
28	1	171.99998474121094	15.35314339561749
28	1	173.0	14.368940456975333
28	1	173.99998474121094	14.602934200203507
28	1	175.0	13.71761959413844
28	1	175.99998474121094	14.842345990990793
28	1	176.99998474121094	12.80543587765219
28	1	178.0	13.79603614222571
28	1	178.99998474121094	13.45414248558426
28	2	0.0	13.451702400503272
28	2	0.9999999403953552	14.233494390639395
28	2	1.9999998807907104	13.604538128466062
28	2	3.0	13.778858216463128
28	2	3.999999761581421	14.573588292434547
28	2	4.999999523162842	15.425311174387843
28	2	6.0	14.172505923993057
28	2	6.999999523162842	15.446273024950614
28	2	7.999999523162842	16.9328380845945
28	2	9.0	16.620546467815885
28	2	9.999999046325684	18.111322339083085
28	2	10.999999046325684	17.557721846475214
28	2	12.0	17.590708245071788
28	2	12.999999046325684	17.84102955551088
28	2	13.999999046325684	18.30718313617508
28	2	15.0	18.237192480202665
28	2	15.999999046325684	19.500748448351054
28	2	16.999998092651367	19.66831006416439
28	2	18.0	20.268439512945683
28	2	18.999998092651367	18.943739691347343
28	2	19.999998092651367	18.308021541895698
28	2	21.0	18.59274993027873
28	2	21.999998092651367	20.832980261056626
28	2	22.999998092651367	19.91680259145321
28	2	24.0	20.48289208495845
28	2	24.999998092651367	18.74707293193329
28	2	25.999998092651367	19.027902989847533
28	2	27.0	18.840598712238272
28	2	27.999998092651367	17.64299505071553
28	2	28.999998092651367	19.190058510932804
28	2	30.0	16.613315005032135
28	2	30.999996185302734	16.83762183246994
28	2	31.999998092651367	15.66527450295061
28	2	33.0	14.791143477877792
28	2	33.999996185302734	13.724265368200863
28	2	34.999996185302734	14.050007335002526
28	2	36.0	12.641926271563962
28	2	36.999996185302734	11.995030517535591
28	2	37.999996185302734	12.06495628671089
28	2	39.0	11.062861667537884
28	2	39.999996185302734	10.633115556470791
28	2	40.999996185302734	9.849507589789091
28	2	42.0	10.132809322409233
28	2	42.999996185302734	9.48882322896729
28	2	43.999996185302734	9.409474360058312
28	2	45.0	9.74144033674115
28	2	45.999996185302734	9.691544097306913
28	2	46.999996185302734	11.498721651685786
28	2	48.0	10.314348066585357
28	2	48.999996185302734	10.851790039164273
28	2	49.999996185302734	11.095735368013155
28	2	51.0	11.410213499099822
28	2	51.999996185302734	13.321472891145932
28	2	52.999996185302734	13.570724423206268
28	2	54.0	14.656535817262474
28	2	54.999996185302734	14.491602116732299
28	2	55.999996185302734	15.761571632511327
28	2	57.0	16.196366107148705
28	2	57.999996185302734	17.760438445946605
28	2	58.999996185302734	17.292478280246936
28	2	60.0	19.657132459587665
28	2	61.0	19.916252761225024
28	2	61.99999237060547	20.734676763427217
28	2	62.999996185302734	20.573525280149934
28	2	63.999996185302734	21.358706751661675
28	2	65.0	20.70141886481113
28	2	66.0	20.949937005309337
28	2	67.0	20.397359333529675
28	2	67.99999237060547	20.541698306164967
28	2	68.99999237060547	20.28444606126561
28	2	69.99999237060547	18.899865971213767
28	2	71.0	18.895294867111733
28	2	72.0	18.004131057796197
28	2	73.0	17.445310593115142
28	2	73.99999237060547	17.47332461399595
28	2	74.99999237060547	15.259284643590467
28	2	75.99999237060547	14.728882888498541
28	2	77.0	14.38292356175364
28	2	78.0	13.087643926231484
28	2	79.0	12.931209542349743
28	2	79.99999237060547	12.60925064657462
28	2	80.99999237060547	10.93005461554251
28	2	81.99999237060547	11.78411171464466
28	2	83.0	10.354422493993114
28	2	84.0	10.68603330083911
28	2	84.99999237060547	9.75381493196992
28	2	85.99999237060547	10.312844571194308
28	2	86.99999237060547	9.553272040201882
28	2	87.99999237060547	9.618359474123874
28	2	89.0	9.600265449238863
28	2	90.0	9.967873914331767
28	2	90.99999237060547	9.809819921843086
28	2	91.99999237060547	10.276086200628592
28	2	92.99999237060547	11.747910858269945
28	2	93.99999237060547	12.109671827659671
28	2	95.0	12.27829895298353
28	2	96.0	13.842308112531608
28	2	96.99999237060547	13.906954999252132
28	2	97.99999237060547	14.977394198807579
28	2	98.99999237060547	16.645992337568767
28	2	99.99999237060547	19.054863454048864
28	2	100.99999237060547	18.819549776763587
28	2	102.0	21.214600005458163
28	2	102.99999237060547	21.743125166075625
28	2	103.99999237060547	23.51430933107582
28	2	104.99999237060547	23.69335761752583
28	2	105.99999237060547	26.25448731098385
28	2	106.99999237060547	25.464813282545535
28	2	108.0	25.43155367638216
28	2	108.99999237060547	25.392655749058935
28	2	109.99999237060547	26.089171119860154
28	2	110.99999237060547	25.024867137726673
28	2	111.99999237060547	23.370595320749583
28	2	112.99999237060547	22.72112287785683
28	2	114.0	23.141551757122375
28	2	115.0	22.90523745712369
28	2	115.99999237060547	21.30271286084591
28	2	117.0	21.217154496207748
28	2	117.99999237060547	20.52491140873237
28	2	118.99999237060547	20.484553528474056
28	2	120.0	19.93370730964899
28	2	120.99999237060547	18.589534618726944
28	2	122.0	18.88596653625279
28	2	122.99999237060547	19.61455647539639
28	2	123.99998474121094	18.723394373628146
28	2	124.99999237060547	17.477555916186773
28	2	125.99999237060547	17.451225536936374
28	2	127.0	17.993609151379793
28	2	127.99999237060547	17.45744442417567
28	2	128.99998474121094	17.817642987792755
28	2	130.0	17.425808695487465
28	2	130.99998474121094	16.740161863203028
28	2	132.0	17.236533908302654
28	2	132.99998474121094	15.091603499466654
28	2	134.0	16.289429142137422
28	2	135.0	14.92609094040432
28	2	135.99998474121094	16.464959881164873
28	2	137.0	16.895415478132
28	2	137.99998474121094	15.667070842702323
28	2	139.0	15.23308574548159
28	2	139.99998474121094	16.375702969091147
28	2	140.99998474121094	16.077976730717584
28	2	142.0	15.294344004600143
28	2	142.99998474121094	14.738277813701893
28	2	144.0	15.8727295461587
28	2	144.99998474121094	13.691085162986587
28	2	146.0	14.501681768399944
28	2	147.0	13.883618804179138
28	2	147.99998474121094	14.422407177798192
28	2	149.0	14.5776078587611
28	2	149.99998474121094	14.81404168707026
28	2	151.0	14.785266100096997
28	2	151.99998474121094	13.52099979227493
28	2	152.99998474121094	12.72072787156569
28	2	154.0	12.989544480503529
28	2	154.99998474121094	12.781490941969418
28	2	156.0	13.326378674517294
28	2	156.99998474121094	12.511533691440187
28	2	158.0	13.712131537140335
28	2	158.99998474121094	12.587899475229161
28	2	159.99998474121094	13.024445039615003
28	2	161.0	14.067923774969115
28	2	161.99998474121094	13.456598792364526
28	2	163.0	13.867469675660288
28	2	163.99998474121094	13.766742314649171
28	2	164.99998474121094	14.814581272014692
28	2	166.0	15.056938581881546
28	2	166.99998474121094	15.362616867996298
28	2	168.0	15.323601119909892
28	2	168.99998474121094	14.846664378093534
28	2	169.99998474121094	16.374801384120705
28	2	170.99998474121094	15.561742495511556
28	2	171.99998474121094	15.056916383766744
28	2	173.0	15.385465558317282
28	2	173.99998474121094	14.856233473120723
28	2	175.0	14.581381538277531
28	2	175.99998474121094	15.180015175630592
28	2	176.99998474121094	14.632969957078638
28	2	178.0	13.861197854454923
28	2	178.99998474121094	13.977638919425301
7	1	0.0	9.596809373518838
7	1	0.9999999403953552	7.362629736571925
7	1	1.9999998807907104	8.389034706548298
7	1	3.0	8.64958934791136
7	1	3.999999761581421	8.610091217714823
7	1	4.999999523162842	9.324401792624865
7	1	6.0	10.542307337681825
7	1	6.999999523162842	10.867597658224621
7	1	7.999999523162842	7.886166297774341
7	1	9.0	10.094911164025772
7	1	9.999999046325684	10.205787332369882
7	1	10.999999046325684	10.24217601894677
7	1	12.0	10.834177542615748
7	1	12.999999046325684	10.219191578616032
7	1	13.999999046325684	10.763239197895995
7	1	15.0	10.337722681472433
7	1	15.999999046325684	10.032870848247253
7	1	16.999998092651367	9.158212191061054
7	1	18.0	9.615868162624112
7	1	18.999998092651367	8.921838980680775
7	1	19.999998092651367	8.618373675857109
7	1	21.0	9.073318062319672
7	1	21.999998092651367	8.77860735246467
7	1	22.999998092651367	8.080587632498753
7	1	24.0	7.7658012891257915
7	1	24.999998092651367	7.820911524217686
7	1	25.999998092651367	7.757864609310237
7	1	27.0	7.715693313827285
7	1	27.999998092651367	7.755325486486284
7	1	28.999998092651367	7.332017682485574
7	1	30.0	7.547793603650032
7	1	30.999996185302734	7.185988238030702
7	1	31.999998092651367	7.024532384448532
7	1	33.0	7.458726229325773
7	1	33.999996185302734	7.098002168029421
7	1	34.999996185302734	8.079044009746331
7	1	36.0	7.08750544793558
7	1	36.999996185302734	7.047411383733959
7	1	37.999996185302734	7.884936009950093
7	1	39.0	7.177666506300687
7	1	39.999996185302734	7.33889482920613
7	1	40.999996185302734	6.919797836828733
7	1	42.0	7.1766530769825865
7	1	42.999996185302734	7.400848913846378
7	1	43.999996185302734	7.654908899082403
7	1	45.0	7.831260114583901
7	1	45.999996185302734	8.146927552359795
7	1	46.999996185302734	8.359589761036373
7	1	48.0	8.096058010968832
7	1	48.999996185302734	8.143820670061086
7	1	49.999996185302734	8.932245627654936
7	1	51.0	9.16723060208641
7	1	51.999996185302734	8.854385739985023
7	1	52.999996185302734	9.188370891341245
7	1	54.0	9.799514873932829
7	1	54.999996185302734	10.200418803682252
7	1	55.999996185302734	10.61531522972009
7	1	57.0	10.629290650535584
7	1	57.999996185302734	9.791478302600662
7	1	58.999996185302734	9.966059645333482
7	1	60.0	10.511080566570172
7	1	61.0	10.465692251988145
7	1	61.99999237060547	10.178509264372144
7	1	62.999996185302734	10.4004690680564
7	1	63.999996185302734	9.407169171213432
7	1	65.0	9.428863559564686
7	1	66.0	10.09270928179209
7	1	67.0	9.360615455604272
7	1	67.99999237060547	9.399312746120627
7	1	68.99999237060547	9.419460950398518
7	1	69.99999237060547	10.713813387740846
7	1	71.0	9.57972109398911
7	1	72.0	9.690475172701808
7	1	73.0	10.786881043934349
7	1	73.99999237060547	11.282055244608287
7	1	74.99999237060547	10.529370959393821
7	1	75.99999237060547	11.486298391359178
7	1	77.0	10.98641648279981
7	1	78.0	11.835232265487619
7	1	79.0	12.330798348265187
7	1	79.99999237060547	11.720514969509024
7	1	80.99999237060547	11.099213641847985
7	1	81.99999237060547	12.247683483802595
7	1	83.0	11.665701847646025
7	1	84.0	12.501815186024904
7	1	84.99999237060547	11.624485071099583
7	1	85.99999237060547	10.851276921202876
7	1	86.99999237060547	11.460710795181019
7	1	87.99999237060547	12.51208864431025
7	1	89.0	10.792868558515512
7	1	90.0	11.113638147601405
7	1	90.99999237060547	11.32923477630015
7	1	91.99999237060547	11.744183282530411
7	1	92.99999237060547	10.537509983563536
7	1	93.99999237060547	11.196179276173716
7	1	95.0	10.625853357835775
7	1	96.0	10.928846525833064
7	1	96.99999237060547	11.417840259081787
7	1	97.99999237060547	10.811450941926177
7	1	98.99999237060547	11.090330980832382
7	1	99.99999237060547	10.722785694989303
7	1	100.99999237060547	10.458769855264338
7	1	102.0	11.217930867359268
7	1	102.99999237060547	9.698351234588477
7	1	103.99999237060547	10.450897208472252
7	1	104.99999237060547	9.695492800420828
7	1	105.99999237060547	9.168583833315717
7	1	106.99999237060547	9.952644300029931
7	1	108.0	8.95702811528468
7	1	108.99999237060547	9.452710311278139
7	1	109.99999237060547	9.005735901803336
7	1	110.99999237060547	9.142707661645124
7	1	111.99999237060547	9.027250997688874
7	1	112.99999237060547	9.03452002651306
7	1	114.0	9.307339126304527
7	1	115.0	9.904547815441992
7	1	115.99999237060547	9.943833356000614
7	1	117.0	9.270363043459016
7	1	117.99999237060547	10.285108880522179
7	1	118.99999237060547	10.825527961805573
7	1	120.0	10.351800555125475
7	1	120.99999237060547	11.194580158134288
7	1	122.0	11.907454685771334
7	1	122.99999237060547	11.355737617827092
7	1	123.99998474121094	11.915339285394468
7	1	124.99999237060547	12.690304501455163
7	1	125.99999237060547	12.562884761167636
7	1	127.0	12.806918028702082
7	1	127.99999237060547	12.354851713201034
7	1	128.99998474121094	13.098448431724798
7	1	130.0	12.882032180325652
7	1	130.99998474121094	13.390395476286884
7	1	132.0	13.662329212807187
7	1	132.99998474121094	12.66508146662395
7	1	134.0	12.049712158257067
7	1	135.0	12.5694980918315
7	1	135.99998474121094	12.38302112088546
7	1	137.0	12.913947946769829
7	1	137.99998474121094	12.421837939712287
7	1	139.0	11.216828645581957
7	1	139.99998474121094	12.250405314186844
7	1	140.99998474121094	11.280264881272098
7	1	142.0	10.78970959602438
7	1	142.99998474121094	11.147236701902344
7	1	144.0	10.9276196531034
7	1	144.99998474121094	10.497498735405602
7	1	146.0	10.183044509981032
7	1	147.0	9.42683072451296
7	1	147.99998474121094	9.287840643771434
7	1	149.0	8.638010469720896
7	1	149.99998474121094	7.76644844954965
7	1	151.0	7.936155598536018
7	1	151.99998474121094	7.49278069875381
7	1	152.99998474121094	6.823195910076304
7	1	154.0	6.811429628570488
7	1	154.99998474121094	7.221718665126331
7	1	156.0	6.495110761502503
7	1	156.99998474121094	6.768319608963483
7	1	158.0	6.820813027829616
7	1	158.99998474121094	6.460139766065216
7	1	159.99998474121094	6.725547256833571
7	1	161.0	7.692170142325762
7	1	161.99998474121094	7.7197214178903
7	1	163.0	8.161140322248945
7	1	163.99998474121094	8.043608134558658
7	1	164.99998474121094	9.624330767005757
7	1	166.0	9.15111562451341
7	1	166.99998474121094	10.14408937982351
7	1	168.0	10.963916132126494
7	1	168.99998474121094	10.766253018867264
7	1	169.99998474121094	10.582964038716325
7	1	170.99998474121094	12.161947534246009
7	1	171.99998474121094	11.45654437978731
7	1	173.0	12.093749802930725
7	1	173.99998474121094	10.919109237397564
7	1	175.0	10.722737029891466
7	1	175.99998474121094	9.784642990788774
7	1	176.99998474121094	9.061117636914737
7	1	178.0	9.874128714199696
7	1	178.99998474121094	8.571644936650467
7	2	0.0	8.425627445026642
7	2	0.9999999403953552	7.72891656006043
7	2	1.9999998807907104	7.152857551687909
7	2	3.0	6.579173314712436
7	2	3.999999761581421	7.167730288605611
7	2	4.999999523162842	7.313679478337736
7	2	6.0	7.311578341394311
7	2	6.999999523162842	8.384352611872254
7	2	7.999999523162842	8.18762438075567
7	2	9.0	8.943208935046453
7	2	9.999999046325684	9.157969719345518
7	2	10.999999046325684	9.196198288130079
7	2	12.0	9.924008731934652
7	2	12.999999046325684	10.646666651784097
7	2	13.999999046325684	9.991285241485631
7	2	15.0	9.401097986814937
7	2	15.999999046325684	9.623572616007886
7	2	16.999998092651367	8.81780410056408
7	2	18.0	8.696460667316927
7	2	18.999998092651367	8.942008529299823
7	2	19.999998092651367	8.883162180731933
7	2	21.0	8.052181729514317
7	2	21.999998092651367	8.214178448701388
7	2	22.999998092651367	7.417608490522296
7	2	24.0	7.840780544513253
7	2	24.999998092651367	7.5133865257060926
7	2	25.999998092651367	7.316892228568581
7	2	27.0	7.4649382863759
7	2	27.999998092651367	7.23055180727045
7	2	28.999998092651367	7.256322964782554
7	2	30.0	7.05584197160387
7	2	30.999996185302734	7.553569382366924
7	2	31.999998092651367	7.182222242477086
7	2	33.0	6.920882556246296
7	2	33.999996185302734	7.101049713059715
7	2	34.999996185302734	7.543289947666055
7	2	36.0	6.724769895928659
7	2	36.999996185302734	7.375240827100707
7	2	37.999996185302734	6.51673727484888
7	2	39.0	7.132602625704235
7	2	39.999996185302734	7.121565893779141
7	2	40.999996185302734	7.255069625069857
7	2	42.0	6.826771940993629
7	2	42.999996185302734	7.557000698651209
7	2	43.999996185302734	7.616720457659215
7	2	45.0	7.453568582728767
7	2	45.999996185302734	8.028728567451786
7	2	46.999996185302734	8.197433386177455
7	2	48.0	8.057842248788965
7	2	48.999996185302734	7.951386066611501
7	2	49.999996185302734	8.127901206653078
7	2	51.0	8.235548403067064
7	2	51.999996185302734	8.86472493884113
7	2	52.999996185302734	9.274065005989163
7	2	54.0	9.838764555998308
7	2	54.999996185302734	9.8192122857255
7	2	55.999996185302734	9.593617967629148
7	2	57.0	10.475541384771304
7	2	57.999996185302734	9.179337966163903
7	2	58.999996185302734	9.910177598865376
7	2	60.0	10.255024458549212
7	2	61.0	8.915172716050844
7	2	61.99999237060547	9.069865401694232
7	2	62.999996185302734	9.682984162729596
7	2	63.999996185302734	8.41164946289021
7	2	65.0	8.479276019636153
7	2	66.0	8.247197290696521
7	2	67.0	9.182540471110993
7	2	67.99999237060547	7.477951504292067
7	2	68.99999237060547	8.611980618793977
7	2	69.99999237060547	8.778093380729626
7	2	71.0	9.026316969319875
7	2	72.0	7.928779848006051
7	2	73.0	9.715270466936246
7	2	73.99999237060547	9.60296508150831
7	2	74.99999237060547	9.56745151291883
7	2	75.99999237060547	10.756834188001816
7	2	77.0	10.62888596182726
7	2	78.0	9.546102902894308
7	2	79.0	10.983588784483423
7	2	79.99999237060547	10.579108396929854
7	2	80.99999237060547	10.788224883653548
7	2	81.99999237060547	10.459178812840891
7	2	83.0	10.495853513589276
7	2	84.0	10.287309908982214
7	2	84.99999237060547	10.776307911099169
7	2	85.99999237060547	10.117467863759739
7	2	86.99999237060547	11.212995201910289
7	2	87.99999237060547	11.524224724272967
7	2	89.0	10.165909272900763
7	2	90.0	10.011320747642218
7	2	90.99999237060547	10.175253825458986
7	2	91.99999237060547	10.727168968889158
7	2	92.99999237060547	10.461188596004169
7	2	93.99999237060547	11.209522904490983
7	2	95.0	10.533644950266956
7	2	96.0	10.611830125696091
7	2	96.99999237060547	11.416124174052822
7	2	97.99999237060547	10.86059159168348
7	2	98.99999237060547	9.526926293025852
7	2	99.99999237060547	10.802634021481337
7	2	100.99999237060547	10.376366184249072
7	2	102.0	9.850071080395617
7	2	102.99999237060547	9.642578471147093
7	2	103.99999237060547	9.859961194313795
7	2	104.99999237060547	9.326974212621021
7	2	105.99999237060547	9.47028011914435
7	2	106.99999237060547	8.722689447503422
7	2	108.0	8.841669635297752
7	2	108.99999237060547	8.668595203050566
7	2	109.99999237060547	8.784067234932449
7	2	110.99999237060547	9.25236378744874
7	2	111.99999237060547	9.129486122959273
7	2	112.99999237060547	8.617114359728888
7	2	114.0	8.198955664588722
7	2	115.0	8.981234305703207
7	2	115.99999237060547	9.034725785961808
7	2	117.0	9.998681482583109
7	2	117.99999237060547	9.254674952709143
7	2	118.99999237060547	10.13128192135609
7	2	120.0	9.792913496100011
7	2	120.99999237060547	10.996988761861342
7	2	122.0	11.079297664001873
7	2	122.99999237060547	11.004820427518409
7	2	123.99998474121094	11.418929674254404
7	2	124.99999237060547	12.120520729382589
7	2	125.99999237060547	12.16184252008752
7	2	127.0	11.224566396137936
7	2	127.99999237060547	12.186268130333133
7	2	128.99998474121094	11.819534783227638
7	2	130.0	12.229379430600607
7	2	130.99998474121094	12.778375521934246
7	2	132.0	12.198672607639521
7	2	132.99998474121094	12.567955322852724
7	2	134.0	12.851666013049421
7	2	135.0	12.153323566645222
7	2	135.99998474121094	11.67597103706314
7	2	137.0	11.707044128918467
7	2	137.99998474121094	11.53565333830169
7	2	139.0	11.49047078316841
7	2	139.99998474121094	11.298149731613776
7	2	140.99998474121094	11.51688312468885
7	2	142.0	11.25631653049474
7	2	142.99998474121094	10.1894751330846
7	2	144.0	10.90739802429193
7	2	144.99998474121094	9.825028191803765
7	2	146.0	9.95957096562197
7	2	147.0	8.984185801198299
7	2	147.99998474121094	7.848963964912574
7	2	149.0	7.741023924137924
7	2	149.99998474121094	8.127400041522728
7	2	151.0	7.347616980776237
7	2	151.99998474121094	7.161756007515965
7	2	152.99998474121094	6.323730216169483
7	2	154.0	5.843055653329835
7	2	154.99998474121094	6.729665860903088
7	2	156.0	5.983956906378498
7	2	156.99998474121094	5.620183592504557
7	2	158.0	6.937173411190423
7	2	158.99998474121094	6.264390386434058
7	2	159.99998474121094	6.717789869483728
7	2	161.0	6.759388282850045
7	2	161.99998474121094	7.674594358044026
7	2	163.0	8.129204065237259
7	2	163.99998474121094	8.058480017702715
7	2	164.99998474121094	9.618919549635814
7	2	166.0	8.946436199429284
7	2	166.99998474121094	9.39454442030631
7	2	168.0	9.972169249546058
7	2	168.99998474121094	10.255990930316768
7	2	169.99998474121094	10.60008903051284
7	2	170.99998474121094	11.281229645492362
7	2	171.99998474121094	11.279805551050414
7	2	173.0	9.94447624755624
7	2	173.99998474121094	9.357434294998338
7	2	175.0	8.993121396179967
7	2	175.99998474121094	9.131921085398382
7	2	176.99998474121094	6.944133373954665
7	2	178.0	8.257293164063446
7	2	178.99998474121094	7.118100853435829
11	1	0.0	26.976796891185625
11	1	0.9999999403953552	25.267434475910505
11	1	1.9999998807907104	22.348276511444173
11	1	3.0	22.311647914472687
11	1	3.999999761581421	19.844464057953605
11	1	4.999999523162842	18.48300757333684
11	1	6.0	17.168899667593898
11	1	6.999999523162842	16.506367903008076
11	1	7.999999523162842	15.008384474619218
11	1	9.0	14.359905824250697
11	1	9.999999046325684	13.357120502197875
11	1	10.999999046325684	11.790037757523292
11	1	12.0	11.347948640852339
11	1	12.999999046325684	10.135039379173243
11	1	13.999999046325684	8.78888678716554
11	1	15.0	9.626927946437654
11	1	15.999999046325684	8.596219957284173
11	1	16.999998092651367	8.061492131126691
11	1	18.0	7.626987939529037
11	1	18.999998092651367	7.190532021376052
11	1	19.999998092651367	7.568279902291839
11	1	21.0	6.834854616102692
11	1	21.999998092651367	7.17829915257256
11	1	22.999998092651367	7.0464312515880625
11	1	24.0	7.42583459960393
11	1	24.999998092651367	7.946410273801146
11	1	25.999998092651367	7.997413003880924
11	1	27.0	7.654915729271573
11	1	27.999998092651367	8.261997456854292
11	1	28.999998092651367	8.237268756964262
11	1	30.0	8.985192400327229
11	1	30.999996185302734	9.178547371767474
11	1	31.999998092651367	10.365241513638415
11	1	33.0	10.325920114586651
11	1	33.999996185302734	10.289055022315154
11	1	34.999996185302734	11.474608522594702
11	1	36.0	10.937662592504259
11	1	36.999996185302734	11.115787949642666
11	1	37.999996185302734	11.68172461766523
11	1	39.0	11.701601321923613
11	1	39.999996185302734	12.314224894244152
11	1	40.999996185302734	11.936693871834512
11	1	42.0	11.221140202495528
11	1	42.999996185302734	12.897783450325347
11	1	43.999996185302734	12.155097708282133
11	1	45.0	12.674218552186137
11	1	45.999996185302734	12.943645609281043
11	1	46.999996185302734	13.681337629267333
11	1	48.0	13.140246628124338
11	1	48.999996185302734	13.008735604523974
11	1	49.999996185302734	13.691436917728842
11	1	51.0	14.537603440792335
11	1	51.999996185302734	13.218590605451675
11	1	52.999996185302734	13.261177688700352
11	1	54.0	14.676964913069982
11	1	54.999996185302734	13.205808760193642
11	1	55.999996185302734	14.806309912929807
11	1	57.0	14.27246915759078
11	1	57.999996185302734	14.097290173305584
11	1	58.999996185302734	14.020007436620537
11	1	60.0	14.877364370865449
11	1	61.0	15.423899032776944
11	1	61.99999237060547	15.58485585566288
11	1	62.999996185302734	15.34431025347337
11	1	63.999996185302734	16.023833821166892
11	1	65.0	16.43492924693162
11	1	66.0	16.27583194304722
11	1	67.0	16.717007521916685
11	1	67.99999237060547	15.947079570368873
11	1	68.99999237060547	17.732750566598668
11	1	69.99999237060547	18.307956655098582
11	1	71.0	18.92912820916539
11	1	72.0	19.790123072916984
11	1	73.0	20.516383917553608
11	1	73.99999237060547	20.580212035347376
11	1	74.99999237060547	21.062604390763283
11	1	75.99999237060547	19.750178419103456
11	1	77.0	20.906145247445803
11	1	78.0	21.46431342906112
11	1	79.0	18.742580375006714
11	1	79.99999237060547	17.49140924737085
11	1	80.99999237060547	15.688696929161877
11	1	81.99999237060547	15.158199551421571
11	1	83.0	13.338325529149293
11	1	84.0	11.97257285554459
11	1	84.99999237060547	12.89133489797521
11	1	85.99999237060547	11.250339261197333
11	1	86.99999237060547	10.817342833858959
11	1	87.99999237060547	10.688408499122982
11	1	89.0	9.889049262441588
11	1	90.0	10.610931102046589
11	1	90.99999237060547	10.610956715255977
11	1	91.99999237060547	9.58014285817036
11	1	92.99999237060547	10.584913203950718
11	1	93.99999237060547	13.3178358154129
11	1	95.0	12.738203764330816
11	1	96.0	13.911398891080871
11	1	96.99999237060547	15.160619145935048
11	1	97.99999237060547	17.27520814693056
11	1	98.99999237060547	18.113354320361164
11	1	99.99999237060547	17.982940395896232
11	1	100.99999237060547	19.055124708784618
11	1	102.0	18.14728840770508
11	1	102.99999237060547	18.607605591723505
11	1	103.99999237060547	17.160706855684467
11	1	104.99999237060547	17.24152336149135
11	1	105.99999237060547	15.673668805440556
11	1	106.99999237060547	15.170227514549962
11	1	108.0	14.717104227274854
11	1	108.99999237060547	13.586114546953599
11	1	109.99999237060547	14.291984715596799
11	1	110.99999237060547	13.161424483419609
11	1	111.99999237060547	13.498835828418239
11	1	112.99999237060547	13.317536994636711
11	1	114.0	12.557869694769554
11	1	115.0	12.684159038749444
11	1	115.99999237060547	11.546491994740855
11	1	117.0	11.816502179236153
11	1	117.99999237060547	11.881933683937582
11	1	118.99999237060547	12.626035836459927
11	1	120.0	12.610887330654485
11	1	120.99999237060547	12.473729448157814
11	1	122.0	12.58205710216786
11	1	122.99999237060547	11.715440138955705
11	1	123.99998474121094	13.38122850864708
11	1	124.99999237060547	13.36537820090442
11	1	125.99999237060547	12.500606242541814
11	1	127.0	12.190086206079169
11	1	127.99999237060547	13.148722892884322
11	1	128.99998474121094	12.687472534270546
11	1	130.0	13.657790552103714
11	1	130.99998474121094	12.983554404601428
11	1	132.0	12.769823271319742
11	1	132.99998474121094	12.623499274956913
11	1	134.0	12.884472265406638
11	1	135.0	12.21954395819579
11	1	135.99998474121094	11.808860051328555
11	1	137.0	12.62959094992292
11	1	137.99998474121094	11.365044604344881
11	1	139.0	11.727397238871458
11	1	139.99998474121094	11.34441828682509
11	1	140.99998474121094	11.457816502520226
11	1	142.0	11.438757713414951
11	1	142.99998474121094	10.28325192284158
11	1	144.0	11.225061584852762
11	1	144.99998474121094	10.304511740406893
11	1	146.0	10.403996006989066
11	1	147.0	10.176139188730149
11	1	147.99998474121094	9.740684747064217
11	1	149.0	9.286886124834924
11	1	149.99998474121094	9.622679568773906
11	1	151.0	9.918632519284206
11	1	151.99998474121094	9.098483894316585
11	1	152.99998474121094	9.726597481901065
11	1	154.0	10.152106314361813
11	1	154.99998474121094	10.421415550693538
11	1	156.0	9.97854181604168
11	1	156.99998474121094	10.782557534189731
11	1	158.0	9.756487243482688
11	1	158.99998474121094	11.829297684872525
11	1	159.99998474121094	10.920179015776318
11	1	161.0	11.464016606739305
11	1	161.99998474121094	11.989176191643244
11	1	163.0	14.074438067890014
11	1	163.99998474121094	15.282269937694853
11	1	164.99998474121094	15.762891566568433
11	1	166.0	16.92291040463589
11	1	166.99998474121094	17.89349394607304
11	1	168.0	19.92474951655252
11	1	168.99998474121094	23.177924221999987
11	1	169.99998474121094	24.7649067228214
11	1	170.99998474121094	29.492609987047903
11	1	171.99998474121094	29.97576049346168
11	1	173.0	31.575892815982662
11	1	173.99998474121094	33.936170551612705
11	1	175.0	34.14772541587009
11	1	175.99998474121094	33.9563059492859
11	1	176.99998474121094	34.158414661921164
11	1	178.0	30.624809464625898
11	1	178.99998474121094	31.42384597486901
11	2	0.0	24.621590571014316
11	2	0.9999999403953552	21.81208787857795
11	2	1.9999998807907104	21.04077339862863
11	2	3.0	19.6571017237364
11	2	3.999999761581421	18.08107313879639
11	2	4.999999523162842	17.641313116632414
11	2	6.0	15.916092709651817
11	2	6.999999523162842	14.702229782809859
11	2	7.999999523162842	13.928063698882056
11	2	9.0	13.663026745876174
11	2	9.999999046325684	13.044020361776258
11	2	10.999999046325684	11.414677027722425
11	2	12.0	10.556847102877489
11	2	12.999999046325684	10.403860256979312
11	2	13.999999046325684	9.09220524292205
11	2	15.0	8.93568889677027
11	2	15.999999046325684	8.378060300099381
11	2	16.999998092651367	7.763905911631113
11	2	18.0	7.482484188580016
11	2	18.999998092651367	7.272358541406452
11	2	19.999998092651367	6.8237487285122524
11	2	21.0	7.0621782527195265
11	2	21.999998092651367	7.202633409038023
11	2	22.999998092651367	7.034794743676476
11	2	24.0	6.7743741447758765
11	2	24.999998092651367	7.166102996035856
11	2	25.999998092651367	7.467880390360882
11	2	27.0	7.935636504159097
11	2	27.999998092651367	8.73417867946103
11	2	28.999998092651367	8.375543375390231
11	2	30.0	9.20623610488906
11	2	30.999996185302734	9.898831800880338
11	2	31.999998092651367	10.218400984219603
11	2	33.0	10.30044863162438
11	2	33.999996185302734	10.166253343680202
11	2	34.999996185302734	11.361463877672502
11	2	36.0	10.456889845695292
11	2	36.999996185302734	10.97717779817372
11	2	37.999996185302734	11.177798383343566
11	2	39.0	11.782621025858305
11	2	39.999996185302734	11.412184862449017
11	2	40.999996185302734	12.381833521743523
11	2	42.0	12.661214725780077
11	2	42.999996185302734	11.315004930938075
11	2	43.999996185302734	12.06115955530601
11	2	45.0	12.905085776321737
11	2	45.999996185302734	12.373958313630498
11	2	46.999996185302734	12.842697120895547
11	2	48.0	13.083643996698795
11	2	48.999996185302734	12.259511663897765
11	2	49.999996185302734	12.90540850276002
11	2	51.0	13.541063472961842
11	2	51.999996185302734	13.491934776035587
11	2	52.999996185302734	13.711520235209619
11	2	54.0	13.521534254577483
11	2	54.999996185302734	13.141905510319004
11	2	55.999996185302734	13.695838974648916
11	2	57.0	12.929827282816461
11	2	57.999996185302734	13.657096434129311
11	2	58.999996185302734	13.11117563546947
11	2	60.0	12.74506554312574
11	2	61.0	14.970873075697508
11	2	61.99999237060547	13.539302137929624
11	2	62.999996185302734	14.086896332936119
11	2	63.999996185302734	13.717975617748927
11	2	65.0	14.387890816827532
11	2	66.0	14.49452202260248
11	2	67.0	14.893452881455413
11	2	67.99999237060547	15.312549873832811
11	2	68.99999237060547	16.586357955925386
11	2	69.99999237060547	16.64554325263084
11	2	71.0	17.42605799739217
11	2	72.0	18.135140916266213
11	2	73.0	18.13831695423027
11	2	73.99999237060547	19.460040520897778
11	2	74.99999237060547	18.9476892482349
11	2	75.99999237060547	19.94472440478022
11	2	77.0	20.57243586497732
11	2	78.0	17.24257350307624
11	2	79.0	19.260740723558683
11	2	79.99999237060547	16.96145999231144
11	2	80.99999237060547	14.577268056849892
11	2	81.99999237060547	13.29630449782808
11	2	83.0	12.168434506410229
11	2	84.0	11.253738987856707
11	2	84.99999237060547	9.766694961197272
11	2	85.99999237060547	10.683442097822738
11	2	86.99999237060547	8.396877471262766
11	2	87.99999237060547	9.416757903034485
11	2	89.0	7.287182613226318
11	2	90.0	7.946896071005863
11	2	90.99999237060547	8.323994230176853
11	2	91.99999237060547	8.901357804680845
11	2	92.99999237060547	10.854676647862249
11	2	93.99999237060547	10.845303067000053
11	2	95.0	12.267638735236433
11	2	96.0	12.682210727288696
11	2	96.99999237060547	14.70495844338328
11	2	97.99999237060547	16.567108775296997
11	2	98.99999237060547	17.333304028463395
11	2	99.99999237060547	17.58031440470232
11	2	100.99999237060547	17.69343258264149
11	2	102.0	17.351977765654212
11	2	102.99999237060547	18.146337303863156
11	2	103.99999237060547	17.327969650721617
11	2	104.99999237060547	16.858262664141716
11	2	105.99999237060547	15.227836745104435
11	2	106.99999237060547	14.89641035336603
11	2	108.0	13.990122797680792
11	2	108.99999237060547	13.75674121015698
11	2	109.99999237060547	14.067326987190386
11	2	110.99999237060547	12.65653604619862
11	2	111.99999237060547	11.999224253685979
11	2	112.99999237060547	12.365058577141971
11	2	114.0	11.584908393727591
11	2	115.0	11.687201575605933
11	2	115.99999237060547	11.666384866563027
11	2	117.0	12.430241633712342
11	2	117.99999237060547	11.822545189104321
11	2	118.99999237060547	12.38407980020681
11	2	120.0	12.20169325879996
11	2	120.99999237060547	12.08968498660092
11	2	122.0	11.638869449491631
11	2	122.99999237060547	12.016788938910313
11	2	123.99998474121094	12.11743433765139
11	2	124.99999237060547	12.1499801890465
11	2	125.99999237060547	11.769901506076447
11	2	127.0	11.779679775646967
11	2	127.99999237060547	11.927684852319265
11	2	128.99998474121094	11.695355113927636
11	2	130.0	11.810063872169769
11	2	130.99998474121094	12.234859803635896
11	2	132.0	12.166322270409403
11	2	132.99998474121094	11.443300642986655
11	2	134.0	12.522544810155894
11	2	135.0	11.090697249726624
11	2	135.99998474121094	12.043617068196477
11	2	137.0	12.044087497475562
11	2	137.99998474121094	11.141318342986528
11	2	139.0	10.27377674291548
11	2	139.99998474121094	10.627727390989296
11	2	140.99998474121094	10.41696653622292
11	2	142.0	9.876052266224699
11	2	142.99998474121094	10.086875446467252
11	2	144.0	9.711343961937134
11	2	144.99998474121094	9.345329492241785
11	2	146.0	9.655772689076265
11	2	147.0	9.362770380287412
11	2	147.99998474121094	9.394687000505234
11	2	149.0	9.527414651551508
11	2	149.99998474121094	9.075313331330962
11	2	151.0	9.232153257694673
11	2	151.99998474121094	9.117419740016798
11	2	152.99998474121094	9.9648028905262
11	2	154.0	9.356689804378808
11	2	154.99998474121094	9.704427541628851
11	2	156.0	9.669410869301487
11	2	156.99998474121094	9.900263579285102
11	2	158.0	10.10467833453889
11	2	158.99998474121094	10.640171141883414
11	2	159.99998474121094	11.10658512350972
11	2	161.0	11.156355004444311
11	2	161.99998474121094	12.038504671602723
11	2	163.0	12.877599387554312
11	2	163.99998474121094	13.664310821440138
11	2	164.99998474121094	16.15845001951867
11	2	166.0	16.11382839367098
11	2	166.99998474121094	17.525708749835363
11	2	168.0	19.30152549064012
11	2	168.99998474121094	21.252970300668
11	2	169.99998474121094	24.816493434075216
11	2	170.99998474121094	25.9180373151109
11	2	171.99998474121094	28.090242376850057
11	2	173.0	30.84106691412684
11	2	173.99998474121094	28.365632189090384
11	2	175.0	30.59129714146323
11	2	175.99998474121094	30.060560707101974
11	2	176.99998474121094	27.028981243991815
11	2	178.0	27.89979621222259
11	2	178.99998474121094	24.518456422094417
18	1	0.0	13.383862400345768
18	1	0.9999999403953552	14.209219898329168
18	1	1.9999998807907104	13.246069310256283
18	1	3.0	11.082889489731654
18	1	3.999999761581421	13.2333788187784
18	1	4.999999523162842	13.823130648889505
18	1	6.0	15.412747041409606
18	1	6.999999523162842	16.28168370761863
18	1	7.999999523162842	15.590922771193144
18	1	9.0	16.53647537686949
18	1	9.999999046325684	16.787780234549064
18	1	10.999999046325684	17.56743437547497
18	1	12.0	17.415413147570703
18	1	12.999999046325684	16.336142513418434
18	1	13.999999046325684	15.771448086051166
18	1	15.0	15.514161690205956
18	1	15.999999046325684	16.247927205193132
18	1	16.999998092651367	15.605481319409026
18	1	18.0	15.37712760488799
18	1	18.999998092651367	15.319171742233138
18	1	19.999998092651367	16.484642778805558
18	1	21.0	17.949872035029617
18	1	21.999998092651367	17.76871492767337
18	1	22.999998092651367	19.20842659715826
18	1	24.0	18.885985319273008
18	1	24.999998092651367	18.63230355576227
18	1	25.999998092651367	18.71443487298438
18	1	27.0	18.493087225004487
18	1	27.999998092651367	17.9022263429269
18	1	28.999998092651367	18.45573462798098
18	1	30.0	17.761087313917756
18	1	30.999996185302734	17.955623054310767
18	1	31.999998092651367	19.324210256421026
18	1	33.0	19.10424230665347
18	1	33.999996185302734	17.77441130544116
18	1	34.999996185302734	18.446250910318415
18	1	36.0	18.4915128664008
18	1	36.999996185302734	17.686691185930687
18	1	37.999996185302734	18.146412435944026
18	1	39.0	18.05345185379286
18	1	39.999996185302734	18.439227768304352
18	1	40.999996185302734	19.719406709345257
18	1	42.0	19.688411310891738
18	1	42.999996185302734	19.942176744219807
18	1	43.999996185302734	19.798522498048808
18	1	45.0	20.486822858825793
18	1	45.999996185302734	19.818893537248368
18	1	46.999996185302734	19.23676163693006
18	1	48.0	18.208553497012804
18	1	48.999996185302734	18.396045604824238
18	1	49.999996185302734	18.12852758560235
18	1	51.0	18.650348915549444
18	1	51.999996185302734	18.168723248867874
18	1	52.999996185302734	20.850940243479172
18	1	54.0	19.25611497794329
18	1	54.999996185302734	19.920431129449778
18	1	55.999996185302734	20.77525320973897
18	1	57.0	20.6607689939658
18	1	57.999996185302734	19.26086878960562
18	1	58.999996185302734	19.23109941010812
18	1	60.0	19.676082819439866
18	1	61.0	18.71972826959114
18	1	61.99999237060547	17.523405268537775
18	1	62.999996185302734	16.804153905536875
18	1	63.999996185302734	17.810573742001793
18	1	65.0	17.120697315073823
18	1	66.0	17.07320188713285
18	1	67.0	17.846531272887326
18	1	67.99999237060547	17.969831555331687
18	1	68.99999237060547	18.073016930670363
18	1	69.99999237060547	20.042705175971346
18	1	71.0	18.64866698146633
18	1	72.0	19.364593749888726
18	1	73.0	20.986328253207166
18	1	73.99999237060547	21.762953205236172
18	1	74.99999237060547	22.374453211438244
18	1	75.99999237060547	24.81365890556966
18	1	77.0	25.82681330855621
18	1	78.0	23.924439992620286
18	1	79.0	23.164166513464288
18	1	79.99999237060547	25.089359491417227
18	1	80.99999237060547	23.493632640910903
18	1	81.99999237060547	21.864376391768985
18	1	83.0	20.4538637809859
18	1	84.0	20.253059634482106
18	1	84.99999237060547	18.563955560285248
18	1	85.99999237060547	18.325851750724016
18	1	86.99999237060547	17.99923551970859
18	1	87.99999237060547	17.79525192014616
18	1	89.0	18.719427741267662
18	1	90.0	17.161763827458525
18	1	90.99999237060547	16.72342277709462
18	1	91.99999237060547	17.966214970166167
18	1	92.99999237060547	17.65088733430148
18	1	93.99999237060547	18.415279417526992
18	1	95.0	20.288641504963287
18	1	96.0	20.832278459119404
18	1	96.99999237060547	21.59443194784445
18	1	97.99999237060547	23.124529218163413
18	1	98.99999237060547	24.16332415129419
18	1	99.99999237060547	25.78627442828489
18	1	100.99999237060547	25.81728519466404
18	1	102.0	27.230603305648714
18	1	102.99999237060547	26.042739493882408
18	1	103.99999237060547	25.431975440563406
18	1	104.99999237060547	23.71226699624301
18	1	105.99999237060547	19.97192734069709
18	1	106.99999237060547	17.879051511073047
18	1	108.0	16.470084230589674
18	1	108.99999237060547	15.683888475986187
18	1	109.99999237060547	13.225492511607975
18	1	110.99999237060547	11.53810879130831
18	1	111.99999237060547	12.606288905795774
18	1	112.99999237060547	12.77242045075164
18	1	114.0	12.463939225756246
18	1	115.0	12.672179740718887
18	1	115.99999237060547	14.968004396246103
18	1	117.0	16.941510717293124
18	1	117.99999237060547	20.085865141336658
18	1	118.99999237060547	22.27578259114095
18	1	120.0	25.679453684760478
18	1	120.99999237060547	26.796442331056852
18	1	122.0	27.792123402599216
18	1	122.99999237060547	27.823736933172622
18	1	123.99998474121094	27.100049362305796
18	1	124.99999237060547	25.618692321904042
18	1	125.99999237060547	25.25612197509767
18	1	127.0	24.42629326452885
18	1	127.99999237060547	23.773805293117533
18	1	128.99998474121094	19.67610501755467
18	1	130.0	20.93667619303576
18	1	130.99998474121094	17.31117763064714
18	1	132.0	16.194009691885054
18	1	132.99998474121094	15.020506352848699
18	1	134.0	14.292120465606553
18	1	135.0	13.181881753757443
18	1	135.99998474121094	13.403255868720372
18	1	137.0	13.81059042157336
18	1	137.99998474121094	13.860408113832142
18	1	139.0	13.33877034521899
18	1	139.99998474121094	14.26447442116728
18	1	140.99998474121094	14.330279878725767
18	1	142.0	14.115892193510115
18	1	142.99998474121094	17.03579977123786
18	1	144.0	15.616394254155413
18	1	144.99998474121094	16.65355164943268
18	1	146.0	16.070412296211792
18	1	147.0	17.29643637487096
18	1	147.99998474121094	16.86895361774008
18	1	149.0	16.989487673570586
18	1	149.99998474121094	17.4153687513411
18	1	151.0	17.088178784435392
18	1	151.99998474121094	16.24890050714986
18	1	152.99998474121094	16.675338245337727
18	1	154.0	15.429182184099949
18	1	154.99998474121094	17.308588988951705
18	1	156.0	16.9570955014318
18	1	156.99998474121094	17.464158500129795
18	1	158.0	17.100599483441062
18	1	158.99998474121094	17.6445045225221
18	1	159.99998474121094	19.40970544180937
18	1	161.0	18.744696026102122
18	1	161.99998474121094	18.69922916434464
18	1	163.0	20.77269359634751
18	1	163.99998474121094	21.721435900366252
18	1	164.99998474121094	22.180472423915297
18	1	166.0	23.459594393182144
18	1	166.99998474121094	24.296581142001138
18	1	168.0	23.693758891139566
18	1	168.99998474121094	22.257183986031002
18	1	169.99998474121094	24.61038223058633
18	1	170.99998474121094	23.537987889380965
18	1	171.99998474121094	21.589854013553246
18	1	173.0	20.767208954443987
18	1	173.99998474121094	20.000477531427745
18	1	175.0	17.327503490310765
18	1	175.99998474121094	16.66193570663887
18	1	176.99998474121094	16.426816689744935
18	1	178.0	16.302992190281774
18	1	178.99998474121094	14.598255520622049
18	2	0.0	13.345991562718986
18	2	0.9999999403953552	13.630326361451091
18	2	1.9999998807907104	13.316088140759023
18	2	3.0	11.09230405172887
18	2	3.999999761581421	11.970080690271182
18	2	4.999999523162842	13.210322661461376
18	2	6.0	14.97822065169715
18	2	6.999999523162842	13.322172985535857
18	2	7.999999523162842	15.754039641404095
18	2	9.0	15.611295517939999
18	2	9.999999046325684	16.81696734041982
18	2	10.999999046325684	16.11506295036346
18	2	12.0	15.59870406420508
18	2	12.999999046325684	16.01783691507562
18	2	13.999999046325684	15.724587865703
18	2	15.0	13.27231345836841
18	2	15.999999046325684	14.48796674854656
18	2	16.999998092651367	14.502154758999968
18	2	18.0	14.111017145990019
18	2	18.999998092651367	13.618068733211858
18	2	19.999998092651367	14.39750089298974
18	2	21.0	15.376072340661223
18	2	21.999998092651367	16.223099467560136
18	2	22.999998092651367	15.522571360621534
18	2	24.0	17.860017481403514
18	2	24.999998092651367	17.592781207484887
18	2	25.999998092651367	17.19295559385068
18	2	27.0	17.090779378961876
18	2	27.999998092651367	16.306286049009014
18	2	28.999998092651367	16.090578429736258
18	2	30.0	17.184670574387457
18	2	30.999996185302734	16.645978677190428
18	2	31.999998092651367	18.19619939235154
18	2	33.0	17.65433145719046
18	2	33.999996185302734	18.244775697728674
18	2	34.999996185302734	16.855578399797903
18	2	36.0	17.219875076916995
18	2	36.999996185302734	16.541528009308006
18	2	37.999996185302734	17.42128369516233
18	2	39.0	17.15968744995084
18	2	39.999996185302734	18.86211893076569
18	2	40.999996185302734	17.758239125033864
18	2	42.0	17.55243869515221
18	2	42.999996185302734	18.325208005394742
18	2	43.999996185302734	18.52570991602776
18	2	45.0	18.927444567534984
18	2	45.999996185302734	18.398374699331214
18	2	46.999996185302734	17.777247541494006
18	2	48.0	16.708338304312644
18	2	48.999996185302734	15.463553403550746
18	2	49.999996185302734	16.079851617644753
18	2	51.0	16.877629665533288
18	2	51.999996185302734	17.771805588272798
18	2	52.999996185302734	19.249834619001465
18	2	54.0	19.905187854769604
18	2	54.999996185302734	19.13276859172203
18	2	55.999996185302734	19.392314072635223
18	2	57.0	21.209429552256463
18	2	57.999996185302734	19.419383819863274
18	2	58.999996185302734	18.209620714070617
18	2	60.0	17.816949723592
18	2	61.0	16.755596383179963
18	2	61.99999237060547	16.076936834416447
18	2	62.999996185302734	16.71160313473591
18	2	63.999996185302734	16.31107913425907
18	2	65.0	16.782906894576257
18	2	66.0	16.721660588288753
18	2	67.0	16.600948947539827
18	2	67.99999237060547	17.103205200609423
18	2	68.99999237060547	15.858358828144993
18	2	69.99999237060547	16.593220588493956
18	2	71.0	17.178940045673816
18	2	72.0	19.442147132819635
18	2	73.0	19.26200943119701
18	2	73.99999237060547	21.7220164664457
18	2	74.99999237060547	23.21856214001427
18	2	75.99999237060547	23.52884397362961
18	2	77.0	22.53734639295388
18	2	78.0	22.6764858840835
18	2	79.0	23.200930006671882
18	2	79.99999237060547	22.857917906553844
18	2	80.99999237060547	22.264604986564223
18	2	81.99999237060547	22.368278720428552
18	2	83.0	21.853825457048607
18	2	84.0	19.736178238852222
18	2	84.99999237060547	19.229521636409846
18	2	85.99999237060547	17.933648628203546
18	2	86.99999237060547	15.940128145341093
18	2	87.99999237060547	15.812593145611322
18	2	89.0	18.18097831578617
18	2	90.0	15.792833408342476
18	2	90.99999237060547	15.909226661988663
18	2	91.99999237060547	16.599212371943352
18	2	92.99999237060547	16.529085112187538
18	2	93.99999237060547	16.70881983264913
18	2	95.0	18.971915929220938
18	2	96.0	19.353825956662202
18	2	96.99999237060547	21.459896004215416
18	2	97.99999237060547	22.23306829561898
18	2	98.99999237060547	23.546979833423286
18	2	99.99999237060547	24.579002633991994
18	2	100.99999237060547	26.478684855394935
18	2	102.0	26.559670408383777
18	2	102.99999237060547	25.15604262828406
18	2	103.99999237060547	24.11458562892427
18	2	104.99999237060547	21.44601193718007
18	2	105.99999237060547	19.717617199782712
18	2	106.99999237060547	16.702689737869044
18	2	108.0	15.280579465875274
18	2	108.99999237060547	12.813294864065936
18	2	109.99999237060547	12.051854276335513
18	2	110.99999237060547	11.288608811116914
18	2	111.99999237060547	10.261715482614884
18	2	112.99999237060547	10.443025415453812
18	2	114.0	11.336496974935166
18	2	115.0	12.643107040516728
18	2	115.99999237060547	14.219853649093233
18	2	117.0	16.204869692665373
18	2	117.99999237060547	18.340994280113936
18	2	118.99999237060547	22.38355614605458
18	2	120.0	22.673070789498496
18	2	120.99999237060547	25.6117784629167
18	2	122.0	27.608591096959096
18	2	122.99999237060547	26.079391996515987
18	2	123.99998474121094	25.22546467100807
18	2	124.99999237060547	22.236302390190982
18	2	125.99999237060547	22.826977149613686
18	2	127.0	21.582322022446014
18	2	127.99999237060547	21.660761622421735
18	2	128.99998474121094	21.338950429487415
18	2	130.0	16.70269315296363
18	2	130.99998474121094	15.19995932800703
18	2	132.0	14.906355108797568
18	2	132.99998474121094	13.317443079535623
18	2	134.0	11.971716520577399
18	2	135.0	10.932486162887034
18	2	135.99998474121094	11.975275049134977
18	2	137.0	11.895406232075432
18	2	137.99998474121094	11.595205757675032
18	2	139.0	10.181882524048483
18	2	139.99998474121094	12.331477952087603
18	2	140.99998474121094	11.749596207447645
18	2	142.0	13.658441127622156
18	2	142.99998474121094	14.20764810104642
18	2	144.0	13.715295622273343
18	2	144.99998474121094	14.087647653744819
18	2	146.0	16.359706666054976
18	2	147.0	15.250408812764036
18	2	147.99998474121094	15.191006657552434
18	2	149.0	14.965163037551378
18	2	149.99998474121094	15.974169808164437
18	2	151.0	14.9863178409582
18	2	151.99998474121094	14.962420716599617
18	2	152.99998474121094	13.828358304925503
18	2	154.0	15.51670935076637
18	2	154.99998474121094	15.652893077532669
18	2	156.0	15.563199033352062
18	2	156.99998474121094	16.780355818921258
18	2	158.0	17.325548348660845
18	2	158.99998474121094	16.68055138722174
18	2	159.99998474121094	16.21470516507019
18	2	161.0	18.084279912611713
18	2	161.99998474121094	18.696039466002244
18	2	163.0	18.173097985031266
18	2	163.99998474121094	20.083723877031858
18	2	164.99998474121094	22.232168418195833
18	2	166.0	22.977372792495487
18	2	166.99998474121094	23.885174942629174
18	2	168.0	22.853852236450393
18	2	168.99998474121094	23.015184719740677
18	2	169.99998474121094	22.691783800277037
18	2	170.99998474121094	21.42265439776592
18	2	171.99998474121094	22.828027291198573
18	2	173.0	19.868796606871776
18	2	173.99998474121094	20.502540831653285
18	2	175.0	18.14097731291199
18	2	175.99998474121094	15.710756732633724
18	2	176.99998474121094	15.947757466643997
18	2	178.0	14.888345607503537
18	2	178.99998474121094	13.579654041772415
2	1	0.0	6.816849810563716
2	1	0.9999999403953552	6.203024978722901
2	1	1.9999998807907104	6.32870643586666
2	1	3.0	5.633168209003575
2	1	3.999999761581421	5.445787945539799
2	1	4.999999523162842	5.491662911100189
2	1	6.0	5.977076344563356
2	1	6.999999523162842	6.047500290661242
2	1	7.999999523162842	5.622028597354107
2	1	9.0	6.383205369027838
2	1	9.999999046325684	5.644922964565167
2	1	10.999999046325684	6.309415847216428
2	1	12.0	5.8416964456850025
2	1	12.999999046325684	5.759387116657648
2	1	13.999999046325684	6.371080075703772
2	1	15.0	5.862257876407679
2	1	15.999999046325684	6.559970237860945
2	1	16.999998092651367	7.008396916308023
2	1	18.0	5.6494270474359665
2	1	18.999998092651367	6.187668152147774
2	1	19.999998092651367	6.355810334040563
2	1	21.0	6.868084340188451
2	1	21.999998092651367	6.560575136489314
2	1	22.999998092651367	6.8579765139904785
2	1	24.0	7.54641134411675
2	1	24.999998092651367	8.194703871830388
2	1	25.999998092651367	7.159986988520933
2	1	27.0	8.140636094360568
2	1	27.999998092651367	7.599790126254047
2	1	28.999998092651367	8.837096823648428
2	1	30.0	7.661125225000761
2	1	30.999996185302734	7.93319641907811
2	1	31.999998092651367	8.381289272029504
2	1	33.0	8.349490472574864
2	1	33.999996185302734	7.441141907307575
2	1	34.999996185302734	6.784540454468617
2	1	36.0	6.73136913932736
2	1	36.999996185302734	6.3609039476141
2	1	37.999996185302734	6.113695495889243
2	1	39.0	6.249842510388754
2	1	39.999996185302734	6.62534240529396
2	1	40.999996185302734	5.304575491997078
2	1	42.0	4.982442426398119
2	1	42.999996185302734	5.050243579854721
2	1	43.999996185302734	5.387434224365794
2	1	45.0	4.800187793019615
2	1	45.999996185302734	5.948993168017203
2	1	46.999996185302734	5.68378546028207
2	1	48.0	6.450213793653894
2	1	48.999996185302734	6.50269525968898
2	1	49.999996185302734	7.034665823855892
2	1	51.0	7.62103116079914
2	1	51.999996185302734	7.827777571880841
2	1	52.999996185302734	7.974665912623842
2	1	54.0	7.572696473363898
2	1	54.999996185302734	8.365101723696574
2	1	55.999996185302734	7.2626058850453195
2	1	57.0	7.7406764382638995
2	1	57.999996185302734	8.54267895815409
2	1	58.999996185302734	8.524786423849594
2	1	60.0	7.306891124076389
2	1	61.0	7.0837326221927945
2	1	61.99999237060547	6.522958723409115
2	1	62.999996185302734	5.8931964989137215
2	1	63.999996185302734	6.484106046089144
2	1	65.0	6.0512624442334495
2	1	66.0	5.822875005653386
2	1	67.0	5.592424849943979
2	1	67.99999237060547	5.052387832367281
2	1	68.99999237060547	6.015575986480602
2	1	69.99999237060547	6.598369134487934
2	1	71.0	5.6384248933435455
2	1	72.0	7.331460168294572
2	1	73.0	7.861527244117166
2	1	73.99999237060547	7.414476848787846
2	1	74.99999237060547	8.468287952808895
2	1	75.99999237060547	10.249026698684293
2	1	77.0	9.513926735488026
2	1	78.0	11.070782979427806
2	1	79.0	10.547454738995075
2	1	79.99999237060547	12.232700610084525
2	1	80.99999237060547	11.822509330611178
2	1	81.99999237060547	11.815434108404691
2	1	83.0	11.806352518129513
2	1	84.0	12.030335765355387
2	1	84.99999237060547	11.006628720101169
2	1	85.99999237060547	10.025402890163491
2	1	86.99999237060547	8.737370085350717
2	1	87.99999237060547	10.04720058512594
2	1	89.0	9.27606539764233
2	1	90.0	8.528485825058803
2	1	90.99999237060547	7.8494941583468965
2	1	91.99999237060547	8.626957516096523
2	1	92.99999237060547	8.705727526473341
2	1	93.99999237060547	9.31147224452603
2	1	95.0	9.644188688243924
2	1	96.0	8.916145164233924
2	1	96.99999237060547	10.573087585176488
2	1	97.99999237060547	11.043262439714532
2	1	98.99999237060547	12.587078144981467
2	1	99.99999237060547	10.590409798685286
2	1	100.99999237060547	12.049623365797858
2	1	102.0	12.002232098241723
2	1	102.99999237060547	13.057688424079101
2	1	103.99999237060547	13.202504656182649
2	1	104.99999237060547	12.66779475927174
2	1	105.99999237060547	11.871439952051503
2	1	106.99999237060547	11.841217218747843
2	1	108.0	10.484753602414358
2	1	108.99999237060547	10.286493701376399
2	1	109.99999237060547	9.410790879020832
2	1	110.99999237060547	8.818920836493378
2	1	111.99999237060547	8.37591476692635
2	1	112.99999237060547	8.116452102056845
2	1	114.0	7.376968864960721
2	1	115.0	7.62262088732846
2	1	115.99999237060547	7.852179276464358
2	1	117.0	7.8614102771276295
2	1	117.99999237060547	7.851363922632188
2	1	118.99999237060547	7.600356178181511
2	1	120.0	8.281696576194255
2	1	120.99999237060547	8.382544319289494
2	1	122.0	8.589722739836198
2	1	122.99999237060547	8.543349170466398
2	1	123.99998474121094	8.749684062650605
2	1	124.99999237060547	9.158341110881638
2	1	125.99999237060547	8.943611062433838
2	1	127.0	8.842667696690219
2	1	127.99999237060547	8.411874005359175
2	1	128.99998474121094	8.492285822457735
2	1	130.0	9.498643333446475
2	1	130.99998474121094	8.684319152293583
2	1	132.0	8.973284819282958
2	1	132.99998474121094	8.143689188919563
2	1	134.0	8.004705084593558
2	1	135.0	7.6819385189490825
2	1	135.99998474121094	7.256468960076063
2	1	137.0	7.406095352902594
2	1	137.99998474121094	7.777849742821694
2	1	139.0	7.299320713155077
2	1	139.99998474121094	8.453684154589762
2	1	140.99998474121094	8.037507068082546
2	1	142.0	7.578360407733132
2	1	142.99998474121094	8.004063046811577
2	1	144.0	7.999517555918934
2	1	144.99998474121094	8.51476995143177
2	1	146.0	8.451647050669806
2	1	147.0	8.374116719627345
2	1	147.99998474121094	8.772198927475905
2	1	149.0	9.04081831470146
2	1	149.99998474121094	8.932130368212693
2	1	151.0	9.429646469998298
2	1	151.99998474121094	8.768352677199541
2	1	152.99998474121094	9.857235095061315
2	1	154.0	9.550457148490192
2	1	154.99998474121094	9.498083257934534
2	1	156.0	9.4836160634988
2	1	156.99998474121094	9.868059237348492
2	1	158.0	10.307569957607765
2	1	158.99998474121094	10.304187306421316
2	1	159.99998474121094	10.768870688866672
2	1	161.0	10.57977177905299
2	1	161.99998474121094	10.910232552797487
2	1	163.0	11.884967141702713
2	1	163.99998474121094	11.34943079190223
2	1	164.99998474121094	11.79202448879812
2	1	166.0	11.580233983014363
2	1	166.99998474121094	11.94298106096551
2	1	168.0	11.504092741694354
2	1	168.99998474121094	10.712760684835017
2	1	169.99998474121094	10.585591100225841
2	1	170.99998474121094	9.389015382173186
2	1	171.99998474121094	9.467214217980661
2	1	173.0	9.27861647329733
2	1	173.99998474121094	8.5248880229135
2	1	175.0	8.336411514087935
2	1	175.99998474121094	8.268568952609492
2	1	176.99998474121094	7.9892620268801595
2	1	178.0	6.997176196162162
2	1	178.99998474121094	6.712840543656408
2	2	0.0	5.863391260923079
2	2	0.9999999403953552	6.056616885655917
2	2	1.9999998807907104	5.493023826292314
2	2	3.0	5.424674977041643
2	2	3.999999761581421	6.092813046275576
2	2	4.999999523162842	5.672812334493621
2	2	6.0	5.735827232889336
2	2	6.999999523162842	5.589571111531383
2	2	7.999999523162842	5.130706623372056
2	2	9.0	5.828301164062138
2	2	9.999999046325684	5.263736510289101
2	2	10.999999046325684	4.918400011419141
2	2	12.0	6.457335119637278
2	2	12.999999046325684	5.079067405038997
2	2	13.999999046325684	6.308001998058235
2	2	15.0	6.219271864324246
2	2	15.999999046325684	6.545494505688749
2	2	16.999998092651367	6.329418909974457
2	2	18.0	5.751607531193003
2	2	18.999998092651367	6.668752526337622
2	2	19.999998092651367	6.36872664864788
2	2	21.0	6.644661595361341
2	2	21.999998092651367	6.729815271291183
2	2	22.999998092651367	7.371298100402317
2	2	24.0	7.260609762260383
2	2	24.999998092651367	7.799558645324933
2	2	25.999998092651367	7.515298978673696
2	2	27.0	7.691727887577003
2	2	27.999998092651367	8.07604470292705
2	2	28.999998092651367	7.672678489981838
2	2	30.0	7.873406650631111
2	2	30.999996185302734	7.649257771317864
2	2	31.999998092651367	7.596976088316001
2	2	33.0	6.931078321129832
2	2	33.999996185302734	6.668707276334371
2	2	34.999996185302734	6.841794942073072
2	2	36.0	6.038047735736767
2	2	36.999996185302734	5.150240964398292
2	2	37.999996185302734	5.355643962647616
2	2	39.0	5.054904757076431
2	2	39.999996185302734	5.356694104232505
2	2	40.999996185302734	5.0168251717931405
2	2	42.0	4.2969535422382386
2	2	42.999996185302734	5.11289861265854
2	2	43.999996185302734	4.440226151589365
2	2	45.0	5.137754951708686
2	2	45.999996185302734	5.5212273849225895
2	2	46.999996185302734	5.349756766469889
2	2	48.0	5.6082461293826675
2	2	48.999996185302734	6.430825021034344
2	2	49.999996185302734	6.254369645148003
2	2	51.0	7.769258218619464
2	2	51.999996185302734	6.988455752139347
2	2	52.999996185302734	7.451035436320339
2	2	54.0	7.058571059064113
2	2	54.999996185302734	8.055227140110496
2	2	55.999996185302734	7.686148476798749
2	2	57.0	7.658253130454771
2	2	57.999996185302734	7.787657894469832
2	2	58.999996185302734	6.8314297031207545
2	2	60.0	7.420355934115934
2	2	61.0	6.662554556552658
2	2	61.99999237060547	6.474741856737056
2	2	62.999996185302734	5.9917885720355635
2	2	63.999996185302734	5.03325561872843
2	2	65.0	6.184689335896002
2	2	66.0	5.245512284923039
2	2	67.0	6.028199029840432
2	2	67.99999237060547	4.970857144905309
2	2	68.99999237060547	5.474917421689433
2	2	69.99999237060547	5.800715737551749
2	2	71.0	6.141670243182323
2	2	72.0	6.627928058781633
2	2	73.0	6.73113008270641
2	2	73.99999237060547	7.2152760891917165
2	2	74.99999237060547	8.91316207911392
2	2	75.99999237060547	9.371402885624661
2	2	77.0	9.51744684423152
2	2	78.0	9.695792474970663
2	2	79.0	11.85910463041046
2	2	79.99999237060547	10.81536122522601
2	2	80.99999237060547	11.414894740002218
2	2	81.99999237060547	10.811076989069118
2	2	83.0	10.158733305404017
2	2	84.0	10.865895233573996
2	2	84.99999237060547	9.468201180315729
2	2	85.99999237060547	8.987250848588342
2	2	86.99999237060547	9.326813703175526
2	2	87.99999237060547	7.967962081953475
2	2	89.0	7.313112572636625
2	2	90.0	7.909559695681635
2	2	90.99999237060547	7.217486509161861
2	2	91.99999237060547	8.435777106133282
2	2	92.99999237060547	8.095731015662318
2	2	93.99999237060547	7.853026219921439
2	2	95.0	9.724173618519357
2	2	96.0	8.662715263948831
2	2	96.99999237060547	9.029563016722925
2	2	97.99999237060547	11.307421713412069
2	2	98.99999237060547	10.608774469816158
2	2	99.99999237060547	11.96448249647271
2	2	100.99999237060547	13.10877311642892
2	2	102.0	12.807234778724842
2	2	102.99999237060547	12.493402954288388
2	2	103.99999237060547	12.189128272048075
2	2	104.99999237060547	12.10401216215867
2	2	105.99999237060547	11.814609363062413
2	2	106.99999237060547	10.089599838172441
2	2	108.0	10.578637967650769
2	2	108.99999237060547	10.245153981424897
2	2	109.99999237060547	9.015581619491908
2	2	110.99999237060547	8.779571262911288
2	2	111.99999237060547	8.176158200686512
2	2	112.99999237060547	8.035379464156087
2	2	114.0	8.534707273619038
2	2	115.0	7.572033945014407
2	2	115.99999237060547	7.705213242319547
2	2	117.0	7.478695141137951
2	2	117.99999237060547	7.567905095661135
2	2	118.99999237060547	8.43658819109722
2	2	120.0	8.428573817879856
2	2	120.99999237060547	8.546317741434413
2	2	122.0	9.727886680106906
2	2	122.99999237060547	8.581237083566103
2	2	123.99998474121094	9.310995838831422
2	2	124.99999237060547	8.60263435868846
2	2	125.99999237060547	9.002540227045415
2	2	127.0	9.208601911662821
2	2	127.99999237060547	8.612634609407007
2	2	128.99998474121094	8.823351067943777
2	2	130.0	7.752237387207792
2	2	130.99998474121094	9.276587907113838
2	2	132.0	7.84056027091252
2	2	132.99998474121094	8.581075720346963
2	2	134.0	7.5598830384809546
2	2	135.0	7.401115291224008
2	2	135.99998474121094	7.4538674035049555
2	2	137.0	8.004063046811577
2	2	137.99998474121094	8.432268950220832
2	2	139.0	7.4632776966339405
2	2	139.99998474121094	7.353896485944418
2	2	140.99998474121094	7.483525792428443
2	2	142.0	7.964388185470266
2	2	142.99998474121094	7.965408444977537
2	2	144.0	8.280193934576852
2	2	144.99998474121094	7.66563058853203
2	2	146.0	8.466953504599804
2	2	147.0	8.739803340242535
2	2	147.99998474121094	8.378395833142358
2	2	149.0	8.951814119627024
2	2	149.99998474121094	9.465505816914511
2	2	151.0	8.93793005259168
2	2	151.99998474121094	8.787037513447759
2	2	152.99998474121094	9.508448923773674
2	2	154.0	9.911592301797215
2	2	154.99998474121094	10.94452949394106
2	2	156.0	10.257613100244646
2	2	156.99998474121094	10.342105955372288
2	2	158.0	9.741099681056296
2	2	158.99998474121094	10.037592216511024
2	2	159.99998474121094	10.889514881497545
2	2	161.0	10.50741190121223
2	2	161.99998474121094	11.2536262897354
2	2	163.0	11.981941313764908
2	2	163.99998474121094	10.686475555587869
2	2	164.99998474121094	11.309170241839592
2	2	166.0	11.422265367890308
2	2	166.99998474121094	10.73326149762881
2	2	168.0	9.853289807041985
2	2	168.99998474121094	11.706499421332158
2	2	169.99998474121094	9.503512404551048
2	2	170.99998474121094	10.591996963893667
2	2	171.99998474121094	9.942271804001619
2	2	173.0	8.753655817652966
2	2	173.99998474121094	7.8805723728441
2	2	175.0	7.91358096955548
2	2	175.99998474121094	8.206976867995255
2	2	176.99998474121094	7.558797038402923
2	2	178.0	6.612096534059189
2	2	178.99998474121094	6.871162194183188
19	1	0.0	9.770006749171081
19	1	0.9999999403953552	9.103752531487602
19	1	1.9999998807907104	9.591918958073109
19	1	3.0	9.852984156076628
19	1	3.999999761581421	8.254804413884623
19	1	4.999999523162842	9.221035417273184
19	1	6.0	8.905480677618595
19	1	6.999999523162842	9.577415905144232
19	1	7.999999523162842	10.803602200796186
19	1	9.0	9.634328456403363
19	1	9.999999046325684	9.218537275584252
19	1	10.999999046325684	10.347804040687372
19	1	12.0	10.21156823372865
19	1	12.999999046325684	8.758016039664374
19	1	13.999999046325684	8.386551079011353
19	1	15.0	7.64819738444922
19	1	15.999999046325684	7.340168659486338
19	1	16.999998092651367	7.427040981766084
19	1	18.0	6.662034181515268
19	1	18.999998092651367	7.010870298561214
19	1	19.999998092651367	6.309638255251277
19	1	21.0	5.984549852175819
19	1	21.999998092651367	5.959159477709943
19	1	22.999998092651367	5.629315982311687
19	1	24.0	5.731823461375239
19	1	24.999998092651367	5.947858502841334
19	1	25.999998092651367	5.9953927774832145
19	1	27.0	5.925886211168226
19	1	27.999998092651367	6.0935191170810254
19	1	28.999998092651367	5.707227950174023
19	1	30.0	6.821159659929994
19	1	30.999996185302734	6.434997412843575
19	1	31.999998092651367	6.926447452872564
19	1	33.0	7.104068656672861
19	1	33.999996185302734	6.87507375814349
19	1	34.999996185302734	7.525749168103816
19	1	36.0	7.528069724874327
19	1	36.999996185302734	7.550678504800716
19	1	37.999996185302734	7.77388737932944
19	1	39.0	8.166269794315625
19	1	39.999996185302734	8.17050536537468
19	1	40.999996185302734	7.823826307445988
19	1	42.0	7.999765150276347
19	1	42.999996185302734	8.224416902267237
19	1	43.999996185302734	9.497636734317544
19	1	45.0	9.743302417063624
19	1	45.999996185302734	9.914610391636714
19	1	46.999996185302734	8.53998444852652
19	1	48.0	10.443846745701507
19	1	48.999996185302734	9.688272436694477
19	1	49.999996185302734	10.698678542313743
19	1	51.0	10.843704802734269
19	1	51.999996185302734	10.587778468307539
19	1	52.999996185302734	11.049926143023526
19	1	54.0	10.780487986871217
19	1	54.999996185302734	10.67104615825281
19	1	55.999996185302734	10.15075137558521
19	1	57.0	9.629642092859088
19	1	57.999996185302734	9.20368929810229
19	1	58.999996185302734	8.75220867132257
19	1	60.0	8.473904075853937
19	1	61.0	8.016725363759134
19	1	61.99999237060547	7.4121298250343
19	1	62.999996185302734	7.641952030226889
19	1	63.999996185302734	7.617260042603647
19	1	65.0	7.227142689100967
19	1	66.0	8.140823924562742
19	1	67.0	7.746625533030981
19	1	67.99999237060547	7.383478035239743
19	1	68.99999237060547	7.34989399509079
19	1	69.99999237060547	7.876284721592625
19	1	71.0	8.12774411230217
19	1	72.0	9.090021289934938
19	1	73.0	8.696796200359904
19	1	73.99999237060547	8.948955685459373
19	1	74.99999237060547	10.406495856225291
19	1	75.99999237060547	9.753447809302031
19	1	77.0	9.88579382352843
19	1	78.0	10.850056024888735
19	1	79.0	10.972458137457242
19	1	79.99999237060547	11.538683380972238
19	1	80.99999237060547	10.55071530055011
19	1	81.99999237060547	11.971012157319242
19	1	83.0	12.602432410235656
19	1	84.0	12.409096221815629
19	1	84.99999237060547	13.064947207619532
19	1	85.99999237060547	11.129440644019876
19	1	86.99999237060547	12.62867741212143
19	1	87.99999237060547	12.674584821080378
19	1	89.0	11.548320777891126
19	1	90.0	14.172400909834568
19	1	90.99999237060547	12.997693749957001
19	1	91.99999237060547	12.287576911197347
19	1	92.99999237060547	13.640599819736437
19	1	93.99999237060547	12.736470603828925
19	1	95.0	12.7525224021521
19	1	96.0	12.144322231092792
19	1	96.99999237060547	12.040652766096692
19	1	97.99999237060547	10.461589015844261
19	1	98.99999237060547	10.94712155073108
19	1	99.99999237060547	10.074226789898034
19	1	100.99999237060547	10.650191029395822
19	1	102.0	10.96408347176116
19	1	102.99999237060547	10.28263293694805
19	1	103.99999237060547	10.061968307885154
19	1	104.99999237060547	10.010775186282263
19	1	105.99999237060547	9.767708390515372
19	1	106.99999237060547	9.35165339363957
19	1	108.0	9.110949843325503
19	1	108.99999237060547	9.242249984835244
19	1	109.99999237060547	8.916376536892058
19	1	110.99999237060547	8.496059501974168
19	1	111.99999237060547	9.31500515987422
19	1	112.99999237060547	9.373946277316845
19	1	114.0	8.43798667232978
19	1	115.0	8.269561037586435
19	1	115.99999237060547	7.844937568396851
19	1	117.0	8.305505761867273
19	1	117.99999237060547	7.9256191779676275
19	1	118.99999237060547	9.158436733530017
19	1	120.0	8.439548224328774
19	1	120.99999237060547	7.806720952443338
19	1	122.0	7.149653766080349
19	1	122.99999237060547	7.804398688125533
19	1	123.99998474121094	7.873690957255313
19	1	124.99999237060547	6.75689526380299
19	1	125.99999237060547	7.395146559663063
19	1	127.0	6.578577807594175
19	1	127.99999237060547	6.570442198519044
19	1	128.99998474121094	6.124140562677486
19	1	130.0	5.82461542323127
19	1	130.99998474121094	5.802988056111248
19	1	132.0	5.304246789143271
19	1	132.99998474121094	5.365237390223722
19	1	134.0	4.9223551178354015
19	1	135.0	5.277594110341411
19	1	135.99998474121094	5.013814339029635
19	1	137.0	4.887256483237999
19	1	137.99998474121094	5.194518092579723
19	1	139.0	5.120339249985623
19	1	139.99998474121094	5.30991029662568
19	1	140.99998474121094	5.136283899716195
19	1	142.0	5.518130321020812
19	1	142.99998474121094	5.304940907117673
19	1	144.0	5.482737561402275
19	1	144.99998474121094	5.9154287646621135
19	1	146.0	6.121761949299028
19	1	147.0	6.166317834575961
19	1	147.99998474121094	6.140936851620193
19	1	149.0	6.447117583525762
19	1	149.99998474121094	6.695172551820877
19	1	151.0	6.716726921294145
19	1	151.99998474121094	6.197961247226983
19	1	152.99998474121094	6.1115017245052
19	1	154.0	6.386448855109948
19	1	154.99998474121094	5.806729719115945
19	1	156.0	7.152504516285183
19	1	156.99998474121094	6.730965731279507
19	1	158.0	5.975904967120699
19	1	158.99998474121094	7.290987882367661
19	1	159.99998474121094	6.663188483485
19	1	161.0	7.239332869222148
19	1	161.99998474121094	7.190124771346791
19	1	163.0	8.049058625516329
19	1	163.99998474121094	7.750050872899742
19	1	164.99998474121094	8.693756766179247
19	1	166.0	9.261211443744845
19	1	166.99998474121094	9.115659258758228
19	1	168.0	9.260048604038651
19	1	168.99998474121094	9.036830337999818
19	1	169.99998474121094	8.419775680455233
19	1	170.99998474121094	10.024821470310394
19	1	171.99998474121094	8.60180107560972
19	1	173.0	9.684796724180588
19	1	173.99998474121094	9.162348724377143
19	1	175.0	9.218235893487126
19	1	175.99998474121094	10.228630046275343
19	1	176.99998474121094	9.023839318198453
19	1	178.0	9.017007421481148
19	1	178.99998474121094	10.399021921726005
19	2	0.0	10.19678599681745
19	2	0.9999999403953552	8.773618753049622
19	2	1.9999998807907104	10.528720383875378
19	2	3.0	10.904677901454974
19	2	3.999999761581421	11.315467676254343
19	2	4.999999523162842	9.285176016221481
19	2	6.0	9.896837385642694
19	2	6.999999523162842	10.38616323683981
19	2	7.999999523162842	9.76228778163532
19	2	9.0	11.269913729584943
19	2	9.999999046325684	10.137756940689261
19	2	10.999999046325684	11.427035401251917
19	2	12.0	9.144734520281325
19	2	12.999999046325684	10.215906257625255
19	2	13.999999046325684	8.933986472119644
19	2	15.0	8.527490324987273
19	2	15.999999046325684	8.80163704279866
19	2	16.999998092651367	7.507312779986659
19	2	18.0	7.170968652045843
19	2	18.999998092651367	7.093843009711706
19	2	19.999998092651367	6.593159834585329
19	2	21.0	6.495002759136253
19	2	21.999998092651367	6.662931924504302
19	2	22.999998092651367	5.80282455845799
19	2	24.0	6.6957125636521315
19	2	24.999998092651367	5.976114568550853
19	2	25.999998092651367	6.030654055960229
19	2	27.0	5.748856245617958
19	2	27.999998092651367	6.020088607087865
19	2	28.999998092651367	6.06435122111731
19	2	30.0	6.183247739094306
19	2	30.999996185302734	7.092172601572814
19	2	31.999998092651367	6.5474581850751274
19	2	33.0	6.848508591140371
19	2	33.999996185302734	6.655671433416578
19	2	34.999996185302734	7.251120921955943
19	2	36.0	7.2895603728311285
19	2	36.999996185302734	7.0848506387825605
19	2	37.999996185302734	7.852340639683499
19	2	39.0	7.600870149916554
19	2	39.999996185302734	8.092742807900438
19	2	40.999996185302734	8.184138422958025
19	2	42.0	8.728151037518494
19	2	42.999996185302734	8.862397551881447
19	2	43.999996185302734	8.753977690317603
19	2	45.0	9.744313285060786
19	2	45.999996185302734	9.634275522437296
19	2	46.999996185302734	10.333187435863545
19	2	48.0	11.000397880030825
19	2	48.999996185302734	10.756770154978348
19	2	49.999996185302734	10.968696410771857
19	2	51.0	10.983315576916622
19	2	51.999996185302734	10.924282251920204
19	2	52.999996185302734	11.005341229442621
19	2	54.0	10.964285816115321
19	2	54.999996185302734	11.354995688528499
19	2	55.999996185302734	10.078777403432555
19	2	57.0	10.381408571403835
19	2	57.999996185302734	9.295088328254463
19	2	58.999996185302734	8.981400791564226
19	2	60.0	8.69967597886871
19	2	61.0	7.155693360853933
19	2	61.99999237060547	7.901826213993888
19	2	62.999996185302734	7.948489212629768
19	2	63.999996185302734	6.866801545284958
19	2	65.0	7.11553483674202
19	2	66.0	7.758355529156831
19	2	67.0	7.268036739209126
19	2	67.99999237060547	7.841208285110024
19	2	68.99999237060547	7.223606358658193
19	2	69.99999237060547	8.340659037978037
19	2	71.0	8.410282571282561
19	2	72.0	8.526519584351485
19	2	73.0	9.363596833176983
19	2	73.99999237060547	9.087507780320374
19	2	74.99999237060547	9.223124601385562
19	2	75.99999237060547	9.67155811002181
19	2	77.0	9.876368162473813
19	2	78.0	10.971546307203045
19	2	79.0	10.22252214961006
19	2	79.99999237060547	11.000411540409164
19	2	80.99999237060547	11.682653523392352
19	2	81.99999237060547	11.932393413978344
19	2	83.0	12.077126830038207
19	2	84.0	11.935093900021437
19	2	84.99999237060547	12.94475807634211
19	2	85.99999237060547	14.322804236679188
19	2	86.99999237060547	13.937160657082867
19	2	87.99999237060547	14.535605610460106
19	2	89.0	13.413208308114728
19	2	90.0	13.43697736642637
19	2	90.99999237060547	13.548990761267287
19	2	91.99999237060547	12.38041967258533
19	2	92.99999237060547	13.228220318407748
19	2	93.99999237060547	12.718737725196279
19	2	95.0	11.518641898400128
19	2	96.0	12.608292712543527
19	2	96.99999237060547	11.872028202093771
19	2	97.99999237060547	11.928167234429399
19	2	98.99999237060547	10.703678240786193
19	2	99.99999237060547	11.27548374885309
19	2	100.99999237060547	10.835604198378634
19	2	102.0	10.265699190448295
19	2	102.99999237060547	10.348455469979461
19	2	103.99999237060547	10.402096360626157
19	2	104.99999237060547	10.826314287333771
19	2	105.99999237060547	9.69971300355425
19	2	106.99999237060547	10.430654235319626
19	2	108.0	10.326719246719541
19	2	108.99999237060547	9.79225096775052
19	2	109.99999237060547	8.706710219940177
19	2	110.99999237060547	8.522122650073289
19	2	111.99999237060547	8.72286532487455
19	2	112.99999237060547	8.385193578913812
19	2	114.0	8.488588982569466
19	2	115.0	8.057481956310248
19	2	115.99999237060547	7.978694870460504
19	2	117.0	8.210627604106627
19	2	117.99999237060547	8.276121434284233
19	2	118.99999237060547	7.436918289079569
19	2	120.0	8.174644460011708
19	2	120.99999237060547	8.221863265291297
19	2	122.0	7.376899709295374
19	2	122.99999237060547	7.443773237685322
19	2	123.99998474121094	8.18316682854859
19	2	124.99999237060547	8.310093087668584
19	2	125.99999237060547	6.945460991974587
19	2	127.0	7.144888001586973
19	2	127.99999237060547	6.883446716292279
19	2	128.99998474121094	6.134249242649104
19	2	130.0	6.0575910413862895
19	2	130.99998474121094	6.110314125363264
19	2	132.0	5.2127909830436225
19	2	132.99998474121094	5.039657213528024
19	2	134.0	5.1127235890610585
19	2	135.0	5.0170629477536215
19	2	135.99998474121094	4.81872492642703
19	2	137.0	4.971236647291067
19	2	137.99998474121094	4.7733063028805605
19	2	139.0	5.12861359727827
19	2	139.99998474121094	5.208677501615982
19	2	140.99998474121094	5.185319962201832
19	2	142.0	5.172079213608939
19	2	142.99998474121094	5.385030851551596
19	2	144.0	5.770920317958038
19	2	144.99998474121094	5.606556511336735
19	2	146.0	6.041285672290177
19	2	147.0	5.94652234708495
19	2	147.99998474121094	6.176344979164362
19	2	149.0	6.335063207549826
19	2	149.99998474121094	6.587100603017881
19	2	151.0	6.225027579360451
19	2	151.99998474121094	6.765978134738638
19	2	152.99998474121094	6.40034103299493
19	2	154.0	6.564569516493302
19	2	154.99998474121094	6.643247319316325
19	2	156.0	6.149107038527998
19	2	156.99998474121094	6.551130692414478
19	2	158.0	7.0153193130318305
19	2	158.99998474121094	7.2719837347757466
19	2	159.99998474121094	7.8084703346445075
19	2	161.0	7.756706892245919
19	2	161.99998474121094	8.395849527792679
19	2	163.0	8.941778864188981
19	2	163.99998474121094	6.8130620437821205
19	2	164.99998474121094	8.216554500758905
19	2	166.0	8.572456875388053
19	2	166.99998474121094	8.359912487474658
19	2	168.0	9.385006914904034
19	2	168.99998474121094	8.90598269652259
19	2	169.99998474121094	10.343024615815656
19	2	170.99998474121094	9.694013210691873
19	2	171.99998474121094	9.833367852780352
19	2	173.0	9.48944477618176
19	2	173.99998474121094	9.613403318107384
19	2	175.0	9.143968685320639
19	2	175.99998474121094	10.915606204126995
19	2	176.99998474121094	9.158313790124957
19	2	178.0	9.103379432404191
19	2	178.99998474121094	7.933298018142014
10	1	0.0	9.776192339238175
10	1	0.9999999403953552	8.759163511444935
10	1	1.9999998807907104	9.76065707397098
10	1	3.0	9.728381868821732
10	1	3.999999761581421	10.128850374011565
10	1	4.999999523162842	9.26367031184605
10	1	6.0	10.365049414568007
10	1	6.999999523162842	11.909810247261342
10	1	7.999999523162842	10.85111641175738
10	1	9.0	11.617547306450144
10	1	9.999999046325684	11.661089762408974
10	1	10.999999046325684	12.508789662941135
10	1	12.0	12.187450606833192
10	1	12.999999046325684	13.18231973963797
10	1	13.999999046325684	13.243221975146035
10	1	15.0	13.52376943398337
10	1	15.999999046325684	14.049904882164975
10	1	16.999998092651367	14.072183251690264
10	1	18.0	14.113102061234164
10	1	18.999998092651367	14.284195738622046
10	1	19.999998092651367	14.482903870824288
10	1	21.0	14.417940234081003
10	1	21.999998092651367	14.211431172072961
10	1	22.999998092651367	13.701451682599373
10	1	24.0	13.457743702824148
10	1	24.999998092651367	13.046573998752198
10	1	25.999998092651367	13.22669377112825
10	1	27.0	13.37484228177312
10	1	27.999998092651367	12.967213177012173
10	1	28.999998092651367	11.526517106513152
10	1	30.0	11.938494480454457
10	1	30.999996185302734	11.939321787117676
10	1	31.999998092651367	11.328972667790751
10	1	33.0	10.864070719291956
10	1	33.999996185302734	10.596264124577633
10	1	34.999996185302734	9.858155463051974
10	1	36.0	9.509291598362525
10	1	36.999996185302734	9.199776453481519
10	1	37.999996185302734	9.325662816300378
10	1	39.0	8.472287028567937
10	1	39.999996185302734	8.816402204236935
10	1	40.999996185302734	8.827745440901033
10	1	42.0	8.692607586851393
10	1	42.999996185302734	8.862756136812873
10	1	43.999996185302734	8.262602782369486
10	1	45.0	8.175367606290083
10	1	45.999996185302734	8.161670515683268
10	1	46.999996185302734	8.5035342902471
10	1	48.0	8.451925380878484
10	1	48.999996185302734	8.487885473084955
10	1	49.999996185302734	8.536618019039349
10	1	51.0	8.931537849302194
10	1	51.999996185302734	9.385050457359993
10	1	52.999996185302734	9.131796434446029
10	1	54.0	10.592545940348208
10	1	54.999996185302734	10.10140069751093
10	1	55.999996185302734	10.904745349573028
10	1	57.0	11.245063793837144
10	1	57.999996185302734	11.456835516600682
10	1	58.999996185302734	11.593593833030909
10	1	60.0	12.945477807525899
10	1	61.0	12.57155483254532
10	1	61.99999237060547	13.057949678814854
10	1	62.999996185302734	13.48208735079972
10	1	63.999996185302734	13.523130811295973
10	1	65.0	13.810220737584535
10	1	66.0	14.313261608635035
10	1	67.0	14.873802427213286
10	1	67.99999237060547	13.936844760833754
10	1	68.99999237060547	14.255990472444477
10	1	69.99999237060547	14.271534275448134
10	1	71.0	14.432563669094002
10	1	72.0	13.923947656133478
10	1	73.0	14.261229227537877
10	1	73.99999237060547	14.390880732136706
10	1	74.99999237060547	13.111395909070204
10	1	75.99999237060547	14.052672816326123
10	1	77.0	13.52839091073053
10	1	78.0	12.873984509936085
10	1	79.0	12.483970463044601
10	1	79.99999237060547	12.592706220857558
10	1	80.99999237060547	11.680341504358301
10	1	81.99999237060547	11.163826377622659
10	1	83.0	11.61981407548094
10	1	84.0	10.389457949340695
10	1	84.99999237060547	11.217257239952376
10	1	85.99999237060547	10.916589751367477
10	1	86.99999237060547	10.382133425229503
10	1	87.99999237060547	10.482952993794413
10	1	89.0	10.89377777331328
10	1	90.0	9.872882204676168
10	1	90.99999237060547	11.383844700035342
10	1	91.99999237060547	10.149745630229926
10	1	92.99999237060547	9.463621538477234
10	1	93.99999237060547	10.442339835215872
10	1	95.0	9.936317586592661
10	1	96.0	11.026280028116942
10	1	96.99999237060547	11.003456097231698
10	1	97.99999237060547	10.790016100763385
10	1	98.99999237060547	10.694903155250019
10	1	99.99999237060547	12.754313619261938
10	1	100.99999237060547	12.097454326781811
10	1	102.0	12.036352308240522
10	1	102.99999237060547	12.295265142881842
10	1	103.99999237060547	13.311691206480827
10	1	104.99999237060547	12.152419420353842
10	1	105.99999237060547	13.500087460583643
10	1	106.99999237060547	14.27408364355584
10	1	108.0	13.692098592304687
10	1	108.99999237060547	13.681277865112095
10	1	109.99999237060547	14.276523728636828
10	1	110.99999237060547	14.479333389435663
10	1	111.99999237060547	13.180532791396365
10	1	112.99999237060547	14.02776909283861
10	1	114.0	13.416190539461084
10	1	115.0	13.059931287447803
10	1	115.99999237060547	12.081694519045652
10	1	117.0	11.95957842064864
10	1	117.99999237060547	11.550953815816165
10	1	118.99999237060547	10.704726674823789
10	1	120.0	10.362207202099636
10	1	120.99999237060547	9.820506606573217
10	1	122.0	8.554171605206282
10	1	122.99999237060547	7.710306855893084
10	1	123.99998474121094	7.419264811396024
10	1	124.99999237060547	6.803380250633627
10	1	125.99999237060547	5.889448005719854
10	1	127.0	5.587653535921902
10	1	127.99999237060547	4.881627126701439
10	1	128.99998474121094	4.511298965658402
10	1	130.0	4.2359484270058
10	1	130.99998474121094	3.9657384594772798
10	1	132.0	3.683121453321431
10	1	132.99998474121094	3.660851621532604
10	1	134.0	3.4194661195185954
10	1	135.0	3.5368506043680807
10	1	135.99998474121094	3.771718825253428
10	1	137.0	3.8008474476294167
10	1	137.99998474121094	4.086312642669161
10	1	139.0	4.159395239901475
10	1	139.99998474121094	4.20055652116091
10	1	140.99998474121094	4.8479009332403855
10	1	142.0	5.1624281563117105
10	1	142.99998474121094	5.464735317184237
10	1	144.0	6.048683194048123
10	1	144.99998474121094	6.3739444862869465
10	1	146.0	7.380175638776041
10	1	147.0	8.043924030807771
10	1	147.99998474121094	8.972271389964858
10	1	149.0	9.53510117568871
10	1	149.99998474121094	10.445473184497615
10	1	151.0	11.047093322065264
10	1	151.99998474121094	11.898198071898674
10	1	152.99998474121094	12.844289408745807
10	1	154.0	13.193265117782914
10	1	154.99998474121094	13.150573874149396
10	1	156.0	14.953748083900994
10	1	156.99998474121094	15.092634858031326
10	1	158.0	15.306085099783393
10	1	158.99998474121094	15.840933308024997
10	1	159.99998474121094	15.99664966827024
10	1	161.0	16.099056402043534
10	1	161.99998474121094	14.566221933414688
10	1	163.0	15.046182741486069
10	1	163.99998474121094	14.413083969581125
10	1	164.99998474121094	14.079845016391726
10	1	166.0	14.193266283975312
10	1	166.99998474121094	13.125781995009543
10	1	168.0	13.266302038125154
10	1	168.99998474121094	11.836631600493826
10	1	169.99998474121094	11.93134668748804
10	1	170.99998474121094	10.754911489750457
10	1	171.99998474121094	10.915491798458396
10	1	173.0	11.371544383113793
10	1	173.99998474121094	10.32486826545447
10	1	175.0	9.493309809478342
10	1	175.99998474121094	9.71183488178373
10	1	176.99998474121094	9.918920241002992
10	1	178.0	9.33329299137693
10	1	178.99998474121094	8.545060986627131
10	2	0.0	9.101079366201189
10	2	0.9999999403953552	9.71261352334911
10	2	1.9999998807907104	9.72886083583728
10	2	3.0	9.851425165398572
10	2	3.999999761581421	9.204511482123632
10	2	4.999999523162842	9.861272590634439
10	2	6.0	10.593915393276795
10	2	6.999999523162842	11.329094757422165
10	2	7.999999523162842	11.816989683988162
10	2	9.0	12.306189176685631
10	2	9.999999046325684	11.953209269247603
10	2	10.999999046325684	12.442922733680117
10	2	12.0	13.697088045493382
10	2	12.999999046325684	13.300901215139499
10	2	13.999999046325684	13.148548723060488
10	2	15.0	13.735827170918402
10	2	15.999999046325684	13.97732729204442
10	2	16.999998092651367	14.463724699634891
10	2	18.0	14.241611216694308
10	2	18.999998092651367	15.187302987474995
10	2	19.999998092651367	14.88971847552671
10	2	21.0	14.689901291357986
10	2	21.999998092651367	14.817405555236492
10	2	22.999998092651367	13.691157733746518
10	2	24.0	14.584718085687083
10	2	24.999998092651367	14.092424517295598
10	2	25.999998092651367	13.730060783711618
10	2	27.0	13.597927359123137
10	2	27.999998092651367	13.530679024102483
10	2	28.999998092651367	12.534793900658666
10	2	30.0	12.68926204383309
10	2	30.999996185302734	11.973584577315398
10	2	31.999998092651367	11.26509246980456
10	2	33.0	11.446282020559366
10	2	33.999996185302734	11.416471659926845
10	2	34.999996185302734	9.94522329949671
10	2	36.0	9.723623788291171
10	2	36.999996185302734	10.208126672160612
10	2	37.999996185302734	9.641842518264024
10	2	39.0	9.485053818319088
10	2	39.999996185302734	9.006603335827927
10	2	40.999996185302734	8.636415620549698
10	2	42.0	8.618486373978415
10	2	42.999996185302734	8.687055496829819
10	2	43.999996185302734	8.525415655026881
10	2	45.0	8.121131635411949
10	2	45.999996185302734	8.842644644801771
10	2	46.999996185302734	9.278971643134172
10	2	48.0	9.414136817940493
10	2	48.999996185302734	8.790099999516862
10	2	49.999996185302734	9.338056194549367
10	2	51.0	9.635597164041693
10	2	51.999996185302734	10.04983106173004
10	2	52.999996185302734	10.03773223538901
10	2	54.0	11.221474881764859
10	2	54.999996185302734	10.620397744236227
10	2	55.999996185302734	11.565558467808945
10	2	57.0	11.656892611164002
10	2	57.999996185302734	12.07004221632161
10	2	58.999996185302734	11.809414150424972
10	2	60.0	12.598587867506584
10	2	61.0	12.964032870179885
10	2	61.99999237060547	13.64833415519783
10	2	62.999996185302734	13.756473979005705
10	2	63.999996185302734	14.198389779626467
10	2	65.0	14.047669702759089
10	2	66.0	14.43608975425302
10	2	67.0	14.893481909759386
10	2	67.99999237060547	14.434214867325851
10	2	68.99999237060547	14.67478096008287
10	2	69.99999237060547	14.46542200164364
10	2	71.0	15.172411467537074
10	2	72.0	14.581048566555493
10	2	73.0	13.753735073148528
10	2	73.99999237060547	14.850267302880717
10	2	74.99999237060547	13.295080186419357
10	2	75.99999237060547	13.335954599733652
10	2	77.0	13.223002907655504
10	2	78.0	12.922801579481458
10	2	79.0	12.580883163404266
10	2	79.99999237060547	11.978318752183863
10	2	80.99999237060547	12.22276183106851
10	2	81.99999237060547	11.91108151622061
10	2	83.0	11.23389045812865
10	2	84.0	11.243992307911098
10	2	84.99999237060547	10.843331703650858
10	2	85.99999237060547	11.254804497367228
10	2	86.99999237060547	9.883666219601972
10	2	87.99999237060547	8.969419785986377
10	2	89.0	10.032865725605376
10	2	90.0	9.891973437179999
10	2	90.99999237060547	10.32757814300767
10	2	91.99999237060547	10.077175724072188
10	2	92.99999237060547	10.388390732282879
10	2	93.99999237060547	10.805817743408209
10	2	95.0	10.897454976407685
10	2	96.0	11.116286553452078
10	2	96.99999237060547	11.569865755854284
10	2	97.99999237060547	11.323905521200247
10	2	98.99999237060547	11.970842256363637
10	2	99.99999237060547	12.179204860957693
10	2	100.99999237060547	12.25396640406536
10	2	102.0	12.907971531246067
10	2	102.99999237060547	12.221271996055801
10	2	103.99999237060547	13.163625511879644
10	2	104.99999237060547	14.346458889322236
10	2	105.99999237060547	13.848703730915679
10	2	106.99999237060547	14.488065786289525
10	2	108.0	14.472274388928454
10	2	108.99999237060547	13.956836724534382
10	2	109.99999237060547	14.308029683730805
10	2	110.99999237060547	14.33861100196589
10	2	111.99999237060547	15.262990021215199
10	2	112.99999237060547	14.427915725363807
10	2	114.0	13.273175769751125
10	2	115.0	13.88641747419155
10	2	115.99999237060547	12.826411388593298
10	2	117.0	12.10401216215867
10	2	117.99999237060547	11.303272373491286
10	2	118.99999237060547	10.804909328248597
10	2	120.0	10.773789278842727
10	2	120.99999237060547	9.00530218479104
10	2	122.0	9.298786875690025
10	2	122.99999237060547	8.377859663292512
10	2	123.99998474121094	7.369191840817015
10	2	124.99999237060547	7.011294624063401
10	2	125.99999237060547	6.2248828647274115
10	2	127.0	6.012532283431715
10	2	127.99999237060547	5.542731808637551
10	2	128.99998474121094	5.0550323962365455
10	2	130.0	4.531302882190077
10	2	130.99998474121094	4.4053038212499125
10	2	132.0	4.28684486226662
10	2	132.99998474121094	4.071083882140972
10	2	134.0	3.9000841198541782
10	2	135.0	4.122460991964631
10	2	135.99998474121094	3.8879122958663928
10	2	137.0	4.126607343677652
10	2	137.99998474121094	4.192037567718612
10	2	139.0	4.303280858730609
10	2	139.99998474121094	4.5127917888788724
10	2	140.99998474121094	5.129902368597286
10	2	142.0	5.383476983515418
10	2	142.99998474121094	5.548017094394671
10	2	144.0	6.5049103754141795
10	2	144.99998474121094	7.284734844182514
10	2	146.0	7.452970941176391
10	2	147.0	8.598654065949637
10	2	147.99998474121094	8.994018712282179
10	2	149.0	9.820173634851178
10	2	149.99998474121094	10.363849862595025
10	2	151.0	11.741700508767112
10	2	151.99998474121094	12.023899165836298
10	2	152.99998474121094	12.762916242521568
10	2	154.0	14.297957716025975
10	2	154.99998474121094	14.05742235912022
10	2	156.0	16.112658723775613
10	2	156.99998474121094	15.16424939147891
10	2	158.0	14.866755379537127
10	2	158.99998474121094	16.28673292496256
10	2	159.99998474121094	16.470652843838078
10	2	161.0	15.442410552974971
10	2	161.99998474121094	15.15834298539414
10	2	163.0	14.684148564529544
10	2	163.99998474121094	15.55965758026741
10	2	164.99998474121094	14.98064195375792
10	2	166.0	13.158049516195975
10	2	166.99998474121094	13.78772038691122
10	2	168.0	12.893275525473138
10	2	168.99998474121094	13.03392534218298
10	2	169.99998474121094	11.603189395041131
10	2	170.99998474121094	12.683334293407164
10	2	171.99998474121094	10.24868604299944
10	2	173.0	9.843541419549085
10	2	173.99998474121094	9.961041163840815
10	2	175.0	9.96811894736824
10	2	175.99998474121094	9.658576481730554
10	2	176.99998474121094	9.455288707689819
10	2	178.0	9.433265616484759
10	2	178.99998474121094	9.154039799251821
1	1	0.0	17.195843056322303
1	1	0.9999999403953552	17.062686810905614
1	1	1.9999998807907104	16.589639861821578
1	1	3.0	17.335937066388436
1	1	3.999999761581421	18.144078218795176
1	1	4.999999523162842	17.04974360242844
1	1	6.0	18.398845982383943
1	1	6.999999523162842	17.550092525172307
1	1	7.999999523162842	19.529320837196508
1	1	9.0	19.898513052403207
1	1	9.999999046325684	18.710840485933662
1	1	10.999999046325684	20.050213261416484
1	1	12.0	20.920358871108597
1	1	12.999999046325684	20.528198437270436
1	1	13.999999046325684	20.986845640036794
1	1	15.0	20.64804776663665
1	1	15.999999046325684	19.81871765987724
1	1	16.999998092651367	19.854144143554805
1	1	18.0	19.626688598909624
1	1	18.999998092651367	20.41191275910368
1	1	19.999998092651367	19.070946841996953
1	1	21.0	18.75899844222413
1	1	21.999998092651367	18.25193544352614
1	1	22.999998092651367	18.479496856103452
1	1	24.0	17.392690815749365
1	1	24.999998092651367	17.3855532680667
1	1	25.999998092651367	16.283251236033145
1	1	27.0	16.805205754669057
1	1	27.999998092651367	16.046566398271988
1	1	28.999998092651367	16.24699829946601
1	1	30.0	15.024114400277758
1	1	30.999996185302734	16.549519330636922
1	1	31.999998092651367	16.313710464636817
1	1	33.0	14.954296206581887
1	1	33.999996185302734	16.505737818057142
1	1	34.999996185302734	16.167517095641866
1	1	36.0	15.915045983161514
1	1	36.999996185302734	15.873856527371752
1	1	37.999996185302734	15.77324442580288
1	1	39.0	16.1355757159883
1	1	39.999996185302734	14.863593001951411
1	1	40.999996185302734	15.397710379951823
1	1	42.0	16.662540178380418
1	1	42.999996185302734	16.07402717383002
1	1	43.999996185302734	13.773062800952372
1	1	45.0	14.04017613146594
1	1	45.999996185302734	14.332747284563435
1	1	46.999996185302734	14.599295416923182
1	1	48.0	15.164449174512132
1	1	48.999996185302734	13.71963535371724
1	1	49.999996185302734	13.490682290096535
1	1	51.0	12.922893787035253
1	1	51.999996185302734	12.540903504871242
1	1	52.999996185302734	12.617613359439655
1	1	54.0	11.835770996658404
1	1	54.999996185302734	10.878752210912898
1	1	55.999996185302734	11.923009587832393
1	1	57.0	10.050617387258239
1	1	57.999996185302734	10.20251908685203
1	1	58.999996185302734	10.19905020452731
1	1	60.0	10.734298832609005
1	1	61.0	9.296718182145156
1	1	61.99999237060547	8.462402037291637
1	1	62.999996185302734	9.711140763809327
1	1	63.999996185302734	9.246864631393233
1	1	65.0	9.876767728540258
1	1	66.0	9.016682133721927
1	1	67.0	10.476215012178196
1	1	67.99999237060547	10.597979355832953
1	1	68.99999237060547	12.737919457706614
1	1	69.99999237060547	11.668777140319824
1	1	71.0	15.906264067436169
1	1	72.0	14.816389564597452
1	1	73.0	17.2109907083541
1	1	73.99999237060547	19.883478098492716
1	1	74.99999237060547	21.195700872024737
1	1	75.99999237060547	20.733836650159304
1	1	77.0	20.996397659591057
1	1	78.0	23.922474605686613
1	1	79.0	23.823138041945242
1	1	79.99999237060547	24.097076438986942
1	1	80.99999237060547	21.85843241964378
1	1	81.99999237060547	20.943822278454885
1	1	83.0	20.03234548654773
1	1	84.0	17.999010123465983
1	1	84.99999237060547	17.487297473490504
1	1	85.99999237060547	16.39748614990161
1	1	86.99999237060547	15.81924233476833
1	1	87.99999237060547	15.79026525721455
1	1	89.0	15.27378342765111
1	1	90.0	14.498667947428677
1	1	90.99999237060547	14.542946356270576
1	1	91.99999237060547	15.104647453234085
1	1	92.99999237060547	14.696468518244954
1	1	93.99999237060547	13.667719085835973
1	1	95.0	14.902251872653682
1	1	96.0	16.37348315761089
1	1	96.99999237060547	15.789064851467922
1	1	97.99999237060547	17.051662885585213
1	1	98.99999237060547	18.017130615334025
1	1	99.99999237060547	18.515036037902323
1	1	100.99999237060547	18.246824754479675
1	1	102.0	19.663557960049353
1	1	102.99999237060547	19.979618133702523
1	1	103.99999237060547	19.43987267982602
1	1	104.99999237060547	19.984339501966296
1	1	105.99999237060547	19.687948565575468
1	1	106.99999237060547	21.065249381519372
1	1	108.0	20.704502695221393
1	1	108.99999237060547	21.83763961626297
1	1	109.99999237060547	21.282896774516413
1	1	110.99999237060547	21.751638996876046
1	1	111.99999237060547	21.470177146463577
1	1	112.99999237060547	21.30703637059053
1	1	114.0	22.82301734744237
1	1	115.0	22.19124021714182
1	1	115.99999237060547	21.258207348214107
1	1	117.0	21.745927251182625
1	1	117.99999237060547	22.206418605024883
1	1	118.99999237060547	22.16689059275073
1	1	120.0	22.099765201135135
1	1	120.99999237060547	20.560781854705983
1	1	122.0	19.65196542148055
1	1	122.99999237060547	21.05186562584073
1	1	123.99998474121094	18.878919488576628
1	1	124.99999237060547	20.617214585175923
1	1	125.99999237060547	17.834144724827507
1	1	127.0	19.035204462070276
1	1	127.99999237060547	18.555641512518047
1	1	128.99998474121094	17.9591918281521
1	1	130.0	18.101806178021967
1	1	130.99998474121094	16.377253422032737
1	1	132.0	17.390901306186823
1	1	132.99998474121094	16.629659647715975
1	1	134.0	17.124716881400378
1	1	135.0	16.11309244078791
1	1	135.99998474121094	16.965009983132553
1	1	137.0	16.329192795937946
1	1	137.99998474121094	17.068403679240916
1	1	139.0	16.990092145312133
1	1	139.99998474121094	17.020872392806794
1	1	140.99998474121094	16.559493114372433
1	1	142.0	18.11177654666289
1	1	142.99998474121094	17.175542026561732
1	1	144.0	16.9465274912385
1	1	144.99998474121094	17.14094199577374
1	1	146.0	17.879778926219654
1	1	147.0	17.631047342309884
1	1	147.99998474121094	17.518195541748348
1	1	149.0	18.137833718346492
1	1	149.99998474121094	19.73746743705806
1	1	151.0	19.039787519003355
1	1	151.99998474121094	19.37886030751759
1	1	152.99998474121094	20.660196965622813
1	1	154.0	20.13194501257215
1	1	154.99998474121094	20.654925767130855
1	1	156.0	19.652301808297175
1	1	156.99998474121094	21.337249712384082
1	1	158.0	22.871615850934305
1	1	158.99998474121094	21.955270841696223
1	1	159.99998474121094	22.994916133378666
1	1	161.0	22.977222528333748
1	1	161.99998474121094	22.70165000853312
1	1	163.0	23.112511500318774
1	1	163.99998474121094	23.4763454321216
1	1	164.99998474121094	21.779926225323656
1	1	166.0	23.587295024999285
1	1	166.99998474121094	22.904079740059373
1	1	168.0	23.167595268427636
1	1	168.99998474121094	23.65980260568085
1	1	169.99998474121094	21.904397885210674
1	1	170.99998474121094	20.934401740042144
1	1	171.99998474121094	19.9730867653087
1	1	173.0	20.983790837930506
1	1	173.99998474121094	19.45072414286988
1	1	175.0	19.169482566058143
1	1	175.99998474121094	18.919402019787295
1	1	176.99998474121094	18.18020138176808
1	1	178.0	17.587902744870206
1	1	178.99998474121094	17.130850391275047
1	2	0.0	18.182327278147245
1	2	0.9999999403953552	16.519015705803646
1	2	1.9999998807907104	17.416121779697093
1	2	3.0	16.443827275872852
1	2	3.999999761581421	18.453245024028508
1	2	4.999999523162842	18.126369245824623
1	2	6.0	19.231881466768087
1	2	6.999999523162842	20.275346541743858
1	2	7.999999523162842	19.07238630436453
1	2	9.0	20.25663011587073
1	2	9.999999046325684	21.21921038314792
1	2	10.999999046325684	22.30813207459742
1	2	12.0	21.75324921397288
1	2	12.999999046325684	22.436006876238398
1	2	13.999999046325684	22.674751016034318
1	2	15.0	23.41387310687808
1	2	15.999999046325684	20.900698171582714
1	2	16.999998092651367	22.26737292072537
1	2	18.0	20.699728392991553
1	2	18.999998092651367	20.94161612735297
1	2	19.999998092651367	20.821491882872664
1	2	21.0	21.210406269307775
1	2	21.999998092651367	19.77492248691912
1	2	22.999998092651367	19.60442730485726
1	2	24.0	18.757198687377834
1	2	24.999998092651367	18.333093458791524
1	2	25.999998092651367	18.83097156060314
1	2	27.0	18.628777470603254
1	2	27.999998092651367	18.835754400569442
1	2	28.999998092651367	18.70038005121979
1	2	30.0	17.146126109353784
1	2	30.999996185302734	17.47360465175192
1	2	31.999998092651367	17.69051609186589
1	2	33.0	18.33582041181765
1	2	33.999996185302734	15.930019465369474
1	2	34.999996185302734	17.033834384304186
1	2	36.0	16.514337026222186
1	2	36.999996185302734	16.64422673366832
1	2	37.999996185302734	17.62669821935588
1	2	39.0	17.159957242423058
1	2	39.999996185302734	16.787536055286235
1	2	40.999996185302734	16.900855723805915
1	2	42.0	17.229509058741296
1	2	42.999996185302734	17.208320104388626
1	2	43.999996185302734	16.892104543931836
1	2	45.0	16.355716128032395
1	2	45.999996185302734	16.541818292347735
1	2	46.999996185302734	15.272514720012781
1	2	48.0	15.230604679265584
1	2	48.999996185302734	14.68808275349147
1	2	49.999996185302734	13.036264681973709
1	2	51.0	13.93700270895831
1	2	51.999996185302734	13.51126677270766
1	2	52.999996185302734	13.121286022988382
1	2	54.0	13.207484717861234
1	2	54.999996185302734	12.122197540823828
1	2	55.999996185302734	11.455115162703486
1	2	57.0	9.901024291603912
1	2	57.999996185302734	10.249963288374232
1	2	58.999996185302734	10.773554491090009
1	2	60.0	9.302873036360985
1	2	61.0	9.767734857498406
1	2	61.99999237060547	8.67721575555677
1	2	62.999996185302734	10.739508559398432
1	2	63.999996185302734	9.510286244660408
1	2	65.0	9.895762484622065
1	2	66.0	9.820982158494179
1	2	67.0	10.671105922408048
1	2	67.99999237060547	11.178445543767424
1	2	68.99999237060547	13.066488269051016
1	2	69.99999237060547	13.265017108787545
1	2	71.0	14.704644254681458
1	2	72.0	16.30376741675257
1	2	73.0	18.6039855914634
1	2	73.99999237060547	20.29966713783098
1	2	74.99999237060547	20.937881721424265
1	2	75.99999237060547	21.89678222428611
1	2	77.0	24.716217719322966
1	2	78.0	25.186061309686266
1	2	79.0	22.950419158483324
1	2	79.99999237060547	23.262364143161562
1	2	80.99999237060547	23.766712141664474
1	2	81.99999237060547	21.690551492486744
1	2	83.0	21.606652863816894
1	2	84.0	19.68170577267408
1	2	84.99999237060547	17.885393341717403
1	2	85.99999237060547	18.439675145694988
1	2	86.99999237060547	16.718933635262626
1	2	87.99999237060547	17.866396878088306
1	2	89.0	15.968316336045735
1	2	90.0	15.418824202223625
1	2	90.99999237060547	16.724107503558912
1	2	91.99999237060547	15.97710508196025
1	2	92.99999237060547	16.290460500702096
1	2	93.99999237060547	16.39691412155862
1	2	95.0	15.970071694662428
1	2	96.0	18.163405946599017
1	2	96.99999237060547	17.314884715819165
1	2	97.99999237060547	17.774440333745133
1	2	98.99999237060547	19.540510394604283
1	2	99.99999237060547	19.21530289010517
1	2	100.99999237060547	19.51109447739633
1	2	102.0	20.169727911513366
1	2	102.99999237060547	19.788868025656992
1	2	103.99999237060547	21.82154769057842
1	2	104.99999237060547	20.640346728347463
1	2	105.99999237060547	20.700361893037073
1	2	106.99999237060547	22.717658264400338
1	2	108.0	22.603708510929724
1	2	108.99999237060547	23.937461748272916
1	2	109.99999237060547	23.142103294897854
1	2	110.99999237060547	22.67427973298159
1	2	111.99999237060547	22.784812684319903
1	2	112.99999237060547	22.477375624493874
1	2	114.0	23.77293102890377
1	2	115.0	22.390041410671508
1	2	115.99999237060547	24.108455534144184
1	2	117.0	23.375856273957787
1	2	117.99999237060547	22.877155134351185
1	2	118.99999237060547	21.822198266096866
1	2	120.0	23.19240251549312
1	2	120.99999237060547	22.77082616444701
1	2	122.0	22.202743963251418
1	2	122.99999237060547	20.97980371500251
1	2	123.99998474121094	20.136034588337694
1	2	124.99999237060547	20.592569555103225
1	2	125.99999237060547	19.358180202258083
1	2	127.0	20.392614059603808
1	2	127.99999237060547	19.16912056603213
1	2	128.99998474121094	18.471305751741316
1	2	130.0	18.401366322187677
1	2	130.99998474121094	18.366851668764312
1	2	132.0	18.984290524449708
1	2	132.99998474121094	17.893703974390018
1	2	134.0	18.12123635866336
1	2	135.0	16.86445935326621
1	2	135.99998474121094	18.73953752573147
1	2	137.0	18.329186590586275
1	2	137.99998474121094	18.076770119619283
1	2	139.0	17.49354880412836
1	2	139.99998474121094	18.405459313047807
1	2	140.99998474121094	18.03668373938048
1	2	142.0	18.275127350852916
1	2	142.99998474121094	17.826756167692846
1	2	144.0	18.163235191869767
1	2	144.99998474121094	17.958597601694308
1	2	146.0	19.338275323469375
1	2	147.0	19.535742922563614
1	2	147.99998474121094	19.06325604899152
1	2	149.0	19.24561697718898
1	2	149.99998474121094	20.809636382020813
1	2	151.0	21.380711913620164
1	2	151.99998474121094	20.07320538571004
1	2	152.99998474121094	21.963043596971698
1	2	154.0	21.11921470615164
1	2	154.99998474121094	22.031000564118738
1	2	156.0	21.806454680059986
1	2	156.99998474121094	23.048232590039785
1	2	158.0	24.264202630240693
1	2	158.99998474121094	24.88165002366255
1	2	159.99998474121094	23.899079500232027
1	2	161.0	24.63345460960263
1	2	161.99998474121094	23.875139687191133
1	2	163.0	25.37974669152761
1	2	163.99998474121094	23.807353474773343
1	2	164.99998474121094	24.95086374561688
1	2	166.0	24.570529784326595
1	2	166.99998474121094	23.928621775939625
1	2	168.0	23.518955567258725
1	2	168.99998474121094	22.89497851299033
1	2	169.99998474121094	23.267085511425332
1	2	170.99998474121094	22.289830582716373
1	2	171.99998474121094	21.683839124079917
1	2	173.0	20.027019646542414
1	2	173.99998474121094	19.207106663101158
1	2	175.0	19.868274097400267
1	2	175.99998474121094	19.22038967348954
1	2	176.99998474121094	18.72046934511609
1	2	178.0	18.45495086377372
1	2	178.99998474121094	18.31223064597172
6	1	0.0	2.3790398383932434
6	1	0.9999999403953552	2.4154688657749177
6	1	1.9999998807907104	2.464444310331671
6	1	3.0	2.9590353836052192
6	1	3.999999761581421	2.5600857417320673
6	1	4.999999523162842	2.507562013901492
6	1	6.0	2.5843738944206325
6	1	6.999999523162842	2.6468929637712866
6	1	7.999999523162842	2.718738016103358
6	1	9.0	3.0164388547109455
6	1	9.999999046325684	2.973906626419041
6	1	10.999999046325684	3.246825190840295
6	1	12.0	3.384756805703883
6	1	12.999999046325684	3.5294703715264704
6	1	13.999999046325684	3.8518117578951134
6	1	15.0	3.8181423403815353
6	1	15.999999046325684	4.115597078735591
6	1	16.999998092651367	4.070258283025046
6	1	18.0	3.804533188460285
6	1	18.999998092651367	3.914906057239929
6	1	19.999998092651367	3.850260451179874
6	1	21.0	3.7922294564441534
6	1	21.999998092651367	3.795624487348473
6	1	22.999998092651367	3.8279154873101775
6	1	24.0	3.9244170956591717
6	1	24.999998092651367	3.978818698624677
6	1	25.999998092651367	3.9253861287476677
6	1	27.0	4.125253685561519
6	1	27.999998092651367	4.076287632514875
6	1	28.999998092651367	4.212558444193092
6	1	30.0	4.402932038060626
6	1	30.999996185302734	4.352475723114449
6	1	31.999998092651367	4.401808045055335
6	1	33.0	4.389703242298781
6	1	33.999996185302734	4.249587034117846
6	1	34.999996185302734	4.364714995220289
6	1	36.0	4.152579137996625
6	1	36.999996185302734	4.413050109542353
6	1	37.999996185302734	4.003200339527507
6	1	39.0	3.8856519301379415
6	1	39.999996185302734	3.9027039242877013
6	1	40.999996185302734	3.756539156709898
6	1	42.0	3.5583185292596653
6	1	42.999996185302734	3.410622732090721
6	1	43.999996185302734	3.515590146472535
6	1	45.0	3.6488287810460895
6	1	45.999996185302734	3.502752805927496
6	1	46.999996185302734	3.387462627832266
6	1	48.0	3.2207009979254657
6	1	48.999996185302734	3.480395248896517
6	1	49.999996185302734	3.2318704916525522
6	1	51.0	3.1733101572561555
6	1	51.999996185302734	3.3726413307767498
6	1	52.999996185302734	3.1831592900393137
6	1	54.0	3.495428922146538
6	1	54.999996185302734	3.4006271771272307
6	1	55.999996185302734	3.6452860473009685
6	1	57.0	3.674728858378778
6	1	57.999996185302734	3.501261049924083
6	1	58.999996185302734	3.5452863148798697
6	1	60.0	3.38127661087835
6	1	61.0	3.407891723639774
6	1	61.99999237060547	3.3592515986825857
6	1	62.999996185302734	3.336787746832649
6	1	63.999996185302734	3.2339413196315356
6	1	65.0	3.1252096172433985
6	1	66.0	3.287514548716765
6	1	67.0	3.344601483243143
6	1	67.99999237060547	3.2747137069951036
6	1	68.99999237060547	3.142107078363187
6	1	69.99999237060547	3.467202525071226
6	1	71.0	3.455343609124791
6	1	72.0	3.592335859534091
6	1	73.0	3.7398086083379516
6	1	73.99999237060547	3.690078854764735
6	1	74.99999237060547	3.7001175252973613
6	1	75.99999237060547	3.9406033633316326
6	1	77.0	3.8869855245733866
6	1	78.0	3.838705478651505
6	1	79.0	4.242061873199785
6	1	79.99999237060547	4.059341933184073
6	1	80.99999237060547	4.269455200639768
6	1	81.99999237060547	4.163516832178754
6	1	83.0	4.373630099634448
6	1	84.0	4.138448757264338
6	1	84.99999237060547	4.021999581444321
6	1	85.99999237060547	3.988774553113617
6	1	86.99999237060547	3.6283501663670985
6	1	87.99999237060547	3.455486402767127
6	1	89.0	3.4934120953506804
6	1	90.0	3.3168623774764288
6	1	90.99999237060547	3.266313001202811
6	1	91.99999237060547	3.4744149913913476
6	1	92.99999237060547	3.560977607280916
6	1	93.99999237060547	3.6411712852128586
6	1	95.0	3.7156429721676236
6	1	96.0	3.9293967304509345
6	1	96.99999237060547	4.000398254420509
6	1	97.99999237060547	4.090120473131443
6	1	98.99999237060547	4.2073901254255075
6	1	99.99999237060547	4.542526590543701
6	1	100.99999237060547	4.800249691608968
6	1	102.0	4.736926154040134
6	1	102.99999237060547	4.6996077079624765
6	1	103.99999237060547	4.452897433160208
6	1	104.99999237060547	4.659307457425286
6	1	105.99999237060547	4.418834425995708
6	1	106.99999237060547	4.148171958434674
6	1	108.0	4.2615466953545384
6	1	108.99999237060547	3.604407365118442
6	1	109.99999237060547	3.912597453300465
6	1	110.99999237060547	3.8739705991099274
6	1	111.99999237060547	3.5397483121234585
6	1	112.99999237060547	3.662858843374942
6	1	114.0	3.4755494431238048
6	1	115.0	3.4066917447799674
6	1	115.99999237060547	3.43651192380942
6	1	117.0	3.575180772216546
6	1	117.99999237060547	3.531815901176135
6	1	118.99999237060547	3.6917624963951434
6	1	120.0	3.3106799890605094
6	1	120.99999237060547	3.7281422183487467
6	1	122.0	3.3388534521697544
6	1	122.99999237060547	3.4262312084480815
6	1	123.99998474121094	3.2218623435277793
6	1	124.99999237060547	3.2200896959947496
6	1	125.99999237060547	3.0213595791211163
6	1	127.0	2.7364117709110007
6	1	127.99999237060547	2.7742245519298376
6	1	128.99998474121094	2.6887703476765155
6	1	130.0	2.5592415730393356
6	1	130.99998474121094	2.678224535598016
6	1	132.0	2.5112016509554627
6	1	132.99998474121094	2.910189285755873
6	1	134.0	2.6842348886242156
6	1	135.0	2.7359268274799295
6	1	135.99998474121094	2.9761055204449622
6	1	137.0	2.8362343453005026
6	1	137.99998474121094	2.8987792413039553
6	1	139.0	3.0371925979474406
6	1	139.99998474121094	3.0001044573108597
6	1	140.99998474121094	3.106637692559899
6	1	142.0	3.3759697673366613
6	1	142.99998474121094	3.440681754297713
6	1	144.0	3.5481494448025743
6	1	144.99998474121094	3.7324401148839774
6	1	146.0	3.7358885066411873
6	1	147.0	3.7572089421353825
6	1	147.99998474121094	3.822056892549599
6	1	149.0	3.4327824270791814
6	1	149.99998474121094	3.6185249392460355
6	1	151.0	3.6318685675633016
6	1	151.99998474121094	3.4215260618835885
6	1	152.99998474121094	3.330124470410478
6	1	154.0	3.3015941299171003
6	1	154.99998474121094	3.292947110427864
6	1	156.0	3.2601570797699253
6	1	156.99998474121094	3.2792212049604887
6	1	158.0	3.6241077651188744
6	1	158.99998474121094	3.4692769815882056
6	1	159.99998474121094	3.37392647355777
6	1	161.0	3.657671314700317
6	1	161.99998474121094	3.630157605176213
6	1	163.0	3.485503163178629
6	1	163.99998474121094	3.548621795072363
6	1	164.99998474121094	3.4798998467382796
6	1	166.0	3.3106355928309044
6	1	166.99998474121094	3.007064206631691
6	1	168.0	2.873139351489962
6	1	168.99998474121094	2.537483578551437
6	1	169.99998474121094	2.519947067857429
6	1	170.99998474121094	2.4307655013079845
6	1	171.99998474121094	2.3317360826358504
6	1	173.0	2.3198342645636916
6	1	173.99998474121094	2.364926533133881
6	1	175.0	2.4484144966798858
6	1	175.99998474121094	2.262018634230238
6	1	176.99998474121094	2.356339064356471
6	1	178.0	2.398377384594019
6	1	178.99998474121094	2.5762267594012767
6	2	0.0	2.398438642853137
6	2	0.9999999403953552	2.3615618111940035
6	2	1.9999998807907104	2.5094998666350716
6	2	3.0	2.568073221079574
6	2	3.999999761581421	2.5063278840958354
6	2	4.999999523162842	2.6800949402135417
6	2	6.0	2.680003372989981
6	2	6.999999523162842	2.6950310698244784
6	2	7.999999523162842	2.831446596135735
6	2	9.0	2.921975844385788
6	2	9.999999046325684	3.005084092102622
6	2	10.999999046325684	3.122105936595862
6	2	12.0	3.3574328473726585
6	2	12.999999046325684	3.427467686131265
6	2	13.999999046325684	3.6175981679530294
6	2	15.0	3.642349065957863
6	2	15.999999046325684	3.5873779959703076
6	2	16.999998092651367	3.78160936605843
6	2	18.0	3.8483625123642566
6	2	18.999998092651367	3.65555352917079
6	2	19.999998092651367	3.6563765669657764
6	2	21.0	3.795832381231335
6	2	21.999998092651367	3.714474582932728
6	2	22.999998092651367	3.73168665964116
6	2	24.0	3.724183696837901
6	2	24.999998092651367	3.8221601991607956
6	2	25.999998092651367	3.8450391984462224
6	2	27.0	4.043096755130021
6	2	27.999998092651367	4.078492929843143
6	2	28.999998092651367	4.03118917408575
6	2	30.0	4.325745350910781
6	2	30.999996185302734	3.95354016850646
6	2	31.999998092651367	4.201768879738587
6	2	33.0	4.080552231877902
6	2	33.999996185302734	4.228680251955261
6	2	34.999996185302734	3.9846119797013175
6	2	36.0	4.141636748059441
6	2	36.999996185302734	3.893926704317412
6	2	37.999996185302734	3.8242519445941117
6	2	39.0	3.7159481962461585
6	2	39.999996185302734	3.495470970498616
6	2	40.999996185302734	3.4080652531333744
6	2	42.0	3.3851787833285427
6	2	42.999996185302734	3.3767868287161242
6	2	43.999996185302734	3.089373322215634
6	2	45.0	3.135600682848515
6	2	45.999996185302734	3.195043819195136
6	2	46.999996185302734	3.1700201405103248
6	2	48.0	3.068567712230129
6	2	48.999996185302734	3.040025632349115
6	2	49.999996185302734	2.885978826469117
6	2	51.0	2.934939116543649
6	2	51.999996185302734	2.9867456745113725
6	2	52.999996185302734	3.311825326406956
6	2	54.0	3.3181537101163845
6	2	54.999996185302734	3.454331033580337
6	2	55.999996185302734	3.4580379053089496
6	2	57.0	3.308388674037382
6	2	57.999996185302734	3.449806246698615
6	2	58.999996185302734	3.328319806365714
6	2	60.0	3.232769088415232
6	2	61.0	3.298759174524722
6	2	61.99999237060547	3.314827407990588
6	2	62.999996185302734	3.188320138287493
6	2	63.999996185302734	3.186791243130468
6	2	65.0	3.0798985691763567
6	2	66.0	3.0769259427835203
6	2	67.0	3.2341391816740543
6	2	67.99999237060547	3.144455809664025
6	2	68.99999237060547	3.3364925545944573
6	2	69.99999237060547	3.2655441780343613
6	2	71.0	3.3633693489784573
6	2	72.0	3.3482221238334846
6	2	73.0	3.5834177669121696
6	2	73.99999237060547	3.746227705497294
6	2	74.99999237060547	3.467401667774214
6	2	75.99999237060547	3.9539397345729057
6	2	77.0	3.9860988265062645
6	2	78.0	4.098653940725728
6	2	79.0	3.8529391659949885
6	2	79.99999237060547	4.091980845906625
6	2	80.99999237060547	4.133823865422593
6	2	81.99999237060547	4.290305633741701
6	2	83.0	4.248830590667268
6	2	84.0	3.9434216701379095
6	2	84.99999237060547	3.909378299767273
6	2	85.99999237060547	3.8155302199108285
6	2	86.99999237060547	3.65998931014989
6	2	87.99999237060547	3.4006562054312033
6	2	89.0	3.6117186557381173
6	2	90.0	3.2488714728269485
6	2	90.99999237060547	3.0747022893218583
6	2	91.99999237060547	3.2941432473062626
6	2	92.99999237060547	3.425080748459757
6	2	93.99999237060547	3.2826881662945047
6	2	95.0	3.767870440542949
6	2	96.0	3.85569258600415
6	2	96.99999237060547	4.035794856020455
6	2	97.99999237060547	4.011730392027207
6	2	98.99999237060547	4.26955936102461
6	2	99.99999237060547	4.402977288063878
6	2	100.99999237060547	4.700989540608934
6	2	102.0	4.596876540203607
6	2	102.99999237060547	4.472535507684464
6	2	103.99999237060547	4.583815510963251
6	2	104.99999237060547	4.725732327764129
6	2	105.99999237060547	4.4493154258273595
6	2	106.99999237060547	3.9341441388109164
6	2	108.0	4.067793011621495
6	2	108.99999237060547	4.007073056786904
6	2	109.99999237060547	3.5596896897355452
6	2	110.99999237060547	3.6327240487568457
6	2	111.99999237060547	3.7775227785006464
6	2	112.99999237060547	3.4230086398203046
6	2	114.0	3.7702528959028143
6	2	115.0	3.2810826449527286
6	2	115.99999237060547	3.3347207608350735
6	2	117.0	3.19068103586279
6	2	117.99999237060547	3.445060972772749
6	2	118.99999237060547	3.419595679669414
6	2	120.0	3.3609226471517117
6	2	120.99999237060547	3.3874481136802794
6	2	122.0	3.3860225251344507
6	2	122.99999237060547	3.4631923502547823
6	2	123.99998474121094	3.175713316626942
6	2	124.99999237060547	3.2504170165700756
6	2	125.99999237060547	3.010824012326372
6	2	127.0	2.9982018227401883
6	2	127.99999237060547	2.7148857894114706
6	2	128.99998474121094	2.749919323768347
6	2	130.0	2.606817682589883
6	2	130.99998474121094	2.5596829740144478
6	2	132.0	2.5655859650046313
6	2	132.99998474121094	2.926364881257756
6	2	134.0	2.798671933403429
6	2	135.0	2.655046928979812
6	2	135.99998474121094	2.6814144473838235
6	2	137.0	2.8414464199674567
6	2	137.99998474121094	3.050622884289801
6	2	139.0	2.8877672688146023
6	2	139.99998474121094	2.8898436463222863
6	2	140.99998474121094	3.3512510992869737
6	2	142.0	3.2411796126044563
6	2	142.99998474121094	3.5344386938174197
6	2	144.0	3.555297024325581
6	2	144.99998474121094	3.567865212728639
6	2	146.0	3.871586863089593
6	2	147.0	3.829165838815113
6	2	147.99998474121094	3.6997704663101603
6	2	149.0	3.5376587011242577
6	2	149.99998474121094	3.7053929926575497
6	2	151.0	3.479744033047839
6	2	151.99998474121094	3.4879908461403946
6	2	152.99998474121094	3.404796794172112
6	2	154.0	3.383039013127625
6	2	154.99998474121094	3.3199935923240567
6	2	156.0	3.247522510465871
6	2	156.99998474121094	3.2390978990114836
6	2	158.0	3.404637565387086
6	2	158.99998474121094	3.498980193628122
6	2	159.99998474121094	3.3210021124436913
6	2	161.0	3.397931600282603
6	2	161.99998474121094	3.629029770189515
6	2	163.0	3.6494102008991867
6	2	163.99998474121094	3.4171312620395087
6	2	164.99998474121094	3.3144114067814523
6	2	166.0	3.3154811851602055
6	2	166.99998474121094	3.058192868324291
6	2	168.0	2.5399983688264713
6	2	168.99998474121094	2.4644246735378075
6	2	169.99998474121094	2.738529983327351
6	2	170.99998474121094	2.353358540557407
6	2	171.99998474121094	2.262170392495859
6	2	173.0	2.326763278033258
6	2	173.99998474121094	2.3640548302410584
6	2	175.0	2.2421696776153577
6	2	175.99998474121094	2.2864013423501257
6	2	176.99998474121094	2.2510589553767177
6	2	178.0	2.385921253982031
6	2	178.99998474121094	2.426237085888266
17	1	0.0	12.061752927990154
17	1	0.9999999403953552	12.480414495807963
17	1	1.9999998807907104	12.171883751941087
17	1	3.0	12.168006765813457
17	1	3.999999761581421	12.473854099110165
17	1	4.999999523162842	13.04179457388048
17	1	6.0	12.305504450221338
17	1	6.999999523162842	11.62787028360697
17	1	7.999999523162842	12.344931717205236
17	1	9.0	11.631040345155503
17	1	9.999999046325684	12.286891330959406
17	1	10.999999046325684	11.892855156420433
17	1	12.0	11.256945761672027
17	1	12.999999046325684	10.017878583019076
17	1	13.999999046325684	8.742629331011628
17	1	15.0	8.881423043814518
17	1	15.999999046325684	9.420792837286669
17	1	16.999998092651367	8.513803479664213
17	1	18.0	7.538568579402283
17	1	18.999998092651367	7.401121267639532
17	1	19.999998092651367	7.987721819222322
17	1	21.0	6.563620973972316
17	1	21.999998092651367	7.570970143051178
17	1	22.999998092651367	7.488826872998019
17	1	24.0	6.851962105539459
17	1	24.999998092651367	6.688403834353395
17	1	25.999998092651367	7.8665141359849216
17	1	27.0	6.104357346633367
17	1	27.999998092651367	6.564041884379918
17	1	28.999998092651367	7.327391083096536
17	1	30.0	7.786739234026466
17	1	30.999996185302734	7.686240684352544
17	1	31.999998092651367	7.687507684443581
17	1	33.0	8.697585940982686
17	1	33.999996185302734	8.823648181172672
17	1	34.999996185302734	8.7026846771981
17	1	36.0	8.975283503388834
17	1	36.999996185302734	9.26970649152505
17	1	37.999996185302734	9.659262915742142
17	1	39.0	9.319743603610917
17	1	39.999996185302734	9.350125992586426
17	1	40.999996185302734	10.184323462903116
17	1	42.0	9.982385504997104
17	1	42.999996185302734	10.742561653957429
17	1	43.999996185302734	11.669715437557054
17	1	45.0	12.56358314801027
17	1	45.999996185302734	12.954122265694197
17	1	46.999996185302734	12.48182066100334
17	1	48.0	12.71995606018948
17	1	48.999996185302734	11.927197347567256
17	1	49.999996185302734	13.686523450394665
17	1	51.0	13.31948957496569
17	1	51.999996185302734	13.874111180854479
17	1	52.999996185302734	13.900888083721869
17	1	54.0	14.823950584008657
17	1	54.999996185302734	13.989985340123747
17	1	55.999996185302734	14.158863474899604
17	1	57.0	13.815010407740006
17	1	57.999996185302734	12.317192611438522
17	1	58.999996185302734	13.091954629371408
17	1	60.0	10.820649499190893
17	1	61.0	9.574455018139032
17	1	61.99999237060547	10.799853280715496
17	1	62.999996185302734	10.34965160685786
17	1	63.999996185302734	9.687058370569508
17	1	65.0	11.183308638456474
17	1	66.0	10.170885065711117
17	1	67.0	10.964280693473444
17	1	67.99999237060547	10.675212573646517
17	1	68.99999237060547	11.065358101679523
17	1	69.99999237060547	12.340866047101786
17	1	71.0	11.300180859118209
17	1	72.0	12.286550675274553
17	1	73.0	13.09755282316988
17	1	73.99999237060547	12.381673012298027
17	1	74.99999237060547	13.952897412930577
17	1	75.99999237060547	13.919613901105105
17	1	77.0	13.740932737322986
17	1	78.0	13.982439688638175
17	1	79.0	14.443140217023766
17	1	79.99999237060547	15.327888771161367
17	1	80.99999237060547	15.443694628538934
17	1	81.99999237060547	15.984184573034968
17	1	83.0	15.418026777638026
17	1	84.0	14.313192452969687
17	1	84.99999237060547	14.582778311962798
17	1	85.99999237060547	16.528989489539157
17	1	86.99999237060547	14.201634119482224
17	1	87.99999237060547	15.023830947427202
17	1	89.0	15.089272697412387
17	1	90.0	15.653792954955819
17	1	90.99999237060547	15.724302705305153
17	1	91.99999237060547	15.926939050053798
17	1	92.99999237060547	15.52770595533009
17	1	93.99999237060547	14.421664394725953
17	1	95.0	15.754200150849591
17	1	96.0	15.479744366978261
17	1	96.99999237060547	15.072943422654179
17	1	97.99999237060547	13.174384767369707
17	1	98.99999237060547	14.091711616300977
17	1	99.99999237060547	14.70442739617531
17	1	100.99999237060547	13.456952254654073
17	1	102.0	13.461136599294353
17	1	102.99999237060547	13.064174542469674
17	1	103.99999237060547	13.467323896908738
17	1	104.99999237060547	12.219824849725406
17	1	105.99999237060547	11.551163844133143
17	1	106.99999237060547	10.788867775209177
17	1	108.0	11.44781881312262
17	1	108.99999237060547	10.607267559330523
17	1	109.99999237060547	12.059551045756471
17	1	110.99999237060547	11.317024105611459
17	1	111.99999237060547	11.227337745393669
17	1	112.99999237060547	11.486959212161377
17	1	114.0	11.966110642816112
17	1	115.0	12.26407252271604
17	1	115.99999237060547	11.954236358944044
17	1	117.0	13.405710467953345
17	1	117.99999237060547	13.879303832170981
17	1	118.99999237060547	14.26736273741255
17	1	120.0	15.809048277432085
17	1	120.99999237060547	15.882938971420575
17	1	122.0	18.103382244172945
17	1	122.99999237060547	18.742076648555425
17	1	123.99998474121094	18.921249585957785
17	1	124.99999237060547	18.910288839887205
17	1	125.99999237060547	18.790244850129646
17	1	127.0	17.00022643849314
17	1	127.99999237060547	16.105545081755047
17	1	128.99998474121094	17.279924392552456
17	1	130.0	16.563420473145193
17	1	130.99998474121094	16.322115012410517
17	1	132.0	16.15284584930468
17	1	132.99998474121094	14.900465778185724
17	1	134.0	15.864073988933
17	1	135.0	14.27447552565947
17	1	135.99998474121094	14.59438280336265
17	1	137.0	13.99827975109708
17	1	137.99998474121094	13.516970834438268
17	1	139.0	13.314627334050286
17	1	139.99998474121094	13.371477559833242
17	1	140.99998474121094	12.946253033996696
17	1	142.0	12.398242197450832
17	1	142.99998474121094	13.015096218188548
17	1	144.0	12.39578503689692
17	1	144.99998474121094	13.03264724303454
17	1	146.0	13.014000826600407
17	1	147.0	12.683592986821978
17	1	147.99998474121094	13.051293659468676
17	1	149.0	13.128633598988023
17	1	149.99998474121094	13.532138123263927
17	1	151.0	12.018264259771037
17	1	151.99998474121094	14.080216407927846
17	1	152.99998474121094	13.757583030972185
17	1	154.0	14.650981165919962
17	1	154.99998474121094	13.566581913474655
17	1	156.0	13.237268611510721
17	1	156.99998474121094	13.339049529201313
17	1	158.0	14.123650434633603
17	1	158.99998474121094	14.385530986469293
17	1	159.99998474121094	14.89189559832465
17	1	161.0	15.835283034034104
17	1	161.99998474121094	15.086535499102505
17	1	163.0	14.715347161110868
17	1	163.99998474121094	14.281918724307491
17	1	164.99998474121094	14.990120548778604
17	1	166.0	15.440843024560452
17	1	166.99998474121094	15.282841966037841
17	1	168.0	16.509832516464563
17	1	168.99998474121094	16.848466465324627
17	1	169.99998474121094	17.33319816053126
17	1	170.99998474121094	16.894230440311006
17	1	171.99998474121094	16.454680446464003
17	1	173.0	16.60582399505992
17	1	173.99998474121094	15.688490315939482
17	1	175.0	14.593570010851419
17	1	175.99998474121094	14.584581481903681
17	1	176.99998474121094	13.775637782269467
17	1	178.0	13.235081243429025
17	1	178.99998474121094	13.942074124417045
17	2	0.0	14.685355800465343
17	2	0.9999999403953552	13.653143462147167
17	2	1.9999998807907104	13.077319241527363
17	2	3.0	13.628401101878795
17	2	3.999999761581421	13.817457323010162
17	2	4.999999523162842	13.238987257860627
17	2	6.0	14.325032585895904
17	2	6.999999523162842	13.598068231774768
17	2	7.999999523162842	12.92993229697495
17	2	9.0	13.588926023570705
17	2	9.999999046325684	13.097673205254
17	2	10.999999046325684	12.215194835241784
17	2	12.0	11.904981303518143
17	2	12.999999046325684	10.866330658133583
17	2	13.999999046325684	10.13711490290728
17	2	15.0	11.566016944256981
17	2	15.999999046325684	9.994588491722979
17	2	16.999998092651367	9.379472754129031
17	2	18.0	9.168488210667338
17	2	18.999998092651367	7.62519928374014
17	2	19.999998092651367	8.605376679640221
17	2	21.0	7.2560232902327195
17	2	21.999998092651367	7.695531449171054
17	2	22.999998092651367	7.274074626435417
17	2	24.0	9.041415102480189
17	2	24.999998092651367	7.340059376459618
17	2	25.999998092651367	7.531612885506272
17	2	27.0	6.943016211138545
17	2	27.999998092651367	7.3399765604159315
17	2	28.999998092651367	8.522284013292431
17	2	30.0	7.603876286925007
17	2	30.999996185302734	8.617173270110479
17	2	31.999998092651367	8.074550599046109
17	2	33.0	8.449216357098928
17	2	33.999996185302734	9.946873643954916
17	2	34.999996185302734	9.835473258592007
17	2	36.0	8.74209572248272
17	2	36.999996185302734	9.586339547294854
17	2	37.999996185302734	11.047798539097068
17	2	39.0	11.998437074384135
17	2	39.999996185302734	11.332119677450834
17	2	40.999996185302734	12.033781595791659
17	2	42.0	12.04653612029301
17	2	42.999996185302734	12.731797046889344
17	2	43.999996185302734	11.76422476510252
17	2	45.0	13.860824755371512
17	2	45.999996185302734	13.611527119534278
17	2	46.999996185302734	13.981346858370973
17	2	48.0	15.169387401282052
17	2	48.999996185302734	15.603671319278972
17	2	49.999996185302734	15.636360604646653
17	2	51.0	15.281209550826208
17	2	51.999996185302734	14.38629255256175
17	2	52.999996185302734	16.570701454800425
17	2	54.0	13.700887338219202
17	2	54.999996185302734	15.806999220681082
17	2	55.999996185302734	14.412728799744285
17	2	57.0	14.074335615052465
17	2	57.999996185302734	13.39497938699361
17	2	58.999996185302734	13.538239189740041
17	2	60.0	14.15700139457713
17	2	61.0	11.997225569580104
17	2	61.99999237060547	12.38849893259981
17	2	62.999996185302734	11.329594215005223
17	2	63.999996185302734	11.649095096452786
17	2	65.0	10.752519215993662
17	2	66.0	11.57332439289525
17	2	67.0	12.076533457354062
17	2	67.99999237060547	10.830700122554566
17	2	68.99999237060547	12.181222328083786
17	2	69.99999237060547	11.670052678147323
17	2	71.0	12.263272536809502
17	2	72.0	13.430999243355318
17	2	73.0	14.277952091947007
17	2	73.99999237060547	14.17320004196746
17	2	74.99999237060547	14.588594218041065
17	2	75.99999237060547	13.693696002796823
17	2	77.0	15.625657698217243
17	2	78.0	15.672999446901894
17	2	79.0	16.213030061176244
17	2	79.99999237060547	17.270263089971472
17	2	80.99999237060547	15.855817997773748
17	2	81.99999237060547	16.818620246198964
17	2	83.0	16.727022286787214
17	2	84.0	16.12102570550888
17	2	84.99999237060547	15.2811429564818
17	2	85.99999237060547	16.766697148128525
17	2	86.99999237060547	16.235281109944854
17	2	87.99999237060547	15.383537737424046
17	2	89.0	15.738229461022808
17	2	90.0	16.026357576065212
17	2	90.99999237060547	15.877937565400835
17	2	91.99999237060547	15.997421479646452
17	2	92.99999237060547	16.54136579231522
17	2	93.99999237060547	16.27082029174372
17	2	95.0	15.154420749263261
17	2	96.0	14.452798104510164
17	2	96.99999237060547	15.104174462634063
17	2	97.99999237060547	14.529246704342825
17	2	98.99999237060547	13.568207498497118
17	2	99.99999237060547	14.294326616708467
17	2	100.99999237060547	14.150929356404987
17	2	102.0	13.982184410317945
17	2	102.99999237060547	14.124064514852035
17	2	103.99999237060547	12.634358421963588
17	2	104.99999237060547	12.772284700741887
17	2	105.99999237060547	12.167193973302226
17	2	106.99999237060547	12.285865095036613
17	2	108.0	12.381732776453266
17	2	108.99999237060547	12.45237230039683
17	2	109.99999237060547	11.510968180867618
17	2	110.99999237060547	11.560054189111561
17	2	111.99999237060547	12.004590221052672
17	2	112.99999237060547	13.043624210804397
17	2	114.0	13.338136845173471
17	2	115.0	14.221417762413166
17	2	115.99999237060547	14.92882643116691
17	2	117.0	15.403428955834416
17	2	117.99999237060547	17.085658444631658
17	2	118.99999237060547	16.560432265383312
17	2	120.0	17.744308954221623
17	2	120.99999237060547	17.869383378302896
17	2	122.0	19.660745629658603
17	2	122.99999237060547	20.588608045384618
17	2	123.99998474121094	19.812838574549154
17	2	124.99999237060547	20.74007602796611
17	2	125.99999237060547	19.56823071735078
17	2	127.0	19.49485911773921
17	2	127.99999237060547	19.989306757040186
17	2	128.99998474121094	19.452728803391278
17	2	130.0	19.238530655925093
17	2	130.99998474121094	18.45858623195946
17	2	132.0	16.821553812447483
17	2	132.99998474121094	17.285608817489198
17	2	134.0	16.223772241193384
17	2	135.0	16.729595560557016
17	2	135.99998474121094	15.559191419856557
17	2	137.0	14.864740473731972
17	2	137.99998474121094	13.637824201612474
17	2	139.0	15.93435492794514
17	2	139.99998474121094	14.844572632660217
17	2	140.99998474121094	12.913876229783543
17	2	142.0	12.917880428184464
17	2	142.99998474121094	14.547319384886677
17	2	144.0	13.902522206480795
17	2	144.99998474121094	13.97025036229064
17	2	146.0	14.112691396110318
17	2	147.0	13.1576567803187
17	2	147.99998474121094	14.058419566739042
17	2	149.0	14.755312305491906
17	2	149.99998474121094	13.72260990110078
17	2	151.0	14.045833235646002
17	2	151.99998474121094	14.061120052782137
17	2	152.99998474121094	14.225327191939352
17	2	154.0	14.515791231677898
17	2	154.99998474121094	15.07477220580445
17	2	156.0	14.263732491868687
17	2	156.99998474121094	14.645040608889342
17	2	158.0	15.297069250078977
17	2	158.99998474121094	13.99473573669149
17	2	159.99998474121094	15.759858962576946
17	2	161.0	16.187761776341784
17	2	161.99998474121094	16.078386542067783
17	2	163.0	15.969596996515113
17	2	163.99998474121094	16.786820592970678
17	2	164.99998474121094	15.483389980447756
17	2	166.0	16.9015199597027
17	2	166.99998474121094	16.42505791603366
17	2	168.0	16.555010802729612
17	2	168.99998474121094	17.5903189242891
17	2	169.99998474121094	18.336585393004693
17	2	170.99998474121094	16.690883755888677
17	2	171.99998474121094	16.830443303652256
17	2	173.0	17.21927060517545
17	2	173.99998474121094	17.486354907385042
17	2	175.0	16.001447876162175
17	2	175.99998474121094	15.140741587903019
17	2	176.99998474121094	15.43853442062099
17	2	178.0	14.671983997617751
17	2	178.99998474121094	14.465249539367097
8	1	0.0	13.90805551348215
8	1	0.9999999403953552	14.57124383000194
8	1	1.9999998807907104	13.327506509503992
8	1	3.0	12.403912962009235
8	1	3.999999761581421	12.270369957130791
8	1	4.999999523162842	11.536590781765275
8	1	6.0	10.182399910878111
8	1	6.999999523162842	11.410333881183943
8	1	7.999999523162842	10.336839025748562
8	1	9.0	10.295320867104994
8	1	9.999999046325684	9.930895270165317
8	1	10.999999046325684	9.935826666746067
8	1	12.0	9.74865813914656
8	1	12.999999046325684	8.682218869123803
8	1	13.999999046325684	9.022517676594056
8	1	15.0	8.462274825018346
8	1	15.999999046325684	7.861203663905237
8	1	16.999998092651367	8.076952264313014
8	1	18.0	8.119782673050873
8	1	18.999998092651367	7.81305253780394
8	1	19.999998092651367	7.165892113945231
8	1	21.0	6.811636241792881
8	1	21.999998092651367	6.686006011067898
8	1	22.999998092651367	6.716711553368513
8	1	24.0	6.678468043545142
8	1	24.999998092651367	5.959084345629073
8	1	25.999998092651367	6.201830122504973
8	1	27.0	6.166691360546196
8	1	27.999998092651367	5.692416258072027
8	1	28.999998092651367	5.951210845063341
8	1	30.0	5.943916203029767
8	1	30.999996185302734	5.813828420097704
8	1	31.999998092651367	5.79753927270087
8	1	33.0	5.8154860216319015
8	1	33.999996185302734	6.316703659060832
8	1	34.999996185302734	6.490480747018881
8	1	36.0	6.4842375272306665
8	1	36.999996185302734	6.7934034786903545
8	1	37.999996185302734	6.954043978440354
8	1	39.0	7.359188175003885
8	1	39.999996185302734	7.48463569816857
8	1	40.999996185302734	7.326011384884194
8	1	42.0	8.108028771262926
8	1	42.999996185302734	8.744158439612065
8	1	43.999996185302734	8.129373112419216
8	1	45.0	8.40691870311633
8	1	45.999996185302734	8.170910054083002
8	1	46.999996185302734	8.782799381067765
8	1	48.0	8.824811020878867
8	1	48.999996185302734	8.941600425496915
8	1	49.999996185302734	8.065809664455784
8	1	51.0	8.419520402135005
8	1	51.999996185302734	7.005123975035118
8	1	52.999996185302734	8.220021675536334
8	1	54.0	7.79581484788612
8	1	54.999996185302734	7.608406409892018
8	1	55.999996185302734	7.59415436641514
8	1	57.0	7.234119727338135
8	1	57.999996185302734	7.04624512893318
8	1	58.999996185302734	7.530725814687816
8	1	60.0	7.374013100597398
8	1	61.0	7.418194179243625
8	1	61.99999237060547	7.644624341739656
8	1	62.999996185302734	7.369582869146998
8	1	63.999996185302734	7.551222358613378
8	1	65.0	8.269913646102337
8	1	66.0	8.457153036914482
8	1	67.0	8.583555932789324
8	1	67.99999237060547	8.483138491611795
8	1	68.99999237060547	9.087835629400534
8	1	69.99999237060547	8.981926716130317
8	1	71.0	10.677467389846269
8	1	72.0	10.80728196521153
8	1	73.0	11.22641054721384
8	1	73.99999237060547	11.25257870947145
8	1	74.99999237060547	11.647453289731043
8	1	75.99999237060547	11.414119513531423
8	1	77.0	12.526829900086431
8	1	78.0	11.567283090574373
8	1	79.0	11.293028797283558
8	1	79.99999237060547	11.207389324149
8	1	80.99999237060547	11.172545967871827
8	1	81.99999237060547	12.000270126402638
8	1	83.0	10.87282531426062
8	1	84.0	12.900314889186483
8	1	84.99999237060547	10.982495100442575
8	1	85.99999237060547	10.913162703951421
8	1	86.99999237060547	10.429566527694302
8	1	87.99999237060547	10.539512082763997
8	1	89.0	10.536859408045093
8	1	90.0	10.917837968438295
8	1	90.99999237060547	11.146195098053918
8	1	91.99999237060547	11.82695492998721
8	1	92.99999237060547	10.90412294858491
8	1	93.99999237060547	10.28182612085234
8	1	95.0	11.333538649250904
8	1	96.0	10.504328924575615
8	1	96.99999237060547	12.025400099906408
8	1	97.99999237060547	11.360093570970268
8	1	98.99999237060547	11.213268409477088
8	1	99.99999237060547	12.216022995678646
8	1	100.99999237060547	12.771058681785869
8	1	102.0	12.9801555317157
8	1	102.99999237060547	13.040466955860559
8	1	103.99999237060547	13.209532920838592
8	1	104.99999237060547	12.262293258437252
8	1	105.99999237060547	12.684711430298568
8	1	106.99999237060547	13.300610932099774
8	1	108.0	12.790861961510675
8	1	108.99999237060547	13.296620394077195
8	1	109.99999237060547	13.9128503062795
8	1	110.99999237060547	13.769206305392254
8	1	111.99999237060547	12.301040067825088
8	1	112.99999237060547	13.710223353040963
8	1	114.0	13.036480686706211
8	1	115.0	12.468489839290767
8	1	115.99999237060547	12.817884751188185
8	1	117.0	12.873879495777595
8	1	117.99999237060547	11.780140813415944
8	1	118.99999237060547	12.211005367959626
8	1	120.0	11.59310803582619
8	1	120.99999237060547	11.758645354324267
8	1	122.0	11.291769481155338
8	1	122.99999237060547	11.396004144305255
8	1	123.99998474121094	10.906843071421868
8	1	124.99999237060547	10.907793321490146
8	1	125.99999237060547	10.626213650314492
8	1	127.0	9.97473825444763
8	1	127.99999237060547	9.798790020107162
8	1	128.99998474121094	9.808349723624241
8	1	130.0	9.459221189104454
8	1	130.99998474121094	8.679216147209937
8	1	132.0	8.5921594098226
8	1	132.99998474121094	8.195660952087836
8	1	134.0	7.9693528792232184
8	1	135.0	7.588648380170463
8	1	135.99998474121094	7.229384698696023
8	1	137.0	6.658502119940725
8	1	137.99998474121094	6.554954317689217
8	1	139.0	6.295396457058154
8	1	139.99998474121094	5.985911194254768
8	1	140.99998474121094	5.821588368768485
8	1	142.0	5.742636504605015
8	1	142.99998474121094	5.032248592712675
8	1	144.0	5.248687896000271
8	1	144.99998474121094	5.071215248814422
8	1	146.0	4.967168842753502
8	1	147.0	5.0693232864143285
8	1	147.99998474121094	4.984535452491905
8	1	149.0	4.916552445248652
8	1	149.99998474121094	5.3358850791524155
8	1	151.0	5.176979874338423
8	1	151.99998474121094	5.766680051143929
8	1	152.99998474121094	5.692179762772016
8	1	154.0	5.983497149269991
8	1	154.99998474121094	6.2771820500890225
8	1	156.0	7.173571807893264
8	1	156.99998474121094	7.316643780437522
8	1	158.0	7.907194742681518
8	1	158.99998474121094	8.584331159260119
8	1	159.99998474121094	9.463469566768202
8	1	161.0	10.456389534338587
8	1	161.99998474121094	10.721165232608717
8	1	163.0	11.502479963276585
8	1	163.99998474121094	12.272633311067006
8	1	164.99998474121094	13.92522063264004
8	1	166.0	14.496239815178738
8	1	166.99998474121094	14.269477534734314
8	1	168.0	16.161540680118105
8	1	168.99998474121094	15.905594708897508
8	1	169.99998474121094	16.635603619841177
8	1	170.99998474121094	15.643170303249155
8	1	171.99998474121094	16.876159467314444
8	1	173.0	17.57508247979809
8	1	173.99998474121094	16.31165799279123
8	1	175.0	15.0799085080603
8	1	175.99998474121094	16.525977376115183
8	1	176.99998474121094	15.34519647051818
8	1	178.0	16.64176445047253
8	1	178.99998474121094	14.788450675797515
8	2	0.0	15.19635811076714
8	2	0.9999999403953552	14.82557616903112
8	2	1.9999998807907104	13.848446745048157
8	2	3.0	14.211633516427122
8	2	3.999999761581421	11.388456785272393
8	2	4.999999523162842	11.598419361679522
8	2	6.0	12.589397847978333
8	2	6.999999523162842	10.636161820840616
8	2	7.999999523162842	11.125345945612453
8	2	9.0	11.086608527734725
8	2	9.999999046325684	10.210985960101908
8	2	10.999999046325684	9.225726903459337
8	2	12.0	10.204649252099427
8	2	12.999999046325684	10.293014824486468
8	2	13.999999046325684	9.267765864027119
8	2	15.0	8.761866558808968
8	2	15.999999046325684	8.77458266349624
8	2	16.999998092651367	8.047693441455973
8	2	18.0	8.343803486317181
8	2	18.999998092651367	7.841486615318702
8	2	19.999998092651367	7.104345279334247
8	2	21.0	7.236430038824892
8	2	21.999998092651367	7.276379815280296
8	2	22.999998092651367	6.751957890806717
8	2	24.0	6.685584673773472
8	2	24.999998092651367	6.668375585272802
8	2	25.999998092651367	6.26062268333315
8	2	27.0	6.15560809795738
8	2	27.999998092651367	6.378238540840769
8	2	28.999998092651367	5.752458316631493
8	2	30.0	5.846020809203266
8	2	30.999996185302734	5.981048099565718
8	2	31.999998092651367	6.230440077390863
8	2	33.0	6.037161091805135
8	2	33.999996185302734	6.264821969012238
8	2	34.999996185302734	6.627458056389371
8	2	36.0	6.777262461021145
8	2	36.999996185302734	7.006541239287896
8	2	37.999996185302734	6.731854509645254
8	2	39.0	7.4779779712751
8	2	39.999996185302734	7.925350239269058
8	2	40.999996185302734	7.994257456484378
8	2	42.0	8.010370726510084
8	2	42.999996185302734	8.4926469687101
8	2	43.999996185302734	8.659368471255526
8	2	45.0	8.509088087815966
8	2	45.999996185302734	9.090648813564933
8	2	46.999996185302734	8.66237204694304
8	2	48.0	8.924837433726411
8	2	48.999996185302734	8.707133691668718
8	2	49.999996185302734	8.65292162645268
8	2	51.0	8.841345201312176
8	2	51.999996185302734	9.094909144059729
8	2	52.999996185302734	8.762750214532838
8	2	54.0	8.414478014980242
8	2	54.999996185302734	8.282675854566506
8	2	55.999996185302734	8.534048160364131
8	2	57.0	7.514807205053455
8	2	57.999996185302734	7.5257346539518295
8	2	58.999996185302734	8.33024470704106
8	2	60.0	8.19370837175886
8	2	61.0	9.029415313882122
8	2	61.99999237060547	8.321670258311755
8	2	62.999996185302734	8.038254120023016
8	2	63.999996185302734	8.71259272036285
8	2	65.0	8.501917242961099
8	2	66.0	8.86160439616408
8	2	67.0	9.101937408715672
8	2	67.99999237060547	10.162034848094072
8	2	68.99999237060547	10.034363244580902
8	2	69.99999237060547	9.816950639336579
8	2	71.0	12.052608158465153
8	2	72.0	10.913332604907026
8	2	73.0	10.565987603534259
8	2	73.99999237060547	11.414537862618085
8	2	74.99999237060547	12.397367079463423
8	2	75.99999237060547	12.098912572169608
8	2	77.0	11.839583949762565
8	2	78.0	11.460721040464772
8	2	79.0	11.920898205605212
8	2	79.99999237060547	11.606548140565485
8	2	80.99999237060547	11.803185871675566
8	2	81.99999237060547	11.627120670345562
8	2	83.0	11.735726654564289
8	2	84.0	11.60685464530449
8	2	84.99999237060547	12.188811522025317
8	2	85.99999237060547	11.061989964645061
8	2	86.99999237060547	11.179540935355565
8	2	87.99999237060547	11.231627957966083
8	2	89.0	11.233485769420327
8	2	90.0	10.822713070093881
8	2	90.99999237060547	11.619992514173008
8	2	91.99999237060547	12.241428738070155
8	2	92.99999237060547	11.646034317930974
8	2	93.99999237060547	10.773496434482063
8	2	95.0	10.668005016524862
8	2	96.0	11.022662589177774
8	2	96.99999237060547	11.492098929511812
8	2	97.99999237060547	12.454172055243127
8	2	98.99999237060547	11.523870408209772
8	2	99.99999237060547	13.256513523270879
8	2	100.99999237060547	13.440695550655796
8	2	102.0	13.237544380398461
8	2	102.99999237060547	13.352220695242037
8	2	103.99999237060547	13.331832580569548
8	2	104.99999237060547	14.28053902609515
8	2	105.99999237060547	13.325314018780418
8	2	106.99999237060547	13.898681932619954
8	2	108.0	13.352519516018225
8	2	108.99999237060547	14.796279780133643
8	2	109.99999237060547	14.41070706374996
8	2	110.99999237060547	14.116494103930723
8	2	111.99999237060547	14.240849650601852
8	2	112.99999237060547	12.713002927614408
8	2	114.0	13.395309797394708
8	2	115.0	13.003595033399892
8	2	115.99999237060547	13.00415340136454
8	2	117.0	12.410039641694736
8	2	117.99999237060547	12.54795567518928
8	2	118.99999237060547	12.676428118382635
8	2	120.0	11.813802546966704
8	2	120.99999237060547	12.21615447682017
8	2	122.0	11.44595758657379
8	2	122.99999237060547	10.872762988784443
8	2	123.99998474121094	11.213720909509602
8	2	124.99999237060547	10.65037800582435
8	2	125.99999237060547	10.12142425083647
8	2	127.0	10.184630821415768
8	2	127.99999237060547	10.52323061932998
8	2	128.99998474121094	9.730767312389359
8	2	130.0	9.350803888861549
8	2	130.99998474121094	8.915926598180484
8	2	132.0	9.081086548726915
8	2	132.99998474121094	8.616329741747982
8	2	134.0	8.247407319013499
8	2	135.0	7.284699839463018
8	2	135.99998474121094	6.9310198376350645
8	2	137.0	7.030300052315784
8	2	137.99998474121094	6.713619612108613
8	2	139.0	6.415971494023681
8	2	139.99998474121094	5.695509906879219
8	2	140.99998474121094	5.8040633840187015
8	2	142.0	5.4531278375766234
8	2	142.99998474121094	5.291510193888489
8	2	144.0	5.024631651127642
8	2	144.99998474121094	5.254788108702739
8	2	146.0	5.2346335011225005
8	2	147.0	5.303918086289464
8	2	147.99998474121094	5.090316726602008
8	2	149.0	5.162351743570371
8	2	149.99998474121094	5.19645146300166
8	2	151.0	5.667393006274039
8	2	151.99998474121094	5.73310326807097
8	2	152.99998474121094	6.187514472891449
8	2	154.0	6.085918824082094
8	2	154.99998474121094	6.3723705545700815
8	2	156.0	7.044678454292308
8	2	156.99998474121094	7.20695008859347
8	2	158.0	8.45793253225351
8	2	158.99998474121094	8.578357305057297
8	2	159.99998474121094	9.028213200588201
8	2	161.0	10.007346431318917
8	2	161.99998474121094	11.036652524145252
8	2	163.0	11.329192087617837
8	2	163.99998474121094	12.37363217209763
8	2	164.99998474121094	12.729497834459988
8	2	166.0	14.160983394863246
8	2	166.99998474121094	14.3725467968571
8	2	168.0	15.310799637857995
8	2	168.99998474121094	16.316792587499787
8	2	169.99998474121094	16.216918146361273
8	2	170.99998474121094	14.999144936219484
8	2	171.99998474121094	16.665446423872257
8	2	173.0	17.223599237561945
8	2	173.99998474121094	17.172065460274197
8	2	175.0	15.78507431344534
8	2	175.99998474121094	17.75421272851814
8	2	176.99998474121094	14.602631964332733
8	2	178.0	15.72020800689773
8	2	178.99998474121094	13.996555128331652
22	1	0.0	4.256703664346177
22	1	0.9999999403953552	4.438609104303365
22	1	1.9999998807907104	4.48506250150909
22	1	3.0	4.516587666510107
22	1	3.999999761581421	4.732076292842602
22	1	4.999999523162842	4.965489469991325
22	1	6.0	5.321023868178937
22	1	6.999999523162842	5.364420328844259
22	1	7.999999523162842	5.819734826182473
22	1	9.0	6.273828854093369
22	1	9.999999046325684	6.721045308396886
22	1	10.999999046325684	6.9380084018164565
22	1	12.0	7.453235611006729
22	1	12.999999046325684	7.415623466794761
22	1	13.999999046325684	7.760041732108178
22	1	15.0	8.587227159468204
22	1	15.999999046325684	8.604823434317451
22	1	16.999998092651367	8.803239575932674
22	1	18.0	9.297571955791408
22	1	18.999998092651367	8.871755764818012
22	1	19.999998092651367	10.570170240627245
22	1	21.0	9.262663712717119
22	1	21.999998092651367	9.960562196825267
22	1	22.999998092651367	10.35266286650819
22	1	24.0	9.787415193818152
22	1	24.999998092651367	10.661997865149836
22	1	25.999998092651367	10.942371154163336
22	1	27.0	11.407311522476212
22	1	27.999998092651367	11.290991693363603
22	1	28.999998092651367	11.745370027898701
22	1	30.0	11.918177228994608
22	1	30.999996185302734	11.494392165525642
22	1	31.999998092651367	11.28891275453498
22	1	33.0	12.471483169694524
22	1	33.999996185302734	11.733740777063108
22	1	34.999996185302734	11.962112420830715
22	1	36.0	11.550508145972822
22	1	36.999996185302734	11.850982681713669
22	1	37.999996185302734	11.890765972308055
22	1	39.0	11.469923012824072
22	1	39.999996185302734	10.340813342071863
22	1	40.999996185302734	12.203131867393894
22	1	42.0	12.765924940850958
22	1	42.999996185302734	12.889181680839362
22	1	43.999996185302734	12.726948466352281
22	1	45.0	11.626723665600055
22	1	45.999996185302734	12.76423190771044
22	1	46.999996185302734	13.556003657997598
22	1	48.0	12.887354605236384
22	1	48.999996185302734	14.193659873626233
22	1	49.999996185302734	15.28966361747139
22	1	51.0	15.358829528101525
22	1	51.999996185302734	14.507364485789395
22	1	52.999996185302734	15.90779915245213
22	1	54.0	16.993966570118822
22	1	54.999996185302734	17.74259628428724
22	1	55.999996185302734	18.669312935779985
22	1	57.0	17.08807974669243
22	1	57.999996185302734	18.62642276288689
22	1	58.999996185302734	18.652561896840528
22	1	60.0	20.004403182653206
22	1	61.0	19.46207420972315
22	1	61.99999237060547	19.669515592552898
22	1	62.999996185302734	18.177494919309463
22	1	63.999996185302734	17.63888327683518
22	1	65.0	17.472679161119384
22	1	66.0	17.535819137354274
22	1	67.0	16.59469761690197
22	1	67.99999237060547	17.127969758992595
22	1	68.99999237060547	17.19511051853382
22	1	69.99999237060547	16.49336322282837
22	1	71.0	16.436604350825565
22	1	72.0	16.05309776666581
22	1	73.0	15.212021442081271
22	1	73.99999237060547	14.244251084808518
22	1	74.99999237060547	13.614339449925032
22	1	75.99999237060547	13.442654107400298
22	1	77.0	12.59975497608101
22	1	78.0	11.838264869479106
22	1	79.0	11.075271267486151
22	1	79.99999237060547	11.306359618996131
22	1	80.99999237060547	10.25380868487695
22	1	81.99999237060547	10.108932688618163
22	1	83.0	9.893931140150855
22	1	84.0	8.781036338488255
22	1	84.99999237060547	9.124162844274894
22	1	85.99999237060547	8.339183717117315
22	1	86.99999237060547	8.852398154936548
22	1	87.99999237060547	7.70138150619517
22	1	89.0	8.449282951443335
22	1	90.0	8.673726382664539
22	1	90.99999237060547	8.490293114767384
22	1	91.99999237060547	8.18484790885806
22	1	92.99999237060547	7.792682352378023
22	1	93.99999237060547	8.908708795775073
22	1	95.0	9.892834041015421
22	1	96.0	9.075460180398117
22	1	96.99999237060547	10.616347442058409
22	1	97.99999237060547	10.882110102663605
22	1	98.99999237060547	11.473009404555272
22	1	99.99999237060547	11.524321200694994
22	1	100.99999237060547	12.123424413553492
22	1	102.0	12.935937740802684
22	1	102.99999237060547	12.722757291522832
22	1	103.99999237060547	12.90540850276002
22	1	104.99999237060547	13.144381453893134
22	1	105.99999237060547	13.747097836822569
22	1	106.99999237060547	14.202588638418733
22	1	108.0	14.932834044662416
22	1	108.99999237060547	15.07441020577844
22	1	109.99999237060547	15.22928645275577
22	1	110.99999237060547	15.411015588455008
22	1	111.99999237060547	14.219266252824612
22	1	112.99999237060547	15.128421634187607
22	1	114.0	14.512097806884215
22	1	115.0	15.110185029103674
22	1	115.99999237060547	15.51009260500792
22	1	117.0	14.759000607643713
22	1	117.99999237060547	15.261560804131374
22	1	118.99999237060547	14.99457212457016
22	1	120.0	15.383423331755449
22	1	120.99999237060547	15.637222916029367
22	1	122.0	16.101773109785906
22	1	122.99999237060547	15.059207912233283
22	1	123.99998474121094	16.445650936381245
22	1	124.99999237060547	15.85261976169489
22	1	125.99999237060547	15.1362131724833
22	1	127.0	14.855267001353164
22	1	127.99999237060547	14.585798963123237
22	1	128.99998474121094	16.328841041195687
22	1	130.0	14.204828086692851
22	1	130.99998474121094	15.682196296619317
22	1	132.0	15.950446853629689
22	1	132.99998474121094	15.12227617148189
22	1	134.0	14.560011583911853
22	1	135.0	14.659525732571646
22	1	135.99998474121094	12.658211150092566
22	1	137.0	13.717607641307392
22	1	137.99998474121094	14.230733286667416
22	1	139.0	13.762015823743523
22	1	139.99998474121094	15.704268052922213
22	1	140.99998474121094	13.44567134346615
22	1	142.0	12.640211894082288
22	1	142.99998474121094	14.965168160193254
22	1	144.0	13.739309713621461
22	1	144.99998474121094	15.600133281288906
22	1	146.0	14.151894120625252
22	1	147.0	14.222864908743562
22	1	147.99998474121094	14.89206464550661
22	1	149.0	15.143736625854068
22	1	149.99998474121094	14.618274805079356
22	1	151.0	14.541399318423569
22	1	151.99998474121094	13.983389938706452
22	1	152.99998474121094	14.735916275796363
22	1	154.0	14.011671190738536
22	1	154.99998474121094	13.945731690717587
22	1	156.0	15.519352633975165
22	1	156.99998474121094	14.20927880871076
22	1	158.0	14.858519878945383
22	1	158.99998474121094	12.323485776985043
22	1	159.99998474121094	11.43464423198731
22	1	161.0	12.197606244355354
22	1	161.99998474121094	12.260386781885172
22	1	163.0	10.643382184566965
22	1	163.99998474121094	10.949077546154642
22	1	164.99998474121094	10.388606737015381
22	1	166.0	9.863461666263428
22	1	166.99998474121094	9.513791839251917
22	1	168.0	8.68119263320101
22	1	168.99998474121094	7.801608555849583
22	1	169.99998474121094	7.616794735966439
22	1	170.99998474121094	7.003605538605259
22	1	171.99998474121094	6.313545123456524
22	1	173.0	6.198841914743092
22	1	173.99998474121094	5.651095321140742
22	1	175.0	4.943822402396752
22	1	175.99998474121094	5.115784794469693
22	1	176.99998474121094	4.66234945292688
22	1	178.0	4.662168452913875
22	1	178.99998474121094	4.367266070875289
22	2	0.0	4.075220415457061
22	2	0.9999999403953552	4.1885921641691635
22	2	1.9999998807907104	4.14006068190846
22	2	3.0	4.284767204098467
22	2	3.999999761581421	4.568322080604723
22	2	4.999999523162842	4.790629370163005
22	2	6.0	4.970547225071719
22	2	6.999999523162842	5.0837712709430205
22	2	7.999999523162842	5.8603663408944096
22	2	9.0	5.698968970807008
22	2	9.999999046325684	6.163995570258156
22	2	10.999999046325684	6.918298610305915
22	2	12.0	6.855708037412388
22	2	12.999999046325684	7.317527436161392
22	2	13.999999046325684	7.613294264016808
22	2	15.0	7.843773021143364
22	2	15.999999046325684	7.821086547815167
22	2	16.999998092651367	7.728377828889645
22	2	18.0	8.243233219656975
22	2	18.999998092651367	8.661876004454566
22	2	19.999998092651367	8.546665227308438
22	2	21.0	8.950941562960553
22	2	21.999998092651367	8.850781107650548
22	2	22.999998092651367	8.812398859609662
22	2	24.0	8.782706319740324
22	2	24.999998092651367	9.682234549468186
22	2	25.999998092651367	9.979848089720445
22	2	27.0	9.713003697905448
22	2	27.999998092651367	9.14812741675153
22	2	28.999998092651367	9.85752964696927
22	2	30.0	10.244558901193459
22	2	30.999996185302734	10.359837980231287
22	2	31.999998092651367	10.672063856439141
22	2	33.0	9.857002868629534
22	2	33.999996185302734	10.41323810670974
22	2	34.999996185302734	10.178146410572486
22	2	36.0	11.226040009451365
22	2	36.999996185302734	10.502565881996105
22	2	37.999996185302734	10.780828642556072
22	2	39.0	10.608141823544285
22	2	39.999996185302734	10.349877856874116
22	2	40.999996185302734	9.673624242245738
22	2	42.0	9.260560014452755
22	2	42.999996185302734	10.42848991912638
22	2	43.999996185302734	11.48376524495075
22	2	45.0	11.475051631117106
22	2	45.999996185302734	12.010551268650799
22	2	46.999996185302734	11.961712000990623
22	2	48.0	11.046686925809647
22	2	48.999996185302734	11.609549154932058
22	2	49.999996185302734	12.780810484373355
22	2	51.0	13.36880183322589
22	2	51.999996185302734	14.356922739130695
22	2	52.999996185302734	15.108364783689865
22	2	54.0	14.825309791653488
22	2	54.999996185302734	16.839515502417324
22	2	55.999996185302734	16.165572199275704
22	2	57.0	15.964897826366144
22	2	57.999996185302734	17.929632476971577
22	2	58.999996185302734	18.173272154855102
22	2	60.0	16.9562297749545
22	2	61.0	16.841754096917796
22	2	61.99999237060547	16.259272149404524
22	2	62.999996185302734	16.602618928791895
22	2	63.999996185302734	16.62460701527746
22	2	65.0	16.93221653738003
22	2	66.0	17.068314886781703
22	2	67.0	16.244006676609544
22	2	67.99999237060547	15.146673607197174
22	2	68.99999237060547	15.415865022765717
22	2	69.99999237060547	15.24861076546503
22	2	71.0	14.642434891720983
22	2	72.0	14.163484951646764
22	2	73.0	13.643583758630086
22	2	73.99999237060547	12.97147521505426
22	2	74.99999237060547	12.679564028985316
22	2	75.99999237060547	11.770570010841462
22	2	77.0	11.517301473775513
22	2	78.0	10.985514897829367
22	2	79.0	10.321045067066555
22	2	79.99999237060547	9.931961633449486
22	2	80.99999237060547	9.316748565659866
22	2	81.99999237060547	9.329589321299489
22	2	83.0	9.031298738545754
22	2	84.0	8.182924356833055
22	2	84.99999237060547	7.327052988732621
22	2	85.99999237060547	7.663752286510277
22	2	86.99999237060547	7.781176898721136
22	2	87.99999237060547	7.513264436074679
22	2	89.0	7.211845626681077
22	2	90.0	6.742596262775569
22	2	90.99999237060547	7.589803535913841
22	2	91.99999237060547	6.574545434662928
22	2	92.99999237060547	7.507164223372211
22	2	93.99999237060547	8.2316227518416
22	2	95.0	7.236451383166048
22	2	96.0	9.145015411810942
22	2	96.99999237060547	9.296806974604367
22	2	97.99999237060547	9.485516563635358
22	2	98.99999237060547	10.41999145625159
22	2	99.99999237060547	10.535787068345401
22	2	100.99999237060547	11.172782463171838
22	2	102.0	11.934959857558976
22	2	102.99999237060547	11.585068903173086
22	2	103.99999237060547	12.37608079491508
22	2	104.99999237060547	12.628685949857893
22	2	105.99999237060547	12.697751968971415
22	2	106.99999237060547	13.178487149739945
22	2	108.0	13.395720462518556
22	2	108.99999237060547	14.345678540209562
22	2	109.99999237060547	13.686867521174104
22	2	110.99999237060547	12.881351722729589
22	2	111.99999237060547	13.05762951369751
22	2	112.99999237060547	13.683794789821244
22	2	114.0	13.811585921644891
22	2	115.0	13.337201963030825
22	2	115.99999237060547	13.173406342771102
22	2	117.0	12.978701555196134
22	2	117.99999237060547	12.9880708671901
22	2	118.99999237060547	13.598048594980904
22	2	120.0	13.689451040227661
22	2	120.99999237060547	14.573398754685078
22	2	122.0	14.70983007580879
22	2	122.99999237060547	13.384269650375028
22	2	123.99998474121094	13.762306960556895
22	2	124.99999237060547	13.796263246015613
22	2	125.99999237060547	14.208001563335968
22	2	127.0	14.782475967821046
22	2	127.99999237060547	12.967785205355161
22	2	128.99998474121094	13.751517822989213
22	2	130.0	13.929995788643524
22	2	130.99998474121094	13.950825304291124
22	2	132.0	13.403686170638082
22	2	132.99998474121094	12.558949718432062
22	2	134.0	13.92765303375821
22	2	135.0	13.315748338847815
22	2	135.99998474121094	14.326178350129174
22	2	137.0	12.825180246995403
22	2	137.99998474121094	13.335631873295368
22	2	139.0	13.644785018150364
22	2	139.99998474121094	13.060812381850734
22	2	140.99998474121094	12.475509566210247
22	2	142.0	13.22043902539581
22	2	142.99998474121094	12.31223901674297
22	2	144.0	13.007193689318843
22	2	144.99998474121094	13.37265747501236
22	2	146.0	13.375523593142828
22	2	147.0	12.894173695348995
22	2	147.99998474121094	13.955408361224203
22	2	149.0	13.749876016267471
22	2	149.99998474121094	13.308563833614608
22	2	151.0	12.216909212723456
22	2	151.99998474121094	13.039909441669558
22	2	152.99998474121094	12.066963508553227
22	2	154.0	13.187672900399967
22	2	154.99998474121094	12.452881149489995
22	2	156.0	11.549873792153656
22	2	156.99998474121094	13.388728910129402
22	2	158.0	11.227065391600513
22	2	158.99998474121094	11.283868659832926
22	2	159.99998474121094	11.392495134619162
22	2	161.0	11.009322375955092
22	2	161.99998474121094	9.87848039847464
22	2	163.0	10.27604095062534
22	2	163.99998474121094	9.13265276941322
22	2	164.99998474121094	9.058569122580677
22	2	166.0	9.143444468301839
22	2	166.99998474121094	8.07003584400473
22	2	168.0	7.967400298894241
22	2	168.99998474121094	7.075169699407714
22	2	169.99998474121094	7.129333526412738
22	2	170.99998474121094	6.609224012626376
22	2	171.99998474121094	6.260958643262949
22	2	173.0	5.736593067850023
22	2	173.99998474121094	5.168396460985832
22	2	175.0	4.983957447733393
22	2	175.99998474121094	4.659233179118062
22	2	176.99998474121094	4.802223616279102
22	2	178.0	4.374059974665336
22	2	178.99998474121094	4.209047300072882
12	1	0.0	4.856317860731957
12	1	0.9999999403953552	4.815603956863157
12	1	1.9999998807907104	5.3554578399927335
12	1	3.0	6.202370988109872
12	1	3.999999761581421	6.3203607984745505
12	1	4.999999523162842	7.644670445516554
12	1	6.0	5.934128968835962
12	1	6.999999523162842	7.301964850137518
12	1	7.999999523162842	8.41608652452978
12	1	9.0	7.826532769904606
12	1	9.999999046325684	8.02565498232528
12	1	10.999999046325684	10.241504099087171
12	1	12.0	9.429586705843061
12	1	12.999999046325684	10.234246169320386
12	1	13.999999046325684	11.688366976633066
12	1	15.0	9.45539799071654
12	1	15.999999046325684	9.730645222757945
12	1	16.999998092651367	9.377310145483076
12	1	18.0	9.318647358249128
12	1	18.999998092651367	9.079029808013095
12	1	19.999998092651367	8.259367834023838
12	1	21.0	7.900096468586582
12	1	21.999998092651367	8.234792813390133
12	1	22.999998092651367	7.487489009694343
12	1	24.0	7.307043095785422
12	1	24.999998092651367	6.355218668903711
12	1	25.999998092651367	6.577684333473373
12	1	27.0	6.3304408770290195
12	1	27.999998092651367	5.988783715687581
12	1	28.999998092651367	5.802153492372037
12	1	30.0	6.1610871903322
12	1	30.999996185302734	5.839096278045343
12	1	31.999998092651367	5.698802484945989
12	1	33.0	5.404855902504381
12	1	33.999996185302734	5.773004806315361
12	1	34.999996185302734	5.320350240772044
12	1	36.0	5.366897553078859
12	1	36.999996185302734	5.138064444655452
12	1	37.999996185302734	4.9262261275475066
12	1	39.0	4.980319091339892
12	1	39.999996185302734	4.915866011237067
12	1	40.999996185302734	4.834576087943336
12	1	42.0	5.007747423499371
12	1	42.999996185302734	4.780086973179091
12	1	43.999996185302734	4.786475334487168
12	1	45.0	5.18862748130741
12	1	45.999996185302734	4.838249022169511
12	1	46.999996185302734	5.010692942578939
12	1	48.0	5.10351905538082
12	1	48.999996185302734	5.323791802340085
12	1	49.999996185302734	5.341217749346903
12	1	51.0	5.5895890407779545
12	1	51.999996185302734	5.788067080982532
12	1	52.999996185302734	5.911583795046219
12	1	54.0	5.665948848151404
12	1	54.999996185302734	6.0767787503121475
12	1	55.999996185302734	6.181061224786256
12	1	57.0	5.969535815719662
12	1	57.999996185302734	6.101184296877072
12	1	58.999996185302734	6.131483016035249
12	1	60.0	5.741662775761465
12	1	61.0	5.5724913697381195
12	1	61.99999237060547	5.776713172147855
12	1	62.999996185302734	5.671378848541565
12	1	63.999996185302734	5.916670578430586
12	1	65.0	6.323658926070021
12	1	66.0	6.261078598460248
12	1	67.0	6.2874076970501775
12	1	67.99999237060547	8.129592532246303
12	1	68.99999237060547	7.83584317151698
12	1	69.99999237060547	8.681346312457334
12	1	71.0	8.54174492978509
12	1	72.0	8.85899867899572
12	1	73.0	11.127009950448997
12	1	73.99999237060547	10.266314761247243
12	1	74.99999237060547	11.732086163736673
12	1	75.99999237060547	13.108536621128907
12	1	77.0	13.303850149313652
12	1	78.0	13.246952965980153
12	1	79.0	14.094709215572966
12	1	79.99999237060547	13.484053591507038
12	1	80.99999237060547	15.027324589187664
12	1	81.99999237060547	13.34849568082344
12	1	83.0	14.276942931497137
12	1	84.0	15.53760289943744
12	1	84.99999237060547	14.25072354282075
12	1	85.99999237060547	14.122981076094941
12	1	86.99999237060547	14.318395349569945
12	1	87.99999237060547	13.725215618269141
12	1	89.0	14.375244721579254
12	1	90.0	14.527175449477017
12	1	90.99999237060547	12.66151696165085
12	1	91.99999237060547	11.91303836541782
12	1	92.99999237060547	13.363088379985173
12	1	93.99999237060547	15.597954450943671
12	1	95.0	13.868921090858917
12	1	96.0	12.189801045681321
12	1	96.99999237060547	11.875458664604409
12	1	97.99999237060547	14.95548465949747
12	1	98.99999237060547	13.939578544049052
12	1	99.99999237060547	13.51710487690073
12	1	100.99999237060547	12.236125949953287
12	1	102.0	11.922679177431293
12	1	102.99999237060547	11.961479774558843
12	1	103.99999237060547	12.095587977591105
12	1	104.99999237060547	10.93152822885594
12	1	105.99999237060547	10.458239661830016
12	1	106.99999237060547	9.81478461559604
12	1	108.0	9.943985327709646
12	1	108.99999237060547	9.495585116245602
12	1	109.99999237060547	8.149704024257405
12	1	110.99999237060547	9.593920203499922
12	1	111.99999237060547	6.969516918231371
12	1	112.99999237060547	8.342616740948891
12	1	114.0	7.734808451993212
12	1	115.0	6.8753815435429635
12	1	115.99999237060547	7.673616787219068
12	1	117.0	7.196371833116413
12	1	117.99999237060547	7.628037227340281
12	1	118.99999237060547	7.432835543503193
12	1	120.0	6.632126490687075
12	1	120.99999237060547	7.35201903769631
12	1	122.0	7.516781983497236
12	1	122.99999237060547	7.0484632328661405
12	1	123.99998474121094	7.175668675968458
12	1	124.99999237060547	7.067945066813133
12	1	125.99999237060547	7.069636392406357
12	1	127.0	6.907611071802138
12	1	127.99999237060547	6.816067327016927
12	1	128.99998474121094	6.8416924892355215
12	1	130.0	6.639085599677672
12	1	130.99998474121094	6.560559768563682
12	1	132.0	6.22347456509792
12	1	132.99998474121094	6.091022682939386
12	1	134.0	5.887123180081111
12	1	135.0	5.485281379981282
12	1	135.99998474121094	5.586243101858295
12	1	137.0	5.623164543190445
12	1	137.99998474121094	5.949446948710185
12	1	139.0	5.7338866053914055
12	1	139.99998474121094	5.632078793830957
12	1	140.99998474121094	5.617245757387805
12	1	142.0	6.1485943474534235
12	1	142.99998474121094	5.660232406702927
12	1	144.0	5.673893638816598
12	1	144.99998474121094	5.795600779637056
12	1	146.0	7.354892839789593
12	1	147.0	6.814450706617749
12	1	147.99998474121094	6.858387179114326
12	1	149.0	6.866112549952433
12	1	149.99998474121094	7.491158528825933
12	1	151.0	7.3654232839424605
12	1	151.99998474121094	8.483361326533467
12	1	152.99998474121094	7.545759914824661
12	1	154.0	9.343937841198393
12	1	154.99998474121094	8.004100612852012
12	1	156.0	11.08056722541385
12	1	156.99998474121094	11.027005735716255
12	1	158.0	12.132477829298344
12	1	158.99998474121094	11.805202485028012
12	1	159.99998474121094	14.098704022463778
12	1	161.0	14.801363148423425
12	1	161.99998474121094	16.558258557679956
12	1	163.0	15.516545426226289
12	1	163.99998474121094	17.795957137177965
12	1	164.99998474121094	15.977905921640433
12	1	166.0	17.52431539124468
12	1	166.99998474121094	16.03750273724338
12	1	168.0	16.25118520542723
12	1	168.99998474121094	14.576042037893874
12	1	169.99998474121094	13.559288125214728
12	1	170.99998474121094	11.988373644415768
12	1	171.99998474121094	11.14447730547766
12	1	173.0	9.103362356931266
12	1	173.99998474121094	9.510036088982057
12	1	175.0	5.864268940231425
12	1	175.99998474121094	7.65532639439542
12	1	176.99998474121094	6.28963135051184
12	1	178.0	6.9391989891661545
12	1	178.99998474121094	5.74554744585191
12	2	0.0	4.62220501608013
12	2	0.9999999403953552	5.035130505655598
12	2	1.9999998807907104	5.262716250781831
12	2	3.0	5.1108469945865975
12	2	3.999999761581421	5.593815647213723
12	2	4.999999523162842	7.260415101869038
12	2	6.0	7.7435075516748695
12	2	6.999999523162842	7.70422627998448
12	2	7.999999523162842	7.045049845828427
12	2	9.0	7.888608090402621
12	2	9.999999046325684	8.186117470270036
12	2	10.999999046325684	9.606849751598755
12	2	12.0	9.88585102636273
12	2	12.999999046325684	8.821229440432841
12	2	13.999999046325684	9.895017140228886
12	2	15.0	10.375600349288385
12	2	15.999999046325684	10.45479895403562
12	2	16.999998092651367	9.199346151563809
12	2	18.0	9.148667855469606
12	2	18.999998092651367	8.26896339603406
12	2	19.999998092651367	8.956443280337
12	2	21.0	8.058265720517506
12	2	21.999998092651367	7.873516787431478
12	2	22.999998092651367	7.3457113579978035
12	2	24.0	7.376152657354904
12	2	24.999998092651367	6.811385232340883
12	2	25.999998092651367	6.388874852925771
12	2	27.0	6.093461914246727
12	2	27.999998092651367	5.908861110888322
12	2	28.999998092651367	6.2548981310350324
12	2	30.0	6.141784648850921
12	2	30.999996185302734	5.667216702016088
12	2	31.999998092651367	5.857075043488109
12	2	33.0	5.142078034566481
12	2	33.999996185302734	5.331228170798936
12	2	34.999996185302734	5.40119705554337
12	2	36.0	5.367157527154142
12	2	36.999996185302734	5.265806057607615
12	2	37.999996185302734	5.099495647072859
12	2	39.0	4.864934998143574
12	2	39.999996185302734	4.916724053751549
12	2	40.999996185302734	4.818374879232066
12	2	42.0	4.839664578874996
12	2	42.999996185302734	4.861741030932947
12	2	43.999996185302734	4.757715115439537
12	2	45.0	4.727526533081726
12	2	45.999996185302734	4.843005395152779
12	2	46.999996185302734	4.966429474775848
12	2	48.0	5.054196978723689
12	2	48.999996185302734	5.356563476864629
12	2	49.999996185302734	5.353766087512686
12	2	51.0	5.423885663305683
12	2	51.999996185302734	5.603291680913469
12	2	52.999996185302734	5.657534908867595
12	2	54.0	5.821536715462886
12	2	54.999996185302734	5.725403083555427
12	2	55.999996185302734	5.809128823061912
12	2	57.0	5.800225244591978
12	2	57.999996185302734	5.885119800220181
12	2	58.999996185302734	5.835828459414315
12	2	60.0	6.246844057343118
12	2	61.0	5.34412484861239
12	2	61.99999237060547	5.706178662362779
12	2	62.999996185302734	5.068186486804344
12	2	63.999996185302734	5.628314505824634
12	2	65.0	6.262374626855258
12	2	66.0	6.700996568748783
12	2	67.0	6.098452221209067
12	2	67.99999237060547	6.753693612629547
12	2	68.99999237060547	7.498918477496713
12	2	69.99999237060547	8.140717202856962
12	2	71.0	8.299901591653278
12	2	72.0	9.386387466890023
12	2	73.0	10.875682894654624
12	2	73.99999237060547	10.344731309334511
12	2	74.99999237060547	12.34724971265481
12	2	75.99999237060547	11.740046749214322
12	2	77.0	11.61127292392384
12	2	78.0	12.034775388315897
12	2	79.0	14.440756481003431
12	2	79.99999237060547	14.688463536537698
12	2	80.99999237060547	15.124545501833625
12	2	81.99999237060547	15.314798713617037
12	2	83.0	16.321819606728916
12	2	84.0	14.842663594787199
12	2	84.99999237060547	16.352828665560775
12	2	85.99999237060547	16.978424474662457
12	2	86.99999237060547	14.168889338827537
12	2	87.99999237060547	15.524142304130637
12	2	89.0	14.473541389019493
12	2	90.0	14.606458577815234
12	2	90.99999237060547	13.729901981813416
12	2	91.99999237060547	13.395088670020328
12	2	92.99999237060547	14.902593382112183
12	2	93.99999237060547	13.349500572405079
12	2	95.0	12.837634243173277
12	2	96.0	12.677040274086998
12	2	96.99999237060547	14.236678966339912
12	2	97.99999237060547	13.389600613022225
12	2	98.99999237060547	13.66684055275398
12	2	99.99999237060547	13.125144226095793
12	2	100.99999237060547	13.091324544420475
12	2	102.0	13.325457452752987
12	2	102.99999237060547	13.111010003382098
12	2	103.99999237060547	10.145526280870152
12	2	104.99999237060547	10.428915098402213
12	2	105.99999237060547	10.393815610031162
12	2	106.99999237060547	9.974524811036066
12	2	108.0	9.064323556956412
12	2	108.99999237060547	8.96613702631654
12	2	109.99999237060547	9.777597650659905
12	2	110.99999237060547	8.228735289369977
12	2	111.99999237060547	8.23285474721314
12	2	112.99999237060547	7.147062989950799
12	2	114.0	6.67773038311478
12	2	115.0	7.42385299097098
12	2	115.99999237060547	7.122593410362405
12	2	117.0	7.094831679594065
12	2	117.99999237060547	6.871184392297991
12	2	118.99999237060547	7.426979510063554
12	2	120.0	7.010389197111551
12	2	120.99999237060547	6.884368364943407
12	2	122.0	6.738709031364185
12	2	122.99999237060547	6.935241748315779
12	2	123.99998474121094	6.918633289575246
12	2	124.99999237060547	7.033239594979829
12	2	125.99999237060547	6.475478236506948
12	2	127.0	7.213939079661686
12	2	127.99999237060547	6.21405957621388
12	2	128.99998474121094	6.435629205341801
12	2	130.0	6.42041111698419
12	2	130.99998474121094	6.041169559074286
12	2	132.0	5.725908517554007
12	2	132.99998474121094	6.081198309591969
12	2	134.0	5.846678641797704
12	2	135.0	5.6844441466501525
12	2	135.99998474121094	5.715772516825709
12	2	137.0	5.9256586804915
12	2	137.99998474121094	5.686628526524087
12	2	139.0	5.309338695169515
12	2	139.99998474121094	6.055055760543745
12	2	140.99998474121094	5.872304230903122
12	2	142.0	5.801903763580508
12	2	142.99998474121094	5.769198683400371
12	2	144.0	6.0217082156948045
12	2	144.99998474121094	6.2702340401558265
12	2	146.0	6.591049306131795
12	2	147.0	7.346454141070042
12	2	147.99998474121094	6.682275874007424
12	2	149.0	7.737012041774188
12	2	149.99998474121094	8.194143796318448
12	2	151.0	7.397567861723832
12	2	151.99998474121094	8.72364652776087
12	2	152.99998474121094	8.693262431238068
12	2	154.0	8.817833128868052
12	2	154.99998474121094	10.899275221821494
12	2	156.0	10.308192358595882
12	2	156.99998474121094	12.769332351473148
12	2	158.0	12.9041713847466
12	2	158.99998474121094	13.164323898722278
12	2	159.99998474121094	14.671029478681241
12	2	161.0	15.46325629032185
12	2	161.99998474121094	17.82909379993628
12	2	163.0	17.29532305403625
12	2	163.99998474121094	17.490021011422048
12	2	164.99998474121094	17.900593927715267
12	2	166.0	17.334209028528424
12	2	166.99998474121094	17.207628547735162
12	2	168.0	16.06021994642284
12	2	168.99998474121094	13.077385835871771
12	2	169.99998474121094	13.592402589858242
12	2	170.99998474121094	11.216447008762083
12	2	171.99998474121094	10.768320004864838
12	2	173.0	8.32385335752522
12	2	173.99998474121094	7.809750995113885
12	2	175.0	7.602609286833969
12	2	175.99998474121094	6.496718417278395
12	2	176.99998474121094	5.710776660334667
12	2	178.0	5.213287452418918
12	2	178.99998474121094	4.979870006401963
5	1	0.0	17.616736388451415
5	1	0.9999999403953552	16.654552272146088
5	1	1.9999998807907104	18.341272610322612
5	1	3.0	16.24182784626431
5	1	3.999999761581421	17.58200316897461
5	1	4.999999523162842	18.016729341720286
5	1	6.0	17.208384991185742
5	1	6.999999523162842	16.71332946504863
5	1	7.999999523162842	16.47799871229043
5	1	9.0	16.26817017834576
5	1	9.999999046325684	14.773996287966476
5	1	10.999999046325684	14.880171578614323
5	1	12.0	14.149179120430173
5	1	12.999999046325684	14.111541363008817
5	1	13.999999046325684	13.896766064557765
5	1	15.0	11.99364142781314
5	1	15.999999046325684	12.108506426632538
5	1	16.999998092651367	10.763483377158824
5	1	18.0	11.081818857579254
5	1	18.999998092651367	10.564803419486909
5	1	19.999998092651367	9.731332510543178
5	1	21.0	10.272795756995938
5	1	21.999998092651367	9.586874863371053
5	1	22.999998092651367	9.429569630370136
5	1	24.0	8.601539820873967
5	1	24.999998092651367	8.405897589835414
5	1	25.999998092651367	8.377810998194676
5	1	27.0	8.19458519729356
5	1	27.999998092651367	7.988663531554137
5	1	28.999998092651367	8.243734384787325
5	1	30.0	7.844705341965071
5	1	30.999996185302734	7.622886410932445
5	1	31.999998092651367	7.437748157063726
5	1	33.0	7.446260280316854
5	1	33.999996185302734	7.687863708054068
5	1	34.999996185302734	7.634233916464774
5	1	36.0	8.098458822462092
5	1	36.999996185302734	7.637294694986586
5	1	37.999996185302734	8.165889011269398
5	1	39.0	8.29656419047008
5	1	39.999996185302734	8.199590018407886
5	1	40.999996185302734	8.273223726528855
5	1	42.0	8.56099837928171
5	1	42.999996185302734	8.671146278705567
5	1	43.999996185302734	8.57344127640218
5	1	45.0	8.546964048084625
5	1	45.999996185302734	8.339894056790996
5	1	46.999996185302734	8.611844015010577
5	1	48.0	8.52273992841953
5	1	48.999996185302734	8.642981139889372
5	1	49.999996185302734	8.522434277454172
5	1	51.0	8.309994903699264
5	1	51.999996185302734	8.141868089732109
5	1	52.999996185302734	8.033416638543354
5	1	54.0	7.883820981568088
5	1	54.999996185302734	8.547149316965863
5	1	55.999996185302734	8.16510951593037
5	1	57.0	7.988657555138614
5	1	57.999996185302734	8.141117622697053
5	1	58.999996185302734	8.13918467916194
5	1	60.0	8.690668666900756
5	1	61.0	8.357341775025793
5	1	61.99999237060547	8.345149033583674
5	1	62.999996185302734	9.353143228652279
5	1	63.999996185302734	9.248297263571644
5	1	65.0	10.364207593752804
5	1	66.0	10.530454398150914
5	1	67.0	10.692426357902242
5	1	67.99999237060547	10.110925396308513
5	1	68.99999237060547	11.306916279413487
5	1	69.99999237060547	12.188505017286312
5	1	71.0	12.03420762884114
5	1	72.0	12.862425268539484
5	1	73.0	13.678019864878
5	1	73.99999237060547	15.266280464847853
5	1	74.99999237060547	15.32651931823278
5	1	75.99999237060547	15.516721303597418
5	1	77.0	16.740481174546723
5	1	78.0	17.030619072752405
5	1	79.0	17.792444712397288
5	1	79.99999237060547	16.50553120483475
5	1	80.99999237060547	18.225157686885105
5	1	81.99999237060547	17.64666456984712
5	1	83.0	18.56707524918865
5	1	84.0	18.035104258134915
5	1	84.99999237060547	18.47225514803595
5	1	85.99999237060547	18.56786584358508
5	1	86.99999237060547	18.675847719268393
5	1	87.99999237060547	17.395733665024604
5	1	89.0	17.958314148843755
5	1	90.0	18.363498045881833
5	1	90.99999237060547	17.788479787584095
5	1	91.99999237060547	17.05819596152633
5	1	92.99999237060547	17.240264899136776
5	1	93.99999237060547	16.765213289531342
5	1	95.0	15.170763684399809
5	1	96.0	16.16446229353558
5	1	96.99999237060547	14.790796845777415
5	1	97.99999237060547	13.120946221077174
5	1	98.99999237060547	13.787158603851987
5	1	99.99999237060547	13.041328413469628
5	1	100.99999237060547	13.39253503304439
5	1	102.0	11.984912446053864
5	1	102.99999237060547	12.270391301471948
5	1	103.99999237060547	11.814582042305732
5	1	104.99999237060547	10.791948190524852
5	1	105.99999237060547	10.999186375226794
5	1	106.99999237060547	10.475606271568418
5	1	108.0	10.297905239932197
5	1	108.99999237060547	9.92151742043489
5	1	109.99999237060547	9.10109046525859
5	1	110.99999237060547	9.578328589172076
5	1	111.99999237060547	9.08135890252007
5	1	112.99999237060547	8.818890954415759
5	1	114.0	9.026379294796053
5	1	115.0	9.748126238164946
5	1	115.99999237060547	9.140691902066324
5	1	117.0	8.929387193487287
5	1	117.99999237060547	9.832956333882859
5	1	118.99999237060547	10.016866007474622
5	1	120.0	10.154368814524378
5	1	120.99999237060547	10.107815098915218
5	1	122.0	10.394248473269812
5	1	122.99999237060547	11.198668880126187
5	1	123.99998474121094	10.590983534575567
5	1	124.99999237060547	11.50593603899661
5	1	125.99999237060547	12.592868437850345
5	1	127.0	12.984356098055258
5	1	127.99999237060547	13.35528318131114
5	1	128.99998474121094	14.34631887044425
5	1	130.0	14.235687735136615
5	1	130.99998474121094	15.429291467126669
5	1	132.0	14.782952373515656
5	1	132.99998474121094	15.674587465883922
5	1	134.0	14.251387778717536
5	1	135.0	14.174525952440089
5	1	135.99998474121094	13.205252099776287
5	1	137.0	12.92977776394498
5	1	137.99998474121094	12.424147397425397
5	1	139.0	11.059136653119289
5	1	139.99998474121094	10.296395768125624
5	1	140.99998474121094	9.960691970419498
5	1	142.0	9.383659660090249
5	1	142.99998474121094	8.385199555329336
5	1	144.0	7.486832457760376
5	1	144.99998474121094	6.932553641990555
5	1	146.0	6.94011338074129
5	1	147.0	6.64007683088097
5	1	147.99998474121094	6.254361534298363
5	1	149.0	6.168980327691796
5	1	149.99998474121094	5.8026008697626725
5	1	151.0	5.796609086313279
5	1	151.99998474121094	5.928786907131365
5	1	152.99998474121094	5.762965708895912
5	1	154.0	6.072413832545687
5	1	154.99998474121094	6.257020185432791
5	1	156.0	6.33146241719676
5	1	156.99998474121094	6.077964215019968
5	1	158.0	7.016303714045959
5	1	158.99998474121094	6.716682098177717
5	1	159.99998474121094	7.453058879861955
5	1	161.0	7.855186267246456
5	1	161.99998474121094	8.074770872646843
5	1	163.0	9.022682454907782
5	1	163.99998474121094	9.317701377049083
5	1	164.99998474121094	9.039987592943657
5	1	166.0	9.928829137941388
5	1	166.99998474121094	10.785839440085923
5	1	168.0	11.47997961260327
5	1	168.99998474121094	11.957422642191855
5	1	169.99998474121094	13.186534820129513
5	1	170.99998474121094	13.57990761254535
5	1	171.99998474121094	13.92238951922907
5	1	173.0	15.23217733032198
5	1	173.99998474121094	16.024776387272354
5	1	175.0	15.441288694403797
5	1	175.99998474121094	16.12584781906291
5	1	176.99998474121094	17.114053248558694
5	1	178.0	15.491541811222165
5	1	178.99998474121094	17.65196650419034
5	2	0.0	4.613286923458209
5	2	0.9999999403953552	3.4515624590889544
5	2	1.9999998807907104	3.2824331014176873
5	2	3.0	4.422630730513766
5	2	3.999999761581421	5.199139996213706
5	2	4.999999523162842	3.606280971385141
5	2	6.0	4.197012079868497
5	2	6.999999523162842	4.298714877270456
5	2	7.999999523162842	4.274723410923963
5	2	9.0	3.7281951523148145
5	2	9.999999046325684	4.732694851849311
5	2	10.999999046325684	3.6534348898676168
5	2	12.0	4.091304657178794
5	2	12.999999046325684	3.419970486300118
5	2	13.999999046325684	3.890438612085651
5	2	15.0	3.833030872111694
5	2	15.999999046325684	3.7907844445478727
5	2	16.999998092651367	3.654366356915677
5	2	18.0	4.092633128972362
5	2	18.999998092651367	4.158812539387908
5	2	19.999998092651367	4.124247086432589
5	2	21.0	4.766672054762362
5	2	21.999998092651367	4.8689831658872755
5	2	22.999998092651367	5.121028672204971
5	2	24.0	5.302172972956526
5	2	24.999998092651367	4.944183548649116
5	2	25.999998092651367	4.689131051549324
5	2	27.0	4.3799847368834985
5	2	27.999998092651367	4.5427340575397395
5	2	28.999998092651367	3.6750242640603807
5	2	30.0	3.710514780761413
5	2	30.999996185302734	3.2849222784833336
5	2	31.999998092651367	2.912891265902848
5	2	33.0	2.9312004417467135
5	2	33.999996185302734	3.7093446839792255
5	2	34.999996185302734	3.5715938556852316
5	2	36.0	3.7722810351994847
5	2	36.999996185302734	3.7620515462569215
5	2	37.999996185302734	4.523381570300154
5	2	39.0	5.03923331491266
5	2	39.999996185302734	6.178160528823116
5	2	40.999996185302734	6.482844168639984
5	2	42.0	6.886956579752019
5	2	42.999996185302734	7.089653969316372
5	2	43.999996185302734	7.406853503900465
5	2	45.0	7.1680256942872145
5	2	45.999996185302734	7.735273758630419
5	2	46.999996185302734	8.004170622291005
5	2	48.0	6.055790859653168
5	2	48.999996185302734	5.759594583653687
5	2	49.999996185302734	5.645461268849128
5	2	51.0	4.323331305926005
5	2	51.999996185302734	3.9871400034678683
5	2	52.999996185302734	3.6344204969919476
5	2	54.0	4.393264759064119
5	2	54.999996185302734	4.375665922893935
5	2	55.999996185302734	4.199014179068956
5	2	57.0	3.5810088445692707
5	2	57.999996185302734	4.280389479727312
5	2	58.999996185302734	4.204556877580422
5	2	60.0	5.02981960668909
5	2	61.0	4.846272786896984
5	2	61.99999237060547	4.636465170406647
5	2	62.999996185302734	4.672067531455339
5	2	63.999996185302734	4.429766143762313
5	2	65.0	4.407449354422943
5	2	66.0	3.9422695026022927
5	2	67.0	3.8941047161226554
5	2	67.99999237060547	3.7069767427713467
5	2	68.99999237060547	4.022650583849588
5	2	69.99999237060547	3.99421992142941
5	2	71.0	4.217708833714105
5	2	72.0	4.526260495035315
5	2	73.0	5.055602717032242
5	2	73.99999237060547	5.783821691526546
5	2	74.99999237060547	7.311481864972285
5	2	75.99999237060547	8.399242424262882
5	2	77.0	8.960450893832505
5	2	78.0	10.14600951675393
5	2	79.0	10.38110206666483
5	2	79.99999237060547	9.58798050024295
5	2	80.99999237060547	9.561876371008807
5	2	81.99999237060547	8.216982241355677
5	2	83.0	7.792369871223495
5	2	84.0	8.126203050870684
5	2	84.99999237060547	6.053105741535706
5	2	85.99999237060547	7.48652168415314
5	2	86.99999237060547	6.030364199807326
5	2	87.99999237060547	5.584395962574629
5	2	89.0	5.283284938580501
5	2	90.0	6.0864204160992665
5	2	90.99999237060547	5.434049838564309
5	2	91.99999237060547	6.19701569291376
5	2	92.99999237060547	5.670868718787929
5	2	93.99999237060547	6.089699333787696
5	2	95.0	5.619234196209925
5	2	96.0	5.4440313062626355
5	2	96.99999237060547	6.337610868110241
5	2	97.99999237060547	5.858141406772278
5	2	98.99999237060547	6.6277077851809
5	2	99.99999237060547	7.396001187082961
5	2	100.99999237060547	5.75328263508695
5	2	102.0	4.956250358478413
5	2	102.99999237060547	5.409626362752812
5	2	103.99999237060547	5.367927204096238
5	2	104.99999237060547	5.125928052273985
5	2	105.99999237060547	5.73553140032091
5	2	106.99999237060547	5.435121751377177
5	2	108.0	5.064459337951633
5	2	108.99999237060547	5.119300634344958
5	2	109.99999237060547	5.864600631292994
5	2	110.99999237060547	5.944925363479636
5	2	111.99999237060547	6.3126717130164085
5	2	112.99999237060547	5.851119118531858
5	2	114.0	6.021201074148931
5	2	115.0	6.616836258456355
5	2	115.99999237060547	6.4178946191618635
5	2	117.0	6.287280057890063
5	2	117.99999237060547	5.907431893804498
5	2	118.99999237060547	6.3346363207267
5	2	120.0	5.8108820472444895
5	2	120.99999237060547	4.490171909895083
5	2	122.0	5.520126016918924
5	2	122.99999237060547	5.697252885778042
5	2	123.99998474121094	5.296379691879885
5	2	124.99999237060547	5.549948330382493
5	2	125.99999237060547	6.249200899493596
5	2	127.0	5.374683968732673
5	2	127.99999237060547	5.717108245695269
5	2	128.99998474121094	6.646642350220644
5	2	130.0	6.435184389272104
5	2	130.99998474121094	5.849052986307929
5	2	132.0	7.115279558421791
5	2	132.99998474121094	6.795846978865927
5	2	134.0	6.15526658849888
5	2	135.0	5.81915127189526
5	2	135.99998474121094	5.941981551947361
5	2	137.0	6.284904859606191
5	2	137.99998474121094	5.36614665915698
5	2	139.0	4.346571024576973
5	2	139.99998474121094	4.2900751148572125
5	2	140.99998474121094	3.7736543301094807
5	2	142.0	4.090422709002216
5	2	142.99998474121094	4.029595605575022
5	2	144.0	4.026762784616759
5	2	144.99998474121094	3.8514655526815584
5	2	146.0	3.5388985939020268
5	2	147.0	3.3384257115729823
5	2	147.99998474121094	3.358840933558739
5	2	149.0	2.8519632037419838
5	2	149.99998474121094	2.859847376478294
5	2	151.0	3.2861064625306846
5	2	151.99998474121094	3.008094497979305
5	2	152.99998474121094	2.9955593933050393
5	2	154.0	3.1437981905129995
5	2	154.99998474121094	3.080569635262311
5	2	156.0	3.59499749887628
5	2	156.99998474121094	3.3761885468335135
5	2	158.0	3.2615461694923766
5	2	158.99998474121094	3.4936801802756032
5	2	159.99998474121094	3.3438209206870577
5	2	161.0	3.3222178861159537
5	2	161.99998474121094	3.3884805394620092
5	2	163.0	3.586374811935962
5	2	163.99998474121094	3.6799198021479875
5	2	164.99998474121094	3.7252035294583488
5	2	166.0	4.18893452740131
5	2	166.99998474121094	3.6887286117431883
5	2	168.0	4.604534889810484
5	2	168.99998474121094	4.053251111991714
5	2	169.99998474121094	6.885655855601955
5	2	170.99998474121094	7.469093602712206
5	2	171.99998474121094	7.257798285643276
5	2	173.0	6.843045720464831
5	2	173.99998474121094	6.420902890604431
5	2	175.0	7.297022354499368
5	2	175.99998474121094	7.156983839720242
5	2	176.99998474121094	8.170180931389103
5	2	178.0	5.219389372668679
5	2	178.99998474121094	4.801603776611923
24	1	0.0	4.250122350194046
24	1	0.9999999403953552	4.297206686124352
24	1	1.9999998807907104	4.4198649307867335
24	1	3.0	4.57643805288599
24	1	3.999999761581421	5.048137747156241
24	1	4.999999523162842	5.006984149859622
24	1	6.0	5.259169675055301
24	1	6.999999523162842	5.545545846575597
24	1	7.999999523162842	5.895018878761646
24	1	9.0	5.385659228955237
24	1	9.999999046325684	5.757662067005397
24	1	10.999999046325684	4.936988371245331
24	1	12.0	5.918443439407028
24	1	12.999999046325684	5.201559590727183
24	1	13.999999046325684	4.8349560172159185
24	1	15.0	5.164691083361101
24	1	15.999999046325684	5.421791783438251
24	1	16.999998092651367	4.797820705585383
24	1	18.0	4.444004099974028
24	1	18.999998092651367	4.5874461833939355
24	1	19.999998092651367	4.428391568191849
24	1	21.0	5.462865979785769
24	1	21.999998092651367	3.746820224407793
24	1	22.999998092651367	3.94745190863504
24	1	24.0	4.523326928786794
24	1	24.999998092651367	5.340211150217972
24	1	25.999998092651367	4.858923151013493
24	1	27.0	5.411889716689025
24	1	27.999998092651367	5.246337030265317
24	1	28.999998092651367	6.370332596876479
24	1	30.0	6.687291367292329
24	1	30.999996185302734	6.5153349516349115
24	1	31.999998092651367	6.63963030726398
24	1	33.0	7.207826060354525
24	1	33.999996185302734	7.342117824720731
24	1	34.999996185302734	6.937260069215517
24	1	36.0	6.971360215533629
24	1	36.999996185302734	7.274977065179505
24	1	37.999996185302734	6.658850032701573
24	1	39.0	6.160632128978748
24	1	39.999996185302734	6.320765487182873
24	1	40.999996185302734	6.376264616170635
24	1	42.0	6.47413738499551
24	1	42.999996185302734	6.367175341932641
24	1	43.999996185302734	6.397731046958339
24	1	45.0	6.699706089882474
24	1	45.999996185302734	6.925167646176833
24	1	46.999996185302734	6.81403705328614
24	1	48.0	7.256176969489045
24	1	48.999996185302734	7.3815664360457856
24	1	49.999996185302734	7.513419822878296
24	1	51.0	7.753631599572121
24	1	51.999996185302734	9.185848843990218
24	1	52.999996185302734	9.29255176675145
24	1	54.0	9.225341851544878
24	1	54.999996185302734	8.834570507429168
24	1	55.999996185302734	9.630014338168854
24	1	57.0	9.488567096873414
24	1	57.999996185302734	9.157487337235386
24	1	58.999996185302734	8.227037987361228
24	1	60.0	8.589497343593587
24	1	61.0	8.38883406974143
24	1	61.99999237060547	7.422898472034471
24	1	62.999996185302734	7.102051616433592
24	1	63.999996185302734	6.974445753491183
24	1	65.0	6.788098556139371
24	1	66.0	6.290993119477611
24	1	67.0	5.573001499491755
24	1	67.99999237060547	6.575546484263159
24	1	68.99999237060547	6.35386927965581
24	1	69.99999237060547	6.727685532930607
24	1	71.0	7.4951985857199945
24	1	72.0	7.144958437912789
24	1	73.0	7.0418580130519155
24	1	73.99999237060547	8.244531809372925
24	1	74.99999237060547	6.950601563098668
24	1	75.99999237060547	7.669446102957129
24	1	77.0	9.094564219506644
24	1	78.0	9.34820500188236
24	1	79.0	9.145292034472329
24	1	79.99999237060547	9.567629951610897
24	1	80.99999237060547	9.819482078197716
24	1	81.99999237060547	9.436954772410212
24	1	83.0	9.275699128748089
24	1	84.0	9.793591392375136
24	1	84.99999237060547	8.889902723669088
24	1	85.99999237060547	10.01868881420937
24	1	86.99999237060547	9.580763551611184
24	1	87.99999237060547	9.474447388311704
24	1	89.0	7.831578572153953
24	1	90.0	9.366093267318623
24	1	90.99999237060547	9.23321279078967
24	1	91.99999237060547	8.639236488676913
24	1	92.99999237060547	8.600433330228425
24	1	93.99999237060547	8.549644897333856
24	1	95.0	8.987897155238555
24	1	96.0	9.568899513022872
24	1	96.99999237060547	9.483970379561995
24	1	97.99999237060547	9.4195215683274
24	1	98.99999237060547	9.159842044951748
24	1	99.99999237060547	9.329550901485408
24	1	100.99999237060547	9.437616446986057
24	1	102.0	9.565796899592394
24	1	102.99999237060547	10.080274068634434
24	1	103.99999237060547	8.726207848699625
24	1	104.99999237060547	8.307428460118633
24	1	105.99999237060547	8.526962692873889
24	1	106.99999237060547	8.468836929263436
24	1	108.0	7.787997696381041
24	1	108.99999237060547	7.901659728132869
24	1	109.99999237060547	7.987626196573942
24	1	110.99999237060547	7.184773318132086
24	1	111.99999237060547	7.500532109688129
24	1	112.99999237060547	6.812877201787708
24	1	114.0	7.314611799159443
24	1	115.0	6.869315908673169
24	1	115.99999237060547	6.9992504392357295
24	1	117.0	6.984654751866236
24	1	117.99999237060547	6.558576879270262
24	1	118.99999237060547	7.129793710408068
24	1	120.0	7.613706636687947
24	1	120.99999237060547	7.641700167001245
24	1	122.0	7.8770326273067415
24	1	122.99999237060547	8.184679715449748
24	1	123.99998474121094	8.480372264997941
24	1	124.99999237060547	8.236402176713316
24	1	125.99999237060547	9.019668633936515
24	1	127.0	9.019668633936515
24	1	127.99999237060547	9.071968246184948
24	1	128.99998474121094	8.163518081853756
24	1	130.0	8.22057321331181
24	1	130.99998474121094	8.353676524762434
24	1	132.0	8.41377450549573
24	1	132.99998474121094	7.680439292426264
24	1	134.0	7.486711221902608
24	1	135.0	7.815742778563278
24	1	135.99998474121094	7.750168693662925
24	1	137.0	7.7237034181764175
24	1	137.99998474121094	7.126834957836983
24	1	139.0	7.735877376598319
24	1	139.99998474121094	7.119135627095086
24	1	140.99998474121094	7.501888756012023
24	1	142.0	7.069151022088463
24	1	142.99998474121094	6.921864822826309
24	1	144.0	7.1565253632722055
24	1	144.99998474121094	7.0164112895253865
24	1	146.0	6.817861532334525
24	1	147.0	6.708090573975487
24	1	147.99998474121094	6.860324818404494
24	1	149.0	6.531688132055215
24	1	149.99998474121094	6.139861096825916
24	1	151.0	5.678139028272585
24	1	151.99998474121094	5.850274309508892
24	1	152.99998474121094	5.624042222498791
24	1	154.0	5.415403849016997
24	1	154.99998474121094	5.63281389294038
24	1	156.0	5.563287689831528
24	1	156.99998474121094	5.567130525013306
24	1	158.0	5.700159558156706
24	1	158.99998474121094	5.667331107684686
24	1	159.99998474121094	5.706056145844542
24	1	161.0	6.249529602347403
24	1	161.99998474121094	6.471230285730023
24	1	163.0	6.464091884273714
24	1	163.99998474121094	5.913096681947377
24	1	164.99998474121094	6.445451444255102
24	1	166.0	6.8092943406812125
24	1	166.99998474121094	6.230922459500995
24	1	168.0	6.051609503220651
24	1	168.99998474121094	6.511057545667191
24	1	169.99998474121094	5.994425025055188
24	1	170.99998474121094	5.611490469238423
24	1	171.99998474121094	5.722011467745692
24	1	173.0	5.226150833060168
24	1	173.99998474121094	4.82560804956311
24	1	175.0	4.144846083195701
24	1	175.99998474121094	4.831680941508898
24	1	176.99998474121094	4.245057338037658
24	1	178.0	4.276874920512517
24	1	178.99998474121094	4.785179732978981
24	2	0.0	4.454420138458298
24	2	0.9999999403953552	3.9887993125493586
24	2	1.9999998807907104	4.603759663339687
24	2	3.0	4.295583662422828
24	2	3.999999761581421	5.025985736130597
24	2	4.999999523162842	5.172752414129008
24	2	6.0	4.73546022468952
24	2	6.999999523162842	5.342839065501135
24	2	7.999999523162842	4.882552190447153
24	2	9.0	5.8295002891482985
24	2	9.999999046325684	5.779642042641321
24	2	10.999999046325684	5.993782987273207
24	2	12.0	5.204780451807667
24	2	12.999999046325684	5.803082824985982
24	2	13.999999046325684	5.963637093597709
24	2	15.0	5.579759971675482
24	2	15.999999046325684	5.654245319008588
24	2	16.999998092651367	4.935942498528672
24	2	18.0	4.917461287295088
24	2	18.999998092651367	4.718318584306903
24	2	19.999998092651367	4.972784538911721
24	2	21.0	4.940828645106171
24	2	21.999998092651367	4.564947967154737
24	2	22.999998092651367	4.512078034110607
24	2	24.0	4.478775739264917
24	2	24.999998092651367	4.8263277807469
24	2	25.999998092651367	5.919769349879656
24	2	27.0	5.380192943185111
24	2	27.999998092651367	5.514887688712348
24	2	28.999998092651367	6.6333234813391195
24	2	30.0	6.8061900197034415
24	2	30.999996185302734	7.0129120982362245
24	2	31.999998092651367	6.863677587513323
24	2	33.0	7.90540181802439
24	2	33.999996185302734	7.240742449512108
24	2	34.999996185302734	7.613852631981456
24	2	36.0	7.558254892137553
24	2	36.999996185302734	6.928090967141598
24	2	37.999996185302734	6.350909673311079
24	2	39.0	7.079338249235537
24	2	39.999996185302734	6.539147979289337
24	2	40.999996185302734	6.436314785579741
24	2	42.0	6.324428176125293
24	2	42.999996185302734	5.813021177115173
24	2	43.999996185302734	5.725760387826383
24	2	45.0	6.316140595341129
24	2	45.999996185302734	6.562656636638875
24	2	46.999996185302734	6.0182026211032955
24	2	48.0	6.906758151929533
24	2	48.999996185302734	7.316581454961345
24	2	49.999996185302734	8.048402073582361
24	2	51.0	7.9667172799772406
24	2	51.999996185302734	8.190237781886847
24	2	52.999996185302734	9.373170197072403
24	2	54.0	9.35896681869336
24	2	54.999996185302734	9.485446554196365
24	2	55.999996185302734	9.11852623066234
24	2	57.0	8.948474157122886
24	2	57.999996185302734	9.096589370595552
24	2	58.999996185302734	8.734260641731069
24	2	60.0	8.766002238351412
24	2	61.0	8.371257431686049
24	2	61.99999237060547	8.173447469359662
24	2	62.999996185302734	7.5349007678179865
24	2	63.999996185302734	6.82722956366802
24	2	65.0	6.732183639385884
24	2	66.0	6.75353694516546
24	2	67.0	6.463463079983249
24	2	67.99999237060547	6.285215633213427
24	2	68.99999237060547	6.728320740523419
24	2	69.99999237060547	6.935313892188886
24	2	71.0	7.053461223791298
24	2	72.0	6.967680451118285
24	2	73.0	7.699412704166914
24	2	73.99999237060547	8.015886958038516
24	2	74.99999237060547	8.37150075717523
24	2	75.99999237060547	8.329834041917213
24	2	77.0	8.73578633523692
24	2	78.0	9.385930697989279
24	2	79.0	9.446620343859427
24	2	79.99999237060547	9.071418415956762
24	2	80.99999237060547	9.945202808929201
24	2	81.99999237060547	9.801499897660364
24	2	83.0	9.126897481263837
24	2	84.0	9.543301671560958
24	2	84.99999237060547	9.11525798514449
24	2	85.99999237060547	9.258467415245793
24	2	86.99999237060547	9.411245940374284
24	2	87.99999237060547	9.235512003219027
24	2	89.0	8.753193072336698
24	2	90.0	8.80331556178719
24	2	90.99999237060547	8.452209687502686
24	2	91.99999237060547	8.370745167498297
24	2	92.99999237060547	9.240481819613857
24	2	93.99999237060547	8.015474585367377
24	2	95.0	9.56275234276986
24	2	96.0	8.287939369095648
24	2	96.99999237060547	8.486933515469383
24	2	97.99999237060547	9.026915464645898
24	2	98.99999237060547	9.57206189060859
24	2	99.99999237060547	8.930077042593457
24	2	100.99999237060547	9.104187956047191
24	2	102.0	9.326193863508347
24	2	102.99999237060547	9.182933206988269
24	2	103.99999237060547	8.591480659773831
24	2	104.99999237060547	9.893028701406767
24	2	105.99999237060547	8.464883103507644
24	2	106.99999237060547	7.6779104148860675
24	2	108.0	7.677072009165448
24	2	108.99999237060547	7.774919591667758
24	2	109.99999237060547	7.112095409608095
24	2	110.99999237060547	7.8231057224885525
24	2	111.99999237060547	6.892730650921619
24	2	112.99999237060547	7.053561542194732
24	2	114.0	6.855076244914162
24	2	115.0	7.520909125303215
24	2	115.99999237060547	6.909302397395362
24	2	117.0	7.503123312704502
24	2	117.99999237060547	6.504154358850424
24	2	118.99999237060547	7.354989316211619
24	2	120.0	7.364998104666627
24	2	120.99999237060547	7.457409710363253
24	2	122.0	7.871600065595643
24	2	122.99999237060547	8.011297924689913
24	2	123.99998474121094	8.497316256781449
24	2	124.99999237060547	8.310295432022745
24	2	125.99999237060547	8.39905374028706
24	2	127.0	8.220703840679688
24	2	127.99999237060547	7.919729847355784
24	2	128.99998474121094	7.699893378729754
24	2	130.0	8.463681843987368
24	2	130.99998474121094	7.681819844412253
24	2	132.0	6.934660328462681
24	2	132.99998474121094	7.579369568183001
24	2	134.0	7.233882378264477
24	2	135.0	7.7920633664844905
24	2	135.99998474121094	6.828482049607071
24	2	137.0	6.73201928795898
24	2	137.99998474121094	7.396931800357375
24	2	139.0	6.470687285691008
24	2	139.99998474121094	7.313789615138102
24	2	140.99998474121094	6.697146903377835
24	2	142.0	6.605490887358141
24	2	142.99998474121094	6.614003437498092
24	2	144.0	7.125390799714348
24	2	144.99998474121094	6.103889905562044
24	2	146.0	6.40045842687129
24	2	147.0	6.3183143030444855
24	2	147.99998474121094	6.431238674365953
24	2	149.0	5.8228062768748625
24	2	149.99998474121094	5.718303955686845
24	2	151.0	5.675177714380561
24	2	151.99998474121094	5.7249147250297705
24	2	152.99998474121094	5.576810610614507
24	2	154.0	4.974621859798455
24	2	154.99998474121094	5.133670071698195
24	2	156.0	5.779961780871842
24	2	156.99998474121094	5.642845733283837
24	2	158.0	5.456871635015436
24	2	158.99998474121094	5.778303325563998
24	2	159.99998474121094	5.654828019522154
24	2	161.0	5.996993603069936
24	2	161.99998474121094	5.843021502383985
24	2	163.0	5.801636959316054
24	2	163.99998474121094	6.489514275251325
24	2	164.99998474121094	6.648933024913537
24	2	166.0	6.458811294271648
24	2	166.99998474121094	5.7021112847120365
24	2	168.0	5.933194086693317
24	2	168.99998474121094	5.872951391326981
24	2	169.99998474121094	5.841029221580457
24	2	170.99998474121094	5.598786744269023
24	2	171.99998474121094	5.319396148722358
24	2	173.0	4.728197599167681
24	2	173.99998474121094	4.6952803562364505
24	2	175.0	4.17576506890788
24	2	175.99998474121094	4.488230001736684
24	2	176.99998474121094	4.198672669610456
24	2	178.0	3.865780775408259
24	2	178.99998474121094	4.130450605746253
14	1	0.0	6.075740988445129
14	1	0.9999999403953552	6.131662735387785
14	1	1.9999998807907104	6.464433820619037
14	1	3.0	5.516875273760822
14	1	3.999999761581421	6.9342099628642835
14	1	4.999999523162842	7.987639003178636
14	1	6.0	10.116918033531553
14	1	6.999999523162842	10.24371366528367
14	1	7.999999523162842	10.207968724036053
14	1	9.0	11.568123203842285
14	1	9.999999046325684	13.230639059147578
14	1	10.999999046325684	13.8472864666629
14	1	12.0	13.414982449751637
14	1	12.999999046325684	14.10922849020112
14	1	13.999999046325684	13.785576561285481
14	1	15.0	14.324602283978194
14	1	15.999999046325684	12.869839438883533
14	1	16.999998092651367	13.164749077998112
14	1	18.0	13.596662920353038
14	1	18.999998092651367	13.05189642366293
14	1	19.999998092651367	12.560119388327427
14	1	21.0	12.359768595629797
14	1	21.999998092651367	13.384905711741487
14	1	22.999998092651367	11.76781232196407
14	1	24.0	11.227960146381786
14	1	24.999998092651367	12.884532029561877
14	1	25.999998092651367	12.794938730671527
14	1	27.0	13.663459609114824
14	1	27.999998092651367	12.375737577909286
14	1	28.999998092651367	12.129561338522748
14	1	30.0	13.48495261515654
14	1	30.999996185302734	13.05532688617357
14	1	31.999998092651367	14.090030535991508
14	1	33.0	14.754192154468024
14	1	33.999996185302734	14.159733470245135
14	1	34.999996185302734	15.430585787974387
14	1	36.0	16.058898304818445
14	1	36.999996185302734	16.150846311425155
14	1	37.999996185302734	15.884677254564345
14	1	39.0	16.255664101975466
14	1	39.999996185302734	16.55895182188071
14	1	40.999996185302734	17.565301648906633
14	1	42.0	17.531796155933137
14	1	42.999996185302734	17.388283636187413
14	1	43.999996185302734	18.319631155937426
14	1	45.0	18.086573148625543
14	1	45.999996185302734	17.71444224452845
14	1	46.999996185302734	18.966485928830778
14	1	48.0	17.664745788127433
14	1	48.999996185302734	19.709461953913717
14	1	49.999996185302734	18.981751401625758
14	1	51.0	19.399082790102707
14	1	51.999996185302734	17.933751081041095
14	1	52.999996185302734	19.821762216699774
14	1	54.0	20.972386129563876
14	1	54.999996185302734	20.65520409733953
14	1	55.999996185302734	18.81379021974597
14	1	57.0	21.103322563500313
14	1	57.999996185302734	20.976981139328004
14	1	58.999996185302734	21.916629046466873
14	1	60.0	20.826013468103213
14	1	61.0	21.59540183470659
14	1	61.99999237060547	22.012471968447787
14	1	62.999996185302734	21.896760026171307
14	1	63.999996185302734	23.18898400581353
14	1	65.0	21.46401119319035
14	1	66.0	21.587330258654926
14	1	67.0	22.301081611826675
14	1	67.99999237060547	22.436582319675974
14	1	68.99999237060547	21.444705663501306
14	1	69.99999237060547	20.82121696775857
14	1	71.0	20.04602294036068
14	1	72.0	20.11984533245747
14	1	73.0	20.81187839161587
14	1	73.99999237060547	19.172730321008483
14	1	74.99999237060547	19.22091389050834
14	1	75.99999237060547	18.41207093616438
14	1	77.0	17.800698996009245
14	1	78.0	18.089376941279834
14	1	79.0	16.583477323642935
14	1	79.99999237060547	16.214672721671633
14	1	80.99999237060547	15.847987185890329
14	1	81.99999237060547	15.007998568931113
14	1	83.0	13.767096630712366
14	1	84.0	13.206183566824349
14	1	84.99999237060547	13.676507831750486
14	1	85.99999237060547	11.76588535484448
14	1	86.99999237060547	11.842751449990157
14	1	87.99999237060547	10.933030016699696
14	1	89.0	11.352051023222577
14	1	90.0	11.875166674017391
14	1	90.99999237060547	10.20986239398344
14	1	91.99999237060547	8.27406298602312
14	1	92.99999237060547	10.364036839023553
14	1	93.99999237060547	8.572600309360622
14	1	95.0	9.06634870804532
14	1	96.0	10.331338162145764
14	1	96.99999237060547	10.383235647006813
14	1	97.99999237060547	11.499408939471017
14	1	98.99999237060547	12.272756254472066
14	1	99.99999237060547	13.306938248592145
14	1	100.99999237060547	13.897047809861029
14	1	102.0	14.823286348111873
14	1	102.99999237060547	15.263391294828937
14	1	103.99999237060547	15.514552718535938
14	1	104.99999237060547	15.862270818992117
14	1	105.99999237060547	15.783788530334085
14	1	106.99999237060547	14.854090501268631
14	1	108.0	13.405807798149018
14	1	108.99999237060547	13.212707251255356
14	1	109.99999237060547	12.085809708020586
14	1	110.99999237060547	11.876872513762603
14	1	111.99999237060547	11.267559875642227
14	1	112.99999237060547	9.902099192624544
14	1	114.0	9.066513486359048
14	1	115.0	10.05152836373879
14	1	115.99999237060547	9.214786647956268
14	1	117.0	9.97372226380859
14	1	117.99999237060547	10.36925595732309
14	1	118.99999237060547	10.030137918805602
14	1	120.0	10.501330471529979
14	1	120.99999237060547	11.37140436423581
14	1	122.0	12.002267956734867
14	1	122.99999237060547	12.695410921633393
14	1	123.99998474121094	14.03229750825833
14	1	124.99999237060547	14.212883441045234
14	1	125.99999237060547	15.486706037289796
14	1	127.0	16.553363019592346
14	1	127.99999237060547	17.13544881613376
14	1	128.99998474121094	16.40106687657399
14	1	130.0	16.97747678591512
14	1	130.99998474121094	17.324959244844933
14	1	132.0	18.779473641808536
14	1	132.99998474121094	18.41096786061342
14	1	134.0	19.111309844897143
14	1	135.0	17.48047240696237
14	1	135.99998474121094	18.019039653207045
14	1	137.0	17.8327342907639
14	1	137.99998474121094	18.027785710439247
14	1	139.0	16.773301941055927
14	1	139.99998474121094	17.535177099572294
14	1	140.99998474121094	18.739436780441213
14	1	142.0	16.214365363158983
14	1	142.99998474121094	18.15150434197027
14	1	144.0	18.093700451024453
14	1	144.99998474121094	16.421304727084735
14	1	146.0	16.524068338242163
14	1	147.0	16.219127712557775
14	1	147.99998474121094	15.960627250587594
14	1	149.0	17.250740701776284
14	1	149.99998474121094	15.504158878166471
14	1	151.0	16.687943359450987
14	1	151.99998474121094	17.8624575664845
14	1	152.99998474121094	15.246368755869973
14	1	154.0	16.749821458236717
14	1	154.99998474121094	15.901780048246057
14	1	156.0	16.006906904856308
14	1	156.99998474121094	16.25045608273333
14	1	158.0	16.696204473252116
14	1	158.99998474121094	18.531022095654738
14	1	159.99998474121094	16.751108948895265
14	1	161.0	17.79591444849565
14	1	161.99998474121094	18.427196390081374
14	1	163.0	18.01594557751303
14	1	163.99998474121094	17.047890913616072
14	1	164.99998474121094	16.41350294350529
14	1	166.0	16.225220241297425
14	1	166.99998474121094	14.626699843420566
14	1	168.0	13.559671469581895
14	1	168.99998474121094	12.084655406050853
14	1	169.99998474121094	11.464973686996752
14	1	170.99998474121094	9.143316402254902
14	1	171.99998474121094	9.16337666784723
14	1	173.0	9.00060984483124
14	1	173.99998474121094	7.071911699173618
14	1	175.0	5.017379697776381
14	1	175.99998474121094	6.1948983342710555
14	1	176.99998474121094	6.841088871267622
14	1	178.0	4.711219456438322
14	1	178.99998474121094	4.137086988298567
14	2	0.0	4.939512126143651
14	2	0.9999999403953552	3.5955870295790167
14	2	1.9999998807907104	5.191310038103933
14	2	3.0	5.49755736435391
14	2	3.999999761581421	6.385310347952671
14	2	4.999999523162842	7.969895025488588
14	2	6.0	9.774198777774178
14	2	6.999999523162842	8.966039696120866
14	2	7.999999523162842	10.886936485085865
14	2	9.0	10.969013160794617
14	2	9.999999046325684	11.156600891254431
14	2	10.999999046325684	13.043962305168314
14	2	12.0	12.57428349311874
14	2	12.999999046325684	12.783178852468057
14	2	13.999999046325684	13.089552110330857
14	2	15.0	12.287284066836682
14	2	15.999999046325684	12.37617641756346
14	2	16.999998092651367	12.498478638615355
14	2	18.0	12.482901538439494
14	2	18.999998092651367	13.426785870411067
14	2	19.999998092651367	13.05003348956681
14	2	21.0	12.42237923220401
14	2	21.999998092651367	12.49593097805494
14	2	22.999998092651367	11.925989257857811
14	2	24.0	10.77193232116213
14	2	24.999998092651367	12.146997957700144
14	2	25.999998092651367	10.435735042288469
14	2	27.0	12.233046388411257
14	2	27.999998092651367	11.753707127554348
14	2	28.999998092651367	11.345995206749715
14	2	30.0	11.985826837629
14	2	30.999996185302734	12.35877907197379
14	2	31.999998092651367	13.249960810535898
14	2	33.0	14.136938567663863
14	2	33.999996185302734	14.509954835032122
14	2	34.999996185302734	14.948056828775082
14	2	36.0	15.471380800339581
14	2	36.999996185302734	15.415509852928876
14	2	37.999996185302734	15.292390570497519
14	2	39.0	14.72491113349618
14	2	39.999996185302734	15.362505877422285
14	2	40.999996185302734	14.701439188413431
14	2	42.0	14.906536108810574
14	2	42.999996185302734	16.45976722984837
14	2	43.999996185302734	15.786701606015097
14	2	45.0	16.149978877400564
14	2	45.999996185302734	16.70109659624514
14	2	46.999996185302734	16.40581044295256
14	2	48.0	16.184406445912014
14	2	48.999996185302734	16.538758367599566
14	2	49.999996185302734	17.142328524175255
14	2	51.0	16.28571010413435
14	2	51.999996185302734	17.414547421093406
14	2	52.999996185302734	16.686500481988823
14	2	54.0	17.779301720886888
14	2	54.999996185302734	17.758201558993427
14	2	55.999996185302734	17.97518300854639
14	2	57.0	18.926338076889444
14	2	57.999996185302734	18.96995224983456
14	2	58.999996185302734	19.20577306866571
14	2	60.0	22.437280706518607
14	2	61.0	20.477129112846253
14	2	61.99999237060547	20.74859498140841
14	2	62.999996185302734	20.36300860464639
14	2	63.999996185302734	21.697996398682058
14	2	65.0	20.96107021365646
14	2	66.0	21.440373616020224
14	2	67.0	20.85814780060083
14	2	67.99999237060547	20.790750908965727
14	2	68.99999237060547	21.060591192505424
14	2	69.99999237060547	20.501212359859718
14	2	71.0	20.33538390454827
14	2	72.0	19.68257320669867
14	2	73.0	19.512047288785546
14	2	73.99999237060547	19.400913280800268
14	2	74.99999237060547	17.570916064404386
14	2	75.99999237060547	18.180693155388322
14	2	77.0	15.942713371941943
14	2	78.0	16.15426652865204
14	2	79.0	15.72844179994218
14	2	79.99999237060547	13.993187845070835
14	2	80.99999237060547	13.790204868221812
14	2	81.99999237060547	13.281072322205306
14	2	83.0	12.730240617532226
14	2	84.0	11.875094957031106
14	2	84.99999237060547	10.984043845836876
14	2	85.99999237060547	10.234246169320386
14	2	86.99999237060547	10.465791289731111
14	2	87.99999237060547	9.38096941933091
14	2	89.0	9.864703053145076
14	2	90.0	10.597890563373742
14	2	90.99999237060547	8.94427102946239
14	2	91.99999237060547	8.479950500816692
14	2	92.99999237060547	8.683947760757462
14	2	93.99999237060547	8.521810168918762
14	2	95.0	8.964365446000567
14	2	96.0	8.420205982372945
14	2	96.99999237060547	10.149001993384042
14	2	97.99999237060547	10.45401348228107
14	2	98.99999237060547	10.874116220013752
14	2	99.99999237060547	11.209919055462844
14	2	100.99999237060547	13.121543008855904
14	2	102.0	14.060625717840956
14	2	102.99999237060547	14.280720879881802
14	2	103.99999237060547	14.622912503525793
14	2	104.99999237060547	15.786341313536377
14	2	105.99999237060547	14.043048226011928
14	2	106.99999237060547	14.630265202167312
14	2	108.0	13.440577729892613
14	2	108.99999237060547	12.676908792945476
14	2	109.99999237060547	12.385390342753807
14	2	110.99999237060547	10.785830048575813
14	2	111.99999237060547	10.31537430250815
14	2	112.99999237060547	9.879799478758098
14	2	114.0	9.41518952084632
14	2	115.0	9.248848801347123
14	2	115.99999237060547	9.498659555145753
14	2	117.0	8.804101887315388
14	2	117.99999237060547	9.201993703640834
14	2	118.99999237060547	10.357589994220707
14	2	120.0	10.441088203050468
14	2	120.99999237060547	12.204629386369419
14	2	122.0	12.351839599777058
14	2	122.99999237060547	13.134471703181092
14	2	123.99998474121094	13.650152693064346
14	2	124.99999237060547	14.704560584864126
14	2	125.99999237060547	14.590636444602898
14	2	127.0	16.217626778487663
14	2	127.99999237060547	15.538183465516891
14	2	128.99998474121094	16.816035019598115
14	2	130.0	17.47841993511678
14	2	130.99998474121094	16.04150864319159
14	2	132.0	16.526252291229273
14	2	132.99998474121094	16.306176765982293
14	2	134.0	18.021312398653365
14	2	135.0	18.146841030314445
14	2	135.99998474121094	16.236249289259703
14	2	137.0	17.12527695691232
14	2	137.99998474121094	16.46422905092368
14	2	139.0	16.094287222455574
14	2	139.99998474121094	16.858884211356187
14	2	140.99998474121094	16.832161096228514
14	2	142.0	17.338677679792905
14	2	142.99998474121094	17.109652899185914
14	2	144.0	16.406341490160532
14	2	144.99998474121094	15.735966960860242
14	2	146.0	16.4433150116851
14	2	147.0	15.571055458444869
14	2	147.99998474121094	15.531974823561349
14	2	149.0	13.779244122151233
14	2	149.99998474121094	13.865057765109627
14	2	151.0	14.268297619555195
14	2	151.99998474121094	14.1509609460299
14	2	152.99998474121094	14.137825638482319
14	2	154.0	15.35783061293541
14	2	154.99998474121094	15.738232876117394
14	2	156.0	15.158202966516155
14	2	156.99998474121094	13.853975783181282
14	2	158.0	15.594141497839512
14	2	158.99998474121094	14.642281212464658
14	2	159.99998474121094	14.914418147112768
14	2	161.0	16.02104368889094
14	2	161.99998474121094	14.575082396315487
14	2	163.0	15.182829213568636
14	2	163.99998474121094	13.574829366897445
14	2	164.99998474121094	13.428648804507187
14	2	166.0	12.14541591513364
14	2	166.99998474121094	10.846427486892166
14	2	168.0	10.315522005348953
14	2	168.99998474121094	10.779932180227506
14	2	169.99998474121094	9.147987397873544
14	2	170.99998474121094	7.507703808316642
14	2	171.99998474121094	7.766625180694424
14	2	173.0	8.620801808107048
14	2	173.99998474121094	5.386981297446458
14	2	175.0	5.6651480084712205
14	2	175.99998474121094	6.202023929122672
14	2	176.99998474121094	5.010196900090467
14	2	178.0	5.029088349561076
14	2	178.99998474121094	5.317009851381085
16	1	0.0	12.529106914400984
16	1	0.9999999403953552	13.001230934173421
16	1	1.9999998807907104	12.56446680373414
16	1	3.0	13.26651462776307
16	1	3.999999761581421	13.683212516194502
16	1	4.999999523162842	14.062187269839951
16	1	6.0	14.836661566054051
16	1	6.999999523162842	15.568297769567476
16	1	7.999999523162842	15.406447899447562
16	1	9.0	15.008987238813472
16	1	9.999999046325684	14.366025673747028
16	1	10.999999046325684	16.971975068538676
16	1	12.0	15.829603731739239
16	1	12.999999046325684	16.436348218731688
16	1	13.999999046325684	17.02120194943425
16	1	15.0	17.211938397101438
16	1	15.999999046325684	16.80072515057353
16	1	16.999998092651367	16.87800703348493
16	1	18.0	17.35094128444766
16	1	18.999998092651367	16.43066720888953
16	1	19.999998092651367	17.32034715960788
16	1	21.0	18.21256794069748
16	1	21.999998092651367	17.19817215082928
16	1	22.999998092651367	15.785634388957282
16	1	24.0	16.017387830137693
16	1	24.999998092651367	15.385887322498531
16	1	25.999998092651367	17.261385551597748
16	1	27.0	17.840896366822065
16	1	27.999998092651367	16.832176464154145
16	1	28.999998092651367	16.678157405917652
16	1	30.0	16.77197176171507
16	1	30.999996185302734	17.826879111097906
16	1	31.999998092651367	16.47837095760019
16	1	33.0	17.16149915762819
16	1	33.999996185302734	16.00253046114562
16	1	34.999996185302734	16.08587242939812
16	1	36.0	15.64677493558363
16	1	36.999996185302734	16.39375003642561
16	1	37.999996185302734	15.493416698149334
16	1	39.0	15.659088059109871
16	1	39.999996185302734	14.968610575534942
16	1	40.999996185302734	16.9177143382248
16	1	42.0	15.553039126961668
16	1	42.999996185302734	15.669418720229515
16	1	43.999996185302734	15.333397318726982
16	1	45.0	14.657734515461811
16	1	45.999996185302734	15.427898108535986
16	1	46.999996185302734	16.246400657913636
16	1	48.0	14.390779986846448
16	1	48.999996185302734	16.393157517515114
16	1	49.999996185302734	16.84648912555991
16	1	51.0	17.197072490372907
16	1	51.999996185302734	17.297577016462352
16	1	52.999996185302734	17.829162101827983
16	1	54.0	16.48935902442745
16	1	54.999996185302734	16.791251678194723
16	1	55.999996185302734	16.29806933143749
16	1	57.0	16.828621350691154
16	1	57.999996185302734	16.027115727063084
16	1	58.999996185302734	16.760240911815572
16	1	60.0	17.90226561651463
16	1	61.0	17.12413802286822
16	1	61.99999237060547	17.422216015984038
16	1	62.999996185302734	16.06444100332991
16	1	63.999996185302734	17.273526212847443
16	1	65.0	17.119321031956066
16	1	66.0	15.62946894377411
16	1	67.0	17.304960450955136
16	1	67.99999237060547	16.72720328680022
16	1	68.99999237060547	15.705558958675345
16	1	69.99999237060547	18.07673255357885
16	1	71.0	16.410552301783845
16	1	72.0	17.373837786092835
16	1	73.0	16.779293724505322
16	1	73.99999237060547	16.18985522932239
16	1	74.99999237060547	17.64741589065582
16	1	75.99999237060547	17.292672940638283
16	1	77.0	17.77104060708576
16	1	78.0	17.175461771838986
16	1	79.0	16.989622569806695
16	1	79.99999237060547	17.694310261949834
16	1	80.99999237060547	17.716308593719155
16	1	81.99999237060547	17.19395792411138
16	1	83.0	16.127627083341697
16	1	84.0	17.5735098287417
16	1	84.99999237060547	16.78755313075916
16	1	85.99999237060547	15.826103259789608
16	1	86.99999237060547	16.157953123256554
16	1	87.99999237060547	16.10709553469664
16	1	89.0	16.206794098464023
16	1	90.0	16.228263090572664
16	1	90.99999237060547	15.504647236692128
16	1	91.99999237060547	16.408511782769303
16	1	92.99999237060547	15.9139787661037
16	1	93.99999237060547	16.552475095000247
16	1	95.0	17.3671732290102
16	1	96.0	16.507110686080313
16	1	96.99999237060547	16.866431570389054
16	1	97.99999237060547	16.42462932166324
16	1	98.99999237060547	17.736466189507155
16	1	99.99999237060547	16.738549938558904
16	1	100.99999237060547	17.33928727417633
16	1	102.0	15.85493861091811
16	1	102.99999237060547	16.803469179072582
16	1	103.99999237060547	15.493336443426585
16	1	104.99999237060547	16.905956167568622
16	1	105.99999237060547	16.49850123263151
16	1	106.99999237060547	14.489411333556017
16	1	108.0	15.102627424787054
16	1	108.99999237060547	15.444746477671115
16	1	109.99999237060547	15.330801846842379
16	1	110.99999237060547	13.915149518708855
16	1	111.99999237060547	15.006215889557739
16	1	112.99999237060547	14.615645182248901
16	1	114.0	13.864113491456873
16	1	115.0	14.026062399319754
16	1	115.99999237060547	13.500244554934554
16	1	117.0	14.495235777370745
16	1	117.99999237060547	14.743111880086971
16	1	118.99999237060547	15.37738715207645
16	1	120.0	15.903120472870672
16	1	120.99999237060547	15.899730991495053
16	1	122.0	16.837922360793417
16	1	122.99999237060547	18.19570591118401
16	1	123.99998474121094	16.511483714696414
16	1	124.99999237060547	16.55812536899114
16	1	125.99999237060547	16.07330146623071
16	1	127.0	17.665452712706532
16	1	127.99999237060547	16.87272558970922
16	1	128.99998474121094	15.96496271316326
16	1	130.0	16.3887879039936
16	1	130.99998474121094	18.438630126751974
16	1	132.0	17.028428289576123
16	1	132.99998474121094	18.11101668811773
16	1	134.0	16.373636836867217
16	1	135.0	17.10029895511758
16	1	135.99998474121094	16.60537149502741
16	1	137.0	17.367492540353894
16	1	137.99998474121094	16.95474079371544
16	1	139.0	16.981195823918192
16	1	139.99998474121094	16.09484217532564
16	1	140.99998474121094	17.639084767415696
16	1	142.0	16.94533562322833
16	1	142.99998474121094	18.443850098825155
16	1	144.0	18.919470321678993
16	1	144.99998474121094	18.841481514188498
16	1	146.0	18.658966906734708
16	1	147.0	17.553413704656226
16	1	147.99998474121094	17.62623547403961
16	1	149.0	18.439381447560677
16	1	149.99998474121094	15.338028186984252
16	1	151.0	17.9872075565802
16	1	151.99998474121094	16.149220726402692
16	1	152.99998474121094	14.007923978205138
16	1	154.0	15.28761626826768
16	1	154.99998474121094	15.226603895959249
16	1	156.0	14.538407695567104
16	1	156.99998474121094	14.379040599210489
16	1	158.0	14.060150165919994
16	1	158.99998474121094	14.000736057877345
16	1	159.99998474121094	13.424260407965454
16	1	161.0	14.355208361649021
16	1	161.99998474121094	13.190547556266896
16	1	163.0	13.036851224468684
16	1	163.99998474121094	13.502787946626736
16	1	164.99998474121094	13.645676357837049
16	1	166.0	14.15792603143602
16	1	166.99998474121094	12.744624142150627
16	1	168.0	14.271841633960785
16	1	168.99998474121094	13.440829593118258
16	1	169.99998474121094	13.849954509307437
16	1	170.99998474121094	13.04703589029482
16	1	171.99998474121094	13.089863737711738
16	1	173.0	13.861849283747015
16	1	173.99998474121094	12.56436861976482
16	1	175.0	11.581310591582287
16	1	175.99998474121094	12.704279068497009
16	1	176.99998474121094	10.941366262581697
16	1	178.0	12.34657096260604
16	1	178.99998474121094	11.90018309562621
16	2	0.0	11.906465162115328
16	2	0.9999999403953552	12.251590352007842
16	2	1.9999998807907104	13.037096257505159
16	2	3.0	12.04620400234462
16	2	3.999999761581421	12.879430732025522
16	2	4.999999523162842	12.9489057087156
16	2	6.0	14.494728635824872
16	2	6.999999523162842	15.527063917548109
16	2	7.999999523162842	14.076096950084683
16	2	9.0	15.728887469785523
16	2	9.999999046325684	15.39777697429623
16	2	10.999999046325684	17.8029188074895
16	2	12.0	17.91256041914113
16	2	12.999999046325684	18.556123040854533
16	2	13.999999046325684	17.77028416363518
16	2	15.0	19.729073134568118
16	2	15.999999046325684	19.136118799509923
16	2	16.999998092651367	19.037919462265357
16	2	18.0	18.348669705193736
16	2	18.999998092651367	18.383309009569455
16	2	19.999998092651367	20.116343152960546
16	2	21.0	17.94430713840335
16	2	21.999998092651367	19.112291684590332
16	2	22.999998092651367	18.250022990558534
16	2	24.0	18.433275258442684
16	2	24.999998092651367	19.68749948063754
16	2	25.999998092651367	18.96187725868831
16	2	27.0	18.050562683773947
16	2	27.999998092651367	17.853120697889093
16	2	28.999998092651367	17.978126820078668
16	2	30.0	18.423200729416916
16	2	30.999996185302734	15.954836957718715
16	2	31.999998092651367	18.592169364199275
16	2	33.0	17.917638664789035
16	2	33.999996185302734	16.43034618999854
16	2	34.999996185302734	15.315401477811292
16	2	36.0	16.33971470235435
16	2	36.999996185302734	15.8113227304257
16	2	37.999996185302734	15.14248328614137
16	2	39.0	13.718315419660135
16	2	39.999996185302734	14.642684193625689
16	2	40.999996185302734	14.858110067595183
16	2	42.0	14.703595820643862
16	2	42.999996185302734	14.667458997292616
16	2	43.999996185302734	15.56875026959999
16	2	45.0	15.0814572534546
16	2	45.999996185302734	15.356037688278283
16	2	46.999996185302734	14.434196084305634
16	2	48.0	14.795518214041186
16	2	48.999996185302734	14.21666565829813
16	2	49.999996185302734	15.16828091063651
16	2	51.0	16.057993304753417
16	2	51.999996185302734	16.457450088172443
16	2	52.999996185302734	15.142654040870621
16	2	54.0	17.464030434082854
16	2	54.999996185302734	17.333385990733436
16	2	55.999996185302734	15.775302020290345
16	2	57.0	16.7892521403152
16	2	57.999996185302734	16.332802550914295
16	2	58.999996185302734	16.787206498658783
16	2	60.0	17.55821020500087
16	2	61.0	17.06142834855104
16	2	61.99999237060547	18.114766461972064
16	2	62.999996185302734	17.78531911754567
16	2	63.999996185302734	17.867696321577903
16	2	65.0	17.686950733119147
16	2	66.0	17.356750360336758
16	2	67.0	18.550734021599393
16	2	67.99999237060547	16.603527343951505
16	2	68.99999237060547	16.94018907568873
16	2	69.99999237060547	17.594319707595435
16	2	71.0	17.572927555114955
16	2	72.0	18.093024262296623
16	2	73.0	17.732067547681666
16	2	73.99999237060547	18.153281898701767
16	2	74.99999237060547	17.448203178228642
16	2	75.99999237060547	17.693813365687717
16	2	77.0	18.730241638271085
16	2	78.0	16.925024348184007
16	2	79.0	16.744148986131023
16	2	79.99999237060547	17.696183441329712
16	2	80.99999237060547	17.16806296942057
16	2	81.99999237060547	16.395715423359285
16	2	83.0	16.01344339589201
16	2	84.0	16.027568227095596
16	2	84.99999237060547	16.188868266987324
16	2	85.99999237060547	15.793813540488372
16	2	86.99999237060547	16.030080029162868
16	2	87.99999237060547	16.00634341424978
16	2	89.0	16.18494261576186
16	2	90.0	15.977485865006477
16	2	90.99999237060547	14.927870204683108
16	2	91.99999237060547	15.07774675318799
16	2	92.99999237060547	16.81266944388459
16	2	93.99999237060547	15.813559617378878
16	2	95.0	16.866786740225894
16	2	96.0	16.1234811585155
16	2	96.99999237060547	16.641378544784423
16	2	97.99999237060547	17.303700281053267
16	2	98.99999237060547	15.875306235023087
16	2	99.99999237060547	16.434852407303456
16	2	100.99999237060547	17.85293286768692
16	2	102.0	17.03429200697858
16	2	102.99999237060547	16.27570899964216
16	2	103.99999237060547	16.983661522208568
16	2	104.99999237060547	16.150381858561595
16	2	105.99999237060547	15.729903460424563
16	2	106.99999237060547	15.830124533663453
16	2	108.0	14.0259949512017
16	2	108.99999237060547	15.249677982522844
16	2	109.99999237060547	15.23266910394222
16	2	110.99999237060547	13.520163094101603
16	2	111.99999237060547	15.054317496787554
16	2	112.99999237060547	13.356410162524194
16	2	114.0	13.79347140619237
16	2	115.0	14.716918104619971
16	2	115.99999237060547	13.652597047013565
16	2	117.0	13.679867431048487
16	2	117.99999237060547	14.89825962708381
16	2	118.99999237060547	16.160640802694953
16	2	120.0	14.407688120136815
16	2	120.99999237060547	15.745930499311998
16	2	122.0	16.77391836562852
16	2	122.99999237060547	16.350245146507216
16	2	123.99998474121094	17.236848097004476
16	2	124.99999237060547	17.71494767852703
16	2	125.99999237060547	17.695601167702968
16	2	127.0	18.67959578557544
16	2	127.99999237060547	18.101131696841428
16	2	128.99998474121094	18.46865563834335
16	2	130.0	17.83042739437173
16	2	130.99998474121094	16.809209953069978
16	2	132.0	17.700679413350873
16	2	132.99998474121094	18.686251804921618
16	2	134.0	18.30568903229414
16	2	135.0	17.51966232487261
16	2	135.99998474121094	18.62945878197296
16	2	137.0	18.39793073703516
16	2	137.99998474121094	18.49857528200259
16	2	139.0	18.154029804415885
16	2	139.99998474121094	20.05287703519279
16	2	140.99998474121094	18.943925814002224
16	2	142.0	19.574634019697665
16	2	142.99998474121094	19.732061342329995
16	2	144.0	20.59973613108986
16	2	144.99998474121094	19.184298953915192
16	2	146.0	18.2804378229326
16	2	147.0	19.461594388933953
16	2	147.99998474121094	18.850984014871276
16	2	149.0	17.012954496011456
16	2	149.99998474121094	18.09391560198331
16	2	151.0	17.63558771056065
16	2	151.99998474121094	16.841451861047023
16	2	152.99998474121094	16.91323202658198
16	2	154.0	16.764685657417957
16	2	154.99998474121094	16.177087898216346
16	2	156.0	15.264282634515624
16	2	156.99998474121094	14.386734807310509
16	2	158.0	15.204525309467183
16	2	158.99998474121094	14.62367406961825
16	2	159.99998474121094	14.369090721137072
16	2	161.0	14.593223378751041
16	2	161.99998474121094	14.538272799330995
16	2	163.0	14.375804797091195
16	2	163.99998474121094	13.034295879945454
16	2	164.99998474121094	14.90747525982145
16	2	166.0	14.098061984681797
16	2	166.99998474121094	14.953295583868481
16	2	168.0	14.211373115465015
16	2	168.99998474121094	15.004492974339604
16	2	169.99998474121094	13.793595203371076
16	2	170.99998474121094	13.789894948388222
16	2	171.99998474121094	12.496989657376291
16	2	173.0	12.868713311444127
16	2	173.99998474121094	12.745298623331166
16	2	175.0	13.345796048553993
16	2	175.99998474121094	12.57043638906873
16	2	176.99998474121094	11.699773392546987
16	2	178.0	12.446788620750343
16	2	178.99998474121094	12.033656944839306
13	1	0.0	3.5245093063115136
13	1	0.9999999403953552	3.6717077803315163
13	1	1.9999998807907104	3.847837014684989
13	1	3.0	3.840569266521272
13	1	3.999999761581421	4.006456632214311
13	1	4.999999523162842	4.056212425883738
13	1	6.0	4.439824877975626
13	1	6.999999523162842	4.835458889893561
13	1	7.999999523162842	4.9750910084170705
13	1	9.0	4.853803497343746
13	1	9.999999046325684	5.495381522216438
13	1	10.999999046325684	5.380720575298495
13	1	12.0	5.171195130998245
13	1	12.999999046325684	5.426776967758714
13	1	13.999999046325684	5.832326706804214
13	1	15.0	5.517290634639723
13	1	15.999999046325684	5.382422999949121
13	1	16.999998092651367	5.169742862025971
13	1	18.0	5.299722642591783
13	1	18.999998092651367	6.288363923533979
13	1	19.999998092651367	6.083229863983225
13	1	21.0	5.716636962642538
13	1	21.999998092651367	6.348912269865673
13	1	22.999998092651367	7.0719539609691076
13	1	24.0	8.333160344043009
13	1	24.999998092651367	8.287059128466362
13	1	25.999998092651367	9.384990693204756
13	1	27.0	9.791372434668528
13	1	27.999998092651367	11.082356734976393
13	1	28.999998092651367	11.274016965728828
13	1	30.0	12.064522569698594
13	1	30.999996185302734	13.874274251620914
13	1	31.999998092651367	14.226397824091752
13	1	33.0	14.01981789887107
13	1	33.999996185302734	14.419850979501314
13	1	34.999996185302734	14.939100743225902
13	1	36.0	13.774537268039449
13	1	36.999996185302734	14.566527584380045
13	1	37.999996185302734	14.873880974388742
13	1	39.0	15.035592533177963
13	1	39.999996185302734	15.623857943370945
13	1	40.999996185302734	12.15507551016733
13	1	42.0	14.32379461410884
13	1	42.999996185302734	13.720523278309342
13	1	43.999996185302734	13.981112070618254
13	1	45.0	14.245392580173556
13	1	45.999996185302734	15.09984753779486
13	1	46.999996185302734	14.392673656793834
13	1	48.0	13.40105142516575
13	1	48.999996185302734	15.893839953335917
13	1	49.999996185302734	15.338683885144572
13	1	51.0	14.516250561899582
13	1	51.999996185302734	15.7116736855298
13	1	52.999996185302734	14.668447667174977
13	1	54.0	15.692637948312973
13	1	54.999996185302734	14.129276802962401
13	1	55.999996185302734	15.707633628635737
13	1	57.0	14.750507267410802
13	1	57.999996185302734	14.915540005683942
13	1	58.999996185302734	14.277539719275868
13	1	60.0	14.037099985018495
13	1	61.0	14.504668268614534
13	1	61.99999237060547	13.472232241601038
13	1	62.999996185302734	13.393419542541908
13	1	63.999996185302734	12.516182488944027
13	1	65.0	13.405547397186911
13	1	66.0	12.82227912414544
13	1	67.0	14.631503173954377
13	1	67.99999237060547	12.340044716854091
13	1	68.99999237060547	13.622841327894404
13	1	69.99999237060547	12.57601494607334
13	1	71.0	12.801716839649117
13	1	72.0	11.928838300515352
13	1	73.0	11.240147765182028
13	1	73.99999237060547	8.703473564047236
13	1	74.99999237060547	8.375726082950528
13	1	75.99999237060547	8.027961878717452
13	1	77.0	7.473760329462618
13	1	78.0	7.538300494477361
13	1	79.0	7.148538310811522
13	1	79.99999237060547	5.9793597621802554
13	1	80.99999237060547	5.674895969077298
13	1	81.99999237060547	4.897614892001147
13	1	83.0	4.85733982778652
13	1	84.0	4.568853127812691
13	1	84.99999237060547	3.9215347558294265
13	1	85.99999237060547	3.618592814250912
13	1	86.99999237060547	3.1145472650621855
13	1	87.99999237060547	2.974766589924228
13	1	89.0	3.365726191128935
13	1	90.0	3.0306742496017214
13	1	90.99999237060547	3.269506968413438
13	1	91.99999237060547	3.0622442377191663
13	1	92.99999237060547	3.19606045016441
13	1	93.99999237060547	3.5358469934469117
13	1	95.0	3.5664001371516716
13	1	96.0	4.0717634859633876
13	1	96.99999237060547	4.793651728870736
13	1	97.99999237060547	4.994857148988264
13	1	98.99999237060547	5.578500228660439
13	1	99.99999237060547	6.783731930825617
13	1	100.99999237060547	7.129920922681359
13	1	102.0	7.123004075486252
13	1	102.99999237060547	8.408096056974511
13	1	103.99999237060547	8.703573455563848
13	1	104.99999237060547	9.83953380605358
13	1	105.99999237060547	10.346477276441096
13	1	106.99999237060547	11.792620422803203
13	1	108.0	10.572463476641078
13	1	108.99999237060547	11.670284050805458
13	1	109.99999237060547	13.03713894618747
13	1	110.99999237060547	12.971037229173733
13	1	111.99999237060547	13.471716562318703
13	1	112.99999237060547	14.113548584851154
13	1	114.0	14.282904832868914
13	1	115.0	12.741582146649034
13	1	115.99999237060547	13.384391740006443
13	1	117.0	14.90729084471386
13	1	117.99999237060547	14.72432544477485
13	1	118.99999237060547	13.545345147797793
13	1	120.0	12.374821478786858
13	1	120.99999237060547	13.292379700376262
13	1	122.0	13.220480006530831
13	1	122.99999237060547	12.356019675549106
13	1	123.99998474121094	12.794634787253461
13	1	124.99999237060547	11.774079020527557
13	1	125.99999237060547	10.390216100338566
13	1	127.0	9.756476998198933
13	1	127.99999237060547	8.643319234253289
13	1	128.99998474121094	6.126689503898369
13	1	130.0	7.708773478424416
13	1	130.99998474121094	6.727715415008227
13	1	132.0	7.095308085288673
13	1	132.99998474121094	7.0401820553843235
13	1	134.0	5.754678981885394
13	1	135.0	8.180980314240541
13	1	135.99998474121094	8.675215363903602
13	1	137.0	8.663063603596502
13	1	137.99998474121094	8.602385056783756
13	1	139.0	11.37539234093745
13	1	139.99998474121094	10.270627171934459
13	1	140.99998474121094	12.84788550334382
13	1	142.0	15.612091234978305
13	1	142.99998474121094	17.514107673530095
13	1	144.0	17.41489917583566
13	1	144.99998474121094	19.243320326080564
13	1	146.0	21.811399737019073
13	1	147.0	21.645120489222407
13	1	147.99998474121094	19.860815530826613
13	1	149.0	21.173359323249624
13	1	149.99998474121094	19.24929332650974
13	1	151.0	16.256328337872247
13	1	151.99998474121094	14.988600831688277
13	1	152.99998474121094	11.94497376865586
13	1	154.0	10.734870007178348
13	1	154.99998474121094	9.344970053536711
13	1	156.0	8.026973208835093
13	1	156.99998474121094	7.040475753518634
13	1	158.0	7.47579828715622
13	1	158.99998474121094	6.583187331510287
13	1	159.99998474121094	5.8791660096980465
13	1	161.0	6.2872006569409615
13	1	161.99998474121094	5.249872506934445
13	1	163.0	5.604831034797661
13	1	163.99998474121094	5.556994097398184
13	1	164.99998474121094	5.242173176192548
13	1	166.0	5.662805253585906
13	1	166.99998474121094	5.7350438955689
13	1	168.0	5.418024507224166
13	1	168.99998474121094	5.10702336931186
13	1	169.99998474121094	5.325642356718335
13	1	170.99998474121094	5.208429053484924
13	1	171.99998474121094	5.058981953124106
13	1	173.0	4.7303055663002755
13	1	173.99998474121094	4.389398871993892
13	1	175.0	4.45356423037793
13	1	175.99998474121094	4.026149348251927
13	1	176.99998474121094	3.9277502279741383
13	1	178.0	4.0491658050944
13	1	178.99998474121094	3.7911882794825496
13	2	0.0	3.7731181602596346
13	2	0.9999999403953552	3.696182909448611
13	2	1.9999998807907104	3.7781238351476074
13	2	3.0	3.705486053984991
13	2	3.999999761581421	3.936779311170072
13	2	4.999999523162842	4.075038988557232
13	2	6.0	4.175303177365257
13	2	6.999999523162842	4.712135128673927
13	2	7.999999523162842	5.095780877938019
13	2	9.0	4.932319936947628
13	2	9.999999046325684	5.149546419537066
13	2	10.999999046325684	5.300511102554097
13	2	12.0	5.262460972461602
13	2	12.999999046325684	5.418492802069135
13	2	13.999999046325684	5.533579782036557
13	2	15.0	5.585252724428642
13	2	15.999999046325684	4.970676998665949
13	2	16.999998092651367	5.635186529903313
13	2	18.0	5.3733870865640165
13	2	18.999998092651367	5.1830950280797
13	2	19.999998092651367	5.9838309747656755
13	2	21.0	5.942435759527167
13	2	21.999998092651367	6.139461103872647
13	2	22.999998092651367	7.144103810492891
13	2	24.0	6.616995487241381
13	2	24.999998092651367	7.134286267334644
13	2	25.999998092651367	8.339606335072208
13	2	27.0	8.820415794147964
13	2	27.999998092651367	10.68418829598956
13	2	28.999998092651367	11.068806493436734
13	2	30.0	12.768003025905935
13	2	30.999996185302734	11.610577098402146
13	2	31.999998092651367	13.49539341307655
13	2	33.0	13.77376033402136
13	2	33.999996185302734	13.511679145378801
13	2	34.999996185302734	15.687706551732225
13	2	36.0	13.476947633449285
13	2	36.999996185302734	14.887160569682539
13	2	37.999996185302734	15.18107897759382
13	2	39.0	14.254342689307212
13	2	39.999996185302734	14.04935932080502
13	2	40.999996185302734	13.676816897810431
13	2	42.0	14.77051289148977
13	2	42.999996185302734	14.285304790588526
13	2	43.999996185302734	13.84655990528994
13	2	45.0	14.899955221545266
13	2	45.999996185302734	11.959480236679322
13	2	46.999996185302734	13.522446938605325
13	2	48.0	13.896638852284473
13	2	48.999996185302734	13.062308193278968
13	2	49.999996185302734	13.07209500058595
13	2	51.0	14.741744134705677
13	2	51.999996185302734	12.953627930753017
13	2	52.999996185302734	14.593035548548865
13	2	54.0	15.32911820521197
13	2	54.999996185302734	15.594276394075619
13	2	55.999996185302734	14.664762780117755
13	2	57.0	14.191902807462247
13	2	57.999996185302734	13.464812094841466
13	2	58.999996185302734	13.440288300626534
13	2	60.0	13.619861657868986
13	2	61.0	12.988163074743895
13	2	61.99999237060547	12.89973944574891
13	2	62.999996185302734	12.247018394132164
13	2	63.999996185302734	13.117902518028286
13	2	65.0	12.180554677092417
13	2	66.0	12.546917486435438
13	2	67.0	13.138021694002205
13	2	67.99999237060547	13.872465959038152
13	2	68.99999237060547	12.776124974602727
13	2	69.99999237060547	11.82068908519737
13	2	71.0	12.114834596898554
13	2	72.0	12.64430232362148
13	2	73.0	10.096241343366632
13	2	73.99999237060547	8.729665631966943
13	2	74.99999237060547	9.476284709198438
13	2	75.99999237060547	8.336577146175308
13	2	77.0	7.702073062848633
13	2	78.0	6.85349036036625
13	2	79.0	6.868421580778721
13	2	79.99999237060547	6.226330864831454
13	2	80.99999237060547	5.489485361415424
13	2	81.99999237060547	5.335381352701127
13	2	83.0	4.748407702034926
13	2	84.0	4.2508322629809046
13	2	84.99999237060547	3.590661182526968
13	2	85.99999237060547	3.451819444956476
13	2	86.99999237060547	3.242774034888831
13	2	87.99999237060547	3.0302687071197516
13	2	89.0	3.1740700158013193
13	2	90.0	2.970945099083606
13	2	90.99999237060547	3.261802728473075
13	2	91.99999237060547	3.0562458375240142
13	2	92.99999237060547	3.1547683280936862
13	2	93.99999237060547	4.109071259870467
13	2	95.0	3.7231233099692567
13	2	96.0	4.378504293380899
13	2	96.99999237060547	4.422261046524939
13	2	97.99999237060547	5.360279953546763
13	2	98.99999237060547	5.412304223794281
13	2	99.99999237060547	5.982886701112921
13	2	100.99999237060547	7.12204784900245
13	2	102.0	8.208020179390974
13	2	102.99999237060547	8.45909195686512
13	2	103.99999237060547	9.448725749671084
13	2	104.99999237060547	10.97724610006542
13	2	105.99999237060547	10.518157496323951
13	2	106.99999237060547	11.331396531172459
13	2	108.0	11.207436281699543
13	2	108.99999237060547	12.2594809280465
13	2	109.99999237060547	12.208285245122669
13	2	110.99999237060547	12.364559973332561
13	2	111.99999237060547	13.32556417445877
13	2	112.99999237060547	13.186011456884362
13	2	114.0	13.192629056416457
13	2	115.0	13.332013580582554
13	2	115.99999237060547	13.100911568694233
13	2	117.0	12.603788202785903
13	2	117.99999237060547	13.996386081149694
13	2	118.99999237060547	13.055302126737827
13	2	120.0	12.148883089911068
13	2	120.99999237060547	13.164274379850795
13	2	122.0	11.17227190653138
13	2	122.99999237060547	12.12917372528735
13	2	123.99998474121094	11.405895111997081
13	2	124.99999237060547	10.378465613645204
13	2	125.99999237060547	9.698884843117385
13	2	127.0	9.731220666195519
13	2	127.99999237060547	7.954115580958566
13	2	128.99998474121094	8.329565103218643
13	2	130.0	7.111520819944168
13	2	130.99998474121094	7.2837914243034065
13	2	132.0	6.162435725806454
13	2	132.99998474121094	6.474129701032694
13	2	134.0	5.678560792453833
13	2	135.0	7.642216700057227
13	2	135.99998474121094	7.25913444139966
13	2	137.0	10.170126914713245
13	2	137.99998474121094	9.080763822288633
13	2	139.0	12.100539010965717
13	2	139.99998474121094	11.568357137821359
13	2	140.99998474121094	11.903808218528194
13	2	142.0	14.973832255155417
13	2	142.99998474121094	16.775687384623556
13	2	144.0	16.766768865114813
13	2	144.99998474121094	18.478243516390755
13	2	146.0	18.998591233024424
13	2	147.0	20.739799405304726
13	2	147.99998474121094	17.75548143615647
13	2	149.0	18.264929878422087
13	2	149.99998474121094	17.169772224260367
13	2	151.0	15.4509909781198
13	2	151.99998474121094	13.490986233514601
13	2	152.99998474121094	11.52722573863954
13	2	154.0	10.249597019479989
13	2	154.99998474121094	9.873807695308704
13	2	156.0	7.216451735502605
13	2	156.99998474121094	7.4413801101548795
13	2	158.0	7.151220867608044
13	2	158.99998474121094	7.5104811339878985
13	2	159.99998474121094	6.268955514120565
13	2	161.0	5.862829050977022
13	2	161.99998474121094	5.372015926088137
13	2	163.0	5.327585972424027
13	2	163.99998474121094	5.5554065053029795
13	2	164.99998474121094	5.207293107648586
13	2	166.0	5.268781458764802
13	2	166.99998474121094	5.6080147567245335
13	2	168.0	5.708364322897183
13	2	168.99998474121094	5.212104122145213
13	2	169.99998474121094	5.3089451055185926
13	2	170.99998474121094	5.065185472437769
13	2	171.99998474121094	5.133137743829757
13	2	173.0	4.741781137879544
13	2	173.99998474121094	4.440303844991174
13	2	175.0	4.682073331702584
13	2	175.99998474121094	4.056809213662468
13	2	176.99998474121094	3.8174443804257248
13	2	178.0	3.928717980402164
13	2	178.99998474121094	3.7523731682030133
26	1	0.0	17.86946192547835
26	1	0.9999999403953552	16.19062533315131
26	1	1.9999998807907104	16.492709232215343
26	1	3.0	15.142988720139952
26	1	3.999999761581421	15.25138723736264
26	1	4.999999523162842	15.132518040142322
26	1	6.0	14.878730408699452
26	1	6.999999523162842	14.353036361492958
26	1	7.999999523162842	13.722190698240471
26	1	9.0	13.667595288657267
26	1	9.999999046325684	12.588678116794542
26	1	10.999999046325684	12.445496861223566
26	1	12.0	11.244245878684035
26	1	12.999999046325684	11.928734993904156
26	1	13.999999046325684	10.019201932170766
26	1	15.0	9.93062803901404
26	1	15.999999046325684	9.90780325435515
26	1	16.999998092651367	10.134741412170701
26	1	18.0	8.773747672870206
26	1	18.999998092651367	8.352528199208226
26	1	19.999998092651367	8.970839611560093
26	1	21.0	9.165675026502939
26	1	21.999998092651367	10.260901836330007
26	1	22.999998092651367	9.553553785505146
26	1	24.0	10.486185380819123
26	1	24.999998092651367	11.253973775609426
26	1	25.999998092651367	11.8165252311246
26	1	27.0	12.4453978234806
26	1	27.999998092651367	12.347132745665272
26	1	28.999998092651367	14.273481733135235
26	1	30.0	14.171698254123704
26	1	30.999996185302734	15.665170342565768
26	1	31.999998092651367	15.601987677648564
26	1	33.0	16.00178597052609
26	1	33.999996185302734	16.713628285824818
26	1	34.999996185302734	16.36618339293544
26	1	36.0	17.12181405100312
26	1	36.999996185302734	16.912026498193473
26	1	37.999996185302734	16.20661480599831
26	1	39.0	15.933888767534286
26	1	39.999996185302734	17.2138149915759
26	1	40.999996185302734	17.849227490062187
26	1	42.0	16.853665946830297
26	1	42.999996185302734	16.476161391403693
26	1	43.999996185302734	17.74638191663472
26	1	45.0	17.581752159522612
26	1	45.999996185302734	16.996017334417118
26	1	46.999996185302734	18.429084937386882
26	1	48.0	17.844477093494444
26	1	48.999996185302734	17.22893703039831
26	1	49.999996185302734	17.121868692516482
26	1	51.0	17.83813697039738
26	1	51.999996185302734	17.892657247899713
26	1	52.999996185302734	17.023022194848057
26	1	54.0	17.70690000813746
26	1	54.999996185302734	18.142529473400874
26	1	55.999996185302734	17.40049089178152
26	1	57.0	18.834132230641565
26	1	57.999996185302734	18.03405753164461
26	1	58.999996185302734	18.4591463074714
26	1	60.0	20.418695136949502
26	1	61.0	18.660389293629365
26	1	61.99999237060547	20.685203995721523
26	1	62.999996185302734	20.960289864543785
26	1	63.999996185302734	22.651120269053365
26	1	65.0	22.231406852103376
26	1	66.0	23.009083653264565
26	1	67.0	24.711175332168203
26	1	67.99999237060547	23.17857479751843
26	1	68.99999237060547	24.986136550038115
26	1	69.99999237060547	27.113460438741118
26	1	71.0	27.4059206012646
26	1	72.0	29.139605320174134
26	1	73.0	30.49808213476548
26	1	73.99999237060547	29.811446632598685
26	1	74.99999237060547	31.784992227233435
26	1	75.99999237060547	32.71494297329818
26	1	77.0	32.61501047555172
26	1	78.0	34.43931985191628
26	1	79.0	30.196317547045147
26	1	79.99999237060547	30.094691162384528
26	1	80.99999237060547	26.52746265135258
26	1	81.99999237060547	24.69986795399725
26	1	83.0	22.516212080114567
26	1	84.0	19.940160130867362
26	1	84.99999237060547	19.76773200527039
26	1	85.99999237060547	16.456075512601977
26	1	86.99999237060547	15.904250869178309
26	1	87.99999237060547	13.265735132424043
26	1	89.0	12.079220283018815
26	1	90.0	10.499078216651167
26	1	90.99999237060547	9.833178315030883
26	1	91.99999237060547	9.990067760266076
26	1	92.99999237060547	11.052610407367341
26	1	93.99999237060547	8.891964587024786
26	1	95.0	9.317324862871086
26	1	96.0	9.519863877424058
26	1	96.99999237060547	8.121739522248081
26	1	97.99999237060547	8.971148677620036
26	1	98.99999237060547	9.067670349649719
26	1	99.99999237060547	10.21326297441646
26	1	100.99999237060547	9.18557478264977
26	1	102.0	9.320972183887871
26	1	102.99999237060547	10.171525395945805
26	1	103.99999237060547	10.163992551064927
26	1	104.99999237060547	10.314443689233737
26	1	105.99999237060547	10.978885345466223
26	1	106.99999237060547	10.346855498166386
26	1	108.0	11.567553736820235
26	1	108.99999237060547	12.61714293016057
26	1	109.99999237060547	13.031032757069479
26	1	110.99999237060547	13.121945136243289
26	1	111.99999237060547	13.707874621740125
26	1	112.99999237060547	14.63984795757284
26	1	114.0	15.868762913798214
26	1	115.0	16.27894992440333
26	1	115.99999237060547	16.9216775554907
26	1	117.0	18.41299813434421
26	1	117.99999237060547	20.500561784341276
26	1	118.99999237060547	20.208757319978112
26	1	120.0	22.16303836605884
26	1	120.99999237060547	23.065135600688276
26	1	122.0	24.116479298871656
26	1	122.99999237060547	24.118579582041434
26	1	123.99998474121094	23.550505918582306
26	1	124.99999237060547	22.625437050226825
26	1	125.99999237060547	23.082327186829197
26	1	127.0	23.039824627171498
26	1	127.99999237060547	21.859388646127584
26	1	128.99998474121094	22.033411620895752
26	1	130.0	20.82438788308075
26	1	130.99998474121094	20.424295892068912
26	1	132.0	19.776059713415926
26	1	132.99998474121094	18.40331292610113
26	1	134.0	17.25070996592502
26	1	135.0	19.147047102181944
26	1	135.99998474121094	16.69012389734351
26	1	137.0	16.9091731866677
26	1	137.99998474121094	15.260573841796306
26	1	139.0	15.418593683339136
26	1	139.99998474121094	15.722829091991722
26	1	140.99998474121094	15.848617270841261
26	1	142.0	16.65369337585796
26	1	142.99998474121094	14.75362354121962
26	1	144.0	16.134370187599792
26	1	144.99998474121094	15.81644537230321
26	1	146.0	16.576826426938634
26	1	147.0	15.698315543060547
26	1	147.99998474121094	15.452275053683762
26	1	149.0	16.43342148267234
26	1	149.99998474121094	17.304256941470623
26	1	151.0	17.523507721375328
26	1	151.99998474121094	16.87874981655717
26	1	152.99998474121094	18.018906464518228
26	1	154.0	17.106726163126563
26	1	154.99998474121094	18.231887130764857
26	1	156.0	19.191880463893906
26	1	156.99998474121094	18.643014999928145
26	1	158.0	19.13321255401808
26	1	158.99998474121094	21.07081427814564
26	1	159.99998474121094	20.63307428442869
26	1	161.0	21.493251233027173
26	1	161.99998474121094	21.425140586623804
26	1	163.0	22.70282992371224
26	1	163.99998474121094	23.19785812909267
26	1	164.99998474121094	24.163360009787333
26	1	166.0	22.77032926818489
26	1	166.99998474121094	22.03931631943323
26	1	168.0	23.831149853841666
26	1	168.99998474121094	24.545133433445194
26	1	169.99998474121094	23.605208903644936
26	1	170.99998474121094	23.312496024122165
26	1	171.99998474121094	22.938439006679122
26	1	173.0	21.576801522049355
26	1	173.99998474121094	21.118500951383375
26	1	175.0	19.163724716587822
26	1	175.99998474121094	19.502454288096263
26	1	176.99998474121094	17.848856952299712
26	1	178.0	18.799807114967663
26	1	178.99998474121094	19.00992080931018
26	2	0.0	12.610895868390948
26	2	0.9999999403953552	12.635198535231499
26	2	1.9999998807907104	12.304624209592053
26	2	3.0	12.599729362871622
26	2	3.999999761581421	12.010164509189048
26	2	4.999999523162842	11.75490667952733
26	2	6.0	11.214619933159105
26	2	6.999999523162842	11.304395939609753
26	2	7.999999523162842	10.871843474567429
26	2	9.0	10.857591431090553
26	2	9.999999046325684	10.31156391072493
26	2	10.999999046325684	8.891791270974597
26	2	12.0	8.889158233049557
26	2	12.999999046325684	8.98854943830429
26	2	13.999999046325684	7.660953616497864
26	2	15.0	7.399440187330063
26	2	15.999999046325684	7.470923239636123
26	2	16.999998092651367	7.506840643160282
26	2	18.0	6.709986378356989
26	2	18.999998092651367	7.022644690916669
26	2	19.999998092651367	6.733572729108336
26	2	21.0	7.097987653877434
26	2	21.999998092651367	7.033941823803871
26	2	22.999998092651367	7.479649660074461
26	2	24.0	8.001253277741764
26	2	24.999998092651367	9.569608145149262
26	2	25.999998092651367	9.69658306936709
26	2	27.0	10.17137171668948
26	2	27.999998092651367	10.90467192503945
26	2	28.999998092651367	12.136255777683006
26	2	30.0	12.283787009981635
26	2	30.999996185302734	12.68588622283581
26	2	31.999998092651367	12.817889020056416
26	2	33.0	13.313448272644813
26	2	33.999996185302734	13.655925056686653
26	2	34.999996185302734	13.331502170168449
26	2	36.0	13.03090725234348
26	2	36.999996185302734	12.842120823684327
26	2	37.999996185302734	12.41797888283123
26	2	39.0	12.76147421883305
26	2	39.999996185302734	12.794684306124942
26	2	40.999996185302734	12.389665187400588
26	2	42.0	12.765443412514472
26	2	42.999996185302734	13.541568053186776
26	2	43.999996185302734	13.539887826650952
26	2	45.0	13.778487678700655
26	2	45.999996185302734	13.343907501248484
26	2	46.999996185302734	13.23720287093996
26	2	48.0	13.476436223035181
26	2	48.999996185302734	13.201981292937498
26	2	49.999996185302734	12.36110219006524
26	2	51.0	14.301949107822201
26	2	51.999996185302734	14.022606323599726
26	2	52.999996185302734	13.958972012423656
26	2	54.0	14.505458863010961
26	2	54.999996185302734	12.5523013830487
26	2	55.999996185302734	13.601245977286117
26	2	57.0	14.58185111378297
26	2	57.999996185302734	15.229631377308856
26	2	58.999996185302734	14.841562226783534
26	2	60.0	14.248202349243371
26	2	61.0	16.246856573040734
26	2	61.99999237060547	15.529522785649315
26	2	62.999996185302734	16.735315843986903
26	2	63.999996185302734	18.257261283531456
26	2	65.0	17.939331345592993
26	2	66.0	17.610541406874212
26	2	67.0	18.606994289792787
26	2	67.99999237060547	19.676784621377085
26	2	68.99999237060547	21.19598944751717
26	2	69.99999237060547	21.726652457344848
26	2	71.0	23.1209792273423
26	2	72.0	23.39690179433789
26	2	73.0	25.858927150486316
26	2	73.99999237060547	24.852934200844526
26	2	74.99999237060547	26.890797979345994
26	2	75.99999237060547	27.31739622697936
26	2	77.0	26.871290959076436
26	2	78.0	24.06487721969221
26	2	79.0	23.988170780218383
26	2	79.99999237060547	22.880206521362886
26	2	80.99999237060547	21.924801367808797
26	2	81.99999237060547	20.205910838641508
26	2	83.0	18.0979488286882
26	2	84.0	15.423352617643344
26	2	84.99999237060547	14.544993705474289
26	2	85.99999237060547	12.87612406669359
26	2	86.99999237060547	11.157300985644358
26	2	87.99999237060547	10.427076069968185
26	2	89.0	7.970972487830158
26	2	90.0	8.583269918617829
26	2	90.99999237060547	7.214778339155951
26	2	91.99999237060547	6.934870783666482
26	2	92.99999237060547	6.797290283214915
26	2	93.99999237060547	7.063677052355521
26	2	95.0	6.351178185122825
26	2	96.0	6.77677965202419
26	2	96.99999237060547	6.1148583355954385
26	2	97.99999237060547	5.6983824283120335
26	2	98.99999237060547	6.629284705105526
26	2	99.99999237060547	6.159315610016228
26	2	100.99999237060547	6.6821025579572355
26	2	102.0	7.344059305992307
26	2	102.99999237060547	7.959399586055218
26	2	103.99999237060547	7.857184097578685
26	2	104.99999237060547	8.082118448646483
26	2	105.99999237060547	7.8847814769201205
26	2	106.99999237060547	7.690264519547328
26	2	108.0	8.563005601124047
26	2	108.99999237060547	9.61677743155737
26	2	109.99999237060547	9.464167953610836
26	2	110.99999237060547	10.061911105050855
26	2	111.99999237060547	10.411823403777902
26	2	112.99999237060547	11.468426347622193
26	2	114.0	12.864292471503836
26	2	115.0	13.553819705010486
26	2	115.99999237060547	14.306228221337214
26	2	117.0	14.715644274339764
26	2	117.99999237060547	14.986917190057868
26	2	118.99999237060547	17.697809026352175
26	2	120.0	16.38421679989157
26	2	120.99999237060547	19.34393413519673
26	2	122.0	19.106923155902702
26	2	122.99999237060547	19.371442722078957
26	2	123.99998474121094	19.906487298259197
26	2	124.99999237060547	19.735905031285423
26	2	125.99999237060547	19.63729929778524
26	2	127.0	19.520270836546242
26	2	127.99999237060547	18.093640686869215
26	2	128.99998474121094	18.86653806315869
26	2	130.0	16.692736444701044
26	2	130.99998474121094	17.165972931534547
26	2	132.0	15.639671538846818
26	2	132.99998474121094	15.561891052126004
26	2	134.0	14.684915253263878
26	2	135.0	14.201447143053695
26	2	135.99998474121094	14.193828067034545
26	2	137.0	12.867481316072585
26	2	137.99998474121094	12.94654160948913
26	2	139.0	12.077302707409334
26	2	139.99998474121094	12.46193627278214
26	2	140.99998474121094	12.298724633696454
26	2	142.0	12.132570036852139
26	2	142.99998474121094	12.652820423290132
26	2	144.0	12.188457205962122
26	2	144.99998474121094	11.793739720053438
26	2	146.0	12.283036542946581
26	2	147.0	12.846934399501894
26	2	147.99998474121094	12.375890403391965
26	2	149.0	12.942335066734048
26	2	149.99998474121094	13.07062565614075
26	2	151.0	11.961568567018054
26	2	151.99998474121094	11.893370835702768
26	2	152.99998474121094	14.05577372220931
26	2	154.0	14.362214428190162
26	2	154.99998474121094	14.697875537213976
26	2	156.0	14.281031653489038
26	2	156.99998474121094	15.158626438244696
26	2	158.0	15.29200978745129
26	2	158.99998474121094	14.660944704371717
26	2	159.99998474121094	17.658774495245552
26	2	161.0	16.034765538933495
26	2	161.99998474121094	15.897716085689899
26	2	163.0	18.136983359794826
26	2	163.99998474121094	19.76719583542054
26	2	164.99998474121094	18.387284179666405
26	2	166.0	18.402047633557387
26	2	166.99998474121094	19.048615538505597
26	2	168.0	18.53384979397112
26	2	168.99998474121094	18.092634941513932
26	2	169.99998474121094	19.197737351107193
26	2	170.99998474121094	17.271132231543355
26	2	171.99998474121094	16.528794829147813
26	2	173.0	17.633753804768503
26	2	173.99998474121094	16.018576283053275
26	2	175.0	15.46067789391017
26	2	175.99998474121094	15.35117288604194
26	2	176.99998474121094	14.014224827714475
26	2	178.0	13.187140999418352
26	2	178.99998474121094	14.623940446995881
9	1	0.0	12.040195997195948
9	1	0.9999999403953552	12.05849919662429
9	1	1.9999998807907104	12.658799400134832
9	1	3.0	12.491435006033779
9	1	3.999999761581421	13.044851937307708
9	1	4.999999523162842	12.640019795011883
9	1	6.0	12.630760619818284
9	1	6.999999523162842	11.942695046794015
9	1	7.999999523162842	9.518391971657922
9	1	9.0	9.813013889053714
9	1	9.999999046325684	9.648600136674105
9	1	10.999999046325684	8.575451913339103
9	1	12.0	7.115967273093847
9	1	12.999999046325684	6.3099801915966
9	1	13.999999046325684	6.133319483148337
9	1	15.0	5.707044388840079
9	1	15.999999046325684	4.8900180140968
9	1	16.999998092651367	5.021209726353466
9	1	18.0	4.7912402452068985
9	1	18.999998092651367	4.525724325185469
9	1	19.999998092651367	3.911638238608901
9	1	21.0	4.158408277566408
9	1	21.999998092651367	3.904854153215786
9	1	22.999998092651367	3.934169325133481
9	1	24.0	4.6338667103142805
9	1	24.999998092651367	4.467251502587813
9	1	25.999998092651367	5.1039570412613475
9	1	27.0	6.096770287125952
9	1	27.999998092651367	5.945757365897909
9	1	28.999998092651367	6.404069889394934
9	1	30.0	7.5853297620074835
9	1	30.999996185302734	7.327128974587137
9	1	31.999998092651367	8.176844634698098
9	1	33.0	8.88952194062286
9	1	33.999996185302734	9.124331891456851
9	1	34.999996185302734	9.697181564693114
9	1	36.0	9.572040546267433
9	1	36.999996185302734	9.79498901983405
9	1	37.999996185302734	9.618414115637234
9	1	39.0	9.595888151754531
9	1	39.999996185302734	9.563564281507446
9	1	40.999996185302734	9.234078517266969
9	1	42.0	9.004560255492446
9	1	42.999996185302734	9.918909995719238
9	1	43.999996185302734	9.532129189626108
9	1	45.0	9.916334160628496
9	1	45.999996185302734	10.169286801445333
9	1	46.999996185302734	9.289938365620273
9	1	48.0	9.516990929104422
9	1	48.999996185302734	9.838932749406618
9	1	49.999996185302734	8.718558890602857
9	1	51.0	8.237398530558492
9	1	51.999996185302734	9.179051951992408
9	1	52.999996185302734	8.776592446659516
9	1	54.0	8.213241005237803
9	1	54.999996185302734	8.27355755202454
9	1	55.999996185302734	8.286566501072475
9	1	57.0	7.411140301378294
9	1	57.999996185302734	6.925487811294177
9	1	58.999996185302734	6.839882062218646
9	1	60.0	6.277892816649527
9	1	61.0	6.662230122567083
9	1	61.99999237060547	6.2637987212972055
9	1	62.999996185302734	6.472711156119447
9	1	63.999996185302734	5.049899082188458
9	1	65.0	5.241613100680607
9	1	66.0	5.49462934763409
9	1	67.0	5.419733762063961
9	1	67.99999237060547	5.676785797043276
9	1	68.99999237060547	5.886019677643331
9	1	69.99999237060547	6.036092167200028
9	1	71.0	6.059069350454774
9	1	72.0	7.778345785310166
9	1	73.0	7.576796294413199
9	1	73.99999237060547	8.010783099181223
9	1	74.99999237060547	8.734365655889558
9	1	75.99999237060547	9.583026051773752
9	1	77.0	10.099818654944427
9	1	78.0	10.661383148124534
9	1	79.0	11.20649883823596
9	1	79.99999237060547	11.316799563142496
9	1	80.99999237060547	11.343345947125396
9	1	81.99999237060547	11.731486814637003
9	1	83.0	10.98825209613925
9	1	84.0	10.556375819824758
9	1	84.99999237060547	10.039783853460953
9	1	85.99999237060547	9.369200149617333
9	1	86.99999237060547	8.786815532299732
9	1	87.99999237060547	8.337317367926609
9	1	89.0	9.020158700009462
9	1	90.0	9.722116024031891
9	1	90.99999237060547	10.346074295280065
9	1	91.99999237060547	9.925757260362175
9	1	92.99999237060547	9.627154196453912
9	1	93.99999237060547	10.256519416203798
9	1	95.0	10.799891700529576
9	1	96.0	9.65902642044213
9	1	96.99999237060547	11.613600310883522
9	1	97.99999237060547	11.53635257891797
9	1	98.99999237060547	12.047592238293424
9	1	99.99999237060547	11.30443265187654
9	1	100.99999237060547	11.744676763697944
9	1	102.0	11.558116976708217
9	1	102.99999237060547	10.603222379794584
9	1	103.99999237060547	11.161788419929056
9	1	104.99999237060547	9.668339383375441
9	1	105.99999237060547	9.739696077181858
9	1	106.99999237060547	8.732359287820866
9	1	108.0	9.281048874415502
9	1	108.99999237060547	9.010443609688766
9	1	109.99999237060547	7.7208253472149035
9	1	110.99999237060547	6.6639274245758315
9	1	111.99999237060547	7.284055240360098
9	1	112.99999237060547	7.366418784013989
9	1	114.0	7.76152644447901
9	1	115.0	8.710292654159849
9	1	115.99999237060547	7.0888787428455755
9	1	117.0	8.194255640666107
9	1	117.99999237060547	9.412518916880845
9	1	118.99999237060547	7.36111172702889
9	1	120.0	7.592620135172826
9	1	120.99999237060547	10.018346450977221
9	1	122.0	8.990229664840113
9	1	122.99999237060547	9.786227594676216
9	1	123.99998474121094	9.903981763514528
9	1	124.99999237060547	10.165837555914477
9	1	125.99999237060547	10.708146892050673
9	1	127.0	11.102847302486431
9	1	127.99999237060547	11.391733568526705
9	1	128.99998474121094	11.298191566522442
9	1	130.0	10.981814642846512
9	1	130.99998474121094	10.214207248069215
9	1	132.0	10.849644505991241
9	1	132.99998474121094	11.390250563703166
9	1	134.0	10.2912654422853
9	1	135.0	11.059050421981016
9	1	135.99998474121094	10.081265299837733
9	1	137.0	10.095236451784993
9	1	137.99998474121094	10.797683841880371
9	1	139.0	9.268488156531848
9	1	139.99998474121094	9.358046450702702
9	1	140.99998474121094	9.419285073027389
9	1	142.0	9.64052685307515
9	1	142.99998474121094	9.261239618275171
9	1	144.0	9.122374188485997
9	1	144.99998474121094	8.55209693524589
9	1	146.0	8.693132657643838
9	1	147.0	7.92302199853573
9	1	147.99998474121094	7.453398681773163
9	1	149.0	6.935975139877908
9	1	149.99998474121094	6.566955813834575
9	1	151.0	5.748291901237786
9	1	151.99998474121094	5.205755034424864
9	1	152.99998474121094	5.138200194665206
9	1	154.0	4.40602312554688
9	1	154.99998474121094	4.176936873237359
9	1	156.0	4.277834562090904
9	1	156.99998474121094	3.975155155908612
9	1	158.0	3.5218231209769946
9	1	158.99998474121094	3.553175183371234
9	1	159.99998474121094	3.8393351367156154
9	1	161.0	3.755212392463623
9	1	161.99998474121094	3.967270129398655
9	1	163.0	4.272177031024017
9	1	163.99998474121094	4.436991203243718
9	1	164.99998474121094	4.7135976429299555
9	1	166.0	5.1951400666810175
9	1	166.99998474121094	5.982493965235645
9	1	168.0	6.766959547545004
9	1	168.99998474121094	7.307603171297363
9	1	169.99998474121094	7.686359358889373
9	1	170.99998474121094	8.112774898962439
9	1	171.99998474121094	8.29171731748031
9	1	173.0	9.50851381057079
9	1	173.99998474121094	10.246981057027874
9	1	175.0	11.19150486546049
9	1	175.99998474121094	11.964117081352114
9	1	176.99998474121094	12.197096541488541
9	1	178.0	12.493248421258416
9	1	178.99998474121094	13.151628284602516
9	2	0.0	14.578268679563298
9	2	0.9999999403953552	15.2894792023638
9	2	1.9999998807907104	15.470206007802338
9	2	3.0	17.058846537044772
9	2	3.999999761581421	15.192289025569105
9	2	4.999999523162842	15.061198912376343
9	2	6.0	13.977339244875468
9	2	6.999999523162842	14.087339441458523
9	2	7.999999523162842	13.100537615837176
9	2	9.0	11.74484410333261
9	2	9.999999046325684	10.19064565675361
9	2	10.999999046325684	10.530638813258504
9	2	12.0	10.053504849729862
9	2	12.999999046325684	8.561888011421104
9	2	13.999999046325684	7.970169940602681
9	2	15.0	7.203677574207388
9	2	15.999999046325684	6.6543425347361875
9	2	16.999998092651367	6.513825052941515
9	2	18.0	5.7501932551479875
9	2	18.999998092651367	5.958815833817327
9	2	19.999998092651367	5.81162909918496
9	2	21.0	5.577687009262384
9	2	21.999998092651367	4.392577471278886
9	2	22.999998092651367	5.035387064636296
9	2	24.0	6.177990627867512
9	2	24.999998092651367	5.787575307362291
9	2	25.999998092651367	5.681195537926166
9	2	27.0	6.03273555610979
9	2	27.999998092651367	7.087512705011573
9	2	28.999998092651367	7.212756603161628
9	2	30.0	7.902695355565772
9	2	30.999996185302734	8.935188585413565
9	2	31.999998092651367	9.465805491464346
9	2	33.0	9.220934671982926
9	2	33.999996185302734	10.751274414017425
9	2	34.999996185302734	9.944785313616185
9	2	36.0	11.111465293671694
9	2	36.999996185302734	11.53494043730707
9	2	37.999996185302734	10.888200923855964
9	2	39.0	11.717282582484316
9	2	39.999996185302734	11.665405588190776
9	2	40.999996185302734	11.682825985668893
9	2	42.0	11.556125122791512
9	2	42.999996185302734	12.03346228444796
9	2	43.999996185302734	11.824946854371227
9	2	45.0	11.90170195894289
9	2	45.999996185302734	11.200672686873938
9	2	46.999996185302734	11.268981408763237
9	2	48.0	11.017155749159452
9	2	48.999996185302734	10.502406226324256
9	2	49.999996185302734	10.497862442978905
9	2	51.0	11.031949085128053
9	2	51.999996185302734	9.87596347376549
9	2	52.999996185302734	10.270271148323971
9	2	54.0	9.877682120115393
9	2	54.999996185302734	9.249210801373133
9	2	55.999996185302734	9.28293742172101
9	2	57.0	8.199173376868515
9	2	57.999996185302734	8.045840752643606
9	2	58.999996185302734	7.490956184471771
9	2	60.0	7.548445032942122
9	2	61.0	7.391097111258892
9	2	61.99999237060547	6.668322651306735
9	2	62.999996185302734	7.078369216147042
9	2	63.999996185302734	6.688689421638066
9	2	65.0	6.444759033827992
9	2	66.0	7.258627299853787
9	2	67.0	6.5633148961201355
9	2	67.99999237060547	7.74705156608046
9	2	68.99999237060547	7.037137925448613
9	2	69.99999237060547	7.683780108704047
9	2	71.0	7.701895477930213
9	2	72.0	7.999129942683536
9	2	73.0	7.893526680378676
9	2	73.99999237060547	9.385391966818494
9	2	74.99999237060547	9.966184296285833
9	2	75.99999237060547	10.699953226367597
9	2	77.0	10.999908667731523
9	2	78.0	11.371446199144476
9	2	79.0	12.500648931224125
9	2	79.99999237060547	12.1579066235783
9	2	80.99999237060547	12.01987362309422
9	2	81.99999237060547	12.124730687232256
9	2	83.0	11.790574781146784
9	2	84.0	11.002872116057661
9	2	84.99999237060547	11.432610543161939
9	2	85.99999237060547	10.39039710035157
9	2	86.99999237060547	10.131831751584276
9	2	87.99999237060547	11.121215388711889
9	2	89.0	9.845523881955682
9	2	90.0	10.332489902794556
9	2	90.99999237060547	10.60244629955014
9	2	91.99999237060547	11.139551885312434
9	2	92.99999237060547	12.034704525103257
9	2	93.99999237060547	11.08312256993708
9	2	95.0	11.871013919002024
9	2	96.0	11.016051819834848
9	2	96.99999237060547	13.516668598567495
9	2	97.99999237060547	12.59870739581706
9	2	98.99999237060547	13.280526760845351
9	2	99.99999237060547	12.881036680254121
9	2	100.99999237060547	13.600199250795812
9	2	102.0	13.429692969676552
9	2	102.99999237060547	12.699257171909757
9	2	103.99999237060547	11.736302951775508
9	2	104.99999237060547	11.603495899780135
9	2	105.99999237060547	10.974070062101365
9	2	106.99999237060547	12.343853401090021
9	2	108.0	10.77700459039451
9	2	108.99999237060547	10.435144230925264
9	2	109.99999237060547	9.649581976367294
9	2	110.99999237060547	9.712144801617319
9	2	111.99999237060547	8.657186225815707
9	2	112.99999237060547	8.252036479723476
9	2	114.0	8.738190561824766
9	2	115.0	8.963884771437728
9	2	115.99999237060547	8.883810194929437
9	2	117.0	8.658475424021546
9	2	117.99999237060547	10.259956708903607
9	2	118.99999237060547	9.259797594586653
9	2	120.0	10.243011009572804
9	2	120.99999237060547	10.946279729915876
9	2	122.0	9.555513196023293
9	2	122.99999237060547	10.748223027005723
9	2	123.99998474121094	10.268326251957811
9	2	124.99999237060547	11.701918925720019
9	2	125.99999237060547	11.089761513810332
9	2	127.0	11.278333645284276
9	2	127.99999237060547	11.059355219172728
9	2	128.99998474121094	11.411103985012861
9	2	130.0	12.032098807934897
9	2	130.99998474121094	11.70107368981023
9	2	132.0	12.10962401633548
9	2	132.99998474121094	11.533896272137705
9	2	134.0	12.58670163080347
9	2	135.0	11.824622420385651
9	2	135.99998474121094	11.229666839900643
9	2	137.0	10.794026275579828
9	2	137.99998474121094	11.006303432341948
9	2	139.0	10.529053355597416
9	2	139.99998474121094	10.716378123774184
9	2	140.99998474121094	10.83909015617628
9	2	142.0	10.470812332544716
9	2	142.99998474121094	10.287188673124447
9	2	144.0	10.126809854997024
9	2	144.99998474121094	9.328638217457565
9	2	146.0	9.17907415010721
9	2	147.0	8.38965625376277
9	2	147.99998474121094	7.685666948462263
9	2	149.0	7.578079516203514
9	2	149.99998474121094	5.814361174852965
9	2	151.0	5.7970654283272
9	2	151.99998474121094	5.778925299665293
9	2	152.99998474121094	4.874759371490991
9	2	154.0	4.809129791303631
9	2	154.99998474121094	4.448981600331675
9	2	156.0	3.9392245188929365
9	2	156.99998474121094	4.030049386268004
9	2	158.0	3.8892962629469663
9	2	158.99998474121094	3.8629705794516216
9	2	159.99998474121094	4.416425076765986
9	2	161.0	4.376955121099775
9	2	161.99998474121094	4.70462704322879
9	2	163.0	4.404179828244622
9	2	163.99998474121094	4.509069762668039
9	2	164.99998474121094	5.539242008858498
9	2	166.0	5.3282493545471645
9	2	166.99998474121094	6.243763642027442
9	2	168.0	6.379252823932516
9	2	168.99998474121094	7.220375679180777
9	2	169.99998474121094	8.497014874684323
9	2	170.99998474121094	8.28309420365317
9	2	171.99998474121094	9.51755612725824
9	2	173.0	10.043756462236962
9	2	173.99998474121094	10.095710296158664
9	2	175.0	11.459670898879883
9	2	175.99998474121094	13.158449936036067
9	2	176.99998474121094	13.451747650506524
9	2	178.0	14.132057543728243
9	2	178.99998474121094	13.218899671511618
