subject	session	mapping	run	trial_nr	gaze_dispersion	n_samples	frac_valid
01	1	inverse_cdf	1	1	28.207354939189674	1493	1.0
01	1	inverse_cdf	1	2	52.28438609097758	1502	1.0
01	1	inverse_cdf	1	3	29.101924484470317	1193	1.0
01	1	inverse_cdf	1	4	97.59801853937111	1502	0.9840213049267643
01	1	inverse_cdf	1	5	112.93426707565064	1493	0.971198928332217
01	1	inverse_cdf	1	6	46.53835718609125	1385	1.0
01	1	inverse_cdf	1	7	41.167850784784406	1468	1.0
01	1	inverse_cdf	1	8	36.21834896872111	1501	1.0
01	1	inverse_cdf	1	9	154.8702667864097	1402	0.9650499286733238
01	1	inverse_cdf	1	10	42.84383165656264	1059	1.0
01	1	inverse_cdf	1	11	51.47305946114105	1343	1.0
01	1	inverse_cdf	1	12	111.97577714608686	1501	0.9986675549633578
01	1	inverse_cdf	1	13	72.8972155730031	1384	1.0
01	1	inverse_cdf	1	14	63.73631125116104	1477	0.987136086662153
01	1	inverse_cdf	1	15	43.566920030325576	1469	1.0
01	1	inverse_cdf	1	16	27.489061710379517	1068	1.0
01	1	inverse_cdf	1	17	43.88378181901383	876	1.0
01	1	inverse_cdf	1	18	35.22359019742583	1143	1.0
01	1	inverse_cdf	1	19	34.86811576939147	1468	1.0
01	1	inverse_cdf	1	20	44.90303331221714	1501	1.0
01	1	inverse_cdf	1	21	48.01492589009238	1426	0.9838709677419355
01	1	inverse_cdf	1	22	41.626168241123274	1485	1.0
01	1	inverse_cdf	1	23	43.741340159676405	1218	1.0
01	1	inverse_cdf	2	24	66.91417633093815	1502	1.0
01	1	inverse_cdf	2	25	50.44323566692359	968	0.9566115702479339
01	1	inverse_cdf	2	26	48.78167372204459	1279	1.0
01	1	inverse_cdf	2	27	42.35449648626399	1359	1.0
01	1	inverse_cdf	2	28	50.02206409364525	1335	1.0
01	1	inverse_cdf	2	29	37.949197768440996	1093	1.0
01	1	inverse_cdf	2	30	120.87296750293066	1243	0.835076427996782
01	1	inverse_cdf	2	31	50.15023383548853	1451	1.0
01	1	inverse_cdf	2	32	47.8145004515418	1234	1.0
01	1	inverse_cdf	2	33	39.32320580086299	1187	1.0
01	1	inverse_cdf	2	34	37.925856176195744	1501	1.0
01	1	inverse_cdf	2	35	42.425505105944595	1493	1.0
01	1	inverse_cdf	2	36	65.16394258396865	1003	1.0
01	1	inverse_cdf	2	37	63.03977708579581	1501	0.9320453031312458
01	1	inverse_cdf	2	38	40.38140603919563	1060	1.0
01	1	inverse_cdf	2	39	46.463318424404584	1076	1.0
01	1	inverse_cdf	2	40	50.72051323938285	1343	1.0
01	1	inverse_cdf	2	41	51.98488174868981	1385	1.0
01	1	inverse_cdf	2	42	66.07961731589094	1093	1.0
01	1	inverse_cdf	2	43	38.919264827973066	1203	0.8969243557772236
01	1	inverse_cdf	2	44	51.26442242421347	1084	1.0
01	1	inverse_cdf	2	45	54.611175593441985	1176	1.0
01	1	inverse_cdf	2	46	56.06572189826418	1503	0.9248170326014638
01	1	inverse_cdf	3	47	50.74921717421762	1051	1.0
01	1	inverse_cdf	3	48	53.73806877496512	1477	0.94583615436696
01	1	inverse_cdf	3	49	57.10251848353531	1185	1.0
01	1	inverse_cdf	3	50	65.78996055999997	1126	0.9058614564831261
01	1	inverse_cdf	3	51	40.12825371225372	1359	1.0
01	1	inverse_cdf	3	52	49.83696168884525	1437	1.0
01	1	inverse_cdf	3	53	52.69721267820304	1151	1.0
01	1	inverse_cdf	3	54	56.954711285501354	1318	1.0
01	1	inverse_cdf	3	55	44.266741492294074	1226	1.0
01	1	inverse_cdf	3	56	47.26133181500516	1210	0.9983471074380166
01	1	inverse_cdf	3	57	45.4476209410289	1126	1.0
01	1	inverse_cdf	3	58	70.90197297130163	1045	1.0
01	1	inverse_cdf	3	59	67.26890726888557	1293	0.9559164733178654
01	1	inverse_cdf	3	60	49.37992450424707	1243	1.0
01	1	inverse_cdf	3	61	56.9904563885637	1287	1.0
01	1	inverse_cdf	3	62	39.62089372606344	1293	1.0
01	1	inverse_cdf	3	63	41.2786599336249	1068	1.0
01	1	inverse_cdf	3	64	41.59677573926219	1234	1.0
01	1	inverse_cdf	3	65	42.855562274849916	1302	1.0
01	1	inverse_cdf	3	66	60.059077291766044	1418	1.0
01	1	inverse_cdf	3	67	46.03142361404358	1117	1.0
01	1	inverse_cdf	3	68	54.79486518668154	1020	1.0
01	1	inverse_cdf	3	69	51.39185112908309	1393	1.0
01	1	inverse_cdf	4	70	42.85885539489403	1126	1.0
01	1	inverse_cdf	4	71	56.51343948787707	884	1.0
01	1	inverse_cdf	4	72	51.25241960995963	1176	0.9294217687074829
01	1	inverse_cdf	4	73	42.360023091029376	1184	1.0
01	1	inverse_cdf	4	74	50.47068693112443	1109	1.0
01	1	inverse_cdf	4	75	45.545632797528164	1093	1.0
01	1	inverse_cdf	4	76	41.518301578907284	1209	1.0
01	1	inverse_cdf	4	77	45.185662539529105	842	1.0
01	1	inverse_cdf	4	78	32.91710521107924	1076	1.0
01	1	inverse_cdf	4	79	44.36183811772102	1368	1.0
01	1	inverse_cdf	4	80	41.85044389827141	1368	1.0
01	1	inverse_cdf	4	81	54.49124219829579	1235	1.0
01	1	inverse_cdf	4	82	52.321237875272274	1351	1.0
01	1	inverse_cdf	4	83	57.10020253022045	961	1.0
01	1	inverse_cdf	4	84	33.663296393685776	1276	0.9435736677115988
01	1	inverse_cdf	4	85	46.00975475822285	1068	1.0
01	1	inverse_cdf	4	86	42.24836348961459	1385	0.9942238267148015
01	1	inverse_cdf	4	87	39.05878520132923	1143	1.0
01	1	inverse_cdf	4	88	37.067560152456515	1259	1.0
01	1	inverse_cdf	4	89	43.606081393984525	917	1.0
01	1	inverse_cdf	4	90	40.66784176557599	1220	1.0
01	1	inverse_cdf	4	91	46.418781316067594	1384	1.0
01	1	inverse_cdf	4	92	31.297399985643107	1018	1.0
01	1	inverse_cdf	5	93	34.94911004977185	1501	1.0
01	1	inverse_cdf	5	94	33.08954447660537	1259	1.0
01	1	inverse_cdf	5	95	47.5862441567455	701	1.0
01	1	inverse_cdf	5	96	57.91172730039676	1243	0.9750603378921963
01	1	inverse_cdf	5	97	43.53444194993796	1393	1.0
01	1	inverse_cdf	5	98	39.17823686293487	1368	1.0
01	1	inverse_cdf	5	99	41.570954486113024	1084	1.0
01	1	inverse_cdf	5	100	48.558712637758845	1342	1.0
01	1	inverse_cdf	5	101	33.17380747510218	1459	1.0
01	1	inverse_cdf	5	102	38.5645074991853	1502	1.0
01	1	inverse_cdf	5	103	48.93355170385091	1051	0.9029495718363464
01	1	inverse_cdf	5	104	42.528093922224336	1284	0.9353582554517134
01	1	inverse_cdf	5	105	36.95615472725097	1101	0.92188919164396
01	1	inverse_cdf	5	106	50.1758471637996	1310	1.0
01	1	inverse_cdf	5	107	40.33659417452319	1160	1.0
01	1	inverse_cdf	5	108	58.7429040621952	818	0.902200488997555
01	1	inverse_cdf	5	109	51.82328785077412	1159	1.0
01	1	inverse_cdf	5	110	45.62728910024	1243	1.0
01	1	inverse_cdf	5	111	48.51999405879853	1034	0.9748549323017408
01	1	inverse_cdf	5	112	46.53756774097325	1360	1.0
01	1	inverse_cdf	5	113	41.54627076008055	1476	1.0
01	1	inverse_cdf	5	114	41.18182748987292	1051	1.0
01	1	inverse_cdf	5	115	32.51041076760718	1110	1.0
01	1	inverse_cdf	6	116	55.204524078353245	1443	1.0
01	1	inverse_cdf	6	117	47.391018904677416	1501	1.0
01	1	inverse_cdf	6	118	37.666723886615664	1212	1.0
01	1	inverse_cdf	6	119	37.16595683607623	1243	1.0
01	1	inverse_cdf	6	120	40.70945894394459	901	0.8956714761376249
01	1	inverse_cdf	6	121	73.1192018360396	1112	0.908273381294964
01	1	inverse_cdf	6	122	49.20581936845602	1143	1.0
01	1	inverse_cdf	6	123	52.554350313632185	1376	1.0
01	1	inverse_cdf	6	124	49.301280840811536	1234	1.0
01	1	inverse_cdf	6	125	48.09998053943279	1120	1.0
01	1	inverse_cdf	6	126	50.43322854722891	1385	0.9581227436823104
01	1	inverse_cdf	6	127	29.232995754792373	1217	1.0
01	1	inverse_cdf	6	128	42.325232209393576	1237	0.9450282942603072
01	1	inverse_cdf	6	129	45.716484678503264	1234	1.0
01	1	inverse_cdf	6	130	78.08081990786123	1243	1.0
01	1	inverse_cdf	6	131	57.66906547082309	985	1.0
01	1	inverse_cdf	6	132	46.93174521056979	1378	1.0
01	1	inverse_cdf	6	133	45.60573931419604	1401	1.0
01	1	inverse_cdf	6	134	49.1859646526101	1202	1.0
01	1	inverse_cdf	6	135	35.15454387538113	1295	0.8648648648648649
01	1	inverse_cdf	6	136	58.318736111764316	1160	1.0
01	1	inverse_cdf	6	137	40.04151954999698	1401	1.0
01	1	inverse_cdf	6	138	37.67983229004724	1162	1.0
01	1	inverse_cdf	7	139	42.93520716356405	1393	1.0
01	1	inverse_cdf	7	140	48.51642217430931	1118	1.0
01	1	inverse_cdf	7	141	69.6602344342778	1226	1.0
01	1	inverse_cdf	7	142	49.746943058088256	1268	1.0
01	1	inverse_cdf	7	143	49.17380361198837	1250	1.0
01	1	inverse_cdf	7	144	48.30360814239656	1260	1.0
01	1	inverse_cdf	7	145	38.75729669749748	1468	1.0
01	1	inverse_cdf	7	146	41.479710459536946	1477	0.968855788761002
01	1	inverse_cdf	7	147	36.62254197314366	1150	1.0
01	1	inverse_cdf	7	148	36.36016727931509	1501	1.0
01	1	inverse_cdf	7	149	33.96506874256746	1334	0.8853073463268366
01	1	inverse_cdf	7	150	47.88275446299493	1153	1.0
01	1	inverse_cdf	7	151	41.81511848197175	1126	1.0
01	1	inverse_cdf	7	152	120.54239333742227	1460	0.9226027397260274
01	1	inverse_cdf	7	153	29.855624028215715	1051	1.0
01	1	inverse_cdf	7	154	39.410927315556	1326	1.0
01	1	inverse_cdf	7	155	41.73427060374244	1193	0.875943000838223
01	1	inverse_cdf	7	156	50.97408662932495	1501	0.9233844103930713
01	1	inverse_cdf	7	157	41.07669345023787	1395	0.8845878136200717
01	1	inverse_cdf	7	158	95.01106668521682	1359	0.8638704930095659
01	1	inverse_cdf	7	159	40.135517469524395	1126	0.8614564831261101
01	1	inverse_cdf	7	160	29.630693730094297	960	1.0
01	1	inverse_cdf	7	161	54.20886117355411	1452	1.0
01	1	inverse_cdf	8	162	45.47953726291525	1285	1.0
01	1	inverse_cdf	8	163	40.85573837620314	1142	1.0
01	1	inverse_cdf	8	164	37.70365284608927	1301	1.0
01	1	inverse_cdf	8	165	38.54481915576753	1185	1.0
01	1	inverse_cdf	8	166	47.00893472482556	951	1.0
01	1	inverse_cdf	8	167	39.41842918053736	1176	1.0
01	1	inverse_cdf	8	168	35.852127507363804	959	1.0
01	1	inverse_cdf	8	169	44.74580070256445	1176	1.0
01	1	inverse_cdf	8	170	48.37543901323587	1401	1.0
01	1	inverse_cdf	8	171	44.35470596471686	1385	1.0
01	1	inverse_cdf	8	172	35.56052226948693	1501	1.0
01	1	inverse_cdf	8	173	53.331366627288894	1161	1.0
01	1	inverse_cdf	8	174	41.66664779466366	1134	1.0
01	1	inverse_cdf	8	175	43.089912074721454	1343	1.0
01	1	inverse_cdf	8	176	40.55681950096378	726	1.0
01	1	inverse_cdf	8	177	44.98354850501613	1344	1.0
01	1	inverse_cdf	8	178	46.70135279975687	943	1.0
01	1	inverse_cdf	8	179	40.60932754776238	1401	1.0
01	1	inverse_cdf	8	180	52.62150434678541	1286	1.0
01	1	inverse_cdf	8	181	38.87987346364561	1151	1.0
01	1	inverse_cdf	8	182	44.788131033378605	993	1.0
01	1	inverse_cdf	8	183	45.27450306657428	1201	1.0
01	1	inverse_cdf	8	184	49.261203603774916	1260	1.0
01	2	cdf	1	1	39.38998133359945	1309	1.0
01	2	cdf	1	2	47.25116256651949	1502	1.0
01	2	cdf	1	3	45.63686952473369	1192	1.0
01	2	cdf	1	4	37.700814658763214	1376	1.0
01	2	cdf	1	5	171.05541178634394	1110	0.9666666666666667
01	2	cdf	1	6	30.949308455664184	1501	1.0
01	2	cdf	1	7	46.18854972668759	1217	1.0
01	2	cdf	1	8	31.509876919236753	1501	1.0
01	2	cdf	1	9	198.9810218966949	1034	0.9294003868471954
01	2	cdf	1	10	51.09063379059762	1060	1.0
01	2	cdf	1	11	110.429700702152	1001	1.0
01	2	cdf	1	12	32.95718040631951	1427	1.0
01	2	cdf	1	13	91.61331087185133	1493	0.9725385130609511
01	2	cdf	1	14	35.724329795433185	1343	1.0
01	2	cdf	1	15	40.09407674522764	1135	1.0
01	2	cdf	1	16	109.6165272006677	1501	0.9673550966022652
01	2	cdf	1	17	122.61942905955901	1151	1.0
01	2	cdf	1	18	73.13871547678734	1042	1.0
01	2	cdf	1	19	113.16885661138329	893	1.0
01	2	cdf	1	20	164.0084986796476	1226	0.9747145187601958
01	2	cdf	1	21	76.4702851174444	1129	1.0
01	2	cdf	1	22	45.43232648428981	1226	1.0
01	2	cdf	1	23	35.23090411886635	1260	1.0
01	2	cdf	2	24	36.095633480423274	1284	1.0
01	2	cdf	2	25	165.56802194678326	984	0.9928861788617886
01	2	cdf	2	26	170.84485382851642	1134	0.937389770723104
01	2	cdf	2	27	38.007163350131265	1151	1.0
01	2	cdf	2	28	36.571929106274425	1185	1.0
01	2	cdf	2	29	220.916551892009	1386	0.9126984126984127
01	2	cdf	2	30	156.65988829882778	1318	0.992412746585736
01	2	cdf	2	31	40.01946644612151	1426	1.0
01	2	cdf	2	32	163.51121902612996	1284	0.9984423676012462
01	2	cdf	2	33	126.25415588443919	1109	1.0
01	2	cdf	2	34	152.0853569507582	1501	0.9933377748167888
01	2	cdf	2	35	131.42449164753899	1059	0.9952785646836638
01	2	cdf	2	36	78.81612529379655	1236	1.0
01	2	cdf	2	37	43.800122312470805	1251	1.0
01	2	cdf	2	38	35.4564992055769	1501	1.0
01	2	cdf	2	39	31.526810052953284	1226	1.0
01	2	cdf	2	40	292.1221073780933	1245	0.9365461847389558
01	2	cdf	2	41	49.31955672600004	1226	1.0
01	2	cdf	2	42	54.17117344806001	1410	1.0
01	2	cdf	2	43	35.9272900477007	1235	1.0
01	2	cdf	2	44	59.209677274614876	1110	1.0
01	2	cdf	2	45	42.4213469591594	876	1.0
01	2	cdf	2	46	30.91727600773674	1126	1.0
01	2	cdf	3	47	27.843826287533055	884	1.0
01	2	cdf	3	48	107.83436436009193	1209	1.0
01	2	cdf	3	49	38.321908263984824	1085	1.0
01	2	cdf	3	50	33.373297149087215	1159	1.0
01	2	cdf	3	51	198.04416095307698	1051	0.9590865842055185
01	2	cdf	3	52	56.61354313373982	1310	1.0
01	2	cdf	3	53	52.362766027999015	1503	1.0
01	2	cdf	3	54	47.99292837667482	1267	1.0
01	2	cdf	3	55	136.14895485904918	993	1.0
01	2	cdf	3	56	106.15552213063434	1276	1.0
01	2	cdf	3	57	29.476990228533342	1385	1.0
01	2	cdf	3	58	39.01387812077074	975	1.0
01	2	cdf	3	59	37.60067402593584	1185	1.0
01	2	cdf	3	60	60.63693695197091	1128	1.0
01	2	cdf	3	61	67.77250347114278	1068	1.0
01	2	cdf	3	62	42.409787901382295	1193	1.0
01	2	cdf	3	63	232.9997554992074	976	0.930327868852459
01	2	cdf	3	64	222.88173716527038	901	0.9211986681465039
01	2	cdf	3	65	30.792387268352517	826	1.0
01	2	cdf	3	66	189.00941217153476	1176	0.9778911564625851
01	2	cdf	3	67	55.83423515049692	1234	1.0
01	2	cdf	3	68	126.39176155984102	1059	0.9820585457979226
01	2	cdf	3	69	69.9741014738082	1217	1.0
01	2	cdf	4	70	34.715795012848154	1220	1.0
01	2	cdf	4	71	42.93533099860717	1151	1.0
01	2	cdf	4	72	130.64678914041718	1251	1.0
01	2	cdf	4	73	47.93867020034896	1259	1.0
01	2	cdf	4	74	35.443429169120435	1501	1.0
01	2	cdf	4	75	189.61764407215844	1267	0.930544593528019
01	2	cdf	4	76	46.43770051377641	1201	1.0
01	2	cdf	4	77	33.840424413729295	1068	1.0
01	2	cdf	4	78	27.55749420883085	1259	1.0
01	2	cdf	4	79	41.33476955890056	1242	1.0
01	2	cdf	4	80	120.41062376537029	1176	0.9727891156462585
01	2	cdf	4	81	180.9158443382885	943	0.9777306468716861
01	2	cdf	4	82	30.117507705036726	1243	1.0
01	2	cdf	4	83	58.128813654551585	934	1.0
01	2	cdf	4	84	156.20150751543915	917	0.925845147219193
01	2	cdf	4	85	58.36692335899309	984	1.0
01	2	cdf	4	86	104.61772710761193	1109	1.0
01	2	cdf	4	87	77.01533068803965	1284	1.0
01	2	cdf	4	88	117.68726593861315	1151	1.0
01	2	cdf	4	89	44.264208001991676	1343	1.0
01	2	cdf	4	90	42.660099928536354	1351	1.0
01	2	cdf	4	91	41.37866588201632	1268	1.0
01	2	cdf	4	92	42.248483623445836	1234	1.0
01	2	cdf	5	93	39.07631126921273	1168	1.0
01	2	cdf	5	94	40.8145107679357	1503	1.0
01	2	cdf	5	95	58.32224836710988	1493	1.0
01	2	cdf	5	96	36.886247770536706	1218	1.0
01	2	cdf	5	97	47.39401383495349	1234	1.0
01	2	cdf	5	98	35.40009968671065	1185	1.0
01	2	cdf	5	99	43.95481414546982	1068	1.0
01	2	cdf	5	100	109.89867276537603	892	1.0
01	2	cdf	5	101	62.16005279271357	1309	1.0
01	2	cdf	5	102	86.96051175502193	1218	1.0
01	2	cdf	5	103	32.75977530914663	1017	1.0
01	2	cdf	5	104	83.9131637686528	1352	1.0
01	2	cdf	5	105	55.70544147530405	1109	1.0
01	2	cdf	5	106	35.3710176097927	1161	1.0
01	2	cdf	5	107	32.24830499188921	1068	1.0
01	2	cdf	5	108	37.10780553673643	842	1.0
01	2	cdf	5	109	33.999585034707415	1502	1.0
01	2	cdf	5	110	52.73131524020343	1084	1.0
01	2	cdf	5	111	161.88628741845912	868	0.988479262672811
01	2	cdf	5	112	46.962038410784054	1268	1.0
01	2	cdf	5	113	126.06431759551072	1152	0.9895833333333334
01	2	cdf	5	114	40.86785834920091	1218	1.0
01	2	cdf	5	115	37.94132533810139	1110	1.0
01	2	cdf	6	116	34.14491025843254	1176	1.0
01	2	cdf	6	117	65.52041804226421	876	1.0
01	2	cdf	6	118	31.508738284655585	1018	1.0
01	2	cdf	6	119	48.2886510677162	1076	1.0
01	2	cdf	6	120	48.581237894287376	1076	1.0
01	2	cdf	6	121	43.567876097273555	1077	1.0
01	2	cdf	6	122	40.1402756945537	993	1.0
01	2	cdf	6	123	37.79055134275204	1067	1.0
01	2	cdf	6	124	45.27904391661626	1018	1.0
01	2	cdf	6	125	51.374316039724974	1276	1.0
01	2	cdf	6	126	41.956788209881665	1193	1.0
01	2	cdf	6	127	39.91845019935606	901	1.0
01	2	cdf	6	128	42.62302219785058	1350	1.0
01	2	cdf	6	129	35.786393580975506	1243	1.0
01	2	cdf	6	130	41.22857763320245	1235	1.0
01	2	cdf	6	131	54.14960039775309	1126	1.0
01	2	cdf	6	132	39.206093794760584	1126	1.0
01	2	cdf	6	133	33.3232432176517	1151	1.0
01	2	cdf	6	134	56.62211834294643	968	1.0
01	2	cdf	6	135	47.464529190449745	1193	1.0
01	2	cdf	6	136	68.6771564518976	1210	1.0
01	2	cdf	6	137	39.651508831249394	976	1.0
01	2	cdf	6	138	43.915720315910534	1159	1.0
01	2	cdf	7	139	38.12370673437637	1009	1.0
01	2	cdf	7	140	47.50115133917574	1178	1.0
01	2	cdf	7	141	95.65134317332834	1459	1.0
01	2	cdf	7	142	33.58854523019893	1268	1.0
01	2	cdf	7	143	48.02815724413121	1151	1.0
01	2	cdf	7	144	31.091493964897612	951	1.0
01	2	cdf	7	145	46.820257001173616	1126	1.0
01	2	cdf	7	146	85.6898555080791	1326	0.9577677224736049
01	2	cdf	7	147	41.186588161900914	1209	1.0
01	2	cdf	7	148	61.535188784293894	934	1.0
01	2	cdf	7	149	38.856611351962066	985	1.0
01	2	cdf	7	150	46.32177913132013	1142	1.0
01	2	cdf	7	151	50.777431327221045	851	1.0
01	2	cdf	7	152	36.655856497574725	1151	1.0
01	2	cdf	7	153	77.93557348724957	1059	0.9801699716713881
01	2	cdf	7	154	48.000989866363184	1393	1.0
01	2	cdf	7	155	49.593993114148844	1026	1.0
01	2	cdf	7	156	31.913847458943746	1145	1.0
01	2	cdf	7	157	61.77335083485753	1001	1.0
01	2	cdf	7	158	23.6474285465092	859	1.0
01	2	cdf	7	159	44.2386436583091	842	1.0
01	2	cdf	7	160	64.76214981342972	843	1.0
01	2	cdf	7	161	73.83023196753537	1084	0.992619926199262
01	2	cdf	8	162	41.229174957586956	1143	1.0
01	2	cdf	8	163	27.306641185359428	1184	1.0
01	2	cdf	8	164	41.056533685113926	1068	1.0
01	2	cdf	8	165	43.74070111691368	1159	1.0
01	2	cdf	8	166	41.19090893741029	951	1.0
01	2	cdf	8	167	51.33274857463169	1226	1.0
01	2	cdf	8	168	55.23560360226765	901	1.0
01	2	cdf	8	169	53.30066237903772	859	1.0
01	2	cdf	8	170	37.522379146219734	751	1.0
01	2	cdf	8	171	51.022902641848134	793	1.0
01	2	cdf	8	172	105.76581056921053	1226	0.9469820554649266
01	2	cdf	8	173	34.73385516996832	1294	1.0
01	2	cdf	8	174	55.21996141538074	1092	1.0
01	2	cdf	8	175	32.45404331021193	1059	1.0
01	2	cdf	8	176	50.381900657786304	1042	1.0
01	2	cdf	8	177	72.23118346192041	954	1.0
01	2	cdf	8	178	49.41228998901164	1034	1.0
01	2	cdf	8	179	99.86836467769264	1134	0.937389770723104
01	2	cdf	8	180	56.921953624259864	1001	1.0
01	2	cdf	8	181	38.9930731178946	834	1.0
01	2	cdf	8	182	49.13513047297716	1009	1.0
01	2	cdf	8	183	43.458993224663026	692	1.0
01	2	cdf	8	184	45.324547465940654	976	1.0
02	1	cdf	1	1	114.34676760250971	1501	0.447035309793471
02	1	cdf	1	2	27.002445760410634	559	0.21645796064400716
02	1	cdf	1	3	53.728035783650355	709	0.7306064880112835
02	1	cdf	1	4	62.87216165586262	892	0.9517937219730942
02	1	cdf	1	5	78.30318365213795	767	0.9960886571056062
02	1	cdf	1	6	35.569658578992744	917	0.9945474372955289
02	1	cdf	1	7	59.12001570480362	909	0.858085808580858
02	1	cdf	1	8	39.44732234849172	1260	0.919047619047619
02	1	cdf	1	9	29.632352846854065	1500	0.8946666666666667
02	1	cdf	1	10	60.8212173297389	850	0.9764705882352941
02	1	cdf	1	11	77.42038187512743	1001	0.9760239760239761
02	1	cdf	1	12	82.54735439942662	986	0.5537525354969574
02	1	cdf	1	13	47.538502710209514	767	0.81877444589309
02	1	cdf	1	14	61.8675768970154	843	0.9134045077105575
02	1	cdf	1	15	71.48828651805809	769	0.8361508452535761
02	1	cdf	1	16	28.675803766631695	885	0.8022598870056498
02	1	cdf	1	17	32.07089456802349	634	0.9716088328075709
02	1	cdf	1	18	41.36430971562659	909	0.8690869086908691
02	1	cdf	1	19	51.69523574606304	859	0.8544819557625145
02	1	cdf	1	20	119.58038586234369	609	0.9326765188834154
02	1	cdf	1	21	31.56273760342395	809	0.896168108776267
02	1	cdf	1	22	43.727352642464446	893	0.9630459126539753
02	1	cdf	1	23	33.83449342784287	759	0.9960474308300395
02	1	cdf	2	24	60.711013342782586	834	0.6270983213429256
02	1	cdf	2	25	77.4458932066642	1101	0.8346957311534968
02	1	cdf	2	26	37.45288934421959	1137	0.9287598944591029
02	1	cdf	2	27	62.27729511664659	792	0.9861111111111112
02	1	cdf	2	28	31.8249715546646	901	0.9411764705882353
02	1	cdf	2	29	37.32751076545052	803	0.9912826899128269
02	1	cdf	2	30	85.52007340032773	1134	0.8386243386243386
02	1	cdf	2	31	94.75125593732518	976	0.9938524590163934
02	1	cdf	2	32	37.96379267788297	1143	0.9641294838145232
02	1	cdf	2	33	49.68806896640832	843	0.9454329774614472
02	1	cdf	2	34	40.17394653287157	1060	0.9462264150943396
02	1	cdf	2	35	73.51285437342804	1076	0.9330855018587361
02	1	cdf	2	36	25.442236867827948	661	0.9742813918305597
02	1	cdf	2	37	34.53749555870957	743	0.9946164199192463
02	1	cdf	2	38	22.84652780053007	826	0.8329297820823245
02	1	cdf	2	39	54.342064295427676	1226	0.9404567699836868
02	1	cdf	2	40	46.18928060703152	784	0.6989795918367347
02	1	cdf	2	41	28.649447623953176	633	0.981042654028436
02	1	cdf	2	42	27.122255680898398	1084	0.8579335793357934
02	1	cdf	2	43	59.31849287891339	910	0.6065934065934065
02	1	cdf	2	44	34.69173713267822	951	0.650893796004206
02	1	cdf	2	45	49.87952521753638	968	0.753099173553719
02	1	cdf	2	46	44.67763482710704	1068	0.7602996254681648
02	1	cdf	3	47	315.72329612373466	1218	0.15599343185550082
02	1	cdf	3	48	695.7306614079027	1168	0.0761986301369863
02	1	cdf	3	49	56.82988736546601	860	0.12674418604651164
02	1	cdf	3	50	405.37732170447214	943	0.15058324496288442
02	1	cdf	3	51		1159	0.0
02	1	cdf	3	52	201.26838311198867	1112	0.17176258992805754
02	1	cdf	3	53	453.46492349875166	959	0.264859228362878
02	1	cdf	3	54	76.30743713830238	875	0.2925714285714286
02	1	cdf	3	55	41.38027080306138	659	0.212443095599393
02	1	cdf	3	56	719.2085624903347	901	0.09211986681465038
02	1	cdf	3	57	396.36821827318664	1060	0.3452830188679245
02	1	cdf	3	58	91.27754232898414	984	0.09044715447154472
02	1	cdf	3	59	57.74051651495728	942	0.2515923566878981
02	1	cdf	3	60	402.7633466790383	634	0.08675078864353312
02	1	cdf	3	61	655.2140575320225	1084	0.12084870848708487
02	1	cdf	3	62	240.78570135567387	1026	0.15594541910331383
02	1	cdf	3	63	488.20912133581623	1209	0.06451612903225806
02	1	cdf	3	64	1393.0007970895213	1051	0.03235014272121789
02	1	cdf	3	65	278.4470777006575	810	0.337037037037037
02	1	cdf	3	66	67.74678224971508	909	0.0374037403740374
02	1	cdf	3	67	859.8217709788007	959	0.0667361835245047
02	1	cdf	3	68	1194.4360826580698	1095	0.0136986301369863
02	1	cdf	3	69	1447.231733439742	726	0.027548209366391185
02	1	cdf	4	70		979	0.0
02	1	cdf	4	71	473.32973784498284	1235	0.11902834008097166
02	1	cdf	4	72	722.8775343192217	1176	0.06802721088435375
02	1	cdf	4	73	438.56161146510937	1187	0.14237573715248525
02	1	cdf	4	74	517.2783397107228	868	0.06221198156682028
02	1	cdf	4	75	485.1115483566283	917	0.13304252998909488
02	1	cdf	4	76	564.9805501579561	1170	0.03247863247863248
02	1	cdf	4	77	1069.8739630979007	1026	0.0594541910331384
02	1	cdf	4	78	1071.9199337844427	751	0.019973368841544607
02	1	cdf	4	79	0.0	1043	0.004793863854266539
02	1	cdf	4	80	360.03435154039624	778	0.05269922879177378
02	1	cdf	4	81	16.813489394100674	934	0.018201284796573874
02	1	cdf	4	82	44.29691856229939	1035	0.04541062801932367
02	1	cdf	4	83		759	0.0
02	1	cdf	4	84		1034	0.0
02	1	cdf	4	85		842	0.0
02	1	cdf	4	86		601	0.0
02	1	cdf	4	87		1037	0.0
02	1	cdf	4	88		1076	0.0
02	1	cdf	4	89		859	0.0
02	1	cdf	4	90		1220	0.0
02	1	cdf	4	91		901	0.0
02	1	cdf	4	92		1251	0.0
02	1	cdf	5	93		1001	0.0
02	1	cdf	5	94	36.46800439847087	1184	0.9535472972972973
02	1	cdf	5	95	51.2716432785025	1043	1.0
02	1	cdf	5	96	43.214809927026664	1145	1.0
02	1	cdf	5	97	51.49501810516168	792	1.0
02	1	cdf	5	98	38.496271498894124	1051	1.0
02	1	cdf	5	99	44.859647196979886	867	1.0
02	1	cdf	5	100	41.80580135138248	1093	1.0
02	1	cdf	5	101	39.69002974481505	942	0.9915074309978769
02	1	cdf	5	102	42.949527985219454	1485	0.7097643097643098
02	1	cdf	5	103	39.75922015327704	717	0.9846582984658299
02	1	cdf	5	104	33.390022039599025	1076	1.0
02	1	cdf	5	105	44.598073760247765	900	0.9844444444444445
02	1	cdf	5	106	37.56581529776291	1361	0.9478324761204996
02	1	cdf	5	107	32.82220807197468	1068	0.5852059925093633
02	1	cdf	5	108	47.19308982229851	1001	0.993006993006993
02	1	cdf	5	109	64.2845984992233	1010	0.999009900990099
02	1	cdf	5	110	55.01334858224408	1034	0.9632495164410058
02	1	cdf	5	111	36.31385353910133	1059	0.7969782813975449
02	1	cdf	5	112	41.075435588376635	984	0.9969512195121951
02	1	cdf	5	113	20.470996303868773	1143	0.5494313210848644
02	1	cdf	5	114	50.19379188510336	900	0.9988888888888889
02	1	cdf	5	115	102.8624433484253	935	0.9978609625668449
02	1	cdf	6	116	38.52018160657102	1026	0.7378167641325536
02	1	cdf	6	117	78.3083611568505	1109	0.9666366095581606
02	1	cdf	6	118	105.13259980247986	925	0.9913513513513513
02	1	cdf	6	119	93.62102432779687	1118	0.9445438282647585
02	1	cdf	6	120	71.16166018559879	901	0.9700332963374029
02	1	cdf	6	121	114.64925251638351	1185	1.0
02	1	cdf	6	122	77.449499705482	876	0.930365296803653
02	1	cdf	6	123	66.70463303941541	1017	0.8574237954768928
02	1	cdf	6	124	74.41073490006941	1101	0.9663941871026339
02	1	cdf	6	125	46.701051141699985	1060	0.8669811320754717
02	1	cdf	6	126	55.880875918873514	992	0.9768145161290323
02	1	cdf	6	127	35.87532508875486	926	0.9924406047516199
02	1	cdf	6	128	41.662181756111764	1034	0.7804642166344294
02	1	cdf	6	129	163.35677183508716	912	0.4868421052631579
02	1	cdf	6	130	47.734681665830465	1293	0.8607888631090487
02	1	cdf	6	131	36.07240704642032	960	0.765625
02	1	cdf	6	132	43.818367812020604	1318	0.7610015174506829
02	1	cdf	6	133	97.31513289593822	1378	0.18214804063860668
02	1	cdf	6	134	46.44732316447262	917	0.6335877862595419
02	1	cdf	6	135	54.953070349545456	1126	0.655417406749556
02	1	cdf	6	136	89.1320674071281	892	0.9607623318385651
02	1	cdf	6	137	97.26621603900855	1418	0.39562764456981664
02	1	cdf	6	138	42.18366042027134	1335	0.4786516853932584
02	1	cdf	7	139	26.75224448245241	1084	0.6780442804428044
02	1	cdf	7	140	39.81383774597675	859	0.4458672875436554
02	1	cdf	7	141	25.14952352005633	775	0.1367741935483871
02	1	cdf	7	142	27.465853074830914	1126	0.5
02	1	cdf	7	143	35.0198185881808	1168	0.06934931506849315
02	1	cdf	7	144	46.79613862581458	692	0.8497109826589595
02	1	cdf	7	145	39.45612135990753	1142	0.6742556917688266
02	1	cdf	7	146	38.50752101109019	884	0.8947963800904978
02	1	cdf	7	147	77.02028617160556	1084	0.816420664206642
02	1	cdf	7	148	41.823249282369765	967	0.8469493278179938
02	1	cdf	7	149	22.961016101282503	876	0.545662100456621
02	1	cdf	7	150	55.066339512917665	1235	0.7797570850202429
02	1	cdf	7	151	33.728745143857786	1418	0.49506346967559944
02	1	cdf	7	152	108.13988025818095	961	0.9281997918834547
02	1	cdf	7	153	105.79101161541753	701	0.9415121255349501
02	1	cdf	7	154	21.702168633737678	684	0.9385964912280702
02	1	cdf	7	155	105.67068500268975	617	0.8298217179902755
02	1	cdf	7	156	50.14722955917644	1017	0.8092428711897739
02	1	cdf	7	157	26.93491901776426	1076	0.637546468401487
02	1	cdf	7	158	33.443092107845445	876	0.7511415525114156
02	1	cdf	7	159	31.64085642414361	725	1.0
02	1	cdf	7	160	55.226759111410345	1476	0.8265582655826558
02	1	cdf	7	161	92.6183177075062	1126	0.7495559502664298
02	1	cdf	8	162	34.730538997338044	1226	0.9690048939641109
02	1	cdf	8	163	42.16043243529783	1335	0.9887640449438202
02	1	cdf	8	164	82.63547495825192	928	0.9978448275862069
02	1	cdf	8	165	61.8969844492078	1160	0.9879310344827587
02	1	cdf	8	166	70.86966102327504	868	1.0
02	1	cdf	8	167	35.86501879560519	918	0.9967320261437909
02	1	cdf	8	168	51.12577563200465	842	1.0
02	1	cdf	8	169	105.9478606033114	834	0.9928057553956835
02	1	cdf	8	170	80.23612841269733	1026	0.9951267056530214
02	1	cdf	8	171	86.84774462591987	812	0.9901477832512315
02	1	cdf	8	172	75.44031820373586	1109	0.9828674481514879
02	1	cdf	8	173	83.80913884199066	834	0.9988009592326139
02	1	cdf	8	174	101.81586786941578	675	0.9940740740740741
02	1	cdf	8	175	31.918311733397516	1084	0.9953874538745388
02	1	cdf	8	176	63.15918813789124	1476	1.0
02	1	cdf	8	177	75.61059643294915	767	0.9986962190352021
02	1	cdf	8	178	85.57020752608524	1119	0.9991063449508489
02	1	cdf	8	179	92.83141241764126	1010	0.997029702970297
02	1	cdf	8	180	80.94490591982535	1042	0.9990403071017274
02	1	cdf	8	181	28.871480738936462	1159	0.99137187230371
02	1	cdf	8	182	31.24561591718032	842	0.9608076009501187
02	1	cdf	8	183	87.60349637340948	1058	0.995274102079395
02	1	cdf	8	184	73.60118301702931	1418	0.8744710860366713
02	2	inverse_cdf	1	1	32.047013090664905	1412	1.0
02	2	inverse_cdf	1	2	88.5239749687759	1501	1.0
02	2	inverse_cdf	1	3	35.27537572859272	1100	1.0
02	2	inverse_cdf	1	4	45.39373153925094	1126	1.0
02	2	inverse_cdf	1	5	62.03559242150745	976	1.0
02	2	inverse_cdf	1	6	30.823958566807583	1134	1.0
02	2	inverse_cdf	1	7	35.75741041078106	1418	1.0
02	2	inverse_cdf	1	8	72.49495843544138	1059	1.0
02	2	inverse_cdf	1	9	28.47709918360144	867	1.0
02	2	inverse_cdf	1	10	33.36847324170623	1501	1.0
02	2	inverse_cdf	1	11	38.654123866684365	726	1.0
02	2	inverse_cdf	1	12	52.76755669116807	543	1.0
02	2	inverse_cdf	1	13	88.79731733207507	643	1.0
02	2	inverse_cdf	1	14	33.41241922384456	1352	1.0
02	2	inverse_cdf	1	15	71.68663101667083	868	1.0
02	2	inverse_cdf	1	16	33.500940227872185	1435	1.0
02	2	inverse_cdf	1	17	64.02107420085859	1276	1.0
02	2	inverse_cdf	1	18	33.409354253765486	1036	1.0
02	2	inverse_cdf	1	19	32.81010871517617	1226	1.0
02	2	inverse_cdf	1	20	46.82238818239155	1302	1.0
02	2	inverse_cdf	1	21	33.04723823866141	987	1.0
02	2	inverse_cdf	1	22	34.145113128461134	1476	1.0
02	2	inverse_cdf	1	23	41.13146124490717	1485	1.0
02	2	inverse_cdf	2	24	48.59817393326503	842	1.0
02	2	inverse_cdf	2	25	21.354227320941465	993	1.0
02	2	inverse_cdf	2	26	79.41624407768579	884	1.0
02	2	inverse_cdf	2	27	30.965418041097127	1502	1.0
02	2	inverse_cdf	2	28	38.778820670045434	768	1.0
02	2	inverse_cdf	2	29	34.66415950699538	926	1.0
02	2	inverse_cdf	2	30	48.08661971578885	885	1.0
02	2	inverse_cdf	2	31	34.37180745414483	851	1.0
02	2	inverse_cdf	2	32	29.033671247419246	1118	1.0
02	2	inverse_cdf	2	33	37.54408445919475	1501	1.0
02	2	inverse_cdf	2	34	69.30704719411044	851	1.0
02	2	inverse_cdf	2	35	26.482603159804018	1134	1.0
02	2	inverse_cdf	2	36	25.634439070121	1276	1.0
02	2	inverse_cdf	2	37	62.08304319322214	1001	1.0
02	2	inverse_cdf	2	38	45.706560481136336	1117	1.0
02	2	inverse_cdf	2	39	84.19695593754969	879	1.0
02	2	inverse_cdf	2	40	31.906946217473106	1301	1.0
02	2	inverse_cdf	2	41	74.77823479930262	1218	1.0
02	2	inverse_cdf	2	42	42.438784882085876	1404	1.0
02	2	inverse_cdf	2	43	51.30292682848964	1176	1.0
02	2	inverse_cdf	2	44	24.15818512713453	1076	1.0
02	2	inverse_cdf	2	45	25.373243517541564	992	1.0
02	2	inverse_cdf	2	46	53.492390386336254	659	1.0
02	2	inverse_cdf	3	47	65.34414155554175	968	1.0
02	2	inverse_cdf	3	48	56.47338884077345	909	1.0
02	2	inverse_cdf	3	49	48.55473188713073	951	1.0
02	2	inverse_cdf	3	50	59.08447406767894	1034	1.0
02	2	inverse_cdf	3	51	43.58318796595578	976	1.0
02	2	inverse_cdf	3	52	32.81874050437774	910	1.0
02	2	inverse_cdf	3	53	37.08829407991096	859	1.0
02	2	inverse_cdf	3	54	35.13729817024004	1259	0.9007148530579825
02	2	inverse_cdf	3	55	78.68651306531366	1501	0.9993337774816788
02	2	inverse_cdf	3	56	35.64511185284428	851	0.8848413631022327
02	2	inverse_cdf	3	57	35.889357168079336	901	1.0
02	2	inverse_cdf	3	58	95.90845718802626	1001	1.0
02	2	inverse_cdf	3	59	29.01461804247295	825	1.0
02	2	inverse_cdf	3	60	45.46402576813111	809	1.0
02	2	inverse_cdf	3	61	41.54122567756579	978	1.0
02	2	inverse_cdf	3	62	25.602158568833534	1017	1.0
02	2	inverse_cdf	3	63	31.13376174016856	1317	1.0
02	2	inverse_cdf	3	64	23.32620635573066	951	1.0
02	2	inverse_cdf	3	65	54.07644222819118	1037	0.9990356798457087
02	2	inverse_cdf	3	66	32.226838309562964	1017	0.9990167158308751
02	2	inverse_cdf	3	67	45.96297343907049	1201	1.0
02	2	inverse_cdf	3	68	25.5324034273925	1086	1.0
02	2	inverse_cdf	3	69	40.31835635735211	1368	1.0
02	2	inverse_cdf	4	70	115.93473034996732	1092	0.9432234432234432
02	2	inverse_cdf	4	71	42.59755774458652	917	0.9956379498364231
02	2	inverse_cdf	4	72	38.427276885591745	776	1.0
02	2	inverse_cdf	4	73	39.491343801565144	792	1.0
02	2	inverse_cdf	4	74	107.9051450659728	1068	0.9878277153558053
02	2	inverse_cdf	4	75	47.050229521257684	1235	0.9927125506072875
02	2	inverse_cdf	4	76	25.751794449072673	1067	0.9962511715089035
02	2	inverse_cdf	4	77	38.193350808537694	951	1.0
02	2	inverse_cdf	4	78	22.971431690280774	943	1.0
02	2	inverse_cdf	4	79	54.53547000040788	893	1.0
02	2	inverse_cdf	4	80	25.615746520671053	1051	1.0
02	2	inverse_cdf	4	81	78.30566837129837	842	0.998812351543943
02	2	inverse_cdf	4	82	43.56051989589018	826	1.0
02	2	inverse_cdf	4	83	26.779868137036736	1218	1.0
02	2	inverse_cdf	4	84	27.594471340882304	1009	1.0
02	2	inverse_cdf	4	85	47.62540041402523	1095	1.0
02	2	inverse_cdf	4	86	35.71866434603401	959	1.0
02	2	inverse_cdf	4	87	109.8039915152696	917	0.9989094874591058
02	2	inverse_cdf	4	88	31.76067883780095	776	1.0
02	2	inverse_cdf	4	89	95.27009680076078	1101	0.9918256130790191
02	2	inverse_cdf	4	90	27.185741023540324	1168	1.0
02	2	inverse_cdf	4	91	68.18202233795395	801	1.0
02	2	inverse_cdf	4	92	74.19833280999438	834	1.0
02	2	inverse_cdf	5	93	44.58814248230811	1026	1.0
02	2	inverse_cdf	5	94	36.09375194745065	960	1.0
02	2	inverse_cdf	5	95	64.67049096436095	1085	1.0
02	2	inverse_cdf	5	96	31.4509509871198	1368	1.0
02	2	inverse_cdf	5	97	25.00844849014061	951	1.0
02	2	inverse_cdf	5	98	29.61483622698372	1168	1.0
02	2	inverse_cdf	5	99	27.77064877328189	1195	1.0
02	2	inverse_cdf	5	100	27.750119764005838	1193	1.0
02	2	inverse_cdf	5	101	77.73575439922367	1201	1.0
02	2	inverse_cdf	5	102	81.6756050445546	959	1.0
02	2	inverse_cdf	5	103	24.640983904576075	652	1.0
02	2	inverse_cdf	5	104	47.862852177233506	1501	0.9926715522984677
02	2	inverse_cdf	5	105	38.76742712790768	1018	0.9990176817288802
02	2	inverse_cdf	5	106	55.25007989263102	1028	0.9990272373540856
02	2	inverse_cdf	5	107	75.79062110911282	1117	1.0
02	2	inverse_cdf	5	108	40.99112298569189	1051	0.9990485252140818
02	2	inverse_cdf	5	109	37.998154278536965	1118	1.0
02	2	inverse_cdf	5	110	83.4319624719563	1011	1.0
02	2	inverse_cdf	5	111	78.12110494562981	993	1.0
02	2	inverse_cdf	5	112	34.15707812342452	909	1.0
02	2	inverse_cdf	5	113	100.43228002354887	1101	1.0
02	2	inverse_cdf	5	114	44.22525730843869	1501	1.0
02	2	inverse_cdf	5	115	37.226888882479926	976	0.9989754098360656
02	2	inverse_cdf	6	116	41.186083418564166	884	1.0
02	2	inverse_cdf	6	117	35.7849387726214	1209	1.0
02	2	inverse_cdf	6	118	33.77671563828305	1076	1.0
02	2	inverse_cdf	6	119	43.216181677335975	684	1.0
02	2	inverse_cdf	6	120	24.87753190049483	651	1.0
02	2	inverse_cdf	6	121	37.430736028618306	1343	0.9985107967237528
02	2	inverse_cdf	6	122	33.8914557364929	700	0.9985714285714286
02	2	inverse_cdf	6	123	37.746607176510764	1018	0.9931237721021611
02	2	inverse_cdf	6	124	36.677954822250925	959	0.9979144942648592
02	2	inverse_cdf	6	125	29.542519484369954	1201	0.9983347210657785
02	2	inverse_cdf	6	126	25.739633867229358	1043	1.0
02	2	inverse_cdf	6	127	29.953863409246345	1001	1.0
02	2	inverse_cdf	6	128	42.23555994152471	901	1.0
02	2	inverse_cdf	6	129	41.286197720719876	801	0.9987515605493134
02	2	inverse_cdf	6	130	36.20042165286777	1093	1.0
02	2	inverse_cdf	6	131	45.471800199691664	1126	1.0
02	2	inverse_cdf	6	132	27.133576216828363	1209	1.0
02	2	inverse_cdf	6	133	44.023326121463086	1176	1.0
02	2	inverse_cdf	6	134	30.10841909751115	1243	1.0
02	2	inverse_cdf	6	135	30.357503472328837	709	1.0
02	2	inverse_cdf	6	136	38.70015400803637	976	1.0
02	2	inverse_cdf	6	137	22.326052882112595	959	1.0
02	2	inverse_cdf	6	138	25.973660811988044	1118	1.0
02	2	inverse_cdf	7	139	42.962939781742094	1177	0.9974511469838573
02	2	inverse_cdf	7	140	18.14611091264123	1162	1.0
02	2	inverse_cdf	7	141	23.838108531779184	884	1.0
02	2	inverse_cdf	7	142	78.77046853327359	951	1.0
02	2	inverse_cdf	7	143	42.8818306051916	1179	1.0
02	2	inverse_cdf	7	144	31.465597022805383	976	1.0
02	2	inverse_cdf	7	145	29.830352688014905	1125	1.0
02	2	inverse_cdf	7	146	39.86327770283036	901	1.0
02	2	inverse_cdf	7	147	37.07318728731773	976	1.0
02	2	inverse_cdf	7	148	32.38197873610505	1334	0.9985007496251874
02	2	inverse_cdf	7	149	33.48071044698284	1309	1.0
02	2	inverse_cdf	7	150	28.483262360467695	884	1.0
02	2	inverse_cdf	7	151	34.96317988589295	1318	0.9992412746585736
02	2	inverse_cdf	7	152	114.99703475570166	1309	1.0
02	2	inverse_cdf	7	153	26.807430604673872	1351	1.0
02	2	inverse_cdf	7	154	22.95293089538864	967	1.0
02	2	inverse_cdf	7	155	35.742706029875976	1009	1.0
02	2	inverse_cdf	7	156	42.83045659736427	1034	1.0
02	2	inverse_cdf	7	157	26.323299591821634	910	1.0
02	2	inverse_cdf	7	158	33.168117554725704	1117	1.0
02	2	inverse_cdf	7	159	27.495685939282442	1059	1.0
02	2	inverse_cdf	7	160	67.28736252522391	1051	0.9990485252140818
02	2	inverse_cdf	7	161	45.30003025996682	1009	0.998017839444995
02	2	inverse_cdf	8	162	27.87530269143769	1168	1.0
02	2	inverse_cdf	8	163	28.984801486188395	1034	1.0
02	2	inverse_cdf	8	164	31.901793106472297	700	1.0
02	2	inverse_cdf	8	165	32.857115378568686	1068	1.0
02	2	inverse_cdf	8	166	32.2900035706974	1393	1.0
02	2	inverse_cdf	8	167	33.22037787303426	1034	1.0
02	2	inverse_cdf	8	168	38.37989793901531	959	1.0
02	2	inverse_cdf	8	169	36.5328709925883	1142	1.0
02	2	inverse_cdf	8	170	36.54076119153286	1070	1.0
02	2	inverse_cdf	8	171	36.02063161567022	917	1.0
02	2	inverse_cdf	8	172	41.86416420322145	901	1.0
02	2	inverse_cdf	8	173	30.66987659634709	1096	1.0
02	2	inverse_cdf	8	174	92.39654057849319	817	1.0
02	2	inverse_cdf	8	175	56.51921188485985	785	1.0
02	2	inverse_cdf	8	176	39.76600702364896	1126	1.0
02	2	inverse_cdf	8	177	60.818484864505464	1070	1.0
02	2	inverse_cdf	8	178	28.287463608904194	1176	0.9991496598639455
02	2	inverse_cdf	8	179	25.535209988413566	1009	1.0
02	2	inverse_cdf	8	180	45.05776004852977	1502	1.0
02	2	inverse_cdf	8	181	27.15552078274086	817	1.0
02	2	inverse_cdf	8	182	25.7787357271763	867	1.0
02	2	inverse_cdf	8	183	27.206176115213292	909	1.0
02	2	inverse_cdf	8	184	31.00484873869572	1034	0.9980657640232108
03	1	inverse_cdf	1	1	89.03787910225668	1751	1.0
03	1	inverse_cdf	1	2	56.535074110774666	1185	1.0
03	1	inverse_cdf	1	3	45.316895598123345	1752	1.0
03	1	inverse_cdf	1	4	42.41075166259081	1501	1.0
03	1	inverse_cdf	1	5	92.40664043694836	1218	1.0
03	1	inverse_cdf	1	6	59.939801779202206	1610	0.9658385093167702
03	1	inverse_cdf	1	7	59.8080364173376	1460	1.0
03	1	inverse_cdf	1	8	97.52085352879172	1409	0.9467707594038325
03	1	inverse_cdf	1	9	36.362658606005596	1335	1.0
03	1	inverse_cdf	1	10	97.80749803483388	1217	1.0
03	1	inverse_cdf	1	11	93.66931334005864	1751	1.0
03	1	inverse_cdf	1	12	109.94806436597914	1185	1.0
03	1	inverse_cdf	1	13	192.23158752906517	1376	0.9542151162790697
03	1	inverse_cdf	1	14	35.88343583126503	1468	1.0
03	1	inverse_cdf	1	15	47.636585930003285	1293	0.9489559164733179
03	1	inverse_cdf	1	16	98.10386815024478	1118	0.9347048300536672
03	1	inverse_cdf	1	17	98.02461732413451	1587	0.9565217391304348
03	1	inverse_cdf	1	18	69.48028315014518	1751	1.0
03	1	inverse_cdf	1	19	54.60877154746721	1443	0.9681219681219682
03	1	inverse_cdf	1	20	58.473340300215646	1403	0.9629365645046329
03	1	inverse_cdf	1	21	36.745074204097556	967	1.0
03	1	inverse_cdf	1	22	79.59478231514076	1701	1.0
03	1	inverse_cdf	1	23	154.42583337470282	1753	1.0
03	1	inverse_cdf	2	24	49.0263592710352	1043	1.0
03	1	inverse_cdf	2	25	31.579507069254536	985	1.0
03	1	inverse_cdf	2	26	53.518819447943194	1571	0.9700827498408657
03	1	inverse_cdf	2	27	143.31653186714524	1527	0.8552717747216765
03	1	inverse_cdf	2	28	66.21223375635773	1752	0.91837899543379
03	1	inverse_cdf	2	29	45.51145400590237	1744	1.0
03	1	inverse_cdf	2	30	176.18855843724532	1259	0.9293089753772835
03	1	inverse_cdf	2	31	98.7981403380065	1668	0.9574340527577938
03	1	inverse_cdf	2	32	132.4789367160468	1168	1.0
03	1	inverse_cdf	2	33	150.84140881318794	1368	1.0
03	1	inverse_cdf	2	34	116.13837439896778	1752	0.954337899543379
03	1	inverse_cdf	2	35	93.44126277420341	1552	0.7699742268041238
03	1	inverse_cdf	2	36	98.17461941378569	826	1.0
03	1	inverse_cdf	2	37	113.72594615442567	1752	0.9788812785388128
03	1	inverse_cdf	2	38	82.24484813476631	1744	0.8761467889908257
03	1	inverse_cdf	2	39	96.21764442957759	1335	0.947565543071161
03	1	inverse_cdf	2	40	57.37749453970351	1326	1.0
03	1	inverse_cdf	2	41	89.91959918696692	1577	0.9651236525047558
03	1	inverse_cdf	2	42	130.67066113361963	1260	1.0
03	1	inverse_cdf	2	43	88.18196395001115	1752	0.9594748858447488
03	1	inverse_cdf	2	44	351.14602417723023	1595	0.709717868338558
03	1	inverse_cdf	2	45	141.1134072900354	1484	0.954177897574124
03	1	inverse_cdf	2	46	191.74581283062034	1751	0.9097658480868075
03	1	inverse_cdf	3	47	243.18948769311464	1493	0.9370395177494977
03	1	inverse_cdf	3	48	135.7810765794381	1435	1.0
03	1	inverse_cdf	3	49	34.33622519581827	1243	1.0
03	1	inverse_cdf	3	50	49.982205184917255	802	1.0
03	1	inverse_cdf	3	51	36.3666850666547	801	1.0
03	1	inverse_cdf	3	52	116.17916998198163	1359	0.7431935246504783
03	1	inverse_cdf	3	53	205.75514287600348	1750	0.3605714285714286
03	1	inverse_cdf	3	54	96.80232368845289	1701	0.8512639623750735
03	1	inverse_cdf	3	55	72.08942255215955	1753	1.0
03	1	inverse_cdf	3	56	63.075358077439255	1435	0.9658536585365853
03	1	inverse_cdf	3	57	160.81147217938133	1493	1.0
03	1	inverse_cdf	3	58	338.0246977137853	1696	0.4988207547169811
03	1	inverse_cdf	3	59	37.963329512430285	1493	1.0
03	1	inverse_cdf	3	60	32.7764200944043	1109	1.0
03	1	inverse_cdf	3	61	60.177837119142026	1753	0.7438676554478038
03	1	inverse_cdf	3	62	84.47696926647603	1236	1.0
03	1	inverse_cdf	3	63	166.6038032476169	1043	0.925215723873442
03	1	inverse_cdf	3	64	31.28541526587294	959	1.0
03	1	inverse_cdf	3	65	113.86013344962659	1011	0.9218595450049456
03	1	inverse_cdf	3	66	181.4493543505236	1560	0.8051282051282052
03	1	inverse_cdf	3	67	231.2426509259961	1668	0.7284172661870504
03	1	inverse_cdf	3	68	52.50748982369022	669	1.0
03	1	inverse_cdf	3	69	197.61494670161275	1593	0.8311362209667295
03	1	inverse_cdf	4	70	84.15476531702072	1159	0.9396031061259706
03	1	inverse_cdf	4	71	119.16250504335116	1751	0.9571673329525985
03	1	inverse_cdf	4	72	39.45375593399087	951	1.0
03	1	inverse_cdf	4	73	102.6610611041116	1352	0.9393491124260355
03	1	inverse_cdf	4	74	150.54196915597674	1417	1.0
03	1	inverse_cdf	4	75	87.60200713368191	1693	0.9982279976373302
03	1	inverse_cdf	4	76	33.422425699736635	1234	1.0
03	1	inverse_cdf	4	77	188.25371421003337	1610	1.0
03	1	inverse_cdf	4	78	298.0389825015003	1435	0.9881533101045297
03	1	inverse_cdf	4	79	93.3399137760967	1312	0.8391768292682927
03	1	inverse_cdf	4	80	84.19294188184752	1710	1.0
03	1	inverse_cdf	4	81	52.28115477702734	1752	1.0
03	1	inverse_cdf	4	82	113.62882424233688	1261	1.0
03	1	inverse_cdf	4	83	107.32227341876953	1076	1.0
03	1	inverse_cdf	4	84	164.27283641499113	850	0.9176470588235294
03	1	inverse_cdf	4	85	109.58235911046664	1660	1.0
03	1	inverse_cdf	4	86	37.94205242050698	959	1.0
03	1	inverse_cdf	4	87	198.65356966151506	1476	0.9566395663956639
03	1	inverse_cdf	4	88	88.66858796351123	1159	0.9421915444348576
03	1	inverse_cdf	4	89	113.35376834740748	1276	0.8338557993730408
03	1	inverse_cdf	4	90	49.17646538141647	1518	1.0
03	1	inverse_cdf	4	91	92.13419625471835	734	0.885558583106267
03	1	inverse_cdf	4	92	70.49334379820446	1534	0.940677966101695
03	1	inverse_cdf	5	93	44.44596547452697	1643	1.0
03	1	inverse_cdf	5	94	25.698737849874952	818	1.0
03	1	inverse_cdf	5	95	68.66855123326324	800	0.92125
03	1	inverse_cdf	5	96	31.91350684608381	1268	1.0
03	1	inverse_cdf	5	97	24.611403117920513	1452	1.0
03	1	inverse_cdf	5	98	130.83573954275278	1751	1.0
03	1	inverse_cdf	5	99	37.70597778335922	1070	1.0
03	1	inverse_cdf	5	100	157.80335977728495	1751	1.0
03	1	inverse_cdf	5	101	41.64400113426002	1593	1.0
03	1	inverse_cdf	5	102	27.29521949442914	1351	1.0
03	1	inverse_cdf	5	103	77.2474378622051	1175	1.0
03	1	inverse_cdf	5	104	25.52401740317353	1752	1.0
03	1	inverse_cdf	5	105	33.548039256736125	1101	1.0
03	1	inverse_cdf	5	106	65.61787596670459	1075	1.0
03	1	inverse_cdf	5	107	21.2253555836249	609	1.0
03	1	inverse_cdf	5	108	56.42594794826266	1176	1.0
03	1	inverse_cdf	5	109	33.77500089238906	1401	1.0
03	1	inverse_cdf	5	110	137.54072835818477	1342	0.9634873323397913
03	1	inverse_cdf	5	111	68.7199993029834	1593	1.0
03	1	inverse_cdf	5	112	123.76052426047318	1351	1.0
03	1	inverse_cdf	5	113	129.0708707002514	809	1.0
03	1	inverse_cdf	5	114	29.79440619443658	1577	1.0
03	1	inverse_cdf	5	115	48.14623524597796	1159	1.0
03	1	inverse_cdf	6	116	191.19201610014764	1079	0.9620018535681186
03	1	inverse_cdf	6	117	23.969407223352203	600	1.0
03	1	inverse_cdf	6	118	25.26448778100859	1026	1.0
03	1	inverse_cdf	6	119	60.47232157415644	1243	1.0
03	1	inverse_cdf	6	120	128.9033706491804	1151	1.0
03	1	inverse_cdf	6	121	126.85157625061176	1251	0.9464428457234213
03	1	inverse_cdf	6	122	87.30096676422262	1092	1.0
03	1	inverse_cdf	6	123	84.04643476254523	1352	1.0
03	1	inverse_cdf	6	124	30.18391942991702	1311	1.0
03	1	inverse_cdf	6	125	37.93810883877402	767	1.0
03	1	inverse_cdf	6	126	56.784160035302925	793	1.0
03	1	inverse_cdf	6	127	62.42422825456587	1279	1.0
03	1	inverse_cdf	6	128	48.0070559384063	1334	1.0
03	1	inverse_cdf	6	129	110.48490161691196	926	1.0
03	1	inverse_cdf	6	130	112.62899730069176	1267	0.9005524861878453
03	1	inverse_cdf	6	131	34.05658672876468	1418	1.0
03	1	inverse_cdf	6	132	72.6591250479846	1134	1.0
03	1	inverse_cdf	6	133	49.31089038648555	1727	1.0
03	1	inverse_cdf	6	134		1753	0.0
03	1	inverse_cdf	6	135	42.71322957492579	1018	1.0
03	1	inverse_cdf	6	136	111.78789252821318	901	1.0
03	1	inverse_cdf	6	137	113.89001978239315	1168	1.0
03	1	inverse_cdf	6	138	97.06934543733512	1101	0.8555858310626703
03	1	inverse_cdf	7	139	42.81184117687592	1451	1.0
03	1	inverse_cdf	7	140	103.86993372310404	1067	1.0
03	1	inverse_cdf	7	141	104.39566858411037	901	1.0
03	1	inverse_cdf	7	142	67.5695876136008	1451	1.0
03	1	inverse_cdf	7	143	20.44967531289306	859	1.0
03	1	inverse_cdf	7	144	48.943934297230506	1751	1.0
03	1	inverse_cdf	7	145	35.93953020210788	1551	1.0
03	1	inverse_cdf	7	146	57.15247170058085	1518	1.0
03	1	inverse_cdf	7	147	30.663305147491688	1112	1.0
03	1	inverse_cdf	7	148	118.95850957869231	1610	0.8801242236024844
03	1	inverse_cdf	7	149	54.42760656105382	1668	1.0
03	1	inverse_cdf	7	150	77.54008220576073	1028	1.0
03	1	inverse_cdf	7	151	146.8002443852844	951	1.0
03	1	inverse_cdf	7	152	86.55262253648397	1293	0.9481825212683681
03	1	inverse_cdf	7	153	29.622373268519407	1754	1.0
03	1	inverse_cdf	7	154	66.9786066653564	1592	1.0
03	1	inverse_cdf	7	155	36.072528781355864	1526	1.0
03	1	inverse_cdf	7	156	79.4438455247387	1068	1.0
03	1	inverse_cdf	7	157	69.27796651850204	1734	0.7243367935409458
03	1	inverse_cdf	7	158	28.89036022803068	1751	1.0
03	1	inverse_cdf	7	159	63.91630812046847	776	1.0
03	1	inverse_cdf	7	160	71.24390070321422	1009	0.981169474727453
03	1	inverse_cdf	7	161	139.20146455640452	1418	0.688293370944993
03	1	inverse_cdf	8	162	113.5194572865194	1136	1.0
03	1	inverse_cdf	8	163	33.4549561334517	884	1.0
03	1	inverse_cdf	8	164	58.3341540118186	984	1.0
03	1	inverse_cdf	8	165	21.642456896405523	1628	1.0
03	1	inverse_cdf	8	166	76.98657516306478	1468	1.0
03	1	inverse_cdf	8	167	29.908453998378704	1468	1.0
03	1	inverse_cdf	8	168	137.44067049849616	893	1.0
03	1	inverse_cdf	8	169	54.41442878260346	850	1.0
03	1	inverse_cdf	8	170	36.46017787350759	1034	1.0
03	1	inverse_cdf	8	171	109.3301535710613	1126	1.0
03	1	inverse_cdf	8	172	43.6311200282292	1176	1.0
03	1	inverse_cdf	8	173	86.34937923717693	893	1.0
03	1	inverse_cdf	8	174	30.900463218594886	1751	1.0
03	1	inverse_cdf	8	175	54.56764809615556	1367	1.0
03	1	inverse_cdf	8	176	28.522043906798668	1235	1.0
03	1	inverse_cdf	8	177	43.61861324115044	1729	1.0
03	1	inverse_cdf	8	178	145.1242771845476	1501	1.0
03	1	inverse_cdf	8	179	32.16719048927888	1375	1.0
03	1	inverse_cdf	8	180	108.36718127643378	1234	1.0
03	1	inverse_cdf	8	181	26.161729689160964	867	1.0
03	1	inverse_cdf	8	182	70.71960513584759	1209	1.0
03	1	inverse_cdf	8	183	34.44719828259063	1686	1.0
03	1	inverse_cdf	8	184	24.53906482469885	884	1.0
03	2	cdf	1	1	71.94191717791765	1751	1.0
03	2	cdf	1	2	21.958524897398327	1751	1.0
03	2	cdf	1	3	35.1777070299015	1751	1.0
03	2	cdf	1	4	38.42505914605324	934	1.0
03	2	cdf	1	5	64.47268767530922	1669	1.0
03	2	cdf	1	6	103.66398736840635	1527	1.0
03	2	cdf	1	7	46.276849713784244	734	1.0
03	2	cdf	1	8	62.713127686162274	1527	0.9757694826457105
03	2	cdf	1	9	21.17486126249338	1452	1.0
03	2	cdf	1	10	193.80296948971744	1409	0.7899219304471257
03	2	cdf	1	11	24.442477848317555	1484	1.0
03	2	cdf	1	12	25.616950503188203	1751	1.0
03	2	cdf	1	13	28.480584024129005	1626	0.982779827798278
03	2	cdf	1	14	82.79971858077556	1409	1.0
03	2	cdf	1	15	61.44723201662973	1752	1.0
03	2	cdf	1	16	102.51314708561455	1676	0.7673031026252983
03	2	cdf	1	17	87.38116927897298	1443	0.9348579348579349
03	2	cdf	1	18	39.506904826886235	1529	0.7161543492478745
03	2	cdf	1	19	35.47086223860001	1752	1.0
03	2	cdf	1	20	23.696016193324166	1627	0.9895513214505224
03	2	cdf	1	21	91.17515772712107	1084	1.0
03	2	cdf	1	22	37.611452868828174	1510	1.0
03	2	cdf	1	23	30.62711497623139	1309	1.0
03	2	cdf	2	24	58.530743135615424	1543	0.9442644199611148
03	2	cdf	2	25	36.26191904547854	1510	1.0
03	2	cdf	2	26	23.275700812088935	1750	1.0
03	2	cdf	2	27	77.15446581090747	1368	1.0
03	2	cdf	2	28	46.25921560521778	1627	1.0
03	2	cdf	2	29	327.59916411597897	1751	0.21644774414620216
03	2	cdf	2	30	35.59261100238729	1551	1.0
03	2	cdf	2	31	20.24229381200213	1303	0.8610897927858787
03	2	cdf	2	32	49.38792294338972	1485	1.0
03	2	cdf	2	33	64.62122056750998	1076	1.0
03	2	cdf	2	34	100.24253568990548	1753	0.8853394181403309
03	2	cdf	2	35	79.66721929302093	1117	1.0
03	2	cdf	2	36	81.09073431644008	1192	0.9219798657718121
03	2	cdf	2	37	53.800771872920656	1753	0.8482601254991443
03	2	cdf	2	38	105.82140251805717	1284	1.0
03	2	cdf	2	39	55.739264440271945	1309	0.9541634835752483
03	2	cdf	2	40	111.82627122529634	1568	0.9056122448979592
03	2	cdf	2	41	30.353526678174205	1517	1.0
03	2	cdf	2	42	76.41200339529988	1734	1.0
03	2	cdf	2	43	49.504609978598985	1752	1.0
03	2	cdf	2	44	88.04443889531316	1300	1.0
03	2	cdf	2	45	106.17982425047349	1593	1.0
03	2	cdf	2	46	103.80557232739616	1326	0.978129713423831
03	2	cdf	3	47	115.05803060422951	1085	1.0
03	2	cdf	3	48	132.54780577821379	1526	0.8158584534731324
03	2	cdf	3	49	130.893090896263	1343	1.0
03	2	cdf	3	50	25.486275685429877	876	1.0
03	2	cdf	3	51	9.753290281487198	726	1.0
03	2	cdf	3	52	20.874844049396454	643	1.0
03	2	cdf	3	53	18.243904238211375	1476	1.0
03	2	cdf	3	54	88.30772916318563	1120	1.0
03	2	cdf	3	55	45.54439739041185	1719	0.9773123909249564
03	2	cdf	3	56	41.86236455460686	1543	0.9351911860012961
03	2	cdf	3	57	74.21422494613562	1503	1.0
03	2	cdf	3	58	53.848432784672724	1752	1.0
03	2	cdf	3	59	96.63818959396525	1693	0.6597755463673951
03	2	cdf	3	60	24.752344129418077	837	1.0
03	2	cdf	3	61	75.56863843218548	1668	0.9640287769784173
03	2	cdf	3	62	150.64506111474088	1460	0.9452054794520548
03	2	cdf	3	63	26.370417562194895	1751	0.934323243860651
03	2	cdf	3	64	30.930728240801646	742	1.0
03	2	cdf	3	65	38.58833046427069	1546	1.0
03	2	cdf	3	66	345.8806171015559	1752	0.24771689497716895
03	2	cdf	3	67	23.686985123951402	1525	1.0
03	2	cdf	3	68	62.52434003170982	975	0.9969230769230769
03	2	cdf	3	69	115.42441181271936	1326	0.9871794871794872
03	2	cdf	4	70	22.34032527073057	1520	1.0
03	2	cdf	4	71	91.18257919643077	951	1.0
03	2	cdf	4	72	53.50687108230455	1035	0.9478260869565217
03	2	cdf	4	73	18.84450430112149	1752	1.0
03	2	cdf	4	74	42.689292255396516	926	1.0
03	2	cdf	4	75	49.33869187499852	1426	0.9628330995792427
03	2	cdf	4	76	88.17695706207513	1412	1.0
03	2	cdf	4	77	75.78925554213886	1376	0.9542151162790697
03	2	cdf	4	78	50.919223105206925	1009	0.9197224975222993
03	2	cdf	4	79	63.420981635800594	676	0.8757396449704142
03	2	cdf	4	80	76.43860263245361	1585	0.9400630914826499
03	2	cdf	4	81	32.60305684926125	1226	1.0
03	2	cdf	4	82	24.802074187085637	1084	1.0
03	2	cdf	4	83	93.57735432244962	1193	1.0
03	2	cdf	4	84	27.199938404897235	1152	1.0
03	2	cdf	4	85	60.048085106483896	1652	0.965496368038741
03	2	cdf	4	86	46.860178732185105	1468	0.9604904632152589
03	2	cdf	4	87	307.7769905578258	1751	0.7281553398058253
03	2	cdf	4	88	46.637573481002626	1026	1.0
03	2	cdf	4	89	129.32192285711614	942	0.9639065817409767
03	2	cdf	4	90	42.3921269158926	926	0.9092872570194385
03	2	cdf	4	91	83.14972798482519	1101	0.8110808356039964
03	2	cdf	4	92	160.50542521193765	884	0.8506787330316742
03	2	cdf	5	93	29.402203911648268	1435	1.0
03	2	cdf	5	94	24.74771730175566	992	1.0
03	2	cdf	5	95	71.52755580459797	1126	1.0
03	2	cdf	5	96	41.522198812763556	1343	1.0
03	2	cdf	5	97	73.96083380537549	1176	0.9804421768707483
03	2	cdf	5	98	132.86550929341888	1576	0.7722081218274112
03	2	cdf	5	99	117.53294358936945	826	1.0
03	2	cdf	5	100	29.665299810760096	1262	0.9492868462757528
03	2	cdf	5	101	137.8606005633486	1418	0.8356840620592384
03	2	cdf	5	102	109.10506665301529	1193	0.9153394803017603
03	2	cdf	5	103	22.002282589863285	936	1.0
03	2	cdf	5	104	47.48074815492369	917	1.0
03	2	cdf	5	105	114.77469958088116	1201	0.9134054954204829
03	2	cdf	5	106	59.36734750971996	801	1.0
03	2	cdf	5	107	43.23342012997881	1735	0.9902017291066283
03	2	cdf	5	108	26.176616197259268	1293	1.0
03	2	cdf	5	109	71.81405104978695	1134	0.9259259259259259
03	2	cdf	5	110	29.548441702629557	1750	0.788
03	2	cdf	5	111	179.60205564314498	1059	0.9235127478753541
03	2	cdf	5	112	70.84396384392223	1168	1.0
03	2	cdf	5	113	133.1263864804359	1137	0.909410729991205
03	2	cdf	5	114	30.17107978960938	1368	1.0
03	2	cdf	5	115	91.91712852673953	1142	0.9238178633975481
03	2	cdf	6	116	39.03818698324469	1750	1.0
03	2	cdf	6	117	37.09710206076743	901	1.0
03	2	cdf	6	118	35.43670150720868	1084	1.0
03	2	cdf	6	119	165.98762755007064	1751	0.4814391776127927
03	2	cdf	6	120	46.685723573971245	1351	1.0
03	2	cdf	6	121	40.16977071981717	1302	1.0
03	2	cdf	6	122	45.54937412481816	1293	1.0
03	2	cdf	6	123	35.62743873683071	1652	1.0
03	2	cdf	6	124	24.995723972803603	784	1.0
03	2	cdf	6	125	51.7378886760283	1577	0.9441978440076094
03	2	cdf	6	126	138.714380269045	1268	0.7050473186119873
03	2	cdf	6	127	22.921470310480544	1451	0.943487250172295
03	2	cdf	6	128	110.98157517932626	1351	1.0
03	2	cdf	6	129	319.9376452251992	1744	0.7098623853211009
03	2	cdf	6	130	51.98082520707741	1059	1.0
03	2	cdf	6	131	61.70522350215364	1318	0.9514415781487102
03	2	cdf	6	132	93.4253073685839	1643	0.7054169202678028
03	2	cdf	6	133	59.538180729711044	1076	0.9330855018587361
03	2	cdf	6	134	218.04012100009513	1429	0.900629811056683
03	2	cdf	6	135	98.71592205114533	1059	0.9008498583569405
03	2	cdf	6	136	61.88053795678956	801	0.8426966292134831
03	2	cdf	6	137	30.74061532421929	1154	0.5147313691507799
03	2	cdf	6	138	65.81110249543121	1326	1.0
03	2	cdf	7	139	43.85014072082026	1343	1.0
03	2	cdf	7	140	23.303292525419934	542	1.0
03	2	cdf	7	141	107.6873559768353	1243	0.9871279163314561
03	2	cdf	7	142	24.9502119456031	1243	0.9742558326629123
03	2	cdf	7	143	27.941388293488348	801	1.0
03	2	cdf	7	144	101.3216782138212	1101	0.9618528610354223
03	2	cdf	7	145	97.02684659007318	818	0.8410757946210269
03	2	cdf	7	146	26.4268468029506	1334	1.0
03	2	cdf	7	147	34.89392524456321	1301	1.0
03	2	cdf	7	148	76.54116861444041	1601	1.0
03	2	cdf	7	149	36.25765545286681	768	1.0
03	2	cdf	7	150	33.4593141785139	984	0.9827235772357723
03	2	cdf	7	151	29.565738419950776	1376	1.0
03	2	cdf	7	152	158.3792916264109	1443	0.7595287595287595
03	2	cdf	7	153	65.03261126229896	1075	1.0
03	2	cdf	7	154	163.28486827395602	1752	0.747716894977169
03	2	cdf	7	155	119.97345033279255	651	0.847926267281106
03	2	cdf	7	156	79.31053125940423	1192	1.0
03	2	cdf	7	157	43.974862006448596	1042	0.9702495201535508
03	2	cdf	7	158	66.02636752461227	1412	1.0
03	2	cdf	7	159	73.26300084717197	1251	1.0
03	2	cdf	7	160	24.765020192842762	960	1.0
03	2	cdf	7	161	108.79880461032295	1137	1.0
03	2	cdf	8	162	16.307664343149206	967	1.0
03	2	cdf	8	163	111.39887866253056	1502	1.0
03	2	cdf	8	164	16.073158456374525	1751	1.0
03	2	cdf	8	165	28.600515824548644	993	1.0
03	2	cdf	8	166	24.34410033126696	917	1.0
03	2	cdf	8	167	19.015832534666746	1234	1.0
03	2	cdf	8	168	29.86732682738589	1167	1.0
03	2	cdf	8	169	21.761813907523376	1026	0.9814814814814815
03	2	cdf	8	170	85.51252809480772	725	1.0
03	2	cdf	8	171	84.58578489384365	1359	0.9455481972038263
03	2	cdf	8	172	14.238840826553805	1287	1.0
03	2	cdf	8	173	56.40897783137834	709	0.8857545839210155
03	2	cdf	8	174	137.2474296618599	1101	0.9200726612170754
03	2	cdf	8	175	187.58212372781162	759	0.9723320158102767
03	2	cdf	8	176	32.526513435589834	1368	1.0
03	2	cdf	8	177	126.49875983496125	943	0.7868504772004242
03	2	cdf	8	178	113.65343178057584	726	0.8939393939393939
03	2	cdf	8	179	34.31725507180102	1143	1.0
03	2	cdf	8	180	72.87856366291966	876	1.0
03	2	cdf	8	181	22.682273125459492	1143	1.0
03	2	cdf	8	182	57.52917760537224	1668	1.0
03	2	cdf	8	183	26.9324407198028	1310	1.0
03	2	cdf	8	184	161.2305774706539	1126	0.9422735346358793
04	1	cdf	1	1	116.58093435424855	1752	0.964041095890411
04	1	cdf	1	2	85.36031645364598	1184	0.9045608108108109
04	1	cdf	1	3	58.46333760068766	1720	1.0
04	1	cdf	1	4	41.82972657412021	884	1.0
04	1	cdf	1	5	50.40873632690509	1751	1.0
04	1	cdf	1	6	69.49685596803361	1209	1.0
04	1	cdf	1	7	46.48168705077844	1160	1.0
04	1	cdf	1	8	50.01176467249166	1751	1.0
04	1	cdf	1	9	76.83912705705167	1751	0.9565962307252999
04	1	cdf	1	10	33.40298035560463	911	1.0
04	1	cdf	1	11	61.64283012773999	1243	1.0
04	1	cdf	1	12	29.489115343384245	1101	1.0
04	1	cdf	1	13	56.52996074489538	1242	1.0
04	1	cdf	1	14	42.42431742596055	1593	1.0
04	1	cdf	1	15	52.81165308819817	1752	1.0
04	1	cdf	1	16	36.035799818592324	1218	1.0
04	1	cdf	1	17	57.98526541306071	1101	1.0
04	1	cdf	1	18	73.82869533553558	1127	1.0
04	1	cdf	1	19	62.88026108696518	1468	1.0
04	1	cdf	1	20	44.746812989865546	1000	1.0
04	1	cdf	1	21	89.53005096016624	1753	1.0
04	1	cdf	1	22	69.89553998170358	1309	1.0
04	1	cdf	1	23	117.95509952167393	1250	1.0
04	1	cdf	2	24	72.2363057587619	1327	1.0
04	1	cdf	2	25	65.93226911481094	1420	1.0
04	1	cdf	2	26	96.84811141638549	1051	1.0
04	1	cdf	2	27	66.54009741988303	1752	0.9691780821917808
04	1	cdf	2	28	54.80416137970618	1219	0.9450369155045119
04	1	cdf	2	29	56.91411424395621	1752	1.0
04	1	cdf	2	30	41.03049013503078	1744	0.9696100917431193
04	1	cdf	2	31	55.38750976709815	1034	0.9816247582205029
04	1	cdf	2	32	47.604569894024905	1750	1.0
04	1	cdf	2	33	77.77237036934561	1527	0.9823182711198428
04	1	cdf	2	34	52.847283224709315	1293	1.0
04	1	cdf	2	35	36.18275457384388	1400	1.0
04	1	cdf	2	36	47.75441187889893	876	1.0
04	1	cdf	2	37	59.64339180232816	1752	1.0
04	1	cdf	2	38	69.10610458636869	1744	1.0
04	1	cdf	2	39	36.34481626575685	1067	1.0
04	1	cdf	2	40	44.29973549860956	1634	1.0
04	1	cdf	2	41	104.2155009741378	1452	0.9869146005509641
04	1	cdf	2	42	65.89299258155445	1659	0.9397227245328511
04	1	cdf	2	43	77.27070797320563	1301	1.0
04	1	cdf	2	44	107.30944166975739	1026	0.9074074074074074
04	1	cdf	2	45	46.677465979131	1751	1.0
04	1	cdf	2	46	58.136787570017916	1368	1.0
04	1	cdf	3	47	51.8617033588661	1652	1.0
04	1	cdf	3	48	36.54606841540788	1750	1.0
04	1	cdf	3	49	62.487208582540084	1417	1.0
04	1	cdf	3	50	46.553009955393385	1643	0.9628727936701157
04	1	cdf	3	51	38.93753204655439	1625	1.0
04	1	cdf	3	52	96.75036464562244	1718	0.9953434225844005
04	1	cdf	3	53	40.85722278888594	1751	1.0
04	1	cdf	3	54	47.87024717903196	1360	1.0
04	1	cdf	3	55	65.91804489002787	1751	1.0
04	1	cdf	3	56	48.553710568329706	1744	0.9506880733944955
04	1	cdf	3	57	44.8261372760959	1668	1.0
04	1	cdf	3	58	43.921413459368914	1309	1.0
04	1	cdf	3	59	56.52555791575046	1753	1.0
04	1	cdf	3	60	33.99524880775212	1709	1.0
04	1	cdf	3	61	41.54424659575899	1202	1.0
04	1	cdf	3	62	30.594789527357108	768	1.0
04	1	cdf	3	63	74.11386682654921	1100	1.0
04	1	cdf	3	64	30.02621824407808	1752	1.0
04	1	cdf	3	65	92.34541591935684	793	0.8839848675914249
04	1	cdf	3	66	46.95540895273479	1417	0.9915314043754411
04	1	cdf	3	67	58.682579862810044	1217	0.9252259654889071
04	1	cdf	3	68	60.903789699804435	934	0.9528907922912205
04	1	cdf	3	69	28.87241929213892	1261	1.0
04	1	cdf	4	70	51.529636355750355	1510	0.990728476821192
04	1	cdf	4	71	42.075654088876576	1502	1.0
04	1	cdf	4	72	55.791177753423284	1470	1.0
04	1	cdf	4	73	64.08478396373866	1560	0.9403846153846154
04	1	cdf	4	74	32.82023440747221	1118	1.0
04	1	cdf	4	75	88.27862712944383	1553	0.9813264649066323
04	1	cdf	4	76	49.41234534617042	1076	1.0
04	1	cdf	4	77	42.88780492729766	1493	1.0
04	1	cdf	4	78	67.43571466598868	1752	1.0
04	1	cdf	4	79	69.94566686938373	1709	0.9660620245757753
04	1	cdf	4	80	27.71888945638149	1751	1.0
04	1	cdf	4	81	59.05788975785849	1743	0.9546758462421113
04	1	cdf	4	82	43.59718474375031	1134	1.0
04	1	cdf	4	83	40.92489283999674	1242	1.0
04	1	cdf	4	84	43.44166329419009	1751	1.0
04	1	cdf	4	85	90.19216981513614	1460	0.95
04	1	cdf	4	86	58.62361068401412	825	1.0
04	1	cdf	4	87	116.23303226173502	802	1.0
04	1	cdf	4	88	35.289699108860695	1577	1.0
04	1	cdf	4	89	33.865203272978825	1067	1.0
04	1	cdf	4	90	46.57972268865597	1311	1.0
04	1	cdf	4	91	57.27425604878213	1735	0.9648414985590779
04	1	cdf	4	92	38.539785702020104	925	1.0
04	1	cdf	5	93	35.711220119585256	1751	1.0
04	1	cdf	5	94	40.736408339102134	1302	1.0
04	1	cdf	5	95	70.68867989438863	1286	0.9307931570762052
04	1	cdf	5	96	53.11026343817407	1751	1.0
04	1	cdf	5	97	34.5941006203056	1343	1.0
04	1	cdf	5	98	57.52340396549484	1353	0.9741315594974131
04	1	cdf	5	99	31.64855107953144	1284	1.0
04	1	cdf	5	100	62.7402252696895	1201	1.0
04	1	cdf	5	101	60.04343746552344	1126	1.0
04	1	cdf	5	102	64.38360841532977	925	1.0
04	1	cdf	5	103	91.03754278497345	1068	1.0
04	1	cdf	5	104	89.26976303523597	1118	0.9534883720930233
04	1	cdf	5	105	58.61559979243391	1751	0.9902912621359223
04	1	cdf	5	106	36.076022081831056	1068	1.0
04	1	cdf	5	107	68.17227456229912	1618	1.0
04	1	cdf	5	108	71.68231405247872	1110	1.0
04	1	cdf	5	109	48.76217170918945	1067	1.0
04	1	cdf	5	110	60.34867423340824	1752	0.9178082191780822
04	1	cdf	5	111	46.51765591266878	1551	1.0
04	1	cdf	5	112	64.03092144127237	1510	1.0
04	1	cdf	5	113	48.14402170200892	1453	1.0
04	1	cdf	5	114	26.79014041178229	1518	1.0
04	1	cdf	5	115	55.6775587935356	1151	1.0
04	1	cdf	6	116	84.75682837471304	910	1.0
04	1	cdf	6	117	61.10171240002657	934	0.9689507494646681
04	1	cdf	6	118	39.87382258310556	784	1.0
04	1	cdf	6	119	48.815048394206904	1577	1.0
04	1	cdf	6	120	41.12051520601981	1217	1.0
04	1	cdf	6	121	38.62996896761653	1068	1.0
04	1	cdf	6	122	53.694667934200254	1367	0.9678127286027798
04	1	cdf	6	123	71.3201681573749	1393	1.0
04	1	cdf	6	124	49.0669757847944	1250	1.0
04	1	cdf	6	125	118.23229028998476	625	0.8928
04	1	cdf	6	126	44.97162801892973	1193	1.0
04	1	cdf	6	127	47.19036492601523	1017	1.0
04	1	cdf	6	128	53.22732989496172	1610	0.9583850931677018
04	1	cdf	6	129	126.11660545265947	1126	0.9271758436944938
04	1	cdf	6	130	48.09321718851923	1368	1.0
04	1	cdf	6	131	40.53320454163565	1434	1.0
04	1	cdf	6	132	49.868487158607216	1536	1.0
04	1	cdf	6	133	48.67414914108758	1427	0.9992992291520673
04	1	cdf	6	134	36.27739238783	1435	1.0
04	1	cdf	6	135	53.422273325791764	1753	0.9629207073588134
04	1	cdf	6	136	38.512332995927444	993	1.0
04	1	cdf	6	137	94.44240756678306	1643	0.9543517954960439
04	1	cdf	6	138	25.239833162278867	818	1.0
04	1	cdf	7	139	50.00664736363577	1400	1.0
04	1	cdf	7	140	39.7928243719492	984	1.0
04	1	cdf	7	141	52.63159323412513	1367	0.9480614484272128
04	1	cdf	7	142	59.0073419756117	1375	0.9585454545454546
04	1	cdf	7	143	60.21653334217743	1018	0.9430255402750491
04	1	cdf	7	144	65.21194965833257	1385	0.9256317689530686
04	1	cdf	7	145	41.65321906220659	1350	1.0
04	1	cdf	7	146	44.525492436522704	1201	0.9600333055786844
04	1	cdf	7	147	40.95354739676125	1129	1.0
04	1	cdf	7	148	82.53472667918705	1543	1.0
04	1	cdf	7	149	53.70123981813824	1418	0.9760225669957687
04	1	cdf	7	150	110.21174639485385	1111	0.9315931593159316
04	1	cdf	7	151	34.10593870856664	1017	1.0
04	1	cdf	7	152	36.64971036764166	1610	1.0
04	1	cdf	7	153	45.78382332272209	1259	1.0
04	1	cdf	7	154	46.59976036439589	1401	1.0
04	1	cdf	7	155	44.107058737421724	676	1.0
04	1	cdf	7	156	44.66635818640053	1577	1.0
04	1	cdf	7	157	66.45380479805237	1034	1.0
04	1	cdf	7	158	74.31964640524282	1403	0.9650748396293657
04	1	cdf	7	159	37.86607650032194	1660	1.0
04	1	cdf	7	160	49.97129640349871	1360	1.0
04	1	cdf	7	161	48.439933153197735	1370	0.9700729927007299
04	1	cdf	8	162	31.623304586681407	1317	1.0
04	1	cdf	8	163	43.43395637822385	1251	1.0
04	1	cdf	8	164	45.21503265982352	1576	0.9428934010152284
04	1	cdf	8	165	52.32067231213666	1017	0.9252704031465093
04	1	cdf	8	166	46.474998253536164	1751	1.0
04	1	cdf	8	167	47.41011013070867	1652	1.0
04	1	cdf	8	168	64.20605156461187	1717	1.0
04	1	cdf	8	169	58.58137759522638	1259	0.9396346306592533
04	1	cdf	8	170	52.63924312391121	1753	1.0
04	1	cdf	8	171	72.23854835592938	1276	1.0
04	1	cdf	8	172	41.65567055778639	1242	0.9460547504025765
04	1	cdf	8	173	43.636681593442	1287	1.0
04	1	cdf	8	174	43.56872696651761	1210	1.0
04	1	cdf	8	175	69.25036615197675	1259	1.0
04	1	cdf	8	176	45.64446873603437	1237	1.0
04	1	cdf	8	177	30.851430270403863	1400	1.0
04	1	cdf	8	178	52.631627619312596	1727	1.0
04	1	cdf	8	179	36.783160646128046	901	1.0
04	1	cdf	8	180	42.46242410326343	1510	1.0
04	1	cdf	8	181	59.25630594874759	1520	0.9710526315789474
04	1	cdf	8	182	52.7857036407367	1752	1.0
04	1	cdf	8	183	56.01594337017577	1492	0.9953083109919572
04	1	cdf	8	184	75.31870676947491	1209	1.0
04	2	inverse_cdf	1	1	87.14983037964366	1752	0.954337899543379
04	2	inverse_cdf	1	2	42.50905854065503	1267	0.9589581689029203
04	2	inverse_cdf	1	3	44.39412644607449	1067	1.0
04	2	inverse_cdf	1	4	45.62484421582834	1276	1.0
04	2	inverse_cdf	1	5	34.82468792270405	992	1.0
04	2	inverse_cdf	1	6	26.919320565237086	1752	1.0
04	2	inverse_cdf	1	7	35.49152141536155	1385	1.0
04	2	inverse_cdf	1	8	32.516091217497184	1418	1.0
04	2	inverse_cdf	1	9	30.031595501292617	1217	1.0
04	2	inverse_cdf	1	10	71.54414031218417	1267	1.0
04	2	inverse_cdf	1	11	32.91859589934779	1026	1.0
04	2	inverse_cdf	1	12	27.024529802752067	1375	1.0
04	2	inverse_cdf	1	13	44.97876912650682	1068	1.0
04	2	inverse_cdf	1	14	47.60370285798635	1285	1.0
04	2	inverse_cdf	1	15	30.168406029872692	1076	1.0
04	2	inverse_cdf	1	16	25.710993438041395	1217	1.0
04	2	inverse_cdf	1	17	22.09748545469591	1411	1.0
04	2	inverse_cdf	1	18	36.2939518804653	1393	0.9203158650394831
04	2	inverse_cdf	1	19	75.37995959515833	1301	1.0
04	2	inverse_cdf	1	20	30.007482116004333	1144	1.0
04	2	inverse_cdf	1	21	30.442250693999867	1260	0.926984126984127
04	2	inverse_cdf	1	22	27.796833180259572	751	1.0
04	2	inverse_cdf	1	23	58.33853922398994	1627	1.0
04	2	inverse_cdf	2	24	36.73930724742523	792	1.0
04	2	inverse_cdf	2	25	26.99418576143741	1051	1.0
04	2	inverse_cdf	2	26	38.76005276654261	1086	0.990791896869245
04	2	inverse_cdf	2	27	26.183856088353053	1176	1.0
04	2	inverse_cdf	2	28	39.239919189434694	1326	0.9962292609351433
04	2	inverse_cdf	2	29	26.468192201748483	1494	1.0
04	2	inverse_cdf	2	30	30.911609869740307	1585	1.0
04	2	inverse_cdf	2	31	40.25293398196981	1193	1.0
04	2	inverse_cdf	2	32	40.668742476334465	1010	1.0
04	2	inverse_cdf	2	33	46.32683086885167	1751	1.0
04	2	inverse_cdf	2	34	30.832752523158828	1401	1.0
04	2	inverse_cdf	2	35	27.425193635855567	1159	1.0
04	2	inverse_cdf	2	36	39.15439559389337	1360	1.0
04	2	inverse_cdf	2	37	28.503938109680657	701	1.0
04	2	inverse_cdf	2	38	37.69476882434082	1084	1.0
04	2	inverse_cdf	2	39	33.92649404400256	934	1.0
04	2	inverse_cdf	2	40	33.2789267067826	1167	1.0
04	2	inverse_cdf	2	41	28.056918143110344	1418	1.0
04	2	inverse_cdf	2	42	46.28722858333079	1751	0.9782981153626499
04	2	inverse_cdf	2	43	37.94638601947614	1085	1.0
04	2	inverse_cdf	2	44	43.83333562494295	1703	1.0
04	2	inverse_cdf	2	45	33.53700946260018	1201	1.0
04	2	inverse_cdf	2	46	27.366509660486173	1468	1.0
04	2	inverse_cdf	3	47	22.77980097000325	1602	1.0
04	2	inverse_cdf	3	48	25.520816723420793	1108	1.0
04	2	inverse_cdf	3	49	23.482892122028424	1059	1.0
04	2	inverse_cdf	3	50	34.13191760855398	1702	1.0
04	2	inverse_cdf	3	51	33.544681210637854	1542	1.0
04	2	inverse_cdf	3	52	80.9384798729502	1752	1.0
04	2	inverse_cdf	3	53	37.826797468647435	1135	1.0
04	2	inverse_cdf	3	54	55.792568268957886	1601	0.9512804497189257
04	2	inverse_cdf	3	55	53.83786140700807	1618	1.0
04	2	inverse_cdf	3	56	20.593992144231766	1059	1.0
04	2	inverse_cdf	3	57	43.694458548399254	742	1.0
04	2	inverse_cdf	3	58	40.15513310090346	1435	1.0
04	2	inverse_cdf	3	59	35.9036603620236	1103	1.0
04	2	inverse_cdf	3	60	34.04752140025446	1151	0.9496090356211989
04	2	inverse_cdf	3	61	30.140434185449024	1368	1.0
04	2	inverse_cdf	3	62	45.5673505299456	1493	0.9825853985264568
04	2	inverse_cdf	3	63	90.61468866468026	1726	1.0
04	2	inverse_cdf	3	64	29.666773188754824	1669	1.0
04	2	inverse_cdf	3	65	72.71538633214465	1318	0.9597875569044007
04	2	inverse_cdf	3	66	50.91004321342923	1359	1.0
04	2	inverse_cdf	3	67	37.53672067975044	1618	0.930778739184178
04	2	inverse_cdf	3	68	67.55992152103396	893	1.0
04	2	inverse_cdf	3	69	43.36537683374106	1659	1.0
04	2	inverse_cdf	4	70	79.7454751638401	1051	1.0
04	2	inverse_cdf	4	71	34.86761264865383	1751	1.0
04	2	inverse_cdf	4	72	33.03402705885738	1059	0.9499527856468366
04	2	inverse_cdf	4	73	40.51178272447089	1318	1.0
04	2	inverse_cdf	4	74	29.9632733324721	1259	1.0
04	2	inverse_cdf	4	75	26.3881493147396	1478	0.993234100135318
04	2	inverse_cdf	4	76	41.04450231904848	1217	1.0
04	2	inverse_cdf	4	77	35.22321405899435	1226	1.0
04	2	inverse_cdf	4	78	44.02143237278344	1167	1.0
04	2	inverse_cdf	4	79	31.396282515017937	1275	0.9576470588235294
04	2	inverse_cdf	4	80	46.54571015633118	909	0.9526952695269527
04	2	inverse_cdf	4	81	27.996472718450438	1268	1.0
04	2	inverse_cdf	4	82	36.83148877925588	1534	1.0
04	2	inverse_cdf	4	83	43.736899448330234	1460	1.0
04	2	inverse_cdf	4	84	72.4213925274786	1577	1.0
04	2	inverse_cdf	4	85	39.2090990785839	1526	0.9737876802096985
04	2	inverse_cdf	4	86	40.65065116982946	1133	1.0
04	2	inverse_cdf	4	87	31.071876640415258	1351	0.9985196150999259
04	2	inverse_cdf	4	88	39.22924603736135	1668	0.9586330935251799
04	2	inverse_cdf	4	89	35.492614198606404	968	1.0
04	2	inverse_cdf	4	90	33.99724673150711	1752	1.0
04	2	inverse_cdf	4	91	42.03562463372082	1301	1.0
04	2	inverse_cdf	4	92	36.868204818724415	1710	0.9824561403508771
04	2	inverse_cdf	5	93	32.13299284637437	1554	0.944015444015444
04	2	inverse_cdf	5	94	39.2993395863791	1335	0.9677902621722847
04	2	inverse_cdf	5	95	34.18176273475788	1751	1.0
04	2	inverse_cdf	5	96	29.651273941509725	825	1.0
04	2	inverse_cdf	5	97	29.7938806288456	1126	1.0
04	2	inverse_cdf	5	98	27.90509621272733	1318	0.870257966616085
04	2	inverse_cdf	5	99	41.70156027226866	993	1.0
04	2	inverse_cdf	5	100	32.724838025574066	1368	1.0
04	2	inverse_cdf	5	101	28.64530839135256	1051	1.0
04	2	inverse_cdf	5	102	48.52451046309879	1409	0.9382540809084458
04	2	inverse_cdf	5	103	38.29961570558226	1434	1.0
04	2	inverse_cdf	5	104	23.40759966469427	1101	1.0
04	2	inverse_cdf	5	105	43.68089895890009	1334	0.9437781109445277
04	2	inverse_cdf	5	106	26.540771895454572	876	1.0
04	2	inverse_cdf	5	107	45.04469397599173	1209	1.0
04	2	inverse_cdf	5	108	33.13709154527099	1259	1.0
04	2	inverse_cdf	5	109	79.11579039323352	1310	1.0
04	2	inverse_cdf	5	110	63.17903606495613	1752	0.9794520547945206
04	2	inverse_cdf	5	111	34.92076235722879	1285	1.0
04	2	inverse_cdf	5	112	32.11651288657059	1193	1.0
04	2	inverse_cdf	5	113	34.55766274722018	1302	0.9270353302611367
04	2	inverse_cdf	5	114	20.720868956878473	1527	1.0
04	2	inverse_cdf	5	115	32.196902127170766	1635	1.0
04	2	inverse_cdf	6	116	44.06770229501686	1343	0.956813104988831
04	2	inverse_cdf	6	117	27.62556417061846	1443	0.9708939708939709
04	2	inverse_cdf	6	118	35.228438527476506	1384	1.0
04	2	inverse_cdf	6	119	44.05330410443994	1560	0.916025641025641
04	2	inverse_cdf	6	120	35.30869594607154	1559	1.0
04	2	inverse_cdf	6	121	27.13816641358702	1367	0.9429407461594733
04	2	inverse_cdf	6	122	38.51298136172718	1301	0.9723289777094543
04	2	inverse_cdf	6	123	25.824713832133995	1228	1.0
04	2	inverse_cdf	6	124	29.061744663776118	1009	1.0
04	2	inverse_cdf	6	125	30.70357814530017	675	1.0
04	2	inverse_cdf	6	126	36.00822650635119	1578	1.0
04	2	inverse_cdf	6	127	30.509514619128222	1126	1.0
04	2	inverse_cdf	6	128	27.166610941752904	1601	1.0
04	2	inverse_cdf	6	129	34.98109927124674	1209	1.0
04	2	inverse_cdf	6	130	27.302170746229947	951	1.0
04	2	inverse_cdf	6	131	50.871173726488934	1285	1.0
04	2	inverse_cdf	6	132	33.438148019313985	1393	1.0
04	2	inverse_cdf	6	133	36.74985668746562	817	1.0
04	2	inverse_cdf	6	134	61.28739262949134	1751	1.0
04	2	inverse_cdf	6	135	55.62396863528016	984	1.0
04	2	inverse_cdf	6	136	53.36010784666588	1184	1.0
04	2	inverse_cdf	6	137	31.227822345020225	917	1.0
04	2	inverse_cdf	6	138	36.317965713383664	1309	0.9274255156608098
04	2	inverse_cdf	7	139	29.331074553957013	1201	1.0
04	2	inverse_cdf	7	140	35.13854191561596	1176	0.9277210884353742
04	2	inverse_cdf	7	141	14.717098570788458	1159	1.0
04	2	inverse_cdf	7	142	19.09686249745963	1185	1.0
04	2	inverse_cdf	7	143	70.88063938166584	1093	1.0
04	2	inverse_cdf	7	144	35.04230374084313	1360	0.9257352941176471
04	2	inverse_cdf	7	145	34.83346480170027	783	1.0
04	2	inverse_cdf	7	146	29.97020267864303	1426	0.9733520336605891
04	2	inverse_cdf	7	147	23.659326439989574	1184	1.0
04	2	inverse_cdf	7	148	45.43516178556899	1568	1.0
04	2	inverse_cdf	7	149	31.05948178812674	1634	0.9443084455324358
04	2	inverse_cdf	7	150	48.36265576025494	1168	1.0
04	2	inverse_cdf	7	151	43.18486544255053	1309	1.0
04	2	inverse_cdf	7	152	50.628144442258666	1426	1.0
04	2	inverse_cdf	7	153	31.572918788193633	1751	1.0
04	2	inverse_cdf	7	154	38.39812819183225	1353	1.0
04	2	inverse_cdf	7	155	26.455878224556525	1093	1.0
04	2	inverse_cdf	7	156	31.363937086486917	1468	1.0
04	2	inverse_cdf	7	157	32.55843727037984	984	1.0
04	2	inverse_cdf	7	158	53.85206262573751	1318	1.0
04	2	inverse_cdf	7	159	34.17844854113486	1517	1.0
04	2	inverse_cdf	7	160	36.08394319225274	1543	1.0
04	2	inverse_cdf	7	161	39.29187810103038	951	1.0
04	2	inverse_cdf	8	162	37.901767682854555	1360	1.0
04	2	inverse_cdf	8	163	37.228687702173154	1093	1.0
04	2	inverse_cdf	8	164	33.87059359560815	1302	1.0
04	2	inverse_cdf	8	165	43.357870919209816	1226	1.0
04	2	inverse_cdf	8	166	30.38088701547541	1526	1.0
04	2	inverse_cdf	8	167	26.15394373895961	1594	1.0
04	2	inverse_cdf	8	168	47.349459965201426	1193	1.0
04	2	inverse_cdf	8	169	41.07013589360281	1460	0.9178082191780822
04	2	inverse_cdf	8	170	28.04601496216508	1093	1.0
04	2	inverse_cdf	8	171	32.73906674383535	1518	1.0
04	2	inverse_cdf	8	172	37.66598035429608	1418	1.0
04	2	inverse_cdf	8	173	32.017380642602454	1618	1.0
04	2	inverse_cdf	8	174	30.481659350466916	1286	1.0
04	2	inverse_cdf	8	175	30.596658599029034	1368	0.935672514619883
04	2	inverse_cdf	8	176	25.307299204728253	1493	0.9805760214333556
04	2	inverse_cdf	8	177	28.370924900896124	1376	1.0
04	2	inverse_cdf	8	178	37.99516700275797	1384	1.0
04	2	inverse_cdf	8	179	27.73107728685441	1143	1.0
04	2	inverse_cdf	8	180	48.17016254328445	1168	0.9434931506849316
04	2	inverse_cdf	8	181	26.130629928177516	1444	1.0
04	2	inverse_cdf	8	182	37.47648685004051	767	0.8565840938722294
04	2	inverse_cdf	8	183	69.9066473329614	1151	1.0
04	2	inverse_cdf	8	184	25.371983206843954	1604	1.0
05	1	inverse_cdf	1	1	94.98913571149907	1752	1.0
05	1	inverse_cdf	1	2	75.76954871357785	1484	1.0
05	1	inverse_cdf	1	3	28.699055865477032	1668	1.0
05	1	inverse_cdf	1	4	37.70704352585625	1751	1.0
05	1	inverse_cdf	1	5	46.985279347804514	1159	1.0
05	1	inverse_cdf	1	6	113.48404844263199	1702	1.0
05	1	inverse_cdf	1	7	70.26042553514023	1484	1.0
05	1	inverse_cdf	1	8	81.27321511858634	1752	1.0
05	1	inverse_cdf	1	9	44.31065663090867	1101	1.0
05	1	inverse_cdf	1	10	31.87684704187866	1087	1.0
05	1	inverse_cdf	1	11	87.00660982950969	1660	1.0
05	1	inverse_cdf	1	12	30.548959703509215	893	1.0
05	1	inverse_cdf	1	13	69.50787520545664	1162	1.0
05	1	inverse_cdf	1	14	43.79281753103557	1660	1.0
05	1	inverse_cdf	1	15	77.3659092249686	1243	1.0
05	1	inverse_cdf	1	16	47.38394528574182	1610	1.0
05	1	inverse_cdf	1	17	62.499524311856085	1692	1.0
05	1	inverse_cdf	1	18	47.56500740421566	1310	1.0
05	1	inverse_cdf	1	19	65.35135474196967	1752	1.0
05	1	inverse_cdf	1	20	34.459721163768656	895	1.0
05	1	inverse_cdf	1	21	24.158184253934234	1026	1.0
05	1	inverse_cdf	1	22	46.8436820320327	1493	1.0
05	1	inverse_cdf	1	23	48.6398299965246	1752	1.0
05	1	inverse_cdf	2	24	65.98464470909086	925	1.0
05	1	inverse_cdf	2	25	103.00866587241435	1453	1.0
05	1	inverse_cdf	2	26	37.63400102303486	1451	1.0
05	1	inverse_cdf	2	27	51.7362166141708	1619	1.0
05	1	inverse_cdf	2	28	37.4912228754523	1361	1.0
05	1	inverse_cdf	2	29	77.42810754356532	1184	1.0
05	1	inverse_cdf	2	30	36.278416054097725	1602	1.0
05	1	inverse_cdf	2	31	45.26715895145662	1743	1.0
05	1	inverse_cdf	2	32	33.13814421139382	1025	1.0
05	1	inverse_cdf	2	33	82.56738998612133	959	1.0
05	1	inverse_cdf	2	34	51.1472196071167	1084	1.0
05	1	inverse_cdf	2	35	34.13592899672812	943	1.0
05	1	inverse_cdf	2	36	58.37528009150857	1752	1.0
05	1	inverse_cdf	2	37	72.43244902728459	1652	1.0
05	1	inverse_cdf	2	38	26.7856764265497	1251	1.0
05	1	inverse_cdf	2	39	70.70779917884805	976	1.0
05	1	inverse_cdf	2	40	39.56112324881148	1026	1.0
05	1	inverse_cdf	2	41	43.41394618685237	1135	1.0
05	1	inverse_cdf	2	42	81.35973061138763	985	1.0
05	1	inverse_cdf	2	43	42.701010926387276	1076	1.0
05	1	inverse_cdf	2	44	66.2279946842152	1393	1.0
05	1	inverse_cdf	2	45	75.853062004833	1159	1.0
05	1	inverse_cdf	2	46	50.690980144505204	1051	1.0
05	1	inverse_cdf	3	47	78.55376693606595	818	1.0
05	1	inverse_cdf	3	48	62.63135718445457	1292	1.0
05	1	inverse_cdf	3	49	28.32674679018537	751	1.0
05	1	inverse_cdf	3	50	45.68694744803174	1334	1.0
05	1	inverse_cdf	3	51	51.36728346049082	1209	1.0
05	1	inverse_cdf	3	52	58.257898200758625	1610	1.0
05	1	inverse_cdf	3	53	66.1602616915785	1335	1.0
05	1	inverse_cdf	3	54	23.92636840462855	1293	1.0
05	1	inverse_cdf	3	55	45.248949173310635	818	1.0
05	1	inverse_cdf	3	56	40.569476218124365	901	1.0
05	1	inverse_cdf	3	57	54.436615674631696	809	1.0
05	1	inverse_cdf	3	58	134.16466355871736	1276	1.0
05	1	inverse_cdf	3	59	26.32764616492297	1454	1.0
05	1	inverse_cdf	3	60	103.42097564370397	1368	1.0
05	1	inverse_cdf	3	61	29.903122352794217	834	1.0
05	1	inverse_cdf	3	62	83.51026845378766	1251	1.0
05	1	inverse_cdf	3	63	67.88736614210787	1401	1.0
05	1	inverse_cdf	3	64	128.3746791939715	875	1.0
05	1	inverse_cdf	3	65	128.52115839980803	1126	1.0
05	1	inverse_cdf	3	66	35.754626726192626	1135	1.0
05	1	inverse_cdf	3	67	37.32408672054828	1067	1.0
05	1	inverse_cdf	3	68	36.549809200226534	1468	1.0
05	1	inverse_cdf	3	69	41.694740351636916	1751	1.0
05	1	inverse_cdf	4	70	94.80106892403906	909	1.0
05	1	inverse_cdf	4	71	24.607723794961206	869	1.0
05	1	inverse_cdf	4	72	48.58471631776362	1385	1.0
05	1	inverse_cdf	4	73	30.378807128832126	1226	1.0
05	1	inverse_cdf	4	74	59.61641185850239	934	1.0
05	1	inverse_cdf	4	75	38.3046042848279	909	1.0
05	1	inverse_cdf	4	76	47.43544095465644	959	1.0
05	1	inverse_cdf	4	77	31.538164692809733	1426	1.0
05	1	inverse_cdf	4	78	74.96173970540889	1343	1.0
05	1	inverse_cdf	4	79	44.20829486377387	1068	1.0
05	1	inverse_cdf	4	80	34.26235752532968	1352	1.0
05	1	inverse_cdf	4	81	67.45085490300205	759	1.0
05	1	inverse_cdf	4	82	31.68083524725959	967	1.0
05	1	inverse_cdf	4	83	28.697255658303817	809	1.0
05	1	inverse_cdf	4	84	48.42896980210723	951	1.0
05	1	inverse_cdf	4	85	46.413301142995195	1401	1.0
05	1	inverse_cdf	4	86	37.90666251944031	1228	1.0
05	1	inverse_cdf	4	87	121.38494092515805	1118	1.0
05	1	inverse_cdf	4	88	95.89597399813819	959	1.0
05	1	inverse_cdf	4	89	101.80645506407704	1387	1.0
05	1	inverse_cdf	4	90	82.68451368725076	1251	0.9424460431654677
05	1	inverse_cdf	4	91	45.01656208283125	1434	1.0
05	1	inverse_cdf	4	92	85.27715585879548	1251	1.0
05	1	inverse_cdf	5	93	50.32351315299919	1135	1.0
05	1	inverse_cdf	5	94	45.53646511856955	1126	1.0
05	1	inverse_cdf	5	95	28.624678671996378	1351	1.0
05	1	inverse_cdf	5	96	77.4477238770469	1318	1.0
05	1	inverse_cdf	5	97	41.26958539316364	1351	1.0
05	1	inverse_cdf	5	98	37.26198042130491	842	1.0
05	1	inverse_cdf	5	99	38.34047424896967	1110	1.0
05	1	inverse_cdf	5	100	72.49367784409286	826	1.0
05	1	inverse_cdf	5	101	49.69079335921933	1118	1.0
05	1	inverse_cdf	5	102	44.922979996183706	1151	1.0
05	1	inverse_cdf	5	103	41.41679981041054	1001	1.0
05	1	inverse_cdf	5	104	75.9956375257343	776	1.0
05	1	inverse_cdf	5	105	42.973394763598414	851	1.0
05	1	inverse_cdf	5	106	97.60015315049608	1310	1.0
05	1	inverse_cdf	5	107	45.23000940328037	1059	1.0
05	1	inverse_cdf	5	108	74.96325649485625	1226	1.0
05	1	inverse_cdf	5	109	56.05030945681553	1292	1.0
05	1	inverse_cdf	5	110	127.05740316356872	726	1.0
05	1	inverse_cdf	5	111	50.72644779477535	1560	1.0
05	1	inverse_cdf	5	112	57.40913115189125	1067	1.0
05	1	inverse_cdf	5	113	48.767021777119155	1093	1.0
05	1	inverse_cdf	5	114	33.27611400979652	1026	1.0
05	1	inverse_cdf	5	115	43.31328204146015	1260	1.0
05	1	inverse_cdf	6	116	43.980489230498684	1126	1.0
05	1	inverse_cdf	6	117	76.89082644480875	1360	1.0
05	1	inverse_cdf	6	118	102.20867690297167	1360	1.0
05	1	inverse_cdf	6	119	38.17199833790597	1227	1.0
05	1	inverse_cdf	6	120	105.52567580565055	1310	1.0
05	1	inverse_cdf	6	121	33.43039452795022	1109	1.0
05	1	inverse_cdf	6	122	28.285672485365264	1251	1.0
05	1	inverse_cdf	6	123	35.814278455320796	1303	1.0
05	1	inverse_cdf	6	124	45.76078876452458	1502	1.0
05	1	inverse_cdf	6	125	68.29944181961622	984	1.0
05	1	inverse_cdf	6	126	42.92033556617946	1159	1.0
05	1	inverse_cdf	6	127	40.7655081387982	1151	1.0
05	1	inverse_cdf	6	128	96.40475632368668	1259	1.0
05	1	inverse_cdf	6	129	61.25002680118681	1278	1.0
05	1	inverse_cdf	6	130	58.12406894964915	1535	1.0
05	1	inverse_cdf	6	131	39.972666770589726	734	1.0
05	1	inverse_cdf	6	132	106.62581108625217	684	1.0
05	1	inverse_cdf	6	133	45.75604033068333	1343	1.0
05	1	inverse_cdf	6	134	91.0191096070019	1159	1.0
05	1	inverse_cdf	6	135	46.522469771885376	1260	1.0
05	1	inverse_cdf	6	136	22.220163295797022	1101	1.0
05	1	inverse_cdf	6	137	54.66258841032224	1134	1.0
05	1	inverse_cdf	6	138	34.28439607557688	1351	1.0
05	1	inverse_cdf	7	139	111.03817222142133	1410	0.9907801418439717
05	1	inverse_cdf	7	140	91.11550819611602	1210	1.0
05	1	inverse_cdf	7	141	39.7587866703131	1134	1.0
05	1	inverse_cdf	7	142	38.83050318460782	1210	1.0
05	1	inverse_cdf	7	143	32.72018447028806	1401	1.0
05	1	inverse_cdf	7	144	43.10338007747555	943	1.0
05	1	inverse_cdf	7	145	26.463153892164044	1018	1.0
05	1	inverse_cdf	7	146	44.39309411803394	892	1.0
05	1	inverse_cdf	7	147	49.92938629492268	901	1.0
05	1	inverse_cdf	7	148	50.7742972043979	1284	1.0
05	1	inverse_cdf	7	149	61.3657102430254	901	1.0
05	1	inverse_cdf	7	150	43.68365204773641	1160	1.0
05	1	inverse_cdf	7	151	109.81278613356585	1093	1.0
05	1	inverse_cdf	7	152	42.69894156825266	1092	1.0
05	1	inverse_cdf	7	153	79.58307839388752	1435	1.0
05	1	inverse_cdf	7	154	48.93852116272244	917	1.0
05	1	inverse_cdf	7	155	42.986913022764696	976	1.0
05	1	inverse_cdf	7	156	43.241289559206955	1362	1.0
05	1	inverse_cdf	7	157	91.10545679362619	1151	1.0
05	1	inverse_cdf	7	158	37.21692491503875	1385	1.0
05	1	inverse_cdf	7	159	37.374339576153936	1751	1.0
05	1	inverse_cdf	7	160	44.32765819993049	1410	1.0
05	1	inverse_cdf	7	161	63.16270620083558	1226	1.0
05	1	inverse_cdf	8	162	89.1898706693997	1201	1.0
05	1	inverse_cdf	8	163	24.61705697156314	667	1.0
05	1	inverse_cdf	8	164	29.002194764588623	1426	1.0
05	1	inverse_cdf	8	165	28.674720679479176	1468	1.0
05	1	inverse_cdf	8	166	39.349699656141475	1268	1.0
05	1	inverse_cdf	8	167	49.42494850846418	1001	1.0
05	1	inverse_cdf	8	168	86.45099195862504	1101	1.0
05	1	inverse_cdf	8	169	81.19407659031705	1385	1.0
05	1	inverse_cdf	8	170	33.95485666225498	626	1.0
05	1	inverse_cdf	8	171	58.300084431529775	1310	1.0
05	1	inverse_cdf	8	172	35.373548174794756	893	1.0
05	1	inverse_cdf	8	173	103.25697059490327	1209	1.0
05	1	inverse_cdf	8	174	43.83020108534778	1009	1.0
05	1	inverse_cdf	8	175	57.01826459805128	1268	1.0
05	1	inverse_cdf	8	176	35.40264580482628	1226	1.0
05	1	inverse_cdf	8	177	39.77116596211558	1443	1.0
05	1	inverse_cdf	8	178	38.30704623274308	1201	1.0
05	1	inverse_cdf	8	179	53.08048409488434	1162	1.0
05	1	inverse_cdf	8	180	71.84912814810792	1502	1.0
05	1	inverse_cdf	8	181	41.90739802706233	1493	1.0
05	1	inverse_cdf	8	182	35.900738854042125	926	1.0
05	1	inverse_cdf	8	183	35.03092458470485	1468	1.0
05	1	inverse_cdf	8	184	35.38312736829178	1492	1.0
05	2	cdf	1	1	38.78818667578135	1059	1.0
05	2	cdf	1	2	128.53964944215696	1283	0.9649259547934529
05	2	cdf	1	3	59.63432151959187	1635	1.0
05	2	cdf	1	4	111.34704621608101	1093	1.0
05	2	cdf	1	5	59.071884915259716	1408	1.0
05	2	cdf	1	6	59.75152053343271	1317	1.0
05	2	cdf	1	7	114.6360800616851	1151	1.0
05	2	cdf	1	8	34.906449012421874	1268	1.0
05	2	cdf	1	9	54.90736688400285	1435	1.0
05	2	cdf	1	10	34.225750858718285	1009	1.0
05	2	cdf	1	11	35.18971487212519	1276	1.0
05	2	cdf	1	12	48.205618013516045	1543	1.0
05	2	cdf	1	13	81.02195184037396	801	1.0
05	2	cdf	1	14	46.29625970115598	1327	1.0
05	2	cdf	1	15	48.549482379152685	1309	1.0
05	2	cdf	1	16	136.25078075508617	1484	0.9380053908355795
05	2	cdf	1	17	42.332250487973965	1751	1.0
05	2	cdf	1	18	52.559866068582124	809	1.0
05	2	cdf	1	19	32.10395553509513	1384	1.0
05	2	cdf	1	20	93.86564594307715	1518	0.8063241106719368
05	2	cdf	1	21	41.694587940270026	1359	1.0
05	2	cdf	1	22	72.01180579732355	1001	1.0
05	2	cdf	1	23	60.72644696767556	1176	1.0
05	2	cdf	2	24	58.058720178999145	1151	0.9721980886185926
05	2	cdf	2	25	84.01834417848481	1050	1.0
05	2	cdf	2	26	44.48821242442816	1318	1.0
05	2	cdf	2	27	52.595278050341456	1435	0.9247386759581881
05	2	cdf	2	28	59.838759020876324	1377	1.0
05	2	cdf	2	29	99.59718222288068	993	1.0
05	2	cdf	2	30	114.89113784403932	1401	1.0
05	2	cdf	2	31	44.018620447013056	1159	1.0
05	2	cdf	2	32	56.76667340692796	1101	1.0
05	2	cdf	2	33	51.71357822753873	1271	1.0
05	2	cdf	2	34	107.14321064923482	1710	0.764327485380117
05	2	cdf	2	35	32.958111015189424	967	1.0
05	2	cdf	2	36	25.660612430573316	1185	1.0
05	2	cdf	2	37	36.463582778834514	1293	1.0
05	2	cdf	2	38	61.37121795162536	1285	1.0
05	2	cdf	2	39	35.52738035753403	876	0.9509132420091324
05	2	cdf	2	40	58.60936455413105	1293	0.9806651198762568
05	2	cdf	2	41	32.20018979418211	1192	1.0
05	2	cdf	2	42	80.04967445869246	1018	1.0
05	2	cdf	2	43	53.22057079380814	1317	1.0
05	2	cdf	2	44	85.71839605337463	1385	0.9465703971119134
05	2	cdf	2	45	44.57097743158498	1201	1.0
05	2	cdf	2	46	32.8976364868464	1285	1.0
05	2	cdf	3	47	59.5816011196458	1159	0.9749784296807593
05	2	cdf	3	48	50.90884404361736	1345	1.0
05	2	cdf	3	49	24.017201136900802	1342	0.1572280178837556
05	2	cdf	3	50	99.29678051936664	1201	0.8542880932556203
05	2	cdf	3	51	63.70186054659274	952	0.9548319327731093
05	2	cdf	3	52	27.218737921782708	1176	0.8903061224489796
05	2	cdf	3	53	46.16880628646433	1151	0.9973935708079931
05	2	cdf	3	54	43.61736487691011	1243	0.8833467417538214
05	2	cdf	3	55	33.686863450941374	1744	0.7477064220183486
05	2	cdf	3	56	68.70664644080372	1738	0.6265822784810127
05	2	cdf	3	57	64.44043262596185	1209	1.0
05	2	cdf	3	58	53.66589622431049	1718	0.9115250291036089
05	2	cdf	3	59	51.33356971478005	1209	1.0
05	2	cdf	3	60	33.802977525057145	1443	0.5613305613305614
05	2	cdf	3	61	43.65223448767636	1010	1.0
05	2	cdf	3	62	79.78964260464842	993	0.9587109768378651
05	2	cdf	3	63	112.88824184367377	1060	0.9481132075471698
05	2	cdf	3	64	38.42787477630859	1243	0.7433628318584071
05	2	cdf	3	65	103.58688083248168	1318	0.6039453717754173
05	2	cdf	3	66	71.52402792715586	649	1.0
05	2	cdf	3	67	40.700266176492875	1176	0.7227891156462585
05	2	cdf	3	68	105.23198706729214	1035	1.0
05	2	cdf	3	69	39.80601752594553	868	1.0
05	2	cdf	4	70	198.39874266174286	1369	0.91672753834916
05	2	cdf	4	71	66.59406143877811	1176	0.7568027210884354
05	2	cdf	4	72	87.96992748563319	1009	0.8761149653121902
05	2	cdf	4	73	61.65472963716527	960	1.0
05	2	cdf	4	74	43.929698106379526	1143	0.8495188101487314
05	2	cdf	4	75	47.41654810939623	1059	0.9924457034938622
05	2	cdf	4	76	36.84972613596218	1093	1.0
05	2	cdf	4	77	50.85505290984607	935	0.9614973262032086
05	2	cdf	4	78	60.77381473034225	1126	0.9040852575488455
05	2	cdf	4	79	56.216782418791006	1110	0.9693693693693693
05	2	cdf	4	80	64.89173418812335	993	1.0
05	2	cdf	4	81	40.46059770478968	1010	0.997029702970297
05	2	cdf	4	82	50.71722735616013	1218	0.8489326765188834
05	2	cdf	4	83	49.823870644283716	1268	1.0
05	2	cdf	4	84	46.04900925493038	1278	0.905320813771518
05	2	cdf	4	85	43.800485709274795	1201	0.8684429641965029
05	2	cdf	4	86	45.41213989661319	1284	1.0
05	2	cdf	4	87	54.68446694886761	1335	0.9565543071161049
05	2	cdf	4	88	85.90575539038117	1118	0.7531305903398927
05	2	cdf	4	89	33.73446097316783	1143	1.0
05	2	cdf	4	90	105.25798076876224	1301	0.740968485780169
05	2	cdf	4	91	51.552713978783615	1393	0.905240488155061
05	2	cdf	4	92	38.09633378197537	1301	0.9723289777094543
05	2	cdf	5	93	37.61500129567407	1243	0.5422365245374094
05	2	cdf	5	94	109.85571804386025	668	1.0
05	2	cdf	5	95	54.02704095828828	1134	0.9400352733686067
05	2	cdf	5	96	40.93360789168236	1001	0.999000999000999
05	2	cdf	5	97	143.8762876998542	1209	0.9644334160463193
05	2	cdf	5	98	29.23646160355922	1226	0.9975530179445351
05	2	cdf	5	99	106.46056594878159	1101	1.0
05	2	cdf	5	100	43.20627981743441	1535	0.8586319218241042
05	2	cdf	5	101	58.11450839558017	1401	0.7266238401142041
05	2	cdf	5	102	54.156843659732274	1151	0.9947871416159861
05	2	cdf	5	103	48.98390147110957	1360	0.8889705882352941
05	2	cdf	5	104	63.35801201095135	943	0.9300106044538706
05	2	cdf	5	105	129.52991501078398	675	0.8933333333333333
05	2	cdf	5	106	37.61824153934988	1226	0.9885807504078303
05	2	cdf	5	107	50.97700057680497	1460	0.791095890410959
05	2	cdf	5	108	26.438388258843688	1093	0.6989935956084172
05	2	cdf	5	109	72.52407391524709	868	1.0
05	2	cdf	5	110	50.745138617146836	817	1.0
05	2	cdf	5	111	65.52448762414603	1359	0.7924944812362031
05	2	cdf	5	112	86.85581432313785	1234	0.7601296596434359
05	2	cdf	5	113	75.3397583415988	1109	0.90892696122633
05	2	cdf	5	114	48.928804566988205	1243	0.9605792437650845
05	2	cdf	5	115	89.20040609514308	1260	0.9968253968253968
05	2	cdf	6	116	55.13802798204151	942	0.8757961783439491
05	2	cdf	6	117	39.61497627170422	952	0.9947478991596639
05	2	cdf	6	118	85.12821828791091	1051	1.0
05	2	cdf	6	119	39.3650289185992	1151	1.0
05	2	cdf	6	120	51.1700001763892	1210	0.990909090909091
05	2	cdf	6	121	49.37008621109074	1109	0.9828674481514879
05	2	cdf	6	122	110.85366773536455	1535	0.7133550488599348
05	2	cdf	6	123	44.249269942926134	1334	0.717391304347826
05	2	cdf	6	124	34.47736710868901	893	1.0
05	2	cdf	6	125	33.24461677540281	885	1.0
05	2	cdf	6	126	106.7855940025757	1368	0.9298245614035088
05	2	cdf	6	127	71.83270911252401	1451	0.8511371467953136
05	2	cdf	6	128	57.56660507133338	1243	1.0
05	2	cdf	6	129	31.073628637197437	1235	1.0
05	2	cdf	6	130	79.43834322566296	1476	0.9166666666666666
05	2	cdf	6	131	31.611811082819013	1068	0.8558052434456929
05	2	cdf	6	132	67.45938049644232	1510	0.7251655629139073
05	2	cdf	6	133	51.32095280530237	1577	0.8566899175649968
05	2	cdf	6	134	45.1516148410358	943	1.0
05	2	cdf	6	135	26.594277912426683	942	1.0
05	2	cdf	6	136	40.941713960362016	1302	0.8978494623655914
05	2	cdf	6	137	45.5734845664718	1209	0.9553349875930521
05	2	cdf	6	138	47.159438746880895	751	1.0
05	2	cdf	7	139	66.83539436119149	1034	0.7098646034816247
05	2	cdf	7	140	40.73555904067439	1235	0.8712550607287449
05	2	cdf	7	141	47.565131126381296	868	1.0
05	2	cdf	7	142	61.444092883559925	1459	0.8540095956134338
05	2	cdf	7	143	38.57450360196005	951	1.0
05	2	cdf	7	144	54.60665693077414	1651	1.0
05	2	cdf	7	145	37.39331595090906	1443	0.9902979902979903
05	2	cdf	7	146	52.81096383436632	1309	0.6333078686019863
05	2	cdf	7	147	40.55537828492879	1060	0.7858490566037736
05	2	cdf	7	148	28.39840774447977	1125	1.0
05	2	cdf	7	149	33.753408241215304	1310	1.0
05	2	cdf	7	150	31.4017661848773	1285	0.930739299610895
05	2	cdf	7	151	38.97823351022007	1235	1.0
05	2	cdf	7	152	48.16985012746576	1393	1.0
05	2	cdf	7	153	65.72214373394709	1360	0.9191176470588235
05	2	cdf	7	154	37.90566689683519	1318	0.8535660091047041
05	2	cdf	7	155	102.92061019743973	1146	0.6544502617801047
05	2	cdf	7	156	38.57096459644437	1102	1.0
05	2	cdf	7	157	69.21137417152494	768	1.0
05	2	cdf	7	158	76.77005926623185	917	1.0
05	2	cdf	7	159	41.85323406201446	1393	1.0
05	2	cdf	7	160	45.9018814297139	1234	1.0
05	2	cdf	7	161	29.62129645054129	1521	1.0
05	2	cdf	8	162	40.41501737370884	984	0.7022357723577236
05	2	cdf	8	163	32.846611956843155	1060	1.0
05	2	cdf	8	164	71.66481530744156	1034	0.9458413926499033
05	2	cdf	8	165	45.61859818813378	1459	0.7655928718300206
05	2	cdf	8	166	41.46383268597197	1159	0.9879206212251941
05	2	cdf	8	167	42.904508042860336	892	1.0
05	2	cdf	8	168	51.293703461171745	1059	1.0
05	2	cdf	8	169	28.82400745819855	792	1.0
05	2	cdf	8	170	45.47933282069833	1393	0.8162239770279971
05	2	cdf	8	171	41.751739915709514	1243	0.8921962992759453
05	2	cdf	8	172	65.50257586014017	1367	0.93050475493782
05	2	cdf	8	173	79.79956420271712	1401	0.9307637401855817
05	2	cdf	8	174	23.803162684460954	1343	1.0
05	2	cdf	8	175	42.35010149893007	1584	0.73989898989899
05	2	cdf	8	176	42.008217977932055	1126	0.9955595026642984
05	2	cdf	8	177	55.143127145826334	1303	0.9808135072908672
05	2	cdf	8	178	54.30473136472874	1276	0.9898119122257053
05	2	cdf	8	179	104.54540555360997	1126	0.9831261101243339
05	2	cdf	8	180	89.63111913368479	1020	0.9980392156862745
05	2	cdf	8	181	83.71127961470837	1459	0.9191226867717615
05	2	cdf	8	182	25.8359475882956	1227	1.0
05	2	cdf	8	183	60.47638135155805	1445	0.9176470588235294
05	2	cdf	8	184	55.00719619003295	1410	0.9929078014184397
06	1	cdf	1	1		1752	0.0
06	1	cdf	1	2		1752	0.0
06	1	cdf	1	3		1636	0.0
06	1	cdf	1	4		901	0.0
06	1	cdf	1	5		1643	0.0
06	1	cdf	1	6		1670	0.0
06	1	cdf	1	7		1752	0.0
06	1	cdf	1	8		768	0.0
06	1	cdf	1	9		1310	0.0
06	1	cdf	1	10		1451	0.0
06	1	cdf	1	11		1235	0.0
06	1	cdf	1	12		1510	0.0
06	1	cdf	1	13		1467	0.0
06	1	cdf	1	14		801	0.0
06	1	cdf	1	15		1501	0.0
06	1	cdf	1	16		1752	0.0
06	1	cdf	1	17		1384	0.0
06	1	cdf	1	18		1753	0.0
06	1	cdf	1	19		1610	0.0
06	1	cdf	1	20		1001	0.0
06	1	cdf	1	21		1752	0.0
06	1	cdf	1	22		1343	0.0
06	1	cdf	1	23		1093	0.0
06	1	cdf	2	24		1151	0.0
06	1	cdf	2	25		1492	0.0
06	1	cdf	2	26		1393	0.0
06	1	cdf	2	27		1576	0.0
06	1	cdf	2	28		1717	0.0
06	1	cdf	2	29	299.1635447888198	1110	0.006306306306306306
06	1	cdf	2	30		1493	0.0
06	1	cdf	2	31		1460	0.0
06	1	cdf	2	32		867	0.0
06	1	cdf	2	33		1411	0.0
06	1	cdf	2	34	66.87694938842557	1668	0.19004796163069546
06	1	cdf	2	35		1243	0.0
06	1	cdf	2	36		1753	0.0
06	1	cdf	2	37		1376	0.0
06	1	cdf	2	38		1193	0.0
06	1	cdf	2	39		1518	0.0
06	1	cdf	2	40		1176	0.0
06	1	cdf	2	41		1218	0.0
06	1	cdf	2	42		1710	0.0
06	1	cdf	2	43	64.0270436685235	1126	0.3419182948490231
06	1	cdf	2	44	94.22023743071531	1719	0.38685282140779526
06	1	cdf	2	45	16.14036422577631	1218	0.015599343185550082
06	1	cdf	2	46		1518	0.0
06	1	cdf	3	47		1209	0.0
06	1	cdf	3	48		1751	0.0
06	1	cdf	3	49		1352	0.0
06	1	cdf	3	50		1410	0.0
06	1	cdf	3	51		1252	0.0
06	1	cdf	3	52		1119	0.0
06	1	cdf	3	53		1168	0.0
06	1	cdf	3	54		1492	0.0
06	1	cdf	3	55		1117	0.0
06	1	cdf	3	56		1718	0.0
06	1	cdf	3	57		1427	0.0
06	1	cdf	3	58		984	0.0
06	1	cdf	3	59	16.939242370860807	800	0.0225
06	1	cdf	3	60		1368	0.0
06	1	cdf	3	61		1660	0.0
06	1	cdf	3	62		1601	0.0
06	1	cdf	3	63		1568	0.0
06	1	cdf	3	64		1351	0.0
06	1	cdf	3	65		676	0.0
06	1	cdf	3	66		1442	0.0
06	1	cdf	3	67		1751	0.0
06	1	cdf	3	68	100.06025136750836	1727	0.1117544875506659
06	1	cdf	3	69		1393	0.0
06	1	cdf	4	70		942	0.0
06	1	cdf	4	71		1685	0.0
06	1	cdf	4	72		1443	0.0
06	1	cdf	4	73		1451	0.0
06	1	cdf	4	74		1725	0.0
06	1	cdf	4	75		1285	0.0
06	1	cdf	4	76		1334	0.0
06	1	cdf	4	77		1242	0.0
06	1	cdf	4	78		1551	0.0
06	1	cdf	4	79		1578	0.0
06	1	cdf	4	80		1243	0.0
06	1	cdf	4	81		1543	0.0
06	1	cdf	4	82		1210	0.0
06	1	cdf	4	83		1393	0.0
06	1	cdf	4	84		759	0.0
06	1	cdf	4	85		1752	0.0
06	1	cdf	4	86		1317	0.0
06	1	cdf	4	87		1427	0.0
06	1	cdf	4	88		1243	0.0
06	1	cdf	4	89		1325	0.0
06	1	cdf	4	90		892	0.0
06	1	cdf	4	91		992	0.0
06	1	cdf	4	92		1593	0.0
06	1	cdf	5	93		1343	0.0
06	1	cdf	5	94		1752	0.0
06	1	cdf	5	95	41.00597517435721	1293	0.007733952049497293
06	1	cdf	5	96		1753	0.0
06	1	cdf	5	97		1743	0.0
06	1	cdf	5	98		1235	0.0
06	1	cdf	5	99		1670	0.0
06	1	cdf	5	100		1359	0.0
06	1	cdf	5	101		1543	0.0
06	1	cdf	5	102		1752	0.0
06	1	cdf	5	103	14.205808671103563	1326	0.007541478129713424
06	1	cdf	5	104		1752	0.0
06	1	cdf	5	105		1284	0.0
06	1	cdf	5	106		1751	0.0
06	1	cdf	5	107		1260	0.0
06	1	cdf	5	108		1070	0.0
06	1	cdf	5	109		1526	0.0
06	1	cdf	5	110		1477	0.0
06	1	cdf	5	111		1753	0.0
06	1	cdf	5	112		1385	0.0
06	1	cdf	5	113		1177	0.0
06	1	cdf	5	114		1511	0.0
06	1	cdf	5	115		1385	0.0
06	1	cdf	6	116		1326	0.0
06	1	cdf	6	117		1310	0.0
06	1	cdf	6	118		1209	0.0
06	1	cdf	6	119		1334	0.0
06	1	cdf	6	120		1093	0.0
06	1	cdf	6	121		1751	0.0
06	1	cdf	6	122		1559	0.0
06	1	cdf	6	123		1709	0.0
06	1	cdf	6	124		836	0.0
06	1	cdf	6	125		1235	0.0
06	1	cdf	6	126		1551	0.0
06	1	cdf	6	127		801	0.0
06	1	cdf	6	128		1451	0.0
06	1	cdf	6	129		1359	0.0
06	1	cdf	6	130		1042	0.0
06	1	cdf	6	131		794	0.0
06	1	cdf	6	132		1226	0.0
06	1	cdf	6	133		1101	0.0
06	1	cdf	6	134		892	0.0
06	1	cdf	6	135		1001	0.0
06	1	cdf	6	136		1627	0.0
06	1	cdf	6	137		1517	0.0
06	1	cdf	6	138		1385	0.0
06	1	cdf	7	139		1467	0.0
06	1	cdf	7	140		1468	0.0
06	1	cdf	7	141		1568	0.0
06	1	cdf	7	142		1328	0.0
06	1	cdf	7	143		1068	0.0
06	1	cdf	7	144		1067	0.0
06	1	cdf	7	145		1553	0.0
06	1	cdf	7	146		1284	0.0
06	1	cdf	7	147		1510	0.0
06	1	cdf	7	148		1285	0.0
06	1	cdf	7	149		1601	0.0
06	1	cdf	7	150		650	0.0
06	1	cdf	7	151		1659	0.0
06	1	cdf	7	152		1175	0.0
06	1	cdf	7	153		1518	0.0
06	1	cdf	7	154		1395	0.0
06	1	cdf	7	155		1685	0.0
06	1	cdf	7	156		1159	0.0
06	1	cdf	7	157		1418	0.0
06	1	cdf	7	158		1751	0.0
06	1	cdf	7	159		1202	0.0
06	1	cdf	7	160		1127	0.0
06	1	cdf	7	161		1751	0.0
06	1	cdf	8	162		1228	0.0
06	1	cdf	8	163		968	0.0
06	1	cdf	8	164		1175	0.0
06	1	cdf	8	165		1509	0.0
06	1	cdf	8	166		1351	0.0
06	1	cdf	8	167		1101	0.0
06	1	cdf	8	168		1351	0.0
06	1	cdf	8	169		1153	0.0
06	1	cdf	8	170		1726	0.0
06	1	cdf	8	171		1442	0.0
06	1	cdf	8	172		1252	0.0
06	1	cdf	8	173		1143	0.0
06	1	cdf	8	174		1067	0.0
06	1	cdf	8	175		659	0.0
06	1	cdf	8	176		1193	0.0
06	1	cdf	8	177		1485	0.0
06	1	cdf	8	178		1443	0.0
06	1	cdf	8	179		1261	0.0
06	1	cdf	8	180		1234	0.0
06	1	cdf	8	181		901	0.0
06	1	cdf	8	182		1236	0.0
06	1	cdf	8	183		1751	0.0
06	1	cdf	8	184		1426	0.0
06	2	inverse_cdf	1	1	34.4027507617879	1753	0.7341699942954935
06	2	inverse_cdf	1	2	40.90226541349176	1402	0.978601997146933
06	2	inverse_cdf	1	3	101.3884233363515	984	1.0
06	2	inverse_cdf	1	4	123.57511996037935	635	1.0
06	2	inverse_cdf	1	5	26.92009105922594	1752	0.8613013698630136
06	2	inverse_cdf	1	6	21.42592167872102	667	1.0
06	2	inverse_cdf	1	7	15.744633484876832	1378	0.14368650217706821
06	2	inverse_cdf	1	8	69.13652316206154	900	1.0
06	2	inverse_cdf	1	9	56.02508597292749	1551	0.8188265635074146
06	2	inverse_cdf	1	10	81.88533579908061	1268	1.0
06	2	inverse_cdf	1	11	21.53461739517265	1201	0.9383846794338052
06	2	inverse_cdf	1	12	36.0317572734354	1401	0.7530335474660956
06	2	inverse_cdf	1	13	21.208645956036868	1585	1.0
06	2	inverse_cdf	1	14	23.066635265912037	1526	1.0
06	2	inverse_cdf	1	15	30.383096561308697	1752	0.8624429223744292
06	2	inverse_cdf	1	16	72.22986079924692	1195	1.0
06	2	inverse_cdf	1	17	88.92125658677013	1242	0.9726247987117552
06	2	inverse_cdf	1	18	46.04723082132063	1751	1.0
06	2	inverse_cdf	1	19	23.818174375191447	1493	1.0
06	2	inverse_cdf	1	20	27.56998158261532	1234	0.9497568881685575
06	2	inverse_cdf	1	21	22.720402138650297	1210	1.0
06	2	inverse_cdf	1	22	30.919677118749558	1392	1.0
06	2	inverse_cdf	1	23	31.019912676984386	1134	1.0
06	2	inverse_cdf	2	24	24.49335523611017	1284	1.0
06	2	inverse_cdf	2	25	18.959425143888392	1694	1.0
06	2	inverse_cdf	2	26	21.655191789447432	1118	1.0
06	2	inverse_cdf	2	27	25.099101626442156	1344	1.0
06	2	inverse_cdf	2	28	116.60376709876718	909	1.0
06	2	inverse_cdf	2	29	26.799864602977735	1505	1.0
06	2	inverse_cdf	2	30	43.769932221658934	1445	1.0
06	2	inverse_cdf	2	31	36.48505757287983	1667	0.8452309538092382
06	2	inverse_cdf	2	32	36.15757534771472	1551	1.0
06	2	inverse_cdf	2	33	72.31726473540833	1301	0.9531129900076863
06	2	inverse_cdf	2	34		1426	0.0
06	2	inverse_cdf	2	35	25.65230044297047	1426	0.9964936886395512
06	2	inverse_cdf	2	36	18.613376021396032	767	1.0
06	2	inverse_cdf	2	37	63.54921653769494	1334	1.0
06	2	inverse_cdf	2	38	80.52235975150623	1501	1.0
06	2	inverse_cdf	2	39	47.547636717474994	1676	0.9892601431980907
06	2	inverse_cdf	2	40	35.12278617598121	1377	1.0
06	2	inverse_cdf	2	41	35.16019460845671	1684	0.9994061757719715
06	2	inverse_cdf	2	42	44.07354641671657	1393	0.9885139985642498
06	2	inverse_cdf	2	43	21.642046628492395	1752	1.0
06	2	inverse_cdf	2	44	57.73377667790986	1275	0.9905882352941177
06	2	inverse_cdf	2	45	117.67421738613487	1626	0.7103321033210332
06	2	inverse_cdf	2	46	80.07248292891269	1460	1.0
06	2	inverse_cdf	3	47		1335	0.0
06	2	inverse_cdf	3	48	34.66062958802369	1251	1.0
06	2	inverse_cdf	3	49	18.51099886365516	1468	0.9557220708446866
06	2	inverse_cdf	3	50	19.1294915669454	1670	0.932934131736527
06	2	inverse_cdf	3	51	30.200247667198965	1751	1.0
06	2	inverse_cdf	3	52	86.9265570689489	1743	0.6896156052782558
06	2	inverse_cdf	3	53	60.061271918713864	1754	0.8244013683010262
06	2	inverse_cdf	3	54	26.775064033231345	1484	0.9710242587601078
06	2	inverse_cdf	3	55	45.10714311926842	676	1.0
06	2	inverse_cdf	3	56	28.06650846908909	1143	1.0
06	2	inverse_cdf	3	57	28.08625581473899	1051	1.0
06	2	inverse_cdf	3	58	24.23078445088974	1377	0.9469862018881626
06	2	inverse_cdf	3	59	35.545626354182815	1259	1.0
06	2	inverse_cdf	3	60	25.012587041218406	1735	0.8714697406340057
06	2	inverse_cdf	3	61	64.73039435360633	801	1.0
06	2	inverse_cdf	3	62	33.968970953077985	1752	0.96175799086758
06	2	inverse_cdf	3	63	36.24515461367543	1259	0.9586973788721207
06	2	inverse_cdf	3	64	26.04685495500544	1292	1.0
06	2	inverse_cdf	3	65	32.80358414188424	1443	0.9494109494109494
06	2	inverse_cdf	3	66	30.573951461252708	1126	1.0
06	2	inverse_cdf	3	67	30.35198616648003	1301	0.7932359723289777
06	2	inverse_cdf	3	68	59.63795138334078	901	1.0
06	2	inverse_cdf	3	69	110.1386005969942	1035	1.0
06	2	inverse_cdf	4	70	69.47458515445724	1618	0.9548825710754018
06	2	inverse_cdf	4	71	31.99876112273995	1468	0.8460490463215259
06	2	inverse_cdf	4	72	41.115650443517346	1684	0.8420427553444181
06	2	inverse_cdf	4	73	89.2416713879087	1593	0.8556183301946014
06	2	inverse_cdf	4	74	43.28690755551466	1242	1.0
06	2	inverse_cdf	4	75	18.77053056288049	1283	0.9773967264224473
06	2	inverse_cdf	4	76	22.000312921663355	1443	1.0
06	2	inverse_cdf	4	77	119.25935411923098	1226	0.9404567699836868
06	2	inverse_cdf	4	78	72.6023313239025	1460	0.9876712328767123
06	2	inverse_cdf	4	79	23.61982316935665	1751	0.903483723586522
06	2	inverse_cdf	4	80	21.012836033858683	1202	1.0
06	2	inverse_cdf	4	81	36.596167801736	1368	1.0
06	2	inverse_cdf	4	82	28.75873072230091	751	1.0
06	2	inverse_cdf	4	83	48.64357563277874	1001	1.0
06	2	inverse_cdf	4	84	59.123695735054845	1743	0.9374641422834193
06	2	inverse_cdf	4	85	22.640607553546957	1259	1.0
06	2	inverse_cdf	4	86	18.937408328867285	1193	1.0
06	2	inverse_cdf	4	87	70.51436391530008	1361	1.0
06	2	inverse_cdf	4	88	69.97015561902394	1560	1.0
06	2	inverse_cdf	4	89	36.67458662310401	1585	1.0
06	2	inverse_cdf	4	90	86.18120358988284	885	1.0
06	2	inverse_cdf	4	91	68.89228313577466	1651	1.0
06	2	inverse_cdf	4	92	36.285544415061004	1192	1.0
06	2	inverse_cdf	5	93	73.1224929136854	1251	0.9600319744204636
06	2	inverse_cdf	5	94	83.87138495689334	1368	1.0
06	2	inverse_cdf	5	95	43.882331824273514	1226	1.0
06	2	inverse_cdf	5	96	40.787406961848546	1686	1.0
06	2	inverse_cdf	5	97	22.13417111329413	1018	1.0
06	2	inverse_cdf	5	98	68.22153774007846	1510	0.9350993377483444
06	2	inverse_cdf	5	99	15.438260248899578	1312	1.0
06	2	inverse_cdf	5	100	35.74150996368795	892	1.0
06	2	inverse_cdf	5	101	44.64127748295992	1518	1.0
06	2	inverse_cdf	5	102	52.62746449271814	1485	1.0
06	2	inverse_cdf	5	103	77.8536570047415	968	1.0
06	2	inverse_cdf	5	104	8.885441887499999	1501	1.0
06	2	inverse_cdf	5	105	53.27158949407078	1476	1.0
06	2	inverse_cdf	5	106	60.628949226611226	1492	1.0
06	2	inverse_cdf	5	107	15.429323530419225	1543	1.0
06	2	inverse_cdf	5	108	24.573086427321854	919	1.0
06	2	inverse_cdf	5	109	28.336178643314856	1543	1.0
06	2	inverse_cdf	5	110	22.617947974229647	1376	1.0
06	2	inverse_cdf	5	111	16.609827938122493	1409	1.0
06	2	inverse_cdf	5	112	28.599723269261354	1526	1.0
06	2	inverse_cdf	5	113	22.00380749676938	1485	1.0
06	2	inverse_cdf	5	114	22.916563831904483	1751	0.9954311821816105
06	2	inverse_cdf	5	115	91.63763990335727	1101	1.0
06	2	inverse_cdf	6	116	50.80171020507264	1326	0.9901960784313726
06	2	inverse_cdf	6	117	18.525081703346565	993	1.0
06	2	inverse_cdf	6	118	28.99431487291685	1559	1.0
06	2	inverse_cdf	6	119	28.577170379625105	1750	1.0
06	2	inverse_cdf	6	120	63.25122202627447	1159	1.0
06	2	inverse_cdf	6	121	20.627617071673065	1451	1.0
06	2	inverse_cdf	6	122	29.726495299892566	1725	1.0
06	2	inverse_cdf	6	123	54.17485615107501	1260	1.0
06	2	inverse_cdf	6	124	20.10968946360312	1094	1.0
06	2	inverse_cdf	6	125	23.69574453005873	1093	1.0
06	2	inverse_cdf	6	126	18.557441748450067	734	1.0
06	2	inverse_cdf	6	127	32.654208513577125	818	1.0
06	2	inverse_cdf	6	128	35.64765287376998	1268	1.0
06	2	inverse_cdf	6	129	39.05003033802066	1618	1.0
06	2	inverse_cdf	6	130	16.508828350686787	987	1.0
06	2	inverse_cdf	6	131	28.90028379173944	892	1.0
06	2	inverse_cdf	6	132	75.18557568646	784	1.0
06	2	inverse_cdf	6	133	50.531805027343175	1026	1.0
06	2	inverse_cdf	6	134	74.47772171481374	1368	1.0
06	2	inverse_cdf	6	135	68.82968423902446	1251	1.0
06	2	inverse_cdf	6	136	62.71225733933642	1359	1.0
06	2	inverse_cdf	6	137	83.17423290350919	976	1.0
06	2	inverse_cdf	6	138	23.332463764529383	1401	1.0
06	2	inverse_cdf	7	139	40.1705238625916	1161	0.8647717484926787
06	2	inverse_cdf	7	140	22.640535352868262	1443	0.9591129591129591
06	2	inverse_cdf	7	141	26.237306196669156	976	1.0
06	2	inverse_cdf	7	142	23.435474917008342	1395	0.9942652329749104
06	2	inverse_cdf	7	143	53.50217964700217	1502	1.0
06	2	inverse_cdf	7	144	25.30064012244097	1109	1.0
06	2	inverse_cdf	7	145	55.59745545856374	985	1.0
06	2	inverse_cdf	7	146	114.7002401765427	1220	0.9614754098360656
06	2	inverse_cdf	7	147	36.7195820420698	1459	1.0
06	2	inverse_cdf	7	148	54.409699077872204	1134	1.0
06	2	inverse_cdf	7	149	30.409738121899668	1752	0.9651826484018264
06	2	inverse_cdf	7	150	72.23590594973722	1576	0.9980964467005076
06	2	inverse_cdf	7	151	71.75154633330676	1377	0.954248366013072
06	2	inverse_cdf	7	152	69.63719137970668	1195	0.9606694560669456
06	2	inverse_cdf	7	153	69.34874815635949	1476	0.9342818428184282
06	2	inverse_cdf	7	154	21.192621159197966	1526	1.0
06	2	inverse_cdf	7	155	74.65144017553575	1685	0.9762611275964391
06	2	inverse_cdf	7	156	84.37247928029169	1601	0.9693941286695815
06	2	inverse_cdf	7	157	35.83552253989042	1493	1.0
06	2	inverse_cdf	7	158	25.31736790777838	1468	1.0
06	2	inverse_cdf	7	159	15.727638921294076	1752	1.0
06	2	inverse_cdf	7	160	97.47920451802487	1201	1.0
06	2	inverse_cdf	7	161	19.862455141284563	1719	1.0
06	2	inverse_cdf	8	162	36.781943051900136	1477	0.5159106296547055
06	2	inverse_cdf	8	163	26.3666746459149	867	1.0
06	2	inverse_cdf	8	164	20.357412780382	1109	1.0
06	2	inverse_cdf	8	165	18.66831052034741	1167	1.0
06	2	inverse_cdf	8	166	28.543949237363545	1670	1.0
06	2	inverse_cdf	8	167	23.486070903734173	1468	0.9795640326975477
06	2	inverse_cdf	8	168	34.63075618165619	1384	0.9125722543352601
06	2	inverse_cdf	8	169	28.911015632278215	1326	1.0
06	2	inverse_cdf	8	170	30.10879978693062	1260	1.0
06	2	inverse_cdf	8	171	84.58103561053588	1026	0.942495126705653
06	2	inverse_cdf	8	172	60.026891474233956	1644	0.958029197080292
06	2	inverse_cdf	8	173	66.74308943511888	1459	1.0
06	2	inverse_cdf	8	174	33.18519961600678	642	1.0
06	2	inverse_cdf	8	175	109.13464878107918	1167	1.0
06	2	inverse_cdf	8	176	86.26103281687682	1350	0.8740740740740741
06	2	inverse_cdf	8	177	79.30307134668253	1660	0.744578313253012
06	2	inverse_cdf	8	178	66.2680498048803	1094	1.0
06	2	inverse_cdf	8	179	47.399616948461876	684	1.0
06	2	inverse_cdf	8	180	46.96731286352733	1101	1.0
06	2	inverse_cdf	8	181	62.08082178786483	868	1.0
06	2	inverse_cdf	8	182	32.187353845616364	1135	1.0
06	2	inverse_cdf	8	183	23.230536934732964	1150	1.0
06	2	inverse_cdf	8	184	26.573698976840173	1059	0.9726156751652503
07	1	inverse_cdf	1	1	48.969873823872376	1751	1.0
07	1	inverse_cdf	1	2	76.02805192469785	1444	1.0
07	1	inverse_cdf	1	3	31.104144329409987	943	1.0
07	1	inverse_cdf	1	4	29.867236455913126	767	1.0
07	1	inverse_cdf	1	5	29.208893995728634	684	1.0
07	1	inverse_cdf	1	6	19.660249131356554	676	1.0
07	1	inverse_cdf	1	7	24.200017849264267	1184	1.0
07	1	inverse_cdf	1	8	29.653918788567385	1751	1.0
07	1	inverse_cdf	1	9	26.941136870259736	1669	1.0
07	1	inverse_cdf	1	10	145.68517215850898	1017	0.9862340216322517
07	1	inverse_cdf	1	11	25.218059944324413	1401	1.0
07	1	inverse_cdf	1	12	37.790043853501466	1010	1.0
07	1	inverse_cdf	1	13	64.94060526523165	1093	1.0
07	1	inverse_cdf	1	14	23.596905359967742	960	1.0
07	1	inverse_cdf	1	15	44.39208477465272	1052	1.0
07	1	inverse_cdf	1	16	26.06019815893691	1451	1.0
07	1	inverse_cdf	1	17	38.917850606816934	1051	1.0
07	1	inverse_cdf	1	18	31.122266423861454	992	1.0
07	1	inverse_cdf	1	19	47.55315172333399	1509	1.0
07	1	inverse_cdf	1	20	44.329424409838595	1402	1.0
07	1	inverse_cdf	1	21	25.204735724960436	1059	1.0
07	1	inverse_cdf	1	22	68.36484213487769	834	1.0
07	1	inverse_cdf	1	23	45.85366402941424	1377	1.0
07	1	inverse_cdf	2	24	43.1514627944865	984	1.0
07	1	inverse_cdf	2	25	35.05976609275814	1235	1.0
07	1	inverse_cdf	2	26	41.85026885304951	1368	1.0
07	1	inverse_cdf	2	27	47.32913781219968	1034	1.0
07	1	inverse_cdf	2	28	49.41588138346835	1260	1.0
07	1	inverse_cdf	2	29	39.62265104503457	809	1.0
07	1	inverse_cdf	2	30	33.49888634429713	1243	1.0
07	1	inverse_cdf	2	31	27.1324126673538	1518	1.0
07	1	inverse_cdf	2	32	44.31208350486051	1493	1.0
07	1	inverse_cdf	2	33	32.98215234294859	733	1.0
07	1	inverse_cdf	2	34	22.458058478081384	1059	1.0
07	1	inverse_cdf	2	35	17.576325053500213	1076	1.0
07	1	inverse_cdf	2	36	74.10842827209555	1561	1.0
07	1	inverse_cdf	2	37	59.07021552326381	1385	1.0
07	1	inverse_cdf	2	38	40.91937937602716	784	1.0
07	1	inverse_cdf	2	39	44.58523669083027	1051	1.0
07	1	inverse_cdf	2	40	27.330214588426045	1168	1.0
07	1	inverse_cdf	2	41	34.94966484414481	1309	1.0
07	1	inverse_cdf	2	42	35.67391146795108	1201	1.0
07	1	inverse_cdf	2	43	29.990760162821825	826	1.0
07	1	inverse_cdf	2	44	39.53215340080382	1526	1.0
07	1	inverse_cdf	2	45	42.33888100435701	1193	1.0
07	1	inverse_cdf	2	46	28.73082755224093	852	1.0
07	1	inverse_cdf	3	47	37.026665728578735	1351	1.0
07	1	inverse_cdf	3	48	23.758832166995415	1268	1.0
07	1	inverse_cdf	3	49	39.47318711001495	1752	1.0
07	1	inverse_cdf	3	50	31.127787694899673	651	1.0
07	1	inverse_cdf	3	51	41.60937922831145	976	1.0
07	1	inverse_cdf	3	52	27.432909558906307	1185	1.0
07	1	inverse_cdf	3	53	38.673889319237965	968	1.0
07	1	inverse_cdf	3	54	40.548900396294094	1643	1.0
07	1	inverse_cdf	3	55	43.55393804609448	1202	1.0
07	1	inverse_cdf	3	56	46.05835552911701	976	1.0
07	1	inverse_cdf	3	57	23.628379245757174	1117	1.0
07	1	inverse_cdf	3	58	25.790879098004687	1152	1.0
07	1	inverse_cdf	3	59	65.67772722812609	1543	1.0
07	1	inverse_cdf	3	60	26.41921517879481	968	1.0
07	1	inverse_cdf	3	61	28.001892643019094	1061	1.0
07	1	inverse_cdf	3	62	24.861190004795645	1468	1.0
07	1	inverse_cdf	3	63	30.325548823702974	1209	1.0
07	1	inverse_cdf	3	64	100.36847726935495	1668	1.0
07	1	inverse_cdf	3	65	27.67331801724736	1101	1.0
07	1	inverse_cdf	3	66	22.27172349830476	825	1.0
07	1	inverse_cdf	3	67	31.974474197143547	1376	1.0
07	1	inverse_cdf	3	68	35.26453749182022	1602	1.0
07	1	inverse_cdf	3	69	32.34199030573453	975	1.0
07	1	inverse_cdf	4	70	32.8664705541969	676	1.0
07	1	inverse_cdf	4	71	27.032821250444517	1635	1.0
07	1	inverse_cdf	4	72	39.44974102415909	1201	1.0
07	1	inverse_cdf	4	73	30.606028583162814	1152	1.0
07	1	inverse_cdf	4	74	28.204898362238005	1151	1.0
07	1	inverse_cdf	4	75	35.16082834954729	959	1.0
07	1	inverse_cdf	4	76	37.044522699945496	844	1.0
07	1	inverse_cdf	4	77	35.382751130716876	1226	1.0
07	1	inverse_cdf	4	78	39.525928418809464	1403	1.0
07	1	inverse_cdf	4	79	43.09212028090507	1226	1.0
07	1	inverse_cdf	4	80	26.437789379730575	726	1.0
07	1	inverse_cdf	4	81	43.41920665481918	1094	1.0
07	1	inverse_cdf	4	82	35.0886033430604	1126	1.0
07	1	inverse_cdf	4	83	41.3430108860894	1410	1.0
07	1	inverse_cdf	4	84	106.954630232801	1752	0.9765981735159818
07	1	inverse_cdf	4	85	34.03404271089462	1443	1.0
07	1	inverse_cdf	4	86	31.92800537186452	1192	1.0
07	1	inverse_cdf	4	87	36.04255933388858	1051	1.0
07	1	inverse_cdf	4	88	36.52229087372972	1510	1.0
07	1	inverse_cdf	4	89	33.46977739627332	1001	1.0
07	1	inverse_cdf	4	90	24.96268081896864	960	1.0
07	1	inverse_cdf	4	91	37.53989567196623	1001	1.0
07	1	inverse_cdf	4	92	62.656710992156576	1402	1.0
07	1	inverse_cdf	5	93	34.84106023247348	1535	1.0
07	1	inverse_cdf	5	94	22.749855750322308	1026	1.0
07	1	inverse_cdf	5	95	39.96694002749155	951	1.0
07	1	inverse_cdf	5	96	33.17864228702817	1103	1.0
07	1	inverse_cdf	5	97	34.110333709626936	1092	1.0
07	1	inverse_cdf	5	98	39.09048007195087	1017	1.0
07	1	inverse_cdf	5	99	33.07681652088884	1044	1.0
07	1	inverse_cdf	5	100	38.43635666117037	1135	1.0
07	1	inverse_cdf	5	101	29.861802214752135	1260	1.0
07	1	inverse_cdf	5	102	77.70928701552192	1544	1.0
07	1	inverse_cdf	5	103	31.91247379671674	1476	1.0
07	1	inverse_cdf	5	104	54.630433585094124	1268	1.0
07	1	inverse_cdf	5	105	35.68771345240039	1168	1.0
07	1	inverse_cdf	5	106	25.561782320811716	1752	1.0
07	1	inverse_cdf	5	107	30.032748271108094	709	1.0
07	1	inverse_cdf	5	108	34.448617532586084	986	1.0
07	1	inverse_cdf	5	109	50.228232367834856	1376	1.0
07	1	inverse_cdf	5	110	145.0881736400979	993	0.9838872104733132
07	1	inverse_cdf	5	111	30.58704489959386	1236	1.0
07	1	inverse_cdf	5	112	28.64753791168614	926	1.0
07	1	inverse_cdf	5	113	26.177001255293927	1151	1.0
07	1	inverse_cdf	5	114	49.550229569642966	1528	1.0
07	1	inverse_cdf	5	115	181.36693511473757	959	0.9363920750782064
07	1	inverse_cdf	6	116	36.63127973530057	1426	1.0
07	1	inverse_cdf	6	117	48.31679879581283	1601	1.0
07	1	inverse_cdf	6	118	35.072165973612904	993	1.0
07	1	inverse_cdf	6	119	44.40139650561512	1393	1.0
07	1	inverse_cdf	6	120	50.593111640166256	1268	1.0
07	1	inverse_cdf	6	121	28.210547074188167	860	1.0
07	1	inverse_cdf	6	122	39.08211989043395	1226	1.0
07	1	inverse_cdf	6	123	31.979142618878317	1719	1.0
07	1	inverse_cdf	6	124	42.54135879114815	1001	1.0
07	1	inverse_cdf	6	125	38.369626167550344	1251	1.0
07	1	inverse_cdf	6	126	45.4335465309969	1302	1.0
07	1	inverse_cdf	6	127	29.87980318502001	1009	1.0
07	1	inverse_cdf	6	128	32.79139042863991	775	1.0
07	1	inverse_cdf	6	129	47.16333750699801	1394	1.0
07	1	inverse_cdf	6	130	27.97462805096234	884	1.0
07	1	inverse_cdf	6	131	31.840725667556633	976	1.0
07	1	inverse_cdf	6	132	28.625037156104213	1051	1.0
07	1	inverse_cdf	6	133	43.96377102600477	1194	1.0
07	1	inverse_cdf	6	134	35.48689773718861	1443	1.0
07	1	inverse_cdf	6	135	35.920061822440736	1276	1.0
07	1	inverse_cdf	6	136	30.170219400353822	778	1.0
07	1	inverse_cdf	6	137	35.49139211897855	1435	1.0
07	1	inverse_cdf	6	138	28.150504456845724	826	1.0
07	1	inverse_cdf	7	139	149.86093793036983	1752	0.9452054794520548
07	1	inverse_cdf	7	140	37.880603211493195	976	1.0
07	1	inverse_cdf	7	141	17.673256016441993	626	1.0
07	1	inverse_cdf	7	142	41.69773803717956	1201	1.0
07	1	inverse_cdf	7	143	53.41541270679193	1334	1.0
07	1	inverse_cdf	7	144	35.62553551334419	1093	1.0
07	1	inverse_cdf	7	145	37.401727510314394	1217	1.0
07	1	inverse_cdf	7	146	41.27451248760808	1109	1.0
07	1	inverse_cdf	7	147	31.02673651042221	1343	1.0
07	1	inverse_cdf	7	148	29.772122834787805	1185	1.0
07	1	inverse_cdf	7	149	24.37768321664863	1751	1.0
07	1	inverse_cdf	7	150	29.892194696181654	934	1.0
07	1	inverse_cdf	7	151	54.90398888839297	1134	1.0
07	1	inverse_cdf	7	152	38.684795030098165	1151	1.0
07	1	inverse_cdf	7	153	31.134897527284288	1068	1.0
07	1	inverse_cdf	7	154	32.526786704857415	1026	1.0
07	1	inverse_cdf	7	155	28.27658271828617	1069	1.0
07	1	inverse_cdf	7	156	33.43465313697751	1000	1.0
07	1	inverse_cdf	7	157	34.69622287466635	1752	1.0
07	1	inverse_cdf	7	158	40.795626440976214	759	1.0
07	1	inverse_cdf	7	159	28.911555335366014	926	1.0
07	1	inverse_cdf	7	160	29.444644562963628	976	1.0
07	1	inverse_cdf	7	161	34.23574872819218	1169	1.0
07	1	inverse_cdf	8	162	28.466177836356145	1101	1.0
07	1	inverse_cdf	8	163	24.490888642317366	1234	1.0
07	1	inverse_cdf	8	164	26.315519000788086	1018	1.0
07	1	inverse_cdf	8	165	31.73539742350354	1610	1.0
07	1	inverse_cdf	8	166	38.09802216381333	1051	1.0
07	1	inverse_cdf	8	167	46.08842931188905	1618	1.0
07	1	inverse_cdf	8	168	33.829548128519235	584	1.0
07	1	inverse_cdf	8	169	39.09160557167524	1709	1.0
07	1	inverse_cdf	8	170	32.158158114828055	884	1.0
07	1	inverse_cdf	8	171	37.38578552738182	1134	1.0
07	1	inverse_cdf	8	172	27.811386379380107	718	1.0
07	1	inverse_cdf	8	173	39.08351754408789	918	1.0
07	1	inverse_cdf	8	174	44.64841391047218	1510	1.0
07	1	inverse_cdf	8	175	37.82180883473125	1235	1.0
07	1	inverse_cdf	8	176	36.944365139872005	1293	1.0
07	1	inverse_cdf	8	177	28.65709325856422	1151	1.0
07	1	inverse_cdf	8	178	34.603124051226956	1118	1.0
07	1	inverse_cdf	8	179	39.94895764562865	1060	1.0
07	1	inverse_cdf	8	180	30.516585611139813	926	1.0
07	1	inverse_cdf	8	181	41.268332202312	918	1.0
07	1	inverse_cdf	8	182	30.082105607498132	976	1.0
07	1	inverse_cdf	8	183	26.720220266522325	1535	1.0
07	1	inverse_cdf	8	184	38.626593288107216	1201	1.0
07	2	cdf	1	1	31.43092065656656	1751	1.0
07	2	cdf	1	2	33.44355996718644	667	1.0
07	2	cdf	1	3	24.34206231543386	1001	1.0
07	2	cdf	1	4	28.340661840473913	760	1.0
07	2	cdf	1	5	36.88552835692509	1284	1.0
07	2	cdf	1	6	29.1705592878129	1010	1.0
07	2	cdf	1	7	30.987164854237992	1309	1.0
07	2	cdf	1	8	28.82796329013904	651	1.0
07	2	cdf	1	9	28.920225891757443	1168	1.0
07	2	cdf	1	10	30.758378710614547	976	1.0
07	2	cdf	1	11	25.479157458783046	1285	1.0
07	2	cdf	1	12	33.4886672690805	784	1.0
07	2	cdf	1	13	31.23367469192683	1751	1.0
07	2	cdf	1	14	21.287784100017785	925	1.0
07	2	cdf	1	15	27.605302397269984	1327	1.0
07	2	cdf	1	16	39.120278203195724	1560	1.0
07	2	cdf	1	17	34.07608985090072	1493	1.0
07	2	cdf	1	18	30.47065374925623	867	1.0
07	2	cdf	1	19	32.82583291998329	1118	1.0
07	2	cdf	1	20	28.735219966892437	975	1.0
07	2	cdf	1	21	23.43482819028	1076	1.0
07	2	cdf	1	22	29.861594344936897	1693	1.0
07	2	cdf	1	23	62.020233919950414	1752	1.0
07	2	cdf	2	24	34.43199813316815	1335	1.0
07	2	cdf	2	25	39.70018091741569	709	1.0
07	2	cdf	2	26	26.907551768912146	1401	1.0
07	2	cdf	2	27	26.928525502929542	1093	1.0
07	2	cdf	2	28	236.48660888043517	1752	0.9823059360730594
07	2	cdf	2	29	19.417501670383185	1084	1.0
07	2	cdf	2	30	30.577374990484252	1318	1.0
07	2	cdf	2	31	76.28191893053865	1752	0.9948630136986302
07	2	cdf	2	32	40.04625002203364	1351	1.0
07	2	cdf	2	33	41.62462809571743	968	1.0
07	2	cdf	2	34	18.190716867618466	794	1.0
07	2	cdf	2	35	29.178075890870083	951	1.0
07	2	cdf	2	36	33.5819736578433	1293	1.0
07	2	cdf	2	37	27.157170047399852	594	1.0
07	2	cdf	2	38	22.593757614811015	1026	1.0
07	2	cdf	2	39	27.62089755149484	592	1.0
07	2	cdf	2	40	43.46464822917847	1110	1.0
07	2	cdf	2	41	33.718409647807974	1509	1.0
07	2	cdf	2	42	43.21784020444854	1201	1.0
07	2	cdf	2	43	26.520575298877727	1318	1.0
07	2	cdf	2	44	23.17937811561429	817	1.0
07	2	cdf	2	45	28.50305858108464	517	1.0
07	2	cdf	2	46	28.709617877196685	651	1.0
07	2	cdf	3	47	26.604512237700774	1293	1.0
07	2	cdf	3	48	34.66620107638732	1242	1.0
07	2	cdf	3	49	31.68511990976844	1751	1.0
07	2	cdf	3	50	21.77133756378713	1051	1.0
07	2	cdf	3	51	37.68813073281689	1410	1.0
07	2	cdf	3	52	33.814984163747916	1310	1.0
07	2	cdf	3	53	36.00808948526892	1493	1.0
07	2	cdf	3	54	28.668495182500646	967	1.0
07	2	cdf	3	55	29.61058028279976	1151	1.0
07	2	cdf	3	56	30.378569993308663	1535	1.0
07	2	cdf	3	57	9.494526933899927	792	1.0
07	2	cdf	3	58	40.817352416825315	1243	1.0
07	2	cdf	3	59	28.12627543507177	1502	1.0
07	2	cdf	3	60	28.145910055102686	1368	1.0
07	2	cdf	3	61	20.509483515515367	1327	1.0
07	2	cdf	3	62	32.759539861532744	1301	1.0
07	2	cdf	3	63	30.990305346110826	1394	1.0
07	2	cdf	3	64	29.30738954371592	1410	1.0
07	2	cdf	3	65	43.98759060069704	1226	1.0
07	2	cdf	3	66	33.6101078202825	1751	1.0
07	2	cdf	3	67	27.28606395148847	1193	1.0
07	2	cdf	3	68	20.724382884426028	1243	1.0
07	2	cdf	3	69	34.03197345426105	1292	1.0
07	2	cdf	4	70	36.81176987191693	1159	1.0
07	2	cdf	4	71	25.717620558225782	926	1.0
07	2	cdf	4	72	40.762463210095	1752	1.0
07	2	cdf	4	73	28.906642107528143	1101	1.0
07	2	cdf	4	74	32.31720923263734	1044	1.0
07	2	cdf	4	75	44.24636590054905	1610	1.0
07	2	cdf	4	76	32.0073281587505	567	1.0
07	2	cdf	4	77	28.081063460430073	1535	1.0
07	2	cdf	4	78	25.963065239085246	850	1.0
07	2	cdf	4	79	23.833191075519117	751	1.0
07	2	cdf	4	80	47.450549800632594	1518	1.0
07	2	cdf	4	81	102.00202712968584	1268	1.0
07	2	cdf	4	82	32.99931051956724	1060	1.0
07	2	cdf	4	83	30.717567273007937	1535	1.0
07	2	cdf	4	84	58.68391499302073	1285	1.0
07	2	cdf	4	85	47.6064690250339	1034	1.0
07	2	cdf	4	86	67.74821945565265	1127	0.9121561668145519
07	2	cdf	4	87	42.13531368765899	1167	1.0
07	2	cdf	4	88	35.423995630148504	976	1.0
07	2	cdf	4	89	18.44764622991462	1210	1.0
07	2	cdf	4	90	21.242859036570174	1468	1.0
07	2	cdf	4	91	30.175617406569703	793	1.0
07	2	cdf	4	92	26.86415088969858	986	1.0
07	2	cdf	5	93	28.877813045644913	1101	1.0
07	2	cdf	5	94	31.440794067773012	1168	1.0
07	2	cdf	5	95	39.25485007584343	1752	1.0
07	2	cdf	5	96	35.791583363040424	851	1.0
07	2	cdf	5	97	29.941754867475964	1118	1.0
07	2	cdf	5	98	26.24244699091365	1159	1.0
07	2	cdf	5	99	26.311635133651084	1326	1.0
07	2	cdf	5	100	33.574454651475676	1394	1.0
07	2	cdf	5	101	34.59747306517247	1752	1.0
07	2	cdf	5	102	26.816016417690186	742	1.0
07	2	cdf	5	103	22.19725187235979	1152	1.0
07	2	cdf	5	104	37.11517279880897	893	1.0
07	2	cdf	5	105	29.67720204678675	1744	1.0
07	2	cdf	5	106	18.453466635121494	817	1.0
07	2	cdf	5	107	27.698682759768772	1393	1.0
07	2	cdf	5	108	32.52473087811605	1627	1.0
07	2	cdf	5	109	24.87715424184929	1752	1.0
07	2	cdf	5	110	38.45860194136454	1168	1.0
07	2	cdf	5	111	32.92225016814825	959	1.0
07	2	cdf	5	112	32.39423513054715	726	1.0
07	2	cdf	5	113	28.750885072924692	1002	1.0
07	2	cdf	5	114	24.565230660000672	1059	1.0
07	2	cdf	5	115	93.94425031800778	1210	0.959504132231405
07	2	cdf	6	116	26.68844062931405	968	1.0
07	2	cdf	6	117	39.11386753691026	1219	1.0
07	2	cdf	6	118	30.03986674759371	951	1.0
07	2	cdf	6	119	25.85404645528495	1059	1.0
07	2	cdf	6	120	37.97138384509399	1585	1.0
07	2	cdf	6	121	33.2766945665318	1110	1.0
07	2	cdf	6	122	25.627174869460298	1268	1.0
07	2	cdf	6	123	28.372404492690006	1393	1.0
07	2	cdf	6	124	35.97371026477086	1126	1.0
07	2	cdf	6	125	33.6339097188121	1101	1.0
07	2	cdf	6	126	31.42180396066517	917	1.0
07	2	cdf	6	127	19.92774328706987	759	1.0
07	2	cdf	6	128	32.98785281728049	1142	1.0
07	2	cdf	6	129	21.662192369451535	1201	1.0
07	2	cdf	6	130	32.16292950745321	1184	1.0
07	2	cdf	6	131	37.849500124464946	1267	1.0
07	2	cdf	6	132	27.752091209313882	1603	1.0
07	2	cdf	6	133	27.615550178833892	1051	1.0
07	2	cdf	6	134	44.07940489418994	1576	1.0
07	2	cdf	6	135	26.714993113027113	1428	1.0
07	2	cdf	6	136	45.33039899800886	1518	1.0
07	2	cdf	6	137	28.928466031771787	1177	1.0
07	2	cdf	6	138	26.91668716730873	1486	1.0
07	2	cdf	7	139	28.840378484865074	1001	1.0
07	2	cdf	7	140	27.642712370804126	1359	1.0
07	2	cdf	7	141	39.80370972203361	1327	1.0
07	2	cdf	7	142	29.711487722229325	1468	1.0
07	2	cdf	7	143	67.86387175969864	1009	0.9950445986124876
07	2	cdf	7	144	35.052830633206675	1068	1.0
07	2	cdf	7	145	33.72114875278927	1259	1.0
07	2	cdf	7	146	38.15680834101328	1534	1.0
07	2	cdf	7	147	32.700846397615116	1135	1.0
07	2	cdf	7	148	30.861999022286366	1518	1.0
07	2	cdf	7	149	39.708976247527204	1236	1.0
07	2	cdf	7	150	44.541224108409125	1385	1.0
07	2	cdf	7	151	83.12294978298819	1193	1.0
07	2	cdf	7	152	78.46096322692856	1393	1.0
07	2	cdf	7	153	32.237322626190455	1485	1.0
07	2	cdf	7	154	21.37780256261392	842	1.0
07	2	cdf	7	155	42.60845849571099	1185	1.0
07	2	cdf	7	156	53.68580049148041	1252	1.0
07	2	cdf	7	157	34.85616746447094	1752	1.0
07	2	cdf	7	158	35.96230938409318	992	1.0
07	2	cdf	7	159	47.97101116797188	734	0.9673024523160763
07	2	cdf	7	160	32.33744553082199	1335	1.0
07	2	cdf	7	161	26.508748066405524	818	1.0
07	2	cdf	8	162	50.6669934334829	1001	1.0
07	2	cdf	8	163	29.121903197751067	836	1.0
07	2	cdf	8	164	24.894244720163897	1710	1.0
07	2	cdf	8	165	32.922387063185134	1284	1.0
07	2	cdf	8	166	31.66571412406837	1111	1.0
07	2	cdf	8	167	36.22177789383856	993	1.0
07	2	cdf	8	168	31.922554771375218	584	1.0
07	2	cdf	8	169	25.86956538094135	918	1.0
07	2	cdf	8	170	21.875891498094813	1443	1.0
07	2	cdf	8	171	27.241843250621777	751	1.0
07	2	cdf	8	172	37.92121327071728	1752	1.0
07	2	cdf	8	173	34.80850405987298	1117	1.0
07	2	cdf	8	174	34.27209097176926	1751	1.0
07	2	cdf	8	175	33.08082310141707	1351	1.0
07	2	cdf	8	176	33.65381464125974	985	1.0
07	2	cdf	8	177	35.44244338367833	1251	1.0
07	2	cdf	8	178	29.434405658734065	1251	1.0
07	2	cdf	8	179	33.83616088695226	934	1.0
07	2	cdf	8	180	85.12821435623566	1201	0.980849292256453
07	2	cdf	8	181	27.71014729821445	1384	1.0
07	2	cdf	8	182	32.97007462395136	826	1.0
07	2	cdf	8	183	31.335021878189828	768	1.0
07	2	cdf	8	184	33.04302629891344	1493	1.0
08	1	cdf	1	1	139.59627057208726	1752	0.997716894977169
08	1	cdf	1	2	54.761697141301305	1159	0.9698015530629853
08	1	cdf	1	3	81.4157061401368	1376	1.0
08	1	cdf	1	4	72.77389574778759	1151	1.0
08	1	cdf	1	5	68.42518624864499	1318	1.0
08	1	cdf	1	6	74.68696468270257	1318	1.0
08	1	cdf	1	7	27.971155414054987	1752	1.0
08	1	cdf	1	8	77.18314683260768	1259	1.0
08	1	cdf	1	9	107.38097006939816	1360	1.0
08	1	cdf	1	10	46.82002165379461	1176	1.0
08	1	cdf	1	11	25.570658023850182	1610	1.0
08	1	cdf	1	12	106.45711794956256	1418	1.0
08	1	cdf	1	13	60.982545310296146	1652	1.0
08	1	cdf	1	14	33.835600002344385	1751	1.0
08	1	cdf	1	15	78.16980560840122	1051	1.0
08	1	cdf	1	16	61.488455453267946	1017	1.0
08	1	cdf	1	17	22.231579885328216	1568	1.0
08	1	cdf	1	18	30.242052671601417	1160	1.0
08	1	cdf	1	19	142.67958137415778	1752	0.9611872146118722
08	1	cdf	1	20	111.61535192375237	1001	1.0
08	1	cdf	1	21	24.847178020701616	1277	1.0
08	1	cdf	1	22	209.65818814339625	1093	0.918572735590119
08	1	cdf	1	23	40.277981719226034	1527	1.0
08	1	cdf	2	24	35.9263008363883	1426	1.0
08	1	cdf	2	25	56.30523930703416	1118	1.0
08	1	cdf	2	26	34.18613093912839	1751	1.0
08	1	cdf	2	27	45.876183619903536	1010	1.0
08	1	cdf	2	28	67.9947370048776	1036	1.0
08	1	cdf	2	29	61.03559064130737	784	0.9987244897959183
08	1	cdf	2	30	37.49823874172536	1393	1.0
08	1	cdf	2	31	71.31368444291354	1043	1.0
08	1	cdf	2	32	25.05905255762675	1051	1.0
08	1	cdf	2	33	37.02860370566976	1109	1.0
08	1	cdf	2	34	46.74376245875532	968	1.0
08	1	cdf	2	35	78.26526178032563	1368	0.9992690058479532
08	1	cdf	2	36	23.14242331261037	1594	1.0
08	1	cdf	2	37	85.1118208293979	1435	1.0
08	1	cdf	2	38	80.82202575427314	1026	0.9990253411306043
08	1	cdf	2	39	34.039809072149126	1676	1.0
08	1	cdf	2	40	59.5802907939233	1176	0.9982993197278912
08	1	cdf	2	41	73.98800593121133	1635	0.982262996941896
08	1	cdf	2	42	63.777262892582335	1426	0.9992987377279102
08	1	cdf	2	43	88.77086318430274	1576	1.0
08	1	cdf	2	44	141.68947661000365	1051	0.8877259752616555
08	1	cdf	2	45	44.25305905147402	1368	1.0
08	1	cdf	2	46	26.679606818783185	1360	0.9992647058823529
08	1	cdf	3	47	116.852697534934	1518	1.0
08	1	cdf	3	48	43.86897001187813	1751	0.9988577955454027
08	1	cdf	3	49	19.671690575292637	1385	1.0
08	1	cdf	3	50	44.918307263478624	1192	1.0
08	1	cdf	3	51	25.525957220945074	1751	0.9885779554540263
08	1	cdf	3	52	60.226519168978434	1093	1.0
08	1	cdf	3	53	39.42916430622502	1026	1.0
08	1	cdf	3	54	28.48404737528039	700	0.9971428571428571
08	1	cdf	3	55	51.558815756054244	868	1.0
08	1	cdf	3	56	70.56248595607933	1418	1.0
08	1	cdf	3	57	61.36072721785944	968	0.996900826446281
08	1	cdf	3	58	37.009633059114805	1143	0.9982502187226596
08	1	cdf	3	59	30.05311443188782	893	0.9944008958566629
08	1	cdf	3	60	28.588563499041918	826	1.0
08	1	cdf	3	61	27.940298872392322	1034	1.0
08	1	cdf	3	62	61.445116304148904	1260	1.0
08	1	cdf	3	63	65.48995224321342	1560	1.0
08	1	cdf	3	64	91.47181883575946	1159	1.0
08	1	cdf	3	65	106.05553105959987	1318	0.9461305007587253
08	1	cdf	3	66	97.6772192546173	742	1.0
08	1	cdf	3	67	47.582548960148685	1217	1.0
08	1	cdf	3	68	79.09170841118755	1109	1.0
08	1	cdf	3	69	102.73850938570743	1009	0.9722497522299306
08	1	cdf	4	70	155.67286410967617	1201	0.9308909242298085
08	1	cdf	4	71	48.428919622850835	1243	1.0
08	1	cdf	4	72	49.68560398168538	1335	1.0
08	1	cdf	4	73	27.200874300896945	1067	0.9971883786316776
08	1	cdf	4	74	49.72829581234823	1217	1.0
08	1	cdf	4	75	46.30318644810579	1393	1.0
08	1	cdf	4	76	64.47098822934281	1076	1.0
08	1	cdf	4	77	70.26516589496464	1127	1.0
08	1	cdf	4	78	35.11189292003025	1359	1.0
08	1	cdf	4	79	74.86297689025187	1084	1.0
08	1	cdf	4	80	91.38083277170131	1243	1.0
08	1	cdf	4	81	58.96798653383137	1510	0.9913907284768212
08	1	cdf	4	82	90.68850378011665	1276	0.9772727272727273
08	1	cdf	4	83	126.65133820094584	1351	1.0
08	1	cdf	4	84	48.54828737025631	1151	1.0
08	1	cdf	4	85	32.889383395235896	1268	1.0
08	1	cdf	4	86	54.54101261687371	1318	1.0
08	1	cdf	4	87	31.62787612765617	1243	1.0
08	1	cdf	4	88	118.50538666542079	1543	0.9358392741412832
08	1	cdf	4	89	99.52551914804394	1001	1.0
08	1	cdf	4	90	147.0254123896154	1660	1.0
08	1	cdf	4	91	137.2690691162244	1751	1.0
08	1	cdf	4	92	84.11884120852939	1293	1.0
08	1	cdf	5	93	50.17303376159244	809	1.0
08	1	cdf	5	94	67.63684666979194	1151	0.998262380538662
08	1	cdf	5	95	31.077831201306285	976	0.9979508196721312
08	1	cdf	5	96	95.90764277158199	1560	0.9519230769230769
08	1	cdf	5	97	82.48262517569586	1009	1.0
08	1	cdf	5	98	64.31107304797064	968	0.9989669421487604
08	1	cdf	5	99	128.26767310292877	1452	0.9641873278236914
08	1	cdf	5	100	37.02248149985274	1218	0.9967159277504105
08	1	cdf	5	101	35.35877690400113	1652	0.9987893462469734
08	1	cdf	5	102	69.80906107693973	1110	0.9891891891891892
08	1	cdf	5	103	143.00663107567138	1476	0.5785907859078591
08	1	cdf	5	104	48.3163376673771	967	1.0
08	1	cdf	5	105	83.64105708918333	1751	0.8949171901770417
08	1	cdf	5	106	140.29997570149646	1201	0.8318068276436303
08	1	cdf	5	107	27.966040012138322	943	1.0
08	1	cdf	5	108	50.962023644837565	826	1.0
08	1	cdf	5	109	42.43093553251971	1268	1.0
08	1	cdf	5	110	64.83911604955468	1143	1.0
08	1	cdf	5	111	43.604251686324254	1710	1.0
08	1	cdf	5	112	43.456578678152574	1159	1.0
08	1	cdf	5	113	43.79020637320419	1569	1.0
08	1	cdf	5	114	107.39562306763501	1218	0.9466338259441708
08	1	cdf	5	115	39.63540671800025	1310	1.0
08	1	cdf	6	116	34.63501942116726	1026	1.0
08	1	cdf	6	117	156.31981560409557	1376	0.8968023255813954
08	1	cdf	6	118	56.31788136845604	1460	1.0
08	1	cdf	6	119	129.44594603090803	1509	0.9569251159708416
08	1	cdf	6	120	132.83522453180225	1376	0.9171511627906976
08	1	cdf	6	121	206.75455896751512	951	0.7896950578338591
08	1	cdf	6	122	38.10120416578405	1610	1.0
08	1	cdf	6	123	30.03314260620643	1201	1.0
08	1	cdf	6	124	54.42141530004771	1260	1.0
08	1	cdf	6	125	102.14582298129578	1351	1.0
08	1	cdf	6	126	149.70936666533476	1752	0.9691780821917808
08	1	cdf	6	127	42.16672106868682	1393	1.0
08	1	cdf	6	128	64.85896387574641	1043	0.9884947267497604
08	1	cdf	6	129	102.19558666564825	1026	0.9415204678362573
08	1	cdf	6	130	65.69672821988124	1101	0.9945504087193461
08	1	cdf	6	131	56.22474938287098	1743	1.0
08	1	cdf	6	132	47.10217986912409	1068	1.0
08	1	cdf	6	133	263.28035392105016	1409	0.9985805535841022
08	1	cdf	6	134	150.6356569637578	1752	0.9389269406392694
08	1	cdf	6	135	67.74883175865017	976	1.0
08	1	cdf	6	136	82.47686836348942	1385	0.9220216606498195
08	1	cdf	6	137	66.70545188304212	1001	1.0
08	1	cdf	6	138	246.92221753581913	1243	1.0
08	1	cdf	7	139	55.83411047997065	1752	1.0
08	1	cdf	7	140	41.10262431402488	709	1.0
08	1	cdf	7	141	35.19507900748219	1335	1.0
08	1	cdf	7	142	46.98564984180242	1485	1.0
08	1	cdf	7	143	162.47096650486523	1084	0.8542435424354243
08	1	cdf	7	144	29.879940574408828	1067	1.0
08	1	cdf	7	145	104.73885976356827	1201	1.0
08	1	cdf	7	146	109.75243189350147	1218	1.0
08	1	cdf	7	147	106.85609683939255	1335	1.0
08	1	cdf	7	148	82.97857494503185	1042	1.0
08	1	cdf	7	149	38.16771269412839	1176	1.0
08	1	cdf	7	150	81.69518756979058	1226	0.9233278955954323
08	1	cdf	7	151	40.69965817285242	1085	1.0
08	1	cdf	7	152	90.86246100143842	1076	1.0
08	1	cdf	7	153	115.87911964101339	1393	0.842067480258435
08	1	cdf	7	154	69.79911404647181	1385	1.0
08	1	cdf	7	155	89.24096602776021	1744	0.904243119266055
08	1	cdf	7	156	118.00101342168281	1752	0.7094748858447488
08	1	cdf	7	157	206.37909361423658	1277	1.0
08	1	cdf	7	158	72.30168018494851	1310	1.0
08	1	cdf	7	159	35.94738918792969	1434	1.0
08	1	cdf	7	160	42.83170766383738	1359	1.0
08	1	cdf	7	161	57.71807605221761	1618	0.8504326328800988
08	1	cdf	8	162	130.946543007054	1301	0.9638739431206764
08	1	cdf	8	163	56.51580936585327	1051	1.0
08	1	cdf	8	164	53.742494874720144	1618	0.9746600741656366
08	1	cdf	8	165	33.48559935521161	1468	0.976158038147139
08	1	cdf	8	166	25.383170143091398	1217	1.0
08	1	cdf	8	167	127.21355356805647	1401	0.9464668094218416
08	1	cdf	8	168	88.205694190897	1435	1.0
08	1	cdf	8	169	28.903607382914092	1301	1.0
08	1	cdf	8	170	49.22747024897756	1360	1.0
08	1	cdf	8	171	24.248424717887378	1309	1.0
08	1	cdf	8	172	88.01747756072804	1752	0.9594748858447488
08	1	cdf	8	173	33.09566870001923	1743	1.0
08	1	cdf	8	174	128.5790333087575	1076	0.9079925650557621
08	1	cdf	8	175	22.039486932542456	1210	1.0
08	1	cdf	8	176	26.8234763415919	1326	1.0
08	1	cdf	8	177	29.926858069112555	1109	1.0
08	1	cdf	8	178	30.81065729277293	876	1.0
08	1	cdf	8	179	60.348918781099336	1535	1.0
08	1	cdf	8	180	29.83872362942438	1217	1.0
08	1	cdf	8	181	179.86644277384926	1343	0.9560685033507074
08	1	cdf	8	182	100.46735362886217	1259	0.9412231930103256
08	1	cdf	8	183	47.51500417421071	1201	0.8043297252289758
08	1	cdf	8	184	38.79234666082615	1451	1.0
08	2	inverse_cdf	1	1	119.63600100188681	1134	1.0
08	2	inverse_cdf	1	2	45.760439384426846	1167	1.0
08	2	inverse_cdf	1	3	46.85966660381642	967	1.0
08	2	inverse_cdf	1	4	83.28150816854922	1243	1.0
08	2	inverse_cdf	1	5	20.77504385980671	1751	1.0
08	2	inverse_cdf	1	6	133.77272372956992	918	1.0
08	2	inverse_cdf	1	7	23.458051628145785	1494	1.0
08	2	inverse_cdf	1	8	69.0270534627958	1135	1.0
08	2	inverse_cdf	1	9	91.93473743426337	1593	1.0
08	2	inverse_cdf	1	10	64.33951468356626	1251	1.0
08	2	inverse_cdf	1	11	90.56422515026706	1502	0.9081225033288948
08	2	inverse_cdf	1	12	44.72062847501575	1110	1.0
08	2	inverse_cdf	1	13	28.129776003150845	1276	1.0
08	2	inverse_cdf	1	14	123.69104833941513	976	1.0
08	2	inverse_cdf	1	15	97.95260171650496	1269	1.0
08	2	inverse_cdf	1	16	82.55263965086488	1493	1.0
08	2	inverse_cdf	1	17	40.69957637934646	1534	1.0
08	2	inverse_cdf	1	18	47.98826091230653	1752	1.0
08	2	inverse_cdf	1	19	89.88563890582795	1743	1.0
08	2	inverse_cdf	1	20	122.44428488855516	1560	1.0
08	2	inverse_cdf	1	21	128.5303005909624	1159	1.0
08	2	inverse_cdf	1	22	39.9015455094887	1385	1.0
08	2	inverse_cdf	1	23	32.60279958202315	1709	1.0
08	2	inverse_cdf	2	24	54.67938493068497	1669	1.0
08	2	inverse_cdf	2	25	118.62701534677262	1409	1.0
08	2	inverse_cdf	2	26	115.13059091315358	1693	0.9539279385705848
08	2	inverse_cdf	2	27	77.17604034363723	1752	1.0
08	2	inverse_cdf	2	28	53.601577101134424	1752	1.0
08	2	inverse_cdf	2	29	26.520079612911807	1318	1.0
08	2	inverse_cdf	2	30	48.29328064040742	1560	1.0
08	2	inverse_cdf	2	31	49.01180137995954	1527	0.9384413883431565
08	2	inverse_cdf	2	32	62.647901279865245	1752	1.0
08	2	inverse_cdf	2	33	84.40736801255301	1568	1.0
08	2	inverse_cdf	2	34	78.79029261106643	1752	1.0
08	2	inverse_cdf	2	35	38.30434183180058	1368	1.0
08	2	inverse_cdf	2	36	88.81426816483922	1660	1.0
08	2	inverse_cdf	2	37	56.19474529378889	1276	1.0
08	2	inverse_cdf	2	38	177.69320282138807	1168	0.9820205479452054
08	2	inverse_cdf	2	39	45.45312617216125	1668	1.0
08	2	inverse_cdf	2	40	33.699853734479206	968	1.0
08	2	inverse_cdf	2	41	108.11379231936014	1560	1.0
08	2	inverse_cdf	2	42	80.03890406232446	1401	1.0
08	2	inverse_cdf	2	43	131.6101723995055	1268	1.0
08	2	inverse_cdf	2	44	123.69559325947544	1610	1.0
08	2	inverse_cdf	2	45	52.95673540447917	1752	1.0
08	2	inverse_cdf	2	46	39.65948275266737	642	1.0
08	2	inverse_cdf	3	47	49.98142617060148	1443	1.0
08	2	inverse_cdf	3	48	121.13597247962744	1335	1.0
08	2	inverse_cdf	3	49	71.90885723619664	1568	1.0
08	2	inverse_cdf	3	50	110.62311072494845	1577	1.0
08	2	inverse_cdf	3	51	38.32722715953119	1568	1.0
08	2	inverse_cdf	3	52	133.44993583338822	1452	0.9490358126721763
08	2	inverse_cdf	3	53	119.422491195527	1076	1.0
08	2	inverse_cdf	3	54	118.82810706419772	1676	0.9797136038186157
08	2	inverse_cdf	3	55	109.84192696393026	1518	1.0
08	2	inverse_cdf	3	56	92.0830345078137	1494	1.0
08	2	inverse_cdf	3	57	39.48797100937594	1502	1.0
08	2	inverse_cdf	3	58	34.68073497297511	1418	1.0
08	2	inverse_cdf	3	59	87.80379598026484	1518	1.0
08	2	inverse_cdf	3	60	129.3627035490012	1209	0.946236559139785
08	2	inverse_cdf	3	61	90.38835757893497	1185	0.9780590717299578
08	2	inverse_cdf	3	62	131.7101880055634	1443	1.0
08	2	inverse_cdf	3	63	34.89153139148519	1351	1.0
08	2	inverse_cdf	3	64	82.97964197235912	1309	1.0
08	2	inverse_cdf	3	65	53.78114142016309	951	1.0
08	2	inverse_cdf	3	66	67.68278697457923	1068	1.0
08	2	inverse_cdf	3	67	146.893219395495	1752	0.9845890410958904
08	2	inverse_cdf	3	68	14.417209975187237	1410	1.0
08	2	inverse_cdf	3	69	57.195856520437616	1593	0.9579409918392969
08	2	inverse_cdf	4	70	28.27180494190643	1276	1.0
08	2	inverse_cdf	4	71	119.72850519112382	1109	0.9801623083859333
08	2	inverse_cdf	4	72	128.35892466392824	1076	0.929368029739777
08	2	inverse_cdf	4	73	173.11459368356847	1101	0.9364214350590372
08	2	inverse_cdf	4	74	91.40375802826833	1468	1.0
08	2	inverse_cdf	4	75	125.45453409446694	992	1.0
08	2	inverse_cdf	4	76	97.22870021791044	1602	1.0
08	2	inverse_cdf	4	77	36.80469532614128	1485	1.0
08	2	inverse_cdf	4	78	41.52139297846568	1485	1.0
08	2	inverse_cdf	4	79	92.17301533338119	1435	0.9867595818815331
08	2	inverse_cdf	4	80	44.15951901356585	835	1.0
08	2	inverse_cdf	4	81	96.6525427868891	643	1.0
08	2	inverse_cdf	4	82	58.34819878956876	1268	1.0
08	2	inverse_cdf	4	83	222.04575099352027	1177	0.9175870858113849
08	2	inverse_cdf	4	84	84.16516405066943	1143	1.0
08	2	inverse_cdf	4	85	105.87924907932297	793	1.0
08	2	inverse_cdf	4	86	65.60264516429706	1159	1.0
08	2	inverse_cdf	4	87	277.1363702152423	1702	0.9970622796709753
08	2	inverse_cdf	4	88	167.73970745934423	1726	0.9675550405561993
08	2	inverse_cdf	4	89	91.1044067173567	759	1.0
08	2	inverse_cdf	4	90	275.97831566368313	1568	0.44961734693877553
08	2	inverse_cdf	4	91	78.51138919443738	1017	1.0
08	2	inverse_cdf	4	92	62.206021469127855	1460	0.9438356164383561
08	2	inverse_cdf	5	93	67.24284191476747	1051	1.0
08	2	inverse_cdf	5	94	134.78354340349298	1752	1.0
08	2	inverse_cdf	5	95	128.03687821520236	1209	0.9660876757650951
08	2	inverse_cdf	5	96	26.727325317342398	1118	1.0
08	2	inverse_cdf	5	97	95.70701232016174	884	1.0
08	2	inverse_cdf	5	98	29.702103331193	1168	1.0
08	2	inverse_cdf	5	99	21.026463677632737	1126	1.0
08	2	inverse_cdf	5	100	23.785702237202635	1226	1.0
08	2	inverse_cdf	5	101	103.34046656986108	1268	0.9511041009463722
08	2	inverse_cdf	5	102	59.01498948348012	1334	1.0
08	2	inverse_cdf	5	103	62.03398357787225	1594	1.0
08	2	inverse_cdf	5	104	187.45520288732578	1752	1.0
08	2	inverse_cdf	5	105	91.99741254785793	1109	1.0
08	2	inverse_cdf	5	106	33.92716711283744	1443	1.0
08	2	inverse_cdf	5	107	35.06183862229589	1377	1.0
08	2	inverse_cdf	5	108	37.83903938927689	1451	1.0
08	2	inverse_cdf	5	109	53.978789961662734	1109	1.0
08	2	inverse_cdf	5	110	156.90118587863685	1551	0.8433268858800773
08	2	inverse_cdf	5	111	72.51339822342061	1685	0.9459940652818991
08	2	inverse_cdf	5	112	35.229326111903966	1410	1.0
08	2	inverse_cdf	5	113	193.49918440165234	1310	1.0
08	2	inverse_cdf	5	114	201.9817832302527	1669	0.9682444577591373
08	2	inverse_cdf	5	115	200.60616577216302	409	0.5256723716381418
08	2	inverse_cdf	6	116	66.16299898010139	1476	0.9640921409214093
08	2	inverse_cdf	6	117	54.44573420336414	1393	1.0
08	2	inverse_cdf	6	118	38.63948375470299	742	1.0
08	2	inverse_cdf	6	119	283.1591569963716	1577	0.9124920735573875
08	2	inverse_cdf	6	120	22.85463597313898	1184	1.0
08	2	inverse_cdf	6	121	55.460361524463046	1093	1.0
08	2	inverse_cdf	6	122	62.305717590689085	1501	1.0
08	2	inverse_cdf	6	123	215.04876894541223	1751	0.9942889777270132
08	2	inverse_cdf	6	124	117.41948150091152	1085	0.9834101382488479
08	2	inverse_cdf	6	125	81.5078234624763	1284	1.0
08	2	inverse_cdf	6	126	73.9886863253004	1484	0.9912398921832885
08	2	inverse_cdf	6	127	82.03169835239387	868	1.0
08	2	inverse_cdf	6	128	122.77297926577626	1476	0.967479674796748
08	2	inverse_cdf	6	129	90.56059260483734	1042	0.7370441458733206
08	2	inverse_cdf	6	130	115.60437607132978	993	0.9627391742195368
08	2	inverse_cdf	6	131	72.27613311340784	1685	1.0
08	2	inverse_cdf	6	132	20.083160928545276	1418	1.0
08	2	inverse_cdf	6	133	22.442333086344963	1185	1.0
08	2	inverse_cdf	6	134	48.205823911280234	1752	1.0
08	2	inverse_cdf	6	135	47.80366323519386	1193	1.0
08	2	inverse_cdf	6	136	136.7883644145071	1042	1.0
08	2	inverse_cdf	6	137	61.30478715962654	1518	1.0
08	2	inverse_cdf	6	138	69.63722280965764	1067	1.0
08	2	inverse_cdf	7	139	255.69969334432506	1752	0.9994292237442922
08	2	inverse_cdf	7	140	40.28763034169505	985	0.9878172588832488
08	2	inverse_cdf	7	141	34.63063705916983	834	1.0
08	2	inverse_cdf	7	142	32.334416152808494	985	1.0
08	2	inverse_cdf	7	143	62.98191686921679	859	1.0
08	2	inverse_cdf	7	144	89.01556539114519	1493	1.0
08	2	inverse_cdf	7	145	47.926359212165735	1143	1.0
08	2	inverse_cdf	7	146	94.37751245903392	1018	0.9921414538310412
08	2	inverse_cdf	7	147	39.209267949806055	967	1.0
08	2	inverse_cdf	7	148	118.50247795492264	1227	0.9885900570497147
08	2	inverse_cdf	7	149	19.7230796188721	1318	1.0
08	2	inverse_cdf	7	150	90.75997766646509	1384	1.0
08	2	inverse_cdf	7	151	35.53052044675901	1051	1.0
08	2	inverse_cdf	7	152	309.45966830015163	1209	1.0
08	2	inverse_cdf	7	153	82.56171489172802	1426	1.0
08	2	inverse_cdf	7	154	24.898633860394764	718	1.0
08	2	inverse_cdf	7	155	168.80608658859887	1067	1.0
08	2	inverse_cdf	7	156	55.212682497615766	1001	1.0
08	2	inverse_cdf	7	157	167.03434962143427	1752	0.5764840182648402
08	2	inverse_cdf	7	158	121.69518797260405	1043	0.9185043144774688
08	2	inverse_cdf	7	159	296.71390804911283	1301	0.857033051498847
08	2	inverse_cdf	7	160	77.11055684650192	1217	1.0
08	2	inverse_cdf	7	161	32.64180323631196	709	1.0
08	2	inverse_cdf	8	162	149.21418739744848	1268	1.0
08	2	inverse_cdf	8	163	210.01138839829676	1752	0.9571917808219178
08	2	inverse_cdf	8	164	23.78238844762202	1376	1.0
08	2	inverse_cdf	8	165	107.56886471094553	1159	1.0
08	2	inverse_cdf	8	166	157.31879171031065	1143	1.0
08	2	inverse_cdf	8	167	228.55105408380888	1042	0.95489443378119
08	2	inverse_cdf	8	168	380.80890729223194	1143	0.6272965879265092
08	2	inverse_cdf	8	169	38.669066105812604	1577	1.0
08	2	inverse_cdf	8	170	23.867571137872474	1160	1.0
08	2	inverse_cdf	8	171	314.46815069871354	701	0.9714693295292439
08	2	inverse_cdf	8	172	128.76331246266332	959	0.9968717413972888
08	2	inverse_cdf	8	173	314.59182896258756	1752	1.0
08	2	inverse_cdf	8	174	70.46590695848734	1067	1.0
08	2	inverse_cdf	8	175	84.81081499695681	1059	1.0
08	2	inverse_cdf	8	176	36.5342991680146	1059	1.0
08	2	inverse_cdf	8	177	36.99911503952511	1460	1.0
08	2	inverse_cdf	8	178	41.20084799509073	1327	1.0
08	2	inverse_cdf	8	179	58.71075844597208	959	1.0
08	2	inverse_cdf	8	180	35.015498033675655	759	1.0
08	2	inverse_cdf	8	181	43.7870732533668	1376	1.0
08	2	inverse_cdf	8	182	56.34196479279622	984	0.9908536585365854
08	2	inverse_cdf	8	183	82.29720320665253	859	0.9743888242142026
08	2	inverse_cdf	8	184	20.11513970026757	809	1.0
09	1	inverse_cdf	1	1	118.0067871689552	1752	0.9743150684931506
09	1	inverse_cdf	1	2	11.723944827764619	1001	1.0
09	1	inverse_cdf	1	3	19.8523746788297	834	1.0
09	1	inverse_cdf	1	4	17.502196175486745	392	1.0
09	1	inverse_cdf	1	5	33.36227708676907	834	1.0
09	1	inverse_cdf	1	6	29.82449324757105	1059	1.0
09	1	inverse_cdf	1	7	23.518642512882785	968	1.0
09	1	inverse_cdf	1	8	19.093827447462452	968	1.0
09	1	inverse_cdf	1	9	23.807955032468936	1143	1.0
09	1	inverse_cdf	1	10	65.02673809074301	1118	0.9561717352415027
09	1	inverse_cdf	1	11	32.88941044995511	976	1.0
09	1	inverse_cdf	1	12	12.062965731542842	1001	1.0
09	1	inverse_cdf	1	13	23.353555447191376	951	1.0
09	1	inverse_cdf	1	14	21.398368946721206	1385	1.0
09	1	inverse_cdf	1	15	18.79320779351696	942	1.0
09	1	inverse_cdf	1	16	17.49593264946173	810	1.0
09	1	inverse_cdf	1	17	31.428948628845625	1110	1.0
09	1	inverse_cdf	1	18	23.988789542867714	533	1.0
09	1	inverse_cdf	1	19	72.32375148494415	1177	1.0
09	1	inverse_cdf	1	20	15.369140000844192	1560	1.0
09	1	inverse_cdf	1	21	18.535373390954373	1151	1.0
09	1	inverse_cdf	1	22	64.43100622024632	1560	1.0
09	1	inverse_cdf	1	23	76.76892740647905	1751	0.9588806396344945
09	1	inverse_cdf	2	24	27.721142929048195	634	1.0
09	1	inverse_cdf	2	25	21.958846810840775	1285	1.0
09	1	inverse_cdf	2	26	115.93287125939777	1193	0.942162615255658
09	1	inverse_cdf	2	27	14.947103265418585	1068	1.0
09	1	inverse_cdf	2	28	88.26137098883837	1377	1.0
09	1	inverse_cdf	2	29	29.05005624970577	876	1.0
09	1	inverse_cdf	2	30	27.805360512758774	892	1.0
09	1	inverse_cdf	2	31	137.17007541915675	943	1.0
09	1	inverse_cdf	2	32	13.162146170626967	1027	1.0
09	1	inverse_cdf	2	33	34.870750106589504	1026	1.0
09	1	inverse_cdf	2	34	18.273188178435646	1034	1.0
09	1	inverse_cdf	2	35	20.169072790840076	1069	1.0
09	1	inverse_cdf	2	36	51.5652894513019	843	1.0
09	1	inverse_cdf	2	37	23.626700802443573	1026	1.0
09	1	inverse_cdf	2	38	34.72505443172076	1435	1.0
09	1	inverse_cdf	2	39	21.525762279821816	1134	1.0
09	1	inverse_cdf	2	40	17.858701696605095	1151	1.0
09	1	inverse_cdf	2	41	24.277642714524493	1293	1.0
09	1	inverse_cdf	2	42	23.296180794714143	1268	1.0
09	1	inverse_cdf	2	43	25.18229574834168	1201	1.0
09	1	inverse_cdf	2	44	71.6656473406307	951	1.0
09	1	inverse_cdf	2	45	21.261787523441154	1101	1.0
09	1	inverse_cdf	2	46	38.76772695124072	1235	1.0
09	1	inverse_cdf	3	47	19.990626700419273	1201	1.0
09	1	inverse_cdf	3	48	46.43554591373625	1259	1.0
09	1	inverse_cdf	3	49	23.051656931779302	793	1.0
09	1	inverse_cdf	3	50	32.11353747989818	926	1.0
09	1	inverse_cdf	3	51	35.60736029008492	1134	1.0
09	1	inverse_cdf	3	52	33.463678921354514	1217	1.0
09	1	inverse_cdf	3	53	14.570974763858661	1227	1.0
09	1	inverse_cdf	3	54	28.41468752509518	1084	1.0
09	1	inverse_cdf	3	55	39.27762636225729	1117	1.0
09	1	inverse_cdf	3	56	41.58029837158459	1000	1.0
09	1	inverse_cdf	3	57	36.8941441512255	818	1.0
09	1	inverse_cdf	3	58	39.19630654308515	692	1.0
09	1	inverse_cdf	3	59	66.5474566779029	1143	1.0
09	1	inverse_cdf	3	60	24.19761093190956	1017	1.0
09	1	inverse_cdf	3	61	46.8057392335801	1286	1.0
09	1	inverse_cdf	3	62	28.976215093945314	1293	1.0
09	1	inverse_cdf	3	63	35.0180857758091	726	1.0
09	1	inverse_cdf	3	64	38.1744868907474	1101	1.0
09	1	inverse_cdf	3	65	88.88047514591719	1202	1.0
09	1	inverse_cdf	3	66	13.770540034327356	801	1.0
09	1	inverse_cdf	3	67	56.19192053774262	1218	1.0
09	1	inverse_cdf	3	68	25.076862728730003	967	1.0
09	1	inverse_cdf	3	69	13.783622327709535	1310	1.0
09	1	inverse_cdf	4	70	19.447509523421278	884	1.0
09	1	inverse_cdf	4	71	23.780034355257587	968	1.0
09	1	inverse_cdf	4	72	22.18767404458434	1126	1.0
09	1	inverse_cdf	4	73	30.760623588125704	1384	1.0
09	1	inverse_cdf	4	74	19.286541224676988	826	1.0
09	1	inverse_cdf	4	75	26.055302282982208	1210	1.0
09	1	inverse_cdf	4	76	26.98694434842322	851	1.0
09	1	inverse_cdf	4	77	109.60528869963102	1311	1.0
09	1	inverse_cdf	4	78	20.496155022119463	817	1.0
09	1	inverse_cdf	4	79	25.587671124359403	1560	1.0
09	1	inverse_cdf	4	80	18.962092710253007	1586	1.0
09	1	inverse_cdf	4	81	48.528815580724896	1034	1.0
09	1	inverse_cdf	4	82	26.136834497556652	1268	1.0
09	1	inverse_cdf	4	83	29.463721974567473	1318	1.0
09	1	inverse_cdf	4	84	15.053331180565461	1034	1.0
09	1	inverse_cdf	4	85	49.29094515229766	692	1.0
09	1	inverse_cdf	4	86	26.53106094999181	1601	1.0
09	1	inverse_cdf	4	87	15.05063701604898	1378	1.0
09	1	inverse_cdf	4	88	16.451312353033686	1309	1.0
09	1	inverse_cdf	4	89	109.01295703428327	1501	0.9427048634243838
09	1	inverse_cdf	4	90	26.41842198811564	1337	1.0
09	1	inverse_cdf	4	91	17.22595931878757	1668	1.0
09	1	inverse_cdf	4	92	14.99204013395097	1468	1.0
09	1	inverse_cdf	5	93	28.03696220959314	1176	1.0
09	1	inverse_cdf	5	94	30.688141909549685	1176	1.0
09	1	inverse_cdf	5	95	41.33510411453412	1618	1.0
09	1	inverse_cdf	5	96	91.44230893282479	1101	0.9264305177111717
09	1	inverse_cdf	5	97	23.16766277633246	1210	1.0
09	1	inverse_cdf	5	98	23.794244290633163	901	1.0
09	1	inverse_cdf	5	99	22.51567179142178	992	1.0
09	1	inverse_cdf	5	100	13.075110262454332	809	1.0
09	1	inverse_cdf	5	101	29.854445275046245	1220	1.0
09	1	inverse_cdf	5	102	28.830914503097766	1193	1.0
09	1	inverse_cdf	5	103	27.611335982506297	1009	1.0
09	1	inverse_cdf	5	104	30.4411262399355	1545	1.0
09	1	inverse_cdf	5	105	14.20045899484383	1243	1.0
09	1	inverse_cdf	5	106	22.081033197475683	1267	1.0
09	1	inverse_cdf	5	107	15.852775878308718	1652	1.0
09	1	inverse_cdf	5	108	32.10952821252449	1302	1.0
09	1	inverse_cdf	5	109	22.2211356429477	676	1.0
09	1	inverse_cdf	5	110	28.082511655973466	1101	1.0
09	1	inverse_cdf	5	111	20.223695080119228	1326	1.0
09	1	inverse_cdf	5	112	29.62924485498931	1334	1.0
09	1	inverse_cdf	5	113	28.70683978295935	1218	1.0
09	1	inverse_cdf	5	114	9.717641012981826	751	1.0
09	1	inverse_cdf	5	115	76.63283252769348	1652	0.9624697336561744
09	1	inverse_cdf	6	116	16.091271714484282	1011	1.0
09	1	inverse_cdf	6	117	16.23289746365711	992	1.0
09	1	inverse_cdf	6	118	23.25892263526974	1751	1.0
09	1	inverse_cdf	6	119	23.840138060712345	878	1.0
09	1	inverse_cdf	6	120	12.756307023437284	1268	1.0
09	1	inverse_cdf	6	121	104.47691594437916	1342	0.9850968703427719
09	1	inverse_cdf	6	122	18.970464943237733	1393	1.0
09	1	inverse_cdf	6	123	21.96008295966545	1043	1.0
09	1	inverse_cdf	6	124	24.7983885889541	993	1.0
09	1	inverse_cdf	6	125	34.45033895306075	1242	1.0
09	1	inverse_cdf	6	126	20.587667476282267	1360	1.0
09	1	inverse_cdf	6	127	30.405738806877434	859	1.0
09	1	inverse_cdf	6	128	28.604585197150325	1310	1.0
09	1	inverse_cdf	6	129	21.147988886198565	1485	1.0
09	1	inverse_cdf	6	130	31.494657481194842	1484	1.0
09	1	inverse_cdf	6	131	20.39063159884393	1244	1.0
09	1	inverse_cdf	6	132	25.73826671757393	1585	1.0
09	1	inverse_cdf	6	133	23.358074072107648	834	1.0
09	1	inverse_cdf	6	134	25.505095545692388	761	1.0
09	1	inverse_cdf	6	135	14.660856743254062	1035	1.0
09	1	inverse_cdf	6	136	117.51496896406879	1218	0.8858784893267652
09	1	inverse_cdf	6	137	28.40729653295876	1028	1.0
09	1	inverse_cdf	6	138	16.84506931683681	1076	1.0
09	1	inverse_cdf	7	139	69.39258194797365	1086	1.0
09	1	inverse_cdf	7	140	25.43846856531912	1577	1.0
09	1	inverse_cdf	7	141	17.581117094542734	1626	1.0
09	1	inverse_cdf	7	142	23.046722845798527	1211	1.0
09	1	inverse_cdf	7	143	21.44590349312066	1668	1.0
09	1	inverse_cdf	7	144	10.949318764848075	1218	1.0
09	1	inverse_cdf	7	145	28.50102626425475	1144	1.0
09	1	inverse_cdf	7	146	24.340743286581656	1351	1.0
09	1	inverse_cdf	7	147	118.11466517042672	1035	0.9487922705314009
09	1	inverse_cdf	7	148	29.43792453567602	734	1.0
09	1	inverse_cdf	7	149	22.263847305067475	1052	1.0
09	1	inverse_cdf	7	150	29.92265877739014	1268	1.0
09	1	inverse_cdf	7	151	26.0301579124575	1109	1.0
09	1	inverse_cdf	7	152	25.11037715395767	1510	1.0
09	1	inverse_cdf	7	153	23.786127689786333	1317	1.0
09	1	inverse_cdf	7	154	33.63877098710991	1153	1.0
09	1	inverse_cdf	7	155	19.38551678532173	1159	1.0
09	1	inverse_cdf	7	156	19.090606817685405	1109	1.0
09	1	inverse_cdf	7	157	19.768637268508364	1252	1.0
09	1	inverse_cdf	7	158	30.392733736426905	1076	1.0
09	1	inverse_cdf	7	159	23.732032775929365	1167	1.0
09	1	inverse_cdf	7	160	25.51883670495806	1511	1.0
09	1	inverse_cdf	7	161	49.32353368530215	1376	1.0
09	1	inverse_cdf	8	162	26.465022957064487	1076	1.0
09	1	inverse_cdf	8	163	29.05091072807622	1535	1.0
09	1	inverse_cdf	8	164	31.33087931314613	759	1.0
09	1	inverse_cdf	8	165	36.47985382034827	859	1.0
09	1	inverse_cdf	8	166	17.48993108761757	1609	1.0
09	1	inverse_cdf	8	167	25.226059248753707	1676	1.0
09	1	inverse_cdf	8	168	125.82584010411834	1093	0.9624885635864593
09	1	inverse_cdf	8	169	30.824010448747803	1310	1.0
09	1	inverse_cdf	8	170	21.92133930328819	759	1.0
09	1	inverse_cdf	8	171	18.773036036147975	1361	1.0
09	1	inverse_cdf	8	172	18.549436218909452	1201	1.0
09	1	inverse_cdf	8	173	12.148851366510918	1751	1.0
09	1	inverse_cdf	8	174	22.957900125120034	802	1.0
09	1	inverse_cdf	8	175	20.473810683746823	926	1.0
09	1	inverse_cdf	8	176	30.920489495997728	1385	1.0
09	1	inverse_cdf	8	177	7.626872682928955	617	1.0
09	1	inverse_cdf	8	178	24.495497178489586	1368	1.0
09	1	inverse_cdf	8	179	44.15349707939172	900	0.9355555555555556
09	1	inverse_cdf	8	180	20.388699259185685	1335	1.0
09	1	inverse_cdf	8	181	15.484020224095147	1376	1.0
09	1	inverse_cdf	8	182	16.341603784918806	1502	1.0
09	1	inverse_cdf	8	183	20.839743655741582	1168	1.0
09	1	inverse_cdf	8	184	16.886110670828636	1177	1.0
09	2	cdf	1	1	68.15671444350419	1368	1.0
09	2	cdf	1	2	14.62204319725938	793	0.7452711223203027
09	2	cdf	1	3	75.74394127863556	1585	0.9621451104100947
09	2	cdf	1	4	28.931355436565017	1176	1.0
09	2	cdf	1	5	20.999716276762104	1001	1.0
09	2	cdf	1	6	33.61681997581626	1226	1.0
09	2	cdf	1	7	45.50205081907818	1752	1.0
09	2	cdf	1	8	17.440194130048386	1185	1.0
09	2	cdf	1	9	26.418236872231756	1526	1.0
09	2	cdf	1	10	12.306174750797657	1528	1.0
09	2	cdf	1	11	33.929618680203944	1510	1.0
09	2	cdf	1	12	24.368271992649827	884	1.0
09	2	cdf	1	13	24.40981331065203	1610	1.0
09	2	cdf	1	14	19.27316749611963	1201	1.0
09	2	cdf	1	15	35.09588020098853	1410	1.0
09	2	cdf	1	16	33.11707162474379	1235	1.0
09	2	cdf	1	17	28.964502636159903	1444	1.0
09	2	cdf	1	18	27.779393803961796	1710	1.0
09	2	cdf	1	19	19.293619266014222	1085	1.0
09	2	cdf	1	20	22.346862719810886	1193	1.0
09	2	cdf	1	21	30.81447208789816	1067	1.0
09	2	cdf	1	22	30.033654504505865	1042	1.0
09	2	cdf	1	23	94.73938861995687	1468	0.9557220708446866
09	2	cdf	2	24	16.352480732406203	1401	1.0
09	2	cdf	2	25	26.3597971303395	1493	1.0
09	2	cdf	2	26	33.69469563093184	917	1.0
09	2	cdf	2	27	51.566410471129295	1167	1.0
09	2	cdf	2	28	64.83180884199355	1752	1.0
09	2	cdf	2	29	19.813435031387417	1025	1.0
09	2	cdf	2	30	24.74839691409448	1201	1.0
09	2	cdf	2	31	28.514391104766197	959	1.0
09	2	cdf	2	32	214.40562609396704	1134	0.6772486772486772
09	2	cdf	2	33	33.012244263228716	1261	1.0
09	2	cdf	2	34	170.98390265694738	859	0.9778812572759022
09	2	cdf	2	35	17.568934438797495	860	1.0
09	2	cdf	2	36	20.5189622943589	1069	1.0
09	2	cdf	2	37	28.354902773764167	967	1.0
09	2	cdf	2	38	22.37327345506783	684	1.0
09	2	cdf	2	39	28.86975187446283	768	1.0
09	2	cdf	2	40	28.037167691308486	817	1.0
09	2	cdf	2	41	49.61699485897836	1060	1.0
09	2	cdf	2	42	27.550114714598383	1218	1.0
09	2	cdf	2	43	24.43813442096969	1393	1.0
09	2	cdf	2	44	12.278068691767588	1026	0.7884990253411306
09	2	cdf	2	45	28.990822587774016	1751	1.0
09	2	cdf	2	46	27.342938502176356	1209	1.0
09	2	cdf	3	47	28.936468688131637	1185	1.0
09	2	cdf	3	48	27.74811565824905	634	1.0
09	2	cdf	3	49	37.65514872988565	792	1.0
09	2	cdf	3	50	36.02030100209748	767	1.0
09	2	cdf	3	51	31.482331940966777	1067	0.8603561387066542
09	2	cdf	3	52	26.16337092912739	743	1.0
09	2	cdf	3	53	19.043182224966852	1026	1.0
09	2	cdf	3	54	37.796822680253236	1059	1.0
09	2	cdf	3	55	37.54111077379917	984	1.0
09	2	cdf	3	56	32.815104929421494	1078	1.0
09	2	cdf	3	57	32.76058220765811	1460	1.0
09	2	cdf	3	58	35.49685836066279	743	1.0
09	2	cdf	3	59	40.55353199251526	1161	1.0
09	2	cdf	3	60	33.53572203723004	835	1.0
09	2	cdf	3	61	24.293110915064307	576	1.0
09	2	cdf	3	62	21.26173824154612	943	1.0
09	2	cdf	3	63	22.713955058393147	809	1.0
09	2	cdf	3	64	44.58752197999092	1093	1.0
09	2	cdf	3	65	31.615305232791123	1001	1.0
09	2	cdf	3	66	37.57770739307525	1185	1.0
09	2	cdf	3	67	27.58708223023854	901	1.0
09	2	cdf	3	68	24.651590530497074	1426	1.0
09	2	cdf	3	69	19.882326319511513	1294	1.0
09	2	cdf	4	70	102.43685781078743	800	0.97875
09	2	cdf	4	71	161.5943431299514	1117	0.5971351835273053
09	2	cdf	4	72	172.37496035111553	1228	0.6351791530944625
09	2	cdf	4	73	30.275324404806685	1118	1.0
09	2	cdf	4	74	24.67744212959423	1360	1.0
09	2	cdf	4	75	30.86936734899965	1228	1.0
09	2	cdf	4	76	26.566293637736717	1018	1.0
09	2	cdf	4	77	24.459382704434905	1109	1.0
09	2	cdf	4	78	30.199785931068877	909	1.0
09	2	cdf	4	79	23.84844251781421	1009	1.0
09	2	cdf	4	80	95.38782250334917	1362	0.9941262848751835
09	2	cdf	4	81	44.11591775606138	1009	1.0
09	2	cdf	4	82	23.63740934101044	1143	1.0
09	2	cdf	4	83	22.711196986106952	784	1.0
09	2	cdf	4	84	29.246035613002256	1335	1.0
09	2	cdf	4	85	54.955394303435526	559	1.0
09	2	cdf	4	86	37.38386005157246	750	1.0
09	2	cdf	4	87	26.38653322408067	686	1.0
09	2	cdf	4	88	32.76749518190043	935	1.0
09	2	cdf	4	89	31.31166820027944	1059	1.0
09	2	cdf	4	90	72.57813228717451	727	1.0
09	2	cdf	4	91	23.004455867403195	909	1.0
09	2	cdf	4	92	31.44908662079935	993	1.0
09	2	cdf	5	93	25.797222595296354	1309	1.0
09	2	cdf	5	94	38.81624987593048	985	1.0
09	2	cdf	5	95	15.18932185467653	976	0.7479508196721312
09	2	cdf	5	96	63.811091592926985	1209	0.9553349875930521
09	2	cdf	5	97	30.147764712699	926	1.0
09	2	cdf	5	98	26.099044034218455	1235	1.0
09	2	cdf	5	99	30.99370602592575	709	1.0
09	2	cdf	5	100	25.690406453393376	817	1.0
09	2	cdf	5	101	22.080337873981076	1344	1.0
09	2	cdf	5	102	97.04148913968838	1093	1.0
09	2	cdf	5	103	39.246571659778354	1193	1.0
09	2	cdf	5	104	31.62224320007385	684	1.0
09	2	cdf	5	105	15.084523491128138	500	0.504
09	2	cdf	5	106	12.981597855202715	884	0.7850678733031674
09	2	cdf	5	107	34.749120678099395	1352	1.0
09	2	cdf	5	108	28.954497477981647	1419	1.0
09	2	cdf	5	109	32.05020682834617	567	1.0
09	2	cdf	5	110	27.192802154949234	1243	1.0
09	2	cdf	5	111	24.22164263113774	1344	1.0
09	2	cdf	5	112	64.01207750796904	959	1.0
09	2	cdf	5	113	61.84421859128219	1001	1.0
09	2	cdf	5	114	70.14565684685394	775	1.0
09	2	cdf	5	115	27.970135103260244	1168	1.0
09	2	cdf	6	116	45.41811154550531	825	1.0
09	2	cdf	6	117	17.380355319481826	1626	1.0
09	2	cdf	6	118	36.37077414599444	961	1.0
09	2	cdf	6	119	23.007336797834725	1101	1.0
09	2	cdf	6	120	33.39705660526038	843	0.9501779359430605
09	2	cdf	6	121	14.85492249967	1352	1.0
09	2	cdf	6	122	19.7330154313039	1001	1.0
09	2	cdf	6	123	27.870761519293325	1001	1.0
09	2	cdf	6	124	21.997942533719595	743	1.0
09	2	cdf	6	125	46.43095832424682	1168	1.0
09	2	cdf	6	126	34.74816585181362	1101	1.0
09	2	cdf	6	127	30.75014904456155	1593	1.0
09	2	cdf	6	128	27.48122210604983	1326	1.0
09	2	cdf	6	129	47.69069684988656	909	1.0
09	2	cdf	6	130	30.8694366624993	642	1.0
09	2	cdf	6	131	46.77134140072121	893	1.0
09	2	cdf	6	132	30.368449990682187	475	1.0
09	2	cdf	6	133	177.1749959666628	1668	0.7793764988009593
09	2	cdf	6	134	22.67245610092953	1226	1.0
09	2	cdf	6	135	24.234737143094193	1351	1.0
09	2	cdf	6	136	25.89432431594894	1402	1.0
09	2	cdf	6	137	34.88325780544744	1026	1.0
09	2	cdf	6	138	27.89152877987522	785	1.0
09	2	cdf	7	139	32.26718507373957	1402	1.0
09	2	cdf	7	140	27.091197319026808	1193	1.0
09	2	cdf	7	141	32.74249209578879	825	1.0
09	2	cdf	7	142	25.84211794907829	1360	1.0
09	2	cdf	7	143	18.778941783784724	876	1.0
09	2	cdf	7	144	31.34026082372069	1285	1.0
09	2	cdf	7	145	28.38176174220182	750	1.0
09	2	cdf	7	146	32.69684580358631	867	1.0
09	2	cdf	7	147	20.86264054674559	1184	1.0
09	2	cdf	7	148	32.4761953792876	1026	1.0
09	2	cdf	7	149	15.0422215306222	1368	1.0
09	2	cdf	7	150	21.586395793203394	1226	1.0
09	2	cdf	7	151	20.411905354715785	1452	1.0
09	2	cdf	7	152	22.847511842799918	1118	1.0
09	2	cdf	7	153	32.70661129869084	1218	1.0
09	2	cdf	7	154	27.51475792217833	1151	1.0
09	2	cdf	7	155	26.156056782728182	1385	1.0
09	2	cdf	7	156	26.90011980543322	1326	1.0
09	2	cdf	7	157	44.077167838127316	1468	1.0
09	2	cdf	7	158	71.51949436601811	869	1.0
09	2	cdf	7	159	25.442397633825426	1234	1.0
09	2	cdf	7	160	34.17541956603946	1544	1.0
09	2	cdf	7	161	31.53372761414768	1535	1.0
09	2	cdf	8	162	189.20031299135522	1295	0.7235521235521235
09	2	cdf	8	163	33.860771017580795	542	1.0
09	2	cdf	8	164	32.990039669850496	1610	1.0
09	2	cdf	8	165	27.104535366014385	1053	1.0
09	2	cdf	8	166	30.94140272322632	1217	1.0
09	2	cdf	8	167	68.29899404480913	1560	1.0
09	2	cdf	8	168	28.366536643585913	1160	1.0
09	2	cdf	8	169	25.731501272782207	976	1.0
09	2	cdf	8	170	35.31206822242412	984	1.0
09	2	cdf	8	171	22.175852196373658	1501	1.0
09	2	cdf	8	172	30.9636002001097	1126	1.0
09	2	cdf	8	173	18.789092666134056	1427	1.0
09	2	cdf	8	174	36.591542803923836	1635	1.0
09	2	cdf	8	175	13.238152701163274	1226	1.0
09	2	cdf	8	176	24.632251469673196	1543	1.0
09	2	cdf	8	177	27.86960160112848	1527	1.0
09	2	cdf	8	178	36.06678703910221	1209	1.0
09	2	cdf	8	179	24.65525522248322	1176	1.0
09	2	cdf	8	180	35.16632840557619	1076	1.0
09	2	cdf	8	181	28.166851603936234	784	1.0
09	2	cdf	8	182	17.870541107203508	743	1.0
09	2	cdf	8	183	16.669539925845168	884	1.0
09	2	cdf	8	184	20.975121522520734	1493	1.0
10	1	cdf	1	1	117.90817503147794	1752	1.0
10	1	cdf	1	2	58.38869259848897	1751	0.9942889777270132
10	1	cdf	1	3	34.12738969481975	942	0.964968152866242
10	1	cdf	1	4	37.67427871822465	909	1.0
10	1	cdf	1	5	85.41761739937995	584	1.0
10	1	cdf	1	6	25.58869569095199	1159	1.0
10	1	cdf	1	7	29.771677442871432	1459	1.0
10	1	cdf	1	8	33.024130149255846	1009	1.0
10	1	cdf	1	9	40.633042634315494	1226	1.0
10	1	cdf	1	10	85.2582656859407	1034	0.9787234042553191
10	1	cdf	1	11	19.822419696754224	1142	1.0
10	1	cdf	1	12	74.24467784896787	1126	1.0
10	1	cdf	1	13	46.59937440050724	1151	1.0
10	1	cdf	1	14	115.34687401070995	1259	0.8824463860206513
10	1	cdf	1	15	68.29937254314686	1143	0.9510061242344707
10	1	cdf	1	16	47.84494615719921	1427	1.0
10	1	cdf	1	17	66.13278086839415	1276	0.981974921630094
10	1	cdf	1	18	96.20580381493478	1343	0.9687267311988086
10	1	cdf	1	19	26.02477520531737	1334	0.9415292353823088
10	1	cdf	1	20	36.58025111365176	1302	1.0
10	1	cdf	1	21	52.410377374162834	1751	0.9840091376356368
10	1	cdf	1	22	30.562855526420638	617	1.0
10	1	cdf	1	23	33.09550508195215	1093	1.0
10	1	cdf	2	24	19.447378280806358	676	1.0
10	1	cdf	2	25	53.9337724112873	967	1.0
10	1	cdf	2	26	45.351971368974304	1268	1.0
10	1	cdf	2	27	35.689623030906176	1268	1.0
10	1	cdf	2	28	57.44188831471444	1076	1.0
10	1	cdf	2	29	31.055536521451653	742	1.0
10	1	cdf	2	30	29.13454206283949	1134	1.0
10	1	cdf	2	31	30.604641315366173	1077	1.0
10	1	cdf	2	32	34.722296576411345	1043	1.0
10	1	cdf	2	33	53.81548117932119	867	1.0
10	1	cdf	2	34	37.65405512374106	893	1.0
10	1	cdf	2	35	39.123783878791784	1301	1.0
10	1	cdf	2	36	34.84091070633176	776	1.0
10	1	cdf	2	37	49.58700254926756	710	1.0
10	1	cdf	2	38	36.567146028242156	1034	1.0
10	1	cdf	2	39	24.16743431250906	1268	1.0
10	1	cdf	2	40	36.34798195590881	926	1.0
10	1	cdf	2	41	48.55067628560118	976	1.0
10	1	cdf	2	42	40.00168545926976	976	1.0
10	1	cdf	2	43	33.13115201293778	842	1.0
10	1	cdf	2	44	80.07656345338675	935	1.0
10	1	cdf	2	45	32.96881758765823	1385	1.0
10	1	cdf	2	46	38.02935950482885	867	1.0
10	1	cdf	3	47	45.91149639932374	1009	1.0
10	1	cdf	3	48	30.10478434118509	942	1.0
10	1	cdf	3	49	36.70855465150432	1735	1.0
10	1	cdf	3	50	38.56704331784265	1134	1.0
10	1	cdf	3	51	34.45511450264077	1293	1.0
10	1	cdf	3	52	26.396605268674538	1243	1.0
10	1	cdf	3	53	36.85750386819128	792	1.0
10	1	cdf	3	54	47.637983707736836	1460	1.0
10	1	cdf	3	55	32.70210108711821	1267	1.0
10	1	cdf	3	56	33.95884356849314	875	1.0
10	1	cdf	3	57	75.10556648745366	1101	1.0
10	1	cdf	3	58	38.59735922804632	1385	1.0
10	1	cdf	3	59	28.025917320527878	675	1.0
10	1	cdf	3	60	43.202304863530294	809	1.0
10	1	cdf	3	61	32.35425080649173	1051	1.0
10	1	cdf	3	62	20.65205650428846	668	1.0
10	1	cdf	3	63	33.382772945202824	617	1.0
10	1	cdf	3	64	24.695389283984763	667	1.0
10	1	cdf	3	65	46.433702615018966	893	1.0
10	1	cdf	3	66	46.04947385277289	1360	1.0
10	1	cdf	3	67	31.606148838981177	1318	1.0
10	1	cdf	3	68	35.04944395463431	1284	1.0
10	1	cdf	3	69	57.33200250783265	1043	1.0
10	1	cdf	4	70	58.731768452773856	1327	1.0
10	1	cdf	4	71	32.473580406774865	826	1.0
10	1	cdf	4	72	33.52480696226499	776	1.0
10	1	cdf	4	73	62.763584121276274	842	1.0
10	1	cdf	4	74	27.977176449489498	1110	1.0
10	1	cdf	4	75	74.39146724857508	709	0.9421720733427362
10	1	cdf	4	76	23.74964634204474	701	1.0
10	1	cdf	4	77	44.89153540699275	1218	1.0
10	1	cdf	4	78	28.981243491039315	1076	1.0
10	1	cdf	4	79	32.04863232482076	1201	1.0
10	1	cdf	4	80	38.95554723164508	942	1.0
10	1	cdf	4	81	32.58512572584697	876	1.0
10	1	cdf	4	82	22.752076878164043	1351	1.0
10	1	cdf	4	83	22.214596296446118	1401	1.0
10	1	cdf	4	84	17.52735655750901	1051	1.0
10	1	cdf	4	85	21.395507758924786	1109	1.0
10	1	cdf	4	86	31.77916021808864	1301	1.0
10	1	cdf	4	87	88.30542755870455	1110	0.9630630630630631
10	1	cdf	4	88	54.76204352496515	775	1.0
10	1	cdf	4	89	38.563620868105126	1126	1.0
10	1	cdf	4	90	40.93399674327299	1168	1.0
10	1	cdf	4	91	46.183195479335	1251	0.9720223820943246
10	1	cdf	4	92	28.913929326446848	1285	1.0
10	1	cdf	5	93	43.33537208107037	1310	1.0
10	1	cdf	5	94	33.46004476096742	1051	1.0
10	1	cdf	5	95	38.88796765852398	1493	1.0
10	1	cdf	5	96	46.98922358330869	1084	1.0
10	1	cdf	5	97	61.27579450439139	860	1.0
10	1	cdf	5	98	36.432972742677286	1393	1.0
10	1	cdf	5	99	36.75895516813673	1326	1.0
10	1	cdf	5	100	25.414499527231367	1201	1.0
10	1	cdf	5	101	24.21400700904538	834	1.0
10	1	cdf	5	102	31.829645548800713	909	1.0
10	1	cdf	5	103	31.697908383556758	1201	0.9850124895920067
10	1	cdf	5	104	36.26765585056438	668	1.0
10	1	cdf	5	105	28.530935714579396	1234	1.0
10	1	cdf	5	106	63.015546410841104	1293	0.9682907965970611
10	1	cdf	5	107	28.69887764932414	942	1.0
10	1	cdf	5	108	28.72717754115799	1143	1.0
10	1	cdf	5	109	20.897255093267155	826	1.0
10	1	cdf	5	110	40.09638947780799	1059	1.0
10	1	cdf	5	111	17.537258308008486	1259	0.46386020651310567
10	1	cdf	5	112	27.564948476719106	1118	1.0
10	1	cdf	5	113	31.3363393614383	1585	1.0
10	1	cdf	5	114	40.27585965790541	1452	0.9579889807162535
10	1	cdf	5	115	21.021817985736845	1210	1.0
10	1	cdf	6	116	33.64672554690903	1201	1.0
10	1	cdf	6	117	28.703499541054356	1226	1.0
10	1	cdf	6	118	30.375212224267614	1560	1.0
10	1	cdf	6	119	43.90239423654885	1118	1.0
10	1	cdf	6	120	39.795710935462644	1751	1.0
10	1	cdf	6	121	47.21356150704622	1185	1.0
10	1	cdf	6	122	38.270927139431116	1101	1.0
10	1	cdf	6	123	34.69059642588071	1026	1.0
10	1	cdf	6	124	29.58065368848116	1218	1.0
10	1	cdf	6	125	42.58418629216476	692	1.0
10	1	cdf	6	126	131.20417791721172	1351	0.7120651369356032
10	1	cdf	6	127	27.486278561598116	1010	1.0
10	1	cdf	6	128	62.114046613879474	851	1.0
10	1	cdf	6	129	26.351816808376853	1101	1.0
10	1	cdf	6	130	35.2278129489474	1276	1.0
10	1	cdf	6	131	32.761909350799975	909	1.0
10	1	cdf	6	132	26.34496113681992	1059	1.0
10	1	cdf	6	133	27.361225883794514	643	1.0
10	1	cdf	6	134	18.621162220622015	709	1.0
10	1	cdf	6	135	34.116804582141604	1477	1.0
10	1	cdf	6	136	35.90027785580777	751	1.0
10	1	cdf	6	137	41.76876842119457	1034	1.0
10	1	cdf	6	138	36.21954666858288	1543	1.0
10	1	cdf	7	139	31.7131802319971	1477	1.0
10	1	cdf	7	140	35.20556916232567	1043	1.0
10	1	cdf	7	141	32.86317299003047	992	1.0
10	1	cdf	7	142	27.29868688889908	1292	1.0
10	1	cdf	7	143	23.751354425856086	793	1.0
10	1	cdf	7	144	28.931834755931263	1035	1.0
10	1	cdf	7	145	36.98703526706858	943	1.0
10	1	cdf	7	146	80.45040241255238	993	1.0
10	1	cdf	7	147	28.089487429590484	1501	1.0
10	1	cdf	7	148	55.42209040684055	767	1.0
10	1	cdf	7	149	37.31113173140046	1451	1.0
10	1	cdf	7	150	42.626815408927115	667	1.0
10	1	cdf	7	151	31.664095251593288	1376	1.0
10	1	cdf	7	152	26.768716232905852	817	1.0
10	1	cdf	7	153	32.13380442013871	1076	1.0
10	1	cdf	7	154	35.13162247211073	901	1.0
10	1	cdf	7	155	45.84645913426826	810	1.0
10	1	cdf	7	156	30.46669558132468	1017	1.0
10	1	cdf	7	157	34.03881039284891	567	1.0
10	1	cdf	7	158	25.002306467157585	1201	1.0
10	1	cdf	7	159	44.5652335423211	1284	1.0
10	1	cdf	7	160	31.6890474759971	910	1.0
10	1	cdf	7	161	52.144683668721	1059	1.0
10	1	cdf	8	162	37.051566420063445	851	1.0
10	1	cdf	8	163	27.22797242912935	1193	1.0
10	1	cdf	8	164	26.176667137620086	1351	1.0
10	1	cdf	8	165	25.95723304656964	692	1.0
10	1	cdf	8	166	51.03484406032901	1418	1.0
10	1	cdf	8	167	38.35630374515844	1751	1.0
10	1	cdf	8	168	23.696946489191053	1252	1.0
10	1	cdf	8	169	24.14299809756056	609	1.0
10	1	cdf	8	170	39.804356206750576	1051	1.0
10	1	cdf	8	171	26.780304296779704	1752	1.0
10	1	cdf	8	172	23.00929069061127	667	1.0
10	1	cdf	8	173	34.8366115726008	676	1.0
10	1	cdf	8	174	31.821453397092572	1176	1.0
10	1	cdf	8	175	31.629040987760543	1502	1.0
10	1	cdf	8	176	31.365913984557697	1318	1.0
10	1	cdf	8	177	28.739246227835963	1418	1.0
10	1	cdf	8	178	31.842618034915798	1401	1.0
10	1	cdf	8	179	27.72501169751868	1560	1.0
10	1	cdf	8	180	34.64899236424558	1201	1.0
10	1	cdf	8	181	29.872193929646766	1752	1.0
10	1	cdf	8	182	26.593293761927026	884	1.0
10	1	cdf	8	183	29.31517437316521	1377	1.0
10	1	cdf	8	184	33.353019107986	1752	1.0
10	2	inverse_cdf	1	1	84.05421677870994	809	1.0
10	2	inverse_cdf	1	2	13.479275820031523	792	1.0
10	2	inverse_cdf	1	3	10.369837350778461	625	1.0
10	2	inverse_cdf	1	4	33.364994840013374	984	1.0
10	2	inverse_cdf	1	5	32.56183042452922	1460	1.0
10	2	inverse_cdf	1	6	36.93344752042816	1126	1.0
10	2	inverse_cdf	1	7	20.06153841044114	634	1.0
10	2	inverse_cdf	1	8	13.944954875642459	684	1.0
10	2	inverse_cdf	1	9	142.91899684607446	1176	0.9974489795918368
10	2	inverse_cdf	1	10	10.87229635214566	1151	1.0
10	2	inverse_cdf	1	11	28.136389748332462	768	1.0
10	2	inverse_cdf	1	12	15.328135329235497	867	1.0
10	2	inverse_cdf	1	13	12.83775753344531	1234	1.0
10	2	inverse_cdf	1	14	6.9944192453874905	900	1.0
10	2	inverse_cdf	1	15	17.45538770640995	843	1.0
10	2	inverse_cdf	1	16	13.672475669786476	1134	1.0
10	2	inverse_cdf	1	17	33.09326212775901	1034	1.0
10	2	inverse_cdf	1	18	13.510312941110794	901	1.0
10	2	inverse_cdf	1	19	10.530016232758344	801	1.0
10	2	inverse_cdf	1	20	11.758784041648829	1034	1.0
10	2	inverse_cdf	1	21	17.362954696290153	851	1.0
10	2	inverse_cdf	1	22	14.004764225457684	1193	1.0
10	2	inverse_cdf	1	23	11.41293094850334	1035	1.0
10	2	inverse_cdf	2	24	12.690000669953053	1243	1.0
10	2	inverse_cdf	2	25	10.548442328327512	1176	1.0
10	2	inverse_cdf	2	26	13.186820606554923	1043	1.0
10	2	inverse_cdf	2	27	16.219335140606585	1009	1.0
10	2	inverse_cdf	2	28	205.172981136031	917	0.925845147219193
10	2	inverse_cdf	2	29	11.031833774401948	650	1.0
10	2	inverse_cdf	2	30	160.7226712784611	1126	0.8303730017761989
10	2	inverse_cdf	2	31	15.742835070311887	1001	1.0
10	2	inverse_cdf	2	32	13.9765403120243	1493	1.0
10	2	inverse_cdf	2	33	12.18775894251773	1059	1.0
10	2	inverse_cdf	2	34	149.53411218978243	968	0.8347107438016529
10	2	inverse_cdf	2	35	50.227892683111754	1293	1.0
10	2	inverse_cdf	2	36	130.04534824428	1710	0.8315789473684211
10	2	inverse_cdf	2	37	69.60175918747272	1168	0.9965753424657534
10	2	inverse_cdf	2	38	317.11815735734245	1384	0.8410404624277457
10	2	inverse_cdf	2	39	29.506387789794395	1352	1.0
10	2	inverse_cdf	2	40	394.2688346805849	1568	0.9808673469387755
10	2	inverse_cdf	2	41	308.7256403117303	884	0.7398190045248869
10	2	inverse_cdf	2	42	223.05153832669953	1001	0.9270729270729271
10	2	inverse_cdf	2	43	111.81769555233572	1193	1.0
10	2	inverse_cdf	2	44	228.25831111466496	843	0.9750889679715302
10	2	inverse_cdf	2	45	9.341939588954116	826	1.0
10	2	inverse_cdf	2	46	15.802461747788547	1185	1.0
10	2	inverse_cdf	3	47	20.603617175404075	1126	1.0
10	2	inverse_cdf	3	48	125.76083646935541	901	0.8246392896781354
10	2	inverse_cdf	3	49	16.707260784388215	818	0.9645476772616137
10	2	inverse_cdf	3	50	268.99476219035034	826	0.8668280871670703
10	2	inverse_cdf	3	51	153.33151842422635	1017	0.7512291052114061
10	2	inverse_cdf	3	52	15.23257707571827	1686	1.0
10	2	inverse_cdf	3	53	192.09470323282224	1060	0.9311320754716981
10	2	inverse_cdf	3	54	17.129022225076625	1752	0.8373287671232876
10	2	inverse_cdf	3	55	41.71879011423934	884	1.0
10	2	inverse_cdf	3	56	11.020268791853278	859	1.0
10	2	inverse_cdf	3	57	181.65563868765875	1192	0.8959731543624161
10	2	inverse_cdf	3	58	99.51930193681035	1327	0.9849284099472494
10	2	inverse_cdf	3	59	14.306195705532227	617	1.0
10	2	inverse_cdf	3	60	89.80503248864794	750	0.864
10	2	inverse_cdf	3	61	9.479798234696329	1043	1.0
10	2	inverse_cdf	3	62	18.677741811636366	1268	1.0
10	2	inverse_cdf	3	63	48.99107864511655	1318	1.0
10	2	inverse_cdf	3	64	21.318015172214835	1193	0.9404861693210393
10	2	inverse_cdf	3	65	44.155855198370084	1309	0.9923605805958747
10	2	inverse_cdf	3	66	14.538244444023507	792	0.9974747474747475
10	2	inverse_cdf	3	67	57.49942497534715	892	0.9002242152466368
10	2	inverse_cdf	3	68	27.704191184305866	1117	0.928379588182632
10	2	inverse_cdf	3	69	14.987757424547265	1568	0.8992346938775511
10	2	inverse_cdf	4	70	11.179401805802641	1068	1.0
10	2	inverse_cdf	4	71	11.036007026706214	576	1.0
10	2	inverse_cdf	4	72	5.964189639471732	1142	1.0
10	2	inverse_cdf	4	73	178.88650156251367	1143	0.7795275590551181
10	2	inverse_cdf	4	74	21.756786538961123	1201	0.9500416319733556
10	2	inverse_cdf	4	75	12.484919207400445	784	1.0
10	2	inverse_cdf	4	76	16.458391491604743	875	0.9977142857142857
10	2	inverse_cdf	4	77	17.509398143422153	1309	1.0
10	2	inverse_cdf	4	78	30.023210551614422	1018	1.0
10	2	inverse_cdf	4	79	105.88522478388872	1118	0.7262969588550984
10	2	inverse_cdf	4	80	107.80978112253187	1610	0.9701863354037267
10	2	inverse_cdf	4	81	93.98795023525486	1418	0.9590973201692524
10	2	inverse_cdf	4	82	14.685522014225318	1068	1.0
10	2	inverse_cdf	4	83	11.058435624351095	1110	1.0
10	2	inverse_cdf	4	84	12.629889662513499	1092	1.0
10	2	inverse_cdf	4	85	12.608152325160624	993	0.959718026183283
10	2	inverse_cdf	4	86	10.851574995610573	1268	1.0
10	2	inverse_cdf	4	87	25.285529377713527	717	1.0
10	2	inverse_cdf	4	88	27.565614088524	1752	1.0
10	2	inverse_cdf	4	89	17.479964781707427	892	1.0
10	2	inverse_cdf	4	90	29.038906217649004	1334	1.0
10	2	inverse_cdf	4	91	11.215580396770704	676	1.0
10	2	inverse_cdf	4	92	16.224270535579613	1268	1.0
10	2	inverse_cdf	5	93	11.125312000555331	710	1.0
10	2	inverse_cdf	5	94	15.95706848945757	1134	1.0
10	2	inverse_cdf	5	95	14.625671617561245	1326	1.0
10	2	inverse_cdf	5	96	12.23167089704586	1276	1.0
10	2	inverse_cdf	5	97	14.092753577222991	1276	1.0
10	2	inverse_cdf	5	98	24.493044013803573	1076	1.0
10	2	inverse_cdf	5	99	71.17763874536836	951	0.9968454258675079
10	2	inverse_cdf	5	100	17.51394972562086	709	1.0
10	2	inverse_cdf	5	101	11.612488796950384	1460	1.0
10	2	inverse_cdf	5	102	190.0249103772333	759	0.9881422924901185
10	2	inverse_cdf	5	103	10.349757393837287	792	1.0
10	2	inverse_cdf	5	104	198.27621775857935	717	0.9693165969316597
10	2	inverse_cdf	5	105	11.135395196361841	926	1.0
10	2	inverse_cdf	5	106	25.39742029263242	1118	1.0
10	2	inverse_cdf	5	107	14.372538752019267	1101	1.0
10	2	inverse_cdf	5	108	12.778145846686282	1051	1.0
10	2	inverse_cdf	5	109	17.010022166719242	951	1.0
10	2	inverse_cdf	5	110	27.748435197830936	642	1.0
10	2	inverse_cdf	5	111	11.580118424747488	1051	1.0
10	2	inverse_cdf	5	112	25.611092801439366	784	1.0
10	2	inverse_cdf	5	113	124.00687776420627	1218	0.9794745484400657
10	2	inverse_cdf	5	114	26.58494947763624	1309	1.0
10	2	inverse_cdf	5	115	41.380987905641824	800	1.0
10	2	inverse_cdf	6	116	14.657218735737253	717	1.0
10	2	inverse_cdf	6	117	14.88897410951411	734	1.0
10	2	inverse_cdf	6	118	14.573437010379436	1193	1.0
10	2	inverse_cdf	6	119	6.576712007202574	759	1.0
10	2	inverse_cdf	6	120	7.669815179058257	976	1.0
10	2	inverse_cdf	6	121	12.41370221613934	1009	1.0
10	2	inverse_cdf	6	122	18.233438633834293	742	1.0
10	2	inverse_cdf	6	123	16.049225505778068	934	1.0
10	2	inverse_cdf	6	124	14.112619266402982	1218	1.0
10	2	inverse_cdf	6	125	13.628596831207883	592	1.0
10	2	inverse_cdf	6	126	12.719835420295077	643	1.0
10	2	inverse_cdf	6	127	9.956940738457936	1176	1.0
10	2	inverse_cdf	6	128	16.427877406938876	1026	1.0
10	2	inverse_cdf	6	129	14.776881010717855	1243	1.0
10	2	inverse_cdf	6	130	27.51083796424634	1310	1.0
10	2	inverse_cdf	6	131	14.777840535418886	1151	1.0
10	2	inverse_cdf	6	132	15.425454443427546	1752	1.0
10	2	inverse_cdf	6	133	14.490158390059257	551	1.0
10	2	inverse_cdf	6	134	15.080104983123617	1535	1.0
10	2	inverse_cdf	6	135	11.960185921143772	726	1.0
10	2	inverse_cdf	6	136	12.491504069270908	809	1.0
10	2	inverse_cdf	6	137	15.022112441996343	1652	1.0
10	2	inverse_cdf	6	138	12.278007965884756	709	1.0
10	2	inverse_cdf	7	139	10.091090335409657	609	1.0
10	2	inverse_cdf	7	140	8.700425398358728	1009	1.0
10	2	inverse_cdf	7	141	11.479473387482658	851	1.0
10	2	inverse_cdf	7	142	36.75699401408502	993	1.0
10	2	inverse_cdf	7	143	38.44386064704797	993	1.0
10	2	inverse_cdf	7	144	42.71463053233788	792	1.0
10	2	inverse_cdf	7	145	11.122643123292596	1176	1.0
10	2	inverse_cdf	7	146	14.454582652979147	1234	1.0
10	2	inverse_cdf	7	147	40.87297314131165	1101	1.0
10	2	inverse_cdf	7	148	28.000715791218994	1142	1.0
10	2	inverse_cdf	7	149	27.751101923045017	651	1.0
10	2	inverse_cdf	7	150	20.47753120573279	1168	1.0
10	2	inverse_cdf	7	151	10.455594839658026	1726	1.0
10	2	inverse_cdf	7	152	9.613697299930536	642	1.0
10	2	inverse_cdf	7	153	10.390735318310206	759	1.0
10	2	inverse_cdf	7	154	28.692632646737966	1101	1.0
10	2	inverse_cdf	7	155	58.46488258652811	1277	0.9749412685982772
10	2	inverse_cdf	7	156	13.011307777465316	1293	1.0
10	2	inverse_cdf	7	157	11.275527994626348	1034	1.0
10	2	inverse_cdf	7	158	12.091579391964979	1110	1.0
10	2	inverse_cdf	7	159	42.27586089184256	1026	1.0
10	2	inverse_cdf	7	160	11.979455326120549	1076	1.0
10	2	inverse_cdf	7	161	46.6874544167123	1435	1.0
10	2	inverse_cdf	8	162	15.460619173761517	992	1.0
10	2	inverse_cdf	8	163	14.126435663895915	1134	1.0
10	2	inverse_cdf	8	164	7.045794340608275	859	1.0
10	2	inverse_cdf	8	165	12.163654929418037	1101	1.0
10	2	inverse_cdf	8	166	12.709201366176492	859	1.0
10	2	inverse_cdf	8	167	10.363004510533282	792	1.0
10	2	inverse_cdf	8	168	24.802688465495265	1001	1.0
10	2	inverse_cdf	8	169	18.52338904891782	900	0.83
10	2	inverse_cdf	8	170	12.90191610660302	676	0.9334319526627219
10	2	inverse_cdf	8	171	13.498508825821306	950	1.0
10	2	inverse_cdf	8	172	31.73189130567701	1176	1.0
10	2	inverse_cdf	8	173	16.93153285783311	1201	0.9925062447960034
10	2	inverse_cdf	8	174	14.240706446654016	1051	0.9990485252140818
10	2	inverse_cdf	8	175	11.614330344054238	976	1.0
10	2	inverse_cdf	8	176	14.01353506721567	968	1.0
10	2	inverse_cdf	8	177	10.973106400133794	901	1.0
10	2	inverse_cdf	8	178	31.12783696876827	1060	0.9839622641509433
10	2	inverse_cdf	8	179	13.675155236322082	767	0.9960886571056062
10	2	inverse_cdf	8	180	12.93211615484777	801	1.0
10	2	inverse_cdf	8	181	41.13589804915397	1143	1.0
10	2	inverse_cdf	8	182	16.516959721686572	926	1.0
10	2	inverse_cdf	8	183	63.02528339699071	859	0.9906868451688009
10	2	inverse_cdf	8	184	11.310782033492364	1085	0.9815668202764977
11	1	inverse_cdf	1	1	48.51674357815755	1752	1.0
11	1	inverse_cdf	1	2	61.61050599633528	1260	1.0
11	1	inverse_cdf	1	3	66.19173765853519	1577	1.0
11	1	inverse_cdf	1	4	33.482525781218655	1752	1.0
11	1	inverse_cdf	1	5	48.31117829247252	1560	1.0
11	1	inverse_cdf	1	6	27.089180534440214	1751	1.0
11	1	inverse_cdf	1	7	51.85592905659563	1693	1.0
11	1	inverse_cdf	1	8	19.954279253210867	1310	1.0
11	1	inverse_cdf	1	9	28.20127152234126	1351	1.0
11	1	inverse_cdf	1	10	44.73915395100613	1751	1.0
11	1	inverse_cdf	1	11	50.729463458522396	985	1.0
11	1	inverse_cdf	1	12	19.23529090921724	1143	1.0
11	1	inverse_cdf	1	13	88.51450550976793	1393	1.0
11	1	inverse_cdf	1	14	104.93804687585336	1486	1.0
11	1	inverse_cdf	1	15	32.73815890405235	1326	1.0
11	1	inverse_cdf	1	16	103.49612852866137	1751	1.0
11	1	inverse_cdf	1	17	82.2893640341841	1143	1.0
11	1	inverse_cdf	1	18	129.85086526249998	868	1.0
11	1	inverse_cdf	1	19	79.28964329961062	1702	1.0
11	1	inverse_cdf	1	20	52.85179128089053	1209	1.0
11	1	inverse_cdf	1	21	18.205324754987437	576	1.0
11	1	inverse_cdf	1	22	52.9482987416298	1234	1.0
11	1	inverse_cdf	1	23	94.76847184720624	1301	1.0
11	1	inverse_cdf	2	24	39.26539440023691	1401	1.0
11	1	inverse_cdf	2	25	167.64302791450888	1151	1.0
11	1	inverse_cdf	2	26	23.03463375293611	1393	1.0
11	1	inverse_cdf	2	27	97.18138151375875	1393	1.0
11	1	inverse_cdf	2	28	113.18406494754413	1260	1.0
11	1	inverse_cdf	2	29	30.224451407021228	1027	1.0
11	1	inverse_cdf	2	30	22.717958443348707	892	1.0
11	1	inverse_cdf	2	31	79.90429229240328	1302	1.0
11	1	inverse_cdf	2	32	21.970819036901432	1534	1.0
11	1	inverse_cdf	2	33	49.10301082388353	1493	1.0
11	1	inverse_cdf	2	34	74.32419009675107	1128	1.0
11	1	inverse_cdf	2	35	124.08747801882107	1643	1.0
11	1	inverse_cdf	2	36	46.90263804505732	1752	1.0
11	1	inverse_cdf	2	37	44.36563946618263	1019	1.0
11	1	inverse_cdf	2	38	37.14143988920911	1251	1.0
11	1	inverse_cdf	2	39	77.23798692442371	826	1.0
11	1	inverse_cdf	2	40	40.57671151679235	1343	1.0
11	1	inverse_cdf	2	41	25.13140580979611	1285	1.0
11	1	inverse_cdf	2	42	25.039000227887332	1076	1.0
11	1	inverse_cdf	2	43	17.653428144200188	1560	1.0
11	1	inverse_cdf	2	44	76.2219826631276	902	1.0
11	1	inverse_cdf	2	45	25.371844949342236	1468	1.0
11	1	inverse_cdf	2	46	107.66286626329817	1226	1.0
11	1	inverse_cdf	3	47	128.52696396669543	1110	1.0
11	1	inverse_cdf	3	48	53.672468835073246	1084	1.0
11	1	inverse_cdf	3	49	31.18385683945335	1153	1.0
11	1	inverse_cdf	3	50	58.98517519088575	1293	1.0
11	1	inverse_cdf	3	51	27.141476995902092	1535	1.0
11	1	inverse_cdf	3	52	65.38770685879024	1202	1.0
11	1	inverse_cdf	3	53	20.222959448662298	1168	1.0
11	1	inverse_cdf	3	54	125.41699085063128	1326	1.0
11	1	inverse_cdf	3	55	29.214178826415484	1460	1.0
11	1	inverse_cdf	3	56	148.87831437314344	1152	1.0
11	1	inverse_cdf	3	57	82.82700246019047	1026	1.0
11	1	inverse_cdf	3	58	129.02615788934358	884	1.0
11	1	inverse_cdf	3	59	31.981786730430375	1443	1.0
11	1	inverse_cdf	3	60	19.72967984585962	1043	1.0
11	1	inverse_cdf	3	61	21.65261686439206	1251	1.0
11	1	inverse_cdf	3	62	73.70332629924296	1292	1.0
11	1	inverse_cdf	3	63	78.65724383539641	1551	1.0
11	1	inverse_cdf	3	64	28.454935603975855	1276	1.0
11	1	inverse_cdf	3	65	96.07508076136924	1552	1.0
11	1	inverse_cdf	3	66	96.20410704640406	1518	1.0
11	1	inverse_cdf	3	67	20.330702435611506	976	1.0
11	1	inverse_cdf	3	68	106.58341872113282	1368	1.0
11	1	inverse_cdf	3	69	67.43473216402978	1385	1.0
11	1	inverse_cdf	4	70	72.06119305579843	1376	1.0
11	1	inverse_cdf	4	71	112.46319241177288	1110	1.0
11	1	inverse_cdf	4	72	43.10314757593953	1412	1.0
11	1	inverse_cdf	4	73	23.41788227293797	1643	1.0
11	1	inverse_cdf	4	74	143.36327944490827	1393	0.9770279971284996
11	1	inverse_cdf	4	75	50.294735483709296	1710	1.0
11	1	inverse_cdf	4	76	42.36439674488033	1243	1.0
11	1	inverse_cdf	4	77	85.20940503229502	826	1.0
11	1	inverse_cdf	4	78	76.91159221935543	1568	1.0
11	1	inverse_cdf	4	79	21.847640049606497	1485	1.0
11	1	inverse_cdf	4	80	32.38673880034369	1376	1.0
11	1	inverse_cdf	4	81	79.96097167296789	1752	1.0
11	1	inverse_cdf	4	82	60.52820369122931	1268	1.0
11	1	inverse_cdf	4	83	136.31100108025626	1093	1.0
11	1	inverse_cdf	4	84	112.49179664627363	1051	1.0
11	1	inverse_cdf	4	85	56.20208672325684	1585	1.0
11	1	inverse_cdf	4	86	142.38604878697546	1201	0.9900083263946711
11	1	inverse_cdf	4	87	22.01608157490245	1343	1.0
11	1	inverse_cdf	4	88	63.22065014008836	1635	1.0
11	1	inverse_cdf	4	89	84.01650298766221	1076	1.0
11	1	inverse_cdf	4	90	26.27004886132427	1169	1.0
11	1	inverse_cdf	4	91	90.94674654765352	1042	1.0
11	1	inverse_cdf	4	92	94.07671126479498	1126	1.0
11	1	inverse_cdf	5	93	50.6570170921726	1109	1.0
11	1	inverse_cdf	5	94	67.5790773327704	917	1.0
11	1	inverse_cdf	5	95	26.546418978873625	1010	1.0
11	1	inverse_cdf	5	96	151.08413602413657	968	0.9710743801652892
11	1	inverse_cdf	5	97	71.10645677972185	1268	1.0
11	1	inverse_cdf	5	98	78.45262323726307	976	0.9774590163934426
11	1	inverse_cdf	5	99	31.52238043115261	1393	1.0
11	1	inverse_cdf	5	100	157.95888402741144	1043	1.0
11	1	inverse_cdf	5	101	82.10643047795978	1051	1.0
11	1	inverse_cdf	5	102	44.140273489764056	1327	1.0
11	1	inverse_cdf	5	103	102.93058673753926	1318	1.0
11	1	inverse_cdf	5	104	117.60403376732381	1251	1.0
11	1	inverse_cdf	5	105	66.67781471906365	1051	1.0
11	1	inverse_cdf	5	106	46.516732128190576	967	1.0
11	1	inverse_cdf	5	107	91.81739652600245	851	1.0
11	1	inverse_cdf	5	108	49.0849386126797	1127	1.0
11	1	inverse_cdf	5	109	105.55458871005513	1534	1.0
11	1	inverse_cdf	5	110	32.919329877333	676	1.0
11	1	inverse_cdf	5	111	159.32864719765269	967	0.9886246122026887
11	1	inverse_cdf	5	112	67.12274414879889	1168	1.0
11	1	inverse_cdf	5	113	50.26416276002657	1151	1.0
11	1	inverse_cdf	5	114	91.60322731757306	1260	1.0
11	1	inverse_cdf	5	115	67.89796678892328	1084	1.0
11	1	inverse_cdf	6	116	90.64323968580213	934	1.0
11	1	inverse_cdf	6	117	67.77897998763193	1269	1.0
11	1	inverse_cdf	6	118	86.23978290492572	1251	1.0
11	1	inverse_cdf	6	119	104.4945127203037	1501	1.0
11	1	inverse_cdf	6	120	157.77449240224226	1118	0.947227191413238
11	1	inverse_cdf	6	121	63.08073410048432	1009	1.0
11	1	inverse_cdf	6	122	45.193624629181556	1752	1.0
11	1	inverse_cdf	6	123	82.74348435632076	1193	1.0
11	1	inverse_cdf	6	124	63.50500692591532	1035	1.0
11	1	inverse_cdf	6	125	49.36518753022434	759	1.0
11	1	inverse_cdf	6	126	114.46914522552593	768	0.9622395833333334
11	1	inverse_cdf	6	127	124.33935493031815	1451	0.9552033080634046
11	1	inverse_cdf	6	128	102.13653770206496	1410	0.9546099290780142
11	1	inverse_cdf	6	129	170.11815517510104	1293	0.9644238205723125
11	1	inverse_cdf	6	130	50.596073794041445	1251	1.0
11	1	inverse_cdf	6	131	51.027979969216744	1493	1.0
11	1	inverse_cdf	6	132	94.81444486543019	1627	1.0
11	1	inverse_cdf	6	133	130.93670447206895	1218	0.9958949096880131
11	1	inverse_cdf	6	134	62.2375975774501	1510	1.0
11	1	inverse_cdf	6	135	57.52032187688241	1177	1.0
11	1	inverse_cdf	6	136	110.53349006135612	1201	1.0
11	1	inverse_cdf	6	137	87.00693529490707	1151	1.0
11	1	inverse_cdf	6	138	206.50255066235215	1244	0.97508038585209
11	1	inverse_cdf	7	139	151.51659580910186	1609	0.978247358607831
11	1	inverse_cdf	7	140	136.5039418093888	1193	0.9782062028499581
11	1	inverse_cdf	7	141	171.80753965317	1251	0.9784172661870504
11	1	inverse_cdf	7	142	78.64543609013911	1352	1.0
11	1	inverse_cdf	7	143	61.782301826133	1176	1.0
11	1	inverse_cdf	7	144	98.9205689267818	1093	1.0
11	1	inverse_cdf	7	145	99.69202209847123	1128	0.950354609929078
11	1	inverse_cdf	7	146	114.14945313288305	1267	0.9739542225730071
11	1	inverse_cdf	7	147	31.353479289045247	1067	1.0
11	1	inverse_cdf	7	148	45.77287084902683	1527	1.0
11	1	inverse_cdf	7	149	83.96258501467486	1109	1.0
11	1	inverse_cdf	7	150	108.31615244096916	1385	1.0
11	1	inverse_cdf	7	151	118.79899253471793	1143	0.968503937007874
11	1	inverse_cdf	7	152	150.293215743519	1301	0.9746348962336664
11	1	inverse_cdf	7	153	123.3012278945587	1678	0.966626936829559
11	1	inverse_cdf	7	154	102.53946310889475	834	1.0
11	1	inverse_cdf	7	155	191.05301310249376	1076	0.9674721189591078
11	1	inverse_cdf	7	156	84.38158268847992	1510	0.9834437086092715
11	1	inverse_cdf	7	157	138.81202997254147	1476	1.0
11	1	inverse_cdf	7	158	68.88846984125863	1092	1.0
11	1	inverse_cdf	7	159	123.08238905313955	1018	0.9459724950884086
11	1	inverse_cdf	7	160	125.83636534656578	1676	0.9832935560859188
11	1	inverse_cdf	7	161	58.24584119337583	1043	1.0
11	1	inverse_cdf	8	162	95.31655112208112	1201	0.9966694421315571
11	1	inverse_cdf	8	163	42.44968652669701	876	1.0
11	1	inverse_cdf	8	164	15.377144855998436	892	1.0
11	1	inverse_cdf	8	165	53.925563559069815	1360	1.0
11	1	inverse_cdf	8	166	146.17277003701125	692	0.9248554913294798
11	1	inverse_cdf	8	167	88.66112069004272	1443	1.0
11	1	inverse_cdf	8	168	150.18094528263578	825	0.9612121212121212
11	1	inverse_cdf	8	169	140.91117100064866	1493	0.9839249832551908
11	1	inverse_cdf	8	170	222.36092339691743	968	0.9276859504132231
11	1	inverse_cdf	8	171	115.04527125046943	1094	0.9698354661791591
11	1	inverse_cdf	8	172	136.03683682753726	1493	0.9685197588747488
11	1	inverse_cdf	8	173	76.2013820424114	1176	1.0
11	1	inverse_cdf	8	174	86.94225289357702	1034	1.0
11	1	inverse_cdf	8	175	45.022613239123956	1159	1.0
11	1	inverse_cdf	8	176	173.91113041591453	851	0.9553466509988249
11	1	inverse_cdf	8	177	74.33600585120595	1568	1.0
11	1	inverse_cdf	8	178	58.72388090617667	1144	1.0
11	1	inverse_cdf	8	179	69.37795777014784	768	1.0
11	1	inverse_cdf	8	180	121.19465303504528	1651	1.0
11	1	inverse_cdf	8	181	87.29992603905126	1418	0.9950634696755994
11	1	inverse_cdf	8	182	94.85125737247678	1109	1.0
11	1	inverse_cdf	8	183	153.36290336219375	1210	0.9322314049586777
11	1	inverse_cdf	8	184	150.85829131669374	1092	0.9688644688644689
11	2	cdf	1	1	44.35504984858901	1311	1.0
11	2	cdf	1	2	69.91495083041931	1493	1.0
11	2	cdf	1	3	17.5203247659101	909	1.0
11	2	cdf	1	4	20.07538247012344	1711	1.0
11	2	cdf	1	5	36.67525165133079	1034	1.0
11	2	cdf	1	6	20.706555302207402	1593	1.0
11	2	cdf	1	7	48.11013744476253	1635	1.0
11	2	cdf	1	8	74.44391249970992	1668	1.0
11	2	cdf	1	9	89.4956103526362	1351	0.9696521095484826
11	2	cdf	1	10	112.34615720091263	1551	1.0
11	2	cdf	1	11	117.09087694476845	1752	0.9794520547945206
11	2	cdf	1	12	20.422262777424816	1134	1.0
11	2	cdf	1	13	21.130585393312757	1009	1.0
11	2	cdf	1	14	34.54008098453376	1443	1.0
11	2	cdf	1	15	56.548479327612455	1226	1.0
11	2	cdf	1	16	49.80982075048932	1169	1.0
11	2	cdf	1	17	23.295965320363653	926	1.0
11	2	cdf	1	18	34.69276893144793	1193	1.0
11	2	cdf	1	19	66.41987243253237	1152	1.0
11	2	cdf	1	20	32.03945992199923	1418	1.0
11	2	cdf	1	21	70.0642300197681	1218	1.0
11	2	cdf	1	22	23.02956598705079	1152	1.0
11	2	cdf	1	23	74.72192263703839	1418	1.0
11	2	cdf	2	24	43.48546255758423	917	1.0
11	2	cdf	2	25	36.561740360882105	1292	1.0
11	2	cdf	2	26	80.04972835989184	1386	1.0
11	2	cdf	2	27	32.822141895096976	1184	1.0
11	2	cdf	2	28	31.2410385919403	1343	1.0
11	2	cdf	2	29	52.473844087434024	1236	1.0
11	2	cdf	2	30	83.94877224011879	1143	1.0
11	2	cdf	2	31	13.79490738837418	1051	1.0
11	2	cdf	2	32	105.27412605911672	1494	0.9625167336010709
11	2	cdf	2	33	18.851906773593402	1277	1.0
11	2	cdf	2	34	26.85618303724393	726	1.0
11	2	cdf	2	35	49.10883315507227	1360	1.0
11	2	cdf	2	36	20.51087042755656	492	1.0
11	2	cdf	2	37	72.49123275991694	968	1.0
11	2	cdf	2	38	87.26441418329004	1744	1.0
11	2	cdf	2	39	26.056958826482933	1134	1.0
11	2	cdf	2	40	36.49536155045706	1277	1.0
11	2	cdf	2	41	79.3680183103417	1194	1.0
11	2	cdf	2	42	41.29414876758749	1335	1.0
11	2	cdf	2	43	129.8254191884703	934	0.9593147751605996
11	2	cdf	2	44	27.287099953973097	1594	1.0
11	2	cdf	2	45	140.7738452281082	1160	0.9336206896551724
11	2	cdf	2	46	157.62673564982603	1010	0.9683168316831683
11	2	cdf	3	47	113.2823891681104	759	0.9736495388669302
11	2	cdf	3	48	56.068341747738465	1443	1.0
11	2	cdf	3	49	30.763484446861714	1259	1.0
11	2	cdf	3	50	70.61062920918152	1526	1.0
11	2	cdf	3	51	15.158548224630062	1560	1.0
11	2	cdf	3	52	27.403615345949888	1593	1.0
11	2	cdf	3	53	94.36260939863826	893	1.0
11	2	cdf	3	54	36.54483283286827	1152	1.0
11	2	cdf	3	55	60.95945945566523	1368	1.0
11	2	cdf	3	56	104.80004080288222	1660	0.9524096385542169
11	2	cdf	3	57	114.8973342831632	1370	1.0
11	2	cdf	3	58	32.13793543074633	1318	1.0
11	2	cdf	3	59	35.87933484726402	1385	1.0
11	2	cdf	3	60	89.17616914688708	1069	1.0
11	2	cdf	3	61	90.73266312654151	1593	1.0
11	2	cdf	3	62	137.10838147412184	1443	0.990990990990991
11	2	cdf	3	63	107.04360266243737	1459	0.9623029472241261
11	2	cdf	3	64	18.663600827712607	1468	1.0
11	2	cdf	3	65	155.64977558739088	1210	0.9694214876033058
11	2	cdf	3	66	46.7976557084728	1644	1.0
11	2	cdf	3	67	154.8379075768236	1385	0.9956678700361011
11	2	cdf	3	68	91.2700714025739	1260	1.0
11	2	cdf	3	69	45.38327257639172	1660	1.0
11	2	cdf	4	70	108.92068988829199	1176	1.0
11	2	cdf	4	71	29.67004390096314	934	1.0
11	2	cdf	4	72	24.181437997697664	1752	1.0
11	2	cdf	4	73	50.22429446111007	1426	0.9831697054698457
11	2	cdf	4	74	33.067359353349495	650	1.0
11	2	cdf	4	75	38.14691850624597	994	1.0
11	2	cdf	4	76	45.475976160256025	1468	1.0
11	2	cdf	4	77	37.79014738670894	1059	1.0
11	2	cdf	4	78	19.725609627310796	1435	1.0
11	2	cdf	4	79	105.23822068735983	903	1.0
11	2	cdf	4	80	53.31399362774087	1477	0.957345971563981
11	2	cdf	4	81	35.18395242027672	1326	1.0
11	2	cdf	4	82	39.73057167126339	1002	1.0
11	2	cdf	4	83	28.485043827332785	1226	1.0
11	2	cdf	4	84	75.33212986565245	1326	1.0
11	2	cdf	4	85	21.63436100386732	742	1.0
11	2	cdf	4	86	29.242757964241434	1234	1.0
11	2	cdf	4	87	25.79723489639036	984	1.0
11	2	cdf	4	88	69.3303430380541	1126	1.0
11	2	cdf	4	89	31.077162356256594	1418	1.0
11	2	cdf	4	90	40.38758722950999	1209	1.0
11	2	cdf	4	91	113.20171002128872	1376	0.9876453488372093
11	2	cdf	4	92	114.03439553765152	1212	0.9496699669966997
11	2	cdf	5	93	132.69274727829043	1426	0.982468443197756
11	2	cdf	5	94	65.35505612948528	1276	1.0
11	2	cdf	5	95	69.33856882711582	1126	0.9680284191829485
11	2	cdf	5	96	22.189618642581284	1051	1.0
11	2	cdf	5	97	43.30205061688735	1068	1.0
11	2	cdf	5	98	125.99327219365861	1451	0.9455547898001379
11	2	cdf	5	99	103.20140494430876	1168	0.9768835616438356
11	2	cdf	5	100	29.994204433661668	1034	1.0
11	2	cdf	5	101	24.975115426337176	1117	1.0
11	2	cdf	5	102	24.199115642475512	1178	1.0
11	2	cdf	5	103	105.03851491998331	1543	0.9721322099805574
11	2	cdf	5	104	51.86565591646797	1202	1.0
11	2	cdf	5	105	116.02139774597174	909	0.9625962596259626
11	2	cdf	5	106	150.88682450766848	1009	0.9246778989098117
11	2	cdf	5	107	145.4610022892382	1235	0.9951417004048583
11	2	cdf	5	108	36.213953728344315	1276	1.0
11	2	cdf	5	109	30.860111969409466	1360	1.0
11	2	cdf	5	110	169.4747125250399	1043	0.9731543624161074
11	2	cdf	5	111	63.457591586038355	1176	1.0
11	2	cdf	5	112	48.08739437119378	1527	1.0
11	2	cdf	5	113	151.79306847680814	1318	0.9696509863429439
11	2	cdf	5	114	98.97474761155303	1351	1.0
11	2	cdf	5	115	39.50049551679509	1194	1.0
11	2	cdf	6	116	143.47340991827755	1043	0.9731543624161074
11	2	cdf	6	117	147.4119620328051	1135	0.9779735682819384
11	2	cdf	6	118	38.1211261621988	976	1.0
11	2	cdf	6	119	104.07197678405028	1293	1.0
11	2	cdf	6	120	143.0532537236512	1043	0.9798657718120806
11	2	cdf	6	121	22.655780051584774	1017	1.0
11	2	cdf	6	122	119.48260159435944	1117	0.9650850492390332
11	2	cdf	6	123	55.34792071911971	1710	1.0
11	2	cdf	6	124	32.875606058958496	693	1.0
11	2	cdf	6	125	60.6036965389444	1451	1.0
11	2	cdf	6	126	39.512507913963574	1293	1.0
11	2	cdf	6	127	100.15856410051113	1285	1.0
11	2	cdf	6	128	37.00645076761588	792	1.0
11	2	cdf	6	129	150.39034559300092	901	0.9755826859045506
11	2	cdf	6	130	40.43068138872757	1059	1.0
11	2	cdf	6	131	163.74273216191696	1142	0.957092819614711
11	2	cdf	6	132	54.59631813713085	1202	1.0
11	2	cdf	6	133	36.00494568823938	1185	1.0
11	2	cdf	6	134	146.03584422572658	1393	0.9777458722182341
11	2	cdf	6	135	64.81451651153972	1128	1.0
11	2	cdf	6	136	120.76218456291303	1293	0.9760247486465584
11	2	cdf	6	137	137.8176770046879	1093	0.9624885635864593
11	2	cdf	6	138	99.01152720527715	1020	1.0
11	2	cdf	7	139	59.929475499107966	1026	1.0
11	2	cdf	7	140	23.131565080498785	1334	1.0
11	2	cdf	7	141	40.790694918002046	1284	1.0
11	2	cdf	7	142	157.85632077831661	1293	0.979891724671307
11	2	cdf	7	143	112.48486859140483	1160	0.9767241379310345
11	2	cdf	7	144	40.316515910177536	1326	1.0
11	2	cdf	7	145	141.49843592015054	1027	0.9678675754625121
11	2	cdf	7	146	175.22698758995335	1017	0.9469026548672567
11	2	cdf	7	147	168.85876684295803	1135	0.958590308370044
11	2	cdf	7	148	140.04542884263313	1251	0.9448441247002398
11	2	cdf	7	149	179.10158780468223	1084	0.9953874538745388
11	2	cdf	7	150	130.32049366583502	1301	1.0
11	2	cdf	7	151	105.38177164462509	1210	0.9619834710743802
11	2	cdf	7	152	148.29350396065146	925	0.9643243243243244
11	2	cdf	7	153	129.0925049558372	1635	0.9681957186544342
11	2	cdf	7	154	117.48832241626147	1360	0.9977941176470588
11	2	cdf	7	155	140.2354289928817	934	0.9528907922912205
11	2	cdf	7	156	49.89800651350558	1259	1.0
11	2	cdf	7	157	74.8693633572616	1209	1.0
11	2	cdf	7	158	50.4530884450861	1286	1.0
11	2	cdf	7	159	43.51797642794246	684	1.0
11	2	cdf	7	160	60.83972944031588	1752	1.0
11	2	cdf	7	161	36.39771626522684	1118	1.0
11	2	cdf	8	162	49.21515544939304	892	1.0
11	2	cdf	8	163	27.452523309773984	1142	1.0
11	2	cdf	8	164	98.76044335454444	1126	1.0
11	2	cdf	8	165	164.34409431173898	876	0.9623287671232876
11	2	cdf	8	166	58.42916718410112	1360	1.0
11	2	cdf	8	167	40.35748508973438	576	1.0
11	2	cdf	8	168	67.73160352870902	1027	1.0
11	2	cdf	8	169	43.93661391435604	1011	1.0
11	2	cdf	8	170	83.71097464217496	1093	1.0
11	2	cdf	8	171	132.31371567656691	1017	0.9528023598820059
11	2	cdf	8	172	47.63371039353862	1119	1.0
11	2	cdf	8	173	89.48414719306736	834	1.0
11	2	cdf	8	174	80.91555342405766	1201	1.0
11	2	cdf	8	175	21.283610432820733	1261	1.0
11	2	cdf	8	176	197.80162725657794	1168	0.9965753424657534
11	2	cdf	8	177	127.9265472531094	1026	1.0
11	2	cdf	8	178	164.17940335427457	1085	0.9889400921658986
11	2	cdf	8	179	25.954240823249965	1101	1.0
11	2	cdf	8	180	28.84039273013345	709	1.0
11	2	cdf	8	181	72.43504458489885	1001	1.0
11	2	cdf	8	182	70.380670483168	1185	1.0
11	2	cdf	8	183	94.17369165613624	1101	1.0
11	2	cdf	8	184	45.13121760828003	876	1.0
12	1	cdf	1	1	78.32604768364905	1443	1.0
12	1	cdf	1	2	42.561540652835646	1126	1.0
12	1	cdf	1	3	20.750455046896587	1493	1.0
12	1	cdf	1	4	28.003196977207306	717	1.0
12	1	cdf	1	5	32.19359621393715	1751	1.0
12	1	cdf	1	6	33.71474151812564	1652	1.0
12	1	cdf	1	7	39.483597678336764	1751	1.0
12	1	cdf	1	8	53.53180821464986	1368	1.0
12	1	cdf	1	9	38.631558260400524	1167	1.0
12	1	cdf	1	10	46.99437351970692	1210	0.9826446280991735
12	1	cdf	1	11	62.90479087502545	1134	1.0
12	1	cdf	1	12	25.16119193802465	1510	1.0
12	1	cdf	1	13	39.671460138099015	1695	1.0
12	1	cdf	1	14	41.3439458245875	1751	1.0
12	1	cdf	1	15	23.66762211271745	834	1.0
12	1	cdf	1	16	94.90136777209943	1618	1.0
12	1	cdf	1	17	90.91023692997501	1093	1.0
12	1	cdf	1	18	59.72740460726373	1184	0.9932432432432432
12	1	cdf	1	19	31.00407318025397	1368	1.0
12	1	cdf	1	20	72.57945139478153	1751	0.7224443175328383
12	1	cdf	1	21	33.42399823228741	1268	1.0
12	1	cdf	1	22	36.60967377650887	1594	0.9843161856963614
12	1	cdf	1	23	64.04277840731251	1268	1.0
12	1	cdf	2	24	54.63661446512665	1276	1.0
12	1	cdf	2	25	68.4556524067169	1560	0.8769230769230769
12	1	cdf	2	26	38.56522567551689	1092	1.0
12	1	cdf	2	27	56.22286032411366	892	1.0
12	1	cdf	2	28	46.484466612328674	976	1.0
12	1	cdf	2	29	59.35048144992279	1235	0.9959514170040485
12	1	cdf	2	30	30.43263450007689	1335	1.0
12	1	cdf	2	31	35.73259143880401	1285	1.0
12	1	cdf	2	32	40.07669435000136	1435	1.0
12	1	cdf	2	33	62.07121944840647	1093	1.0
12	1	cdf	2	34	48.13878725564384	1218	1.0
12	1	cdf	2	35	49.41200413108263	1385	1.0
12	1	cdf	2	36	62.855117140345314	918	0.9531590413943355
12	1	cdf	2	37	79.78250091196311	1268	0.972397476340694
12	1	cdf	2	38	50.58077853540792	1426	1.0
12	1	cdf	2	39	53.14893258285582	1451	1.0
12	1	cdf	2	40	54.071108232672394	1752	1.0
12	1	cdf	2	41	44.58218049505167	1743	0.6758462421113024
12	1	cdf	2	42	35.074172049317205	1385	0.7949458483754512
12	1	cdf	2	43	37.79136964972069	1543	0.7543745949449125
12	1	cdf	2	44	33.00979291387842	1001	1.0
12	1	cdf	2	45	62.01768356314961	1694	0.5436835891381346
12	1	cdf	2	46	38.428057270097426	876	1.0
12	1	cdf	3	47	65.73339975132622	1635	0.5388379204892967
12	1	cdf	3	48	31.928907676324112	1193	1.0
12	1	cdf	3	49	36.00394382700276	1152	1.0
12	1	cdf	3	50	77.23960657227411	1710	1.0
12	1	cdf	3	51	37.79954024625799	1160	1.0
12	1	cdf	3	52	37.3210767169415	1226	1.0
12	1	cdf	3	53	43.41618999354729	1302	1.0
12	1	cdf	3	54	35.394746318721026	1527	1.0
12	1	cdf	3	55	33.07798017665515	1301	1.0
12	1	cdf	3	56	37.178014209178585	1752	1.0
12	1	cdf	3	57	25.943654397940108	1001	1.0
12	1	cdf	3	58	38.95955204464096	1118	1.0
12	1	cdf	3	59	53.08509075072003	1544	1.0
12	1	cdf	3	60	29.71203509164492	893	1.0
12	1	cdf	3	61	40.353108735450114	1193	1.0
12	1	cdf	3	62	59.13136208007132	1293	1.0
12	1	cdf	3	63	47.52494370857053	1651	1.0
12	1	cdf	3	64	68.03067284690826	1677	1.0
12	1	cdf	3	65	36.302342894492284	1084	1.0
12	1	cdf	3	66	24.540519384872695	1126	1.0
12	1	cdf	3	67	35.39576336588695	1160	1.0
12	1	cdf	3	68	49.81269503013723	1476	1.0
12	1	cdf	3	69	30.838085857132253	1376	1.0
12	1	cdf	4	70	37.85670890590699	1268	1.0
12	1	cdf	4	71	71.42343984812712	1752	1.0
12	1	cdf	4	72	51.404818000222235	1401	1.0
12	1	cdf	4	73	31.056431673565104	1343	1.0
12	1	cdf	4	74	63.1889081221581	1668	1.0
12	1	cdf	4	75	69.66728365872461	1468	1.0
12	1	cdf	4	76	26.39481832178406	1385	1.0
12	1	cdf	4	77	30.07471668895166	1343	1.0
12	1	cdf	4	78	48.746544635066925	1309	1.0
12	1	cdf	4	79	41.08831638395928	993	1.0
12	1	cdf	4	80	39.0712630576552	1451	1.0
12	1	cdf	4	81	29.455084836499378	1452	1.0
12	1	cdf	4	82	53.047074851462014	1376	1.0
12	1	cdf	4	83	48.61581958516614	1543	1.0
12	1	cdf	4	84	19.199853227582366	1284	1.0
12	1	cdf	4	85	36.44873363314044	1152	1.0
12	1	cdf	4	86	45.209891662839595	1118	1.0
12	1	cdf	4	87	47.481804042878984	1752	1.0
12	1	cdf	4	88	43.42286408517315	1535	1.0
12	1	cdf	4	89	52.29861791133142	1110	1.0
12	1	cdf	4	90	47.64620410745543	1168	1.0
12	1	cdf	4	91	50.11110980695245	1151	1.0
12	1	cdf	4	92	29.382179938067484	1301	1.0
12	1	cdf	5	93	64.60537645301793	935	1.0
12	1	cdf	5	94	40.80936858525921	1527	0.9993451211525868
12	1	cdf	5	95	40.94812187381344	1143	1.0
12	1	cdf	5	96	23.95459852823148	1168	1.0
12	1	cdf	5	97	54.23550211949184	1752	0.8418949771689498
12	1	cdf	5	98	36.73991219074286	1276	0.9952978056426333
12	1	cdf	5	99	49.59878344265204	1669	0.883762732174955
12	1	cdf	5	100	34.41691869891942	1159	1.0
12	1	cdf	5	101	29.768361064797315	1568	1.0
12	1	cdf	5	102	50.13982479012655	1410	0.9914893617021276
12	1	cdf	5	103	61.41619915443952	750	1.0
12	1	cdf	5	104	30.98520871324233	1093	1.0
12	1	cdf	5	105	55.99382093866344	1026	1.0
12	1	cdf	5	106	38.80379665923658	1610	0.8875776397515528
12	1	cdf	5	107	31.265992052825542	1552	0.990979381443299
12	1	cdf	5	108	56.319898691292344	1544	0.8613989637305699
12	1	cdf	5	109	40.3112023967286	684	1.0
12	1	cdf	5	110	49.441747490861225	1335	0.954307116104869
12	1	cdf	5	111	37.756065437946155	1669	1.0
12	1	cdf	5	112	20.294189747272736	1376	1.0
12	1	cdf	5	113	59.53906861248485	1434	1.0
12	1	cdf	5	114	33.72100897635311	1694	0.9669421487603306
12	1	cdf	5	115	31.412316440833894	1210	0.9834710743801653
12	1	cdf	6	116	38.96107718759406	917	1.0
12	1	cdf	6	117	60.767064049472296	1752	0.855593607305936
12	1	cdf	6	118	32.99573163032156	1176	1.0
12	1	cdf	6	119	36.102408050025055	1459	0.9732693625771076
12	1	cdf	6	120	33.923227777697115	1444	1.0
12	1	cdf	6	121	50.12738344023016	1518	1.0
12	1	cdf	6	122	52.10507207527605	1302	1.0
12	1	cdf	6	123	44.054561349301174	1284	1.0
12	1	cdf	6	124	67.225621915522	1534	1.0
12	1	cdf	6	125	61.49929363929043	1143	1.0
12	1	cdf	6	126	59.78419636541124	1693	1.0
12	1	cdf	6	127	35.51172695764851	1359	1.0
12	1	cdf	6	128	45.66512896905261	1751	0.9845802398629354
12	1	cdf	6	129	31.657786741685467	1109	1.0
12	1	cdf	6	130	82.41403270152755	1460	0.9979452054794521
12	1	cdf	6	131	36.95471596071819	1251	1.0
12	1	cdf	6	132	43.62418332859929	1093	1.0
12	1	cdf	6	133	50.676651472420005	1551	0.9941972920696325
12	1	cdf	6	134	42.3367126005137	1059	1.0
12	1	cdf	6	135	45.71350146868727	1218	1.0
12	1	cdf	6	136	65.4220446967416	1752	0.968607305936073
12	1	cdf	6	137	45.72762943446313	1268	1.0
12	1	cdf	6	138	23.914504592555257	1402	1.0
12	1	cdf	7	139	44.8975211807847	1393	0.4601579325197416
12	1	cdf	7	140	32.25773953094059	1309	1.0
12	1	cdf	7	141	57.29786528994535	1384	1.0
12	1	cdf	7	142	38.212006892104924	942	1.0
12	1	cdf	7	143	47.20831775198501	1685	0.9192878338278931
12	1	cdf	7	144	37.8349286705675	1034	1.0
12	1	cdf	7	145	58.66655343321452	1752	1.0
12	1	cdf	7	146	48.48274801239589	1360	1.0
12	1	cdf	7	147	35.22413614021396	1493	1.0
12	1	cdf	7	148	53.22562499894261	868	1.0
12	1	cdf	7	149	47.617571726049206	1418	0.8504936530324401
12	1	cdf	7	150	22.54747885991859	825	1.0
12	1	cdf	7	151	51.13766962013124	1393	0.8255563531945441
12	1	cdf	7	152	46.23710443341654	1201	0.9075770191507078
12	1	cdf	7	153	55.485920456011485	1426	0.7370266479663394
12	1	cdf	7	154	63.85848294677344	1135	0.8731277533039647
12	1	cdf	7	155	33.16065331766941	943	0.9883351007423118
12	1	cdf	7	156	49.88640256925897	1318	0.9028831562974203
12	1	cdf	7	157	50.15937803591501	742	1.0
12	1	cdf	7	158	31.631828538073385	1752	0.4275114155251142
12	1	cdf	7	159	42.965076201476656	1134	0.9911816578483245
12	1	cdf	7	160	61.965362798960484	1210	0.8380165289256198
12	1	cdf	7	161	62.70692386159087	1509	0.7422133863485753
12	1	cdf	8	162	43.16041513592923	1293	0.7873163186388245
12	1	cdf	8	163	56.46181518755549	1001	0.8201798201798202
12	1	cdf	8	164	38.00718695315265	1026	0.7397660818713451
12	1	cdf	8	165	47.439358786637996	1293	0.8778035576179428
12	1	cdf	8	166	40.17867268559413	1209	1.0
12	1	cdf	8	167	42.9588055509769	1185	1.0
12	1	cdf	8	168	50.86297810597115	1293	1.0
12	1	cdf	8	169	36.4373327270581	1068	0.9091760299625468
12	1	cdf	8	170	43.821833533297074	1000	1.0
12	1	cdf	8	171	31.779433978985068	1443	0.9847539847539848
12	1	cdf	8	172	36.113861606323944	1410	1.0
12	1	cdf	8	173	47.17828737042182	1167	1.0
12	1	cdf	8	174	49.041763957993545	1151	1.0
12	1	cdf	8	175	26.900139885080126	1285	1.0
12	1	cdf	8	176	43.057615840793574	1276	1.0
12	1	cdf	8	177	37.94170393947109	1176	1.0
12	1	cdf	8	178	52.02903159643962	1293	1.0
12	1	cdf	8	179	31.477661972460282	1452	1.0
12	1	cdf	8	180	46.338381056170476	1035	1.0
12	1	cdf	8	181	40.948034302955485	1135	1.0
12	1	cdf	8	182	47.12304873641749	1443	1.0
12	1	cdf	8	183	31.026373111117277	1752	1.0
12	1	cdf	8	184	42.130337816655874	1001	1.0
12	2	inverse_cdf	1	1	54.00628625716289	1751	1.0
12	2	inverse_cdf	1	2	95.80929249240494	1134	1.0
12	2	inverse_cdf	1	3	25.065569622424817	1251	1.0
12	2	inverse_cdf	1	4	30.891093065774754	1309	1.0
12	2	inverse_cdf	1	5	43.30186531963315	1235	1.0
12	2	inverse_cdf	1	6	64.22937641946307	918	1.0
12	2	inverse_cdf	1	7	32.871583933440235	1751	1.0
12	2	inverse_cdf	1	8	44.81437442441488	1260	1.0
12	2	inverse_cdf	1	9	74.21918630623115	1118	1.0
12	2	inverse_cdf	1	10	43.65674951581703	1301	1.0
12	2	inverse_cdf	1	11	57.367199550829824	1252	1.0
12	2	inverse_cdf	1	12	25.77679649245023	960	1.0
12	2	inverse_cdf	1	13	24.191516084384133	1610	1.0
12	2	inverse_cdf	1	14	51.87521091898733	1043	1.0
12	2	inverse_cdf	1	15	32.72916141578765	1744	1.0
12	2	inverse_cdf	1	16	41.499490340250084	1318	1.0
12	2	inverse_cdf	1	17	48.87481164234382	1385	1.0
12	2	inverse_cdf	1	18	31.49420896496556	1702	1.0
12	2	inverse_cdf	1	19	49.031153924185155	1117	1.0
12	2	inverse_cdf	1	20	79.2300548780437	1201	1.0
12	2	inverse_cdf	1	21	43.06974295064594	1468	1.0
12	2	inverse_cdf	1	22	16.092444615907503	1017	1.0
12	2	inverse_cdf	1	23	31.912799230575	1384	1.0
12	2	inverse_cdf	2	24	35.37238002362273	943	1.0
12	2	inverse_cdf	2	25	49.181704323673976	951	1.0
12	2	inverse_cdf	2	26	58.43502374876372	1410	0.85177304964539
12	2	inverse_cdf	2	27	44.543480123930735	1719	1.0
12	2	inverse_cdf	2	28	49.7083681718636	1410	1.0
12	2	inverse_cdf	2	29	23.39140202776785	1001	1.0
12	2	inverse_cdf	2	30	49.63423268432331	1185	1.0
12	2	inverse_cdf	2	31	35.81174106179239	1084	1.0
12	2	inverse_cdf	2	32	65.16960056756403	1193	1.0
12	2	inverse_cdf	2	33	33.0148667435236	1393	1.0
12	2	inverse_cdf	2	34	34.885541061957575	1301	1.0
12	2	inverse_cdf	2	35	28.185172014418868	976	1.0
12	2	inverse_cdf	2	36	96.58744782306663	1376	1.0
12	2	inverse_cdf	2	37	29.539214622727442	1110	1.0
12	2	inverse_cdf	2	38	34.06889617667088	1635	1.0
12	2	inverse_cdf	2	39	55.59122845604647	1710	1.0
12	2	inverse_cdf	2	40	27.706456349143327	709	1.0
12	2	inverse_cdf	2	41	36.79823094072476	1126	1.0
12	2	inverse_cdf	2	42	36.34862147060737	1159	1.0
12	2	inverse_cdf	2	43	27.454111039439166	1001	1.0
12	2	inverse_cdf	2	44	58.194515101439976	1168	1.0
12	2	inverse_cdf	2	45	78.47190710300887	1251	1.0
12	2	inverse_cdf	2	46	24.284409421360824	1501	1.0
12	2	inverse_cdf	3	47	40.70730341643282	1543	0.9695398574206092
12	2	inverse_cdf	3	48	35.95482616339459	1426	1.0
12	2	inverse_cdf	3	49	54.74771549006316	1218	1.0
12	2	inverse_cdf	3	50	46.95086665137481	1093	1.0
12	2	inverse_cdf	3	51	76.25476494633895	1751	0.6624785836664763
12	2	inverse_cdf	3	52	50.57379262944287	1610	1.0
12	2	inverse_cdf	3	53	39.654534693470616	1168	1.0
12	2	inverse_cdf	3	54	34.038896135398254	1076	1.0
12	2	inverse_cdf	3	55	41.77928248553461	1168	1.0
12	2	inverse_cdf	3	56	64.85697271674917	993	1.0
12	2	inverse_cdf	3	57	56.81859658670636	1301	1.0
12	2	inverse_cdf	3	58	49.353928312748124	1468	1.0
12	2	inverse_cdf	3	59	53.09531626696283	1226	1.0
12	2	inverse_cdf	3	60	28.650127562888496	1343	1.0
12	2	inverse_cdf	3	61	43.32675807391281	1026	1.0
12	2	inverse_cdf	3	62	87.99971656818406	1177	1.0
12	2	inverse_cdf	3	63	52.8867076333298	793	1.0
12	2	inverse_cdf	3	64	27.068441117735386	1284	1.0
12	2	inverse_cdf	3	65	66.82608657233061	1443	1.0
12	2	inverse_cdf	3	66	66.82981340402952	1076	1.0
12	2	inverse_cdf	3	67	35.050300172324185	1443	1.0
12	2	inverse_cdf	3	68	38.32965379281104	1735	1.0
12	2	inverse_cdf	3	69	71.9164644199054	1251	1.0
12	2	inverse_cdf	4	70	32.179004987324895	1243	1.0
12	2	inverse_cdf	4	71	31.64010732580714	1652	1.0
12	2	inverse_cdf	4	72	58.409851819346834	1385	1.0
12	2	inverse_cdf	4	73	30.680129291800736	934	1.0
12	2	inverse_cdf	4	74	56.6682803113906	1276	1.0
12	2	inverse_cdf	4	75	61.11909978518835	1335	1.0
12	2	inverse_cdf	4	76	59.817837787000414	1360	1.0
12	2	inverse_cdf	4	77	45.02398788167457	1185	1.0
12	2	inverse_cdf	4	78	39.069642099522	1752	1.0
12	2	inverse_cdf	4	79	40.222724234007096	1493	1.0
12	2	inverse_cdf	4	80	69.4115792684652	1410	1.0
12	2	inverse_cdf	4	81	28.551729326829044	1060	1.0
12	2	inverse_cdf	4	82	56.168085929806544	926	1.0
12	2	inverse_cdf	4	83	65.72905108348864	1218	1.0
12	2	inverse_cdf	4	84	96.5173834473207	1326	1.0
12	2	inverse_cdf	4	85	44.58164420913234	1059	1.0
12	2	inverse_cdf	4	86	66.31329288825766	1393	1.0
12	2	inverse_cdf	4	87	70.09659620467716	959	1.0
12	2	inverse_cdf	4	88	40.12351779893259	758	1.0
12	2	inverse_cdf	4	89	78.18121603642172	1576	1.0
12	2	inverse_cdf	4	90	67.19704350565885	1752	1.0
12	2	inverse_cdf	4	91	46.062794771139615	1243	1.0
12	2	inverse_cdf	4	92	87.41747870949293	1093	1.0
12	2	inverse_cdf	5	93	91.2781359876207	1201	1.0
12	2	inverse_cdf	5	94	31.87052318813656	1192	1.0
12	2	inverse_cdf	5	95	32.13078235745999	1218	1.0
12	2	inverse_cdf	5	96	25.47120534074183	1059	1.0
12	2	inverse_cdf	5	97	36.36183455974247	1009	1.0
12	2	inverse_cdf	5	98	61.767032506096285	1527	1.0
12	2	inverse_cdf	5	99	34.75186830495416	1277	1.0
12	2	inverse_cdf	5	100	53.26597944981233	1110	1.0
12	2	inverse_cdf	5	101	59.56513703757239	1751	1.0
12	2	inverse_cdf	5	102	24.617786269618545	1276	1.0
12	2	inverse_cdf	5	103	19.76994025296377	984	1.0
12	2	inverse_cdf	5	104	47.85409196849407	1293	1.0
12	2	inverse_cdf	5	105	43.86540449968354	1026	1.0
12	2	inverse_cdf	5	106	53.239893151926005	1326	1.0
12	2	inverse_cdf	5	107	28.658572197792346	1727	1.0
12	2	inverse_cdf	5	108	48.667395093688974	1052	1.0
12	2	inverse_cdf	5	109	62.154926215144805	1168	1.0
12	2	inverse_cdf	5	110	121.83183083918493	1727	1.0
12	2	inverse_cdf	5	111	49.864512261926954	1435	1.0
12	2	inverse_cdf	5	112	52.866146895320746	1093	0.9762122598353157
12	2	inverse_cdf	5	113	36.971903723027054	1677	1.0
12	2	inverse_cdf	5	114	25.60152839917779	1377	1.0
12	2	inverse_cdf	5	115	77.40287096817453	1292	1.0
12	2	inverse_cdf	6	116	50.89507670693308	1326	1.0
12	2	inverse_cdf	6	117	40.188195447818316	1192	1.0
12	2	inverse_cdf	6	118	62.67797567613152	1368	1.0
12	2	inverse_cdf	6	119	54.409963237041055	1343	1.0
12	2	inverse_cdf	6	120	23.778790598835684	1117	1.0
12	2	inverse_cdf	6	121	67.67404983613737	1109	1.0
12	2	inverse_cdf	6	122	44.42165971290209	1659	1.0
12	2	inverse_cdf	6	123	294.97586134581786	1501	1.0
12	2	inverse_cdf	6	124	37.523940887330774	1084	1.0
12	2	inverse_cdf	6	125	55.06124014384928	1218	1.0
12	2	inverse_cdf	6	126	49.913681398140916	1301	1.0
12	2	inverse_cdf	6	127	45.93379475885337	1109	1.0
12	2	inverse_cdf	6	128	43.73215165523218	1117	1.0
12	2	inverse_cdf	6	129	347.94974311617244	1259	1.0
12	2	inverse_cdf	6	130	98.30955513242145	1593	1.0
12	2	inverse_cdf	6	131	35.87058286896415	1752	1.0
12	2	inverse_cdf	6	132	25.337979930584986	1168	1.0
12	2	inverse_cdf	6	133	34.55670252161536	1026	1.0
12	2	inverse_cdf	6	134	54.83230957832054	1018	1.0
12	2	inverse_cdf	6	135	34.781828840200944	1068	1.0
12	2	inverse_cdf	6	136	48.18742178669766	1752	1.0
12	2	inverse_cdf	6	137	38.398993978813174	1493	1.0
12	2	inverse_cdf	6	138	44.0994513105167	1443	1.0
12	2	inverse_cdf	7	139	29.649321938823647	1135	1.0
12	2	inverse_cdf	7	140	30.9921162084506	1252	1.0
12	2	inverse_cdf	7	141	31.136548079071908	1552	1.0
12	2	inverse_cdf	7	142	33.7567642704072	1269	1.0
12	2	inverse_cdf	7	143	80.00263928831242	1343	1.0
12	2	inverse_cdf	7	144	45.28282030673482	1043	1.0
12	2	inverse_cdf	7	145	61.44914535227692	1127	1.0
12	2	inverse_cdf	7	146	67.1894615860698	1368	1.0
12	2	inverse_cdf	7	147	25.677133100863834	1385	1.0
12	2	inverse_cdf	7	148	63.97304397378296	1168	1.0
12	2	inverse_cdf	7	149	54.58124846154313	1652	1.0
12	2	inverse_cdf	7	150	51.73775020173141	951	1.0
12	2	inverse_cdf	7	151	45.70492884691045	1526	1.0
12	2	inverse_cdf	7	152	40.93576526908478	1310	1.0
12	2	inverse_cdf	7	153	43.076685282468304	1168	1.0
12	2	inverse_cdf	7	154	66.50142925423027	1752	1.0
12	2	inverse_cdf	7	155	49.79505017288642	1009	1.0
12	2	inverse_cdf	7	156	49.84765035907438	792	1.0
12	2	inverse_cdf	7	157	42.36055839207746	1752	1.0
12	2	inverse_cdf	7	158	39.88465550631517	1519	1.0
12	2	inverse_cdf	7	159	32.14219375062742	1526	1.0
12	2	inverse_cdf	7	160	28.79750562516499	1076	1.0
12	2	inverse_cdf	7	161	54.807455251560874	1010	1.0
12	2	inverse_cdf	8	162	86.95602546074723	1593	0.9811676082862524
12	2	inverse_cdf	8	163	43.83485925638746	1068	1.0
12	2	inverse_cdf	8	164	50.31336932420071	1527	1.0
12	2	inverse_cdf	8	165	59.706613256515645	1735	1.0
12	2	inverse_cdf	8	166	49.70570898866776	1752	1.0
12	2	inverse_cdf	8	167	29.784025000797996	893	1.0
12	2	inverse_cdf	8	168	72.63388714998179	1752	1.0
12	2	inverse_cdf	8	169	44.101688050782805	1018	1.0
12	2	inverse_cdf	8	170	47.518694235341535	1277	1.0
12	2	inverse_cdf	8	171	61.93922988719506	1585	1.0
12	2	inverse_cdf	8	172	37.80386184328535	1752	1.0
12	2	inverse_cdf	8	173	50.252244875085296	1226	1.0
12	2	inverse_cdf	8	174	46.4618285339648	1385	1.0
12	2	inverse_cdf	8	175	46.72674289797533	1593	1.0
12	2	inverse_cdf	8	176	63.55919282049318	1434	1.0
12	2	inverse_cdf	8	177	57.686171378616706	1184	1.0
12	2	inverse_cdf	8	178	25.35928841174316	1102	1.0
12	2	inverse_cdf	8	179	70.27824946142111	1660	1.0
12	2	inverse_cdf	8	180	35.12980192931336	1752	1.0
12	2	inverse_cdf	8	181	32.55630675464345	1427	1.0
12	2	inverse_cdf	8	182	40.82741512002592	1184	1.0
12	2	inverse_cdf	8	183	52.258390008473704	1368	1.0
12	2	inverse_cdf	8	184	30.20905117369589	1043	1.0
13	1	inverse_cdf	1	1	73.3692851508173	1752	1.0
13	1	inverse_cdf	1	2	35.938985617341665	743	1.0
13	1	inverse_cdf	1	3	23.73537295521118	709	1.0
13	1	inverse_cdf	1	4	26.511601744006413	1385	1.0
13	1	inverse_cdf	1	5	28.77250682979931	1176	1.0
13	1	inverse_cdf	1	6	61.42050405914089	1136	1.0
13	1	inverse_cdf	1	7	28.39992393619721	1035	1.0
13	1	inverse_cdf	1	8	64.99570779960997	1226	1.0
13	1	inverse_cdf	1	9	35.083140959427794	1217	1.0
13	1	inverse_cdf	1	10	30.024733847685606	994	1.0
13	1	inverse_cdf	1	11	77.57858805523647	1134	1.0
13	1	inverse_cdf	1	12	29.684471586036814	1719	1.0
13	1	inverse_cdf	1	13	33.41688968435368	709	1.0
13	1	inverse_cdf	1	14	41.57533638859895	1410	1.0
13	1	inverse_cdf	1	15	36.940126619477546	1752	1.0
13	1	inverse_cdf	1	16	44.20544659625906	1343	1.0
13	1	inverse_cdf	1	17	73.31165278935627	1201	1.0
13	1	inverse_cdf	1	18	35.52253570010616	1243	1.0
13	1	inverse_cdf	1	19	34.89040498308501	1652	1.0
13	1	inverse_cdf	1	20	33.25211381108056	1677	1.0
13	1	inverse_cdf	1	21	71.36667065046575	1092	1.0
13	1	inverse_cdf	1	22	51.02461808462332	1226	1.0
13	1	inverse_cdf	1	23	29.53643040763899	1151	1.0
13	1	inverse_cdf	2	24	34.58213611385588	1009	1.0
13	1	inverse_cdf	2	25	58.08997359296103	859	1.0
13	1	inverse_cdf	2	26	26.01038179860151	910	1.0
13	1	inverse_cdf	2	27	24.538508463350404	1334	1.0
13	1	inverse_cdf	2	28	66.11527241054459	1393	0.9633883704235463
13	1	inverse_cdf	2	29	20.220276196063526	1085	1.0
13	1	inverse_cdf	2	30	29.317613692852866	1259	1.0
13	1	inverse_cdf	2	31	39.89547525586124	1243	1.0
13	1	inverse_cdf	2	32	48.18713128094608	1309	1.0
13	1	inverse_cdf	2	33	44.30843001350782	1668	1.0
13	1	inverse_cdf	2	34	27.333829318832773	1426	1.0
13	1	inverse_cdf	2	35	24.709630304390473	1201	1.0
13	1	inverse_cdf	2	36	49.85816172964828	1518	1.0
13	1	inverse_cdf	2	37	81.50265974692715	1217	1.0
13	1	inverse_cdf	2	38	29.357474493606507	1751	1.0
13	1	inverse_cdf	2	39	43.52291857639725	1010	1.0
13	1	inverse_cdf	2	40	40.9794389144378	1151	1.0
13	1	inverse_cdf	2	41	31.621616055777306	1193	1.0
13	1	inverse_cdf	2	42	38.43009413938153	1209	1.0
13	1	inverse_cdf	2	43	61.97250011929155	976	1.0
13	1	inverse_cdf	2	44	44.81720711477565	1435	1.0
13	1	inverse_cdf	2	45	45.162445808736464	943	1.0
13	1	inverse_cdf	2	46	113.56836266845299	1092	1.0
13	1	inverse_cdf	3	47	48.07270846331124	1084	1.0
13	1	inverse_cdf	3	48	55.531421901241984	1453	1.0
13	1	inverse_cdf	3	49	38.24292618208728	1309	1.0
13	1	inverse_cdf	3	50	46.42425293408943	1159	1.0
13	1	inverse_cdf	3	51	50.049878089604334	1744	1.0
13	1	inverse_cdf	3	52	73.07117529255872	1084	1.0
13	1	inverse_cdf	3	53	50.83648352320876	1493	1.0
13	1	inverse_cdf	3	54	72.67607389388543	1109	1.0
13	1	inverse_cdf	3	55	77.37160461401987	1510	1.0
13	1	inverse_cdf	3	56	29.44524362270964	1501	1.0
13	1	inverse_cdf	3	57	22.82657114997735	1209	1.0
13	1	inverse_cdf	3	58	45.202449769185435	1327	1.0
13	1	inverse_cdf	3	59	41.45414700240984	1260	1.0
13	1	inverse_cdf	3	60	34.728813844925085	1651	1.0
13	1	inverse_cdf	3	61	57.2280706426053	1510	1.0
13	1	inverse_cdf	3	62	67.38456129451195	1635	1.0
13	1	inverse_cdf	3	63	93.51477196492023	942	1.0
13	1	inverse_cdf	3	64	46.096536570984256	1235	1.0
13	1	inverse_cdf	3	65	43.23391345470084	1377	1.0
13	1	inverse_cdf	3	66	41.00139300621275	1469	1.0
13	1	inverse_cdf	3	67	30.647733542021527	942	1.0
13	1	inverse_cdf	3	68	57.004368924387975	1752	1.0
13	1	inverse_cdf	3	69	42.457519080177676	1193	1.0
13	1	inverse_cdf	4	70	36.911406042927716	834	1.0
13	1	inverse_cdf	4	71	68.33890659172292	1284	1.0
13	1	inverse_cdf	4	72	33.662502069274424	1518	1.0
13	1	inverse_cdf	4	73	48.39547234042702	1202	1.0
13	1	inverse_cdf	4	74	75.22927913961567	976	1.0
13	1	inverse_cdf	4	75	46.46576797413999	1493	1.0
13	1	inverse_cdf	4	76	42.29696902117868	1184	1.0
13	1	inverse_cdf	4	77	49.093384922880595	1285	1.0
13	1	inverse_cdf	4	78	65.04227649516235	759	1.0
13	1	inverse_cdf	4	79	59.55120036831396	1334	1.0
13	1	inverse_cdf	4	80	32.62237895658462	1178	1.0
13	1	inverse_cdf	4	81	71.72323024355742	1185	1.0
13	1	inverse_cdf	4	82	36.04692482114833	818	1.0
13	1	inverse_cdf	4	83	39.34165951538915	1594	1.0
13	1	inverse_cdf	4	84	43.657735311973	1309	1.0
13	1	inverse_cdf	4	85	81.16764261077603	918	1.0
13	1	inverse_cdf	4	86	100.6475552966184	1018	1.0
13	1	inverse_cdf	4	87	29.564268909756144	909	1.0
13	1	inverse_cdf	4	88	48.0548527495696	1260	1.0
13	1	inverse_cdf	4	89	27.988273225531596	917	1.0
13	1	inverse_cdf	4	90	44.86141455688737	1610	1.0
13	1	inverse_cdf	4	91	57.07002638793828	1752	1.0
13	1	inverse_cdf	4	92	50.24351427816897	1310	1.0
13	1	inverse_cdf	5	93	55.895943375542004	1368	1.0
13	1	inverse_cdf	5	94	41.696090174174316	1144	1.0
13	1	inverse_cdf	5	95	42.43580451632604	1043	1.0
13	1	inverse_cdf	5	96	24.327793441631986	651	1.0
13	1	inverse_cdf	5	97	75.56355601871734	1268	1.0
13	1	inverse_cdf	5	98	48.62955490447924	1493	1.0
13	1	inverse_cdf	5	99	36.376856478470486	1134	1.0
13	1	inverse_cdf	5	100	63.6791904031908	775	1.0
13	1	inverse_cdf	5	101	32.68914426538225	1260	1.0
13	1	inverse_cdf	5	102	46.04552452941163	1176	1.0
13	1	inverse_cdf	5	103	36.504512091704385	1009	1.0
13	1	inverse_cdf	5	104	33.661220147260735	943	1.0
13	1	inverse_cdf	5	105	40.04807604389047	676	1.0
13	1	inverse_cdf	5	106	59.98389900100038	1226	1.0
13	1	inverse_cdf	5	107	24.096758983639955	1034	1.0
13	1	inverse_cdf	5	108	112.16172419120119	876	1.0
13	1	inverse_cdf	5	109	40.479430015232644	1519	1.0
13	1	inverse_cdf	5	110	69.2842338540527	1159	1.0
13	1	inverse_cdf	5	111	51.43239232533633	1385	1.0
13	1	inverse_cdf	5	112	101.67618578373515	1626	1.0
13	1	inverse_cdf	5	113	55.496036939046505	1559	1.0
13	1	inverse_cdf	5	114	72.84296553312119	1176	1.0
13	1	inverse_cdf	5	115	64.38770811406171	1343	1.0
13	1	inverse_cdf	6	116	40.61927447509389	1185	1.0
13	1	inverse_cdf	6	117	33.41409693375481	1085	1.0
13	1	inverse_cdf	6	118	48.896705792116286	1352	1.0
13	1	inverse_cdf	6	119	46.99924864808926	1143	1.0
13	1	inverse_cdf	6	120	26.769856238065007	1159	1.0
13	1	inverse_cdf	6	121	37.658071582353536	1085	1.0
13	1	inverse_cdf	6	122	35.211853138819386	1434	1.0
13	1	inverse_cdf	6	123	27.91395972545496	801	1.0
13	1	inverse_cdf	6	124	61.642777262361136	1393	1.0
13	1	inverse_cdf	6	125	41.96369411319669	1327	1.0
13	1	inverse_cdf	6	126	96.52859049341693	1334	1.0
13	1	inverse_cdf	6	127	91.8156182995367	1160	1.0
13	1	inverse_cdf	6	128	100.56722204929106	1535	1.0
13	1	inverse_cdf	6	129	68.21034951443477	942	1.0
13	1	inverse_cdf	6	130	62.30513121298598	1569	1.0
13	1	inverse_cdf	6	131	106.2725546658412	985	1.0
13	1	inverse_cdf	6	132	39.59237527963911	976	1.0
13	1	inverse_cdf	6	133	92.48234101869733	1111	1.0
13	1	inverse_cdf	6	134	51.17107965903729	1018	1.0
13	1	inverse_cdf	6	135	87.71825759182147	1134	1.0
13	1	inverse_cdf	6	136	37.59887281068839	1752	1.0
13	1	inverse_cdf	6	137	35.52395876718205	1059	1.0
13	1	inverse_cdf	6	138	44.19058329393964	1351	1.0
13	1	inverse_cdf	7	139	19.02139275954052	942	1.0
13	1	inverse_cdf	7	140	40.500019618984396	1092	1.0
13	1	inverse_cdf	7	141	53.481930499365	1118	1.0
13	1	inverse_cdf	7	142	40.61708078142188	1134	1.0
13	1	inverse_cdf	7	143	46.52197997767117	1284	1.0
13	1	inverse_cdf	7	144	14.333319483702127	800	1.0
13	1	inverse_cdf	7	145	50.789808180035784	1194	1.0
13	1	inverse_cdf	7	146	64.52681744365388	1719	1.0
13	1	inverse_cdf	7	147	54.60286331894438	984	1.0
13	1	inverse_cdf	7	148	45.609009038387235	1151	1.0
13	1	inverse_cdf	7	149	89.15267032249967	1085	1.0
13	1	inverse_cdf	7	150	76.48370100279446	1226	1.0
13	1	inverse_cdf	7	151	45.672838262379535	1276	1.0
13	1	inverse_cdf	7	152	30.719045658535265	1428	1.0
13	1	inverse_cdf	7	153	50.783982677490634	1477	1.0
13	1	inverse_cdf	7	154	40.35051612863268	1234	1.0
13	1	inverse_cdf	7	155	60.09047273468019	1126	1.0
13	1	inverse_cdf	7	156	34.348515674193024	1259	1.0
13	1	inverse_cdf	7	157	64.2390890162701	1551	1.0
13	1	inverse_cdf	7	158	94.01272185814483	817	1.0
13	1	inverse_cdf	7	159	20.40144602314141	1752	1.0
13	1	inverse_cdf	7	160	46.396520192123674	1235	1.0
13	1	inverse_cdf	7	161	40.332978575259325	1426	1.0
13	1	inverse_cdf	8	162	40.03092103960906	1260	1.0
13	1	inverse_cdf	8	163	51.929520691251604	1262	1.0
13	1	inverse_cdf	8	164	49.42941187809195	1084	1.0
13	1	inverse_cdf	8	165	59.557500338989506	1268	1.0
13	1	inverse_cdf	8	166	38.56144812970271	1353	1.0
13	1	inverse_cdf	8	167	52.49362331729111	1268	1.0
13	1	inverse_cdf	8	168	54.200623858056474	1209	1.0
13	1	inverse_cdf	8	169	43.599066427339864	1101	1.0
13	1	inverse_cdf	8	170	37.147957334932784	960	1.0
13	1	inverse_cdf	8	171	41.710553032998305	1234	1.0
13	1	inverse_cdf	8	172	43.587903822315624	1218	1.0
13	1	inverse_cdf	8	173	55.3579649276646	1177	1.0
13	1	inverse_cdf	8	174	25.296205305163298	1126	1.0
13	1	inverse_cdf	8	175	48.440147427497436	1126	1.0
13	1	inverse_cdf	8	176	64.84330291569914	1009	1.0
13	1	inverse_cdf	8	177	50.41666767311282	1001	1.0
13	1	inverse_cdf	8	178	52.82571974954264	1201	1.0
13	1	inverse_cdf	8	179	86.63614868584493	1510	1.0
13	1	inverse_cdf	8	180	35.44661111753273	984	1.0
13	1	inverse_cdf	8	181	41.5866488961206	1751	1.0
13	1	inverse_cdf	8	182	29.62822654110145	684	1.0
13	1	inverse_cdf	8	183	68.4157649691771	1009	1.0
13	1	inverse_cdf	8	184	40.41904210111717	1050	1.0
13	2	cdf	1	1	69.92213193815736	934	1.0
13	2	cdf	1	2	67.83969754163155	1060	1.0
13	2	cdf	1	3	13.64203849861033	1551	1.0
13	2	cdf	1	4	27.685187915093234	1134	1.0
13	2	cdf	1	5	70.33640655027327	1110	1.0
13	2	cdf	1	6	36.2961162182762	700	1.0
13	2	cdf	1	7	56.04584769992121	1343	1.0
13	2	cdf	1	8	47.77757281902643	1143	1.0
13	2	cdf	1	9	33.59839796919173	1218	1.0
13	2	cdf	1	10	18.6921304374272	1360	1.0
13	2	cdf	1	11	21.754485279829527	1002	1.0
13	2	cdf	1	12	41.22425402458273	935	1.0
13	2	cdf	1	13	28.24111563600388	1518	1.0
13	2	cdf	1	14	30.52731703753252	935	1.0
13	2	cdf	1	15	41.97431615400005	784	1.0
13	2	cdf	1	16	29.18037146512118	1487	1.0
13	2	cdf	1	17	32.608737537845876	1702	1.0
13	2	cdf	1	18	25.14544865550681	1693	1.0
13	2	cdf	1	19	23.0612980934546	709	1.0
13	2	cdf	1	20	23.975854990039895	1284	1.0
13	2	cdf	1	21	42.824363379207924	1284	1.0
13	2	cdf	1	22	22.474103318545207	1093	1.0
13	2	cdf	1	23	34.19403546513404	1652	1.0
13	2	cdf	2	24	26.9371874138588	1285	1.0
13	2	cdf	2	25	28.745072740493296	951	1.0
13	2	cdf	2	26	30.167919694544327	1493	1.0
13	2	cdf	2	27	40.342935061648895	1401	1.0
13	2	cdf	2	28	39.6551705439349	1426	1.0
13	2	cdf	2	29	29.84417863910207	1376	1.0
13	2	cdf	2	30	41.580127382448566	1519	1.0
13	2	cdf	2	31	49.26505593430449	1752	1.0
13	2	cdf	2	32	18.9396659863976	1676	1.0
13	2	cdf	2	33	49.14223698568359	1318	1.0
13	2	cdf	2	34	36.03101476987787	1460	1.0
13	2	cdf	2	35	31.29671808330535	1526	1.0
13	2	cdf	2	36	19.864418165030578	1718	1.0
13	2	cdf	2	37	40.586812827231	1652	1.0
13	2	cdf	2	38	38.38246700871184	1543	1.0
13	2	cdf	2	39	30.23219617635837	1159	1.0
13	2	cdf	2	40	41.06861867986046	1752	1.0
13	2	cdf	2	41	23.867891438434665	1168	1.0
13	2	cdf	2	42	33.33612885064014	1035	1.0
13	2	cdf	2	43	25.01452423738575	1393	1.0
13	2	cdf	2	44	31.16801569132835	1451	1.0
13	2	cdf	2	45	14.76448805990893	1043	1.0
13	2	cdf	2	46	26.251756816993957	1184	1.0
13	2	cdf	3	47	37.48793857235945	1144	1.0
13	2	cdf	3	48	19.974851713086984	1159	1.0
13	2	cdf	3	49	39.33351466736658	1368	1.0
13	2	cdf	3	50	52.2627947859121	1334	1.0
13	2	cdf	3	51	47.7113409669305	1026	1.0
13	2	cdf	3	52	19.609755247799377	1485	1.0
13	2	cdf	3	53	23.832325020331297	1117	1.0
13	2	cdf	3	54	24.775366116664546	1444	1.0
13	2	cdf	3	55	38.6785332636133	1635	1.0
13	2	cdf	3	56	58.92704205551887	1001	1.0
13	2	cdf	3	57	21.897066148285887	1235	1.0
13	2	cdf	3	58	26.42246986225692	1752	1.0
13	2	cdf	3	59	36.76245964435079	1210	1.0
13	2	cdf	3	60	52.5332411017754	1001	1.0
13	2	cdf	3	61	34.80302232216675	1385	1.0
13	2	cdf	3	62	18.446151361999306	825	1.0
13	2	cdf	3	63	38.621950483183845	1026	1.0
13	2	cdf	3	64	33.49345358840981	1326	1.0
13	2	cdf	3	65	49.982846977516644	1528	1.0
13	2	cdf	3	66	40.74417850323932	1618	1.0
13	2	cdf	3	67	23.245761520038016	1102	1.0
13	2	cdf	3	68	41.53772933783396	1436	1.0
13	2	cdf	3	69	46.91052475528015	992	1.0
13	2	cdf	4	70	29.59271664290157	717	1.0
13	2	cdf	4	71	35.33961895026879	1168	1.0
13	2	cdf	4	72	34.21947757272281	918	1.0
13	2	cdf	4	73	36.87501911987025	1243	1.0
13	2	cdf	4	74	34.36197401167863	1134	1.0
13	2	cdf	4	75	31.500165358391868	1309	1.0
13	2	cdf	4	76	36.64751238505734	1326	1.0
13	2	cdf	4	77	46.20922684366387	1051	1.0
13	2	cdf	4	78	41.41701232068089	743	1.0
13	2	cdf	4	79	35.77245971097103	1509	1.0
13	2	cdf	4	80	47.902524054797404	859	1.0
13	2	cdf	4	81	16.090653536183535	667	1.0
13	2	cdf	4	82	31.80238170329954	1393	1.0
13	2	cdf	4	83	35.65757239267619	1201	1.0
13	2	cdf	4	84	28.093344094970256	625	1.0
13	2	cdf	4	85	34.99894182448028	1252	1.0
13	2	cdf	4	86	35.226126162426844	1001	1.0
13	2	cdf	4	87	31.419944406590627	1476	1.0
13	2	cdf	4	88	26.309473540832542	1318	1.0
13	2	cdf	4	89	27.24942117897754	1318	1.0
13	2	cdf	4	90	28.925218836476862	985	1.0
13	2	cdf	4	91	34.16118080162916	1201	1.0
13	2	cdf	4	92	34.87768340841327	792	1.0
13	2	cdf	5	93	28.82408104239495	1276	1.0
13	2	cdf	5	94	35.659045526013486	859	1.0
13	2	cdf	5	95	38.82179112971694	959	1.0
13	2	cdf	5	96	30.397934960899526	1644	1.0
13	2	cdf	5	97	29.74387583989985	1193	1.0
13	2	cdf	5	98	42.04425607266537	1459	1.0
13	2	cdf	5	99	40.57972615084525	1426	1.0
13	2	cdf	5	100	37.45555192600173	1193	1.0
13	2	cdf	5	101	44.75841366562308	1409	1.0
13	2	cdf	5	102	35.82996269412283	1428	1.0
13	2	cdf	5	103	51.93485974740262	1326	0.9600301659125189
13	2	cdf	5	104	24.368251409032155	1034	1.0
13	2	cdf	5	105	37.12648998154896	1485	1.0
13	2	cdf	5	106	47.59104145454967	1459	1.0
13	2	cdf	5	107	32.20068113334174	1468	1.0
13	2	cdf	5	108	46.82015291812552	1693	1.0
13	2	cdf	5	109	36.77789516773673	1368	1.0
13	2	cdf	5	110	33.51866657287398	1519	1.0
13	2	cdf	5	111	72.87002895291553	1235	1.0
13	2	cdf	5	112	30.946995604411494	1635	1.0
13	2	cdf	5	113	34.11021347556173	1603	1.0
13	2	cdf	5	114	24.860625540828728	1359	1.0
13	2	cdf	5	115	44.95694508581242	1126	1.0
13	2	cdf	6	116	35.65901010878527	1243	1.0
13	2	cdf	6	117	19.899996811522442	1101	1.0
13	2	cdf	6	118	60.95267160946635	1386	1.0
13	2	cdf	6	119	30.90226960615141	642	1.0
13	2	cdf	6	120	24.818289038656047	1293	1.0
13	2	cdf	6	121	34.80726467739849	993	1.0
13	2	cdf	6	122	19.694825153027875	951	1.0
13	2	cdf	6	123	54.35679120644251	1468	1.0
13	2	cdf	6	124	36.325634877137524	1160	1.0
13	2	cdf	6	125	27.34958615566938	1211	1.0
13	2	cdf	6	126	37.09397678897387	943	1.0
13	2	cdf	6	127	46.692449580085984	826	1.0
13	2	cdf	6	128	59.33053492321219	1695	1.0
13	2	cdf	6	129	31.749301733881985	1243	1.0
13	2	cdf	6	130	31.33990838938529	1201	1.0
13	2	cdf	6	131	37.94658877781654	1201	1.0
13	2	cdf	6	132	25.039491721131625	1210	1.0
13	2	cdf	6	133	35.18988847301537	1260	1.0
13	2	cdf	6	134	53.925659801914506	1485	1.0
13	2	cdf	6	135	52.384334623078935	1469	1.0
13	2	cdf	6	136	34.71320414891058	1084	1.0
13	2	cdf	6	137	70.74519551487684	1351	1.0
13	2	cdf	6	138	34.505413568109354	1286	1.0
13	2	cdf	7	139	24.857448443065277	1018	1.0
13	2	cdf	7	140	30.408016619522574	1744	1.0
13	2	cdf	7	141	34.511007570573796	1376	1.0
13	2	cdf	7	142	27.012208957733023	868	1.0
13	2	cdf	7	143	34.70176966499458	1260	1.0
13	2	cdf	7	144	42.05209090469572	1426	1.0
13	2	cdf	7	145	39.71465865234169	1235	1.0
13	2	cdf	7	146	55.93226191967769	1751	1.0
13	2	cdf	7	147	34.796860807374266	1135	1.0
13	2	cdf	7	148	12.287647352393002	1468	1.0
13	2	cdf	7	149	36.42442108812195	1251	1.0
13	2	cdf	7	150	50.37428353034481	1534	1.0
13	2	cdf	7	151	39.691578306870596	1201	1.0
13	2	cdf	7	152	63.675904889763416	1751	0.950885208452313
13	2	cdf	7	153	24.83014110377331	1117	1.0
13	2	cdf	7	154	47.28595882768091	1293	1.0
13	2	cdf	7	155	40.087153737778415	977	1.0
13	2	cdf	7	156	31.23060874793816	768	1.0
13	2	cdf	7	157	37.05212579724164	951	1.0
13	2	cdf	7	158	32.68656891056772	1544	1.0
13	2	cdf	7	159	25.119116538112767	792	1.0
13	2	cdf	7	160	36.24771709810668	1051	1.0
13	2	cdf	7	161	33.82905836019777	1260	1.0
13	2	cdf	8	162	33.8294150970533	1251	1.0
13	2	cdf	8	163	27.288288211977278	1261	1.0
13	2	cdf	8	164	44.84058578953281	1435	1.0
13	2	cdf	8	165	28.709650737985033	1109	1.0
13	2	cdf	8	166	29.98064623589796	1361	1.0
13	2	cdf	8	167	31.554843168654717	1092	1.0
13	2	cdf	8	168	23.379443575732306	1493	1.0
13	2	cdf	8	169	33.52938588357173	1127	1.0
13	2	cdf	8	170	24.132929929903842	1067	1.0
13	2	cdf	8	171	23.711339891365302	784	1.0
13	2	cdf	8	172	49.584467184171814	1302	1.0
13	2	cdf	8	173	40.169390710505816	1235	1.0
13	2	cdf	8	174	30.43527554831413	1378	1.0
13	2	cdf	8	175	22.802097492808077	1118	1.0
13	2	cdf	8	176	26.679480433742206	1159	1.0
13	2	cdf	8	177	27.411704997634498	942	1.0
13	2	cdf	8	178	36.833167556553455	1319	1.0
13	2	cdf	8	179	31.249694789560337	976	1.0
13	2	cdf	8	180	26.228816707308017	1393	1.0
13	2	cdf	8	181	21.87724002770481	1518	1.0
13	2	cdf	8	182	34.69695139229982	884	1.0
13	2	cdf	8	183	36.49120367244675	1685	1.0
13	2	cdf	8	184	39.006788213971426	1018	1.0
14	1	cdf	1	1	76.2795021948758	1326	1.0
14	1	cdf	1	2	21.98208540764622	909	1.0
14	1	cdf	1	3	33.505994471673134	1342	1.0
14	1	cdf	1	4	44.90627282786205	934	1.0
14	1	cdf	1	5	20.575606991486733	1168	1.0
14	1	cdf	1	6	60.63866552692127	1193	1.0
14	1	cdf	1	7	58.048803329441235	834	1.0
14	1	cdf	1	8	46.43861806255775	1659	1.0
14	1	cdf	1	9	32.442653187868814	592	1.0
14	1	cdf	1	10	46.9391286517739	1360	0.9691176470588235
14	1	cdf	1	11	13.427813400717566	1251	1.0
14	1	cdf	1	12	58.36144899424558	1502	1.0
14	1	cdf	1	13	11.919476991733786	992	1.0
14	1	cdf	1	14	21.97726390253737	1702	1.0
14	1	cdf	1	15	32.401594774925286	1751	1.0
14	1	cdf	1	16	70.71683806479766	1335	1.0
14	1	cdf	1	17	72.23344393612466	960	1.0
14	1	cdf	1	18	29.46342918108479	1552	1.0
14	1	cdf	1	19	43.99768089365826	692	1.0
14	1	cdf	1	20	24.165277930600542	1294	1.0
14	1	cdf	1	21	51.13505379928047	1752	0.9577625570776256
14	1	cdf	1	22	14.19207993647294	1251	1.0
14	1	cdf	1	23	30.38665122476086	1084	1.0
14	1	cdf	2	24	46.626788746041846	1343	1.0
14	1	cdf	2	25	47.29197444472166	784	1.0
14	1	cdf	2	26	16.758247134779364	934	1.0
14	1	cdf	2	27	35.05578381188857	801	1.0
14	1	cdf	2	28	21.27772819295186	968	1.0
14	1	cdf	2	29	20.200190353646246	851	1.0
14	1	cdf	2	30	34.51789352605658	1110	1.0
14	1	cdf	2	31	43.981579639951555	1001	1.0
14	1	cdf	2	32	33.218076419412654	1101	1.0
14	1	cdf	2	33	37.96949177979957	1085	1.0
14	1	cdf	2	34	30.11982718119486	951	1.0
14	1	cdf	2	35	30.32701917548099	867	1.0
14	1	cdf	2	36	31.236169279035842	926	1.0
14	1	cdf	2	37	26.792476316123203	992	1.0
14	1	cdf	2	38	26.924664393210616	1093	1.0
14	1	cdf	2	39	29.10715295710956	985	1.0
14	1	cdf	2	40	29.812463353648077	917	1.0
14	1	cdf	2	41	42.865939081275826	808	1.0
14	1	cdf	2	42	60.77887084865106	917	1.0
14	1	cdf	2	43	47.06762115589539	751	1.0
14	1	cdf	2	44	19.258802215126547	1076	1.0
14	1	cdf	2	45	36.3791227420494	984	1.0
14	1	cdf	2	46	36.988654456591206	801	1.0
14	1	cdf	3	47	39.80243736835927	951	1.0
14	1	cdf	3	48	36.27822204618245	1018	1.0
14	1	cdf	3	49	51.229484585378714	960	0.9322916666666666
14	1	cdf	3	50	43.46488901096603	1201	1.0
14	1	cdf	3	51	20.19152049035851	909	1.0
14	1	cdf	3	52	32.10173465318452	734	1.0
14	1	cdf	3	53	69.56571614590308	1427	0.9467414155571128
14	1	cdf	3	54	20.68417165424044	1009	1.0
14	1	cdf	3	55	38.6892422817022	1343	1.0
14	1	cdf	3	56	30.19423784694809	976	1.0
14	1	cdf	3	57	31.00399522077791	1251	1.0
14	1	cdf	3	58	21.524274472569765	718	1.0
14	1	cdf	3	59	58.59231919654223	1117	1.0
14	1	cdf	3	60	33.94430003782156	793	1.0
14	1	cdf	3	61	47.190905541632134	1126	1.0
14	1	cdf	3	62	35.562285437504755	1460	1.0
14	1	cdf	3	63	34.19779624477089	1176	1.0
14	1	cdf	3	64	54.11705175003154	943	1.0
14	1	cdf	3	65	37.116601924428466	701	1.0
14	1	cdf	3	66	45.57458604581283	1009	1.0
14	1	cdf	3	67	20.26295513445938	1135	1.0
14	1	cdf	3	68	13.26630203823229	909	1.0
14	1	cdf	3	69	49.21838060521882	1577	1.0
14	1	cdf	4	70	22.694286030779775	918	1.0
14	1	cdf	4	71	31.48432297262539	801	1.0
14	1	cdf	4	72	20.4112557961436	1076	1.0
14	1	cdf	4	73	25.81613345413204	1034	1.0
14	1	cdf	4	74	28.239794040553463	1201	1.0
14	1	cdf	4	75	46.16554243121129	918	1.0
14	1	cdf	4	76	73.12390865281529	1276	1.0
14	1	cdf	4	77	24.016591853417243	1017	1.0
14	1	cdf	4	78	45.48380613365905	725	1.0
14	1	cdf	4	79	69.87128161122115	1151	1.0
14	1	cdf	4	80	15.76732891844363	1309	1.0
14	1	cdf	4	81	22.69472499253733	976	1.0
14	1	cdf	4	82	19.408417025440627	1051	1.0
14	1	cdf	4	83	19.24692985042473	1260	1.0
14	1	cdf	4	84	31.02603316266002	909	0.9042904290429042
14	1	cdf	4	85	35.834999942573695	1243	1.0
14	1	cdf	4	86	45.534204736467444	1042	1.0
14	1	cdf	4	87	42.97695971038473	1042	1.0
14	1	cdf	4	88	37.11469372816414	1135	1.0
14	1	cdf	4	89	24.79704013478093	768	1.0
14	1	cdf	4	90	25.818913963307	1160	1.0
14	1	cdf	4	91	46.11379683329414	1017	1.0
14	1	cdf	4	92	33.92197805729138	1134	0.9206349206349206
14	1	cdf	5	93	63.5557442680463	1051	1.0
14	1	cdf	5	94	19.30073660553155	1026	1.0
14	1	cdf	5	95	34.46696849262251	1193	1.0
14	1	cdf	5	96	25.977387023074527	1009	1.0
14	1	cdf	5	97	33.5028071180958	1001	1.0
14	1	cdf	5	98	29.607932418771842	1292	1.0
14	1	cdf	5	99	64.37190032633981	976	1.0
14	1	cdf	5	100	33.13134504941994	1076	1.0
14	1	cdf	5	101	9.647633104333888	976	1.0
14	1	cdf	5	102	60.34730000434247	1076	0.9423791821561338
14	1	cdf	5	103	21.546691176118923	1251	1.0
14	1	cdf	5	104	22.657913401476048	943	1.0
14	1	cdf	5	105	18.177271201152273	1159	1.0
14	1	cdf	5	106	11.546760330386261	1310	1.0
14	1	cdf	5	107	26.091518348738173	1076	1.0
14	1	cdf	5	108	25.20908170539103	1401	1.0
14	1	cdf	5	109	37.361561185178736	1176	1.0
14	1	cdf	5	110	21.50102713861851	1026	1.0
14	1	cdf	5	111	23.284357028463866	1443	1.0
14	1	cdf	5	112	33.913990694913686	826	1.0
14	1	cdf	5	113	29.912770613326842	1601	1.0
14	1	cdf	5	114	17.60560435084484	951	1.0
14	1	cdf	5	115	24.838336400008217	1176	1.0
14	1	cdf	6	116	13.643428412851053	551	1.0
14	1	cdf	6	117	24.037988546980614	926	1.0
14	1	cdf	6	118	23.251946412584005	1143	1.0
14	1	cdf	6	119	29.05740402417273	1201	1.0
14	1	cdf	6	120	38.45410552134922	1093	1.0
14	1	cdf	6	121	24.11332976944991	1017	1.0
14	1	cdf	6	122	29.18810461559907	909	1.0
14	1	cdf	6	123	41.955727412316264	1084	1.0
14	1	cdf	6	124	34.20655146652644	901	1.0
14	1	cdf	6	125	15.983245207439895	1001	1.0
14	1	cdf	6	126	39.507936324839186	1017	1.0
14	1	cdf	6	127	27.402879018681862	1218	1.0
14	1	cdf	6	128	56.403270938925175	1434	1.0
14	1	cdf	6	129	27.054082384387176	1310	1.0
14	1	cdf	6	130	16.563779128748916	1017	1.0
14	1	cdf	6	131	28.30813828240836	1143	1.0
14	1	cdf	6	132	27.427405791418742	817	1.0
14	1	cdf	6	133	23.902679327245394	1167	1.0
14	1	cdf	6	134	45.07259555837874	959	1.0
14	1	cdf	6	135	73.66325610580553	959	1.0
14	1	cdf	6	136	22.279981164926006	993	1.0
14	1	cdf	6	137	14.4500143155959	1235	1.0
14	1	cdf	6	138	56.79111092243365	1752	1.0
14	1	cdf	7	139	30.2599206292919	784	1.0
14	1	cdf	7	140	39.40788106556231	1093	1.0
14	1	cdf	7	141	18.719031746864076	1018	1.0
14	1	cdf	7	142	25.05741401286212	1001	1.0
14	1	cdf	7	143	37.39357523057246	1252	1.0
14	1	cdf	7	144	36.45872712497992	818	1.0
14	1	cdf	7	145	25.983796747442227	976	1.0
14	1	cdf	7	146	25.482619476786887	1060	1.0
14	1	cdf	7	147	38.4715494723552	884	1.0
14	1	cdf	7	148	33.62506831741309	1051	1.0
14	1	cdf	7	149	37.73209752480736	1001	1.0
14	1	cdf	7	150	36.4394501825598	1193	1.0
14	1	cdf	7	151	23.79395493655295	1076	1.0
14	1	cdf	7	152	43.62378885990994	709	1.0
14	1	cdf	7	153	36.93532433819047	1427	1.0
14	1	cdf	7	154	14.657960072089024	1192	1.0
14	1	cdf	7	155	19.219259019377343	959	1.0
14	1	cdf	7	156	24.260604245080387	626	1.0
14	1	cdf	7	157	40.35954084220796	1627	1.0
14	1	cdf	7	158	24.30657462881296	1143	1.0
14	1	cdf	7	159	22.63014389948247	884	1.0
14	1	cdf	7	160	13.763979520693024	643	1.0
14	1	cdf	7	161	21.761394993950415	1026	1.0
14	1	cdf	8	162	45.2567495608049	1076	1.0
14	1	cdf	8	163	22.644748380972377	875	1.0
14	1	cdf	8	164	11.495697564359013	1043	1.0
14	1	cdf	8	165	31.31121936321382	1160	1.0
14	1	cdf	8	166	22.645286138870055	1076	1.0
14	1	cdf	8	167	42.631292193168505	1343	1.0
14	1	cdf	8	168	35.0585788459524	1209	1.0
14	1	cdf	8	169	21.857721733054333	1468	1.0
14	1	cdf	8	170	35.08413554679096	785	1.0
14	1	cdf	8	171	75.06391723408798	901	0.9733629300776915
14	1	cdf	8	172	36.93730950669611	993	1.0
14	1	cdf	8	173	21.67893889629579	1143	1.0
14	1	cdf	8	174	29.94456080746255	1018	1.0
14	1	cdf	8	175	30.59889478865313	784	0.9821428571428571
14	1	cdf	8	176	42.97189641986098	967	1.0
14	1	cdf	8	177	33.9292526877874	1076	1.0
14	1	cdf	8	178	24.01498617671283	960	1.0
14	1	cdf	8	179	15.813074831313974	1051	1.0
14	1	cdf	8	180	25.217086715824482	1235	1.0
14	1	cdf	8	181	24.344587424994995	976	1.0
14	1	cdf	8	182	32.25216793263574	1051	1.0
14	1	cdf	8	183	27.814856518640543	1251	1.0
14	1	cdf	8	184	16.598833155315788	868	1.0
14	2	inverse_cdf	1	1	21.80763091754876	1268	0.9944794952681388
14	2	inverse_cdf	1	2	17.95622209453181	1060	1.0
14	2	inverse_cdf	1	3	14.8678888090835	1318	1.0
14	2	inverse_cdf	1	4	30.521715568884982	817	1.0
14	2	inverse_cdf	1	5	78.14245598093378	1260	1.0
14	2	inverse_cdf	1	6	51.449866530314296	893	0.9148936170212766
14	2	inverse_cdf	1	7	15.209773573853298	742	1.0
14	2	inverse_cdf	1	8	26.66641813635583	1360	1.0
14	2	inverse_cdf	1	9	22.131904763114353	1310	1.0
14	2	inverse_cdf	1	10	27.78697186536427	1192	1.0
14	2	inverse_cdf	1	11	26.00207142505363	876	1.0
14	2	inverse_cdf	1	12	23.319455008538927	1485	1.0
14	2	inverse_cdf	1	13	22.489244395990635	1142	1.0
14	2	inverse_cdf	1	14	16.014200404029094	1234	1.0
14	2	inverse_cdf	1	15	72.0262718652351	860	1.0
14	2	inverse_cdf	1	16	38.15905814306459	1694	0.948642266824085
14	2	inverse_cdf	1	17	49.175045710115384	1751	1.0
14	2	inverse_cdf	1	18	17.217202836878887	860	1.0
14	2	inverse_cdf	1	19	21.31285906402064	1368	1.0
14	2	inverse_cdf	1	20	24.75150533839339	1110	1.0
14	2	inverse_cdf	1	21	46.41137699701264	1017	1.0
14	2	inverse_cdf	1	22	22.238557535347933	543	1.0
14	2	inverse_cdf	1	23	32.3171238929617	1259	0.9729944400317713
14	2	inverse_cdf	2	24	52.242949394988905	1202	1.0
14	2	inverse_cdf	2	25	22.634234424913302	1026	1.0
14	2	inverse_cdf	2	26	29.51215554131801	418	1.0
14	2	inverse_cdf	2	27	25.552144606259407	1268	1.0
14	2	inverse_cdf	2	28	69.9115229296772	1460	1.0
14	2	inverse_cdf	2	29	23.342356556856164	834	1.0
14	2	inverse_cdf	2	30	25.96160275300639	1251	1.0
14	2	inverse_cdf	2	31	24.071903684222427	1435	1.0
14	2	inverse_cdf	2	32	17.2669892761978	1343	1.0
14	2	inverse_cdf	2	33	29.981925837349678	1201	1.0
14	2	inverse_cdf	2	34	30.338874393251867	1101	1.0
14	2	inverse_cdf	2	35	28.821411356195807	818	1.0
14	2	inverse_cdf	2	36	22.476190243493225	1460	1.0
14	2	inverse_cdf	2	37	44.03187244426507	1469	1.0
14	2	inverse_cdf	2	38	51.581960251763874	1059	0.9452313503305004
14	2	inverse_cdf	2	39	28.80754467569305	1051	1.0
14	2	inverse_cdf	2	40	15.540470517431853	1042	1.0
14	2	inverse_cdf	2	41	30.764436880228374	901	1.0
14	2	inverse_cdf	2	42	22.595840224629924	860	1.0
14	2	inverse_cdf	2	43	23.523286319811696	1418	1.0
14	2	inverse_cdf	2	44	12.20441964988186	1085	1.0
14	2	inverse_cdf	2	45	25.347884152899276	776	1.0
14	2	inverse_cdf	2	46	32.759599794564714	1569	1.0
14	2	inverse_cdf	3	47	37.232311377946274	1009	1.0
14	2	inverse_cdf	3	48	19.9396521376319	1276	1.0
14	2	inverse_cdf	3	49	42.6313960653315	1226	0.9437194127243067
14	2	inverse_cdf	3	50	41.79243095550352	1401	1.0
14	2	inverse_cdf	3	51	26.458086810053324	1134	1.0
14	2	inverse_cdf	3	52	15.666616275602527	1376	1.0
14	2	inverse_cdf	3	53	103.70785356263055	1017	0.9262536873156342
14	2	inverse_cdf	3	54	68.92118993818346	1186	1.0
14	2	inverse_cdf	3	55	53.07691439315527	784	1.0
14	2	inverse_cdf	3	56	15.39365738364372	559	1.0
14	2	inverse_cdf	3	57	18.26213776183995	1385	1.0
14	2	inverse_cdf	3	58	18.389651983970605	1526	1.0
14	2	inverse_cdf	3	59	13.975186685667145	1118	1.0
14	2	inverse_cdf	3	60	12.410008800336369	843	1.0
14	2	inverse_cdf	3	61	22.76351332017118	709	1.0
14	2	inverse_cdf	3	62	34.64585934857379	1610	1.0
14	2	inverse_cdf	3	63	25.918094422677655	968	1.0
14	2	inverse_cdf	3	64	11.243244513708607	1352	1.0
14	2	inverse_cdf	3	65	75.10230020840335	1584	1.0
14	2	inverse_cdf	3	66	28.267312762755218	1209	1.0
14	2	inverse_cdf	3	67	11.46818673399869	559	1.0
14	2	inverse_cdf	3	68	12.070915456387748	1434	1.0
14	2	inverse_cdf	3	69	41.90008329569328	909	0.8998899889988999
14	2	inverse_cdf	4	70	17.650828132937182	876	1.0
14	2	inverse_cdf	4	71	26.53683924257035	1401	1.0
14	2	inverse_cdf	4	72	35.33529013669645	1109	1.0
14	2	inverse_cdf	4	73	17.330865815376843	1259	1.0
14	2	inverse_cdf	4	74	45.079630455594824	1176	1.0
14	2	inverse_cdf	4	75	26.098374703708107	1060	1.0
14	2	inverse_cdf	4	76	31.27685320476953	1510	1.0
14	2	inverse_cdf	4	77	27.41154780309067	1001	1.0
14	2	inverse_cdf	4	78	43.51654770732069	1651	1.0
14	2	inverse_cdf	4	79	39.812859697525354	1151	1.0
14	2	inverse_cdf	4	80	26.705200329524708	1243	0.9509251810136766
14	2	inverse_cdf	4	81	26.89229319070575	1326	1.0
14	2	inverse_cdf	4	82	30.636492119296793	1227	1.0
14	2	inverse_cdf	4	83	27.26481270644691	1201	1.0
14	2	inverse_cdf	4	84	21.703720809102542	692	1.0
14	2	inverse_cdf	4	85	16.561145009277034	1384	1.0
14	2	inverse_cdf	4	86	33.840776855233216	1126	1.0
14	2	inverse_cdf	4	87	48.692535586771456	1184	0.9569256756756757
14	2	inverse_cdf	4	88	13.551255682279113	876	1.0
14	2	inverse_cdf	4	89	16.67324954245378	1460	1.0
14	2	inverse_cdf	4	90	23.37882239720386	842	1.0
14	2	inverse_cdf	4	91	21.32941919396334	1176	1.0
14	2	inverse_cdf	4	92	20.721263236735325	1168	1.0
14	2	inverse_cdf	5	93	58.81410109616958	951	1.0
14	2	inverse_cdf	5	94	55.808166297539756	1310	1.0
14	2	inverse_cdf	5	95	28.270826781217615	851	1.0
14	2	inverse_cdf	5	96	30.416033094207314	1117	1.0
14	2	inverse_cdf	5	97	50.208636014282554	1117	1.0
14	2	inverse_cdf	5	98	23.171116017286884	1335	1.0
14	2	inverse_cdf	5	99	16.25065923673171	1126	1.0
14	2	inverse_cdf	5	100	26.136191127045624	1243	0.9380530973451328
14	2	inverse_cdf	5	101	33.966358439144976	1217	1.0
14	2	inverse_cdf	5	102	18.835795489439494	1268	1.0
14	2	inverse_cdf	5	103	50.48412848452864	851	0.9506462984723855
14	2	inverse_cdf	5	104	25.47627599884704	992	1.0
14	2	inverse_cdf	5	105	24.62903867053057	1176	1.0
14	2	inverse_cdf	5	106	24.7648827988338	1026	1.0
14	2	inverse_cdf	5	107	23.834485974042387	1251	1.0
14	2	inverse_cdf	5	108	40.40511954306518	1134	1.0
14	2	inverse_cdf	5	109	30.173968885471535	1284	1.0
14	2	inverse_cdf	5	110	30.689623555825943	943	1.0
14	2	inverse_cdf	5	111	17.751907915601528	1218	1.0
14	2	inverse_cdf	5	112	12.39613611362364	1117	1.0
14	2	inverse_cdf	5	113	12.342942468970836	1117	0.9695613249776186
14	2	inverse_cdf	5	114	26.565747854171477	1018	1.0
14	2	inverse_cdf	5	115	19.08832553413038	926	1.0
14	2	inverse_cdf	6	116	24.41052887571768	942	1.0
14	2	inverse_cdf	6	117	22.605019115568506	1210	1.0
14	2	inverse_cdf	6	118	27.91372723557912	993	1.0
14	2	inverse_cdf	6	119	19.06576459871789	1184	1.0
14	2	inverse_cdf	6	120	13.008260473644045	859	1.0
14	2	inverse_cdf	6	121	31.32180229535092	784	1.0
14	2	inverse_cdf	6	122	27.963334058300145	1527	1.0
14	2	inverse_cdf	6	123	47.5116465644112	1309	1.0
14	2	inverse_cdf	6	124	38.46460313782863	1101	1.0
14	2	inverse_cdf	6	125	21.67523586207941	1251	1.0
14	2	inverse_cdf	6	126	30.222746314178696	1118	1.0
14	2	inverse_cdf	6	127	21.932938954912085	1043	1.0
14	2	inverse_cdf	6	128	27.469573741372077	1251	0.9440447641886491
14	2	inverse_cdf	6	129	23.79857758569938	1368	1.0
14	2	inverse_cdf	6	130	63.764945764519176	834	0.9088729016786571
14	2	inverse_cdf	6	131	31.489789817419393	1135	1.0
14	2	inverse_cdf	6	132	41.90492552148499	1118	1.0
14	2	inverse_cdf	6	133	29.619316993485235	1510	1.0
14	2	inverse_cdf	6	134	35.19325650063331	1227	1.0
14	2	inverse_cdf	6	135	21.376178213768004	1067	0.9606373008434864
14	2	inverse_cdf	6	136	30.271673681466872	1217	1.0
14	2	inverse_cdf	6	137	14.99702007179961	1068	1.0
14	2	inverse_cdf	6	138	23.927259291626864	1176	1.0
14	2	inverse_cdf	7	139	21.5568243822861	1159	1.0
14	2	inverse_cdf	7	140	18.174104015011203	1001	1.0
14	2	inverse_cdf	7	141	17.570588510226642	884	1.0
14	2	inverse_cdf	7	142	24.987241755071047	893	1.0
14	2	inverse_cdf	7	143	54.47271783094492	1051	1.0
14	2	inverse_cdf	7	144	36.02973395033159	1293	0.9814385150812065
14	2	inverse_cdf	7	145	35.00994731004282	825	1.0
14	2	inverse_cdf	7	146	18.070993527694664	926	1.0
14	2	inverse_cdf	7	147	26.050214554541324	1343	1.0
14	2	inverse_cdf	7	148	27.243499865102397	1043	1.0
14	2	inverse_cdf	7	149	27.09222306076105	1142	1.0
14	2	inverse_cdf	7	150	60.48765883475855	826	1.0
14	2	inverse_cdf	7	151	52.545478252925	1085	0.9465437788018434
14	2	inverse_cdf	7	152	27.609755686696264	1084	1.0
14	2	inverse_cdf	7	153	23.01587525540024	892	1.0
14	2	inverse_cdf	7	154	37.03431664936339	793	1.0
14	2	inverse_cdf	7	155	41.10869510806524	1185	1.0
14	2	inverse_cdf	7	156	24.801144383352646	1318	1.0
14	2	inverse_cdf	7	157	34.01888293586662	909	1.0
14	2	inverse_cdf	7	158	31.3381848330323	1568	0.9783163265306123
14	2	inverse_cdf	7	159	42.95032693752413	1059	1.0
14	2	inverse_cdf	7	160	21.729203766789144	1101	1.0
14	2	inverse_cdf	7	161	25.39846222373453	893	1.0
14	2	inverse_cdf	8	162	47.49988244610187	534	1.0
14	2	inverse_cdf	8	163	30.120799750250207	1151	1.0
14	2	inverse_cdf	8	164	21.200172811913895	1076	1.0
14	2	inverse_cdf	8	165	42.85297877835164	859	0.919674039580908
14	2	inverse_cdf	8	166	21.88395413600588	893	1.0
14	2	inverse_cdf	8	167	15.252011301007098	876	1.0
14	2	inverse_cdf	8	168	68.22668032919984	1301	0.93543428132206
14	2	inverse_cdf	8	169	35.63841869573653	1326	1.0
14	2	inverse_cdf	8	170	46.098135977379094	801	1.0
14	2	inverse_cdf	8	171	20.91468814960832	1268	1.0
14	2	inverse_cdf	8	172	58.31545804829042	676	1.0
14	2	inverse_cdf	8	173	31.808051759263062	1318	1.0
14	2	inverse_cdf	8	174	20.850513291416966	750	1.0
14	2	inverse_cdf	8	175	21.19458260501807	1201	1.0
14	2	inverse_cdf	8	176	22.946864405233505	759	1.0
14	2	inverse_cdf	8	177	29.644234909657133	759	1.0
14	2	inverse_cdf	8	178	17.55259937558624	909	1.0
14	2	inverse_cdf	8	179	29.86070713898512	650	1.0
14	2	inverse_cdf	8	180	13.774022802768004	1101	1.0
14	2	inverse_cdf	8	181	15.171295179457232	750	1.0
14	2	inverse_cdf	8	182	26.834712317936976	1176	1.0
14	2	inverse_cdf	8	183	31.743545014146164	1118	1.0
14	2	inverse_cdf	8	184	22.02232127259845	1068	1.0
15	1	inverse_cdf	1	1	13.376581564800983	1751	1.0
15	1	inverse_cdf	1	2	98.58442497514315	1026	1.0
15	1	inverse_cdf	1	3	38.84610720961483	1652	1.0
15	1	inverse_cdf	1	4	105.90426202660957	1559	1.0
15	1	inverse_cdf	1	5	56.95752203541056	1094	1.0
15	1	inverse_cdf	1	6	61.80232525701544	1752	1.0
15	1	inverse_cdf	1	7	129.7118987367127	1393	1.0
15	1	inverse_cdf	1	8	62.71248887462091	1535	1.0
15	1	inverse_cdf	1	9	22.89687153520944	1326	1.0
15	1	inverse_cdf	1	10	32.809924137702595	1485	1.0
15	1	inverse_cdf	1	11	25.292209437005667	1426	1.0
15	1	inverse_cdf	1	12	26.992457814288198	1752	1.0
15	1	inverse_cdf	1	13	29.487895266997086	1459	1.0
15	1	inverse_cdf	1	14	72.42126599065554	1309	1.0
15	1	inverse_cdf	1	15	30.742013023878865	1518	1.0
15	1	inverse_cdf	1	16	36.140859777624804	1693	1.0
15	1	inverse_cdf	1	17	24.033241284962465	1751	1.0
15	1	inverse_cdf	1	18	89.92301009912751	1209	1.0
15	1	inverse_cdf	1	19	14.949023753622932	1251	1.0
15	1	inverse_cdf	1	20	39.06197451104601	1227	1.0
15	1	inverse_cdf	1	21	76.50655407583407	1410	1.0
15	1	inverse_cdf	1	22	15.345078536609268	1469	1.0
15	1	inverse_cdf	1	23	34.11196276860737	1469	1.0
15	1	inverse_cdf	2	24	61.971642944788904	976	1.0
15	1	inverse_cdf	2	25	43.744803000555315	1418	1.0
15	1	inverse_cdf	2	26	125.11936000716376	993	1.0
15	1	inverse_cdf	2	27	26.320003848510186	1034	1.0
15	1	inverse_cdf	2	28	120.29482205889707	1335	1.0
15	1	inverse_cdf	2	29	29.726209272314986	1359	1.0
15	1	inverse_cdf	2	30	86.42345193851267	1468	1.0
15	1	inverse_cdf	2	31	29.620166573776473	1236	1.0
15	1	inverse_cdf	2	32	84.1372791065925	1151	1.0
15	1	inverse_cdf	2	33	80.6774865800976	1318	1.0
15	1	inverse_cdf	2	34	26.376897919820397	1752	1.0
15	1	inverse_cdf	2	35	24.812878704451958	1385	1.0
15	1	inverse_cdf	2	36	61.435818364700715	1284	1.0
15	1	inverse_cdf	2	37	20.169474311369935	1159	1.0
15	1	inverse_cdf	2	38	61.93892476683763	1368	1.0
15	1	inverse_cdf	2	39	118.35150597338513	1201	1.0
15	1	inverse_cdf	2	40	23.593743005493323	1543	1.0
15	1	inverse_cdf	2	41	62.291806227291794	1527	1.0
15	1	inverse_cdf	2	42	73.89334277231355	1376	1.0
15	1	inverse_cdf	2	43	64.51968832155615	1359	1.0
15	1	inverse_cdf	2	44	33.09706565303284	1278	1.0
15	1	inverse_cdf	2	45	23.962840332514823	976	1.0
15	1	inverse_cdf	2	46	29.15596491090203	1751	1.0
15	1	inverse_cdf	3	47	29.339708824719526	1110	1.0
15	1	inverse_cdf	3	48	31.74314932441174	1101	1.0
15	1	inverse_cdf	3	49	89.96918540699284	1228	1.0
15	1	inverse_cdf	3	50	40.02035673839917	1468	1.0
15	1	inverse_cdf	3	51	26.62065827532018	1176	1.0
15	1	inverse_cdf	3	52	38.471575511061005	969	1.0
15	1	inverse_cdf	3	53	95.02672038810036	1285	1.0
15	1	inverse_cdf	3	54	29.796070264190316	1409	1.0
15	1	inverse_cdf	3	55	33.30270726668511	1168	1.0
15	1	inverse_cdf	3	56	118.7434642709759	1151	1.0
15	1	inverse_cdf	3	57	81.15557018547285	1102	1.0
15	1	inverse_cdf	3	58	33.12396083244149	1143	1.0
15	1	inverse_cdf	3	59	29.50993219765075	1410	1.0
15	1	inverse_cdf	3	60	59.43479203538383	1210	1.0
15	1	inverse_cdf	3	61	25.137116704854186	1251	1.0
15	1	inverse_cdf	3	62	29.63585318118737	968	1.0
15	1	inverse_cdf	3	63	50.77617918499282	1227	1.0
15	1	inverse_cdf	3	64	56.23631364734643	1544	1.0
15	1	inverse_cdf	3	65	74.02618006893027	1017	1.0
15	1	inverse_cdf	3	66	125.48690167435169	1518	1.0
15	1	inverse_cdf	3	67	82.94667402982182	1267	1.0
15	1	inverse_cdf	3	68	83.25507886941406	1068	1.0
15	1	inverse_cdf	3	69	102.47754889418687	1068	1.0
15	1	inverse_cdf	4	70	25.77170601904878	1468	1.0
15	1	inverse_cdf	4	71	34.33381672105248	1234	1.0
15	1	inverse_cdf	4	72	30.303371187576193	1401	1.0
15	1	inverse_cdf	4	73	30.51167913264307	826	1.0
15	1	inverse_cdf	4	74	112.01108961991264	851	1.0
15	1	inverse_cdf	4	75	32.426325625967884	1426	1.0
15	1	inverse_cdf	4	76	36.89481889106569	1202	1.0
15	1	inverse_cdf	4	77	45.40045698153566	1051	1.0
15	1	inverse_cdf	4	78	31.08288219127956	1403	1.0
15	1	inverse_cdf	4	79	21.01901411077779	1435	1.0
15	1	inverse_cdf	4	80	37.84311324398858	1193	1.0
15	1	inverse_cdf	4	81	26.9498820138062	1260	1.0
15	1	inverse_cdf	4	82	68.73208722540896	1293	1.0
15	1	inverse_cdf	4	83	112.87471394520104	1010	1.0
15	1	inverse_cdf	4	84	90.86818481705288	1410	1.0
15	1	inverse_cdf	4	85	69.446004669905	1161	1.0
15	1	inverse_cdf	4	86	25.46408310805587	1293	1.0
15	1	inverse_cdf	4	87	40.07914589532953	1435	1.0
15	1	inverse_cdf	4	88	110.7725127836362	1203	1.0
15	1	inverse_cdf	4	89	123.93389705211858	1059	1.0
15	1	inverse_cdf	4	90	39.13596434021026	1034	1.0
15	1	inverse_cdf	4	91	34.985203009775994	1244	1.0
15	1	inverse_cdf	4	92	69.5153766150247	1018	1.0
15	1	inverse_cdf	5	93	96.58512229467689	976	1.0
15	1	inverse_cdf	5	94	34.156619136275424	1060	1.0
15	1	inverse_cdf	5	95	26.309119530063686	1184	1.0
15	1	inverse_cdf	5	96	29.839816455735974	1184	1.0
15	1	inverse_cdf	5	97	66.63919952701661	1401	1.0
15	1	inverse_cdf	5	98	63.885590924288564	1135	1.0
15	1	inverse_cdf	5	99	47.441118148650965	1243	1.0
15	1	inverse_cdf	5	100	54.01421332259937	1251	1.0
15	1	inverse_cdf	5	101	69.48412952213202	851	1.0
15	1	inverse_cdf	5	102	101.21624631716925	1444	1.0
15	1	inverse_cdf	5	103	110.63111994725043	1468	1.0
15	1	inverse_cdf	5	104	26.78736799875426	1035	1.0
15	1	inverse_cdf	5	105	28.211942941190745	1327	1.0
15	1	inverse_cdf	5	106	30.365233221327777	1292	1.0
15	1	inverse_cdf	5	107	31.591286714400027	1427	1.0
15	1	inverse_cdf	5	108	26.61041471614648	1310	1.0
15	1	inverse_cdf	5	109	28.30044481302662	1726	1.0
15	1	inverse_cdf	5	110	26.023340092377353	1151	1.0
15	1	inverse_cdf	5	111	83.94157645658822	1427	1.0
15	1	inverse_cdf	5	112	29.470175545221785	1101	1.0
15	1	inverse_cdf	5	113	27.397685656764622	1226	1.0
15	1	inverse_cdf	5	114	37.08757640745041	909	1.0
15	1	inverse_cdf	5	115	51.90410783794543	1143	1.0
15	1	inverse_cdf	6	116	29.01251489001179	1284	1.0
15	1	inverse_cdf	6	117	65.99895449175017	1360	1.0
15	1	inverse_cdf	6	118	77.46862115396152	1192	1.0
15	1	inverse_cdf	6	119	30.444697963577465	1451	1.0
15	1	inverse_cdf	6	120	30.753878816257675	1326	1.0
15	1	inverse_cdf	6	121	85.21503836890584	1634	1.0
15	1	inverse_cdf	6	122	24.87479358156814	1260	1.0
15	1	inverse_cdf	6	123	30.784556150919364	1351	1.0
15	1	inverse_cdf	6	124	75.83967518804864	1201	1.0
15	1	inverse_cdf	6	125	28.09679559761194	1752	1.0
15	1	inverse_cdf	6	126	28.19914916082051	1202	1.0
15	1	inverse_cdf	6	127	26.923452887509097	1018	1.0
15	1	inverse_cdf	6	128	100.4317044243029	693	1.0
15	1	inverse_cdf	6	129	86.41771675864828	1276	1.0
15	1	inverse_cdf	6	130	38.88394347639113	1293	1.0
15	1	inverse_cdf	6	131	38.13201295342692	1086	1.0
15	1	inverse_cdf	6	132	60.27015282397813	1176	1.0
15	1	inverse_cdf	6	133	29.148585271921018	1151	1.0
15	1	inverse_cdf	6	134	24.759088775095538	1253	1.0
15	1	inverse_cdf	6	135	41.49745712925654	1293	1.0
15	1	inverse_cdf	6	136	49.70081016874253	909	1.0
15	1	inverse_cdf	6	137	24.33786042116937	1260	1.0
15	1	inverse_cdf	6	138	26.210405744684685	1359	1.0
15	1	inverse_cdf	7	139	21.686675145358656	1201	1.0
15	1	inverse_cdf	7	140	36.73614602072212	1085	1.0
15	1	inverse_cdf	7	141	27.088691845407634	1168	1.0
15	1	inverse_cdf	7	142	27.76878960220129	1343	1.0
15	1	inverse_cdf	7	143	91.31205071580315	976	1.0
15	1	inverse_cdf	7	144	81.66059889257781	984	1.0
15	1	inverse_cdf	7	145	29.419475809075006	1368	1.0
15	1	inverse_cdf	7	146	28.464526581126073	1276	1.0
15	1	inverse_cdf	7	147	32.06413134302244	1126	1.0
15	1	inverse_cdf	7	148	26.28913468242343	1369	1.0
15	1	inverse_cdf	7	149	33.4972917064388	1385	1.0
15	1	inverse_cdf	7	150	39.9312755688306	1034	1.0
15	1	inverse_cdf	7	151	28.43828212353168	894	1.0
15	1	inverse_cdf	7	152	31.411944265366134	1459	1.0
15	1	inverse_cdf	7	153	24.827117197679495	1084	1.0
15	1	inverse_cdf	7	154	65.00799147836523	1168	1.0
15	1	inverse_cdf	7	155	35.15814781006106	1094	1.0
15	1	inverse_cdf	7	156	29.716979679614326	1126	1.0
15	1	inverse_cdf	7	157	30.956309248483254	1260	1.0
15	1	inverse_cdf	7	158	30.714337237011343	1320	1.0
15	1	inverse_cdf	7	159	129.79212088777342	1118	1.0
15	1	inverse_cdf	7	160	35.87544633258076	1134	1.0
15	1	inverse_cdf	7	161	39.98914506277705	1284	1.0
15	1	inverse_cdf	8	162	41.198371739349845	984	1.0
15	1	inverse_cdf	8	163	35.64981706558026	1276	1.0
15	1	inverse_cdf	8	164	30.96834838323733	1251	1.0
15	1	inverse_cdf	8	165	27.189105938877297	1159	1.0
15	1	inverse_cdf	8	166	24.650039707193656	1402	1.0
15	1	inverse_cdf	8	167	25.559717095320767	1201	1.0
15	1	inverse_cdf	8	168	27.638016632677388	1159	1.0
15	1	inverse_cdf	8	169	29.558090230954072	1210	1.0
15	1	inverse_cdf	8	170	70.05136250201542	1210	1.0
15	1	inverse_cdf	8	171	80.56456017569056	984	1.0
15	1	inverse_cdf	8	172	27.287892340279267	1276	1.0
15	1	inverse_cdf	8	173	33.703784346556496	926	1.0
15	1	inverse_cdf	8	174	33.79510826169578	1160	1.0
15	1	inverse_cdf	8	175	67.96588507102841	959	1.0
15	1	inverse_cdf	8	176	30.503966464500394	1110	1.0
15	1	inverse_cdf	8	177	46.61609957428489	1252	1.0
15	1	inverse_cdf	8	178	76.8377045332008	1260	1.0
15	1	inverse_cdf	8	179	26.8853854616	1368	1.0
15	1	inverse_cdf	8	180	32.750854413755945	1218	1.0
15	1	inverse_cdf	8	181	77.97032814893771	901	1.0
15	1	inverse_cdf	8	182	27.912380520070435	1293	1.0
15	1	inverse_cdf	8	183	83.65180382186168	1384	1.0
15	1	inverse_cdf	8	184	30.56043289340893	1251	1.0
15	2	cdf	1	1	28.184929204104723	1259	1.0
15	2	cdf	1	2	24.89927036580943	1210	1.0
15	2	cdf	1	3	58.727061500251146	1276	1.0
15	2	cdf	1	4	29.125537253175743	1602	1.0
15	2	cdf	1	5	29.221062241822903	1126	1.0
15	2	cdf	1	6	26.92825406233268	1435	1.0
15	2	cdf	1	7	21.78183600575978	1710	1.0
15	2	cdf	1	8	32.9715713722939	1435	1.0
15	2	cdf	1	9	27.10463896879842	1618	1.0
15	2	cdf	1	10	67.51791632864305	1251	1.0
15	2	cdf	1	11	25.954400563726576	1752	1.0
15	2	cdf	1	12	22.850180594052546	1443	1.0
15	2	cdf	1	13	69.41315757097287	1752	1.0
15	2	cdf	1	14	21.180761071576857	1494	1.0
15	2	cdf	1	15	34.190414759778285	1335	1.0
15	2	cdf	1	16	41.741053388702255	1493	1.0
15	2	cdf	1	17	27.174109314970792	1242	1.0
15	2	cdf	1	18	30.480491599109502	1001	1.0
15	2	cdf	1	19	92.11492859737325	859	1.0
15	2	cdf	1	20	24.47465945645977	1576	1.0
15	2	cdf	1	21	29.089125209031696	1284	1.0
15	2	cdf	1	22	63.613171487730924	1176	1.0
15	2	cdf	1	23	25.45299552459894	1276	1.0
15	2	cdf	2	24	32.51684430303748	1001	1.0
15	2	cdf	2	25	25.09226270682549	1543	1.0
15	2	cdf	2	26	31.817195062523197	1752	1.0
15	2	cdf	2	27	32.0765305165172	1076	1.0
15	2	cdf	2	28	37.72496592346543	1168	1.0
15	2	cdf	2	29	33.13296909716755	1477	1.0
15	2	cdf	2	30	70.99528979413721	1151	1.0
15	2	cdf	2	31	30.281008002054595	1518	1.0
15	2	cdf	2	32	24.394836150690246	1376	1.0
15	2	cdf	2	33	28.064490082279338	1661	1.0
15	2	cdf	2	34	35.53234601381927	1584	1.0
15	2	cdf	2	35	40.40285513117502	1309	1.0
15	2	cdf	2	36	70.6224365538671	1694	1.0
15	2	cdf	2	37	34.73946028593342	1727	1.0
15	2	cdf	2	38	25.40603472579344	1443	1.0
15	2	cdf	2	39	32.74738621573142	1468	1.0
15	2	cdf	2	40	31.466237168936377	1376	1.0
15	2	cdf	2	41	23.98217884087995	1560	1.0
15	2	cdf	2	42	24.961630531994317	1585	1.0
15	2	cdf	2	43	34.42104155905154	1610	1.0
15	2	cdf	2	44	37.29156545866425	1217	1.0
15	2	cdf	2	45	32.52771350816741	1109	1.0
15	2	cdf	2	46	31.343827827602915	1210	1.0
15	2	cdf	3	47	27.641370606787884	1284	1.0
15	2	cdf	3	48	29.740705176815577	1410	1.0
15	2	cdf	3	49	22.349930215240008	1502	1.0
15	2	cdf	3	50	24.624875351380894	1643	1.0
15	2	cdf	3	51	27.55179988143638	1451	1.0
15	2	cdf	3	52	19.423811665616316	1376	1.0
15	2	cdf	3	53	36.42099246807948	926	1.0
15	2	cdf	3	54	26.795343109752743	968	1.0
15	2	cdf	3	55	27.162009648679938	976	1.0
15	2	cdf	3	56	28.886010588235838	734	1.0
15	2	cdf	3	57	26.545541589059503	1260	1.0
15	2	cdf	3	58	49.604101912711855	1067	1.0
15	2	cdf	3	59	58.10134901579768	1352	1.0
15	2	cdf	3	60	22.64391732960603	976	1.0
15	2	cdf	3	61	25.360942574600983	1751	1.0
15	2	cdf	3	62	30.15580553799167	1201	1.0
15	2	cdf	3	63	25.692701962157354	1009	1.0
15	2	cdf	3	64	39.291295655469476	1001	1.0
15	2	cdf	3	65	20.774203801146825	1360	1.0
15	2	cdf	3	66	39.63933457505718	1184	1.0
15	2	cdf	3	67	26.34066108692999	1343	1.0
15	2	cdf	3	68	31.702374086374093	1385	1.0
15	2	cdf	3	69	24.387149467209596	1402	1.0
15	2	cdf	4	70	30.86937836424701	825	1.0
15	2	cdf	4	71	25.476712840201365	1109	1.0
15	2	cdf	4	72	27.197592466957175	1152	1.0
15	2	cdf	4	73	22.78647536362321	1276	1.0
15	2	cdf	4	74	31.53402270153511	1352	1.0
15	2	cdf	4	75	20.489469938905234	1227	1.0
15	2	cdf	4	76	27.015451762463982	1610	1.0
15	2	cdf	4	77	28.73581551399032	1294	1.0
15	2	cdf	4	78	56.57710008978055	1318	1.0
15	2	cdf	4	79	52.33315414362517	1251	1.0
15	2	cdf	4	80	39.71053750926925	1203	1.0
15	2	cdf	4	81	35.89012707863402	1318	1.0
15	2	cdf	4	82	23.68259945565798	1243	1.0
15	2	cdf	4	83	24.99625006704969	1286	1.0
15	2	cdf	4	84	31.98074075606855	1201	1.0
15	2	cdf	4	85	35.07181359927339	1426	1.0
15	2	cdf	4	86	36.55048587031063	1393	1.0
15	2	cdf	4	87	31.13571530741644	809	1.0
15	2	cdf	4	88	25.21261436085306	1201	1.0
15	2	cdf	4	89	43.68321994795707	834	1.0
15	2	cdf	4	90	110.86316193372129	1234	1.0
15	2	cdf	4	91	33.92548259424357	1193	1.0
15	2	cdf	4	92	29.528506907682566	1385	1.0
15	2	cdf	5	93	31.992508868901258	967	1.0
15	2	cdf	5	94	30.872069839520037	1267	1.0
15	2	cdf	5	95	29.258846899319785	1443	1.0
15	2	cdf	5	96	28.880350011475826	1217	1.0
15	2	cdf	5	97	34.97145030751586	1368	1.0
15	2	cdf	5	98	40.508634358780604	901	1.0
15	2	cdf	5	99	25.390666454043906	1326	1.0
15	2	cdf	5	100	30.21991928051575	917	1.0
15	2	cdf	5	101	25.941225818342897	1101	1.0
15	2	cdf	5	102	30.736797358021192	909	1.0
15	2	cdf	5	103	30.543408591459194	1077	1.0
15	2	cdf	5	104	29.033120789575907	843	1.0
15	2	cdf	5	105	35.76461210745264	1418	1.0
15	2	cdf	5	106	45.76501762608726	1261	1.0
15	2	cdf	5	107	27.951977418957203	1201	1.0
15	2	cdf	5	108	33.38142121647489	859	1.0
15	2	cdf	5	109	30.069559889720004	1268	1.0
15	2	cdf	5	110	23.72651094741263	1234	1.0
15	2	cdf	5	111	18.730966092492782	1310	1.0
15	2	cdf	5	112	28.818214347467254	1493	1.0
15	2	cdf	5	113	34.663255452595386	1259	1.0
15	2	cdf	5	114	32.94084067062605	1285	1.0
15	2	cdf	5	115	35.622572897597415	1468	1.0
15	2	cdf	6	116	22.815137606434686	1595	1.0
15	2	cdf	6	117	30.12740635893676	1126	1.0
15	2	cdf	6	118	25.846635947274393	1526	1.0
15	2	cdf	6	119	30.48153999867437	1134	1.0
15	2	cdf	6	120	26.526470674239153	1351	1.0
15	2	cdf	6	121	33.03155620431552	776	1.0
15	2	cdf	6	122	28.065492144394057	1243	1.0
15	2	cdf	6	123	24.729456858030513	1752	1.0
15	2	cdf	6	124	31.54631183250873	1134	1.0
15	2	cdf	6	125	19.698881502478336	1218	1.0
15	2	cdf	6	126	21.593255750672743	1119	1.0
15	2	cdf	6	127	38.682221703406995	1226	1.0
15	2	cdf	6	128	36.99881185799825	1368	1.0
15	2	cdf	6	129	32.25555543641562	1561	1.0
15	2	cdf	6	130	23.0363370753315	1477	1.0
15	2	cdf	6	131	28.13719318562663	1068	1.0
15	2	cdf	6	132	33.154420720371995	1151	1.0
15	2	cdf	6	133	30.173457166661965	1018	1.0
15	2	cdf	6	134	35.02434464880769	1427	1.0
15	2	cdf	6	135	29.805573447511918	1051	1.0
15	2	cdf	6	136	38.522578194951876	1368	1.0
15	2	cdf	6	137	29.582658638705496	1301	1.0
15	2	cdf	6	138	37.166217787942074	1051	1.0
15	2	cdf	7	139	27.17515464433599	1268	1.0
15	2	cdf	7	140	28.4954310150152	1243	1.0
15	2	cdf	7	141	24.220636455102227	1410	1.0
15	2	cdf	7	142	24.52779586798963	1234	1.0
15	2	cdf	7	143	22.244258085731865	1109	1.0
15	2	cdf	7	144	31.567612056770262	1051	1.0
15	2	cdf	7	145	24.172704018190114	1086	1.0
15	2	cdf	7	146	27.39361024581674	1343	1.0
15	2	cdf	7	147	24.84642970520889	1334	1.0
15	2	cdf	7	148	37.55932831633271	893	1.0
15	2	cdf	7	149	26.996976391169916	1243	1.0
15	2	cdf	7	150	25.683671523593695	960	1.0
15	2	cdf	7	151	34.33097597852756	893	1.0
15	2	cdf	7	152	39.06214637851739	1401	1.0
15	2	cdf	7	153	19.301442909026743	1193	1.0
15	2	cdf	7	154	57.621947500015864	1253	1.0
15	2	cdf	7	155	24.273830549905668	1618	1.0
15	2	cdf	7	156	32.42616957377501	734	1.0
15	2	cdf	7	157	35.58123026010402	1494	1.0
15	2	cdf	7	158	62.73913515615561	1668	1.0
15	2	cdf	7	159	36.985219711937106	818	1.0
15	2	cdf	7	160	50.87283724640237	1511	1.0
15	2	cdf	7	161	46.237422500239454	1018	1.0
15	2	cdf	8	162	16.29651918978631	1309	1.0
15	2	cdf	8	163	26.461857488895784	1752	1.0
15	2	cdf	8	164	25.055282466023233	1293	1.0
15	2	cdf	8	165	25.175207062148623	1476	1.0
15	2	cdf	8	166	29.111738639792804	1135	1.0
15	2	cdf	8	167	30.989963625056482	993	1.0
15	2	cdf	8	168	37.61805632645086	1134	1.0
15	2	cdf	8	169	38.18363425596547	1370	1.0
15	2	cdf	8	170	37.17580677643372	1193	1.0
15	2	cdf	8	171	34.03561283982866	1193	1.0
15	2	cdf	8	172	32.59963788361433	1184	1.0
15	2	cdf	8	173	30.533118311107607	1435	1.0
15	2	cdf	8	174	67.3303172068255	1359	1.0
15	2	cdf	8	175	22.917531438489124	1451	1.0
15	2	cdf	8	176	34.40739797315487	1168	1.0
15	2	cdf	8	177	25.43974993880821	1060	1.0
15	2	cdf	8	178	24.584217884184888	1360	1.0
15	2	cdf	8	179	42.030300926714716	917	1.0
15	2	cdf	8	180	37.3894784673998	1109	1.0
15	2	cdf	8	181	26.0677849277422	1242	1.0
15	2	cdf	8	182	77.7311630441161	1360	1.0
15	2	cdf	8	183	45.12775044624089	1276	1.0
15	2	cdf	8	184	26.7840751259492	1202	1.0
16	1	cdf	1	1	161.22175913281077	1751	0.9223300970873787
16	1	cdf	1	2	57.846714493864575	1176	1.0
16	1	cdf	1	3	36.48984125411069	1118	0.960644007155635
16	1	cdf	1	4	39.945246067873775	1243	1.0
16	1	cdf	1	5	50.68373593987945	1201	1.0
16	1	cdf	1	6	59.92229226180322	1752	1.0
16	1	cdf	1	7	47.90809915970053	1201	1.0
16	1	cdf	1	8	34.83533169155786	1334	1.0
16	1	cdf	1	9	33.85705835520717	1568	1.0
16	1	cdf	1	10	30.446820148883365	1735	1.0
16	1	cdf	1	11	59.83566216216733	1702	1.0
16	1	cdf	1	12	29.538070424637446	1126	1.0
16	1	cdf	1	13	42.172530200958704	1419	1.0
16	1	cdf	1	14	28.955411561824942	1501	1.0
16	1	cdf	1	15	29.470079569660726	1243	1.0
16	1	cdf	1	16	60.486058595904765	1526	1.0
16	1	cdf	1	17	29.848489571102252	1560	1.0
16	1	cdf	1	18	63.10945755951909	1752	1.0
16	1	cdf	1	19	33.603728597804896	692	1.0
16	1	cdf	1	20	28.822427619001168	776	1.0
16	1	cdf	1	21	30.295064360638168	1259	1.0
16	1	cdf	1	22	51.341182380454015	992	1.0
16	1	cdf	1	23	35.106073781488064	1202	1.0
16	1	cdf	2	24	23.090997564993813	1752	0.9891552511415526
16	1	cdf	2	25	21.885902636616784	892	1.0
16	1	cdf	2	26	24.538073590240803	1093	1.0
16	1	cdf	2	27	29.258925337948146	975	1.0
16	1	cdf	2	28	39.0897683794137	1493	1.0
16	1	cdf	2	29	24.082806945168475	1751	1.0
16	1	cdf	2	30	51.807251835310005	909	1.0
16	1	cdf	2	31	27.590492464162228	1092	1.0
16	1	cdf	2	32	38.695565697598326	1285	1.0
16	1	cdf	2	33	52.09545737517708	1610	1.0
16	1	cdf	2	34	27.274940785925583	1559	1.0
16	1	cdf	2	35	26.542621352891654	1460	1.0
16	1	cdf	2	36	34.06199113268428	1460	1.0
16	1	cdf	2	37	45.31281627697034	1134	0.9973544973544973
16	1	cdf	2	38	48.862385150960584	1210	0.9421487603305785
16	1	cdf	2	39	46.47555409233038	1226	1.0
16	1	cdf	2	40	33.69542841397612	1493	1.0
16	1	cdf	2	41	25.78909047549826	1368	1.0
16	1	cdf	2	42	27.673914863328083	1619	1.0
16	1	cdf	2	43	30.991162744276856	1276	1.0
16	1	cdf	2	44	62.980110414904544	1502	1.0
16	1	cdf	2	45	32.23274920529877	1268	1.0
16	1	cdf	2	46	40.98412491142484	976	1.0
16	1	cdf	3	47	77.90805091414728	1093	1.0
16	1	cdf	3	48	37.71067329010287	942	1.0
16	1	cdf	3	49	61.19034055981538	909	1.0
16	1	cdf	3	50	158.2921039185942	1501	0.8401065956029313
16	1	cdf	3	51	86.8346928594285	1585	1.0
16	1	cdf	3	52	59.47739390588088	1160	1.0
16	1	cdf	3	53	28.045625112532736	1009	1.0
16	1	cdf	3	54	36.93720741392327	1093	1.0
16	1	cdf	3	55	41.392921661474816	1118	1.0
16	1	cdf	3	56	29.601367416548587	1702	1.0
16	1	cdf	3	57	42.30157926241448	1226	1.0
16	1	cdf	3	58	39.475425009102175	1101	1.0
16	1	cdf	3	59	29.29767757689327	734	1.0
16	1	cdf	3	60	53.08431402461729	1193	1.0
16	1	cdf	3	61	32.84838073656243	843	1.0
16	1	cdf	3	62	29.841907425790595	1334	1.0
16	1	cdf	3	63	41.53922530548718	1751	1.0
16	1	cdf	3	64	26.23713896249932	976	1.0
16	1	cdf	3	65	47.2866287574867	1226	1.0
16	1	cdf	3	66	36.97650060388734	1577	1.0
16	1	cdf	3	67	59.29547149691908	1076	1.0
16	1	cdf	3	68	32.08317909691682	993	1.0
16	1	cdf	3	69	29.144067261944542	1234	1.0
16	1	cdf	4	70	37.396434888259655	1310	1.0
16	1	cdf	4	71	27.426896234608556	1459	1.0
16	1	cdf	4	72	26.248735151296362	1034	1.0
16	1	cdf	4	73	39.01851869669029	1218	1.0
16	1	cdf	4	74	55.77787150634239	1168	1.0
16	1	cdf	4	75	26.989286976605893	1560	1.0
16	1	cdf	4	76	24.842504872587472	1259	1.0
16	1	cdf	4	77	64.5706294612353	1343	1.0
16	1	cdf	4	78	38.69109212013949	1359	1.0
16	1	cdf	4	79	29.147829311869582	1410	1.0
16	1	cdf	4	80	40.803251223025875	1043	1.0
16	1	cdf	4	81	44.26470701774317	1676	1.0
16	1	cdf	4	82	39.426662237016686	1310	1.0
16	1	cdf	4	83	23.997956383037685	1351	1.0
16	1	cdf	4	84	46.789612033236224	1493	1.0
16	1	cdf	4	85	44.689327494355354	1326	1.0
16	1	cdf	4	86	29.77463113369039	1627	1.0
16	1	cdf	4	87	117.81898360352186	1334	0.9955022488755623
16	1	cdf	4	88	35.76282829757533	1160	1.0
16	1	cdf	4	89	25.088847710260477	1544	1.0
16	1	cdf	4	90	44.24185356384777	1034	0.9700193423597679
16	1	cdf	4	91	38.63388211979622	1067	1.0
16	1	cdf	4	92	21.934426365210513	1144	1.0
16	1	cdf	5	93	55.144247180097125	1126	1.0
16	1	cdf	5	94	30.690522275925858	1327	1.0
16	1	cdf	5	95	49.28171687188058	1159	1.0
16	1	cdf	5	96	62.69916179288039	1752	0.896689497716895
16	1	cdf	5	97	23.017760683635583	1160	1.0
16	1	cdf	5	98	28.49512099034495	1318	1.0
16	1	cdf	5	99	33.022868596000336	1126	1.0
16	1	cdf	5	100	29.689620876653354	1268	1.0
16	1	cdf	5	101	31.836680861470843	1184	1.0
16	1	cdf	5	102	56.27344442898996	984	1.0
16	1	cdf	5	103	32.806492077106604	1351	1.0
16	1	cdf	5	104	141.65357050563279	1109	0.8701532912533815
16	1	cdf	5	105	40.53174119169465	1110	1.0
16	1	cdf	5	106	38.158090903339385	1209	1.0
16	1	cdf	5	107	38.355747350247576	1059	1.0
16	1	cdf	5	108	29.644594305706885	1251	0.8784972022382095
16	1	cdf	5	109	66.16795084550833	1410	1.0
16	1	cdf	5	110	35.79577728069703	1751	1.0
16	1	cdf	5	111	24.632107314344942	1135	1.0
16	1	cdf	5	112	35.27253988662936	1118	1.0
16	1	cdf	5	113	51.53947930564584	1443	1.0
16	1	cdf	5	114	41.50691461722763	1260	1.0
16	1	cdf	5	115	34.3395213543294	750	1.0
16	1	cdf	6	116	41.43896458335711	1134	1.0
16	1	cdf	6	117	37.310403353022004	1377	1.0
16	1	cdf	6	118	29.303424971538252	1568	1.0
16	1	cdf	6	119	37.64481085405951	1418	1.0
16	1	cdf	6	120	24.204368815875394	1752	1.0
16	1	cdf	6	121	32.10508375035598	1259	0.8951548848292296
16	1	cdf	6	122	90.51604582880734	909	1.0
16	1	cdf	6	123	78.22070008192867	1192	1.0
16	1	cdf	6	124	35.025879086126906	1135	1.0
16	1	cdf	6	125	36.426155805782756	1193	1.0
16	1	cdf	6	126	34.937723679431286	1051	1.0
16	1	cdf	6	127	32.73213124527921	1277	1.0
16	1	cdf	6	128	39.11863547336397	1209	1.0
16	1	cdf	6	129	60.948464551299196	1184	1.0
16	1	cdf	6	130	58.601901895176475	918	1.0
16	1	cdf	6	131	35.11681674225862	1752	1.0
16	1	cdf	6	132	56.58491237609967	1151	1.0
16	1	cdf	6	133	36.55372572192859	959	1.0
16	1	cdf	6	134	40.3287653050868	1302	1.0
16	1	cdf	6	135	36.352557818230025	1242	1.0
16	1	cdf	6	136	102.7358512335898	1042	0.8915547024952015
16	1	cdf	6	137	60.86664920618699	734	1.0
16	1	cdf	6	138	33.896842927487754	1168	1.0
16	1	cdf	7	139	58.928510528684825	1092	1.0
16	1	cdf	7	140	37.68121651206777	1068	1.0
16	1	cdf	7	141	110.76984893978651	1126	0.9982238010657194
16	1	cdf	7	142	38.92919905193635	1018	0.9960707269155207
16	1	cdf	7	143	35.90927314655228	1702	1.0
16	1	cdf	7	144	31.416290013033773	1059	1.0
16	1	cdf	7	145	33.7243240306508	968	0.996900826446281
16	1	cdf	7	146	102.18226070440556	1209	0.8866832092638545
16	1	cdf	7	147	117.10360896568311	1235	0.994331983805668
16	1	cdf	7	148	29.054346727641132	1443	1.0
16	1	cdf	7	149	40.95446791923108	1302	1.0
16	1	cdf	7	150	27.983859468763537	1385	1.0
16	1	cdf	7	151	30.198020088575024	1443	1.0
16	1	cdf	7	152	202.44267844671208	909	0.9328932893289329
16	1	cdf	7	153	76.12231007967242	785	1.0
16	1	cdf	7	154	70.00798897802524	751	1.0
16	1	cdf	7	155	40.70566973741332	1285	1.0
16	1	cdf	7	156	30.774781897662532	1443	1.0
16	1	cdf	7	157	36.61945136904746	1393	1.0
16	1	cdf	7	158	32.39671163966361	1235	1.0
16	1	cdf	7	159	171.04885268997137	1001	0.9660339660339661
16	1	cdf	7	160	27.94565845828067	1543	1.0
16	1	cdf	7	161	33.261991428548995	1168	1.0
16	1	cdf	8	162	33.31708933641844	776	1.0
16	1	cdf	8	163	51.32460919735786	1034	1.0
16	1	cdf	8	164	42.83521844484564	1443	1.0
16	1	cdf	8	165	41.06352633616812	1302	1.0
16	1	cdf	8	166	34.294229277850384	1085	1.0
16	1	cdf	8	167	37.71663843478975	1068	1.0
16	1	cdf	8	168	32.89605963242424	1443	1.0
16	1	cdf	8	169	25.17857925966709	1701	1.0
16	1	cdf	8	170	42.44421721888063	1468	1.0
16	1	cdf	8	171	32.83863788677915	1260	1.0
16	1	cdf	8	172	39.3587711191468	1201	1.0
16	1	cdf	8	173	29.08814266076755	1227	1.0
16	1	cdf	8	174	40.158429522352385	976	1.0
16	1	cdf	8	175	35.58827832803527	1118	1.0
16	1	cdf	8	176	45.96871253303207	1210	1.0
16	1	cdf	8	177	407.7554305641809	1293	0.8344934261407579
16	1	cdf	8	178	41.91789573313153	859	1.0
16	1	cdf	8	179	37.79404304482374	1468	1.0
16	1	cdf	8	180	80.63179306822123	650	1.0
16	1	cdf	8	181	32.89827490726593	1026	1.0
16	1	cdf	8	182	88.51916392239849	1301	0.9984627209838586
16	1	cdf	8	183	24.656213075093696	1335	1.0
16	1	cdf	8	184	33.40590325638697	1585	1.0
16	2	inverse_cdf	1	1	42.159780351886845	1192	1.0
16	2	inverse_cdf	1	2	65.09500948929092	1751	1.0
16	2	inverse_cdf	1	3	33.06773574402644	1134	1.0
16	2	inverse_cdf	1	4	52.55860189543759	1551	1.0
16	2	inverse_cdf	1	5	42.41507046157408	1218	1.0
16	2	inverse_cdf	1	6	38.6980014799117	1327	1.0
16	2	inverse_cdf	1	7	32.06007869843317	943	1.0
16	2	inverse_cdf	1	8	30.764214565130747	1718	1.0
16	2	inverse_cdf	1	9	19.47170304881259	1560	1.0
16	2	inverse_cdf	1	10	41.191398372560556	542	1.0
16	2	inverse_cdf	1	11	29.496874058845993	1752	1.0
16	2	inverse_cdf	1	12	33.73253324444326	1494	1.0
16	2	inverse_cdf	1	13	32.94178838854458	1359	1.0
16	2	inverse_cdf	1	14	32.26302456160393	776	1.0
16	2	inverse_cdf	1	15	24.905806355631587	1752	1.0
16	2	inverse_cdf	1	16	87.83375577417111	1335	1.0
16	2	inverse_cdf	1	17	35.802970112929174	1293	1.0
16	2	inverse_cdf	1	18	34.202717399623815	1510	1.0
16	2	inverse_cdf	1	19	51.77591647012506	1285	1.0
16	2	inverse_cdf	1	20	105.00005898586042	1752	0.9257990867579908
16	2	inverse_cdf	1	21	46.44507490539871	1035	1.0
16	2	inverse_cdf	1	22	39.93174592334339	1310	1.0
16	2	inverse_cdf	1	23	36.125929469058335	601	1.0
16	2	inverse_cdf	2	24	28.31085332206269	1393	1.0
16	2	inverse_cdf	2	25	23.977081304397984	1159	1.0
16	2	inverse_cdf	2	26	40.16734052035641	1602	1.0
16	2	inverse_cdf	2	27	32.94963020593346	1752	1.0
16	2	inverse_cdf	2	28	41.95101951378133	834	1.0
16	2	inverse_cdf	2	29	62.526447588537245	1218	1.0
16	2	inverse_cdf	2	30	42.57279402114829	1218	1.0
16	2	inverse_cdf	2	31	58.347018493862926	1610	1.0
16	2	inverse_cdf	2	32	38.747962132105236	1292	1.0
16	2	inverse_cdf	2	33	23.714673407686426	1285	1.0
16	2	inverse_cdf	2	34	52.25282367209137	1359	1.0
16	2	inverse_cdf	2	35	33.792830531047954	1384	1.0
16	2	inverse_cdf	2	36	31.039181315232216	1343	1.0
16	2	inverse_cdf	2	37	82.401972263482	1494	1.0
16	2	inverse_cdf	2	38	75.04656639544095	1268	1.0
16	2	inverse_cdf	2	39	29.497888990974232	1502	1.0
16	2	inverse_cdf	2	40	48.96324451633038	1644	1.0
16	2	inverse_cdf	2	41	34.912748762041005	1060	1.0
16	2	inverse_cdf	2	42	30.38239432295815	1752	1.0
16	2	inverse_cdf	2	43	37.499049830548074	826	1.0
16	2	inverse_cdf	2	44	30.720286206332545	926	1.0
16	2	inverse_cdf	2	45	33.17759293334702	868	1.0
16	2	inverse_cdf	2	46	97.76231085408342	1284	1.0
16	2	inverse_cdf	3	47	46.383466230928875	1160	1.0
16	2	inverse_cdf	3	48	36.51438651051523	693	1.0
16	2	inverse_cdf	3	49	24.84158869125425	843	1.0
16	2	inverse_cdf	3	50	37.36172200356523	1327	1.0
16	2	inverse_cdf	3	51	45.66115354995692	1252	1.0
16	2	inverse_cdf	3	52	66.84404928573124	1026	1.0
16	2	inverse_cdf	3	53	29.364587689758494	842	1.0
16	2	inverse_cdf	3	54	29.059043595600592	1134	1.0
16	2	inverse_cdf	3	55	43.01549860889333	1318	1.0
16	2	inverse_cdf	3	56	33.38903725899172	1268	1.0
16	2	inverse_cdf	3	57	29.444471296719787	1159	1.0
16	2	inverse_cdf	3	58	27.17454344755219	1185	1.0
16	2	inverse_cdf	3	59	28.83129890467861	1451	1.0
16	2	inverse_cdf	3	60	40.79255574426037	1343	1.0
16	2	inverse_cdf	3	61	37.40060036710228	1560	1.0
16	2	inverse_cdf	3	62	32.75343307344763	1593	1.0
16	2	inverse_cdf	3	63	27.626390368783255	1751	1.0
16	2	inverse_cdf	3	64	45.83613988527527	1752	0.908675799086758
16	2	inverse_cdf	3	65	27.823284641715098	909	1.0
16	2	inverse_cdf	3	66	42.685013334817974	851	1.0
16	2	inverse_cdf	3	67	34.15488682022221	968	1.0
16	2	inverse_cdf	3	68	40.69133513558552	1135	1.0
16	2	inverse_cdf	3	69	55.837657470019415	1185	1.0
16	2	inverse_cdf	4	70	46.490638890032066	1393	1.0
16	2	inverse_cdf	4	71	49.736071082577105	1227	1.0
16	2	inverse_cdf	4	72	38.49371652003741	1176	1.0
16	2	inverse_cdf	4	73	36.57380090401994	1351	1.0
16	2	inverse_cdf	4	74	42.138945689683915	1535	1.0
16	2	inverse_cdf	4	75	74.29142703772249	1410	1.0
16	2	inverse_cdf	4	76	33.444676915569325	1076	1.0
16	2	inverse_cdf	4	77	48.60285921181724	1468	1.0
16	2	inverse_cdf	4	78	56.35077993397596	1360	1.0
16	2	inverse_cdf	4	79	25.14770392213464	1394	1.0
16	2	inverse_cdf	4	80	36.90664156429426	776	1.0
16	2	inverse_cdf	4	81	32.37613217584607	1401	1.0
16	2	inverse_cdf	4	82	48.52608719087534	1410	1.0
16	2	inverse_cdf	4	83	107.09618092935314	1243	1.0
16	2	inverse_cdf	4	84	125.66682310525816	1035	1.0
16	2	inverse_cdf	4	85	31.492571251993315	918	1.0
16	2	inverse_cdf	4	86	34.09643618092517	684	1.0
16	2	inverse_cdf	4	87	46.48222460227018	1192	1.0
16	2	inverse_cdf	4	88	94.26172143624586	1460	1.0
16	2	inverse_cdf	4	89	25.84714424364174	1443	1.0
16	2	inverse_cdf	4	90	48.570771830352896	959	1.0
16	2	inverse_cdf	4	91	96.38959589467888	1176	1.0
16	2	inverse_cdf	4	92	112.74103021350021	1160	1.0
16	2	inverse_cdf	5	93	37.82040989248936	1193	1.0
16	2	inverse_cdf	5	94	35.449033182308234	1451	1.0
16	2	inverse_cdf	5	95	33.4062404947804	1001	1.0
16	2	inverse_cdf	5	96	29.156459235214292	1092	1.0
16	2	inverse_cdf	5	97	35.38528533750931	1311	1.0
16	2	inverse_cdf	5	98	66.039271772002	1468	1.0
16	2	inverse_cdf	5	99	91.48566379163339	1234	1.0
16	2	inverse_cdf	5	100	79.36553606899729	1493	1.0
16	2	inverse_cdf	5	101	42.0622303326237	1168	1.0
16	2	inverse_cdf	5	102	31.610149550109956	1534	1.0
16	2	inverse_cdf	5	103	74.7084215728464	1535	1.0
16	2	inverse_cdf	5	104	33.78547790601162	1368	1.0
16	2	inverse_cdf	5	105	36.18142843544905	1435	1.0
16	2	inverse_cdf	5	106	27.32127950333126	1193	1.0
16	2	inverse_cdf	5	107	83.13580821729468	1393	1.0
16	2	inverse_cdf	5	108	80.35285726634869	1560	1.0
16	2	inverse_cdf	5	109	36.80922494718474	1351	1.0
16	2	inverse_cdf	5	110	41.717696809263444	1585	1.0
16	2	inverse_cdf	5	111	35.08585823547725	1385	1.0
16	2	inverse_cdf	5	112	31.79140705740917	1669	1.0
16	2	inverse_cdf	5	113	88.56006895288058	1117	1.0
16	2	inverse_cdf	5	114	31.882515761897327	1593	1.0
16	2	inverse_cdf	5	115	33.438519000217234	1176	1.0
16	2	inverse_cdf	6	116	59.19101504068932	1568	1.0
16	2	inverse_cdf	6	117	38.920313631694555	1293	1.0
16	2	inverse_cdf	6	118	46.50766013596328	1693	1.0
16	2	inverse_cdf	6	119	42.52825335697136	1010	1.0
16	2	inverse_cdf	6	120	99.80599458163219	1359	1.0
16	2	inverse_cdf	6	121	35.00700082793887	1226	1.0
16	2	inverse_cdf	6	122	37.684909541431054	1711	1.0
16	2	inverse_cdf	6	123	43.54378337436842	1510	1.0
16	2	inverse_cdf	6	124	43.07022915640069	1034	1.0
16	2	inverse_cdf	6	125	25.73820697557208	926	1.0
16	2	inverse_cdf	6	126	40.70948669612057	1434	1.0
16	2	inverse_cdf	6	127	28.734266612998958	709	1.0
16	2	inverse_cdf	6	128	42.0740449382906	1377	1.0
16	2	inverse_cdf	6	129	34.56078987741487	1318	1.0
16	2	inverse_cdf	6	130	35.87095531117655	976	1.0
16	2	inverse_cdf	6	131	37.826937822447135	1118	1.0
16	2	inverse_cdf	6	132	31.15077998598281	542	1.0
16	2	inverse_cdf	6	133	42.01526346576196	1460	1.0
16	2	inverse_cdf	6	134	43.61815809793587	1468	1.0
16	2	inverse_cdf	6	135	95.33335406253354	1176	1.0
16	2	inverse_cdf	6	136	33.825928489001456	1751	1.0
16	2	inverse_cdf	6	137	34.052506842590006	1444	1.0
16	2	inverse_cdf	6	138	118.72422721778437	976	1.0
16	2	inverse_cdf	7	139	16.71215307395961	859	1.0
16	2	inverse_cdf	7	140	41.00736246780948	1243	1.0
16	2	inverse_cdf	7	141	123.44699811482529	1184	1.0
16	2	inverse_cdf	7	142	63.898048872389346	859	1.0
16	2	inverse_cdf	7	143	77.66598641638008	1368	1.0
16	2	inverse_cdf	7	144	43.863315010467545	1318	1.0
16	2	inverse_cdf	7	145	85.3319830015565	1527	1.0
16	2	inverse_cdf	7	146	92.43765899812759	1652	1.0
16	2	inverse_cdf	7	147	112.3399683188598	1751	1.0
16	2	inverse_cdf	7	148	33.05629694664376	925	1.0
16	2	inverse_cdf	7	149	36.15658132096009	993	1.0
16	2	inverse_cdf	7	150	30.593174716689518	959	1.0
16	2	inverse_cdf	7	151	128.2545177146529	1084	1.0
16	2	inverse_cdf	7	152	49.9484597729265	1477	1.0
16	2	inverse_cdf	7	153	102.34953167384631	1351	1.0
16	2	inverse_cdf	7	154	32.114230636744516	1535	1.0
16	2	inverse_cdf	7	155	37.48807736891545	1110	1.0
16	2	inverse_cdf	7	156	39.33924764644309	1177	1.0
16	2	inverse_cdf	7	157	38.795320860404004	842	1.0
16	2	inverse_cdf	7	158	33.087410726865436	1193	1.0
16	2	inverse_cdf	7	159	73.65397254296295	1143	1.0
16	2	inverse_cdf	7	160	42.2741965976777	951	1.0
16	2	inverse_cdf	7	161	86.50879871076114	1001	1.0
16	2	inverse_cdf	8	162	35.60125280446385	943	1.0
16	2	inverse_cdf	8	163	34.99016013359489	692	1.0
16	2	inverse_cdf	8	164	36.78028385661408	1101	1.0
16	2	inverse_cdf	8	165	42.8151394092598	767	1.0
16	2	inverse_cdf	8	166	31.800737867601427	1318	1.0
16	2	inverse_cdf	8	167	62.120553224803636	1309	1.0
16	2	inverse_cdf	8	168	59.80079809083593	1301	1.0
16	2	inverse_cdf	8	169	65.22029211015665	1568	1.0
16	2	inverse_cdf	8	170	37.584837441642684	1360	1.0
16	2	inverse_cdf	8	171	41.16809579301218	1093	1.0
16	2	inverse_cdf	8	172	38.59434610818033	1260	1.0
16	2	inverse_cdf	8	173	47.14578658315052	1117	1.0
16	2	inverse_cdf	8	174	40.57050209718233	1018	1.0
16	2	inverse_cdf	8	175	40.922694345409646	976	1.0
16	2	inverse_cdf	8	176	33.421198413786655	1418	1.0
16	2	inverse_cdf	8	177	56.61715928422103	1569	1.0
16	2	inverse_cdf	8	178	29.497839703099284	1443	1.0
16	2	inverse_cdf	8	179	28.951036243829122	1535	1.0
16	2	inverse_cdf	8	180	109.0575538648289	1043	1.0
16	2	inverse_cdf	8	181	34.24034136934537	1292	1.0
16	2	inverse_cdf	8	182	46.82506111112632	1009	1.0
16	2	inverse_cdf	8	183	45.37449799014185	1210	1.0
16	2	inverse_cdf	8	184	38.0756695687029	1209	1.0
17	1	inverse_cdf	1	1	82.74786834407655	1593	1.0
17	1	inverse_cdf	1	2	107.13572940353406	842	1.0
17	1	inverse_cdf	1	3	21.329283671864562	859	1.0
17	1	inverse_cdf	1	4	88.5425156822835	1376	1.0
17	1	inverse_cdf	1	5	42.97158148687387	1093	1.0
17	1	inverse_cdf	1	6	41.12882316684245	834	1.0
17	1	inverse_cdf	1	7	43.01907397698303	1752	1.0
17	1	inverse_cdf	1	8	75.74122689889288	709	1.0
17	1	inverse_cdf	1	9	26.87724449926029	801	1.0
17	1	inverse_cdf	1	10	60.259374265675476	1252	1.0
17	1	inverse_cdf	1	11	95.21073761743013	1084	1.0
17	1	inverse_cdf	1	12	60.81288945662241	1076	1.0
17	1	inverse_cdf	1	13	121.80865390469862	1194	1.0
17	1	inverse_cdf	1	14	76.63196691581827	1326	1.0
17	1	inverse_cdf	1	15	59.79791105395282	1526	1.0
17	1	inverse_cdf	1	16	51.954390545079455	1351	1.0
17	1	inverse_cdf	1	17	69.8488928191885	1660	1.0
17	1	inverse_cdf	1	18	125.9893902046418	1276	1.0
17	1	inverse_cdf	1	19	102.07240667445406	1301	1.0
17	1	inverse_cdf	1	20	138.68788204297962	1468	0.9986376021798365
17	1	inverse_cdf	1	21	45.699564089655276	1201	0.9975020815986678
17	1	inverse_cdf	1	22	112.08077000302542	1752	1.0
17	1	inverse_cdf	1	23	89.98218649832798	1251	1.0
17	1	inverse_cdf	2	24	36.35999416230677	1751	1.0
17	1	inverse_cdf	2	25	24.877138047461646	818	1.0
17	1	inverse_cdf	2	26	26.248747380967817	659	1.0
17	1	inverse_cdf	2	27	27.798791775047807	1209	1.0
17	1	inverse_cdf	2	28	96.09365871411224	660	1.0
17	1	inverse_cdf	2	29	79.40669476119595	1309	1.0
17	1	inverse_cdf	2	30	40.24285300245533	1001	1.0
17	1	inverse_cdf	2	31	88.08499471955561	851	1.0
17	1	inverse_cdf	2	32	33.4895000077317	892	1.0
17	1	inverse_cdf	2	33	38.98725758343329	668	1.0
17	1	inverse_cdf	2	34	40.73123682695245	850	1.0
17	1	inverse_cdf	2	35	85.53416129917838	893	1.0
17	1	inverse_cdf	2	36	41.95432528200977	1201	1.0
17	1	inverse_cdf	2	37	42.137494377391555	1067	1.0
17	1	inverse_cdf	2	38	52.38108174552205	1576	1.0
17	1	inverse_cdf	2	39	54.89326235109519	1251	1.0
17	1	inverse_cdf	2	40	29.65014325981617	684	1.0
17	1	inverse_cdf	2	41	69.37246360719105	835	1.0
17	1	inverse_cdf	2	42	36.51274495301402	1109	1.0
17	1	inverse_cdf	2	43	25.56662553409013	1159	1.0
17	1	inverse_cdf	2	44	26.833173735529556	1226	1.0
17	1	inverse_cdf	2	45	55.78682636848913	1485	1.0
17	1	inverse_cdf	2	46	84.82666975255638	1420	1.0
17	1	inverse_cdf	3	47	27.356630488460222	1602	1.0
17	1	inverse_cdf	3	48	34.381864382969134	992	1.0
17	1	inverse_cdf	3	49	75.03790110502598	1095	1.0
17	1	inverse_cdf	3	50	27.72939162525057	926	1.0
17	1	inverse_cdf	3	51	38.16526168110307	1017	1.0
17	1	inverse_cdf	3	52	62.62275028302186	1686	1.0
17	1	inverse_cdf	3	53	30.493359947589838	1285	1.0
17	1	inverse_cdf	3	54	119.56229021887997	1577	1.0
17	1	inverse_cdf	3	55	46.9538831611077	1660	1.0
17	1	inverse_cdf	3	56	46.283279589986506	1752	1.0
17	1	inverse_cdf	3	57	58.515127512765105	1076	1.0
17	1	inverse_cdf	3	58	114.36601254077256	1234	1.0
17	1	inverse_cdf	3	59	32.582804592324855	977	1.0
17	1	inverse_cdf	3	60	24.39473835001237	1043	1.0
17	1	inverse_cdf	3	61	38.882685435919655	1234	1.0
17	1	inverse_cdf	3	62	27.740785358873783	1084	1.0
17	1	inverse_cdf	3	63	35.263683359953724	917	1.0
17	1	inverse_cdf	3	64	23.693008598232893	993	1.0
17	1	inverse_cdf	3	65	39.631605140723885	1034	1.0
17	1	inverse_cdf	3	66	92.63091864181679	1584	1.0
17	1	inverse_cdf	3	67	102.30072788086996	1234	1.0
17	1	inverse_cdf	3	68	136.242928585427	1477	1.0
17	1	inverse_cdf	3	69	102.79737618026523	1735	1.0
17	1	inverse_cdf	4	70	62.235053775732794	1601	1.0
17	1	inverse_cdf	4	71	26.611027272418156	1327	1.0
17	1	inverse_cdf	4	72	31.43194088841928	1626	1.0
17	1	inverse_cdf	4	73	62.71352328051264	1101	1.0
17	1	inverse_cdf	4	74	19.41627572399222	951	1.0
17	1	inverse_cdf	4	75	76.64007635794782	1752	1.0
17	1	inverse_cdf	4	76	82.63274729259204	1051	1.0
17	1	inverse_cdf	4	77	121.72856670240944	1109	1.0
17	1	inverse_cdf	4	78	109.32503542689965	1043	1.0
17	1	inverse_cdf	4	79	25.06273802044616	1134	1.0
17	1	inverse_cdf	4	80	116.24577517390635	1752	1.0
17	1	inverse_cdf	4	81	18.654177827986857	884	1.0
17	1	inverse_cdf	4	82	62.28365362404106	1159	1.0
17	1	inverse_cdf	4	83	27.59552577796056	826	1.0
17	1	inverse_cdf	4	84	98.72189127976107	1327	1.0
17	1	inverse_cdf	4	85	36.7341618973689	1301	1.0
17	1	inverse_cdf	4	86	30.86311155734722	1260	1.0
17	1	inverse_cdf	4	87	27.624438838565915	1134	1.0
17	1	inverse_cdf	4	88	63.030417313263	1218	1.0
17	1	inverse_cdf	4	89	26.338193996557987	651	1.0
17	1	inverse_cdf	4	90	46.91832106712729	1276	1.0
17	1	inverse_cdf	4	91	61.736908812349874	1393	1.0
17	1	inverse_cdf	4	92	34.628644964064236	1462	1.0
17	1	inverse_cdf	5	93	94.8141133366478	1201	1.0
17	1	inverse_cdf	5	94	30.272072655419596	1193	1.0
17	1	inverse_cdf	5	95	30.430892454465326	651	1.0
17	1	inverse_cdf	5	96	26.835607409291086	952	1.0
17	1	inverse_cdf	5	97	41.81767197616086	1384	1.0
17	1	inverse_cdf	5	98	115.20868537656197	1293	1.0
17	1	inverse_cdf	5	99	27.191865533930972	1418	1.0
17	1	inverse_cdf	5	100	28.554082206074536	1368	1.0
17	1	inverse_cdf	5	101	37.05428134736957	1568	1.0
17	1	inverse_cdf	5	102	28.92541498483729	1218	1.0
17	1	inverse_cdf	5	103	36.33443001100345	959	1.0
17	1	inverse_cdf	5	104	79.55516953849038	809	1.0
17	1	inverse_cdf	5	105	39.92936487161383	909	1.0
17	1	inverse_cdf	5	106	116.61481906818847	1035	1.0
17	1	inverse_cdf	5	107	24.12681697490466	876	1.0
17	1	inverse_cdf	5	108	24.17024000518634	1702	1.0
17	1	inverse_cdf	5	109	90.90895852904517	1752	1.0
17	1	inverse_cdf	5	110	60.68093590702271	1093	1.0
17	1	inverse_cdf	5	111	43.38391860976201	568	1.0
17	1	inverse_cdf	5	112	124.8740760382048	1752	1.0
17	1	inverse_cdf	5	113	25.313003047803186	1035	1.0
17	1	inverse_cdf	5	114	23.874220312008212	1152	1.0
17	1	inverse_cdf	5	115	26.48957713041582	1260	1.0
17	1	inverse_cdf	6	116	27.818559483303837	978	1.0
17	1	inverse_cdf	6	117	26.841592717016752	725	1.0
17	1	inverse_cdf	6	118	35.63208326962573	1234	1.0
17	1	inverse_cdf	6	119	39.32248207339859	1537	1.0
17	1	inverse_cdf	6	120	125.38390928980148	1060	1.0
17	1	inverse_cdf	6	121	115.9775968514138	1626	1.0
17	1	inverse_cdf	6	122	27.21451595546243	1026	1.0
17	1	inverse_cdf	6	123	21.41360779830815	1460	1.0
17	1	inverse_cdf	6	124	129.55745883545654	1402	1.0
17	1	inverse_cdf	6	125	28.81976139858715	1234	1.0
17	1	inverse_cdf	6	126	24.280892900171168	1261	1.0
17	1	inverse_cdf	6	127	41.818229522054736	876	1.0
17	1	inverse_cdf	6	128	132.9715939325637	1310	1.0
17	1	inverse_cdf	6	129	17.735309240903675	959	1.0
17	1	inverse_cdf	6	130	88.4331912512447	1444	1.0
17	1	inverse_cdf	6	131	64.41021909800524	1752	1.0
17	1	inverse_cdf	6	132	29.56802610178021	750	1.0
17	1	inverse_cdf	6	133	33.61017716353358	826	1.0
17	1	inverse_cdf	6	134	29.508728379832352	1360	1.0
17	1	inverse_cdf	6	135	104.00861518462507	767	1.0
17	1	inverse_cdf	6	136	93.36182111024257	1153	1.0
17	1	inverse_cdf	6	137	30.39806749637865	1142	1.0
17	1	inverse_cdf	6	138	26.75641952312386	1026	1.0
17	1	inverse_cdf	7	139	36.42934573678824	1234	1.0
17	1	inverse_cdf	7	140	24.9456836151341	1010	1.0
17	1	inverse_cdf	7	141	27.775919831197957	675	1.0
17	1	inverse_cdf	7	142	106.13653169171056	568	1.0
17	1	inverse_cdf	7	143	94.56732803819054	1002	1.0
17	1	inverse_cdf	7	144	15.310411268249064	1434	1.0
17	1	inverse_cdf	7	145	55.750382146195136	1309	1.0
17	1	inverse_cdf	7	146	16.594089815972893	1277	1.0
17	1	inverse_cdf	7	147	102.7904792380115	1310	1.0
17	1	inverse_cdf	7	148	40.12890733333171	1752	1.0
17	1	inverse_cdf	7	149	72.87554867037063	684	1.0
17	1	inverse_cdf	7	150	27.132443404886203	684	1.0
17	1	inverse_cdf	7	151	31.135480616550353	1352	1.0
17	1	inverse_cdf	7	152	41.6391626448127	1026	1.0
17	1	inverse_cdf	7	153	29.978648858946208	859	1.0
17	1	inverse_cdf	7	154	27.751884128317183	784	1.0
17	1	inverse_cdf	7	155	30.954431377299844	1744	1.0
17	1	inverse_cdf	7	156	68.24528069576527	942	1.0
17	1	inverse_cdf	7	157	94.45452396626871	835	1.0
17	1	inverse_cdf	7	158	31.686754397260696	935	1.0
17	1	inverse_cdf	7	159	22.83817412464533	776	1.0
17	1	inverse_cdf	7	160	31.831283255833476	1393	1.0
17	1	inverse_cdf	7	161	37.75845468039485	853	1.0
17	1	inverse_cdf	8	162	147.83083150380642	1226	1.0
17	1	inverse_cdf	8	163	92.07178412057695	1227	1.0
17	1	inverse_cdf	8	164	64.04065392064356	1177	1.0
17	1	inverse_cdf	8	165	44.62594979921893	992	1.0
17	1	inverse_cdf	8	166	87.27125632295494	1518	0.9789196310935442
17	1	inverse_cdf	8	167	165.62867061979586	1176	0.9625850340136054
17	1	inverse_cdf	8	168	19.71367297707645	1210	1.0
17	1	inverse_cdf	8	169	47.13433159018371	1478	1.0
17	1	inverse_cdf	8	170	51.69938634208574	1126	1.0
17	1	inverse_cdf	8	171	73.35472989817727	1335	1.0
17	1	inverse_cdf	8	172	112.11603208959424	1694	0.999409681227863
17	1	inverse_cdf	8	173	64.77851468485117	726	1.0
17	1	inverse_cdf	8	174	62.14708130345034	1260	1.0
17	1	inverse_cdf	8	175	76.09290915084841	1051	1.0
17	1	inverse_cdf	8	176	83.78672105013474	1360	0.9691176470588235
17	1	inverse_cdf	8	177	65.21619206300993	859	1.0
17	1	inverse_cdf	8	178	111.39877571742332	1268	0.9834384858044164
17	1	inverse_cdf	8	179	44.51172863020631	726	1.0
17	1	inverse_cdf	8	180	33.95438346985072	1068	1.0
17	1	inverse_cdf	8	181	31.643500349224617	1401	1.0
17	1	inverse_cdf	8	182	26.486542686072784	934	1.0
17	1	inverse_cdf	8	183	106.73337291659172	1076	1.0
17	1	inverse_cdf	8	184	58.80798549584383	1418	1.0
17	2	cdf	1	1	28.0346072750418	1101	1.0
17	2	cdf	1	2	32.89766251415615	961	1.0
17	2	cdf	1	3	30.387531219432216	1543	1.0
17	2	cdf	1	4	20.590479410590177	1226	1.0
17	2	cdf	1	5	20.80700724989539	859	1.0
17	2	cdf	1	6	61.164313112799846	759	1.0
17	2	cdf	1	7	79.62511424517818	893	1.0
17	2	cdf	1	8	23.050264705624862	1034	1.0
17	2	cdf	1	9	16.68819341225399	1210	1.0
17	2	cdf	1	10	25.024562635664918	1493	1.0
17	2	cdf	1	11	42.8062040043903	1643	1.0
17	2	cdf	1	12	18.637656920040307	1651	1.0
17	2	cdf	1	13	41.06159697272881	1168	1.0
17	2	cdf	1	14	108.29393405311745	1109	1.0
17	2	cdf	1	15	97.6833795151898	1751	1.0
17	2	cdf	1	16	27.311897422385346	1093	1.0
17	2	cdf	1	17	74.50831265839352	517	1.0
17	2	cdf	1	18	61.33710382476643	1351	1.0
17	2	cdf	1	19	20.509910786023443	951	1.0
17	2	cdf	1	20	36.175189780304734	1410	1.0
17	2	cdf	1	21	29.072356679082457	967	1.0
17	2	cdf	1	22	30.82219777434903	1101	1.0
17	2	cdf	1	23	27.87012207455346	1035	1.0
17	2	cdf	2	24	36.801828961322535	1284	1.0
17	2	cdf	2	25	26.002870907921398	1386	1.0
17	2	cdf	2	26	58.894259349500786	1059	1.0
17	2	cdf	2	27	28.24784175034019	1426	1.0
17	2	cdf	2	28	18.993521536954166	533	1.0
17	2	cdf	2	29	67.46845382249636	451	1.0
17	2	cdf	2	30	32.886311175337326	1101	1.0
17	2	cdf	2	31	30.805317191771625	684	1.0
17	2	cdf	2	32	28.75324811992208	1410	1.0
17	2	cdf	2	33	30.451809248624084	1317	1.0
17	2	cdf	2	34	31.893092644508144	1043	1.0
17	2	cdf	2	35	43.6022861435334	1743	1.0
17	2	cdf	2	36	39.777926797187256	1435	1.0
17	2	cdf	2	37	34.73461138093229	676	1.0
17	2	cdf	2	38	28.494399226012984	1352	1.0
17	2	cdf	2	39	26.7852849325821	1384	1.0
17	2	cdf	2	40	29.37225282021213	867	1.0
17	2	cdf	2	41	81.39890665111896	1251	0.9752198241406874
17	2	cdf	2	42	37.28396173649247	1652	1.0
17	2	cdf	2	43	24.8182953453412	1534	1.0
17	2	cdf	2	44	36.31308399149488	1594	1.0
17	2	cdf	2	45	57.029116306980434	700	1.0
17	2	cdf	2	46	42.68710518800167	1268	1.0
17	2	cdf	3	47	26.054394048571382	1051	1.0
17	2	cdf	3	48	34.54367882836849	1751	1.0
17	2	cdf	3	49	32.09811022506535	818	1.0
17	2	cdf	3	50	87.56102927863475	676	0.9215976331360947
17	2	cdf	3	51	33.97758275253069	784	1.0
17	2	cdf	3	52	40.68537504288451	1126	1.0
17	2	cdf	3	53	24.361015689632357	1285	1.0
17	2	cdf	3	54	90.7324989930209	1026	1.0
17	2	cdf	3	55	34.06178339748367	1326	1.0
17	2	cdf	3	56	40.58858284003558	1436	1.0
17	2	cdf	3	57	48.18634505314828	1710	1.0
17	2	cdf	3	58	25.732410334911272	951	1.0
17	2	cdf	3	59	19.105613659992056	659	1.0
17	2	cdf	3	60	23.713104046519007	1009	1.0
17	2	cdf	3	61	26.796321656059924	1752	1.0
17	2	cdf	3	62	29.431822610216685	709	1.0
17	2	cdf	3	63	21.6995630083681	734	1.0
17	2	cdf	3	64	27.484238816398886	901	1.0
17	2	cdf	3	65	82.26289774350467	1076	1.0
17	2	cdf	3	66	40.39156634000215	1318	1.0
17	2	cdf	3	67	20.866845173531136	1134	1.0
17	2	cdf	3	68	45.29450910778941	951	1.0
17	2	cdf	3	69	65.95986446071491	1752	1.0
17	2	cdf	4	70	39.189818692939326	734	1.0
17	2	cdf	4	71	34.48528098008192	1026	1.0
17	2	cdf	4	72	27.957424521977487	959	1.0
17	2	cdf	4	73	27.262825199665293	985	1.0
17	2	cdf	4	74	54.14286329545522	1335	1.0
17	2	cdf	4	75	27.508921840255375	1418	1.0
17	2	cdf	4	76	25.655762444713943	1136	1.0
17	2	cdf	4	77	29.82609910755214	801	1.0
17	2	cdf	4	78	31.1060191411938	792	1.0
17	2	cdf	4	79	23.935618846805436	1026	1.0
17	2	cdf	4	80	73.02079145587685	994	1.0
17	2	cdf	4	81	20.281523570708288	1401	1.0
17	2	cdf	4	82	27.772727456318258	1118	1.0
17	2	cdf	4	83	21.192158529000274	819	1.0
17	2	cdf	4	84	21.349347308163626	684	1.0
17	2	cdf	4	85	44.152750619625934	1309	1.0
17	2	cdf	4	86	22.176493272586907	1084	1.0
17	2	cdf	4	87	23.313463507023073	660	1.0
17	2	cdf	4	88	31.150100054923666	1243	1.0
17	2	cdf	4	89	73.65029958613479	1201	1.0
17	2	cdf	4	90	29.10044733527862	1743	1.0
17	2	cdf	4	91	28.78350335860557	668	1.0
17	2	cdf	4	92	41.00703365246962	934	1.0
17	2	cdf	5	93	30.262384407275597	810	1.0
17	2	cdf	5	94	23.17907588184864	818	1.0
17	2	cdf	5	95	29.93100145149176	1143	1.0
17	2	cdf	5	96	34.10740972903731	969	1.0
17	2	cdf	5	97	50.01975599637281	1693	1.0
17	2	cdf	5	98	22.719193100416714	1452	1.0
17	2	cdf	5	99	56.385496738171156	752	1.0
17	2	cdf	5	100	33.89425178621391	1134	1.0
17	2	cdf	5	101	23.676137900309165	1327	1.0
17	2	cdf	5	102	23.05288933781462	934	1.0
17	2	cdf	5	103	49.29386347111983	1226	1.0
17	2	cdf	5	104	63.54420087482806	1576	1.0
17	2	cdf	5	105	59.73790674371805	1234	1.0
17	2	cdf	5	106	104.20260455920086	1468	0.9782016348773842
17	2	cdf	5	107	27.54496888284316	1528	1.0
17	2	cdf	5	108	23.367408919519306	1034	1.0
17	2	cdf	5	109	84.98997078171836	934	0.9710920770877944
17	2	cdf	5	110	29.091869082744008	1168	1.0
17	2	cdf	5	111	27.353928799818696	1059	1.0
17	2	cdf	5	112	31.742916362060846	1243	1.0
17	2	cdf	5	113	31.054961248002193	1268	1.0
17	2	cdf	5	114	24.762965518651303	1460	1.0
17	2	cdf	5	115	13.867613226564979	625	1.0
17	2	cdf	6	116	29.573055379609062	1001	1.0
17	2	cdf	6	117	17.69838336675977	1335	1.0
17	2	cdf	6	118	42.14250635463936	867	1.0
17	2	cdf	6	119	48.560619469780164	1752	1.0
17	2	cdf	6	120	34.51767266036855	834	1.0
17	2	cdf	6	121	25.485275094938032	1243	1.0
17	2	cdf	6	122	25.12397519573063	1552	1.0
17	2	cdf	6	123	18.961021418420977	834	1.0
17	2	cdf	6	124	37.34931699721135	1034	1.0
17	2	cdf	6	125	87.1811834203608	1743	1.0
17	2	cdf	6	126	121.63978454301846	944	0.9353813559322034
17	2	cdf	6	127	43.35393628241844	909	1.0
17	2	cdf	6	128	39.45785414118467	942	1.0
17	2	cdf	6	129	26.24106615809937	1226	1.0
17	2	cdf	6	130	30.366114681183433	1202	1.0
17	2	cdf	6	131	27.083661130651652	1085	1.0
17	2	cdf	6	132	25.17683018005171	1176	1.0
17	2	cdf	6	133	14.48839331888093	1251	1.0
17	2	cdf	6	134	56.129953273028406	959	1.0
17	2	cdf	6	135	30.154287035214853	993	1.0
17	2	cdf	6	136	19.323936444179214	1343	1.0
17	2	cdf	6	137	53.89615364181552	1343	1.0
17	2	cdf	6	138	35.975183928578055	1660	1.0
17	2	cdf	7	139	118.05978655826175	1153	1.0
17	2	cdf	7	140	30.133501932303155	592	1.0
17	2	cdf	7	141	32.77174353414466	1043	1.0
17	2	cdf	7	142	26.385792056315136	1126	1.0
17	2	cdf	7	143	30.780733857591805	1051	1.0
17	2	cdf	7	144	30.48258650541209	909	1.0
17	2	cdf	7	145	30.80263544151821	1126	1.0
17	2	cdf	7	146	35.17575254512957	902	1.0
17	2	cdf	7	147	67.22809116087078	1535	0.9895765472312703
17	2	cdf	7	148	29.408120258836504	1043	1.0
17	2	cdf	7	149	40.33408056070248	1460	1.0
17	2	cdf	7	150	79.94801026557789	1126	1.0
17	2	cdf	7	151	24.679247369380764	651	1.0
17	2	cdf	7	152	26.75303816140789	1744	1.0
17	2	cdf	7	153	24.8718963626524	1318	1.0
17	2	cdf	7	154	23.97746629241804	1293	1.0
17	2	cdf	7	155	30.288942913571628	1126	1.0
17	2	cdf	7	156	45.85382237372544	760	1.0
17	2	cdf	7	157	53.73861772269998	1051	1.0
17	2	cdf	7	158	86.9117703339174	884	0.9140271493212669
17	2	cdf	7	159	48.1348724393733	1476	1.0
17	2	cdf	7	160	36.739308339371895	1343	1.0
17	2	cdf	7	161	23.234776939747466	985	1.0
17	2	cdf	8	162	40.73422954155489	1418	1.0
17	2	cdf	8	163	34.77909959342524	1268	1.0
17	2	cdf	8	164	30.561731439477693	926	1.0
17	2	cdf	8	165	40.819692020358445	592	1.0
17	2	cdf	8	166	59.20133156376398	1369	0.9685902118334551
17	2	cdf	8	167	35.985848486363636	417	1.0
17	2	cdf	8	168	22.12278920923585	634	1.0
17	2	cdf	8	169	12.704842159983478	775	1.0
17	2	cdf	8	170	23.657264933958377	793	1.0
17	2	cdf	8	171	31.54263925879705	1368	1.0
17	2	cdf	8	172	35.41968928185335	867	1.0
17	2	cdf	8	173	29.290950163371672	635	1.0
17	2	cdf	8	174	43.93756563034938	1109	1.0
17	2	cdf	8	175	35.051193231053055	433	1.0
17	2	cdf	8	176	24.800097838081403	717	1.0
17	2	cdf	8	177	27.6927237544888	868	1.0
17	2	cdf	8	178	39.58460161851235	684	1.0
17	2	cdf	8	179	32.098203575308474	842	1.0
17	2	cdf	8	180	63.921689441062064	926	1.0
17	2	cdf	8	181	25.57568310542712	1201	1.0
17	2	cdf	8	182	38.07162344144915	826	1.0
17	2	cdf	8	183	20.537379943966606	1160	1.0
17	2	cdf	8	184	60.579410500906945	834	1.0
18	1	cdf	1	1	48.701893609796414	1751	0.9725870930896631
18	1	cdf	1	2	18.316985962583974	1527	1.0
18	1	cdf	1	3	37.64863519126595	1559	1.0
18	1	cdf	1	4	29.517945681480427	1676	1.0
18	1	cdf	1	5	31.18821127044993	1477	1.0
18	1	cdf	1	6	57.726333456902395	1752	1.0
18	1	cdf	1	7	71.49805055626213	1168	0.9922945205479452
18	1	cdf	1	8	36.91244908690587	1677	1.0
18	1	cdf	1	9	37.92119991065358	1210	1.0
18	1	cdf	1	10	33.13450167730646	1009	1.0
18	1	cdf	1	11	18.289868253962258	1461	1.0
18	1	cdf	1	12	56.50926150717303	1343	1.0
18	1	cdf	1	13	44.98099913553315	1501	0.960692871419054
18	1	cdf	1	14	73.85829325869791	1460	1.0
18	1	cdf	1	15	31.917032264123453	1534	1.0
18	1	cdf	1	16	23.045552277569932	1526	1.0
18	1	cdf	1	17	31.42802708960038	1751	1.0
18	1	cdf	1	18	23.91294449774533	1527	1.0
18	1	cdf	1	19	21.91577682829695	1042	1.0
18	1	cdf	1	20	30.76957764708375	1209	1.0
18	1	cdf	1	21	30.357995024885263	1185	1.0
18	1	cdf	1	22	56.421172352962195	1735	1.0
18	1	cdf	1	23	35.90281965139981	1560	1.0
18	1	cdf	2	24	43.11804274438869	1135	1.0
18	1	cdf	2	25	34.46160164973306	1268	1.0
18	1	cdf	2	26	62.353180502235645	1752	0.9800228310502284
18	1	cdf	2	27	20.262694700312522	976	1.0
18	1	cdf	2	28	34.82552382505186	1359	1.0
18	1	cdf	2	29	67.01000993714305	1167	1.0
18	1	cdf	2	30	27.913359901866098	1109	1.0
18	1	cdf	2	31	15.215373048409122	1010	1.0
18	1	cdf	2	32	76.85495248537435	1067	1.0
18	1	cdf	2	33	22.354254840474994	951	1.0
18	1	cdf	2	34	25.618121278327912	1193	1.0
18	1	cdf	2	35	25.177390116899247	1259	1.0
18	1	cdf	2	36	31.98226703255305	1035	1.0
18	1	cdf	2	37	32.03522604157553	892	1.0
18	1	cdf	2	38	34.277406767508296	1126	1.0
18	1	cdf	2	39	30.4724651035195	1243	1.0
18	1	cdf	2	40	38.827124199780094	1160	1.0
18	1	cdf	2	41	34.725066716334645	843	1.0
18	1	cdf	2	42	49.81804111419424	1093	1.0
18	1	cdf	2	43	28.40365569270938	1310	1.0
18	1	cdf	2	44	33.82310500370115	926	1.0
18	1	cdf	2	45	44.363202866668196	809	1.0
18	1	cdf	2	46	37.23458408651711	1302	1.0
18	1	cdf	3	47	53.34624209019811	860	1.0
18	1	cdf	3	48	36.309430195610325	1252	1.0
18	1	cdf	3	49	41.85324467013551	967	1.0
18	1	cdf	3	50	32.03568134466142	1001	1.0
18	1	cdf	3	51	60.20264027766585	1401	0.9857244825124911
18	1	cdf	3	52	35.553667816381406	951	1.0
18	1	cdf	3	53	54.92484165592621	1059	1.0
18	1	cdf	3	54	64.05945774629859	1377	1.0
18	1	cdf	3	55	43.14040719296304	1226	1.0
18	1	cdf	3	56	33.615791361755015	1142	1.0
18	1	cdf	3	57	35.896870657881486	901	1.0
18	1	cdf	3	58	62.587153672595655	1151	1.0
18	1	cdf	3	59	33.88815985433834	909	1.0
18	1	cdf	3	60	29.150704927683236	1126	1.0
18	1	cdf	3	61	74.77079759854637	1309	1.0
18	1	cdf	3	62	74.34009214065595	1343	1.0
18	1	cdf	3	63	49.4323929255328	892	1.0
18	1	cdf	3	64	45.3017768657508	1326	1.0
18	1	cdf	3	65	67.78091721119473	1243	1.0
18	1	cdf	3	66	62.67677261622435	1051	1.0
18	1	cdf	3	67	62.617792922734644	1218	1.0
18	1	cdf	3	68	61.553305682672736	1393	1.0
18	1	cdf	3	69	54.475646038241976	1477	1.0
18	1	cdf	4	70	31.54429432739366	1176	1.0
18	1	cdf	4	71	36.68431839452114	1101	1.0
18	1	cdf	4	72	27.4781381362082	1251	1.0
18	1	cdf	4	73	69.56153555233887	1093	1.0
18	1	cdf	4	74	42.73629330919701	935	1.0
18	1	cdf	4	75	46.0631407105551	885	1.0
18	1	cdf	4	76	40.006566934340746	801	1.0
18	1	cdf	4	77	40.29349344444799	1109	1.0
18	1	cdf	4	78	45.29589569385448	1268	1.0
18	1	cdf	4	79	34.690636609656146	1251	1.0
18	1	cdf	4	80	33.4700000741646	884	1.0
18	1	cdf	4	81	41.392544947919276	1452	1.0
18	1	cdf	4	82	40.238358962195846	1001	1.0
18	1	cdf	4	83	61.88604907287787	1118	1.0
18	1	cdf	4	84	61.538204033609254	1209	1.0
18	1	cdf	4	85	42.55214554555367	1184	1.0
18	1	cdf	4	86	30.489536524634484	1051	1.0
18	1	cdf	4	87	41.24742945905404	942	1.0
18	1	cdf	4	88	34.86824622242107	1051	1.0
18	1	cdf	4	89	58.83511033629508	1009	1.0
18	1	cdf	4	90	34.466115271276955	809	1.0
18	1	cdf	4	91	66.92723296028018	1135	1.0
18	1	cdf	4	92	41.59300444925426	1084	1.0
18	1	cdf	5	93	31.813566503883923	1060	1.0
18	1	cdf	5	94	56.247245289374895	1069	0.9925163704396632
18	1	cdf	5	95	25.02362917212678	1160	1.0
18	1	cdf	5	96	49.65007084220229	1118	1.0
18	1	cdf	5	97	28.453796143831028	1276	1.0
18	1	cdf	5	98	71.10297695064277	1176	1.0
18	1	cdf	5	99	39.021834896147496	1018	1.0
18	1	cdf	5	100	88.20078532335957	1751	1.0
18	1	cdf	5	101	41.84087004134561	835	0.9532934131736527
18	1	cdf	5	102	30.167444814569972	659	1.0
18	1	cdf	5	103	48.76893310636735	900	1.0
18	1	cdf	5	104	25.248873429382733	768	1.0
18	1	cdf	5	105	103.35355149311945	1310	1.0
18	1	cdf	5	106	81.49242318392088	1201	1.0
18	1	cdf	5	107	28.663833110128742	643	1.0
18	1	cdf	5	108	56.508577797717614	1143	1.0
18	1	cdf	5	109	45.15975286186121	1076	1.0
18	1	cdf	5	110	47.71945094765882	992	1.0
18	1	cdf	5	111	33.85006106471237	1176	1.0
18	1	cdf	5	112	44.04495929158502	934	1.0
18	1	cdf	5	113	45.582793583945026	985	1.0
18	1	cdf	5	114	31.347015420972493	1226	1.0
18	1	cdf	5	115	44.75417925258403	809	1.0
18	1	cdf	6	116	35.341054653562935	875	1.0
18	1	cdf	6	117	43.93947055053601	801	1.0
18	1	cdf	6	118	38.94471583290259	967	1.0
18	1	cdf	6	119	42.50002276258921	793	1.0
18	1	cdf	6	120	72.8502205868684	1309	1.0
18	1	cdf	6	121	65.23820319779202	1151	0.945264986967854
18	1	cdf	6	122	68.07545270305106	1343	1.0
18	1	cdf	6	123	128.4595778419661	1301	0.9746348962336664
18	1	cdf	6	124	61.78896209546921	1159	1.0
18	1	cdf	6	125	50.74132026079526	942	1.0
18	1	cdf	6	126	42.375456696059906	1143	1.0
18	1	cdf	6	127	35.41161805941093	1217	1.0
18	1	cdf	6	128	48.568226872094975	1076	1.0
18	1	cdf	6	129	42.16966095524805	801	1.0
18	1	cdf	6	130	72.0062287899275	1126	1.0
18	1	cdf	6	131	44.071910553075845	1218	1.0
18	1	cdf	6	132	23.78842865428849	1151	1.0
18	1	cdf	6	133	22.886034618094346	692	1.0
18	1	cdf	6	134	49.72121406412859	1176	1.0
18	1	cdf	6	135	35.896211781832285	718	1.0
18	1	cdf	6	136	67.3173117401115	1318	1.0
18	1	cdf	6	137	57.58945141818069	1101	1.0
18	1	cdf	6	138	46.505519571277475	859	1.0
18	1	cdf	7	139	48.239071171363996	784	1.0
18	1	cdf	7	140	61.606568919522054	1126	1.0
18	1	cdf	7	141	78.79243768603123	1018	1.0
18	1	cdf	7	142	51.38626428829787	934	1.0
18	1	cdf	7	143	21.159618658172334	559	1.0
18	1	cdf	7	144	51.79426448980952	934	0.9443254817987152
18	1	cdf	7	145	55.393653808190535	1135	1.0
18	1	cdf	7	146	151.9664253881284	976	0.9713114754098361
18	1	cdf	7	147	56.57988900724172	943	1.0
18	1	cdf	7	148	82.71909109176232	1193	1.0
18	1	cdf	7	149	103.49309048454411	1301	0.962336664104535
18	1	cdf	7	150	58.55785813049086	1084	1.0
18	1	cdf	7	151	50.39869633352138	1234	1.0
18	1	cdf	7	152	134.49796949409674	1084	0.9575645756457565
18	1	cdf	7	153	40.93994205090644	1159	1.0
18	1	cdf	7	154	55.02821119075915	1260	0.9015873015873016
18	1	cdf	7	155	87.53143475418497	1334	0.9242878560719641
18	1	cdf	7	156	67.41890347952307	1018	1.0
18	1	cdf	7	157	73.71953311362498	1535	1.0
18	1	cdf	7	158	48.190154181966825	684	1.0
18	1	cdf	7	159	66.54413524393144	976	1.0
18	1	cdf	7	160	245.03141018403448	910	0.9362637362637363
18	1	cdf	7	161	52.2222381572999	851	1.0
18	1	cdf	9	185	39.36524478279694	1284	1.0
18	1	cdf	9	186	46.54335231125335	1101	0.9445958219800181
18	1	cdf	9	187	71.55576428562144	1234	0.9546191247974068
18	1	cdf	9	188	54.21508938806558	892	0.9159192825112108
18	1	cdf	9	189	34.76916004855372	1284	1.0
18	1	cdf	9	190	28.62455564691408	1110	1.0
18	1	cdf	9	191	32.05756240029331	968	1.0
18	1	cdf	9	192	26.309678709388642	1209	1.0
18	1	cdf	9	193	69.78504470200733	1510	0.9615894039735099
18	1	cdf	9	194	35.688815441003165	1243	1.0
18	1	cdf	9	195	32.36984583754708	1059	1.0
18	1	cdf	9	196	27.49941352277878	1176	1.0
18	1	cdf	9	197	34.25169379695614	1260	1.0
18	1	cdf	9	198	30.840563633271167	1051	1.0
18	1	cdf	9	199	62.74540095595041	1060	0.970754716981132
18	1	cdf	9	200	35.95477197670867	717	1.0
18	1	cdf	9	201	49.59585739989014	1168	1.0
18	1	cdf	9	202	48.31846970425476	1026	1.0
18	1	cdf	9	203	34.49067396655188	1293	1.0
18	1	cdf	9	204	47.63277331077259	1310	1.0
18	1	cdf	9	205	57.99199583805972	1752	1.0
18	1	cdf	9	206	35.230727120463214	876	1.0
18	1	cdf	9	207	44.62315527329956	1093	1.0
18	2	inverse_cdf	1	1	52.089341942607064	1293	1.0
18	2	inverse_cdf	1	2	45.444174574876726	1201	1.0
18	2	inverse_cdf	1	3	23.144892561524085	1435	1.0
18	2	inverse_cdf	1	4	46.609833782718376	1418	1.0
18	2	inverse_cdf	1	5	43.771341971962904	1359	1.0
18	2	inverse_cdf	1	6	58.44788216023696	1426	0.9726507713884993
18	2	inverse_cdf	1	7	32.73265167308266	1485	1.0
18	2	inverse_cdf	1	8	60.20974219716889	1710	1.0
18	2	inverse_cdf	1	9	64.69075438528056	1518	0.9789196310935442
18	2	inverse_cdf	1	10	45.249115899727045	1693	1.0
18	2	inverse_cdf	1	11	82.29986310903351	1602	0.9756554307116105
18	2	inverse_cdf	1	12	63.2066215266504	1352	0.977810650887574
18	2	inverse_cdf	1	13	38.86205684316167	1260	1.0
18	2	inverse_cdf	1	14	57.60460767647222	1535	0.9837133550488599
18	2	inverse_cdf	1	15	32.17615582597528	1426	1.0
18	2	inverse_cdf	1	16	64.29449750858771	1493	0.9745478901540523
18	2	inverse_cdf	1	17	31.796584609809944	1485	1.0
18	2	inverse_cdf	1	18	35.1292287158342	1718	1.0
18	2	inverse_cdf	1	19	82.16764088413291	1751	0.9811536264991434
18	2	inverse_cdf	1	20	34.51719219488489	1426	1.0
18	2	inverse_cdf	1	21	33.908109319025954	1451	1.0
18	2	inverse_cdf	1	22	27.563679111214203	1751	1.0
18	2	inverse_cdf	1	23	28.08018949732977	1127	1.0
18	2	inverse_cdf	2	24	101.49016911397644	1126	0.9698046181172292
18	2	inverse_cdf	2	25	27.721139788571215	1410	1.0
18	2	inverse_cdf	2	26	36.97341798902144	784	1.0
18	2	inverse_cdf	2	27	23.860402527510846	1068	1.0
18	2	inverse_cdf	2	28	50.22109500047891	693	1.0
18	2	inverse_cdf	2	29	28.287807437081657	1251	1.0
18	2	inverse_cdf	2	30	29.176563182272712	1109	1.0
18	2	inverse_cdf	2	31	36.05618498825173	1260	1.0
18	2	inverse_cdf	2	32	17.90233602887556	892	1.0
18	2	inverse_cdf	2	33	92.12269408031882	860	1.0
18	2	inverse_cdf	2	34	39.717264107016675	1752	1.0
18	2	inverse_cdf	2	35	34.90163724171926	1151	1.0
18	2	inverse_cdf	2	36	37.835075190370944	1443	1.0
18	2	inverse_cdf	2	37	25.21522726776232	1226	1.0
18	2	inverse_cdf	2	38	118.95908430195539	1435	0.9700348432055749
18	2	inverse_cdf	2	39	25.849326899900884	775	1.0
18	2	inverse_cdf	2	40	20.760153313910845	1168	1.0
18	2	inverse_cdf	2	41	26.090636724133454	1060	1.0
18	2	inverse_cdf	2	42	26.554046336024378	1368	1.0
18	2	inverse_cdf	2	43	35.179906573580205	1335	1.0
18	2	inverse_cdf	2	44	28.47803942748029	1101	1.0
18	2	inverse_cdf	2	45	31.763165802311576	1176	1.0
18	2	inverse_cdf	2	46	37.351419672644184	1385	1.0
18	2	inverse_cdf	3	47	30.199622813727885	1226	1.0
18	2	inverse_cdf	3	48	178.43853299713845	1359	0.9698307579102281
18	2	inverse_cdf	3	49	29.603336277322764	1201	1.0
18	2	inverse_cdf	3	50	34.752001672586	817	1.0
18	2	inverse_cdf	3	51	34.36136579675396	1118	1.0
18	2	inverse_cdf	3	52	25.548442780254014	917	1.0
18	2	inverse_cdf	3	53	30.78454955452214	1218	1.0
18	2	inverse_cdf	3	54	38.48370076239294	1568	1.0
18	2	inverse_cdf	3	55	104.66697653625782	1610	0.9695652173913043
18	2	inverse_cdf	3	56	21.707642111107035	509	1.0
18	2	inverse_cdf	3	57	44.30467622990077	1618	1.0
18	2	inverse_cdf	3	58	20.61236982474206	968	1.0
18	2	inverse_cdf	3	59	25.04265257189249	942	1.0
18	2	inverse_cdf	3	60	43.313653081688635	1576	1.0
18	2	inverse_cdf	3	61	27.046377203267653	918	1.0
18	2	inverse_cdf	3	62	42.40783860076794	1268	1.0
18	2	inverse_cdf	3	63	29.692059391192707	1143	1.0
18	2	inverse_cdf	3	64	109.74953934744934	1201	0.9983347210657785
18	2	inverse_cdf	3	65	37.53147612683208	1401	1.0
18	2	inverse_cdf	3	66	45.76045231880535	1443	1.0
18	2	inverse_cdf	3	67	40.2556600908683	1393	1.0
18	2	inverse_cdf	3	68	19.51309494386536	943	1.0
18	2	inverse_cdf	3	69	36.934238844140154	1302	1.0
18	2	inverse_cdf	4	70	32.00212309913072	985	1.0
18	2	inverse_cdf	4	71	24.669975409810537	1234	1.0
18	2	inverse_cdf	4	72	39.08935632620092	1209	1.0
18	2	inverse_cdf	4	73	29.162803776851696	1610	1.0
18	2	inverse_cdf	4	74	25.8247337289291	1268	1.0
18	2	inverse_cdf	4	75	29.3020544419342	1126	1.0
18	2	inverse_cdf	4	76	28.343414594540967	1276	1.0
18	2	inverse_cdf	4	77	37.392197766178725	1410	1.0
18	2	inverse_cdf	4	78	45.09362883537428	1193	1.0
18	2	inverse_cdf	4	79	25.294771744142757	1184	1.0
18	2	inverse_cdf	4	80	87.28611318004106	1476	0.9708672086720868
18	2	inverse_cdf	4	81	80.09633665312306	1368	0.9634502923976608
18	2	inverse_cdf	4	82	28.71594312101094	1209	1.0
18	2	inverse_cdf	4	83	27.286601256060237	1402	1.0
18	2	inverse_cdf	4	84	35.43961837924803	1293	1.0
18	2	inverse_cdf	4	85	117.40748089263488	1334	1.0
18	2	inverse_cdf	4	86	85.87771218030483	917	1.0
18	2	inverse_cdf	4	87	33.50670718619078	559	1.0
18	2	inverse_cdf	4	88	29.208256617788123	1418	1.0
18	2	inverse_cdf	4	89	30.168454418763776	1093	1.0
18	2	inverse_cdf	4	90	54.35455058392598	1402	1.0
18	2	inverse_cdf	4	91	34.26531038017056	1518	1.0
18	2	inverse_cdf	4	92	26.425192802515657	1117	1.0
18	2	inverse_cdf	5	93	41.198693963939625	1268	1.0
18	2	inverse_cdf	5	94	41.02946215191932	1085	1.0
18	2	inverse_cdf	5	95	30.212004674792254	1177	1.0
18	2	inverse_cdf	5	96	79.6449403541379	1343	0.9702159344750558
18	2	inverse_cdf	5	97	24.187302451682843	1218	1.0
18	2	inverse_cdf	5	98	78.49774594170115	1485	0.9663299663299664
18	2	inverse_cdf	5	99	21.958480175244052	985	1.0
18	2	inverse_cdf	5	100	21.462056411783035	1426	1.0
18	2	inverse_cdf	5	101	28.573639232182984	884	1.0
18	2	inverse_cdf	5	102	36.928899325822826	1234	1.0
18	2	inverse_cdf	5	103	24.349572211875664	1118	1.0
18	2	inverse_cdf	5	104	92.56941810807153	1260	0.9658730158730159
18	2	inverse_cdf	5	105	29.57663441067763	1243	1.0
18	2	inverse_cdf	5	106	24.383733760322293	1235	1.0
18	2	inverse_cdf	5	107	17.72578101390821	1234	1.0
18	2	inverse_cdf	5	108	20.42939321353898	1259	1.0
18	2	inverse_cdf	5	109	20.33643552001233	1101	1.0
18	2	inverse_cdf	5	110	40.348254473443795	1268	1.0
18	2	inverse_cdf	5	111	32.40509580831827	692	1.0
18	2	inverse_cdf	5	112	33.49820431152738	1060	1.0
18	2	inverse_cdf	5	113	28.12808547951791	1368	1.0
18	2	inverse_cdf	5	114	41.46319637228884	1034	1.0
18	2	inverse_cdf	5	115	24.639822397130157	985	1.0
18	2	inverse_cdf	6	116	27.151126969184773	1268	1.0
18	2	inverse_cdf	6	117	40.96780509904355	1243	1.0
18	2	inverse_cdf	6	118	22.458339560225113	1010	1.0
18	2	inverse_cdf	6	119	27.79920451718325	1417	1.0
18	2	inverse_cdf	6	120	88.1488721730785	1277	0.975724353954581
18	2	inverse_cdf	6	121	40.43307634512557	917	1.0
18	2	inverse_cdf	6	122	29.875886120305076	1535	1.0
18	2	inverse_cdf	6	123	26.460879371789954	1159	1.0
18	2	inverse_cdf	6	124	60.84301668117729	1284	0.9898753894080997
18	2	inverse_cdf	6	125	36.05403064000605	1034	1.0
18	2	inverse_cdf	6	126	23.36030145274666	951	1.0
18	2	inverse_cdf	6	127	27.921291015601117	1393	1.0
18	2	inverse_cdf	6	128	31.477960300181614	1368	1.0
18	2	inverse_cdf	6	129	30.079577379669974	1384	1.0
18	2	inverse_cdf	6	130	39.36269495740213	1752	1.0
18	2	inverse_cdf	6	131	35.3989012365851	584	1.0
18	2	inverse_cdf	6	132	32.25424256414403	1126	1.0
18	2	inverse_cdf	6	133	26.818154059799706	1060	1.0
18	2	inverse_cdf	6	134	24.365592890005292	1536	1.0
18	2	inverse_cdf	6	135	95.70400337703484	1268	0.9629337539432177
18	2	inverse_cdf	6	136	22.05067100869923	1068	1.0
18	2	inverse_cdf	6	137	29.73324080389392	1193	1.0
18	2	inverse_cdf	6	138	27.4066683863437	1426	1.0
18	2	inverse_cdf	7	139	85.26235673577769	1285	0.9642023346303502
18	2	inverse_cdf	7	140	52.9873208037542	1301	1.0
18	2	inverse_cdf	7	141	26.56214816796338	943	1.0
18	2	inverse_cdf	7	142	27.135072608916886	1243	1.0
18	2	inverse_cdf	7	143	36.206621563031824	1518	1.0
18	2	inverse_cdf	7	144	18.687397452413524	559	1.0
18	2	inverse_cdf	7	145	75.77476459668604	1493	0.9758874748827864
18	2	inverse_cdf	7	146	25.427212484129903	1110	1.0
18	2	inverse_cdf	7	147	48.2007084964999	1443	1.0
18	2	inverse_cdf	7	148	26.12611760426167	1301	1.0
18	2	inverse_cdf	7	149	33.56259578672845	1309	1.0
18	2	inverse_cdf	7	150	35.58732430227493	1343	1.0
18	2	inverse_cdf	7	151	52.564660658744806	1418	1.0
18	2	inverse_cdf	7	152	31.814483718634925	1443	1.0
18	2	inverse_cdf	7	153	21.50561799441546	1167	1.0
18	2	inverse_cdf	7	154	22.059719561659765	1243	1.0
18	2	inverse_cdf	7	155	14.06830321368644	1001	1.0
18	2	inverse_cdf	7	156	27.827138429836708	1076	1.0
18	2	inverse_cdf	7	157	33.99976771372862	1285	1.0
18	2	inverse_cdf	7	158	31.08735130559222	1427	1.0
18	2	inverse_cdf	7	159	19.944477398245617	1168	1.0
18	2	inverse_cdf	7	160	29.824801403790865	1059	1.0
18	2	inverse_cdf	7	161	34.35321703404252	1335	1.0
18	2	inverse_cdf	8	162	33.9303906375426	1343	1.0
18	2	inverse_cdf	8	163	42.229679069671384	1434	1.0
18	2	inverse_cdf	8	164	26.087234958208423	1117	1.0
18	2	inverse_cdf	8	165	26.131854520234516	926	1.0
18	2	inverse_cdf	8	166	31.421436068946093	1068	1.0
18	2	inverse_cdf	8	167	30.501532256138645	1543	1.0
18	2	inverse_cdf	8	168	38.912847453457964	1326	1.0
18	2	inverse_cdf	8	169	44.92875788485762	1210	1.0
18	2	inverse_cdf	8	170	40.54547793249574	1452	1.0
18	2	inverse_cdf	8	171	26.302736415375282	1752	1.0
18	2	inverse_cdf	8	172	25.64512796243828	760	1.0
18	2	inverse_cdf	8	173	43.2537371800161	1151	1.0
18	2	inverse_cdf	8	174	40.869035250365094	1468	1.0
18	2	inverse_cdf	8	175	28.107538611560216	1076	1.0
18	2	inverse_cdf	8	176	45.77308541696959	1118	1.0
18	2	inverse_cdf	8	177	86.44974402307183	1268	0.9534700315457413
18	2	inverse_cdf	8	178	36.08812564355711	1326	1.0
18	2	inverse_cdf	8	179	24.91295193661411	1076	1.0
18	2	inverse_cdf	8	180	40.2270398671831	1393	1.0
18	2	inverse_cdf	8	181	27.104879182675685	1051	1.0
18	2	inverse_cdf	8	182	27.087466221972193	943	1.0
18	2	inverse_cdf	8	183	67.035768845963	976	1.0
18	2	inverse_cdf	8	184	87.91633811633874	1277	1.0
19	1	inverse_cdf	1	1	87.52116285074688	1519	1.0
19	1	inverse_cdf	1	2	25.066180576701683	1752	1.0
19	1	inverse_cdf	1	3	13.504126881312681	1076	1.0
19	1	inverse_cdf	1	4	25.268311093445593	1010	1.0
19	1	inverse_cdf	1	5	25.252679642269786	1292	1.0
19	1	inverse_cdf	1	6	41.801304827801694	1159	1.0
19	1	inverse_cdf	1	7	23.818329802177498	785	1.0
19	1	inverse_cdf	1	8	115.14503819965078	1109	1.0
19	1	inverse_cdf	1	9	18.80462392945762	1276	1.0
19	1	inverse_cdf	1	10	25.614031814896478	667	1.0
19	1	inverse_cdf	1	11	30.61846172252005	1302	1.0
19	1	inverse_cdf	1	12	22.687379323082965	1376	1.0
19	1	inverse_cdf	1	13	16.42640915878163	1585	1.0
19	1	inverse_cdf	1	14	28.97728588975215	1235	1.0
19	1	inverse_cdf	1	15	20.533050569616325	1243	1.0
19	1	inverse_cdf	1	16	18.407748400137734	1295	1.0
19	1	inverse_cdf	1	17	34.91942163969886	1310	1.0
19	1	inverse_cdf	1	18	65.14130887382443	1502	1.0
19	1	inverse_cdf	1	19	23.77945667077099	1160	1.0
19	1	inverse_cdf	1	20	22.86814105799575	1359	1.0
19	1	inverse_cdf	1	21	19.76727039606802	1209	1.0
19	1	inverse_cdf	1	22	48.33610121991792	1244	1.0
19	1	inverse_cdf	1	23	33.56547525872047	726	1.0
19	1	inverse_cdf	2	24	16.07985407679834	1218	1.0
19	1	inverse_cdf	2	25	45.64601082027244	1067	1.0
19	1	inverse_cdf	2	26	27.384907290723074	985	1.0
19	1	inverse_cdf	2	27	33.68849647018565	1477	1.0
19	1	inverse_cdf	2	28	12.808796031154024	876	1.0
19	1	inverse_cdf	2	29	42.46749153488408	1685	1.0
19	1	inverse_cdf	2	30	131.57048414607664	1301	1.0
19	1	inverse_cdf	2	31	24.33109547870414	1160	1.0
19	1	inverse_cdf	2	32	27.673067594969627	1168	1.0
19	1	inverse_cdf	2	33	42.82513717554014	1343	1.0
19	1	inverse_cdf	2	34	42.57490009339545	1711	1.0
19	1	inverse_cdf	2	35	51.36317691274015	1318	1.0
19	1	inverse_cdf	2	36	16.358631411050723	1101	1.0
19	1	inverse_cdf	2	37	45.295097845311155	1428	1.0
19	1	inverse_cdf	2	38	26.631815788850876	1268	1.0
19	1	inverse_cdf	2	39	52.19965709562608	1651	1.0
19	1	inverse_cdf	2	40	13.086741763086017	642	1.0
19	1	inverse_cdf	2	41	18.853746420810015	1460	1.0
19	1	inverse_cdf	2	42	80.915303412003	1602	1.0
19	1	inverse_cdf	2	43	37.757297627800725	1351	1.0
19	1	inverse_cdf	2	44	29.205444827083173	1752	1.0
19	1	inverse_cdf	2	45	21.08472629495429	1018	1.0
19	1	inverse_cdf	2	46	16.376630198082562	742	1.0
19	1	inverse_cdf	3	47	46.45814265066573	992	1.0
19	1	inverse_cdf	3	48	26.266214193870326	951	1.0
19	1	inverse_cdf	3	49	38.00244076629211	1069	1.0
19	1	inverse_cdf	3	50	28.7396160945376	1243	1.0
19	1	inverse_cdf	3	51	33.73153378558078	960	1.0
19	1	inverse_cdf	3	52	37.20102782114003	1068	1.0
19	1	inverse_cdf	3	53	19.03047216660296	926	1.0
19	1	inverse_cdf	3	54	25.66511531945883	1126	1.0
19	1	inverse_cdf	3	55	21.849354990745628	1251	1.0
19	1	inverse_cdf	3	56	22.862528497135802	1159	1.0
19	1	inverse_cdf	3	57	24.792510844087303	1335	1.0
19	1	inverse_cdf	3	58	23.50186153680304	809	1.0
19	1	inverse_cdf	3	59	31.896372565133753	942	1.0
19	1	inverse_cdf	3	60	21.492525931263092	1060	1.0
19	1	inverse_cdf	3	61	16.754903059011397	801	1.0
19	1	inverse_cdf	3	62	33.08557810392445	1568	1.0
19	1	inverse_cdf	3	63	25.77258883959211	1185	1.0
19	1	inverse_cdf	3	64	17.130785790531608	768	1.0
19	1	inverse_cdf	3	65	16.990191976574543	1043	1.0
19	1	inverse_cdf	3	66	13.582207347478608	1176	1.0
19	1	inverse_cdf	3	67	20.34289149175359	1685	1.0
19	1	inverse_cdf	3	68	22.001067112308704	1343	1.0
19	1	inverse_cdf	3	69	25.839615076639912	1126	1.0
19	1	inverse_cdf	4	70	25.473455430158985	1168	1.0
19	1	inverse_cdf	4	71	18.281754829297782	643	1.0
19	1	inverse_cdf	4	72	35.67041856907812	1401	1.0
19	1	inverse_cdf	4	73	25.288641264426513	1751	1.0
19	1	inverse_cdf	4	74	15.396094285992017	676	1.0
19	1	inverse_cdf	4	75	13.18071066010775	1293	1.0
19	1	inverse_cdf	4	76	26.64237863399276	1610	1.0
19	1	inverse_cdf	4	77	29.538537835959673	1069	1.0
19	1	inverse_cdf	4	78	17.496497324449333	1051	1.0
19	1	inverse_cdf	4	79	15.635781494681273	901	1.0
19	1	inverse_cdf	4	80	25.89785307366739	1126	1.0
19	1	inverse_cdf	4	81	98.26482071279375	934	1.0
19	1	inverse_cdf	4	82	29.01466913444952	1526	1.0
19	1	inverse_cdf	4	83	22.409789412321125	534	1.0
19	1	inverse_cdf	4	84	20.386809195745677	1092	1.0
19	1	inverse_cdf	4	85	19.75062304033039	1260	1.0
19	1	inverse_cdf	4	86	19.90192675047498	1360	1.0
19	1	inverse_cdf	4	87	30.76063709506525	1177	1.0
19	1	inverse_cdf	4	88	43.9875775566951	1651	1.0
19	1	inverse_cdf	4	89	25.79629767088871	1184	1.0
19	1	inverse_cdf	4	90	16.757959178404906	901	1.0
19	1	inverse_cdf	4	91	134.76627817502293	1401	0.9728765167737331
19	1	inverse_cdf	4	92	63.054476789415524	1210	1.0
19	1	inverse_cdf	5	93	21.85867042154173	843	1.0
19	1	inverse_cdf	5	94	13.658579579043469	834	1.0
19	1	inverse_cdf	5	95	20.723076359581224	1317	1.0
19	1	inverse_cdf	5	96	21.471850638583323	959	1.0
19	1	inverse_cdf	5	97	36.11287741114049	1218	1.0
19	1	inverse_cdf	5	98	23.91240913563349	1259	1.0
19	1	inverse_cdf	5	99	25.369113330861133	1685	1.0
19	1	inverse_cdf	5	100	21.06979465810677	701	1.0
19	1	inverse_cdf	5	101	38.74772217906228	1076	1.0
19	1	inverse_cdf	5	102	56.826240993451265	1143	1.0
19	1	inverse_cdf	5	103	15.32551273913996	859	1.0
19	1	inverse_cdf	5	104	23.98994404954475	1335	1.0
19	1	inverse_cdf	5	105	27.695996294071392	1185	1.0
19	1	inverse_cdf	5	106	42.01072805102471	1243	1.0
19	1	inverse_cdf	5	107	12.363034186513529	884	1.0
19	1	inverse_cdf	5	108	29.12865540996797	1410	1.0
19	1	inverse_cdf	5	109	32.17844176455754	627	1.0
19	1	inverse_cdf	5	110	27.390668130250884	1509	1.0
19	1	inverse_cdf	5	111	21.88963545899343	918	1.0
19	1	inverse_cdf	5	112	22.42949856645269	1353	1.0
19	1	inverse_cdf	5	113	22.48869203110454	1242	1.0
19	1	inverse_cdf	5	114	24.850678299572788	1193	1.0
19	1	inverse_cdf	5	115	19.067843039279687	761	1.0
19	1	inverse_cdf	6	116	48.79188811402178	1318	1.0
19	1	inverse_cdf	6	117	43.75978698474205	1000	1.0
19	1	inverse_cdf	6	118	32.49258836751684	1343	1.0
19	1	inverse_cdf	6	119	17.30964397605814	843	1.0
19	1	inverse_cdf	6	120	31.08721139466598	1226	1.0
19	1	inverse_cdf	6	121	50.23543093912852	1018	1.0
19	1	inverse_cdf	6	122	23.754510154693005	1552	1.0
19	1	inverse_cdf	6	123	20.11723961324266	984	1.0
19	1	inverse_cdf	6	124	27.735663491789193	1352	1.0
19	1	inverse_cdf	6	125	20.49270676333445	1026	1.0
19	1	inverse_cdf	6	126	65.0047799531303	1452	1.0
19	1	inverse_cdf	6	127	24.586029708211328	1201	1.0
19	1	inverse_cdf	6	128	69.36159979143618	1459	0.9835503769705277
19	1	inverse_cdf	6	129	19.99038800594105	1009	1.0
19	1	inverse_cdf	6	130	30.619256750574174	834	1.0
19	1	inverse_cdf	6	131	56.138557304278365	1035	1.0
19	1	inverse_cdf	6	132	46.03802392582884	1678	1.0
19	1	inverse_cdf	6	133	22.46135888823343	1435	1.0
19	1	inverse_cdf	6	134	27.994357912478044	884	1.0
19	1	inverse_cdf	6	135	23.297714038588502	959	1.0
19	1	inverse_cdf	6	136	103.2981542423409	868	0.9919354838709677
19	1	inverse_cdf	6	137	69.57763466327887	1752	1.0
19	1	inverse_cdf	6	138	30.671388630894935	934	1.0
19	1	inverse_cdf	7	139	25.77620554606772	1126	1.0
19	1	inverse_cdf	7	140	32.51733871472159	1060	1.0
19	1	inverse_cdf	7	141	27.267945804176268	1301	1.0
19	1	inverse_cdf	7	142	27.461781398694107	1176	1.0
19	1	inverse_cdf	7	143	21.625034181085656	701	1.0
19	1	inverse_cdf	7	144	32.52078339017176	1310	1.0
19	1	inverse_cdf	7	145	20.691556060180616	1310	1.0
19	1	inverse_cdf	7	146	19.925552922521483	910	1.0
19	1	inverse_cdf	7	147	27.427021696932975	1327	1.0
19	1	inverse_cdf	7	148	11.920242092579594	950	1.0
19	1	inverse_cdf	7	149	17.01259903766562	942	1.0
19	1	inverse_cdf	7	150	31.49542290787574	1053	1.0
19	1	inverse_cdf	7	151	30.127833276595	1101	1.0
19	1	inverse_cdf	7	152	37.27374122822057	1752	1.0
19	1	inverse_cdf	7	153	20.011951044725258	1412	1.0
19	1	inverse_cdf	7	154	29.61058232596066	1185	1.0
19	1	inverse_cdf	7	155	18.943634922617562	817	1.0
19	1	inverse_cdf	7	156	85.94059061311712	1285	0.932295719844358
19	1	inverse_cdf	7	157	20.81039031902215	1136	1.0
19	1	inverse_cdf	7	158	28.394616814996894	1301	1.0
19	1	inverse_cdf	7	159	35.376406531837574	1543	1.0
19	1	inverse_cdf	7	160	27.575529490616074	1344	1.0
19	1	inverse_cdf	7	161	32.0994475505309	1468	1.0
19	1	inverse_cdf	8	162	25.60191287852822	1469	1.0
19	1	inverse_cdf	8	163	21.56261914699892	1243	1.0
19	1	inverse_cdf	8	164	26.27722048972868	1651	1.0
19	1	inverse_cdf	8	165	27.013825359989024	1485	1.0
19	1	inverse_cdf	8	166	21.54097809916602	800	1.0
19	1	inverse_cdf	8	167	62.658410989660844	1493	1.0
19	1	inverse_cdf	8	168	19.495779982357593	1034	1.0
19	1	inverse_cdf	8	169	19.793581072041395	919	1.0
19	1	inverse_cdf	8	170	32.53867186859875	1477	1.0
19	1	inverse_cdf	8	171	35.311919848373755	1110	1.0
19	1	inverse_cdf	8	172	19.91699154118201	1652	1.0
19	1	inverse_cdf	8	173	22.298125826040163	634	1.0
19	1	inverse_cdf	8	174	30.664426246008073	1334	1.0
19	1	inverse_cdf	8	175	21.086994047048663	1043	1.0
19	1	inverse_cdf	8	176	23.51494251670409	1693	1.0
19	1	inverse_cdf	8	177	16.495036154806343	926	1.0
19	1	inverse_cdf	8	178	21.791398289625914	1202	1.0
19	1	inverse_cdf	8	179	24.18529015814027	1268	1.0
19	1	inverse_cdf	8	180	21.964692302154457	1451	1.0
19	1	inverse_cdf	8	181	24.707395540070234	1368	1.0
19	1	inverse_cdf	8	182	34.957930453226396	1501	1.0
19	1	inverse_cdf	8	183	20.409965680740896	1093	1.0
19	1	inverse_cdf	8	184	21.918600171903897	1301	1.0
19	2	cdf	1	1	30.68864241682831	1727	1.0
19	2	cdf	1	2	22.915596114949082	1368	1.0
19	2	cdf	1	3	31.883921958624228	1751	1.0
19	2	cdf	1	4	17.723964453514963	1309	1.0
19	2	cdf	1	5	7.355176511362194	759	1.0
19	2	cdf	1	6	15.186364410670919	784	1.0
19	2	cdf	1	7	13.057717548775248	676	1.0
19	2	cdf	1	8	32.27335611129865	1602	1.0
19	2	cdf	1	9	21.030848203242424	1126	1.0
19	2	cdf	1	10	11.376355150757163	1751	1.0
19	2	cdf	1	11	15.483818215561836	784	1.0
19	2	cdf	1	12	20.32857442073481	1177	1.0
19	2	cdf	1	13	11.320976984315859	985	1.0
19	2	cdf	1	14	23.384300698555943	901	1.0
19	2	cdf	1	15	19.667796815821763	1493	1.0
19	2	cdf	1	16	18.652097928848193	1226	1.0
19	2	cdf	1	17	24.18705795917071	1752	1.0
19	2	cdf	1	18	18.014413078362693	1026	1.0
19	2	cdf	1	19	15.119883612095272	1285	1.0
19	2	cdf	1	20	9.743153456623277	1059	1.0
19	2	cdf	1	21	14.150281610733943	1184	1.0
19	2	cdf	1	22	19.06446522629126	1410	1.0
19	2	cdf	1	23	14.914014530458529	792	1.0
19	2	cdf	2	24	22.51630474810183	1752	1.0
19	2	cdf	2	25	107.16570404181293	902	0.9667405764966741
19	2	cdf	2	26	8.172419590860985	1126	1.0
19	2	cdf	2	27	14.32788024631628	809	1.0
19	2	cdf	2	28	24.38084618041882	1503	1.0
19	2	cdf	2	29	16.19658467962577	960	1.0
19	2	cdf	2	30	24.925071786897078	1093	1.0
19	2	cdf	2	31	20.05212970788347	1109	1.0
19	2	cdf	2	32	22.700145513122344	709	1.0
19	2	cdf	2	33	30.828668624458782	1226	1.0
19	2	cdf	2	34	34.45170912730532	1060	1.0
19	2	cdf	2	35	27.18875311253916	1677	1.0
19	2	cdf	2	36	25.85228747778718	1752	1.0
19	2	cdf	2	37	24.03330465669783	1393	1.0
19	2	cdf	2	38	16.316771978790403	1626	1.0
19	2	cdf	2	39	18.953443011640786	1018	1.0
19	2	cdf	2	40	28.596776631222745	984	1.0
19	2	cdf	2	41	28.281367733981668	1343	1.0
19	2	cdf	2	42	16.345672899247432	1318	1.0
19	2	cdf	2	43	15.136283986733764	1001	1.0
19	2	cdf	2	44	25.764796808261277	1418	1.0
19	2	cdf	2	45	16.207988255610243	768	1.0
19	2	cdf	2	46	12.36721231654775	1201	1.0
19	2	cdf	3	47	18.72459668958154	1152	1.0
19	2	cdf	3	48	11.88659204271948	1143	1.0
19	2	cdf	3	49	10.211579267227963	817	1.0
19	2	cdf	3	50	26.67438526172759	927	1.0
19	2	cdf	3	51	18.71467156466456	1218	1.0
19	2	cdf	3	52	24.69790304492606	650	1.0
19	2	cdf	3	53	42.32078877318056	1669	1.0
19	2	cdf	3	54	19.250232223774383	1752	1.0
19	2	cdf	3	55	24.954157244102134	1385	1.0
19	2	cdf	3	56	18.93095597834984	851	1.0
19	2	cdf	3	57	36.285964356495526	1301	1.0
19	2	cdf	3	58	47.836972287106654	951	0.9779179810725552
19	2	cdf	3	59	29.154118479943183	1752	1.0
19	2	cdf	3	60	45.681722164475644	1259	1.0
19	2	cdf	3	61	26.49702164961215	1536	1.0
19	2	cdf	3	62	34.158461235866525	1235	1.0
19	2	cdf	3	63	33.11057319186266	1143	1.0
19	2	cdf	3	64	20.4190443882193	659	1.0
19	2	cdf	3	65	81.74231642616151	1318	1.0
19	2	cdf	3	66	43.27194435211364	1635	1.0
19	2	cdf	3	67	23.911955906993168	1485	1.0
19	2	cdf	3	68	34.793299175759515	1752	1.0
19	2	cdf	3	69	23.241880777411758	1101	1.0
19	2	cdf	4	70	26.379941462174234	1510	1.0
19	2	cdf	4	71	30.06586261537155	1385	1.0
19	2	cdf	4	72	125.01082627455898	1751	0.981724728726442
19	2	cdf	4	73	20.86838357409042	919	1.0
19	2	cdf	4	74	15.534601174328095	1752	1.0
19	2	cdf	4	75	21.061996392046062	809	1.0
19	2	cdf	4	76	19.81616565285418	1035	1.0
19	2	cdf	4	77	154.15289733289111	1384	0.9689306358381503
19	2	cdf	4	78	12.422003039558911	1001	1.0
19	2	cdf	4	79	36.05252713216168	1610	1.0
19	2	cdf	4	80	24.853635931248938	1410	1.0
19	2	cdf	4	81	79.2757664500953	1401	0.9243397573162027
19	2	cdf	4	82	42.5046736374806	984	0.9959349593495935
19	2	cdf	4	83	18.741933177505565	1318	1.0
19	2	cdf	4	84	27.382423632054653	876	1.0
19	2	cdf	4	85	172.37369353007304	1143	0.9877515310586177
19	2	cdf	4	86	34.62517771273574	1535	1.0
19	2	cdf	4	87	94.72879833494079	1185	0.9552742616033755
19	2	cdf	4	88	92.8017688444219	976	0.930327868852459
19	2	cdf	4	89	34.00997605665345	993	1.0
19	2	cdf	4	90	27.497262215951103	1602	1.0
19	2	cdf	4	91	174.4265334632754	968	1.0
19	2	cdf	4	92	153.47566585256547	809	0.934487021013597
19	2	cdf	5	93	33.20862342328584	892	1.0
19	2	cdf	5	94	36.346386583535995	1160	1.0
19	2	cdf	5	95	40.715160575759185	543	1.0
19	2	cdf	5	96	25.180483103803372	1385	1.0
19	2	cdf	5	97	100.7226149019526	1518	0.9631093544137023
19	2	cdf	5	98	225.3989126819984	784	0.9400510204081632
19	2	cdf	5	99	29.011947956310586	1476	1.0
19	2	cdf	5	100	77.94485680925084	886	0.9322799097065463
19	2	cdf	5	101	22.33662125082022	1751	1.0
19	2	cdf	5	102	18.39174913430863	1326	1.0
19	2	cdf	5	103	23.238423215487725	1269	1.0
19	2	cdf	5	104	18.472028547048698	1402	1.0
19	2	cdf	5	105	19.143147794157855	1510	1.0
19	2	cdf	5	106	16.754279912838523	1494	1.0
19	2	cdf	5	107	18.755705897597878	1242	1.0
19	2	cdf	5	108	17.600663507769138	1426	1.0
19	2	cdf	5	109	25.142584324219218	1751	1.0
19	2	cdf	5	110	74.74805358432313	1176	0.9608843537414966
19	2	cdf	5	111	14.570429111411757	1135	1.0
19	2	cdf	5	112	29.11661375143242	1001	1.0
19	2	cdf	5	113	64.73276939314503	1752	0.8812785388127854
19	2	cdf	5	114	11.164462277036314	976	1.0
19	2	cdf	5	115	28.94690645226964	1301	1.0
19	2	cdf	6	116	22.315386316276594	826	1.0
19	2	cdf	6	117	108.56987740186088	1168	0.9606164383561644
19	2	cdf	6	118	17.405449433794534	1203	1.0
19	2	cdf	6	119	19.9168827044304	1159	1.0
19	2	cdf	6	120	20.579295604274904	876	1.0
19	2	cdf	6	121	109.9592197621827	1302	0.967741935483871
19	2	cdf	6	122	122.76906236353885	934	0.9518201284796574
19	2	cdf	6	123	86.31523244189994	1251	0.9672262190247801
19	2	cdf	6	124	32.05118028214951	1527	1.0
19	2	cdf	6	125	36.79642791935668	1601	1.0
19	2	cdf	6	126	39.23139314479416	1534	1.0
19	2	cdf	6	127	87.72509102944595	926	0.927645788336933
19	2	cdf	6	128	113.64411485930647	926	0.9481641468682506
19	2	cdf	6	129	87.37481081546932	1035	0.9294685990338164
19	2	cdf	6	130	104.76771350369759	1660	1.0
19	2	cdf	6	131	27.589631369899102	1185	1.0
19	2	cdf	6	132	13.123863744421495	992	1.0
19	2	cdf	6	133	31.006598483494017	1294	1.0
19	2	cdf	6	134	15.129427814686297	1401	1.0
19	2	cdf	6	135	66.59645928224663	1110	0.9513513513513514
19	2	cdf	6	136	76.1704311108407	1369	0.9466764061358656
19	2	cdf	6	137	33.11393857101166	1752	1.0
19	2	cdf	6	138	28.88836296351284	1168	1.0
19	2	cdf	7	139	28.492705400838716	817	1.0
19	2	cdf	7	140	25.928566731900453	1167	1.0
19	2	cdf	7	141	17.300206982738036	1635	1.0
19	2	cdf	7	142	14.341283572893763	1109	1.0
19	2	cdf	7	143	16.137003056166407	1176	1.0
19	2	cdf	7	144	20.36581769195965	1635	1.0
19	2	cdf	7	145	68.14516702742337	793	0.9432534678436317
19	2	cdf	7	146	29.357606330077044	642	1.0
19	2	cdf	7	147	95.89745011592775	1560	1.0
19	2	cdf	7	148	37.45565182323958	1228	1.0
19	2	cdf	7	149	78.96315516137852	1110	0.9369369369369369
19	2	cdf	7	150	65.67397817177721	1084	0.9833948339483395
19	2	cdf	7	151	153.180346731749	1018	0.9734774066797642
19	2	cdf	7	152	53.6145539486364	1551	1.0
19	2	cdf	7	153	50.225789593843515	1385	1.0
19	2	cdf	7	154	86.2799398901313	1276	0.9537617554858934
19	2	cdf	7	155	169.46178593939436	1235	0.965991902834008
19	2	cdf	7	156	74.62656184023209	1251	0.9616306954436451
19	2	cdf	7	157	108.96417305695323	1185	0.9713080168776371
19	2	cdf	7	158	131.0371822329425	1101	0.9518619436875567
19	2	cdf	7	159	24.465711054595875	1493	1.0
19	2	cdf	7	160	12.672591778217686	1084	1.0
19	2	cdf	7	161	91.99945983254412	1268	0.9747634069400631
19	2	cdf	8	162	46.38582366926459	809	1.0
19	2	cdf	8	163	13.730027704754134	742	1.0
19	2	cdf	8	164	129.70246949374842	976	0.9795081967213115
19	2	cdf	8	165	86.07550424955922	910	0.9274725274725275
19	2	cdf	8	166	50.80062777835512	1460	1.0
19	2	cdf	8	167	31.492310172426322	1678	1.0
19	2	cdf	8	168	82.01542099085172	1151	0.9417897480451781
19	2	cdf	8	169	21.40454941831097	1569	1.0
19	2	cdf	8	170	22.80042383918491	1468	1.0
19	2	cdf	8	171	94.5982325392925	1602	0.9344569288389513
19	2	cdf	8	172	25.42772735453187	1577	1.0
19	2	cdf	8	173	26.29557637420237	684	1.0
19	2	cdf	8	174	47.501368920545765	1669	1.0
19	2	cdf	8	175	28.00963483729713	1635	1.0
19	2	cdf	8	176	92.43178969718196	1151	0.9183318853171155
19	2	cdf	8	177	35.201521454555305	1160	1.0
19	2	cdf	8	178	202.8706205024385	1385	0.9884476534296028
19	2	cdf	8	179	27.849431851449317	1109	1.0
19	2	cdf	8	180	113.31831259264793	909	0.9174917491749175
19	2	cdf	8	181	79.53121342282603	1360	0.9463235294117647
19	2	cdf	8	182	94.0484488045217	1000	0.923
19	2	cdf	8	183	29.862400123589687	1476	1.0
19	2	cdf	8	184	22.242203981282305	993	1.0
20	1	cdf	1	1	195.0132158260023	1752	0.9337899543378996
20	1	cdf	1	2	115.60129575481378	1518	0.9038208168642952
20	1	cdf	1	3	36.20506089288517	1751	1.0
20	1	cdf	1	4	27.038746042781373	809	1.0
20	1	cdf	1	5	42.927584010145125	1126	1.0
20	1	cdf	1	6	131.71031626832726	1594	0.965495608531995
20	1	cdf	1	7	174.30812635570095	1577	0.9911223842739378
20	1	cdf	1	8	59.98294221608071	1126	1.0
20	1	cdf	1	9	121.66491020816045	1301	0.8531898539584934
20	1	cdf	1	10	65.54039554032444	1735	0.9273775216138328
20	1	cdf	1	11	64.81487404850184	1585	1.0
20	1	cdf	1	12	19.154475797109246	1401	0.7102069950035689
20	1	cdf	1	13	40.49772555262728	934	1.0
20	1	cdf	1	14	299.59633770797166	1693	0.9970466627288836
20	1	cdf	1	15	63.367813404957424	926	1.0
20	1	cdf	1	16	36.41427391398378	1752	0.9937214611872146
20	1	cdf	1	17	90.79039516246158	1267	1.0
20	1	cdf	1	18	57.80072855971555	1268	0.9211356466876972
20	1	cdf	1	19	182.5758999104462	1409	1.0
20	1	cdf	1	20	84.61029051806159	1092	0.9826007326007326
20	1	cdf	1	21	59.450983043175476	1752	0.9257990867579908
20	1	cdf	1	22	36.45759453396168	1501	1.0
20	1	cdf	1	23	71.227184630373	985	1.0
20	1	cdf	2	24	46.13281062437724	1251	1.0
20	1	cdf	2	25	84.44449066805734	851	0.8742655699177438
20	1	cdf	2	26	71.23994167635597	1385	0.9898916967509025
20	1	cdf	2	27	62.33041918214456	1752	0.8972602739726028
20	1	cdf	2	28	33.25935212294481	1677	0.9284436493738819
20	1	cdf	2	29	37.72734137899536	976	0.8534836065573771
20	1	cdf	2	30	40.97140865011626	1501	1.0
20	1	cdf	2	31	21.787267921584984	1234	0.9076175040518638
20	1	cdf	2	32	32.1735223248909	1752	0.9726027397260274
20	1	cdf	2	33	126.24507835259124	1743	0.9661503155479059
20	1	cdf	2	34	85.32409447935032	1751	1.0
20	1	cdf	2	35	76.07219572608908	984	1.0
20	1	cdf	2	36	38.782776991428314	1092	1.0
20	1	cdf	2	37	267.1993061456538	1335	1.0
20	1	cdf	2	38	307.3037450433518	1268	1.0
20	1	cdf	2	39	50.168947929929615	959	1.0
20	1	cdf	2	40	101.86569800750345	1218	1.0
20	1	cdf	2	41	47.18282958982658	917	1.0
20	1	cdf	2	42	133.917535821393	1552	0.9645618556701031
20	1	cdf	2	43	31.469639907322318	1685	0.9964391691394658
20	1	cdf	2	44	99.39996077143462	1752	0.9845890410958904
20	1	cdf	2	45	45.012217046191466	992	0.7429435483870968
20	1	cdf	2	46	119.5167123473859	1218	1.0
20	1	cdf	3	47	49.73277029815691	1226	1.0
20	1	cdf	3	48	56.318680149062786	1668	1.0
20	1	cdf	3	49	72.76910235502953	1343	1.0
20	1	cdf	3	50	36.166018372903814	1526	1.0
20	1	cdf	3	51	65.82332218046095	1636	0.9070904645476773
20	1	cdf	3	52	61.81435701758324	1051	0.8344433872502379
20	1	cdf	3	53	66.91603157737525	1493	0.7870060281312793
20	1	cdf	3	54	76.96684836094029	1034	0.8839458413926499
20	1	cdf	3	55	42.20450871879422	1451	0.9731219848380427
20	1	cdf	3	56	56.42387374885251	1318	0.834597875569044
20	1	cdf	3	57	95.10058103669837	1752	0.9115296803652968
20	1	cdf	3	58	68.0078396581988	1494	1.0
20	1	cdf	3	59	44.72632467306177	1560	0.9365384615384615
20	1	cdf	3	60	26.46163538073636	1551	0.7614442295293359
20	1	cdf	3	61	62.96348668367895	1235	0.9489878542510122
20	1	cdf	3	62	75.04536125147987	1368	0.9195906432748538
20	1	cdf	3	63	45.795365518304536	1552	1.0
20	1	cdf	3	64	55.493812307324035	834	1.0
20	1	cdf	3	65	56.1747494492703	1543	1.0
20	1	cdf	3	66	47.84935511070222	1676	1.0
20	1	cdf	3	67	85.88986931012276	1518	1.0
20	1	cdf	3	68	130.79952019540576	1059	1.0
20	1	cdf	3	69	60.04005601214293	1752	1.0
20	1	cdf	4	70	78.36837607144255	1310	0.8946564885496183
20	1	cdf	4	71	113.27004959021674	1343	0.6731198808637379
20	1	cdf	4	72	114.04363269920243	1577	0.8585922637920101
20	1	cdf	4	73	34.96291054812495	1243	0.9573612228479486
20	1	cdf	4	74	101.44880095728593	1327	0.6940467219291635
20	1	cdf	4	75	101.27246971295634	1494	0.5167336010709505
20	1	cdf	4	76	111.85798999054093	1735	0.9239193083573487
20	1	cdf	4	77	11.22262728353379	1384	0.08164739884393063
20	1	cdf	4	78	65.99871162097166	1259	0.7013502779984114
20	1	cdf	4	79	203.4614848829307	1326	0.8951734539969834
20	1	cdf	4	80	22.963288252530614	951	0.8590956887486856
20	1	cdf	4	81	62.02238313809676	1259	0.988880063542494
20	1	cdf	4	82	90.04121804793866	1176	0.8486394557823129
20	1	cdf	4	83	197.48762572084684	1092	0.9258241758241759
20	1	cdf	4	84	63.17102796902413	1143	1.0
20	1	cdf	4	85	49.15178515627778	1752	1.0
20	1	cdf	4	86	294.1629897764024	1451	1.0
20	1	cdf	4	87	89.79768110860604	1243	0.9943684633950121
20	1	cdf	4	88	51.35060888866528	1677	0.9063804412641622
20	1	cdf	4	89	60.92582272778864	1384	0.8829479768786127
20	1	cdf	4	90	305.3875059301572	1218	0.922824302134647
20	1	cdf	4	91	29.134289500369796	1669	0.08088675853804674
20	1	cdf	4	92	45.01774294256394	1401	1.0
20	1	cdf	5	93	131.45247075225052	1734	0.9129181084198386
20	1	cdf	5	94	115.25618911531612	1669	0.8699820251647693
20	1	cdf	5	95	502.2246472385093	1751	0.9143346659051971
20	1	cdf	5	96	84.74061497846215	960	0.9802083333333333
20	1	cdf	5	97	46.307730163059475	1301	0.46963873943120676
20	1	cdf	5	98	112.81140894139445	1509	0.6056991385023194
20	1	cdf	5	99	96.09860754135161	1126	0.6509769094138543
20	1	cdf	5	100	208.9843273932921	1368	0.3355263157894737
20	1	cdf	5	101	57.34363316710838	1042	0.781190019193858
20	1	cdf	5	102	74.31818517562529	959	1.0
20	1	cdf	5	103	59.3977545278836	1210	1.0
20	1	cdf	5	104	46.228504356566944	1301	1.0
20	1	cdf	5	105	108.9229383842923	1752	0.5405251141552512
20	1	cdf	5	106	97.56776985377128	1142	0.87215411558669
20	1	cdf	5	107	38.651705990197414	1085	0.8986175115207373
20	1	cdf	5	108	29.86840182129353	1218	0.7422003284072249
20	1	cdf	5	109	57.2952201289391	1751	0.9091947458595089
20	1	cdf	5	110	84.51141165838013	1744	0.9352064220183486
20	1	cdf	5	111	42.609639830919456	1151	1.0
20	1	cdf	5	112	39.5416343781833	1335	1.0
20	1	cdf	5	113	71.6863566315099	1468	1.0
20	1	cdf	5	114	58.1780587958573	1468	0.917574931880109
20	1	cdf	5	115	584.7708374189797	1751	0.8149628783552256
20	1	cdf	6	116	135.31525932086464	1102	0.7731397459165155
20	1	cdf	6	117	65.60908507052511	1534	1.0
20	1	cdf	6	118	41.71096680107456	1201	1.0
20	1	cdf	6	119	65.02679948320008	1752	1.0
20	1	cdf	6	120	44.49918692801327	1218	1.0
20	1	cdf	6	121	42.03630446783594	993	1.0
20	1	cdf	6	122	53.63431718483826	1494	1.0
20	1	cdf	6	123	74.7917155801122	1451	1.0
20	1	cdf	6	124	164.7221138696657	1751	0.9366076527698458
20	1	cdf	6	125	75.00673307154553	1310	1.0
20	1	cdf	6	126	69.2863124224982	1110	1.0
20	1	cdf	6	127	81.86327220614405	1318	1.0
20	1	cdf	6	128	51.21503150077213	1535	0.958957654723127
20	1	cdf	6	129	44.26998365686847	1185	1.0
20	1	cdf	6	130	79.37431661002863	1560	0.9102564102564102
20	1	cdf	6	131	99.21655753168397	1693	1.0
20	1	cdf	6	132	51.370351817330636	1710	1.0
20	1	cdf	6	133	171.24516668836753	942	1.0
20	1	cdf	6	134	107.21136794500056	1735	1.0
20	1	cdf	6	135	65.497699139351	1093	1.0
20	1	cdf	6	136	61.708241055972145	1393	1.0
20	1	cdf	6	137	62.059321868923455	1459	1.0
20	1	cdf	6	138	71.86160839625411	959	1.0
20	1	cdf	7	139	64.21823853688424	1152	1.0
20	1	cdf	7	140	293.64071111842765	1292	0.9373065015479877
20	1	cdf	7	141	24.665252031507357	834	0.17985611510791366
20	1	cdf	7	142	56.76121093925853	1168	1.0
20	1	cdf	7	143	63.07890560125454	1193	1.0
20	1	cdf	7	144	50.96780800446849	1426	1.0
20	1	cdf	7	145	45.00614622561355	1494	0.9457831325301205
20	1	cdf	7	146	70.47176377575326	901	1.0
20	1	cdf	7	147	71.38144080523006	934	1.0
20	1	cdf	7	148	75.62162013619464	1610	0.8180124223602484
20	1	cdf	7	149	61.218488546641865	1209	1.0
20	1	cdf	7	150	48.53385377565842	1427	1.0
20	1	cdf	7	151	124.98905844025016	1468	1.0
20	1	cdf	7	152	59.06308247099272	1451	0.9145416953824949
20	1	cdf	7	153	62.6637648903753	842	1.0
20	1	cdf	7	154	40.64259176052839	1017	1.0
20	1	cdf	7	155	129.0717745605887	842	1.0
20	1	cdf	7	156	218.66502397547913	1309	0.961038961038961
20	1	cdf	7	157	396.5045905566777	1535	0.9133550488599349
20	1	cdf	7	158	88.9124378549921	1393	0.9662598707824839
20	1	cdf	7	159	57.56852868686979	1402	1.0
20	1	cdf	7	160	48.95145041553119	1242	1.0
20	1	cdf	7	161	60.91427427021549	1751	0.9143346659051971
20	1	cdf	8	162	93.20896829536527	1443	1.0
20	1	cdf	8	163	81.15175196009272	1168	1.0
20	1	cdf	8	164	75.47551455241135	1451	0.9896623018607856
20	1	cdf	8	165	73.5575539149695	1752	0.9463470319634704
20	1	cdf	8	166	53.37791827290124	1134	1.0
20	1	cdf	8	167	101.440594274359	1677	1.0
20	1	cdf	8	168	204.3170717055148	1676	1.0
20	1	cdf	8	169	74.46444699731462	918	1.0
20	1	cdf	8	170	60.04774124598623	1034	1.0
20	1	cdf	8	171	53.53098823993511	1076	1.0
20	1	cdf	8	172	66.68327218028821	1351	1.0
20	1	cdf	8	173	53.20182917646832	1477	1.0
20	1	cdf	8	174	48.79533621993446	1076	1.0
20	1	cdf	8	175	45.4820054963326	1351	1.0
20	1	cdf	8	176	341.9967891456043	1343	1.0
20	1	cdf	8	177	98.65141846035371	684	0.695906432748538
20	1	cdf	8	178	91.05607083917573	1009	1.0
20	1	cdf	8	179	36.46864100158091	1177	1.0
20	1	cdf	8	180	53.250996663320876	1226	0.9934747145187602
20	1	cdf	8	181	127.92539978260808	1352	1.0
20	1	cdf	8	182	55.45075083550551	1484	1.0
20	1	cdf	8	183	74.15549796574027	1627	1.0
20	1	cdf	8	184	75.84279445253678	1385	1.0
20	2	inverse_cdf	1	1	280.6024647661398	1752	0.9035388127853882
20	2	inverse_cdf	1	2	427.6030631198978	1410	0.7361702127659574
20	2	inverse_cdf	1	3	89.16293545621515	1752	0.928082191780822
20	2	inverse_cdf	1	4	140.03584912897156	1593	0.837413684871312
20	2	inverse_cdf	1	5	173.49696583212767	1594	0.9786700125470514
20	2	inverse_cdf	1	6	160.3539290531906	1185	0.8632911392405064
20	2	inverse_cdf	1	7	28.225454616087656	1226	1.0
20	2	inverse_cdf	1	8	132.93443109424553	1593	0.871939736346516
20	2	inverse_cdf	1	9	50.40895392416678	1752	1.0
20	2	inverse_cdf	1	10	33.542814151705336	1159	1.0
20	2	inverse_cdf	1	11	102.9708214054876	1751	0.9057681324957167
20	2	inverse_cdf	1	12	126.43426557131156	1201	0.8376353039134055
20	2	inverse_cdf	1	13	30.603226007445524	1051	1.0
20	2	inverse_cdf	1	14	87.48127748036696	1143	0.9982502187226596
20	2	inverse_cdf	1	15	37.368615211215705	1026	1.0
20	2	inverse_cdf	1	16	778.6134151853156	1718	0.12165308498253784
20	2	inverse_cdf	1	17	176.41062417025492	1276	0.9420062695924765
20	2	inverse_cdf	1	18	320.70881984122434	1752	0.8681506849315068
20	2	inverse_cdf	1	19	148.89060610932668	968	0.8181818181818182
20	2	inverse_cdf	1	20	46.318341033543135	1560	1.0
20	2	inverse_cdf	1	21	101.1720967402498	1218	0.8522167487684729
20	2	inverse_cdf	1	22	50.13596394986778	1519	1.0
20	2	inverse_cdf	1	23	341.4172870584445	1751	0.7332952598515134
20	2	inverse_cdf	2	24	34.51965868192551	1318	1.0
20	2	inverse_cdf	2	25	39.44156607760597	1310	1.0
20	2	inverse_cdf	2	26	35.87098915946678	1751	1.0
20	2	inverse_cdf	2	27	44.80625647219352	1743	0.810671256454389
20	2	inverse_cdf	2	28	75.04930846042467	1627	0.9483712354025814
20	2	inverse_cdf	2	29	189.80269757431134	1751	0.9331810394060537
20	2	inverse_cdf	2	30	222.15268929387486	1484	0.8544474393530997
20	2	inverse_cdf	2	31	112.2652453657449	1751	0.8709308966304968
20	2	inverse_cdf	2	32	264.4280106583406	1435	0.9512195121951219
20	2	inverse_cdf	2	33	370.0882347288937	868	0.23847926267281105
20	2	inverse_cdf	2	34	55.27230817804119	1360	0.799264705882353
20	2	inverse_cdf	2	35	143.43952439347964	1677	0.8300536672629696
20	2	inverse_cdf	2	36	317.55011996848754	1159	0.41501294219154444
20	2	inverse_cdf	2	37	207.12190743630708	1751	0.9845802398629354
20	2	inverse_cdf	2	38	171.91101740058164	1743	0.7728055077452668
20	2	inverse_cdf	2	39	621.6753603661552	1752	0.2534246575342466
20	2	inverse_cdf	2	40	388.4303842330631	1443	0.5571725571725572
20	2	inverse_cdf	2	41	368.41127415720996	1752	0.8424657534246576
20	2	inverse_cdf	2	42	647.2177497641394	1376	0.029796511627906978
20	2	inverse_cdf	2	43	438.6688531761898	875	0.02057142857142857
20	2	inverse_cdf	2	44	512.7266927039965	1426	0.20406732117812063
20	2	inverse_cdf	2	45	101.99443112329263	1143	0.9982502187226596
20	2	inverse_cdf	2	46	18.947296181220043	1293	0.08352668213457076
20	2	inverse_cdf	3	47	316.849203637765	1351	0.9015544041450777
20	2	inverse_cdf	3	48	26.7072053512696	1376	1.0
20	2	inverse_cdf	3	49	266.2631684208952	1451	0.4810475534114404
20	2	inverse_cdf	3	50	387.5069482956397	1260	0.31587301587301586
20	2	inverse_cdf	3	51	210.0833918065214	1744	0.8216743119266054
20	2	inverse_cdf	3	52	407.35120507797774	1410	0.6156028368794326
20	2	inverse_cdf	3	53	584.0386246406553	1293	0.3047177107501933
20	2	inverse_cdf	3	54	228.22812093111773	1751	0.6750428326670475
20	2	inverse_cdf	3	55	148.47109883868094	1468	0.9850136239782016
20	2	inverse_cdf	3	56	34.392277624499286	743	1.0
20	2	inverse_cdf	3	57	216.80985299307784	1468	0.9455040871934605
20	2	inverse_cdf	3	58	155.6282744391249	1751	0.8680753854940034
20	2	inverse_cdf	3	59	412.73174476279496	1511	0.886829913964262
20	2	inverse_cdf	3	60	33.19890128130787	1751	1.0
20	2	inverse_cdf	3	61	38.23514561169708	1568	1.0
20	2	inverse_cdf	3	62	35.65752078953948	1752	1.0
20	2	inverse_cdf	3	63	488.8981688432733	1101	0.4604904632152589
20	2	inverse_cdf	3	64	494.8579291317123	1209	0.12158808933002481
20	2	inverse_cdf	3	65	669.0428313315651	1752	0.09360730593607305
20	2	inverse_cdf	3	66	386.36384769481236	1243	0.07642799678197908
20	2	inverse_cdf	3	67	517.0371619469222	1001	0.33466533466533466
20	2	inverse_cdf	3	68	209.52408706312787	1268	0.16561514195583596
20	2	inverse_cdf	3	69	282.5639060327966	1009	0.20614469772051536
20	2	inverse_cdf	4	70	146.02935513866925	709	0.9915373765867419
20	2	inverse_cdf	4	71	536.5619213988901	1310	0.6305343511450382
20	2	inverse_cdf	4	72	601.2523388793172	1710	0.1064327485380117
20	2	inverse_cdf	4	73	636.3487955394334	1359	0.013980868285504048
20	2	inverse_cdf	4	74	546.5155577489608	1117	0.2811101163831692
20	2	inverse_cdf	4	75	276.65751510191944	1285	0.47392996108949415
20	2	inverse_cdf	4	76	90.57587639192101	1427	0.9789768745620182
20	2	inverse_cdf	4	77	292.17240183518686	1752	0.6655251141552512
20	2	inverse_cdf	4	78	61.52605019390835	1384	1.0
20	2	inverse_cdf	4	79		1426	0.0
20	2	inverse_cdf	4	80	41.9108178225251	1484	1.0
20	2	inverse_cdf	4	81	63.26880927186363	1719	0.9970913321698662
20	2	inverse_cdf	4	82	286.68981371589007	1360	0.8794117647058823
20	2	inverse_cdf	4	83	258.6933516781415	1418	0.1227080394922426
20	2	inverse_cdf	4	84	26.322222451744846	1218	1.0
20	2	inverse_cdf	4	85	39.99846561996248	1751	1.0
20	2	inverse_cdf	4	86	190.82356235037952	1468	0.9870572207084468
20	2	inverse_cdf	4	87	226.40696973679417	867	1.0
20	2	inverse_cdf	4	88	348.6675198914271	1393	0.40272792534099067
20	2	inverse_cdf	4	89	195.45754247742508	1652	0.9279661016949152
20	2	inverse_cdf	4	90	248.2712617072614	1751	0.9480296973158195
20	2	inverse_cdf	4	91	73.94985979725337	1743	1.0
20	2	inverse_cdf	4	92	55.120403144011135	1718	0.9976717112922002
20	2	inverse_cdf	5	93	326.9798287116688	1668	0.21882494004796163
20	2	inverse_cdf	5	94	42.642368825699556	1267	0.292817679558011
20	2	inverse_cdf	5	95	60.158950831787465	1226	0.5146818923327896
20	2	inverse_cdf	5	96	323.83473186806896	1493	0.2940388479571333
20	2	inverse_cdf	5	97	327.009691907121	1426	0.4642356241234222
20	2	inverse_cdf	5	98	175.5212813071638	1601	0.1617738913179263
20	2	inverse_cdf	5	99		1418	0.0021156558533145277
20	2	inverse_cdf	5	100	314.2052733867124	1751	0.9503141062250143
20	2	inverse_cdf	5	101	39.29587727259505	742	1.0
20	2	inverse_cdf	5	102	495.6788262899456	1551	0.04448742746615087
20	2	inverse_cdf	5	103	771.1420509887727	1327	0.058025621703089676
20	2	inverse_cdf	5	104	81.34161351910376	1744	0.9971330275229358
20	2	inverse_cdf	5	105	305.5412941866021	1752	0.9554794520547946
20	2	inverse_cdf	5	106	639.4822497567718	1360	0.13897058823529412
20	2	inverse_cdf	5	107	285.61960978733754	1126	0.30817051509769094
20	2	inverse_cdf	5	108	356.8283356934446	1126	0.2975133214920071
20	2	inverse_cdf	5	109	360.00669248885237	817	0.21052631578947367
20	2	inverse_cdf	5	110	392.88388156741223	1260	0.22063492063492063
20	2	inverse_cdf	5	111	365.5320203768925	1184	0.13006756756756757
20	2	inverse_cdf	5	112	192.35027378451943	1052	0.16634980988593157
20	2	inverse_cdf	5	113		1751	0.0
20	2	inverse_cdf	5	114	516.7203185320858	1343	0.1563663440059568
20	2	inverse_cdf	5	115	609.0011858039409	1210	0.41487603305785126
20	2	inverse_cdf	6	116	330.03547914848747	1284	0.13707165109034267
20	2	inverse_cdf	6	117	362.37193540332515	1710	0.9339181286549708
20	2	inverse_cdf	6	118	307.0615312999712	1318	0.15553869499241274
20	2	inverse_cdf	6	119	263.95568562947244	1151	0.9748045178105995
20	2	inverse_cdf	6	120	37.52181750634371	984	1.0
20	2	inverse_cdf	6	121	261.87084330860324	1718	0.2339930151338766
20	2	inverse_cdf	6	122	210.862766879521	1310	0.2587786259541985
20	2	inverse_cdf	6	123	81.0209049145441	1143	1.0
20	2	inverse_cdf	6	124	216.71006607153492	1318	0.10091047040971168
20	2	inverse_cdf	6	125	268.07423881851906	1368	0.9334795321637427
20	2	inverse_cdf	6	126	400.6031233659587	1443	0.0887040887040887
20	2	inverse_cdf	6	127	91.38993316342471	1376	0.998546511627907
20	2	inverse_cdf	6	128	235.96495350093218	776	0.6417525773195877
20	2	inverse_cdf	6	129	431.907661450458	1751	0.3826384922901199
20	2	inverse_cdf	6	130	64.8517425273358	1743	0.9271371199082042
20	2	inverse_cdf	6	131	45.3769674302713	1385	1.0
20	2	inverse_cdf	6	132	28.628149913816994	917	1.0
20	2	inverse_cdf	6	133	59.55423071445648	1210	1.0
20	2	inverse_cdf	6	134	644.4097054859328	1017	0.5054080629301868
20	2	inverse_cdf	6	135	298.669807412515	1651	0.7371290127195639
20	2	inverse_cdf	6	136	159.88863218961149	1042	0.9961612284069098
20	2	inverse_cdf	6	137	41.24912418920023	1218	0.9425287356321839
20	2	inverse_cdf	6	138	282.57578537286	1218	0.8899835796387521
20	2	inverse_cdf	7	139	345.6346266993528	784	0.8329081632653061
20	2	inverse_cdf	7	140	426.8414405020261	1334	0.8988005997001499
20	2	inverse_cdf	7	141	56.28663893316342	1528	1.0
20	2	inverse_cdf	7	142	502.07173363368054	834	0.8657074340527577
20	2	inverse_cdf	7	143	175.78663913266726	1735	0.07377521613832853
20	2	inverse_cdf	7	144	42.773320575937085	1236	0.25161812297734626
20	2	inverse_cdf	7	145	135.37124467966257	1652	0.9963680387409201
20	2	inverse_cdf	7	146	141.5076994749427	1643	1.0
20	2	inverse_cdf	7	147	234.06947333909926	1210	0.9958677685950413
20	2	inverse_cdf	7	148	135.8453997215322	1552	0.990979381443299
20	2	inverse_cdf	7	149	362.7376892629494	1577	0.901712111604312
20	2	inverse_cdf	7	150	416.810270082872	935	0.8919786096256684
20	2	inverse_cdf	7	151	264.00593334611006	1418	0.9506346967559943
20	2	inverse_cdf	7	152	613.8842415851838	925	0.34054054054054056
20	2	inverse_cdf	7	153	167.68668237188626	1176	0.12670068027210885
20	2	inverse_cdf	7	154	428.29251546978776	1752	0.8909817351598174
20	2	inverse_cdf	7	155	435.183359664922	1752	0.20034246575342465
20	2	inverse_cdf	7	156	170.061889803523	1585	0.3943217665615142
20	2	inverse_cdf	7	157	321.9763629695344	959	0.8008342022940563
20	2	inverse_cdf	7	158	332.67086088100166	1101	0.7883742052679382
20	2	inverse_cdf	7	159	583.0798345857727	1459	0.3317340644276902
20	2	inverse_cdf	7	160	43.48468480421319	634	1.0
20	2	inverse_cdf	7	161	416.04483470080663	1293	0.9033255993812839
20	2	inverse_cdf	8	162	269.3891115646464	718	0.20473537604456823
20	2	inverse_cdf	8	163	609.7947257999128	1477	0.24847664184157076
20	2	inverse_cdf	8	164	239.54715629406445	1393	0.28212491026561376
20	2	inverse_cdf	8	165	206.289126060573	1401	0.974304068522484
20	2	inverse_cdf	8	166	750.0155001477417	1118	0.06976744186046512
20	2	inverse_cdf	8	167	188.57082322168816	884	0.9886877828054299
20	2	inverse_cdf	8	168	606.9664301755469	1101	0.32879200726612173
20	2	inverse_cdf	8	169	59.526299453443904	1326	1.0
20	2	inverse_cdf	8	170	440.5450409408988	1160	0.6844827586206896
20	2	inverse_cdf	8	171	439.57560410712995	1143	0.7681539807524059
20	2	inverse_cdf	8	172	742.7111728156702	1109	0.14337240757439135
20	2	inverse_cdf	8	173	516.5476406734541	1651	0.14597213809812234
20	2	inverse_cdf	8	174	66.70950262622429	1752	1.0
20	2	inverse_cdf	8	175	175.01892870178446	1360	0.975735294117647
20	2	inverse_cdf	8	176	57.84097765813375	1626	0.980319803198032
20	2	inverse_cdf	8	177	275.8046002496327	818	0.9682151589242054
20	2	inverse_cdf	8	178	405.47912363582236	1259	0.12311358220810167
20	2	inverse_cdf	8	179	215.94069451414083	1242	0.9581320450885669
20	2	inverse_cdf	8	180	306.6428750356347	851	0.8660399529964747
20	2	inverse_cdf	8	181	44.09946487670306	976	1.0
20	2	inverse_cdf	8	182	477.0311072756292	1318	0.11911987860394538
20	2	inverse_cdf	8	183	467.02266623946525	1435	0.2397212543554007
20	2	inverse_cdf	8	184	419.9787628698364	1318	0.165402124430956
21	1	inverse_cdf	1	1	177.41330986406675	1752	0.8909817351598174
21	1	inverse_cdf	1	2	78.38798609917812	1060	1.0
21	1	inverse_cdf	1	3	69.2504288401126	1751	1.0
21	1	inverse_cdf	1	4	33.88658251403728	1744	1.0
21	1	inverse_cdf	1	5	33.519131866269255	1043	1.0
21	1	inverse_cdf	1	6	37.733952662139856	810	1.0
21	1	inverse_cdf	1	7	118.99170027381555	1752	0.9777397260273972
21	1	inverse_cdf	1	8	86.5550622794984	1035	1.0
21	1	inverse_cdf	1	9	77.9023913652807	751	0.952063914780293
21	1	inverse_cdf	1	10	98.16658601919144	1485	1.0
21	1	inverse_cdf	1	11	79.64370382688814	1210	1.0
21	1	inverse_cdf	1	12	46.9485189274997	901	1.0
21	1	inverse_cdf	1	13	47.36517303905431	1752	1.0
21	1	inverse_cdf	1	14	134.4056678607406	1109	1.0
21	1	inverse_cdf	1	15	56.888588083357355	909	1.0
21	1	inverse_cdf	1	16	105.18923010467743	1185	1.0
21	1	inverse_cdf	1	17	66.55869489614436	1484	1.0
21	1	inverse_cdf	1	18	144.3254913317538	1010	1.0
21	1	inverse_cdf	1	19	94.35593367724805	1235	1.0
21	1	inverse_cdf	1	20	59.8994932514556	1209	1.0
21	1	inverse_cdf	1	21	61.662775364174976	1185	1.0
21	1	inverse_cdf	1	22	26.84587807546984	1028	1.0
21	1	inverse_cdf	1	23	80.71415012244181	1185	1.0
21	1	inverse_cdf	2	24	93.9815353957035	893	1.0
21	1	inverse_cdf	2	25	111.67430298889974	1303	1.0
21	1	inverse_cdf	2	26	26.868782148336944	1301	1.0
21	1	inverse_cdf	2	27	68.35422082816308	1109	1.0
21	1	inverse_cdf	2	28	220.04441719830317	976	0.9006147540983607
21	1	inverse_cdf	2	29	59.64389938463174	1110	1.0
21	1	inverse_cdf	2	30	23.815994364086055	1526	1.0
21	1	inverse_cdf	2	31	168.8020684886245	1585	0.9930599369085173
21	1	inverse_cdf	2	32	110.81918562470253	1744	1.0
21	1	inverse_cdf	2	33	58.11427840650741	1693	0.9704666272888364
21	1	inverse_cdf	2	34	82.50958768026031	1752	1.0
21	1	inverse_cdf	2	35	84.62788328797701	1270	1.0
21	1	inverse_cdf	2	36	104.24152524564096	1752	1.0
21	1	inverse_cdf	2	37	84.03235150814739	893	1.0
21	1	inverse_cdf	2	38	54.477213870499114	1059	1.0
21	1	inverse_cdf	2	39	108.07422441140113	1203	0.9584372402327515
21	1	inverse_cdf	2	40	63.109486907275176	1042	1.0
21	1	inverse_cdf	2	41	97.95711934967605	1159	1.0
21	1	inverse_cdf	2	42	76.9304273499536	1335	1.0
21	1	inverse_cdf	2	43	61.80401864050364	1343	1.0
21	1	inverse_cdf	2	44	76.53249902396598	1752	1.0
21	1	inverse_cdf	2	45	94.5052317804783	1053	0.9886039886039886
21	1	inverse_cdf	2	46	111.66329976319612	1085	1.0
21	1	inverse_cdf	3	47	142.19259921474753	1436	0.9401114206128134
21	1	inverse_cdf	3	48	105.26411531170164	1184	1.0
21	1	inverse_cdf	3	49	107.49719987079776	684	1.0
21	1	inverse_cdf	3	50	127.44479855684001	859	1.0
21	1	inverse_cdf	3	51	30.7830542392554	1626	1.0
21	1	inverse_cdf	3	52	80.67219255195626	1485	1.0
21	1	inverse_cdf	3	53	242.0654490045002	844	0.976303317535545
21	1	inverse_cdf	3	54	66.06490330382024	1527	1.0
21	1	inverse_cdf	3	55	23.386617725032828	1193	1.0
21	1	inverse_cdf	3	56	96.08996990460665	801	1.0
21	1	inverse_cdf	3	57	63.139088132684165	1751	1.0
21	1	inverse_cdf	3	58	120.66885217405603	1251	0.950439648281375
21	1	inverse_cdf	3	59	20.347031553501385	1151	1.0
21	1	inverse_cdf	3	60	72.05130747135593	1335	0.9857677902621723
21	1	inverse_cdf	3	61	47.68917718996162	1201	0.9991673605328892
21	1	inverse_cdf	3	62	28.7489467910568	1419	1.0
21	1	inverse_cdf	3	63	140.70391305073503	1360	0.9191176470588235
21	1	inverse_cdf	3	64	153.37415108113038	1368	0.9692982456140351
21	1	inverse_cdf	3	65	109.58947532650824	1502	1.0
21	1	inverse_cdf	3	66	106.69025807988567	1176	1.0
21	1	inverse_cdf	3	67	39.05698975918519	1752	1.0
21	1	inverse_cdf	3	68	46.08045014415234	1593	1.0
21	1	inverse_cdf	3	69	105.33681142927837	1026	0.9181286549707602
21	1	inverse_cdf	4	70	209.60163661990512	1752	0.7517123287671232
21	1	inverse_cdf	4	71	20.621000346761384	951	1.0
21	1	inverse_cdf	4	72	59.91198150737265	801	1.0
21	1	inverse_cdf	4	73	84.53767393619992	778	1.0
21	1	inverse_cdf	4	74	31.23419334182495	1301	1.0
21	1	inverse_cdf	4	75	26.57466360700947	1476	1.0
21	1	inverse_cdf	4	76	75.89733326323294	893	1.0
21	1	inverse_cdf	4	77	115.25677473807183	1518	1.0
21	1	inverse_cdf	4	78	116.59140069183394	1134	0.9144620811287478
21	1	inverse_cdf	4	79	145.23419233053843	976	0.9805327868852459
21	1	inverse_cdf	4	80	73.88933571110006	1059	1.0
21	1	inverse_cdf	4	81	88.11543991094315	1143	1.0
21	1	inverse_cdf	4	82	62.35250297851227	909	0.9988998899889989
21	1	inverse_cdf	4	83	87.93139456744959	1534	1.0
21	1	inverse_cdf	4	84	92.33448619897638	884	1.0
21	1	inverse_cdf	4	85	120.0714805236577	1528	0.9096858638743456
21	1	inverse_cdf	4	86	51.64111041175793	1126	1.0
21	1	inverse_cdf	4	87	36.556146756075194	1752	0.9994292237442922
21	1	inverse_cdf	4	88	107.4987409088148	1152	1.0
21	1	inverse_cdf	4	89	24.13058042882602	1151	1.0
21	1	inverse_cdf	4	90	94.86524562161492	1301	1.0
21	1	inverse_cdf	4	91	104.40779145893586	1352	1.0
21	1	inverse_cdf	4	92	71.48746081883795	1377	1.0
21	1	inverse_cdf	5	93	146.55900907956564	1126	0.9991119005328597
21	1	inverse_cdf	5	94	33.82040221105069	1168	1.0
21	1	inverse_cdf	5	95	88.80036249295651	860	1.0
21	1	inverse_cdf	5	96	146.36687309114387	1168	1.0
21	1	inverse_cdf	5	97	95.11925849692405	1184	1.0
21	1	inverse_cdf	5	98	37.26963144359221	1068	1.0
21	1	inverse_cdf	5	99	96.27490205400376	1102	1.0
21	1	inverse_cdf	5	100	183.91727069124755	1535	0.9035830618892509
21	1	inverse_cdf	5	101	137.3218665786986	1201	1.0
21	1	inverse_cdf	5	102	96.40272078194036	1027	1.0
21	1	inverse_cdf	5	103	108.36238558586477	759	0.9407114624505929
21	1	inverse_cdf	5	104	84.3698657674977	1193	0.9991617770326907
21	1	inverse_cdf	5	105	36.18206669877115	986	1.0
21	1	inverse_cdf	5	106	105.10401792894353	1518	0.994729907773386
21	1	inverse_cdf	5	107	122.06366618209124	1143	1.0
21	1	inverse_cdf	5	108	98.8984786167344	1276	1.0
21	1	inverse_cdf	5	109	36.58211617771154	1085	1.0
21	1	inverse_cdf	5	110	83.14643742744157	984	1.0
21	1	inverse_cdf	5	111	77.48456795126357	1085	1.0
21	1	inverse_cdf	5	112	128.25198800532394	1310	1.0
21	1	inverse_cdf	5	113	69.40799115966206	1176	1.0
21	1	inverse_cdf	5	114	30.93014965398177	1076	1.0
21	1	inverse_cdf	5	115	119.39640560085606	1152	1.0
21	1	inverse_cdf	6	116	122.24306775363499	909	0.9845984598459846
21	1	inverse_cdf	6	117	42.53167947237871	1117	1.0
21	1	inverse_cdf	6	118	27.732155149414755	767	1.0
21	1	inverse_cdf	6	119	121.04753548160843	977	1.0
21	1	inverse_cdf	6	120	94.10821724729578	1126	1.0
21	1	inverse_cdf	6	121	57.08853257024588	1468	1.0
21	1	inverse_cdf	6	122	74.52452693148676	1261	0.9278350515463918
21	1	inverse_cdf	6	123	39.65104992842371	1285	1.0
21	1	inverse_cdf	6	124	129.0104841230462	1268	0.9479495268138801
21	1	inverse_cdf	6	125	139.23874117084134	834	1.0
21	1	inverse_cdf	6	126	138.69141872985796	1369	1.0
21	1	inverse_cdf	6	127	109.72134538445935	1151	1.0
21	1	inverse_cdf	6	128	79.401728538398	976	1.0
21	1	inverse_cdf	6	129	93.90278660072215	1302	1.0
21	1	inverse_cdf	6	130	89.55526776410119	1635	1.0
21	1	inverse_cdf	6	131	128.50302344134943	1060	0.9339622641509434
21	1	inverse_cdf	6	132	121.16603837537271	951	0.9274447949526814
21	1	inverse_cdf	6	133	25.15922693910295	1301	1.0
21	1	inverse_cdf	6	134	133.16070199733426	1276	0.9529780564263323
21	1	inverse_cdf	6	135	112.84150120573747	1309	1.0
21	1	inverse_cdf	6	136	127.5806646556139	1335	1.0
21	1	inverse_cdf	6	137	114.18432185187444	1126	0.9644760213143873
21	1	inverse_cdf	6	138	144.18943908968217	1518	0.919631093544137
21	1	inverse_cdf	7	139	110.99279571646176	1545	1.0
21	1	inverse_cdf	7	140	108.04752034920669	1743	1.0
21	1	inverse_cdf	7	141	136.39539540677475	1009	0.9990089197224975
21	1	inverse_cdf	7	142	32.126055364948556	1284	1.0
21	1	inverse_cdf	7	143	87.17870871931862	935	1.0
21	1	inverse_cdf	7	144	113.0404083790706	1042	1.0
21	1	inverse_cdf	7	145	142.89064081924909	850	0.9129411764705883
21	1	inverse_cdf	7	146	96.26410242039607	1411	1.0
21	1	inverse_cdf	7	147	151.6334308570903	1242	0.9581320450885669
21	1	inverse_cdf	7	148	148.61449186043149	850	1.0
21	1	inverse_cdf	7	149	84.55344525910273	1292	1.0
21	1	inverse_cdf	7	150	27.930843591194176	1093	1.0
21	1	inverse_cdf	7	151	123.81702060367313	1143	1.0
21	1	inverse_cdf	7	152	124.99616666905236	1462	1.0
21	1	inverse_cdf	7	153	35.3843876976215	1059	1.0
21	1	inverse_cdf	7	154	189.40584965037127	1226	0.9404567699836868
21	1	inverse_cdf	7	155	143.50415721715507	1243	1.0
21	1	inverse_cdf	7	156	121.49916678931166	886	1.0
21	1	inverse_cdf	7	157	84.54786166079855	1042	1.0
21	1	inverse_cdf	7	158	111.36373597878338	1242	0.9363929146537843
21	1	inverse_cdf	7	159	177.05890828671133	943	0.9172852598091198
21	1	inverse_cdf	7	160	100.10513293097658	984	0.9339430894308943
21	1	inverse_cdf	7	161	78.07980608903149	968	0.9958677685950413
21	1	inverse_cdf	8	162	176.26166194469357	1351	0.9156180606957809
21	1	inverse_cdf	8	163	118.17238214002286	1160	0.9982758620689656
21	1	inverse_cdf	8	164	45.35890267259838	777	1.0
21	1	inverse_cdf	8	165	39.39982120143203	576	1.0
21	1	inverse_cdf	8	166	99.12510561974801	675	1.0
21	1	inverse_cdf	8	167	144.12780716104774	1209	1.0
21	1	inverse_cdf	8	168	127.21155947381673	1276	0.9247648902821317
21	1	inverse_cdf	8	169	24.898098200012758	1084	1.0
21	1	inverse_cdf	8	170	134.4897763151307	1618	0.9419035846724351
21	1	inverse_cdf	8	171	49.4535580757616	1360	1.0
21	1	inverse_cdf	8	172	32.34434391023408	1185	1.0
21	1	inverse_cdf	8	173	141.23337084140474	1009	1.0
21	1	inverse_cdf	8	174	109.87735934503345	1051	1.0
21	1	inverse_cdf	8	175	133.42768363310736	1368	0.939327485380117
21	1	inverse_cdf	8	176	92.06492972479776	1143	1.0
21	1	inverse_cdf	8	177	116.72492059599105	951	0.9369085173501577
21	1	inverse_cdf	8	178	34.35305783740157	910	1.0
21	1	inverse_cdf	8	179	20.516739475596633	1060	1.0
21	1	inverse_cdf	8	180	250.4969765493726	1259	0.73868149324861
21	1	inverse_cdf	8	181	213.6491148459107	943	0.8038176033934252
21	1	inverse_cdf	8	182	135.03219030696442	760	1.0
21	1	inverse_cdf	8	183	95.82795284478534	1185	1.0
21	1	inverse_cdf	8	184	58.895578618569616	1335	1.0
21	2	cdf	1	1	12.966225788280026	542	1.0
21	2	cdf	1	2	24.880463411517763	668	1.0
21	2	cdf	1	3	29.083455619832307	659	1.0
21	2	cdf	1	4	27.205695981968642	1151	1.0
21	2	cdf	1	5	68.05542853870216	784	1.0
21	2	cdf	1	6	72.09679284015517	984	0.9532520325203252
21	2	cdf	1	7	50.062263517005746	575	1.0
21	2	cdf	1	8	141.88565521775232	918	0.9498910675381264
21	2	cdf	1	9	51.26611354272535	960	1.0
21	2	cdf	1	10	24.38091111213561	1001	1.0
21	2	cdf	1	11	69.57308155957736	1118	1.0
21	2	cdf	1	12	22.534864064109527	1210	0.9479338842975207
21	2	cdf	1	13	158.0472647094713	884	0.9932126696832579
21	2	cdf	1	14	31.852632852724735	1001	1.0
21	2	cdf	1	15	77.26565150144968	626	1.0
21	2	cdf	1	16	89.00366891455278	744	1.0
21	2	cdf	1	17	111.529435720108	1085	1.0
21	2	cdf	1	18	96.78836410034751	1093	0.9981701738334858
21	2	cdf	1	19	116.8404345355183	978	0.9151329243353783
21	2	cdf	1	20	128.24768944189267	868	0.9182027649769585
21	2	cdf	1	21	133.47440511218755	759	0.9631093544137023
21	2	cdf	1	22	116.50215560304561	1184	0.9518581081081081
21	2	cdf	1	23	49.9964544001069	1176	1.0
21	2	cdf	2	24	85.36687900389838	876	1.0
21	2	cdf	2	25	73.11440398292845	1419	1.0
21	2	cdf	2	26	25.035796819643192	601	1.0
21	2	cdf	2	27	60.534710040532595	900	1.0
21	2	cdf	2	28	38.53344252285123	1260	1.0
21	2	cdf	2	29	31.550140929670082	910	1.0
21	2	cdf	2	30	70.18358238802281	1168	0.8878424657534246
21	2	cdf	2	31	144.55881469123312	1017	0.8938053097345132
21	2	cdf	2	32	54.81277311727796	710	1.0
21	2	cdf	2	33	119.49820513104223	1226	0.9257748776508973
21	2	cdf	2	34	29.20030086337685	909	1.0
21	2	cdf	2	35	135.65810259600784	1102	0.8911070780399274
21	2	cdf	2	36	104.8311244048249	1251	0.9408473221422862
21	2	cdf	2	37	80.86424632707757	993	1.0
21	2	cdf	2	38	45.226265187386026	1185	1.0
21	2	cdf	2	39	100.70293213950643	1544	0.9967616580310881
21	2	cdf	2	40	76.99608752064759	834	1.0
21	2	cdf	2	41	25.746198985880135	1093	1.0
21	2	cdf	2	42	71.75116625894216	934	1.0
21	2	cdf	2	43	82.14493972883373	692	1.0
21	2	cdf	2	44	95.84139884167591	1209	1.0
21	2	cdf	2	45	29.97742205515102	1393	1.0
21	2	cdf	2	46	120.0142433428681	976	1.0
21	2	cdf	3	47	88.48960558258811	901	0.9644839067702553
21	2	cdf	3	48	49.8740914648505	684	1.0
21	2	cdf	3	49	106.83591989640725	636	1.0
21	2	cdf	3	50	62.012297572964414	835	1.0
21	2	cdf	3	51	155.16433221229371	1201	0.6036636136552873
21	2	cdf	3	52	30.186736036112134	1453	0.9518238128011012
21	2	cdf	3	53	126.57221424712584	1243	0.9766693483507642
21	2	cdf	3	54	119.09162256953476	1443	0.8863478863478863
21	2	cdf	3	55	75.0480713187802	1493	1.0
21	2	cdf	3	56	30.11862352049139	960	1.0
21	2	cdf	3	57	88.19519782218354	509	1.0
21	2	cdf	3	58	103.55316923364107	1252	0.9464856230031949
21	2	cdf	3	59	123.60978476314901	967	0.9658738366080661
21	2	cdf	3	60	76.74908173415879	743	1.0
21	2	cdf	3	61	42.514642836510966	1093	0.9844464775846294
21	2	cdf	3	62	51.616956736472545	1093	1.0
21	2	cdf	3	63	60.89459575147067	1011	1.0
21	2	cdf	3	64	25.60422486184316	726	1.0
21	2	cdf	3	65	71.61569668455053	1310	1.0
21	2	cdf	3	66	63.82846570265039	1178	1.0
21	2	cdf	3	67	91.10460634513095	1143	0.9781277340332458
21	2	cdf	3	68	24.709622126594446	1018	1.0
21	2	cdf	3	69	102.49818982053158	701	1.0
21	2	cdf	4	70	68.05598905594321	1201	1.0
21	2	cdf	4	71	52.117368140463576	726	1.0
21	2	cdf	4	72	22.933844958891562	1752	1.0
21	2	cdf	4	73	94.6025888383901	734	1.0
21	2	cdf	4	74	28.975162826075685	1076	1.0
21	2	cdf	4	75	130.5161212081873	1085	0.9050691244239631
21	2	cdf	4	76	20.54766703381673	825	1.0
21	2	cdf	4	77	49.94562948940081	901	1.0
21	2	cdf	4	78	130.36352625042213	959	0.9770594369134515
21	2	cdf	4	79	89.66990703697934	884	1.0
21	2	cdf	4	80	97.28226839517112	768	1.0
21	2	cdf	4	81	86.85855993863532	843	0.9418742586002372
21	2	cdf	4	82	35.86409005553171	1043	1.0
21	2	cdf	4	83	91.47334540434392	801	1.0
21	2	cdf	4	84	47.060673244264336	992	1.0
21	2	cdf	4	85	70.24915938909648	709	1.0
21	2	cdf	4	86	8.914219793305568	717	1.0
21	2	cdf	4	87	92.57923527840543	1310	0.9488549618320611
21	2	cdf	4	88	37.05668112191206	884	1.0
21	2	cdf	4	89	28.778895669636192	1109	1.0
21	2	cdf	4	90	44.5167287507473	526	1.0
21	2	cdf	4	91	94.74829486463689	617	1.0
21	2	cdf	4	92	87.37193686138372	876	0.973744292237443
21	2	cdf	5	93	57.273516353363426	1067	0.9887535145267105
21	2	cdf	5	94	38.534753059622844	593	1.0
21	2	cdf	5	95	15.193255099034806	784	1.0
21	2	cdf	5	96	38.07155524474635	910	1.0
21	2	cdf	5	97	19.24330273176964	1127	1.0
21	2	cdf	5	98	39.46750905367742	726	1.0
21	2	cdf	5	99	24.491235892341784	935	1.0
21	2	cdf	5	100	138.21694629777772	1042	0.8320537428023033
21	2	cdf	5	101	96.00181548856708	909	0.8932893289328933
21	2	cdf	5	102	110.2576873053928	567	1.0
21	2	cdf	5	103	23.57864043202602	993	1.0
21	2	cdf	5	104	115.979913684478	1751	0.9554540262707024
21	2	cdf	5	105	42.420919255071375	768	1.0
21	2	cdf	5	106	123.40660826969328	718	0.8983286908077994
21	2	cdf	5	107	56.02334223842399	743	1.0
21	2	cdf	5	108	88.5502818546799	893	1.0
21	2	cdf	5	109	25.170345995488983	794	1.0
21	2	cdf	5	110	46.42875690599312	834	1.0
21	2	cdf	5	111	31.48710225068553	709	1.0
21	2	cdf	5	112	119.02814731395574	643	1.0
21	2	cdf	5	113	31.346059075811866	784	1.0
21	2	cdf	5	114	27.024816540457632	817	1.0
21	2	cdf	5	115	89.87298951244044	1085	0.9714285714285714
21	2	cdf	6	116	66.87647237731021	650	1.0
21	2	cdf	6	117	103.43544634979834	575	0.8243478260869566
21	2	cdf	6	118	98.36839914875314	793	1.0
21	2	cdf	6	119	24.743717774694282	767	1.0
21	2	cdf	6	120	21.534299981631275	893	1.0
21	2	cdf	6	121	28.025654977460654	1276	1.0
21	2	cdf	6	122	25.491422969791163	1143	1.0
21	2	cdf	6	123	92.55143793597705	934	0.949678800856531
21	2	cdf	6	124	210.0934717535977	669	0.8415545590433483
21	2	cdf	6	125	198.7987325755256	1101	0.8991825613079019
21	2	cdf	6	126	56.79914819991243	909	1.0
21	2	cdf	6	127	80.47006398576876	1377	0.9985475671750181
21	2	cdf	6	128	52.9658874977713	1460	0.9965753424657534
21	2	cdf	6	129	73.92510195196537	926	1.0
21	2	cdf	6	130	26.121419680362774	1044	1.0
21	2	cdf	6	131	42.16041337865911	643	1.0
21	2	cdf	6	132	26.066163967715852	1076	0.9730483271375465
21	2	cdf	6	133	117.28229865386281	1101	0.8610354223433242
21	2	cdf	6	134	106.76239149770323	1335	1.0
21	2	cdf	6	135	64.5418538337158	751	1.0
21	2	cdf	6	136	66.3971189873979	784	0.9107142857142857
21	2	cdf	6	137	111.94540622985764	893	0.9832026875699889
21	2	cdf	6	138	51.72254941162052	1392	1.0
21	2	cdf	7	139	69.93443868067978	659	1.0
21	2	cdf	7	140	101.08937343100278	701	1.0
21	2	cdf	7	141	69.77954357653266	709	1.0
21	2	cdf	7	142	81.98311778257332	735	1.0
21	2	cdf	7	143	72.94317734556991	642	1.0
21	2	cdf	7	144	54.13291349668834	1026	1.0
21	2	cdf	7	145	125.53308941486296	1245	0.9100401606425703
21	2	cdf	7	146	131.48029612158018	718	0.883008356545961
21	2	cdf	7	147	116.63522950726616	1168	0.9195205479452054
21	2	cdf	7	148	29.404651105256455	942	1.0
21	2	cdf	7	149	160.53757598018004	677	0.9630723781388478
21	2	cdf	7	150	154.48348603570082	675	0.8533333333333334
21	2	cdf	7	151	107.0047133949176	918	1.0
21	2	cdf	7	152	143.5140121683829	893	0.8566629339305711
21	2	cdf	7	153	160.4661504212666	910	0.910989010989011
21	2	cdf	7	154	43.620367874566966	1043	0.9415148609779482
21	2	cdf	7	155	100.19780605115346	984	0.9278455284552846
21	2	cdf	7	156	30.21141647909553	1093	1.0
21	2	cdf	7	157	265.4360650463193	1009	0.8107036669970268
21	2	cdf	7	158	26.57557957504069	1001	0.938061938061938
21	2	cdf	7	159	21.283255549562018	951	1.0
21	2	cdf	7	160	112.9196089096468	951	0.9873817034700315
21	2	cdf	7	161	45.464131670072334	1510	0.9602649006622517
21	2	cdf	8	162	53.05939769971061	1226	0.99836867862969
21	2	cdf	8	163	123.27234129765783	1135	0.9541850220264317
21	2	cdf	8	164	107.25845606455049	959	0.7924921793534933
21	2	cdf	8	165	45.35223554327799	759	1.0
21	2	cdf	8	166	41.257203903249035	1284	1.0
21	2	cdf	8	167	241.90542493784818	776	0.8788659793814433
21	2	cdf	8	168	106.78057568847058	843	0.7805456702253856
21	2	cdf	8	169	40.93113562341464	1009	0.931615460852329
21	2	cdf	8	170	83.48959658528406	1151	1.0
21	2	cdf	8	171	85.26241146376024	1301	0.9262106072252114
21	2	cdf	8	172	40.728491302623354	551	1.0
21	2	cdf	8	173	30.891793949936506	684	1.0
21	2	cdf	8	174	81.89627756814845	1101	0.9727520435967303
21	2	cdf	8	175	68.28122702572516	559	1.0
21	2	cdf	8	176	27.604899131805578	1135	1.0
21	2	cdf	8	177	23.988564433573146	792	1.0
21	2	cdf	8	178	39.19108979923579	1126	1.0
21	2	cdf	8	179	30.988853921774385	984	1.0
21	2	cdf	8	180	76.59930490130999	759	1.0
21	2	cdf	8	181	47.97511253987109	950	1.0
21	2	cdf	8	182	15.572900592156413	950	1.0
21	2	cdf	8	183	104.43435352675596	1201	1.0
21	2	cdf	8	184	96.62769513248139	809	0.8393077873918418
22	1	cdf	1	1	110.77595450661383	1751	0.9588806396344945
22	1	cdf	1	2	86.29579796273589	884	0.9400452488687783
22	1	cdf	1	3	57.76428476034609	1360	1.0
22	1	cdf	1	4	53.43097548502129	1226	1.0
22	1	cdf	1	5	37.3390761537828	1594	1.0
22	1	cdf	1	6	36.78019860809356	1585	1.0
22	1	cdf	1	7	52.221505569056575	1751	1.0
22	1	cdf	1	8	45.46882169102081	1476	1.0
22	1	cdf	1	9	38.66980727930174	1352	1.0
22	1	cdf	1	10	57.21540097531235	1134	1.0
22	1	cdf	1	11	45.33756457839868	1201	1.0
22	1	cdf	1	12	45.13298432075613	1585	1.0
22	1	cdf	1	13	67.5085866059153	1309	0.9526355996944232
22	1	cdf	1	14	38.34766577816582	1227	1.0
22	1	cdf	1	15	118.29027798724667	1427	0.9397337070777856
22	1	cdf	1	16	46.201163334825196	1285	1.0
22	1	cdf	1	17	54.88424196136394	1752	1.0
22	1	cdf	1	18	54.379986407311165	1385	1.0
22	1	cdf	1	19	474.5093961984846	1752	0.973744292237443
22	1	cdf	1	20	81.42854894953956	892	0.8901345291479821
22	1	cdf	1	21	62.6369516902732	1301	0.9907763259031515
22	1	cdf	1	22	68.01936962621531	1384	0.9515895953757225
22	1	cdf	1	23	48.51743810415764	1285	1.0
22	1	cdf	2	24	44.31892541827228	1160	1.0
22	1	cdf	2	25	89.18988647098683	1210	0.9950413223140496
22	1	cdf	2	26	122.92360000919415	1510	0.8801324503311259
22	1	cdf	2	27	49.847949751582185	1385	1.0
22	1	cdf	2	28	48.66254979667635	1135	1.0
22	1	cdf	2	29	38.50258906538643	1426	1.0
22	1	cdf	2	30	39.35087817443679	1285	1.0
22	1	cdf	2	31	62.36185722858467	1510	1.0
22	1	cdf	2	32	34.62368346381968	1510	1.0
22	1	cdf	2	33	57.50387620729305	775	1.0
22	1	cdf	2	34	77.05620492368826	1751	0.9971444888635066
22	1	cdf	2	35	46.956307144382805	1068	1.0
22	1	cdf	2	36	57.72747108486203	1751	1.0
22	1	cdf	2	37	31.865978081179325	801	1.0
22	1	cdf	2	38	44.58538324238778	684	1.0
22	1	cdf	2	39	143.8664077597906	1410	0.9312056737588652
22	1	cdf	2	40	122.86410883129113	1093	0.9643183897529735
22	1	cdf	2	41	36.20864359470228	1159	1.0
22	1	cdf	2	42	49.38685872806794	1752	1.0
22	1	cdf	2	43	51.07680275087283	918	1.0
22	1	cdf	2	44	151.89905957113018	1510	0.919205298013245
22	1	cdf	2	45	43.715282995002006	1034	1.0
22	1	cdf	2	46	63.800359881154016	1318	1.0
22	1	cdf	3	47	78.21218616463624	1527	0.9613621480026195
22	1	cdf	3	48	47.39146728926992	1177	1.0
22	1	cdf	3	49	28.761343623092152	926	1.0
22	1	cdf	3	50	31.063358160458993	918	1.0
22	1	cdf	3	51	69.23206286223552	1059	1.0
22	1	cdf	3	52	56.167308256007054	1451	1.0
22	1	cdf	3	53	46.224079446834054	1710	1.0
22	1	cdf	3	54	57.13485848057575	1268	1.0
22	1	cdf	3	55	120.80621656616027	1751	1.0
22	1	cdf	3	56	39.150704003332095	1051	1.0
22	1	cdf	3	57	96.76078416629402	1368	0.9232456140350878
22	1	cdf	3	58	61.785187886641744	1093	1.0
22	1	cdf	3	59	47.30817292250832	1268	1.0
22	1	cdf	3	60	53.19694649374822	1251	1.0
22	1	cdf	3	61	37.855173566197756	1535	1.0
22	1	cdf	3	62	179.0683210921819	1176	0.8937074829931972
22	1	cdf	3	63	86.96183727516679	1126	1.0
22	1	cdf	3	64	189.35824324796124	825	0.8048484848484848
22	1	cdf	3	65	145.12447812887245	1284	0.881619937694704
22	1	cdf	3	66	125.9774067747245	1135	0.7541850220264317
22	1	cdf	3	67	47.14782942221475	1217	1.0
22	1	cdf	3	68	90.84376085832385	1435	0.8898954703832752
22	1	cdf	3	69	26.51861254398667	801	1.0
22	1	cdf	4	70	132.93900354549157	1251	0.9232613908872902
22	1	cdf	4	71	83.14779610845018	1302	0.9078341013824884
22	1	cdf	4	72	73.66705170591257	926	1.0
22	1	cdf	4	73	33.0281076386575	1185	1.0
22	1	cdf	4	74	66.04550340538538	1152	1.0
22	1	cdf	4	75	65.04119514757699	1343	1.0
22	1	cdf	4	76	60.4128733858764	1752	0.9777397260273972
22	1	cdf	4	77	39.33615995253667	1092	1.0
22	1	cdf	4	78	73.05792576057914	1377	0.9121278140885984
22	1	cdf	4	79	60.058825534882935	1718	0.9435389988358557
22	1	cdf	4	80	42.29751335765751	1335	1.0
22	1	cdf	4	81	55.39466823559499	1176	1.0
22	1	cdf	4	82	94.70135661548528	1677	0.9618366129994037
22	1	cdf	4	83	73.86003789213422	784	1.0
22	1	cdf	4	84	45.3669756517743	1209	1.0
22	1	cdf	4	85	65.04883343791776	1543	1.0
22	1	cdf	4	86	55.4256959463991	1210	1.0
22	1	cdf	4	87	127.53367326241671	1342	0.849478390461997
22	1	cdf	4	88	113.5500166371765	1402	0.8873038516405135
22	1	cdf	4	89	68.1163083830026	1252	1.0
22	1	cdf	4	90	50.145769624017035	1218	1.0
22	1	cdf	4	91	116.13342962905628	1134	0.8597883597883598
22	1	cdf	4	92	68.54021235870064	1368	1.0
22	1	cdf	5	93	64.1084983671257	1685	1.0
22	1	cdf	5	94	53.83668160911574	1560	0.9211538461538461
22	1	cdf	5	95	84.87953960378785	993	1.0
22	1	cdf	5	96	61.027826866649505	1727	1.0
22	1	cdf	5	97	44.17747525621714	1752	0.8019406392694064
22	1	cdf	5	98	50.140805507179365	1435	1.0
22	1	cdf	5	99	38.29649029107861	968	1.0
22	1	cdf	5	100	125.45635548810094	1026	0.753411306042885
22	1	cdf	5	101	97.047488413635	1092	0.7362637362637363
22	1	cdf	5	102	233.62643632700912	1076	0.7044609665427509
22	1	cdf	5	103	125.70940406097341	1485	0.8208754208754209
22	1	cdf	5	104	29.661940630490534	1610	1.0
22	1	cdf	5	105	93.65159297450417	876	0.8481735159817352
22	1	cdf	5	106	51.17999799288687	1402	1.0
22	1	cdf	5	107	102.90643172074849	1193	0.9237217099748533
22	1	cdf	5	108	263.6483879186862	1701	0.7748383303938859
22	1	cdf	5	109	72.05543702478171	1409	0.921930447125621
22	1	cdf	5	110	607.5138455271517	1393	0.8521177315147165
22	1	cdf	5	111	75.63557715205549	1536	1.0
22	1	cdf	5	112	132.00421771833894	1719	0.9325189063408958
22	1	cdf	5	113	54.75270693805412	1702	1.0
22	1	cdf	5	114	48.78816659246631	1334	1.0
22	1	cdf	5	115	42.09246288218095	1443	1.0
22	1	cdf	6	116	47.4543796243904	1026	1.0
22	1	cdf	6	117	95.68910283566501	1493	0.8901540522438044
22	1	cdf	6	118	76.08183784961493	1167	0.8560411311053985
22	1	cdf	6	119	64.19125277322735	1409	0.8750887154009936
22	1	cdf	6	120	58.69872991835232	1751	0.857795545402627
22	1	cdf	6	121	42.26694019396008	784	1.0
22	1	cdf	6	122	80.70859397971978	1585	0.9747634069400631
22	1	cdf	6	123	116.36577849272159	1752	0.8755707762557078
22	1	cdf	6	124	122.44773475374612	1027	0.878286270691334
22	1	cdf	6	125	43.093844520666856	1109	1.0
22	1	cdf	6	126	34.38227417807297	1026	1.0
22	1	cdf	6	127	152.4828319281399	1418	0.9858956276445698
22	1	cdf	6	128	93.38245191479965	1201	0.9200666111573689
22	1	cdf	6	129	80.07890034926582	1260	1.0
22	1	cdf	6	130	171.7463291895343	1610	0.7366459627329193
22	1	cdf	6	131	76.93765273084058	1535	0.8162866449511401
22	1	cdf	6	132	48.065280785911774	967	1.0
22	1	cdf	6	133	60.14273342636564	1577	1.0
22	1	cdf	6	134	149.00435465039791	1118	0.8729874776386404
22	1	cdf	6	135	115.26434222899812	1552	0.8228092783505154
22	1	cdf	6	136	128.78531818569377	1151	0.8088618592528236
22	1	cdf	6	137	60.82584421251593	1310	1.0
22	1	cdf	6	138	32.000339588942204	1435	1.0
22	1	cdf	7	139	41.712578992465154	1444	1.0
22	1	cdf	7	140	30.279586758305367	1076	1.0
22	1	cdf	7	141	29.823441652749125	1377	1.0
22	1	cdf	7	142	47.42959486748266	1443	1.0
22	1	cdf	7	143	40.52348323546084	1476	1.0
22	1	cdf	7	144	35.612880466611024	1243	1.0
22	1	cdf	7	145	55.60961810646057	959	1.0
22	1	cdf	7	146	126.3515091312934	1752	0.9480593607305936
22	1	cdf	7	147	61.71166481298525	1410	1.0
22	1	cdf	7	148	36.14017554385015	892	1.0
22	1	cdf	7	149	31.49333297660765	1077	1.0
22	1	cdf	7	150	52.47479674707179	1201	1.0
22	1	cdf	7	151	69.18461693600796	1359	1.0
22	1	cdf	7	152	39.903029476037375	1001	1.0
22	1	cdf	7	153	121.80800720813693	1468	0.9155313351498637
22	1	cdf	7	154	34.025244375813834	1351	1.0
22	1	cdf	7	155	57.86833238457239	1110	1.0
22	1	cdf	7	156	130.08106156625368	1059	0.9187913125590179
22	1	cdf	7	157	302.21170962463555	1602	0.9594257178526842
22	1	cdf	7	158	89.24480926825483	1427	1.0
22	1	cdf	7	159	122.93649048651761	1260	0.946031746031746
22	1	cdf	7	160	622.0824617642924	1752	0.8635844748858448
22	1	cdf	7	161	83.38920034970589	1385	0.9870036101083033
22	1	cdf	8	162	81.93930259889255	1309	0.917494270435447
22	1	cdf	8	163	37.4276991236984	826	1.0
22	1	cdf	8	164	57.417810879651896	1385	1.0
22	1	cdf	8	165	77.99999647084023	1751	0.9560251284980011
22	1	cdf	8	166	60.479580073685966	1260	1.0
22	1	cdf	8	167	49.97191653570245	1210	1.0
22	1	cdf	8	168	186.418924637004	1060	0.8433962264150944
22	1	cdf	8	169	216.53861506302798	1468	0.8249318801089919
22	1	cdf	8	170	92.20302294021381	1460	0.936986301369863
22	1	cdf	8	171	35.767922269361854	1577	1.0
22	1	cdf	8	172	125.55079341477276	1601	0.8732042473454091
22	1	cdf	8	173	65.34965561254864	1393	0.9375448671931084
22	1	cdf	8	174	49.72880688341651	1310	1.0
22	1	cdf	8	175	84.30867114976441	1626	0.9477244772447725
22	1	cdf	8	176	31.997656466769726	959	1.0
22	1	cdf	8	177	126.8225584650367	1118	0.9481216457960644
22	1	cdf	8	178	122.09775823826102	1752	1.0
22	1	cdf	8	179	87.69278945999154	1476	0.9322493224932249
22	1	cdf	8	180	69.32682724328033	1368	1.0
22	1	cdf	8	181	171.53357280068548	909	0.8426842684268426
22	1	cdf	8	182	130.40436895077315	984	1.0
22	1	cdf	8	183	85.31131283712737	1493	0.943067649028801
22	1	cdf	8	184	45.76147498864846	818	1.0
22	2	inverse_cdf	1	1	99.98945344968223	1710	1.0
22	2	inverse_cdf	1	2	59.076931138693226	1485	0.969023569023569
22	2	inverse_cdf	1	3	48.65298718146907	1752	1.0
22	2	inverse_cdf	1	4	41.673155451908286	1602	1.0
22	2	inverse_cdf	1	5	40.25108688866896	1752	1.0
22	2	inverse_cdf	1	6	27.11906190536046	1744	1.0
22	2	inverse_cdf	1	7	39.03751804012729	1751	1.0
22	2	inverse_cdf	1	8	37.31008870426425	1743	1.0
22	2	inverse_cdf	1	9	38.260777014505756	1751	1.0
22	2	inverse_cdf	1	10	50.47272346260025	1369	1.0
22	2	inverse_cdf	1	11	30.388819496829154	1610	1.0
22	2	inverse_cdf	1	12	44.67941566250826	1751	1.0
22	2	inverse_cdf	1	13	43.01430528532989	1743	1.0
22	2	inverse_cdf	1	14	43.28333285945609	1551	1.0
22	2	inverse_cdf	1	15	62.59746226643083	1751	0.970873786407767
22	2	inverse_cdf	1	16	40.80735257378252	1651	1.0
22	2	inverse_cdf	1	17	54.853524362838286	1318	0.952959028831563
22	2	inverse_cdf	1	18	53.179753914971386	1626	1.0
22	2	inverse_cdf	1	19	65.11178575201701	1752	0.9571917808219178
22	2	inverse_cdf	1	20	44.604281338025906	1017	1.0
22	2	inverse_cdf	1	21	76.16427302609351	1752	0.968607305936073
22	2	inverse_cdf	1	22	57.84494271815803	1743	1.0
22	2	inverse_cdf	1	23	21.82781850424782	1751	1.0
22	2	inverse_cdf	2	24	49.736058612426156	1710	1.0
22	2	inverse_cdf	2	25	50.67277221874281	1292	1.0
22	2	inverse_cdf	2	26	36.12510899570662	1602	1.0
22	2	inverse_cdf	2	27	39.143902098416014	1752	1.0
22	2	inverse_cdf	2	28	31.148669617808793	1743	1.0
22	2	inverse_cdf	2	29	46.36056818979694	1627	1.0
22	2	inverse_cdf	2	30	42.780403448169	1693	1.0
22	2	inverse_cdf	2	31	47.16397020967197	1259	1.0
22	2	inverse_cdf	2	32	45.66622347134668	1485	1.0
22	2	inverse_cdf	2	33	54.72158517930237	1535	1.0
22	2	inverse_cdf	2	34	36.17546460177278	1434	1.0
22	2	inverse_cdf	2	35	49.8019445157791	1501	1.0
22	2	inverse_cdf	2	36	31.27402902400585	1751	1.0
22	2	inverse_cdf	2	37	28.291630288841436	1635	1.0
22	2	inverse_cdf	2	38	34.67903782807437	1368	1.0
22	2	inverse_cdf	2	39	28.589627663425826	1001	1.0
22	2	inverse_cdf	2	40	36.55544734743497	1318	1.0
22	2	inverse_cdf	2	41	49.39544209860742	1677	1.0
22	2	inverse_cdf	2	42	27.529740659884233	942	1.0
22	2	inverse_cdf	2	43	44.75211219739245	1751	1.0
22	2	inverse_cdf	2	44	35.05056999253749	1126	1.0
22	2	inverse_cdf	2	45	31.10018548538621	1009	1.0
22	2	inverse_cdf	2	46	73.81093750937654	1518	0.9591567852437418
22	2	inverse_cdf	3	47	40.68909025824208	993	1.0
22	2	inverse_cdf	3	48	53.8873514877046	1676	1.0
22	2	inverse_cdf	3	49	37.16302416133774	1610	1.0
22	2	inverse_cdf	3	50	41.89693634099974	1135	1.0
22	2	inverse_cdf	3	51	42.40812707734185	1468	1.0
22	2	inverse_cdf	3	52	35.532644969945245	1768	1.0
22	2	inverse_cdf	3	53	78.40313942769298	1259	0.9555202541699762
22	2	inverse_cdf	3	54	71.04475018769075	1752	0.9611872146118722
22	2	inverse_cdf	3	55	39.14671216419932	1493	1.0
22	2	inverse_cdf	3	56	37.099372401498236	1602	1.0
22	2	inverse_cdf	3	57	41.259335647553755	1752	1.0
22	2	inverse_cdf	3	58	39.23777168858733	1743	1.0
22	2	inverse_cdf	3	59	53.93447405887873	1301	1.0
22	2	inverse_cdf	3	60	44.20325340262072	1752	1.0
22	2	inverse_cdf	3	61	34.84776318186849	717	1.0
22	2	inverse_cdf	3	62	57.643299873501704	1584	1.0
22	2	inverse_cdf	3	63	34.94206199189194	1502	1.0
22	2	inverse_cdf	3	64	73.19605688329594	968	0.9638429752066116
22	2	inverse_cdf	3	65	40.45029830816856	792	1.0
22	2	inverse_cdf	3	66	58.90987054782854	993	1.0
22	2	inverse_cdf	3	67	62.162682616714854	1059	0.8932955618508026
22	2	inverse_cdf	3	68	41.09232348221974	1360	1.0
22	2	inverse_cdf	3	69	44.09614473692334	1009	1.0
22	2	inverse_cdf	4	70	50.89945210947053	1751	1.0
22	2	inverse_cdf	4	71	23.890669238275144	592	1.0
22	2	inverse_cdf	4	72	33.39581409082733	1026	0.8996101364522417
22	2	inverse_cdf	4	73	52.14336778831121	1377	1.0
22	2	inverse_cdf	4	74	33.73676958565358	959	1.0
22	2	inverse_cdf	4	75	48.278004616384365	1685	1.0
22	2	inverse_cdf	4	76	50.66771798890846	976	1.0
22	2	inverse_cdf	4	77	41.237531787016614	743	1.0
22	2	inverse_cdf	4	78	53.16629967024804	1559	1.0
22	2	inverse_cdf	4	79	28.491873908857073	943	1.0
22	2	inverse_cdf	4	80	45.59981990061053	776	1.0
22	2	inverse_cdf	4	81	48.330948957880345	1176	1.0
22	2	inverse_cdf	4	82	57.4088032345619	1752	1.0
22	2	inverse_cdf	4	83	34.60676736182552	1118	1.0
22	2	inverse_cdf	4	84	72.55001629690993	1384	0.9458092485549133
22	2	inverse_cdf	4	85	32.95858618160669	1318	1.0
22	2	inverse_cdf	4	86	73.4351866615659	842	0.8610451306413301
22	2	inverse_cdf	4	87	37.30825686069774	1285	1.0
22	2	inverse_cdf	4	88	40.9172631555393	1285	1.0
22	2	inverse_cdf	4	89	45.01504171882173	1376	1.0
22	2	inverse_cdf	4	90	46.815727458162804	1334	1.0
22	2	inverse_cdf	4	91	51.78238279460684	993	1.0
22	2	inverse_cdf	4	92	49.206511177061664	1335	1.0
22	2	inverse_cdf	5	93	55.999509891102946	1042	1.0
22	2	inverse_cdf	5	94	61.17479468814838	1076	0.8912639405204461
22	2	inverse_cdf	5	95	53.126009302835556	1752	0.9754566210045662
22	2	inverse_cdf	5	96	65.02828421285527	617	0.9189627228525121
22	2	inverse_cdf	5	97	34.25640331815753	842	1.0
22	2	inverse_cdf	5	98	40.747991248466334	1051	1.0
22	2	inverse_cdf	5	99	39.53340307641903	1017	1.0
22	2	inverse_cdf	5	100	38.01435818368312	1076	1.0
22	2	inverse_cdf	5	101	50.45044187665218	1002	1.0
22	2	inverse_cdf	5	102	54.76722376218257	1752	1.0
22	2	inverse_cdf	5	103	30.938565619887346	1226	1.0
22	2	inverse_cdf	5	104	63.95583281740157	1160	1.0
22	2	inverse_cdf	5	105	34.76068328364809	717	1.0
22	2	inverse_cdf	5	106	41.249383812090166	575	1.0
22	2	inverse_cdf	5	107	54.84155789707157	1194	1.0
22	2	inverse_cdf	5	108	55.472946644342805	1234	1.0
22	2	inverse_cdf	5	109	45.203529793847466	834	1.0
22	2	inverse_cdf	5	110	49.61264480592908	834	1.0
22	2	inverse_cdf	5	111	47.54606318391866	1301	1.0
22	2	inverse_cdf	5	112	34.61164364627227	843	1.0
22	2	inverse_cdf	5	113	39.306408450742616	951	1.0
22	2	inverse_cdf	5	114	51.01218883955814	1151	1.0
22	2	inverse_cdf	5	115	34.31171470335588	1168	1.0
22	2	inverse_cdf	6	116	66.1034243728573	943	1.0
22	2	inverse_cdf	6	117	40.06012560523334	943	1.0
22	2	inverse_cdf	6	118	75.86383073311681	1418	0.921015514809591
22	2	inverse_cdf	6	119	39.04370791207588	1377	1.0
22	2	inverse_cdf	6	120	44.3535411497248	951	1.0
22	2	inverse_cdf	6	121	62.65662634179441	1434	1.0
22	2	inverse_cdf	6	122	38.15131119769215	1151	1.0
22	2	inverse_cdf	6	123	56.251680725374484	992	1.0
22	2	inverse_cdf	6	124	58.287651322031536	1560	1.0
22	2	inverse_cdf	6	125	39.309441130015415	1202	1.0
22	2	inverse_cdf	6	126	40.28735947534334	1067	1.0
22	2	inverse_cdf	6	127	53.61940935488355	1192	1.0
22	2	inverse_cdf	6	128	79.1198763024162	1185	0.9704641350210971
22	2	inverse_cdf	6	129	44.07546421369399	1210	1.0
22	2	inverse_cdf	6	130	33.19928091482484	1035	1.0
22	2	inverse_cdf	6	131	58.06567910912315	1210	1.0
22	2	inverse_cdf	6	132	40.92773129679284	1084	1.0
22	2	inverse_cdf	6	133	39.43871539119916	718	1.0
22	2	inverse_cdf	6	134	45.15491899776404	1102	1.0
22	2	inverse_cdf	6	135	44.32243992955882	1468	1.0
22	2	inverse_cdf	6	136	47.03778122964283	942	1.0
22	2	inverse_cdf	6	137	52.694610545632486	976	1.0
22	2	inverse_cdf	6	138	34.425971945859246	884	1.0
22	2	inverse_cdf	7	139	43.973520850303245	1017	1.0
22	2	inverse_cdf	7	140	45.077646297065634	1210	1.0
22	2	inverse_cdf	7	141	33.065238197647616	985	1.0
22	2	inverse_cdf	7	142	41.94043853450713	1243	1.0
22	2	inverse_cdf	7	143	61.63825052510655	851	0.9670975323149236
22	2	inverse_cdf	7	144	61.227723435634516	625	0.9968
22	2	inverse_cdf	7	145	37.06140341348014	1101	1.0
22	2	inverse_cdf	7	146	51.18940921272002	1368	1.0
22	2	inverse_cdf	7	147	53.79401999263922	1451	1.0
22	2	inverse_cdf	7	148	44.26560483465356	1084	1.0
22	2	inverse_cdf	7	149	84.59508548548942	992	0.9344758064516129
22	2	inverse_cdf	7	150	38.38613824586685	985	1.0
22	2	inverse_cdf	7	151	39.040795206823454	1293	1.0
22	2	inverse_cdf	7	152	41.50118753813379	1051	1.0
22	2	inverse_cdf	7	153	49.08708316558186	1226	1.0
22	2	inverse_cdf	7	154	59.240035715371185	1460	1.0
22	2	inverse_cdf	7	155	32.81649572052735	1084	1.0
22	2	inverse_cdf	7	156	83.56383253730075	1368	0.9510233918128655
22	2	inverse_cdf	7	157	48.98432002045437	1752	1.0
22	2	inverse_cdf	7	158	82.95971260620749	709	0.9139633286318759
22	2	inverse_cdf	7	159	41.067614395959474	1026	1.0
22	2	inverse_cdf	7	160	31.407347619502712	1168	1.0
22	2	inverse_cdf	7	161	30.19714325971933	934	1.0
22	2	inverse_cdf	8	162	53.21888648392897	1226	0.9265905383360522
22	2	inverse_cdf	8	163	59.30405437472489	826	1.0
22	2	inverse_cdf	8	164	34.34452686053356	617	1.0
22	2	inverse_cdf	8	165	43.541187694639724	1193	1.0
22	2	inverse_cdf	8	166	40.55902733617884	1184	1.0
22	2	inverse_cdf	8	167	36.489774651955884	1218	1.0
22	2	inverse_cdf	8	168	46.118083570851475	1118	1.0
22	2	inverse_cdf	8	169	47.601505539206094	1693	1.0
22	2	inverse_cdf	8	170	59.06011829212749	959	1.0
22	2	inverse_cdf	8	171	42.457857880396084	1218	1.0
22	2	inverse_cdf	8	172	40.08841375449315	1343	1.0
22	2	inverse_cdf	8	173	46.66230405954589	851	1.0
22	2	inverse_cdf	8	174	29.691111472138218	1242	1.0
22	2	inverse_cdf	8	175	40.89586849030551	1193	1.0
22	2	inverse_cdf	8	176	45.00639866728488	1443	0.990990990990991
22	2	inverse_cdf	8	177	43.66680893428554	1526	0.9783748361730014
22	2	inverse_cdf	8	178	39.77568530890521	1017	1.0
22	2	inverse_cdf	8	179	42.449493644055835	1268	1.0
22	2	inverse_cdf	8	180	35.59077878465487	1034	1.0
22	2	inverse_cdf	8	181	42.896123322520324	1176	1.0
22	2	inverse_cdf	8	182	45.26873216998777	1301	1.0
22	2	inverse_cdf	8	183	28.57743007489083	734	1.0
22	2	inverse_cdf	8	184	52.16681871268439	1351	0.9481865284974094
23	1	inverse_cdf	1	1	123.43636190532109	1752	0.922945205479452
23	1	inverse_cdf	1	2	131.0358248236446	734	0.9291553133514986
23	1	inverse_cdf	1	3	72.94528751178325	1685	1.0
23	1	inverse_cdf	1	4	56.85633534283897	1743	0.9627079747561675
23	1	inverse_cdf	1	5	67.0832573842757	1067	0.9409559512652296
23	1	inverse_cdf	1	6	26.116857194779794	1342	1.0
23	1	inverse_cdf	1	7	38.56050850294437	1502	1.0
23	1	inverse_cdf	1	8	26.162059365759994	1302	1.0
23	1	inverse_cdf	1	9	69.4165571871612	1694	1.0
23	1	inverse_cdf	1	10	54.610904421780596	1585	0.9520504731861199
23	1	inverse_cdf	1	11	137.07911302856746	1751	0.9994288977727013
23	1	inverse_cdf	1	12	115.96323669879057	1051	1.0
23	1	inverse_cdf	1	13	57.15453157351886	1752	0.9845890410958904
23	1	inverse_cdf	1	14	36.479292183466576	1035	1.0
23	1	inverse_cdf	1	15	36.929725622370405	1752	1.0
23	1	inverse_cdf	1	16	57.96489789916544	934	1.0
23	1	inverse_cdf	1	17	77.02303490648022	1143	0.9650043744531933
23	1	inverse_cdf	1	18	106.85936729802522	1109	1.0
23	1	inverse_cdf	1	19	121.82843273392454	1478	1.0
23	1	inverse_cdf	1	20	159.34237189329033	1042	0.9683301343570058
23	1	inverse_cdf	1	21	98.01906888020876	1726	1.0
23	1	inverse_cdf	1	22	26.15821016638901	1451	1.0
23	1	inverse_cdf	1	23	88.30596872500283	1027	0.9172346640701071
23	1	inverse_cdf	2	24	108.77005016787173	1526	0.9619921363040629
23	1	inverse_cdf	2	25	35.66894538172752	817	1.0
23	1	inverse_cdf	2	26	112.85877844835336	1752	0.940068493150685
23	1	inverse_cdf	2	27	57.07594660389459	1743	1.0
23	1	inverse_cdf	2	28	198.62642488503758	1401	0.9892933618843683
23	1	inverse_cdf	2	29	41.48854528818014	1243	1.0
23	1	inverse_cdf	2	30	59.35883769670318	876	1.0
23	1	inverse_cdf	2	31	49.57940091343882	859	1.0
23	1	inverse_cdf	2	32	129.58552178829945	1710	0.952046783625731
23	1	inverse_cdf	2	33	100.91662606247316	1060	1.0
23	1	inverse_cdf	2	34	28.804149550977176	1018	1.0
23	1	inverse_cdf	2	35	33.68696198109733	1084	1.0
23	1	inverse_cdf	2	36	104.47712326533173	1393	1.0
23	1	inverse_cdf	2	37	145.73256655110853	1752	0.9628995433789954
23	1	inverse_cdf	2	38	84.34169122138603	1217	1.0
23	1	inverse_cdf	2	39	55.426456922301206	1185	1.0
23	1	inverse_cdf	2	40	105.80150805060077	1435	0.9484320557491289
23	1	inverse_cdf	2	41	40.717777894311254	992	1.0
23	1	inverse_cdf	2	42	75.5296546268637	1468	0.9577656675749319
23	1	inverse_cdf	2	43	156.90505436585	776	0.9806701030927835
23	1	inverse_cdf	2	44	52.59374402752364	1085	1.0
23	1	inverse_cdf	2	45	81.54431867233716	1535	0.9543973941368078
23	1	inverse_cdf	2	46	36.74140664849714	1451	1.0
23	1	inverse_cdf	3	47	35.4586295143471	1117	1.0
23	1	inverse_cdf	3	48	74.83606520645586	1751	1.0
23	1	inverse_cdf	3	49	132.85521021796325	1218	1.0
23	1	inverse_cdf	3	50	44.38984436476403	776	1.0
23	1	inverse_cdf	3	51	37.92569940356638	1577	1.0
23	1	inverse_cdf	3	52	44.45182664913051	1168	1.0
23	1	inverse_cdf	3	53	81.47400607744166	1460	1.0
23	1	inverse_cdf	3	54	31.111006777178414	1318	1.0
23	1	inverse_cdf	3	55	79.41357990769075	1127	1.0
23	1	inverse_cdf	3	56	56.564088967663835	1293	1.0
23	1	inverse_cdf	3	57	46.76274108933132	1660	1.0
23	1	inverse_cdf	3	58	40.59697314993686	1085	1.0
23	1	inverse_cdf	3	59	54.85337002073993	742	1.0
23	1	inverse_cdf	3	60	44.040788568631875	1110	1.0
23	1	inverse_cdf	3	61	32.82248919592255	1511	1.0
23	1	inverse_cdf	3	62	26.10844013125368	760	1.0
23	1	inverse_cdf	3	63	191.9416454560225	1151	0.9087749782797567
23	1	inverse_cdf	3	64	75.76575216401329	892	0.9910313901345291
23	1	inverse_cdf	3	65	36.9478998982124	1685	1.0
23	1	inverse_cdf	3	66	117.87517965184497	1752	0.9765981735159818
23	1	inverse_cdf	3	67	21.729723489295505	684	1.0
23	1	inverse_cdf	3	68	57.47061652228061	1752	1.0
23	1	inverse_cdf	3	69	34.834786188588836	1051	1.0
23	1	inverse_cdf	4	70	222.32811217063414	852	0.9143192488262911
23	1	inverse_cdf	4	71	106.06281821173715	1285	1.0
23	1	inverse_cdf	4	72	47.23121329746885	1718	1.0
23	1	inverse_cdf	4	73	74.8530211746002	1053	0.9173789173789174
23	1	inverse_cdf	4	74	109.01695099881819	626	0.8738019169329073
23	1	inverse_cdf	4	75	210.43795867196323	884	0.8699095022624435
23	1	inverse_cdf	4	76	42.19481342886638	1161	1.0
23	1	inverse_cdf	4	77	165.9446178408106	1293	0.8499613302397525
23	1	inverse_cdf	4	78	96.52661766119813	1201	0.9092422980849292
23	1	inverse_cdf	4	79	112.31384071818269	1593	0.9403640929064658
23	1	inverse_cdf	4	80	50.11783183357586	917	1.0
23	1	inverse_cdf	4	81	59.59403810683042	1285	0.9883268482490273
23	1	inverse_cdf	4	82	37.12847128008883	1026	1.0
23	1	inverse_cdf	4	83	37.10766416894171	968	1.0
23	1	inverse_cdf	4	84	125.79698326438924	1259	0.920571882446386
23	1	inverse_cdf	4	85	48.91789589044317	1051	1.0
23	1	inverse_cdf	4	86	56.242957829525935	1176	1.0
23	1	inverse_cdf	4	87	38.76190521088501	1301	1.0
23	1	inverse_cdf	4	88	90.15411767733006	1276	1.0
23	1	inverse_cdf	4	89	65.31824049618297	926	1.0
23	1	inverse_cdf	4	90	102.43782281075129	1018	1.0
23	1	inverse_cdf	4	91	231.51091549197378	1026	0.7095516569200779
23	1	inverse_cdf	4	92	117.69547398658737	817	0.8873929008567931
23	1	inverse_cdf	5	93	97.98602355106696	1293	0.9891724671307038
23	1	inverse_cdf	5	94	68.88404486537425	1384	1.0
23	1	inverse_cdf	5	95	88.20087382830637	1369	0.9861212563915267
23	1	inverse_cdf	5	96	147.29391588021647	1293	0.8468677494199536
23	1	inverse_cdf	5	97	173.80133381134087	1309	1.0
23	1	inverse_cdf	5	98	48.443784071498754	834	1.0
23	1	inverse_cdf	5	99	43.2516723016976	1553	1.0
23	1	inverse_cdf	5	100	245.2007659930285	1293	0.8917246713070379
23	1	inverse_cdf	5	101	475.6100314822461	1510	0.12980132450331125
23	1	inverse_cdf	5	102	226.4554226142828	1752	0.9657534246575342
23	1	inverse_cdf	5	103	79.26240768983304	1418	1.0
23	1	inverse_cdf	5	104	280.59678626694017	1493	0.8359008707300737
23	1	inverse_cdf	5	105	63.815346354456416	876	1.0
23	1	inverse_cdf	5	106	262.9398738698146	1101	0.5640326975476839
23	1	inverse_cdf	5	107	68.54536593984008	1209	0.9867659222497932
23	1	inverse_cdf	5	108	244.5041368524724	1670	0.7491017964071857
23	1	inverse_cdf	5	109	82.91804139532861	934	0.9625267665952891
23	1	inverse_cdf	5	110	141.2159881212169	1752	0.8767123287671232
23	1	inverse_cdf	5	111	128.70516212959717	811	0.9630086313193588
23	1	inverse_cdf	5	112	51.24689181082936	742	1.0
23	1	inverse_cdf	5	113	104.98135002561636	1142	0.9623467600700525
23	1	inverse_cdf	5	114	125.74020130003983	1110	0.8837837837837837
23	1	inverse_cdf	5	115	305.64581739469463	1334	0.5412293853073463
23	1	inverse_cdf	6	116	135.92650177110224	1185	1.0
23	1	inverse_cdf	6	117	170.9981290740291	1752	0.4674657534246575
23	1	inverse_cdf	6	118	70.37732196861899	1277	0.9357870007830854
23	1	inverse_cdf	6	119	51.208241557296425	1551	1.0
23	1	inverse_cdf	6	120	53.82274984124244	884	1.0
23	1	inverse_cdf	6	121	88.15709231125435	1360	0.9051470588235294
23	1	inverse_cdf	6	122	32.55136491082071	1184	1.0
23	1	inverse_cdf	6	123	62.027617863175365	1242	1.0
23	1	inverse_cdf	6	124	83.62601144771189	892	1.0
23	1	inverse_cdf	6	125	114.36937296872443	1528	1.0
23	1	inverse_cdf	6	126	57.29983931052167	1751	0.5305539691604797
23	1	inverse_cdf	6	127	107.94519585865109	1193	0.9396479463537301
23	1	inverse_cdf	6	128	43.754525012962944	1000	1.0
23	1	inverse_cdf	6	129	55.533922891820716	1335	1.0
23	1	inverse_cdf	6	130	50.88287390000698	1260	1.0
23	1	inverse_cdf	6	131	127.08772424834481	1368	0.9210526315789473
23	1	inverse_cdf	6	132	181.89069340621896	1543	0.8891769280622165
23	1	inverse_cdf	6	133	24.131629490598996	1334	0.5089955022488756
23	1	inverse_cdf	6	134	51.988782459194766	1418	1.0
23	1	inverse_cdf	6	135	233.68632533466683	1243	0.7015285599356396
23	1	inverse_cdf	6	136	78.95453858484461	1410	1.0
23	1	inverse_cdf	6	137	25.441871877676476	776	1.0
23	1	inverse_cdf	6	138	96.28319197536692	1227	1.0
23	1	inverse_cdf	7	139	39.88393320787896	1494	1.0
23	1	inverse_cdf	7	140	198.27659599574366	1410	0.8709219858156029
23	1	inverse_cdf	7	141	88.71663377764801	1284	0.9454828660436138
23	1	inverse_cdf	7	142	52.1454640548816	1219	1.0
23	1	inverse_cdf	7	143	40.38783718215059	868	1.0
23	1	inverse_cdf	7	144	32.8725635407383	1234	1.0
23	1	inverse_cdf	7	145	60.36125660376579	1678	1.0
23	1	inverse_cdf	7	146	38.63248812757498	1751	1.0
23	1	inverse_cdf	7	147	50.97339016025531	1017	1.0
23	1	inverse_cdf	7	148	194.47293850543423	1051	0.994291151284491
23	1	inverse_cdf	7	149	63.451792196186474	918	0.985838779956427
23	1	inverse_cdf	7	150	44.763321371582954	1084	1.0
23	1	inverse_cdf	7	151	53.959144605997274	643	1.0
23	1	inverse_cdf	7	152	39.17459330549423	1410	1.0
23	1	inverse_cdf	7	153	126.36455029280073	842	0.9833729216152018
23	1	inverse_cdf	7	154	51.84759283867206	1084	1.0
23	1	inverse_cdf	7	155	77.430676381841	1109	1.0
23	1	inverse_cdf	7	156	44.22981407660538	876	1.0
23	1	inverse_cdf	7	157	29.95152659103995	1092	1.0
23	1	inverse_cdf	7	158	44.497843472467565	1502	1.0
23	1	inverse_cdf	7	159	198.77182142181152	1059	0.8271954674220963
23	1	inverse_cdf	7	160	45.668946985925125	1035	1.0
23	1	inverse_cdf	7	161	90.01419237392871	1427	0.9418360196215837
23	1	inverse_cdf	8	162	99.07215968661195	1443	1.0
23	1	inverse_cdf	8	163	24.524076509755186	1376	1.0
23	1	inverse_cdf	8	164	81.23668529181866	1584	0.9419191919191919
23	1	inverse_cdf	8	165	101.54201329246933	967	0.96794208893485
23	1	inverse_cdf	8	166	28.900290283622454	1584	1.0
23	1	inverse_cdf	8	167	38.47218963112226	1752	1.0
23	1	inverse_cdf	8	168	33.490219287711994	943	1.0
23	1	inverse_cdf	8	169	36.49031643257181	1402	1.0
23	1	inverse_cdf	8	170	21.999327896292524	1068	1.0
23	1	inverse_cdf	8	171	30.38883658476891	1351	1.0
23	1	inverse_cdf	8	172	31.297520302583695	936	1.0
23	1	inverse_cdf	8	173	50.62878089987766	1034	1.0
23	1	inverse_cdf	8	174	26.71580633602496	717	1.0
23	1	inverse_cdf	8	175	29.90064592693825	1209	1.0
23	1	inverse_cdf	8	176	36.677811109978606	1084	1.0
23	1	inverse_cdf	8	177	58.75689095893761	1552	1.0
23	1	inverse_cdf	8	178	66.46134893010158	1685	1.0
23	1	inverse_cdf	8	179	40.82074969800425	1585	1.0
23	1	inverse_cdf	8	180	30.85988681460586	1452	1.0
23	1	inverse_cdf	8	181	37.822578960773946	726	1.0
23	1	inverse_cdf	8	182	69.6825130026266	1235	1.0
23	1	inverse_cdf	8	183	34.99479061550438	1485	1.0
23	1	inverse_cdf	8	184	36.367579980328905	1418	1.0
23	2	cdf	1	1	35.87668320378883	1751	1.0
23	2	cdf	1	2	60.23397414870011	1359	1.0
23	2	cdf	1	3	33.44764279968189	1752	1.0
23	2	cdf	1	4	47.02523464326711	1744	1.0
23	2	cdf	1	5	28.42922655084047	1435	1.0
23	2	cdf	1	6	63.23155508048176	1752	1.0
23	2	cdf	1	7	88.35296128535187	1752	0.96175799086758
23	2	cdf	1	8	69.93687083586927	1752	0.9628995433789954
23	2	cdf	1	9	65.44868586997914	1752	1.0
23	2	cdf	1	10	140.52900028123318	1493	0.9464166108506363
23	2	cdf	1	11	56.03209891766966	1526	1.0
23	2	cdf	1	12	38.09233564703934	1752	1.0
23	2	cdf	1	13	24.834809307338098	1677	1.0
23	2	cdf	1	14	36.55128887551854	1751	1.0
23	2	cdf	1	15	44.21981377813871	1418	1.0
23	2	cdf	1	16	53.43741648138712	1743	1.0
23	2	cdf	1	17	23.6673670402312	1752	1.0
23	2	cdf	1	18	19.236764958076687	1752	1.0
23	2	cdf	1	19	36.77964347404194	1752	1.0
23	2	cdf	1	20	114.02292813527758	1593	0.9234149403640929
23	2	cdf	1	21	85.74506469170083	1752	0.9452054794520548
23	2	cdf	1	22	103.29657661484586	1293	0.9218870843000774
23	2	cdf	1	23	30.934199113805505	1751	1.0
23	2	cdf	2	24	41.515481346460646	1752	1.0
23	2	cdf	2	25	26.670971315024136	1752	1.0
23	2	cdf	2	26	39.637670691105114	1335	1.0
23	2	cdf	2	27	22.608393202236027	1752	1.0
23	2	cdf	2	28	29.7716832523341	1752	1.0
23	2	cdf	2	29	36.41866537752639	1751	1.0
23	2	cdf	2	30	118.49157561918125	1243	0.9219629927594529
23	2	cdf	2	31	40.930475442461464	1553	1.0
23	2	cdf	2	32	23.17717499803543	1535	1.0
23	2	cdf	2	33	78.2063219991514	1752	0.9942922374429224
23	2	cdf	2	34	34.33310969960539	1117	1.0
23	2	cdf	2	35	86.58380443948109	1477	0.946513202437373
23	2	cdf	2	36	37.74537507953331	1752	1.0
23	2	cdf	2	37	27.927330102696697	1352	1.0
23	2	cdf	2	38	30.327620432754046	1744	1.0
23	2	cdf	2	39	121.26850860589039	1585	0.9520504731861199
23	2	cdf	2	40	108.00712103573385	1635	0.962079510703364
23	2	cdf	2	41	41.81831067865445	1668	1.0
23	2	cdf	2	42	33.81606234318135	1427	1.0
23	2	cdf	2	43	62.78825995887259	1285	1.0
23	2	cdf	2	44	27.44089377573818	1493	1.0
23	2	cdf	2	45	114.17115916316054	1752	0.9497716894977168
23	2	cdf	2	46	31.247695808245656	1285	1.0
23	2	cdf	3	47	24.902814290918318	926	1.0
23	2	cdf	3	48	24.157894601520553	1393	1.0
23	2	cdf	3	49	15.49595004731299	1410	1.0
23	2	cdf	3	50	21.222402265305195	1168	1.0
23	2	cdf	3	51	33.608040886096724	817	1.0
23	2	cdf	3	52	38.91179703323692	1752	1.0
23	2	cdf	3	53	116.3916190784427	1510	0.9470198675496688
23	2	cdf	3	54	106.5966056683931	1185	0.979746835443038
23	2	cdf	3	55	27.252383510471596	1751	1.0
23	2	cdf	3	56	45.942322990296184	1744	1.0
23	2	cdf	3	57	31.159627329624175	1168	1.0
23	2	cdf	3	58	70.22829185195701	1519	1.0
23	2	cdf	3	59	36.31541102103795	1026	1.0
23	2	cdf	3	60	35.051180059638014	1443	1.0
23	2	cdf	3	61	16.511388921174994	1727	1.0
23	2	cdf	3	62	116.39404282914353	1244	0.9316720257234726
23	2	cdf	3	63	147.8758134956022	1376	0.9425872093023255
23	2	cdf	3	64	40.66130693452409	1284	1.0
23	2	cdf	3	65	43.570794041092974	1418	1.0
23	2	cdf	3	66	87.28699686735943	1660	0.9746987951807229
23	2	cdf	3	67	54.451498808675524	1626	1.0
23	2	cdf	3	68	28.08939452620664	1752	1.0
23	2	cdf	3	69	40.90484142877168	1518	1.0
23	2	cdf	4	70	48.713104000286386	1227	1.0
23	2	cdf	4	71	27.13870185686128	1577	1.0
23	2	cdf	4	72	28.31298230636148	1351	1.0
23	2	cdf	4	73	83.483465285587	1276	0.9388714733542319
23	2	cdf	4	74	34.4516531119823	1752	1.0
23	2	cdf	4	75	51.563909298796574	1243	1.0
23	2	cdf	4	76	82.02405446084474	1393	0.9059583632447954
23	2	cdf	4	77	82.41633821037692	1477	0.9316181448882871
23	2	cdf	4	78	131.58303312053837	1261	0.929421094369548
23	2	cdf	4	79	42.54784924814299	1751	1.0
23	2	cdf	4	80	55.32050405701077	1268	1.0
23	2	cdf	4	81	34.01792012161322	1377	1.0
23	2	cdf	4	82	101.57074188754531	1443	0.957033957033957
23	2	cdf	4	83	102.55637749318095	1460	0.9506849315068493
23	2	cdf	4	84	33.428682766938614	1410	1.0
23	2	cdf	4	85	106.2673249201183	1510	0.9298013245033112
23	2	cdf	4	86	45.30050587759047	1226	1.0
23	2	cdf	4	87	42.05143784441211	1410	1.0
23	2	cdf	4	88	65.76658787797645	1694	0.9551357733175915
23	2	cdf	4	89	81.62614705306412	1718	0.9749708963911525
23	2	cdf	4	90	44.496634616344814	1752	1.0
23	2	cdf	4	91	110.08571853537022	1368	0.9217836257309941
23	2	cdf	4	92	57.800206642132004	1443	1.0
23	2	cdf	5	93	73.19014693104621	1460	0.9363013698630137
23	2	cdf	5	94	55.69977400069915	1152	1.0
23	2	cdf	5	95	66.23117690028842	1226	0.9094616639477977
23	2	cdf	5	96	103.82723223837114	1319	0.9302501895375285
23	2	cdf	5	97	24.967090703249188	1294	1.0
23	2	cdf	5	98	52.315132231096264	1343	1.0
23	2	cdf	5	99	43.7214830477261	1251	1.0
23	2	cdf	5	100	237.41663513893835	1493	0.9343603482920295
23	2	cdf	5	101	32.9210320088738	918	1.0
23	2	cdf	5	102	157.54243651594427	968	0.8977272727272727
23	2	cdf	5	103	74.6458217479513	885	0.9344632768361582
23	2	cdf	5	104	35.15098308059842	1251	1.0
23	2	cdf	5	105	34.30664571165373	1168	1.0
23	2	cdf	5	106	59.907596831056544	709	1.0
23	2	cdf	5	107	51.4503227933969	1268	1.0
23	2	cdf	5	108	44.59975957679801	943	1.0
23	2	cdf	5	109	112.18464975491473	1385	0.9306859205776173
23	2	cdf	5	110	44.511599591223664	1335	1.0
23	2	cdf	5	111	108.42671021103739	1301	0.9754035357417371
23	2	cdf	5	112	31.894352557157585	676	1.0
23	2	cdf	5	113	21.72930229228514	984	1.0
23	2	cdf	5	114	112.23872962809278	1235	0.9919028340080972
23	2	cdf	5	115	42.668076395399815	1076	1.0
23	2	cdf	6	116	127.17908250687935	1060	0.9226415094339623
23	2	cdf	6	117	31.529430307795796	1051	1.0
23	2	cdf	6	118	103.62425270687017	1485	0.9441077441077441
23	2	cdf	6	119	79.22870102175635	1301	0.9208301306687163
23	2	cdf	6	120	24.037486032955893	1111	1.0
23	2	cdf	6	121	26.484316909897906	1485	1.0
23	2	cdf	6	122	40.19266857344388	1193	1.0
23	2	cdf	6	123	31.863863273929134	1051	1.0
23	2	cdf	6	124	27.46136235354737	1586	1.0
23	2	cdf	6	125	44.65106741023042	1101	1.0
23	2	cdf	6	126	131.20428944871932	1109	0.9062218214607755
23	2	cdf	6	127	34.21980038780957	984	1.0
23	2	cdf	6	128	37.829262774622556	1485	1.0
23	2	cdf	6	129	42.52991070994558	1376	1.0
23	2	cdf	6	130	96.38290590143534	1226	0.9176182707993474
23	2	cdf	6	131	29.98721577013307	1009	1.0
23	2	cdf	6	132	52.740172560087515	1102	0.9909255898366606
23	2	cdf	6	133	25.450704572380328	1310	1.0
23	2	cdf	6	134	33.5391227671921	1568	1.0
23	2	cdf	6	135	106.92486165211241	1093	0.9524245196706312
23	2	cdf	6	136	33.12122311652686	1159	1.0
23	2	cdf	6	137	28.168796321124002	959	1.0
23	2	cdf	6	138	30.127309393521095	1210	1.0
23	2	cdf	7	139	46.64539629519792	1469	1.0
23	2	cdf	7	140	36.9856754584632	851	1.0
23	2	cdf	7	141	45.43671331646859	1118	1.0
23	2	cdf	7	142	38.241177867544145	1068	1.0
23	2	cdf	7	143	47.52774040225911	1068	1.0
23	2	cdf	7	144	62.498221113343924	826	1.0
23	2	cdf	7	145	33.92170689123427	1326	1.0
23	2	cdf	7	146	30.543143166131532	1268	1.0
23	2	cdf	7	147	51.31880349989446	1226	0.9861337683523654
23	2	cdf	7	148	80.89860841655201	1752	0.7950913242009132
23	2	cdf	7	149	22.541434123072715	1360	1.0
23	2	cdf	7	150	98.2787813717833	693	0.948051948051948
23	2	cdf	7	151	31.83572209633804	792	1.0
23	2	cdf	7	152	90.04640816939559	751	0.8202396804260985
23	2	cdf	7	153	48.39356522896548	1009	1.0
23	2	cdf	7	154	240.95211899666467	1143	0.6666666666666666
23	2	cdf	7	155	107.06094127730267	1176	0.9532312925170068
23	2	cdf	7	156	54.88451292361306	1652	1.0
23	2	cdf	7	157	32.71028256394878	1610	1.0
23	2	cdf	7	158	26.69423372974321	1168	1.0
23	2	cdf	7	159	89.70746502894238	1168	0.9717465753424658
23	2	cdf	7	160	30.67080905564508	909	1.0
23	2	cdf	7	161	37.95084994358555	1184	1.0
23	2	cdf	8	162	56.674677857379784	1535	1.0
23	2	cdf	8	163	62.434765676393404	868	1.0
23	2	cdf	8	164	31.383261753794887	934	1.0
23	2	cdf	8	165	44.65142717224068	1544	1.0
23	2	cdf	8	166	106.54089828335049	1743	0.43717728055077454
23	2	cdf	8	167	149.4517890932615	1401	0.8336902212705211
23	2	cdf	8	168	99.53338589672185	776	0.5038659793814433
23	2	cdf	8	169	141.92857846428532	1744	0.39621559633027525
23	2	cdf	8	170	126.12746841285326	1752	0.09703196347031963
23	2	cdf	8	171		1752	0.0
23	2	cdf	8	172	116.47231250348338	1318	1.0
23	2	cdf	8	173	77.79836254131219	1752	0.04737442922374429
23	2	cdf	8	174	59.56854313494474	843	1.0
23	2	cdf	8	175	169.42334728486094	1443	0.9071379071379071
23	2	cdf	8	176	46.20295475015973	835	1.0
23	2	cdf	8	177	90.79322714128513	1009	0.42021803766105054
23	2	cdf	8	178		1752	0.0
23	2	cdf	8	179	0.0	1118	0.004472271914132379
23	2	cdf	8	180		1752	0.0
23	2	cdf	8	181	38.66514255424924	842	1.0
23	2	cdf	8	182	217.02243845455163	1427	0.8682550805886475
23	2	cdf	8	183		1752	0.0
23	2	cdf	8	184		1743	0.0
24	1	cdf	1	1	77.99723009149052	1518	0.961133069828722
24	1	cdf	1	2	85.49649446972822	1109	0.9711451758340848
24	1	cdf	1	3	69.43616214048627	1460	0.9917808219178083
24	1	cdf	1	4	45.4428738119024	1251	1.0
24	1	cdf	1	5	19.827588779982214	1384	1.0
24	1	cdf	1	6	40.67515465609698	1727	1.0
24	1	cdf	1	7	92.01196733163029	1752	1.0
24	1	cdf	1	8	94.68762884009084	1068	0.952247191011236
24	1	cdf	1	9	87.72865430580644	1335	0.9737827715355806
24	1	cdf	1	10	50.20752594832403	1117	1.0
24	1	cdf	1	11	28.513276052118066	1518	1.0
24	1	cdf	1	12	18.63602530186559	1101	1.0
24	1	cdf	1	13	18.994179403798764	1151	1.0
24	1	cdf	1	14	81.19288348135534	267	1.0
24	1	cdf	1	15	60.6120280713466	1009	1.0
24	1	cdf	1	16	36.14027789975824	1368	1.0
24	1	cdf	1	17	31.0529771425702	1627	1.0
24	1	cdf	1	18	70.59959682769785	1435	1.0
24	1	cdf	1	19	97.10051503468114	1059	1.0
24	1	cdf	1	20	31.627703218575448	818	1.0
24	1	cdf	1	21	51.42593579981065	1309	1.0
24	1	cdf	1	22	40.633862129700624	967	1.0
24	1	cdf	1	23	23.82653004703173	1451	1.0
24	1	cdf	2	24	33.74646509867905	1084	1.0
24	1	cdf	2	25	22.76253090877869	1752	1.0
24	1	cdf	2	26	43.64860023862934	1142	1.0
24	1	cdf	2	27	32.334839369263406	1376	1.0
24	1	cdf	2	28	103.80379650569441	1435	1.0
24	1	cdf	2	29	69.59328815770847	1234	1.0
24	1	cdf	2	30	26.105979472767455	1551	1.0
24	1	cdf	2	31	47.993837282855765	1351	1.0
24	1	cdf	2	32	65.76804405386748	968	1.0
24	1	cdf	2	33	29.204634569029704	1460	1.0
24	1	cdf	2	34	60.741673420947855	1167	1.0
24	1	cdf	2	35	152.71279906215554	1368	0.9736842105263158
24	1	cdf	2	36	98.54420544618014	1426	0.9915848527349228
24	1	cdf	2	37	30.398701397087738	1034	1.0
24	1	cdf	2	38	32.53136127857865	1693	1.0
24	1	cdf	2	39	24.143798468759925	1527	1.0
24	1	cdf	2	40	34.39609689328902	1543	1.0
24	1	cdf	2	41	51.43760955929013	1602	1.0
24	1	cdf	2	42	33.43799673338218	1677	1.0
24	1	cdf	2	43	30.314594805871703	1626	1.0
24	1	cdf	2	44	62.841619956011364	1393	1.0
24	1	cdf	2	45	33.89996639219027	1443	1.0
24	1	cdf	2	46	48.180490167499116	1085	1.0
24	1	cdf	3	47	33.25724246244218	1752	1.0
24	1	cdf	3	48	39.06045980869318	1043	1.0
24	1	cdf	3	49	44.54998659431345	1393	1.0
24	1	cdf	3	50	49.133044370643546	1117	1.0
24	1	cdf	3	51	34.707358614262084	759	1.0
24	1	cdf	3	52	26.567379360410474	1577	1.0
24	1	cdf	3	53	133.09563745166415	984	0.9654471544715447
24	1	cdf	3	54	30.833619243784725	1234	1.0
24	1	cdf	3	55	32.51819228600432	743	1.0
24	1	cdf	3	56	60.45229173740691	1184	1.0
24	1	cdf	3	57	26.84870835596648	1343	1.0
24	1	cdf	3	58	38.49654041886915	1243	1.0
24	1	cdf	3	59	32.66364780258709	842	1.0
24	1	cdf	3	60	25.52716610864092	1242	1.0
24	1	cdf	3	61	52.295254157629365	1084	1.0
24	1	cdf	3	62	32.82864113822496	1001	1.0
24	1	cdf	3	63	31.84180595853233	884	1.0
24	1	cdf	3	64	30.00616697626163	743	1.0
24	1	cdf	3	65	80.54849246298377	1051	1.0
24	1	cdf	3	66	38.05689498022788	1227	1.0
24	1	cdf	3	67	191.4862528593724	1101	0.9709355131698456
24	1	cdf	3	68	30.000319690524226	1093	1.0
24	1	cdf	3	69	44.389225061757365	1317	1.0
24	1	cdf	4	70	108.17155824652129	1151	0.9730668983492615
24	1	cdf	4	71	53.472574657103394	1493	1.0
24	1	cdf	4	72	174.57253529000312	1060	0.9452830188679245
24	1	cdf	4	73	41.43491858616501	1351	1.0
24	1	cdf	4	74	130.5020545616744	1334	0.9632683658170914
24	1	cdf	4	75	135.51895131888313	1051	0.9448144624167459
24	1	cdf	4	76	41.70581237769148	1318	1.0
24	1	cdf	4	77	59.233222770215875	1435	1.0
24	1	cdf	4	78	23.852260845675982	1068	1.0
24	1	cdf	4	79	34.12790404086509	1710	1.0
24	1	cdf	4	80	61.2164159262995	1109	1.0
24	1	cdf	4	81	39.41024882443057	1643	1.0
24	1	cdf	4	82	21.85736990797348	1368	0.9875730994152047
24	1	cdf	4	83	23.65695571679607	1334	1.0
24	1	cdf	4	84	108.35507801611493	976	0.9252049180327869
24	1	cdf	4	85	31.91282774723376	1577	1.0
24	1	cdf	4	86	27.28316653031102	1376	1.0
24	1	cdf	4	87	59.87267025367665	1693	0.954518606024808
24	1	cdf	4	88	31.412082153837215	809	1.0
24	1	cdf	4	89	34.675617075547294	1751	1.0
24	1	cdf	4	90	31.28649811587512	1167	1.0
24	1	cdf	4	91	47.64802546643472	885	1.0
24	1	cdf	4	92	31.898512020629052	1326	1.0
24	1	cdf	5	93	61.70578200684802	1051	1.0
24	1	cdf	5	94	80.79478135027651	1477	0.9587000677048071
24	1	cdf	5	95	39.66448478052384	1026	1.0
24	1	cdf	5	96	30.760534206403793	1284	1.0
24	1	cdf	5	97	46.491656035925864	1268	1.0
24	1	cdf	5	98	28.055594564224528	1018	1.0
24	1	cdf	5	99	36.120701417483865	1068	1.0
24	1	cdf	5	100	113.88169965830934	1434	0.9553695955369595
24	1	cdf	5	101	29.770603772379367	993	1.0
24	1	cdf	5	102	99.04173232672683	1318	0.9620637329286799
24	1	cdf	5	103	54.89938830387866	1018	1.0
24	1	cdf	5	104	103.85492079514998	1193	0.9337803855825649
24	1	cdf	5	105	34.7446058557735	1143	1.0
24	1	cdf	5	106	27.182051026066617	1142	1.0
24	1	cdf	5	107	40.79771575173374	1535	1.0
24	1	cdf	5	108	44.23667075142334	1484	1.0
24	1	cdf	5	109	26.88876338914216	1259	1.0
24	1	cdf	5	110	37.89325004677123	651	1.0
24	1	cdf	5	111	34.407160659361374	1351	1.0
24	1	cdf	5	112	34.761282934459516	1602	1.0
24	1	cdf	5	113	32.25365842714043	1643	1.0
24	1	cdf	5	114	45.36092977616892	1751	1.0
24	1	cdf	5	115	32.76404692565178	1393	1.0
24	1	cdf	6	116	29.803064650145565	910	1.0
24	1	cdf	6	117	30.139243426909978	984	1.0
24	1	cdf	6	118	30.97975095333174	1368	1.0
24	1	cdf	6	119	26.20465338467513	1235	1.0
24	1	cdf	6	120	43.39754117347104	850	1.0
24	1	cdf	6	121	19.07515300332567	1543	1.0
24	1	cdf	6	122	31.90985835441549	1118	1.0
24	1	cdf	6	123	19.3428545753924	1059	1.0
24	1	cdf	6	124	90.18722426105357	1259	0.9571088165210484
24	1	cdf	6	125	111.20080714090429	1601	0.9737663960024985
24	1	cdf	6	126	31.595200381000215	1351	1.0
24	1	cdf	6	127	63.10743478656847	1001	1.0
24	1	cdf	6	128	38.99849835805112	1076	1.0
24	1	cdf	6	129	25.776928788939202	1476	1.0
24	1	cdf	6	130	40.32891492735128	1710	1.0
24	1	cdf	6	131	29.19673940537508	960	1.0
24	1	cdf	6	132	39.309416723719494	1185	1.0
24	1	cdf	6	133	37.45590381103627	1277	1.0
24	1	cdf	6	134	37.505388853669814	1076	1.0
24	1	cdf	6	135	26.95080934764812	1468	1.0
24	1	cdf	6	136	27.255734708789152	1001	1.0
24	1	cdf	6	137	30.539973276071972	1443	1.0
24	1	cdf	6	138	34.62617439938271	1618	1.0
24	1	cdf	7	139	39.96911330380173	1468	1.0
24	1	cdf	7	140	101.8803802824652	1118	0.9669051878354203
24	1	cdf	7	141	31.69926937854714	1151	1.0
24	1	cdf	7	142	100.50440296750011	1426	0.9446002805049089
24	1	cdf	7	143	27.325610628153115	1468	1.0
24	1	cdf	7	144	29.042830072748252	1259	1.0
24	1	cdf	7	145	32.41044721837914	1660	1.0
24	1	cdf	7	146	31.295598596876918	1093	1.0
24	1	cdf	7	147	35.78793226730718	1359	1.0
24	1	cdf	7	148	118.68365291737513	1001	0.974025974025974
24	1	cdf	7	149	23.336031861337656	1560	1.0
24	1	cdf	7	150	42.17319912312222	1185	1.0
24	1	cdf	7	151	168.43802876170193	1143	0.9720034995625547
24	1	cdf	7	152	24.557385543358965	1027	1.0
24	1	cdf	7	153	28.667546616074326	1293	1.0
24	1	cdf	7	154	27.179825904235127	1484	1.0
24	1	cdf	7	155	35.72033530138524	1468	1.0
24	1	cdf	7	156	61.079152190688916	1351	0.9711324944485566
24	1	cdf	7	157	25.695785833714947	1368	1.0
24	1	cdf	7	158	46.066502520413806	1218	1.0
24	1	cdf	7	159	25.90052578686855	1159	1.0
24	1	cdf	7	160	140.4384188351932	1160	0.8948275862068965
24	1	cdf	7	161	35.973272496697795	1335	1.0
24	1	cdf	8	162	32.9141423110916	984	1.0
24	1	cdf	8	163	123.68826185614991	1234	0.9489465153970826
24	1	cdf	8	164	31.75066066293646	1385	1.0
24	1	cdf	8	165	30.526892347551275	1493	1.0
24	1	cdf	8	166	35.460277877944385	1285	1.0
24	1	cdf	8	167	26.85393178991377	1152	1.0
24	1	cdf	8	168	33.118593106045395	1117	1.0
24	1	cdf	8	169	33.57618372424051	1084	1.0
24	1	cdf	8	170	24.20445915166434	1585	1.0
24	1	cdf	8	171	28.631431559375205	1034	1.0
24	1	cdf	8	172	72.87619389318202	1026	0.9571150097465887
24	1	cdf	8	173	31.061963308230272	809	1.0
24	1	cdf	8	174	27.37700455082719	968	1.0
24	1	cdf	8	175	25.937048658340373	1251	1.0
24	1	cdf	8	176	29.631793956384993	1568	1.0
24	1	cdf	8	177	30.750184892391932	1376	1.0
24	1	cdf	8	178	59.977545169458104	1067	1.0
24	1	cdf	8	179	46.809523430326664	1427	0.9915907498248073
24	1	cdf	8	180	88.91552764639796	1576	0.9695431472081218
24	1	cdf	8	181	28.11240758237495	1118	1.0
24	1	cdf	8	182	16.326134155026253	1168	1.0
24	1	cdf	8	183	23.44044845186122	1710	1.0
24	1	cdf	8	184	23.47863319224404	1268	1.0
24	2	inverse_cdf	1	1	79.74951547143705	1368	0.9656432748538012
24	2	inverse_cdf	1	2	75.9808819119865	1619	1.0
24	2	inverse_cdf	1	3	27.12904584879599	1210	1.0
24	2	inverse_cdf	1	4	26.762608701836307	1619	1.0
24	2	inverse_cdf	1	5	41.6484530910176	1243	1.0
24	2	inverse_cdf	1	6	25.580190922723446	1260	1.0
24	2	inverse_cdf	1	7	35.12880731111679	784	1.0
24	2	inverse_cdf	1	8	76.20037922114088	1209	0.9776674937965261
24	2	inverse_cdf	1	9	31.197870820126568	1035	1.0
24	2	inverse_cdf	1	10	32.31084293893436	1268	1.0
24	2	inverse_cdf	1	11	24.371302236201753	1385	1.0
24	2	inverse_cdf	1	12	74.53374277903265	1168	1.0
24	2	inverse_cdf	1	13	27.0410405752972	1435	1.0
24	2	inverse_cdf	1	14	30.539668591374213	1435	1.0
24	2	inverse_cdf	1	15	109.90137092689358	951	1.0
24	2	inverse_cdf	1	16	65.809603159968	1401	0.9693076374018558
24	2	inverse_cdf	1	17	21.94078283433792	1751	1.0
24	2	inverse_cdf	1	18	30.700855567377264	1201	1.0
24	2	inverse_cdf	1	19	51.861902531561576	1159	0.9810181190681622
24	2	inverse_cdf	1	20	33.75015169953257	1410	1.0
24	2	inverse_cdf	1	21	67.96586787715172	1251	1.0
24	2	inverse_cdf	1	22	50.05774969124555	1276	1.0
24	2	inverse_cdf	1	23	19.673370858174003	1460	1.0
24	2	inverse_cdf	2	24	35.40453316203916	1084	1.0
24	2	inverse_cdf	2	25	58.1025718712352	1126	0.9964476021314387
24	2	inverse_cdf	2	26	26.72177726117025	1752	1.0
24	2	inverse_cdf	2	27	26.491607775977606	1168	1.0
24	2	inverse_cdf	2	28	40.30193817435389	1251	1.0
24	2	inverse_cdf	2	29	50.484074438679436	1343	1.0
24	2	inverse_cdf	2	30	37.374213714771216	1752	1.0
24	2	inverse_cdf	2	31	63.96559134997434	1168	1.0
24	2	inverse_cdf	2	32	62.074321249355194	1143	1.0
24	2	inverse_cdf	2	33	32.152255773504514	1301	1.0
24	2	inverse_cdf	2	34	31.200051262370774	1444	1.0
24	2	inverse_cdf	2	35	24.84027473446738	1301	1.0
24	2	inverse_cdf	2	36	24.66193112072819	1352	1.0
24	2	inverse_cdf	2	37	87.48504767258595	918	0.9575163398692811
24	2	inverse_cdf	2	38	68.23880528112738	1243	0.9629927594529365
24	2	inverse_cdf	2	39	56.27226077971833	1277	0.9631949882537196
24	2	inverse_cdf	2	40	112.45875193822427	1009	1.0
24	2	inverse_cdf	2	41	26.1051415105417	1318	1.0
24	2	inverse_cdf	2	42	24.039239870657042	1151	1.0
24	2	inverse_cdf	2	43	26.105592748935134	1177	1.0
24	2	inverse_cdf	2	44	42.61045144915298	1286	1.0
24	2	inverse_cdf	2	45	35.72165335590453	1493	1.0
24	2	inverse_cdf	2	46	31.724055244113174	1460	1.0
24	2	inverse_cdf	3	47	27.144153971253804	1101	1.0
24	2	inverse_cdf	3	48	36.784666046337335	910	1.0
24	2	inverse_cdf	3	49	84.80322572292506	1260	0.9626984126984127
24	2	inverse_cdf	3	50	43.04142316983433	1619	1.0
24	2	inverse_cdf	3	51	52.216930468764154	1101	1.0
24	2	inverse_cdf	3	52	38.09491119577421	1518	1.0
24	2	inverse_cdf	3	53	28.55903799440136	1201	1.0
24	2	inverse_cdf	3	54	29.689053368889876	1260	1.0
24	2	inverse_cdf	3	55	27.332218038373867	992	1.0
24	2	inverse_cdf	3	56	26.5100939601837	1302	1.0
24	2	inverse_cdf	3	57	31.75519211569524	1285	1.0
24	2	inverse_cdf	3	58	23.275042123819105	1176	1.0
24	2	inverse_cdf	3	59	29.97692700064923	1268	1.0
24	2	inverse_cdf	3	60	69.68262264880553	851	1.0
24	2	inverse_cdf	3	61	118.02023941439715	1560	1.0
24	2	inverse_cdf	3	62	70.4315676923209	1101	1.0
24	2	inverse_cdf	3	63	34.93936381464839	1101	1.0
24	2	inverse_cdf	3	64	27.442475356654516	1359	1.0
24	2	inverse_cdf	3	65	43.038145322807566	1601	0.9718925671455341
24	2	inverse_cdf	3	66	94.90993615186471	868	1.0
24	2	inverse_cdf	3	67	24.66264259591633	1543	1.0
24	2	inverse_cdf	3	68	29.10107226459562	1435	1.0
24	2	inverse_cdf	3	69	28.784823049044434	625	1.0
24	2	inverse_cdf	4	70	28.87697385791147	1201	1.0
24	2	inverse_cdf	4	71	59.12602335376853	1359	0.9683590875643856
24	2	inverse_cdf	4	72	26.836001456020266	1519	1.0
24	2	inverse_cdf	4	73	99.28790051936198	1052	0.997148288973384
24	2	inverse_cdf	4	74	36.1219556722632	1435	1.0
24	2	inverse_cdf	4	75	28.22456074522699	1435	1.0
24	2	inverse_cdf	4	76	28.155991972011762	1626	1.0
24	2	inverse_cdf	4	77	26.160014481042374	1385	1.0
24	2	inverse_cdf	4	78	37.97483902142453	1519	1.0
24	2	inverse_cdf	4	79	33.74001441586863	918	1.0
24	2	inverse_cdf	4	80	78.49262333907683	1001	0.971028971028971
24	2	inverse_cdf	4	81	32.111918124055926	1394	1.0
24	2	inverse_cdf	4	82	82.42460935245197	1368	0.9597953216374269
24	2	inverse_cdf	4	83	24.829318005794384	1452	1.0
24	2	inverse_cdf	4	84	67.09034723508896	1510	0.9536423841059603
24	2	inverse_cdf	4	85	33.08172641648624	1744	1.0
24	2	inverse_cdf	4	86	43.54964361396413	1485	1.0
24	2	inverse_cdf	4	87	73.21627299777042	1468	0.989100817438692
24	2	inverse_cdf	4	88	80.33723928079942	1460	0.9698630136986301
24	2	inverse_cdf	4	89	73.18789871421771	1401	0.9621698786581013
24	2	inverse_cdf	4	90	50.04990077910469	1610	0.9652173913043478
24	2	inverse_cdf	4	91	58.378506989676374	859	0.9918509895227008
24	2	inverse_cdf	4	92	70.08599613706325	1560	0.9615384615384616
24	2	inverse_cdf	5	93	28.04150159665631	1226	1.0
24	2	inverse_cdf	5	94	59.04737055756437	885	0.9423728813559322
24	2	inverse_cdf	5	95	92.1119674911166	909	0.9548954895489549
24	2	inverse_cdf	5	96	52.332780514733706	1376	1.0
24	2	inverse_cdf	5	97	28.66510014375515	976	1.0
24	2	inverse_cdf	5	98	65.68787260452171	1451	0.9703652653342523
24	2	inverse_cdf	5	99	28.669806917138256	567	1.0
24	2	inverse_cdf	5	100	34.217580768552224	1093	1.0
24	2	inverse_cdf	5	101	31.549492646183136	1485	1.0
24	2	inverse_cdf	5	102	47.65964241038781	1185	1.0
24	2	inverse_cdf	5	103	70.9686373680146	1618	0.9728059332509271
24	2	inverse_cdf	5	104	35.80615632367379	1751	0.9822958309537407
24	2	inverse_cdf	5	105	29.75961037124675	767	1.0
24	2	inverse_cdf	5	106	31.853648850703934	868	1.0
24	2	inverse_cdf	5	107	23.41347497550404	1252	1.0
24	2	inverse_cdf	5	108	66.73383537991405	1276	1.0
24	2	inverse_cdf	5	109	57.65040898445838	1426	0.9691444600280504
24	2	inverse_cdf	5	110	49.34730326433323	1001	0.9560439560439561
24	2	inverse_cdf	5	111	31.336124274422417	993	1.0
24	2	inverse_cdf	5	112	22.733069492028825	1360	1.0
24	2	inverse_cdf	5	113	98.4860900230547	1535	0.8749185667752443
24	2	inverse_cdf	5	114	27.734865307928395	1160	1.0
24	2	inverse_cdf	5	115	22.76323300434603	1268	1.0
24	2	inverse_cdf	6	116	38.03705370586129	760	1.0
24	2	inverse_cdf	6	117	86.53749822559234	1335	0.951310861423221
24	2	inverse_cdf	6	118	21.66698177376173	1302	1.0
24	2	inverse_cdf	6	119	35.06605392618701	1184	1.0
24	2	inverse_cdf	6	120	26.31774621368849	1494	1.0
24	2	inverse_cdf	6	121	27.737919006094966	1394	1.0
24	2	inverse_cdf	6	122	22.282811626274565	1093	1.0
24	2	inverse_cdf	6	123	26.180366049444114	1143	1.0
24	2	inverse_cdf	6	124	46.700879945614474	1610	0.9906832298136646
24	2	inverse_cdf	6	125	27.391192218224084	976	1.0
24	2	inverse_cdf	6	126	31.464417955570113	792	1.0
24	2	inverse_cdf	6	127	22.27812775761502	1276	1.0
24	2	inverse_cdf	6	128	27.040451492864857	1702	1.0
24	2	inverse_cdf	6	129	68.35813771987875	1009	0.9930624380574826
24	2	inverse_cdf	6	130	65.72095313090053	1736	0.9544930875576036
24	2	inverse_cdf	6	131	75.53562791732676	1135	1.0
24	2	inverse_cdf	6	132	75.88703452257828	1643	0.967741935483871
24	2	inverse_cdf	6	133	23.833785993439143	1276	1.0
24	2	inverse_cdf	6	134	54.74901173343821	1602	0.9744069912609239
24	2	inverse_cdf	6	135	32.86707406171925	1159	1.0
24	2	inverse_cdf	6	136	27.611604756335897	1752	1.0
24	2	inverse_cdf	6	137	29.11438622607273	1435	1.0
24	2	inverse_cdf	6	138	27.45418437630051	1235	1.0
24	2	inverse_cdf	7	139	36.94501498077898	1176	1.0
24	2	inverse_cdf	7	140	65.08172877116517	1218	0.9458128078817734
24	2	inverse_cdf	7	141	55.93322515947367	1310	0.9473282442748091
24	2	inverse_cdf	7	142	29.705009418133823	1085	1.0
24	2	inverse_cdf	7	143	29.14311693437296	1435	1.0
24	2	inverse_cdf	7	144	24.815025790332626	1077	1.0
24	2	inverse_cdf	7	145	80.86397631476537	1235	0.9668016194331984
24	2	inverse_cdf	7	146	33.167640313175035	1109	1.0
24	2	inverse_cdf	7	147	42.98015044497615	1276	0.9725705329153606
24	2	inverse_cdf	7	148	92.5727239170983	1326	0.9524886877828054
24	2	inverse_cdf	7	149	65.00694250557707	1084	0.9621771217712177
24	2	inverse_cdf	7	150	26.846017789099722	1351	1.0
24	2	inverse_cdf	7	151	80.82314708576439	1010	0.9247524752475248
24	2	inverse_cdf	7	152	75.69774098679704	951	1.0
24	2	inverse_cdf	7	153	88.70349241466181	1026	0.9727095516569201
24	2	inverse_cdf	7	154	36.87694645337902	1543	1.0
24	2	inverse_cdf	7	155	33.36266502745779	1134	1.0
24	2	inverse_cdf	7	156	62.618250751354786	1661	0.9987959060806743
24	2	inverse_cdf	7	157	42.460874622421024	1076	1.0
24	2	inverse_cdf	7	158	26.813248629699874	1184	1.0
24	2	inverse_cdf	7	159	36.481554640922916	1260	1.0
24	2	inverse_cdf	7	160	28.26331308488089	1293	1.0
24	2	inverse_cdf	7	161	24.271692283215742	1402	1.0
24	2	inverse_cdf	8	162	46.543574520602725	1435	0.9790940766550522
24	2	inverse_cdf	8	163	28.271630991632314	1552	1.0
24	2	inverse_cdf	8	164	24.081060590923304	1251	1.0
24	2	inverse_cdf	8	165	31.008759807402104	1493	1.0
24	2	inverse_cdf	8	166	27.132759379140577	1359	1.0
24	2	inverse_cdf	8	167	83.47786554561475	834	1.0
24	2	inverse_cdf	8	168	28.54646896639363	1310	1.0
24	2	inverse_cdf	8	169	42.67633337867649	1235	1.0
24	2	inverse_cdf	8	170	31.227206662086864	1752	1.0
24	2	inverse_cdf	8	171	25.751461948056892	750	1.0
24	2	inverse_cdf	8	172	33.14246579359758	959	1.0
24	2	inverse_cdf	8	173	23.875433602312135	1409	1.0
24	2	inverse_cdf	8	174	39.27468267605332	1243	1.0
24	2	inverse_cdf	8	175	33.76679280392007	1302	1.0
24	2	inverse_cdf	8	176	28.153208890797007	1276	1.0
24	2	inverse_cdf	8	177	31.66593482106033	1193	1.0
24	2	inverse_cdf	8	178	34.448441747644125	1360	1.0
24	2	inverse_cdf	8	179	27.94774559116471	1343	1.0
24	2	inverse_cdf	8	180	26.144863986686598	1460	1.0
24	2	inverse_cdf	8	181	29.194651080414673	1035	1.0
24	2	inverse_cdf	8	182	33.8696585505113	1319	1.0
24	2	inverse_cdf	8	183	79.61109845030722	1168	0.9580479452054794
24	2	inverse_cdf	8	184	24.836891233822392	1635	1.0
pil01	1	inverse_cdf	1	1	28.207354939189674	1493	1.0
pil01	1	inverse_cdf	1	2	52.28438609097758	1502	1.0
pil01	1	inverse_cdf	1	3	29.101924484470317	1193	1.0
pil01	1	inverse_cdf	1	4	97.59801853937111	1502	0.9840213049267643
pil01	1	inverse_cdf	1	5	112.93426707565064	1493	0.971198928332217
pil01	1	inverse_cdf	1	6	46.53835718609125	1385	1.0
pil01	1	inverse_cdf	1	7	41.167850784784406	1468	1.0
pil01	1	inverse_cdf	1	8	36.21834896872111	1501	1.0
pil01	1	inverse_cdf	1	9	154.8702667864097	1402	0.9650499286733238
pil01	1	inverse_cdf	1	10	42.84383165656264	1059	1.0
pil01	1	inverse_cdf	1	11	51.47305946114105	1343	1.0
pil01	1	inverse_cdf	1	12	111.97577714608686	1501	0.9986675549633578
pil01	1	inverse_cdf	1	13	72.8972155730031	1384	1.0
pil01	1	inverse_cdf	1	14	63.73631125116104	1477	0.987136086662153
pil01	1	inverse_cdf	1	15	43.566920030325576	1469	1.0
pil01	1	inverse_cdf	1	16	27.489061710379517	1068	1.0
pil01	1	inverse_cdf	1	17	43.88378181901383	876	1.0
pil01	1	inverse_cdf	1	18	35.22359019742583	1143	1.0
pil01	1	inverse_cdf	1	19	34.86811576939147	1468	1.0
pil01	1	inverse_cdf	1	20	44.90303331221714	1501	1.0
pil01	1	inverse_cdf	1	21	48.01492589009238	1426	0.9838709677419355
pil01	1	inverse_cdf	1	22	41.626168241123274	1485	1.0
pil01	1	inverse_cdf	1	23	43.741340159676405	1218	1.0
pil01	1	inverse_cdf	2	24	66.91417633093815	1502	1.0
pil01	1	inverse_cdf	2	25	50.44323566692359	968	0.9566115702479339
pil01	1	inverse_cdf	2	26	48.78167372204459	1279	1.0
pil01	1	inverse_cdf	2	27	42.35449648626399	1359	1.0
pil01	1	inverse_cdf	2	28	50.02206409364525	1335	1.0
pil01	1	inverse_cdf	2	29	37.949197768440996	1093	1.0
pil01	1	inverse_cdf	2	30	120.87296750293066	1243	0.835076427996782
pil01	1	inverse_cdf	2	31	50.15023383548853	1451	1.0
pil01	1	inverse_cdf	2	32	47.8145004515418	1234	1.0
pil01	1	inverse_cdf	2	33	39.32320580086299	1187	1.0
pil01	1	inverse_cdf	2	34	37.925856176195744	1501	1.0
pil01	1	inverse_cdf	2	35	42.425505105944595	1493	1.0
pil01	1	inverse_cdf	2	36	65.16394258396865	1003	1.0
pil01	1	inverse_cdf	2	37	63.03977708579581	1501	0.9320453031312458
pil01	1	inverse_cdf	2	38	40.38140603919563	1060	1.0
pil01	1	inverse_cdf	2	39	46.463318424404584	1076	1.0
pil01	1	inverse_cdf	2	40	50.72051323938285	1343	1.0
pil01	1	inverse_cdf	2	41	51.98488174868981	1385	1.0
pil01	1	inverse_cdf	2	42	66.07961731589094	1093	1.0
pil01	1	inverse_cdf	2	43	38.919264827973066	1203	0.8969243557772236
pil01	1	inverse_cdf	2	44	51.26442242421347	1084	1.0
pil01	1	inverse_cdf	2	45	54.611175593441985	1176	1.0
pil01	1	inverse_cdf	2	46	56.06572189826418	1503	0.9248170326014638
pil01	1	inverse_cdf	3	47	50.74921717421762	1051	1.0
pil01	1	inverse_cdf	3	48	53.73806877496512	1477	0.94583615436696
pil01	1	inverse_cdf	3	49	57.10251848353531	1185	1.0
pil01	1	inverse_cdf	3	50	65.78996055999997	1126	0.9058614564831261
pil01	1	inverse_cdf	3	51	40.12825371225372	1359	1.0
pil01	1	inverse_cdf	3	52	49.83696168884525	1437	1.0
pil01	1	inverse_cdf	3	53	52.69721267820304	1151	1.0
pil01	1	inverse_cdf	3	54	56.954711285501354	1318	1.0
pil01	1	inverse_cdf	3	55	44.266741492294074	1226	1.0
pil01	1	inverse_cdf	3	56	47.26133181500516	1210	0.9983471074380166
pil01	1	inverse_cdf	3	57	45.4476209410289	1126	1.0
pil01	1	inverse_cdf	3	58	70.90197297130163	1045	1.0
pil01	1	inverse_cdf	3	59	67.26890726888557	1293	0.9559164733178654
pil01	1	inverse_cdf	3	60	49.37992450424707	1243	1.0
pil01	1	inverse_cdf	3	61	56.9904563885637	1287	1.0
pil01	1	inverse_cdf	3	62	39.62089372606344	1293	1.0
pil01	1	inverse_cdf	3	63	41.2786599336249	1068	1.0
pil01	1	inverse_cdf	3	64	41.59677573926219	1234	1.0
pil01	1	inverse_cdf	3	65	42.855562274849916	1302	1.0
pil01	1	inverse_cdf	3	66	60.059077291766044	1418	1.0
pil01	1	inverse_cdf	3	67	46.03142361404358	1117	1.0
pil01	1	inverse_cdf	3	68	54.79486518668154	1020	1.0
pil01	1	inverse_cdf	3	69	51.39185112908309	1393	1.0
pil01	1	inverse_cdf	4	70	42.85885539489403	1126	1.0
pil01	1	inverse_cdf	4	71	56.51343948787707	884	1.0
pil01	1	inverse_cdf	4	72	51.25241960995963	1176	0.9294217687074829
pil01	1	inverse_cdf	4	73	42.360023091029376	1184	1.0
pil01	1	inverse_cdf	4	74	50.47068693112443	1109	1.0
pil01	1	inverse_cdf	4	75	45.545632797528164	1093	1.0
pil01	1	inverse_cdf	4	76	41.518301578907284	1209	1.0
pil01	1	inverse_cdf	4	77	45.185662539529105	842	1.0
pil01	1	inverse_cdf	4	78	32.91710521107924	1076	1.0
pil01	1	inverse_cdf	4	79	44.36183811772102	1368	1.0
pil01	1	inverse_cdf	4	80	41.85044389827141	1368	1.0
pil01	1	inverse_cdf	4	81	54.49124219829579	1235	1.0
pil01	1	inverse_cdf	4	82	52.321237875272274	1351	1.0
pil01	1	inverse_cdf	4	83	57.10020253022045	961	1.0
pil01	1	inverse_cdf	4	84	33.663296393685776	1276	0.9435736677115988
pil01	1	inverse_cdf	4	85	46.00975475822285	1068	1.0
pil01	1	inverse_cdf	4	86	42.24836348961459	1385	0.9942238267148015
pil01	1	inverse_cdf	4	87	39.05878520132923	1143	1.0
pil01	1	inverse_cdf	4	88	37.067560152456515	1259	1.0
pil01	1	inverse_cdf	4	89	43.606081393984525	917	1.0
pil01	1	inverse_cdf	4	90	40.66784176557599	1220	1.0
pil01	1	inverse_cdf	4	91	46.418781316067594	1384	1.0
pil01	1	inverse_cdf	4	92	31.297399985643107	1018	1.0
pil01	1	inverse_cdf	5	93	34.94911004977185	1501	1.0
pil01	1	inverse_cdf	5	94	33.08954447660537	1259	1.0
pil01	1	inverse_cdf	5	95	47.5862441567455	701	1.0
pil01	1	inverse_cdf	5	96	57.91172730039676	1243	0.9750603378921963
pil01	1	inverse_cdf	5	97	43.53444194993796	1393	1.0
pil01	1	inverse_cdf	5	98	39.17823686293487	1368	1.0
pil01	1	inverse_cdf	5	99	41.570954486113024	1084	1.0
pil01	1	inverse_cdf	5	100	48.558712637758845	1342	1.0
pil01	1	inverse_cdf	5	101	33.17380747510218	1459	1.0
pil01	1	inverse_cdf	5	102	38.5645074991853	1502	1.0
pil01	1	inverse_cdf	5	103	48.93355170385091	1051	0.9029495718363464
pil01	1	inverse_cdf	5	104	42.528093922224336	1284	0.9353582554517134
pil01	1	inverse_cdf	5	105	36.95615472725097	1101	0.92188919164396
pil01	1	inverse_cdf	5	106	50.1758471637996	1310	1.0
pil01	1	inverse_cdf	5	107	40.33659417452319	1160	1.0
pil01	1	inverse_cdf	5	108	58.7429040621952	818	0.902200488997555
pil01	1	inverse_cdf	5	109	51.82328785077412	1159	1.0
pil01	1	inverse_cdf	5	110	45.62728910024	1243	1.0
pil01	1	inverse_cdf	5	111	48.51999405879853	1034	0.9748549323017408
pil01	1	inverse_cdf	5	112	46.53756774097325	1360	1.0
pil01	1	inverse_cdf	5	113	41.54627076008055	1476	1.0
pil01	1	inverse_cdf	5	114	41.18182748987292	1051	1.0
pil01	1	inverse_cdf	5	115	32.51041076760718	1110	1.0
pil01	1	inverse_cdf	6	116	55.204524078353245	1443	1.0
pil01	1	inverse_cdf	6	117	47.391018904677416	1501	1.0
pil01	1	inverse_cdf	6	118	37.666723886615664	1212	1.0
pil01	1	inverse_cdf	6	119	37.16595683607623	1243	1.0
pil01	1	inverse_cdf	6	120	40.70945894394459	901	0.8956714761376249
pil01	1	inverse_cdf	6	121	73.1192018360396	1112	0.908273381294964
pil01	1	inverse_cdf	6	122	49.20581936845602	1143	1.0
pil01	1	inverse_cdf	6	123	52.554350313632185	1376	1.0
pil01	1	inverse_cdf	6	124	49.301280840811536	1234	1.0
pil01	1	inverse_cdf	6	125	48.09998053943279	1120	1.0
pil01	1	inverse_cdf	6	126	50.43322854722891	1385	0.9581227436823104
pil01	1	inverse_cdf	6	127	29.232995754792373	1217	1.0
pil01	1	inverse_cdf	6	128	42.325232209393576	1237	0.9450282942603072
pil01	1	inverse_cdf	6	129	45.716484678503264	1234	1.0
pil01	1	inverse_cdf	6	130	78.08081990786123	1243	1.0
pil01	1	inverse_cdf	6	131	57.66906547082309	985	1.0
pil01	1	inverse_cdf	6	132	46.93174521056979	1378	1.0
pil01	1	inverse_cdf	6	133	45.60573931419604	1401	1.0
pil01	1	inverse_cdf	6	134	49.1859646526101	1202	1.0
pil01	1	inverse_cdf	6	135	35.15454387538113	1295	0.8648648648648649
pil01	1	inverse_cdf	6	136	58.318736111764316	1160	1.0
pil01	1	inverse_cdf	6	137	40.04151954999698	1401	1.0
pil01	1	inverse_cdf	6	138	37.67983229004724	1162	1.0
pil01	1	inverse_cdf	7	139	42.93520716356405	1393	1.0
pil01	1	inverse_cdf	7	140	48.51642217430931	1118	1.0
pil01	1	inverse_cdf	7	141	69.6602344342778	1226	1.0
pil01	1	inverse_cdf	7	142	49.746943058088256	1268	1.0
pil01	1	inverse_cdf	7	143	49.17380361198837	1250	1.0
pil01	1	inverse_cdf	7	144	48.30360814239656	1260	1.0
pil01	1	inverse_cdf	7	145	38.75729669749748	1468	1.0
pil01	1	inverse_cdf	7	146	41.479710459536946	1477	0.968855788761002
pil01	1	inverse_cdf	7	147	36.62254197314366	1150	1.0
pil01	1	inverse_cdf	7	148	36.36016727931509	1501	1.0
pil01	1	inverse_cdf	7	149	33.96506874256746	1334	0.8853073463268366
pil01	1	inverse_cdf	7	150	47.88275446299493	1153	1.0
pil01	1	inverse_cdf	7	151	41.81511848197175	1126	1.0
pil01	1	inverse_cdf	7	152	120.54239333742227	1460	0.9226027397260274
pil01	1	inverse_cdf	7	153	29.855624028215715	1051	1.0
pil01	1	inverse_cdf	7	154	39.410927315556	1326	1.0
pil01	1	inverse_cdf	7	155	41.73427060374244	1193	0.875943000838223
pil01	1	inverse_cdf	7	156	50.97408662932495	1501	0.9233844103930713
pil01	1	inverse_cdf	7	157	41.07669345023787	1395	0.8845878136200717
pil01	1	inverse_cdf	7	158	95.01106668521682	1359	0.8638704930095659
pil01	1	inverse_cdf	7	159	40.135517469524395	1126	0.8614564831261101
pil01	1	inverse_cdf	7	160	29.630693730094297	960	1.0
pil01	1	inverse_cdf	7	161	54.20886117355411	1452	1.0
pil01	1	inverse_cdf	8	162	45.47953726291525	1285	1.0
pil01	1	inverse_cdf	8	163	40.85573837620314	1142	1.0
pil01	1	inverse_cdf	8	164	37.70365284608927	1301	1.0
pil01	1	inverse_cdf	8	165	38.54481915576753	1185	1.0
pil01	1	inverse_cdf	8	166	47.00893472482556	951	1.0
pil01	1	inverse_cdf	8	167	39.41842918053736	1176	1.0
pil01	1	inverse_cdf	8	168	35.852127507363804	959	1.0
pil01	1	inverse_cdf	8	169	44.74580070256445	1176	1.0
pil01	1	inverse_cdf	8	170	48.37543901323587	1401	1.0
pil01	1	inverse_cdf	8	171	44.35470596471686	1385	1.0
pil01	1	inverse_cdf	8	172	35.56052226948693	1501	1.0
pil01	1	inverse_cdf	8	173	53.331366627288894	1161	1.0
pil01	1	inverse_cdf	8	174	41.66664779466366	1134	1.0
pil01	1	inverse_cdf	8	175	43.089912074721454	1343	1.0
pil01	1	inverse_cdf	8	176	40.55681950096378	726	1.0
pil01	1	inverse_cdf	8	177	44.98354850501613	1344	1.0
pil01	1	inverse_cdf	8	178	46.70135279975687	943	1.0
pil01	1	inverse_cdf	8	179	40.60932754776238	1401	1.0
pil01	1	inverse_cdf	8	180	52.62150434678541	1286	1.0
pil01	1	inverse_cdf	8	181	38.87987346364561	1151	1.0
pil01	1	inverse_cdf	8	182	44.788131033378605	993	1.0
pil01	1	inverse_cdf	8	183	45.27450306657428	1201	1.0
pil01	1	inverse_cdf	8	184	49.261203603774916	1260	1.0
pil01	2	cdf	1	1	39.38998133359945	1309	1.0
pil01	2	cdf	1	2	47.25116256651949	1502	1.0
pil01	2	cdf	1	3	45.63686952473369	1192	1.0
pil01	2	cdf	1	4	37.700814658763214	1376	1.0
pil01	2	cdf	1	5	171.05541178634394	1110	0.9666666666666667
pil01	2	cdf	1	6	30.949308455664184	1501	1.0
pil01	2	cdf	1	7	46.18854972668759	1217	1.0
pil01	2	cdf	1	8	31.509876919236753	1501	1.0
pil01	2	cdf	1	9	198.9810218966949	1034	0.9294003868471954
pil01	2	cdf	1	10	51.09063379059762	1060	1.0
pil01	2	cdf	1	11	110.429700702152	1001	1.0
pil01	2	cdf	1	12	32.95718040631951	1427	1.0
pil01	2	cdf	1	13	91.61331087185133	1493	0.9725385130609511
pil01	2	cdf	1	14	35.724329795433185	1343	1.0
pil01	2	cdf	1	15	40.09407674522764	1135	1.0
pil01	2	cdf	1	16	109.6165272006677	1501	0.9673550966022652
pil01	2	cdf	1	17	122.61942905955901	1151	1.0
pil01	2	cdf	1	18	73.13871547678734	1042	1.0
pil01	2	cdf	1	19	113.16885661138329	893	1.0
pil01	2	cdf	1	20	164.0084986796476	1226	0.9747145187601958
pil01	2	cdf	1	21	76.4702851174444	1129	1.0
pil01	2	cdf	1	22	45.43232648428981	1226	1.0
pil01	2	cdf	1	23	35.23090411886635	1260	1.0
pil01	2	cdf	2	24	36.095633480423274	1284	1.0
pil01	2	cdf	2	25	165.56802194678326	984	0.9928861788617886
pil01	2	cdf	2	26	170.84485382851642	1134	0.937389770723104
pil01	2	cdf	2	27	38.007163350131265	1151	1.0
pil01	2	cdf	2	28	36.571929106274425	1185	1.0
pil01	2	cdf	2	29	220.916551892009	1386	0.9126984126984127
pil01	2	cdf	2	30	156.65988829882778	1318	0.992412746585736
pil01	2	cdf	2	31	40.01946644612151	1426	1.0
pil01	2	cdf	2	32	163.51121902612996	1284	0.9984423676012462
pil01	2	cdf	2	33	126.25415588443919	1109	1.0
pil01	2	cdf	2	34	152.0853569507582	1501	0.9933377748167888
pil01	2	cdf	2	35	131.42449164753899	1059	0.9952785646836638
pil01	2	cdf	2	36	78.81612529379655	1236	1.0
pil01	2	cdf	2	37	43.800122312470805	1251	1.0
pil01	2	cdf	2	38	35.4564992055769	1501	1.0
pil01	2	cdf	2	39	31.526810052953284	1226	1.0
pil01	2	cdf	2	40	292.1221073780933	1245	0.9365461847389558
pil01	2	cdf	2	41	49.31955672600004	1226	1.0
pil01	2	cdf	2	42	54.17117344806001	1410	1.0
pil01	2	cdf	2	43	35.9272900477007	1235	1.0
pil01	2	cdf	2	44	59.209677274614876	1110	1.0
pil01	2	cdf	2	45	42.4213469591594	876	1.0
pil01	2	cdf	2	46	30.91727600773674	1126	1.0
pil01	2	cdf	3	47	27.843826287533055	884	1.0
pil01	2	cdf	3	48	107.83436436009193	1209	1.0
pil01	2	cdf	3	49	38.321908263984824	1085	1.0
pil01	2	cdf	3	50	33.373297149087215	1159	1.0
pil01	2	cdf	3	51	198.04416095307698	1051	0.9590865842055185
pil01	2	cdf	3	52	56.61354313373982	1310	1.0
pil01	2	cdf	3	53	52.362766027999015	1503	1.0
pil01	2	cdf	3	54	47.99292837667482	1267	1.0
pil01	2	cdf	3	55	136.14895485904918	993	1.0
pil01	2	cdf	3	56	106.15552213063434	1276	1.0
pil01	2	cdf	3	57	29.476990228533342	1385	1.0
pil01	2	cdf	3	58	39.01387812077074	975	1.0
pil01	2	cdf	3	59	37.60067402593584	1185	1.0
pil01	2	cdf	3	60	60.63693695197091	1128	1.0
pil01	2	cdf	3	61	67.77250347114278	1068	1.0
pil01	2	cdf	3	62	42.409787901382295	1193	1.0
pil01	2	cdf	3	63	232.9997554992074	976	0.930327868852459
pil01	2	cdf	3	64	222.88173716527038	901	0.9211986681465039
pil01	2	cdf	3	65	30.792387268352517	826	1.0
pil01	2	cdf	3	66	189.00941217153476	1176	0.9778911564625851
pil01	2	cdf	3	67	55.83423515049692	1234	1.0
pil01	2	cdf	3	68	126.39176155984102	1059	0.9820585457979226
pil01	2	cdf	3	69	69.9741014738082	1217	1.0
pil01	2	cdf	4	70	34.715795012848154	1220	1.0
pil01	2	cdf	4	71	42.93533099860717	1151	1.0
pil01	2	cdf	4	72	130.64678914041718	1251	1.0
pil01	2	cdf	4	73	47.93867020034896	1259	1.0
pil01	2	cdf	4	74	35.443429169120435	1501	1.0
pil01	2	cdf	4	75	189.61764407215844	1267	0.930544593528019
pil01	2	cdf	4	76	46.43770051377641	1201	1.0
pil01	2	cdf	4	77	33.840424413729295	1068	1.0
pil01	2	cdf	4	78	27.55749420883085	1259	1.0
pil01	2	cdf	4	79	41.33476955890056	1242	1.0
pil01	2	cdf	4	80	120.41062376537029	1176	0.9727891156462585
pil01	2	cdf	4	81	180.9158443382885	943	0.9777306468716861
pil01	2	cdf	4	82	30.117507705036726	1243	1.0
pil01	2	cdf	4	83	58.128813654551585	934	1.0
pil01	2	cdf	4	84	156.20150751543915	917	0.925845147219193
pil01	2	cdf	4	85	58.36692335899309	984	1.0
pil01	2	cdf	4	86	104.61772710761193	1109	1.0
pil01	2	cdf	4	87	77.01533068803965	1284	1.0
pil01	2	cdf	4	88	117.68726593861315	1151	1.0
pil01	2	cdf	4	89	44.264208001991676	1343	1.0
pil01	2	cdf	4	90	42.660099928536354	1351	1.0
pil01	2	cdf	4	91	41.37866588201632	1268	1.0
pil01	2	cdf	4	92	42.248483623445836	1234	1.0
pil01	2	cdf	5	93	39.07631126921273	1168	1.0
pil01	2	cdf	5	94	40.8145107679357	1503	1.0
pil01	2	cdf	5	95	58.32224836710988	1493	1.0
pil01	2	cdf	5	96	36.886247770536706	1218	1.0
pil01	2	cdf	5	97	47.39401383495349	1234	1.0
pil01	2	cdf	5	98	35.40009968671065	1185	1.0
pil01	2	cdf	5	99	43.95481414546982	1068	1.0
pil01	2	cdf	5	100	109.89867276537603	892	1.0
pil01	2	cdf	5	101	62.16005279271357	1309	1.0
pil01	2	cdf	5	102	86.96051175502193	1218	1.0
pil01	2	cdf	5	103	32.75977530914663	1017	1.0
pil01	2	cdf	5	104	83.9131637686528	1352	1.0
pil01	2	cdf	5	105	55.70544147530405	1109	1.0
pil01	2	cdf	5	106	35.3710176097927	1161	1.0
pil01	2	cdf	5	107	32.24830499188921	1068	1.0
pil01	2	cdf	5	108	37.10780553673643	842	1.0
pil01	2	cdf	5	109	33.999585034707415	1502	1.0
pil01	2	cdf	5	110	52.73131524020343	1084	1.0
pil01	2	cdf	5	111	161.88628741845912	868	0.988479262672811
pil01	2	cdf	5	112	46.962038410784054	1268	1.0
pil01	2	cdf	5	113	126.06431759551072	1152	0.9895833333333334
pil01	2	cdf	5	114	40.86785834920091	1218	1.0
pil01	2	cdf	5	115	37.94132533810139	1110	1.0
pil01	2	cdf	6	116	34.14491025843254	1176	1.0
pil01	2	cdf	6	117	65.52041804226421	876	1.0
pil01	2	cdf	6	118	31.508738284655585	1018	1.0
pil01	2	cdf	6	119	48.2886510677162	1076	1.0
pil01	2	cdf	6	120	48.581237894287376	1076	1.0
pil01	2	cdf	6	121	43.567876097273555	1077	1.0
pil01	2	cdf	6	122	40.1402756945537	993	1.0
pil01	2	cdf	6	123	37.79055134275204	1067	1.0
pil01	2	cdf	6	124	45.27904391661626	1018	1.0
pil01	2	cdf	6	125	51.374316039724974	1276	1.0
pil01	2	cdf	6	126	41.956788209881665	1193	1.0
pil01	2	cdf	6	127	39.91845019935606	901	1.0
pil01	2	cdf	6	128	42.62302219785058	1350	1.0
pil01	2	cdf	6	129	35.786393580975506	1243	1.0
pil01	2	cdf	6	130	41.22857763320245	1235	1.0
pil01	2	cdf	6	131	54.14960039775309	1126	1.0
pil01	2	cdf	6	132	39.206093794760584	1126	1.0
pil01	2	cdf	6	133	33.3232432176517	1151	1.0
pil01	2	cdf	6	134	56.62211834294643	968	1.0
pil01	2	cdf	6	135	47.464529190449745	1193	1.0
pil01	2	cdf	6	136	68.6771564518976	1210	1.0
pil01	2	cdf	6	137	39.651508831249394	976	1.0
pil01	2	cdf	6	138	43.915720315910534	1159	1.0
pil01	2	cdf	7	139	38.12370673437637	1009	1.0
pil01	2	cdf	7	140	47.50115133917574	1178	1.0
pil01	2	cdf	7	141	95.65134317332834	1459	1.0
pil01	2	cdf	7	142	33.58854523019893	1268	1.0
pil01	2	cdf	7	143	48.02815724413121	1151	1.0
pil01	2	cdf	7	144	31.091493964897612	951	1.0
pil01	2	cdf	7	145	46.820257001173616	1126	1.0
pil01	2	cdf	7	146	85.6898555080791	1326	0.9577677224736049
pil01	2	cdf	7	147	41.186588161900914	1209	1.0
pil01	2	cdf	7	148	61.535188784293894	934	1.0
pil01	2	cdf	7	149	38.856611351962066	985	1.0
pil01	2	cdf	7	150	46.32177913132013	1142	1.0
pil01	2	cdf	7	151	50.777431327221045	851	1.0
pil01	2	cdf	7	152	36.655856497574725	1151	1.0
pil01	2	cdf	7	153	77.93557348724957	1059	0.9801699716713881
pil01	2	cdf	7	154	48.000989866363184	1393	1.0
pil01	2	cdf	7	155	49.593993114148844	1026	1.0
pil01	2	cdf	7	156	31.913847458943746	1145	1.0
pil01	2	cdf	7	157	61.77335083485753	1001	1.0
pil01	2	cdf	7	158	23.6474285465092	859	1.0
pil01	2	cdf	7	159	44.2386436583091	842	1.0
pil01	2	cdf	7	160	64.76214981342972	843	1.0
pil01	2	cdf	7	161	73.83023196753537	1084	0.992619926199262
pil01	2	cdf	8	162	41.229174957586956	1143	1.0
pil01	2	cdf	8	163	27.306641185359428	1184	1.0
pil01	2	cdf	8	164	41.056533685113926	1068	1.0
pil01	2	cdf	8	165	43.74070111691368	1159	1.0
pil01	2	cdf	8	166	41.19090893741029	951	1.0
pil01	2	cdf	8	167	51.33274857463169	1226	1.0
pil01	2	cdf	8	168	55.23560360226765	901	1.0
pil01	2	cdf	8	169	53.30066237903772	859	1.0
pil01	2	cdf	8	170	37.522379146219734	751	1.0
pil01	2	cdf	8	171	51.022902641848134	793	1.0
pil01	2	cdf	8	172	105.76581056921053	1226	0.9469820554649266
pil01	2	cdf	8	173	34.73385516996832	1294	1.0
pil01	2	cdf	8	174	55.21996141538074	1092	1.0
pil01	2	cdf	8	175	32.45404331021193	1059	1.0
pil01	2	cdf	8	176	50.381900657786304	1042	1.0
pil01	2	cdf	8	177	72.23118346192041	954	1.0
pil01	2	cdf	8	178	49.41228998901164	1034	1.0
pil01	2	cdf	8	179	99.86836467769264	1134	0.937389770723104
pil01	2	cdf	8	180	56.921953624259864	1001	1.0
pil01	2	cdf	8	181	38.9930731178946	834	1.0
pil01	2	cdf	8	182	49.13513047297716	1009	1.0
pil01	2	cdf	8	183	43.458993224663026	692	1.0
pil01	2	cdf	8	184	45.324547465940654	976	1.0
pil02	1	cdf	1	1	114.34676760250971	1501	0.447035309793471
pil02	1	cdf	1	2	27.002445760410634	559	0.21645796064400716
pil02	1	cdf	1	3	53.728035783650355	709	0.7306064880112835
pil02	1	cdf	1	4	62.87216165586262	892	0.9517937219730942
pil02	1	cdf	1	5	78.30318365213795	767	0.9960886571056062
pil02	1	cdf	1	6	35.569658578992744	917	0.9945474372955289
pil02	1	cdf	1	7	59.12001570480362	909	0.858085808580858
pil02	1	cdf	1	8	39.44732234849172	1260	0.919047619047619
pil02	1	cdf	1	9	29.632352846854065	1500	0.8946666666666667
pil02	1	cdf	1	10	60.8212173297389	850	0.9764705882352941
pil02	1	cdf	1	11	77.42038187512743	1001	0.9760239760239761
pil02	1	cdf	1	12	82.54735439942662	986	0.5537525354969574
pil02	1	cdf	1	13	47.538502710209514	767	0.81877444589309
pil02	1	cdf	1	14	61.8675768970154	843	0.9134045077105575
pil02	1	cdf	1	15	71.48828651805809	769	0.8361508452535761
pil02	1	cdf	1	16	28.675803766631695	885	0.8022598870056498
pil02	1	cdf	1	17	32.07089456802349	634	0.9716088328075709
pil02	1	cdf	1	18	41.36430971562659	909	0.8690869086908691
pil02	1	cdf	1	19	51.69523574606304	859	0.8544819557625145
pil02	1	cdf	1	20	119.58038586234369	609	0.9326765188834154
pil02	1	cdf	1	21	31.56273760342395	809	0.896168108776267
pil02	1	cdf	1	22	43.727352642464446	893	0.9630459126539753
pil02	1	cdf	1	23	33.83449342784287	759	0.9960474308300395
pil02	1	cdf	2	24	60.711013342782586	834	0.6270983213429256
pil02	1	cdf	2	25	77.4458932066642	1101	0.8346957311534968
pil02	1	cdf	2	26	37.45288934421959	1137	0.9287598944591029
pil02	1	cdf	2	27	62.27729511664659	792	0.9861111111111112
pil02	1	cdf	2	28	31.8249715546646	901	0.9411764705882353
pil02	1	cdf	2	29	37.32751076545052	803	0.9912826899128269
pil02	1	cdf	2	30	85.52007340032773	1134	0.8386243386243386
pil02	1	cdf	2	31	94.75125593732518	976	0.9938524590163934
pil02	1	cdf	2	32	37.96379267788297	1143	0.9641294838145232
pil02	1	cdf	2	33	49.68806896640832	843	0.9454329774614472
pil02	1	cdf	2	34	40.17394653287157	1060	0.9462264150943396
pil02	1	cdf	2	35	73.51285437342804	1076	0.9330855018587361
pil02	1	cdf	2	36	25.442236867827948	661	0.9742813918305597
pil02	1	cdf	2	37	34.53749555870957	743	0.9946164199192463
pil02	1	cdf	2	38	22.84652780053007	826	0.8329297820823245
pil02	1	cdf	2	39	54.342064295427676	1226	0.9404567699836868
pil02	1	cdf	2	40	46.18928060703152	784	0.6989795918367347
pil02	1	cdf	2	41	28.649447623953176	633	0.981042654028436
pil02	1	cdf	2	42	27.122255680898398	1084	0.8579335793357934
pil02	1	cdf	2	43	59.31849287891339	910	0.6065934065934065
pil02	1	cdf	2	44	34.69173713267822	951	0.650893796004206
pil02	1	cdf	2	45	49.87952521753638	968	0.753099173553719
pil02	1	cdf	2	46	44.67763482710704	1068	0.7602996254681648
pil02	1	cdf	3	47	315.72329612373466	1218	0.15599343185550082
pil02	1	cdf	3	48	695.7306614079027	1168	0.0761986301369863
pil02	1	cdf	3	49	56.82988736546601	860	0.12674418604651164
pil02	1	cdf	3	50	405.37732170447214	943	0.15058324496288442
pil02	1	cdf	3	51		1159	0.0
pil02	1	cdf	3	52	201.26838311198867	1112	0.17176258992805754
pil02	1	cdf	3	53	453.46492349875166	959	0.264859228362878
pil02	1	cdf	3	54	76.30743713830238	875	0.2925714285714286
pil02	1	cdf	3	55	41.38027080306138	659	0.212443095599393
pil02	1	cdf	3	56	719.2085624903347	901	0.09211986681465038
pil02	1	cdf	3	57	396.36821827318664	1060	0.3452830188679245
pil02	1	cdf	3	58	91.27754232898414	984	0.09044715447154472
pil02	1	cdf	3	59	57.74051651495728	942	0.2515923566878981
pil02	1	cdf	3	60	402.7633466790383	634	0.08675078864353312
pil02	1	cdf	3	61	655.2140575320225	1084	0.12084870848708487
pil02	1	cdf	3	62	240.78570135567387	1026	0.15594541910331383
pil02	1	cdf	3	63	488.20912133581623	1209	0.06451612903225806
pil02	1	cdf	3	64	1393.0007970895213	1051	0.03235014272121789
pil02	1	cdf	3	65	278.4470777006575	810	0.337037037037037
pil02	1	cdf	3	66	67.74678224971508	909	0.0374037403740374
pil02	1	cdf	3	67	859.8217709788007	959	0.0667361835245047
pil02	1	cdf	3	68	1194.4360826580698	1095	0.0136986301369863
pil02	1	cdf	3	69	1447.231733439742	726	0.027548209366391185
pil02	1	cdf	4	70		979	0.0
pil02	1	cdf	4	71	473.32973784498284	1235	0.11902834008097166
pil02	1	cdf	4	72	722.8775343192217	1176	0.06802721088435375
pil02	1	cdf	4	73	438.56161146510937	1187	0.14237573715248525
pil02	1	cdf	4	74	517.2783397107228	868	0.06221198156682028
pil02	1	cdf	4	75	485.1115483566283	917	0.13304252998909488
pil02	1	cdf	4	76	564.9805501579561	1170	0.03247863247863248
pil02	1	cdf	4	77	1069.8739630979007	1026	0.0594541910331384
pil02	1	cdf	4	78	1071.9199337844427	751	0.019973368841544607
pil02	1	cdf	4	79	0.0	1043	0.004793863854266539
pil02	1	cdf	4	80	360.03435154039624	778	0.05269922879177378
pil02	1	cdf	4	81	16.813489394100674	934	0.018201284796573874
pil02	1	cdf	4	82	44.29691856229939	1035	0.04541062801932367
pil02	1	cdf	4	83		759	0.0
pil02	1	cdf	4	84		1034	0.0
pil02	1	cdf	4	85		842	0.0
pil02	1	cdf	4	86		601	0.0
pil02	1	cdf	4	87		1037	0.0
pil02	1	cdf	4	88		1076	0.0
pil02	1	cdf	4	89		859	0.0
pil02	1	cdf	4	90		1220	0.0
pil02	1	cdf	4	91		901	0.0
pil02	1	cdf	4	92		1251	0.0
pil02	1	cdf	5	93		1001	0.0
pil02	1	cdf	5	94	36.46800439847087	1184	0.9535472972972973
pil02	1	cdf	5	95	51.2716432785025	1043	1.0
pil02	1	cdf	5	96	43.214809927026664	1145	1.0
pil02	1	cdf	5	97	51.49501810516168	792	1.0
pil02	1	cdf	5	98	38.496271498894124	1051	1.0
pil02	1	cdf	5	99	44.859647196979886	867	1.0
pil02	1	cdf	5	100	41.80580135138248	1093	1.0
pil02	1	cdf	5	101	39.69002974481505	942	0.9915074309978769
pil02	1	cdf	5	102	42.949527985219454	1485	0.7097643097643098
pil02	1	cdf	5	103	39.75922015327704	717	0.9846582984658299
pil02	1	cdf	5	104	33.390022039599025	1076	1.0
pil02	1	cdf	5	105	44.598073760247765	900	0.9844444444444445
pil02	1	cdf	5	106	37.56581529776291	1361	0.9478324761204996
pil02	1	cdf	5	107	32.82220807197468	1068	0.5852059925093633
pil02	1	cdf	5	108	47.19308982229851	1001	0.993006993006993
pil02	1	cdf	5	109	64.2845984992233	1010	0.999009900990099
pil02	1	cdf	5	110	55.01334858224408	1034	0.9632495164410058
pil02	1	cdf	5	111	36.31385353910133	1059	0.7969782813975449
pil02	1	cdf	5	112	41.075435588376635	984	0.9969512195121951
pil02	1	cdf	5	113	20.470996303868773	1143	0.5494313210848644
pil02	1	cdf	5	114	50.19379188510336	900	0.9988888888888889
pil02	1	cdf	5	115	102.8624433484253	935	0.9978609625668449
pil02	1	cdf	6	116	38.52018160657102	1026	0.7378167641325536
pil02	1	cdf	6	117	78.3083611568505	1109	0.9666366095581606
pil02	1	cdf	6	118	105.13259980247986	925	0.9913513513513513
pil02	1	cdf	6	119	93.62102432779687	1118	0.9445438282647585
pil02	1	cdf	6	120	71.16166018559879	901	0.9700332963374029
pil02	1	cdf	6	121	114.64925251638351	1185	1.0
pil02	1	cdf	6	122	77.449499705482	876	0.930365296803653
pil02	1	cdf	6	123	66.70463303941541	1017	0.8574237954768928
pil02	1	cdf	6	124	74.41073490006941	1101	0.9663941871026339
pil02	1	cdf	6	125	46.701051141699985	1060	0.8669811320754717
pil02	1	cdf	6	126	55.880875918873514	992	0.9768145161290323
pil02	1	cdf	6	127	35.87532508875486	926	0.9924406047516199
pil02	1	cdf	6	128	41.662181756111764	1034	0.7804642166344294
pil02	1	cdf	6	129	163.35677183508716	912	0.4868421052631579
pil02	1	cdf	6	130	47.734681665830465	1293	0.8607888631090487
pil02	1	cdf	6	131	36.07240704642032	960	0.765625
pil02	1	cdf	6	132	43.818367812020604	1318	0.7610015174506829
pil02	1	cdf	6	133	97.31513289593822	1378	0.18214804063860668
pil02	1	cdf	6	134	46.44732316447262	917	0.6335877862595419
pil02	1	cdf	6	135	54.953070349545456	1126	0.655417406749556
pil02	1	cdf	6	136	89.1320674071281	892	0.9607623318385651
pil02	1	cdf	6	137	97.26621603900855	1418	0.39562764456981664
pil02	1	cdf	6	138	42.18366042027134	1335	0.4786516853932584
pil02	1	cdf	7	139	26.75224448245241	1084	0.6780442804428044
pil02	1	cdf	7	140	39.81383774597675	859	0.4458672875436554
pil02	1	cdf	7	141	25.14952352005633	775	0.1367741935483871
pil02	1	cdf	7	142	27.465853074830914	1126	0.5
pil02	1	cdf	7	143	35.0198185881808	1168	0.06934931506849315
pil02	1	cdf	7	144	46.79613862581458	692	0.8497109826589595
pil02	1	cdf	7	145	39.45612135990753	1142	0.6742556917688266
pil02	1	cdf	7	146	38.50752101109019	884	0.8947963800904978
pil02	1	cdf	7	147	77.02028617160556	1084	0.816420664206642
pil02	1	cdf	7	148	41.823249282369765	967	0.8469493278179938
pil02	1	cdf	7	149	22.961016101282503	876	0.545662100456621
pil02	1	cdf	7	150	55.066339512917665	1235	0.7797570850202429
pil02	1	cdf	7	151	33.728745143857786	1418	0.49506346967559944
pil02	1	cdf	7	152	108.13988025818095	961	0.9281997918834547
pil02	1	cdf	7	153	105.79101161541753	701	0.9415121255349501
pil02	1	cdf	7	154	21.702168633737678	684	0.9385964912280702
pil02	1	cdf	7	155	105.67068500268975	617	0.8298217179902755
pil02	1	cdf	7	156	50.14722955917644	1017	0.8092428711897739
pil02	1	cdf	7	157	26.93491901776426	1076	0.637546468401487
pil02	1	cdf	7	158	33.443092107845445	876	0.7511415525114156
pil02	1	cdf	7	159	31.64085642414361	725	1.0
pil02	1	cdf	7	160	55.226759111410345	1476	0.8265582655826558
pil02	1	cdf	7	161	92.6183177075062	1126	0.7495559502664298
pil02	1	cdf	8	162	34.730538997338044	1226	0.9690048939641109
pil02	1	cdf	8	163	42.16043243529783	1335	0.9887640449438202
pil02	1	cdf	8	164	82.63547495825192	928	0.9978448275862069
pil02	1	cdf	8	165	61.8969844492078	1160	0.9879310344827587
pil02	1	cdf	8	166	70.86966102327504	868	1.0
pil02	1	cdf	8	167	35.86501879560519	918	0.9967320261437909
pil02	1	cdf	8	168	51.12577563200465	842	1.0
pil02	1	cdf	8	169	105.9478606033114	834	0.9928057553956835
pil02	1	cdf	8	170	80.23612841269733	1026	0.9951267056530214
pil02	1	cdf	8	171	86.84774462591987	812	0.9901477832512315
pil02	1	cdf	8	172	75.44031820373586	1109	0.9828674481514879
pil02	1	cdf	8	173	83.80913884199066	834	0.9988009592326139
pil02	1	cdf	8	174	101.81586786941578	675	0.9940740740740741
pil02	1	cdf	8	175	31.918311733397516	1084	0.9953874538745388
pil02	1	cdf	8	176	63.15918813789124	1476	1.0
pil02	1	cdf	8	177	75.61059643294915	767	0.9986962190352021
pil02	1	cdf	8	178	85.57020752608524	1119	0.9991063449508489
pil02	1	cdf	8	179	92.83141241764126	1010	0.997029702970297
pil02	1	cdf	8	180	80.94490591982535	1042	0.9990403071017274
pil02	1	cdf	8	181	28.871480738936462	1159	0.99137187230371
pil02	1	cdf	8	182	31.24561591718032	842	0.9608076009501187
pil02	1	cdf	8	183	87.60349637340948	1058	0.995274102079395
pil02	1	cdf	8	184	73.60118301702931	1418	0.8744710860366713
pil02	2	inverse_cdf	1	1	32.047013090664905	1412	1.0
pil02	2	inverse_cdf	1	2	88.5239749687759	1501	1.0
pil02	2	inverse_cdf	1	3	35.27537572859272	1100	1.0
pil02	2	inverse_cdf	1	4	45.39373153925094	1126	1.0
pil02	2	inverse_cdf	1	5	62.03559242150745	976	1.0
pil02	2	inverse_cdf	1	6	30.823958566807583	1134	1.0
pil02	2	inverse_cdf	1	7	35.75741041078106	1418	1.0
pil02	2	inverse_cdf	1	8	72.49495843544138	1059	1.0
pil02	2	inverse_cdf	1	9	28.47709918360144	867	1.0
pil02	2	inverse_cdf	1	10	33.36847324170623	1501	1.0
pil02	2	inverse_cdf	1	11	38.654123866684365	726	1.0
pil02	2	inverse_cdf	1	12	52.76755669116807	543	1.0
pil02	2	inverse_cdf	1	13	88.79731733207507	643	1.0
pil02	2	inverse_cdf	1	14	33.41241922384456	1352	1.0
pil02	2	inverse_cdf	1	15	71.68663101667083	868	1.0
pil02	2	inverse_cdf	1	16	33.500940227872185	1435	1.0
pil02	2	inverse_cdf	1	17	64.02107420085859	1276	1.0
pil02	2	inverse_cdf	1	18	33.409354253765486	1036	1.0
pil02	2	inverse_cdf	1	19	32.81010871517617	1226	1.0
pil02	2	inverse_cdf	1	20	46.82238818239155	1302	1.0
pil02	2	inverse_cdf	1	21	33.04723823866141	987	1.0
pil02	2	inverse_cdf	1	22	34.145113128461134	1476	1.0
pil02	2	inverse_cdf	1	23	41.13146124490717	1485	1.0
pil02	2	inverse_cdf	2	24	48.59817393326503	842	1.0
pil02	2	inverse_cdf	2	25	21.354227320941465	993	1.0
pil02	2	inverse_cdf	2	26	79.41624407768579	884	1.0
pil02	2	inverse_cdf	2	27	30.965418041097127	1502	1.0
pil02	2	inverse_cdf	2	28	38.778820670045434	768	1.0
pil02	2	inverse_cdf	2	29	34.66415950699538	926	1.0
pil02	2	inverse_cdf	2	30	48.08661971578885	885	1.0
pil02	2	inverse_cdf	2	31	34.37180745414483	851	1.0
pil02	2	inverse_cdf	2	32	29.033671247419246	1118	1.0
pil02	2	inverse_cdf	2	33	37.54408445919475	1501	1.0
pil02	2	inverse_cdf	2	34	69.30704719411044	851	1.0
pil02	2	inverse_cdf	2	35	26.482603159804018	1134	1.0
pil02	2	inverse_cdf	2	36	25.634439070121	1276	1.0
pil02	2	inverse_cdf	2	37	62.08304319322214	1001	1.0
pil02	2	inverse_cdf	2	38	45.706560481136336	1117	1.0
pil02	2	inverse_cdf	2	39	84.19695593754969	879	1.0
pil02	2	inverse_cdf	2	40	31.906946217473106	1301	1.0
pil02	2	inverse_cdf	2	41	74.77823479930262	1218	1.0
pil02	2	inverse_cdf	2	42	42.438784882085876	1404	1.0
pil02	2	inverse_cdf	2	43	51.30292682848964	1176	1.0
pil02	2	inverse_cdf	2	44	24.15818512713453	1076	1.0
pil02	2	inverse_cdf	2	45	25.373243517541564	992	1.0
pil02	2	inverse_cdf	2	46	53.492390386336254	659	1.0
pil02	2	inverse_cdf	3	47	65.34414155554175	968	1.0
pil02	2	inverse_cdf	3	48	56.47338884077345	909	1.0
pil02	2	inverse_cdf	3	49	48.55473188713073	951	1.0
pil02	2	inverse_cdf	3	50	59.08447406767894	1034	1.0
pil02	2	inverse_cdf	3	51	43.58318796595578	976	1.0
pil02	2	inverse_cdf	3	52	32.81874050437774	910	1.0
pil02	2	inverse_cdf	3	53	37.08829407991096	859	1.0
pil02	2	inverse_cdf	3	54	35.13729817024004	1259	0.9007148530579825
pil02	2	inverse_cdf	3	55	78.68651306531366	1501	0.9993337774816788
pil02	2	inverse_cdf	3	56	35.64511185284428	851	0.8848413631022327
pil02	2	inverse_cdf	3	57	35.889357168079336	901	1.0
pil02	2	inverse_cdf	3	58	95.90845718802626	1001	1.0
pil02	2	inverse_cdf	3	59	29.01461804247295	825	1.0
pil02	2	inverse_cdf	3	60	45.46402576813111	809	1.0
pil02	2	inverse_cdf	3	61	41.54122567756579	978	1.0
pil02	2	inverse_cdf	3	62	25.602158568833534	1017	1.0
pil02	2	inverse_cdf	3	63	31.13376174016856	1317	1.0
pil02	2	inverse_cdf	3	64	23.32620635573066	951	1.0
pil02	2	inverse_cdf	3	65	54.07644222819118	1037	0.9990356798457087
pil02	2	inverse_cdf	3	66	32.226838309562964	1017	0.9990167158308751
pil02	2	inverse_cdf	3	67	45.96297343907049	1201	1.0
pil02	2	inverse_cdf	3	68	25.5324034273925	1086	1.0
pil02	2	inverse_cdf	3	69	40.31835635735211	1368	1.0
pil02	2	inverse_cdf	4	70	115.93473034996732	1092	0.9432234432234432
pil02	2	inverse_cdf	4	71	42.59755774458652	917	0.9956379498364231
pil02	2	inverse_cdf	4	72	38.427276885591745	776	1.0
pil02	2	inverse_cdf	4	73	39.491343801565144	792	1.0
pil02	2	inverse_cdf	4	74	107.9051450659728	1068	0.9878277153558053
pil02	2	inverse_cdf	4	75	47.050229521257684	1235	0.9927125506072875
pil02	2	inverse_cdf	4	76	25.751794449072673	1067	0.9962511715089035
pil02	2	inverse_cdf	4	77	38.193350808537694	951	1.0
pil02	2	inverse_cdf	4	78	22.971431690280774	943	1.0
pil02	2	inverse_cdf	4	79	54.53547000040788	893	1.0
pil02	2	inverse_cdf	4	80	25.615746520671053	1051	1.0
pil02	2	inverse_cdf	4	81	78.30566837129837	842	0.998812351543943
pil02	2	inverse_cdf	4	82	43.56051989589018	826	1.0
pil02	2	inverse_cdf	4	83	26.779868137036736	1218	1.0
pil02	2	inverse_cdf	4	84	27.594471340882304	1009	1.0
pil02	2	inverse_cdf	4	85	47.62540041402523	1095	1.0
pil02	2	inverse_cdf	4	86	35.71866434603401	959	1.0
pil02	2	inverse_cdf	4	87	109.8039915152696	917	0.9989094874591058
pil02	2	inverse_cdf	4	88	31.76067883780095	776	1.0
pil02	2	inverse_cdf	4	89	95.27009680076078	1101	0.9918256130790191
pil02	2	inverse_cdf	4	90	27.185741023540324	1168	1.0
pil02	2	inverse_cdf	4	91	68.18202233795395	801	1.0
pil02	2	inverse_cdf	4	92	74.19833280999438	834	1.0
pil02	2	inverse_cdf	5	93	44.58814248230811	1026	1.0
pil02	2	inverse_cdf	5	94	36.09375194745065	960	1.0
pil02	2	inverse_cdf	5	95	64.67049096436095	1085	1.0
pil02	2	inverse_cdf	5	96	31.4509509871198	1368	1.0
pil02	2	inverse_cdf	5	97	25.00844849014061	951	1.0
pil02	2	inverse_cdf	5	98	29.61483622698372	1168	1.0
pil02	2	inverse_cdf	5	99	27.77064877328189	1195	1.0
pil02	2	inverse_cdf	5	100	27.750119764005838	1193	1.0
pil02	2	inverse_cdf	5	101	77.73575439922367	1201	1.0
pil02	2	inverse_cdf	5	102	81.6756050445546	959	1.0
pil02	2	inverse_cdf	5	103	24.640983904576075	652	1.0
pil02	2	inverse_cdf	5	104	47.862852177233506	1501	0.9926715522984677
pil02	2	inverse_cdf	5	105	38.76742712790768	1018	0.9990176817288802
pil02	2	inverse_cdf	5	106	55.25007989263102	1028	0.9990272373540856
pil02	2	inverse_cdf	5	107	75.79062110911282	1117	1.0
pil02	2	inverse_cdf	5	108	40.99112298569189	1051	0.9990485252140818
pil02	2	inverse_cdf	5	109	37.998154278536965	1118	1.0
pil02	2	inverse_cdf	5	110	83.4319624719563	1011	1.0
pil02	2	inverse_cdf	5	111	78.12110494562981	993	1.0
pil02	2	inverse_cdf	5	112	34.15707812342452	909	1.0
pil02	2	inverse_cdf	5	113	100.43228002354887	1101	1.0
pil02	2	inverse_cdf	5	114	44.22525730843869	1501	1.0
pil02	2	inverse_cdf	5	115	37.226888882479926	976	0.9989754098360656
pil02	2	inverse_cdf	6	116	41.186083418564166	884	1.0
pil02	2	inverse_cdf	6	117	35.7849387726214	1209	1.0
pil02	2	inverse_cdf	6	118	33.77671563828305	1076	1.0
pil02	2	inverse_cdf	6	119	43.216181677335975	684	1.0
pil02	2	inverse_cdf	6	120	24.87753190049483	651	1.0
pil02	2	inverse_cdf	6	121	37.430736028618306	1343	0.9985107967237528
pil02	2	inverse_cdf	6	122	33.8914557364929	700	0.9985714285714286
pil02	2	inverse_cdf	6	123	37.746607176510764	1018	0.9931237721021611
pil02	2	inverse_cdf	6	124	36.677954822250925	959	0.9979144942648592
pil02	2	inverse_cdf	6	125	29.542519484369954	1201	0.9983347210657785
pil02	2	inverse_cdf	6	126	25.739633867229358	1043	1.0
pil02	2	inverse_cdf	6	127	29.953863409246345	1001	1.0
pil02	2	inverse_cdf	6	128	42.23555994152471	901	1.0
pil02	2	inverse_cdf	6	129	41.286197720719876	801	0.9987515605493134
pil02	2	inverse_cdf	6	130	36.20042165286777	1093	1.0
pil02	2	inverse_cdf	6	131	45.471800199691664	1126	1.0
pil02	2	inverse_cdf	6	132	27.133576216828363	1209	1.0
pil02	2	inverse_cdf	6	133	44.023326121463086	1176	1.0
pil02	2	inverse_cdf	6	134	30.10841909751115	1243	1.0
pil02	2	inverse_cdf	6	135	30.357503472328837	709	1.0
pil02	2	inverse_cdf	6	136	38.70015400803637	976	1.0
pil02	2	inverse_cdf	6	137	22.326052882112595	959	1.0
pil02	2	inverse_cdf	6	138	25.973660811988044	1118	1.0
pil02	2	inverse_cdf	7	139	42.962939781742094	1177	0.9974511469838573
pil02	2	inverse_cdf	7	140	18.14611091264123	1162	1.0
pil02	2	inverse_cdf	7	141	23.838108531779184	884	1.0
pil02	2	inverse_cdf	7	142	78.77046853327359	951	1.0
pil02	2	inverse_cdf	7	143	42.8818306051916	1179	1.0
pil02	2	inverse_cdf	7	144	31.465597022805383	976	1.0
pil02	2	inverse_cdf	7	145	29.830352688014905	1125	1.0
pil02	2	inverse_cdf	7	146	39.86327770283036	901	1.0
pil02	2	inverse_cdf	7	147	37.07318728731773	976	1.0
pil02	2	inverse_cdf	7	148	32.38197873610505	1334	0.9985007496251874
pil02	2	inverse_cdf	7	149	33.48071044698284	1309	1.0
pil02	2	inverse_cdf	7	150	28.483262360467695	884	1.0
pil02	2	inverse_cdf	7	151	34.96317988589295	1318	0.9992412746585736
pil02	2	inverse_cdf	7	152	114.99703475570166	1309	1.0
pil02	2	inverse_cdf	7	153	26.807430604673872	1351	1.0
pil02	2	inverse_cdf	7	154	22.95293089538864	967	1.0
pil02	2	inverse_cdf	7	155	35.742706029875976	1009	1.0
pil02	2	inverse_cdf	7	156	42.83045659736427	1034	1.0
pil02	2	inverse_cdf	7	157	26.323299591821634	910	1.0
pil02	2	inverse_cdf	7	158	33.168117554725704	1117	1.0
pil02	2	inverse_cdf	7	159	27.495685939282442	1059	1.0
pil02	2	inverse_cdf	7	160	67.28736252522391	1051	0.9990485252140818
pil02	2	inverse_cdf	7	161	45.30003025996682	1009	0.998017839444995
pil02	2	inverse_cdf	8	162	27.87530269143769	1168	1.0
pil02	2	inverse_cdf	8	163	28.984801486188395	1034	1.0
pil02	2	inverse_cdf	8	164	31.901793106472297	700	1.0
pil02	2	inverse_cdf	8	165	32.857115378568686	1068	1.0
pil02	2	inverse_cdf	8	166	32.2900035706974	1393	1.0
pil02	2	inverse_cdf	8	167	33.22037787303426	1034	1.0
pil02	2	inverse_cdf	8	168	38.37989793901531	959	1.0
pil02	2	inverse_cdf	8	169	36.5328709925883	1142	1.0
pil02	2	inverse_cdf	8	170	36.54076119153286	1070	1.0
pil02	2	inverse_cdf	8	171	36.02063161567022	917	1.0
pil02	2	inverse_cdf	8	172	41.86416420322145	901	1.0
pil02	2	inverse_cdf	8	173	30.66987659634709	1096	1.0
pil02	2	inverse_cdf	8	174	92.39654057849319	817	1.0
pil02	2	inverse_cdf	8	175	56.51921188485985	785	1.0
pil02	2	inverse_cdf	8	176	39.76600702364896	1126	1.0
pil02	2	inverse_cdf	8	177	60.818484864505464	1070	1.0
pil02	2	inverse_cdf	8	178	28.287463608904194	1176	0.9991496598639455
pil02	2	inverse_cdf	8	179	25.535209988413566	1009	1.0
pil02	2	inverse_cdf	8	180	45.05776004852977	1502	1.0
pil02	2	inverse_cdf	8	181	27.15552078274086	817	1.0
pil02	2	inverse_cdf	8	182	25.7787357271763	867	1.0
pil02	2	inverse_cdf	8	183	27.206176115213292	909	1.0
pil02	2	inverse_cdf	8	184	31.00484873869572	1034	0.9980657640232108
