subject	session	mapping	run	trial_nr	orientation	onset_ms	duration_ms	amplitude_deg	direction_deg	peak_vel_deg_s
01	1	inverse_cdf	1	1	112.5	266.0	28.0	2.135576477850724	4.847995252629843	243.98696002992716
01	1	inverse_cdf	1	8	90.0	666.0	6.0	0.4520855347413803	48.094312178632606	81.71629510565526
01	1	inverse_cdf	1	16	60.0	126.0	6.0	0.5761502688537662	173.78560951286954	82.15865443022564
01	1	inverse_cdf	1	20	165.0	6.0	4.0	0.2801446926659962	-23.112157539573747	67.54122276921603
01	1	inverse_cdf	1	23	150.0	162.0	20.0	0.2694604613266128	117.9698565870202	95.85381287617072
01	1	inverse_cdf	1	23	150.0	654.0	28.0	0.5470164638743131	39.27839863304834	137.42894437693136
01	1	inverse_cdf	1	23	150.0	942.0	6.0	0.7515622486662932	169.30242255687426	106.67127074120313
01	1	inverse_cdf	2	25	112.5	588.0	20.0	0.08206009964622049	163.74428476495575	92.38996264171243
01	1	inverse_cdf	2	31	172.5	352.0	4.0	0.44345954754207495	43.20808833828449	101.09752966294667
01	1	inverse_cdf	2	39	120.0	578.0	6.0	0.44180599532494086	154.00484529714984	75.36494962845316
01	1	inverse_cdf	2	41	142.5	4.0	4.0	0.45359411285796214	160.1160086001694	102.90581179843014
01	1	inverse_cdf	2	43	45.0	594.0	24.0	0.07576604623321137	-4.9699416193018235	110.06251575909363
01	1	inverse_cdf	2	45	127.5	670.0	6.0	0.5902509515582494	-7.188222131438557	90.30894844460339
01	1	inverse_cdf	3	47	45.0	264.0	16.0	2.933262898736004	-4.138526830803269	263.8159401433611
01	1	inverse_cdf	3	47	45.0	448.0	6.0	0.6307869496266378	162.12227285496073	107.44793899721107
01	1	inverse_cdf	3	54	15.0	694.0	4.0	0.3482141512676459	21.85757786539278	77.30208527612062
01	1	inverse_cdf	3	56	52.5	894.0	4.0	0.37086833704406497	13.304485401881372	81.1433129652742
01	1	inverse_cdf	3	61	127.5	768.0	4.0	0.3481785740497782	130.21527819946945	89.66093131888394
01	1	inverse_cdf	3	63	60.0	194.0	4.0	0.3180978256965489	5.3284019165174055	68.70513218282271
01	1	inverse_cdf	3	63	60.0	754.0	18.0	0.03687508617381371	-147.72485739068551	73.20779274963841
01	1	inverse_cdf	3	66	165.0	364.0	16.0	0.33876783808411753	66.30073247575358	95.07934606765495
01	1	inverse_cdf	3	67	22.5	66.0	4.0	0.624478142254599	96.63853680212209	128.76569653574745
01	1	inverse_cdf	4	70	165.0	322.0	26.0	2.2708626909080203	5.681004436668399	239.26441858732076
01	1	inverse_cdf	4	73	142.5	576.0	8.0	0.7750978774253322	27.763721286581468	109.84606058207486
01	1	inverse_cdf	4	76	97.5	642.0	18.0	0.2694556144475203	142.91710380738863	89.1725220999291
01	1	inverse_cdf	4	79	45.0	64.0	16.0	0.5127467604097968	3.119098011856039	122.78572864217514
01	1	inverse_cdf	4	80	37.5	634.0	18.0	0.3866497835843087	79.98264760275455	90.44019290022415
01	1	inverse_cdf	4	85	67.5	440.0	4.0	0.2214027854013143	-178.72584973991516	54.015496865702495
01	1	inverse_cdf	5	93	52.5	266.0	14.0	2.591960269436223	-8.372603414065127	231.8013398484962
01	1	inverse_cdf	5	101	45.0	38.0	4.0	0.4810256956617582	131.94417048680373	108.03974882732979
01	1	inverse_cdf	5	106	127.5	60.0	4.0	0.3859279474288557	2.6813387938402946	86.10805467555937
01	1	inverse_cdf	5	108	30.0	106.0	4.0	0.32948372114638785	-22.24335140055253	70.29193031344577
01	1	inverse_cdf	5	110	172.5	118.0	26.0	0.4123917364483241	66.82637785594602	127.93309931992106
01	1	inverse_cdf	5	113	37.5	94.0	4.0	0.4441114686892904	20.325630627393387	86.79731225450548
01	1	inverse_cdf	5	114	82.5	614.0	4.0	0.43947258134271694	162.84082575902355	91.9704899930124
01	1	inverse_cdf	6	116	45.0	270.0	18.0	3.4785250456268875	14.783814770075173	260.983375036147
01	1	inverse_cdf	6	119	52.5	20.0	34.0	0.5209220066385204	80.39232902324159	120.19024203945476
01	1	inverse_cdf	6	124	165.0	60.0	16.0	0.19645674499951782	-22.081018717754883	118.23727797768005
01	1	inverse_cdf	6	126	97.5	76.0	4.0	0.390853345238128	151.676183388374	84.04647849836068
01	1	inverse_cdf	6	131	150.0	86.0	4.0	0.3910581381179997	173.73589417414055	86.06456195759858
01	1	inverse_cdf	6	131	150.0	654.0	4.0	0.3703155410211371	-4.830250687884613	73.62541611641193
01	1	inverse_cdf	6	132	75.0	636.0	4.0	0.6421965026798915	157.61819454490734	136.59665832368296
01	1	inverse_cdf	6	134	37.5	550.0	16.0	0.14172573248363365	37.02662727012663	85.67562468604041
01	1	inverse_cdf	6	137	15.0	586.0	4.0	0.32893045922083264	138.4300392865747	77.17573279190788
01	1	inverse_cdf	7	140	172.5	832.0	6.0	0.6322800931627631	9.71175536706087	99.07252009666281
01	1	inverse_cdf	7	142	127.5	88.0	18.0	0.027874989617116434	-151.90126199574806	100.21107336259173
01	1	inverse_cdf	7	148	60.0	604.0	4.0	0.5272268623713876	34.50402877050433	105.36149613002586
01	1	inverse_cdf	7	150	52.5	54.0	24.0	6.0143431308642725	174.14893344192623	389.30287086411965
01	1	inverse_cdf	7	150	52.5	216.0	10.0	1.3494306849422157	150.73984669386695	153.69151478454398
01	1	inverse_cdf	7	151	165.0	404.0	16.0	0.3593994505351821	166.54604948778575	121.68900488776552
01	1	inverse_cdf	7	154	15.0	266.0	24.0	6.570805820238755	106.13065153361424	473.32519749760746
01	1	inverse_cdf	7	154	15.0	484.0	4.0	0.650472996813018	92.89058368200715	136.41702758202285
01	1	inverse_cdf	7	157	7.5	852.0	20.0	1.4136553107332173	-109.32053629246555	91.08887491027556
01	1	inverse_cdf	8	162	157.5	304.0	8.0	1.569359866651606	7.084732574979424	210.52582486769094
01	1	inverse_cdf	8	164	22.5	696.0	4.0	0.48717355533521295	175.17104096046927	111.07080489594308
01	1	inverse_cdf	8	165	142.5	626.0	10.0	1.330205038298123	39.634643058591266	140.02514079360736
01	1	inverse_cdf	8	165	142.5	694.0	4.0	1.2059219339501857	94.99163213813581	220.9405062547885
01	1	inverse_cdf	8	170	75.0	280.0	8.0	1.2200084494130508	163.60019662481668	157.0041127073682
01	1	inverse_cdf	8	174	90.0	142.0	4.0	0.4963250022604245	176.58848775406085	106.20762183320481
01	1	inverse_cdf	8	175	45.0	124.0	50.0	12.34878380551744	-21.66971064155076	493.997800724176
01	1	inverse_cdf	8	175	45.0	280.0	40.0	13.73225655182055	163.4635029907509	574.9094488576317
01	1	inverse_cdf	8	177	120.0	28.0	12.0	1.83608619545163	-17.635008254501855	181.07395988074998
01	1	inverse_cdf	8	177	120.0	114.0	22.0	1.8249517571943534	168.59615025849286	203.02730025631934
01	1	inverse_cdf	8	180	37.5	956.0	38.0	1.7095066125453342	-58.21560651893163	713.4236691221471
01	1	inverse_cdf	8	182	60.0	708.0	30.0	7.233217631526609	-24.297376810809826	773.3462320873921
01	1	inverse_cdf	8	182	60.0	760.0	40.0	7.144439744090658	154.2647434636191	655.9801441198215
01	2	cdf	1	1	90.0	4.0	4.0	0.5786957465659315	-78.7636870413909	156.62961105772064
01	2	cdf	1	1	90.0	70.0	32.0	0.06675430284970245	-31.063015933463795	249.68358965059497
01	2	cdf	1	1	90.0	128.0	4.0	1.0915200774783231	-64.38963315389242	181.6658284181534
01	2	cdf	1	1	90.0	282.0	16.0	3.7742406936701225	7.62149878453737	340.62005552411455
01	2	cdf	1	3	120.0	538.0	18.0	0.41164629806129055	63.22357371499232	120.35939952390338
01	2	cdf	1	3	120.0	984.0	6.0	0.8329479692994092	72.10219167453708	126.91136927872525
01	2	cdf	1	4	82.5	794.0	30.0	0.13015485154942028	156.99494877251695	89.99532047338941
01	2	cdf	1	5	75.0	368.0	18.0	0.19897208397731778	118.04388405498928	92.44811912412929
01	2	cdf	1	5	75.0	618.0	4.0	0.45298947951813867	13.83250121875975	95.83236698932983
01	2	cdf	1	8	60.0	698.0	4.0	0.5527206865079296	32.51092223620013	112.43899696045587
01	2	cdf	1	13	67.5	778.0	8.0	0.5457923221670863	33.59425681983874	67.23747589298493
01	2	cdf	1	15	172.5	462.0	6.0	0.4461040720635139	121.00173693662938	72.64046240285863
01	2	cdf	1	16	112.5	604.0	4.0	0.38762176114817265	2.183890721599808	86.03256357304087
01	2	cdf	1	17	127.5	12.0	86.0	6.701117420137299	-67.89196091402084	761.6523885403875
01	2	cdf	1	17	127.5	668.0	6.0	0.4434186583664694	111.72098889679417	76.0283015145528
01	2	cdf	1	19	15.0	108.0	4.0	0.3059444752409276	-7.087604779668572	64.25010919494554
01	2	cdf	1	21	30.0	656.0	4.0	0.48656551089937417	82.44098782840798	98.37551548284465
01	2	cdf	1	21	30.0	884.0	10.0	0.9847107563939383	74.43430580945517	98.60696289849271
01	2	cdf	2	26	90.0	6.0	4.0	0.655026312093367	-104.21355436895564	133.54800237168283
01	2	cdf	2	26	90.0	696.0	4.0	0.39909980066941303	23.505024077309542	87.36344464531592
01	2	cdf	2	28	105.0	130.0	8.0	0.6912721404654169	95.85830935641987	94.89977351934395
01	2	cdf	2	28	105.0	780.0	6.0	0.3946924435137607	133.65150313802778	73.8942630327176
01	2	cdf	2	31	82.5	768.0	6.0	0.5123115855787561	166.09773042450584	94.88530002907488
01	2	cdf	2	33	150.0	754.0	20.0	0.4446016646626997	133.6551864609168	96.16771640871663
01	2	cdf	2	35	120.0	300.0	24.0	0.4984646874230667	124.26347595050981	119.27364073326497
01	2	cdf	2	35	120.0	352.0	20.0	0.4368735076490059	-79.83121544427729	98.68241319442613
01	2	cdf	2	39	67.5	280.0	4.0	2.1835797387904807	-6.513957710936649	355.47578960864047
01	2	cdf	2	39	67.5	460.0	4.0	4.2212048063817145	-73.63905298401195	852.4250006494134
01	2	cdf	2	39	67.5	490.0	4.0	3.939049159196833	106.60378168689998	800.0809938177973
01	2	cdf	2	39	67.5	536.0	20.0	1.0890228958810166	-96.22910182246926	801.3013847417159
01	2	cdf	2	39	67.5	604.0	4.0	4.42175413881987	-88.21342357788811	906.2402688251952
01	2	cdf	2	39	67.5	640.0	4.0	6.548201508348581	101.93008546168718	1060.1945164873396
01	2	cdf	2	42	112.5	692.0	8.0	0.6920931039866998	170.58289635384097	106.30251876936019
01	2	cdf	2	44	22.5	710.0	4.0	0.306985209496081	178.77460302034362	67.74640851233424
01	2	cdf	2	45	135.0	604.0	16.0	0.09028493656366982	152.96933650336396	67.76133435037329
01	2	cdf	3	47	22.5	16.0	4.0	2.1846635965568004	-85.18882457703317	387.18357274931583
01	2	cdf	3	47	22.5	194.0	44.0	0.05333441783025131	-42.58470580566376	451.6685767977123
01	2	cdf	3	47	22.5	266.0	36.0	2.7272284894308325	2.481231417367021	256.30397827829063
01	2	cdf	3	48	112.5	106.0	8.0	0.5549260736155548	-168.22449124387896	71.87109830435341
01	2	cdf	3	48	112.5	306.0	4.0	0.3328577704950467	-7.6504933374880455	70.6730972755499
01	2	cdf	3	49	7.5	8.0	6.0	3.874412616577521	-84.94495351923216	610.6283528839024
01	2	cdf	3	49	7.5	130.0	20.0	1.001764598404753	113.35890677540176	338.585695199165
01	2	cdf	3	49	7.5	242.0	4.0	0.9299296465172321	-93.13641551228982	197.20110683487172
01	2	cdf	3	49	7.5	312.0	4.0	1.3172468001817244	86.07045522103546	231.52090579322973
01	2	cdf	3	49	7.5	642.0	6.0	0.7055374653499026	168.32345751858958	115.30284355891972
01	2	cdf	3	53	97.5	348.0	4.0	0.3213233421864794	-12.687719245203066	69.59995291932248
01	2	cdf	3	53	97.5	654.0	16.0	0.2100882306092768	97.18059930273562	90.29595424581294
01	2	cdf	3	57	172.5	38.0	4.0	0.318704489696563	87.34358429450943	75.47848224262788
01	2	cdf	3	57	172.5	336.0	18.0	0.5239530562600638	106.56181463130508	94.6687188461772
01	2	cdf	3	59	60.0	656.0	12.0	1.6311428135867514	98.50594748068661	432.4139993329675
01	2	cdf	3	59	60.0	688.0	6.0	1.4026864773950432	113.66202669248709	218.36027079675452
01	2	cdf	3	59	60.0	714.0	4.0	1.3273270678417564	-84.03802405335901	243.83723809310086
01	2	cdf	3	59	60.0	756.0	220.0	0.6010864870254684	-111.12658218879952	529.2419583205392
01	2	cdf	3	61	52.5	572.0	24.0	0.6011550142285924	154.27449209492872	106.63955080086164
01	2	cdf	3	62	150.0	688.0	4.0	0.34835747854846105	100.03890870853112	71.57329258678644
01	2	cdf	3	63	67.5	360.0	14.0	0.2505019851928423	54.3293662550197	82.8301530442837
01	2	cdf	3	66	142.5	6.0	10.0	1.0377204737936885	-178.27822972442235	106.49007491680005
01	2	cdf	3	66	142.5	340.0	18.0	0.2376512792014597	104.80455588923274	77.37562470213147
01	2	cdf	3	68	135.0	582.0	6.0	0.47609683189667096	178.61723727046595	78.34626009029272
01	2	cdf	4	73	90.0	566.0	6.0	0.5280817380554914	171.2424546748867	84.56428660718433
01	2	cdf	4	74	22.5	618.0	4.0	0.2908744134085533	-173.19488600575664	60.1512318138288
01	2	cdf	4	75	67.5	20.0	74.0	2.4752981111519596	80.81099747560091	216.4857832921595
01	2	cdf	4	75	67.5	114.0	90.0	5.818244401319765	-74.56011193206143	601.2835765459228
01	2	cdf	4	77	45.0	96.0	4.0	2.1060843032139718	-79.35716320613113	391.9847775548966
01	2	cdf	4	77	45.0	120.0	36.0	0.9246591778291369	-163.75660482242836	407.4157008206156
01	2	cdf	4	77	45.0	176.0	72.0	1.1124116846072292	-56.3122514230511	513.9748710752914
01	2	cdf	4	77	45.0	280.0	48.0	1.5546134035930477	-60.46071256437164	238.77449549624282
01	2	cdf	4	80	135.0	452.0	4.0	0.3891841214107917	-178.0668500218069	85.10782106605467
01	2	cdf	4	81	157.5	718.0	4.0	0.29399804302825	137.94396705293585	65.79764719970727
01	2	cdf	4	82	105.0	116.0	4.0	1.736771067562988	119.74349984066856	280.98643131185867
01	2	cdf	4	82	105.0	326.0	4.0	1.3473399044713108	-84.75835550438096	305.19165795305275
01	2	cdf	4	82	105.0	516.0	4.0	0.6940913749797778	-133.2930997249747	154.2841829909404
01	2	cdf	4	90	172.5	4.0	6.0	1.078867512153271	-78.23768486983295	166.56842058329306
01	2	cdf	4	91	15.0	580.0	20.0	0.9514475081380478	98.73124122158124	108.39356411264671
01	2	cdf	4	92	52.5	990.0	4.0	0.5710604134279204	89.67073160358997	152.3499019546211
01	2	cdf	5	93	112.5	28.0	132.0	1.482678745910368	-75.07462315964308	678.2263565069479
01	2	cdf	5	93	112.5	270.0	16.0	2.908930356850631	-7.880056205004546	233.72571864892896
01	2	cdf	5	100	157.5	28.0	20.0	0.17675635454478184	-138.76094883174892	72.55194290016695
01	2	cdf	5	102	22.5	586.0	120.0	1.6099795035876516	117.43756068614586	465.9036365753525
01	2	cdf	5	103	105.0	10.0	28.0	4.1101698225553465	-74.6502739367225	364.6419937561414
01	2	cdf	5	104	142.5	22.0	8.0	0.9074094528597912	-168.1006395900004	122.45396068527253
01	2	cdf	5	106	37.5	128.0	22.0	0.10709504305584082	105.10159200736732	79.97821732200994
01	2	cdf	5	106	37.5	700.0	22.0	0.4381748711441328	116.95105122773785	103.34535961162213
01	2	cdf	5	107	90.0	332.0	4.0	0.41286640403549907	156.0787289708483	88.82611111654059
01	2	cdf	5	107	90.0	798.0	4.0	0.31532957164037284	-2.3864529490539543	69.25096786194491
01	2	cdf	5	108	30.0	606.0	4.0	0.3400210433658155	8.326017647617032	72.93667860775321
01	2	cdf	5	110	127.5	16.0	108.0	3.6836399365803576	-64.4029999145386	661.5304520496737
01	2	cdf	5	112	15.0	664.0	6.0	0.41239771955571974	20.74403989162364	67.22873666602068
01	2	cdf	5	115	97.5	132.0	6.0	0.41289253783234914	176.12520800706474	70.41029025302004
01	2	cdf	6	116	135.0	282.0	28.0	3.460068755260727	-5.961901177094905	333.02248937347116
01	2	cdf	6	116	135.0	528.0	18.0	0.3893651766171593	144.4439202206593	98.09234438230722
01	2	cdf	6	117	142.5	610.0	46.0	1.0969982938585774	128.38178666178987	132.4128012544664
01	2	cdf	6	118	97.5	568.0	4.0	0.5614907571524633	91.84256825114149	112.1954099088263
01	2	cdf	6	118	97.5	610.0	34.0	0.5007961702054201	-166.74705281572085	121.19998424026925
01	2	cdf	6	118	97.5	812.0	8.0	0.6595866173780496	6.859714884001643	85.79372329755572
01	2	cdf	6	121	157.5	6.0	6.0	1.2656003167388556	-78.02443722192798	182.22229960030597
01	2	cdf	6	121	157.5	42.0	4.0	0.5341553917397964	-86.65312622405332	96.29975552714231
01	2	cdf	6	121	157.5	84.0	4.0	0.5400722909972712	-117.11801594880656	114.49052136071246
01	2	cdf	6	123	67.5	614.0	4.0	0.47865672710784496	-176.0678908344464	97.2394436773453
01	2	cdf	6	123	67.5	900.0	6.0	0.5619486018393157	18.916830021035768	86.86583834692198
01	2	cdf	6	125	172.5	112.0	40.0	0.6144769309285414	-83.0971550936899	269.87837177862605
01	2	cdf	6	125	172.5	234.0	28.0	0.9933425516987832	97.11817632472444	205.44069677698155
01	2	cdf	6	126	7.5	8.0	6.0	1.3393131664161608	-83.8091195771915	192.0527485852602
01	2	cdf	6	126	7.5	440.0	8.0	0.6322704837518522	160.4393076550568	85.54010721492475
01	2	cdf	6	126	7.5	906.0	16.0	0.4608973650071365	136.58935277326322	69.56393024214904
01	2	cdf	6	129	150.0	878.0	16.0	0.48941139224353575	92.11408432329583	89.29382439387888
01	2	cdf	6	132	37.5	74.0	8.0	0.781605984295977	151.1208181309084	101.69385217595082
01	2	cdf	6	133	45.0	64.0	6.0	0.6563633608777164	176.12874270426275	98.61590570726472
01	2	cdf	6	133	45.0	386.0	20.0	0.24043117325949062	-38.90430091986719	88.48610850291446
01	2	cdf	6	133	45.0	950.0	6.0	0.521564336544598	59.56706090698104	88.40062451205313
01	2	cdf	6	135	15.0	390.0	6.0	0.663549025220519	-165.8260434545857	107.13225971871402
01	2	cdf	6	135	15.0	742.0	20.0	0.38315092479557084	83.60584019090015	97.92049557579473
01	2	cdf	6	136	60.0	12.0	16.0	0.34807021296445356	112.45405505336583	131.1284305531359
01	2	cdf	7	139	120.0	278.0	16.0	3.1366175516601524	6.881133645422776	262.0121058614847
01	2	cdf	7	140	90.0	14.0	70.0	0.6478502632669616	25.26267565568166	277.1698823273874
01	2	cdf	7	140	90.0	122.0	66.0	1.8490270286455501	-87.81256853946316	349.2789004130661
01	2	cdf	7	140	90.0	712.0	6.0	0.6264456951986906	167.749051131345	96.41894475718698
01	2	cdf	7	142	60.0	44.0	22.0	0.5472847780118137	159.8281688252532	105.20897940780212
01	2	cdf	7	142	60.0	210.0	6.0	0.6349642043489943	3.8530013485177457	93.86488593319379
01	2	cdf	7	144	172.5	544.0	6.0	0.3978022499433575	-159.4706388781118	67.52567706772338
01	2	cdf	7	145	82.5	668.0	4.0	0.22335442305745062	-2.1055639963927053	63.87663656310812
01	2	cdf	7	147	112.5	6.0	52.0	2.8961640659559773	-79.15537479606127	222.72750587671138
01	2	cdf	7	147	112.5	860.0	14.0	1.205089908019339	93.43517118420614	116.43855549379637
01	2	cdf	7	150	52.5	394.0	8.0	0.8464644135224768	151.89889546918027	110.02219658738541
01	2	cdf	7	151	142.5	340.0	18.0	0.2145521424067582	39.41281959088863	87.70831902820436
01	2	cdf	7	151	142.5	730.0	4.0	0.368414944128556	62.97400183031653	79.87653084701005
01	2	cdf	7	152	15.0	440.0	18.0	0.887806623606526	118.3623860632357	96.61130260862556
01	2	cdf	7	152	15.0	740.0	8.0	0.810061002649782	166.52735957811444	106.64697849007727
01	2	cdf	7	153	127.5	964.0	18.0	0.5686993722521781	45.70165777178064	97.97549641189363
01	2	cdf	7	154	135.0	692.0	32.0	0.4852365807850009	93.878530156156	93.39783305486758
01	2	cdf	7	160	30.0	784.0	4.0	0.2955933169170564	88.09083908702122	68.00777391129847
01	2	cdf	8	162	52.5	68.0	46.0	0.1305191595721504	-63.18887074721492	171.59569166277328
01	2	cdf	8	162	52.5	276.0	30.0	2.907742542989505	28.493093942854188	303.64742108808827
01	2	cdf	8	162	52.5	538.0	18.0	0.5057280277261426	-10.471184033558108	125.09141129303487
01	2	cdf	8	164	127.5	206.0	6.0	0.7618987334843904	-66.51452128080018	142.89151980977906
01	2	cdf	8	165	37.5	684.0	8.0	0.6906634182146626	154.24217793131422	91.45043193234558
01	2	cdf	8	165	37.5	956.0	20.0	0.11268756104629508	12.619119534488341	92.482667982811
01	2	cdf	8	166	112.5	568.0	22.0	0.0629011417321019	7.495473442682224	102.18995999328554
01	2	cdf	8	169	82.5	130.0	12.0	1.0136226080203905	63.14693513743647	102.45567051175438
01	2	cdf	8	169	82.5	278.0	22.0	1.1771764148206696	-132.00186087660722	167.40035095716027
01	2	cdf	8	169	82.5	626.0	6.0	0.5472407048344453	5.334536304334671	86.66153636758895
01	2	cdf	8	171	30.0	168.0	4.0	0.6555180333945114	86.55501518184774	128.82552812082318
01	2	cdf	8	171	30.0	246.0	14.0	0.08205906491729238	-63.8945656800523	178.34699913614563
01	2	cdf	8	173	67.5	78.0	18.0	0.21336012317543726	180.0	73.03860167707155
01	2	cdf	8	175	75.0	690.0	18.0	0.10358353815629677	139.4919737068499	110.56192167748732
01	2	cdf	8	176	150.0	110.0	14.0	0.23816233266578984	18.060717579405022	93.1670528042099
01	2	cdf	8	176	150.0	716.0	4.0	0.39943960543599505	24.772423464601502	82.51001208882835
01	2	cdf	8	177	142.5	614.0	30.0	0.17694413260461778	-40.485563764398094	83.15418608724374
01	2	cdf	8	179	60.0	364.0	20.0	0.5160590593716038	115.42400657057777	76.76344634063244
01	2	cdf	8	181	165.0	968.0	4.0	0.3446288921604603	89.72717447280614	75.76894491341208
01	2	cdf	8	182	22.5	342.0	20.0	0.5669251042129965	177.1790561149692	101.35552123972346
01	2	cdf	8	182	22.5	788.0	6.0	0.4531558844894021	97.073526935446	77.42459917129253
01	2	cdf	8	183	45.0	636.0	6.0	0.3867400426461	132.76304615751874	62.1221603816411
02	1	cdf	1	23	112.5	614.0	6.0	1.1678494703429152	154.26203178350653	170.84094784301246
02	1	cdf	2	38	142.5	572.0	34.0	1.402788902372058	44.298667852752025	221.8406067882897
02	1	cdf	2	38	142.5	812.0	26.0	1.0433509408766932	-171.04213747621424	179.3197697218918
02	1	cdf	5	108	45.0	586.0	12.0	2.152229786658933	99.3481289451585	208.33809741726733
02	1	cdf	5	108	45.0	856.0	10.0	1.5359680306619763	-105.30291352950924	171.90962073963135
02	1	cdf	6	123	22.5	560.0	8.0	1.4156812891482171	160.08419143978196	183.47142112981157
02	1	cdf	8	167	97.5	348.0	14.0	3.694700656534403	178.49819424921972	327.95708909269626
02	1	cdf	8	171	52.5	82.0	4.0	0.542243561308648	-170.4280454776597	118.5123661780945
02	1	cdf	8	171	52.5	398.0	24.0	1.8297075136879153	-126.35001800333151	146.35360851611497
02	1	cdf	8	171	52.5	728.0	4.0	0.4286258395351963	58.624656284861096	103.71593249979367
02	1	cdf	8	178	120.0	4.0	10.0	1.875218532974858	9.26757286696715	252.33992575537167
02	1	cdf	8	178	120.0	378.0	24.0	2.097089248344764	-171.4484661972137	283.4617690295349
02	2	inverse_cdf	1	1	37.5	336.0	24.0	1.360742498681172	164.25540019688088	238.2565742110554
02	2	inverse_cdf	1	2	7.5	56.0	10.0	0.8540248030742509	164.73835020080614	107.83005913331812
02	2	inverse_cdf	1	2	7.5	814.0	12.0	0.7287250660754978	-128.59968883571142	112.0896751709549
02	2	inverse_cdf	1	5	120.0	292.0	6.0	0.6665993219506223	-104.2524154162866	107.78615905923051
02	2	inverse_cdf	1	6	82.5	678.0	24.0	2.2069453400335575	-174.83723970437373	408.70866316572403
02	2	inverse_cdf	1	7	97.5	340.0	14.0	3.0798472968151627	171.85066852382454	282.1022974161185
02	2	inverse_cdf	1	7	97.5	572.0	14.0	2.362808144586386	0.9552303319856053	180.90204434333512
02	2	inverse_cdf	1	7	97.5	964.0	14.0	3.307322206612657	179.0047788050588	301.5204140822319
02	2	inverse_cdf	1	8	150.0	138.0	28.0	2.9822929492136856	178.9909156900739	300.7297422699703
02	2	inverse_cdf	1	10	67.5	552.0	32.0	0.769016599085612	49.06971894096269	120.08353879933816
02	2	inverse_cdf	1	10	67.5	912.0	18.0	0.9588886616254828	-129.16164488193428	154.78851499308334
02	2	inverse_cdf	1	11	52.5	532.0	22.0	0.2053202961811672	140.83955294869227	106.66722629297958
02	2	inverse_cdf	1	11	52.5	722.0	6.0	0.5528721343061237	175.9143940458125	91.1272416604347
02	2	inverse_cdf	1	14	105.0	14.0	8.0	0.671579091880375	-9.140402047098549	87.73545984016172
02	2	inverse_cdf	1	14	105.0	262.0	4.0	0.4684609946355089	-145.41866100336884	97.83113391261766
02	2	inverse_cdf	1	16	90.0	44.0	16.0	1.8971777162436099	-125.17136092658116	164.60579715064796
02	2	inverse_cdf	1	16	90.0	742.0	4.0	0.42961370415537614	61.48057821839639	90.75239452893359
02	2	inverse_cdf	1	19	45.0	598.0	20.0	0.2544198292805555	0.7392384352881602	123.24778973864227
02	2	inverse_cdf	1	22	165.0	290.0	18.0	2.426571487401674	3.373498368823407	146.69970512385768
02	2	inverse_cdf	1	22	165.0	710.0	28.0	3.0638161754570956	-174.55912158160146	353.5313486182864
02	2	inverse_cdf	1	23	127.5	282.0	6.0	0.6856013221406763	-64.17048269223602	93.85750228700073
02	2	inverse_cdf	2	29	52.5	786.0	4.0	0.4575700049496223	159.41988989866758	92.62547636002745
02	2	inverse_cdf	2	30	75.0	816.0	6.0	0.4799471111603281	176.86390141913992	80.12889712614466
02	2	inverse_cdf	2	31	127.5	304.0	32.0	3.39751044030877	176.67693676123025	402.37132998535475
02	2	inverse_cdf	2	32	97.5	534.0	4.0	0.3931242402309637	83.5303010035436	88.97280407012516
02	2	inverse_cdf	2	32	97.5	834.0	6.0	0.5409431533018775	3.827364935285704	94.1098811978447
02	2	inverse_cdf	2	33	45.0	126.0	12.0	2.1060332282051415	-1.1605364854820197	194.1848950575725
02	2	inverse_cdf	2	33	45.0	402.0	24.0	2.5375789008669787	-170.1338967466649	355.49625906629774
02	2	inverse_cdf	2	37	165.0	242.0	12.0	1.4044009575397605	-77.65095533706668	129.53266551477705
02	2	inverse_cdf	2	37	165.0	794.0	4.0	0.5026189675361578	51.890821690267884	106.414378651237
02	2	inverse_cdf	2	38	135.0	36.0	6.0	0.499921418650468	32.130278613968194	87.84905719372716
02	2	inverse_cdf	2	38	135.0	262.0	4.0	0.42697310841809005	-163.9332870386032	93.76478000285634
02	2	inverse_cdf	2	38	135.0	646.0	10.0	0.9047875901234232	50.60013614578864	95.92308840237045
02	2	inverse_cdf	2	39	15.0	4.0	4.0	0.29968986467735576	-142.56294295442444	71.33864344494486
02	2	inverse_cdf	2	39	15.0	548.0	24.0	0.4993503532538297	109.38736328677892	100.77593349727069
02	2	inverse_cdf	2	40	172.5	572.0	14.0	2.1074463238149157	46.509491116548645	171.62867129800566
02	2	inverse_cdf	2	43	105.0	442.0	28.0	0.49895217601958625	90.94237380535185	158.22718977343052
02	2	inverse_cdf	2	46	157.5	624.0	6.0	0.9627148353501077	18.69383377951255	143.19217512653836
02	2	inverse_cdf	2	46	157.5	654.0	28.0	1.1392517306407395	-170.12852041250719	165.00938264366366
02	2	inverse_cdf	2	46	157.5	914.0	4.0	0.8128332903771203	-2.0829236147037995	168.73079824554878
02	2	inverse_cdf	3	47	22.5	268.0	16.0	3.268266776573232	3.8873482115961067	243.7967574639224
02	2	inverse_cdf	3	48	142.5	216.0	24.0	2.091162086341366	-126.6052138476683	252.83057672774385
02	2	inverse_cdf	3	48	142.5	516.0	10.0	1.178577159221756	75.40166865339948	136.52334989152422
02	2	inverse_cdf	3	48	142.5	710.0	6.0	0.742257398799825	151.91418219096175	115.03842472175076
02	2	inverse_cdf	3	49	105.0	490.0	10.0	1.343624587057716	11.413374645846522	150.88216003330922
02	2	inverse_cdf	3	49	105.0	806.0	10.0	1.8120271571200663	-173.3422961739737	211.20887084208255
02	2	inverse_cdf	3	50	52.5	366.0	14.0	3.7998751462836324	-177.77223306449875	348.0639667681483
02	2	inverse_cdf	3	50	52.5	676.0	12.0	1.769407679452578	12.753850267927296	158.62058089804762
02	2	inverse_cdf	3	50	52.5	894.0	14.0	2.717945485997043	-175.9142761663613	217.1093759464751
02	2	inverse_cdf	3	54	150.0	72.0	4.0	0.3961893355303318	-3.5626651481441467	79.67153541951558
02	2	inverse_cdf	3	55	112.5	358.0	26.0	0.8146707916069387	116.82056524364765	194.42434279083452
02	2	inverse_cdf	3	55	112.5	960.0	4.0	0.47954770987238904	5.300895242263808	98.49327077987024
02	2	inverse_cdf	3	57	7.5	70.0	4.0	0.5925946899748279	-171.39850593306085	126.20977515730728
02	2	inverse_cdf	3	57	7.5	550.0	26.0	0.41987992033745364	62.537757853342264	89.01969903544999
02	2	inverse_cdf	3	58	15.0	4.0	10.0	1.0788885132463322	22.823083788709624	126.0599856491812
02	2	inverse_cdf	3	58	15.0	824.0	20.0	0.8714033237063377	-115.06882895737328	185.22255134561448
02	2	inverse_cdf	3	59	90.0	112.0	6.0	0.6014112073586299	24.678563326573855	102.08374567663316
02	2	inverse_cdf	3	64	165.0	20.0	18.0	0.6218917498680189	-174.24618262302673	163.8249688823759
02	2	inverse_cdf	3	65	127.5	200.0	10.0	1.2514207153476224	-63.77254369346479	148.03501528695733
02	2	inverse_cdf	3	65	127.5	522.0	10.0	1.0505056267379191	49.94915045457854	109.8425746551228
02	2	inverse_cdf	3	65	127.5	820.0	14.0	2.729628758725918	-5.624136541106277	267.7272716916357
02	2	inverse_cdf	3	66	75.0	146.0	8.0	1.4227589404153425	-173.84132810627807	187.02196254926625
02	2	inverse_cdf	3	67	30.0	268.0	6.0	0.6186410578475572	-103.18425437835722	104.66829878951445
02	2	inverse_cdf	3	67	30.0	728.0	6.0	0.9065097088908857	154.82010537850843	139.65540701793327
02	2	inverse_cdf	3	69	67.5	586.0	20.0	0.2100410008754582	0.44768807404522826	126.42519428895405
02	2	inverse_cdf	3	69	67.5	852.0	4.0	0.5984414603830316	170.84704032428795	130.25823187657673
02	2	inverse_cdf	4	72	112.5	838.0	6.0	0.6869012402427062	3.0130252818202243	112.00512895760572
02	2	inverse_cdf	4	74	172.5	160.0	26.0	2.591648715762707	-178.51233488930086	358.10249179120103
02	2	inverse_cdf	4	74	172.5	416.0	4.0	0.37661349292418334	176.25228293566343	84.813490723597
02	2	inverse_cdf	4	74	172.5	646.0	8.0	0.8978638243685225	-5.138707096753873	119.37120746869076
02	2	inverse_cdf	4	75	135.0	784.0	14.0	0.7156898447445458	-108.7264320779886	124.48771032694005
02	2	inverse_cdf	4	77	22.5	234.0	26.0	3.2076678205773597	-178.3874824642139	307.37155043564536
02	2	inverse_cdf	4	78	90.0	18.0	4.0	0.461319304984685	91.42689123174462	102.73111303005649
02	2	inverse_cdf	4	78	90.0	92.0	16.0	0.20404821084665598	-116.76827481656267	109.31940677392322
02	2	inverse_cdf	4	78	90.0	432.0	14.0	1.449155426730013	51.07514185271315	127.9346685205955
02	2	inverse_cdf	4	79	105.0	38.0	12.0	1.8072332759878704	-7.461835919301096	155.95306246611455
02	2	inverse_cdf	4	79	105.0	422.0	28.0	2.6305445072572833	-179.10627558232693	325.26495376711506
02	2	inverse_cdf	4	81	15.0	256.0	16.0	3.4261408355997753	6.491136829757744	285.1675783293502
02	2	inverse_cdf	4	81	15.0	642.0	28.0	3.7926369432593927	-176.452521247531	367.32444039382233
02	2	inverse_cdf	4	81	15.0	944.0	8.0	0.9580436097008344	-4.814186892156369	124.80777581828805
02	2	inverse_cdf	4	82	157.5	550.0	12.0	1.042802961412375	138.38036943139394	108.29914345918381
02	2	inverse_cdf	4	82	157.5	610.0	4.0	0.40117119500774095	71.63955570081723	79.38879189851887
02	2	inverse_cdf	4	83	30.0	770.0	18.0	0.4261151805788661	17.94660734713865	154.892242307196
02	2	inverse_cdf	4	85	142.5	190.0	28.0	3.3951138528008338	177.86701366584623	318.5778449664419
02	2	inverse_cdf	4	86	37.5	512.0	24.0	0.945487928986997	8.384565201509139	120.64376148768213
02	2	inverse_cdf	4	86	37.5	850.0	20.0	0.45625545626575525	-179.58777916216957	111.15941469724258
02	2	inverse_cdf	4	88	82.5	30.0	30.0	1.2712564782575382	34.97341593548662	144.15011737938795
02	2	inverse_cdf	4	88	82.5	390.0	6.0	1.0545041926054457	12.215953528964436	170.57209116227926
02	2	inverse_cdf	4	88	82.5	774.0	28.0	3.280685675494624	-139.1334683813298	355.50625706600397
02	2	inverse_cdf	4	89	7.5	640.0	4.0	0.3804060599012733	78.30855948460457	78.23565033988963
02	2	inverse_cdf	4	89	7.5	810.0	20.0	0.36682409968720625	171.25093211776968	164.79281365029462
02	2	inverse_cdf	4	90	67.5	516.0	18.0	0.432965206944317	147.70291589324614	117.36342450582998
02	2	inverse_cdf	4	91	165.0	574.0	26.0	0.11552642390115181	11.472325560117293	103.43761198565731
02	2	inverse_cdf	4	91	165.0	800.0	20.0	0.4093039864481185	-176.55185316997242	159.76515609151787
02	2	inverse_cdf	4	92	127.5	504.0	10.0	0.947989817753448	5.563728412526218	109.41457375887309
02	2	inverse_cdf	4	92	127.5	790.0	4.0	0.39456497595898904	-173.79117071746418	82.03466465647878
02	2	inverse_cdf	5	94	172.5	148.0	6.0	0.5239810695876966	6.8360290474330805	83.23241126988896
02	2	inverse_cdf	5	94	172.5	504.0	10.0	1.073367362600127	180.0	124.75631948064957
02	2	inverse_cdf	5	94	172.5	718.0	12.0	1.465009981935647	-177.8170184448675	127.31269871448876
02	2	inverse_cdf	5	95	127.5	366.0	10.0	0.5288737946217237	52.31208583848156	58.584651380619725
02	2	inverse_cdf	5	95	127.5	622.0	18.0	0.16589893066866676	154.19533982059005	104.10424650250387
02	2	inverse_cdf	5	96	45.0	246.0	4.0	0.3391580818593585	-140.3038229849426	78.80590910481678
02	2	inverse_cdf	5	96	45.0	820.0	4.0	0.31148939766746436	-151.00524822822663	66.14848720389855
02	2	inverse_cdf	5	97	150.0	438.0	16.0	0.6269510585891167	52.981627090165155	82.3711846833019
02	2	inverse_cdf	5	98	142.5	16.0	14.0	1.809032411245491	-5.255956469449766	154.66431621397803
02	2	inverse_cdf	5	98	142.5	444.0	18.0	3.528271063392699	-173.99413964585963	269.37245760230803
02	2	inverse_cdf	5	98	142.5	692.0	6.0	0.6369621137967965	165.0737364608167	103.56799522911591
02	2	inverse_cdf	5	101	165.0	238.0	24.0	0.5499630079337283	28.713781959281807	104.96687061720232
02	2	inverse_cdf	5	101	165.0	984.0	10.0	2.0655110056039163	-176.90261199138308	248.74238108788606
02	2	inverse_cdf	5	102	52.5	444.0	6.0	0.7538786596992378	-170.35580374263182	126.3477719420506
02	2	inverse_cdf	5	102	52.5	696.0	6.0	0.5995586564038509	-5.3377783285291205	100.57545049941152
02	2	inverse_cdf	5	103	90.0	316.0	4.0	0.3943371777742161	67.50136195070586	78.01697335094204
02	2	inverse_cdf	5	103	90.0	706.0	8.0	0.6773677234561711	-161.64157456336363	90.93603365060034
02	2	inverse_cdf	5	104	97.5	252.0	6.0	0.46833467485588176	-159.9184728810372	76.99418786903163
02	2	inverse_cdf	5	104	97.5	532.0	6.0	0.7775487196724484	15.29287674577101	118.3013847976112
02	2	inverse_cdf	5	106	7.5	104.0	26.0	2.197269480001297	-140.14396558067637	234.6473959933458
02	2	inverse_cdf	5	107	105.0	716.0	6.0	0.5314257166636394	-143.41534319297472	89.82446801951393
02	2	inverse_cdf	5	108	157.5	10.0	26.0	2.230466821069128	5.955022813396454	201.3482871161662
02	2	inverse_cdf	5	108	157.5	322.0	24.0	2.1191394783052053	-170.95567717137166	252.12910102525757
02	2	inverse_cdf	5	109	135.0	258.0	30.0	2.490720133454887	-4.610640022890383	239.8113944220823
02	2	inverse_cdf	5	109	135.0	696.0	32.0	2.7097612237786266	-177.81337155806077	326.6850301697611
02	2	inverse_cdf	5	109	135.0	938.0	28.0	3.133735262628985	6.404566099087561	282.10226823085804
02	2	inverse_cdf	5	110	60.0	352.0	28.0	2.7908148842350404	-178.4168203284679	294.53026273065586
02	2	inverse_cdf	5	110	60.0	774.0	12.0	2.323482074532567	6.936392784705137	219.18370302472803
02	2	inverse_cdf	5	111	37.5	312.0	24.0	1.7477633202642608	-170.05107931826083	264.666725386983
02	2	inverse_cdf	5	111	37.5	630.0	8.0	0.7914934799863763	12.94114806179518	102.68939594890743
02	2	inverse_cdf	5	111	37.5	938.0	10.0	1.78365505200499	-3.53447752767907	214.3244532680388
02	2	inverse_cdf	5	112	82.5	4.0	18.0	1.0017962584699984	-121.94971249725869	185.97204888972075
02	2	inverse_cdf	5	113	112.5	510.0	10.0	1.0545066391498488	17.761225754687427	121.03286630534106
02	2	inverse_cdf	6	120	90.0	228.0	24.0	2.804649452764379	-178.29031337576248	355.0647882649985
02	2	inverse_cdf	6	120	90.0	642.0	30.0	2.3827509641770597	-1.8548006390961984	225.49421542040855
02	2	inverse_cdf	6	120	90.0	972.0	14.0	3.6203519668326463	-178.4157422690364	341.1854926882683
02	2	inverse_cdf	6	121	7.5	622.0	4.0	0.4816533076073676	44.02780251650394	89.4046059541643
02	2	inverse_cdf	6	124	52.5	12.0	4.0	0.3423071655298347	-160.39026253029317	70.71508969761213
02	2	inverse_cdf	6	124	52.5	186.0	14.0	0.5702005832429731	170.05520638875643	142.60116105163743
02	2	inverse_cdf	6	124	52.5	584.0	34.0	2.7615692927721898	171.62785165605405	276.8920771285106
02	2	inverse_cdf	6	125	60.0	372.0	6.0	0.479272568269987	36.08083077554282	84.51911429562087
02	2	inverse_cdf	6	125	60.0	628.0	8.0	0.7143108505681174	70.39909852911858	93.28340662107202
02	2	inverse_cdf	6	127	105.0	114.0	18.0	0.2792364581312802	18.860177496746495	99.04109004817094
02	2	inverse_cdf	6	128	120.0	196.0	18.0	0.7233131896650116	-166.751410732294	146.48793671602596
02	2	inverse_cdf	6	128	120.0	530.0	4.0	0.3715367965245529	6.340365463118181	84.78394145487644
02	2	inverse_cdf	6	129	45.0	576.0	4.0	0.37187593326556295	12.747676909254826	79.61193532089786
02	2	inverse_cdf	6	129	45.0	932.0	18.0	0.43174122513619895	151.87881349376227	83.68050150005176
02	2	inverse_cdf	6	130	142.5	278.0	16.0	0.5786996978972361	148.9241894174526	123.29317942152782
02	2	inverse_cdf	6	130	142.5	870.0	20.0	0.7462708938410831	-134.20069747626087	164.42602355242406
02	2	inverse_cdf	6	131	30.0	680.0	22.0	0.7517462358760743	158.75128058787416	128.67855903226032
02	2	inverse_cdf	6	132	135.0	488.0	12.0	1.5179130164341201	-109.84733593618805	173.68998762114643
02	2	inverse_cdf	6	133	37.5	26.0	10.0	1.65699330063698	-2.95237162274004	198.42547714377383
02	2	inverse_cdf	6	133	37.5	414.0	22.0	2.594564742475608	-172.69523111549964	355.0208778186279
02	2	inverse_cdf	6	134	127.5	26.0	16.0	2.6069635816639165	6.288994829847907	201.36369753555456
02	2	inverse_cdf	6	134	127.5	228.0	10.0	0.8450977897212032	-21.89338580593923	98.82266594878038
02	2	inverse_cdf	6	134	127.5	506.0	28.0	2.9909664491965695	-178.86806414292397	387.04697888656665
02	2	inverse_cdf	6	134	127.5	812.0	20.0	0.5329059477321391	170.24753784043594	151.85617026712092
02	2	inverse_cdf	6	136	150.0	530.0	6.0	0.5859300017784452	0.4814442879968609	103.35475136706421
02	2	inverse_cdf	6	137	67.5	120.0	28.0	2.945870970712751	172.18837381685745	350.98852888758125
02	2	inverse_cdf	6	138	112.5	192.0	20.0	2.092586812029994	-133.7549902303777	256.9556286439032
02	2	inverse_cdf	6	138	112.5	492.0	4.0	0.4934523687724854	-132.98766826891713	101.04106638998353
02	2	inverse_cdf	6	138	112.5	700.0	14.0	0.3104524796346865	59.50078905921916	128.76483982912504
02	2	inverse_cdf	7	140	90.0	466.0	6.0	0.43987289041275085	-166.8449065663956	81.63982972315641
02	2	inverse_cdf	7	141	97.5	542.0	4.0	0.3037403129335455	-165.28796170113083	79.15081160382779
02	2	inverse_cdf	7	143	30.0	250.0	18.0	0.3112621143153581	-152.35763899992193	123.97450166392957
02	2	inverse_cdf	7	143	30.0	508.0	4.0	0.4705562456176853	27.635608962106	100.19843439855094
02	2	inverse_cdf	7	143	30.0	896.0	6.0	0.7315103580985804	173.68818188149686	115.2352191310076
02	2	inverse_cdf	7	144	105.0	44.0	20.0	1.8115176679653446	-139.6321248339388	211.85873431721933
02	2	inverse_cdf	7	144	105.0	382.0	28.0	0.9399226976354474	48.9643987764731	118.29140271161191
02	2	inverse_cdf	7	144	105.0	660.0	18.0	0.3549999481539399	161.40032916560685	96.69555120320004
02	2	inverse_cdf	7	145	37.5	10.0	4.0	0.40841362674644116	12.533389586018018	86.78499599086798
02	2	inverse_cdf	7	145	37.5	306.0	22.0	1.8240656355766087	-155.94614516802065	268.0900913266525
02	2	inverse_cdf	7	145	37.5	526.0	22.0	1.0484129107591642	34.41158654428013	163.5071918245307
02	2	inverse_cdf	7	145	37.5	846.0	20.0	0.7884652429004011	-158.50844721152905	198.07551431012374
02	2	inverse_cdf	7	146	150.0	238.0	24.0	2.966434566291201	-136.5560462994262	304.3486681125842
02	2	inverse_cdf	7	148	45.0	368.0	14.0	2.560268471984016	-83.89133074036906	240.74734546706517
02	2	inverse_cdf	7	148	45.0	688.0	20.0	0.7451499753496784	89.36899031673659	140.32074303018544
02	2	inverse_cdf	7	149	60.0	420.0	12.0	1.641053690289957	45.64780365924756	160.12754545578056
02	2	inverse_cdf	7	149	60.0	674.0	24.0	1.3119539789365708	-151.12631232854332	267.5695496924602
02	2	inverse_cdf	7	151	172.5	104.0	10.0	1.6263110208036287	-7.305350801586036	179.61932473384573
02	2	inverse_cdf	7	151	172.5	466.0	24.0	2.499696819724427	-165.3585293725468	350.7981484924958
02	2	inverse_cdf	7	151	172.5	736.0	16.0	1.2093991913801854	10.08224472860218	98.76836031719489
02	2	inverse_cdf	7	151	172.5	922.0	8.0	0.9431952888179143	-13.997234179978927	122.08681198602748
02	2	inverse_cdf	7	154	67.5	242.0	26.0	2.571667843888364	-141.14682666003065	246.82888430452698
02	2	inverse_cdf	7	154	67.5	520.0	4.0	0.30834578056910233	11.669372740018025	70.25798938165975
02	2	inverse_cdf	7	156	120.0	220.0	22.0	2.925612745407279	-146.38058005543098	314.55806232881986
02	2	inverse_cdf	7	156	120.0	884.0	8.0	0.8635817936839587	10.733485916727602	115.85396318806912
02	2	inverse_cdf	7	157	22.5	276.0	18.0	0.5314451896209736	175.92806381103514	117.58370740681777
02	2	inverse_cdf	7	157	22.5	532.0	4.0	0.25944157786827077	23.484490199306002	70.48701583457915
02	2	inverse_cdf	7	157	22.5	888.0	10.0	0.9366046511508639	175.5783973692522	109.39835361535197
02	2	inverse_cdf	7	158	142.5	140.0	16.0	0.8911421163175212	-99.22047019640527	92.95286656085007
02	2	inverse_cdf	7	158	142.5	442.0	8.0	0.5449578068886812	71.56463566160534	82.25232719016718
02	2	inverse_cdf	7	158	142.5	618.0	22.0	0.7799504872296045	134.14834122191147	104.88471747768062
02	2	inverse_cdf	7	160	112.5	382.0	6.0	0.7492478896191488	155.6809182871917	116.5606599330434
02	2	inverse_cdf	7	160	112.5	652.0	4.0	0.4147992962843442	28.089817007798967	92.2413731387657
02	2	inverse_cdf	7	161	52.5	514.0	40.0	0.5540638308310042	55.139264040679244	158.37811893535837
02	2	inverse_cdf	7	161	52.5	756.0	22.0	0.7932107273339195	-156.72105998545672	131.89896811455836
02	2	inverse_cdf	8	162	165.0	316.0	14.0	2.518003048549802	11.084005679557182	227.9284209041916
02	2	inverse_cdf	8	164	112.5	926.0	4.0	0.4143908256612101	-57.95058033587062	89.49702378935267
02	2	inverse_cdf	8	169	30.0	82.0	4.0	0.4250956397875679	-142.68867885142046	89.25483737470768
02	2	inverse_cdf	8	172	60.0	244.0	28.0	2.927916052564426	-178.16905870335418	414.95664021452905
02	2	inverse_cdf	8	172	60.0	538.0	6.0	0.6472426538636629	17.562956482779448	94.46777685415431
02	2	inverse_cdf	8	172	60.0	568.0	4.0	0.7140029858796738	-106.56041407957828	131.62680924947895
02	2	inverse_cdf	8	173	172.5	224.0	26.0	2.8037866433979595	-177.85306738483717	321.90601071085894
02	2	inverse_cdf	8	173	172.5	708.0	12.0	2.4181806797710266	4.281535947171079	250.44236570504702
02	2	inverse_cdf	8	173	172.5	904.0	6.0	0.7438016565907827	9.397857009142388	119.53538348139695
02	2	inverse_cdf	8	174	150.0	154.0	22.0	0.6104621990701177	39.983131706750044	149.32327683049135
02	2	inverse_cdf	8	174	150.0	538.0	26.0	0.2423014152932909	-144.37055601785113	151.15248739767964
02	2	inverse_cdf	8	174	150.0	912.0	18.0	0.5523742461820735	-141.39321137853673	115.90244238745106
02	2	inverse_cdf	8	175	127.5	512.0	32.0	0.24517443688769952	42.00700623536907	179.6164484463952
02	2	inverse_cdf	8	175	127.5	866.0	6.0	0.6721619249149675	-177.06115203687946	115.06745307813756
02	2	inverse_cdf	8	176	97.5	326.0	20.0	0.9427412200947717	-133.3074595732504	167.07981046991742
02	2	inverse_cdf	8	177	67.5	288.0	28.0	2.6079422640536207	179.78369556675526	325.84362226666144
02	2	inverse_cdf	8	177	67.5	614.0	4.0	0.3624121975782577	-175.06418233316117	78.63017320199046
02	2	inverse_cdf	8	179	37.5	330.0	26.0	2.9130260483562647	-168.5955346835983	297.4282876520951
02	2	inverse_cdf	8	179	37.5	554.0	4.0	0.4024902736978252	-172.26764086879123	86.67610043628262
02	2	inverse_cdf	8	179	37.5	746.0	14.0	2.6387254163383966	1.2829017649084926	245.60431346073432
02	2	inverse_cdf	8	180	45.0	72.0	8.0	1.2506978250633034	8.45010207443687	167.03742512608963
02	2	inverse_cdf	8	180	45.0	326.0	22.0	1.5339324691580785	174.8439284382522	233.96598021358852
02	2	inverse_cdf	8	180	45.0	566.0	4.0	0.3761195904854598	9.544296020519614	86.66312189470374
02	2	inverse_cdf	8	181	75.0	354.0	4.0	0.36787304001126875	-2.0454493146873425	85.83348858222044
02	2	inverse_cdf	8	181	75.0	534.0	28.0	0.35945397004718643	-148.63267772719473	167.48140533993646
02	2	inverse_cdf	8	181	75.0	776.0	4.0	0.3765806044879376	-129.5182118480498	88.00613860994378
02	2	inverse_cdf	8	182	120.0	320.0	12.0	2.232457280190827	1.3899845922771532	229.07540734860262
02	2	inverse_cdf	8	182	120.0	666.0	28.0	2.4222322771752283	179.3788754311125	356.66284859531567
02	2	inverse_cdf	8	184	15.0	110.0	12.0	2.030701206612042	5.146435371856505	226.38719183618247
02	2	inverse_cdf	8	184	15.0	288.0	8.0	1.220836459580351	-3.9310016921816	162.54442035446428
02	2	inverse_cdf	8	184	15.0	526.0	22.0	3.1940556013524772	178.41019780959834	363.3832458710741
03	1	inverse_cdf	1	1	97.5	238.0	22.0	3.5079341497621943	14.439627431359911	239.35355332249293
03	1	inverse_cdf	1	3	60.0	666.0	18.0	0.6327098919720691	131.2147185599188	114.81428063039492
03	1	inverse_cdf	1	3	60.0	794.0	8.0	0.7893204276455503	-33.29392443732439	102.44538082669703
03	1	inverse_cdf	1	6	37.5	690.0	10.0	0.6025496017444584	-178.28300739546523	77.70982095217924
03	1	inverse_cdf	1	7	127.5	4.0	10.0	1.0604320903177693	-166.02796678719187	111.93150501546981
03	1	inverse_cdf	1	7	127.5	246.0	4.0	0.35409602535478024	-40.11139080289697	73.7883465716471
03	1	inverse_cdf	1	13	22.5	72.0	8.0	0.5328319554767144	153.2745210359407	66.09882129883684
03	1	inverse_cdf	1	13	22.5	626.0	4.0	0.23025278431939103	172.21620990253535	55.112444609406545
03	1	inverse_cdf	1	13	22.5	724.0	4.0	0.31276236688288395	34.524025749616406	82.54353265250877
03	1	inverse_cdf	1	14	15.0	4.0	6.0	0.4512993740853954	-179.79162678466858	89.31072365263707
03	1	inverse_cdf	1	14	15.0	224.0	6.0	0.5105023827016769	9.250479958554171	81.68482182044596
03	1	inverse_cdf	1	15	105.0	62.0	4.0	0.333244136294827	-15.131316646682945	69.26623650680457
03	1	inverse_cdf	1	15	105.0	602.0	6.0	0.3747382210959677	147.70345102341716	66.04162333782446
03	1	inverse_cdf	1	16	135.0	776.0	4.0	0.40076340762779294	137.49045245000548	101.3195648136962
03	1	inverse_cdf	1	17	120.0	990.0	4.0	0.49237943938007067	-132.83991313645683	83.64767880003029
03	1	inverse_cdf	1	19	90.0	72.0	12.0	1.4223725497371422	150.18178738923154	153.26107369907237
03	1	inverse_cdf	1	19	90.0	310.0	8.0	0.5669602431904389	35.58189218867492	74.43577975697482
03	1	inverse_cdf	1	20	75.0	20.0	12.0	0.6559283180288857	-141.09314265301362	99.18350978198767
03	1	inverse_cdf	1	20	75.0	548.0	6.0	0.3617746839413132	173.4875701221445	60.77682342953035
03	1	inverse_cdf	1	20	75.0	898.0	8.0	0.6287779025673036	128.21557117598695	103.10884868818559
03	1	inverse_cdf	1	21	172.5	346.0	14.0	0.7896654735250425	147.9945280470509	65.06911488309785
03	1	inverse_cdf	1	21	172.5	918.0	6.0	0.4165475883161602	-122.9385344587681	65.78764621029235
03	1	inverse_cdf	1	22	30.0	178.0	10.0	0.8467652026313102	157.31154524178504	83.40431276146982
03	1	inverse_cdf	1	22	30.0	608.0	6.0	0.4489570159364509	157.65416231606173	74.25555495364422
03	1	inverse_cdf	1	23	165.0	404.0	6.0	1.1291273662601145	65.89723048803735	179.99539117069534
03	1	inverse_cdf	2	27	150.0	200.0	42.0	3.4639083258153214	-3.2595329801815436	132.89042211806418
03	1	inverse_cdf	2	31	75.0	354.0	4.0	0.19711680385627958	-177.61420402967028	43.7659401170443
03	1	inverse_cdf	2	33	135.0	4.0	32.0	7.030091292089159	97.10582714661928	343.9463345234202
03	1	inverse_cdf	2	33	135.0	392.0	6.0	0.3863820899061416	-170.21827387764426	66.19426939468151
03	1	inverse_cdf	2	33	135.0	888.0	8.0	0.6328775168006512	-165.8907126878456	84.41673279794719
03	1	inverse_cdf	2	37	30.0	308.0	4.0	0.2848132066723556	172.3836398000161	61.534266899767125
03	1	inverse_cdf	2	38	97.5	360.0	6.0	0.381995278266258	-145.14978368236996	65.47279363612384
03	1	inverse_cdf	2	41	82.5	630.0	14.0	0.7017087300619081	20.67936265125927	62.73301431457243
03	1	inverse_cdf	2	41	82.5	756.0	10.0	0.7352925102702565	176.16137797816467	85.62470404771707
03	1	inverse_cdf	2	42	45.0	524.0	8.0	0.5203952198311431	-175.29636927315923	67.61789141742445
03	1	inverse_cdf	2	42	45.0	776.0	4.0	0.3059344669675761	16.19832363211802	63.070584492965565
03	1	inverse_cdf	2	42	45.0	956.0	8.0	0.8691770580910045	169.666297094603	118.79730942442558
03	1	inverse_cdf	2	43	142.5	880.0	72.0	8.448687850119654	177.1719037073296	255.73187477508407
03	1	inverse_cdf	3	49	120.0	616.0	24.0	0.3989884918652705	150.69103261988406	63.85523632496182
03	1	inverse_cdf	3	49	120.0	812.0	6.0	0.41725509917846343	24.147480914338164	73.19675548489121
03	1	inverse_cdf	3	50	75.0	702.0	4.0	0.20700256711309817	165.30229743879622	46.97273189424883
03	1	inverse_cdf	3	55	112.5	78.0	14.0	1.499899839027327	45.42525008556508	178.25000875635328
03	1	inverse_cdf	3	55	112.5	880.0	50.0	11.128518095220672	-175.6952325823931	420.5565376170939
03	1	inverse_cdf	3	60	52.5	952.0	14.0	1.0149175831459836	166.72437340402305	95.03861420290052
03	1	inverse_cdf	3	65	142.5	36.0	4.0	0.2679113890155395	22.322838130827176	61.23686771996601
03	1	inverse_cdf	3	65	142.5	230.0	8.0	0.6459595475894874	-173.43481486641357	84.70426951840496
03	1	inverse_cdf	3	65	142.5	896.0	4.0	0.3153013474884527	-23.629393372579894	65.57549635919328
03	1	inverse_cdf	4	73	97.5	360.0	10.0	0.4229558153172733	32.6414027887744	79.65601865677996
03	1	inverse_cdf	4	73	97.5	582.0	8.0	0.4765285404187199	-162.5639678730595	64.21057077105417
03	1	inverse_cdf	4	74	165.0	130.0	54.0	12.88787537742415	-177.766730404151	522.4760198473892
03	1	inverse_cdf	4	74	165.0	422.0	52.0	11.117297818924905	-0.059206321164961044	309.51134758430004
03	1	inverse_cdf	4	74	165.0	792.0	8.0	0.8568100746843461	46.71100213206033	113.09452683293199
03	1	inverse_cdf	4	76	90.0	336.0	32.0	3.0710025202643334	-12.154314047850246	162.88923381101475
03	1	inverse_cdf	4	76	90.0	608.0	30.0	3.449420399546066	170.9681457715769	309.8668867751195
03	1	inverse_cdf	4	77	172.5	914.0	8.0	0.7658885488383704	158.1088308577729	104.13774065194958
03	1	inverse_cdf	4	79	112.5	286.0	4.0	0.31757693520258257	-7.123123965153046	67.29909491285562
03	1	inverse_cdf	4	79	112.5	386.0	14.0	0.9228666781763435	-167.99215468552913	71.86187009810402
03	1	inverse_cdf	4	80	22.5	146.0	6.0	0.3663671299337071	-167.58248897409413	62.98470116073871
03	1	inverse_cdf	4	80	22.5	840.0	6.0	0.3031402531006082	172.22096868090716	53.08904890028331
03	1	inverse_cdf	4	81	30.0	140.0	12.0	1.0429519734532615	171.76678763731874	99.87121686002448
03	1	inverse_cdf	4	81	30.0	344.0	4.0	0.23072032992983368	50.196741542645654	48.94206833850475
03	1	inverse_cdf	4	81	30.0	940.0	14.0	1.1166627726088054	-175.10965491602198	104.09265814823138
03	1	inverse_cdf	4	85	15.0	632.0	12.0	0.8289832829850229	178.86571016173997	98.92772800916453
03	1	inverse_cdf	4	86	157.5	980.0	8.0	0.6587878929316968	124.9523102548194	86.84436399586095
03	1	inverse_cdf	4	87	45.0	226.0	54.0	11.584877473378118	5.674949549985188	318.1503018871546
03	1	inverse_cdf	4	87	45.0	450.0	12.0	1.367386975112304	-1.58188998638666	152.78362806341963
03	1	inverse_cdf	5	95	127.5	794.0	18.0	0.7588966285943384	130.61445496160832	93.68536547903089
03	1	inverse_cdf	5	97	172.5	12.0	6.0	0.48727790832138923	165.16800725893287	81.90288334698036
03	1	inverse_cdf	5	97	172.5	780.0	6.0	0.4576822658842371	-30.611507013671183	65.20270330983169
03	1	inverse_cdf	5	99	157.5	434.0	6.0	0.4538328668893072	9.156043338830614	69.98438465816069
03	1	inverse_cdf	5	108	52.5	444.0	18.0	1.379827314271547	3.8175088600372535	103.18875981182904
03	1	inverse_cdf	5	112	142.5	4.0	10.0	1.8500479117895554	91.37250921304057	284.5323341900322
03	1	inverse_cdf	5	112	142.5	150.0	6.0	0.4943890986545615	-157.3530291108906	76.21076640424907
03	1	inverse_cdf	5	113	7.5	36.0	4.0	0.24382292102811623	155.33270339139838	69.52701466095093
03	1	inverse_cdf	5	114	22.5	310.0	8.0	0.6268283058818979	-169.89617236076137	90.75705626548638
03	1	inverse_cdf	5	115	15.0	660.0	4.0	0.292173793584397	149.2577066650665	61.330478661638196
03	1	inverse_cdf	6	116	157.5	282.0	24.0	3.1124043145622813	8.06325126731004	200.84444634098995
03	1	inverse_cdf	6	120	135.0	66.0	12.0	0.7552828632220325	174.38817467952694	81.44294703000858
03	1	inverse_cdf	6	120	135.0	268.0	4.0	0.3022602452477998	33.25947554761778	63.74480791589589
03	1	inverse_cdf	6	124	7.5	132.0	4.0	0.240192872002046	129.4526428762191	73.51269244907229
03	1	inverse_cdf	6	126	15.0	94.0	8.0	0.6338307732085553	125.08843109564563	91.4517821606751
03	1	inverse_cdf	6	126	15.0	298.0	4.0	0.27748922509372725	6.452549979699677	59.5117983310666
03	1	inverse_cdf	6	136	30.0	616.0	10.0	0.8525618621005218	170.24645797855496	98.14042768805737
03	1	inverse_cdf	6	138	75.0	702.0	18.0	0.2554260426329179	153.27001475766608	57.88150493342047
03	1	inverse_cdf	6	138	75.0	896.0	4.0	0.2707628092288627	12.603746898784266	59.046292244234984
03	1	inverse_cdf	7	139	60.0	306.0	20.0	2.4020670217771687	10.949297437220896	191.7214433081209
03	1	inverse_cdf	7	139	60.0	612.0	8.0	0.7548955733593354	32.4810453439342	100.39913999192393
03	1	inverse_cdf	7	139	60.0	738.0	8.0	0.5723682940438899	169.59211949983663	82.60993368667984
03	1	inverse_cdf	7	139	60.0	932.0	4.0	0.28590326337333016	-12.600196309920204	59.65397667659066
03	1	inverse_cdf	7	141	142.5	776.0	4.0	0.2811560107979026	9.407225926774446	59.96185143444614
03	1	inverse_cdf	7	141	142.5	902.0	6.0	0.3890686347967466	-178.7914035242274	67.1787740165841
03	1	inverse_cdf	7	142	127.5	614.0	6.0	0.45034594084578145	143.29488343790996	74.35264597529283
03	1	inverse_cdf	7	142	127.5	736.0	4.0	0.32222503823428494	26.304286450965957	66.00479702172221
03	1	inverse_cdf	7	144	75.0	184.0	16.0	1.1905009276586629	155.94412075702508	88.64891292728271
03	1	inverse_cdf	7	144	75.0	328.0	20.0	1.9022315834254537	-23.583332028397585	110.1209335762578
03	1	inverse_cdf	7	144	75.0	744.0	6.0	0.40692055850065006	-171.1836243771035	63.518084330645316
03	1	inverse_cdf	7	147	165.0	524.0	8.0	0.9378725021838789	149.61920330356872	127.9302896719089
03	1	inverse_cdf	7	147	165.0	636.0	8.0	0.4545736358341728	6.842757731474794	60.40518644628334
03	1	inverse_cdf	7	150	112.5	580.0	10.0	0.42675668047354715	-174.92527599447155	54.46804611246435
03	1	inverse_cdf	7	151	157.5	100.0	8.0	0.6041881354533168	40.4846326982904	83.67926745036853
03	1	inverse_cdf	7	151	157.5	338.0	18.0	0.32799294033637133	-168.74614671678606	88.36947984390443
03	1	inverse_cdf	7	152	90.0	562.0	20.0	0.7327543672110081	165.33866355953143	113.22187895158866
03	1	inverse_cdf	7	153	120.0	828.0	6.0	0.5377620015754426	141.93833373625756	85.11109917291486
03	1	inverse_cdf	7	156	172.5	754.0	4.0	0.35817810355006974	-157.07768699129954	72.10868917879685
03	1	inverse_cdf	7	157	7.5	920.0	8.0	0.47783930336083563	178.2285193065894	62.40692337351325
03	1	inverse_cdf	7	158	82.5	26.0	6.0	0.3264528646201814	145.03434348012186	57.456552058516614
03	1	inverse_cdf	7	161	150.0	116.0	4.0	0.20537662767326623	-10.5910615577168	39.92323690911981
03	1	inverse_cdf	7	161	150.0	976.0	12.0	0.8687393468991046	155.3215004517011	79.70600810673005
03	1	inverse_cdf	8	162	127.5	328.0	18.0	1.2593836405581815	-18.302835906033927	106.95740985088192
03	1	inverse_cdf	8	167	60.0	952.0	8.0	0.6059208076223125	-178.13728204258285	79.1905582253776
03	1	inverse_cdf	8	181	30.0	420.0	6.0	0.33748553076700016	-4.46281436875699	52.04065399237431
03	1	inverse_cdf	8	181	30.0	556.0	6.0	0.5045318691824033	-147.75756913852902	75.5389827811574
03	2	cdf	1	2	97.5	54.0	4.0	0.31670957801092975	136.494893340506	65.1287733328558
03	2	cdf	1	6	22.5	148.0	4.0	0.22149713132406904	9.807083255491825	47.65345644775134
03	2	cdf	1	6	22.5	290.0	8.0	0.49700112483386244	-145.64001601738292	78.56742893216632
03	2	cdf	1	6	22.5	438.0	4.0	0.22626010564485646	11.712767711033523	48.068479673966415
03	2	cdf	1	6	22.5	536.0	14.0	0.6613074457076621	180.0	55.520967074211754
03	2	cdf	1	6	22.5	764.0	4.0	0.23437965818031115	-136.14819612644962	52.44875815918565
03	2	cdf	1	7	150.0	468.0	10.0	0.3723399035677446	163.8945180455958	50.596765110993005
03	2	cdf	1	8	157.5	712.0	8.0	0.3635976904793202	50.478740657163506	47.490822295087256
03	2	cdf	1	8	157.5	834.0	20.0	0.32259847824765253	150.44296465324075	62.62402455961179
03	2	cdf	1	12	90.0	546.0	10.0	0.4353502416098849	30.320189316387673	53.342928049283465
03	2	cdf	1	12	90.0	672.0	32.0	0.7155393960578731	167.69035453274657	71.44701759952017
03	2	cdf	1	14	37.5	312.0	10.0	0.6534318508828606	145.44861022408935	75.00087505546598
03	2	cdf	1	14	37.5	964.0	6.0	0.2820240542338181	155.98540449059846	49.53857398967804
03	2	cdf	1	19	30.0	222.0	8.0	0.4099181975174146	175.4109858564964	53.776134264304225
03	2	cdf	1	19	30.0	886.0	10.0	0.5911747258638905	173.47006936251012	70.97897099876263
03	2	cdf	1	21	142.5	28.0	16.0	0.08174672380730356	-169.60145322975066	54.16391750101297
03	2	cdf	1	21	142.5	950.0	4.0	0.1983943706131954	145.8014883205968	43.90419143826878
03	2	cdf	2	27	30.0	172.0	6.0	0.3220344900477774	177.08202362193177	47.91851032184899
03	2	cdf	2	29	142.5	302.0	6.0	0.22884672795393213	-8.241529841795895	39.869233285061064
03	2	cdf	2	29	142.5	782.0	4.0	0.18091127179848232	141.27609571694845	41.740960675180865
03	2	cdf	2	30	127.5	112.0	10.0	0.6680107729681525	1.2661189490154472	80.29595969561521
03	2	cdf	2	30	127.5	620.0	6.0	0.2886519758407374	151.1203222222349	50.447169322274114
03	2	cdf	2	33	22.5	714.0	20.0	0.38220415325600715	124.52568707191816	51.556083811126896
03	2	cdf	2	34	52.5	498.0	4.0	0.18155845954212618	-12.520159511757758	38.90590305955532
03	2	cdf	2	34	52.5	694.0	18.0	0.3698490434357094	153.10328218059615	59.41650519726933
03	2	cdf	2	36	82.5	462.0	6.0	0.4694292311735757	-131.6216090254873	75.66033100520299
03	2	cdf	2	36	82.5	918.0	6.0	0.2974735732853819	159.67836679290534	55.18031200331962
03	2	cdf	2	40	67.5	384.0	8.0	0.45301321442036796	151.6796154483103	57.13643535812188
03	2	cdf	2	40	67.5	586.0	4.0	0.15594595331294836	-1.2055062741130607	35.98180877395476
03	2	cdf	2	43	45.0	606.0	10.0	0.520838077678247	172.94617936825082	57.442148488501886
03	2	cdf	2	43	45.0	780.0	6.0	0.3299781426396952	10.019032100052778	55.65756964944553
03	2	cdf	3	47	67.5	178.0	6.0	0.48206184545056746	108.8706458524558	80.61885504306454
03	2	cdf	3	47	67.5	752.0	4.0	0.21081662383927147	-168.78216410991473	47.31085076503334
03	2	cdf	3	47	67.5	952.0	8.0	0.38011761781861614	54.65059033298032	63.94790347186746
03	2	cdf	3	51	7.5	4.0	6.0	0.3805515156708671	139.3779131267484	66.12139162419716
03	2	cdf	3	51	7.5	810.0	4.0	0.27815394747006383	26.255256404040658	58.840953103356924
03	2	cdf	3	53	90.0	152.0	4.0	0.25009500257606354	-41.0018821368941	53.03462532703947
03	2	cdf	3	53	90.0	836.0	4.0	0.22634736557749943	-173.33943260731115	48.41031796087671
03	2	cdf	3	57	97.5	656.0	16.0	0.9091060728592443	158.08075665320132	70.5220533022942
03	2	cdf	3	57	97.5	772.0	6.0	0.27134507858283846	-3.8127940956899167	46.237181878261794
03	2	cdf	3	57	97.5	960.0	10.0	0.4104927365245146	145.43089204711293	49.697519902697486
03	2	cdf	3	58	52.5	44.0	8.0	0.3550685977200214	163.07478700293905	48.46239079194327
03	2	cdf	3	58	52.5	326.0	4.0	0.20236934424303613	-22.402007248657487	42.18600083769516
03	2	cdf	3	58	52.5	446.0	6.0	0.29695962455293007	-165.27559462058804	45.07865109337655
03	2	cdf	3	58	52.5	968.0	8.0	0.3128731039187611	155.86652628475161	49.44429196511879
03	2	cdf	3	60	150.0	590.0	24.0	0.30724154455858926	177.24610336518117	54.31632908186572
03	2	cdf	3	64	105.0	400.0	8.0	0.3810797767962131	12.170490006466146	49.83674887985096
03	2	cdf	3	64	105.0	576.0	24.0	0.2658577294296849	-173.62622684266543	42.7826916360638
03	2	cdf	3	64	105.0	976.0	8.0	0.3249756779985305	42.923830275762676	42.62578956469762
03	2	cdf	3	66	22.5	98.0	8.0	0.44803324945091083	133.22663747684783	66.13322642284146
03	2	cdf	3	66	22.5	362.0	6.0	0.3527266392274634	-45.742720020264045	58.41582586070563
03	2	cdf	3	66	22.5	558.0	6.0	0.4168285510952407	-137.0814719215839	67.47101927018868
03	2	cdf	3	67	37.5	758.0	4.0	0.2788399715622455	120.79966316883818	56.7340900196713
03	2	cdf	4	79	30.0	988.0	6.0	1.089808574214834	-97.52867529958404	166.33404976673484
03	2	cdf	4	81	90.0	156.0	8.0	0.3627773812446087	167.73204871237172	48.09019266923577
03	2	cdf	4	81	90.0	654.0	6.0	0.27649577634026207	175.57765636765737	41.921735333931025
03	2	cdf	4	81	90.0	842.0	6.0	0.386573992265874	15.503047686873375	57.756520390183645
03	2	cdf	4	87	142.5	438.0	6.0	0.19480542630060524	173.7137483603778	30.934497739359053
03	2	cdf	4	87	142.5	940.0	16.0	0.9509496966651938	158.43604180408346	81.23506972150255
03	2	cdf	4	88	15.0	138.0	6.0	0.282333943949609	131.94569710627616	46.83520109105475
03	2	cdf	4	88	15.0	624.0	6.0	0.2609592924849372	23.332576329779247	46.57351899753111
03	2	cdf	4	88	15.0	746.0	12.0	0.6588095255010568	-173.70941256608137	68.8850982675104
03	2	cdf	5	96	52.5	4.0	32.0	4.824352367256237	99.67480915157766	280.39246642333126
03	2	cdf	5	96	52.5	924.0	8.0	0.40346891190731865	21.957921033988086	51.909999638661894
03	2	cdf	5	99	165.0	736.0	10.0	0.6503200927783331	149.3759311899466	78.60443089771678
03	2	cdf	5	100	75.0	138.0	6.0	0.3581714643928844	62.139327407192056	61.16536625798593
03	2	cdf	5	100	75.0	334.0	28.0	0.5249764691713018	-175.69818343416367	70.85568356831446
03	2	cdf	5	105	105.0	834.0	10.0	0.44871021945626294	174.12473391973762	53.93819440370394
03	2	cdf	5	108	22.5	70.0	4.0	0.5481153211728768	75.7867093686408	115.05970056253796
03	2	cdf	5	108	22.5	296.0	8.0	0.8101898913287048	126.12189646247563	109.35139165697903
03	2	cdf	5	111	150.0	10.0	4.0	0.16263655353414896	-8.697729294629298	37.562890684161566
03	2	cdf	6	117	22.5	816.0	8.0	0.3414190992127034	-0.8256290145289583	44.194593315787124
03	2	cdf	6	117	22.5	972.0	8.0	0.4259952078710829	-176.2474072188167	55.70290243185478
03	2	cdf	6	120	45.0	764.0	6.0	0.2624727038034232	53.121271469292104	49.33818901142473
03	2	cdf	6	120	45.0	990.0	4.0	0.21716728036979785	171.74853115781247	50.336095241322816
03	2	cdf	6	121	67.5	114.0	22.0	0.7946153731876737	130.57873836405605	86.35068677250058
03	2	cdf	6	121	67.5	304.0	8.0	0.42226407798660076	-14.622232851338849	56.53970520045197
03	2	cdf	6	122	7.5	74.0	6.0	0.2849092577242644	-24.492743303369334	43.72367757740521
03	2	cdf	6	122	7.5	288.0	4.0	0.2232026121373407	-160.23911103536096	46.42234392590751
03	2	cdf	6	122	7.5	862.0	6.0	0.3130863407305336	-163.5660878087129	52.84740735180394
03	2	cdf	6	124	15.0	146.0	18.0	0.24367387322242223	46.07273448982361	91.16855862589298
03	2	cdf	6	124	15.0	318.0	10.0	0.40371900744662315	-174.8710260028143	44.29464035964311
03	2	cdf	6	127	105.0	70.0	14.0	0.6221721190998802	-173.9455925638586	53.24570140402644
03	2	cdf	6	128	150.0	50.0	10.0	0.5155220418281444	-175.07018865622453	56.32231556173051
03	2	cdf	6	128	150.0	538.0	16.0	0.9675225945761097	158.30405881369734	70.61908420434487
03	2	cdf	6	128	150.0	782.0	10.0	0.589700929991333	-29.503694074365036	67.24209743809776
03	2	cdf	6	130	97.5	138.0	10.0	0.5282854163988243	-172.3247842150489	59.86472856472422
03	2	cdf	6	132	112.5	86.0	4.0	0.26943233390976923	61.23500676140562	54.19003197939858
03	2	cdf	6	132	112.5	292.0	10.0	0.38051540244846277	-166.03119288119476	46.074467520649506
03	2	cdf	6	135	90.0	394.0	12.0	0.5609029516008355	-166.98620834713662	54.17594823478159
03	2	cdf	7	140	67.5	136.0	16.0	0.4521737698091484	110.61269150088557	63.39047824585987
03	2	cdf	7	140	67.5	444.0	6.0	0.29433193400759644	-3.5149763417580777	44.46643873865048
03	2	cdf	7	140	67.5	586.0	6.0	0.3138950719859366	158.54274255329872	48.30206818828242
03	2	cdf	7	148	165.0	64.0	6.0	0.2973527673018111	-177.46971438124027	48.432246559656924
03	2	cdf	7	151	75.0	922.0	4.0	0.3739941571099765	-90.0	69.59387383180413
03	2	cdf	7	154	97.5	76.0	10.0	0.4141357438423417	151.61549879625878	54.38254036052548
03	2	cdf	7	155	45.0	934.0	22.0	0.6496720481569469	142.70660612822036	72.50707290547625
03	2	cdf	7	157	22.5	784.0	4.0	0.20515926345602176	0.4581681041270281	48.245085162417425
03	2	cdf	7	157	22.5	954.0	4.0	0.21893219355766885	165.24196779942523	48.033962713626465
03	2	cdf	7	160	127.5	814.0	4.0	0.18523770656365332	147.3125191395257	40.12172541367318
03	2	cdf	8	163	120.0	364.0	6.0	0.35736922878225197	4.7394662432990415	58.45771675844584
03	2	cdf	8	163	120.0	574.0	10.0	0.6831888744665303	170.88004306116358	76.95901277454654
03	2	cdf	8	164	45.0	950.0	6.0	0.2806745215418751	158.39338593501796	47.32222982584076
03	2	cdf	8	166	52.5	136.0	4.0	0.21278497787783857	18.428642058764755	45.979085502055085
03	2	cdf	8	166	52.5	288.0	4.0	0.39417098566248004	-124.49050206966734	79.87781853972145
03	2	cdf	8	166	52.5	664.0	4.0	0.1910315592917677	171.1059366977876	44.7559474920922
03	2	cdf	8	172	90.0	30.0	4.0	0.12141502318446706	0.0	28.997961385385306
03	2	cdf	8	177	15.0	348.0	4.0	0.19029332005829377	-156.0954002401461	51.422827570600084
03	2	cdf	8	181	105.0	86.0	8.0	0.41809160261323264	6.761836046516994	56.1448445182414
03	2	cdf	8	181	105.0	306.0	10.0	0.4876064574284351	163.5818511592924	57.240429759286236
03	2	cdf	8	182	7.5	106.0	6.0	0.2911438494807659	161.2588743335223	45.69056861426099
03	2	cdf	8	182	7.5	562.0	6.0	0.35288883807022975	-174.3962581334679	57.938627633239385
03	2	cdf	8	182	7.5	878.0	4.0	0.19672907198790407	152.16093045743156	50.18513242412922
03	2	cdf	8	183	97.5	670.0	26.0	0.30040831792357325	160.86873083544103	40.297937934916256
03	2	cdf	8	183	97.5	786.0	10.0	0.3544095899095139	0.5305747624034428	39.17874129204044
03	2	cdf	8	183	97.5	964.0	6.0	0.19429237994860474	-175.15536369748023	33.59787586207239
03	2	cdf	8	184	112.5	78.0	22.0	0.34951163791626694	-145.72527683306933	60.367427920422315
03	2	cdf	8	184	112.5	756.0	4.0	0.28334892749970214	61.645711474637174	62.48655745882393
03	2	cdf	8	184	112.5	986.0	10.0	0.4917092142564773	168.84112120516446	55.08927767400104
04	1	cdf	1	1	165.0	272.0	28.0	2.719972478567461	12.971675849556936	251.53878985408934
04	1	cdf	1	1	165.0	550.0	10.0	0.30172777131463063	22.38157744907916	42.63527894346367
04	1	cdf	1	2	127.5	106.0	6.0	0.3404357330101331	15.376582273335833	51.11930423403963
04	1	cdf	1	2	127.5	294.0	22.0	0.5259724809107631	-163.3166837393063	108.16466008327963
04	1	cdf	1	3	97.5	124.0	40.0	1.792003625021728	0.787096937975595	184.32236903996827
04	1	cdf	1	3	97.5	264.0	28.0	1.7858773872175795	-173.29796990703227	227.20743290852266
04	1	cdf	1	8	142.5	364.0	14.0	0.07238252263510045	57.0317248652119	50.7522908935473
04	1	cdf	1	11	37.5	316.0	12.0	0.3187859498193916	65.67835608289208	53.03280340284924
04	1	cdf	1	16	60.0	722.0	20.0	0.10455123854945549	132.45393722524412	58.199679624165675
04	1	cdf	1	17	105.0	900.0	24.0	0.2819243796953152	67.76469992636598	61.66935765793604
04	1	cdf	1	18	7.5	56.0	70.0	0.15932031271273292	145.48700875185597	195.19620115934484
04	1	cdf	1	18	7.5	310.0	8.0	0.38719099356470255	11.739932709538207	51.68940240597143
04	1	cdf	2	28	135.0	4.0	38.0	4.581736395783199	-98.38319646238547	516.9262102217872
04	1	cdf	2	31	165.0	602.0	8.0	0.2426616379512714	156.90441712076293	35.97418242437903
04	1	cdf	2	31	165.0	866.0	6.0	0.14982080416216323	24.59787067504033	46.40254505651429
04	1	cdf	2	32	105.0	42.0	22.0	0.4571429596219119	125.05717733217284	102.54157740100106
04	1	cdf	2	37	150.0	50.0	4.0	0.1414926099151795	3.9906412855929956	30.338275182039006
04	1	cdf	2	39	82.5	352.0	20.0	0.233892034012881	175.1696445125923	56.82679388766105
04	1	cdf	2	44	30.0	12.0	10.0	1.889925838901093	-99.29509853871326	250.54894636881298
04	1	cdf	2	44	30.0	250.0	4.0	0.34512387381606796	87.001447234135	75.27599646571002
04	1	cdf	2	46	60.0	568.0	8.0	0.3232553484004141	32.558682059793625	47.76889436849813
04	1	cdf	3	51	150.0	326.0	26.0	1.5690897790079952	118.14758634091454	168.2827319239895
04	1	cdf	3	65	67.5	948.0	20.0	0.4261261407733854	79.1229716279189	61.03628668832163
04	1	cdf	3	68	75.0	720.0	6.0	0.4141113834458462	108.00362142582527	63.51160009139523
04	1	cdf	4	70	82.5	398.0	20.0	3.321350074442879	12.500031874347398	258.7222819795928
04	1	cdf	4	70	82.5	618.0	24.0	0.44405064031277447	173.84682365334464	53.5439914506503
04	1	cdf	4	83	30.0	676.0	20.0	1.5303629015812454	122.20546441472204	207.73408005133766
04	1	cdf	4	88	120.0	4.0	6.0	0.5428658201388558	-97.46935281990606	206.68598840133185
04	1	cdf	4	91	97.5	544.0	20.0	1.27666151633831	104.82290011498735	137.21221835557145
04	1	cdf	5	94	120.0	4.0	10.0	2.624051713379507	-97.58344276373577	323.3997696006173
04	1	cdf	5	94	120.0	276.0	4.0	0.28009434521426047	79.87541191937929	59.09211016919216
04	1	cdf	5	94	120.0	940.0	6.0	0.24300748620313012	-168.31015918684815	41.171647549597274
04	1	cdf	5	96	45.0	342.0	10.0	0.31337840704457026	153.56564358883693	36.4556313088668
04	1	cdf	5	106	90.0	64.0	18.0	0.42656785223542404	122.58198153599983	68.50347950666571
04	1	cdf	5	115	67.5	648.0	4.0	0.15408737667173839	-172.041052009591	34.736641707077474
04	1	cdf	6	116	105.0	406.0	20.0	2.825796800263339	11.660681752256902	211.31141058298286
04	1	cdf	6	119	165.0	548.0	4.0	0.14273279256452232	180.0	29.941093639799004
04	1	cdf	6	123	142.5	4.0	34.0	0.7764896596686092	1.816903693775387	240.21881257460794
04	1	cdf	6	123	142.5	78.0	28.0	1.6977734971954173	174.61935036432547	258.00566732322216
04	1	cdf	6	123	142.5	286.0	10.0	0.5482677391620014	6.359232298294901	65.45359569894264
04	1	cdf	6	126	127.5	506.0	4.0	0.2872394372614169	124.05217986974175	59.27370340668703
04	1	cdf	6	127	75.0	24.0	12.0	0.6935557915048914	-7.7512617816231035	62.60958657586564
04	1	cdf	6	130	67.5	570.0	18.0	0.29974843460912054	148.65829300715444	60.006998464683605
04	1	cdf	6	132	45.0	644.0	6.0	0.14293976448483528	-177.36751247717828	28.65114858070175
04	1	cdf	6	134	150.0	746.0	12.0	0.4169988586861324	-88.6470830208781	56.33498535799544
04	1	cdf	6	137	7.5	640.0	24.0	0.35306167403568783	165.18734671876368	60.6515111088738
04	1	cdf	6	137	7.5	820.0	22.0	0.16965842647345356	4.994435511837111	66.73036917341896
04	1	cdf	7	139	67.5	340.0	20.0	3.0424178008169522	15.071190092190962	227.1071047718134
04	1	cdf	7	139	67.5	650.0	6.0	0.246304778672878	9.589326205535055	42.25782576332192
04	1	cdf	7	154	172.5	764.0	16.0	0.23121977865059865	80.60591379082136	30.430502507781277
04	1	cdf	7	155	75.0	316.0	8.0	0.5376952976840405	93.49917921299915	70.85492204421199
04	1	cdf	8	163	112.5	114.0	4.0	0.16983575788854743	131.08078482293516	37.42742336042246
04	1	cdf	8	166	157.5	12.0	8.0	0.3214866653695216	-16.30402333773003	47.02566404532681
04	1	cdf	8	166	157.5	86.0	24.0	0.4602563976216251	-3.270200005078349	147.41914948961113
04	1	cdf	8	166	157.5	278.0	8.0	0.45298015876590647	-175.0118288749623	61.17166600523711
04	1	cdf	8	167	52.5	654.0	4.0	0.2970602272037502	-90.3165117524013	63.732860897117945
04	1	cdf	8	167	52.5	954.0	4.0	0.22107251243742482	108.16508466829691	48.385412261246366
04	1	cdf	8	173	97.5	900.0	10.0	0.36785191337715634	135.18226450475564	52.30231503871296
04	1	cdf	8	174	30.0	348.0	12.0	1.2573321018668961	116.09550620106482	136.5211724994788
04	1	cdf	8	178	105.0	680.0	22.0	0.22567807175367902	-166.97323945523064	52.367145898384756
04	1	cdf	8	180	120.0	974.0	16.0	0.508569735242828	107.84664746122566	82.55115540447318
04	1	cdf	8	182	15.0	978.0	6.0	0.24441577781501317	-147.05243331530193	39.29931505864865
04	2	inverse_cdf	1	2	172.5	104.0	4.0	0.17764375574211813	16.090998465367132	36.676476062719615
04	2	inverse_cdf	1	2	172.5	526.0	16.0	0.4145694750913603	85.91370125012976	45.4904392038763
04	2	inverse_cdf	1	6	45.0	78.0	4.0	0.12199631006092407	17.21532171400073	26.23935880386682
04	2	inverse_cdf	1	7	37.5	668.0	16.0	0.4662408928166564	91.61377673908143	85.43076604910277
04	2	inverse_cdf	1	8	157.5	282.0	20.0	0.5539934725444776	-112.46798372287809	54.95473886788821
04	2	inverse_cdf	1	10	7.5	528.0	6.0	0.2612317604946399	133.2158918426834	41.87618975116942
04	2	inverse_cdf	1	12	127.5	534.0	4.0	0.23175344982451598	130.11732110181492	47.514248533510305
04	2	inverse_cdf	1	16	60.0	84.0	12.0	0.710430306852547	-161.2691026558643	65.21330774071919
04	2	inverse_cdf	1	16	60.0	422.0	6.0	0.18636168938186168	160.44894464513587	34.167751888871756
04	2	inverse_cdf	1	17	90.0	678.0	8.0	0.3144987485358842	-158.25426714959164	41.199317090446655
04	2	inverse_cdf	1	19	15.0	570.0	18.0	0.22804520961201558	139.08519410996172	45.41827017385157
04	2	inverse_cdf	1	20	75.0	322.0	6.0	0.18194066366090678	166.96689445414754	31.532525751481003
04	2	inverse_cdf	1	22	105.0	322.0	12.0	1.6002375635636796	103.3414760687146	167.17675200021796
04	2	inverse_cdf	1	22	105.0	938.0	6.0	0.25012479184569086	48.99116177428419	44.09586387278612
04	2	inverse_cdf	2	27	142.5	550.0	12.0	0.42340198824700287	-124.73530142019987	39.26404415676345
04	2	inverse_cdf	2	28	37.5	276.0	8.0	0.4032175332591985	111.23862122235403	48.59594315606791
04	2	inverse_cdf	2	28	37.5	316.0	4.0	0.1267872614147459	-158.7490314262104	30.207231966404457
04	2	inverse_cdf	2	28	37.5	844.0	14.0	0.1025486312693143	-129.80600538840056	40.36825538135942
04	2	inverse_cdf	2	38	7.5	436.0	18.0	1.5853970239006427	96.0613346135251	140.18583712679484
04	2	inverse_cdf	2	39	22.5	8.0	10.0	0.40825318149289685	163.89567829557208	51.72508857873961
04	2	inverse_cdf	2	41	45.0	618.0	4.0	0.15967468563767054	12.465505903228346	34.9507992918156
04	2	inverse_cdf	2	41	45.0	870.0	16.0	0.15756651372867111	-90.59678868294598	37.812008449580205
04	2	inverse_cdf	2	43	90.0	404.0	4.0	0.32491313399224997	98.13092540594596	68.6227368867153
04	2	inverse_cdf	2	44	150.0	330.0	12.0	0.8291137809321648	-178.41190600831658	90.2181671708624
04	2	inverse_cdf	2	46	135.0	638.0	4.0	0.15294482564376868	170.73698005080445	33.902720379165245
04	2	inverse_cdf	2	46	135.0	912.0	6.0	0.3683300728440978	-30.23378985693344	56.6637547938128
04	2	inverse_cdf	3	47	67.5	342.0	4.0	0.18306921633284848	174.34181599740228	37.00975326867084
04	2	inverse_cdf	3	55	157.5	598.0	4.0	0.24747205727319996	65.30257647009203	54.04658109880141
04	2	inverse_cdf	3	61	135.0	584.0	12.0	1.5540527146024739	100.4044189761645	160.7399519468559
04	2	inverse_cdf	3	66	105.0	74.0	24.0	1.3156898209621906	105.4091365345163	176.936204196292
04	2	inverse_cdf	3	69	97.5	952.0	8.0	0.5220287372826417	115.11329590430202	69.0039355950177
04	2	inverse_cdf	4	74	22.5	18.0	24.0	0.6564935318843281	-170.06763669767662	110.66152552295048
04	2	inverse_cdf	4	74	22.5	108.0	36.0	1.331400277222953	4.3121744505415505	191.36077821751866
04	2	inverse_cdf	4	74	22.5	196.0	40.0	2.0235970838955835	-179.34948700294845	247.76092793814178
04	2	inverse_cdf	4	74	22.5	364.0	22.0	0.9100670964440228	16.01461410570387	105.2845260451226
04	2	inverse_cdf	4	77	82.5	656.0	8.0	0.3124852113700162	166.3305469195663	43.850074520537035
04	2	inverse_cdf	4	79	52.5	432.0	6.0	0.16274417852617837	158.09814720864716	44.107231046314375
04	2	inverse_cdf	4	84	15.0	644.0	18.0	0.6296111076653025	93.28764421353564	61.85178597476631
04	2	inverse_cdf	4	89	150.0	136.0	10.0	0.37387377476502864	143.03061354763184	44.72824808755806
04	2	inverse_cdf	4	89	150.0	792.0	8.0	0.4597463819813445	9.865730772118772	62.31091540317588
04	2	inverse_cdf	4	89	150.0	968.0	22.0	0.5298815338679371	153.51467096903636	60.92501812022806
04	2	inverse_cdf	4	91	37.5	358.0	18.0	1.5251946084888008	100.2897181956293	127.62759194851861
04	2	inverse_cdf	5	96	150.0	706.0	4.0	0.16013263559261062	-44.99854480398757	34.13807069183762
04	2	inverse_cdf	5	98	90.0	580.0	4.0	0.12619961441665128	159.44538455674368	33.1006811118072
04	2	inverse_cdf	5	104	52.5	608.0	8.0	0.38414278987110967	134.14050054908694	70.53424526915906
04	2	inverse_cdf	5	105	127.5	816.0	4.0	0.20212208605585352	47.62809601675802	41.304420832335886
04	2	inverse_cdf	5	108	30.0	592.0	4.0	0.19053831647294225	110.15303067466267	43.033806977312885
04	2	inverse_cdf	5	109	7.5	522.0	18.0	0.16790669106477013	85.51522974801662	54.95306698629909
04	2	inverse_cdf	5	110	22.5	510.0	22.0	1.1357192214291039	117.35833542207364	150.50917213873967
04	2	inverse_cdf	6	116	120.0	326.0	6.0	0.25231397008620976	169.12941791172233	42.26987203679353
04	2	inverse_cdf	6	117	112.5	546.0	16.0	0.12640097194902053	91.48810151976393	36.94901323518353
04	2	inverse_cdf	6	117	112.5	908.0	24.0	0.2933292208990225	119.86652505152264	55.30263862377261
04	2	inverse_cdf	6	118	150.0	406.0	8.0	0.36941869959321105	178.47293204026167	49.580048198749125
04	2	inverse_cdf	6	122	142.5	706.0	16.0	1.1199874716791582	97.40934543854245	111.83048566376416
04	2	inverse_cdf	6	123	90.0	640.0	6.0	0.3341924883189357	45.00487386140303	57.8793563634555
04	2	inverse_cdf	6	123	90.0	882.0	4.0	0.25199070068655277	-119.23251384683421	53.36173136331069
04	2	inverse_cdf	6	124	75.0	898.0	6.0	0.265887943858579	151.2266413493766	42.59049917374999
04	2	inverse_cdf	6	126	157.5	636.0	22.0	0.2403963037223919	145.01094247764888	50.26939415814393
04	2	inverse_cdf	6	129	105.0	540.0	8.0	0.24947843220470775	135.27492493703326	32.9746889875805
04	2	inverse_cdf	6	134	15.0	78.0	6.0	0.2090055952086746	166.84295699301063	35.106788884872216
04	2	inverse_cdf	6	136	30.0	36.0	10.0	0.6179649133525428	-7.938005257199378	73.65345725857753
04	2	inverse_cdf	6	136	30.0	852.0	16.0	0.1698308370425622	95.54514310918297	44.49467031076096
04	2	inverse_cdf	7	139	157.5	896.0	8.0	0.6048128966078721	62.53490600704804	77.26598329433067
04	2	inverse_cdf	7	151	60.0	522.0	14.0	1.4819628819839037	94.88968837619755	142.0229223670655
04	2	inverse_cdf	7	151	60.0	986.0	4.0	0.17895064047704404	162.38243607466904	38.1654229278387
04	2	inverse_cdf	7	154	165.0	320.0	6.0	0.21452662275109932	-140.5801844062967	54.867566035183835
04	2	inverse_cdf	7	154	165.0	550.0	6.0	0.33524620759241175	51.56159774979204	61.65894659740821
04	2	inverse_cdf	7	154	165.0	954.0	4.0	0.2702133866015035	61.728147001423096	54.86135078311266
04	2	inverse_cdf	7	156	30.0	888.0	12.0	0.9485189910994963	69.12807488804664	84.18613081693402
04	2	inverse_cdf	7	157	75.0	636.0	6.0	0.26497065911199186	172.169058037253	39.924638496492854
04	2	inverse_cdf	8	165	60.0	600.0	26.0	0.16478902259277914	146.78574754312984	56.03326814577244
04	2	inverse_cdf	8	166	127.5	422.0	26.0	1.2822467809000242	98.09322643506108	164.27614378798447
04	2	inverse_cdf	8	166	127.5	748.0	4.0	0.1959505454537563	21.624665501102204	40.73872056036077
04	2	inverse_cdf	8	170	120.0	690.0	10.0	0.6490698365196248	130.9110904136062	74.026682727245
04	2	inverse_cdf	8	171	135.0	350.0	26.0	0.4861635950892609	134.2987286113749	62.12374508248688
04	2	inverse_cdf	8	173	157.5	642.0	4.0	0.2855397364234149	90.0	58.844541254074635
04	2	inverse_cdf	8	182	82.5	640.0	18.0	0.3529174946451315	88.6676246418816	41.20911087185386
05	1	inverse_cdf	1	2	165.0	338.0	20.0	0.14955341383022222	24.627598858428424	71.88308236238557
05	1	inverse_cdf	1	2	165.0	770.0	24.0	0.6081980748864493	117.4341756806563	150.00488080492616
05	1	inverse_cdf	1	3	105.0	244.0	18.0	0.4016700540393735	131.99939475491385	77.35121951318807
05	1	inverse_cdf	1	3	105.0	562.0	16.0	0.032807515815561406	-90.0	45.011508666950704
05	1	inverse_cdf	1	4	142.5	322.0	20.0	0.36398209328349823	120.5877018528893	87.37135783471294
05	1	inverse_cdf	1	5	135.0	92.0	18.0	0.3467937401767568	113.39716996999114	51.62114708504233
05	1	inverse_cdf	1	5	135.0	684.0	42.0	0.8078862826376069	-168.2833455058557	133.290914221847
05	1	inverse_cdf	1	5	135.0	876.0	20.0	0.3723133040293473	14.547636441242183	92.73234744455199
05	1	inverse_cdf	1	6	22.5	600.0	20.0	0.14531969443682752	118.28257463485812	52.15937865731984
05	1	inverse_cdf	1	7	45.0	66.0	32.0	0.4314987836569119	-177.603004800931	94.7061499169874
05	1	inverse_cdf	1	8	15.0	790.0	18.0	0.16882612004684808	68.94169266518281	49.618245282839005
05	1	inverse_cdf	1	9	82.5	366.0	20.0	0.1974312536111916	-142.06607408030342	63.491796455541404
05	1	inverse_cdf	1	9	82.5	768.0	18.0	0.13800108518957324	156.16549456894546	48.26556892077178
05	1	inverse_cdf	1	10	112.5	86.0	46.0	1.2181229083231535	172.80241937402857	176.87321814489331
05	1	inverse_cdf	1	10	112.5	286.0	34.0	0.9460936919438581	4.177886440161776	139.42553021712556
05	1	inverse_cdf	1	11	7.5	138.0	42.0	2.33444945275876	172.20143291705486	222.94223193960602
05	1	inverse_cdf	1	11	7.5	412.0	38.0	1.7197877915950466	2.5707740212660957	222.54078435401738
05	1	inverse_cdf	1	12	150.0	16.0	36.0	0.6707378940037452	-12.288531985022324	113.77995623147724
05	1	inverse_cdf	1	12	150.0	352.0	22.0	0.23779904484388045	-172.866139346923	83.92942493477007
05	1	inverse_cdf	1	12	150.0	580.0	18.0	0.48726277969296156	-5.214649065801286	86.5305342324344
05	1	inverse_cdf	1	13	157.5	540.0	20.0	0.22115173497424132	144.6360787108134	60.45846702512982
05	1	inverse_cdf	1	14	127.5	424.0	22.0	0.27565638580883034	-177.95285748690782	65.05644385923534
05	1	inverse_cdf	1	16	60.0	526.0	34.0	0.9105586875402465	166.0228677963692	151.45727557655334
05	1	inverse_cdf	1	16	60.0	756.0	32.0	0.6620612830862367	5.405502212786171	126.43039029576474
05	1	inverse_cdf	1	17	37.5	148.0	34.0	0.6875458041970048	10.869874049134456	130.44344661226964
05	1	inverse_cdf	1	17	37.5	348.0	22.0	0.24730283997242442	-165.39343663223187	62.75433010933419
05	1	inverse_cdf	1	19	97.5	602.0	32.0	0.3546355873819109	-10.12913722832483	76.71983500603483
05	1	inverse_cdf	1	19	97.5	830.0	20.0	0.41533872365009167	-155.23730936909507	79.29884060081598
05	1	inverse_cdf	1	20	90.0	76.0	24.0	0.3705281914403386	-140.37082690013602	117.63805118951899
05	1	inverse_cdf	1	20	90.0	906.0	24.0	0.241215987397815	177.66053123820137	109.2959325107131
05	1	inverse_cdf	1	23	75.0	390.0	22.0	0.2337144975690879	14.639364446656966	72.50337122180261
05	1	inverse_cdf	2	25	22.5	354.0	36.0	0.8024917957472647	173.6611501923178	163.52251577931506
05	1	inverse_cdf	2	25	22.5	562.0	22.0	0.46051126914999585	-14.231251152213634	80.6762200061546
05	1	inverse_cdf	2	26	150.0	694.0	26.0	0.4531114800344336	160.97973166343667	89.04586323146847
05	1	inverse_cdf	2	27	135.0	582.0	20.0	0.13466763475268906	67.80158065528492	52.96825773294857
05	1	inverse_cdf	2	28	127.5	354.0	16.0	0.08861114027822392	-90.0	67.63563197914907
05	1	inverse_cdf	2	28	127.5	762.0	4.0	0.2511061331973634	89.25099420283665	54.159626225002164
05	1	inverse_cdf	2	29	45.0	656.0	16.0	0.17694732109817382	130.48613876398747	56.67710307424135
05	1	inverse_cdf	2	30	105.0	38.0	18.0	0.11163003452892964	48.57620445627511	64.56425832943374
05	1	inverse_cdf	2	30	105.0	428.0	4.0	0.25120732254025907	-170.59929473759075	54.53071850798991
05	1	inverse_cdf	2	32	120.0	100.0	8.0	0.5291442960208286	-174.66101610335784	67.31341078395923
05	1	inverse_cdf	2	32	120.0	734.0	38.0	0.7519659323127409	28.405836855045287	116.57316714900067
05	1	inverse_cdf	2	32	120.0	888.0	24.0	0.42353805616713636	-165.6439505989754	111.50000555014196
05	1	inverse_cdf	2	34	60.0	610.0	34.0	0.5090480535498675	159.2276357445497	124.85739959654913
05	1	inverse_cdf	2	34	60.0	958.0	20.0	0.22096074809962657	-38.06184567213452	77.82112949964373
05	1	inverse_cdf	2	35	142.5	62.0	6.0	0.31786976158199975	-64.62465300530334	49.6049793399115
05	1	inverse_cdf	2	36	15.0	16.0	40.0	2.745195234740313	18.762629873363792	338.15400100358784
05	1	inverse_cdf	2	36	15.0	228.0	22.0	0.6600780109308652	-158.40774554264834	130.96093619083575
05	1	inverse_cdf	2	37	90.0	110.0	34.0	0.5620856725231103	-169.74267548773585	127.18521381959023
05	1	inverse_cdf	2	37	90.0	824.0	32.0	0.5256276898004097	6.813970153472632	111.65698584220374
05	1	inverse_cdf	2	38	75.0	682.0	32.0	0.7790588305662349	166.7254965513521	145.80283136926207
05	1	inverse_cdf	2	38	75.0	968.0	24.0	0.7481360005359808	-36.165169683690884	150.7191549500883
05	1	inverse_cdf	2	39	30.0	636.0	6.0	0.3098886305125401	134.3563919125308	51.80732060615491
05	1	inverse_cdf	2	40	112.5	916.0	10.0	0.5120838192471511	33.894452451007815	50.52580607685291
05	1	inverse_cdf	2	41	67.5	96.0	22.0	0.2786748488107996	46.91236226702752	62.646909114673356
05	1	inverse_cdf	2	41	67.5	820.0	38.0	1.547499527799728	177.44713441508625	199.09177021622844
05	1	inverse_cdf	2	42	7.5	64.0	6.0	0.3420284614675168	-153.18727899372067	55.570163669786645
05	1	inverse_cdf	2	43	82.5	714.0	46.0	1.710395374314755	169.88697533472595	230.17477214083354
05	1	inverse_cdf	2	43	82.5	962.0	34.0	1.1690622025357804	1.6893755207805383	178.49426077668238
05	1	inverse_cdf	2	44	37.5	562.0	24.0	0.4483780002246882	146.19354683930837	86.34010886356121
05	1	inverse_cdf	2	46	52.5	556.0	22.0	0.46552227905653576	115.02884595864454	72.36942293871824
05	1	inverse_cdf	2	46	52.5	860.0	40.0	0.9812762056357177	-0.4791703523583011	149.68714795424353
05	1	inverse_cdf	3	48	142.5	390.0	18.0	0.27307648389554345	14.616718188638348	95.17218173910874
05	1	inverse_cdf	3	48	142.5	600.0	4.0	0.23540490152210272	-144.6585661106688	49.47763879047858
05	1	inverse_cdf	3	49	112.5	108.0	20.0	0.15050029588491476	152.04650029925284	88.27030667999773
05	1	inverse_cdf	3	49	112.5	650.0	36.0	0.5393201401061096	14.62660823764139	97.9148276982984
05	1	inverse_cdf	3	49	112.5	888.0	30.0	0.3741124180083895	-174.71565902994064	91.64481271527953
05	1	inverse_cdf	3	50	135.0	6.0	6.0	0.28763896377942	123.6054561628432	47.522406832784014
05	1	inverse_cdf	3	52	30.0	658.0	24.0	0.4855634777401311	-172.037306539819	118.92289683060703
05	1	inverse_cdf	3	52	30.0	958.0	36.0	1.0425131504347078	1.442897180359539	176.21427588893735
05	1	inverse_cdf	3	53	172.5	864.0	22.0	0.14155634113024362	124.6193797476884	67.90563242003896
05	1	inverse_cdf	3	54	90.0	686.0	30.0	0.5129530398304348	163.07729355940708	126.7310906075302
05	1	inverse_cdf	3	55	67.5	742.0	22.0	0.19291021774840675	9.302250775870931	79.089644199999
05	1	inverse_cdf	3	56	120.0	12.0	16.0	0.2516740749599903	102.04513966007393	68.14586327074971
05	1	inverse_cdf	3	56	120.0	608.0	22.0	0.24960677658123817	-165.14295524326064	79.78094518001136
05	1	inverse_cdf	3	56	120.0	890.0	20.0	0.2240226880282775	-10.979552888373973	67.57034356038527
05	1	inverse_cdf	3	57	52.5	630.0	4.0	0.2634568491373827	59.28175553029529	55.20164626494956
05	1	inverse_cdf	3	60	157.5	56.0	24.0	0.3978262308885137	122.70959326667239	108.34958651404811
05	1	inverse_cdf	3	60	157.5	784.0	20.0	0.5395214934963173	-31.957164460372056	62.153342514351806
05	1	inverse_cdf	3	60	157.5	966.0	22.0	0.3995122724360335	170.30391586288502	120.42154312559748
05	1	inverse_cdf	3	61	105.0	292.0	56.0	7.070420277809439	27.451592406671764	445.4529546788502
05	1	inverse_cdf	3	61	105.0	502.0	62.0	7.978592149586457	-152.46953543097425	570.0774150580091
05	1	inverse_cdf	3	61	105.0	710.0	20.0	0.29488430018920314	19.84261507445844	103.89155770512322
05	1	inverse_cdf	3	62	37.5	642.0	30.0	0.28922488233095883	137.53632957306377	83.64859166309785
05	1	inverse_cdf	3	62	37.5	968.0	6.0	0.37102671911065377	-1.5206649218314485	57.10938125915328
05	1	inverse_cdf	3	63	22.5	152.0	8.0	0.5089446626086123	-167.71110155395033	66.25445950009791
05	1	inverse_cdf	3	65	165.0	384.0	24.0	0.39455214934218935	176.66132761295341	61.40051055540717
05	1	inverse_cdf	3	66	127.5	868.0	20.0	0.234954724279483	2.8028007810130613	63.78162088452589
05	1	inverse_cdf	3	68	82.5	48.0	34.0	0.4150062226982595	-10.02097812489278	85.64911431050675
05	1	inverse_cdf	3	68	82.5	676.0	22.0	0.5013900963831507	147.9746616333245	88.59744001474942
05	1	inverse_cdf	3	68	82.5	954.0	22.0	0.517237745838971	9.31323894349607	120.20034360670176
05	1	inverse_cdf	3	69	45.0	566.0	4.0	0.22983445655991955	114.91595912913246	50.68043492625899
05	1	inverse_cdf	4	70	7.5	98.0	22.0	0.7981452752789652	-11.263094874370827	119.12136461071746
05	1	inverse_cdf	4	70	7.5	288.0	42.0	2.667332759826763	10.02694030401437	251.98959696816272
05	1	inverse_cdf	4	70	7.5	734.0	18.0	0.4010375616145281	10.849917649270992	89.0174920400393
05	1	inverse_cdf	4	70	7.5	938.0	20.0	0.4745667011777437	-178.018173279745	84.52303407442643
05	1	inverse_cdf	4	71	142.5	334.0	20.0	0.3337254585338959	-158.35813015595116	73.71509438389683
05	1	inverse_cdf	4	71	142.5	946.0	22.0	0.43583971522313547	69.03801448935633	84.15146870428265
05	1	inverse_cdf	4	72	82.5	12.0	8.0	0.694310282332645	43.08937704770346	92.5348779492031
05	1	inverse_cdf	4	72	82.5	144.0	24.0	0.7207447422084652	-169.6368502847023	132.05544734657508
05	1	inverse_cdf	4	74	60.0	548.0	22.0	0.45977921483142276	114.46104033414063	107.76952037878699
05	1	inverse_cdf	4	74	60.0	776.0	6.0	0.41081936387217854	-45.00033779028395	62.49872203510861
05	1	inverse_cdf	4	76	45.0	530.0	22.0	0.6150005046838134	165.62944760191897	107.18952046462755
05	1	inverse_cdf	4	76	45.0	814.0	22.0	0.30406813477866795	-3.0941662334019475	70.99560320707917
05	1	inverse_cdf	4	77	75.0	512.0	22.0	0.3003144990430937	149.0874480861851	68.2147714701876
05	1	inverse_cdf	4	78	15.0	4.0	14.0	1.0087385044683934	0.4660113520310025	107.26816897896045
05	1	inverse_cdf	4	78	15.0	216.0	22.0	0.7696245244931343	-20.596486501852233	156.3205986566205
05	1	inverse_cdf	4	79	90.0	336.0	22.0	0.08297762645632459	114.5429963143774	55.961652421135135
05	1	inverse_cdf	4	80	52.5	542.0	22.0	0.31580337205254877	136.68517943490002	75.76881511638578
05	1	inverse_cdf	4	81	150.0	372.0	22.0	0.40468610440152447	34.596416886403645	108.14106767664221
05	1	inverse_cdf	4	81	150.0	522.0	18.0	0.1874120853090995	-142.82491496683852	79.0306862706224
05	1	inverse_cdf	4	82	165.0	8.0	8.0	0.5383874201517248	-41.41579640319578	71.0189282414881
05	1	inverse_cdf	4	82	165.0	252.0	22.0	0.44369828169158615	-38.692975188588875	97.67805307718916
05	1	inverse_cdf	4	82	165.0	624.0	18.0	0.3378441651655742	147.69759956365402	62.93330988260887
05	1	inverse_cdf	4	84	112.5	648.0	32.0	0.7603318223355181	26.401800959667916	117.05336170861841
05	1	inverse_cdf	4	84	112.5	780.0	20.0	0.46791270415626446	-178.1909672155808	95.53235274125844
05	1	inverse_cdf	4	86	135.0	16.0	20.0	0.2699195224381299	149.70409820426627	51.99508845963299
05	1	inverse_cdf	4	86	135.0	652.0	24.0	0.2910266429992599	99.41251084613327	48.19904279227491
05	1	inverse_cdf	4	88	30.0	628.0	18.0	0.04926456443912347	178.0908876523446	61.46095067699864
05	1	inverse_cdf	4	92	172.5	548.0	4.0	0.260131714138183	156.18381118912592	54.23063924722174
05	1	inverse_cdf	5	93	135.0	238.0	8.0	0.5423535953524761	-164.19815862572884	75.16646035281362
05	1	inverse_cdf	5	98	82.5	340.0	6.0	0.2611366296084881	43.720167134872774	40.39454338905283
05	1	inverse_cdf	5	100	150.0	410.0	24.0	0.566147769104797	4.322771730557395	112.16353825348547
05	1	inverse_cdf	5	100	150.0	604.0	4.0	0.17687464800135017	173.07149715723082	41.03556920075079
05	1	inverse_cdf	5	101	60.0	434.0	4.0	0.2584725106235242	107.74435161038234	53.84498315134153
05	1	inverse_cdf	5	101	60.0	758.0	6.0	0.3473627314439034	-16.469032867733876	54.32117026189904
05	1	inverse_cdf	5	102	127.5	98.0	10.0	1.0632562809671213	65.17640594719738	121.5381487717755
05	1	inverse_cdf	5	104	15.0	528.0	6.0	0.42106765612082664	123.87535476319344	65.79617928569435
05	1	inverse_cdf	5	105	142.5	84.0	36.0	1.3179350377669592	-0.6420846966965198	173.5177701524193
05	1	inverse_cdf	5	105	142.5	886.0	20.0	0.38852138315657847	175.39656468388344	78.84619852973627
05	1	inverse_cdf	5	106	22.5	538.0	18.0	0.14899529407867307	139.4640888195765	62.368512577009945
05	1	inverse_cdf	5	110	7.5	218.0	20.0	0.6920626656460365	-25.71227216408722	118.91088856018797
05	1	inverse_cdf	5	110	7.5	650.0	10.0	0.5582527387647328	32.14509332152341	62.11831258390367
05	1	inverse_cdf	5	110	7.5	894.0	20.0	0.38406280242603663	179.7551631668233	113.7182214772865
05	1	inverse_cdf	5	114	112.5	608.0	24.0	0.7756796549720266	157.6126127807983	129.20949926198134
05	1	inverse_cdf	5	114	112.5	848.0	22.0	0.6877838609496758	-37.82715201784572	135.789590207728
05	1	inverse_cdf	5	115	97.5	828.0	30.0	0.22172512237042466	-177.8790850351612	54.2994376077671
05	1	inverse_cdf	6	117	37.5	120.0	36.0	0.7951012463080817	-177.51597883403807	139.86263460409424
05	1	inverse_cdf	6	117	37.5	868.0	22.0	0.6053267059182345	19.806797232226124	140.12813597399204
05	1	inverse_cdf	6	118	172.5	106.0	24.0	0.5595023121589708	151.63624431046247	113.47881345719415
05	1	inverse_cdf	6	118	172.5	324.0	18.0	0.4578636088055182	-15.378829025735303	100.31642949891626
05	1	inverse_cdf	6	119	82.5	294.0	18.0	0.2051557332381141	-20.606612629655825	55.151361365407205
05	1	inverse_cdf	6	120	157.5	454.0	4.0	0.21973532764405324	76.17180597336842	42.305601792790235
05	1	inverse_cdf	6	121	75.0	56.0	26.0	1.196652153674689	154.66537560372424	167.7856267081767
05	1	inverse_cdf	6	121	75.0	318.0	22.0	0.9284474983339331	-15.165688006227672	155.65941491424223
05	1	inverse_cdf	6	122	112.5	56.0	14.0	0.25437638863267403	-14.573133531918346	75.67098835734059
05	1	inverse_cdf	6	122	112.5	980.0	4.0	0.20857037539387274	31.812849199638876	41.66259109974375
05	1	inverse_cdf	6	124	60.0	36.0	36.0	1.0845504464509208	-175.74793561859235	179.92085640101152
05	1	inverse_cdf	6	124	60.0	270.0	24.0	0.8264301613264425	-2.731655651412269	159.75074621716533
05	1	inverse_cdf	6	125	45.0	626.0	24.0	0.5418733450804294	150.02310723531315	83.24063409686487
05	1	inverse_cdf	6	125	45.0	914.0	20.0	0.36527169359092687	-40.988873195184446	74.57025309413497
05	1	inverse_cdf	6	126	120.0	510.0	8.0	0.5009268934310127	142.45291596931588	68.17951448550045
05	1	inverse_cdf	6	127	52.5	114.0	22.0	0.4167485286322347	-175.03055368714314	80.01249220664896
05	1	inverse_cdf	6	128	15.0	342.0	24.0	0.34376851525500907	155.75888016895178	117.66718927628587
05	1	inverse_cdf	6	129	150.0	142.0	6.0	0.2758978256783441	-12.715414972505744	42.38244632819802
05	1	inverse_cdf	6	129	150.0	342.0	20.0	0.35858099386477793	171.31244394292773	65.93121129242883
05	1	inverse_cdf	6	131	105.0	390.0	22.0	0.21645297868509453	148.96277349580023	89.91040628827963
05	1	inverse_cdf	6	133	127.5	416.0	6.0	0.2107207371649491	-4.4645966442872	33.60702034192793
05	1	inverse_cdf	6	136	142.5	12.0	40.0	1.5445581822581178	-9.233243604406217	224.88480710108468
05	1	inverse_cdf	6	136	142.5	628.0	22.0	0.46966099207854656	177.99738409519745	62.51576839890498
05	1	inverse_cdf	6	137	30.0	644.0	24.0	0.40019398135267414	-19.401336618486894	99.73479128895326
05	1	inverse_cdf	6	137	30.0	820.0	32.0	0.6084373449357251	173.0281909090413	88.97167753175195
05	1	inverse_cdf	6	138	97.5	16.0	22.0	0.15214200104796394	47.18663005178519	53.16544916654869
05	1	inverse_cdf	6	138	97.5	774.0	28.0	1.1608234075819157	-165.25599488059385	162.08172870551397
05	1	inverse_cdf	6	138	97.5	960.0	24.0	0.49329202585709475	12.879991658319163	89.00532691033894
05	1	inverse_cdf	7	140	172.5	316.0	4.0	0.2822990143298404	-156.723442382178	57.22070489168587
05	1	inverse_cdf	7	141	60.0	10.0	6.0	0.4133334601617338	-25.139898820748584	69.5599782169719
05	1	inverse_cdf	7	141	60.0	156.0	10.0	0.5547097375570519	-12.472077356769114	60.42327868054533
05	1	inverse_cdf	7	143	105.0	80.0	18.0	0.29370824168955945	46.586744143097675	74.26220932421906
05	1	inverse_cdf	7	143	105.0	284.0	10.0	0.5534163968531333	-153.58779339512122	69.575650566063
05	1	inverse_cdf	7	145	142.5	452.0	14.0	0.2119198267820479	106.18817845160414	49.629055223445576
05	1	inverse_cdf	7	146	150.0	34.0	8.0	0.5400637042889403	178.25877533318015	69.098157692731
05	1	inverse_cdf	7	149	45.0	364.0	18.0	0.292593735593538	100.99410236419031	66.44340437320568
05	1	inverse_cdf	7	150	112.5	610.0	18.0	0.08884945424679604	94.23732020214274	55.42379495390824
05	1	inverse_cdf	7	151	22.5	526.0	12.0	0.2736595707476393	98.27469256906821	49.55592703882609
05	1	inverse_cdf	7	151	22.5	768.0	18.0	0.292142647443597	-149.2531743031809	71.28268982891393
05	1	inverse_cdf	7	152	75.0	828.0	22.0	0.0737580275135456	69.14674540434692	57.9264137605709
05	1	inverse_cdf	7	153	7.5	30.0	20.0	0.41426853663738117	-149.27764449984954	85.11737403066871
05	1	inverse_cdf	7	153	7.5	810.0	24.0	0.46430931247611057	-9.562955043690872	148.9333612173728
05	1	inverse_cdf	7	153	7.5	970.0	22.0	0.5294938831667947	-164.54038008475453	121.16999957468076
05	1	inverse_cdf	7	154	165.0	68.0	10.0	0.5457303838969577	7.082986280989381	63.88053732532678
05	1	inverse_cdf	7	154	165.0	280.0	6.0	0.3816764389561141	-163.51208578505975	59.20914718644881
05	1	inverse_cdf	7	155	82.5	118.0	32.0	0.24672103428637904	-56.946330425824236	67.7164302042366
05	1	inverse_cdf	7	155	82.5	332.0	22.0	0.3982486221278394	146.76487896609908	66.90547264333487
05	1	inverse_cdf	7	155	82.5	894.0	14.0	0.19730042048869922	-135.67178780815365	52.359758850214874
05	1	inverse_cdf	7	156	97.5	90.0	40.0	1.3994871571417866	173.87367585286202	179.69321992002105
05	1	inverse_cdf	7	156	97.5	292.0	8.0	0.6812042418181522	-1.2425239021094663	91.22318498288129
05	1	inverse_cdf	7	156	97.5	630.0	4.0	0.2182174963298247	-173.08828625420634	46.637709925854324
05	1	inverse_cdf	7	158	120.0	546.0	20.0	0.26987227277047726	72.66265941427403	56.20127584636533
05	1	inverse_cdf	7	158	120.0	862.0	6.0	0.3638142718412018	-161.32264607673372	55.81751546398014
05	1	inverse_cdf	7	159	127.5	332.0	24.0	0.23659825755242403	66.27628606848927	61.111535882763256
05	1	inverse_cdf	7	159	127.5	612.0	30.0	0.37763044971086734	172.25772833284233	92.80613277697414
05	1	inverse_cdf	7	160	135.0	448.0	22.0	0.16042290036936338	-166.39224789603747	67.14737609592974
05	1	inverse_cdf	7	160	135.0	886.0	18.0	0.4385418034970204	18.773441204965835	76.08870213493536
05	1	inverse_cdf	7	161	37.5	72.0	8.0	0.520305453648068	90.5421672724548	68.79998059085834
05	1	inverse_cdf	8	162	7.5	318.0	40.0	2.567983367352623	11.127888375315402	249.96992006768562
05	1	inverse_cdf	8	163	172.5	324.0	22.0	0.1993985293587292	32.90479655609624	72.48641580701833
05	1	inverse_cdf	8	163	172.5	828.0	20.0	0.21853503309241035	157.47864333607623	97.64297625814869
05	1	inverse_cdf	8	164	112.5	682.0	18.0	0.15667887924100127	135.42403048864358	49.308514408759486
05	1	inverse_cdf	8	165	75.0	352.0	38.0	0.5443995387448856	24.01655190291852	106.97440524090202
05	1	inverse_cdf	8	165	75.0	516.0	20.0	0.5123396968011144	-130.3215150177552	68.01728995301983
05	1	inverse_cdf	8	169	37.5	64.0	26.0	0.6047366891071574	39.8281700920644	147.53947477247763
05	1	inverse_cdf	8	169	37.5	310.0	24.0	0.5566936848396881	-168.08998452119695	147.69788142145342
05	1	inverse_cdf	8	169	37.5	772.0	6.0	0.3090205479059567	3.349303461940946	50.05701231183016
05	1	inverse_cdf	8	170	90.0	846.0	10.0	1.2424610346460476	91.21106475667814	147.67653546804212
05	1	inverse_cdf	8	171	165.0	362.0	20.0	0.41236882004531455	2.9656859189756304	109.11943592919513
05	1	inverse_cdf	8	171	165.0	560.0	10.0	0.6881038977123255	-172.7378324069237	71.58268054761385
05	1	inverse_cdf	8	172	135.0	230.0	22.0	0.3435104414901015	-169.8178313390623	54.663078785656595
05	1	inverse_cdf	8	173	22.5	170.0	8.0	0.3393249914280005	-172.4959808951371	47.09726151281268
05	1	inverse_cdf	8	174	60.0	304.0	42.0	1.6769542518881753	109.73313703778568	199.0081458070157
05	1	inverse_cdf	8	175	127.5	588.0	40.0	0.43799896053489135	171.59732367289678	75.16973918930745
05	1	inverse_cdf	8	179	142.5	100.0	22.0	0.8455972460633788	11.986505971270569	136.8011805240508
05	1	inverse_cdf	8	179	142.5	818.0	46.0	0.46195623098045124	-130.8201489225772	107.24789654293143
05	1	inverse_cdf	8	179	142.5	978.0	12.0	0.8601846654046433	51.12163915151252	84.19253031118849
05	1	inverse_cdf	8	180	52.5	344.0	20.0	0.384950819601529	83.38978914165354	74.44624140242149
05	1	inverse_cdf	8	183	45.0	338.0	18.0	0.28342759732499273	31.022880040566143	63.53417697460528
05	1	inverse_cdf	8	184	120.0	570.0	24.0	0.27744404915044785	-153.2834325916219	70.06649623043135
05	1	inverse_cdf	8	184	120.0	818.0	20.0	0.4207313690749655	14.687978314026084	78.87724113749132
05	2	cdf	1	1	127.5	4.0	8.0	0.30532067269015617	-20.779554260944092	64.0225400300819
05	2	cdf	1	1	127.5	460.0	6.0	0.5043217348861592	-147.08083410106815	70.34404314835498
05	2	cdf	1	1	127.5	838.0	16.0	0.44254172976661743	-60.20735395998089	72.83979196160935
05	2	cdf	1	3	60.0	202.0	36.0	1.3688444281207661	-2.8865907747265624	198.70290369567414
05	2	cdf	1	4	7.5	60.0	18.0	0.6004493907864576	147.04800180182804	142.0089277023918
05	2	cdf	1	4	7.5	300.0	20.0	0.5285306298974751	49.53548865757379	159.18852496736835
05	2	cdf	1	4	7.5	520.0	6.0	0.5355975121977814	172.95997434071424	80.80865319366947
05	2	cdf	1	4	7.5	980.0	14.0	1.8393562245875195	135.54355579091953	174.15051866997743
05	2	cdf	1	5	142.5	62.0	6.0	0.4246862085497116	165.90881060769746	69.12111018964814
05	2	cdf	1	5	142.5	366.0	4.0	0.2418754289645061	-19.420207272852227	55.349271536882036
05	2	cdf	1	5	142.5	828.0	20.0	0.41431059431274164	135.47928162006343	98.96051257185442
05	2	cdf	1	6	67.5	370.0	18.0	0.20910633343511348	171.42340925088178	98.66024662128012
05	2	cdf	1	7	22.5	544.0	30.0	0.6412140309232707	158.68701429772025	173.1273816689243
05	2	cdf	1	7	22.5	766.0	36.0	1.011103881916618	1.2091301471066596	135.52509595427983
05	2	cdf	1	9	52.5	536.0	4.0	0.20807706989938837	-17.44182016393799	48.92910289158685
05	2	cdf	1	9	52.5	966.0	22.0	0.754031932050631	29.038356258169905	119.6002353381015
05	2	cdf	1	10	165.0	378.0	60.0	0.9206130330837032	-158.78280961554478	221.8512810810408
05	2	cdf	1	10	165.0	574.0	22.0	0.5761597109093354	12.336171391170742	108.51504207594394
05	2	cdf	1	11	105.0	116.0	22.0	0.7821945653625498	-45.51103802846555	150.93190027839293
05	2	cdf	1	13	37.5	746.0	20.0	0.5392823547112942	72.28785890663808	126.442756781393
05	2	cdf	1	14	120.0	40.0	36.0	1.0615069425298913	11.595440276107205	160.99250189242238
05	2	cdf	1	14	120.0	252.0	20.0	0.5655555153318157	-137.68037468996616	163.2363291530753
05	2	cdf	1	14	120.0	666.0	6.0	0.6030294284638379	128.1406377841675	100.90031387567491
05	2	cdf	1	14	120.0	960.0	26.0	1.3315151589166432	30.021407808792297	233.08065829491213
05	2	cdf	1	15	135.0	906.0	38.0	1.1522163883169712	-179.34708522636677	152.48172285481772
05	2	cdf	1	16	90.0	4.0	22.0	0.7096320435493574	-63.19564027780145	177.1895171078844
05	2	cdf	1	16	90.0	222.0	4.0	0.2106638005038751	-151.62615803515033	45.36864903491912
05	2	cdf	1	19	157.5	238.0	4.0	0.37009418020680257	51.30767160364859	80.16336128596126
05	2	cdf	1	19	157.5	520.0	4.0	0.26858996493306986	-141.4431142192289	60.28431235735196
05	2	cdf	1	19	157.5	962.0	22.0	0.1806384648685745	-72.55968529758258	140.5459294681263
05	2	cdf	1	21	82.5	158.0	36.0	1.3835872430646834	34.3776482901211	182.49943016984966
05	2	cdf	1	21	82.5	294.0	36.0	0.8399707108990431	-161.66443152369024	118.30051141142208
05	2	cdf	1	21	82.5	684.0	38.0	0.8454191371572641	165.61141352247697	119.126772668598
05	2	cdf	1	21	82.5	930.0	32.0	0.6199834621621267	10.062434608345278	119.52624103749284
05	2	cdf	1	23	75.0	332.0	4.0	0.2758140112959582	30.38383158966385	61.000810799779956
05	2	cdf	2	25	15.0	840.0	18.0	0.5709776712732271	-168.56000033771966	113.03415478791887
05	2	cdf	2	27	52.5	140.0	36.0	1.04662122064682	174.6914025993761	198.3811327528134
05	2	cdf	2	27	52.5	290.0	36.0	1.2517561009535942	-14.037366531573708	205.01459311937262
05	2	cdf	2	27	52.5	866.0	20.0	0.2511682802629402	128.35994176995004	94.88780636933397
05	2	cdf	2	28	7.5	892.0	18.0	0.6160392574738826	54.87698818745488	87.42272228145914
05	2	cdf	2	31	157.5	94.0	18.0	0.2925765400787622	-7.0886922319990555	94.7877560071962
05	2	cdf	2	31	157.5	384.0	20.0	0.3394021752121757	163.13471294339323	77.92233524852993
05	2	cdf	2	32	45.0	146.0	46.0	5.296530168695091	-24.96330126478902	468.3963952017167
05	2	cdf	2	32	45.0	524.0	4.0	0.2754042885458147	-171.43215113398543	57.928071344799214
05	2	cdf	2	33	90.0	256.0	8.0	0.7378161348613154	-175.02349962918288	97.14859965801176
05	2	cdf	2	35	165.0	920.0	28.0	0.534286721416151	37.01860456735306	136.29530189704292
05	2	cdf	2	38	60.0	438.0	32.0	1.0238309130906302	48.32989302891428	139.63510862132188
05	2	cdf	2	38	60.0	590.0	22.0	0.46298237954070504	-152.33129005010534	105.89518310715178
05	2	cdf	2	39	37.5	46.0	4.0	0.18150311603480548	12.53224570093296	41.96048427802101
05	2	cdf	2	39	37.5	842.0	20.0	0.7006236451417187	8.892272606143663	111.30270178493603
05	2	cdf	2	40	22.5	904.0	6.0	0.5398321330187179	173.5411990254121	82.32366549793245
05	2	cdf	2	41	120.0	28.0	4.0	0.45647354128095574	51.28186640322453	94.46740725890515
05	2	cdf	2	41	120.0	756.0	24.0	0.3858516646765122	167.9697857696284	138.08626769698157
05	2	cdf	2	42	30.0	102.0	6.0	0.5418927804087856	45.86634764255391	81.07434061531639
05	2	cdf	2	43	75.0	150.0	6.0	0.5337703114168431	46.0059185668164	82.5949055798908
05	2	cdf	2	43	75.0	356.0	4.0	0.41555622734527725	-124.37314976371088	77.67439853282136
05	2	cdf	2	46	105.0	6.0	6.0	0.311801350490498	178.49208718663795	49.60743318589762
05	2	cdf	2	46	105.0	380.0	6.0	0.3959875749021463	145.12364250478174	66.17437499937442
05	2	cdf	3	47	37.5	752.0	20.0	0.31958679369755355	-119.1858711575834	88.93723637760789
05	2	cdf	3	47	37.5	906.0	20.0	0.33536906548393897	27.704263014642894	96.12134458093496
05	2	cdf	3	48	120.0	778.0	38.0	1.334716048178673	-170.87263613397442	155.66227247477806
05	2	cdf	3	50	157.5	244.0	16.0	0.3701272463707158	135.16874458587674	101.08972360961556
05	2	cdf	3	50	157.5	926.0	28.0	0.38924980259477177	35.577546395192535	120.68103612740013
05	2	cdf	3	51	60.0	160.0	20.0	0.2624956372292553	8.992813472496438	88.08621101384705
05	2	cdf	3	51	60.0	636.0	4.0	0.33885096031660017	134.60084279065956	75.14037218492065
05	2	cdf	3	52	90.0	610.0	36.0	0.9896978251635724	160.93261976016055	140.57381362616485
05	2	cdf	3	52	90.0	792.0	36.0	1.253930543569912	-8.428648477103783	220.77543120664467
05	2	cdf	3	54	105.0	562.0	4.0	0.25586107330870267	173.73974971835537	55.633209546174875
05	2	cdf	3	55	75.0	248.0	6.0	0.7140736647492844	-1.5805149812148034	108.44004535354563
05	2	cdf	3	59	150.0	340.0	18.0	0.3889072875799607	-148.4475607546594	85.93561411786429
05	2	cdf	3	59	150.0	564.0	18.0	0.33103105249634	5.119695906686195	138.48601072350976
05	2	cdf	3	60	82.5	10.0	26.0	0.09907184183233841	-76.8158361183652	204.48785759003144
05	2	cdf	3	60	82.5	206.0	48.0	7.215482851067182	-17.18189364102879	692.4401094551962
05	2	cdf	3	60	82.5	374.0	20.0	1.0564362628458344	-70.29844095076346	186.15940869818797
05	2	cdf	3	63	97.5	544.0	24.0	0.40737646233690206	-162.65442641698436	86.53895054018074
05	2	cdf	3	63	97.5	756.0	22.0	0.42751069912074957	35.16086824074731	104.07830728542022
05	2	cdf	3	64	127.5	70.0	22.0	0.6276569709239811	4.950382115283004	154.37312089124964
05	2	cdf	3	65	7.5	552.0	10.0	1.1079738698252954	28.102799911250603	130.49648861152804
05	2	cdf	3	65	7.5	770.0	18.0	0.41408348539691303	-142.38196466215948	114.09685826881
05	2	cdf	3	67	22.5	32.0	20.0	0.4415322770477306	48.02355069460257	123.57724717572424
05	2	cdf	3	68	172.5	296.0	6.0	0.3958066859379091	-2.3765089764740717	63.097289158138246
05	2	cdf	4	70	105.0	384.0	6.0	0.20838108947669662	-179.09747130811184	34.861847531752026
05	2	cdf	4	72	30.0	218.0	4.0	0.3556895926599052	-172.57649015003443	78.63501972586381
05	2	cdf	4	73	67.5	548.0	18.0	0.3533341989395646	48.405114939846015	102.67087863722695
05	2	cdf	4	73	67.5	778.0	20.0	0.1547203164707704	-145.78999267174333	96.06982518137136
05	2	cdf	4	75	37.5	92.0	38.0	4.00965305650302	-4.954717330291808	404.9868179739395
05	2	cdf	4	75	37.5	282.0	44.0	5.171438012503789	172.06469139631864	479.5171984480616
05	2	cdf	4	76	157.5	602.0	4.0	0.23966846567718345	-178.03793173418765	53.9826043417906
05	2	cdf	4	76	157.5	818.0	40.0	2.336402128154449	-177.1814710624772	288.80788907897045
05	2	cdf	4	78	45.0	348.0	8.0	0.6208946720066509	35.00053139137747	81.43822390197666
05	2	cdf	4	79	165.0	398.0	10.0	0.7665446887626919	171.50432853854878	80.60819143495713
05	2	cdf	4	79	165.0	586.0	18.0	0.7163307202526926	-25.51480275408681	143.4597950096308
05	2	cdf	4	80	22.5	612.0	42.0	1.7747709256670299	172.4011949209407	240.74690953826192
05	2	cdf	4	80	22.5	728.0	38.0	2.4236051429204095	9.982086465912753	345.2193878697787
05	2	cdf	4	80	22.5	870.0	32.0	0.846231545071705	162.50575922201608	174.70954187205578
05	2	cdf	4	82	52.5	90.0	20.0	0.38820450096571935	171.49110776332546	118.8376887410398
05	2	cdf	4	83	75.0	138.0	8.0	0.6395026800931982	9.006541261446118	83.94739893792834
05	2	cdf	4	83	75.0	874.0	4.0	0.3508048510731594	116.67762180570824	72.30254637379785
05	2	cdf	4	87	60.0	150.0	24.0	1.7734269982074853	168.25439955603275	202.49148811925747
05	2	cdf	4	87	60.0	304.0	26.0	1.3769818253897952	-14.845385081212955	205.46905473396959
05	2	cdf	4	89	120.0	28.0	34.0	1.1094007608678058	147.61991409264826	166.97120210262725
05	2	cdf	4	89	120.0	258.0	18.0	0.49477077037322337	-32.95700205366945	138.3422840691341
05	2	cdf	4	89	120.0	776.0	24.0	0.5581784495342653	136.29728650220858	144.35716363242042
05	2	cdf	4	89	120.0	978.0	14.0	2.081332575937651	-3.479651687386016	196.72395377499475
05	2	cdf	4	91	127.5	884.0	36.0	4.481277094908423	176.7456115273727	344.16647783020613
05	2	cdf	4	92	90.0	280.0	8.0	0.7787160038360922	-3.141310380913585	104.29439830003244
05	2	cdf	4	92	90.0	548.0	6.0	0.3805130909945118	174.8032508308611	59.24344351082968
05	2	cdf	4	92	90.0	930.0	16.0	0.3613387364963997	50.547342270852866	120.84291791769436
05	2	cdf	5	93	90.0	102.0	12.0	1.194606744300458	7.182213956959381	122.08664307941272
05	2	cdf	5	93	90.0	242.0	8.0	0.7153912008019224	-164.2929242171662	94.192829373081
05	2	cdf	5	93	90.0	942.0	24.0	1.3041145014908824	154.1095444522319	152.15933650760718
05	2	cdf	5	95	157.5	82.0	18.0	0.47320931867274435	19.44869252110848	105.11720848688813
05	2	cdf	5	95	157.5	712.0	8.0	0.952141643104934	104.77455349435125	133.4409351822494
05	2	cdf	5	96	165.0	672.0	4.0	0.2521502972069249	19.38799634683688	55.833872745961735
05	2	cdf	5	97	105.0	320.0	22.0	0.28790099527231305	99.51306013130755	112.84739362764552
05	2	cdf	5	97	105.0	556.0	6.0	0.36083383472057484	-20.501683480932975	60.381326988892454
05	2	cdf	5	101	22.5	68.0	22.0	0.6514518568027982	-20.03660164281431	157.20107886604546
05	2	cdf	5	101	22.5	322.0	20.0	0.2671213323838369	146.00703968680384	66.57472411835889
05	2	cdf	5	102	60.0	50.0	6.0	0.6180742283148396	37.45126160464203	100.98401975809486
05	2	cdf	5	102	60.0	914.0	36.0	1.4812624413299784	174.91463490508843	246.37056394727713
05	2	cdf	5	103	127.5	860.0	20.0	0.6575093029583688	-27.663545935007264	143.25159593338176
05	2	cdf	5	104	45.0	358.0	4.0	0.35379003818630633	115.8428717738213	72.57286245275588
05	2	cdf	5	105	135.0	88.0	20.0	0.24144374137864907	-3.117372158841642	102.2769165885232
05	2	cdf	5	105	135.0	314.0	18.0	0.22171919379307353	132.87407534918475	76.2211706258959
05	2	cdf	5	108	67.5	80.0	42.0	2.644576124808499	-129.639432828843	208.1202758887862
05	2	cdf	5	108	67.5	254.0	26.0	2.1092170009736204	47.93679976924427	211.21352609039235
05	2	cdf	5	108	67.5	884.0	6.0	0.4909308796668507	5.371291814157756	77.28060664505297
05	2	cdf	5	111	97.5	834.0	40.0	1.8780204243967775	-175.58922131479818	232.08022486025519
05	2	cdf	5	113	142.5	426.0	4.0	0.19721144638513496	-19.95103918142531	51.10235435544825
05	2	cdf	5	113	142.5	560.0	18.0	0.3315328092201601	164.788575458297	85.43694076050663
05	2	cdf	5	113	142.5	848.0	22.0	0.41564456596960986	-22.52145643549209	130.37681355287518
05	2	cdf	6	116	67.5	550.0	26.0	0.21133215851753112	76.07369939401157	78.58685587204751
05	2	cdf	6	117	142.5	340.0	16.0	0.2967485191154875	10.193916553482078	95.92392022817683
05	2	cdf	6	117	142.5	902.0	20.0	0.3664883043229189	128.81339422727834	123.32040767851727
05	2	cdf	6	119	75.0	526.0	4.0	0.3594741436523493	-178.43020130739217	77.00798878585942
05	2	cdf	6	119	75.0	940.0	34.0	0.6306953410915288	-33.12640521114545	141.3295124897464
05	2	cdf	6	121	157.5	378.0	40.0	1.9811715351088288	176.53288092526125	230.2095843707482
05	2	cdf	6	121	157.5	618.0	34.0	1.3025643491179195	6.220986684774807	239.77232312991333
05	2	cdf	6	122	97.5	4.0	26.0	0.16869106612879858	97.26550716951417	181.07810312548733
05	2	cdf	6	122	97.5	174.0	22.0	0.7189813215280882	-1.4387394455746072	142.6224651267626
05	2	cdf	6	123	127.5	860.0	54.0	2.075024702051609	175.7817773856272	238.5578112117945
05	2	cdf	6	124	150.0	534.0	42.0	0.8183478261365087	-169.95141298792086	192.77096417566472
05	2	cdf	6	124	150.0	756.0	22.0	0.3300455658431606	-21.591457432746015	78.50130617159985
05	2	cdf	6	125	112.5	826.0	20.0	0.4349493495645559	165.80415980554753	101.18811256787697
05	2	cdf	6	126	7.5	8.0	40.0	3.094924537699884	43.1461847628431	318.01698691777534
05	2	cdf	6	126	7.5	860.0	36.0	1.6993101752104651	-155.33935623815418	276.71202389617935
05	2	cdf	6	127	22.5	924.0	24.0	1.3413502639396702	134.5119765434025	147.44890969413942
05	2	cdf	6	128	30.0	52.0	8.0	0.5889884192558424	31.204084717708298	79.56951678898486
05	2	cdf	6	128	30.0	410.0	4.0	0.2923922828475784	-46.35839945921866	56.187579540044865
05	2	cdf	6	128	30.0	742.0	14.0	1.1393501974575524	170.63492247619504	97.10609934940155
05	2	cdf	6	128	30.0	930.0	22.0	1.096455725738393	-37.08905400932794	133.3834775212971
05	2	cdf	6	129	165.0	928.0	26.0	0.9871800360185462	148.87906339901733	189.23326171003356
05	2	cdf	6	131	90.0	12.0	6.0	0.47509450760491106	176.4357742872438	76.55280465523518
05	2	cdf	6	131	90.0	762.0	14.0	1.5262936346742546	179.56883621058742	129.10592186946997
05	2	cdf	6	131	90.0	890.0	12.0	1.2431199159163155	5.528812267977181	118.58006934564033
05	2	cdf	6	132	120.0	36.0	22.0	0.3531912939797418	-149.26019022759567	107.70773462101977
05	2	cdf	6	132	120.0	220.0	6.0	0.43778925684148556	14.769143551970132	74.49735680860545
05	2	cdf	6	133	135.0	440.0	28.0	8.265326026489424	30.830908424922804	464.6009129972482
05	2	cdf	6	133	135.0	630.0	64.0	11.061080960845565	-149.99332743563494	640.4322508669791
05	2	cdf	6	133	135.0	806.0	36.0	1.5839224834295786	12.56812909006903	253.1312360086504
05	2	cdf	6	134	52.5	4.0	14.0	2.757523300493391	-65.11122148497562	921.0981819758151
05	2	cdf	6	134	52.5	110.0	40.0	2.023493354713944	24.383725601819947	220.79921963247168
05	2	cdf	6	134	52.5	304.0	4.0	0.2312266195873491	28.38758483722819	60.49342719044144
05	2	cdf	6	134	52.5	560.0	8.0	0.640676181466752	-177.06391682483175	85.52306516997493
05	2	cdf	6	135	82.5	774.0	42.0	2.816924158285752	174.25033152586747	300.9697353251788
05	2	cdf	6	136	60.0	372.0	6.0	0.6409456137877809	151.72754188571713	99.52520834904948
05	2	cdf	6	137	105.0	30.0	34.0	0.7099852446537618	-173.49650595649643	123.10863127794902
05	2	cdf	6	137	105.0	428.0	6.0	0.44957795500967784	13.941221319073497	76.73747835616189
05	2	cdf	6	137	105.0	984.0	4.0	0.3118099870447167	169.69323066925244	70.04664618666484
05	2	cdf	6	138	37.5	646.0	32.0	0.3341950009392687	16.839696692940116	109.7393214764532
05	2	cdf	6	138	37.5	860.0	4.0	0.510028201820258	-139.94505037994153	101.08770343958119
05	2	cdf	7	139	45.0	10.0	4.0	0.3911120948698597	136.1785296724025	84.54203857781621
05	2	cdf	7	139	45.0	814.0	4.0	0.24870588253752168	159.53569392881153	73.11791653033387
05	2	cdf	7	141	172.5	180.0	22.0	0.4964571749422476	77.20691599486373	125.00392035883857
05	2	cdf	7	141	172.5	924.0	34.0	1.5556900680008119	-170.8947428478545	237.91902756632507
05	2	cdf	7	143	142.5	132.0	20.0	0.3054775984388227	-142.63993813053105	103.39901749464822
05	2	cdf	7	146	52.5	374.0	4.0	0.428734955543915	105.3121015195648	92.07485486910139
05	2	cdf	7	151	112.5	150.0	4.0	0.39267565398802134	-120.09560442409784	84.86001970899204
05	2	cdf	7	151	112.5	718.0	34.0	0.9541161471414783	139.1864506272175	158.25202849845985
05	2	cdf	7	153	15.0	110.0	8.0	0.5624638925827133	36.10873883751764	73.18747781971574
05	2	cdf	7	154	67.5	114.0	26.0	1.0748926181175955	-10.022886391387132	203.81900862359444
05	2	cdf	7	154	67.5	920.0	24.0	1.3986132055139775	151.78401579847923	194.46203844538877
05	2	cdf	7	155	150.0	334.0	18.0	0.25232664270104044	20.562829739031205	78.25513822847516
05	2	cdf	7	156	90.0	816.0	24.0	0.7519021506574952	166.7512352733397	125.74023516935155
05	2	cdf	7	157	22.5	660.0	40.0	1.9551771238904108	-153.36836219584927	269.98612462582275
05	2	cdf	7	157	22.5	834.0	26.0	1.0622982504237892	-5.763725599879076	202.6636361442284
05	2	cdf	7	158	7.5	96.0	18.0	0.5506018805173429	23.9153003334581	131.7404478538603
05	2	cdf	7	158	7.5	374.0	8.0	0.5545160473030796	-160.10277696809885	73.44029705798594
05	2	cdf	7	158	7.5	918.0	42.0	2.4001434297928426	141.20401923556037	273.66905570727744
05	2	cdf	7	159	157.5	142.0	10.0	0.7357241339521684	171.14839435086972	79.39882461656818
05	2	cdf	7	159	157.5	844.0	36.0	1.0774792415990468	23.801201542761177	174.88782861881995
05	2	cdf	7	161	97.5	346.0	4.0	0.2592773643446994	-178.5490895171109	61.21756497634515
05	2	cdf	8	162	15.0	420.0	6.0	0.6078960012257784	-126.43732336878526	94.72099197908494
05	2	cdf	8	163	127.5	4.0	34.0	1.3523147679419378	16.783568519800085	345.1505008889064
05	2	cdf	8	163	127.5	130.0	36.0	1.3897430354309204	166.75711864743283	230.57895020734435
05	2	cdf	8	164	97.5	360.0	18.0	0.09354521215193085	-91.00498037767495	74.71426753568952
05	2	cdf	8	164	97.5	902.0	34.0	1.0495321326678952	170.09798246048527	188.49759152696092
05	2	cdf	8	167	60.0	824.0	20.0	0.3685779526211665	-149.19934376552894	85.1992299594119
05	2	cdf	8	170	112.5	642.0	38.0	1.4770837224434354	-179.2362081461702	204.9730883035856
05	2	cdf	8	170	112.5	822.0	34.0	1.193727610616247	11.013568052914655	170.10288278886304
05	2	cdf	8	173	142.5	544.0	18.0	0.39653689471115217	142.22510058213555	94.06456745289152
05	2	cdf	8	173	142.5	774.0	18.0	0.046646360263421234	50.719320468435555	65.23042935555715
05	2	cdf	8	177	45.0	558.0	22.0	0.6480634615954106	154.65942822015234	105.7469039613305
05	2	cdf	8	178	75.0	628.0	8.0	0.47451394689662774	178.01814651711717	69.51984538099586
05	2	cdf	8	178	75.0	974.0	20.0	0.5265398752119971	13.518879142571718	106.45578279000418
05	2	cdf	8	182	120.0	724.0	38.0	1.5258719712592619	174.8162137517823	166.6164711893959
05	2	cdf	8	182	120.0	924.0	36.0	1.3580039415621166	16.354218476960416	194.0557202552758
06	2	inverse_cdf	1	4	7.5	618.0	16.0	2.079020784748443	33.00173341114528	164.28196280737163
06	2	inverse_cdf	1	5	60.0	520.0	16.0	1.7740676452530677	62.028999016792724	137.17306734172527
06	2	inverse_cdf	1	5	60.0	680.0	4.0	0.1987919162593326	-19.764494929403334	41.458717786577346
06	2	inverse_cdf	1	6	120.0	560.0	12.0	1.4863048389696665	40.57137647330176	150.66754267186712
06	2	inverse_cdf	1	6	120.0	812.0	12.0	1.3604809879062951	44.487056062593204	118.08748131878731
06	2	inverse_cdf	1	7	135.0	556.0	16.0	1.7709140149515932	5.690767266968751	162.63042467767062
06	2	inverse_cdf	1	7	135.0	810.0	14.0	1.2929035801813349	166.41785200667255	127.43717930929563
06	2	inverse_cdf	1	8	52.5	582.0	28.0	1.1247703431342277	29.072283178943355	93.57914202085496
06	2	inverse_cdf	1	9	37.5	4.0	78.0	0.4616783913080914	-63.61688397776004	389.3632674013198
06	2	inverse_cdf	1	9	37.5	812.0	12.0	1.031944894429763	47.96542114212943	104.31145358309308
06	2	inverse_cdf	1	10	157.5	884.0	12.0	0.9313428835427479	52.302195219514374	91.50541655712561
06	2	inverse_cdf	1	11	90.0	4.0	66.0	2.098740857149198	-92.15124849619892	442.1865705519532
06	2	inverse_cdf	1	11	90.0	262.0	6.0	0.2935156864073467	159.03428524639213	55.782413658062424
06	2	inverse_cdf	1	11	90.0	588.0	8.0	0.7126007074325199	45.55875830474871	93.81160753413995
06	2	inverse_cdf	1	12	165.0	624.0	4.0	0.19350644861143892	12.73889912360659	44.63968362744632
06	2	inverse_cdf	1	13	105.0	598.0	16.0	1.6472068729533618	25.491282791302083	149.70415003575667
06	2	inverse_cdf	1	14	112.5	546.0	4.0	0.21860228814127958	-12.57562277088621	46.411719933748806
06	2	inverse_cdf	1	14	112.5	976.0	16.0	2.401839478948806	6.040425591561072	205.09965675120569
06	2	inverse_cdf	1	15	150.0	4.0	20.0	1.396284331050959	77.9236217462588	193.20416854185243
06	2	inverse_cdf	1	15	150.0	80.0	4.0	0.925217049392111	81.73937419737807	191.79745529816338
06	2	inverse_cdf	1	15	150.0	144.0	40.0	0.9012439509954692	141.371848290778	230.92370436191248
06	2	inverse_cdf	1	15	150.0	216.0	52.0	2.649010392966554	-94.26387612359845	404.22253843855793
06	2	inverse_cdf	1	16	22.5	686.0	10.0	0.6754310666300978	44.80171576901397	82.21922917669163
06	2	inverse_cdf	1	17	45.0	140.0	14.0	1.3756384904621852	73.57556142334013	134.53424332623104
06	2	inverse_cdf	1	17	45.0	360.0	10.0	0.9310108721811605	-127.84049171488041	112.16811554131014
06	2	inverse_cdf	1	17	45.0	588.0	12.0	1.3712184710048227	115.36487795058565	134.58184244433517
06	2	inverse_cdf	1	18	30.0	630.0	4.0	0.24473170024002092	92.30604489712617	56.901926943574196
06	2	inverse_cdf	1	20	82.5	152.0	10.0	0.5849469378564767	153.87813547861464	67.5986884100236
06	2	inverse_cdf	1	20	82.5	866.0	12.0	0.9581313514379414	9.961660805723945	107.41801775048171
06	2	inverse_cdf	1	21	172.5	558.0	6.0	0.3953253291347111	-172.84610730338295	58.21147716539653
06	2	inverse_cdf	1	21	172.5	826.0	8.0	0.5505572598408022	30.844616517437593	73.39980165553713
06	2	inverse_cdf	1	23	67.5	326.0	4.0	0.19882972069705143	-177.16179507506425	44.32959407993445
06	2	inverse_cdf	1	23	67.5	748.0	14.0	1.509689457325601	29.07060805921295	160.13367513774608
06	2	inverse_cdf	2	28	7.5	666.0	6.0	0.4194088925845631	65.73873588747507	71.38763787659163
06	2	inverse_cdf	2	30	172.5	556.0	16.0	1.6017559545049762	43.83975565252329	140.05624282598768
06	2	inverse_cdf	2	31	120.0	718.0	14.0	1.074613439686795	27.26993168505798	99.27521618406037
06	2	inverse_cdf	2	33	52.5	36.0	52.0	0.7404566858185871	-95.59690532604044	269.6749177910973
06	2	inverse_cdf	2	33	52.5	662.0	8.0	0.7633113405388322	42.29708745194129	102.36625888129144
06	2	inverse_cdf	2	34	135.0	14.0	24.0	1.4591619871528607	-99.84430273500244	471.4459273053812
06	2	inverse_cdf	2	34	135.0	628.0	4.0	0.31850798200572333	131.65749801530663	70.24652560894995
06	2	inverse_cdf	2	38	30.0	642.0	16.0	1.6858224132912154	27.167710967438605	147.94455366229076
06	2	inverse_cdf	2	40	82.5	594.0	16.0	1.5337081260527068	19.3080917082976	141.5879836654229
06	2	inverse_cdf	2	42	15.0	802.0	12.0	1.0096240060851784	33.99960914470043	99.77101844427845
06	2	inverse_cdf	2	44	127.5	658.0	4.0	0.5060404910908901	71.27218735734003	105.64550667807269
06	2	inverse_cdf	2	45	165.0	74.0	6.0	0.51620261743012	38.54582539809861	89.98235637234885
06	2	inverse_cdf	2	45	165.0	232.0	10.0	0.8411366138754923	-173.2766965151168	94.36540748606963
06	2	inverse_cdf	2	45	165.0	604.0	14.0	1.304860414291417	26.762077165296194	134.55656209004513
06	2	inverse_cdf	3	47	157.5	720.0	6.0	0.5913569418354122	49.50572660179443	98.78269684932859
06	2	inverse_cdf	3	48	60.0	316.0	6.0	0.5895769218268454	105.66536396836321	96.69575663210405
06	2	inverse_cdf	3	48	60.0	700.0	10.0	0.7350765643234277	42.72754228952934	82.65925570174795
06	2	inverse_cdf	3	49	90.0	554.0	6.0	0.6989848777384464	25.000383191493256	108.62860621282296
06	2	inverse_cdf	3	51	120.0	350.0	6.0	0.3887267255341085	145.84376054953532	69.9120850689309
06	2	inverse_cdf	3	51	120.0	818.0	12.0	0.9624786190519572	38.49169640895704	88.21417777918063
06	2	inverse_cdf	3	52	7.5	666.0	14.0	1.5672902803381645	2.820476639803829	151.99593399010007
06	2	inverse_cdf	3	54	67.5	18.0	6.0	0.32915725193673506	145.35948152570444	53.93473429020528
06	2	inverse_cdf	3	54	67.5	892.0	12.0	1.0210424777376663	27.265899006636516	108.57645091541588
06	2	inverse_cdf	3	56	75.0	608.0	10.0	0.8356060652322342	44.681357379644226	93.71419085302978
06	2	inverse_cdf	3	58	82.5	572.0	16.0	1.5499450427074053	20.972202156211544	134.93188168572414
06	2	inverse_cdf	3	58	82.5	834.0	26.0	1.2569222092217565	177.08092377991954	138.29648833715694
06	2	inverse_cdf	3	62	165.0	678.0	16.0	1.0009677472999685	39.14392063234833	89.26587098134773
06	2	inverse_cdf	3	63	135.0	644.0	12.0	1.7141555087767488	13.003196324028169	189.78863580930357
06	2	inverse_cdf	3	64	112.5	482.0	18.0	1.54147363057038	20.63547109994438	122.46410848348224
06	2	inverse_cdf	3	65	150.0	536.0	14.0	1.2282982051112004	24.13155615244898	114.22388909678753
06	2	inverse_cdf	3	67	127.5	612.0	16.0	1.8013892510497023	-3.23821586880189	157.08009482824588
06	2	inverse_cdf	3	68	52.5	256.0	10.0	0.8892213148751306	113.2649262921894	111.61800866257236
06	2	inverse_cdf	3	68	52.5	630.0	10.0	0.5671932435056534	12.023595836706555	68.21562646351595
06	2	inverse_cdf	3	69	22.5	598.0	32.0	1.706949378953996	-35.569857695000906	131.68414349732814
06	2	inverse_cdf	4	71	120.0	546.0	8.0	0.781690010072004	17.594801764318305	109.5720330431497
06	2	inverse_cdf	4	71	120.0	876.0	16.0	1.6367949316185653	4.945420388100379	131.4455216500626
06	2	inverse_cdf	4	72	60.0	14.0	10.0	0.7797304303136443	139.62807436881735	84.10781081150525
06	2	inverse_cdf	4	72	60.0	252.0	6.0	0.4983000618529277	17.23187928413854	76.54869908122069
06	2	inverse_cdf	4	72	60.0	914.0	12.0	1.4545419342757606	16.24219920608533	146.5335886886369
06	2	inverse_cdf	4	73	45.0	604.0	4.0	0.6064501307403329	86.89735837352079	130.70944504929494
06	2	inverse_cdf	4	74	142.5	100.0	6.0	0.6706322392313814	131.72301593952443	112.8762064268826
06	2	inverse_cdf	4	74	142.5	288.0	6.0	0.7617537389507448	-54.73455327737339	117.06005292652398
06	2	inverse_cdf	4	74	142.5	590.0	10.0	1.1134490231116485	38.896927921093	135.03202548394052
06	2	inverse_cdf	4	74	142.5	952.0	10.0	1.2842187733006103	100.3816185112043	137.86965853603107
06	2	inverse_cdf	4	75	127.5	282.0	6.0	0.4410877308815111	36.52495708187068	76.88072957781286
06	2	inverse_cdf	4	76	67.5	594.0	10.0	0.8202787801555012	33.24222260409899	91.11459436881299
06	2	inverse_cdf	4	77	165.0	32.0	26.0	3.100962375990457	-121.31131180938357	192.9121481059065
06	2	inverse_cdf	4	77	165.0	198.0	22.0	2.633693608688749	61.20621852930762	164.38615478160392
06	2	inverse_cdf	4	77	165.0	710.0	10.0	1.146542012411031	33.146909087300386	125.2284964090214
06	2	inverse_cdf	4	78	172.5	972.0	8.0	0.9258381671963452	-55.562821815330224	120.90968572802497
06	2	inverse_cdf	4	79	135.0	122.0	30.0	3.8034416233516453	26.03115143570651	221.7679643604301
06	2	inverse_cdf	4	85	112.5	10.0	6.0	0.4359547278409811	-160.88512235335418	68.12162512706195
06	2	inverse_cdf	4	85	112.5	200.0	8.0	1.0162556680616708	40.338867176240626	138.37208457946116
06	2	inverse_cdf	4	85	112.5	678.0	16.0	1.0054911678137342	43.14405663752927	96.24019325832053
06	2	inverse_cdf	4	86	105.0	636.0	12.0	1.3566217198922255	-15.65092024413005	133.16205181435683
06	2	inverse_cdf	4	90	15.0	4.0	14.0	2.4858465831140224	-2.156786358504581	228.5796429939251
06	2	inverse_cdf	4	90	15.0	658.0	16.0	1.4734055924491036	37.94199845489365	127.75628730146906
06	2	inverse_cdf	4	91	30.0	602.0	6.0	0.3133262025610984	49.88776078394186	55.96416006545282
06	2	inverse_cdf	4	92	90.0	6.0	16.0	1.1180738338909881	-100.48782075368639	260.7349902310085
06	2	inverse_cdf	4	92	90.0	48.0	42.0	2.869627106592131	-93.31144894898769	520.4945219189415
06	2	inverse_cdf	4	92	90.0	586.0	6.0	0.7689678892063473	80.41714395215558	138.9682361577851
06	2	inverse_cdf	4	92	90.0	786.0	12.0	1.28261244276823	59.383890892247415	163.13613263006258
06	2	inverse_cdf	5	93	97.5	460.0	4.0	0.24581144379933523	55.88465465309912	55.3789979186757
06	2	inverse_cdf	5	93	97.5	770.0	12.0	0.8106991853228623	17.92215023268282	87.97165166856583
06	2	inverse_cdf	5	94	30.0	320.0	8.0	0.5340246072118218	159.1174904723728	70.54857630380441
06	2	inverse_cdf	5	94	30.0	632.0	14.0	1.3270452341052634	14.466413491363609	122.62219876423227
06	2	inverse_cdf	5	95	45.0	770.0	14.0	0.7997082150188147	45.9138895213157	70.32863806121277
06	2	inverse_cdf	5	97	90.0	10.0	4.0	0.42641496427826636	77.77831556267583	76.75300661740518
06	2	inverse_cdf	5	97	90.0	34.0	46.0	1.581189294640493	-97.1552268914031	403.5838661522415
06	2	inverse_cdf	5	98	172.5	290.0	4.0	0.31656527990683736	118.82626359172866	68.52352128484162
06	2	inverse_cdf	5	98	172.5	594.0	8.0	0.5857130000914084	20.160640482224377	75.2696365480667
06	2	inverse_cdf	5	102	15.0	794.0	18.0	1.3216374768685644	5.2008659427931425	103.91182447927694
06	2	inverse_cdf	5	103	37.5	10.0	20.0	0.17026613450693995	92.20943127097881	132.07304526355196
06	2	inverse_cdf	5	103	37.5	74.0	74.0	2.8519075135435323	-94.29039847532538	407.2009190423319
06	2	inverse_cdf	5	103	37.5	760.0	6.0	0.5047031316111372	78.17800580657136	100.40310162405422
06	2	inverse_cdf	5	103	37.5	914.0	14.0	2.218938203611102	123.38408530790866	195.48375600140218
06	2	inverse_cdf	5	106	22.5	18.0	18.0	0.8638263435136111	88.58623504590386	196.8278445257407
06	2	inverse_cdf	5	106	22.5	58.0	112.0	4.1016742042059215	-97.88243416448725	587.0264661738744
06	2	inverse_cdf	5	106	22.5	642.0	14.0	1.8407053017008084	-170.6606264814736	166.13489084302552
06	2	inverse_cdf	5	107	150.0	322.0	4.0	0.252144815210136	137.90148626505507	53.8183058855911
06	2	inverse_cdf	5	107	150.0	582.0	14.0	0.6811777563560396	31.200628767513297	73.95961382591634
06	2	inverse_cdf	5	108	75.0	284.0	4.0	0.3813662396581907	93.20725551396748	86.76577580522864
06	2	inverse_cdf	5	108	75.0	578.0	14.0	1.3950415552125384	23.431520171507966	126.4624181326645
06	2	inverse_cdf	5	109	60.0	650.0	12.0	0.8564955734145552	45.31028115158986	82.91900455697294
06	2	inverse_cdf	5	111	127.5	12.0	4.0	0.6332316043041158	-94.60784820519844	125.70512015776305
06	2	inverse_cdf	5	111	127.5	78.0	8.0	1.1469398694879096	86.80080962860373	195.56784743115207
06	2	inverse_cdf	5	111	127.5	106.0	30.0	2.393382878338203	-102.75591420942378	397.4358699761582
06	2	inverse_cdf	5	111	127.5	260.0	4.0	0.2855664795914982	0.0	64.96510623109894
06	2	inverse_cdf	5	111	127.5	562.0	12.0	1.1984114762520648	10.494990342919047	116.11707659209068
06	2	inverse_cdf	5	112	135.0	30.0	14.0	0.37809064829742434	81.51473504922667	141.34734761424332
06	2	inverse_cdf	5	112	135.0	106.0	100.0	1.7725911922079118	-78.62661531111577	528.5778966634973
06	2	inverse_cdf	5	112	135.0	794.0	12.0	1.08540410754307	3.6410707187892073	111.37302615063355
06	2	inverse_cdf	5	113	82.5	738.0	16.0	1.2650054066736607	33.9997600644689	115.66548663409318
06	2	inverse_cdf	5	115	7.5	554.0	14.0	1.362758180684014	22.890925122261546	124.68664891221636
06	2	inverse_cdf	6	116	67.5	320.0	4.0	0.2714814265437665	70.57990632609122	59.78570271615065
06	2	inverse_cdf	6	116	67.5	624.0	10.0	0.5985019204963025	48.00174762429411	60.751422493689404
06	2	inverse_cdf	6	118	75.0	8.0	4.0	0.4896452112026732	94.42162049425355	107.42905607950836
06	2	inverse_cdf	6	118	75.0	32.0	36.0	2.57560870125775	-94.93510621875723	333.7291713037706
06	2	inverse_cdf	6	118	75.0	334.0	4.0	0.17564513598622045	-178.92931181550654	44.1874765140698
06	2	inverse_cdf	6	118	75.0	632.0	14.0	1.5333564791705725	25.825861638330974	129.47677419880603
06	2	inverse_cdf	6	119	7.5	626.0	10.0	0.6952443665798239	31.287023998985163	69.99006633363894
06	2	inverse_cdf	6	120	157.5	146.0	36.0	2.95909853298179	177.96568429428228	244.83507153580078
06	2	inverse_cdf	6	120	157.5	306.0	18.0	3.127960828562294	0.18038240389420987	215.30318385817264
06	2	inverse_cdf	6	120	157.5	980.0	10.0	1.0624324732693162	31.995961926958195	115.66393904794555
06	2	inverse_cdf	6	121	150.0	582.0	18.0	1.508216503709322	24.700109877951064	121.09907362937824
06	2	inverse_cdf	6	123	120.0	634.0	28.0	2.344996025753346	-45.97999200079868	160.01695236513325
06	2	inverse_cdf	6	123	120.0	804.0	12.0	1.2076078407165547	156.7303247681551	120.97485538474591
06	2	inverse_cdf	6	124	142.5	660.0	32.0	2.3862655927412137	-9.100919253344511	200.8468864004057
06	2	inverse_cdf	6	125	165.0	444.0	32.0	4.686489108163853	-1.5652556661656154	235.17285154172922
06	2	inverse_cdf	6	125	165.0	614.0	22.0	4.897250497521533	-179.40476263176205	327.83577102052027
06	2	inverse_cdf	6	127	60.0	30.0	10.0	0.49579235643888564	178.67219871743586	52.823531832911286
06	2	inverse_cdf	6	127	60.0	566.0	12.0	1.1550055824233378	9.075284740961528	117.09405669393946
06	2	inverse_cdf	6	128	172.5	560.0	16.0	1.0436628274236184	57.78412280304978	96.68248968133568
06	2	inverse_cdf	6	129	135.0	770.0	6.0	0.46188611394927914	-112.56517589639341	70.30833718798299
06	2	inverse_cdf	6	130	90.0	556.0	10.0	0.8901398192595248	28.63935298990616	101.37950352652332
06	2	inverse_cdf	6	132	45.0	614.0	6.0	0.5286107950290243	23.221003106942693	87.56200912444369
06	2	inverse_cdf	6	133	52.5	24.0	10.0	0.6363092882715131	18.341762343685765	66.61913070671241
06	2	inverse_cdf	6	133	52.5	240.0	4.0	0.1832123681650063	-161.72726640798706	43.12133130640962
06	2	inverse_cdf	6	133	52.5	616.0	8.0	0.6697525688375815	29.83202996808435	87.28051962669025
06	2	inverse_cdf	6	135	37.5	610.0	14.0	1.2354433045969277	33.18418207374964	109.56817564503022
06	2	inverse_cdf	6	136	30.0	404.0	4.0	0.34185842807108685	56.158349083990196	71.80156893326807
06	2	inverse_cdf	6	136	30.0	668.0	8.0	0.48165179755013576	34.44837008640763	62.40479099453313
06	2	inverse_cdf	6	137	15.0	690.0	8.0	0.8325530942680663	23.836080413976486	111.93672723907699
06	2	inverse_cdf	6	138	112.5	224.0	24.0	2.469205793633138	117.33769400618053	158.56141324500845
06	2	inverse_cdf	6	138	112.5	502.0	30.0	2.287499482239344	-71.07945155579397	166.95609836352074
06	2	inverse_cdf	6	138	112.5	722.0	36.0	3.1458132093171303	102.31899266499266	229.17461849678656
06	2	inverse_cdf	7	139	67.5	132.0	8.0	0.548314906189466	16.699573595240302	73.88724955661812
06	2	inverse_cdf	7	139	67.5	932.0	28.0	1.50750290607164	-15.081098805329193	125.46012202475198
06	2	inverse_cdf	7	140	127.5	718.0	4.0	0.245304444977993	10.407585807184695	54.76484456556322
06	2	inverse_cdf	7	141	97.5	514.0	28.0	1.4947392650471243	-9.223380180831159	144.8766198100779
06	2	inverse_cdf	7	145	22.5	38.0	18.0	1.7752173768300217	179.046859772209	142.36426482906106
06	2	inverse_cdf	7	145	22.5	228.0	14.0	1.6988457623853785	27.934319345022992	157.5402378822957
06	2	inverse_cdf	7	145	22.5	684.0	8.0	0.7554576903884686	39.53396199882874	101.4302057452869
06	2	inverse_cdf	7	147	60.0	342.0	6.0	0.43555273990660126	42.70972199282123	70.66088642842256
06	2	inverse_cdf	7	147	60.0	608.0	8.0	1.1075320042085313	102.8434424807507	146.30476100294308
06	2	inverse_cdf	7	150	7.5	774.0	30.0	1.1885688984441691	8.096547075474742	147.13247444614274
06	2	inverse_cdf	7	152	37.5	776.0	14.0	1.3054567423554146	48.31276383887121	123.32306276657756
06	2	inverse_cdf	7	153	172.5	4.0	32.0	8.860934140558625	98.3890367781502	509.51159814358243
06	2	inverse_cdf	7	153	172.5	142.0	18.0	2.924907441795806	35.294117133188344	257.54773301395954
06	2	inverse_cdf	7	153	172.5	186.0	12.0	2.279151870251331	-92.18709231467393	264.19908331065176
06	2	inverse_cdf	7	153	172.5	372.0	8.0	0.6722046720597538	41.23943171721935	92.36846705173775
06	2	inverse_cdf	7	153	172.5	734.0	18.0	1.6784282162359287	14.092412277720737	124.10465062773926
06	2	inverse_cdf	7	154	112.5	590.0	8.0	0.49984002097425617	17.780148198025852	63.841141049454336
06	2	inverse_cdf	7	155	142.5	18.0	22.0	2.4633342143794112	-144.9132790710822	136.67419516444977
06	2	inverse_cdf	7	155	142.5	214.0	20.0	2.349555430349734	41.49649780245026	202.94925910555028
06	2	inverse_cdf	7	155	142.5	958.0	14.0	1.0714642920119244	-8.898493713822951	101.46125322697041
06	2	inverse_cdf	7	158	165.0	506.0	30.0	1.1526107694950343	-1.631822800014777	112.40250997992729
06	2	inverse_cdf	7	159	157.5	80.0	20.0	0.3341192447771154	146.62229652444177	66.0348408787025
06	2	inverse_cdf	7	159	157.5	540.0	10.0	0.7857471376305853	57.10669995552849	84.73129747912033
06	2	inverse_cdf	7	161	82.5	894.0	8.0	0.40952007012152175	18.943223698051774	63.14588291106406
06	2	inverse_cdf	8	162	165.0	434.0	12.0	0.8073316922181527	48.9557417105345	83.01602303121237
06	2	inverse_cdf	8	163	90.0	552.0	4.0	0.3341015825374957	33.373158214297945	69.31130713742206
06	2	inverse_cdf	8	165	127.5	626.0	8.0	0.5087923361193476	0.18480648437068228	75.13787720796721
06	2	inverse_cdf	8	166	97.5	586.0	26.0	1.5859341802243905	-50.85723698312273	155.90831932396395
06	2	inverse_cdf	8	167	135.0	658.0	14.0	1.1328221274480927	-13.571619571284364	98.07358596203827
06	2	inverse_cdf	8	168	150.0	4.0	102.0	2.859128385971304	-98.11803583846888	389.1046843065528
06	2	inverse_cdf	8	168	150.0	576.0	14.0	1.5448533593458993	14.392640930110582	131.14191873512866
06	2	inverse_cdf	8	169	52.5	538.0	16.0	1.2766293128598263	22.049283789518668	108.50318537529782
06	2	inverse_cdf	8	170	75.0	80.0	34.0	1.6475086307733855	-90.0	145.1965278912125
06	2	inverse_cdf	8	170	75.0	588.0	10.0	0.6166140765034271	13.703363843973824	75.11145354724306
06	2	inverse_cdf	8	171	112.5	60.0	14.0	1.204877956428144	-1.0926387097775219	107.26915166551795
06	2	inverse_cdf	8	171	112.5	298.0	12.0	0.9123576372121492	164.24236608533027	94.19210184565858
06	2	inverse_cdf	8	172	157.5	662.0	10.0	1.309437758255135	-0.5744352453185331	147.3733751817636
06	2	inverse_cdf	8	174	142.5	534.0	4.0	0.4427192888456767	77.14782940103866	91.63022506956055
06	2	inverse_cdf	8	175	15.0	234.0	12.0	1.467203789288241	151.39660464372452	147.56325064811614
06	2	inverse_cdf	8	175	15.0	566.0	20.0	2.5131415704580085	7.278673867559374	190.4461677385997
06	2	inverse_cdf	8	176	105.0	644.0	20.0	1.628119986905084	12.397804885215203	124.4746463333647
06	2	inverse_cdf	8	177	45.0	590.0	20.0	2.367175398283906	-4.135061648822697	175.61506798945481
06	2	inverse_cdf	8	177	45.0	840.0	14.0	1.5421719746249132	-176.09444783720224	145.18067877465364
06	2	inverse_cdf	8	180	30.0	664.0	12.0	0.9683033101921315	0.09711205736631222	94.9482581782332
06	2	inverse_cdf	8	182	67.5	62.0	6.0	0.3829272645240982	125.050655054766	73.0954162432179
06	2	inverse_cdf	8	182	67.5	632.0	12.0	1.1227608616699636	22.066866939724925	97.87485536857173
06	2	inverse_cdf	8	183	7.5	602.0	16.0	0.9298459105158609	21.539207704005985	79.3984012805366
07	1	inverse_cdf	1	1	45.0	780.0	14.0	0.09602909364379648	163.11115815603114	55.57350421026233
07	1	inverse_cdf	1	3	75.0	124.0	4.0	0.20078225930218965	53.94542021367418	50.48752896744405
07	1	inverse_cdf	1	4	135.0	122.0	62.0	9.757134944521438	-4.157272210549873	379.80461333042854
07	1	inverse_cdf	1	4	135.0	328.0	20.0	0.31961017569112826	-160.81737947326422	72.66417963807872
07	1	inverse_cdf	1	6	127.5	32.0	72.0	13.402985280832182	179.31259027649247	385.43801788614155
07	1	inverse_cdf	1	6	127.5	260.0	72.0	13.764419580101613	-1.085888433687213	428.18524291456964
07	1	inverse_cdf	1	6	127.5	558.0	14.0	0.3534227780900655	93.727433339626	67.29924454016934
07	1	inverse_cdf	1	10	105.0	122.0	64.0	11.828670075175403	-158.29346471703482	461.04127043717966
07	1	inverse_cdf	1	10	105.0	292.0	16.0	3.0183602764163426	11.82118511465539	247.3259994472873
07	1	inverse_cdf	1	14	142.5	154.0	68.0	13.935522428800544	1.7327153855610065	428.7201008116997
07	1	inverse_cdf	1	15	150.0	122.0	20.0	1.002029043716238	-175.86852705756442	154.88789927342793
07	1	inverse_cdf	1	18	172.5	372.0	20.0	0.154341373157835	75.21345444571728	55.06970526257573
07	1	inverse_cdf	1	19	90.0	250.0	4.0	0.18642463884265711	16.35460584902543	44.287346808565324
07	1	inverse_cdf	1	21	67.5	898.0	22.0	0.09201895903321	39.93495524421345	73.03778426275494
07	1	inverse_cdf	2	30	37.5	54.0	6.0	0.36764058246262127	178.97712157310505	68.31098417740563
07	1	inverse_cdf	2	33	97.5	888.0	4.0	0.2477638683315886	-130.96551762359573	50.479398523214485
07	1	inverse_cdf	2	42	22.5	394.0	4.0	0.2905123661496453	112.23911645988723	62.19686586700356
07	1	inverse_cdf	3	47	67.5	650.0	4.0	0.21334012369795552	-14.245614339270476	45.58382228980295
07	1	inverse_cdf	3	47	67.5	932.0	4.0	0.2612755811247812	64.71445705140827	52.291412051051815
07	1	inverse_cdf	3	50	165.0	6.0	24.0	0.4630240114357772	-7.123573932730527	116.04789813990337
07	1	inverse_cdf	3	53	120.0	138.0	4.0	0.18410670180289462	-11.30490156565528	40.251537606158024
07	1	inverse_cdf	3	56	90.0	156.0	14.0	0.7405291877764751	131.50003861072705	59.075666385957575
07	1	inverse_cdf	3	58	52.5	724.0	14.0	0.16571787388353645	101.42352773855418	68.38729968132073
07	1	inverse_cdf	3	58	52.5	948.0	8.0	0.4563491651549839	159.8092359796481	59.47942888908658
07	1	inverse_cdf	3	62	7.5	4.0	20.0	0.7147601770363473	-74.14744837262886	95.40507767274408
07	1	inverse_cdf	3	62	7.5	720.0	18.0	0.07782303335711556	18.4383918159105	43.34100469553894
07	1	inverse_cdf	3	63	97.5	106.0	24.0	0.5755837941390082	156.6615722956448	76.45549354716003
07	1	inverse_cdf	3	63	97.5	390.0	16.0	0.2538288469725259	100.80767682876163	48.661702709396785
07	1	inverse_cdf	3	66	112.5	850.0	4.0	0.21636059641797456	-9.604247501345407	50.3393758656841
07	1	inverse_cdf	3	69	135.0	58.0	14.0	0.9038514477817916	109.07636261478848	81.84854999319495
07	1	inverse_cdf	4	70	97.5	126.0	4.0	0.3109763476293553	-175.767147780071	63.89104776428478
07	1	inverse_cdf	4	72	15.0	90.0	32.0	4.076213543898913	4.524444524280871	158.07707319768545
07	1	inverse_cdf	4	72	15.0	350.0	38.0	3.950905702663537	-174.13719629603534	262.0436269533162
07	1	inverse_cdf	4	73	37.5	116.0	20.0	0.26258691170611226	146.23266059577415	82.05085008960607
07	1	inverse_cdf	4	75	165.0	280.0	4.0	0.17904659008412224	19.255833119317817	44.083279061945525
07	1	inverse_cdf	4	76	105.0	252.0	20.0	0.46775438689497884	133.4466372564712	66.62098111827086
07	1	inverse_cdf	4	80	142.5	38.0	24.0	0.2307110013027425	-50.19477993703617	44.947548927671804
07	1	inverse_cdf	4	81	90.0	184.0	12.0	1.4008737789042374	9.024577495304419	144.6718253297133
07	1	inverse_cdf	4	81	90.0	560.0	4.0	0.26617361900759084	-3.1787014043638426	55.40035405287392
07	1	inverse_cdf	4	82	135.0	788.0	4.0	0.2098471891811295	12.185159641281178	46.483892810526136
07	1	inverse_cdf	4	83	7.5	894.0	4.0	0.2674618777587334	0.3515811281144825	56.20829004438342
07	1	inverse_cdf	4	84	157.5	816.0	4.0	0.2552449337033472	-169.62978019282747	54.52352545144537
07	1	inverse_cdf	4	88	60.0	222.0	24.0	0.8929519875246872	-51.18825564955368	94.77415398340383
07	1	inverse_cdf	4	92	150.0	842.0	18.0	0.21680793223109115	50.547010883102146	53.600156032456745
07	1	inverse_cdf	5	93	75.0	980.0	8.0	0.30309017315988723	172.21959070531864	43.23552343978009
07	1	inverse_cdf	5	95	165.0	306.0	12.0	0.7110858677676233	171.90629038269086	66.75216639314974
07	1	inverse_cdf	5	96	45.0	750.0	18.0	0.23506658623029938	-86.79901250098396	54.23861070531144
07	1	inverse_cdf	5	101	90.0	620.0	10.0	0.6041952740444515	-171.25007586083584	67.85602985902204
07	1	inverse_cdf	5	104	142.5	792.0	10.0	0.5161320846796359	-20.864332141324475	55.393223843872626
07	1	inverse_cdf	5	104	142.5	950.0	6.0	0.41975967555376514	175.29006925463787	65.3709730149307
07	1	inverse_cdf	5	106	135.0	932.0	4.0	0.19182194572049954	-165.12639263717475	45.566303783438094
07	1	inverse_cdf	5	107	120.0	702.0	4.0	0.1922032071219812	39.823153394269625	41.71066423038119
07	1	inverse_cdf	5	108	82.5	108.0	18.0	0.3421924811135148	28.66124734277708	59.44755000152929
07	1	inverse_cdf	5	109	172.5	34.0	4.0	0.21204380598171982	-8.008821114141462	47.068588657195804
07	1	inverse_cdf	5	109	172.5	888.0	6.0	0.2502523154967129	14.043895373797072	40.79998909846193
07	1	inverse_cdf	5	110	67.5	132.0	22.0	0.45980778522733734	42.982208017872125	76.5670011225491
07	1	inverse_cdf	5	114	7.5	320.0	14.0	1.8288249412452304	170.07819555072584	155.63944378940351
07	1	inverse_cdf	5	114	7.5	586.0	10.0	0.6240968521891668	-175.1725957794018	70.28740803208211
07	1	inverse_cdf	5	115	22.5	122.0	8.0	0.41226351322264904	16.418598379977606	53.91233700035007
07	1	inverse_cdf	6	119	157.5	12.0	16.0	0.19785389547073634	110.38624019578113	47.98295685383951
07	1	inverse_cdf	6	119	157.5	900.0	6.0	0.2868379755764327	32.15046029017704	51.01916138721583
07	1	inverse_cdf	6	120	30.0	94.0	16.0	1.5452636625070708	179.391703108274	120.20132228921887
07	1	inverse_cdf	6	120	30.0	406.0	26.0	0.5076703933412244	167.4954895713616	95.38468361499635
07	1	inverse_cdf	6	120	30.0	682.0	28.0	3.1807845853339582	4.911443842189579	206.505239802491
07	1	inverse_cdf	6	128	15.0	604.0	6.0	0.3381404106687172	33.93075969057843	54.27025348804389
07	1	inverse_cdf	6	128	15.0	840.0	10.0	0.6113644913604925	-160.39233883509803	69.70868950453708
07	1	inverse_cdf	6	132	52.5	334.0	4.0	0.2729254218197517	-140.84390185306037	56.257165352231766
07	1	inverse_cdf	6	133	127.5	48.0	4.0	0.19463659448450027	-14.153820744404005	39.65956306813239
07	1	inverse_cdf	6	135	45.0	802.0	22.0	0.3918971010155461	16.54607814138661	60.248838447367014
07	1	inverse_cdf	6	136	90.0	150.0	6.0	0.3280647991385034	-160.11099181932354	53.25559074002201
07	1	inverse_cdf	6	138	172.5	4.0	6.0	0.39281230941134787	176.88794415598377	60.78414921054516
07	1	inverse_cdf	7	139	120.0	722.0	4.0	0.24967153459059088	2.6373523297323787	51.6872321384788
07	1	inverse_cdf	7	141	90.0	112.0	18.0	0.507065964816255	-30.957768001420988	83.20242878962402
07	1	inverse_cdf	7	141	90.0	570.0	18.0	0.0911501711103756	103.53381617503722	50.20388963961462
07	1	inverse_cdf	7	143	157.5	4.0	28.0	2.644573089955188	179.4668550416723	140.31559609284096
07	1	inverse_cdf	7	143	157.5	278.0	28.0	4.574853840318252	4.319576421170108	254.68063821659584
07	1	inverse_cdf	7	143	157.5	714.0	8.0	0.5431770368984347	-0.6924453560519519	71.69464067767484
07	1	inverse_cdf	7	144	60.0	214.0	14.0	0.9889681788579667	151.78367070954027	93.82627271991473
07	1	inverse_cdf	7	147	37.5	104.0	40.0	4.125756095439979	-101.26352391198411	233.99463539269377
07	1	inverse_cdf	7	147	37.5	282.0	28.0	4.7578507098163385	82.42789289538544	274.03804304803356
07	1	inverse_cdf	7	153	112.5	282.0	16.0	0.34850668404060864	106.13051201253032	65.38847818385044
07	1	inverse_cdf	7	154	127.5	6.0	6.0	0.253144857137062	18.915505278571352	44.432004170673935
07	1	inverse_cdf	7	154	127.5	830.0	16.0	0.12184100783086005	-85.36558968716123	47.019465439554544
07	1	inverse_cdf	7	159	67.5	568.0	6.0	0.43171385798831197	44.08484781465721	69.86291123258391
07	1	inverse_cdf	7	161	52.5	60.0	14.0	0.9618589006304004	-166.98313340545636	91.33401020425627
07	1	inverse_cdf	7	161	52.5	266.0	8.0	0.5944212963180884	-1.898753343172614	86.39706930552663
07	1	inverse_cdf	8	162	127.5	684.0	8.0	0.41631187571487377	-4.294973442727237	61.533037452147234
07	1	inverse_cdf	8	162	127.5	916.0	16.0	0.29519236993454384	148.8699052064564	60.237434190733815
07	1	inverse_cdf	8	165	37.5	374.0	14.0	1.3637089393902058	-167.84133180628055	115.82518952339765
07	1	inverse_cdf	8	166	165.0	42.0	12.0	1.0444185968103843	-165.43821658460814	100.50261572274286
07	1	inverse_cdf	8	166	165.0	286.0	10.0	0.5303788895166363	2.128041173160268	52.68985751863217
07	1	inverse_cdf	8	171	45.0	358.0	4.0	0.197917030370353	168.03466474772074	42.32694906964556
07	1	inverse_cdf	8	171	45.0	626.0	6.0	0.2972247468089372	-177.78473465068228	47.88487700732101
07	1	inverse_cdf	8	174	22.5	744.0	8.0	0.4003617700728658	179.29533015944688	51.161699307100896
07	1	inverse_cdf	8	175	67.5	544.0	6.0	0.27956976503025294	-175.96022098435836	47.42452111985344
07	1	inverse_cdf	8	176	112.5	96.0	12.0	1.268653062613247	5.046656431001643	131.4106921881924
07	1	inverse_cdf	8	178	97.5	4.0	18.0	1.642933737518182	5.848072345896223	106.24933197201325
07	1	inverse_cdf	8	178	97.5	124.0	12.0	1.3256273476680813	171.95846840875436	129.7633783662296
07	1	inverse_cdf	8	178	97.5	280.0	28.0	2.7473468562769505	-176.60948017503733	156.46718054768903
07	1	inverse_cdf	8	179	52.5	716.0	6.0	0.3538678577761669	24.672454475169335	56.16562512110049
07	1	inverse_cdf	8	181	75.0	104.0	16.0	0.2202277447713175	-25.60978336367284	52.30022891081023
07	1	inverse_cdf	8	181	75.0	606.0	6.0	0.2048121712401459	6.441515404052231	35.050227385681325
07	1	inverse_cdf	8	183	157.5	946.0	6.0	0.342966948312816	-143.94078314237433	53.76664658321508
07	1	inverse_cdf	8	184	15.0	128.0	4.0	0.20619481219307967	15.701966507782071	43.56810484335203
07	1	inverse_cdf	8	184	15.0	764.0	4.0	0.24120138188824175	-39.76449262942957	48.56340501991345
07	2	cdf	1	1	22.5	6.0	20.0	0.5032987807623109	66.76477597728048	75.37240157077369
07	2	cdf	1	1	22.5	576.0	4.0	0.15919847218147284	-165.6866640364485	34.509157466351
07	2	cdf	1	6	150.0	924.0	6.0	0.2913385698259082	42.92014938924501	47.648463068384316
07	2	cdf	1	9	105.0	146.0	4.0	0.17646822062245207	157.02720781427513	36.754909162657015
07	2	cdf	1	9	105.0	872.0	4.0	0.2011092204625047	48.62227219621112	41.852170156785405
07	2	cdf	1	11	97.5	676.0	4.0	0.1535324725943794	10.46102196031033	31.300388316163595
07	2	cdf	1	14	172.5	602.0	4.0	0.19006371281235587	-129.07819848580084	36.20936365615975
07	2	cdf	1	17	37.5	922.0	4.0	0.14463718701483425	24.80429341930522	31.548460887301612
07	2	cdf	1	18	82.5	566.0	18.0	0.25014020483602206	104.04715071441488	43.234312502434776
07	2	cdf	1	22	45.0	78.0	18.0	0.30460366256768484	104.34927750425322	45.91019669218209
07	2	cdf	1	22	45.0	950.0	6.0	0.20768773326038964	25.737908051613974	34.58695620598237
07	2	cdf	1	23	165.0	4.0	14.0	0.33416261107968015	67.17013730816701	96.29581615238378
07	2	cdf	2	29	15.0	574.0	4.0	0.14828887573112456	24.844880449115397	28.775174141433602
07	2	cdf	2	30	7.5	866.0	22.0	0.28946110804347763	3.899324517069749	72.23158790251311
07	2	cdf	2	33	60.0	80.0	62.0	8.319568554809534	-14.72298073219617	359.90581492524774
07	2	cdf	2	33	60.0	270.0	26.0	1.2041561389005566	154.60863385648165	153.445634737604
07	2	cdf	2	34	172.5	254.0	10.0	0.4256143790536287	162.97511652298795	52.94335611833239
07	2	cdf	2	38	90.0	18.0	4.0	0.14310473132918833	-176.0572452520849	32.023079334112204
07	2	cdf	2	39	112.5	138.0	20.0	0.14746242514831973	69.13649169644752	33.2207407293135
07	2	cdf	2	39	112.5	568.0	18.0	0.06828433118140036	-35.19790605603022	42.32609309740732
07	2	cdf	2	40	22.5	18.0	30.0	1.5408448304422413	-89.38968220899875	85.70155066374713
07	2	cdf	2	40	22.5	252.0	10.0	0.582749382997912	56.10806960514189	60.80192626138555
07	2	cdf	2	40	22.5	714.0	20.0	0.10843410734496511	107.61680900423507	58.810016159326445
07	2	cdf	2	41	82.5	52.0	24.0	0.48672131717722117	-172.44834889349147	99.33428494999644
07	2	cdf	2	41	82.5	216.0	10.0	0.6015341342795216	-11.639512357149968	71.1809254960295
07	2	cdf	2	41	82.5	670.0	16.0	0.20652681578583015	77.61342769816174	35.298870138429095
07	2	cdf	2	42	52.5	828.0	22.0	0.19024662089199262	23.901762140220175	42.10471038089177
07	2	cdf	2	43	120.0	242.0	12.0	1.021878411567863	96.36279912223851	105.95324527047684
07	2	cdf	2	46	142.5	170.0	34.0	0.10123557749260936	63.00695032606175	71.76174278978489
07	2	cdf	3	47	135.0	566.0	4.0	0.29827554469745654	79.85927999602427	61.3714659012055
07	2	cdf	3	48	67.5	778.0	22.0	0.45574022970343225	-12.67933383997324	61.14111868461165
07	2	cdf	3	49	30.0	44.0	6.0	0.26449895356968484	45.47746747214007	48.89857058829141
07	2	cdf	3	49	30.0	790.0	20.0	0.13422849627835662	-11.991788804954616	43.45469106164425
07	2	cdf	3	50	142.5	68.0	4.0	0.14609346111867133	-147.40415177988592	33.16218115794583
07	2	cdf	3	51	97.5	788.0	6.0	0.2211797399982785	142.54766368008623	34.72243804948129
07	2	cdf	3	52	165.0	362.0	20.0	0.05971544510312294	-69.06942799846264	34.52529174079484
07	2	cdf	3	52	165.0	680.0	6.0	0.2802012153494677	18.431744463240552	44.91732966939037
07	2	cdf	3	53	90.0	4.0	20.0	0.8575042002818559	13.04863259755675	116.70193405950229
07	2	cdf	3	53	90.0	244.0	10.0	0.5841882947389816	-29.437539487714385	68.25462580051935
07	2	cdf	3	54	112.5	738.0	4.0	0.18599230658207958	-11.707286929190053	39.47852332443961
07	2	cdf	3	54	112.5	920.0	8.0	0.2672518269068335	-155.32350046106723	35.26232658667096
07	2	cdf	3	55	127.5	220.0	20.0	0.1476275239603171	-24.280574082359422	37.19786199100883
07	2	cdf	3	58	60.0	4.0	18.0	0.2849699157690791	138.98095567917272	83.26150085343667
07	2	cdf	3	59	120.0	38.0	18.0	0.3311350033108945	131.61701843527942	59.86471695620162
07	2	cdf	3	61	7.5	584.0	8.0	0.5794984137936109	92.92218818730346	77.17924821486979
07	2	cdf	3	63	37.5	148.0	4.0	0.14410411114273106	-7.851041324506295	30.6897982771165
07	2	cdf	3	63	37.5	582.0	12.0	0.18737922138132157	127.17538958336608	51.92052528890482
07	2	cdf	3	65	45.0	910.0	4.0	0.16937816003330727	-128.3231858296431	35.26905407973719
07	2	cdf	3	66	52.5	496.0	18.0	0.2751857212426525	140.81519781224415	55.91974475074244
07	2	cdf	3	66	52.5	780.0	20.0	0.05221627055828455	43.71841089007522	54.530542812061235
07	2	cdf	4	71	37.5	676.0	4.0	0.15018721420360945	68.19018417121463	35.538367508440054
07	2	cdf	4	72	30.0	242.0	20.0	0.3952975811633221	8.833344607817374	63.28468369760813
07	2	cdf	4	74	120.0	566.0	4.0	0.14850159363813834	44.98425815453428	33.50896707965696
07	2	cdf	4	74	120.0	898.0	20.0	0.21067361301655002	-52.58707866591931	67.08279284396477
07	2	cdf	4	78	135.0	102.0	14.0	0.9995741845094772	-4.702550940276052	94.95933977778382
07	2	cdf	4	78	135.0	380.0	6.0	0.2791149695962117	148.4897923766868	48.69707685543029
07	2	cdf	4	79	157.5	544.0	18.0	0.3149563605668316	109.47611073795066	50.58622251983731
07	2	cdf	4	80	150.0	152.0	22.0	0.20305696690478653	15.945610849176719	52.80043095997652
07	2	cdf	4	80	150.0	396.0	6.0	0.3012744167899897	139.20583182069535	43.57133903659837
07	2	cdf	4	81	112.5	34.0	4.0	0.10818775400723617	9.60379536582477	34.915690973527354
07	2	cdf	4	83	22.5	780.0	20.0	0.0943297338056623	139.93482344285346	41.03975670910542
07	2	cdf	4	84	105.0	12.0	20.0	0.1580488158201663	-12.591371519211856	55.50821897016296
07	2	cdf	4	84	105.0	722.0	26.0	0.13543743180486525	-19.090230083678236	59.629693546752314
07	2	cdf	4	85	172.5	628.0	16.0	0.14176669630591401	-113.89795531240947	55.373814981842415
07	2	cdf	4	86	60.0	562.0	4.0	0.21571014727905735	4.799753021200001	44.652565444782795
07	2	cdf	4	86	60.0	738.0	20.0	0.31822517390873784	-156.6045871386717	73.51577970126937
07	2	cdf	4	87	67.5	12.0	6.0	0.2865120607155697	-31.409909608294562	43.27610697919348
07	2	cdf	4	87	67.5	644.0	16.0	0.2865418674294433	52.21232164876329	52.88441161638838
07	2	cdf	4	89	142.5	830.0	4.0	0.15337156424969411	27.381587275061094	33.454046009470424
07	2	cdf	5	97	120.0	224.0	18.0	0.19543566195305312	-76.8955562434221	47.49938614350643
07	2	cdf	5	98	165.0	588.0	20.0	0.30091677629696373	32.30173484153605	73.67179376035985
07	2	cdf	5	98	165.0	838.0	36.0	0.14978973190804962	47.221659626704195	66.19671632381406
07	2	cdf	5	100	127.5	114.0	4.0	0.1526818253111987	159.2314405609417	32.56310847229862
07	2	cdf	5	101	15.0	30.0	22.0	0.3137613930317365	156.25908027170814	52.65725738859818
07	2	cdf	5	101	15.0	402.0	4.0	0.15352560654776023	10.466720230801428	31.487002316893914
07	2	cdf	5	101	15.0	848.0	20.0	0.10766228688640878	97.88490362502559	43.46144938329643
07	2	cdf	5	102	45.0	28.0	14.0	1.15837628602991	0.2434374612625351	119.75676946158595
07	2	cdf	5	102	45.0	244.0	12.0	0.6696230825795976	-0.2807797106933504	69.12212648859509
07	2	cdf	5	103	67.5	4.0	70.0	9.508230147720742	144.57196655592008	1070.2232547732888
07	2	cdf	5	103	67.5	180.0	14.0	0.876111554164239	23.373474848632842	79.16846369982439
07	2	cdf	5	106	97.5	82.0	8.0	0.44636851027860186	-179.57878584657513	60.233022255603956
07	2	cdf	5	107	60.0	410.0	16.0	0.24329605606946977	-77.93311835124608	38.96050715539732
07	2	cdf	5	107	60.0	682.0	4.0	0.16903867210952772	-1.1124009438008082	35.4169812196488
07	2	cdf	5	113	150.0	36.0	18.0	0.09514531167195843	90.9883299239745	34.74800005414859
07	2	cdf	5	114	142.5	4.0	8.0	0.8062391948110892	1.9827540927972545	125.41037236203458
07	2	cdf	5	114	142.5	208.0	14.0	0.9035244168530358	-10.674513400409337	97.9349952388035
07	2	cdf	6	116	52.5	658.0	18.0	0.4248451502203528	-94.87422644602147	60.95290930583405
07	2	cdf	6	117	30.0	128.0	6.0	0.1997359078584984	-47.649238461895806	33.741190753180135
07	2	cdf	6	117	30.0	982.0	10.0	0.37619801147174126	-173.99322019789543	44.33134578208614
07	2	cdf	6	120	150.0	906.0	16.0	0.1322726744652478	66.61121734000378	44.373924112321895
07	2	cdf	6	121	82.5	612.0	4.0	0.16397231579553043	-18.066803781293746	34.7257084574591
07	2	cdf	6	122	127.5	840.0	16.0	0.07123434961181903	38.44078251815884	43.27045961854363
07	2	cdf	6	124	105.0	688.0	22.0	0.24075299098470646	28.48448161038459	62.131637528011126
07	2	cdf	6	126	75.0	182.0	16.0	0.2041470737356991	-175.38971240620762	55.01994339494632
07	2	cdf	6	126	75.0	522.0	4.0	0.1943097193018612	4.844301451385943	44.45957692487285
07	2	cdf	6	126	75.0	798.0	4.0	0.1597091204572418	9.460625143443512	32.425873306523016
07	2	cdf	6	129	135.0	4.0	4.0	0.13960812627013441	150.43167132424404	31.036453762697942
07	2	cdf	6	129	135.0	632.0	20.0	0.2580762050009273	67.18104188062681	47.188306717477815
07	2	cdf	6	129	135.0	890.0	4.0	0.13208707291456281	-173.5817640256583	32.422054417749514
07	2	cdf	6	130	60.0	12.0	30.0	1.8297721429838398	-95.55824221425112	269.25116937384416
07	2	cdf	6	133	172.5	518.0	12.0	0.7124911549886204	136.89095893345578	78.3155442155964
07	2	cdf	6	133	172.5	738.0	6.0	0.2415681990677137	137.76856826643157	40.80980435910904
07	2	cdf	6	135	22.5	162.0	4.0	0.22093074343495317	8.970896869962697	48.037162661761805
07	2	cdf	6	135	22.5	662.0	18.0	0.08045802660803747	16.58939724173455	47.63470533256083
07	2	cdf	6	136	7.5	658.0	16.0	0.15258449276431008	-90.0	33.749184164157796
07	2	cdf	6	137	157.5	90.0	42.0	3.19501161569386	-135.55735169690067	169.9784041939057
07	2	cdf	6	137	157.5	260.0	28.0	3.219478656685874	43.50341813199574	192.8879138005231
07	2	cdf	6	137	157.5	550.0	4.0	0.20747016817187114	157.69438152439488	43.031313427371835
07	2	cdf	6	137	157.5	908.0	6.0	0.2053167136141901	-169.41016221418192	35.846084760996824
07	2	cdf	7	139	157.5	140.0	16.0	0.1729007729563112	170.7180541082673	45.89584020123994
07	2	cdf	7	142	67.5	180.0	14.0	1.0845604987110127	173.74907444289965	104.43902434502654
07	2	cdf	7	142	67.5	416.0	10.0	0.5174531756464578	-5.275268598275646	57.983313893382835
07	2	cdf	7	143	15.0	138.0	22.0	0.5905598157533921	158.99510689341264	80.458847534012
07	2	cdf	7	143	15.0	516.0	8.0	0.355943456790988	-5.289753349274282	46.723187178396
07	2	cdf	7	144	97.5	184.0	14.0	1.3997385866295247	13.004370527182127	127.47526506563754
07	2	cdf	7	145	135.0	230.0	8.0	0.3855832000469058	10.543172523760788	51.949272764806416
07	2	cdf	7	145	135.0	874.0	4.0	0.21435115176137678	70.31527539891694	47.21907673162187
07	2	cdf	7	146	142.5	662.0	24.0	1.6044400232199016	77.95652458660854	81.21420834208496
07	2	cdf	7	147	75.0	62.0	46.0	4.682657183187825	-117.57438723517203	232.98107915019497
07	2	cdf	7	147	75.0	272.0	52.0	6.24853655101128	67.84603315414394	247.78730724886853
07	2	cdf	7	147	75.0	562.0	6.0	0.26965850936990715	71.55020648341976	47.63961021243617
07	2	cdf	7	147	75.0	874.0	18.0	0.04266574000444093	-157.3925185041593	42.62473432233041
07	2	cdf	7	148	127.5	270.0	70.0	10.907295716170747	172.16894504394392	392.4279783413378
07	2	cdf	7	148	127.5	534.0	16.0	0.6931407213812943	116.88696098822709	58.69882787057143
07	2	cdf	7	149	30.0	96.0	16.0	1.5167705787590238	-177.52122371259003	132.28669486853744
07	2	cdf	7	151	37.5	820.0	32.0	0.23803440317786512	34.89512913633945	57.39231789834528
07	2	cdf	7	153	60.0	116.0	32.0	1.533321031492757	89.14146906314645	151.46849809250426
07	2	cdf	7	153	60.0	374.0	10.0	0.897655496234082	74.73622494506218	110.6652430091615
07	2	cdf	7	154	22.5	842.0	16.0	0.1021155697317986	156.3131911356681	43.77004245072772
07	2	cdf	7	155	90.0	598.0	6.0	0.26430101046226967	-6.7737163953461295	43.551790395394576
07	2	cdf	7	156	172.5	556.0	4.0	0.14606427501596667	51.8473126198746	35.0645107905907
07	2	cdf	7	156	172.5	822.0	18.0	0.11833388002221863	134.99450341778063	41.166941725028245
07	2	cdf	7	158	105.0	70.0	18.0	0.11213254614837215	5.878958832224381	54.541186163789426
07	2	cdf	7	158	105.0	672.0	8.0	0.30353297683547753	0.0	40.60782092658717
07	2	cdf	7	159	112.5	380.0	26.0	0.3176347011389803	13.743090116884664	61.86002358381874
07	2	cdf	7	160	82.5	28.0	6.0	0.23757212050253454	9.140652844922569	40.80212051344897
07	2	cdf	7	160	82.5	436.0	4.0	0.1444061602997152	1.30227013903889	32.90320389682646
07	2	cdf	7	160	82.5	822.0	4.0	0.2494615601724918	45.27564720696856	52.42241613659611
07	2	cdf	7	161	120.0	20.0	22.0	0.30871166515469145	-136.30379614131073	64.35653512560417
07	2	cdf	7	161	120.0	116.0	4.0	0.26194100415630434	-77.7005012736392	53.14729512360705
07	2	cdf	8	162	15.0	46.0	6.0	0.30332712404284523	48.28996282119515	43.97980831948347
07	2	cdf	8	162	15.0	596.0	16.0	0.2677823796619598	112.32322401940088	37.186638914439705
07	2	cdf	8	165	105.0	512.0	18.0	0.06896951042585095	87.27260762359668	42.804565685357154
07	2	cdf	8	168	37.5	322.0	14.0	0.6973567933661575	5.536762476516468	73.73828423315032
07	2	cdf	8	169	60.0	44.0	18.0	0.4880278918189045	127.48262171828988	76.43748604994313
07	2	cdf	8	170	142.5	588.0	16.0	0.6256656392127924	114.64368064937862	57.08207572265662
07	2	cdf	8	171	97.5	38.0	14.0	1.3188052243075188	-3.8511622764136466	122.68295869499907
07	2	cdf	8	171	97.5	352.0	14.0	1.0920443464656393	170.75486424614573	108.94024941448689
07	2	cdf	8	172	45.0	202.0	52.0	8.228176048894797	97.44882566863066	310.2456641763575
07	2	cdf	8	172	45.0	466.0	12.0	0.8861337275176724	55.217857968666785	90.13580716227493
07	2	cdf	8	174	67.5	88.0	14.0	0.688537533029544	12.226884924745343	73.13331492474997
07	2	cdf	8	174	67.5	404.0	8.0	0.2479052498218659	-1.5158852386428163	34.20405575471768
07	2	cdf	8	183	52.5	382.0	4.0	0.13125388825298134	-179.28388985715253	30.077145282113968
08	1	cdf	1	1	97.5	34.0	4.0	0.2681329362951595	-176.15099523050145	57.61309026781904
08	1	cdf	1	2	67.5	514.0	20.0	0.04043874631282726	58.15487100118807	52.1023319131355
08	1	cdf	1	3	165.0	328.0	18.0	0.25973697900367687	-133.0352633062206	62.2348148703742
08	1	cdf	1	3	165.0	564.0	16.0	0.26824548549613014	-4.197863465127141	70.92808812120539
08	1	cdf	1	3	165.0	788.0	4.0	0.23642277001477185	166.385500741717	50.547853975732174
08	1	cdf	1	4	120.0	76.0	4.0	0.2181408755792141	150.7823725544115	46.6118917140063
08	1	cdf	1	4	120.0	858.0	4.0	0.24881529004986366	-171.67232351846036	52.063828882592524
08	1	cdf	1	5	105.0	436.0	4.0	0.21212572048451955	126.5678048378976	46.55618663352164
08	1	cdf	1	7	90.0	534.0	16.0	0.2925548950328447	156.92879921982893	88.53312170100052
08	1	cdf	1	8	60.0	124.0	8.0	0.48902022814337	28.84093619276676	65.5190463287144
08	1	cdf	1	8	60.0	396.0	8.0	0.4404395609978371	-174.23695576360677	58.01504413465712
08	1	cdf	1	10	82.5	830.0	6.0	0.35798903830510126	-177.90157776257797	57.04795258718166
08	1	cdf	1	14	142.5	60.0	4.0	0.20250783476656717	-4.642697069874824	45.19417545015649
08	1	cdf	1	14	142.5	688.0	4.0	0.20700025340423178	167.19639053980282	46.84007079002934
08	1	cdf	1	15	52.5	610.0	6.0	0.2968275678216908	-161.9988523766346	50.93224233707895
08	1	cdf	1	18	172.5	296.0	4.0	0.20191957802128901	178.60446163170536	46.1540944982833
08	1	cdf	1	20	157.5	640.0	4.0	0.16612385433786356	-159.8094192008674	38.633700276176874
08	1	cdf	1	21	45.0	618.0	4.0	0.2880508899863108	-131.79303440218877	62.04361948700609
08	1	cdf	2	25	22.5	34.0	6.0	0.3397808617209886	-174.18606293847392	54.45338779141264
08	1	cdf	2	26	172.5	412.0	4.0	0.45767874812297643	-113.00802309093712	95.69110128978849
08	1	cdf	2	29	120.0	360.0	4.0	0.21007742043744576	-179.10557327447972	47.303213939140164
08	1	cdf	2	29	120.0	568.0	4.0	0.24737750414593104	-61.036696650632884	53.71610812993971
08	1	cdf	2	29	120.0	748.0	4.0	0.2784969161173802	146.80344277202883	60.59735153895686
08	1	cdf	2	37	157.5	246.0	4.0	0.27842453959376223	-133.5980239327616	61.96048984229799
08	1	cdf	2	37	157.5	858.0	4.0	0.2481815155733503	-148.5331969048823	58.087020388864225
08	1	cdf	2	38	15.0	288.0	4.0	0.30686514182242525	179.6938912484463	64.82443225379659
08	1	cdf	2	38	15.0	934.0	4.0	0.2988939669387195	-171.1631852041249	63.64001116077404
08	1	cdf	2	40	37.5	330.0	4.0	0.3732631568986456	59.93027775434195	71.33330110822024
08	1	cdf	2	40	37.5	618.0	4.0	0.3105542964858197	-111.70479791408108	62.084487435881535
08	1	cdf	2	40	37.5	792.0	16.0	1.9688547748972507	145.78099968321015	157.22324117517692
08	1	cdf	2	42	52.5	892.0	20.0	0.22083257686368563	-35.910686594831986	50.01588531023741
08	1	cdf	2	43	142.5	264.0	4.0	0.1640902006962019	179.42819258882534	36.25146572111116
08	1	cdf	2	44	30.0	352.0	4.0	0.21530404628713545	-169.46967915942096	46.50181614584736
08	1	cdf	2	44	30.0	550.0	6.0	0.3440723554639846	26.918519926197096	57.65798356427576
08	1	cdf	2	44	30.0	644.0	8.0	0.5617988115522937	-177.32306175992656	76.11974686837968
08	1	cdf	3	47	172.5	350.0	20.0	0.23989930252196917	119.05005699669763	78.41965552878875
08	1	cdf	3	49	90.0	286.0	20.0	0.2527682379843488	-173.29995757726056	60.549519015254475
08	1	cdf	3	53	97.5	630.0	4.0	0.19142377349753797	167.6362755576672	43.40814500967162
08	1	cdf	3	56	150.0	272.0	16.0	0.2133943054362335	-178.23953271089692	55.262805314444996
08	1	cdf	3	62	142.5	284.0	4.0	0.2317543851451709	-140.48440405609102	50.153634620847946
08	1	cdf	3	65	112.5	714.0	6.0	0.4292527664254603	152.47273857897645	67.1312724839292
08	1	cdf	3	67	75.0	368.0	4.0	0.30710708700428807	173.24988455586802	64.20207480571251
08	1	cdf	3	67	75.0	898.0	6.0	0.43989724746356995	-13.81496649126552	73.34367002892674
08	1	cdf	3	68	37.5	838.0	4.0	0.23366219988106526	-167.43722227523023	46.83954338698334
08	1	cdf	3	68	37.5	904.0	4.0	0.23904607677743245	-103.09199930880443	53.95484305056765
08	1	cdf	4	72	60.0	318.0	26.0	10.008839154745958	-80.22979316166048	654.4729274300759
08	1	cdf	4	73	30.0	986.0	8.0	0.3749962928601218	149.53498323385014	51.69970205674626
08	1	cdf	4	78	90.0	62.0	4.0	0.20127156631930518	162.47933415175868	45.58306264398964
08	1	cdf	4	81	150.0	188.0	10.0	0.9778477623862543	17.375344290733807	100.68929151011567
08	1	cdf	4	81	150.0	400.0	4.0	0.3303009996460268	171.14389269836832	71.83470307647107
08	1	cdf	4	81	150.0	938.0	4.0	0.2813279161095479	-158.8091672033927	61.96618199044195
08	1	cdf	4	84	97.5	802.0	6.0	0.5886247652885059	-145.14934543316068	90.38889362964179
08	1	cdf	4	84	97.5	880.0	6.0	0.4126718645400805	-166.90702229265256	68.93966142950185
08	1	cdf	4	89	7.5	366.0	8.0	0.6460807988424583	-176.067993505932	85.71463303418821
08	1	cdf	4	89	7.5	658.0	6.0	0.48510574227499	153.92096037226378	74.6558765063248
08	1	cdf	4	90	142.5	150.0	4.0	0.3111789530190253	61.741765592769006	67.87381928913818
08	1	cdf	4	92	127.5	72.0	16.0	0.28657256857449087	133.3773869617679	82.18263359815336
08	1	cdf	4	92	127.5	828.0	6.0	0.28875052011897684	135.25270035055877	48.51523175381339
08	1	cdf	5	95	15.0	134.0	10.0	0.7080259041506407	177.48129898796816	86.73887668654483
08	1	cdf	5	95	15.0	306.0	8.0	0.9053999318532014	13.278881124256841	121.6425159851913
08	1	cdf	5	96	45.0	312.0	4.0	0.25194831871978474	169.50812894214732	52.525803633280105
08	1	cdf	5	97	7.5	100.0	8.0	0.3984820500331822	162.0339801336593	55.72204940813258
08	1	cdf	5	104	97.5	240.0	6.0	0.2752756310567495	158.32290368490888	48.00258174668772
08	1	cdf	5	106	157.5	750.0	18.0	0.13846936136288773	-174.5723085485622	53.23102555010481
08	1	cdf	5	109	165.0	958.0	6.0	0.45196240559697076	-152.80209524557097	67.3548356046399
08	1	cdf	5	111	75.0	600.0	4.0	0.197188324007151	160.0710114740297	45.506116835394884
08	1	cdf	5	114	30.0	326.0	22.0	3.3798494081145916	153.85432741539552	210.9803756675559
08	1	cdf	5	114	30.0	380.0	54.0	10.051074442675835	150.84375996477215	320.06400831327943
08	1	cdf	5	114	30.0	486.0	8.0	0.7969192881067722	125.60001394171293	103.69709861403088
08	1	cdf	5	114	30.0	720.0	6.0	0.4935683824418024	137.75690960528254	83.0410506170078
08	1	cdf	5	114	30.0	890.0	56.0	15.522713213125996	-31.646918318480765	635.9062082223695
08	1	cdf	6	116	82.5	108.0	6.0	0.2966892599340422	-144.92177798596592	49.69038758757678
08	1	cdf	6	119	112.5	12.0	8.0	0.8918938456398477	-101.43769392956551	113.89522774580175
08	1	cdf	6	119	112.5	442.0	10.0	0.7394239522194196	-149.62040468481928	81.24487571465095
08	1	cdf	6	124	52.5	516.0	4.0	0.32593881820805876	-175.09692938758113	71.78195530840044
08	1	cdf	6	132	7.5	504.0	28.0	2.9195324841218135	21.95062606572759	274.6126639663496
08	1	cdf	6	132	7.5	936.0	4.0	0.29409623751797026	-174.8771112923411	62.32610580744232
08	1	cdf	6	135	157.5	284.0	6.0	0.322031522995785	-152.45224033736264	53.64880746520591
08	1	cdf	6	138	105.0	826.0	6.0	0.4270958118457949	-163.03656407019778	65.67255830110767
08	1	cdf	7	143	150.0	542.0	4.0	0.26996583570865496	-52.151755652316474	63.783930199979636
08	1	cdf	7	150	67.5	250.0	4.0	0.2546678851068968	-145.52321091329148	59.57557421295032
08	1	cdf	7	151	37.5	116.0	36.0	4.219828331724884	-164.8935173102499	347.67097054290946
08	1	cdf	7	151	37.5	276.0	46.0	7.932153689316457	96.85231580252481	374.2536222305251
08	1	cdf	7	151	37.5	524.0	8.0	0.9011534506329342	64.22267812489804	120.91814962382978
08	1	cdf	7	151	37.5	728.0	4.0	0.19275436001481994	-170.7000069318977	45.85902188164605
08	1	cdf	8	163	120.0	114.0	4.0	0.25090887391173466	-170.98593331369315	54.57845593683193
08	1	cdf	8	163	120.0	788.0	4.0	0.24730780414249467	151.9513847767636	53.13589414213986
08	1	cdf	8	164	67.5	214.0	4.0	0.2351572183972132	142.70122454338414	52.028919463605106
08	1	cdf	8	164	67.5	944.0	6.0	0.30375973055103533	177.83561694615676	50.76468156841219
08	1	cdf	8	165	97.5	36.0	16.0	1.0083023010102206	161.53540960021098	76.66082531328033
08	1	cdf	8	167	142.5	312.0	4.0	0.21399619433526837	168.97164262422655	48.63014460092861
08	1	cdf	8	168	15.0	14.0	46.0	8.093525182903589	100.57691517957063	399.0421512022663
08	1	cdf	8	168	15.0	312.0	10.0	0.6049690221919568	176.27681829724463	63.618926794929344
08	1	cdf	8	169	7.5	698.0	4.0	0.23686189847021993	172.04869340157006	53.34899694541841
08	1	cdf	8	170	37.5	918.0	6.0	0.3576362210421692	170.50521851964888	53.75323125109724
08	1	cdf	8	171	157.5	126.0	6.0	0.33185874063080884	176.6026130253035	51.17939396567332
08	1	cdf	8	171	157.5	622.0	4.0	0.2957717330214366	-176.82360825393937	64.0184591392673
08	1	cdf	8	172	112.5	652.0	4.0	0.22934583262505656	-173.8484672334372	50.409844505856455
08	1	cdf	8	175	165.0	588.0	4.0	0.37734566784016804	69.11976462179248	76.3067994248244
08	1	cdf	8	176	82.5	640.0	4.0	0.2104319920613102	-139.12666639399697	54.57533154692814
08	1	cdf	8	179	22.5	342.0	6.0	0.4398952863388947	-153.4263723428644	78.02530208627589
08	2	inverse_cdf	1	1	7.5	128.0	16.0	0.12851849753632147	52.19398276124807	52.038491635751434
08	2	inverse_cdf	1	1	7.5	890.0	18.0	0.24364031882211654	-151.94295373362488	68.32514086667409
08	2	inverse_cdf	1	2	120.0	736.0	22.0	0.39582293599807183	93.56596504283917	79.5114673953362
08	2	inverse_cdf	1	4	37.5	256.0	10.0	0.7309197537648896	-4.50204809198416	86.7582673653763
08	2	inverse_cdf	1	4	37.5	484.0	8.0	0.3793377763415212	-170.55173224784858	49.15049239729611
08	2	inverse_cdf	1	4	37.5	976.0	6.0	0.39121723874178593	-154.97715937518913	57.9668240046341
08	2	inverse_cdf	1	5	75.0	304.0	18.0	0.098779703875924	-147.92867699876157	62.012580985436905
08	2	inverse_cdf	1	5	75.0	836.0	4.0	0.11546039183632936	-5.703143054334848	27.8729203822951
08	2	inverse_cdf	1	6	172.5	68.0	16.0	0.20840550082497547	-26.129689890519312	52.81563196472456
08	2	inverse_cdf	1	6	172.5	746.0	20.0	0.22323112113461255	-179.15861133215114	75.3684632826275
08	2	inverse_cdf	1	8	60.0	774.0	18.0	0.37732072151719764	76.6742359073849	61.92614108299635
08	2	inverse_cdf	1	11	142.5	4.0	28.0	2.6384038965905745	-54.75427975155473	254.76758521315938
08	2	inverse_cdf	1	11	142.5	230.0	34.0	6.274722073406231	126.85327513563095	496.27734178125866
08	2	inverse_cdf	1	11	142.5	506.0	6.0	0.5853236835063611	-137.7530851797999	89.51195407084181
08	2	inverse_cdf	1	12	97.5	398.0	16.0	0.19491101404553907	75.36971905376059	41.62161381010575
08	2	inverse_cdf	1	13	82.5	98.0	18.0	0.07373746021037188	-159.17943395724149	52.00403101508138
08	2	inverse_cdf	1	13	82.5	562.0	20.0	0.3672542517973894	147.62805592800856	79.40684516607483
08	2	inverse_cdf	1	13	82.5	782.0	8.0	0.4949599178530713	-3.606272730230457	65.95529144964621
08	2	inverse_cdf	1	14	15.0	230.0	6.0	0.47951036818026593	-131.86697778227057	72.75294074584056
08	2	inverse_cdf	1	14	15.0	786.0	6.0	0.24494559069973237	160.86088460494852	40.011639123179506
08	2	inverse_cdf	1	15	127.5	348.0	6.0	0.236310434397134	-25.46902950027905	37.424431512328496
08	2	inverse_cdf	1	17	45.0	556.0	18.0	0.06750948822789933	95.58001027161906	48.75854801838962
08	2	inverse_cdf	1	18	52.5	84.0	16.0	0.23822919859863795	-51.68397278762565	43.502108282802
08	2	inverse_cdf	1	18	52.5	354.0	16.0	0.13296326973913333	167.17512707882452	55.73018953225712
08	2	inverse_cdf	1	20	30.0	248.0	16.0	0.24126460193148405	-144.71740534447605	61.35227987149183
08	2	inverse_cdf	1	20	30.0	964.0	6.0	0.2544919212845981	-163.92235219778755	42.8578721176684
08	2	inverse_cdf	1	21	165.0	374.0	6.0	0.2544030931833776	-170.72237494996543	44.4402602371561
08	2	inverse_cdf	1	23	90.0	754.0	18.0	0.12756500946047072	64.0603588028187	50.37212978431879
08	2	inverse_cdf	2	26	30.0	14.0	22.0	0.5578424211459572	-99.82358871387422	50.34412489309571
08	2	inverse_cdf	2	26	30.0	198.0	20.0	0.7761709374663014	-120.21339240786195	100.12168671353814
08	2	inverse_cdf	2	26	30.0	718.0	16.0	0.22790797357466921	139.12039866652884	61.0805657408374
08	2	inverse_cdf	2	27	142.5	8.0	8.0	0.40878146831081474	-1.6082976475080188	55.70172637568408
08	2	inverse_cdf	2	27	142.5	332.0	4.0	0.20969526332589225	-114.99893723797487	44.65621308885223
08	2	inverse_cdf	2	27	142.5	738.0	20.0	0.19862602039774552	157.7020503698503	54.39793348844284
08	2	inverse_cdf	2	30	75.0	4.0	22.0	3.18738904991465	-94.60451686627066	249.63672579414194
08	2	inverse_cdf	2	30	75.0	232.0	10.0	0.5766100306627188	-135.3512906420903	69.33424159457826
08	2	inverse_cdf	2	30	75.0	580.0	6.0	0.27905201597962714	-151.19533278281017	48.58944488438863
08	2	inverse_cdf	2	38	172.5	72.0	10.0	0.5485054898372357	-21.952892266094523	59.99335312232315
08	2	inverse_cdf	2	38	172.5	506.0	20.0	0.24501426382918876	157.56425507332557	56.21006325738011
08	2	inverse_cdf	2	41	135.0	598.0	22.0	0.2053479061638261	-169.42795887826404	42.553522684045944
08	2	inverse_cdf	2	42	112.5	274.0	18.0	0.21930963369180875	-145.3919374885901	67.67930040482385
08	2	inverse_cdf	2	42	112.5	766.0	16.0	0.21997088153105504	-178.71941484959925	52.76583383827939
08	2	inverse_cdf	2	43	7.5	524.0	22.0	0.7055425525176066	-158.87678785334876	128.21635702506825
08	2	inverse_cdf	2	43	7.5	686.0	20.0	0.510196357638182	-6.276395490818807	95.5641017783037
08	2	inverse_cdf	2	44	165.0	92.0	8.0	0.2937118370404162	-165.11346198235165	36.93365593828375
08	2	inverse_cdf	2	44	165.0	348.0	18.0	0.2631354063690363	148.0057153033461	50.87810745186418
08	2	inverse_cdf	2	44	165.0	918.0	20.0	0.470927585183579	-122.92878878285828	62.87543214584821
08	2	inverse_cdf	2	46	82.5	570.0	20.0	0.5239554752353383	-177.6684194969603	101.22249142650605
08	2	inverse_cdf	2	46	82.5	770.0	22.0	0.7614419305427718	0.12336106568103102	117.10837602737473
08	2	inverse_cdf	2	46	82.5	898.0	20.0	0.4930614136025241	162.7850916646003	93.08531363236122
08	2	inverse_cdf	3	48	172.5	454.0	6.0	0.2057531739313109	-29.6122601696622	34.890204693590505
08	2	inverse_cdf	3	50	112.5	448.0	6.0	0.3786834955431331	131.8586456248583	60.89976982466729
08	2	inverse_cdf	3	50	112.5	972.0	4.0	0.198562071332562	10.471987737917555	38.06820333107715
08	2	inverse_cdf	3	53	22.5	276.0	6.0	0.2392327855922778	-152.22600536665868	38.956750636174014
08	2	inverse_cdf	3	53	22.5	552.0	16.0	0.36114748964076443	106.63252179769871	63.18532819868776
08	2	inverse_cdf	3	55	165.0	288.0	28.0	2.380957915848385	-3.0818972818186885	120.2358002488172
08	2	inverse_cdf	3	55	165.0	340.0	6.0	0.6416504914632483	54.175660142376806	121.29567663871215
08	2	inverse_cdf	3	58	75.0	322.0	16.0	0.21489402992821316	-148.76427820503727	57.288895063644176
08	2	inverse_cdf	3	59	15.0	34.0	6.0	0.3014158971203338	156.92493860160167	48.11763910400166
08	2	inverse_cdf	3	59	15.0	374.0	6.0	0.4617323562008478	-102.3121142014314	75.03298127453333
08	2	inverse_cdf	3	60	82.5	240.0	6.0	0.4485273230670208	-106.5787623802741	73.89492145097155
08	2	inverse_cdf	3	60	82.5	448.0	20.0	0.20993114159328252	152.0381979788242	67.39993828509787
08	2	inverse_cdf	3	60	82.5	960.0	4.0	0.10175177583806964	-179.07592971038054	24.610618051271594
08	2	inverse_cdf	3	62	157.5	28.0	4.0	0.20736886462454648	50.13276940832476	36.92753879983607
08	2	inverse_cdf	3	62	157.5	514.0	10.0	0.287985507346519	-156.49264473920152	31.467839680310107
08	2	inverse_cdf	3	63	97.5	854.0	8.0	0.3216852060227065	171.7948052322731	41.234247392895604
08	2	inverse_cdf	3	69	60.0	766.0	6.0	0.30644465930792814	129.58398964088758	51.169727863271866
08	2	inverse_cdf	4	70	30.0	636.0	6.0	0.20839085060609475	-179.5488511846385	35.1631774021626
08	2	inverse_cdf	4	71	150.0	232.0	6.0	0.38696109747247487	-126.71932894234702	71.19892044568017
08	2	inverse_cdf	4	72	22.5	266.0	14.0	0.82950020773116	-60.75473611684273	81.63210724695895
08	2	inverse_cdf	4	73	67.5	186.0	4.0	0.3462936812057039	-117.59178367226602	73.19833539302003
08	2	inverse_cdf	4	73	67.5	632.0	12.0	0.8667020216501746	143.91998854858033	101.14477050895894
08	2	inverse_cdf	4	77	75.0	826.0	6.0	0.21501705453607056	-169.89154951049036	39.658440590670224
08	2	inverse_cdf	4	78	52.5	576.0	8.0	0.3236997494423664	-136.04401560208703	43.6974007491078
08	2	inverse_cdf	4	87	112.5	628.0	22.0	0.7246698203503016	-0.778181607515826	58.75063588002323
08	2	inverse_cdf	4	90	45.0	90.0	4.0	1.6519375114665373	48.578665654008134	393.25552631785206
08	2	inverse_cdf	4	90	45.0	240.0	16.0	2.1067248791982647	-109.13608184601908	499.02779417782784
08	2	inverse_cdf	4	90	45.0	440.0	12.0	1.562378340646237	-170.95362292179502	1060.159411729408
08	2	inverse_cdf	4	90	45.0	956.0	16.0	2.6885429072366525	-135.6604640264142	809.9538713717859
08	2	inverse_cdf	5	95	165.0	284.0	4.0	0.24515155608805725	-137.98833628567826	50.69528055065897
08	2	inverse_cdf	5	96	60.0	826.0	20.0	0.09545388087009916	118.77354906596797	46.43652394280027
08	2	inverse_cdf	5	102	75.0	300.0	10.0	0.4343686740910058	-19.191134992828644	45.15052556817113
08	2	inverse_cdf	5	102	75.0	584.0	8.0	0.4397915893645268	-151.71064282917033	58.78700601323589
08	2	inverse_cdf	5	103	45.0	466.0	6.0	0.3986759357440921	-146.2460875316926	69.91040515128412
08	2	inverse_cdf	5	105	67.5	452.0	72.0	0.7265669690323151	127.57470987788034	310.1156644434262
08	2	inverse_cdf	5	107	30.0	292.0	6.0	0.35752914662896657	50.03224528496971	69.85152367528951
08	2	inverse_cdf	5	109	150.0	120.0	6.0	0.2980551887564745	149.20257618898896	49.80826009747073
08	2	inverse_cdf	5	109	150.0	676.0	4.0	0.15298639315459375	141.5446557933443	32.304711916156215
08	2	inverse_cdf	5	109	150.0	978.0	16.0	1.364359906565467	117.42646470064591	745.3991971460913
08	2	inverse_cdf	5	113	127.5	248.0	80.0	0.7632536492486546	88.15260991742113	196.63623301121135
08	2	inverse_cdf	5	113	127.5	350.0	4.0	0.12113018545905506	-171.4301279218755	29.85448591096401
08	2	inverse_cdf	5	115	142.5	24.0	4.0	1.144686265620002	-101.76341546419727	237.73748774322416
08	2	inverse_cdf	6	117	135.0	276.0	20.0	0.44370942775494576	-142.65832738210713	76.571290612788
08	2	inverse_cdf	6	117	135.0	916.0	4.0	0.22165407848899246	-146.77776945886293	49.544409616804764
08	2	inverse_cdf	6	119	30.0	38.0	14.0	0.46235429474568684	-64.53313721141319	220.71309216154236
08	2	inverse_cdf	6	119	30.0	252.0	4.0	1.2237924152661506	-102.2532682470475	199.42133186458378
08	2	inverse_cdf	6	119	30.0	320.0	10.0	0.14675808182293681	-91.91675713172728	289.6625442090806
08	2	inverse_cdf	6	119	30.0	358.0	6.0	1.539418632083581	-101.47110193835786	253.90021149488052
08	2	inverse_cdf	6	119	30.0	400.0	40.0	0.6916353589375163	-121.08889335459732	451.0049440326184
08	2	inverse_cdf	6	121	37.5	4.0	4.0	0.18422766574066063	17.61995410614988	37.590377660013814
08	2	inverse_cdf	6	121	37.5	540.0	4.0	0.20352589479254116	-178.61501139094509	43.77731293245186
08	2	inverse_cdf	6	122	67.5	78.0	20.0	0.1483762992177073	147.20090088570885	41.40189031317282
08	2	inverse_cdf	6	128	97.5	264.0	24.0	1.3447450719988092	2.238069212856137	87.02190469822602
08	2	inverse_cdf	6	137	150.0	770.0	4.0	0.22049795063932442	46.84153764959058	48.59246268160939
08	2	inverse_cdf	7	152	120.0	572.0	4.0	0.1934897060493737	167.26573594810287	41.263545071799655
08	2	inverse_cdf	7	155	67.5	12.0	20.0	0.2923063398613142	-142.32677912065168	43.293077647667744
08	2	inverse_cdf	7	155	67.5	330.0	18.0	0.20847201222392517	1.3511229616224296	44.90738552272432
08	2	inverse_cdf	7	155	67.5	670.0	4.0	0.09242748605197562	-173.89376748228355	19.694081976833825
08	2	inverse_cdf	8	171	112.5	556.0	24.0	0.9217833870056464	-138.52176479675677	113.2435515121102
08	2	inverse_cdf	8	171	112.5	928.0	8.0	0.3703575974284555	-175.4257802068141	48.82704191982014
08	2	inverse_cdf	8	180	45.0	424.0	10.0	0.4112262527575633	-164.97099843940987	44.74042401056768
08	2	inverse_cdf	8	184	67.5	294.0	20.0	0.19514865339263188	115.93341476726643	56.29458638798985
08	2	inverse_cdf	8	184	67.5	964.0	6.0	0.2944082536823273	28.262461644048486	48.20473644510874
09	1	inverse_cdf	1	1	127.5	368.0	20.0	0.5270027503580602	-173.38993503388647	95.81538363512378
09	1	inverse_cdf	1	1	127.5	538.0	8.0	0.33150943123548104	0.5667530975133791	44.765791293758745
09	1	inverse_cdf	1	3	150.0	220.0	24.0	0.4542712774312139	-175.65798160356152	99.36909251673887
09	1	inverse_cdf	1	4	60.0	4.0	30.0	0.8017642471169918	-173.9000818363571	313.1581230251448
09	1	inverse_cdf	1	4	60.0	230.0	24.0	0.7197683236135259	20.520925166276466	112.87419990591546
09	1	inverse_cdf	1	6	52.5	334.0	22.0	0.3612042784317704	174.26983489292286	88.14717981422989
09	1	inverse_cdf	1	7	82.5	78.0	32.0	0.6486510789424957	152.9411953285836	135.06025987394173
09	1	inverse_cdf	1	7	82.5	232.0	22.0	0.4442803579141695	-4.2327311533874425	95.32686682739505
09	1	inverse_cdf	1	7	82.5	640.0	22.0	0.4211567258167744	-175.98235363470167	88.48236932148129
09	1	inverse_cdf	1	8	165.0	322.0	20.0	0.36683099628380755	-176.15478698362347	87.6711697833431
09	1	inverse_cdf	1	8	165.0	896.0	24.0	1.034084188681286	97.3864002713976	114.07996579323903
09	1	inverse_cdf	1	9	45.0	40.0	32.0	0.6244348133807338	5.122251718989762	142.7921258841031
09	1	inverse_cdf	1	9	45.0	382.0	30.0	0.2683495706064683	120.50636089228907	84.97582114358077
09	1	inverse_cdf	1	10	135.0	58.0	24.0	0.5725543673816114	12.236712187506694	145.34416574130293
09	1	inverse_cdf	1	10	135.0	358.0	20.0	0.3118402775001643	-179.69865632845548	88.07854857677135
09	1	inverse_cdf	1	11	157.5	310.0	24.0	0.4389152458820862	-172.27168242717195	106.28220837875907
09	1	inverse_cdf	1	12	105.0	58.0	32.0	0.7692151784422129	175.10708370596728	152.18440757343933
09	1	inverse_cdf	1	12	105.0	246.0	22.0	0.28547210816374347	-37.508564919679785	75.41283991845184
09	1	inverse_cdf	1	12	105.0	730.0	30.0	1.4988934956608988	170.42690758051486	235.05104571086034
09	1	inverse_cdf	1	12	105.0	978.0	18.0	2.104406818570029	-10.051864248012054	217.1572888936521
09	1	inverse_cdf	1	13	67.5	32.0	6.0	0.25640145412780374	-107.508587497211	44.716994656623584
09	1	inverse_cdf	1	13	67.5	118.0	26.0	0.9639610861499871	-141.86052081430216	183.19830184122551
09	1	inverse_cdf	1	13	67.5	350.0	24.0	0.4667664024442917	5.845600571166176	126.22875082367376
09	1	inverse_cdf	1	13	67.5	902.0	36.0	1.4167161932813956	-128.8925244201681	204.47756158025987
09	1	inverse_cdf	1	14	142.5	106.0	24.0	0.5948174098418727	177.15501285509512	166.1874855161035
09	1	inverse_cdf	1	14	142.5	258.0	20.0	0.5001449359429901	-12.114258686684032	122.70032018286548
09	1	inverse_cdf	1	14	142.5	574.0	32.0	0.4605165974027867	165.77616420388654	123.70986524152498
09	1	inverse_cdf	1	14	142.5	810.0	22.0	0.3145044193636413	-7.490529453615251	96.19711277045424
09	1	inverse_cdf	1	17	22.5	574.0	30.0	0.5302882137792874	140.4128508745609	112.73511125245135
09	1	inverse_cdf	1	17	22.5	826.0	22.0	0.2476153455590188	-23.83518136846163	78.56348348901017
09	1	inverse_cdf	1	18	112.5	36.0	34.0	0.5403887428420342	19.69051110152187	137.91427089380454
09	1	inverse_cdf	1	18	112.5	350.0	24.0	0.5616911499084654	-160.20076114322327	129.8291928118808
09	1	inverse_cdf	1	20	97.5	138.0	32.0	0.9229252046320258	-160.47546267949903	175.91893237443776
09	1	inverse_cdf	1	20	97.5	326.0	36.0	0.5094847979455399	28.039499150453885	78.94926783781132
09	1	inverse_cdf	1	23	15.0	666.0	36.0	0.4808771904652283	104.42550920360307	58.505890604432985
09	1	inverse_cdf	1	23	15.0	912.0	26.0	0.4406259981692387	-113.715060532857	78.77144961888655
09	1	inverse_cdf	2	25	67.5	582.0	32.0	0.6383052494065149	161.57008561630997	118.01082260906117
09	1	inverse_cdf	2	25	67.5	900.0	34.0	0.9324520441113819	30.21542159117795	169.7540811067772
09	1	inverse_cdf	2	26	157.5	86.0	24.0	0.436558991071363	-122.26657838242448	115.0923324819402
09	1	inverse_cdf	2	26	157.5	358.0	16.0	0.25382450921331307	98.55279854647415	49.05220295057415
09	1	inverse_cdf	2	27	60.0	614.0	34.0	0.8588014318189104	20.226675575089146	163.13767561281205
09	1	inverse_cdf	2	27	60.0	964.0	22.0	0.43684768804729496	-174.6131955675939	99.97771877003434
09	1	inverse_cdf	2	30	37.5	60.0	34.0	0.529891974114681	-26.473611649947166	107.8135338167837
09	1	inverse_cdf	2	30	37.5	290.0	24.0	0.5406152009454634	163.60860132316103	124.50276270731997
09	1	inverse_cdf	2	30	37.5	760.0	38.0	1.1356270608152355	48.33198832734852	119.66622745755255
09	1	inverse_cdf	2	30	37.5	962.0	26.0	0.9314294833281759	-151.13432248134245	177.9271792292054
09	1	inverse_cdf	2	32	97.5	24.0	22.0	0.4230186138516869	162.63150058491655	121.97679184237592
09	1	inverse_cdf	2	32	97.5	440.0	20.0	0.27959385956782057	-26.846483248279693	65.89731810697145
09	1	inverse_cdf	2	32	97.5	778.0	22.0	0.3163998594039005	168.63914159445898	102.35020260395503
09	1	inverse_cdf	2	34	112.5	8.0	22.0	0.41593156460709735	-7.9360894122783225	111.19553572757664
09	1	inverse_cdf	2	34	112.5	534.0	24.0	0.42337955131526767	-171.30782001703437	123.92900662531434
09	1	inverse_cdf	2	34	112.5	798.0	24.0	0.18154486989248797	40.58936756480855	104.50236171789571
09	1	inverse_cdf	2	36	45.0	36.0	22.0	0.4044419609476486	55.384164173717885	93.64562579802354
09	1	inverse_cdf	2	36	45.0	350.0	22.0	0.20666779046742645	159.5656587404389	84.26129448857584
09	1	inverse_cdf	2	38	135.0	142.0	40.0	1.8251637608294704	-4.277313996386333	275.908956600543
09	1	inverse_cdf	2	38	135.0	938.0	36.0	1.1843033779269747	35.2893876608235	170.30717239531884
09	1	inverse_cdf	2	39	120.0	216.0	22.0	0.27686064263318083	-169.76126524203744	92.05437249439429
09	1	inverse_cdf	2	40	7.5	74.0	22.0	0.3729084117901604	112.51420203093012	44.1171067393508
09	1	inverse_cdf	2	40	7.5	968.0	26.0	0.5767480863923169	171.9888250772333	153.2189849713345
09	1	inverse_cdf	2	41	150.0	322.0	6.0	0.2970701277773311	-6.023375863056709	47.825625683244304
09	1	inverse_cdf	2	41	150.0	572.0	24.0	0.34316498680924556	-178.35635418665535	118.08077123947511
09	1	inverse_cdf	2	41	150.0	814.0	20.0	0.3057642702308021	-6.778142455041064	73.6827384440957
09	1	inverse_cdf	2	42	75.0	4.0	6.0	0.32982696597555633	171.9966905845426	57.578191271311006
09	1	inverse_cdf	2	42	75.0	884.0	24.0	0.4176871403499573	154.6563840763327	131.50905456111508
09	1	inverse_cdf	2	44	22.5	30.0	22.0	0.7334226936800133	-167.33878296298747	100.49402155886754
09	1	inverse_cdf	2	44	22.5	628.0	26.0	1.093043159393998	139.5692575390609	167.1193334709436
09	1	inverse_cdf	2	44	22.5	838.0	26.0	1.242575342131405	-1.059398585211599	224.87029394070294
09	1	inverse_cdf	2	45	82.5	118.0	32.0	0.39457115375699103	-49.54350828940754	77.81352385076444
09	1	inverse_cdf	2	45	82.5	548.0	34.0	0.5409345746111629	-166.1383270542145	128.99610536163124
09	1	inverse_cdf	2	46	127.5	4.0	8.0	0.4954291905602436	6.462415361908244	66.11468050100622
09	1	inverse_cdf	2	46	127.5	584.0	6.0	0.21461776636201532	126.61685270194718	31.805238315338073
09	1	inverse_cdf	3	48	82.5	380.0	30.0	0.3323228695753574	138.22249999006277	90.29191202413114
09	1	inverse_cdf	3	50	60.0	4.0	20.0	1.1377993115451055	-74.77953890374614	74.42324669247488
09	1	inverse_cdf	3	50	60.0	320.0	20.0	0.24648820528604581	120.84485749507984	110.8681267343824
09	1	inverse_cdf	3	50	60.0	600.0	20.0	0.520976081592074	79.28795157494311	71.31810493213979
09	1	inverse_cdf	3	51	150.0	228.0	18.0	0.4508634152330708	-16.052277352747904	71.7927282493415
09	1	inverse_cdf	3	51	150.0	670.0	28.0	1.1959363344300467	151.92680732964044	193.30502095981115
09	1	inverse_cdf	3	51	150.0	896.0	22.0	0.9095971575938562	-13.03170803909748	156.30164115915736
09	1	inverse_cdf	3	52	135.0	538.0	24.0	0.5377376804301165	-168.3870044021645	127.2857981016427
09	1	inverse_cdf	3	52	135.0	614.0	82.0	1.490441717666181	177.161631866683	316.8780194981412
09	1	inverse_cdf	3	52	135.0	796.0	30.0	1.5126501487232071	-5.724900155062931	235.12891697941308
09	1	inverse_cdf	3	54	52.5	106.0	26.0	0.7190772596451056	172.13197042835623	144.2089452930145
09	1	inverse_cdf	3	54	52.5	306.0	18.0	0.5877207244460012	1.2794485405259006	97.4031327392103
09	1	inverse_cdf	3	54	52.5	754.0	22.0	0.24612102648180645	88.85369179886533	77.09508693436885
09	1	inverse_cdf	3	55	127.5	288.0	18.0	0.1707763849631786	-106.17890050439566	26.652882242624607
09	1	inverse_cdf	3	55	127.5	866.0	30.0	0.4519931029810841	70.70562985739613	72.08450344112775
09	1	inverse_cdf	3	57	22.5	28.0	30.0	1.9742040772672687	175.61522661842392	243.85032990882075
09	1	inverse_cdf	3	57	22.5	200.0	26.0	1.3378400202271463	-6.123384455785009	210.49134644518358
09	1	inverse_cdf	3	57	22.5	420.0	22.0	0.4356694642443385	7.790176654021234	78.894891568362
09	1	inverse_cdf	3	58	90.0	384.0	24.0	0.2530884165656071	177.02694063495903	58.049584684874084
09	1	inverse_cdf	3	58	90.0	674.0	30.0	1.1343415653288338	112.18552093898951	124.0197309503167
09	1	inverse_cdf	3	58	90.0	906.0	32.0	1.2804149648514007	-35.135809777984235	191.5630543699778
09	1	inverse_cdf	3	59	15.0	108.0	20.0	0.30748398700189566	46.065058699621254	50.852684060653544
09	1	inverse_cdf	3	59	15.0	538.0	22.0	0.34400766841325664	-175.62438106533992	78.96757669108277
09	1	inverse_cdf	3	59	15.0	872.0	38.0	1.1672481166142432	64.87218684492025	139.68103127341044
09	1	inverse_cdf	3	60	142.5	554.0	24.0	0.35474982835954294	-177.87981501487988	78.96478297504693
09	1	inverse_cdf	3	61	120.0	304.0	22.0	0.3112620895534038	7.57238873130494	75.61660140406437
09	1	inverse_cdf	3	61	120.0	540.0	22.0	0.4623555900540656	175.93056760491993	98.35626226795071
09	1	inverse_cdf	3	62	157.5	222.0	20.0	0.4329076259179941	17.192812724825906	63.65785038167359
09	1	inverse_cdf	3	63	67.5	592.0	24.0	0.3548628039496667	171.76212745503648	101.64822942705791
09	1	inverse_cdf	3	64	165.0	564.0	26.0	0.5622325006171889	160.03570310589183	121.59956940668147
09	1	inverse_cdf	3	64	165.0	804.0	22.0	0.4973779774428186	-1.1341968610035609	100.77793580705479
09	1	inverse_cdf	3	65	172.5	54.0	22.0	0.8200269132818413	-142.24006803790792	137.0172027138374
09	1	inverse_cdf	3	65	172.5	334.0	20.0	0.22871291533640534	-53.44359944169321	68.68002957209079
09	1	inverse_cdf	3	65	172.5	642.0	20.0	0.412876639332462	145.3730445568219	103.13383490729794
09	1	inverse_cdf	3	66	105.0	542.0	32.0	0.2717275970473498	172.0225947859125	104.51065818332955
09	1	inverse_cdf	3	67	7.5	324.0	30.0	0.18229236835254387	177.93773929111057	68.82442996085045
09	1	inverse_cdf	3	68	37.5	308.0	24.0	0.4055250727942954	-149.0903289876036	114.29605799279156
09	1	inverse_cdf	3	68	37.5	570.0	32.0	1.0670416007206158	67.76766685118639	90.51143553499561
09	1	inverse_cdf	3	68	37.5	766.0	28.0	1.7720817306550514	101.26946483564998	176.42066346762286
09	1	inverse_cdf	3	69	30.0	242.0	20.0	0.48417547464671584	180.0	100.0454896641227
09	1	inverse_cdf	3	69	30.0	578.0	22.0	0.3904471210254796	-8.943072057539998	83.02298264331684
09	1	inverse_cdf	4	70	97.5	174.0	32.0	2.6961499050530993	107.57389050029225	278.4515015456547
09	1	inverse_cdf	4	71	150.0	252.0	24.0	0.46760583902908726	-162.01842602838954	125.00298398077925
09	1	inverse_cdf	4	71	150.0	540.0	18.0	0.0423447658816278	35.524670595733475	68.98477882773956
09	1	inverse_cdf	4	72	45.0	200.0	22.0	0.3774759202416982	-170.74801120320112	96.11442751651656
09	1	inverse_cdf	4	72	45.0	618.0	24.0	0.36862147518431404	163.18595893320705	117.471367458273
09	1	inverse_cdf	4	73	37.5	300.0	18.0	0.18863730019304528	10.523204131475532	64.96717054448536
09	1	inverse_cdf	4	73	37.5	528.0	22.0	0.47588071105747354	126.87811807925526	79.98241904157842
09	1	inverse_cdf	4	73	37.5	818.0	4.0	0.13852824003213665	-13.70380413222298	29.14115777523347
09	1	inverse_cdf	4	74	120.0	186.0	12.0	0.2869847446702257	89.672359901199	37.0381816262328
09	1	inverse_cdf	4	74	120.0	568.0	18.0	0.5699806574681656	68.3724005366346	78.85809086144879
09	1	inverse_cdf	4	77	172.5	44.0	22.0	0.4885677848001626	-157.4918296210366	102.55799877014707
09	1	inverse_cdf	4	77	172.5	548.0	6.0	0.16019689790912314	150.55750334296673	27.76436227890577
09	1	inverse_cdf	4	78	60.0	4.0	50.0	0.8356200344556437	36.93853327910892	155.02704861621172
09	1	inverse_cdf	4	78	60.0	306.0	22.0	0.4404217617730117	174.2301824118197	109.98171517756279
09	1	inverse_cdf	4	78	60.0	556.0	22.0	0.4279566228855497	-13.06860649538263	94.00397973485114
09	1	inverse_cdf	4	78	60.0	938.0	22.0	0.4239313600528279	166.34966377555227	114.91827038460914
09	1	inverse_cdf	4	79	90.0	118.0	28.0	1.4118486541266715	-17.718062706553887	208.28811591372767
09	1	inverse_cdf	4	79	90.0	544.0	28.0	0.23037119330911537	121.33222846565467	81.22870484670337
09	1	inverse_cdf	4	79	90.0	688.0	20.0	0.32148706296948726	25.37321536516577	59.73670331602703
09	1	inverse_cdf	4	80	15.0	432.0	30.0	0.10780697113208988	123.23438674403856	84.77054412994086
09	1	inverse_cdf	4	82	142.5	16.0	22.0	0.6908069125911558	174.55054760489125	122.32404218534076
09	1	inverse_cdf	4	82	142.5	650.0	26.0	0.8916180303451434	138.5114965729296	156.47615307612705
09	1	inverse_cdf	4	82	142.5	944.0	28.0	1.5651311519706244	42.15243934918148	206.88056262604738
09	1	inverse_cdf	4	83	112.5	80.0	20.0	0.2603975091014779	34.977260874601555	77.29185113815392
09	1	inverse_cdf	4	83	112.5	570.0	22.0	0.4543569862229039	147.70195488559716	112.2787031012974
09	1	inverse_cdf	4	84	82.5	580.0	30.0	0.5428659339185765	148.48912448825843	131.17315758035517
09	1	inverse_cdf	4	85	52.5	10.0	6.0	0.6586843977141029	-94.71658238627408	94.43574951859513
09	1	inverse_cdf	4	85	52.5	38.0	4.0	0.2547758929784463	-103.40974169378299	51.48502702361858
09	1	inverse_cdf	4	85	52.5	368.0	16.0	0.145836738699507	107.01415024625896	39.0415962048097
09	1	inverse_cdf	4	85	52.5	826.0	34.0	0.9162776340009567	84.75853061700677	97.23247418867602
09	1	inverse_cdf	4	86	30.0	108.0	4.0	0.14019524296634475	38.337796148514734	27.76637616699257
09	1	inverse_cdf	4	86	30.0	584.0	22.0	0.9738953305913587	136.30061985066592	126.33631696640978
09	1	inverse_cdf	4	86	30.0	812.0	34.0	1.1843426128902546	15.019251841070593	186.34625406284746
09	1	inverse_cdf	4	90	157.5	60.0	34.0	1.0503695857800082	-161.23175291637978	172.80804852600411
09	1	inverse_cdf	4	90	157.5	266.0	22.0	0.4167929553739699	8.825969040426289	102.19159595813744
09	1	inverse_cdf	4	90	157.5	926.0	20.0	0.31673583290672536	103.17946745660116	44.22738787531611
09	1	inverse_cdf	4	91	75.0	510.0	22.0	0.3649431817710695	127.70698883474115	46.61388481167427
09	1	inverse_cdf	4	92	67.5	58.0	24.0	0.5369569191195159	169.7987528015694	137.72878150917924
09	1	inverse_cdf	4	92	67.5	272.0	22.0	0.09514985835449932	-43.58040819224135	62.733428392926086
09	1	inverse_cdf	5	93	112.5	296.0	6.0	0.17876963063210805	-15.426464645911393	26.502608904623095
09	1	inverse_cdf	5	95	30.0	192.0	20.0	0.9165943109399677	177.641178792	112.86033984790657
09	1	inverse_cdf	5	97	165.0	114.0	24.0	1.5454010469720885	-0.6080362157667935	193.0709432469825
09	1	inverse_cdf	5	97	165.0	346.0	20.0	0.43830775218441903	-14.962691249121653	85.22519274886903
09	1	inverse_cdf	5	97	165.0	592.0	20.0	0.9487009809121476	126.64377779849005	96.83006949521533
09	1	inverse_cdf	5	98	60.0	522.0	26.0	1.069501775993137	151.0049497840596	151.12988339032094
09	1	inverse_cdf	5	100	75.0	586.0	20.0	0.397104503212257	142.90897487347806	56.7961217740824
09	1	inverse_cdf	5	101	7.5	310.0	20.0	0.27776704762810184	-128.7803848483166	48.865818300932425
09	1	inverse_cdf	5	101	7.5	626.0	18.0	0.43064816233186437	46.68464534181871	74.87742930912219
09	1	inverse_cdf	5	104	142.5	288.0	24.0	0.6694867363576658	168.6971550725187	141.40789411531796
09	1	inverse_cdf	5	104	142.5	466.0	24.0	0.5908561810525825	-0.1590629391685483	102.72321734356073
09	1	inverse_cdf	5	104	142.5	972.0	22.0	0.7891414981457873	-176.66294830372587	123.72466252589031
09	1	inverse_cdf	5	105	120.0	554.0	12.0	0.3984836420151437	175.2765976625424	41.79893008489439
09	1	inverse_cdf	5	106	97.5	334.0	6.0	0.2774865788572466	-173.5520600855926	41.65967576997165
09	1	inverse_cdf	5	106	97.5	658.0	22.0	0.4309424077345448	-47.90934697641754	107.56785973880758
09	1	inverse_cdf	5	106	97.5	944.0	26.0	0.8265236810644949	167.15957246222416	140.23621619773652
09	1	inverse_cdf	5	107	172.5	326.0	22.0	0.2759201299956996	109.0951713426331	61.40583458131352
09	1	inverse_cdf	5	108	22.5	260.0	24.0	0.5594988995783107	173.94063211275704	84.41443604725866
09	1	inverse_cdf	5	109	82.5	68.0	24.0	0.8041519484796082	-3.7419234770583643	132.29102017184417
09	1	inverse_cdf	5	110	67.5	198.0	26.0	0.4466724972381926	166.83801020855455	112.1987144464826
09	1	inverse_cdf	5	110	67.5	550.0	20.0	0.1998166937097722	162.31551034844236	39.206499099360684
09	1	inverse_cdf	5	111	105.0	550.0	24.0	0.26587077613231935	-173.6270220621838	97.04115812822171
09	1	inverse_cdf	5	114	90.0	596.0	4.0	0.13109862736133335	44.47180332208389	26.592319620670573
09	1	inverse_cdf	5	115	37.5	304.0	18.0	0.020560128103677227	-151.408319205716	44.58770381584628
09	1	inverse_cdf	6	116	105.0	386.0	22.0	0.2691529826713639	-173.70208332852735	90.49958524259507
09	1	inverse_cdf	6	116	105.0	618.0	8.0	0.27550902838309704	5.809251670774431	38.73000562747013
09	1	inverse_cdf	6	117	150.0	114.0	26.0	0.8984221700402799	171.92066140682974	171.04337701719714
09	1	inverse_cdf	6	117	150.0	298.0	22.0	0.31657131873906325	-17.48276484504536	68.8858463038549
09	1	inverse_cdf	6	118	142.5	308.0	24.0	0.4758353852584338	167.45613684552615	109.10038405679279
09	1	inverse_cdf	6	119	112.5	326.0	30.0	0.09660682532564244	-20.874466218112243	49.801895717703644
09	1	inverse_cdf	6	120	90.0	416.0	20.0	0.3037329650355447	139.63351504477305	69.17454989935429
09	1	inverse_cdf	6	122	120.0	984.0	12.0	1.3965897701221426	167.8623419629165	150.06324162565002
09	1	inverse_cdf	6	124	45.0	54.0	22.0	0.4443691896812502	143.27186462302072	132.08743133922874
09	1	inverse_cdf	6	124	45.0	304.0	18.0	0.22516815905923962	-75.6517381704308	41.76074650557294
09	1	inverse_cdf	6	124	45.0	668.0	26.0	0.8965054071218901	150.3907093694849	197.65690876648517
09	1	inverse_cdf	6	124	45.0	888.0	32.0	0.7162252681222722	-12.568056073239195	138.11789692189228
09	1	inverse_cdf	6	125	7.5	314.0	26.0	0.4546413256940796	179.379763769641	122.98737166255208
09	1	inverse_cdf	6	125	7.5	522.0	24.0	0.3254287265337352	10.455396893314193	93.41741686228075
09	1	inverse_cdf	6	127	22.5	64.0	32.0	0.7730363613618839	165.49788612708772	158.816135686698
09	1	inverse_cdf	6	127	22.5	270.0	20.0	0.5025094476702741	-8.258738367738525	87.95934515282924
09	1	inverse_cdf	6	130	127.5	326.0	28.0	0.2821043213756448	24.016853302868682	93.8975487334801
09	1	inverse_cdf	6	132	172.5	366.0	22.0	0.17471104621686204	152.01056308380606	78.55282058200333
09	1	inverse_cdf	6	133	82.5	68.0	26.0	0.345892943689757	95.71853744766086	57.35781504055336
09	1	inverse_cdf	6	134	157.5	260.0	22.0	0.38751901137378314	-174.41454392479423	95.86573571267705
09	1	inverse_cdf	6	134	157.5	774.0	18.0	0.11919116010948215	82.08585339282975	42.0784782838961
09	1	inverse_cdf	6	135	52.5	20.0	24.0	0.47960792494547	169.1576357006491	127.34812002245754
09	1	inverse_cdf	6	135	52.5	250.0	20.0	0.2922631649773022	-1.6082115880476264	52.189594352754256
09	1	inverse_cdf	6	135	52.5	650.0	24.0	0.38730819794480664	166.03030374029015	120.52009069172018
09	1	inverse_cdf	6	137	97.5	218.0	12.0	0.45975147224970353	14.673359384116358	55.47177038151479
09	1	inverse_cdf	6	138	165.0	40.0	26.0	0.6138641789086329	-161.62116626990664	126.66350540578146
09	1	inverse_cdf	6	138	165.0	252.0	18.0	0.2439007869544538	-5.401527824975064	48.43424522301643
09	1	inverse_cdf	7	139	15.0	96.0	26.0	0.6741658059238206	176.51154450946586	136.85267341559134
09	1	inverse_cdf	7	139	15.0	282.0	20.0	0.6472442072482748	-13.785955459063473	87.31013767526103
09	1	inverse_cdf	7	139	15.0	992.0	4.0	0.3082833965232496	-161.38068823752116	100.70226448894604
09	1	inverse_cdf	7	146	90.0	226.0	18.0	0.5035117670399828	-19.604080982247037	68.28464274349136
09	1	inverse_cdf	7	148	22.5	28.0	22.0	0.5528744548943504	-8.704428789384611	122.97722129973424
09	1	inverse_cdf	7	148	22.5	708.0	22.0	0.14378893228312883	106.58058543809922	75.55813033606255
09	1	inverse_cdf	7	149	52.5	346.0	24.0	0.41922358054531883	173.93589748128014	108.06741938145068
09	1	inverse_cdf	7	149	52.5	564.0	18.0	0.3035325742175075	21.5580391782216	64.00581324581061
09	1	inverse_cdf	7	149	52.5	852.0	26.0	0.7717166673289624	157.3708469189372	181.59587224300222
09	1	inverse_cdf	7	150	75.0	110.0	22.0	0.32634409510387397	-122.89934784351621	51.74083101860929
09	1	inverse_cdf	7	150	75.0	550.0	34.0	0.7485271211454062	32.182813836992935	102.6237024023874
09	1	inverse_cdf	7	150	75.0	928.0	26.0	1.1294550267255605	162.4108432400133	199.08368970920515
09	1	inverse_cdf	7	153	67.5	6.0	4.0	0.1957089697442807	-72.93134558112625	45.41343277976117
09	1	inverse_cdf	7	153	67.5	622.0	14.0	0.24496840606206155	107.9502741106213	42.77844207513567
09	1	inverse_cdf	7	154	97.5	270.0	24.0	0.4416021327973969	174.88449705746135	95.65668612404149
09	1	inverse_cdf	7	154	97.5	540.0	10.0	0.3735995104183075	-4.281209928666344	42.188530701358964
09	1	inverse_cdf	7	155	60.0	634.0	32.0	0.49284966442050476	148.4872283807335	133.3707773985635
09	1	inverse_cdf	7	156	112.5	4.0	8.0	0.6100481072379729	3.699555528915544	92.43436127081071
09	1	inverse_cdf	7	156	112.5	240.0	22.0	0.35080566144550906	-18.251937062475584	73.41829605439929
09	1	inverse_cdf	7	156	112.5	552.0	22.0	0.2215843893833188	134.7219900743376	80.09171222706402
09	1	inverse_cdf	7	157	82.5	240.0	20.0	0.2781950499365719	-49.53575229714003	59.25909159484009
09	1	inverse_cdf	7	158	105.0	66.0	30.0	0.5066764005900593	-103.67810330681607	103.7209561695404
09	1	inverse_cdf	7	159	45.0	608.0	30.0	0.4152751020525439	-121.44583630208069	84.46994830739278
09	1	inverse_cdf	7	159	45.0	860.0	34.0	0.5238742818058745	1.9735694181204413	151.84620029421512
09	1	inverse_cdf	7	160	37.5	304.0	20.0	0.4217991800571627	157.83343856299203	81.84630693739308
09	1	inverse_cdf	7	160	37.5	700.0	34.0	1.2253062986439607	64.70433049922954	122.60848578176866
09	1	inverse_cdf	7	161	165.0	588.0	26.0	0.22103891164721332	40.76617478084705	78.72035542196764
09	1	inverse_cdf	8	162	22.5	334.0	22.0	0.3237633388214492	136.4622001456511	98.74924766918677
09	1	inverse_cdf	8	162	22.5	848.0	20.0	0.4623028122683842	22.093800875266606	96.20104436198284
09	1	inverse_cdf	8	164	60.0	6.0	38.0	0.5408879342637942	-54.3660234680601	104.58313719118831
09	1	inverse_cdf	8	164	60.0	932.0	42.0	1.3219171598932449	125.61054889350173	193.7786594279258
09	1	inverse_cdf	8	166	45.0	116.0	28.0	1.2640530093200952	7.380688424300022	209.98210462925692
09	1	inverse_cdf	8	169	7.5	584.0	26.0	0.2968374481278429	130.30974962415996	62.82452205462793
09	1	inverse_cdf	8	172	142.5	622.0	24.0	0.1891849662777786	101.50984414004358	94.29433622914965
09	1	inverse_cdf	8	173	165.0	604.0	24.0	0.3125153344399512	-127.15345886278168	116.89971552879611
09	1	inverse_cdf	8	174	52.5	634.0	28.0	0.17446358754631083	-168.06605443485955	64.15806500582845
09	1	inverse_cdf	8	175	75.0	544.0	28.0	0.08056074192458212	-33.35278785639573	73.23031285610932
09	1	inverse_cdf	8	175	75.0	798.0	20.0	0.3266798320302555	178.84901848080742	78.41814933055788
09	1	inverse_cdf	8	176	67.5	46.0	74.0	0.325920583712183	172.77186675370683	242.85513958036705
09	1	inverse_cdf	8	176	67.5	532.0	22.0	0.2914736285280796	-155.03799338470347	82.5478985101497
09	1	inverse_cdf	8	177	135.0	126.0	22.0	0.270904547569377	170.94323802651007	91.68081790253956
09	1	inverse_cdf	8	177	135.0	568.0	16.0	0.3282289908483168	104.18306812220494	53.39795013821144
09	1	inverse_cdf	8	178	37.5	550.0	24.0	0.3759222194473303	135.72735413446125	123.81930686187441
09	1	inverse_cdf	8	178	37.5	762.0	22.0	0.321768198127611	-18.423834322629812	96.55826215106882
09	1	inverse_cdf	8	180	150.0	4.0	10.0	0.8278190103694836	177.50221883668138	102.4921084914728
09	1	inverse_cdf	8	180	150.0	254.0	22.0	0.502386975810654	175.13107081037413	119.266144350245
09	1	inverse_cdf	8	184	120.0	224.0	20.0	0.3528211104432727	-12.344121766679669	74.96551587088722
09	2	cdf	1	1	37.5	364.0	8.0	0.6033014702282987	167.5922729841234	84.12985226035146
09	2	cdf	1	3	60.0	298.0	18.0	0.23373142003004255	141.8508961575349	53.478231224942576
09	2	cdf	1	3	60.0	946.0	18.0	0.6529880265019864	160.4787840911104	102.46099899594824
09	2	cdf	1	5	67.5	34.0	24.0	1.6307334182482085	177.80828091737084	198.9806680768884
09	2	cdf	1	5	67.5	204.0	12.0	0.95951890790622	-8.656760871132011	103.81249561324628
09	2	cdf	1	7	30.0	236.0	18.0	0.6936997717361552	169.77975149640832	106.66758736454555
09	2	cdf	1	7	30.0	686.0	26.0	1.0382446398174374	-9.553154590883857	188.63019986539553
09	2	cdf	1	7	30.0	976.0	14.0	1.8675408712221941	172.37536194674516	176.89029081245297
09	2	cdf	1	8	165.0	344.0	8.0	0.5015628660883727	165.60428474501236	67.63806349527057
09	2	cdf	1	8	165.0	490.0	8.0	0.31385142185276543	10.542971712720421	39.55105212040236
09	2	cdf	1	8	165.0	928.0	24.0	0.5345456945200331	171.34884841339996	101.22411270781384
09	2	cdf	1	10	112.5	278.0	18.0	0.3946396614095425	133.65310855936931	55.90336671682512
09	2	cdf	1	10	112.5	940.0	22.0	0.3694598331836937	164.54354344078976	89.56527312882615
09	2	cdf	1	11	120.0	584.0	22.0	0.06168542715953532	61.38454291212667	58.853132197822674
09	2	cdf	1	12	127.5	240.0	20.0	0.42098066288448815	150.8445056530726	99.10631254996109
09	2	cdf	1	17	7.5	306.0	22.0	0.11618647614981072	143.62505431170953	110.79741755124665
09	2	cdf	1	18	135.0	640.0	38.0	0.8661103815452896	27.783772386971375	126.05575995280778
09	2	cdf	1	18	135.0	966.0	24.0	0.9045150837895927	-156.35977407733074	174.00643356284496
09	2	cdf	1	19	82.5	306.0	24.0	0.6624926571092393	-129.17738485718036	158.47633294966028
09	2	cdf	1	19	82.5	556.0	20.0	0.4425785054926968	10.680361402410695	91.86251700492919
09	2	cdf	1	19	82.5	922.0	26.0	0.8667369837706104	157.52039256936044	193.36040175368817
09	2	cdf	1	20	90.0	140.0	22.0	0.7213434555835967	-173.861485396075	186.88594800248904
09	2	cdf	1	20	90.0	290.0	22.0	0.5180189112961445	-19.23560802505358	107.04795048072364
09	2	cdf	1	20	90.0	960.0	24.0	0.6379527635717005	141.6864539130411	151.7672587632427
09	2	cdf	1	21	97.5	94.0	44.0	5.210636458564049	71.14955405652822	290.7850568123101
09	2	cdf	1	21	97.5	358.0	8.0	0.47804069090881757	72.6214285735819	63.8540596942109
09	2	cdf	1	21	97.5	982.0	10.0	1.0107415906115322	167.81340285326164	118.89249363284746
09	2	cdf	1	22	105.0	328.0	22.0	0.34678048262936245	162.93895428465365	82.60986419376226
09	2	cdf	2	25	7.5	570.0	22.0	0.4679423178733752	-139.55803773455517	102.42535350697773
09	2	cdf	2	25	7.5	808.0	18.0	0.2430174156757356	1.9343853055997775	59.79503514003806
09	2	cdf	2	26	142.5	364.0	28.0	0.5328522537874057	38.24677767951677	93.06239586698506
09	2	cdf	2	26	142.5	758.0	28.0	0.8698456746774128	179.45945748046657	191.27877268344434
09	2	cdf	2	28	172.5	636.0	24.0	0.6745993480134124	175.95488310144395	150.25319999951918
09	2	cdf	2	29	120.0	74.0	20.0	0.3637962365811536	-109.50283319055252	87.39990367284646
09	2	cdf	2	31	105.0	4.0	52.0	3.8386436031969184	-28.670414509271318	511.7771543720739
09	2	cdf	2	31	105.0	602.0	22.0	0.6274923499128391	-5.252604320728732	160.90152348387164
09	2	cdf	2	31	105.0	862.0	26.0	1.6888529927090792	146.03104998201636	241.7121203570311
09	2	cdf	2	33	60.0	4.0	14.0	0.5611574719174642	-139.73242710642785	142.19162887459012
09	2	cdf	2	33	60.0	246.0	22.0	0.49349101078036234	-175.99516053408757	99.42848824076958
09	2	cdf	2	33	60.0	538.0	20.0	0.27949465475396135	22.802341909156286	48.0467206194688
09	2	cdf	2	33	60.0	992.0	4.0	0.29565276657649464	177.45468110046406	127.20327076499514
09	2	cdf	2	34	22.5	212.0	22.0	0.42674232473858253	-151.26699218996313	98.90622326342891
09	2	cdf	2	34	22.5	760.0	26.0	1.0244640115142747	174.11658153479894	189.74474033867156
09	2	cdf	2	35	75.0	744.0	22.0	0.725142889247989	157.09688006581953	161.6186579024994
09	2	cdf	2	36	112.5	648.0	20.0	1.1325299742022397	37.59740404668545	116.24799156925756
09	2	cdf	2	36	112.5	860.0	24.0	1.0512815575796277	-162.46388275763002	199.0504737739228
09	2	cdf	2	39	67.5	42.0	26.0	0.8432720738074198	-47.67674702761526	131.45155520524858
09	2	cdf	2	39	67.5	332.0	24.0	0.8323455075933677	157.02326238896217	163.9422872335461
09	2	cdf	2	40	37.5	684.0	22.0	1.3767197842876902	125.49009104312826	184.2748994009308
09	2	cdf	2	41	127.5	50.0	40.0	1.4098922605663888	163.5678164309349	236.14881854226698
09	2	cdf	2	41	127.5	222.0	22.0	0.7776636698445331	-11.072909324676525	166.25995084896118
09	2	cdf	2	41	127.5	546.0	24.0	1.020374881239036	161.33144963629266	182.54091818960302
09	2	cdf	2	41	127.5	896.0	26.0	1.1052763003736772	-33.12416939750254	227.77988660915383
09	2	cdf	2	42	135.0	4.0	126.0	4.572593660622263	48.210700048973145	514.4671566270029
09	2	cdf	2	43	157.5	384.0	22.0	0.6934670070766383	-166.58938265513154	147.27575314052055
09	2	cdf	2	43	157.5	566.0	10.0	0.5855158325388556	9.35615531131277	67.60153619723893
09	2	cdf	2	44	52.5	956.0	24.0	0.5029652107086311	-176.82003459650502	116.27346252485854
09	2	cdf	2	45	15.0	134.0	4.0	0.13751953347719165	160.4809425958842	27.532457314991493
09	2	cdf	2	45	15.0	192.0	26.0	0.637584476259238	169.47076420057695	126.83313345129281
09	2	cdf	2	45	15.0	246.0	4.0	0.10932187145153506	172.23572647853746	23.516406367149802
09	2	cdf	2	46	45.0	4.0	58.0	3.366616371314588	-53.055440383501804	527.4300588813359
09	2	cdf	2	46	45.0	92.0	20.0	0.6130006153268959	-59.24926820917382	91.3850334293165
09	2	cdf	2	46	45.0	568.0	20.0	0.48695865761841717	124.01748503212556	79.48213736247997
09	2	cdf	3	47	7.5	314.0	22.0	0.39246850658585	-150.4353262156668	109.88451185133182
09	2	cdf	3	47	7.5	600.0	10.0	0.4579156184329655	180.0	50.87954269619799
09	2	cdf	3	47	7.5	782.0	22.0	0.462955796853146	18.818875168983084	115.94676099306048
09	2	cdf	3	47	7.5	990.0	4.0	0.14119650388155075	70.30630437316671	33.137240039899396
09	2	cdf	3	49	142.5	752.0	26.0	1.5037725821745864	-173.29348595557042	198.21987506498766
09	2	cdf	3	49	142.5	950.0	36.0	0.9707527437101714	6.211912441256388	160.97206731184085
09	2	cdf	3	50	75.0	502.0	22.0	0.4556326186595954	-158.8883686552422	83.43756782179211
09	2	cdf	3	50	75.0	798.0	4.0	0.16388452597700182	-57.26465652189192	34.71971551971418
09	2	cdf	3	52	67.5	56.0	22.0	0.5461101130945943	169.2614747167422	129.70534528689305
09	2	cdf	3	52	67.5	622.0	6.0	0.3133367386173373	-135.00025081659757	48.74235447560668
09	2	cdf	3	53	105.0	22.0	28.0	1.724352816995648	-23.02895269634271	240.0012514955964
09	2	cdf	3	53	105.0	632.0	36.0	1.2053547181504236	139.08596093241974	196.28093325590973
09	2	cdf	3	53	105.0	866.0	26.0	1.377270641694001	6.430763964494266	255.43952531755914
09	2	cdf	3	54	45.0	4.0	6.0	0.3829475161245816	6.150846946685192	76.78711104212289
09	2	cdf	3	54	45.0	222.0	14.0	0.7608836114807818	-16.800295300718815	78.2807567226622
09	2	cdf	3	54	45.0	558.0	24.0	0.8597510642043038	140.1038359338452	150.16781205338086
09	2	cdf	3	55	172.5	164.0	24.0	0.6350035771214622	-30.607510609113216	123.28635509111302
09	2	cdf	3	55	172.5	716.0	24.0	0.8168553946894132	121.35838898465909	118.47221115733132
09	2	cdf	3	55	172.5	974.0	20.0	1.5140739791271882	4.538720636080631	159.68523530123687
09	2	cdf	3	56	165.0	964.0	24.0	1.1501660356166035	160.84198394539018	199.45953130032711
09	2	cdf	3	57	97.5	224.0	16.0	0.6110314401862212	-94.77574894631339	54.541313501267545
09	2	cdf	3	57	97.5	578.0	28.0	1.5748171986477968	134.62165586073368	167.7255761314104
09	2	cdf	3	57	97.5	832.0	36.0	1.576143182036538	-14.471477839556787	277.3247018444688
09	2	cdf	3	59	90.0	218.0	8.0	0.6917734990650444	9.283860809851564	91.52294274819154
09	2	cdf	3	59	90.0	522.0	24.0	1.0576137512665933	127.24114238956177	173.2894970526619
09	2	cdf	3	59	90.0	898.0	34.0	0.8744180775343261	-17.928379805433888	202.67535333700727
09	2	cdf	3	61	112.5	248.0	24.0	0.4367382372552149	-26.081307650078852	105.59879750650472
09	2	cdf	3	61	112.5	550.0	22.0	0.26248038325405726	156.80355175164453	75.24004140582305
09	2	cdf	3	63	60.0	362.0	22.0	0.43091332567636864	176.2876656714643	96.90521115543275
09	2	cdf	3	64	30.0	542.0	24.0	0.6387098063681527	172.4696532221292	165.5060750713918
09	2	cdf	3	64	30.0	772.0	20.0	0.5271268560901149	-38.06080788117402	115.10334772835034
09	2	cdf	3	65	52.5	4.0	14.0	0.10709204164943667	74.8978522060973	90.17543206735948
09	2	cdf	3	66	37.5	382.0	24.0	0.48223970065169064	-160.51686039644983	114.50982117837084
09	2	cdf	3	66	37.5	556.0	20.0	0.5974441901056928	0.6295927973863776	84.54205357730646
09	2	cdf	3	66	37.5	982.0	14.0	1.4266498133376015	178.54983018329668	148.4780722666929
09	2	cdf	3	68	157.5	58.0	4.0	0.13873012127021675	10.909866353885617	29.095485117590442
09	2	cdf	3	68	157.5	210.0	28.0	0.37664826970663234	-24.99932576493741	53.557785241120136
09	2	cdf	3	69	120.0	22.0	22.0	0.515057917800681	29.177754942733905	97.42400733992876
09	2	cdf	3	69	120.0	276.0	20.0	0.39499366327174823	175.7107783254203	78.37009391926729
09	2	cdf	4	70	105.0	16.0	32.0	2.178346141520294	-178.57531159376728	220.29546377117464
09	2	cdf	4	70	105.0	206.0	26.0	2.0242440166976152	-3.6258993197455314	236.73604565863104
09	2	cdf	4	70	105.0	898.0	26.0	1.9443799074414667	32.295476312803146	266.0663937345379
09	2	cdf	4	71	67.5	422.0	22.0	0.4407772267089969	97.91839083359095	54.986865081046254
09	2	cdf	4	73	157.5	200.0	22.0	1.0487176239198113	-176.68039009597967	165.01659759469374
09	2	cdf	4	73	157.5	344.0	20.0	0.4949394745941375	-21.802392968667295	73.61199733093977
09	2	cdf	4	73	157.5	800.0	26.0	1.3097248446871497	170.04150391613908	216.81019350363746
09	2	cdf	4	74	172.5	270.0	22.0	0.3026052004539216	162.64424458637697	92.65758324338826
09	2	cdf	4	75	97.5	214.0	24.0	0.5433205421940357	179.13456464454976	103.26253638229998
09	2	cdf	4	76	22.5	8.0	6.0	0.3567242574537497	-167.24227052047766	56.90617692927026
09	2	cdf	4	76	22.5	358.0	22.0	0.27969017993516265	62.38393095559506	90.98291666318995
09	2	cdf	4	76	22.5	710.0	24.0	0.38017984816425476	-169.80487723974636	94.23885632380622
09	2	cdf	4	76	22.5	960.0	22.0	0.2983994466355948	-37.62701382251657	113.7666585496504
09	2	cdf	4	77	120.0	666.0	34.0	1.3179071059424756	104.05243354716443	164.25286107942628
09	2	cdf	4	78	112.5	320.0	18.0	0.2894453789155086	176.09830604952356	85.70992878129057
09	2	cdf	4	78	112.5	598.0	16.0	0.07485255552834008	105.25364400860221	51.256769698591064
09	2	cdf	4	78	112.5	794.0	26.0	0.8917507344354852	-7.5085437421702546	109.09992983799776
09	2	cdf	4	78	112.5	988.0	6.0	0.4506655190486824	175.6137366410966	142.64041520718376
09	2	cdf	4	80	165.0	192.0	24.0	0.8595542636264135	-175.18068097633582	154.4113296952871
09	2	cdf	4	81	142.5	4.0	112.0	11.684738175494743	79.82331595283162	386.4436941131425
09	2	cdf	4	81	142.5	138.0	20.0	1.6235544935766988	-122.38882986857419	169.80825483751644
09	2	cdf	4	81	142.5	262.0	16.0	0.4382570759078648	-104.08887438180778	54.80724358292149
09	2	cdf	4	82	150.0	242.0	8.0	0.3728426683943075	2.270209347760338	50.52027813211493
09	2	cdf	4	82	150.0	982.0	12.0	1.373939683524014	-175.89048594092853	153.91227084391016
09	2	cdf	4	83	127.5	248.0	18.0	0.3120917536139349	-157.75190967908418	91.25281216183504
09	2	cdf	4	83	127.5	652.0	22.0	0.5492165976975466	3.5980042037825792	143.6570029055809
09	2	cdf	4	83	127.5	906.0	24.0	0.645841179367171	-153.7571022881611	125.53172302958554
09	2	cdf	4	84	75.0	696.0	4.0	0.18509530863173285	75.10006776218721	38.69643984267447
09	2	cdf	4	85	30.0	4.0	88.0	5.706510898091216	47.63048856037248	407.99057913859815
09	2	cdf	4	85	30.0	576.0	28.0	1.0791108222820727	-53.855976408079314	157.98696624149449
09	2	cdf	4	85	30.0	846.0	20.0	1.1958355180604794	144.7082414017231	145.71931956838887
09	2	cdf	4	86	7.5	52.0	14.0	1.9088172740435905	-7.1563596456089185	168.27172222049998
09	2	cdf	4	86	7.5	176.0	24.0	1.447176352900118	-165.15387022871963	260.3357677036973
09	2	cdf	4	86	7.5	318.0	24.0	0.7833298168498397	-8.914865088145868	142.15630942437195
09	2	cdf	4	86	7.5	484.0	24.0	1.196457064885245	-174.49043386960975	231.6016217480847
09	2	cdf	4	86	7.5	622.0	28.0	2.2268878643026944	108.92217712483563	120.02884812184473
09	2	cdf	4	86	7.5	762.0	16.0	2.5877734526287823	15.256264871183614	235.08211768703075
09	2	cdf	4	86	7.5	960.0	26.0	2.447739795153627	-133.65759388690154	247.73433786419983
09	2	cdf	4	87	60.0	646.0	30.0	1.7634170697457285	164.61767128647236	227.99017160744395
09	2	cdf	4	87	60.0	814.0	26.0	1.1895232546694174	-4.035175554793032	211.83543432198036
09	2	cdf	4	88	52.5	624.0	24.0	0.8498172376763501	118.73942448136258	136.25251413808743
09	2	cdf	4	88	52.5	862.0	10.0	0.5753994687280356	-34.78398005474898	71.92023257850876
09	2	cdf	4	89	82.5	4.0	88.0	4.808936989574307	43.6715410539828	518.309947188505
09	2	cdf	4	89	82.5	198.0	20.0	1.148437993912281	-106.51646699761538	93.60527009283207
09	2	cdf	4	89	82.5	784.0	36.0	1.1910440946932743	92.68510770054742	150.76621503391635
09	2	cdf	4	90	37.5	218.0	22.0	0.6823065250569	168.20184875224714	141.02154198372
09	2	cdf	4	90	37.5	546.0	20.0	0.4544309235830866	27.768913279026997	80.3994415390054
09	2	cdf	4	91	90.0	104.0	22.0	0.519675469743239	176.37932715737736	93.47855195546589
09	2	cdf	4	91	90.0	794.0	24.0	1.0529882014337226	18.069127761703495	158.2235291775685
09	2	cdf	4	92	45.0	560.0	30.0	0.3723633993136324	80.87043956883484	104.87740425335309
09	2	cdf	5	94	112.5	318.0	10.0	0.46398435328200993	173.7052984082065	56.357419443471635
09	2	cdf	5	95	22.5	282.0	14.0	0.0607413575873157	-141.58912396507566	44.30140784114822
09	2	cdf	5	95	22.5	580.0	4.0	0.17905136541098965	70.73332251438252	34.07890033186877
09	2	cdf	5	96	90.0	220.0	22.0	0.607442629126746	-178.29696962562699	91.1268496216692
09	2	cdf	5	97	75.0	250.0	20.0	0.6918798639031591	-163.89035169885472	107.91867376059676
09	2	cdf	5	97	75.0	524.0	10.0	0.48675802508866695	7.554800757283957	58.561499863842855
09	2	cdf	5	99	127.5	340.0	22.0	0.27403294296991193	-161.12999840642436	78.69867903486792
09	2	cdf	5	100	15.0	524.0	18.0	0.3232728011011001	127.15769092019653	78.14646684119255
09	2	cdf	5	102	105.0	586.0	40.0	2.9405661383369694	156.30687489370064	239.08495568649573
09	2	cdf	5	102	105.0	786.0	28.0	2.14183561297304	-15.783568252642768	253.29604834492656
09	2	cdf	5	103	30.0	134.0	26.0	1.3695404784733642	-11.754754137474443	155.15885388173024
09	2	cdf	5	103	30.0	554.0	22.0	0.4670305669376625	-147.47431456110277	84.23490615180717
09	2	cdf	5	104	142.5	56.0	20.0	0.52993061218956	-179.64508997532445	102.97983185858719
09	2	cdf	5	105	135.0	368.0	22.0	0.4175145815657312	140.73632031456003	88.18642967522615
09	2	cdf	5	106	52.5	324.0	24.0	0.31718573287425644	-173.46629294364186	56.73047721989181
09	2	cdf	5	107	150.0	258.0	18.0	0.2030142397510283	124.45830484596287	57.02806129177828
09	2	cdf	5	107	150.0	712.0	22.0	0.5252601391338645	-178.74675463579078	114.13699280626186
09	2	cdf	5	107	150.0	936.0	20.0	0.397158007883087	0.23676557781363353	83.56163486546622
09	2	cdf	5	109	97.5	4.0	16.0	5.068468277903844	-140.4564427803506	661.8280011755814
09	2	cdf	5	109	97.5	344.0	10.0	0.5153621589892408	-1.277364989264504	57.518821319616805
09	2	cdf	5	110	165.0	78.0	24.0	0.25875059424454694	158.8069670157175	94.37522694140607
09	2	cdf	5	111	82.5	4.0	20.0	0.14490770694845378	166.90942638340837	87.69253693601704
09	2	cdf	5	111	82.5	588.0	22.0	0.19774600277182716	108.88646747101126	89.52072844858942
09	2	cdf	5	113	120.0	252.0	20.0	0.3775850604316827	172.25610503920237	91.62780432833856
09	2	cdf	5	114	172.5	58.0	24.0	0.5671921684623176	126.17715173662796	78.99305007444853
09	2	cdf	5	114	172.5	346.0	30.0	0.22171925027420725	43.4999482967137	74.9048641693456
09	2	cdf	5	114	172.5	960.0	26.0	0.589407321051508	152.65098034731741	163.020315233665
09	2	cdf	6	117	82.5	28.0	24.0	0.5618267339168858	-23.042900749796754	114.29939513989136
09	2	cdf	6	119	150.0	360.0	22.0	0.2758338156045885	-173.50887385928635	102.09723735993441
09	2	cdf	6	119	150.0	552.0	18.0	0.365514271380308	-4.635997730119446	70.60078758780239
09	2	cdf	6	120	52.5	326.0	20.0	0.30164814731417877	-169.97444166720112	81.00392712714626
09	2	cdf	6	121	45.0	34.0	24.0	0.9557754169046553	37.064782424155354	130.13194416672297
09	2	cdf	6	121	45.0	390.0	26.0	1.1308809270175142	-176.17242481086532	206.71502075306665
09	2	cdf	6	121	45.0	798.0	38.0	2.0206097476997353	143.435592452821	174.26446277011584
09	2	cdf	6	121	45.0	904.0	26.0	1.234878406653147	-18.176980854534897	233.66010625738625
09	2	cdf	6	123	165.0	334.0	20.0	0.36015203968142784	-8.648844333165005	95.12269238856027
09	2	cdf	6	123	165.0	532.0	20.0	0.6001858295503509	170.71575746173272	118.28964774765225
09	2	cdf	6	123	165.0	876.0	6.0	0.29549854515660123	-163.87807053178477	46.20740280252587
09	2	cdf	6	124	135.0	72.0	22.0	0.2612404337342678	20.59674091597394	66.78565439839507
09	2	cdf	6	124	135.0	878.0	20.0	0.41875214473223205	-168.47008606481262	84.43677540428077
09	2	cdf	6	125	7.5	8.0	8.0	0.5357115345886683	8.278178101269667	71.8001188838763
09	2	cdf	6	125	7.5	252.0	8.0	0.4611587098794794	0.4077808364382322	60.44703859675056
09	2	cdf	6	125	7.5	776.0	26.0	1.077506899532095	177.64314416070533	198.33709162465465
09	2	cdf	6	125	7.5	968.0	22.0	0.7320385901556253	0.7707229458720557	117.08555830036991
09	2	cdf	6	126	22.5	332.0	22.0	0.3004790195161956	130.1248152091047	45.82272927474427
09	2	cdf	6	126	22.5	804.0	22.0	0.33978880057567784	-49.31253883265644	84.7480355074985
09	2	cdf	6	127	15.0	552.0	20.0	0.18745609755576526	86.4863820975574	75.69063680463378
09	2	cdf	6	128	127.5	218.0	22.0	0.5833664976115729	-130.3198310302019	131.00540631844234
09	2	cdf	6	128	127.5	466.0	22.0	0.45518308184705814	-33.23175197208575	114.46657801608045
09	2	cdf	6	128	127.5	646.0	24.0	0.8451604689049431	157.26745992828177	148.55790477310376
09	2	cdf	6	129	105.0	4.0	14.0	0.3340615056257991	-30.70656401917858	123.23121232856612
09	2	cdf	6	129	105.0	184.0	18.0	0.7320095356693946	30.5833761390647	103.05637574407697
09	2	cdf	6	130	157.5	224.0	24.0	0.6672019698813713	-173.50278589185083	132.26139359833223
09	2	cdf	6	130	157.5	356.0	8.0	0.7046940221005059	-11.41770636417789	93.26404495459413
09	2	cdf	6	130	157.5	560.0	26.0	1.1428157724138706	160.62511266719162	177.91817322556994
09	2	cdf	6	130	157.5	712.0	26.0	1.4105089081166011	163.01849310906655	187.3711896901797
09	2	cdf	6	130	157.5	956.0	28.0	1.8225928252218913	-8.962475827280032	274.8496004334062
09	2	cdf	6	132	67.5	332.0	16.0	0.2136389278532596	-133.1351145507412	41.45989174625534
09	2	cdf	6	133	172.5	116.0	24.0	0.5414748963505167	0.3473408979238692	91.20900020646893
09	2	cdf	6	133	172.5	394.0	24.0	0.6993657048124091	172.99049298551392	141.00268132634432
09	2	cdf	6	133	172.5	640.0	24.0	0.3402607420235635	-3.318323294059268	86.69363447230991
09	2	cdf	6	134	97.5	62.0	32.0	0.5722245990413942	-136.27728529365234	135.1748638243353
09	2	cdf	6	134	97.5	258.0	22.0	0.4455920443303692	-27.88375712886832	89.71575736654003
09	2	cdf	6	135	90.0	570.0	22.0	0.4311026250903548	-121.94952824278059	77.52191220390263
09	2	cdf	6	138	112.5	20.0	26.0	0.8362392548733636	170.05415544672556	178.18369247882924
09	2	cdf	6	138	112.5	206.0	18.0	0.5026021563999017	-5.246177787997655	96.17472774409154
09	2	cdf	6	138	112.5	540.0	32.0	1.2867815903874515	169.93636234387802	121.69232616980881
09	2	cdf	6	138	112.5	670.0	24.0	0.6834674321315309	-2.615117814991806	150.38943323977904
09	2	cdf	6	138	112.5	986.0	6.0	0.4835377489029584	-21.08765604592807	84.50879175308877
09	2	cdf	7	139	60.0	84.0	4.0	0.2052982577705472	145.41825628385294	46.63455238984219
09	2	cdf	7	139	60.0	640.0	20.0	0.9534036863195391	106.4983268337518	134.55890590999056
09	2	cdf	7	140	142.5	46.0	6.0	0.26684418257167	100.2736511286326	45.35686415554362
09	2	cdf	7	140	142.5	432.0	22.0	0.49911400216542146	116.98422046270747	118.50355957532571
09	2	cdf	7	140	142.5	866.0	20.0	0.47364412715445287	14.858125976308429	85.1456505497362
09	2	cdf	7	141	37.5	288.0	18.0	0.1278065733251842	-12.60863648458863	53.166070809986415
09	2	cdf	7	141	37.5	894.0	22.0	0.5798582065664182	-163.05247427702477	147.48761351845013
09	2	cdf	7	142	120.0	24.0	24.0	1.1506420299690703	170.72492304636557	166.64365593355964
09	2	cdf	7	142	120.0	242.0	28.0	1.1690906614039904	-33.67641521854632	143.57114933707365
09	2	cdf	7	142	120.0	508.0	24.0	0.9154315447854754	-160.19283627393008	167.9140207742402
09	2	cdf	7	143	75.0	644.0	38.0	1.0240972724185586	109.27642176087492	155.05670560819004
09	2	cdf	7	143	75.0	842.0	26.0	1.0664053445644777	-26.016813892674058	207.56562738318564
09	2	cdf	7	144	150.0	208.0	24.0	0.6915681569334612	-168.5014514115762	117.63023460493604
09	2	cdf	7	145	7.5	224.0	18.0	0.3073483840334827	3.0605577711976615	61.350252669791026
09	2	cdf	7	146	45.0	404.0	22.0	0.4623737010136804	-162.01540344657303	127.53087525783346
09	2	cdf	7	146	45.0	580.0	20.0	0.5025594385071228	6.937971627227478	87.05337273017008
09	2	cdf	7	147	135.0	30.0	28.0	2.803813710125078	-156.691690982857	365.39875549960516
09	2	cdf	7	147	135.0	286.0	20.0	0.526853743335848	-44.24848105639464	85.91081217662006
09	2	cdf	7	147	135.0	534.0	24.0	0.589487616206869	161.159334376532	129.23571770985615
09	2	cdf	7	147	135.0	758.0	24.0	0.5260773866884152	5.729163894471584	96.41826984067137
09	2	cdf	7	147	135.0	978.0	10.0	1.412960066072637	-179.80035837109625	169.86349547925485
09	2	cdf	7	148	127.5	130.0	22.0	0.4527096529360838	150.4602415747779	107.95979110879784
09	2	cdf	7	148	127.5	422.0	20.0	0.15704724450208105	-34.35423372173879	64.94963842837545
09	2	cdf	7	150	112.5	374.0	12.0	0.5939468304635268	89.20842575815074	60.17674515943858
09	2	cdf	7	151	90.0	288.0	6.0	0.21959122330906689	-170.5372486104658	38.90561361845894
09	2	cdf	7	152	157.5	108.0	20.0	0.35962748324265487	-9.72016849020127	97.35293289902498
09	2	cdf	7	152	157.5	516.0	22.0	0.1650902024204807	173.72244568259413	63.59187224010588
09	2	cdf	7	153	52.5	312.0	18.0	0.14427887207404924	-162.80039593610707	62.236024524319554
09	2	cdf	7	155	82.5	300.0	18.0	0.47275241259614675	-159.05055775635813	76.03408952137542
09	2	cdf	7	156	67.5	62.0	22.0	0.4126421280509994	149.66714653698486	119.1119525967618
09	2	cdf	7	156	67.5	270.0	16.0	0.43184471168107924	-28.60721363471637	83.11274592798159
09	2	cdf	7	156	67.5	804.0	22.0	0.5166618165419615	172.33343800510636	139.60976018760633
09	2	cdf	7	157	22.5	414.0	24.0	0.8082684094179968	-162.9996330624629	154.09447169633833
09	2	cdf	7	157	22.5	620.0	10.0	0.6332710094531379	6.995636331572709	73.18685186400003
09	2	cdf	7	159	165.0	568.0	22.0	0.15407081462544364	-172.0398961445675	93.97476316212916
09	2	cdf	7	160	97.5	12.0	14.0	0.2796931552111781	-162.93840191176474	81.61936209745188
09	2	cdf	7	160	97.5	336.0	10.0	0.4809173025563393	175.10575551537244	52.505355197928765
09	2	cdf	7	160	97.5	984.0	8.0	0.4526837613525934	-175.42555842401597	59.401607970478544
09	2	cdf	8	162	75.0	590.0	4.0	0.1723251465516916	-160.53038732982392	39.84944172763208
09	2	cdf	8	162	75.0	866.0	22.0	0.399170045319032	-16.72616266697641	131.20741787917797
09	2	cdf	8	164	52.5	14.0	18.0	0.4725027826977152	-46.831039660140036	83.50383372672637
09	2	cdf	8	164	52.5	370.0	22.0	0.4943272698030545	134.73002789170192	101.68931522367829
09	2	cdf	8	164	52.5	608.0	8.0	0.3888960192120448	-0.4835869515431179	50.32013398298361
09	2	cdf	8	166	67.5	92.0	24.0	1.015110736409786	7.15074895531771	173.46457136864726
09	2	cdf	8	166	67.5	282.0	24.0	1.474810511289803	-149.06038090625992	205.68409850538535
09	2	cdf	8	166	67.5	526.0	26.0	1.5498125079031442	111.95195444771632	126.32746236130554
09	2	cdf	8	166	67.5	678.0	20.0	1.3949541309688316	89.46068612104087	107.26743794816056
09	2	cdf	8	166	67.5	872.0	34.0	1.8129747547983863	-18.054897219942927	264.92038408899515
09	2	cdf	8	168	30.0	550.0	24.0	0.7247040047619716	146.92487108359268	148.50238063245615
09	2	cdf	8	169	105.0	396.0	22.0	0.4826041375808109	-161.5639180836852	87.6125667993562
09	2	cdf	8	169	105.0	618.0	16.0	0.0124980133157107	-113.19887151815624	35.76276938038068
09	2	cdf	8	172	60.0	342.0	22.0	0.48411767924821136	-148.30708424774625	110.44388730561693
09	2	cdf	8	174	7.5	354.0	20.0	0.31495054387717053	98.08847527692637	74.43336702076869
09	2	cdf	8	175	127.5	396.0	24.0	0.2605468094383963	162.02752009780335	73.12216276382328
09	2	cdf	8	175	127.5	606.0	16.0	0.10968899541016608	111.96720650554174	38.414221690760435
09	2	cdf	8	176	22.5	300.0	20.0	0.13851863564357408	-36.32493124082996	51.14712172935703
09	2	cdf	8	176	22.5	684.0	22.0	0.46535736025255664	158.0487012111397	86.85862474403574
09	2	cdf	8	176	22.5	932.0	24.0	0.3745013190360365	-37.525422287622916	100.25061367132209
09	2	cdf	8	177	142.5	350.0	30.0	0.19380522141552478	158.65033302859806	98.4561140141752
09	2	cdf	8	177	142.5	808.0	16.0	1.28078260601479	79.37288804018897	113.2533147139403
09	2	cdf	8	181	165.0	120.0	52.0	6.516392259387289	172.56389428782117	446.3010320073428
09	2	cdf	8	181	165.0	368.0	16.0	0.248448037910469	-12.203597201393091	81.85948647756209
09	2	cdf	8	182	97.5	260.0	20.0	0.17752856486750948	-103.90697158778161	51.36806028096181
09	2	cdf	8	182	97.5	666.0	28.0	0.3847074233364377	24.713582055855454	123.17333497315256
09	2	cdf	8	183	82.5	360.0	22.0	0.10568822300320259	154.22582547232824	97.61680284409925
09	2	cdf	8	183	82.5	590.0	28.0	0.07501555105879576	-100.07915678556658	84.41675176300888
10	1	cdf	2	30	67.5	144.0	4.0	0.22172859019120444	-128.44119940536942	53.93069851555735
10	1	cdf	2	31	105.0	698.0	16.0	0.5743324341428407	78.12830792868499	87.71379136489922
10	1	cdf	2	32	90.0	4.0	6.0	0.9423522286822448	-82.8983738419617	143.28330262385018
10	1	cdf	2	32	90.0	90.0	18.0	0.34989533671000794	-94.03383377274345	56.63270304130206
10	1	cdf	2	34	37.5	588.0	4.0	0.2830224910297556	175.68696203902252	58.96818294025045
10	1	cdf	2	35	30.0	846.0	18.0	0.6871252907722188	72.6300551366615	80.90192108285511
10	1	cdf	2	40	157.5	710.0	20.0	0.6197534706700599	60.149728582234886	87.29100258152393
10	1	cdf	2	42	127.5	334.0	16.0	0.14878585290998553	116.88698974664975	65.07685377421627
10	1	cdf	2	44	7.5	730.0	4.0	0.2546394697109112	-177.05437535619785	53.05677775299949
10	1	cdf	3	49	75.0	890.0	20.0	0.647061517734428	52.68451642649158	126.90382570810621
10	1	cdf	3	50	67.5	244.0	4.0	0.3075625085707381	59.55461995912136	66.2918536560088
10	1	cdf	3	51	30.0	834.0	6.0	0.4966242294473799	54.899939324931566	71.96883710940615
10	1	cdf	3	52	165.0	66.0	4.0	0.27196320064283913	16.41805190966167	56.078274719327034
10	1	cdf	3	60	60.0	690.0	4.0	0.22211706347819102	-12.779575557712402	47.53503971939618
10	1	cdf	3	62	172.5	586.0	4.0	0.2366412487348119	32.205411359499536	53.16531262577233
10	1	cdf	3	62	172.5	910.0	4.0	0.23016964515379307	-169.74741696889427	49.8701668549047
10	1	cdf	3	66	7.5	104.0	16.0	0.022822859831126124	-111.07127964092656	66.20120651425822
10	1	cdf	3	66	7.5	300.0	4.0	0.23771296140584142	26.16496152315494	52.93542824631859
10	1	cdf	4	70	45.0	22.0	4.0	0.2547609529079322	176.68130177053158	55.52041829804234
10	1	cdf	4	71	82.5	836.0	6.0	0.39685367927277654	42.6040518605496	68.34774308222448
10	1	cdf	4	72	172.5	676.0	6.0	0.449447285784248	32.895274570531605	67.77053457120881
10	1	cdf	4	72	172.5	934.0	18.0	0.07737579102976008	148.0308371778615	61.010453911914034
10	1	cdf	4	73	22.5	310.0	16.0	0.1528237519008437	150.4084009800833	74.09763627429176
10	1	cdf	4	73	22.5	394.0	4.0	0.8357028532834131	-88.08731010045572	180.20186993949312
10	1	cdf	4	74	90.0	672.0	4.0	0.2391919164624156	33.19962146395495	54.7649742527358
10	1	cdf	4	75	105.0	542.0	18.0	0.30023923878983155	76.09090820662932	86.3628250583507
10	1	cdf	4	76	75.0	724.0	4.0	0.29838190245669044	146.70174602169294	65.30798024623522
10	1	cdf	4	79	52.5	762.0	6.0	0.39926967337024216	-13.043907379682741	62.74557619935682
10	1	cdf	4	82	127.5	928.0	6.0	0.404445112157914	3.714495828764289	63.661173079461896
10	1	cdf	4	85	135.0	666.0	6.0	0.5827825652860191	-1.2870794631718705	90.01949873483993
10	1	cdf	4	85	135.0	798.0	20.0	0.3015679614030357	154.60999563373966	83.71959601590977
10	1	cdf	4	89	30.0	168.0	6.0	0.4286704389245345	-157.31148064191015	78.19255594433864
10	1	cdf	4	91	112.5	102.0	22.0	0.37993289586290946	144.72256445905785	80.56363868320668
10	1	cdf	4	91	112.5	296.0	22.0	0.286981556053034	33.9888039396191	83.88620802786544
10	1	cdf	5	98	45.0	706.0	4.0	0.258770515573001	23.125056478259314	56.076210400773654
10	1	cdf	5	104	157.5	882.0	4.0	0.20003204823407025	30.532523328895063	70.30900219505841
10	1	cdf	5	111	135.0	16.0	18.0	0.36396129874944855	-152.64517828998305	92.67558424161406
10	1	cdf	5	111	135.0	136.0	6.0	0.5751465126366606	-11.012872879876959	95.63966265666443
10	1	cdf	5	111	135.0	216.0	8.0	0.6528824161073568	-171.04061026854808	87.76080137717199
10	1	cdf	5	111	135.0	376.0	4.0	0.3415304359675002	-41.85347619430856	72.7979910513908
10	1	cdf	5	115	165.0	114.0	18.0	1.2002963107578477	100.07585148886955	92.82102045410127
10	1	cdf	6	116	127.5	408.0	4.0	0.27803783993494074	-142.22574893367658	57.29406240528055
10	1	cdf	6	117	90.0	878.0	4.0	0.22599145056473852	27.647166249580255	50.743063244709006
10	1	cdf	6	119	67.5	322.0	4.0	0.16036705745527288	-149.27062524523586	50.49830057658943
10	1	cdf	6	121	75.0	340.0	4.0	0.28160763581466475	-171.972108587902	59.923392419105014
10	1	cdf	6	123	142.5	820.0	18.0	1.114985064521754	96.76267879907064	101.03899266928633
10	1	cdf	6	124	37.5	70.0	4.0	0.32823407909596786	44.36936966296506	70.37554471484822
10	1	cdf	6	124	37.5	888.0	8.0	0.3989449262276845	36.27101197219334	68.63335366782017
10	1	cdf	6	129	150.0	574.0	6.0	0.45201950587001166	143.30007452864453	70.13637066332048
10	1	cdf	6	131	97.5	378.0	4.0	0.23284038312010516	13.435907569433576	51.8850987129842
10	1	cdf	6	132	165.0	816.0	6.0	0.5371403633598621	10.367358905552237	82.87050968037617
10	1	cdf	6	134	82.5	896.0	18.0	0.44246110828894825	26.62801785671017	68.47830163677371
10	1	cdf	6	136	45.0	152.0	4.0	0.14410965494926542	22.742611652861317	48.55919505503471
10	1	cdf	6	137	7.5	874.0	18.0	0.44240765339302873	67.30671999763226	79.23655891891154
10	1	cdf	7	139	142.5	18.0	10.0	0.9369910829286293	9.375073558360269	105.89570502828572
10	1	cdf	7	139	142.5	196.0	14.0	0.8257351819919594	169.69696012891967	80.51106700986942
10	1	cdf	7	144	120.0	950.0	6.0	0.37862845196136585	6.965470224224956	71.08307373786225
10	1	cdf	7	146	15.0	580.0	4.0	0.2751919829440103	25.023707325043294	58.034590104202934
10	1	cdf	7	150	97.5	8.0	4.0	0.921523284099869	-110.20809242588959	174.88969669883267
10	1	cdf	7	156	105.0	874.0	6.0	0.2679889349503445	140.47848620052469	70.59674951072454
10	1	cdf	7	158	112.5	616.0	16.0	0.07758524082184014	166.55335907240763	68.4267318779925
10	1	cdf	8	162	105.0	146.0	8.0	0.5212607439821336	171.31213734738978	69.18916089671643
10	1	cdf	8	166	52.5	792.0	4.0	0.332405119131295	48.59378397478335	71.57139382913813
10	1	cdf	8	168	157.5	598.0	4.0	0.35138953360414343	120.25453286320227	76.49554681010464
10	1	cdf	8	169	60.0	906.0	4.0	0.3154987863929399	57.96145677610959	75.11401264737066
10	1	cdf	8	172	90.0	822.0	14.0	0.1328384811852154	28.76940027064489	72.15392672755102
10	1	cdf	8	179	172.5	328.0	4.0	0.28339511762210173	-20.316348896412325	58.882508018639314
10	1	cdf	8	182	97.5	222.0	4.0	0.37167539476523476	-105.08943887961475	88.39817179071153
10	2	inverse_cdf	1	4	22.5	704.0	22.0	0.02212791912006646	-163.0541608467346	40.60968958941628
10	2	inverse_cdf	1	6	45.0	942.0	20.0	0.16063656323688463	-131.23202949116683	45.64773238378963
10	2	inverse_cdf	1	8	105.0	946.0	24.0	0.35074597651583145	-56.17898957652013	40.72185828392113
10	2	inverse_cdf	1	9	90.0	976.0	14.0	0.08548497870349046	93.27728616755373	34.81780361516393
10	2	inverse_cdf	1	11	150.0	962.0	18.0	0.09729869788278242	134.6459139377252	33.29163657258353
10	2	inverse_cdf	1	12	30.0	276.0	6.0	0.14808366308675924	165.5080845251336	26.08996621079329
10	2	inverse_cdf	1	12	30.0	484.0	4.0	0.10159339260157883	-6.37328069773367	20.89859354194978
10	2	inverse_cdf	1	13	120.0	4.0	80.0	0.685717760869368	65.72510690814097	334.2824632347348
10	2	inverse_cdf	1	14	67.5	850.0	20.0	0.2290929494085113	-121.73345737548642	39.01683819428969
10	2	inverse_cdf	1	15	37.5	100.0	18.0	0.03598325167412145	-174.86143905920287	41.56170524999568
10	2	inverse_cdf	1	15	37.5	978.0	16.0	0.06319722195793338	130.11148763566538	39.40584059191928
10	2	inverse_cdf	1	16	60.0	46.0	4.0	0.1469332262473648	-15.247278063970528	30.48738736433083
10	2	inverse_cdf	1	16	60.0	812.0	20.0	0.11510016979543197	-96.49895117949535	34.420411395490305
10	2	inverse_cdf	1	18	165.0	116.0	14.0	0.05457260565477293	-162.8333805573163	30.069314128273824
10	2	inverse_cdf	1	18	165.0	906.0	4.0	0.18077451266263067	-54.15036070380284	37.43089354888266
10	2	inverse_cdf	1	21	127.5	852.0	4.0	0.13059385967759976	-18.714572985422336	29.58108363592331
10	2	inverse_cdf	2	25	90.0	4.0	4.0	0.45043406560975485	83.77019917918737	153.58919923708288
10	2	inverse_cdf	2	30	15.0	250.0	14.0	0.029675522201864847	-112.59945579564953	1265.204383659805
10	2	inverse_cdf	2	30	15.0	586.0	4.0	0.24205030120966592	114.23393697293503	44.004636716612616
10	2	inverse_cdf	2	33	45.0	732.0	20.0	0.05772561172530549	-21.286890220986955	40.13033957494943
10	2	inverse_cdf	2	37	67.5	58.0	6.0	0.16408704462381335	10.75632787883437	29.506979340055338
10	2	inverse_cdf	2	38	150.0	6.0	452.0	0.8555343376665695	23.72852131115408	2839.2276830368105
10	2	inverse_cdf	2	40	127.5	124.0	18.0	0.025302458727981723	-49.89892970743546	33.75790375256058
10	2	inverse_cdf	2	43	52.5	826.0	4.0	0.11409300683170018	177.5704718152176	23.883503039722548
10	2	inverse_cdf	2	43	52.5	906.0	4.0	0.16707953245334833	-60.19924955258823	39.886088433795194
10	2	inverse_cdf	2	44	165.0	678.0	4.0	0.1049322423066148	-18.81489173495415	24.524598824650685
10	2	inverse_cdf	3	48	105.0	120.0	4.0	0.08871425016724262	172.6863162836296	21.14929007620635
10	2	inverse_cdf	3	48	105.0	584.0	18.0	0.04816497788870166	-44.72944650639722	34.5680510776685
10	2	inverse_cdf	3	51	150.0	584.0	6.0	0.21208988633176845	-57.505920556015816	38.61976694847752
10	2	inverse_cdf	3	55	157.5	910.0	8.0	0.20155968984307687	-15.760740454951677	27.186019610193537
10	2	inverse_cdf	3	57	22.5	798.0	4.0	0.09358991211187116	-20.141533291814927	21.377142429245893
10	2	inverse_cdf	3	57	22.5	958.0	4.0	0.1397517346821155	136.24027720420705	31.27751500701265
10	2	inverse_cdf	3	61	135.0	948.0	18.0	0.03574160092158644	-71.38768407444807	39.48560640750654
10	2	inverse_cdf	3	64	142.5	974.0	18.0	0.29982545961603685	-98.11693784851886	41.77703839999151
10	2	inverse_cdf	3	66	165.0	950.0	16.0	0.14376865544806466	-87.40342859744892	26.55898408290711
10	2	inverse_cdf	4	71	142.5	968.0	20.0	0.12753877050826481	-59.28588715454205	30.77853657656486
10	2	inverse_cdf	4	72	82.5	114.0	4.0	0.115604578048849	152.5984699884201	25.262061804470505
10	2	inverse_cdf	4	73	67.5	630.0	8.0	0.14184385786243098	-164.84069365977305	23.258345973411085
10	2	inverse_cdf	4	75	120.0	760.0	4.0	0.09368329030119558	-167.05779746996652	22.691021429545376
10	2	inverse_cdf	4	76	37.5	18.0	4.0	0.228231072234475	145.11272453611247	43.85072491864042
10	2	inverse_cdf	4	76	37.5	430.0	4.0	0.15910482390258	-152.86777796986394	42.63314058785954
10	2	inverse_cdf	4	84	135.0	956.0	20.0	0.17689492381214159	-9.971771398718753	46.6020079523673
10	2	inverse_cdf	4	85	112.5	44.0	6.0	0.19996548329505143	-25.305793941623115	32.05382808381895
10	2	inverse_cdf	4	86	90.0	574.0	14.0	0.0360661621148691	-144.45701024569775	27.95628434563996
10	2	inverse_cdf	4	88	52.5	962.0	18.0	0.35778969647540226	-82.14940713119121	31.919872812460017
10	2	inverse_cdf	4	90	97.5	892.0	16.0	0.0894429097120806	-10.38122761292857	33.58892669124218
10	2	inverse_cdf	5	93	172.5	434.0	6.0	0.21857735593507432	-144.30053429804195	37.54995927636566
10	2	inverse_cdf	5	93	172.5	892.0	4.0	0.15763419713220744	-158.37923359080162	34.22274056478815
10	2	inverse_cdf	5	95	150.0	634.0	8.0	0.16910950031375305	-120.03148181319261	40.6553939003281
10	2	inverse_cdf	5	100	45.0	358.0	4.0	0.11389978790327195	-21.610899050066056	23.317933231336877
10	2	inverse_cdf	5	100	45.0	648.0	4.0	0.12706858418275202	145.16142280519452	27.279301207285613
10	2	inverse_cdf	5	101	75.0	896.0	4.0	0.22786966070571155	-104.07477910819755	44.15014606025775
10	2	inverse_cdf	5	111	135.0	38.0	6.0	0.8583322005060262	79.59839448473416	119.26428810215451
10	2	inverse_cdf	5	114	37.5	54.0	16.0	0.04194649643268217	62.19133062369801	22.63534437361413
10	2	inverse_cdf	5	115	15.0	22.0	4.0	0.09450666088031813	-169.1910382228181	20.52785848024608
10	2	inverse_cdf	5	115	15.0	762.0	4.0	0.14098275331112742	135.76856523820268	29.88018055135638
10	2	inverse_cdf	6	118	82.5	794.0	6.0	0.22131997220508245	19.526898428295123	33.743761889976014
10	2	inverse_cdf	6	119	135.0	854.0	24.0	0.17531665527378826	-56.7449606785271	39.77759218160658
10	2	inverse_cdf	6	121	142.5	6.0	4.0	0.21380761238559684	-52.97058043132425	44.51057018612941
10	2	inverse_cdf	6	123	150.0	50.0	20.0	0.15126332551247057	-32.86611485738136	30.557338755236117
10	2	inverse_cdf	6	123	150.0	178.0	10.0	0.2650271806708274	-174.774204807308	30.34099190315221
10	2	inverse_cdf	6	126	37.5	722.0	20.0	0.07564669560836099	25.189521479652186	27.08853017450181
10	2	inverse_cdf	6	126	37.5	988.0	4.0	0.10098549232853753	-169.90028770874122	21.864994536017647
10	2	inverse_cdf	6	127	105.0	610.0	4.0	0.08490183453072273	-167.97709304860297	19.25596210840298
10	2	inverse_cdf	6	127	105.0	952.0	22.0	0.12826961403430087	-81.97164048973038	47.35353222324968
10	2	inverse_cdf	6	137	90.0	738.0	16.0	0.04385784830083584	-72.70450559105167	20.11175392929249
10	2	inverse_cdf	7	139	165.0	192.0	12.0	0.2347738520800278	-107.37010562300723	1288.0176779138144
10	2	inverse_cdf	7	143	172.5	106.0	18.0	0.03322021017354861	133.3522129153687	28.602033059157584
10	2	inverse_cdf	7	144	15.0	138.0	4.0	0.09363350859748348	12.91793123984113	29.367454812551525
10	2	inverse_cdf	7	144	15.0	800.0	18.0	0.09981859469922416	-89.06495055371248	24.999913851883584
10	2	inverse_cdf	7	148	37.5	752.0	18.0	0.2982998152890128	-81.2041332466235	32.52315104156875
10	2	inverse_cdf	7	151	105.0	724.0	18.0	0.17267995975233594	-58.07675653687068	34.51146201227463
10	2	inverse_cdf	7	151	105.0	962.0	24.0	0.34141650898343623	-116.37085101689871	65.28850319864239
10	2	inverse_cdf	7	155	52.5	670.0	4.0	0.10790018740145574	-174.8604585781198	24.28741225703787
10	2	inverse_cdf	8	168	150.0	666.0	6.0	0.21768873542055234	-41.63836135242082	34.857758520346216
10	2	inverse_cdf	8	168	150.0	906.0	20.0	0.26473489536505057	-143.05679530380644	48.84004856447785
10	2	inverse_cdf	8	169	172.5	34.0	4.0	0.12752224041213286	-174.94168813703624	27.32588059964212
10	2	inverse_cdf	8	169	172.5	560.0	4.0	0.12592094465286188	165.96001165593032	26.810715385090266
10	2	inverse_cdf	8	176	157.5	832.0	24.0	0.27928983607175956	-35.92231023953413	52.491958363813424
10	2	inverse_cdf	8	177	120.0	162.0	18.0	0.11982217894176428	83.75113190333897	28.944473434130447
10	2	inverse_cdf	8	177	120.0	618.0	4.0	0.10692014442717601	-7.785999494971126	23.809421118349746
10	2	inverse_cdf	8	181	127.5	750.0	20.0	0.22902034819034092	-10.928116693532052	38.73783181392405
10	2	inverse_cdf	8	181	127.5	986.0	4.0	0.08573325063011242	153.25185914753047	21.559137709045185
10	2	inverse_cdf	8	183	67.5	600.0	4.0	0.10514037363482014	-21.564225856204505	28.81641231436418
11	1	inverse_cdf	1	5	135.0	638.0	8.0	0.609476400884649	146.3087189891619	76.65080156637056
11	1	inverse_cdf	1	6	22.5	560.0	6.0	0.47848915394838826	105.5165669205329	98.91976962837505
11	1	inverse_cdf	1	10	60.0	890.0	16.0	0.7529178660618615	69.58709340177984	104.14653803429584
11	1	inverse_cdf	1	16	165.0	980.0	12.0	0.32013775587577115	130.23743148265868	103.41873738654715
11	1	inverse_cdf	1	17	30.0	436.0	22.0	0.5821912501984557	55.67984435664725	89.89613886928036
11	1	inverse_cdf	1	18	172.5	712.0	6.0	0.366370696828994	22.65903869617392	60.571746541799136
11	1	inverse_cdf	1	20	45.0	288.0	4.0	0.41762410296686375	26.361038953966176	88.19740386123982
11	1	inverse_cdf	1	21	97.5	858.0	4.0	0.39659938720602367	61.31110929048174	102.59968145022671
11	1	inverse_cdf	1	23	127.5	358.0	22.0	0.6893329553006052	52.44501784484541	104.80178044200339
11	1	inverse_cdf	1	23	127.5	782.0	4.0	0.23879105491455485	156.0841612124776	52.4684614585234
11	1	inverse_cdf	2	34	150.0	974.0	6.0	0.4474073389152114	13.575998054746107	72.57098648845707
11	1	inverse_cdf	2	37	15.0	602.0	22.0	0.5549831458270648	39.478114466586014	95.74797864872598
11	1	inverse_cdf	2	39	142.5	20.0	22.0	0.6345519627334102	48.14814294062819	99.88204519070747
11	1	inverse_cdf	2	39	142.5	530.0	10.0	0.7140858822722697	162.47657976183388	82.45978519589313
11	1	inverse_cdf	2	40	157.5	210.0	8.0	0.595480843417728	11.927204059877479	78.71729816336172
11	1	inverse_cdf	2	43	82.5	38.0	22.0	0.5099495617308495	8.886635078102323	100.23924908428478
11	1	inverse_cdf	2	45	112.5	224.0	10.0	0.5811857091237466	152.7775303333533	66.46247091141801
11	1	inverse_cdf	2	45	112.5	542.0	4.0	0.381122911955251	121.9811251013289	81.55994829945307
11	1	inverse_cdf	2	45	112.5	812.0	10.0	1.150701861065829	41.65510713600386	142.2798473660787
11	1	inverse_cdf	2	46	22.5	136.0	8.0	0.6194045789020479	148.53582091876015	79.7616715613507
11	1	inverse_cdf	2	46	22.5	486.0	6.0	0.3972709098866295	178.57969484387124	65.64367642199569
11	1	inverse_cdf	2	46	22.5	904.0	10.0	0.8974370474129633	170.95203167122156	113.1524600436445
11	1	inverse_cdf	3	49	67.5	18.0	10.0	0.753027884590435	18.160471417129923	94.03981200811445
11	1	inverse_cdf	3	49	67.5	286.0	4.0	0.26765467728292414	156.89271523125248	58.52356974750275
11	1	inverse_cdf	3	49	67.5	774.0	10.0	1.0797312429735026	-11.041748427861322	119.53992078217252
11	1	inverse_cdf	3	49	67.5	986.0	10.0	1.1077465061622824	168.7221900146928	130.08786375427005
11	1	inverse_cdf	3	51	75.0	224.0	6.0	0.6128799498288446	2.762704717458851	95.64225247286558
11	1	inverse_cdf	3	51	75.0	970.0	6.0	0.5282047214154667	43.61548152267247	91.97732060313248
11	1	inverse_cdf	3	52	127.5	356.0	26.0	0.9757863900031071	21.303828287189837	105.2337674153397
11	1	inverse_cdf	3	52	127.5	754.0	26.0	0.7103293663053462	-155.85956892633197	84.86392540548756
11	1	inverse_cdf	3	53	90.0	866.0	10.0	0.7771571445934344	148.5587483208324	84.33641155855403
11	1	inverse_cdf	3	54	150.0	98.0	6.0	0.6475963885943478	55.97017597921986	101.90837682673288
11	1	inverse_cdf	3	54	150.0	418.0	10.0	0.8021822455792296	154.9429383676562	95.36037394644423
11	1	inverse_cdf	3	55	60.0	888.0	12.0	1.1167174683467793	158.71504696493443	110.65479430116015
11	1	inverse_cdf	3	57	135.0	912.0	4.0	0.3270906824132904	6.627192333809406	72.67729006719381
11	1	inverse_cdf	3	58	157.5	224.0	8.0	0.5225466000417047	-166.74483958197942	65.60875672614334
11	1	inverse_cdf	3	61	52.5	42.0	4.0	0.33747893752149916	54.29714833467303	88.03220296956344
11	1	inverse_cdf	3	61	52.5	580.0	6.0	0.8085103393080274	101.94933987630642	126.71401824675658
11	1	inverse_cdf	3	62	22.5	340.0	6.0	0.4129469268062881	10.997846371645117	65.92458369772284
11	1	inverse_cdf	3	63	30.0	104.0	8.0	0.834261725252631	177.85782963485065	111.59638059968084
11	1	inverse_cdf	3	63	30.0	752.0	12.0	1.4617525022552835	4.766119773438887	156.40989787424215
11	1	inverse_cdf	3	69	7.5	396.0	4.0	0.2627271403377712	144.91903447301553	61.18982049474974
11	1	inverse_cdf	3	69	7.5	854.0	10.0	1.3561717980703207	28.710878854938176	163.00867808507965
11	1	inverse_cdf	4	70	105.0	36.0	22.0	3.7917863614049936	-171.13976476588547	299.98038830624404
11	1	inverse_cdf	4	70	105.0	310.0	16.0	2.5632598585865947	4.369371251398081	230.3712100522532
11	1	inverse_cdf	4	70	105.0	554.0	20.0	2.651151033795405	-172.1725078430283	221.11652090789798
11	1	inverse_cdf	4	72	52.5	454.0	4.0	0.3128905695560434	-12.726971205595618	60.8214967759786
11	1	inverse_cdf	4	73	82.5	20.0	10.0	0.9835447260043889	153.00979047871832	119.84189246043393
11	1	inverse_cdf	4	73	82.5	540.0	10.0	0.7124118750017168	-4.094259892492745	69.79789766934867
11	1	inverse_cdf	4	74	60.0	336.0	8.0	0.8710238045992522	26.280577524837604	117.18056528601366
11	1	inverse_cdf	4	74	60.0	652.0	28.0	1.3901070612269135	8.760560997313911	131.51434316195514
11	1	inverse_cdf	4	75	30.0	316.0	4.0	0.24857690696483775	175.45574794016042	54.021588863718215
11	1	inverse_cdf	4	75	30.0	624.0	12.0	1.31723596857542	25.289744367803642	122.83039104629854
11	1	inverse_cdf	4	76	67.5	78.0	6.0	0.6685422855733317	-169.10491025531437	104.87512501692115
11	1	inverse_cdf	4	76	67.5	590.0	8.0	0.7700108392154029	12.552970579152904	99.88467809918201
11	1	inverse_cdf	4	77	15.0	414.0	8.0	0.7837929104645103	50.78514305268174	109.51055043479528
11	1	inverse_cdf	4	79	75.0	246.0	14.0	0.09831534539594138	14.499311121851639	63.630732092895435
11	1	inverse_cdf	4	79	75.0	810.0	8.0	0.5243208153683867	146.36780296259363	119.5996703670295
11	1	inverse_cdf	4	80	135.0	546.0	6.0	0.7680829536062429	17.27817862750824	117.3827976751276
11	1	inverse_cdf	4	81	112.5	720.0	38.0	0.6981112336459896	76.1258496607533	119.31640668532788
11	1	inverse_cdf	4	81	112.5	922.0	22.0	0.5680653996981624	175.36211366552038	120.02780633942511
11	1	inverse_cdf	4	82	150.0	570.0	26.0	0.8004709495979991	-9.559890890770086	126.07253710426355
11	1	inverse_cdf	4	82	150.0	746.0	24.0	0.617769903068205	172.21270877515119	97.9997390473153
11	1	inverse_cdf	4	83	157.5	240.0	12.0	0.775600261197771	158.91550820881977	74.37959671730582
11	1	inverse_cdf	4	84	165.0	708.0	18.0	0.7416955821437279	-21.41380240101352	100.04383003652096
11	1	inverse_cdf	4	85	22.5	530.0	38.0	4.565244525612818	-21.45930892661847	228.07668734265116
11	1	inverse_cdf	4	85	22.5	720.0	34.0	3.726126242087922	153.49516382858417	218.08323088041055
11	1	inverse_cdf	4	86	90.0	570.0	10.0	0.7007297161503261	170.42751259786695	75.50011797782487
11	1	inverse_cdf	4	86	90.0	988.0	6.0	0.43048734406910466	5.688876320132361	82.76361811648297
11	1	inverse_cdf	4	90	97.5	666.0	20.0	0.6255518328732332	87.89527972738937	66.90015710868063
11	1	inverse_cdf	5	95	45.0	892.0	10.0	0.9394962643205153	-172.06789806459523	106.97695517274353
11	1	inverse_cdf	5	96	105.0	194.0	12.0	1.3605792262455692	4.913085787321977	134.3062974179966
11	1	inverse_cdf	5	96	105.0	854.0	4.0	0.27868561758194144	164.98221018367116	63.69703205587062
11	1	inverse_cdf	5	97	127.5	134.0	6.0	0.3603884854049493	154.94968234306396	58.496667351248284
11	1	inverse_cdf	5	99	97.5	164.0	12.0	0.5505916718144639	-175.72650254059135	53.71549744612314
11	1	inverse_cdf	5	99	97.5	622.0	12.0	0.9357260681262092	-178.09028102868098	82.82038359020214
11	1	inverse_cdf	5	99	97.5	856.0	12.0	0.8698806832882255	24.64182571585105	94.39843725425318
11	1	inverse_cdf	5	102	30.0	298.0	18.0	1.527127732087786	147.07115889315662	115.49612614097629
11	1	inverse_cdf	5	102	30.0	628.0	10.0	0.7371998446545341	-14.435498852013822	91.9849009701127
11	1	inverse_cdf	5	104	172.5	154.0	12.0	0.927591137908126	1.824819846455014	98.6452988228068
11	1	inverse_cdf	5	104	172.5	386.0	8.0	0.792170226545552	141.73151766023457	108.9122773247061
11	1	inverse_cdf	5	104	172.5	658.0	14.0	1.1637216750528487	2.262930541542303	113.23697704955778
11	1	inverse_cdf	5	104	172.5	902.0	10.0	0.8254155129791889	152.91938267824244	101.34273349095386
11	1	inverse_cdf	5	109	15.0	944.0	50.0	0.28389748380582513	107.48101269299903	512.1752404868363
11	1	inverse_cdf	5	110	82.5	212.0	24.0	0.9395238505709593	-22.479200266979195	102.7630848789596
11	1	inverse_cdf	5	112	112.5	90.0	24.0	1.363285947756637	45.52007356618815	187.8608442152115
11	1	inverse_cdf	5	114	165.0	114.0	24.0	1.2479637917864652	120.77014758758136	161.92441979540146
11	1	inverse_cdf	5	114	165.0	334.0	12.0	0.8749745205639328	23.742879619203666	128.3545375073607
11	1	inverse_cdf	5	115	22.5	142.0	8.0	0.6442830405190825	142.87428123752193	89.50959924324381
11	1	inverse_cdf	5	115	22.5	296.0	4.0	0.3020952238447191	1.5561270991234806	65.51654802445157
11	1	inverse_cdf	6	116	67.5	618.0	6.0	0.2646214294555312	-176.80016065709404	46.78036754345008
11	1	inverse_cdf	6	116	67.5	768.0	22.0	0.4258196140734126	6.194690647170845	79.03732278616533
11	1	inverse_cdf	6	118	165.0	40.0	12.0	0.9333085055483162	151.11447293962672	111.92448244748002
11	1	inverse_cdf	6	118	165.0	368.0	6.0	0.49263059922906155	-162.97655555697511	81.5581623175281
11	1	inverse_cdf	6	118	165.0	850.0	4.0	0.33160355180788037	12.861029117725478	72.26317585946167
11	1	inverse_cdf	6	118	165.0	954.0	12.0	1.1301299344188702	165.28483199819368	105.6297919403144
11	1	inverse_cdf	6	119	157.5	44.0	24.0	0.7021204645377745	174.63966992080407	114.49017047080417
11	1	inverse_cdf	6	119	157.5	988.0	6.0	0.42811950572752455	175.38384739606553	84.13055823135952
11	1	inverse_cdf	6	120	90.0	500.0	10.0	0.8691665479460597	146.95684985148196	108.11952569074977
11	1	inverse_cdf	6	122	97.5	564.0	14.0	1.4701583473306878	4.096570091437665	115.81060830642477
11	1	inverse_cdf	6	122	97.5	802.0	4.0	0.3269940435568738	-5.7596599021834125	75.6301126071058
11	1	inverse_cdf	6	124	7.5	142.0	24.0	0.9752991867465001	1.7336724742550667	134.45249112524567
11	1	inverse_cdf	6	124	7.5	682.0	6.0	0.4326416392245774	-171.94294611949996	67.1685635170666
11	1	inverse_cdf	6	125	120.0	502.0	30.0	0.49014429699408635	-100.02635012680742	249.4467433369797
11	1	inverse_cdf	6	125	120.0	556.0	4.0	1.1439584360347408	69.4241495695389	276.46099833705733
11	1	inverse_cdf	6	126	172.5	526.0	26.0	0.7000365225988469	51.933673714256834	105.42058813182211
11	1	inverse_cdf	6	129	82.5	98.0	30.0	1.1451664534343555	177.5359497403498	105.3691554717024
11	1	inverse_cdf	6	129	82.5	806.0	6.0	0.6485005924700218	66.28763240909426	107.46353282652112
11	1	inverse_cdf	6	132	112.5	46.0	12.0	1.1021335146608804	141.14748141528423	116.71624816669346
11	1	inverse_cdf	6	132	112.5	174.0	12.0	0.9249359661658604	40.585618085510106	141.47398441778654
11	1	inverse_cdf	6	132	112.5	314.0	10.0	0.7692342761763223	156.24077462044977	98.7177331060393
11	1	inverse_cdf	6	132	112.5	534.0	4.0	0.2606158805026867	-16.82470072187251	58.771208157838885
11	1	inverse_cdf	6	133	37.5	566.0	26.0	0.4663334979497809	-1.8143844209627389	91.26059777968128
11	1	inverse_cdf	6	133	37.5	828.0	24.0	0.22182479148589523	-132.31792044658712	82.28656941790504
11	1	inverse_cdf	6	134	30.0	978.0	6.0	1.0622462206619137	133.92323551329756	165.30564918819053
11	1	inverse_cdf	6	135	105.0	134.0	30.0	1.3000525174734687	18.31767767207737	147.830105595833
11	1	inverse_cdf	6	135	105.0	778.0	8.0	0.762244940700466	130.5449741520445	101.99108861275734
11	1	inverse_cdf	6	137	15.0	340.0	22.0	0.9683860038285048	-18.967942964607428	104.06666724128884
11	1	inverse_cdf	6	137	15.0	758.0	28.0	0.5115551280785673	27.692404619179747	112.21761505838333
11	1	inverse_cdf	7	140	82.5	294.0	8.0	0.6354451013813516	29.197059949838497	82.91917298649301
11	1	inverse_cdf	7	142	37.5	544.0	12.0	0.9769511787522601	13.89593300349786	92.9242205066299
11	1	inverse_cdf	7	142	37.5	796.0	24.0	0.9412220898136012	-159.70341801475664	125.5668802126843
11	1	inverse_cdf	7	143	112.5	242.0	26.0	1.0153406002467507	-2.8708358122483464	140.66554740857913
11	1	inverse_cdf	7	144	15.0	52.0	10.0	0.9782639674549425	175.7676524446616	101.25924228887881
11	1	inverse_cdf	7	144	15.0	318.0	28.0	1.5803160426270242	23.885662509606863	169.5354556904528
11	1	inverse_cdf	7	144	15.0	804.0	6.0	0.5955255006679497	21.326834930675766	94.81313784532853
11	1	inverse_cdf	7	147	97.5	350.0	10.0	0.6114432045306474	-5.232685022610877	68.99204724664811
11	1	inverse_cdf	7	149	150.0	640.0	14.0	0.8708964418941602	122.23096219945683	104.42802442159024
11	1	inverse_cdf	7	150	157.5	208.0	10.0	0.8853611806887829	171.04352149798413	108.48632281496926
11	1	inverse_cdf	7	150	157.5	838.0	6.0	0.30882265761018324	161.08596470499074	52.773203988895936
11	1	inverse_cdf	7	151	30.0	204.0	24.0	0.7056694133291506	165.3187836004583	108.7633694508705
11	1	inverse_cdf	7	153	127.5	20.0	6.0	0.5413572155266447	169.1663576030618	85.59345359334671
11	1	inverse_cdf	7	153	127.5	162.0	12.0	1.1686070352565918	2.0925069516662687	119.22058183995516
11	1	inverse_cdf	7	153	127.5	272.0	8.0	0.5275783779232057	176.43347712844755	67.65586161380247
11	1	inverse_cdf	7	155	7.5	234.0	26.0	1.5460001150675506	-21.610267961163	156.4654291684185
11	1	inverse_cdf	7	156	105.0	252.0	12.0	0.6531632686838134	14.104830909982887	72.42128012530287
11	1	inverse_cdf	7	156	105.0	676.0	12.0	0.9130883232790978	153.75844061775777	94.05207820238704
11	1	inverse_cdf	7	157	165.0	4.0	60.0	12.720858320851221	-12.774556453227923	593.943166162495
11	1	inverse_cdf	7	157	165.0	318.0	10.0	1.081653674718727	-19.30217770951276	122.58087671890604
11	1	inverse_cdf	7	158	22.5	108.0	60.0	10.658969190221127	-0.12349370203659991	483.15080668483984
11	1	inverse_cdf	7	159	120.0	54.0	16.0	1.625751376157427	155.43567416711824	140.97752115167538
11	1	inverse_cdf	7	159	120.0	366.0	12.0	1.7050840111978403	22.335195728722336	190.92266316318162
11	1	inverse_cdf	7	161	52.5	310.0	28.0	0.8225853496395169	29.780697468861717	106.02898810419074
11	1	inverse_cdf	7	161	52.5	586.0	32.0	0.8126224386771724	178.7270424182765	123.93336523640875
11	1	inverse_cdf	8	163	37.5	546.0	12.0	1.0501061852206843	13.187556696638573	95.8692558752176
11	1	inverse_cdf	8	164	90.0	66.0	28.0	2.033572519875869	-6.251147195103329	234.10233319667924
11	1	inverse_cdf	8	165	30.0	500.0	22.0	0.8865731087452812	40.78714177866727	95.4017447027162
11	1	inverse_cdf	8	166	45.0	282.0	4.0	0.24335809792214044	167.93815659534462	53.919423247436605
11	1	inverse_cdf	8	167	15.0	206.0	14.0	1.7214435078336436	171.22805511122817	144.4484561820167
11	1	inverse_cdf	8	168	135.0	886.0	22.0	0.7662843585548383	167.0064238599328	125.05588971297388
11	1	inverse_cdf	8	171	60.0	492.0	6.0	0.3713411166657309	13.547269839986864	62.02177545870113
11	1	inverse_cdf	8	171	60.0	850.0	26.0	0.5487607950286988	177.25735562352307	117.44157004638076
11	1	inverse_cdf	8	172	52.5	12.0	4.0	0.6285214287789045	-113.19277369016515	110.15216319460399
11	1	inverse_cdf	8	172	52.5	238.0	24.0	3.368028653774398	163.81517031568282	222.52239222927238
11	1	inverse_cdf	8	173	150.0	614.0	22.0	0.5668135590597018	172.01267994491565	98.23045833714262
11	1	inverse_cdf	8	173	150.0	902.0	10.0	0.9334108341587007	16.962830271691338	109.12238295704041
11	1	inverse_cdf	8	175	112.5	204.0	22.0	0.9193483572377785	28.346578877393124	124.80038599691275
11	1	inverse_cdf	8	175	112.5	584.0	24.0	1.111258898841957	55.7679875323057	94.45897146811899
11	1	inverse_cdf	8	176	127.5	578.0	28.0	0.6958325209755507	17.698869843259065	126.29978609675037
11	1	inverse_cdf	8	176	127.5	878.0	8.0	0.6629464189527854	-175.88528164177552	87.80791909622161
11	1	inverse_cdf	8	177	7.5	644.0	24.0	0.32028600495077814	177.65154589593863	56.123514908434494
11	1	inverse_cdf	8	178	142.5	216.0	10.0	1.2244305242307914	29.7508790769617	139.94988920517426
11	1	inverse_cdf	8	178	142.5	390.0	64.0	15.372224312267084	-24.511020898746374	573.0196521711713
11	1	inverse_cdf	8	178	142.5	782.0	10.0	1.767705938448137	-41.956260619252895	234.83067876066926
11	1	inverse_cdf	8	178	142.5	908.0	44.0	13.411105932776039	27.59968275235877	487.1797434202882
11	1	inverse_cdf	8	179	22.5	62.0	22.0	1.0225511946081227	43.368039524525635	125.71202984313588
11	1	inverse_cdf	8	179	22.5	332.0	6.0	0.3897793944000498	-160.58364576015242	64.52384383234441
11	1	inverse_cdf	8	180	157.5	162.0	6.0	0.4322266043869793	26.836326853948066	79.59504604148245
11	1	inverse_cdf	8	180	157.5	338.0	10.0	0.5509549894447356	-166.92057999803606	65.31004652729163
11	1	inverse_cdf	8	181	82.5	922.0	14.0	1.5329850168807144	-173.91872642405593	133.29430069225307
11	1	inverse_cdf	8	183	75.0	532.0	10.0	0.7747842613915474	17.246683020998017	87.6360895073509
11	1	inverse_cdf	8	183	75.0	900.0	6.0	0.5721000221899832	-176.54675789214645	92.86480111844732
11	2	cdf	1	1	52.5	16.0	14.0	1.9021270191560478	-86.685887704256	172.93901639121077
11	2	cdf	1	1	52.5	50.0	36.0	3.3763865875303307	91.00265933421734	204.61606796812697
11	2	cdf	1	5	82.5	828.0	4.0	0.35018219026913294	65.93643440321827	75.36938280300436
11	2	cdf	1	10	165.0	4.0	4.0	0.23659865721442166	156.2963460001801	64.73389810404274
11	2	cdf	1	10	165.0	706.0	4.0	0.2811794992525589	28.18739063830704	62.65501794655756
11	2	cdf	1	12	15.0	946.0	30.0	1.0798914285019376	19.330205391952397	130.80063929518874
11	2	cdf	1	13	127.5	226.0	24.0	0.5533352782680894	26.023590936069102	100.84162578066443
11	2	cdf	1	13	127.5	834.0	8.0	0.5001667977298516	31.441936217569648	66.48563959643343
11	2	cdf	1	14	172.5	4.0	6.0	0.38027249486460374	-49.0027024605529	73.42316504805336
11	2	cdf	1	14	172.5	786.0	10.0	0.8579697606209009	29.27641266050669	95.7488543683723
11	2	cdf	1	15	45.0	74.0	10.0	1.1068920231020312	161.0703867309246	117.03455522047015
11	2	cdf	1	15	45.0	970.0	12.0	1.121995115166016	43.84950647784536	118.20345762841066
11	2	cdf	1	16	120.0	34.0	14.0	3.016435137086058	4.834363826470407	271.2100130622362
11	2	cdf	1	16	120.0	400.0	30.0	2.279443535741455	171.64153573865536	232.1994549610903
11	2	cdf	1	18	97.5	326.0	12.0	1.7513673062178066	170.62247679455095	167.43451378465943
11	2	cdf	1	18	97.5	832.0	14.0	1.250623633886368	49.19343175581761	106.404174812741
11	2	cdf	1	19	142.5	990.0	4.0	0.4732212550456066	95.97240235408448	104.46246157421172
11	2	cdf	1	20	67.5	228.0	4.0	0.3786998270575832	52.01717308986011	84.26758778442242
11	2	cdf	1	22	150.0	558.0	4.0	0.4332973174555067	91.30228780275137	98.8756771743869
11	2	cdf	2	26	172.5	62.0	4.0	0.3685127820426518	154.70453105053488	79.10629938998507
11	2	cdf	2	27	127.5	4.0	6.0	0.7103940853136901	176.42665326499218	104.85044711347287
11	2	cdf	2	27	127.5	254.0	4.0	0.2398658156499877	9.839619447825225	53.61342459343253
11	2	cdf	2	27	127.5	942.0	10.0	0.7033348680874296	166.10841567195132	77.33914511215755
11	2	cdf	2	28	82.5	732.0	32.0	1.5741627881584785	1.791301830258084	176.78481430133905
11	2	cdf	2	29	60.0	70.0	6.0	0.399806986518842	35.62790445553205	66.20503789546756
11	2	cdf	2	29	60.0	794.0	8.0	0.6290163225086595	175.3640507095267	81.73290447997125
11	2	cdf	2	31	120.0	312.0	4.0	0.25075405088474645	137.1451221963975	57.04324688108219
11	2	cdf	2	31	120.0	782.0	8.0	0.7012885438892165	24.452322330845018	90.00396757567964
11	2	cdf	2	34	75.0	882.0	4.0	0.4028939633187291	49.955231734947084	87.03588503236469
11	2	cdf	2	35	7.5	4.0	10.0	0.942463095937595	-177.80538776867317	102.28407980930199
11	2	cdf	2	35	7.5	812.0	4.0	0.275995150277677	2.7249719394088063	63.47508781996137
11	2	cdf	2	36	90.0	12.0	10.0	0.7522622678699011	-172.1025035632343	98.41460907434784
11	2	cdf	2	39	97.5	4.0	22.0	0.8723351381412677	31.402743439570088	146.25252565385568
11	2	cdf	2	39	97.5	188.0	12.0	1.5232790410320318	167.6244236462109	167.0385535860804
11	2	cdf	2	39	97.5	912.0	14.0	1.892084660844369	32.049225310484864	169.44819538626723
11	2	cdf	2	40	112.5	654.0	24.0	1.273180387996283	20.43871885653791	138.49068997137556
11	2	cdf	2	40	112.5	986.0	8.0	0.7883077339833082	171.38315114791757	100.50790685905994
11	2	cdf	2	41	15.0	4.0	10.0	1.018183666785947	152.44318955000497	179.83974136816732
11	2	cdf	2	42	52.5	948.0	10.0	1.0186606974382906	21.640109260251627	116.45122053411198
11	2	cdf	2	43	157.5	710.0	4.0	0.3207976516868192	120.76966207040064	73.11778380730702
11	2	cdf	2	44	165.0	304.0	12.0	1.3247519042672824	10.84729392958301	133.3558935925556
11	2	cdf	2	44	165.0	792.0	6.0	0.6495442467578051	-174.2020839166303	112.26879645799038
11	2	cdf	2	45	22.5	16.0	28.0	1.5829097701995356	-22.215444759982066	194.10390198888365
11	2	cdf	2	45	22.5	384.0	12.0	1.3810114845628245	158.69391668713394	144.7199225913782
11	2	cdf	2	45	22.5	906.0	12.0	1.561224708940604	5.605497355431395	161.20792729345231
11	2	cdf	3	48	142.5	820.0	6.0	0.31700062596827644	157.1612903012886	52.301398690663056
11	2	cdf	3	49	30.0	808.0	10.0	0.8551478013869711	0.6595599543552167	95.92894301896771
11	2	cdf	3	50	37.5	238.0	12.0	1.1204205776174165	13.462078292768066	117.90394774598933
11	2	cdf	3	50	37.5	350.0	12.0	1.0604202628206745	-178.67038632132642	94.19186289025903
11	2	cdf	3	50	37.5	808.0	6.0	0.36983744345244807	-168.7434249892609	61.644139229809994
11	2	cdf	3	51	82.5	748.0	14.0	1.1595397261551463	43.79159564114195	98.22232528378996
11	2	cdf	3	52	45.0	14.0	36.0	1.8115660931501236	18.367260632009124	164.4915575885212
11	2	cdf	3	52	45.0	264.0	14.0	1.4863086603235287	177.21659172065546	150.02569001425394
11	2	cdf	3	53	15.0	684.0	4.0	0.41575956942096676	100.69248618451856	90.55382938071355
11	2	cdf	3	54	127.5	302.0	6.0	0.560282138995239	-177.31554603084902	90.13789063088291
11	2	cdf	3	54	127.5	564.0	10.0	1.3974130812291212	8.162776175788904	161.79387941811675
11	2	cdf	3	55	67.5	340.0	24.0	1.160179340465791	-17.277080222437792	142.6107720005149
11	2	cdf	3	56	52.5	216.0	12.0	1.192747429992886	25.32040845951702	111.6075279070266
11	2	cdf	3	56	52.5	696.0	14.0	1.7149156731891972	23.15226244187309	176.998236660256
11	2	cdf	3	57	90.0	34.0	12.0	0.9052638374317098	173.44711128846188	84.17365615533627
11	2	cdf	3	57	90.0	544.0	10.0	0.8197400431664644	6.89467127192523	88.62463589971135
11	2	cdf	3	57	90.0	970.0	10.0	1.1339255092568605	-178.92220261636052	129.15475075063787
11	2	cdf	3	58	60.0	112.0	8.0	0.6494617193672574	34.2772277690961	87.09027641496571
11	2	cdf	3	58	60.0	656.0	8.0	0.6389425628296957	-175.2879909504667	85.81801863785584
11	2	cdf	3	58	60.0	952.0	42.0	0.9026494717056509	-12.491710233770586	125.77263139041129
11	2	cdf	3	59	157.5	276.0	24.0	0.921536061813176	-23.732855065273732	116.04030415080693
11	2	cdf	3	60	7.5	164.0	30.0	0.6670659864630005	164.15554771242404	108.18431090363646
11	2	cdf	3	60	7.5	630.0	48.0	1.8403584513906737	10.113750756772578	169.31736533577893
11	2	cdf	3	61	172.5	362.0	6.0	0.5126398231901917	177.24841332988476	80.04243536838814
11	2	cdf	3	62	112.5	162.0	26.0	0.5684123841975707	-177.51845195972678	106.8590220341727
11	2	cdf	3	62	112.5	738.0	14.0	1.0507837724200124	12.535937208347748	95.49876616413573
11	2	cdf	3	63	97.5	158.0	4.0	0.30401547805696405	134.99767890175548	66.73087173676417
11	2	cdf	3	66	75.0	94.0	4.0	0.3286829147888081	169.64612951885576	69.9521592461122
11	2	cdf	3	66	75.0	418.0	24.0	1.1421310698687657	0.08231976942431331	126.40684315130423
11	2	cdf	3	66	75.0	896.0	6.0	0.5420080952072454	177.57108559439968	94.0846369131021
11	2	cdf	3	68	22.5	276.0	24.0	0.5732993661761583	52.42708865464754	87.7126413881011
11	2	cdf	3	68	22.5	862.0	4.0	0.44846732943456374	72.75693438677298	94.16721927675924
11	2	cdf	3	69	105.0	212.0	14.0	1.0741003058518708	177.72430572437275	95.75105162414566
11	2	cdf	4	70	157.5	624.0	8.0	0.9136241482965157	-172.56921647254177	125.7973609868362
11	2	cdf	4	70	157.5	918.0	26.0	1.5814885896422888	60.53573410588399	184.51644588816097
11	2	cdf	4	71	75.0	954.0	8.0	0.6464839487116818	165.2943146522212	85.50338757611063
11	2	cdf	4	73	30.0	654.0	20.0	0.805177685905493	143.6261734596836	122.21026893250534
11	2	cdf	4	74	142.5	54.0	24.0	0.7354542262822278	26.791241162716357	136.76613562378137
11	2	cdf	4	75	112.5	222.0	4.0	0.38199957936318363	23.811468362006234	80.5340111228608
11	2	cdf	4	77	15.0	24.0	6.0	0.44548002820737354	32.52910212984151	73.19798151262654
11	2	cdf	4	77	15.0	158.0	6.0	0.5308367934464702	175.74542651740475	91.32122799277668
11	2	cdf	4	77	15.0	612.0	4.0	0.4708275794920914	-142.9182847379526	86.8044591765775
11	2	cdf	4	78	165.0	378.0	4.0	0.2716108896345333	135.97934460508804	62.25885382615271
11	2	cdf	4	80	60.0	410.0	8.0	0.7366794102660192	37.94171236482874	94.76658491676724
11	2	cdf	4	81	52.5	156.0	4.0	0.31030055367239195	103.45776208911388	67.93550686512573
11	2	cdf	4	81	52.5	438.0	12.0	0.964624530057888	113.03692464125477	91.04818724853463
11	2	cdf	4	81	52.5	984.0	6.0	0.6812619202141234	45.68045775254667	101.98975919999971
11	2	cdf	4	84	172.5	202.0	10.0	1.3485622923662222	6.148118217050976	152.35692349828443
11	2	cdf	4	87	90.0	52.0	36.0	2.7186973649834902	3.183852666551143	259.92794994171555
11	2	cdf	4	87	90.0	584.0	16.0	2.815514746159365	-168.0914676776443	229.00145057107915
11	2	cdf	4	89	105.0	514.0	12.0	0.9919167619100462	12.518597017396676	82.87365791201182
11	2	cdf	4	90	120.0	6.0	26.0	0.8128540257058666	174.43818098951638	120.21954882041236
11	2	cdf	4	91	82.5	566.0	10.0	0.5623241986908825	38.011746084748715	65.65752686924796
11	2	cdf	4	91	82.5	760.0	4.0	0.32704011615290024	-173.37252109960215	71.9178441248767
11	2	cdf	5	93	165.0	442.0	10.0	0.6456664227630502	14.425198941885727	68.98439799608087
11	2	cdf	5	93	165.0	920.0	10.0	1.4860041177374665	70.7850254397396	164.42460117174684
11	2	cdf	5	94	120.0	214.0	4.0	0.3186346543871316	41.24543729430939	71.18436014392175
11	2	cdf	5	95	142.5	72.0	6.0	0.47014115329728856	40.75484016970761	73.7879316667976
11	2	cdf	5	96	97.5	876.0	22.0	1.5212468775927037	-14.618440273471707	201.15727965902204
11	2	cdf	5	98	82.5	32.0	24.0	0.2892041638276537	127.39033586994923	136.36144999662687
11	2	cdf	5	103	112.5	920.0	8.0	0.6901791103906445	-6.279572424792781	92.27550915035783
11	2	cdf	5	104	52.5	250.0	24.0	0.7133688592163089	26.803541416955344	106.22241120140752
11	2	cdf	5	105	127.5	14.0	8.0	0.5564735177409292	178.9860083052541	73.71316088235335
11	2	cdf	5	105	127.5	556.0	10.0	0.7618509212684398	5.563211101525777	77.80956269684992
11	2	cdf	5	106	157.5	768.0	6.0	0.7283555576745485	10.123178994455536	109.06376945668718
11	2	cdf	5	108	7.5	12.0	10.0	0.6194182198220598	177.26631735511273	64.02128709291263
11	2	cdf	5	109	105.0	98.0	8.0	0.7424069579903066	173.01613713344653	98.14245054695658
11	2	cdf	5	109	105.0	748.0	22.0	0.8385348560257848	10.71624100219996	132.23865021455123
11	2	cdf	5	110	150.0	68.0	34.0	1.7635521692038998	-13.892540017434445	151.26071491401524
11	2	cdf	5	110	150.0	290.0	12.0	1.2954374156423811	174.1831319678462	137.37718910256118
11	2	cdf	5	110	150.0	554.0	22.0	0.680595456993867	176.68216794835112	96.02282126514899
11	2	cdf	5	110	150.0	804.0	26.0	1.0897142281172878	45.43070820041467	107.55396692492079
11	2	cdf	5	111	135.0	326.0	4.0	0.3607060190975324	161.15166875833268	74.61973433774733
11	2	cdf	5	112	67.5	274.0	12.0	1.1728880239454889	8.530121485296483	115.89484424111613
11	2	cdf	5	112	67.5	876.0	6.0	0.38900357879361536	178.54939687938887	66.32132077198382
11	2	cdf	5	113	22.5	326.0	6.0	0.4598412326495773	147.38782260595107	74.54843698227674
11	2	cdf	5	114	15.0	130.0	4.0	0.4224337838979073	60.94532895525303	92.68244415757414
11	2	cdf	5	114	15.0	696.0	4.0	0.2803167069745045	30.619318856831704	60.680207847140615
11	2	cdf	6	116	52.5	442.0	4.0	0.3333320198215502	147.87466352434558	67.33175136995315
11	2	cdf	6	118	112.5	64.0	8.0	0.5580628984500349	6.2469907254723465	70.40184034900915
11	2	cdf	6	118	112.5	794.0	4.0	0.22343060383074126	177.4739604236611	50.13613070255405
11	2	cdf	6	119	172.5	240.0	10.0	1.0734306403799754	4.648069259042678	113.45796815237533
11	2	cdf	6	119	172.5	674.0	6.0	0.4918535852257223	175.98167730963206	77.77789640232943
11	2	cdf	6	121	82.5	780.0	22.0	0.8438647975184398	14.415645426789002	142.5430075437757
11	2	cdf	6	124	15.0	328.0	18.0	0.546598070965037	89.13981236273045	50.82243312558269
11	2	cdf	6	124	15.0	880.0	6.0	0.5224270790838548	129.39011584274922	87.3853667492607
11	2	cdf	6	125	45.0	46.0	28.0	0.739671548914184	5.092086424610392	132.6161231161029
11	2	cdf	6	125	45.0	396.0	10.0	0.7022158237231549	140.8773031325489	92.2678751420458
11	2	cdf	6	126	22.5	330.0	10.0	1.0092057998630937	-172.05418779067875	114.2987555981212
11	2	cdf	6	126	22.5	686.0	10.0	0.6675310037657778	9.624653691854647	74.25837058995246
11	2	cdf	6	128	60.0	24.0	10.0	0.6545720396157638	162.7945861139681	71.75722239222358
11	2	cdf	6	128	60.0	418.0	4.0	0.2677332072058591	-2.459220232272561	60.23977375304406
11	2	cdf	6	128	60.0	904.0	6.0	0.6253023453441956	161.32434563080395	96.25160172388925
11	2	cdf	6	129	142.5	52.0	4.0	0.31829501153940337	137.5080750026434	70.10526061069262
11	2	cdf	6	129	142.5	664.0	6.0	0.4541820467838946	10.618336700868692	71.2317970489215
11	2	cdf	6	130	97.5	614.0	4.0	0.33907175520774424	39.713171703847735	71.33152702933023
11	2	cdf	6	131	135.0	410.0	10.0	0.8142774641499165	-170.95477528039217	91.22083996286315
11	2	cdf	6	132	37.5	254.0	14.0	1.0169205915024113	20.59660051668856	111.72034142351598
11	2	cdf	6	132	37.5	818.0	28.0	0.7388563389658243	7.91532213402189	139.89908052163383
11	2	cdf	6	135	30.0	522.0	6.0	0.38494406480973575	166.43854946772512	58.911311734576486
11	2	cdf	6	136	150.0	294.0	14.0	1.7596015647188377	6.478947839490947	153.1999358234529
11	2	cdf	6	136	150.0	758.0	12.0	1.3936612705696778	-164.2863617779516	142.127639135701
11	2	cdf	6	138	7.5	828.0	8.0	0.5448658819921405	-4.491316197613033	78.67164189460361
11	2	cdf	7	139	135.0	204.0	30.0	1.9046820453838702	57.415245925720505	222.88773027477552
11	2	cdf	7	139	135.0	256.0	4.0	0.4055934570536757	79.5092177195584	82.7060463060762
11	2	cdf	7	139	135.0	648.0	10.0	0.8752054391157225	34.23163653368003	100.15185381322327
11	2	cdf	7	140	82.5	42.0	8.0	0.6404664466806483	156.92246149358166	84.449042627409
11	2	cdf	7	142	97.5	256.0	8.0	0.8097841399656772	25.31824168739205	110.18464249327812
11	2	cdf	7	149	172.5	160.0	10.0	0.7172579749638579	179.4755593392871	73.07651201014676
11	2	cdf	7	149	172.5	908.0	12.0	0.9136546649343233	-8.886876745581517	96.59659257338436
11	2	cdf	7	150	165.0	56.0	26.0	0.44273492938097525	10.897715752572676	84.7893308633185
11	2	cdf	7	151	60.0	240.0	6.0	0.7145365961325142	168.74103994398197	103.65723213037062
11	2	cdf	7	153	127.5	62.0	4.0	0.4211915842798825	-123.51798052231736	87.10996194159272
11	2	cdf	7	153	127.5	204.0	22.0	4.1971861195573865	172.92669106955887	269.1144968037765
11	2	cdf	7	154	120.0	662.0	10.0	1.583295142211832	2.3758439361279957	175.78217405633765
11	2	cdf	8	163	90.0	904.0	4.0	0.5407365299393746	-95.39901278356965	119.88952782807873
11	2	cdf	8	165	82.5	134.0	8.0	0.49347765961423923	-167.90551091207408	68.72081356830738
11	2	cdf	8	166	135.0	352.0	6.0	0.5131706947623769	147.943464669625	80.7897211768463
11	2	cdf	8	167	60.0	20.0	20.0	0.6193014820967052	21.942483269797034	107.6258652265972
11	2	cdf	8	168	157.5	670.0	26.0	1.113178300428675	18.036657312667238	143.83147219672247
11	2	cdf	8	173	172.5	722.0	4.0	0.6920131555724374	89.4564332816854	141.70698273518803
11	2	cdf	8	175	105.0	780.0	26.0	1.1162254651427144	44.63021890232989	165.33560154690747
11	2	cdf	8	176	97.5	12.0	14.0	0.8644804309779498	-166.38440559474572	72.16953777379231
11	2	cdf	8	176	97.5	804.0	24.0	1.8427654666972535	38.55962408368617	145.82707719393622
11	2	cdf	8	177	142.5	12.0	6.0	0.588530119061459	-162.97532447897296	90.56328801670405
11	2	cdf	8	177	142.5	210.0	8.0	0.8431723781583038	-170.70353690725563	111.96870555975187
11	2	cdf	8	177	142.5	638.0	10.0	0.7976590342382629	-179.29275711846964	94.19754912539916
11	2	cdf	8	181	15.0	208.0	12.0	1.4272014778051263	167.6490218872447	128.11580329920642
11	2	cdf	8	181	15.0	590.0	4.0	0.4181450796115776	99.94377426373615	97.75897788321407
11	2	cdf	8	182	120.0	124.0	4.0	0.2614513513012821	158.26297391749281	63.66740491419577
11	2	cdf	8	182	120.0	926.0	6.0	0.4877702830516749	60.80362073592268	87.8853880565557
11	2	cdf	8	183	45.0	620.0	4.0	0.3910341015822758	97.96162763490592	84.8597923770975
11	2	cdf	8	184	127.5	106.0	16.0	1.98936454049088	175.17614067721502	182.4736757357101
12	1	cdf	1	1	90.0	428.0	4.0	0.5130868925982474	-5.872590752854734	111.32157878144561
12	1	cdf	1	1	90.0	596.0	4.0	0.47553889193408244	-153.36494393309113	106.47682372031332
12	1	cdf	1	1	90.0	850.0	4.0	0.5040382753872277	15.474894147248163	111.90763877289463
12	1	cdf	1	1	90.0	926.0	8.0	0.9558283125305982	159.92618726839893	123.7789619092481
12	1	cdf	1	2	157.5	142.0	8.0	0.5943128795532963	-13.569455149517086	72.34903737688246
12	1	cdf	1	2	157.5	620.0	8.0	0.7631235962850026	0.3696362791586015	97.50905802630596
12	1	cdf	1	2	157.5	930.0	10.0	0.9238961172793507	167.6929941288765	106.58038786067823
12	1	cdf	1	3	82.5	526.0	12.0	0.6645179945156013	0.2829904884008833	74.92689271608367
12	1	cdf	1	3	82.5	780.0	14.0	1.233961628025502	-168.1818687514722	102.82065958817252
12	1	cdf	1	3	82.5	866.0	10.0	1.0304396053580234	-7.227480115536216	137.82580426288033
12	1	cdf	1	4	67.5	88.0	10.0	0.8211895545429126	-163.99252116228215	90.16089405529578
12	1	cdf	1	4	67.5	372.0	8.0	0.7960399324101958	46.168461440606855	124.9306677818514
12	1	cdf	1	4	67.5	434.0	20.0	1.1446053012116055	155.1661323610166	142.00361059903747
12	1	cdf	1	4	67.5	556.0	8.0	0.6855995576053504	-10.339998729218028	99.5338391328098
12	1	cdf	1	4	67.5	866.0	4.0	0.3523366910427191	172.7758733895487	75.72187496249603
12	1	cdf	1	5	45.0	340.0	12.0	0.8929333708136735	178.73639259589132	118.97327180439785
12	1	cdf	1	5	45.0	506.0	6.0	0.3797819040763575	3.467488927851939	68.67023978761827
12	1	cdf	1	6	135.0	368.0	24.0	0.9115234185817124	175.7678659979864	166.75066315248105
12	1	cdf	1	6	135.0	526.0	6.0	0.7635820023430232	-22.484103971187263	127.89592295078882
12	1	cdf	1	7	142.5	104.0	10.0	1.0996590041273804	15.40142432865378	122.09658358808258
12	1	cdf	1	7	142.5	906.0	22.0	0.8198902634187891	11.896189781116739	141.56092390918863
12	1	cdf	1	8	30.0	306.0	4.0	0.524987964282841	130.2966534953985	111.77719189542341
12	1	cdf	1	8	30.0	564.0	10.0	0.5738814139014218	-20.416132789329787	73.64430187637875
12	1	cdf	1	8	30.0	786.0	10.0	0.9852848801864706	174.45600580042478	106.71969834890211
12	1	cdf	1	9	75.0	662.0	8.0	1.0045354945330596	7.603219690667872	134.6127694922352
12	1	cdf	1	9	75.0	950.0	8.0	0.9336155516749286	149.2396303523627	124.87524617714313
12	1	cdf	1	10	127.5	10.0	10.0	0.8549411804999372	8.829766892017307	94.76697237773914
12	1	cdf	1	10	127.5	296.0	8.0	0.6054864003993118	-179.5341874614768	80.76773770066333
12	1	cdf	1	10	127.5	692.0	8.0	0.8257245427063241	171.77349600681168	109.53323437815145
12	1	cdf	1	10	127.5	924.0	6.0	0.4149950603590451	-24.034675846736008	80.10870491577577
12	1	cdf	1	11	15.0	82.0	8.0	0.6192283447223957	11.462779417341807	79.26316338805205
12	1	cdf	1	11	15.0	314.0	6.0	0.4243422659125236	-142.06396105022532	101.94777384332895
12	1	cdf	1	11	15.0	958.0	4.0	0.3470031876236273	158.65103948693354	76.83640795526678
12	1	cdf	1	12	22.5	312.0	10.0	1.1935830337461166	30.30221126819655	156.83524940572389
12	1	cdf	1	12	22.5	616.0	8.0	0.8787142131663407	160.92647026021376	119.38044364218341
12	1	cdf	1	12	22.5	724.0	10.0	0.9597009551712236	11.541343882532878	115.3896046789895
12	1	cdf	1	13	120.0	262.0	8.0	0.9720412740505238	151.59075950002895	127.85806189126181
12	1	cdf	1	13	120.0	534.0	22.0	1.527693684849716	-17.75621088375328	165.67640741746746
12	1	cdf	1	13	120.0	796.0	10.0	1.4591446972891793	166.53952170607968	178.53092397068846
12	1	cdf	1	14	37.5	46.0	8.0	1.02596876772215	1.4664217626708704	131.4599427602188
12	1	cdf	1	14	37.5	440.0	8.0	0.6129649376676592	174.77928636683123	94.92631808535002
12	1	cdf	1	15	97.5	346.0	12.0	1.7351354097378167	14.509252956096617	190.25974056038896
12	1	cdf	1	15	97.5	580.0	8.0	1.13555516739484	180.0	150.71495816886727
12	1	cdf	1	15	97.5	896.0	4.0	0.4752110125958977	9.135102207330526	99.3550153832218
12	1	cdf	1	16	7.5	142.0	4.0	0.314505118762639	23.36209405227903	64.13242363912892
12	1	cdf	1	16	7.5	650.0	4.0	0.37302580562176535	17.40425323064081	81.41519639753837
12	1	cdf	1	16	7.5	874.0	10.0	0.7608660769414298	165.51003826306095	84.1111795601512
12	1	cdf	1	16	7.5	948.0	8.0	0.9363517933379987	11.729915678214613	125.37070290095467
12	1	cdf	1	18	150.0	490.0	10.0	1.4101312800464703	158.217445462214	160.57022930595045
12	1	cdf	1	18	150.0	774.0	24.0	1.3781256058939295	5.6012677818974215	216.77207747479895
12	1	cdf	1	19	60.0	574.0	8.0	0.8217210455222295	0.45754638675127896	110.39647002719163
12	1	cdf	1	19	60.0	656.0	12.0	1.4233655184633622	172.98170089870774	135.84309957393685
12	1	cdf	1	19	60.0	774.0	10.0	1.039445014702389	21.870611358790022	112.94613118501337
12	1	cdf	1	20	165.0	134.0	20.0	1.0329137668523192	-173.16063457356964	159.7393618923716
12	1	cdf	1	20	165.0	240.0	20.0	0.928012542206428	20.154376326600342	187.44395826328912
12	1	cdf	1	20	165.0	380.0	22.0	0.6937225935362115	-155.5646244457254	126.93106689502724
12	1	cdf	1	20	165.0	838.0	10.0	1.169216615091989	176.29982350904507	135.69498376351837
12	1	cdf	1	20	165.0	940.0	22.0	1.2876992716283582	5.70148820975273	165.62952358224686
12	1	cdf	1	22	112.5	26.0	8.0	1.1579030540057456	-22.467761269466337	151.43390991037842
12	1	cdf	1	22	112.5	608.0	4.0	0.45145976677287314	-178.54417600044317	97.69042059563091
12	1	cdf	1	22	112.5	816.0	4.0	0.45823048570588365	-12.178636329040451	99.29706745674231
12	1	cdf	1	23	52.5	362.0	10.0	1.1218161374076903	-168.9679270955202	129.92244682554156
12	1	cdf	1	23	52.5	588.0	4.0	0.5501834292649365	21.492734680689985	116.2410526726864
12	1	cdf	2	25	150.0	254.0	6.0	0.654173352222491	-170.3320935142439	108.28239712836476
12	1	cdf	2	25	150.0	338.0	10.0	1.3192899680645498	-10.887316519516936	151.04355624895356
12	1	cdf	2	25	150.0	496.0	8.0	0.8596128233143763	-165.30790072793852	114.11502220252237
12	1	cdf	2	25	150.0	812.0	8.0	0.7263338162045718	-14.380707733958497	95.74135621124708
12	1	cdf	2	25	150.0	916.0	8.0	0.7814402979930118	155.96508296648304	106.32570343856838
12	1	cdf	2	26	120.0	26.0	20.0	1.1165190594950993	-174.3585912514169	196.34690844408502
12	1	cdf	2	26	120.0	322.0	4.0	0.42569356064664843	3.0885933902819724	90.50930074464813
12	1	cdf	2	26	120.0	656.0	18.0	0.6459586455261094	52.06923984171548	124.46394906596461
12	1	cdf	2	26	120.0	752.0	6.0	0.920099345036309	175.60774837651917	147.72633660028035
12	1	cdf	2	26	120.0	810.0	8.0	1.2129557602566898	15.038900752855834	165.96659531155606
12	1	cdf	2	27	97.5	94.0	4.0	0.4094801451861303	49.532064250117855	92.11974047794511
12	1	cdf	2	27	97.5	800.0	24.0	0.6695137839995445	37.23995698994583	147.6793123534828
12	1	cdf	2	28	67.5	252.0	6.0	0.563564325979042	-35.99965111734452	84.89890090743354
12	1	cdf	2	29	172.5	4.0	48.0	6.055901582246801	162.49143997794928	299.4387823233342
12	1	cdf	2	29	172.5	182.0	14.0	1.4896481763898997	161.46933647014797	155.80154100869098
12	1	cdf	2	30	75.0	12.0	26.0	0.9711308826971888	15.276689435572656	130.50903829034183
12	1	cdf	2	30	75.0	250.0	10.0	1.293843720523416	-174.61685899807867	158.38629429844252
12	1	cdf	2	30	75.0	604.0	22.0	0.9296900610648858	24.167674358298605	143.92877406975092
12	1	cdf	2	30	75.0	656.0	6.0	0.6896042434131732	118.88467213744185	124.20221211535731
12	1	cdf	2	30	75.0	782.0	12.0	1.0249881891187749	7.725580797145988	106.32302098434192
12	1	cdf	2	31	30.0	698.0	6.0	0.5527864757904436	21.726321801867737	89.3883882267806
12	1	cdf	2	31	30.0	920.0	10.0	0.934547947311966	170.7288596211648	110.28139968157105
12	1	cdf	2	32	15.0	6.0	4.0	0.29549631851577773	-10.550217815237806	68.77948194046027
12	1	cdf	2	32	15.0	160.0	10.0	1.14346117642608	160.3043710787742	142.5358518241796
12	1	cdf	2	32	15.0	336.0	8.0	0.8743451547809478	-11.027845175392464	114.32205622211882
12	1	cdf	2	32	15.0	590.0	10.0	1.157696129483307	165.8122794032691	129.81716066971256
12	1	cdf	2	32	15.0	894.0	18.0	0.5177852698933698	-29.00099510901925	152.80037232911684
12	1	cdf	2	33	22.5	66.0	6.0	0.8245941212815864	164.43484615243867	128.52146352329552
12	1	cdf	2	33	22.5	186.0	12.0	1.5040422146113375	2.374323283261113	149.56000218407164
12	1	cdf	2	33	22.5	310.0	8.0	1.0159868153515235	-163.30799649952368	127.62527442697436
12	1	cdf	2	33	22.5	478.0	6.0	0.4834882504694907	-16.14721529461878	81.04551175060175
12	1	cdf	2	33	22.5	804.0	8.0	0.8352714735320743	164.74629964604412	108.13996009097366
12	1	cdf	2	33	22.5	970.0	8.0	0.6641103626453616	26.23372135128706	87.58934583591164
12	1	cdf	2	34	135.0	334.0	8.0	0.8575077111761287	166.8398526593295	115.12360950674216
12	1	cdf	2	35	142.5	192.0	6.0	0.707975377736821	154.636106858147	128.08794001409552
12	1	cdf	2	35	142.5	574.0	8.0	1.2393460653467936	172.62704442055932	160.0349725572804
12	1	cdf	2	35	142.5	670.0	6.0	0.5938047348436545	12.76134133855534	104.38075672642103
12	1	cdf	2	36	165.0	40.0	4.0	0.33045962128315365	169.42235082386105	75.79126663551027
12	1	cdf	2	36	165.0	244.0	8.0	0.8945507282508518	158.16740068937983	161.9517507162105
12	1	cdf	2	36	165.0	384.0	8.0	0.9858194927294907	-12.291939815785774	131.6335052991441
12	1	cdf	2	36	165.0	696.0	20.0	0.44184427481838173	-20.650881645310935	99.95850560727355
12	1	cdf	2	36	165.0	866.0	20.0	0.7449168492813906	154.57537216884452	129.2023533979601
12	1	cdf	2	37	7.5	358.0	12.0	1.7656578808193137	179.7870361202821	174.69976273324423
12	1	cdf	2	37	7.5	540.0	6.0	0.6640111745520586	11.83481753639354	108.54156532681198
12	1	cdf	2	38	60.0	24.0	6.0	0.7905508266875642	-30.28713804323853	115.6601765259362
12	1	cdf	2	38	60.0	960.0	26.0	0.968439832425417	9.062159869561297	137.82442567257135
12	1	cdf	2	39	127.5	34.0	10.0	0.6867669989667436	20.561270758451553	87.44451014600662
12	1	cdf	2	39	127.5	246.0	4.0	0.30088287702473754	-152.03253118300373	76.96836292810227
12	1	cdf	2	39	127.5	548.0	4.0	0.2802610053683178	10.455206275836312	61.37467320182809
12	1	cdf	2	39	127.5	844.0	4.0	0.24779732688732592	143.8931667541442	74.49081066718088
12	1	cdf	2	39	127.5	968.0	10.0	0.8871315375844333	-15.118381572213801	92.18720447456882
12	1	cdf	2	40	105.0	136.0	24.0	1.1626995686375932	16.646612267744473	178.7679238644258
12	1	cdf	2	40	105.0	326.0	22.0	1.0783362868094657	-162.8373182152207	152.0433157595921
12	1	cdf	2	40	105.0	628.0	20.0	0.6451632112220073	8.481811604389103	133.29253832234522
12	1	cdf	2	40	105.0	924.0	22.0	0.6480761136833106	0.43498820827176454	143.6564348435153
12	1	cdf	2	43	112.5	624.0	4.0	0.44433072115115774	4.232528553812781	92.75788597847071
12	1	cdf	2	44	52.5	584.0	4.0	0.4661938808058082	164.71822541986725	99.63404210454247
12	1	cdf	2	44	52.5	774.0	6.0	0.603887362297055	-27.29649277568893	106.52776428793881
12	1	cdf	2	46	37.5	138.0	4.0	0.42919264227427784	134.41151730334565	95.91504745404085
12	1	cdf	2	46	37.5	758.0	10.0	1.1670786117022713	-7.266169313939401	136.87721488770535
12	1	cdf	3	47	127.5	360.0	6.0	0.451338274252375	46.3178067839253	87.36654360744252
12	1	cdf	3	49	120.0	294.0	20.0	0.5334993683581568	134.5417265874751	91.2370917277759
12	1	cdf	3	49	120.0	588.0	8.0	0.8813601995556012	154.08060736597525	114.1950448789493
12	1	cdf	3	49	120.0	744.0	4.0	0.4450853901499122	2.1120061194877757	94.60912782752891
12	1	cdf	3	50	7.5	606.0	4.0	0.3925696022111898	3.1118400596885984	82.80913732292878
12	1	cdf	3	50	7.5	844.0	14.0	1.324412360918669	167.84816648046055	113.32646697652179
12	1	cdf	3	51	30.0	578.0	10.0	1.3442779362851467	-175.03204400272867	144.68541794796212
12	1	cdf	3	51	30.0	842.0	6.0	0.6923660918292811	-32.200755238472475	110.96179360973093
12	1	cdf	3	52	67.5	122.0	4.0	0.9337805573199723	81.51044704159699	196.34907714041125
12	1	cdf	3	53	112.5	24.0	4.0	0.26911209281691223	158.92650950690006	58.39222846497966
12	1	cdf	3	53	112.5	154.0	8.0	0.9042984850803374	-20.259343511065573	118.20574566175098
12	1	cdf	3	53	112.5	758.0	6.0	0.6767151532593018	-28.666386134558525	104.74923743159891
12	1	cdf	3	55	142.5	576.0	24.0	0.7416583919300049	176.32316326921708	146.04518883081658
12	1	cdf	3	55	142.5	780.0	6.0	0.7580390915920093	-26.884329059728863	126.40195951410803
12	1	cdf	3	56	82.5	362.0	4.0	0.3429146630930352	5.765871841310311	73.13534601100484
12	1	cdf	3	57	97.5	324.0	4.0	0.43611100010577214	-4.314473673696293	95.98905728307044
12	1	cdf	3	57	97.5	686.0	8.0	1.0897508662454958	-141.13618748762173	144.10660077484337
12	1	cdf	3	57	97.5	920.0	6.0	0.6916023366554523	33.34824966098614	113.0807810357852
12	1	cdf	3	58	15.0	8.0	6.0	0.6936352906082747	-11.59391261996676	100.73226830995851
12	1	cdf	3	58	15.0	236.0	6.0	0.6720479005609239	-18.642989039005506	106.70291654492122
12	1	cdf	3	58	15.0	648.0	6.0	0.8468388580055158	-18.627034444214814	141.11417641495282
12	1	cdf	3	60	90.0	222.0	4.0	0.29732498709486943	-152.033942570858	69.85977187877965
12	1	cdf	3	60	90.0	568.0	6.0	0.4698852628619671	-10.053301495743334	79.21256024388106
12	1	cdf	3	60	90.0	794.0	10.0	1.2347320362992265	166.952590343085	130.51379937205277
12	1	cdf	3	60	90.0	868.0	20.0	0.6151701632804663	0.0	118.72973107089621
12	1	cdf	3	61	172.5	14.0	10.0	0.8668972522982362	24.726677053384144	94.53239479441228
12	1	cdf	3	61	172.5	270.0	4.0	0.40047970283481854	174.59366050293198	86.28373303993602
12	1	cdf	3	61	172.5	568.0	6.0	0.5039083125820368	-30.742261075773094	91.54507670628438
12	1	cdf	3	62	75.0	18.0	20.0	0.5107783858003903	42.90856243411055	142.884647249275
12	1	cdf	3	62	75.0	648.0	8.0	0.6602686131674642	165.76067817794998	87.82416654961501
12	1	cdf	3	63	105.0	22.0	22.0	0.7321041497583883	169.67738733807877	130.42861351728544
12	1	cdf	3	63	105.0	586.0	20.0	1.2462894088283993	6.416500252625687	189.90123240750685
12	1	cdf	3	63	105.0	844.0	8.0	0.9872719035352386	149.58603515653405	125.92927706877087
12	1	cdf	3	66	52.5	152.0	10.0	1.1508566886638611	-168.82443040156164	137.66190513843284
12	1	cdf	3	66	52.5	222.0	8.0	0.9565605437411104	-3.3416283819967263	123.28511947046161
12	1	cdf	3	66	52.5	576.0	6.0	0.677887450864303	155.8732746882164	110.19560625746735
12	1	cdf	3	66	52.5	804.0	6.0	0.5282070961142405	26.5559444396828	101.83945719426168
12	1	cdf	3	66	52.5	878.0	10.0	0.8287340736849546	174.8895978730307	102.30419869374825
12	1	cdf	3	67	150.0	398.0	4.0	0.2609226844677578	-179.6397041745	62.36077969404688
12	1	cdf	3	67	150.0	542.0	6.0	0.5359949952649031	-22.870924316276263	85.35293254622438
12	1	cdf	3	67	150.0	978.0	6.0	0.4081947837184845	0.0	65.0411250105748
12	1	cdf	3	68	165.0	404.0	6.0	0.49129023952413453	164.1102089761254	87.2283663041653
12	1	cdf	3	68	165.0	542.0	6.0	0.4828839544696422	-42.796453782949314	90.19200814340635
12	1	cdf	3	69	135.0	256.0	6.0	0.5287485431819854	160.6240319137808	101.34407839650093
12	1	cdf	3	69	135.0	534.0	10.0	1.1172948235124316	-11.767955725609864	122.76831696847383
12	1	cdf	4	70	157.5	428.0	4.0	0.2576561940850606	11.384565317503233	60.34371360101306
12	1	cdf	4	70	157.5	876.0	8.0	0.9121135476641231	58.092123177801554	137.11384250166367
12	1	cdf	4	71	60.0	430.0	22.0	0.5238022595521359	-164.76429076562582	108.27249213208034
12	1	cdf	4	71	60.0	492.0	20.0	0.7287810986709063	9.57535792896573	136.53892171299694
12	1	cdf	4	71	60.0	758.0	4.0	0.5160446025404345	176.72292413604413	105.56126551836736
12	1	cdf	4	71	60.0	978.0	4.0	0.28629908452748576	-28.734238922465607	68.47596007907312
12	1	cdf	4	72	142.5	386.0	12.0	1.0602450611254013	-163.37432227413834	137.66277747712275
12	1	cdf	4	72	142.5	584.0	6.0	0.8151473605136637	-26.13057145890237	125.67505513135225
12	1	cdf	4	73	127.5	202.0	6.0	0.5771482494490898	151.1318674600789	97.57458346851287
12	1	cdf	4	73	127.5	836.0	10.0	1.2199386543032	-174.44514330805345	145.69503275256054
12	1	cdf	4	74	150.0	288.0	16.0	3.1812305559740013	-177.75661527054942	262.6053187181125
12	1	cdf	4	74	150.0	600.0	10.0	1.4339388976363865	23.796081013625052	157.99485787783672
12	1	cdf	4	74	150.0	652.0	14.0	1.2621441389344834	-167.8544441049113	124.53417959576018
12	1	cdf	4	74	150.0	820.0	8.0	0.8362970419095906	-6.980631057911255	112.61314322950321
12	1	cdf	4	77	75.0	4.0	30.0	5.762107748586662	92.70942474659111	647.4759834692476
12	1	cdf	4	77	75.0	88.0	6.0	2.4684330186702264	-87.63740451802893	352.3166447835525
12	1	cdf	4	77	75.0	304.0	8.0	0.6886326501750579	-18.907955354990403	90.29936708140528
12	1	cdf	4	78	15.0	56.0	22.0	1.0355169990300772	8.746196105916114	168.27025926648935
12	1	cdf	4	78	15.0	262.0	12.0	1.5692112539157066	175.083709654667	174.10616318779367
12	1	cdf	4	78	15.0	566.0	4.0	0.38092438730356915	9.419265224894458	82.12598752816199
12	1	cdf	4	79	82.5	600.0	6.0	0.7167861637547042	17.856684422022937	124.35674351237685
12	1	cdf	4	79	82.5	918.0	22.0	0.4466931570916934	-162.02944416460124	150.82587348832496
12	1	cdf	4	80	90.0	790.0	8.0	0.720116224334452	161.8140954720199	136.82914678073243
12	1	cdf	4	81	22.5	574.0	4.0	0.4593300198452545	46.412674384715025	98.75256457623036
12	1	cdf	4	82	30.0	878.0	4.0	0.4313569066728243	7.208588747717508	93.77090336053836
12	1	cdf	4	83	165.0	576.0	8.0	0.8837176826925487	37.74724335576957	119.0711818141226
12	1	cdf	4	83	165.0	884.0	10.0	1.026006714506534	164.61225330251406	118.65842256407792
12	1	cdf	4	84	120.0	242.0	10.0	0.6725606007248723	23.107945711821188	71.70907154940102
12	1	cdf	4	84	120.0	470.0	4.0	0.39928533233422553	-144.03837960840232	86.85486826788151
12	1	cdf	4	85	67.5	620.0	4.0	0.3251054137611727	-29.308079510759285	75.39583585451894
12	1	cdf	4	85	67.5	694.0	8.0	0.7166774286785479	134.04061998585567	118.13764932686047
12	1	cdf	4	86	97.5	400.0	8.0	1.2178184564822747	-10.161141169915604	164.80334467784218
12	1	cdf	4	86	97.5	570.0	10.0	1.0025842303620514	173.42726994731856	120.89351417604064
12	1	cdf	4	86	97.5	826.0	6.0	0.6064591364614363	21.071870767457046	98.21333316105014
12	1	cdf	4	86	97.5	914.0	26.0	0.9191210764137512	-149.56319608040468	119.52022589660253
12	1	cdf	4	87	112.5	884.0	6.0	0.4975176007235281	-46.17310643206007	104.9242277539895
12	1	cdf	4	89	52.5	352.0	22.0	0.6630354167940367	-173.03863100302303	145.6064746247598
12	1	cdf	4	89	52.5	876.0	8.0	0.6639339101942567	3.1104891447887146	86.37084052766537
12	1	cdf	4	90	105.0	70.0	18.0	0.4232950855052978	-10.044944720041844	102.92586303818028
12	1	cdf	4	90	105.0	550.0	8.0	0.6881568002479166	157.72477449391806	95.54829685346385
12	1	cdf	4	90	105.0	598.0	6.0	0.32483160928166743	-9.888354385001241	79.06842666874651
12	1	cdf	4	91	7.5	354.0	12.0	1.1852677468494872	-176.51089758991878	129.95601813840042
12	1	cdf	4	91	7.5	514.0	6.0	0.808571253694979	-34.72763240033442	131.65527509605266
12	1	cdf	4	92	37.5	104.0	8.0	0.592058954172562	-170.59681072546238	95.06236913041909
12	1	cdf	4	92	37.5	348.0	8.0	0.9718562856709742	15.860037423583769	138.89801623498585
12	1	cdf	4	92	37.5	502.0	6.0	0.7930498922710747	153.87375033691234	139.61583281189044
12	1	cdf	5	94	67.5	318.0	6.0	0.5584670616854079	15.50206366395596	89.88364433042486
12	1	cdf	5	94	67.5	604.0	6.0	0.6422278457620177	-36.688434081929515	108.62229011734992
12	1	cdf	5	94	67.5	836.0	8.0	0.6672238637526392	-144.71626527568327	100.84776103791727
12	1	cdf	5	95	112.5	252.0	6.0	0.5778471533894888	-146.02559212768406	94.81023737764217
12	1	cdf	5	95	112.5	536.0	6.0	0.6927185849006542	25.20212033351295	114.77402460835825
12	1	cdf	5	95	112.5	784.0	6.0	0.7796607350672163	-128.38332832048022	139.34357271941025
12	1	cdf	5	96	37.5	126.0	10.0	0.6306581802929521	-2.385427282993596	95.15549382700739
12	1	cdf	5	97	15.0	6.0	12.0	2.2126034564998003	-175.40829412545742	219.13766989489773
12	1	cdf	5	97	15.0	274.0	12.0	1.727543526989109	19.86343452687687	164.28029939294356
12	1	cdf	5	97	15.0	650.0	4.0	0.4566715311927111	-52.88219024794222	97.52113951857042
12	1	cdf	5	99	127.5	118.0	10.0	0.9731478258922547	-31.81309081951534	112.98942177995589
12	1	cdf	5	99	127.5	524.0	4.0	0.4413131170332127	155.652400213886	92.61342470210052
12	1	cdf	5	100	22.5	328.0	6.0	0.6092227504522134	-2.0050304157177137	91.7488932877605
12	1	cdf	5	100	22.5	636.0	10.0	1.0570703250862914	-11.263592057049767	118.56510703458395
12	1	cdf	5	100	22.5	860.0	8.0	0.8676603668813537	153.66143903743466	149.96968947003833
12	1	cdf	5	101	142.5	40.0	8.0	1.0433407526836047	8.584259089912043	138.93421297655084
12	1	cdf	5	101	142.5	258.0	10.0	1.1388488616313799	171.80783913739347	139.1371257624777
12	1	cdf	5	101	142.5	678.0	6.0	0.4783922315502872	-3.9304153110541318	83.99855740226876
12	1	cdf	5	101	142.5	954.0	8.0	0.7800811478971197	175.4169062627914	104.18698096298661
12	1	cdf	5	102	97.5	120.0	6.0	0.8176912086346766	2.1848505737247517	127.32775898102955
12	1	cdf	5	102	97.5	684.0	10.0	1.2676602676489415	10.590182872010292	142.0008510977794
12	1	cdf	5	103	165.0	138.0	26.0	1.2359699048012365	178.70772560772983	147.20147645773415
12	1	cdf	5	103	165.0	246.0	22.0	0.9767836495110402	1.635571605497354	177.38079856903468
12	1	cdf	5	103	165.0	372.0	20.0	1.053058560789072	152.25828580931102	144.33867349331902
12	1	cdf	5	104	82.5	60.0	6.0	0.5968601805472397	8.21722522477768	95.34069914421643
12	1	cdf	5	104	82.5	552.0	6.0	0.503275342015714	-34.108512560150174	97.50241205042843
12	1	cdf	5	104	82.5	828.0	8.0	0.7129681837853552	-175.24785915665674	92.31289960864522
12	1	cdf	5	105	157.5	70.0	10.0	0.8636539999630646	-178.1500183041806	91.62833740195784
12	1	cdf	5	105	157.5	252.0	8.0	0.7258795045497686	35.983627881400295	106.0238117115513
12	1	cdf	5	105	157.5	572.0	4.0	0.29805204289370985	165.66201549480493	65.37647063602246
12	1	cdf	5	105	157.5	886.0	10.0	0.9723842439165065	-4.644241144350993	109.3627880660306
12	1	cdf	5	106	60.0	770.0	10.0	1.03255750072957	-142.76486977969208	153.1227662458693
12	1	cdf	5	106	60.0	930.0	8.0	0.7638288475482697	-19.81985724634817	97.59376104183286
12	1	cdf	5	107	52.5	572.0	8.0	0.8167881292389008	172.9701443147688	110.44756806854527
12	1	cdf	5	107	52.5	890.0	24.0	0.6317385227325134	1.3380683181018134	165.31173907383499
12	1	cdf	5	109	172.5	234.0	22.0	0.9434274191766752	-156.43523907555763	166.93845281784294
12	1	cdf	5	109	172.5	424.0	6.0	0.5211333680817567	-9.778742868847617	94.72260072749101
12	1	cdf	5	109	172.5	746.0	10.0	1.020815529020173	12.806368016885944	107.47482979635596
12	1	cdf	5	110	135.0	244.0	4.0	0.490425036480115	-129.71622427768366	98.73413212717874
12	1	cdf	5	110	135.0	938.0	4.0	0.4257554513887278	-20.525661902976406	88.3741474486703
12	1	cdf	5	111	105.0	118.0	24.0	1.2215182015322035	13.181647884501674	169.96956547022052
12	1	cdf	5	111	105.0	310.0	8.0	1.20485059614521	-171.78963754905374	157.77884497251682
12	1	cdf	5	112	30.0	280.0	6.0	0.4153804381705744	-10.455563509757502	66.81830572254503
12	1	cdf	5	112	30.0	534.0	6.0	0.4927196598714302	-155.85190373704484	83.72142959202307
12	1	cdf	5	112	30.0	790.0	8.0	0.6685064686161648	16.375443904605095	85.84393970646053
12	1	cdf	5	113	75.0	6.0	12.0	1.5139026765907753	-164.4909486996529	137.18989415029492
12	1	cdf	5	113	75.0	212.0	18.0	0.5672184470330943	-3.4786533502181616	136.62837860738932
12	1	cdf	5	114	150.0	344.0	10.0	1.1030310871153672	-168.1633442943635	131.30859985416
12	1	cdf	5	114	150.0	654.0	14.0	0.9890031304428742	30.817722781493842	97.91744358902696
12	1	cdf	5	114	150.0	900.0	8.0	0.9360406005030908	164.14572226541992	122.88943331709218
12	1	cdf	6	117	120.0	388.0	6.0	0.6829784544315711	29.333449398342726	104.39281335184481
12	1	cdf	6	117	120.0	612.0	4.0	0.36610097166912514	177.94689894455402	75.62439484088088
12	1	cdf	6	117	120.0	862.0	8.0	0.889828244832243	-7.406011725024054	119.62880944432807
12	1	cdf	6	118	112.5	522.0	6.0	0.5759951787220474	-41.954203055293206	107.8475805545341
12	1	cdf	6	119	60.0	334.0	18.0	0.8803980106125924	137.73386238902168	143.260127862313
12	1	cdf	6	119	60.0	508.0	8.0	0.7751239007178018	-20.31037349930028	105.85358982425815
12	1	cdf	6	120	37.5	140.0	6.0	0.5608339464949802	157.1147400284506	90.90283359749287
12	1	cdf	6	120	37.5	286.0	8.0	0.787346994386659	0.5967128287349539	104.64297458346431
12	1	cdf	6	120	37.5	374.0	12.0	1.506787584277724	-173.24889722441338	141.8641308175622
12	1	cdf	6	120	37.5	600.0	8.0	0.8140669510184045	17.592587297368727	108.69926487341179
12	1	cdf	6	120	37.5	848.0	6.0	0.798030230197686	-172.3215183861409	132.02885946865328
12	1	cdf	6	122	82.5	880.0	4.0	0.40398703543920916	143.92640073898608	81.57531758141711
12	1	cdf	6	124	52.5	174.0	8.0	0.796245045342614	-158.63509050122278	103.28992442625514
12	1	cdf	6	124	52.5	568.0	6.0	0.6152121907728926	-17.364740157469775	89.65255849789388
12	1	cdf	6	124	52.5	822.0	4.0	0.31475558740620624	167.05636067017593	68.7816686728249
12	1	cdf	6	125	150.0	126.0	8.0	1.1962178978463935	146.37181844460537	161.0517679060343
12	1	cdf	6	125	150.0	282.0	6.0	0.6319713064766306	15.040790266698755	102.0149985252718
12	1	cdf	6	125	150.0	754.0	4.0	0.46269257808542164	-1.6239113481818923	100.31483132830944
12	1	cdf	6	126	172.5	224.0	8.0	0.5028743696054866	172.6928043284877	81.90117280286348
12	1	cdf	6	126	172.5	504.0	16.0	0.47180183841524687	-31.194656186994575	103.56432356070968
12	1	cdf	6	126	172.5	862.0	8.0	0.8079286020719121	132.71744541179189	108.68916926651177
12	1	cdf	6	127	30.0	608.0	26.0	0.7418941191379961	-17.225189259719304	141.16951733694725
12	1	cdf	6	127	30.0	874.0	10.0	1.2868722906711971	153.0200366209154	154.26012490916548
12	1	cdf	6	128	165.0	168.0	6.0	0.569500969078658	-155.5027259568098	83.46585019108879
12	1	cdf	6	128	165.0	848.0	10.0	0.7147653516071063	169.95528622610715	85.10155189360967
12	1	cdf	6	129	90.0	16.0	22.0	0.3950863662052865	158.33464916724472	152.02638010869106
12	1	cdf	6	129	90.0	938.0	4.0	0.3767659206999745	-4.742917276316834	82.56964940784117
12	1	cdf	6	130	7.5	534.0	10.0	0.9524412486109805	-16.19935335770383	125.90740903384959
12	1	cdf	6	130	7.5	736.0	8.0	0.665855247577256	-178.5884809986154	87.8598038534556
12	1	cdf	6	131	127.5	556.0	16.0	2.276734934492355	14.400878752358329	206.02008566476871
12	1	cdf	6	131	127.5	756.0	6.0	0.4864415711621695	7.561395922141962	73.3037450250143
12	1	cdf	6	132	75.0	392.0	12.0	1.5906924681141372	-178.22846031943428	185.63028567277473
12	1	cdf	6	132	75.0	558.0	6.0	0.638342225311997	-25.889090295823607	96.40153477081182
12	1	cdf	6	133	142.5	270.0	10.0	1.200263702805257	18.98488797745655	162.04532083561514
12	1	cdf	6	133	142.5	498.0	8.0	0.9371327185039209	-171.33965472225867	125.40892348337835
12	1	cdf	6	133	142.5	886.0	8.0	0.6414320868895317	4.695917701708838	87.73466771888404
12	1	cdf	6	134	157.5	310.0	20.0	0.45160969432464665	159.59598724664704	93.20862649754362
12	1	cdf	6	134	157.5	370.0	18.0	0.46959386201718145	-48.68317994664723	91.15426998952115
12	1	cdf	6	135	67.5	514.0	4.0	0.5036032675130308	-133.95148710736026	103.85767291930394
12	1	cdf	6	135	67.5	626.0	12.0	0.7742035359939996	17.137038396364705	91.49204725069517
12	1	cdf	6	135	67.5	848.0	8.0	0.5500638909954099	29.098836209603476	104.66559846139558
12	1	cdf	6	136	45.0	94.0	4.0	0.3058773553633458	-176.3097071402021	63.42611788242126
12	1	cdf	6	137	105.0	752.0	22.0	2.225842742030908	159.88107614955615	255.3415788739889
12	1	cdf	6	137	105.0	968.0	6.0	0.9839342528239547	44.17123925283125	152.244508434984
12	1	cdf	6	138	15.0	248.0	6.0	0.5636970623887008	135.95738840905352	90.16747948169495
12	1	cdf	6	138	15.0	908.0	12.0	1.2047452415055588	171.46467128284397	113.4821492458545
12	1	cdf	7	139	172.5	952.0	6.0	0.6029148998741944	38.69078420418104	93.6059668836539
12	1	cdf	7	141	120.0	194.0	8.0	0.8395561895486702	-11.14720864564264	109.05235775900732
12	1	cdf	7	142	150.0	114.0	8.0	1.1363984893051882	-176.03008409877347	152.50416901382133
12	1	cdf	7	142	150.0	276.0	6.0	0.8662423789257592	26.161561242093608	152.64089820599796
12	1	cdf	7	142	150.0	576.0	8.0	0.7762700767822944	-11.073840573326185	102.91159838192344
12	1	cdf	7	142	150.0	764.0	8.0	0.6354810209443578	170.20036829345096	91.14332853061133
12	1	cdf	7	143	45.0	122.0	14.0	1.2500490203378871	165.806664495111	106.14135728747233
12	1	cdf	7	143	45.0	634.0	12.0	0.7807959223082821	-8.695388754311777	78.12554807250989
12	1	cdf	7	143	45.0	960.0	6.0	0.34764292682624737	-32.50325387895791	70.42482417350296
12	1	cdf	7	144	60.0	120.0	8.0	1.007936071423067	-6.166236179731428	131.4720595915944
12	1	cdf	7	144	60.0	914.0	8.0	0.8432823579560171	179.88858115972087	113.97206197154371
12	1	cdf	7	145	37.5	250.0	20.0	3.639211190343429	171.84346839552381	261.01555962106045
12	1	cdf	7	145	37.5	766.0	6.0	0.39744889927128557	-160.22420918298656	101.24225200485478
12	1	cdf	7	148	75.0	354.0	8.0	0.6640643654723549	2.1202629993470796	85.8066449104183
12	1	cdf	7	148	75.0	480.0	12.0	1.6191058036450212	-178.14392775313183	151.77684800071347
12	1	cdf	7	148	75.0	976.0	8.0	0.7676890421961156	179.3881541700919	95.44815784755532
12	1	cdf	7	149	7.5	362.0	6.0	0.8037067600334276	9.872904506506256	116.9967972580281
12	1	cdf	7	150	127.5	98.0	12.0	1.0984264185223822	-13.643160618748045	128.52372145197194
12	1	cdf	7	150	127.5	566.0	4.0	0.3978821739866736	-133.17887072174415	89.18895997141861
12	1	cdf	7	150	127.5	766.0	6.0	0.6610782492063476	21.537198232698127	102.75167344741946
12	1	cdf	7	151	67.5	60.0	8.0	0.5346439541994734	4.7513466412504215	72.57878272136654
12	1	cdf	7	151	67.5	258.0	4.0	0.46096596396849443	179.38835523996437	94.98489479734147
12	1	cdf	7	151	67.5	486.0	8.0	0.5954707128787238	-4.73871980424647	107.02673012988227
12	1	cdf	7	151	67.5	630.0	6.0	0.5175926435552353	-164.3886744648892	85.49339426073682
12	1	cdf	7	151	67.5	826.0	6.0	0.44237551416161586	24.282935466954775	74.37374710433761
12	1	cdf	7	152	30.0	4.0	4.0	0.6661522241729605	14.395336407743821	175.74955201186998
12	1	cdf	7	152	30.0	322.0	20.0	2.193443697301629	162.55829141557297	274.10623677645737
12	1	cdf	7	152	30.0	482.0	10.0	1.3562398635342914	15.20900373464376	149.29924376927
12	1	cdf	7	153	165.0	554.0	6.0	0.6941949456728398	51.44574882188889	128.6769402144665
12	1	cdf	7	153	165.0	714.0	6.0	0.7206171977990701	-163.7455652635173	118.8639764689087
12	1	cdf	7	155	22.5	134.0	12.0	1.183515714038568	-163.49459182140683	134.64011450218493
12	1	cdf	7	155	22.5	544.0	10.0	1.0169266059599253	1.6642004791212919	111.7153524002311
12	1	cdf	7	155	22.5	886.0	12.0	1.1950685853185876	164.1432725402886	115.73276669306118
12	1	cdf	7	156	97.5	496.0	6.0	0.5040274788572481	-37.73591237419392	88.97358284414614
12	1	cdf	7	156	97.5	970.0	8.0	0.6294710344327863	0.448138625751063	86.19911306475706
12	1	cdf	7	159	15.0	192.0	4.0	0.6209993593984477	-170.8972765424745	130.72017058969737
12	1	cdf	7	159	15.0	932.0	12.0	1.5996436098018056	-176.3644490508215	158.14191810189845
12	1	cdf	7	161	157.5	122.0	18.0	0.6521729677206117	140.2987772050522	149.9309074808482
12	1	cdf	7	161	157.5	526.0	10.0	1.0261805065929621	-43.51859162305769	151.77382553962613
12	1	cdf	7	161	157.5	762.0	4.0	0.2674315102720213	-170.82943997098093	60.7884411396554
12	1	cdf	7	161	157.5	958.0	10.0	0.9096006777861023	-0.4132424499243875	107.48279241669667
12	1	cdf	8	162	142.5	880.0	4.0	0.38146360658772205	25.67509259062514	85.87997508234447
12	1	cdf	8	163	172.5	310.0	18.0	0.5960393408656737	-160.77524512825227	147.35491401745892
12	1	cdf	8	163	172.5	560.0	6.0	0.5517409799016149	-24.903103259092486	100.42269509805836
12	1	cdf	8	164	157.5	304.0	4.0	0.38507861955816186	149.87163032206115	84.42501657256123
12	1	cdf	8	164	157.5	618.0	4.0	0.7186640370891472	-56.800536095627685	151.04726653616945
12	1	cdf	8	165	22.5	466.0	6.0	0.636156485788763	130.14279105077014	119.41911529026773
12	1	cdf	8	166	45.0	884.0	10.0	0.7860722688873952	12.14676682079813	97.06825103791067
12	1	cdf	8	167	165.0	562.0	8.0	0.8043833715941426	12.00557849854724	105.53605275656764
12	1	cdf	8	167	165.0	848.0	4.0	0.37286742368875136	-160.99906981739394	74.8468247428664
12	1	cdf	8	168	37.5	98.0	20.0	1.073337882035289	175.09231156628098	179.52092939206878
12	1	cdf	8	168	37.5	376.0	6.0	0.537797882636735	4.371032599181981	94.63124894455774
12	1	cdf	8	168	37.5	892.0	4.0	0.3609854254945377	148.20000674434303	85.94125458203426
12	1	cdf	8	169	112.5	760.0	8.0	0.6855760809308901	2.744231506166818	88.95961779397405
12	1	cdf	8	169	112.5	904.0	6.0	0.47616550922951884	-165.22359487909836	84.5323341585369
12	1	cdf	8	170	7.5	322.0	4.0	0.29603237696110996	-7.637375596104207	78.89025249723298
12	1	cdf	8	171	120.0	206.0	6.0	1.1538979127394702	45.6146336909999	169.31663426001907
12	1	cdf	8	171	120.0	896.0	8.0	1.116265264624655	17.41436160702447	147.89628362482603
12	1	cdf	8	172	127.5	386.0	8.0	1.4664949122106383	3.397692635073292	198.6327686628887
12	1	cdf	8	172	127.5	630.0	10.0	0.9664687781608166	178.25030253411475	104.83410984236022
12	1	cdf	8	173	60.0	6.0	6.0	0.6627548784565435	-40.79762554739121	96.61402054510467
12	1	cdf	8	173	60.0	386.0	8.0	0.8161816946492956	160.14359002373757	108.48454739172323
12	1	cdf	8	173	60.0	512.0	8.0	0.6080817827992062	-12.463916781832774	78.76833800472026
12	1	cdf	8	174	90.0	270.0	10.0	0.8759129472821411	-7.315748120479788	98.2323358600335
12	1	cdf	8	174	90.0	542.0	10.0	0.8525843471778178	143.51952057204278	116.44937607710082
12	1	cdf	8	174	90.0	982.0	12.0	1.4007619614444105	-8.350456623101355	154.86534060717756
12	1	cdf	8	175	135.0	414.0	10.0	0.9890531032574967	5.327513810778327	114.32326345372296
12	1	cdf	8	175	135.0	622.0	4.0	0.3643791357124095	132.07111025000498	95.52188808938224
12	1	cdf	8	176	82.5	534.0	24.0	0.658346283459234	165.7231854172276	105.71111378066634
12	1	cdf	8	176	82.5	934.0	8.0	0.8998358508074944	-11.034554395612373	123.94579128942698
12	1	cdf	8	177	150.0	600.0	8.0	0.7296270696050812	7.881556471411305	96.78501639887168
12	1	cdf	8	177	150.0	692.0	12.0	1.4905653558709049	159.59368846160584	174.87207427633055
12	1	cdf	8	177	150.0	814.0	8.0	0.8300777920762117	-2.1517386789377624	107.78635489470646
12	1	cdf	8	178	97.5	844.0	4.0	0.581610805954099	62.657456103735214	119.97182426251419
12	1	cdf	8	179	52.5	554.0	6.0	0.49012078479219007	-15.532018828691026	77.9369066834374
12	1	cdf	8	179	52.5	902.0	8.0	0.597988101125697	-4.090839435420495	79.72566598364735
12	1	cdf	8	180	105.0	122.0	22.0	0.8219351151874563	51.63954571770036	146.63029354440792
12	1	cdf	8	180	105.0	920.0	4.0	0.5451571890193381	51.723240375828745	110.71888570169145
12	1	cdf	8	181	67.5	736.0	4.0	0.36317004942401776	28.868489630629583	75.79607898239227
12	1	cdf	8	182	15.0	18.0	4.0	0.33171507489495006	177.1650647424759	69.20902324972481
12	1	cdf	8	182	15.0	126.0	16.0	0.2957373005323065	9.256672639761739	98.15089217850557
12	1	cdf	8	182	15.0	572.0	6.0	0.5439453142469556	-168.51908951866164	95.55127725145216
12	1	cdf	8	182	15.0	806.0	6.0	0.4092105604368442	6.442116238017742	71.1084490521538
12	1	cdf	8	183	75.0	124.0	8.0	0.6194171175264366	28.444102024453322	87.64539327650499
12	1	cdf	8	183	75.0	206.0	4.0	0.7942681871895058	103.49922795736063	161.89033684707525
12	1	cdf	8	183	75.0	860.0	26.0	0.5597653324014052	21.314895355087575	95.70955593903359
12	1	cdf	8	184	30.0	198.0	14.0	3.1764752222138792	168.11305055468003	301.33764922992026
12	1	cdf	8	184	30.0	618.0	26.0	0.6563296963756419	10.946192510322305	106.63275518512631
12	1	cdf	8	184	30.0	866.0	6.0	0.6046702875878943	164.90584352220907	101.91544063531067
12	2	inverse_cdf	1	2	7.5	384.0	6.0	0.5861044603386024	1.4428990185469166	89.19626505427357
12	2	inverse_cdf	1	2	7.5	984.0	8.0	0.9918116742819861	160.88949463318556	130.40319250366187
12	2	inverse_cdf	1	3	67.5	66.0	22.0	0.9798035984712544	-16.638052737257187	149.95000899985413
12	2	inverse_cdf	1	3	67.5	300.0	8.0	0.6824069916517435	-172.2617196608567	87.2706271864395
12	2	inverse_cdf	1	3	67.5	540.0	6.0	0.661487144488863	-4.125634511897397	109.58399400017011
12	2	inverse_cdf	1	3	67.5	824.0	10.0	0.8942557836051679	151.9815407397821	100.52076269205435
12	2	inverse_cdf	1	4	60.0	374.0	6.0	0.6006600535893746	16.992366454879697	99.91867258961862
12	2	inverse_cdf	1	4	60.0	628.0	24.0	0.571986991892874	162.2973559638908	118.94801548745863
12	2	inverse_cdf	1	4	60.0	936.0	18.0	0.7022164503812195	17.966757775384107	139.1543557357028
12	2	inverse_cdf	1	5	30.0	66.0	20.0	0.35944271484063406	179.73842769184336	87.73735629468015
12	2	inverse_cdf	1	5	30.0	356.0	8.0	0.963852124778596	1.8535140487511939	126.98673848378758
12	2	inverse_cdf	1	5	30.0	608.0	22.0	0.4000175197219836	152.91322867138172	127.88549864020828
12	2	inverse_cdf	1	5	30.0	976.0	6.0	0.7426813949431474	-37.09791503763837	114.31574406267218
12	2	inverse_cdf	1	6	172.5	134.0	10.0	1.1726944406511537	-175.18347015153458	146.55886087464938
12	2	inverse_cdf	1	6	172.5	286.0	8.0	0.9456085207844593	-25.274693594111984	129.40082752146512
12	2	inverse_cdf	1	6	172.5	740.0	6.0	0.6349904975188708	-7.12600515126276	101.6282182666693
12	2	inverse_cdf	1	6	172.5	984.0	8.0	1.0031220576407813	170.58418252367264	128.88738119925105
12	2	inverse_cdf	1	7	45.0	88.0	22.0	1.3439214937844823	153.37177002020437	173.91316491658895
12	2	inverse_cdf	1	7	45.0	280.0	10.0	1.229099978292686	5.056233873243392	137.65386629302418
12	2	inverse_cdf	1	7	45.0	960.0	22.0	0.5562095295553141	39.377494730912744	147.6128780994956
12	2	inverse_cdf	1	9	112.5	124.0	8.0	1.3898649551154518	154.91745621460603	192.72945061070521
12	2	inverse_cdf	1	9	112.5	278.0	6.0	0.875778178872923	-14.765854109646185	141.1376991238053
12	2	inverse_cdf	1	9	112.5	954.0	24.0	0.7939341759684745	133.8259498108847	119.82892868427757
12	2	inverse_cdf	1	10	127.5	308.0	6.0	0.6819058721634196	-3.0352839980485458	105.07009214599886
12	2	inverse_cdf	1	10	127.5	510.0	8.0	0.8369857062011913	-167.54321742545307	110.87928685812813
12	2	inverse_cdf	1	10	127.5	784.0	4.0	0.3498536193460536	-170.00428972198767	82.61234346727358
12	2	inverse_cdf	1	11	82.5	38.0	12.0	1.503434985179024	178.81148577464586	145.31530033450363
12	2	inverse_cdf	1	11	82.5	132.0	4.0	0.5219613628249093	90.9008559633135	113.37812920986083
12	2	inverse_cdf	1	11	82.5	548.0	10.0	1.3228522174470032	-3.414174379163162	151.83218973396575
12	2	inverse_cdf	1	11	82.5	668.0	22.0	1.5994557389538537	-176.47018145572207	177.55157827353898
12	2	inverse_cdf	1	11	82.5	962.0	6.0	0.612805113666398	-7.850792704035487	104.096853777111
12	2	inverse_cdf	1	12	105.0	128.0	20.0	0.7499894971623886	158.44235855758828	128.97417625325738
12	2	inverse_cdf	1	12	105.0	342.0	6.0	0.48292397112159485	-47.177829591989294	89.62805557165468
12	2	inverse_cdf	1	13	37.5	148.0	8.0	0.8587646714293323	-1.9714586339542373	111.37278193710449
12	2	inverse_cdf	1	13	37.5	358.0	8.0	0.7697253773074632	170.05466623317412	102.36224027772148
12	2	inverse_cdf	1	13	37.5	942.0	18.0	1.5490829223035025	-16.306069955020757	114.09464615815124
12	2	inverse_cdf	1	13	37.5	982.0	4.0	0.3461987517123588	169.62135716939085	75.81709894941325
12	2	inverse_cdf	1	14	135.0	226.0	22.0	0.7887040531132691	-7.889006027249959	156.95912058683984
12	2	inverse_cdf	1	14	135.0	428.0	8.0	1.0983100818020572	169.50298234432634	149.30334949436647
12	2	inverse_cdf	1	14	135.0	722.0	6.0	0.50576075668454	1.8580634406201684	81.36590820988397
12	2	inverse_cdf	1	14	135.0	978.0	18.0	0.8432338721322782	158.19045172146537	141.9664535451471
12	2	inverse_cdf	1	15	157.5	632.0	18.0	0.652795379947297	42.359748798198275	129.52243257102228
12	2	inverse_cdf	1	16	97.5	372.0	4.0	0.29314530492407115	-11.625273678881111	63.47376154067637
12	2	inverse_cdf	1	17	75.0	362.0	22.0	1.04284084406157	23.263890621863325	119.71296377504258
12	2	inverse_cdf	1	17	75.0	418.0	12.0	1.0987048118409666	166.87629938697665	102.52974060221025
12	2	inverse_cdf	1	17	75.0	558.0	8.0	0.7170968409817096	-22.044512696391124	95.84189823450616
12	2	inverse_cdf	1	19	90.0	870.0	22.0	0.9902723283462268	-22.397287572038273	140.43550453102023
12	2	inverse_cdf	1	20	15.0	264.0	8.0	0.5601712077313156	-8.084695566223743	79.03818345023049
12	2	inverse_cdf	1	20	15.0	380.0	8.0	0.6632203243403957	-178.44010548616856	85.06895366542888
12	2	inverse_cdf	1	20	15.0	622.0	4.0	0.3361424824410667	152.68249852774736	68.74181896995115
12	2	inverse_cdf	1	21	120.0	130.0	4.0	0.36230711907820906	150.4153054974137	76.30953002890173
12	2	inverse_cdf	1	21	120.0	262.0	10.0	1.305742095330172	-31.187257874848232	163.56005218926512
12	2	inverse_cdf	1	22	22.5	94.0	20.0	1.1050423346175102	160.83902154920187	155.3316198845483
12	2	inverse_cdf	1	22	22.5	260.0	8.0	0.7722322160776618	13.76854433290262	102.20725042309341
12	2	inverse_cdf	1	23	150.0	438.0	4.0	0.3389130081329596	-25.83581922856739	71.7150328691201
12	2	inverse_cdf	1	23	150.0	558.0	6.0	0.7861727554357855	174.48925784978618	125.23732316538344
12	2	inverse_cdf	2	25	112.5	218.0	6.0	0.4492492804302504	175.8143968784302	74.50763633760586
12	2	inverse_cdf	2	25	112.5	564.0	4.0	0.31007082065718283	23.70394243958337	73.86972138267693
12	2	inverse_cdf	2	25	112.5	896.0	22.0	1.1443441443704565	134.07326979965856	96.37036194868593
12	2	inverse_cdf	2	26	97.5	54.0	20.0	0.9222371788922626	164.3200341814049	172.8090574873844
12	2	inverse_cdf	2	26	97.5	204.0	8.0	1.0628370214241785	-14.837750922209697	135.50789928912658
12	2	inverse_cdf	2	27	135.0	350.0	18.0	0.31377806219177495	15.769614870578128	88.16360964612682
12	2	inverse_cdf	2	27	135.0	936.0	22.0	2.2185487761276224	135.6708441018918	257.39928658433786
12	2	inverse_cdf	2	28	142.5	520.0	24.0	0.7790072333133582	14.757020483425412	191.64657731693154
12	2	inverse_cdf	2	28	142.5	956.0	12.0	1.2572295581275295	-156.40096128822984	140.73938571634673
12	2	inverse_cdf	2	29	60.0	90.0	4.0	0.6350935937184639	-50.335922431489784	131.14540052124488
12	2	inverse_cdf	2	29	60.0	276.0	6.0	0.510499013773989	170.75298535562848	86.92245326224064
12	2	inverse_cdf	2	29	60.0	522.0	4.0	0.3249717973874345	-0.8678884873923933	72.34710769528455
12	2	inverse_cdf	2	29	60.0	584.0	8.0	0.885125482433919	153.58225781517356	116.2106101737516
12	2	inverse_cdf	2	29	60.0	716.0	6.0	0.4580016998479364	6.996567814126956	84.99968076657916
12	2	inverse_cdf	2	30	90.0	354.0	18.0	0.41354916645750006	-35.95050079179095	89.23227495674843
12	2	inverse_cdf	2	30	90.0	620.0	10.0	1.0354599867526333	155.474285878403	115.04578391817395
12	2	inverse_cdf	2	30	90.0	848.0	22.0	1.1203019889421322	18.351143870236267	151.25230947624655
12	2	inverse_cdf	2	31	120.0	362.0	4.0	0.2740248562966611	-1.0293129384134874	65.38250230549491
12	2	inverse_cdf	2	31	120.0	848.0	4.0	0.278000818594552	149.50146650423773	64.10548629560635
12	2	inverse_cdf	2	32	165.0	114.0	10.0	1.2707809034430493	-14.202235023099323	151.23031995030948
12	2	inverse_cdf	2	32	165.0	272.0	12.0	1.3618394902013515	158.80806120342606	144.72686550308705
12	2	inverse_cdf	2	32	165.0	734.0	18.0	1.7116465781742183	166.46969432826444	132.74046338861916
12	2	inverse_cdf	2	32	165.0	902.0	10.0	1.0097384193011518	-10.96282341526723	111.3747743938003
12	2	inverse_cdf	2	33	75.0	222.0	14.0	0.323891156571554	-173.3132029628623	99.46059910194556
12	2	inverse_cdf	2	33	75.0	900.0	22.0	0.6523047944307171	-173.64632278680835	149.17553099724321
12	2	inverse_cdf	2	34	30.0	626.0	24.0	0.6464802201756052	9.92792603303795	75.1402236830818
12	2	inverse_cdf	2	34	30.0	812.0	26.0	0.7141338987140525	148.75217275073425	132.9276310259663
12	2	inverse_cdf	2	35	127.5	22.0	10.0	1.0239019572669479	4.5029179862272155	104.57645475933752
12	2	inverse_cdf	2	35	127.5	402.0	8.0	0.7437587512022806	15.877156940916493	101.26498137950173
12	2	inverse_cdf	2	35	127.5	560.0	8.0	0.8008755124365636	160.48794478744938	99.4585754966675
12	2	inverse_cdf	2	35	127.5	784.0	8.0	0.7929703850696608	15.362586968831106	109.506176459409
12	2	inverse_cdf	2	35	127.5	968.0	6.0	0.6389805730272633	143.42688009256224	112.60656719689557
12	2	inverse_cdf	2	36	15.0	72.0	8.0	0.6239405911366445	-172.5942710107667	81.67808539884808
12	2	inverse_cdf	2	36	15.0	484.0	12.0	1.1430071008038696	12.522242348362655	108.68746110863822
12	2	inverse_cdf	2	36	15.0	844.0	12.0	1.6287884878973427	-22.889644391932706	148.05552059212195
12	2	inverse_cdf	2	37	150.0	240.0	8.0	0.9157773346555703	-0.8211125563537126	121.58520637682733
12	2	inverse_cdf	2	37	150.0	520.0	8.0	0.7219659062860302	158.39552692735816	106.99335787744305
12	2	inverse_cdf	2	37	150.0	892.0	6.0	0.4443084093448211	21.44739563275834	71.0790889802069
12	2	inverse_cdf	2	38	157.5	140.0	6.0	0.5030355341931589	8.818827483911372	76.35621087000524
12	2	inverse_cdf	2	38	157.5	304.0	10.0	1.3353733492217756	162.70177286502187	156.2019798376087
12	2	inverse_cdf	2	41	45.0	946.0	8.0	0.9910932928232392	134.19333479546066	133.45904306082508
12	2	inverse_cdf	2	44	7.5	842.0	18.0	2.5223527573520044	23.59215359666767	167.87088688440022
12	2	inverse_cdf	2	45	172.5	356.0	8.0	0.5944960740500675	177.9443926164015	78.1277518768459
12	2	inverse_cdf	2	45	172.5	626.0	4.0	0.3853300080154148	46.03926810904728	79.2080515344836
12	2	inverse_cdf	2	45	172.5	932.0	10.0	1.3028703082404083	127.47615707969582	149.9136469894545
12	2	inverse_cdf	2	46	52.5	34.0	10.0	1.4437123960632798	142.40320110041978	167.02705068187154
12	2	inverse_cdf	2	46	52.5	586.0	10.0	0.8348252060531021	-4.847091682617941	85.95215421776068
12	2	inverse_cdf	2	46	52.5	876.0	6.0	0.6429373278494408	127.94745261870086	104.28507499923046
12	2	inverse_cdf	3	48	142.5	270.0	26.0	0.5685383288585859	15.384281218776163	117.07591225415614
12	2	inverse_cdf	3	48	142.5	456.0	10.0	0.8796748557581914	-165.97409569463238	96.48565521536136
12	2	inverse_cdf	3	48	142.5	774.0	14.0	1.6045935099705366	36.00881640984648	134.52468072711167
12	2	inverse_cdf	3	49	97.5	78.0	4.0	0.27522202937098983	-12.046183946307755	67.78643520490189
12	2	inverse_cdf	3	50	7.5	78.0	26.0	1.2417131628384703	169.95826900221343	149.75969899146475
12	2	inverse_cdf	3	50	7.5	282.0	12.0	0.827754983446204	2.158045117791913	79.55829198267713
12	2	inverse_cdf	3	50	7.5	838.0	12.0	1.4392071394471475	170.15146068641994	135.97952196864492
12	2	inverse_cdf	3	51	165.0	620.0	8.0	0.6501521869016902	127.10890486173427	82.92242022984856
12	2	inverse_cdf	3	51	165.0	900.0	22.0	0.716292601437845	50.94327355514719	133.93713938058002
12	2	inverse_cdf	3	53	45.0	386.0	22.0	1.619325444865857	152.55444981130546	182.84129496061706
12	2	inverse_cdf	3	53	45.0	482.0	20.0	1.0045517131101407	23.381063646797998	182.14130781590015
12	2	inverse_cdf	3	55	112.5	92.0	14.0	2.666682478515652	0.9862330313478621	252.52454932917263
12	2	inverse_cdf	3	55	112.5	438.0	4.0	0.5099509171786274	128.63695566287774	109.01938769189444
12	2	inverse_cdf	3	55	112.5	860.0	22.0	1.129448190384322	54.87423351841989	131.47611819856894
12	2	inverse_cdf	3	56	15.0	748.0	6.0	0.6235149716623518	-28.791372097777664	106.12112681244749
12	2	inverse_cdf	3	56	15.0	916.0	10.0	1.0620349981316568	136.6953124367006	115.9616832829112
12	2	inverse_cdf	3	57	52.5	434.0	24.0	1.0563299406543731	4.454605319851901	128.71205169001846
12	2	inverse_cdf	3	57	52.5	720.0	22.0	0.7311005938024082	-160.05003903678016	118.8761656914511
12	2	inverse_cdf	3	58	157.5	154.0	6.0	0.4729707308490464	178.0121643249125	80.6853841188519
12	2	inverse_cdf	3	58	157.5	252.0	6.0	0.7512851533872293	-15.58099770445456	117.47247140923373
12	2	inverse_cdf	3	58	157.5	330.0	6.0	0.6966566276598778	-177.3008825659218	111.0767409066249
12	2	inverse_cdf	3	58	157.5	468.0	8.0	0.8700401330823156	-9.439254273004881	114.29784571533376
12	2	inverse_cdf	3	58	157.5	900.0	12.0	1.6022937203499086	6.882743451763631	152.05081686199188
12	2	inverse_cdf	3	60	60.0	540.0	14.0	1.5480691306343897	165.44798460930068	119.65858396946197
12	2	inverse_cdf	3	60	60.0	738.0	4.0	0.37365359876068927	134.63885467536994	80.0348763291803
12	2	inverse_cdf	3	60	60.0	852.0	14.0	1.237742924089055	21.454210265385136	109.45755978464842
12	2	inverse_cdf	3	62	120.0	44.0	6.0	0.3667640114178201	-162.28639155621707	61.38555747888013
12	2	inverse_cdf	3	62	120.0	646.0	4.0	0.6128695107749252	117.24611697650982	130.6743419118055
12	2	inverse_cdf	3	65	90.0	664.0	24.0	0.5857798684895501	-23.258804881472606	127.00286857872129
12	2	inverse_cdf	3	65	90.0	890.0	12.0	1.2289182240997358	166.10220345934272	117.57614616767465
12	2	inverse_cdf	3	66	75.0	70.0	10.0	1.3131905920685603	-32.62294974710689	148.76767024638892
12	2	inverse_cdf	3	66	75.0	316.0	22.0	0.782497610228366	158.6211257821786	83.06679124781617
12	2	inverse_cdf	3	66	75.0	730.0	10.0	1.104974572269251	8.018592689543508	134.91727791708817
12	2	inverse_cdf	3	66	75.0	952.0	6.0	0.5885246867479781	150.44242775565348	105.68558039593434
12	2	inverse_cdf	3	67	172.5	644.0	6.0	0.7647223654485477	134.9178437086737	113.74967907936866
12	2	inverse_cdf	3	67	172.5	832.0	10.0	1.143797607038905	27.419164038390523	138.36115086091567
12	2	inverse_cdf	3	68	150.0	30.0	4.0	0.4667060789782357	153.2693553653387	97.47871164552492
12	2	inverse_cdf	4	70	157.5	36.0	10.0	0.8744748170454616	4.734016536477425	96.20283030694173
12	2	inverse_cdf	4	70	157.5	800.0	10.0	0.9762825669374675	-3.2744301580589457	109.65353527490583
12	2	inverse_cdf	4	71	82.5	384.0	10.0	0.9994315368160479	3.574012047472802	125.49992216271431
12	2	inverse_cdf	4	71	82.5	594.0	12.0	1.3686730357294716	165.36404265994614	124.45094122047985
12	2	inverse_cdf	4	71	82.5	904.0	8.0	0.8721128192989356	4.312938039532861	119.02508986482599
12	2	inverse_cdf	4	72	7.5	106.0	26.0	0.9157284099756161	-29.837315885840415	146.0935711928085
12	2	inverse_cdf	4	72	7.5	336.0	4.0	0.33597303695594266	142.7762492840529	73.83300328938564
12	2	inverse_cdf	4	72	7.5	710.0	10.0	0.8858217164791021	-15.565463674954282	104.6724117700488
12	2	inverse_cdf	4	74	105.0	982.0	14.0	1.666575946418868	-14.929897878253117	141.8733868449982
12	2	inverse_cdf	4	75	150.0	696.0	4.0	0.3443609269523695	172.33180573606438	71.56970485046239
12	2	inverse_cdf	4	75	150.0	936.0	4.0	0.28383292337728033	164.91721278681095	67.06165342746718
12	2	inverse_cdf	4	76	120.0	886.0	10.0	1.0257957669171964	162.87921756013148	132.79448170598994
12	2	inverse_cdf	4	77	112.5	564.0	12.0	1.0371880792526451	12.21987693067177	104.25609044555887
12	2	inverse_cdf	4	77	112.5	758.0	14.0	2.190887470339055	-18.31859651791338	175.4472987325139
12	2	inverse_cdf	4	78	37.5	12.0	6.0	0.5674847517179544	-32.101641997463084	94.58816790928812
12	2	inverse_cdf	4	78	37.5	152.0	10.0	0.8165099271480899	168.76906496701687	92.04036388457709
12	2	inverse_cdf	4	78	37.5	812.0	10.0	0.9260120245523642	-33.643359386789236	96.58755686630461
12	2	inverse_cdf	4	79	60.0	68.0	8.0	0.5317471456338893	-4.597302116392117	70.0548303346171
12	2	inverse_cdf	4	79	60.0	308.0	20.0	0.5258258973158801	-159.94373851786435	104.67846752224646
12	2	inverse_cdf	4	79	60.0	550.0	18.0	0.7784156331252934	-24.115621538037427	148.64050305348934
12	2	inverse_cdf	4	79	60.0	792.0	14.0	1.47061039926895	172.24862750559825	130.4794378380275
12	2	inverse_cdf	4	80	172.5	778.0	20.0	0.6611729801017572	-21.55476796287429	115.06308852750982
12	2	inverse_cdf	4	81	45.0	34.0	8.0	1.0324610458077006	38.26780527627922	139.2135938112324
12	2	inverse_cdf	4	81	45.0	818.0	10.0	1.0273551382034993	37.79558728732568	139.38043935928042
12	2	inverse_cdf	4	82	90.0	68.0	22.0	0.8118668903219884	-167.98493792400816	158.56742536399435
12	2	inverse_cdf	4	82	90.0	422.0	4.0	0.5064573564975731	62.19628864134336	94.89114973728094
12	2	inverse_cdf	4	82	90.0	834.0	12.0	2.027547579809398	29.16095742453187	203.265013113896
12	2	inverse_cdf	4	83	67.5	538.0	24.0	1.686533526149663	125.5862045702898	201.03825469104748
12	2	inverse_cdf	4	83	67.5	954.0	10.0	0.9160377767552644	19.557986898990617	96.1806128287012
12	2	inverse_cdf	4	85	30.0	664.0	22.0	3.761591906163294	20.27849292490224	206.96141887441422
12	2	inverse_cdf	4	85	30.0	960.0	14.0	2.030974041431815	-0.5093123465041343	162.12632727890986
12	2	inverse_cdf	4	86	52.5	506.0	8.0	0.8703129251175544	134.2431096651582	111.40267775346447
12	2	inverse_cdf	4	86	52.5	752.0	10.0	1.114110479700858	21.701117197913426	126.58093189221832
12	2	inverse_cdf	4	86	52.5	902.0	8.0	1.1224666308582536	157.29359166883867	149.4224482845402
12	2	inverse_cdf	4	87	97.5	454.0	4.0	0.3641743683350976	-32.10888424496939	75.63894421207704
12	2	inverse_cdf	4	87	97.5	540.0	20.0	0.7365039672133179	-173.60678880056327	138.96100509053375
12	2	inverse_cdf	4	87	97.5	788.0	6.0	0.7652648869254058	2.211622576790664	116.9311229011605
12	2	inverse_cdf	4	88	127.5	58.0	4.0	0.3840831450756266	133.5137288533659	84.966368639421
12	2	inverse_cdf	4	89	142.5	786.0	6.0	0.6873660055811377	165.77193542109893	102.59951588004552
12	2	inverse_cdf	4	89	142.5	974.0	8.0	0.614650339545165	-5.358253447553909	84.35534591061814
12	2	inverse_cdf	4	91	165.0	4.0	10.0	0.9487617255037821	151.86453012329457	111.99501129052389
12	2	inverse_cdf	4	91	165.0	216.0	8.0	0.9215599365756353	169.4424568481889	116.90631090416443
12	2	inverse_cdf	4	91	165.0	530.0	18.0	1.265432943270203	-51.1218959723001	140.48887754431706
12	2	inverse_cdf	4	91	165.0	718.0	10.0	1.0354371509469245	143.0155962915897	122.01649759758274
12	2	inverse_cdf	4	91	165.0	944.0	12.0	1.0540325041952494	-3.7477021357513163	94.8151868353007
12	2	inverse_cdf	4	92	75.0	82.0	20.0	1.4510242143937073	-16.21772007969493	108.5847922436447
12	2	inverse_cdf	5	93	157.5	882.0	10.0	1.108397318321637	-19.73080416556456	115.91930311451556
12	2	inverse_cdf	5	94	172.5	692.0	22.0	0.3828414691808287	177.2992481254153	87.75989304611967
12	2	inverse_cdf	5	94	172.5	942.0	8.0	0.6353569289615125	33.17881205620647	82.45423277531754
12	2	inverse_cdf	5	95	165.0	18.0	26.0	0.8412899181482381	174.18080644375567	161.21677513309524
12	2	inverse_cdf	5	95	165.0	198.0	10.0	1.1012897706911347	-7.015293146767383	124.46766599985635
12	2	inverse_cdf	5	95	165.0	596.0	4.0	0.40579341987192447	138.7899203005151	90.67918427846557
12	2	inverse_cdf	5	95	165.0	884.0	8.0	0.6775125821964142	3.608306934206559	89.09164677015792
12	2	inverse_cdf	5	97	60.0	418.0	10.0	0.8019115704143378	-10.137371074699576	92.38773783874426
12	2	inverse_cdf	5	98	142.5	696.0	4.0	0.42633849148205083	-39.719291358665394	88.74687266891388
12	2	inverse_cdf	5	98	142.5	914.0	8.0	0.7283394644999773	158.44998526826393	96.16418335132897
12	2	inverse_cdf	5	99	150.0	120.0	4.0	0.42172310149990283	-20.92626494582517	91.11039362721219
12	2	inverse_cdf	5	99	150.0	196.0	6.0	0.4451070711245915	-156.12995549662142	67.33053346789362
12	2	inverse_cdf	5	99	150.0	402.0	10.0	1.0644439214965373	5.117230266120137	116.68460160994528
12	2	inverse_cdf	5	99	150.0	700.0	8.0	0.8348280941196063	145.8526140211702	108.62007806500289
12	2	inverse_cdf	5	100	22.5	370.0	6.0	0.4436625910012577	-161.24724731055684	73.23804391272085
12	2	inverse_cdf	5	101	15.0	324.0	10.0	0.9878646507630455	16.594709753100133	98.88046653713172
12	2	inverse_cdf	5	101	15.0	670.0	8.0	0.8881697942430579	147.61107116433865	123.47299061875506
12	2	inverse_cdf	5	101	15.0	900.0	10.0	1.1201339157739132	6.053943092803653	131.0612563359098
12	2	inverse_cdf	5	103	37.5	82.0	20.0	0.8168660595286453	-27.11616848898382	132.5085815539443
12	2	inverse_cdf	5	103	37.5	630.0	28.0	0.7951820627465391	177.40023418906532	109.95648663480169
12	2	inverse_cdf	5	103	37.5	866.0	20.0	1.019829678867165	50.64926470976912	106.48493047470458
12	2	inverse_cdf	5	107	67.5	882.0	8.0	0.88154918576166	134.12958889384794	124.42478441559581
12	2	inverse_cdf	5	108	52.5	610.0	10.0	1.0135003143122567	8.0931516236375	112.2575654381087
12	2	inverse_cdf	5	108	52.5	834.0	10.0	0.9710848744049283	154.59089625770397	116.30350543071748
12	2	inverse_cdf	5	109	7.5	728.0	16.0	2.6053585759352726	-2.738554499458736	203.56403894867532
12	2	inverse_cdf	5	110	97.5	280.0	8.0	0.7024505881686695	174.36967411042224	92.00421004600967
12	2	inverse_cdf	5	110	97.5	548.0	10.0	0.951041538854842	19.348273091012317	128.6517942689901
12	2	inverse_cdf	5	110	97.5	772.0	10.0	1.1305684100807416	148.59238136356478	142.27358432882343
12	2	inverse_cdf	5	111	75.0	34.0	6.0	0.6285560400355469	-179.10508581314213	103.77241884147385
12	2	inverse_cdf	5	111	75.0	128.0	64.0	1.027860322553421	57.88740759499555	459.94265023913545
12	2	inverse_cdf	5	111	75.0	672.0	6.0	0.5628805482854894	-23.303224355452215	98.21439817501471
12	2	inverse_cdf	5	112	82.5	188.0	8.0	0.7802852068916957	-164.8910504762115	99.97970533801407
12	2	inverse_cdf	5	112	82.5	280.0	22.0	1.0444435714575082	-9.396771421911156	175.8903814580852
12	2	inverse_cdf	5	112	82.5	422.0	14.0	1.6460968051312983	169.38363166040133	130.91580689200637
12	2	inverse_cdf	5	112	82.5	734.0	6.0	0.5208215536300566	37.44090800533452	90.19354303914635
12	2	inverse_cdf	5	113	105.0	16.0	26.0	1.6498284672643209	170.2154686323625	237.60733147225483
12	2	inverse_cdf	5	113	105.0	380.0	6.0	0.5591899452913621	142.41581694496128	88.66599775157216
12	2	inverse_cdf	5	113	105.0	586.0	8.0	0.6915707597279054	-4.623863663199246	90.10107510832148
12	2	inverse_cdf	5	114	30.0	50.0	6.0	0.6947890952014357	44.29504604403599	114.63115364807369
12	2	inverse_cdf	5	114	30.0	214.0	14.0	1.9335464478300444	173.6708295635938	172.52634131163163
12	2	inverse_cdf	5	114	30.0	386.0	10.0	1.1199448983039189	-4.787280718740816	130.83096472100232
12	2	inverse_cdf	5	114	30.0	682.0	6.0	0.5954848468685643	31.361204824257392	100.61081699578848
12	2	inverse_cdf	5	114	30.0	938.0	10.0	0.8239988962059817	-153.1470677272223	101.19389780779993
12	2	inverse_cdf	6	116	127.5	846.0	8.0	0.5612319942268476	1.3404154548653886	79.47818231007597
12	2	inverse_cdf	6	119	90.0	28.0	8.0	0.8090522858922483	-18.68433222818757	102.53940078727372
12	2	inverse_cdf	6	119	90.0	480.0	10.0	0.6541082687623564	-20.245076931119833	71.06411707225102
12	2	inverse_cdf	6	119	90.0	724.0	4.0	0.34963494719537486	178.92473298368185	73.85369221243963
12	2	inverse_cdf	6	119	90.0	854.0	4.0	0.3999207717119656	-6.828895779991712	83.40226990640565
12	2	inverse_cdf	6	119	90.0	878.0	10.0	0.9872136057518177	9.366893241598428	102.99434664206645
12	2	inverse_cdf	6	123	172.5	598.0	12.0	2.390166365416392	115.3135044582435	253.13389078817607
12	2	inverse_cdf	6	123	172.5	630.0	8.0	1.2055956496712341	104.65521864764752	165.57839539817562
12	2	inverse_cdf	6	123	172.5	766.0	4.0	0.6504205264532509	-74.49607171744421	141.89492186451614
12	2	inverse_cdf	6	124	30.0	334.0	10.0	0.9953593622786244	174.61278306993523	115.68193178617253
12	2	inverse_cdf	6	124	30.0	834.0	20.0	0.9449363249679267	29.184410520572033	123.22445733745234
12	2	inverse_cdf	6	125	165.0	846.0	12.0	1.025112930506837	0.5498330510789103	92.40017914594335
12	2	inverse_cdf	6	126	52.5	56.0	4.0	0.3675001830891041	12.111176326401418	81.94320047180423
12	2	inverse_cdf	6	126	52.5	680.0	6.0	0.55204531197853	155.02882548275414	93.56547841631394
12	2	inverse_cdf	6	126	52.5	878.0	8.0	0.9082772259341174	-13.692989128712002	120.24854773958747
12	2	inverse_cdf	6	127	120.0	612.0	4.0	0.33395930214256014	9.048119471252695	69.25429384946192
12	2	inverse_cdf	6	129	60.0	4.0	10.0	0.784436715881111	174.60010759413456	84.02954571510821
12	2	inverse_cdf	6	131	45.0	622.0	12.0	1.3041173499260994	-2.5211499215750592	118.2161317219625
12	2	inverse_cdf	6	131	45.0	860.0	10.0	0.8297751522745376	144.35721701645218	90.06469322313079
12	2	inverse_cdf	6	132	82.5	304.0	8.0	0.6949798155360584	166.6505930009159	92.44143953325745
12	2	inverse_cdf	6	132	82.5	546.0	22.0	1.8400325666565622	17.733052429939924	247.06893647761578
12	2	inverse_cdf	6	132	82.5	856.0	10.0	1.2151860062950286	137.13719923082263	136.3806715509863
12	2	inverse_cdf	6	133	135.0	90.0	10.0	1.256750715895158	-2.5388755797307625	142.79845117023658
12	2	inverse_cdf	6	133	135.0	552.0	26.0	0.9844727762690132	-27.95977238559705	114.0017996238516
12	2	inverse_cdf	6	133	135.0	810.0	12.0	1.1675458880029792	158.4726352377339	100.96074622398636
12	2	inverse_cdf	6	134	112.5	478.0	6.0	0.6465292396799237	-173.00935614866256	110.5001211294408
12	2	inverse_cdf	6	134	112.5	606.0	12.0	1.464671110061026	0.0	131.1601447014029
12	2	inverse_cdf	6	135	97.5	366.0	4.0	0.30056198603215817	-2.5007958740412186	61.83692619779004
12	2	inverse_cdf	6	136	157.5	354.0	8.0	0.7669662590167008	-7.000453036430544	100.12003305589371
12	2	inverse_cdf	6	136	157.5	646.0	8.0	0.7096628692078655	-173.89949879314455	94.63201559855682
12	2	inverse_cdf	6	136	157.5	756.0	8.0	1.1202658839993411	-19.66990089019366	147.80697217522015
12	2	inverse_cdf	6	136	157.5	862.0	8.0	0.7951836129684935	141.6431857884834	101.55615211908172
12	2	inverse_cdf	6	136	157.5	978.0	8.0	0.5290939602854794	46.73812231385538	95.36496941310854
12	2	inverse_cdf	6	137	105.0	538.0	6.0	0.5723664291035534	154.58992560270997	91.19776796380357
12	2	inverse_cdf	6	137	105.0	920.0	6.0	0.5654544116846226	-41.25626673616147	139.26457862279688
12	2	inverse_cdf	6	138	142.5	118.0	10.0	1.0901883305035174	-27.348764969662334	125.25059252643393
12	2	inverse_cdf	6	138	142.5	894.0	12.0	1.2484238591981385	162.13803434830768	144.02984858646033
12	2	inverse_cdf	7	140	82.5	60.0	8.0	0.9294397512985428	-14.605598496295285	124.4840803337487
12	2	inverse_cdf	7	140	82.5	392.0	22.0	0.9100820759775152	-4.336208524647354	156.70832243694466
12	2	inverse_cdf	7	140	82.5	712.0	10.0	0.8787980707673764	165.75641409607167	99.98275682022398
12	2	inverse_cdf	7	140	82.5	978.0	6.0	0.5769127585190524	-5.375498134900304	92.2153219822128
12	2	inverse_cdf	7	141	135.0	336.0	8.0	0.9326487465437521	-6.1568042691932465	128.48446411209838
12	2	inverse_cdf	7	142	60.0	58.0	22.0	1.3758354995694206	160.24934385467674	179.72769091655533
12	2	inverse_cdf	7	142	60.0	852.0	24.0	0.8949759110026151	47.8615868124701	132.90035858514986
12	2	inverse_cdf	7	143	157.5	132.0	12.0	0.9550229994729005	3.3456713896499632	93.40147748997873
12	2	inverse_cdf	7	143	157.5	334.0	8.0	0.9252882107865447	165.95608789548646	117.11237437903758
12	2	inverse_cdf	7	143	157.5	816.0	6.0	0.4723375315524033	-13.435744090231928	76.26232516465717
12	2	inverse_cdf	7	144	45.0	178.0	14.0	2.098762844554174	12.628065823222041	194.51902953602325
12	2	inverse_cdf	7	145	67.5	646.0	8.0	0.7984114463732533	-33.42826095673247	133.65206274722274
12	2	inverse_cdf	7	147	165.0	234.0	8.0	0.7656843390163665	166.13277057835404	97.68646091669426
12	2	inverse_cdf	7	147	165.0	552.0	6.0	0.4334010622940632	20.12729037201765	69.96056848997331
12	2	inverse_cdf	7	147	165.0	946.0	10.0	0.8359553212803572	166.84937872044287	84.89945249416238
12	2	inverse_cdf	7	148	172.5	358.0	14.0	1.203714376841791	-13.957565967057274	96.10152883825918
12	2	inverse_cdf	7	148	172.5	438.0	22.0	1.4495594050379594	176.95153879083472	184.5581475932232
12	2	inverse_cdf	7	148	172.5	570.0	10.0	1.3658931150706815	3.235182464128513	164.8839081103224
12	2	inverse_cdf	7	148	172.5	842.0	4.0	0.5395907797737798	69.52818764427357	110.63392509258377
12	2	inverse_cdf	7	149	127.5	396.0	4.0	0.39632286384091137	170.23515516965398	88.34079453364355
12	2	inverse_cdf	7	149	127.5	560.0	6.0	0.7794096088628462	34.617416203189364	124.3259904486856
12	2	inverse_cdf	7	149	127.5	740.0	12.0	1.2920679186270034	178.10863226568108	116.90651664138773
12	2	inverse_cdf	7	149	127.5	924.0	10.0	0.9556138150075189	-9.786146712512075	114.16952898590014
12	2	inverse_cdf	7	150	7.5	4.0	14.0	2.4686333481100693	162.3219050174816	200.17262139628315
12	2	inverse_cdf	7	150	7.5	332.0	20.0	0.6501946181114346	-160.2774586141174	136.9710611829923
12	2	inverse_cdf	7	150	7.5	820.0	8.0	0.9583549695121952	12.633622726624417	130.75175856794812
12	2	inverse_cdf	7	151	52.5	110.0	6.0	0.48602685922034644	-177.87341458862826	84.02326948884898
12	2	inverse_cdf	7	151	52.5	738.0	6.0	0.7277678734184211	157.89336482870567	124.90132559183033
12	2	inverse_cdf	7	152	142.5	52.0	16.0	2.6958097854199665	-6.563626123281412	222.00154217702462
12	2	inverse_cdf	7	152	142.5	374.0	16.0	2.5786400406336534	170.6375276685891	196.54261518836913
12	2	inverse_cdf	7	152	142.5	748.0	24.0	1.1714562516951161	69.34644594687147	127.26845146068128
12	2	inverse_cdf	7	153	90.0	314.0	6.0	0.5099395365744567	-171.15157550550413	89.34730536370436
12	2	inverse_cdf	7	153	90.0	574.0	18.0	2.517639484329334	29.49709246377099	226.85761621876753
12	2	inverse_cdf	7	153	90.0	822.0	14.0	1.9075666415222738	170.85018627461756	151.18476752226175
12	2	inverse_cdf	7	155	105.0	900.0	24.0	1.0865719367105868	-23.107613215912806	150.9791674500761
12	2	inverse_cdf	7	156	15.0	26.0	24.0	1.263892949493766	-5.354228049049368	180.22042744092192
12	2	inverse_cdf	7	156	15.0	286.0	10.0	1.1774264441019962	-164.59224966826918	133.07280677127014
12	2	inverse_cdf	7	156	15.0	870.0	20.0	1.0517222656753027	11.134204941792825	161.62048691975872
12	2	inverse_cdf	7	157	150.0	62.0	24.0	0.8387379478195166	163.87701818718088	130.54344383108048
12	2	inverse_cdf	7	157	150.0	662.0	24.0	0.6807045788714673	56.48934606771989	110.77719652320252
12	2	inverse_cdf	7	158	22.5	18.0	20.0	0.5930817186400442	104.9107162109843	103.80212685555296
12	2	inverse_cdf	7	159	37.5	676.0	24.0	1.0853795945365923	-13.617229049612343	170.21232225765428
12	2	inverse_cdf	7	159	37.5	950.0	22.0	1.1176523062392583	156.77839345237945	194.5613367188509
12	2	inverse_cdf	7	160	120.0	136.0	12.0	1.4724124287644487	159.80523836210625	140.8000105091827
12	2	inverse_cdf	7	160	120.0	282.0	6.0	0.47996148592922167	-27.240327712175127	85.71640830658953
12	2	inverse_cdf	7	160	120.0	660.0	34.0	2.3353858753406467	67.92292720251668	166.5718469799841
12	2	inverse_cdf	8	162	7.5	512.0	6.0	0.7437151889353164	-74.65451129854068	123.50586235525361
12	2	inverse_cdf	8	164	97.5	112.0	20.0	0.6590312237086058	2.99229983504738	147.4328389151015
12	2	inverse_cdf	8	165	15.0	936.0	10.0	0.7369908736365672	28.689897508263844	85.04333829423663
12	2	inverse_cdf	8	166	165.0	980.0	10.0	0.9998769920132308	174.07935010927693	109.11344734639651
12	2	inverse_cdf	8	167	30.0	68.0	22.0	0.2571955811034693	12.483048798304603	120.7633867982721
12	2	inverse_cdf	8	167	30.0	306.0	22.0	0.2583077578149665	-158.07327739113697	116.24810573413748
12	2	inverse_cdf	8	167	30.0	860.0	14.0	0.7194578263155662	2.474352111789097	67.54639896114364
12	2	inverse_cdf	8	168	172.5	96.0	8.0	0.643230846799811	176.05392209958475	96.35106040106768
12	2	inverse_cdf	8	168	172.5	444.0	6.0	0.48040857956541605	-13.214845341583477	73.13918238637886
12	2	inverse_cdf	8	168	172.5	924.0	8.0	1.0362503957793339	-0.362522527042011	140.28280060059163
12	2	inverse_cdf	8	169	67.5	664.0	28.0	0.9223797466448057	-28.084214379928408	103.59904229615336
12	2	inverse_cdf	8	170	60.0	104.0	10.0	0.7892850887365774	0.9528032240778804	81.92483121869097
12	2	inverse_cdf	8	170	60.0	338.0	8.0	0.6325198759681769	-160.76797824742675	82.82376192236852
12	2	inverse_cdf	8	170	60.0	800.0	10.0	0.9872947717816176	145.36324035782187	101.05397156727386
12	2	inverse_cdf	8	171	120.0	70.0	6.0	0.5580416421322336	179.32631865112893	95.48276035602953
12	2	inverse_cdf	8	171	120.0	906.0	8.0	0.6916722112892683	-10.940777012367505	88.65783683619891
12	2	inverse_cdf	8	172	45.0	4.0	14.0	0.46235044565505456	41.49999291368962	113.34978222528427
12	2	inverse_cdf	8	172	45.0	264.0	8.0	0.8385156765369363	24.474134841368603	109.87874332818164
12	2	inverse_cdf	8	172	45.0	736.0	26.0	0.6193249335484702	165.91395703328382	117.56829950237464
12	2	inverse_cdf	8	172	45.0	942.0	20.0	0.9811135622032011	40.14319425794452	115.43703738841431
12	2	inverse_cdf	8	174	75.0	14.0	24.0	1.0272969053549883	165.4964904788075	161.0277245936165
12	2	inverse_cdf	8	174	75.0	320.0	18.0	0.49461089466402797	27.215998257837427	92.87435659359193
12	2	inverse_cdf	8	174	75.0	686.0	12.0	1.1335731556686035	-8.145680678213399	103.14964121649984
12	2	inverse_cdf	8	175	127.5	676.0	24.0	0.8399735532124355	138.27171239578405	117.48141349632652
12	2	inverse_cdf	8	176	157.5	118.0	12.0	1.4596396995753984	161.7359011788847	159.69000087734247
12	2	inverse_cdf	8	176	157.5	892.0	8.0	1.1328141757789398	152.20631521479453	144.7476011814553
12	2	inverse_cdf	8	178	112.5	734.0	12.0	1.245011390920564	1.7343998411908426	122.76610604203444
12	2	inverse_cdf	8	179	82.5	574.0	26.0	2.272290328689528	-5.629991820041065	238.948875002554
12	2	inverse_cdf	8	179	82.5	756.0	12.0	1.526306044798367	152.02464766135836	163.11360024388867
12	2	inverse_cdf	8	180	142.5	424.0	28.0	3.9648539295968392	-4.054620136569339	351.76780885849206
12	2	inverse_cdf	8	180	142.5	676.0	20.0	0.8627794010355252	25.88770335046824	151.88108729521554
12	2	inverse_cdf	8	181	37.5	142.0	18.0	0.6037676477581305	166.03933860142055	140.98862114541302
12	2	inverse_cdf	8	181	37.5	206.0	16.0	0.3575937547544717	-12.14831344996691	99.70914240134758
12	2	inverse_cdf	8	181	37.5	648.0	8.0	0.6575470277567305	-146.99993574173604	84.09218843880065
12	2	inverse_cdf	8	182	135.0	226.0	6.0	0.6539774581659696	-141.75489270086553	96.86563829434955
12	2	inverse_cdf	8	182	135.0	640.0	14.0	0.16067791285920566	91.75592193701667	57.50197292672419
12	2	inverse_cdf	8	183	90.0	188.0	10.0	1.4399725026156083	171.0344692671988	159.73395285378427
12	2	inverse_cdf	8	183	90.0	908.0	24.0	0.8507113158358395	-11.557281837718556	168.97515579518907
12	2	inverse_cdf	8	184	150.0	556.0	12.0	1.0626534854919854	5.309402266697059	110.2445412580847
12	2	inverse_cdf	8	184	150.0	808.0	12.0	1.5228543314514327	167.1962212421949	171.69663883705852
13	1	inverse_cdf	1	2	45.0	346.0	18.0	0.20188371912334946	-163.02255270737328	40.860695002921275
13	1	inverse_cdf	1	2	45.0	630.0	6.0	0.17116792832785796	-9.911626733147246	28.699951325856322
13	1	inverse_cdf	1	2	45.0	868.0	20.0	0.19710091107506628	175.2366520482716	50.61727027440865
13	1	inverse_cdf	1	3	90.0	866.0	4.0	0.14915029413056963	144.37863682783632	32.45746121261777
13	1	inverse_cdf	1	6	15.0	262.0	6.0	0.24216810625469828	-156.03014471173032	42.191678287487925
13	1	inverse_cdf	1	6	15.0	876.0	20.0	0.10698612488878552	125.62878707731329	62.58194525340416
13	1	inverse_cdf	1	8	22.5	60.0	18.0	0.3469782809111248	134.42048504822154	57.367084850179516
13	1	inverse_cdf	1	8	22.5	558.0	4.0	0.22406342412623642	-5.042197304273352	49.837378170490865
13	1	inverse_cdf	1	11	165.0	20.0	20.0	0.27192006619257375	128.87302872369673	61.73268742180363
13	1	inverse_cdf	1	15	142.5	808.0	6.0	0.3146293059262756	172.20780921621713	51.405890265680014
13	1	inverse_cdf	1	18	75.0	44.0	14.0	0.30924743007123706	113.43426486197622	57.58959148683807
13	1	inverse_cdf	1	18	75.0	812.0	4.0	0.2324871595284717	-122.90853448478956	48.88433091297343
13	1	inverse_cdf	1	18	75.0	864.0	24.0	0.3211641179932693	143.30498976444687	108.60465271845639
13	1	inverse_cdf	1	19	82.5	258.0	4.0	0.1850403715436978	-167.1978520448431	39.88701268481225
13	1	inverse_cdf	1	21	30.0	306.0	6.0	0.2374701840612949	14.808364333027297	39.51693517219824
13	1	inverse_cdf	1	21	30.0	570.0	6.0	0.1748636576515455	-23.204544118316665	30.927282710787484
13	1	inverse_cdf	2	26	82.5	610.0	4.0	0.21345626432552545	-7.507536473828666	42.15394433169646
13	1	inverse_cdf	2	27	37.5	286.0	4.0	0.2029116551398124	30.08330030896414	42.134536572583755
13	1	inverse_cdf	2	28	165.0	910.0	22.0	0.1424609456497349	28.923582511475512	76.38231478308599
13	1	inverse_cdf	2	29	52.5	722.0	18.0	0.21320626475605606	71.1482353553699	65.36607010195384
13	1	inverse_cdf	2	30	30.0	348.0	4.0	0.22164106424129495	-146.78525671435233	48.195288574943575
13	1	inverse_cdf	2	31	67.5	68.0	8.0	0.6118353914294092	-138.9202217641222	83.06569304807412
13	1	inverse_cdf	2	36	135.0	250.0	4.0	0.24173073484140328	-145.23776915273885	50.83834981126864
13	1	inverse_cdf	2	37	157.5	976.0	6.0	0.4089974988599032	37.00606868724092	70.7359613659012
13	1	inverse_cdf	2	38	120.0	192.0	18.0	0.24988489012532808	146.52567506243466	75.32722904848832
13	1	inverse_cdf	2	39	22.5	936.0	4.0	0.2761726670496789	168.69107836518288	60.66050182763334
13	1	inverse_cdf	2	43	7.5	832.0	6.0	0.45231685312608266	-176.25528530191056	75.63341969973317
13	1	inverse_cdf	3	47	105.0	14.0	34.0	0.15434723049521334	125.03667554993586	79.28291985957324
13	1	inverse_cdf	3	48	22.5	922.0	4.0	0.28222685493164407	131.9578225230719	60.528228261648984
13	1	inverse_cdf	3	49	82.5	914.0	18.0	0.13228680647183735	-133.99311148133052	59.319067566147105
13	1	inverse_cdf	3	50	150.0	232.0	38.0	0.3518557321572606	52.00570246876895	396.676871649515
13	1	inverse_cdf	3	54	37.5	52.0	4.0	0.32666971225963	64.71901877482775	66.19987106697512
13	1	inverse_cdf	3	61	67.5	110.0	4.0	0.13619079443571697	179.31002847283685	35.545551752105595
13	1	inverse_cdf	3	67	120.0	38.0	4.0	0.31064418307200675	24.66639149437879	67.43970677797947
13	1	inverse_cdf	4	72	135.0	70.0	22.0	0.40707668379540934	-170.95754733428694	88.83342110376509
13	1	inverse_cdf	4	72	135.0	262.0	6.0	0.4007301918527294	2.3457494555901213	59.44144831377667
13	1	inverse_cdf	4	72	135.0	980.0	4.0	0.285453262721061	135.47211885909124	66.36950241187277
13	1	inverse_cdf	4	73	150.0	130.0	4.0	0.2059557982853739	-168.51312261170133	46.166191470784455
13	1	inverse_cdf	4	73	150.0	570.0	6.0	0.27933135985295865	-11.174636714287765	45.02855931069366
13	1	inverse_cdf	4	74	15.0	812.0	8.0	0.40440752119743173	158.3319110324057	50.056485623993865
13	1	inverse_cdf	4	75	112.5	602.0	4.0	0.29092228799576336	-3.234147173737372	61.79543194209083
13	1	inverse_cdf	4	76	82.5	224.0	4.0	0.1807734747061684	-171.65288772901036	38.64304393954653
13	1	inverse_cdf	4	76	82.5	532.0	4.0	0.21200272795996877	-37.125276839557365	42.94627380475553
13	1	inverse_cdf	4	77	60.0	414.0	6.0	0.5430976829475194	-173.75420752948116	76.73704449984828
13	1	inverse_cdf	4	77	60.0	554.0	6.0	0.3433226913170352	-2.7401037962440844	57.35105870322142
13	1	inverse_cdf	4	78	45.0	844.0	10.0	0.5688505605704081	153.80511230252506	64.44571482813959
13	1	inverse_cdf	4	79	37.5	58.0	6.0	0.4926555983643202	173.1120044557643	78.48137930238978
13	1	inverse_cdf	4	79	37.5	318.0	8.0	0.46621039968604283	-1.2102641682346118	60.34109472088615
13	1	inverse_cdf	4	80	172.5	906.0	4.0	0.27556577440097707	18.76035695480852	55.75546342924065
13	1	inverse_cdf	4	83	105.0	66.0	20.0	0.10686567743544087	-169.38042631703664	50.473276037429414
13	1	inverse_cdf	4	88	7.5	70.0	18.0	0.27429731896974785	-177.599452718401	78.45957798287608
13	1	inverse_cdf	4	91	142.5	228.0	6.0	0.42424625106400876	11.827803067637753	60.31911068201074
13	1	inverse_cdf	4	91	142.5	620.0	4.0	0.3196184113638033	68.30124585152389	63.88091065944139
13	1	inverse_cdf	4	92	127.5	46.0	16.0	0.08736020815768783	-5.385118003097066	55.177233689331786
13	1	inverse_cdf	5	103	52.5	130.0	20.0	0.027898973563663287	-151.93314776840378	65.92346719258637
13	1	inverse_cdf	5	106	82.5	926.0	6.0	0.3035145963900715	150.52486373397036	57.068978423999525
13	1	inverse_cdf	5	109	120.0	406.0	4.0	0.16928419319805177	-176.66895744722038	37.46594471530245
13	1	inverse_cdf	5	111	150.0	916.0	20.0	0.1859901294941581	164.1265689700774	70.33501908809518
13	1	inverse_cdf	5	112	135.0	66.0	4.0	0.209719270708893	-17.296086763232704	46.97955692026917
13	1	inverse_cdf	5	114	45.0	472.0	4.0	0.2533902203364563	-119.0637314811567	54.37095844648817
13	1	inverse_cdf	5	115	30.0	282.0	8.0	0.5899540718167738	-177.1310686491948	81.00264442977581
13	1	inverse_cdf	6	118	60.0	284.0	6.0	0.2788713847226765	-20.659831873439895	49.686731515367974
13	1	inverse_cdf	6	119	142.5	38.0	4.0	0.2886014956044639	35.02963211925302	61.09504488438811
13	1	inverse_cdf	6	122	97.5	288.0	4.0	0.2542430366970388	-156.42087604945755	56.593630848062695
13	1	inverse_cdf	6	123	67.5	126.0	20.0	0.1841064248863399	168.6911841706794	73.09333938257167
13	1	inverse_cdf	6	129	7.5	136.0	4.0	0.245664335761034	12.732526301025082	57.42103140466666
13	1	inverse_cdf	6	130	37.5	238.0	4.0	0.34768450238592646	73.26442809348299	71.69469504029111
13	1	inverse_cdf	6	132	127.5	976.0	4.0	0.31533269505380035	-2.0876093950462358	67.50842521400274
13	1	inverse_cdf	6	133	165.0	258.0	4.0	0.28852253514169013	-154.75221000968278	60.87969070215031
13	1	inverse_cdf	6	135	172.5	750.0	22.0	0.7344259400423734	156.70082335200732	125.32456578455793
13	1	inverse_cdf	6	135	172.5	800.0	6.0	0.4421957926089278	18.166014087134084	65.9158661392442
13	1	inverse_cdf	7	141	90.0	44.0	4.0	0.19365946917046417	0.0	44.58577046473277
13	1	inverse_cdf	7	142	120.0	626.0	4.0	0.19871247071512188	149.20054740028164	46.85170976505844
13	1	inverse_cdf	7	146	67.5	872.0	8.0	0.5809735386405892	169.41922760494015	71.20458818627957
13	1	inverse_cdf	7	148	157.5	22.0	4.0	0.3229792231865027	9.650643126869879	69.45667148036777
13	1	inverse_cdf	7	149	15.0	552.0	6.0	0.4293102700517742	-140.90307108576962	66.87109307690181
13	1	inverse_cdf	7	151	52.5	66.0	22.0	0.10271923204903827	-12.922769975696585	66.70969744592148
13	1	inverse_cdf	7	157	150.0	10.0	6.0	0.3525995623723032	-7.488352287004938	58.71119102854759
13	1	inverse_cdf	7	158	172.5	862.0	4.0	0.2789174402951094	159.33030090394757	57.610193067859875
13	1	inverse_cdf	7	160	82.5	96.0	4.0	0.24464962618126135	-173.06795252875773	53.48585778423758
13	1	inverse_cdf	8	166	112.5	826.0	18.0	0.15755455460926704	90.0	53.901115164226546
13	1	inverse_cdf	8	172	105.0	126.0	18.0	0.3439792610750483	140.6201034383836	70.00785288567046
13	1	inverse_cdf	8	175	127.5	638.0	18.0	0.3734131284948776	75.23251478931721	82.33175267862532
13	1	inverse_cdf	8	177	90.0	78.0	10.0	0.8218311760534702	-163.0551195227595	91.43884913281941
13	1	inverse_cdf	8	178	142.5	540.0	6.0	0.4317058549086783	179.1290581336919	70.42081811543605
13	1	inverse_cdf	8	179	157.5	280.0	4.0	0.23105998884848591	163.5037961559687	51.468562645711316
13	2	cdf	1	2	22.5	308.0	4.0	0.12502730988650795	-160.87730597702122	27.676681225510702
13	2	cdf	1	2	22.5	590.0	10.0	0.2545355502240638	11.504907679516688	27.649271404217533
13	2	cdf	1	3	105.0	116.0	28.0	0.304386964457872	101.50672928556251	81.2209428172704
13	2	cdf	1	5	52.5	10.0	6.0	0.3375142650106812	25.91511563299963	54.41516682612832
13	2	cdf	1	5	52.5	536.0	20.0	0.02496588311168289	66.77277578203852	33.48801189229248
13	2	cdf	1	6	157.5	244.0	20.0	0.0863766550328452	165.71393383791928	52.20030093896125
13	2	cdf	1	6	157.5	564.0	18.0	0.14164380875350666	69.65804356203459	46.256331562760096
13	2	cdf	1	7	30.0	294.0	4.0	0.11007574744342911	26.54167688581833	22.795415332634473
13	2	cdf	1	8	37.5	8.0	4.0	0.22585225710412554	-8.771224499115625	48.52802095445796
13	2	cdf	1	8	37.5	424.0	10.0	0.3801037403436653	-25.568722695898604	56.119638039991266
13	2	cdf	1	8	37.5	484.0	22.0	0.48236264711279686	-179.61022000913732	90.93639377175168
13	2	cdf	1	10	97.5	508.0	20.0	0.226122928535825	80.39005359565391	42.51754434559423
13	2	cdf	1	11	112.5	4.0	6.0	0.1042677879110814	-24.123623911657397	17.61558581925768
13	2	cdf	1	13	120.0	520.0	4.0	0.1374401868217423	33.28785445189362	36.83930676311385
13	2	cdf	1	15	15.0	834.0	22.0	0.42949842760582846	94.60266010408105	46.003194691466106
13	2	cdf	1	20	82.5	614.0	20.0	0.09355055372113877	-21.590433863251256	42.30181679391136
13	2	cdf	1	23	67.5	60.0	18.0	0.143230494277969	161.99614473819474	52.437116458162194
13	2	cdf	2	25	60.0	264.0	22.0	0.254640962819477	152.80555314162052	55.25917647475885
13	2	cdf	2	27	150.0	546.0	8.0	0.34270376341994696	27.031637811790194	46.36233259564213
13	2	cdf	2	28	45.0	4.0	6.0	0.41991852285516407	-78.50229680806622	66.04821973941317
13	2	cdf	2	29	22.5	208.0	16.0	0.0788816336274216	44.97347017462725	34.36907832838415
13	2	cdf	2	30	172.5	436.0	6.0	0.22554336743838307	150.8359755227478	44.761737540318165
13	2	cdf	2	31	7.5	372.0	4.0	0.1951697433124676	154.07542238944217	40.73178244910541
13	2	cdf	2	31	7.5	826.0	16.0	0.1460654380093749	89.35656695708118	41.158370865313216
13	2	cdf	2	32	120.0	4.0	4.0	0.8687998218126702	-94.1166068604123	514.961374753033
13	2	cdf	2	32	120.0	962.0	16.0	0.05417417439904044	-144.87294203336563	29.226781659394224
13	2	cdf	2	34	165.0	576.0	22.0	0.03510700870784787	-142.63130998289586	52.35475784500001
13	2	cdf	2	36	135.0	124.0	18.0	0.1416730328324214	-132.2162888425005	41.47465209555745
13	2	cdf	2	41	82.5	24.0	6.0	0.17560974907965818	57.17609695879196	32.45672283151484
13	2	cdf	2	41	82.5	546.0	6.0	0.2014411287586468	52.9206532729531	31.504802053870073
13	2	cdf	2	42	97.5	606.0	4.0	0.17550380950983427	48.39619632734823	37.4237851623119
13	2	cdf	2	43	90.0	104.0	18.0	0.15791230979537693	94.17204338099116	37.12720357633168
13	2	cdf	2	44	52.5	90.0	8.0	0.26861111190796655	153.91675868557883	34.49532871023934
13	2	cdf	2	46	105.0	324.0	6.0	0.24309391445352396	139.12640090476455	42.63912276379103
13	2	cdf	3	48	112.5	346.0	6.0	0.22993739678321332	156.015673951561	35.005930004350795
13	2	cdf	3	49	67.5	314.0	20.0	0.0846904067222264	135.8110067371911	31.257274742192305
13	2	cdf	3	51	30.0	392.0	18.0	0.06408922703734012	-13.309907775301937	33.95802954131491
13	2	cdf	3	51	30.0	554.0	18.0	0.1718957626620436	169.55880148007756	56.35248330575907
13	2	cdf	3	54	37.5	340.0	18.0	0.12652923760397214	177.0273772350895	42.67006116911065
13	2	cdf	3	57	97.5	122.0	20.0	0.15626218659246965	63.15210228634186	49.9433235459953
13	2	cdf	3	57	97.5	356.0	20.0	0.23025098234263902	172.2206677814254	51.78232007936945
13	2	cdf	3	59	120.0	230.0	8.0	0.2498545978854789	170.1759042478345	32.55432890526361
13	2	cdf	3	60	157.5	110.0	22.0	0.32213905359575795	106.88263437888858	47.897051390838875
13	2	cdf	3	62	82.5	36.0	24.0	0.45914371831039663	164.0294971244095	74.97595688075761
13	2	cdf	3	63	142.5	352.0	4.0	0.1473578246482734	-142.26074950374982	30.26781096944723
13	2	cdf	3	63	142.5	698.0	4.0	0.15854463659886492	61.562468764421	30.199343809730365
13	2	cdf	3	65	7.5	48.0	8.0	0.16398739449096278	22.95865372349152	21.282255223173358
13	2	cdf	3	68	90.0	24.0	18.0	0.08685548355968835	22.190072966780402	30.559259728612663
13	2	cdf	3	68	90.0	620.0	22.0	0.10277640639134965	160.42301064772784	52.32947475097788
13	2	cdf	3	69	52.5	54.0	18.0	0.11827048482878216	-93.18190800131842	21.793943486176147
13	2	cdf	3	69	52.5	286.0	22.0	0.05973807292192927	-159.08736809350617	37.4789350049631
13	2	cdf	4	70	82.5	92.0	10.0	0.31933711100768347	12.459976638801534	38.983270079458016
13	2	cdf	4	70	82.5	352.0	18.0	0.1536889704505743	106.11842052330388	44.10781993851171
13	2	cdf	4	71	105.0	290.0	20.0	0.18125702531118143	111.23506733520883	49.634147050564046
13	2	cdf	4	72	112.5	28.0	4.0	0.1585396765086714	65.53743801432752	36.40052833218042
13	2	cdf	4	77	15.0	68.0	6.0	0.2918934078224452	48.87957464578394	47.0091625989026
13	2	cdf	4	77	15.0	570.0	20.0	0.07221677009561865	68.68678177506025	38.576981787044645
13	2	cdf	4	78	157.5	6.0	8.0	0.34427661984363317	9.321693421487346	46.0137587938286
13	2	cdf	4	79	45.0	566.0	16.0	0.06125657803891211	82.30171134832537	36.256459394634376
13	2	cdf	4	80	60.0	290.0	6.0	0.2266974203408019	-2.4873370884265587	37.458096657262615
13	2	cdf	4	81	90.0	272.0	20.0	0.08146979714530748	-80.72624044858667	32.67657816196187
13	2	cdf	4	82	165.0	64.0	4.0	0.13298335977267292	1.4132558506528599	27.737374323089334
13	2	cdf	4	82	165.0	522.0	16.0	0.11643330960081191	89.19231423258462	29.979453070235838
13	2	cdf	4	83	150.0	350.0	18.0	0.18609755278860177	142.53761149693284	48.343315560305605
13	2	cdf	4	85	97.5	412.0	20.0	0.22059576621369154	101.15329961434222	32.01088136264708
13	2	cdf	4	86	22.5	292.0	20.0	0.34182865876908103	-93.57868918256186	57.21054673430952
13	2	cdf	4	88	75.0	102.0	24.0	0.4407383374599543	167.3190533031161	102.99069206862929
13	2	cdf	4	88	75.0	304.0	8.0	0.29551204268181536	167.82419587119426	38.57278345269134
13	2	cdf	4	89	30.0	116.0	26.0	0.28393821862685015	167.658081258277	83.85760997992618
13	2	cdf	4	89	30.0	326.0	4.0	0.11909060731875971	-7.1200265684698145	24.78875858235249
13	2	cdf	4	90	135.0	254.0	6.0	0.227793452080783	36.20094083611834	33.95776743449106
13	2	cdf	4	90	135.0	630.0	8.0	0.2575421306252761	14.385914639304833	33.07769356666419
13	2	cdf	4	91	67.5	344.0	18.0	0.10389764382413816	105.57759499923294	35.991420030879794
13	2	cdf	4	91	67.5	894.0	14.0	0.22173781784047006	79.7682908831285	38.469503360635166
13	2	cdf	4	92	127.5	258.0	18.0	0.26127050957415004	97.21726145189305	42.61635113176523
13	2	cdf	4	92	127.5	550.0	4.0	0.09514651063880686	-32.30429303739298	35.88277490412732
13	2	cdf	5	93	135.0	132.0	14.0	0.7496644608457276	171.69354963322795	64.52813660460114
13	2	cdf	5	93	135.0	306.0	6.0	0.2634485226152803	4.644940415054185	39.64548507629662
13	2	cdf	5	94	165.0	420.0	6.0	0.18909406824301037	176.51849993147772	32.05398510213299
13	2	cdf	5	96	37.5	494.0	4.0	0.0814802971868472	9.270512266661818	18.152714680973776
13	2	cdf	5	100	105.0	424.0	10.0	0.37528840607721425	159.25394517356764	39.27597375347613
13	2	cdf	5	103	112.5	572.0	22.0	0.057500616029180475	86.72778895464096	39.85583437748968
13	2	cdf	5	104	82.5	512.0	14.0	0.17689698598984202	72.72869758951802	37.41716919863811
13	2	cdf	5	106	142.5	592.0	4.0	0.14974198884644227	-34.709033082230164	28.633551940727276
13	2	cdf	5	109	67.5	360.0	16.0	0.13975005163698484	170.53976956849712	36.38203995904169
13	2	cdf	5	112	7.5	124.0	6.0	0.27740103525926546	-165.96908043379213	43.606935056458305
13	2	cdf	5	112	7.5	616.0	4.0	0.19217237857915323	2.4464036802371063	40.92723033519851
13	2	cdf	5	113	22.5	542.0	4.0	0.1255018087763393	-41.82229522236167	26.804147522635954
13	2	cdf	5	113	22.5	584.0	4.0	0.1792727089586248	-113.74803187158956	37.59859950520407
13	2	cdf	5	114	75.0	72.0	4.0	0.18245021093401276	127.70283170023005	39.24564371126338
13	2	cdf	6	117	60.0	4.0	18.0	0.3904776407070523	82.51298349976585	32.59394491749572
13	2	cdf	6	119	157.5	126.0	24.0	0.27976976706542594	106.00540296943088	46.78763357785687
13	2	cdf	6	120	45.0	110.0	6.0	0.2593496762085353	1.0872977904781584	40.07706029924414
13	2	cdf	6	120	45.0	278.0	20.0	0.27123180441141925	-158.72218036266784	55.6033798306316
13	2	cdf	6	120	45.0	592.0	8.0	0.2816162449795722	-11.765514537851438	36.23373386984699
13	2	cdf	6	121	75.0	32.0	26.0	0.405067325772451	46.47444722124799	51.28968634747556
13	2	cdf	6	121	75.0	304.0	8.0	0.4051578774583118	-165.45892417005578	53.26275875751261
13	2	cdf	6	122	120.0	402.0	18.0	0.09024682573517451	90.0	32.65743581110565
13	2	cdf	6	123	135.0	846.0	18.0	0.25893656024877726	123.88420124487642	49.91345549274525
13	2	cdf	6	124	22.5	38.0	6.0	0.2034544786506813	10.215320757622617	33.389291550696115
13	2	cdf	6	124	22.5	314.0	6.0	0.16324042251802237	167.2312696265636	29.275462784366635
13	2	cdf	6	125	67.5	248.0	4.0	0.1411878836759041	19.683231725288213	28.715461460294833
13	2	cdf	6	126	142.5	4.0	6.0	0.41687996654828646	-0.6764270696662846	66.86297144649832
13	2	cdf	6	127	7.5	186.0	4.0	0.2319744486134754	-115.1043651377246	50.52602655271497
13	2	cdf	6	127	7.5	346.0	18.0	0.035840338382254616	-105.93775233227002	35.83003248505966
13	2	cdf	6	129	15.0	78.0	6.0	0.19702379530917813	1.908914657300425	32.274300930616306
13	2	cdf	6	129	15.0	354.0	8.0	0.3464095658918193	-170.1815825726955	46.29048433149285
13	2	cdf	6	129	15.0	550.0	8.0	0.2946919495127641	21.560384253212927	39.18358014996727
13	2	cdf	6	130	150.0	52.0	18.0	0.25817998422440036	94.0098752929971	30.241823225589258
13	2	cdf	6	131	37.5	4.0	10.0	0.9269394305169825	-166.3826045005712	111.23911060052009
13	2	cdf	6	132	127.5	90.0	26.0	0.372068650905807	30.163097425475662	60.936352681356325
13	2	cdf	6	132	127.5	314.0	6.0	0.22342493753667836	-169.85200387977892	34.14549557673189
13	2	cdf	6	132	127.5	518.0	18.0	0.21571299171470226	117.16250861218592	44.384218857276124
13	2	cdf	6	133	30.0	4.0	6.0	0.2810455043470014	-3.01196600442222	51.29638729576463
13	2	cdf	6	133	30.0	264.0	6.0	0.19923524972327483	-11.399208511577223	42.42189922924186
13	2	cdf	6	133	30.0	526.0	8.0	0.2103694724851413	-3.128852117173138	28.414433281574905
13	2	cdf	6	134	52.5	504.0	20.0	0.026713279913234265	-137.50026551860233	38.7978463791821
13	2	cdf	6	135	165.0	266.0	14.0	0.2583922328145689	98.03281836137725	28.70314397619701
13	2	cdf	6	135	165.0	646.0	20.0	0.13197949567455738	-122.32579447448002	40.640903740860345
13	2	cdf	6	136	97.5	64.0	6.0	0.20457357609090426	48.86147969984302	37.44789419460434
13	2	cdf	6	137	172.5	32.0	26.0	0.3446985232445966	11.25266596843983	66.70747644971713
13	2	cdf	6	137	172.5	298.0	8.0	0.49076012384855905	-159.44860974095621	65.73619177185635
13	2	cdf	6	138	82.5	86.0	52.0	0.16181412372677628	-157.33764448216616	80.99513473780074
13	2	cdf	7	140	112.5	136.0	20.0	0.08238072972571628	-135.824825745468	31.46015539693828
13	2	cdf	7	142	15.0	114.0	22.0	0.18348487964669508	-132.13497087157663	40.76983229768704
13	2	cdf	7	143	52.5	332.0	16.0	0.17859619448253847	113.27103665667869	37.82556365726911
13	2	cdf	7	144	60.0	722.0	4.0	0.14836194708355255	-169.8071383410619	30.492779583202683
13	2	cdf	7	151	90.0	52.0	38.0	1.1115845947343328	87.6308049269701	108.7353565684037
13	2	cdf	7	153	82.5	366.0	20.0	0.12351777903316129	-160.62775827164734	28.083324832248337
13	2	cdf	7	154	135.0	58.0	8.0	0.3855002783222237	-174.87261819275213	51.09186894278666
13	2	cdf	7	155	7.5	270.0	8.0	0.33592354066466246	-165.29057297695695	45.061072434363645
13	2	cdf	7	156	37.5	614.0	18.0	0.2926115285188702	132.74070903327046	74.70805035771569
13	2	cdf	7	157	172.5	326.0	6.0	0.21500374424945026	-153.25124570086817	34.00610639530015
13	2	cdf	7	158	67.5	66.0	26.0	0.6416260043352499	-179.56048678961966	73.12900944980865
13	2	cdf	7	158	67.5	270.0	8.0	0.2129311942668822	-28.530425278383603	36.0223797982395
13	2	cdf	7	158	67.5	548.0	4.0	0.1477911671959135	2.5446317904408997	31.60952657203785
13	2	cdf	7	159	120.0	84.0	18.0	0.121077246063791	-32.812452621749905	42.476409911942056
13	2	cdf	7	159	120.0	342.0	6.0	0.19359924787394556	-172.6999222578489	32.13089895169756
13	2	cdf	7	160	142.5	6.0	10.0	0.2102258846697192	-177.76427243631596	26.16212574381447
13	2	cdf	7	160	142.5	250.0	6.0	0.15197483439842202	-60.92600085570563	30.237775395110035
13	2	cdf	7	161	30.0	410.0	22.0	0.15881891072915694	97.71984575051336	42.68093498123957
13	2	cdf	8	162	120.0	346.0	6.0	0.18970171558036322	174.04504173235148	29.23803382202491
13	2	cdf	8	163	90.0	498.0	16.0	0.10089715805378019	45.615033882804	37.31640201921484
13	2	cdf	8	166	157.5	40.0	18.0	0.11661704448650942	-177.5815125567389	38.557485654993926
13	2	cdf	8	167	142.5	64.0	6.0	0.10341297732857475	-0.9081769383770762	18.195315038074696
13	2	cdf	8	168	7.5	422.0	4.0	0.14393904026796267	-155.77518116933388	30.32371389186807
13	2	cdf	8	171	165.0	6.0	6.0	0.17686233893084055	6.925337748802579	38.04837414536023
13	2	cdf	8	172	135.0	632.0	4.0	0.17661277429282723	35.15110914703071	39.629381827182
13	2	cdf	8	174	97.5	134.0	22.0	0.31371016771485644	173.7009922496621	64.15547267279216
13	2	cdf	8	174	97.5	344.0	8.0	0.3970859370937343	114.15360623056614	53.89893296504733
13	2	cdf	8	175	75.0	58.0	22.0	0.3809186047878351	-1.726889083336816	65.62169283291976
13	2	cdf	8	175	75.0	264.0	8.0	0.31741059146989764	148.54910947048566	40.78698454683285
13	2	cdf	8	177	22.5	18.0	20.0	0.47123120895375736	-169.16637470290664	68.3831976712053
13	2	cdf	8	177	22.5	218.0	6.0	0.1989221381920398	3.3084827364173686	32.43313131384525
13	2	cdf	8	177	22.5	508.0	8.0	0.3243548943618304	18.879593440660003	44.01624450535553
13	2	cdf	8	178	15.0	14.0	30.0	0.14425363647107095	146.14755373547965	58.18962609538972
13	2	cdf	8	178	15.0	502.0	16.0	0.13914903212973828	-142.2000914664183	38.95333481353871
13	2	cdf	8	180	67.5	92.0	8.0	0.2598546480590125	-13.509015988613715	35.087573471098445
13	2	cdf	8	180	67.5	332.0	8.0	0.2690570939264343	-157.02872224512498	34.2461324238768
13	2	cdf	8	181	105.0	112.0	8.0	0.3540198110546018	19.769945420036805	46.98042601116956
13	2	cdf	8	181	105.0	338.0	8.0	0.3471442124116918	157.2017241523404	46.52292542787068
13	2	cdf	8	182	52.5	78.0	20.0	0.2331342270772263	178.38723381807313	54.447795824929365
13	2	cdf	8	183	45.0	400.0	14.0	0.14380701915476704	115.69232926512295	37.887417455273706
13	2	cdf	8	184	150.0	138.0	16.0	0.6327179744154104	86.57990410392935	63.564196647309416
14	1	cdf	1	1	165.0	316.0	6.0	0.3178769316209048	-12.811293563331976	50.13644600879567
14	1	cdf	1	4	52.5	362.0	6.0	0.42460246842481036	-6.647623881166302	71.11332435474722
14	1	cdf	1	4	52.5	494.0	6.0	0.42147855383439364	-173.07769799781337	67.02702926607382
14	1	cdf	1	6	67.5	4.0	4.0	0.2792179563111207	2.691488937712043	70.34844280410822
14	1	cdf	1	6	67.5	534.0	22.0	0.23770346708676268	152.04457154219642	111.97426035948165
14	1	cdf	1	6	67.5	588.0	6.0	0.4982489035430033	-6.04102103861537	77.48656367257232
14	1	cdf	1	7	60.0	834.0	20.0	0.38079782842109255	152.57067018575728	100.07296747917574
14	1	cdf	1	7	60.0	918.0	20.0	0.6397013137928844	-33.78566725304129	180.95390348783448
14	1	cdf	1	7	60.0	986.0	8.0	1.500639825155639	-174.73513677767843	269.79332560288344
14	1	cdf	1	10	127.5	26.0	28.0	0.17754450337333563	-27.491593457281805	90.78261198515095
14	1	cdf	1	13	142.5	330.0	6.0	0.4770903966271013	-25.228327515706113	74.3574476439873
14	1	cdf	1	14	45.0	82.0	20.0	0.1848377072893887	-111.34620757520821	66.3949498771544
14	1	cdf	1	14	45.0	772.0	6.0	0.48473072288180047	165.506013175942	77.84220758706108
14	1	cdf	1	15	135.0	818.0	4.0	0.2685456212678805	153.13972636299496	60.288490573885184
14	1	cdf	1	18	82.5	292.0	18.0	0.24494354585891148	-22.416703657398955	78.00789122386675
14	1	cdf	1	20	97.5	50.0	4.0	0.24177314956708998	-18.172276321434012	51.667981057553305
14	1	cdf	1	21	75.0	26.0	16.0	0.2647143701989188	-116.11151914341363	99.36177211074623
14	1	cdf	2	25	52.5	302.0	16.0	0.10357890937886625	-23.297606231787913	52.07581461277532
14	1	cdf	2	26	165.0	12.0	16.0	0.048695152602556864	-147.38779338518327	82.62806416745661
14	1	cdf	2	26	165.0	930.0	4.0	0.3195990389404946	9.74902509944606	67.42713810733683
14	1	cdf	2	27	82.5	552.0	20.0	0.1240040652796875	-142.54345418953093	110.21504408534986
14	1	cdf	2	27	82.5	688.0	6.0	0.5525173085496248	-5.791066319291663	91.47018690652021
14	1	cdf	2	27	82.5	826.0	16.0	0.17623589974809803	-155.83221785537344	77.77964825894662
14	1	cdf	2	28	142.5	356.0	16.0	0.4529038549406704	-23.024189093467648	92.17929325975632
14	1	cdf	2	28	142.5	880.0	18.0	0.32357154273912153	153.17858622565893	104.52989794989384
14	1	cdf	2	29	105.0	594.0	6.0	0.5407283267819044	-43.505501698675985	91.25440802703767
14	1	cdf	2	30	120.0	108.0	20.0	0.29308042342014845	54.7874672648009	81.89644109044978
14	1	cdf	2	31	22.5	102.0	10.0	0.6317197468916537	0.0	70.46186014641285
14	1	cdf	2	31	22.5	354.0	4.0	0.31575645325722856	33.75941654327973	64.72346907585099
14	1	cdf	2	33	60.0	236.0	16.0	0.22569163572175358	-81.2176352578016	74.9896293928885
14	1	cdf	2	33	60.0	890.0	24.0	0.14452923734014653	62.25790144596579	78.47546650381936
14	1	cdf	2	34	172.5	298.0	4.0	0.2501542832123693	139.53863220196652	52.53635529082713
14	1	cdf	2	34	172.5	938.0	4.0	0.23462239733593143	-0.4004549399636546	50.692880907660005
14	1	cdf	2	35	7.5	228.0	16.0	0.22704237342439856	-175.85850467066504	72.15405125105238
14	1	cdf	2	35	7.5	790.0	16.0	0.05867855249398584	116.57979373742617	56.13205453460406
14	1	cdf	2	39	75.0	68.0	6.0	0.5102113114814629	-168.69140768539947	75.86617730845377
14	1	cdf	2	40	135.0	48.0	4.0	0.34641801574419545	-52.690099599736	73.60669093118977
14	1	cdf	2	41	30.0	292.0	14.0	0.1020410777868637	-126.50515170305749	71.2380286832027
14	1	cdf	2	41	30.0	984.0	6.0	0.4525209256672642	175.4258145982229	79.1416505835568
14	1	cdf	2	42	37.5	724.0	18.0	0.1762553453524486	-104.55863212836255	75.33957294134991
14	1	cdf	2	46	127.5	672.0	14.0	0.14965888219153786	117.41815510237944	66.55121490334572
14	1	cdf	3	48	112.5	324.0	18.0	0.20293251365022438	-140.91623112864116	77.67638502609564
14	1	cdf	3	55	75.0	482.0	4.0	0.3068511490154376	0.6126268260160233	60.08036897896291
14	1	cdf	3	56	120.0	224.0	4.0	0.25608191888413767	153.77148716292004	57.12712846361145
14	1	cdf	3	57	150.0	4.0	4.0	0.38603665608138926	-145.5668105076248	83.45276118847102
14	1	cdf	3	57	150.0	110.0	8.0	0.6528314711626293	-147.62393920769682	85.67278916944693
14	1	cdf	3	62	127.5	298.0	18.0	0.3109960847626349	-73.76070482385092	85.84863708789304
14	1	cdf	3	63	67.5	884.0	14.0	0.1997795717195026	123.95996428718601	64.98043743141625
14	1	cdf	3	65	157.5	798.0	20.0	0.3022196642319209	-77.77389317078081	74.04537232685905
14	1	cdf	3	66	105.0	4.0	14.0	13.192555670661264	148.96079927989018	2139.1677803380985
14	1	cdf	3	67	135.0	578.0	4.0	0.2715758836875335	-20.51421578883622	57.63434083182429
14	1	cdf	3	68	37.5	874.0	14.0	0.12787835662887928	-33.48362205606949	68.71567318687491
14	1	cdf	4	70	150.0	306.0	18.0	0.17476240445614438	80.2696494157627	72.2230721723338
14	1	cdf	4	72	105.0	790.0	4.0	0.3554187828971647	175.76447392423952	77.91542788752712
14	1	cdf	4	74	67.5	252.0	4.0	0.2809850098905571	20.862660311877814	65.7322224588898
14	1	cdf	4	74	67.5	786.0	12.0	0.3328189802393267	-5.091103497690497	80.23012287567684
14	1	cdf	4	75	30.0	120.0	8.0	0.8157992764051397	-1.0369125068031213	107.22656032897045
14	1	cdf	4	75	30.0	252.0	18.0	0.455911034742421	148.5515783672587	96.32285672351368
14	1	cdf	4	79	172.5	912.0	14.0	0.20856718279192407	-75.41784641184054	85.84935410056471
14	1	cdf	4	81	135.0	568.0	18.0	0.08992956669325537	-104.79791938624868	53.926674398436894
14	1	cdf	4	82	75.0	112.0	14.0	0.15591417459695917	30.341330444769945	68.00136175525526
14	1	cdf	4	82	75.0	284.0	16.0	0.19148238055284053	-136.0429781291958	78.7135048792567
14	1	cdf	4	85	7.5	298.0	4.0	0.2874501717011677	-2.6173076111473135	59.041871566118544
14	1	cdf	4	85	7.5	496.0	14.0	0.3205234618956546	-93.52214173277635	67.62252642618942
14	1	cdf	4	86	52.5	810.0	4.0	0.2273055159828687	4.968613038664925	52.485524777071795
14	1	cdf	4	89	97.5	46.0	20.0	0.1252190505937302	-10.56514891696856	84.34974252373958
14	1	cdf	4	90	165.0	930.0	12.0	1.2784628441650436	111.45897627310401	129.4670657217458
14	1	cdf	4	92	45.0	426.0	20.0	0.15697368516855212	-131.1913181819623	80.16291712060975
14	1	cdf	5	93	67.5	434.0	6.0	0.49529162760985135	6.273031069421761	75.79351485833013
14	1	cdf	5	93	67.5	518.0	20.0	0.5391601918117567	-162.29225384478522	107.2292378573479
14	1	cdf	5	94	142.5	118.0	8.0	0.6235791892888035	-171.68053221922892	83.35266638208188
14	1	cdf	5	94	142.5	274.0	4.0	0.29779376838932403	23.026939991150826	62.549732191324885
14	1	cdf	5	94	142.5	554.0	16.0	0.09031332925152846	-177.9181576797668	65.3235103634161
14	1	cdf	5	95	150.0	98.0	18.0	0.6119672364851356	176.00319235769544	116.70813158974262
14	1	cdf	5	97	30.0	268.0	4.0	0.1847941620537944	-142.21995690519367	39.47200349233275
14	1	cdf	5	98	7.5	812.0	4.0	0.21889678042233293	-175.701070215406	47.059971088727046
14	1	cdf	5	100	60.0	98.0	6.0	0.5296410584913281	-169.1107306386725	86.54303825752594
14	1	cdf	5	100	60.0	284.0	4.0	0.2625993425942593	11.165991016830334	59.24257514605469
14	1	cdf	5	100	60.0	826.0	4.0	0.35973831165008424	173.97882078196886	76.84151258372172
14	1	cdf	5	102	120.0	78.0	18.0	0.34497326107098847	-71.98989913798358	102.40091674130593
14	1	cdf	5	103	172.5	604.0	4.0	0.22420486814786456	171.1596554110121	52.136360329339404
14	1	cdf	5	105	90.0	538.0	14.0	0.314446973227007	51.989803321702865	61.185734247267895
14	1	cdf	5	105	90.0	786.0	4.0	0.22000523432862182	172.71632687866924	48.42951858185144
14	1	cdf	5	106	15.0	818.0	18.0	0.0728684996304026	-144.16832283304467	65.07824063530225
14	1	cdf	5	108	135.0	58.0	4.0	0.22324216445623896	-1.684249466815697	48.986850716604714
14	1	cdf	5	109	52.5	258.0	18.0	0.12454689471492653	102.94330942230799	56.25662330329784
14	1	cdf	5	110	75.0	20.0	6.0	0.40359425755733697	127.58513240678482	61.69313924770845
14	1	cdf	5	110	75.0	530.0	4.0	0.3018716496505427	-47.194488474213514	64.89014259395718
14	1	cdf	5	111	165.0	10.0	6.0	0.4780763307479534	7.293399077223788	74.91006477697084
14	1	cdf	5	111	165.0	368.0	4.0	0.20074604988333986	4.2168923524212	41.185892527642594
14	1	cdf	5	113	127.5	552.0	20.0	0.10563082447730622	-43.10322385737854	63.89177663286032
14	1	cdf	6	116	22.5	322.0	16.0	0.10627754386133671	13.38775855368485	73.66975004070235
14	1	cdf	6	117	142.5	126.0	18.0	0.6396380407183911	7.960434498813478	106.62857829890373
14	1	cdf	6	117	142.5	212.0	26.0	0.8872262625071731	177.13834302529742	220.93566365561153
14	1	cdf	6	117	142.5	258.0	24.0	1.3832055719723106	2.7192487320080674	209.4432046367687
14	1	cdf	6	117	142.5	370.0	20.0	0.6198872148432134	-174.5332198543441	130.89733408871385
14	1	cdf	6	118	105.0	310.0	6.0	0.415689391445135	-7.712234100112407	62.662718366981665
14	1	cdf	6	120	67.5	400.0	4.0	0.22659049593231084	138.2373771363901	42.587059011689
14	1	cdf	6	122	97.5	570.0	4.0	0.30108398705229045	24.46614672296268	65.1355518944983
14	1	cdf	6	123	15.0	318.0	4.0	0.26547680944118784	22.916254006420903	57.79722120499917
14	1	cdf	6	124	37.5	16.0	4.0	0.2555166123648184	148.664289168215	58.34408617091301
14	1	cdf	6	124	37.5	862.0	4.0	0.2415247019606295	177.27414372807291	55.60778486553045
14	1	cdf	6	126	165.0	32.0	18.0	0.3284343765831835	-161.65833047937755	86.55239119163085
14	1	cdf	6	126	165.0	142.0	8.0	0.677702550836339	-8.912214261356096	89.68292076219645
14	1	cdf	6	126	165.0	350.0	4.0	0.26764432360835994	-177.89221749090095	56.88429477506681
14	1	cdf	6	127	45.0	14.0	4.0	0.25429746517491675	-113.58815394995915	73.09262635729745
14	1	cdf	6	127	45.0	106.0	8.0	0.721995051267719	-133.71125207981927	93.32177919328045
14	1	cdf	6	127	45.0	334.0	4.0	0.29161315424195255	-174.83492436723574	64.47600559638535
14	1	cdf	6	128	60.0	4.0	4.0	0.26948075865217047	-3.1412261285740084	72.89320330940677
14	1	cdf	6	128	60.0	970.0	18.0	0.11870730649574691	49.47620357467413	54.075682844759115
14	1	cdf	6	129	75.0	330.0	4.0	0.3187600422976599	-157.9286139719378	67.43895562715582
14	1	cdf	6	129	75.0	518.0	14.0	0.11426524549429988	125.06482872679155	68.19398763137019
14	1	cdf	6	130	90.0	70.0	22.0	0.3594144632869409	-29.837935315170157	129.27744888003016
14	1	cdf	6	130	90.0	290.0	18.0	0.13599853421392974	-138.43093043723192	56.45460761626401
14	1	cdf	6	130	90.0	722.0	4.0	0.22184434371395245	158.75163170888075	51.547884558880305
14	1	cdf	6	131	157.5	628.0	4.0	0.27149158655298994	-13.274399174697274	58.08643928818199
14	1	cdf	6	131	157.5	908.0	4.0	0.2168654079231808	177.3987025236546	48.565262653135896
14	1	cdf	6	132	135.0	330.0	14.0	0.07386100882124576	91.27322258476576	60.61124458112502
14	1	cdf	6	132	135.0	904.0	22.0	0.3291515750391657	172.84035860899667	128.47617807334953
14	1	cdf	6	132	135.0	954.0	20.0	0.48363681392381985	3.8906411351713794	87.8865507454161
14	1	cdf	6	133	120.0	136.0	8.0	0.705770030575783	178.66794777953842	92.59270687629532
14	1	cdf	6	135	30.0	542.0	8.0	0.4923577487805143	-166.70683814915552	66.56977313218874
14	1	cdf	6	137	7.5	132.0	8.0	0.4847531497567833	-168.0839855110421	62.12700959867274
14	1	cdf	6	137	7.5	328.0	18.0	0.2311949716216894	-96.52194485178558	60.3056794762332
14	1	cdf	7	139	97.5	346.0	20.0	0.10675368659714854	-133.7659803257031	78.90888445412297
14	1	cdf	7	142	142.5	298.0	16.0	0.21625094295691993	-41.29692656863892	76.97204759209176
14	1	cdf	7	142	142.5	528.0	22.0	0.17252665966982805	-122.18516425025881	84.5729101881327
14	1	cdf	7	142	142.5	952.0	8.0	0.7940514638376217	48.43369469941194	106.24977282494979
14	1	cdf	7	143	120.0	124.0	22.0	0.18411000336221198	-143.3485749260746	86.97916269806878
14	1	cdf	7	143	120.0	844.0	18.0	0.003281354753352117	90.0	62.134331712936834
14	1	cdf	7	147	22.5	238.0	4.0	0.29679560635254765	-158.2657513486918	66.60047571340614
14	1	cdf	7	147	22.5	714.0	20.0	0.31524991109526507	178.21117134701254	98.51311810726594
14	1	cdf	7	148	165.0	62.0	22.0	0.8618516210013999	-146.49223219931392	126.28554004707463
14	1	cdf	7	148	165.0	278.0	6.0	0.4778336403187747	15.938817699666817	74.17504764697365
14	1	cdf	7	150	67.5	326.0	18.0	0.07058495416705275	1.3320250481219393	74.01432421530521
14	1	cdf	7	151	172.5	524.0	22.0	0.05826860699007855	32.337213668955386	83.26908099149814
14	1	cdf	7	151	172.5	882.0	18.0	0.0987981606925895	-32.09660704893136	69.09354330604232
14	1	cdf	7	152	127.5	268.0	4.0	0.2475922532828685	-33.36930438459608	52.42968945411753
14	1	cdf	7	152	127.5	762.0	4.0	0.26293665739596095	172.8316665497094	54.24430400298125
14	1	cdf	7	153	112.5	418.0	16.0	0.024615049359412108	143.1396222466667	80.38632699450619
14	1	cdf	7	154	7.5	316.0	16.0	0.11326750792499808	128.53811975610128	70.34503083803376
14	1	cdf	7	154	7.5	612.0	18.0	0.4139662081003733	27.369056424166473	72.31078882903148
14	1	cdf	7	154	7.5	826.0	16.0	0.2321238075926445	167.34253722682098	70.29443603309134
14	1	cdf	7	155	82.5	668.0	4.0	0.2854418433715224	174.06173936487184	58.480411521335974
14	1	cdf	7	156	135.0	132.0	4.0	0.2591461958186011	-28.332697282268132	53.696312646087115
14	1	cdf	7	156	135.0	402.0	4.0	0.24343742228428986	-172.2551738780256	48.86489748980142
14	1	cdf	7	157	45.0	932.0	6.0	0.4568873949740097	-165.87029065771182	69.84163682230374
14	1	cdf	7	158	157.5	328.0	6.0	0.5085626211340468	-17.842113451237665	86.04041160678484
14	1	cdf	7	159	15.0	266.0	20.0	0.12196309108714469	146.53746635719656	59.50225990668201
14	1	cdf	7	159	15.0	656.0	4.0	0.2579458584246068	165.26222234087052	53.90197462704993
14	1	cdf	7	160	90.0	830.0	6.0	0.45790819193476584	-0.2052946063321332	72.95530388863892
14	1	cdf	7	160	90.0	948.0	6.0	0.4090962990981053	-169.36943257038251	65.52645779594779
14	1	cdf	7	161	105.0	320.0	16.0	0.1513486541854478	-9.357181713942028	67.59813973061658
14	1	cdf	8	163	105.0	890.0	22.0	1.8443881753930942	141.0215515439733	199.4234509896325
14	1	cdf	8	166	60.0	172.0	4.0	0.27119703685927465	-66.83754466715511	57.25405886720206
14	1	cdf	8	167	37.5	76.0	20.0	0.2762408298005223	-165.55596263805762	69.22553334495913
14	1	cdf	8	167	37.5	584.0	4.0	0.3549477377569905	177.08585045274046	72.19047014930142
14	1	cdf	8	169	135.0	508.0	4.0	0.3208324137261458	-165.18847616921693	66.9674119174045
14	1	cdf	8	172	172.5	4.0	14.0	0.2827647036162009	31.444467333215965	135.66143681083787
14	1	cdf	8	173	90.0	246.0	4.0	0.305269385078409	-163.13153601308196	63.936186741257714
14	1	cdf	8	174	157.5	530.0	14.0	0.08219141303497597	-176.56747867382379	71.78793543143708
14	1	cdf	8	175	150.0	684.0	4.0	0.22513511905544184	-7.536821152009123	50.638205493501225
14	1	cdf	8	177	82.5	6.0	6.0	0.4851393767301583	171.05393001729388	83.71142545067731
14	1	cdf	8	182	7.5	306.0	6.0	0.4208072547305604	-41.514914298129256	76.43551083569321
14	1	cdf	8	182	7.5	884.0	14.0	0.14012399917954146	-161.5685623279897	81.53445774641999
14	1	cdf	8	183	52.5	946.0	4.0	0.2347319517950023	1.2013403901945452	53.064450343250336
14	1	cdf	8	184	142.5	50.0	4.0	0.4193108552454691	50.358545505279416	81.46431448490934
14	2	inverse_cdf	1	1	157.5	336.0	6.0	0.6076604719589466	-18.08060425753284	89.36657311759862
14	2	inverse_cdf	1	3	37.5	104.0	4.0	0.25065744322396927	18.306112581338322	59.59032169292352
14	2	inverse_cdf	1	5	7.5	664.0	16.0	0.2456161746950249	-5.363363656404828	99.74266832469063
14	2	inverse_cdf	1	5	7.5	780.0	4.0	0.43204078849445793	74.57841177245808	93.51309785274458
14	2	inverse_cdf	1	5	7.5	980.0	4.0	0.23198034875864662	-175.9456455837327	54.89612013674871
14	2	inverse_cdf	1	7	165.0	698.0	18.0	0.38511930932271954	63.96261217309613	75.58258142413405
14	2	inverse_cdf	1	11	90.0	656.0	20.0	0.560693408845442	-152.84941412179907	162.0324784109195
14	2	inverse_cdf	1	11	90.0	808.0	8.0	0.6275826291179339	-15.769374308764881	82.43958154069581
14	2	inverse_cdf	1	12	120.0	952.0	4.0	0.27128479761071994	-3.4648845679861004	63.48367520927466
14	2	inverse_cdf	1	13	52.5	674.0	16.0	0.10011991862982747	71.85243785247792	76.18078119744031
14	2	inverse_cdf	1	13	52.5	784.0	4.0	0.4327615868087767	56.8983078905579	93.08535118910245
14	2	inverse_cdf	1	14	105.0	30.0	18.0	0.5030660367965716	-114.47808373671519	128.32390967670034
14	2	inverse_cdf	1	14	105.0	340.0	6.0	0.5153300554927026	179.81764729554018	84.85042178286018
14	2	inverse_cdf	1	22	60.0	740.0	18.0	0.11880894031458314	54.5363423595579	93.2817265942404
14	2	inverse_cdf	1	22	60.0	988.0	6.0	0.34714981629371067	-13.109590931806357	58.76221897819311
14	2	inverse_cdf	2	25	60.0	146.0	22.0	0.3167838013489426	-1.1861752844019031	126.77504362353955
14	2	inverse_cdf	2	25	60.0	226.0	66.0	0.47190297613545273	31.175754064617546	212.185498234094
14	2	inverse_cdf	2	25	60.0	404.0	20.0	0.665866547587145	-157.56207607820886	152.22427056033317
14	2	inverse_cdf	2	28	30.0	766.0	18.0	0.1651994532120957	166.79973596064127	122.4137086397454
14	2	inverse_cdf	2	28	30.0	942.0	20.0	0.05948578743887196	-24.428730164611938	114.6491961705317
14	2	inverse_cdf	2	30	52.5	280.0	4.0	0.371852024215407	-159.34017457070183	77.63502242401644
14	2	inverse_cdf	2	30	52.5	596.0	16.0	0.08471279435197161	-148.48297184531256	67.42523661627118
14	2	inverse_cdf	2	31	37.5	518.0	16.0	0.172806258416378	-149.79812716646353	84.26632204043482
14	2	inverse_cdf	2	31	37.5	656.0	18.0	0.6506470521120882	-12.521970837129345	127.86111903873723
14	2	inverse_cdf	2	31	37.5	782.0	4.0	0.45445242209106834	-138.38199131159405	93.0467270444498
14	2	inverse_cdf	2	33	172.5	62.0	22.0	0.3956422321314436	-154.72509756805385	126.24984783637875
14	2	inverse_cdf	2	35	120.0	268.0	14.0	0.32889504382158674	-123.63247655782841	86.96611777724512
14	2	inverse_cdf	2	37	165.0	80.0	14.0	0.36251534011231284	-103.34960292638156	79.60876951171042
14	2	inverse_cdf	2	37	165.0	894.0	8.0	0.5988067012674348	15.252526444945431	78.15169307804997
14	2	inverse_cdf	2	41	97.5	818.0	20.0	0.4300191308967997	-11.216640887494068	91.97389051214729
14	2	inverse_cdf	2	41	97.5	952.0	16.0	0.05341714518438218	137.5103428573454	95.69026657582627
14	2	inverse_cdf	2	45	15.0	26.0	22.0	0.25118020688574405	170.60608854840362	90.81869524199134
14	2	inverse_cdf	2	46	150.0	218.0	4.0	0.5116384169986832	83.55351329202759	105.50127828622341
14	2	inverse_cdf	2	46	150.0	540.0	4.0	0.29346314464416906	-174.54805860063058	62.98185037079355
14	2	inverse_cdf	3	47	90.0	312.0	14.0	0.31069850269959415	-40.488515302487826	89.71715024720784
14	2	inverse_cdf	3	48	142.5	266.0	20.0	0.25120679823125064	-99.77900954650379	83.52897188368097
14	2	inverse_cdf	3	49	60.0	582.0	22.0	0.48652419462131324	3.0924551226753496	101.81645471050103
14	2	inverse_cdf	3	49	60.0	634.0	22.0	0.8912292410293172	-168.42777036851277	220.74567751608555
14	2	inverse_cdf	3	49	60.0	696.0	20.0	0.26849564293814415	4.906224957600033	79.04323254379842
14	2	inverse_cdf	3	50	37.5	4.0	8.0	0.8938257217243455	-7.590146362668672	122.61109143522057
14	2	inverse_cdf	3	50	37.5	534.0	22.0	0.21017752116003172	-73.67376677385153	92.49092002439575
14	2	inverse_cdf	3	50	37.5	728.0	4.0	0.30901538915272003	-6.704354908521322	69.7903223400701
14	2	inverse_cdf	3	51	150.0	10.0	16.0	0.30415626075059543	-126.0258426161874	122.20730854805848
14	2	inverse_cdf	3	51	150.0	532.0	4.0	0.3469916531850471	8.699293848983304	74.2928149931369
14	2	inverse_cdf	3	56	75.0	78.0	6.0	0.5555456978061791	-12.095946587931873	89.82911021073596
14	2	inverse_cdf	3	56	75.0	850.0	24.0	1.30729572826477	20.72742799628772	137.7931863315377
14	2	inverse_cdf	3	59	82.5	836.0	4.0	0.25560704277705204	12.603583982800444	59.2655513950591
14	2	inverse_cdf	3	61	135.0	306.0	6.0	0.3145007280416387	18.23743822334128	61.30791073594115
14	2	inverse_cdf	3	63	105.0	520.0	4.0	0.29849384398855894	-171.78461269147436	67.33567897447207
14	2	inverse_cdf	3	64	172.5	554.0	4.0	0.275507149369181	-169.36817331175973	61.53736707601982
14	2	inverse_cdf	4	70	82.5	312.0	18.0	0.16311162324406914	-77.21445690030788	82.09678063568603
14	2	inverse_cdf	4	73	135.0	252.0	32.0	0.40129090475148776	-123.5112349028978	198.58975744061513
14	2	inverse_cdf	4	73	135.0	876.0	6.0	0.781714866074895	79.23064761868974	111.37344100318748
14	2	inverse_cdf	4	75	60.0	64.0	20.0	0.4174752156818041	-77.05062265331925	101.52237247539684
14	2	inverse_cdf	4	75	60.0	744.0	4.0	0.25953474428079165	162.71730064939166	69.33884036332434
14	2	inverse_cdf	4	76	150.0	4.0	18.0	0.7106236727017372	170.43628243020456	156.85389134930728
14	2	inverse_cdf	4	76	150.0	72.0	26.0	0.454945586368278	2.2723707493131484	113.8646880703319
14	2	inverse_cdf	4	81	165.0	558.0	20.0	0.06208652244539887	77.7909498692223	87.5390997046216
14	2	inverse_cdf	4	82	120.0	88.0	38.0	12.308267231280931	-25.221348841377615	454.19979583622023
14	2	inverse_cdf	4	82	120.0	738.0	16.0	0.41453323368632145	-171.8084683787949	113.51639220761675
14	2	inverse_cdf	4	84	45.0	62.0	6.0	0.7303060302004	-22.869935309339013	107.22251870460791
14	2	inverse_cdf	4	84	45.0	110.0	8.0	0.5855718357732934	-169.6712105091267	72.9245097197102
14	2	inverse_cdf	4	84	45.0	388.0	18.0	0.20239610747363412	8.388980762561477	68.5870530739853
14	2	inverse_cdf	4	84	45.0	546.0	4.0	0.3779720187525032	27.104936008917033	77.5616739762354
14	2	inverse_cdf	4	86	7.5	544.0	4.0	0.3396403735408022	12.54843175159985	74.71931091454378
14	2	inverse_cdf	4	86	7.5	762.0	4.0	0.3451940671894928	140.80176593055822	84.16116333690847
14	2	inverse_cdf	4	91	127.5	122.0	6.0	0.60199122679765	-167.41175375582696	96.6674233498119
14	2	inverse_cdf	5	93	15.0	550.0	4.0	0.3546934329569264	-1.8553055686199877	74.12161928200824
14	2	inverse_cdf	5	98	67.5	634.0	6.0	0.36659565491178775	166.28259167505203	59.68111047049817
14	2	inverse_cdf	5	105	60.0	768.0	18.0	0.42448759908379596	-80.20510368920156	95.75169030616019
14	2	inverse_cdf	5	106	97.5	108.0	6.0	0.4480160811481108	-162.9651615872109	67.78186096162122
14	2	inverse_cdf	5	106	97.5	242.0	6.0	0.5402772488787436	1.9133891034602366	92.95294686621402
14	2	inverse_cdf	5	108	52.5	42.0	16.0	0.38280428088879276	174.09857825013478	131.16773047821113
14	2	inverse_cdf	5	108	52.5	374.0	4.0	0.3459086726512534	-155.6416397382172	69.95017460517646
14	2	inverse_cdf	5	109	150.0	922.0	20.0	0.27507736805883154	35.7612796853137	81.18040180313031
14	2	inverse_cdf	5	111	82.5	100.0	4.0	0.49960155843020715	72.21048618975709	100.5268291960061
14	2	inverse_cdf	5	114	112.5	634.0	18.0	0.036860425625412876	-57.70208618436153	86.17056585810883
14	2	inverse_cdf	5	114	112.5	824.0	4.0	0.37306006654674584	-138.4101065094209	76.60374909034363
14	2	inverse_cdf	6	117	165.0	284.0	14.0	0.051371113725088964	-26.54470214801887	65.29099094866669
14	2	inverse_cdf	6	118	112.5	230.0	6.0	0.5220024098775129	-145.78239456026486	87.81896141780562
14	2	inverse_cdf	6	120	97.5	938.0	6.0	0.7739617320971343	81.09446896544347	128.4322138080898
14	2	inverse_cdf	6	122	150.0	756.0	6.0	0.42293516756903543	24.76075836480645	66.44320989934172
14	2	inverse_cdf	6	128	15.0	276.0	4.0	0.35506656760957594	-23.114373928469323	77.03505367567212
14	2	inverse_cdf	6	133	37.5	884.0	6.0	0.48978737835499764	3.0716829059929665	74.5590933024299
14	2	inverse_cdf	6	135	82.5	880.0	10.0	1.3199870255146597	106.54261153598426	147.281999634589
14	2	inverse_cdf	6	136	52.5	20.0	4.0	0.2968634137286065	115.89642715647867	74.57628723257304
14	2	inverse_cdf	6	136	52.5	264.0	4.0	0.3742173280202407	178.99592008757583	77.90778400015182
14	2	inverse_cdf	6	136	52.5	546.0	20.0	0.6083396218352657	-3.3994072049550526	96.30067685327404
14	2	inverse_cdf	6	136	52.5	596.0	26.0	0.8095434684511656	-178.14258083527082	178.7914352266947
14	2	inverse_cdf	6	136	52.5	730.0	6.0	0.6306175541998825	-10.336548598378792	103.4133817577585
14	2	inverse_cdf	6	137	45.0	64.0	18.0	0.42081793194332573	167.16829127623222	93.77798246429121
14	2	inverse_cdf	7	140	135.0	90.0	20.0	0.5250197846143745	-7.715793988915012	98.0660214132836
14	2	inverse_cdf	7	140	135.0	220.0	20.0	0.7615379150777987	-144.76514888229053	103.0869806413271
14	2	inverse_cdf	7	141	97.5	48.0	36.0	0.4123234791653448	11.703439921377585	90.43608386089844
14	2	inverse_cdf	7	141	97.5	530.0	4.0	0.3217200497793837	0.8761463686141359	63.59623041655552
14	2	inverse_cdf	7	141	97.5	946.0	6.0	0.45083106745666524	148.408188956505	80.97636937603727
14	2	inverse_cdf	7	145	67.5	22.0	4.0	0.2774125474703554	1.0159823573832167	66.06317109856776
14	2	inverse_cdf	7	151	75.0	110.0	4.0	0.27632086781162774	-176.25528198681454	62.66625400944674
14	2	inverse_cdf	7	151	75.0	478.0	6.0	0.4270607799663959	-2.4221223791275435	75.36087439323856
14	2	inverse_cdf	7	151	75.0	532.0	8.0	0.7169876932553468	163.10701148694358	95.93104557092079
14	2	inverse_cdf	7	151	75.0	624.0	4.0	0.33177932835068635	25.79882150106309	70.6597956506328
14	2	inverse_cdf	7	155	157.5	748.0	16.0	0.15350942350391772	6.134652912952239	96.98482720113354
14	2	inverse_cdf	7	155	157.5	914.0	4.0	0.3477903896878302	-170.49642837637396	75.43959567866355
14	2	inverse_cdf	7	157	82.5	798.0	20.0	0.6903820371069099	-141.67602971633553	112.15352176936865
14	2	inverse_cdf	7	157	82.5	856.0	24.0	0.31243212728427056	-18.043255071422685	112.98661234341354
14	2	inverse_cdf	7	160	45.0	844.0	14.0	0.2230656009680685	-90.0	66.52327746654939
14	2	inverse_cdf	7	161	60.0	312.0	14.0	0.3216368084114469	-73.39626820097	62.824604351514665
14	2	inverse_cdf	7	161	60.0	768.0	18.0	0.32154564580590933	168.5250506760677	86.79056800205267
14	2	inverse_cdf	8	164	45.0	34.0	24.0	0.6888707511386205	15.744705908496519	149.5331787425853
14	2	inverse_cdf	8	166	15.0	382.0	4.0	0.4429126566062539	-11.964009069232553	93.60699790852418
14	2	inverse_cdf	8	166	15.0	958.0	4.0	0.38186230674268323	-94.93134649357556	88.68580113121658
14	2	inverse_cdf	8	168	30.0	232.0	4.0	0.3886499399871688	146.7368324856641	81.10766108734461
14	2	inverse_cdf	8	171	150.0	356.0	4.0	0.241719138481158	3.5003322744823713	52.79886580108123
14	2	inverse_cdf	8	171	150.0	672.0	4.0	0.34183163476662093	-6.333864054778339	72.2166272891341
14	2	inverse_cdf	8	172	7.5	106.0	6.0	0.7090240503007965	-179.33728193423178	112.92548978705565
14	2	inverse_cdf	8	172	7.5	254.0	6.0	0.5848881565054206	20.863346595748173	92.65554440338019
14	2	inverse_cdf	8	173	165.0	74.0	8.0	0.49767180716649856	-177.73427017808703	66.1927424090985
14	2	inverse_cdf	8	174	75.0	308.0	4.0	0.299053745774282	-173.38842533601405	67.83900709960834
14	2	inverse_cdf	8	176	67.5	98.0	48.0	2.868888316839035	64.88332410931642	209.85155980282974
14	2	inverse_cdf	8	176	67.5	264.0	24.0	1.941267682200963	-116.56552754278283	261.74220186695106
14	2	inverse_cdf	8	177	157.5	16.0	4.0	0.3177335137426758	12.5192127591325	69.91051409326298
14	2	inverse_cdf	8	180	52.5	728.0	18.0	0.3034307859240491	72.04240074054137	89.24124831251316
14	2	inverse_cdf	8	180	52.5	874.0	18.0	0.37429579939253005	-41.424963804537356	104.62956422061029
14	2	inverse_cdf	8	180	52.5	916.0	8.0	0.5384929537074351	168.04909133777758	72.89196204535025
14	2	inverse_cdf	8	181	105.0	538.0	4.0	0.2906811807682588	17.40231674791571	61.13531459334043
15	1	inverse_cdf	1	2	15.0	572.0	30.0	0.18026530581368175	-10.48083998060991	90.38081188369777
15	1	inverse_cdf	1	3	135.0	542.0	16.0	0.09089602974061073	97.26133389476968	53.409701851656315
15	1	inverse_cdf	1	4	22.5	690.0	32.0	0.126830527358528	169.5711257602711	97.17367538047407
15	1	inverse_cdf	1	5	45.0	678.0	34.0	0.1456267185773257	33.4876628501463	121.36946905032933
15	1	inverse_cdf	1	8	82.5	600.0	28.0	0.1827396402484065	-153.91564457073858	74.59802933050392
15	1	inverse_cdf	1	13	105.0	958.0	24.0	0.49973349817816554	157.84276798592637	127.6163781319475
15	1	inverse_cdf	1	15	75.0	984.0	10.0	0.8720911668911079	174.49640109725772	106.36266433012065
15	1	inverse_cdf	1	18	165.0	758.0	18.0	0.2935497413600811	147.59317272140612	60.73506146099347
15	1	inverse_cdf	1	21	157.5	58.0	18.0	0.2911430419442566	85.47357677578458	46.669662092364106
15	1	inverse_cdf	1	23	142.5	804.0	26.0	0.4530460127566029	141.4894014559353	110.0491559461337
15	1	inverse_cdf	2	25	142.5	552.0	26.0	0.1284204258218389	118.22061749361903	99.61546283576672
15	1	inverse_cdf	2	30	165.0	712.0	20.0	0.0887851029114692	64.83897496076663	50.29235392192231
15	1	inverse_cdf	2	34	135.0	554.0	20.0	0.2707593202721206	12.593223623936142	46.92148326478559
15	1	inverse_cdf	2	34	135.0	906.0	20.0	0.09400644635876548	96.01306357877651	68.8231161628379
15	1	inverse_cdf	2	37	90.0	984.0	12.0	0.75602813074156	175.14705521005862	83.15698577015588
15	1	inverse_cdf	2	38	45.0	116.0	22.0	0.030158146643534667	112.39304333807922	66.961615529424
15	1	inverse_cdf	2	42	22.5	552.0	40.0	0.32806299911279607	-17.14596230595107	111.23143884674616
15	1	inverse_cdf	2	45	75.0	960.0	30.0	0.25727685945617956	150.17597342856473	83.96835559288935
15	1	inverse_cdf	2	46	120.0	684.0	24.0	0.15051617825577676	119.38557598422787	100.12372837622944
15	1	inverse_cdf	3	49	165.0	558.0	20.0	0.2490466629785581	174.32987154566032	59.94718698476404
15	1	inverse_cdf	3	53	142.5	560.0	22.0	0.2249392973141167	-172.88141180080822	91.17646292223746
15	1	inverse_cdf	3	54	127.5	22.0	18.0	0.2584112299312165	-40.34388819918382	61.82027378425386
15	1	inverse_cdf	3	56	172.5	736.0	16.0	0.15330348869403468	-137.6224028305155	50.637315666932054
15	1	inverse_cdf	3	58	67.5	552.0	28.0	0.1880436465848014	113.67138449150056	47.33523586632359
15	1	inverse_cdf	3	59	112.5	928.0	16.0	0.27478024026905234	175.89302783301105	54.723505349048644
15	1	inverse_cdf	3	61	135.0	34.0	22.0	0.08739186451337577	39.64611000252992	85.50852142930924
15	1	inverse_cdf	3	62	97.5	800.0	4.0	0.20387023733324394	109.76254203922318	38.8293837814003
15	1	inverse_cdf	3	64	45.0	4.0	16.0	0.2300378992404104	-7.371793544195325	58.629472013755304
15	1	inverse_cdf	3	65	157.5	596.0	24.0	0.06728393586649913	87.20362927939067	100.00399190975526
15	1	inverse_cdf	3	66	7.5	120.0	20.0	0.22734060582022245	22.47303962012348	60.831348181896786
15	1	inverse_cdf	3	66	7.5	514.0	22.0	0.1650493792046769	-117.86388593054222	91.64175621356544
15	1	inverse_cdf	3	67	37.5	684.0	32.0	0.6113769777501724	176.92521712344262	123.2320095769464
15	1	inverse_cdf	3	67	37.5	816.0	18.0	0.36860639795764055	-14.953773890223399	77.25120162344331
15	1	inverse_cdf	3	68	52.5	604.0	28.0	0.17050504275659173	78.900647218407	86.57158084025934
15	1	inverse_cdf	3	69	22.5	92.0	20.0	0.10883485959695297	59.15566567398356	42.11428919094997
15	1	inverse_cdf	3	69	22.5	926.0	28.0	0.042633001495540335	-67.35790732183433	65.02806552519192
15	1	inverse_cdf	4	71	142.5	328.0	18.0	0.15914293429654514	-63.67456645566988	42.42049479257107
15	1	inverse_cdf	4	77	45.0	626.0	20.0	0.1416166317518433	4.650176743166744	76.90809121264856
15	1	inverse_cdf	4	80	165.0	952.0	4.0	0.10187664486909598	-177.23175928394008	23.010479307294666
15	1	inverse_cdf	4	81	105.0	308.0	20.0	0.10966690419054503	141.09929360474297	57.050880054006925
15	1	inverse_cdf	4	82	60.0	702.0	20.0	0.15420470897523075	16.68836656693595	70.02766570870372
15	1	inverse_cdf	4	85	37.5	48.0	20.0	0.13490421780173914	170.19977830551503	94.63167254054625
15	1	inverse_cdf	4	85	37.5	992.0	4.0	0.18371367255958027	-18.747123772280673	53.03000653590136
15	1	inverse_cdf	4	88	157.5	668.0	24.0	0.20521060485190787	129.1840201890452	75.85239181590276
15	1	inverse_cdf	4	89	7.5	390.0	20.0	0.11976490008214845	126.10558495417906	75.0995485480797
15	1	inverse_cdf	4	90	82.5	352.0	20.0	0.1241043917460576	-97.59959735669703	59.30803207902326
15	1	inverse_cdf	4	91	112.5	628.0	16.0	0.14781952643975887	-22.851196157781743	50.66888849271651
15	1	inverse_cdf	4	92	30.0	910.0	30.0	0.08782297645927649	122.81738241959275	65.01072440775083
15	1	inverse_cdf	5	94	75.0	700.0	20.0	0.4578416504887145	-26.814621298423642	76.27799564460278
15	1	inverse_cdf	5	94	75.0	950.0	22.0	0.23202886585778731	165.68465158095026	58.60936197404645
15	1	inverse_cdf	5	95	112.5	572.0	26.0	0.3344065507152015	-159.62421402602664	74.28862262831619
15	1	inverse_cdf	5	95	112.5	750.0	8.0	0.43160114413152095	-23.03681176200667	58.699724703617996
15	1	inverse_cdf	5	99	52.5	930.0	8.0	0.34048799211817066	3.8661703565898504	45.13617477595528
15	1	inverse_cdf	5	107	30.0	656.0	32.0	0.15294865030081958	125.4133815659109	139.69397623299736
15	1	inverse_cdf	5	111	165.0	580.0	28.0	0.4214293150482508	-4.464700650800324	99.84605067573506
15	1	inverse_cdf	5	111	165.0	890.0	24.0	0.31460442741142786	-136.91648615114372	71.60711787919541
15	1	inverse_cdf	5	112	82.5	160.0	34.0	0.6460841566211882	163.78745822655665	136.91641070665824
15	1	inverse_cdf	5	112	82.5	308.0	20.0	0.5238159458883082	-1.7940543321641287	86.86899317621963
15	1	inverse_cdf	5	113	67.5	654.0	4.0	0.09881800851570036	175.23894691436314	21.93537991293935
15	1	inverse_cdf	5	115	37.5	4.0	22.0	0.14620390764575064	-134.10700443613862	105.8600767392471
15	1	inverse_cdf	5	115	37.5	844.0	32.0	0.2036127623563989	-1.8468363688261544	92.95587940838323
15	1	inverse_cdf	6	116	75.0	876.0	20.0	0.3150295038254571	174.32350703847575	88.22609724091392
15	1	inverse_cdf	6	118	7.5	370.0	22.0	0.2924354711062389	2.571530279483292	72.18615674085919
15	1	inverse_cdf	6	118	7.5	746.0	22.0	0.28832404962457	-157.24435775360647	71.50208197505049
15	1	inverse_cdf	6	120	105.0	588.0	20.0	0.25147047949934853	9.763165204211761	55.51271700402223
15	1	inverse_cdf	6	120	105.0	928.0	34.0	0.5640146300571172	165.68928092184356	122.29694111972454
15	1	inverse_cdf	6	121	150.0	522.0	24.0	0.10181113813643616	178.15431452876544	52.88489675423549
15	1	inverse_cdf	6	122	90.0	342.0	14.0	0.11608991837499733	-47.26712929662672	47.12539344115414
15	1	inverse_cdf	6	122	90.0	624.0	26.0	0.15244181644752441	-165.67739218321793	78.56748306181049
15	1	inverse_cdf	6	123	82.5	640.0	16.0	0.05746834930815464	-1.6347815180984349	34.798778207618035
15	1	inverse_cdf	6	125	120.0	114.0	4.0	0.1378757381122551	0.6812924812526628	28.046534896019605
15	1	inverse_cdf	6	125	120.0	792.0	26.0	0.2754976267495644	15.18132121315935	96.03764829425889
15	1	inverse_cdf	6	125	120.0	976.0	18.0	0.3353965111085989	-176.63655819939427	65.59500999534279
15	1	inverse_cdf	6	126	22.5	438.0	30.0	0.18986608973273342	165.50014484566927	93.63975735257759
15	1	inverse_cdf	6	127	112.5	334.0	20.0	0.17892884650458782	178.9496577486549	52.028358720084604
15	1	inverse_cdf	6	129	157.5	884.0	20.0	0.09176586540083435	114.28972538747357	56.69086420326261
15	1	inverse_cdf	6	130	97.5	574.0	16.0	0.03951066235682351	131.6533749736574	36.730821499501
15	1	inverse_cdf	6	131	60.0	962.0	22.0	0.13816115191809442	47.38030046523431	91.43312469875035
15	1	inverse_cdf	6	132	52.5	42.0	26.0	0.0909663952913096	-124.00917578160013	99.29093900243645
15	1	inverse_cdf	6	134	135.0	410.0	20.0	0.30069049043740187	-6.574951218692309	78.09804120892319
15	1	inverse_cdf	6	134	135.0	604.0	20.0	0.251199374089235	-170.60903347258696	59.30061916015146
15	1	inverse_cdf	6	136	67.5	122.0	20.0	0.3779391326562319	152.9014602046761	76.66070928692224
15	1	inverse_cdf	6	136	67.5	398.0	20.0	0.3077769435552927	-19.287488915259576	73.04841215558162
15	1	inverse_cdf	6	136	67.5	754.0	20.0	0.08364437338841349	48.15240130209645	70.95246549414482
15	1	inverse_cdf	6	137	127.5	90.0	20.0	0.2753133519563689	-5.468809498027459	47.01414356582
15	1	inverse_cdf	6	137	127.5	862.0	4.0	0.22677327565524705	142.07640701493222	44.0800287956874
15	1	inverse_cdf	6	138	45.0	514.0	18.0	0.1255073256946775	-61.063305068578515	47.52100345140025
15	1	inverse_cdf	6	138	45.0	818.0	30.0	0.04593687400363961	87.952447413427	88.54035487864506
15	1	inverse_cdf	7	139	60.0	664.0	8.0	0.3725715122857419	-0.2522257196657869	49.12434162570094
15	1	inverse_cdf	7	139	60.0	980.0	10.0	0.5379485337283325	-174.04982851666773	63.664050259026084
15	1	inverse_cdf	7	140	105.0	752.0	32.0	0.18223134922244696	-136.84688610087136	91.4091748919477
15	1	inverse_cdf	7	142	142.5	106.0	18.0	0.0944101126281607	-72.81069059965768	24.008098505079023
15	1	inverse_cdf	7	142	142.5	680.0	28.0	0.1636979343738283	79.01809298368802	48.5894434079849
15	1	inverse_cdf	7	143	135.0	946.0	24.0	0.12350412013236452	100.7223294622233	51.33757171038217
15	1	inverse_cdf	7	144	15.0	390.0	24.0	0.15032269721314664	-169.31346414558743	87.60523398170045
15	1	inverse_cdf	7	144	15.0	938.0	18.0	0.09184423919610253	-138.63830560951442	49.3660892982121
15	1	inverse_cdf	7	147	52.5	146.0	28.0	0.23745895488964802	171.25862542287564	71.24541900593947
15	1	inverse_cdf	7	148	67.5	612.0	20.0	0.023664287830456134	33.66688419816663	77.16687635654061
15	1	inverse_cdf	7	149	150.0	600.0	20.0	0.17279494032253787	109.99495653306822	98.80550222487561
15	1	inverse_cdf	7	150	172.5	50.0	20.0	0.4492556410973832	-20.73434926729699	116.42896001153412
15	1	inverse_cdf	7	150	172.5	238.0	20.0	0.23908385732185866	174.4902041492739	62.24496883605903
15	1	inverse_cdf	7	150	172.5	654.0	20.0	0.24263669755477482	23.080694319633796	96.96740344179842
15	1	inverse_cdf	7	150	172.5	952.0	18.0	0.20569062345194414	175.8853306555173	63.90913791482513
15	1	inverse_cdf	7	151	90.0	684.0	76.0	0.30597898570456955	-170.74493628507912	98.02924428519123
15	1	inverse_cdf	7	151	90.0	830.0	20.0	0.6026458763248516	-6.250388207460048	90.70515491561797
15	1	inverse_cdf	7	152	120.0	596.0	16.0	0.19366403864348192	16.73559612650114	46.928225931782585
15	1	inverse_cdf	7	152	120.0	976.0	18.0	0.7353091860248512	163.67503287389738	97.23511757642947
15	1	inverse_cdf	7	153	75.0	4.0	14.0	0.4251491640806179	-13.384520565878114	102.19940319465947
15	1	inverse_cdf	7	153	75.0	984.0	6.0	0.24598326345451307	148.65591878992214	37.64373591784251
15	1	inverse_cdf	7	154	165.0	544.0	34.0	0.2534003151742625	163.45385876751024	101.54337944711627
15	1	inverse_cdf	7	155	157.5	78.0	8.0	0.30067218474197815	12.283340903437853	38.09424069055615
15	1	inverse_cdf	7	155	157.5	394.0	22.0	0.30677798848700977	-145.4780130439472	110.46952645481196
15	1	inverse_cdf	7	155	157.5	852.0	20.0	0.2947107913244942	45.88176304210453	63.7610654111612
15	1	inverse_cdf	7	156	112.5	902.0	34.0	0.24727647109643044	136.8949833234322	87.47745412509754
15	1	inverse_cdf	7	157	22.5	4.0	20.0	0.5120381005814947	9.216433255134934	78.61002934654293
15	1	inverse_cdf	7	157	22.5	168.0	20.0	0.45351203183257666	5.605018932432993	90.48119984447762
15	1	inverse_cdf	7	157	22.5	560.0	18.0	0.22851211574077845	176.70729769588894	58.81695006536821
15	1	inverse_cdf	7	157	22.5	934.0	14.0	0.15452050366038383	-22.474445702016027	47.21947384990869
15	1	inverse_cdf	7	158	45.0	774.0	34.0	0.04562446536820484	-142.31786795738185	82.33670686250211
15	1	inverse_cdf	7	161	37.5	92.0	22.0	0.1920558142110955	49.49767013310956	108.04357083675866
15	1	inverse_cdf	7	161	37.5	882.0	22.0	0.08635047059131933	-8.74448220830004	41.37620709235949
15	1	inverse_cdf	8	162	52.5	634.0	18.0	0.022074337029285098	138.03258638223622	48.545004905493656
15	1	inverse_cdf	8	163	172.5	68.0	22.0	0.44357725192164255	-2.5434210838991147	66.74860196906842
15	1	inverse_cdf	8	163	172.5	520.0	22.0	0.11224894163439897	-74.74040339424434	76.86443759217245
15	1	inverse_cdf	8	163	172.5	954.0	20.0	0.2549041125613676	113.93158819213816	73.13481908007348
15	1	inverse_cdf	8	164	112.5	140.0	4.0	0.0904449261295515	11.506685698119943	18.864526437820167
15	1	inverse_cdf	8	165	150.0	726.0	18.0	0.18913210394439856	141.35376894071626	54.07545133184211
15	1	inverse_cdf	8	166	135.0	110.0	34.0	0.24789624840607286	130.4541281317056	102.10168378649136
15	1	inverse_cdf	8	168	127.5	432.0	14.0	0.06941848842744831	6.787205174359951	33.60878154611702
15	1	inverse_cdf	8	168	127.5	984.0	8.0	0.44707272037240586	-176.8448947082363	59.62895716148872
15	1	inverse_cdf	8	169	37.5	444.0	16.0	0.07876730239576327	88.80603597713653	31.227520094152244
15	1	inverse_cdf	8	170	60.0	534.0	18.0	0.05516550553001341	-30.36750025589173	55.262504081629686
15	1	inverse_cdf	8	171	15.0	82.0	18.0	0.17553169074496375	138.41972820273682	45.7878501601926
15	1	inverse_cdf	8	172	90.0	4.0	6.0	0.2332961500419475	172.72751652289736	38.403689812434294
15	1	inverse_cdf	8	172	90.0	902.0	16.0	0.035502213481557326	146.31879800532255	33.769371090510006
15	1	inverse_cdf	8	173	142.5	144.0	32.0	0.3153681882533291	-173.73054409650607	87.59910111998603
15	1	inverse_cdf	8	173	142.5	536.0	16.0	0.1834939594081133	35.51698488722241	43.58878288732761
15	1	inverse_cdf	8	174	75.0	548.0	18.0	0.2158022136186147	133.79625801830872	50.186364576683644
15	1	inverse_cdf	8	175	157.5	6.0	18.0	0.029025268548805865	-132.73131279612036	30.115269854709375
15	1	inverse_cdf	8	175	157.5	586.0	30.0	0.1681569284886825	151.45298145414097	102.22750662929299
15	1	inverse_cdf	8	176	105.0	36.0	18.0	0.18524438670305216	-172.88027826863566	61.950211605855436
15	1	inverse_cdf	8	177	67.5	126.0	4.0	0.1902955992945989	-88.51732146126005	37.60707219642076
15	1	inverse_cdf	8	178	165.0	556.0	6.0	0.25706094607595764	-174.87670125702795	41.75291022257742
15	1	inverse_cdf	8	178	165.0	902.0	4.0	0.18160725193621	-6.2191512956998345	38.32209190425187
15	1	inverse_cdf	8	179	120.0	578.0	36.0	0.19466484295364794	110.73873721930823	113.7806052769053
15	1	inverse_cdf	8	180	30.0	572.0	34.0	0.15967732307641685	12.451532836870014	114.48444336547759
15	1	inverse_cdf	8	180	30.0	880.0	30.0	0.4210457902181731	156.35572170437075	81.4227183633768
15	1	inverse_cdf	8	182	45.0	520.0	30.0	0.05086996960826179	-91.84891653133566	87.12503370443612
15	1	inverse_cdf	8	183	22.5	984.0	10.0	0.40120998053958445	-3.51640839493907	43.48951305834633
15	2	cdf	1	2	37.5	612.0	16.0	0.1427052825011099	149.6079799705098	52.88732265192659
15	2	cdf	1	3	52.5	50.0	24.0	0.31327942636525297	165.747651021647	90.1723639493691
15	2	cdf	1	3	52.5	440.0	18.0	0.24287569202432177	6.5950221331004	58.3491125538004
15	2	cdf	1	5	90.0	432.0	24.0	0.12199255524455556	17.209340191746318	90.54602119513093
15	2	cdf	1	8	120.0	570.0	6.0	0.18265468478699104	175.879279385242	30.419613922997396
15	2	cdf	1	9	60.0	782.0	22.0	0.35087914279439814	70.03440638599088	90.57262847743652
15	2	cdf	1	12	142.5	628.0	34.0	0.024659696250178255	-93.81625378236716	114.34771496781711
15	2	cdf	1	13	15.0	372.0	30.0	0.1385265951359012	166.29940278662818	93.53779847323199
15	2	cdf	1	13	15.0	808.0	4.0	0.15565768765535168	-124.70738906815879	32.00778865830657
15	2	cdf	1	14	157.5	744.0	18.0	0.12790194119992856	171.14706862607983	50.252508799077596
15	2	cdf	1	17	150.0	24.0	28.0	0.13883430141539924	151.0237143648971	61.26948776866486
15	2	cdf	1	17	150.0	666.0	6.0	0.20988411426693868	164.12359020363292	34.46553791869341
15	2	cdf	1	18	172.5	4.0	18.0	0.18218876107260953	-0.5158932504503709	132.66231118098128
15	2	cdf	1	18	172.5	414.0	18.0	0.703119665918659	-2.540847398274838	116.38564658681321
15	2	cdf	1	18	172.5	460.0	34.0	2.152831436418906	175.58544058113475	142.65557682963214
15	2	cdf	1	18	172.5	566.0	20.0	1.0346334449738357	-10.969243570256403	148.31121936880334
15	2	cdf	1	18	172.5	868.0	6.0	0.3980535007255258	-3.7807267010189674	60.429649186599136
15	2	cdf	1	19	7.5	668.0	22.0	0.1271458309509222	23.57845423697881	72.26983751242261
15	2	cdf	1	20	105.0	506.0	22.0	0.20828142396199753	-12.280090436191125	111.10658344536746
15	2	cdf	1	20	105.0	758.0	30.0	0.2896624363107866	-150.10041159780417	69.68730155847022
15	2	cdf	1	22	22.5	532.0	4.0	0.1910686281390914	166.08914563269198	38.553395942803874
15	2	cdf	1	23	135.0	522.0	16.0	0.05253708317664964	-128.66779536577286	45.78126863333531
15	2	cdf	2	28	97.5	116.0	26.0	0.16812290174365735	141.34884493236137	71.81297052862818
15	2	cdf	2	30	15.0	96.0	26.0	0.054739988789713645	98.62207624063707	88.01114956510855
15	2	cdf	2	30	15.0	738.0	30.0	0.21858220866371522	-176.9883932892285	110.23680444175521
15	2	cdf	2	31	142.5	962.0	32.0	0.5179535069779149	146.1205761724815	140.65598721796565
15	2	cdf	2	34	157.5	16.0	20.0	0.17980853738052485	26.552847309684807	62.77715937496205
15	2	cdf	2	34	157.5	798.0	6.0	0.17281279419653778	161.74331705506117	30.311592809847667
15	2	cdf	2	37	67.5	18.0	20.0	0.09515026574695913	147.68926638689072	55.04929134394439
15	2	cdf	2	38	165.0	562.0	18.0	0.07411762270490711	84.91828316823548	80.58977986138314
15	2	cdf	2	41	82.5	30.0	8.0	0.5101757981454356	7.762630902030602	68.04699727659751
15	2	cdf	2	41	82.5	568.0	20.0	0.22765775599639862	-21.563476250326687	72.30886809997676
15	2	cdf	2	42	135.0	12.0	6.0	0.20268202975764163	174.89274419309322	33.384298114305224
15	2	cdf	2	42	135.0	432.0	28.0	0.0917235770876767	-47.15941671279855	53.89971985409998
15	2	cdf	2	46	150.0	4.0	20.0	0.06614035831296407	119.75524428999316	72.56731334017546
15	2	cdf	3	47	67.5	642.0	20.0	0.13694041778934293	135.9816707096141	66.90772925423057
15	2	cdf	3	48	135.0	296.0	22.0	0.05916718127407907	-146.32206839309512	79.9098130363602
15	2	cdf	3	49	127.5	76.0	20.0	0.17555231735213084	-13.512132582773718	88.57624027898844
15	2	cdf	3	49	127.5	712.0	24.0	0.12842136722928293	63.428640541263796	82.0793781390269
15	2	cdf	3	51	97.5	726.0	30.0	0.15483187825880323	158.88126442497182	100.47725602945232
15	2	cdf	3	52	112.5	620.0	34.0	0.2496063114155861	-178.11695261040194	99.56475279630709
15	2	cdf	3	54	150.0	602.0	34.0	0.29705336335876287	134.11871596913764	121.87392737110451
15	2	cdf	3	56	90.0	96.0	22.0	0.14531263538084557	64.5831646604674	90.22913289108124
15	2	cdf	3	56	90.0	548.0	16.0	0.15532000677922772	-58.81598889604784	53.9296315798483
15	2	cdf	3	58	30.0	648.0	30.0	0.040762944519752126	139.90866723156495	108.03556469587681
15	2	cdf	3	59	22.5	36.0	36.0	0.19305940580898884	165.73448440881796	128.51728911975854
15	2	cdf	3	59	22.5	660.0	32.0	0.15933369049881094	-18.615093100243428	77.11232101076011
15	2	cdf	3	61	120.0	22.0	22.0	0.06372588906191021	-145.50264088185995	69.65817092780779
15	2	cdf	3	62	45.0	514.0	30.0	0.09366550800232382	11.106163944415572	96.58860890316649
15	2	cdf	3	65	52.5	676.0	26.0	0.055146334415497746	143.47355255089238	59.84735273527517
15	2	cdf	3	66	75.0	616.0	48.0	0.135158995793715	123.12350504067341	44.35534564357428
15	2	cdf	3	68	60.0	684.0	32.0	0.49048242008666443	170.76135808704976	129.2407330165932
15	2	cdf	3	68	60.0	860.0	20.0	0.23536983742049314	4.397148118794705	48.113886823494134
15	2	cdf	3	69	105.0	534.0	26.0	0.28451419580267046	176.36458955708753	98.08718514627544
15	2	cdf	3	69	105.0	986.0	4.0	0.1769066024168484	-6.9233343108922005	50.24344542016243
15	2	cdf	4	71	157.5	596.0	32.0	0.35943513487525613	180.0	125.80276140645795
15	2	cdf	4	74	172.5	890.0	32.0	0.14409485176603665	67.2157512282417	78.70607187658864
15	2	cdf	4	76	75.0	126.0	20.0	0.24037184725222938	-42.48702057063475	51.362782721648635
15	2	cdf	4	76	75.0	330.0	20.0	0.1816539514706211	-157.16006697241733	50.777862850812575
15	2	cdf	4	76	75.0	880.0	14.0	0.17532190178560317	63.897083879140176	43.24480432919696
15	2	cdf	4	78	120.0	564.0	22.0	0.4640397671864141	9.361111183901524	73.98943360651143
15	2	cdf	4	79	22.5	84.0	24.0	0.7699580969465997	-1.3432050670311284	115.60346680641403
15	2	cdf	4	79	22.5	372.0	22.0	0.6390490093706119	-177.49819951026322	127.51728894764756
15	2	cdf	4	79	22.5	760.0	24.0	0.21178133900088955	-1.3319676494572805	90.06718033114073
15	2	cdf	4	80	37.5	366.0	24.0	0.16449008689581396	167.9109258898318	96.87473144635807
15	2	cdf	4	81	67.5	114.0	16.0	0.056019980725053146	-5.038761489308854	53.647970408226136
15	2	cdf	4	81	67.5	616.0	20.0	0.004923807603511188	180.0	82.22857665965752
15	2	cdf	4	82	7.5	508.0	8.0	0.3737573458184508	166.03238443567398	50.02973647167917
15	2	cdf	4	82	7.5	934.0	32.0	0.35168966264469836	-2.9411588857696036	96.90003923873334
15	2	cdf	4	83	112.5	538.0	30.0	0.1439169421768065	-172.79963677851023	73.4340193286456
15	2	cdf	4	85	135.0	562.0	32.0	0.17095425918440493	93.85346903682832	110.14109896615156
15	2	cdf	4	86	150.0	642.0	30.0	0.2712951051395293	-176.53462533042028	114.39125776748415
15	2	cdf	4	87	90.0	50.0	26.0	0.5314690266344896	175.92912823538242	147.54848699277798
15	2	cdf	4	87	90.0	258.0	18.0	0.3093147276114581	21.787356306632336	59.382204671377266
15	2	cdf	4	88	97.5	610.0	30.0	0.0725345596490359	-142.36564407473045	97.65828564865384
15	2	cdf	4	89	60.0	522.0	18.0	0.09554728813181682	175.07462442391008	54.723483003796865
15	2	cdf	4	90	30.0	554.0	20.0	0.11892479639082341	140.61007922382942	68.89325863804484
15	2	cdf	4	91	105.0	604.0	16.0	0.1673107796310016	158.7342130513413	45.24036222265671
15	2	cdf	4	92	142.5	110.0	20.0	0.26544379027130904	32.10402536417215	61.26949059741487
15	2	cdf	4	92	142.5	332.0	20.0	0.26520713385302747	-161.23796581110946	67.61843655466595
15	2	cdf	5	96	142.5	156.0	22.0	0.17991614205893783	-114.23416128720714	67.39273906542242
15	2	cdf	5	96	142.5	864.0	20.0	0.2900495230321625	44.990030391415786	46.319822278662066
15	2	cdf	5	97	67.5	72.0	8.0	0.49737454932087155	-8.153288761820138	66.92229415137692
15	2	cdf	5	98	90.0	650.0	22.0	0.10075141533324343	-12.217490041393223	100.25851467640393
15	2	cdf	5	100	82.5	24.0	22.0	0.06501511568409885	-137.0567690787565	116.28173956798179
15	2	cdf	5	100	82.5	694.0	14.0	0.0659745321856151	-174.29158428140866	43.99069857997963
15	2	cdf	5	102	22.5	506.0	18.0	0.08047956115630782	2.336588078958789	55.42096695304029
15	2	cdf	5	104	157.5	166.0	20.0	0.14212113510050528	148.70742070213552	56.741543256701355
15	2	cdf	5	105	135.0	684.0	22.0	0.09969386148710485	159.78302887923394	109.62897174114852
15	2	cdf	5	105	135.0	888.0	18.0	0.3196983254645305	-18.241993026437974	67.64807505542929
15	2	cdf	5	107	165.0	394.0	22.0	0.17724229429748428	78.78670650760127	107.10953790961402
15	2	cdf	5	107	165.0	838.0	30.0	0.1952402997614936	163.40307051843604	130.25517297646894
15	2	cdf	5	110	7.5	566.0	4.0	0.13805322720356075	-162.00795476198965	30.27716226610162
15	2	cdf	5	111	45.0	726.0	28.0	0.16500317124268177	138.24196698842042	78.41600456594007
15	2	cdf	5	112	105.0	352.0	22.0	0.20658894711059023	43.03797869171235	104.26450941694034
15	2	cdf	5	112	105.0	762.0	26.0	0.29011043725888513	160.86742995077893	122.78265360248021
15	2	cdf	5	112	105.0	920.0	18.0	0.30747255632569137	-26.95153219536534	52.645976212052
15	2	cdf	5	113	120.0	422.0	22.0	0.3059620082010909	130.8777147255653	84.57067322280773
15	2	cdf	5	115	75.0	708.0	22.0	0.17479583721616407	129.67876218968317	103.53630546191164
15	2	cdf	6	116	150.0	954.0	30.0	0.024223562005220148	118.31314190157597	111.51499057925724
15	2	cdf	6	117	37.5	560.0	22.0	0.2550673377445471	144.1701054547573	110.93468712068001
15	2	cdf	6	118	127.5	332.0	18.0	0.0538189323149047	-52.41812433718236	55.67485093062502
15	2	cdf	6	119	142.5	418.0	32.0	0.031546007032362836	-98.97951013927413	102.96716577134112
15	2	cdf	6	120	97.5	550.0	4.0	0.13350744964624262	159.117266822571	28.762668496275253
15	2	cdf	6	120	97.5	954.0	16.0	0.23570764146433304	-136.981855397814	38.267683365259344
15	2	cdf	6	121	112.5	246.0	20.0	0.20277767630777166	-168.3305786000658	63.723180441499395
15	2	cdf	6	124	45.0	20.0	14.0	0.011832153256056835	-123.70077338886225	34.313587356050476
15	2	cdf	6	124	45.0	532.0	20.0	0.06127884865857299	-7.692513979614455	61.56353199214498
15	2	cdf	6	126	52.5	40.0	24.0	0.2053743597472206	-169.41118492018663	115.5169024816515
15	2	cdf	6	126	52.5	530.0	18.0	0.2910590261577445	21.49729550909318	68.07942483923402
15	2	cdf	6	128	135.0	374.0	22.0	0.3607302458440624	15.297803911338958	87.46544027074343
15	2	cdf	6	128	135.0	590.0	20.0	0.1517229840484985	-164.31310155309492	74.7596264337369
15	2	cdf	6	129	15.0	952.0	32.0	0.11527739977396383	-85.09948478382543	131.01203872138836
15	2	cdf	6	132	75.0	560.0	14.0	0.181871882802837	76.96135810489358	34.37264147507147
15	2	cdf	6	133	7.5	50.0	6.0	0.2848688495866012	-175.37629888038933	47.7742508787497
15	2	cdf	6	133	7.5	560.0	18.0	0.1727135851547306	-71.72389151331286	60.33480693462288
15	2	cdf	6	133	7.5	808.0	24.0	0.42878593297674467	155.11746664349533	137.51834944143658
15	2	cdf	6	134	120.0	74.0	20.0	0.08101656305462444	173.022359266463	74.59124365627629
15	2	cdf	6	134	120.0	524.0	28.0	0.12560292320512567	-151.10176693476632	115.20043879187574
15	2	cdf	6	136	22.5	126.0	22.0	0.3090747323759521	16.020765767836455	74.91966862663025
15	2	cdf	6	136	22.5	344.0	20.0	0.1335901255994612	174.36271374494032	71.30980435629228
15	2	cdf	6	137	172.5	26.0	20.0	0.1125402033094201	71.28605703449156	61.51923864514861
15	2	cdf	6	137	172.5	552.0	20.0	0.15246673203336988	-34.01482184967273	94.1596461633446
15	2	cdf	6	138	157.5	384.0	30.0	0.15337436027401302	-153.9944111475522	115.82807663178353
15	2	cdf	6	138	157.5	910.0	14.0	0.04548518113344847	64.34261986662203	39.33330244705543
15	2	cdf	7	140	90.0	854.0	4.0	0.1649455116632965	-5.707206548715239	36.31036097638056
15	2	cdf	7	141	82.5	506.0	28.0	0.14745929390342621	69.13460751591718	53.27020444238215
15	2	cdf	7	142	127.5	406.0	14.0	0.02958133733807276	123.69927617727997	43.13378746015086
15	2	cdf	7	143	157.5	612.0	32.0	0.0774557448815863	-36.37041306509206	91.49637372101189
15	2	cdf	7	144	52.5	108.0	18.0	0.1455335056477484	29.731241637941196	59.579040809313966
15	2	cdf	7	145	135.0	114.0	4.0	0.17517387704515186	167.01204988722978	36.49112534889511
15	2	cdf	7	147	67.5	342.0	4.0	0.12281621048001276	22.78699201895788	26.60479151402313
15	2	cdf	7	148	22.5	10.0	4.0	0.14813137007496457	-170.43996442452334	33.34067102187725
15	2	cdf	7	148	22.5	368.0	20.0	0.3850884270640375	-18.116641578944893	65.1369801026973
15	2	cdf	7	148	22.5	734.0	24.0	0.14013776240200806	117.17506816881641	82.05530210341749
15	2	cdf	7	149	120.0	914.0	34.0	0.6018772855099376	-176.406638677294	133.1073412921215
15	2	cdf	7	150	30.0	32.0	30.0	0.111403380649145	-133.82364747294824	107.87562157429423
15	2	cdf	7	150	30.0	724.0	8.0	0.23690849563941932	-3.9703668916091512	34.95953310062433
15	2	cdf	7	151	142.5	84.0	28.0	0.14939077879590792	-81.15327785775278	58.96119056213403
15	2	cdf	7	151	142.5	404.0	26.0	0.2514592148271282	156.96239728649232	94.34290816455253
15	2	cdf	7	151	142.5	880.0	20.0	0.07703127983499151	63.42282543659476	50.129094044390605
15	2	cdf	7	152	150.0	400.0	20.0	0.17068750157202187	91.65303260664231	69.48924678584369
15	2	cdf	7	152	150.0	660.0	18.0	0.15789403078126185	20.689673882526094	55.16224598495514
15	2	cdf	7	153	37.5	330.0	14.0	0.11596571388501914	-123.50013214611053	53.42555310820573
15	2	cdf	7	154	15.0	136.0	32.0	0.8321623124025278	167.47800521883178	126.05866063246961
15	2	cdf	7	154	15.0	282.0	20.0	0.414347622860854	-13.973424689569002	68.79601412967384
15	2	cdf	7	154	15.0	726.0	18.0	0.12143148578870336	91.5490200394963	44.35470530458011
15	2	cdf	7	155	105.0	30.0	22.0	0.28340020604189675	39.10314008728263	141.65384369720616
15	2	cdf	7	155	105.0	196.0	18.0	0.2367137740920079	-144.89647753878302	65.6093305061854
15	2	cdf	7	155	105.0	632.0	22.0	0.022073803287015227	138.0337951076842	84.67679943559716
15	2	cdf	7	155	105.0	952.0	6.0	0.2195285763195538	-18.28668659194446	39.91961604827164
15	2	cdf	7	156	45.0	268.0	16.0	0.11663368389275933	2.416743286439487	47.74210382433242
15	2	cdf	7	156	45.0	922.0	34.0	0.10264394674981156	109.62012716608821	107.9025003761515
15	2	cdf	7	157	75.0	148.0	20.0	0.2692432603667221	120.8008852365455	96.48847948605784
15	2	cdf	7	157	75.0	370.0	20.0	0.2969245383627313	-31.651933718975034	58.40274792073423
15	2	cdf	7	157	75.0	808.0	24.0	0.15367666777216826	149.89077223034855	75.0927226802222
15	2	cdf	7	158	60.0	100.0	24.0	0.30169900719786236	114.07805731715398	144.87179241986007
15	2	cdf	7	158	60.0	600.0	18.0	0.1364965124194263	69.59239921988508	44.84917872085776
15	2	cdf	7	160	97.5	134.0	6.0	0.2775501636164478	-177.96875900077046	40.89542152769607
15	2	cdf	7	160	97.5	590.0	14.0	0.05926706178649187	-138.39257583499557	38.2040275719147
15	2	cdf	8	163	127.5	544.0	28.0	0.09678769278863379	-88.05657211616044	105.72632078007146
15	2	cdf	8	164	97.5	520.0	18.0	0.1011983461610645	8.38586211928094	45.878091206289284
15	2	cdf	8	166	120.0	586.0	20.0	0.40542875878938345	48.09079475395565	83.3553548140887
15	2	cdf	8	167	142.5	26.0	18.0	0.09242674167956155	16.48626278273032	36.55351628212001
15	2	cdf	8	168	7.5	554.0	26.0	0.14420391556758955	107.21240052480333	91.3671742447711
15	2	cdf	8	169	30.0	558.0	6.0	0.27549125705518007	164.81627520638477	41.86372057294517
15	2	cdf	8	170	45.0	578.0	20.0	0.06050013222950784	-57.14242171514546	37.645669311154585
15	2	cdf	8	171	165.0	594.0	4.0	0.15909460584469307	89.40893819157542	33.215504983715014
15	2	cdf	8	173	37.5	126.0	30.0	0.3271052009382149	163.3943080700641	120.01445578163168
15	2	cdf	8	173	37.5	336.0	8.0	0.37008340942335644	-6.617387301970857	49.930327361866865
15	2	cdf	8	174	22.5	436.0	30.0	0.15942506337772963	49.56928506464206	94.52545513885161
15	2	cdf	8	174	22.5	730.0	22.0	0.19520866426083983	-154.0938235526239	74.35103489860197
15	2	cdf	8	175	157.5	634.0	34.0	0.3428335749973893	-172.30161372872155	126.92829474528362
15	2	cdf	8	177	112.5	906.0	30.0	0.0638313134714656	-162.04894141480375	112.79257944745544
15	2	cdf	8	178	75.0	84.0	22.0	0.07020977916389891	52.57079000434884	88.78046271790983
15	2	cdf	8	179	135.0	384.0	24.0	0.0451510280021962	19.078418563784613	87.40029988001487
15	2	cdf	8	180	15.0	520.0	34.0	0.24511231019611512	153.79517338476745	108.59841967949365
15	2	cdf	8	182	52.5	20.0	16.0	0.01159794405114007	-44.96641917946942	27.853041919905532
15	2	cdf	8	182	52.5	528.0	24.0	0.08015212125499055	-59.209836212830744	108.33137337455311
15	2	cdf	8	183	67.5	4.0	12.0	0.03016884751971405	157.63250384601292	65.29786369279071
15	2	cdf	8	183	67.5	396.0	28.0	0.12213611858291447	149.31750158479628	60.08337716877552
15	2	cdf	8	184	150.0	692.0	4.0	0.13513874808863124	155.62557200163363	27.56452953555705
16	1	cdf	1	4	172.5	116.0	22.0	0.46713162085841564	116.9488584756307	67.84632583448429
16	1	cdf	1	6	7.5	86.0	6.0	0.3573622456956778	152.40223747159177	94.84179151347537
16	1	cdf	1	7	52.5	44.0	18.0	0.4858532997100975	55.42593653389282	81.97602175981376
16	1	cdf	1	7	52.5	986.0	6.0	0.468344352789415	172.55875848966207	72.84980504193844
16	1	cdf	1	10	97.5	346.0	4.0	0.25111131570364986	155.2946050805135	57.30663176817976
16	1	cdf	1	14	112.5	6.0	4.0	0.25983249782005613	-154.58633684219916	53.113343991332535
16	1	cdf	1	15	30.0	570.0	22.0	0.6669410321176067	57.221369828830305	74.92632191226987
16	1	cdf	1	15	30.0	842.0	18.0	0.4143324058543272	-176.596410480153	107.36774259971769
16	1	cdf	1	17	157.5	644.0	4.0	0.46492051442153154	54.87057872425682	117.75049454792732
16	1	cdf	1	17	157.5	904.0	8.0	0.7514035704642087	-6.390543153266378	96.41107480205065
16	1	cdf	1	18	142.5	384.0	8.0	0.6244560998031499	165.86628935650114	84.28513974956161
16	1	cdf	1	18	142.5	614.0	8.0	0.5390266421290392	35.31274274569692	70.09186910958954
16	1	cdf	1	21	105.0	616.0	8.0	0.6715588068696037	9.97913810465301	93.34120220882565
16	1	cdf	1	21	105.0	750.0	6.0	0.462474026378786	-175.72986436813545	68.07363609225655
16	1	cdf	1	23	37.5	738.0	22.0	0.499614618694309	-176.99046979530345	86.11810896806985
16	1	cdf	1	23	37.5	890.0	4.0	0.21887170292734517	-10.792623108283358	48.0499002065145
16	1	cdf	2	25	82.5	706.0	4.0	0.24436097026017276	-153.28132854877973	50.328285291401336
16	1	cdf	2	27	127.5	74.0	4.0	0.3356542624796372	-142.38666182032415	70.29515065809682
16	1	cdf	2	31	157.5	358.0	4.0	0.303029235144967	-50.67925587209119	66.64074251975632
16	1	cdf	2	31	157.5	924.0	8.0	0.9812119574923832	128.23547462053236	143.2841915649847
16	1	cdf	2	33	150.0	84.0	22.0	0.33569781207466487	132.05266923274135	75.7066490795067
16	1	cdf	2	35	15.0	332.0	4.0	0.2449397446884465	132.59217134401052	60.54747704578343
16	1	cdf	2	36	22.5	366.0	8.0	0.5050697771144886	156.87162842414284	89.24824739912995
16	1	cdf	2	36	22.5	696.0	18.0	0.20890228885658746	34.41622333597399	76.98524958888123
16	1	cdf	2	38	45.0	332.0	4.0	0.27807712100576765	-172.54939472090535	62.84611815853513
16	1	cdf	2	38	45.0	908.0	4.0	0.24046864598317116	20.760878413528516	58.74645453846443
16	1	cdf	2	41	90.0	96.0	6.0	0.3988910976045403	150.72507443916803	63.28039639132694
16	1	cdf	2	43	7.5	94.0	4.0	0.25393215063741825	-171.45930100768612	54.21655693096983
16	1	cdf	2	45	60.0	460.0	16.0	0.34990692994455125	57.99280682932665	73.9690129556066
16	1	cdf	3	47	150.0	936.0	4.0	0.22479844691688938	-146.33873179543465	47.81931209334046
16	1	cdf	3	48	120.0	428.0	18.0	0.4326543510978638	121.05501456154839	87.7547347944887
16	1	cdf	3	48	120.0	638.0	4.0	0.262792729314916	-6.810863028711036	53.69272338604045
16	1	cdf	3	53	112.5	808.0	24.0	0.3444185509027174	57.419866255196446	75.92849654336798
16	1	cdf	3	57	67.5	778.0	18.0	0.2696320485036618	85.46148380172447	81.90057617802294
16	1	cdf	3	58	105.0	310.0	4.0	0.2364342185424294	178.41059842653388	49.67128362547088
16	1	cdf	3	60	142.5	296.0	6.0	0.6603770789400637	129.69782059557238	98.04962746200333
16	1	cdf	3	60	142.5	710.0	6.0	0.3770206444494997	12.811634346576511	61.322052410369494
16	1	cdf	3	61	165.0	718.0	20.0	0.508446073919633	61.25304673029995	109.84712665346682
16	1	cdf	3	63	7.5	836.0	10.0	0.6176624276101657	149.72083035440397	97.04648456816902
16	1	cdf	3	67	52.5	536.0	4.0	0.34630908369888114	159.78318069816282	67.88281228997194
16	1	cdf	4	72	142.5	382.0	4.0	0.2674573704882058	-139.0079370422723	57.57744075834849
16	1	cdf	4	76	157.5	818.0	22.0	0.21349310642825697	77.11872975816566	87.72621579198986
16	1	cdf	4	77	165.0	384.0	4.0	0.23798347346087517	180.0	52.27485625800665
16	1	cdf	4	79	97.5	342.0	20.0	0.24263269376819147	147.73196019702303	71.33858654194185
16	1	cdf	4	80	150.0	32.0	6.0	0.4014945907412288	9.875221765660244	64.8012778687629
16	1	cdf	4	80	150.0	296.0	4.0	0.2307767088486167	-156.5533097011263	56.06413795261758
16	1	cdf	4	83	15.0	74.0	4.0	0.33379875881193427	130.83988725879937	87.7622125284532
16	1	cdf	4	83	15.0	588.0	4.0	0.3653066299052931	4.117707506563386	78.40533512503751
16	1	cdf	4	83	15.0	796.0	4.0	0.3676981236995228	134.85051382367462	77.91280130954684
16	1	cdf	4	84	45.0	900.0	18.0	0.19720130879615302	121.06509667666963	69.23965556379882
16	1	cdf	4	85	60.0	440.0	4.0	0.7483643765488508	92.13669268286702	146.1753341795148
16	1	cdf	4	88	30.0	358.0	4.0	0.276853796946941	10.232778545335142	66.23563815394753
16	1	cdf	4	90	135.0	822.0	6.0	0.3610489444278459	13.391312465692184	65.35670985594932
16	1	cdf	4	90	135.0	954.0	8.0	0.4600273144922193	-159.77237702255033	65.85065019876858
16	1	cdf	4	91	112.5	364.0	6.0	0.3692857110659677	172.34823229019227	65.06966803524524
16	1	cdf	4	91	112.5	600.0	6.0	0.8656726429900573	53.59923560848315	123.55675603204314
16	1	cdf	5	95	120.0	942.0	4.0	0.24098017247797374	150.667408451357	59.483783000169915
16	1	cdf	5	96	135.0	732.0	16.0	0.09756116416257357	47.70830755539498	116.16125888934098
16	1	cdf	5	97	105.0	654.0	24.0	0.7420004098698185	178.73387717780483	90.97789813285237
16	1	cdf	5	97	105.0	838.0	14.0	0.6257540793703904	7.528151365430212	94.79485676573616
16	1	cdf	5	99	142.5	100.0	6.0	0.3416621072302408	-171.7213214090177	55.69600491397528
16	1	cdf	5	102	82.5	78.0	8.0	0.655967230241598	-5.308775577556448	85.2705526949675
16	1	cdf	5	102	82.5	222.0	8.0	0.43713472339694287	163.20858627307712	56.732610419922146
16	1	cdf	5	103	67.5	422.0	10.0	0.6353728471123168	-11.009382929873755	88.83765736696101
16	1	cdf	5	104	22.5	438.0	4.0	0.3967342124726528	130.5038891613861	79.44072582639986
16	1	cdf	5	104	22.5	716.0	6.0	0.6072071779331352	0.15472910127607645	93.14955985896069
16	1	cdf	5	104	22.5	830.0	8.0	0.4644177039703977	157.79678257575156	63.909794964373376
16	1	cdf	5	105	97.5	22.0	4.0	0.3502068560281858	168.37855554402026	73.74468621053161
16	1	cdf	5	112	30.0	136.0	18.0	0.19260309573507495	-101.8012211413674	72.64488610780093
16	1	cdf	5	113	150.0	374.0	6.0	0.459198345649929	156.2058811071833	75.88063375587295
16	1	cdf	5	115	127.5	402.0	6.0	0.503475843981887	27.134408049019683	96.26866361926054
16	1	cdf	6	117	67.5	428.0	6.0	0.3993764647224806	-3.0606482729236943	70.16799563959833
16	1	cdf	6	117	67.5	564.0	4.0	0.3099803951330306	-147.33502227613252	69.0847043503378
16	1	cdf	6	118	172.5	674.0	10.0	0.8632974627396375	0.6528601688144815	98.79395250352677
16	1	cdf	6	118	172.5	796.0	8.0	0.8364496767650217	-156.67714370538374	112.74617523753605
16	1	cdf	6	119	82.5	308.0	4.0	0.28142260598703106	14.508309407470106	60.78104841540061
16	1	cdf	6	120	105.0	854.0	22.0	0.30312043991030047	160.41179005525686	72.20061561607768
16	1	cdf	6	121	15.0	956.0	4.0	0.35522998484154267	154.8963145003005	76.7632793835377
16	1	cdf	6	124	37.5	334.0	4.0	0.3642359458353446	40.40123947013113	80.22051945498232
16	1	cdf	6	128	97.5	36.0	8.0	0.9036766675473233	-28.255871053902847	117.44228932017413
16	1	cdf	6	129	45.0	56.0	22.0	0.5377090912009554	114.71933948639311	82.81504970444901
16	1	cdf	6	131	7.5	176.0	4.0	0.5007824843607177	-71.66146352470825	109.83472942103764
16	1	cdf	6	131	7.5	898.0	4.0	0.5496816532705988	112.84000667444047	113.39980843053124
16	1	cdf	6	132	22.5	572.0	8.0	0.5773253230839802	-7.177418616357488	93.75394451774913
16	1	cdf	6	133	30.0	130.0	6.0	0.532884136983115	-171.33216662075628	84.8055361719047
16	1	cdf	6	135	157.5	638.0	6.0	0.3463185220475624	-14.809131895564049	60.43571508177894
16	1	cdf	7	141	45.0	162.0	6.0	0.5849772624591957	-169.99530129961357	82.88476624914253
16	1	cdf	7	142	15.0	590.0	16.0	0.2664880307484192	76.46501324091162	77.15349510726332
16	1	cdf	7	143	22.5	554.0	20.0	0.31840880846036734	105.5476722902387	83.51532385868902
16	1	cdf	7	150	172.5	18.0	8.0	1.0669853703826624	153.53645740805314	141.0061558632329
16	1	cdf	7	151	7.5	762.0	6.0	0.5926992497949496	14.900452787848188	93.41145580087459
16	1	cdf	7	151	7.5	922.0	4.0	0.19939610151891654	-171.01665768951725	70.27559345901373
16	1	cdf	7	152	75.0	972.0	6.0	0.44204041730889937	140.8966138009883	70.2852391417104
16	1	cdf	7	153	142.5	598.0	4.0	0.407697056248762	55.13551999000568	87.9022600404027
16	1	cdf	7	153	142.5	806.0	6.0	0.2904942199199819	180.0	49.29936719333148
16	1	cdf	7	160	37.5	892.0	20.0	0.444360190557645	136.0744142324391	84.76646718330431
16	1	cdf	7	161	30.0	440.0	16.0	0.1392168976097638	124.46423165335975	76.89949808704853
16	1	cdf	8	162	45.0	682.0	4.0	0.5442594829682046	-72.8120369309897	113.80080561368231
16	1	cdf	8	163	172.5	456.0	18.0	0.26679615626906544	-19.748354847271965	113.02800102938708
16	1	cdf	8	164	120.0	602.0	4.0	0.7289798600486339	105.67423837337549	144.09508806922315
16	1	cdf	8	165	30.0	42.0	20.0	0.6744756285154051	132.5695812750261	111.42428972341632
16	1	cdf	8	165	30.0	272.0	6.0	0.32747894278846	17.778527040576353	59.9803462867189
16	1	cdf	8	165	30.0	642.0	4.0	0.2447263650384142	-9.64453331837576	73.9714866681546
16	1	cdf	8	166	22.5	358.0	4.0	0.3306708311971878	133.6214967488474	70.71590678089345
16	1	cdf	8	169	150.0	566.0	6.0	0.5243343044159403	-8.453437232426655	82.6995202590303
16	1	cdf	8	170	127.5	138.0	6.0	0.36186234284528707	14.965795380225837	63.77020372178872
16	1	cdf	8	172	157.5	626.0	12.0	1.1564985097492995	12.861370155637326	109.82158754155395
16	1	cdf	8	172	157.5	762.0	10.0	0.8950176904639527	167.298700442814	93.74420325263887
16	1	cdf	8	174	37.5	586.0	20.0	0.8289373516343199	47.37869192766408	116.01002186501665
16	1	cdf	8	175	60.0	986.0	4.0	0.29234788221713315	-173.55713519011942	70.70874630726676
16	1	cdf	8	176	142.5	672.0	22.0	0.5223243192200041	124.00898888747687	59.35207067546375
16	1	cdf	8	176	142.5	926.0	6.0	0.4021883029312451	-27.173837348673057	63.25979811961533
16	1	cdf	8	180	7.5	102.0	6.0	0.6058062070548916	58.47522658287799	97.33331342893709
16	1	cdf	8	182	52.5	132.0	6.0	0.5514449523987729	179.4888554974247	89.54744949668552
16	1	cdf	8	182	52.5	336.0	4.0	0.33375206278804065	37.19057165610021	64.61401021228465
16	1	cdf	8	183	75.0	208.0	4.0	0.31359577746099776	32.581255526927926	69.81372748524355
16	1	cdf	8	184	135.0	308.0	6.0	0.4110331105216538	161.14557375754285	66.36984212710328
16	2	inverse_cdf	1	1	165.0	76.0	8.0	0.4297315747367245	161.98991471141485	57.32507736652588
16	2	inverse_cdf	1	1	165.0	634.0	8.0	0.5716902162553058	-21.550826267020508	77.0075747322831
16	2	inverse_cdf	1	1	165.0	774.0	4.0	0.22167000592173816	-172.7719628599779	46.903630751643234
16	2	inverse_cdf	1	2	30.0	404.0	20.0	0.3426045555160344	127.82106361488223	74.27250045185755
16	2	inverse_cdf	1	5	75.0	958.0	4.0	0.4017624908503099	90.0	76.80167390166527
16	2	inverse_cdf	1	6	7.5	380.0	18.0	0.3006643403862026	140.32603453386037	71.07912999475165
16	2	inverse_cdf	1	6	7.5	648.0	8.0	0.5517141441279474	34.8144785204045	73.41137531423773
16	2	inverse_cdf	1	7	157.5	382.0	8.0	0.39884357706987944	166.19731046314337	53.24989380238297
16	2	inverse_cdf	1	7	157.5	622.0	18.0	0.466103559755782	-4.846176337144359	89.30721469455209
16	2	inverse_cdf	1	7	157.5	758.0	10.0	0.5919919703236318	164.7333821851106	63.227329512778795
16	2	inverse_cdf	1	8	45.0	108.0	4.0	0.2114518587825664	164.24378702136337	45.886381056024966
16	2	inverse_cdf	1	9	82.5	388.0	6.0	0.40177909763826786	20.053443355346094	63.80844815295859
16	2	inverse_cdf	1	9	82.5	626.0	6.0	0.35225878493061397	-166.8093071381001	59.926199697755145
16	2	inverse_cdf	1	10	90.0	350.0	6.0	0.37445313695907106	174.21778108192206	61.69062974579786
16	2	inverse_cdf	1	10	90.0	578.0	16.0	0.22709900530363056	33.7945598115127	69.89410355155462
16	2	inverse_cdf	1	10	90.0	774.0	6.0	0.2485598334765186	172.03458163933578	39.1163508909387
16	2	inverse_cdf	1	11	60.0	222.0	8.0	0.4198123987672557	21.548307126412823	52.45206500367441
16	2	inverse_cdf	1	11	60.0	704.0	14.0	0.8804414140141174	156.50308735586802	82.66828035659614
16	2	inverse_cdf	1	11	60.0	904.0	6.0	0.4882509871443279	5.785608393364224	74.6387182420804
16	2	inverse_cdf	1	12	135.0	620.0	10.0	0.6804662396719786	17.251333565266705	74.6293221340188
16	2	inverse_cdf	1	12	135.0	746.0	6.0	0.37017047391375507	-165.10401678403753	58.37231888938108
16	2	inverse_cdf	1	13	112.5	712.0	8.0	0.48834434133920046	3.6599091789566915	65.39267009368794
16	2	inverse_cdf	1	13	112.5	848.0	8.0	0.46130823441238666	-165.3727084596858	63.508084465268745
16	2	inverse_cdf	1	14	37.5	328.0	6.0	0.34884384073284386	19.790142186547193	55.52820226652529
16	2	inverse_cdf	1	19	150.0	780.0	16.0	0.20500404915415502	19.15075881268224	66.68461645195792
16	2	inverse_cdf	1	19	150.0	952.0	4.0	0.18893087484437635	168.98873553055222	41.52189380862897
16	2	inverse_cdf	1	20	142.5	948.0	8.0	0.34411012107139416	167.89398648101255	45.680013389973304
16	2	inverse_cdf	1	21	127.5	64.0	20.0	0.32495094570902316	136.24250756940538	65.14034135296814
16	2	inverse_cdf	1	21	127.5	300.0	6.0	0.3300553313968693	-8.287676038093277	50.225212906529094
16	2	inverse_cdf	1	22	52.5	6.0	4.0	0.19319874066190823	163.72949603648405	40.51288297577842
16	2	inverse_cdf	1	22	52.5	678.0	4.0	0.24175752222209987	138.31172130666974	60.35787291578416
16	2	inverse_cdf	1	23	67.5	82.0	6.0	0.2868349062476743	169.78815798043462	46.31333587124226
16	2	inverse_cdf	1	23	67.5	318.0	4.0	0.21849720965146438	2.5821261609431563	48.39202646268791
16	2	inverse_cdf	2	25	112.5	548.0	4.0	0.20170789394694946	121.38352011769737	42.57415599300521
16	2	inverse_cdf	2	25	112.5	670.0	16.0	0.33873570501351913	111.60728656221782	41.625439673101994
16	2	inverse_cdf	2	26	105.0	158.0	10.0	0.6123835631503298	9.560802979176671	67.27895167724645
16	2	inverse_cdf	2	26	105.0	284.0	6.0	0.4184173010461488	157.15988142564922	64.41665514088275
16	2	inverse_cdf	2	26	105.0	656.0	14.0	0.2284043681809767	93.29533755321647	53.71791213511952
16	2	inverse_cdf	2	27	150.0	30.0	6.0	0.3386610253698288	3.331367543191856	52.22176382969962
16	2	inverse_cdf	2	27	150.0	432.0	6.0	0.24095383999690603	-170.9928690108124	38.60942865023854
16	2	inverse_cdf	2	30	172.5	400.0	8.0	0.46361073539019715	-5.889528221771901	60.955167437039464
16	2	inverse_cdf	2	35	30.0	336.0	6.0	0.34152832014229506	-1.9265257896022656	50.732477422673625
16	2	inverse_cdf	2	35	30.0	674.0	4.0	0.16852293015025852	157.69264312387747	36.89204138612802
16	2	inverse_cdf	2	36	75.0	964.0	12.0	0.9084231073750476	24.19479044037805	84.99794132766176
16	2	inverse_cdf	2	37	37.5	416.0	20.0	0.5945099146198519	-159.8244352054122	96.58925137964901
16	2	inverse_cdf	2	37	37.5	650.0	12.0	1.0294032694882582	-1.5526576369448146	109.50726413191256
16	2	inverse_cdf	2	38	157.5	674.0	18.0	0.46368975804507434	123.75426117752876	73.86911729722556
16	2	inverse_cdf	2	40	97.5	354.0	12.0	0.5781880826020611	167.5481026416875	56.09316234828822
16	2	inverse_cdf	2	40	97.5	532.0	4.0	0.154492081710017	-3.0432633022732025	35.736806186639754
16	2	inverse_cdf	2	41	67.5	794.0	6.0	0.36826412338717807	-176.68136391733668	60.35181497119681
16	2	inverse_cdf	2	43	127.5	338.0	22.0	0.39138255968145114	-3.6048497877381838	66.85307238552787
16	2	inverse_cdf	2	43	127.5	820.0	16.0	0.3249888732774198	120.33291304833133	80.84885185951732
16	2	inverse_cdf	2	44	45.0	606.0	4.0	0.19563620176420013	176.6353147579241	43.89753334646055
16	2	inverse_cdf	2	44	45.0	842.0	8.0	0.4564841649953378	7.225576021901999	60.44590040005314
16	2	inverse_cdf	2	45	120.0	778.0	8.0	0.4153726000993066	153.2469679273664	55.332328324306594
16	2	inverse_cdf	3	47	120.0	8.0	4.0	0.2557646526614169	-41.3426787560968	53.857404943631245
16	2	inverse_cdf	3	48	97.5	802.0	20.0	0.1055930362542903	-147.06605101222513	55.754106307840075
16	2	inverse_cdf	3	52	15.0	826.0	8.0	0.3025452332727768	164.91631906115614	42.43874813341764
16	2	inverse_cdf	3	53	22.5	358.0	6.0	0.3535127735802069	-164.9451916902183	52.44063591373976
16	2	inverse_cdf	3	53	22.5	654.0	8.0	0.4430768411750637	-0.21203793862923379	58.94101735997285
16	2	inverse_cdf	3	53	22.5	774.0	4.0	0.21304992991530064	-168.00287798154406	46.112589773890875
16	2	inverse_cdf	3	55	172.5	558.0	6.0	0.2729340452130171	176.554946673175	46.916565244097974
16	2	inverse_cdf	3	55	172.5	784.0	8.0	0.4715860844362586	37.49542591155747	64.25467014702848
16	2	inverse_cdf	3	55	172.5	938.0	8.0	0.29875140672682915	178.7414913896218	37.49684143071704
16	2	inverse_cdf	3	56	7.5	444.0	14.0	0.11105848383356355	-18.961467272800363	55.072214656391374
16	2	inverse_cdf	3	57	112.5	90.0	4.0	0.19451145730734243	152.37333904331945	42.20217868149396
16	2	inverse_cdf	3	57	112.5	290.0	8.0	0.3065185906131948	-9.857342842664659	38.57205171796682
16	2	inverse_cdf	3	57	112.5	662.0	20.0	0.4904673863138826	151.65269341586205	100.15917459297404
16	2	inverse_cdf	3	57	112.5	904.0	8.0	0.47791291031381694	-8.486473300856062	63.361734695486334
16	2	inverse_cdf	3	59	82.5	40.0	4.0	0.24429736029298335	6.166383435801884	53.30875375979164
16	2	inverse_cdf	3	60	67.5	634.0	4.0	0.1870745833501546	0.0	43.079811357218524
16	2	inverse_cdf	3	60	67.5	772.0	4.0	0.18935376962289918	154.33545645654993	39.439472741095265
16	2	inverse_cdf	3	61	105.0	976.0	4.0	0.19376787219515654	178.05992691386808	40.89825978829072
16	2	inverse_cdf	3	63	90.0	148.0	8.0	0.40597327374739545	165.97179785819	50.61407358609159
16	2	inverse_cdf	3	65	75.0	138.0	6.0	0.34995345491215507	-6.1843865749059255	49.68862756791691
16	2	inverse_cdf	3	68	30.0	628.0	6.0	0.36284608136956703	24.003700726813243	56.196809901525285
16	2	inverse_cdf	4	70	165.0	562.0	20.0	0.19816153283177915	27.603371358203113	61.147960070106244
16	2	inverse_cdf	4	70	165.0	950.0	10.0	0.4604718285032192	176.32435675596463	51.838528524863996
16	2	inverse_cdf	4	71	97.5	360.0	4.0	0.20546334319558152	-26.553169885280614	46.22951415307045
16	2	inverse_cdf	4	71	97.5	820.0	4.0	0.2445927828095931	155.85367795632177	55.90019726919611
16	2	inverse_cdf	4	74	172.5	76.0	6.0	0.3494932844652635	-7.820610163163547	59.24538335762363
16	2	inverse_cdf	4	74	172.5	220.0	4.0	0.15808503626503292	-170.4465786220579	35.726342180438316
16	2	inverse_cdf	4	74	172.5	616.0	4.0	0.1616670652318682	174.17805700424	35.16506997602189
16	2	inverse_cdf	4	75	157.5	304.0	4.0	0.17633739800489745	44.98553260542155	42.816831378862474
16	2	inverse_cdf	4	75	157.5	572.0	4.0	0.18750736941154897	147.16149330964492	43.85283647049277
16	2	inverse_cdf	4	80	105.0	208.0	6.0	0.2601231842551108	10.167106701965485	41.5385433144636
16	2	inverse_cdf	4	81	142.5	348.0	10.0	0.6667190931850673	4.656510615033844	71.95697135552354
16	2	inverse_cdf	4	81	142.5	460.0	6.0	0.34827697159266674	-163.0216939700613	53.597689453017615
16	2	inverse_cdf	4	81	142.5	854.0	6.0	0.30867171148439804	-168.03799418102048	52.84111209801741
16	2	inverse_cdf	4	82	52.5	322.0	4.0	0.2372203271459756	-19.803372094900272	49.52597326976768
16	2	inverse_cdf	4	83	15.0	204.0	4.0	0.2206764492163177	159.56270286327563	48.94312916236676
16	2	inverse_cdf	4	83	15.0	534.0	8.0	0.36488897285442556	24.701255492542728	45.680127867609386
16	2	inverse_cdf	4	83	15.0	754.0	22.0	0.44430999246319597	-164.58936858062685	70.5002346624523
16	2	inverse_cdf	4	84	45.0	272.0	8.0	0.48181351174788484	-7.630975608741902	62.412021797498525
16	2	inverse_cdf	4	84	45.0	502.0	4.0	0.24750576508741262	141.47298401484903	55.10053178748694
16	2	inverse_cdf	4	84	45.0	676.0	6.0	0.29400528083530414	8.985946491574373	50.71544178032656
16	2	inverse_cdf	4	84	45.0	832.0	4.0	0.23198703367386614	160.16312652026278	47.862393814768815
16	2	inverse_cdf	4	87	120.0	370.0	4.0	0.192702551244994	4.8817024938087705	40.18191338881234
16	2	inverse_cdf	4	87	120.0	992.0	4.0	0.1251979343209512	10.564615347469887	47.01326468532484
16	2	inverse_cdf	4	88	37.5	538.0	6.0	0.4385877459984569	55.341964924506904	63.42894760442086
16	2	inverse_cdf	4	88	37.5	638.0	6.0	0.2702334083188326	-174.77675790548398	48.15570321877288
16	2	inverse_cdf	4	88	37.5	934.0	6.0	0.28464821825079034	170.38045159863006	49.796605026291644
16	2	inverse_cdf	4	89	135.0	506.0	4.0	0.3784000496935998	69.4369920600015	69.16171798280945
16	2	inverse_cdf	4	89	135.0	674.0	18.0	0.07044002343944197	-62.2389600530139	43.117957003840026
16	2	inverse_cdf	4	89	135.0	722.0	22.0	0.231025073014762	168.53363904793582	53.17904595890195
16	2	inverse_cdf	4	90	127.5	700.0	18.0	0.31696393554311186	157.16383888315497	63.36996954226268
16	2	inverse_cdf	4	90	127.5	862.0	4.0	0.15829629286762215	-19.365545679018005	43.53025427711118
16	2	inverse_cdf	4	91	30.0	142.0	8.0	0.3709411963534319	144.92431345006943	58.0424785041517
16	2	inverse_cdf	5	98	60.0	584.0	4.0	0.1869412668340688	-132.5269112729111	43.01728072400372
16	2	inverse_cdf	5	99	52.5	570.0	4.0	0.2562709773471072	28.675506715344465	48.78602363458081
16	2	inverse_cdf	5	100	37.5	802.0	6.0	0.4049779918156851	65.0722349883808	62.7953061747254
16	2	inverse_cdf	5	102	15.0	620.0	4.0	0.19369025971406018	134.68591622893263	44.46131879742045
16	2	inverse_cdf	5	103	157.5	646.0	20.0	0.2815006862340548	139.28148137328245	54.89348315812515
16	2	inverse_cdf	5	104	7.5	46.0	12.0	0.7174409318277826	172.12034645852233	67.9416346589866
16	2	inverse_cdf	5	104	7.5	250.0	6.0	0.5163889514071989	5.831969023686616	78.50973774353777
16	2	inverse_cdf	5	104	7.5	988.0	6.0	0.24929903261023176	-170.91846392249366	45.43005166179577
16	2	inverse_cdf	5	105	67.5	384.0	4.0	0.2859411416694478	141.3148915758735	62.02900222841098
16	2	inverse_cdf	5	105	67.5	800.0	6.0	0.309980995093993	159.56652257032147	49.5751920127852
16	2	inverse_cdf	5	106	135.0	78.0	4.0	0.1515623289337485	19.59667959276327	33.740037284808345
16	2	inverse_cdf	5	109	22.5	4.0	6.0	0.28781678808152733	-170.49048446560477	44.826378648840894
16	2	inverse_cdf	5	109	22.5	308.0	6.0	0.41424260280710035	139.5216410788212	68.56530866332722
16	2	inverse_cdf	5	109	22.5	536.0	6.0	0.2933392963412541	36.32741912360799	47.02168963267095
16	2	inverse_cdf	5	109	22.5	786.0	4.0	0.2431498320952878	144.09116598456492	51.029278644035806
16	2	inverse_cdf	5	110	105.0	690.0	4.0	0.35625638400812026	87.35964845142524	72.7840300367556
16	2	inverse_cdf	5	112	165.0	152.0	6.0	0.2913507747805504	157.4949278158135	49.01639397256795
16	2	inverse_cdf	5	112	165.0	308.0	6.0	0.23100976519681524	22.54222520406613	39.52481562219444
16	2	inverse_cdf	5	112	165.0	954.0	4.0	0.19719274332786546	-177.14075490964564	43.363448908396386
16	2	inverse_cdf	5	113	172.5	212.0	8.0	0.3282391368458583	-24.489243650339034	42.40498402047627
16	2	inverse_cdf	5	114	45.0	134.0	8.0	0.3790340911091062	-5.212292174906517	48.70283423634693
16	2	inverse_cdf	5	115	127.5	560.0	6.0	0.3118750933919476	178.79489380400526	45.552734486727964
16	2	inverse_cdf	5	115	127.5	752.0	6.0	0.3025007889311341	-3.418802822646523	52.540416154967296
16	2	inverse_cdf	6	117	105.0	710.0	6.0	0.20628477844143894	21.437602626250474	40.805146509392955
16	2	inverse_cdf	6	117	105.0	848.0	6.0	0.27229296985580487	169.24538575872793	45.74065168931011
16	2	inverse_cdf	6	118	112.5	698.0	4.0	0.26512614141899876	109.90539925180694	61.679454822606736
16	2	inverse_cdf	6	119	157.5	536.0	4.0	0.24645509233622767	141.77906171689307	52.858145249143675
16	2	inverse_cdf	6	119	157.5	732.0	4.0	0.1702310508677027	-10.546860788615179	35.25637587402777
16	2	inverse_cdf	6	119	157.5	906.0	4.0	0.24815361157123506	148.53348210736036	52.19047960821554
16	2	inverse_cdf	6	121	90.0	284.0	6.0	0.26982665409620643	14.792828142905561	46.87657071538222
16	2	inverse_cdf	6	121	90.0	402.0	6.0	0.3711707293972073	-130.5297878670746	55.359459242914305
16	2	inverse_cdf	6	122	120.0	98.0	20.0	0.6030174942263138	13.045818019561231	100.58211150172457
16	2	inverse_cdf	6	122	120.0	270.0	6.0	0.5168446966864753	167.91278796532575	73.02484987392342
16	2	inverse_cdf	6	123	97.5	392.0	4.0	0.29154565377991837	60.6850416831668	58.198497583035284
16	2	inverse_cdf	6	124	142.5	240.0	4.0	0.16675753269501842	10.19081434705651	35.89073488010704
16	2	inverse_cdf	6	126	82.5	354.0	4.0	0.19928653029191842	17.22585456987337	46.397427399182526
16	2	inverse_cdf	6	126	82.5	552.0	4.0	0.24224998422788566	-155.19538220403453	49.51753815226325
16	2	inverse_cdf	6	127	75.0	44.0	20.0	0.32290064554728576	25.899648384316063	88.61027328716854
16	2	inverse_cdf	6	127	75.0	156.0	4.0	0.23219562874265726	132.72514958473033	50.342329983538235
16	2	inverse_cdf	6	127	75.0	820.0	4.0	0.17131700783249468	-170.6330672196626	36.89037718739762
16	2	inverse_cdf	6	129	15.0	344.0	4.0	0.165919220678968	171.47292941420622	40.03044667171299
16	2	inverse_cdf	6	129	15.0	750.0	6.0	0.32770414078238663	145.21121542328976	51.55923597238009
16	2	inverse_cdf	6	129	15.0	888.0	4.0	0.19855813495925195	-0.4733910895086465	41.96498274139313
16	2	inverse_cdf	6	130	22.5	218.0	6.0	0.449705403039442	0.41776450426488465	67.47413737036662
16	2	inverse_cdf	6	131	67.5	580.0	6.0	0.2714083453246076	-9.74011294616072	45.17872710879551
16	2	inverse_cdf	6	132	60.0	258.0	4.0	0.1784375452091774	147.79583244150632	45.238781143346685
16	2	inverse_cdf	6	133	127.5	238.0	8.0	0.6182019868026165	-5.479789814006724	81.59296477310762
16	2	inverse_cdf	6	134	165.0	458.0	6.0	0.3314655489968391	-148.39368440963636	49.591686248300846
16	2	inverse_cdf	6	134	165.0	674.0	8.0	0.32877098625278606	37.463595257725956	42.332439932274674
16	2	inverse_cdf	6	135	30.0	534.0	4.0	0.1611028868338875	-146.64537621182726	42.32806614596122
16	2	inverse_cdf	6	135	30.0	688.0	20.0	0.2710564244353258	-36.3730573487403	58.19762100388093
16	2	inverse_cdf	6	136	135.0	546.0	4.0	0.24603936794316275	29.09459725304441	48.72633122177764
16	2	inverse_cdf	6	136	135.0	696.0	18.0	0.28516924039087	117.04189158722221	58.8739624213654
16	2	inverse_cdf	6	136	135.0	948.0	6.0	0.2443004936397113	173.8389662156249	44.86072143648709
16	2	inverse_cdf	6	137	7.5	296.0	6.0	0.18035047028509912	164.7203919273841	31.662024135092256
16	2	inverse_cdf	6	137	7.5	952.0	4.0	0.18218412120721597	162.72514088061948	41.48772700570084
16	2	inverse_cdf	7	141	157.5	766.0	12.0	0.47322257326056616	9.974866835528069	45.27439512123553
16	2	inverse_cdf	7	141	157.5	870.0	8.0	0.43313645377050936	-173.04362258135993	56.586258489580175
16	2	inverse_cdf	7	143	22.5	372.0	6.0	0.4320237401145095	157.92963399420873	65.30507823085085
16	2	inverse_cdf	7	145	15.0	156.0	16.0	0.6786464766312109	135.31361823352043	82.85195230230974
16	2	inverse_cdf	7	145	15.0	358.0	4.0	0.33839749130775715	-8.360552733970541	70.59842536315537
16	2	inverse_cdf	7	147	52.5	562.0	4.0	0.1870076547238373	10.609884663311059	42.11301019298975
16	2	inverse_cdf	7	147	52.5	712.0	4.0	0.17380437547539845	169.1240323069473	42.86642216905921
16	2	inverse_cdf	7	148	82.5	44.0	6.0	0.2478553770803599	-0.7578588293669151	43.275655216679255
16	2	inverse_cdf	7	151	150.0	674.0	10.0	0.6576657832122654	28.2568569919126	75.91533558335315
16	2	inverse_cdf	7	151	150.0	838.0	6.0	0.28724829596825513	-173.77513943944234	46.9637991014305
16	2	inverse_cdf	7	152	172.5	120.0	4.0	0.17621729723333257	-35.87571339889811	45.07778922688765
16	2	inverse_cdf	7	154	135.0	122.0	4.0	0.18216246929314586	7.759214342296756	40.04536446905803
16	2	inverse_cdf	7	155	165.0	758.0	6.0	0.31213133034607554	46.87864504746717	52.494362967018795
16	2	inverse_cdf	7	156	7.5	80.0	4.0	0.2400265943625118	-3.5248972198264155	53.81313475141544
16	2	inverse_cdf	7	157	142.5	340.0	4.0	0.20863653573851754	-160.7224099270078	46.280066215131804
16	2	inverse_cdf	7	159	37.5	568.0	4.0	0.2270809304402928	-146.21379473740444	57.049646283562524
16	2	inverse_cdf	8	163	60.0	28.0	20.0	0.6385178960680166	152.47076891121694	86.0201632034103
16	2	inverse_cdf	8	163	60.0	844.0	4.0	0.18544172621344254	179.49329719265936	41.86809888994683
16	2	inverse_cdf	8	165	135.0	236.0	4.0	0.3215819448299344	132.34941468144362	67.61819035648776
16	2	inverse_cdf	8	166	75.0	630.0	4.0	0.2494668593434948	-1.1298970358687102	54.01170573522809
16	2	inverse_cdf	8	166	75.0	768.0	4.0	0.16522427492778152	-164.45537484637316	42.335339539856
16	2	inverse_cdf	8	167	97.5	16.0	6.0	0.2607606364654691	-155.8704523767231	40.359408455304255
16	2	inverse_cdf	8	167	97.5	246.0	6.0	0.2847114093496472	15.706422586203201	47.699959033275626
16	2	inverse_cdf	8	167	97.5	632.0	4.0	0.23914563314191817	132.79633750105089	53.07291927928316
16	2	inverse_cdf	8	169	37.5	80.0	4.0	0.2822709439606343	-179.6670222154963	59.81860864701877
16	2	inverse_cdf	8	170	30.0	548.0	18.0	0.10371261668441112	-175.46474762503144	51.82744995897187
16	2	inverse_cdf	8	170	30.0	762.0	4.0	0.29062675266255844	-73.5999660600096	62.37110431619374
16	2	inverse_cdf	8	172	90.0	804.0	8.0	0.32024430968480766	-11.819221742224455	41.863911744061625
16	2	inverse_cdf	8	173	7.5	336.0	6.0	0.20186870232244103	0.0	36.461223951104195
16	2	inverse_cdf	8	174	157.5	176.0	4.0	0.21227925276104562	143.5208443298591	50.27512158602125
16	2	inverse_cdf	8	175	120.0	932.0	20.0	0.494836223870213	112.83140928686731	76.16193175855074
16	2	inverse_cdf	8	177	172.5	98.0	4.0	0.21129123443168726	-6.23898014149396	45.30241543200098
16	2	inverse_cdf	8	178	165.0	342.0	6.0	0.28651085198679543	142.23357800723713	49.755815641534845
16	2	inverse_cdf	8	178	165.0	590.0	6.0	0.32693049214122105	6.33575210850603	51.05694476432072
16	2	inverse_cdf	8	179	142.5	264.0	6.0	0.5423107499028789	-52.96988566406986	81.96995543202979
16	2	inverse_cdf	8	180	52.5	80.0	12.0	0.4869077534303678	15.429506140358582	41.480195611918404
16	2	inverse_cdf	8	180	52.5	214.0	4.0	0.1956280646130662	176.63614913583342	40.129200080944486
16	2	inverse_cdf	8	180	52.5	812.0	22.0	0.34611645894971155	148.5872842754527	67.45505610548436
16	2	inverse_cdf	8	182	105.0	132.0	6.0	0.4236683626624452	24.467520458053528	61.82713893878975
17	1	inverse_cdf	1	10	150.0	86.0	30.0	0.21622144484370764	-168.1841269862545	684.7929890306384
17	1	inverse_cdf	1	11	157.5	636.0	10.0	0.8203972511540276	96.66000125285353	248.07722329446742
17	1	inverse_cdf	1	11	157.5	684.0	4.0	0.9012831110669038	-91.5642296846714	184.0616214824208
17	1	inverse_cdf	1	19	135.0	290.0	4.0	0.5552479484213546	71.389866902658	113.80618475289128
17	1	inverse_cdf	2	25	142.5	182.0	4.0	0.5020864139292874	-104.38436908251434	103.47954910814424
17	1	inverse_cdf	2	25	142.5	314.0	4.0	0.2672080020552065	-148.61981601229857	58.871188953303964
17	1	inverse_cdf	2	27	165.0	986.0	6.0	0.39483371064116124	161.3669981001143	67.2045476165387
17	1	inverse_cdf	2	38	90.0	730.0	4.0	0.36245123258174994	48.989506429561125	78.81520681670455
17	1	inverse_cdf	2	39	82.5	490.0	4.0	0.5478269768105621	-118.82733830209187	98.42629701428446
17	1	inverse_cdf	2	43	105.0	978.0	4.0	0.4842127347940419	72.6518366983997	98.10250951413498
17	1	inverse_cdf	3	51	172.5	514.0	104.0	1.406895102181206	76.38050401920434	556.2448783984667
17	1	inverse_cdf	3	57	75.0	490.0	12.0	1.8659009911936082	170.3471547842791	200.50612043647678
17	1	inverse_cdf	3	57	75.0	814.0	12.0	1.2997107902442548	2.962871394993341	122.30663364606983
17	1	inverse_cdf	3	65	97.5	580.0	8.0	1.625646248404505	78.65358792267085	215.46077603147862
17	1	inverse_cdf	3	65	97.5	640.0	4.0	0.5097717613918911	-109.54986060171747	113.32819918244175
17	1	inverse_cdf	3	68	82.5	20.0	26.0	2.3236666771808814	17.14475805711595	121.47994210028818
17	1	inverse_cdf	3	68	82.5	200.0	14.0	2.092442814216711	179.77557381269233	186.41018002937298
17	1	inverse_cdf	3	69	15.0	536.0	12.0	1.1907084285930323	174.31309905952511	120.12439839015451
17	1	inverse_cdf	3	69	15.0	742.0	10.0	0.6728672066520859	-15.542103934861425	73.10103006329966
17	1	inverse_cdf	4	72	97.5	192.0	4.0	0.5576979038127516	-107.28215664762526	109.83758478717343
17	1	inverse_cdf	4	75	150.0	788.0	4.0	0.21657900892748755	15.799206656783282	49.293629754363955
17	1	inverse_cdf	4	90	75.0	568.0	4.0	0.5600085701615221	77.64761751246408	119.62019037808211
17	1	inverse_cdf	5	98	37.5	604.0	110.0	1.336585219787076	97.33518442678142	376.5331148324491
17	1	inverse_cdf	5	98	37.5	744.0	14.0	0.5727372163827056	89.17926833613673	575.3044612092257
17	1	inverse_cdf	5	103	30.0	430.0	8.0	1.3803219945147152	82.76299838018915	184.64987519823902
17	1	inverse_cdf	5	114	105.0	26.0	8.0	0.600346630720291	-163.01725598190865	79.34656491158631
17	1	inverse_cdf	6	116	90.0	4.0	44.0	8.821345260329254	-33.86023968030981	284.1066723894143
17	1	inverse_cdf	6	116	90.0	368.0	62.0	9.03262912631294	147.04747956520816	299.0997244481744
17	1	inverse_cdf	6	136	45.0	272.0	4.0	0.3682142784129451	-154.71217081069312	80.22401613607327
17	1	inverse_cdf	7	151	165.0	80.0	74.0	12.201409087323329	142.3674145972564	237.65298034279283
17	1	inverse_cdf	7	151	165.0	184.0	4.0	0.520183300947109	-111.06195487302293	108.49084832182734
17	1	inverse_cdf	7	151	165.0	210.0	26.0	1.833957535019699	-95.02766383287812	187.9499875434797
17	1	inverse_cdf	7	154	120.0	12.0	4.0	0.39420186399403845	-118.6006597978007	93.0504086138658
17	1	inverse_cdf	8	162	172.5	68.0	50.0	0.7715115286984997	46.74737256235559	648.8636950863983
17	1	inverse_cdf	8	162	172.5	156.0	58.0	4.77373626594019	-112.88809066530975	667.0261279794848
17	1	inverse_cdf	8	162	172.5	258.0	12.0	0.4890967764478339	80.54930624041378	636.3633491826641
17	1	inverse_cdf	8	165	97.5	296.0	8.0	0.8529402985959931	-167.23367405520295	112.7527446247361
17	1	inverse_cdf	8	169	60.0	326.0	4.0	0.48683001673232623	-123.98192216846613	107.7068950283945
17	1	inverse_cdf	8	169	60.0	494.0	4.0	0.7566384890085939	-97.97242356556043	156.82531870488424
17	1	inverse_cdf	8	171	22.5	738.0	4.0	0.20120836168321835	150.75481233640764	47.519614129084786
17	1	inverse_cdf	8	173	135.0	4.0	26.0	2.5208672131667513	95.71187199599204	229.73285397101125
17	1	inverse_cdf	8	173	135.0	56.0	4.0	1.1055207795510371	90.0849900862623	208.12292770663407
17	2	cdf	1	1	127.5	138.0	10.0	0.9397202880197325	-4.301647031229387	107.45279581095961
17	2	cdf	1	1	127.5	312.0	12.0	1.0536531344615911	-179.46522825123628	101.20996558812185
17	2	cdf	1	7	135.0	106.0	4.0	0.17097533685060073	3.299487113833296	35.6366478031154
17	2	cdf	1	8	120.0	814.0	4.0	0.23177406819082078	116.04066800508645	48.82416622589488
17	2	cdf	1	10	165.0	14.0	4.0	0.11827138415452616	177.6158175171028	27.284271067735496
17	2	cdf	1	13	22.5	254.0	64.0	12.802560956913625	158.95425537313213	393.6676633021198
17	2	cdf	1	13	22.5	516.0	12.0	1.1147329566438982	10.428280331491804	110.75036392086173
17	2	cdf	1	17	37.5	626.0	4.0	0.2018274729712238	-169.70430915582034	44.85237855196853
17	2	cdf	1	19	150.0	816.0	8.0	0.5488217398746554	122.56674560347098	74.65647512174506
17	2	cdf	1	22	45.0	814.0	8.0	0.2747471532227467	156.05174089019488	35.3412501395773
17	2	cdf	1	23	15.0	896.0	4.0	0.15411261885454353	-78.32666022973966	33.59702561787502
17	2	cdf	2	28	105.0	16.0	4.0	0.2542216689718657	-90.0	53.33726077366799
17	2	cdf	2	32	22.5	308.0	14.0	0.9385618414991412	110.5761281370132	82.70892411115567
17	2	cdf	2	32	22.5	856.0	22.0	0.6195150912825325	134.80377772668538	62.601420257788256
17	2	cdf	2	33	90.0	904.0	8.0	0.5003926175679154	42.728132179167346	64.48501185979192
17	2	cdf	2	36	7.5	106.0	4.0	0.17160781816274015	-170.09215916182868	36.55854881564208
17	2	cdf	2	39	37.5	78.0	6.0	0.28233249837854707	178.66862191478518	50.23060037450678
17	2	cdf	2	40	150.0	806.0	6.0	0.3049030196061349	141.7860161915533	47.20527401326029
17	2	cdf	2	44	127.5	638.0	16.0	0.20312876377001998	68.1827567919644	41.76340895910454
17	2	cdf	2	45	135.0	542.0	4.0	0.14678718113778805	174.2275102844339	30.535288499335568
17	2	cdf	3	48	7.5	56.0	6.0	0.3409678741498214	-19.384957176616194	54.295743240222585
17	2	cdf	3	51	30.0	94.0	20.0	0.9130487379097629	-38.78615542002339	53.56427920111717
17	2	cdf	3	51	30.0	338.0	14.0	0.764535191073955	142.3419095704782	60.247216186775184
17	2	cdf	3	51	30.0	716.0	12.0	0.5493058575426301	121.71435850305932	55.41198828501636
17	2	cdf	3	54	82.5	340.0	4.0	0.21528336501699968	-130.3865728172646	42.55327772212387
17	2	cdf	3	55	67.5	612.0	6.0	0.3438801122340195	140.62942446535507	51.52628168386257
17	2	cdf	3	58	60.0	746.0	10.0	0.42538970823161465	56.7799861583726	52.2854017499271
17	2	cdf	3	60	172.5	580.0	10.0	0.3589832435975115	175.2835309644554	35.28434882197169
17	2	cdf	3	60	172.5	900.0	10.0	0.3697862175843118	-3.0506714396849457	38.57707005453408
17	2	cdf	3	62	150.0	880.0	4.0	0.21099948373493602	120.36412313138351	45.42452395005869
17	2	cdf	3	65	22.5	222.0	10.0	0.7530587820472621	172.24005558472734	82.30069043492433
17	2	cdf	3	65	22.5	920.0	8.0	0.36654411088363165	142.83398830099165	45.25594343567752
17	2	cdf	3	66	105.0	4.0	78.0	6.18794865044582	115.19473541699044	547.6621331547068
17	2	cdf	3	66	105.0	914.0	4.0	0.1875115994724819	175.9869266101959	41.86685511645748
17	2	cdf	3	68	45.0	86.0	4.0	0.20807964536378037	37.942944164745384	43.67877241121087
17	2	cdf	3	68	45.0	380.0	4.0	0.2139746432623492	175.6035865662498	49.79096942262411
17	2	cdf	3	69	15.0	322.0	4.0	0.23058400441987909	-4.897029092657164	49.585804950632955
17	2	cdf	3	69	15.0	958.0	4.0	0.17351119271628515	130.02385879150268	41.214121746098925
17	2	cdf	4	75	60.0	548.0	4.0	0.19610827670245357	136.02028168086252	43.424367159504456
17	2	cdf	4	77	67.5	536.0	8.0	0.4093935131107468	104.15096733888608	54.22204529053586
17	2	cdf	4	81	120.0	738.0	4.0	0.1521503341909735	-163.7198094297648	35.830152683239895
17	2	cdf	5	103	127.5	650.0	4.0	0.17839329840591017	124.13325654245907	38.8596985511934
17	2	cdf	5	104	7.5	236.0	20.0	2.2572195208036105	-169.48664631638255	167.176073615518
17	2	cdf	5	104	7.5	626.0	6.0	0.2812886570886403	-172.62787868704677	44.47172105909496
17	2	cdf	5	105	172.5	96.0	10.0	0.6088568744162609	164.69226489374344	68.82291992176935
17	2	cdf	5	105	172.5	630.0	6.0	0.255404238627091	-163.19722257301964	42.520013018171525
17	2	cdf	5	109	120.0	24.0	10.0	0.7066672447333776	10.02601002214257	81.31472356170302
17	2	cdf	5	115	150.0	224.0	4.0	0.202802071564182	-80.69829484802712	48.64143746365859
17	2	cdf	6	119	15.0	12.0	6.0	0.4648792131359072	92.61615235477196	65.22959574832477
17	2	cdf	6	119	15.0	96.0	26.0	1.380796166383438	-179.18287480062926	81.86488335483774
17	2	cdf	6	119	15.0	298.0	6.0	0.4243020242882962	-173.3386607867367	63.21473018623803
17	2	cdf	6	123	157.5	56.0	16.0	1.497884820306434	-179.18404568313	117.0285343531302
17	2	cdf	6	124	45.0	300.0	6.0	0.23802010999764434	124.89624115686227	42.585078845196044
17	2	cdf	6	125	22.5	190.0	4.0	0.2108738183897053	-76.50042892546566	46.11836350725748
17	2	cdf	6	125	22.5	544.0	4.0	0.19195594350605297	127.36665999991001	42.22726858870766
17	2	cdf	6	127	37.5	424.0	4.0	0.17101818015917888	130.72871702408702	35.962214451575555
17	2	cdf	6	127	37.5	894.0	4.0	0.1943389422674432	130.55772683157764	40.7184137244786
17	2	cdf	6	128	30.0	70.0	8.0	0.43609460648443904	178.70680521798826	57.37744893669196
17	2	cdf	6	128	30.0	758.0	4.0	0.18696501435707746	90.50264472960488	41.95924663056603
17	2	cdf	6	134	150.0	786.0	6.0	0.2350647309120571	161.69694426687028	38.978019583738956
17	2	cdf	7	139	15.0	68.0	38.0	2.6725807851200583	-167.4086178797835	345.687182299001
17	2	cdf	7	141	112.5	262.0	6.0	0.19502934579080977	-169.82297873208202	35.45267159482064
17	2	cdf	7	142	105.0	228.0	4.0	0.16963312338731085	-4.993940206404241	38.15019769433332
17	2	cdf	7	150	150.0	590.0	6.0	0.28685899051208463	132.44686682220456	47.00088513805605
17	2	cdf	7	151	30.0	124.0	10.0	0.6195574447944913	149.29745793695338	76.17475297537851
17	2	cdf	7	151	30.0	334.0	12.0	0.6452768661201143	103.82586123762528	64.36223159679494
17	2	cdf	7	151	30.0	596.0	8.0	0.31721719542150867	83.16797888373512	44.235690570377756
17	2	cdf	7	161	135.0	6.0	6.0	0.3075054034477797	26.97587195219026	45.109237248889414
17	2	cdf	8	164	67.5	4.0	30.0	0.2334952279185835	61.45093855528097	67.44187616051484
17	2	cdf	8	169	120.0	404.0	4.0	0.18118331604493454	125.40795264847519	40.77015982665122
17	2	cdf	8	174	7.5	132.0	4.0	0.21693567640712996	-44.70480558538904	43.60724410731793
17	2	cdf	8	175	165.0	4.0	64.0	7.007109727898653	96.34062386215425	304.16471278090165
17	2	cdf	8	175	165.0	422.0	8.0	0.2984143433737297	160.0687721707086	40.69172611340063
17	2	cdf	8	182	105.0	260.0	8.0	0.4585719180733152	-162.08004463777613	63.482658689677606
18	1	cdf	1	2	135.0	80.0	18.0	0.17871826427711882	43.490270190706575	48.502702462253
18	1	cdf	1	3	112.5	556.0	4.0	0.1486808860883965	42.30248674161246	30.645911885700688
18	1	cdf	1	6	7.5	358.0	4.0	0.15719020742834447	126.5239783953673	34.508569442842095
18	1	cdf	1	12	127.5	532.0	20.0	0.2594142262778353	91.81280766938436	45.49475517999145
18	1	cdf	1	13	142.5	14.0	6.0	0.17317425085664231	-14.82320454017953	29.461477723049633
18	1	cdf	1	13	142.5	822.0	20.0	0.323473040184447	100.22919129679349	56.277438856713886
18	1	cdf	1	16	97.5	582.0	22.0	0.2609104061167246	88.55814757378808	43.162841398923035
18	1	cdf	1	17	120.0	14.0	4.0	0.3094254536509157	-82.68623178882642	62.94142636860528
18	1	cdf	1	17	120.0	610.0	4.0	0.19573187674999082	56.97213885822642	43.81210902851176
18	1	cdf	1	17	120.0	972.0	22.0	0.19848636979081727	-172.8759470154884	75.82142743245748
18	1	cdf	1	19	90.0	16.0	6.0	0.735672255073641	-94.35028413104962	121.05608845049058
18	1	cdf	1	19	90.0	316.0	22.0	0.20073772080788696	81.53691180655733	41.60506021140961
18	1	cdf	1	19	90.0	908.0	6.0	0.20324030156960204	111.8067133313352	38.570382889396065
18	1	cdf	1	21	67.5	590.0	28.0	0.1761961260587579	122.07016762133989	89.64074748207348
18	1	cdf	1	21	67.5	912.0	8.0	0.38211265827590984	-35.72890635169026	51.38966825957323
18	1	cdf	1	22	15.0	34.0	20.0	0.205805758509075	23.49233735888811	54.07791262005465
18	1	cdf	1	22	15.0	532.0	18.0	0.4154479896854979	117.27510643285089	82.40747441324339
18	1	cdf	2	29	7.5	68.0	18.0	0.06419890851713823	-4.396508285855821	39.77318573437481
18	1	cdf	2	29	7.5	576.0	24.0	0.5248238974115306	126.23223131205829	77.60335113682754
18	1	cdf	2	29	7.5	832.0	12.0	0.4334489122397177	-5.213291675503848	48.99598935593599
18	1	cdf	2	33	22.5	42.0	18.0	0.07430951886785914	-6.340416819747011	66.6588522278479
18	1	cdf	2	33	22.5	834.0	18.0	0.13215679502230174	104.38191850758543	38.91756077516495
18	1	cdf	2	34	142.5	60.0	4.0	0.21517567697669665	-111.4765793519014	46.50759743746133
18	1	cdf	2	34	142.5	120.0	4.0	0.3395066555175887	-84.73001345160246	71.3268720943201
18	1	cdf	2	34	142.5	558.0	6.0	0.23146665703070488	29.288657870801234	35.50636703909937
18	1	cdf	2	34	142.5	872.0	30.0	1.1622218131519215	6.2419727572756205	153.6197234638056
18	1	cdf	2	35	127.5	64.0	6.0	0.2285963930551186	15.831559874540114	38.75341487626483
18	1	cdf	2	36	97.5	124.0	20.0	0.38920444993323927	-1.932321785682665	73.87373096818786
18	1	cdf	2	36	97.5	556.0	22.0	0.20641437018621195	170.39221737330644	67.29878421203175
18	1	cdf	2	36	97.5	894.0	22.0	0.4737828054798093	6.162718253955201	78.92268907734206
18	1	cdf	2	38	60.0	522.0	24.0	0.1407855408578899	111.18555675782801	51.5517700981576
18	1	cdf	2	40	67.5	472.0	4.0	0.2004071402302677	73.34302805838836	40.70959779528812
18	1	cdf	2	40	67.5	986.0	10.0	0.6732356510812086	21.748438365313966	80.16780617011234
18	1	cdf	2	41	120.0	924.0	6.0	0.1689194862083609	57.696766419006664	38.73269132564133
18	1	cdf	2	42	52.5	534.0	16.0	0.3033610841141077	98.08635582635397	33.611083104389586
18	1	cdf	2	44	75.0	556.0	24.0	0.2562995075298362	6.987353114997489	53.063088892720245
18	1	cdf	2	45	165.0	384.0	22.0	0.16161094662101552	145.34388200538095	39.89771305975601
18	1	cdf	2	46	150.0	324.0	4.0	0.09205703418748035	-11.305801369281731	21.454688326441627
18	1	cdf	3	52	45.0	592.0	4.0	0.14752664327419696	-20.853233209240948	32.57815080264732
18	1	cdf	3	54	127.5	64.0	4.0	0.10687152500559516	3.5219001230472844	24.0695063735586
18	1	cdf	3	54	127.5	496.0	18.0	0.13494505257508424	94.18465292220162	30.405584172141715
18	1	cdf	3	56	112.5	64.0	26.0	0.7097433967411362	-13.77486828812872	117.23972272466685
18	1	cdf	3	56	112.5	322.0	26.0	0.6361343763338759	166.576781878007	115.12094462503102
18	1	cdf	3	56	112.5	860.0	20.0	0.22460435467709278	111.87945253805002	51.1329532020891
18	1	cdf	3	58	172.5	76.0	6.0	0.14848134707122115	23.445931637732368	27.109257858233594
18	1	cdf	3	59	37.5	6.0	10.0	0.44270624806859094	-65.23796522700259	53.80422389394421
18	1	cdf	3	59	37.5	72.0	8.0	0.935582321588094	-89.29645074092343	135.3170372392142
18	1	cdf	3	60	120.0	102.0	12.0	0.283429584494608	76.60805838598267	42.75743411810706
18	1	cdf	3	61	150.0	36.0	44.0	0.19673869507998276	-7.188655639142446	59.646970877286456
18	1	cdf	3	61	150.0	110.0	28.0	0.28875076083664664	102.13331938987083	48.16369894669732
18	1	cdf	3	61	150.0	162.0	70.0	1.9019617067658896	-161.4848276632558	211.5084188043508
18	1	cdf	3	61	150.0	718.0	24.0	0.28755489245912585	-162.3948365894555	85.47435224061326
18	1	cdf	3	62	97.5	32.0	8.0	0.22411599429973458	47.07658047389775	30.686267864853033
18	1	cdf	3	62	97.5	360.0	8.0	0.2725018778107253	-170.9916581183743	36.75315372021552
18	1	cdf	3	62	97.5	676.0	8.0	0.3110540022890589	31.842874380125153	42.86602334996158
18	1	cdf	3	64	22.5	520.0	6.0	0.2740276491111037	46.94633910830315	45.784118277865915
18	1	cdf	3	65	15.0	94.0	4.0	0.1589782700267331	7.712447433265563	33.926705599895804
18	1	cdf	3	65	15.0	376.0	20.0	0.1050301932544974	-151.02738304610975	54.98513262084414
18	1	cdf	3	65	15.0	746.0	20.0	0.16938722497885714	38.30855964748077	48.014886942553325
18	1	cdf	3	66	30.0	528.0	16.0	0.16199882315625788	103.47464526324762	46.56881328375088
18	1	cdf	3	67	165.0	580.0	8.0	0.4455147242827672	73.30210011113346	61.14982790814574
18	1	cdf	3	68	135.0	300.0	16.0	0.20552692109136297	64.46387007284595	41.49200642983169
18	1	cdf	3	68	135.0	538.0	6.0	0.462409092654129	-117.45987972713121	78.01705038028007
18	1	cdf	4	70	135.0	1008.0	4.0	0.17290934019573556	-163.45795317473045	34.013776417943994
18	1	cdf	4	71	172.5	18.0	4.0	0.27881755993194723	-89.32554468645867	58.64823207203337
18	1	cdf	4	71	172.5	78.0	4.0	0.17934892089987722	-32.66735915571479	38.18319339634977
18	1	cdf	4	71	172.5	106.0	62.0	1.139691331577031	-84.29740922984276	67.6618695928156
18	1	cdf	4	71	172.5	718.0	4.0	0.11517647164359607	175.9142729624723	24.51208582981226
18	1	cdf	4	75	142.5	538.0	22.0	0.14496180878111994	-164.23418819914556	66.23250662354924
18	1	cdf	4	75	142.5	906.0	18.0	0.19563620409756538	37.1554784299943	39.12104342088846
18	1	cdf	4	76	157.5	76.0	22.0	0.14710259012133625	10.932548636728542	50.62457409273514
18	1	cdf	4	76	157.5	636.0	22.0	0.20361921889974446	110.7728810422067	59.77334297421295
18	1	cdf	4	77	165.0	496.0	4.0	0.23617704224696104	101.62493278668126	49.646262231457435
18	1	cdf	4	80	90.0	316.0	8.0	0.26138880747408344	-7.212226913151512	34.7208840391167
18	1	cdf	4	80	90.0	684.0	20.0	0.16132460249924613	99.36834362210027	50.599440383467446
18	1	cdf	4	82	60.0	350.0	22.0	0.11953432812944095	134.4444495417052	43.94927241150233
18	1	cdf	4	83	22.5	530.0	6.0	0.24470685245883805	80.34721709848746	40.337063458041726
18	1	cdf	4	87	82.5	8.0	12.0	0.7782766215892696	-97.63478055497197	143.74513175000428
18	1	cdf	4	88	52.5	538.0	20.0	0.3816952260758151	110.38330403809253	48.974791435475936
18	1	cdf	4	89	75.0	528.0	6.0	0.16194651822085346	-17.699432820228527	29.422611874807263
18	1	cdf	4	91	127.5	578.0	18.0	0.31814784123522183	108.3415250254244	40.90859922641573
18	1	cdf	4	92	7.5	492.0	26.0	0.7744585372737088	41.39161377175637	94.83916807877942
18	1	cdf	4	92	7.5	702.0	24.0	0.5785303108145591	-154.81608183442717	119.19618861283172
18	1	cdf	5	94	30.0	550.0	4.0	0.45957965098900844	-90.61382879536144	94.70313299382518
18	1	cdf	5	94	30.0	806.0	14.0	1.0938094905983706	35.28794814918851	93.02571730730742
18	1	cdf	5	95	75.0	540.0	14.0	0.6976268249005159	65.24278780048971	54.80477775175625
18	1	cdf	5	97	150.0	534.0	22.0	0.2523163188402628	107.02074513488002	41.87901602537251
18	1	cdf	5	98	165.0	124.0	4.0	0.3329948829044838	-95.37351949888857	62.72660481807358
18	1	cdf	5	98	165.0	184.0	4.0	0.299594843021595	-85.60127649588246	61.530190174478776
18	1	cdf	5	99	142.5	556.0	6.0	0.27246757035309094	143.81989405438102	43.258497463536145
18	1	cdf	5	99	142.5	932.0	10.0	0.3355994064645179	-13.288744122517565	37.80276197327768
18	1	cdf	5	100	172.5	602.0	22.0	0.21818455395563915	135.00011657506687	51.7638993845921
18	1	cdf	5	103	157.5	342.0	24.0	0.2973611109085981	-171.11023667475243	59.57966728489716
18	1	cdf	5	103	157.5	744.0	8.0	0.2537641383650428	36.053381569931325	32.610405103128336
18	1	cdf	5	104	67.5	352.0	4.0	0.1346449041461248	45.98784988009912	27.998450284152145
18	1	cdf	5	105	7.5	544.0	4.0	0.15281523020750623	114.08752250203325	33.761049007738684
18	1	cdf	5	109	127.5	322.0	6.0	0.2933767293046111	49.537014733455926	48.97810950669989
18	1	cdf	5	109	127.5	794.0	20.0	0.1176672312083107	112.98928132965727	46.99123621164243
18	1	cdf	5	111	15.0	216.0	32.0	1.2298320695430935	-150.76171899847571	147.30171928931904
18	1	cdf	5	113	45.0	454.0	12.0	0.19955392590063295	84.33588124698656	123.36500839074546
18	1	cdf	5	113	45.0	564.0	28.0	0.2530982442365626	2.9736690266106787	68.12249901168155
18	1	cdf	5	114	97.5	26.0	6.0	0.25029723907132045	26.900322892000208	41.1956771605154
18	1	cdf	5	114	97.5	564.0	20.0	0.22891532444032153	107.52560649049461	42.08820859417478
18	1	cdf	6	117	135.0	972.0	22.0	0.5727805282698729	55.03480985922852	97.13700047639838
18	1	cdf	6	118	157.5	4.0	42.0	0.13594067237921773	-109.75579045632838	70.86538161948174
18	1	cdf	6	118	157.5	82.0	6.0	0.3202228045261194	-73.32065381479612	61.81802217422484
18	1	cdf	6	118	157.5	162.0	4.0	0.33639248849945086	104.98626892210737	70.02390449168522
18	1	cdf	6	118	157.5	310.0	34.0	0.4861132787627496	-105.06829776152551	100.88048417011146
18	1	cdf	6	119	37.5	374.0	22.0	0.1666406976135732	62.426228203432835	42.49936923817057
18	1	cdf	6	119	37.5	606.0	26.0	0.3709584523564589	90.76051814014205	93.8625850144528
18	1	cdf	6	120	30.0	72.0	4.0	0.1506492821327716	60.6423657034343	37.23167954374929
18	1	cdf	6	120	30.0	786.0	18.0	0.10658211066333993	-9.752428041965153	25.649831470311888
18	1	cdf	6	121	75.0	584.0	24.0	0.1172627634750464	136.69893517464197	49.11209757350052
18	1	cdf	6	121	75.0	962.0	20.0	0.25691315392952147	27.38465653175028	54.88644634524579
18	1	cdf	6	127	172.5	892.0	4.0	0.4877441521965555	-56.542558840025464	85.76800579467087
18	1	cdf	6	127	172.5	934.0	40.0	0.2271177008389739	162.335658320562	66.7238907764534
18	1	cdf	6	129	22.5	736.0	18.0	0.1838307933804898	29.998695281027786	42.763098118633955
18	1	cdf	6	130	90.0	46.0	20.0	0.18744487800477422	93.51399797623253	36.62976010880265
18	1	cdf	6	131	97.5	396.0	14.0	0.023319829183537914	-140.70375219733043	30.083064796636897
18	1	cdf	6	132	127.5	102.0	4.0	0.3037007565490703	76.56631631105945	67.39899691652461
18	1	cdf	6	132	127.5	596.0	18.0	0.14445636944250204	88.69832879463351	40.1083913278707
18	1	cdf	6	133	112.5	370.0	18.0	0.14443326521731367	179.3489559319226	43.88926317228583
18	1	cdf	6	134	60.0	568.0	18.0	0.2058018189491845	60.373687147137886	40.187459891809134
18	1	cdf	6	134	60.0	878.0	4.0	0.6019245246881569	95.63215808366604	115.08772455597503
18	1	cdf	6	136	7.5	852.0	6.0	0.228500448843192	-176.70582679098152	37.53756275443581
18	1	cdf	6	137	45.0	606.0	4.0	0.2895584819406646	-170.2100296660407	61.998388471088994
18	1	cdf	6	138	120.0	550.0	16.0	0.16939335016049759	93.8842727180447	61.283868363823984
18	1	cdf	6	138	120.0	856.0	18.0	0.4766533916386135	18.87803047376628	95.85868100894176
18	1	cdf	7	140	150.0	598.0	18.0	0.25084646100523883	110.68803040115559	55.15166727452043
18	1	cdf	7	142	75.0	556.0	20.0	0.3179901670064143	84.96697670434008	66.21461259132843
18	1	cdf	7	144	172.5	560.0	14.0	0.05296511026993272	163.80603393296647	35.53932142228677
18	1	cdf	7	146	7.5	482.0	4.0	0.2849427526428279	-80.05224944200874	59.33428427888411
18	1	cdf	7	147	90.0	516.0	20.0	0.06901189102662318	87.27403724970705	24.926406233166826
18	1	cdf	7	149	15.0	378.0	18.0	0.21502484220360138	125.99212913509226	37.93630320335643
18	1	cdf	7	149	15.0	666.0	4.0	0.10023368812106043	2.8157047523776875	21.33720899875977
18	1	cdf	7	150	22.5	568.0	22.0	0.1807966313815451	105.79989697412525	44.457692390667546
18	1	cdf	7	150	22.5	892.0	4.0	0.1349254033104094	-48.94665230245711	30.175844342855186
18	1	cdf	7	151	127.5	122.0	6.0	0.5833184586209318	92.74125199298133	83.31162897148016
18	1	cdf	7	151	127.5	150.0	4.0	0.3279761816222385	-82.23573853313727	66.7120606520152
18	1	cdf	7	153	120.0	556.0	4.0	0.18687949903417075	-30.62270722216297	32.384461273380595
18	1	cdf	7	154	135.0	58.0	4.0	0.12299783722986735	-58.6478280070658	40.769024831439964
18	1	cdf	7	154	135.0	558.0	6.0	0.12162479450427126	-3.0942312563723857	21.46178745036487
18	1	cdf	7	157	142.5	544.0	20.0	0.21164121771307245	156.2182808412513	54.12838887596813
18	1	cdf	7	157	142.5	948.0	6.0	0.19038885659071791	0.0	32.19094081287831
18	1	cdf	7	158	30.0	298.0	8.0	0.304683115063789	19.509422739401522	39.961468787974056
18	1	cdf	7	158	30.0	762.0	20.0	0.16464049932707642	85.42597024736187	46.81548357740795
18	1	cdf	7	159	105.0	344.0	18.0	0.09662451863715653	159.10284228594062	45.066543944474475
18	1	cdf	7	161	157.5	336.0	24.0	0.1328721925550526	162.01333261176697	48.6899330484385
18	1	cdf	9	190	82.5	6.0	4.0	0.3202706055667456	-87.6505078094615	70.06077511849858
18	1	cdf	9	190	82.5	36.0	20.0	0.2937918187608982	111.97947864323207	107.91190785238292
18	1	cdf	9	190	82.5	76.0	6.0	0.533476196580793	-88.94239271129135	82.33899035284814
18	1	cdf	9	190	82.5	104.0	4.0	0.2614782437456775	-86.40147574543242	53.241846381604944
18	1	cdf	9	190	82.5	578.0	4.0	0.17644287949071533	71.56335127582877	40.607960133656476
18	1	cdf	9	191	105.0	8.0	8.0	0.38456210494296184	-2.9346267069692202	51.0228945438612
18	1	cdf	9	191	105.0	608.0	22.0	0.23264494880547157	63.61165503902531	60.03810453572035
18	1	cdf	9	192	52.5	574.0	6.0	0.2957493065353642	13.804222171092926	43.29284205755782
18	1	cdf	9	195	37.5	352.0	20.0	0.36793484447059094	28.509016622161212	55.64101881479068
18	1	cdf	9	195	37.5	608.0	22.0	0.3022651271919672	-177.51036728838855	76.69838136846894
18	1	cdf	9	195	37.5	982.0	8.0	0.3476876717806593	5.145576192309392	45.33100294435227
18	1	cdf	9	196	75.0	384.0	6.0	0.2372545998212061	14.42080639138528	36.15887998010599
18	1	cdf	9	196	75.0	862.0	24.0	0.29411643547271865	171.0106497556883	58.94952722621706
18	1	cdf	9	197	135.0	552.0	22.0	0.2579231016719133	6.944335512959103	48.50371439935876
18	1	cdf	9	199	142.5	90.0	4.0	0.11626010925986023	18.945555650881897	26.39616710239775
18	1	cdf	9	199	142.5	532.0	22.0	0.3436708739596034	126.65127730239098	56.65598675991131
18	1	cdf	9	202	30.0	16.0	6.0	0.35777432495854705	-91.57723668286863	64.5994098162979
18	1	cdf	9	202	30.0	74.0	22.0	0.8271388814417262	-89.7726182679433	66.70642433394927
18	1	cdf	9	202	30.0	548.0	6.0	0.338936478803534	79.39651060064529	52.39150104765819
18	1	cdf	9	203	112.5	96.0	22.0	0.2516204793165073	105.1240051752373	43.39488082602284
18	1	cdf	9	203	112.5	610.0	22.0	0.27176196138285363	34.17039518571579	74.18925877308173
18	1	cdf	9	204	60.0	10.0	6.0	0.2467069843474925	33.060009300698574	41.044807551654614
18	1	cdf	9	204	60.0	370.0	20.0	0.24820030158025852	170.10000683711672	60.2101871340737
18	1	cdf	9	204	60.0	774.0	20.0	0.26203618788787686	79.5360309814466	41.30493641101222
18	1	cdf	9	205	7.5	254.0	8.0	0.3797339787409144	40.09121894111749	52.063209062565384
18	1	cdf	9	205	7.5	604.0	22.0	0.2730267118623857	109.30603323486221	57.43675819257284
18	1	cdf	9	205	7.5	984.0	6.0	0.1626078359946196	2.3138045416950996	27.98525739835042
18	1	cdf	9	207	45.0	24.0	24.0	0.7862292310777266	-51.98944720593299	63.41157107835641
18	1	cdf	9	207	45.0	74.0	10.0	1.097284106099344	-85.79719265122628	144.0135432614621
18	2	inverse_cdf	1	4	105.0	554.0	14.0	0.2955985202718222	62.55818696680238	42.61191278711759
18	2	inverse_cdf	1	6	67.5	522.0	8.0	0.3348039494791992	61.287514021867786	44.556118636557144
18	2	inverse_cdf	1	9	52.5	30.0	10.0	0.6875217666152877	-78.8507544000364	76.77379744218321
18	2	inverse_cdf	1	9	52.5	102.0	6.0	0.6036182475263999	-98.28580856881679	88.07371787148027
18	2	inverse_cdf	1	9	52.5	680.0	20.0	0.40177832228370997	59.02152699447128	63.07514624218486
18	2	inverse_cdf	1	10	22.5	556.0	8.0	0.5028906252060629	47.75362676921866	76.87105802105624
18	2	inverse_cdf	1	12	90.0	986.0	6.0	0.2391934478765576	110.0647958010058	37.85747040467528
18	2	inverse_cdf	1	14	157.5	44.0	4.0	0.24807441402332212	-86.966074028651	48.76233805233322
18	2	inverse_cdf	1	14	157.5	552.0	22.0	0.3735243135511975	112.74765909844636	85.95256670411766
18	2	inverse_cdf	1	16	120.0	62.0	6.0	0.2259094449168834	121.05172647236785	37.005462296757464
18	2	inverse_cdf	1	17	165.0	554.0	24.0	0.38283795986062397	128.74988204124662	67.48661053460415
18	2	inverse_cdf	1	17	165.0	930.0	4.0	0.1290747051453119	11.731582728530167	27.532532927381535
18	2	inverse_cdf	1	19	75.0	68.0	36.0	4.275868175197445	-85.663286171782	366.30937339815756
18	2	inverse_cdf	1	19	75.0	302.0	56.0	5.040221126530207	91.2874837628109	376.6267526822165
18	2	inverse_cdf	1	19	75.0	630.0	4.0	0.2571097942646132	84.50551180423099	58.387228979116294
18	2	inverse_cdf	1	21	45.0	368.0	22.0	0.4163273291281478	28.462805616716057	48.58926497526095
18	2	inverse_cdf	2	26	112.5	562.0	24.0	0.734475719326615	19.44090370428087	105.26676064027367
18	2	inverse_cdf	2	26	112.5	762.0	26.0	0.6165656624355743	173.1218839660415	121.46903710663783
18	2	inverse_cdf	2	29	127.5	10.0	32.0	1.3638523369451123	-157.05251113907664	181.76680214584826
18	2	inverse_cdf	2	29	127.5	748.0	26.0	0.7123179204541268	-145.8008487669309	106.46818993128436
18	2	inverse_cdf	2	31	45.0	588.0	4.0	0.09361050997304504	2.0089690832871594	20.52010769794089
18	2	inverse_cdf	2	32	52.5	18.0	28.0	0.7975545534851556	-78.36542758913829	106.14503096878927
18	2	inverse_cdf	2	32	52.5	80.0	6.0	0.5060528815499409	-93.16065459919876	77.83771893098569
18	2	inverse_cdf	2	32	52.5	534.0	24.0	0.5304546335720782	39.32860760675089	59.52814045306345
18	2	inverse_cdf	2	33	97.5	494.0	30.0	0.47815807493766516	126.91868214765098	70.94324943774231
18	2	inverse_cdf	2	34	105.0	562.0	26.0	0.27450250495686623	115.49750627277866	99.287903413196
18	2	inverse_cdf	2	37	157.5	542.0	24.0	0.5835558760932545	67.68540748973432	82.26038567048971
18	2	inverse_cdf	2	39	172.5	8.0	44.0	0.3909016255166239	-50.964759551000455	72.48571947514387
18	2	inverse_cdf	2	39	172.5	78.0	6.0	0.6197928323486034	-99.91151501205962	85.99526428448397
18	2	inverse_cdf	2	41	135.0	20.0	8.0	0.23981043737688834	7.075635647775729	34.23621743407792
18	2	inverse_cdf	2	41	135.0	548.0	24.0	0.1688382778168848	105.7944514020656	59.193817914529326
18	2	inverse_cdf	2	44	165.0	4.0	18.0	0.48906002436507323	-42.4125398559314	66.24260569321115
18	2	inverse_cdf	2	45	60.0	64.0	30.0	0.7659943162247743	-162.41512979001905	117.40739805725467
18	2	inverse_cdf	2	45	60.0	128.0	4.0	0.6290946827436061	-77.34129657427445	114.67157384474561
18	2	inverse_cdf	2	45	60.0	326.0	50.0	5.190449557179275	-39.7724184737737	385.78979385645243
18	2	inverse_cdf	2	45	60.0	564.0	62.0	5.901562266728536	146.14854663790342	422.5633753408123
18	2	inverse_cdf	2	45	60.0	940.0	20.0	0.36356703621892816	81.17081240199224	71.08074894002316
18	2	inverse_cdf	3	50	67.5	76.0	6.0	0.8737633438816098	-87.8470019377358	121.7191022564149
18	2	inverse_cdf	3	50	67.5	128.0	6.0	0.4675816743315214	-96.6517984246222	77.90302186325736
18	2	inverse_cdf	3	50	67.5	622.0	26.0	0.2609687089895116	179.63975939781926	80.30479447171635
18	2	inverse_cdf	3	50	67.5	970.0	24.0	0.29072206165082665	6.481312678242143	64.43323516017676
18	2	inverse_cdf	3	51	82.5	550.0	22.0	0.2888518811578455	126.22318242329244	52.270154315510595
18	2	inverse_cdf	3	52	105.0	16.0	4.0	0.29062077588117846	-87.7343941695606	64.31187010483198
18	2	inverse_cdf	3	52	105.0	72.0	24.0	0.026260047446132556	180.0	115.73969104631554
18	2	inverse_cdf	3	52	105.0	126.0	4.0	0.3586426337588549	-71.31714879159769	67.3482709506199
18	2	inverse_cdf	3	52	105.0	356.0	32.0	0.18269778604662582	-162.21713539155428	98.08294346870213
18	2	inverse_cdf	3	56	45.0	188.0	32.0	3.2325729255243636	176.15896159563002	307.23473452162386
18	2	inverse_cdf	3	56	45.0	578.0	24.0	0.2879546676099882	108.95744645412594	70.31959617046749
18	2	inverse_cdf	3	57	37.5	336.0	20.0	0.19071087788086605	-33.40837612004895	49.838927071207635
18	2	inverse_cdf	3	59	75.0	294.0	36.0	1.0087090401197305	98.42063062511662	98.38625727621876
18	2	inverse_cdf	3	61	97.5	540.0	22.0	0.2751687337647411	84.86738051490408	50.49631636140633
18	2	inverse_cdf	3	63	142.5	16.0	8.0	0.8094204119812101	-88.48948310792481	106.33582576716579
18	2	inverse_cdf	3	63	142.5	58.0	20.0	0.06281743201732425	146.72965909362696	78.36466454676744
18	2	inverse_cdf	3	63	142.5	584.0	4.0	0.08015376154352274	-10.616834413077374	20.21027775865357
18	2	inverse_cdf	4	70	82.5	20.0	6.0	0.3709256435363617	-90.0	57.86056918565902
18	2	inverse_cdf	4	70	82.5	818.0	20.0	0.12104992342142547	130.59864189563032	31.523553812003023
18	2	inverse_cdf	4	72	67.5	44.0	4.0	0.37916352253430224	-82.28828958205523	78.5736444026853
18	2	inverse_cdf	4	72	67.5	76.0	6.0	0.491401567828298	-82.7083361667128	78.42837273523301
18	2	inverse_cdf	4	73	7.5	662.0	4.0	0.1471848696260567	112.27942323559185	33.01135995864146
18	2	inverse_cdf	4	75	97.5	318.0	26.0	0.2930993424000776	114.12817182240366	50.92979729624446
18	2	inverse_cdf	4	76	90.0	316.0	24.0	0.16583621659931752	141.42815900868186	59.771993857049196
18	2	inverse_cdf	4	76	90.0	944.0	4.0	0.23047117232983383	79.32986840856431	49.27475399606729
18	2	inverse_cdf	4	79	172.5	20.0	4.0	0.271525890832126	-85.840393362301	51.37018728456772
18	2	inverse_cdf	4	79	172.5	296.0	8.0	0.3224658831198099	24.34664402034273	43.14942244296308
18	2	inverse_cdf	4	79	172.5	676.0	22.0	0.1910949308304453	-175.07323714151016	55.6606987932674
18	2	inverse_cdf	4	79	172.5	984.0	4.0	0.14536199896222812	6.4819336398363	30.873732104766994
18	2	inverse_cdf	4	81	52.5	100.0	6.0	0.31595567364503213	23.901511413519163	47.37110020621808
18	2	inverse_cdf	4	81	52.5	572.0	24.0	0.1688047521792689	63.433779035272686	57.44795993262135
18	2	inverse_cdf	4	82	60.0	288.0	18.0	0.2066497254058723	102.38248554072842	56.346309788038965
18	2	inverse_cdf	4	82	60.0	712.0	8.0	0.24427572510778084	141.82110488223182	33.494451542270404
18	2	inverse_cdf	4	85	15.0	172.0	4.0	0.3170318109794012	-87.62637566205818	62.49333095374522
18	2	inverse_cdf	4	85	15.0	282.0	6.0	0.43354603212767173	-91.95249676358686	68.95939673830907
18	2	inverse_cdf	4	86	22.5	4.0	4.0	0.16924686604605363	-160.15897682913095	35.99101052552301
18	2	inverse_cdf	4	87	112.5	580.0	4.0	0.25309804258861307	99.70658768208926	54.01138103380776
18	2	inverse_cdf	4	88	75.0	80.0	4.0	0.1456945602209325	165.6524238459195	30.665272404836912
18	2	inverse_cdf	4	89	165.0	316.0	18.0	0.2846537236586842	170.37560943524437	58.18189396272612
18	2	inverse_cdf	4	91	30.0	104.0	20.0	0.3368329368243427	112.94173881153343	62.64550352917585
18	2	inverse_cdf	4	91	30.0	908.0	14.0	0.22545332961155745	94.17443218893781	48.53823943027757
18	2	inverse_cdf	5	93	172.5	92.0	20.0	0.20203759288514156	69.05806761135977	121.19265112202456
18	2	inverse_cdf	5	93	172.5	224.0	4.0	0.5327606576002388	102.45283187343725	103.00648185093736
18	2	inverse_cdf	5	93	172.5	294.0	14.0	0.17202045286381334	-105.49312337929597	100.65447326655065
18	2	inverse_cdf	5	93	172.5	376.0	4.0	0.46356410125180014	93.24711099336845	94.39158277061598
18	2	inverse_cdf	5	93	172.5	464.0	24.0	0.4317358148573753	98.74514166498321	110.60120958556598
18	2	inverse_cdf	5	96	7.5	296.0	10.0	0.41092211070336193	136.29752810358477	46.70775209452629
18	2	inverse_cdf	5	97	82.5	582.0	24.0	0.34137177012646636	158.86459976254218	57.90102326451411
18	2	inverse_cdf	5	98	37.5	68.0	4.0	0.1935967216771473	82.69405327468496	39.61353042536918
18	2	inverse_cdf	5	99	105.0	522.0	26.0	0.27179300204590434	127.14777171979216	48.30181339789825
18	2	inverse_cdf	5	101	142.5	22.0	8.0	0.7162813243133912	-98.1672315713287	97.83340548146066
18	2	inverse_cdf	5	101	142.5	542.0	24.0	0.3532906878982604	155.5818428281043	82.25599643415586
18	2	inverse_cdf	5	103	165.0	568.0	24.0	0.2614638321429156	170.2423553336857	59.667062556120314
18	2	inverse_cdf	5	106	127.5	16.0	6.0	0.1798793671197802	58.048061163849425	33.82074940700955
18	2	inverse_cdf	5	106	127.5	570.0	20.0	0.3545124602121311	157.11789610853387	53.003386366122555
18	2	inverse_cdf	5	107	75.0	14.0	6.0	0.36781635747147373	-91.78995118799172	55.151098115989
18	2	inverse_cdf	5	107	75.0	48.0	4.0	0.2729459365100968	-86.5526108200443	54.862753271709416
18	2	inverse_cdf	5	107	75.0	108.0	34.0	0.40728407991081966	-84.45016373622535	105.44784327424935
18	2	inverse_cdf	5	107	75.0	208.0	4.0	0.19436154362865365	-101.69265568607088	42.77331617228768
18	2	inverse_cdf	5	107	75.0	318.0	20.0	0.29273967323347494	-172.91833901922232	75.71879939469834
18	2	inverse_cdf	5	111	135.0	580.0	20.0	0.2465440660074031	162.16788162137718	68.48325926290858
18	2	inverse_cdf	5	112	30.0	512.0	22.0	0.21850868607920976	67.47563517957296	43.24468371242161
18	2	inverse_cdf	5	113	157.5	534.0	26.0	0.7047541489814768	177.4640468953773	123.56133143018192
18	2	inverse_cdf	5	115	52.5	318.0	22.0	0.42113918313252785	50.850754645308335	61.70284701909252
18	2	inverse_cdf	5	115	52.5	602.0	20.0	0.1411553775712275	-179.33380159096242	52.528959122519126
18	2	inverse_cdf	6	116	112.5	338.0	26.0	0.3397402141289999	142.85315293676234	67.34570961471769
18	2	inverse_cdf	6	117	142.5	246.0	50.0	3.0033011359831834	173.88527459754962	293.77871982978
18	2	inverse_cdf	6	117	142.5	884.0	4.0	0.12942019203807628	12.447953574468114	29.093514115264718
18	2	inverse_cdf	6	118	165.0	624.0	26.0	0.2803892864515383	169.54557305946318	80.20195674755145
18	2	inverse_cdf	6	119	67.5	288.0	18.0	0.2851888479027866	79.72328209680944	45.0665245446477
18	2	inverse_cdf	6	121	105.0	4.0	72.0	7.837585617644352	85.11093583455428	573.8017074210317
18	2	inverse_cdf	6	122	45.0	544.0	6.0	0.19962767351891123	128.6704816200959	32.71345923422355
18	2	inverse_cdf	6	123	172.5	558.0	18.0	0.18993085984170627	80.04764013116005	37.54554609635535
18	2	inverse_cdf	6	127	97.5	420.0	26.0	0.1805697686024086	178.9583802560522	54.956642341864516
18	2	inverse_cdf	6	129	22.5	82.0	16.0	0.3103484189675045	88.18165866401301	39.68722036902856
18	2	inverse_cdf	6	133	15.0	554.0	18.0	0.4592108990535907	80.53719702729299	53.828438677508245
18	2	inverse_cdf	6	135	120.0	324.0	40.0	0.46700592880943664	132.435991043071	80.95404556848425
18	2	inverse_cdf	6	136	90.0	50.0	26.0	0.3702315945917057	-171.3310698328589	70.6464712796043
18	2	inverse_cdf	6	136	90.0	584.0	4.0	0.1521502393178801	66.47627856439281	32.24588330293443
18	2	inverse_cdf	7	141	30.0	532.0	20.0	0.3761067458098092	112.31105812301908	47.326942809434044
18	2	inverse_cdf	7	144	97.5	552.0	22.0	0.3730066803676944	114.98703904108136	50.11018103908921
18	2	inverse_cdf	7	145	60.0	560.0	24.0	0.19818080908963515	116.56512694776076	40.574184280790654
18	2	inverse_cdf	7	148	127.5	4.0	14.0	0.5667171704244337	-76.60482225327986	117.58614659572329
18	2	inverse_cdf	7	148	127.5	42.0	6.0	0.5881320954096938	-87.44099466101368	83.48738176104112
18	2	inverse_cdf	7	150	112.5	26.0	4.0	0.23703329070806023	-94.36827602654948	47.63743391625798
18	2	inverse_cdf	7	150	112.5	554.0	8.0	0.3765317736750365	63.87991452239599	49.05588240603232
18	2	inverse_cdf	7	151	82.5	4.0	10.0	0.42875346245643287	-19.680394135525237	51.22410161112077
18	2	inverse_cdf	7	151	82.5	312.0	8.0	0.33892841328024664	19.220929921802252	44.80692629665327
18	2	inverse_cdf	7	152	22.5	40.0	18.0	0.7404368641340907	-81.20374551428966	69.77411547648468
18	2	inverse_cdf	7	152	22.5	92.0	4.0	0.2301459016855132	-77.64751725704913	47.96171064106174
18	2	inverse_cdf	7	152	22.5	552.0	20.0	0.28240053454016656	138.0598674935507	51.78836869235824
18	2	inverse_cdf	7	153	172.5	74.0	22.0	0.2052060719816241	-7.352398956212648	59.46425544483168
18	2	inverse_cdf	7	158	15.0	152.0	4.0	0.44669837400837303	84.51814499596843	95.40135938042025
18	2	inverse_cdf	7	159	165.0	558.0	24.0	0.3259473036895689	117.59761031859037	74.5252572001209
18	2	inverse_cdf	7	161	37.5	544.0	14.0	0.6460038072677409	30.53957978416266	61.739264973048286
18	2	inverse_cdf	8	162	75.0	972.0	4.0	0.08540234225416254	-2.2026379369626548	19.659889706202534
18	2	inverse_cdf	8	166	90.0	660.0	16.0	0.07251423420721662	174.8062563571879	32.90500949964111
18	2	inverse_cdf	8	167	37.5	24.0	6.0	0.9383713258662133	-95.11767005168156	129.90312982292005
18	2	inverse_cdf	8	167	37.5	272.0	18.0	0.3824678558036846	103.14605887542913	51.27954743935674
18	2	inverse_cdf	8	171	67.5	602.0	26.0	0.28599665330217766	119.95219044434016	55.930355311263355
18	2	inverse_cdf	8	172	97.5	24.0	6.0	0.5159792297623611	-79.7391945838088	77.51633274707825
18	2	inverse_cdf	8	172	97.5	62.0	14.0	0.4831048961659377	-83.7588166622498	61.99156575335423
18	2	inverse_cdf	8	172	97.5	104.0	4.0	0.2543731808542366	-69.21449913720608	53.45657682069195
18	2	inverse_cdf	8	175	112.5	840.0	6.0	0.1807264927990807	13.656136335768872	27.086333059570794
18	2	inverse_cdf	8	180	165.0	324.0	8.0	0.39351689406984997	22.817354924660442	52.439207914219274
18	2	inverse_cdf	8	184	15.0	262.0	22.0	0.4822706014699985	141.51160936729738	79.31211802735751
19	1	inverse_cdf	1	4	30.0	592.0	4.0	0.19268061019708252	95.37645500079402	40.547402726007654
19	1	inverse_cdf	1	7	52.5	72.0	10.0	1.026359959282258	3.846714871370405	112.77202637638379
19	1	inverse_cdf	1	7	52.5	302.0	12.0	1.0918536453233563	178.19269175585845	106.6592829110502
19	1	inverse_cdf	1	10	97.5	380.0	6.0	0.5273992322013139	9.48825755974974	90.55753331499164
19	1	inverse_cdf	1	10	97.5	574.0	6.0	0.3992508795509635	164.9994289381284	63.50005901156712
19	1	inverse_cdf	1	12	105.0	976.0	6.0	0.31975430871350957	-29.851936761835727	51.99915995374587
19	1	inverse_cdf	1	14	172.5	710.0	6.0	0.27671957278381215	157.70871389520724	46.11922483454526
19	1	inverse_cdf	1	14	172.5	882.0	6.0	0.24752284726220747	-11.07936658015711	40.29190287040858
19	1	inverse_cdf	1	15	165.0	870.0	4.0	0.32360196566379806	145.753881474215	65.32212515548663
19	1	inverse_cdf	1	18	45.0	294.0	4.0	0.3125793641330241	152.50237274402545	63.65693984996774
19	1	inverse_cdf	1	18	45.0	600.0	6.0	0.4301956804496699	162.46896263821503	70.34761417763116
19	1	inverse_cdf	1	18	45.0	854.0	4.0	0.25387930559083854	5.562315052884061	57.33287788535398
19	1	inverse_cdf	1	21	90.0	68.0	8.0	0.5126748128596273	2.93471998259913	71.63093330062128
19	1	inverse_cdf	1	21	90.0	358.0	4.0	0.20792556747619384	168.16456573675467	48.22832270126707
19	1	inverse_cdf	1	22	142.5	414.0	10.0	0.2892931249492788	105.46313584179912	46.147192186504014
19	1	inverse_cdf	1	23	127.5	232.0	12.0	0.8716434593274675	3.668525359803891	92.61506009755723
19	1	inverse_cdf	2	25	120.0	600.0	6.0	0.45299536378405686	1.037505050250223	66.917873827216
19	1	inverse_cdf	2	25	120.0	678.0	10.0	0.5752746115588233	176.89415582264292	66.70304232786165
19	1	inverse_cdf	2	25	120.0	812.0	8.0	0.5714668864263375	1.974322475821984	77.1367070809127
19	1	inverse_cdf	2	27	165.0	576.0	8.0	0.4415344228458269	168.86315747493336	58.41580354497387
19	1	inverse_cdf	2	27	165.0	838.0	10.0	0.4594388596452111	9.659128563422653	48.16724793612761
19	1	inverse_cdf	2	28	60.0	814.0	4.0	0.20395124568951342	140.57284676405072	43.693827721441764
19	1	inverse_cdf	2	30	7.5	90.0	6.0	0.4580982256694039	-1.8465426396378963	69.61981213471408
19	1	inverse_cdf	2	30	7.5	338.0	6.0	0.435191178280333	-167.59554892230665	65.3314181420726
19	1	inverse_cdf	2	33	75.0	8.0	4.0	0.23601830884766709	13.256429902376299	51.10680003844006
19	1	inverse_cdf	2	35	150.0	708.0	10.0	0.8882771789498477	11.172617881333045	93.4220779847381
19	1	inverse_cdf	2	35	150.0	794.0	12.0	0.6892273317482127	-179.59107611985587	62.381025878743685
19	1	inverse_cdf	2	35	150.0	982.0	6.0	0.3847369593944716	3.4197699595657363	62.22930771493044
19	1	inverse_cdf	2	36	22.5	970.0	14.0	0.7976401037214806	161.5420095835953	68.01619021592884
19	1	inverse_cdf	2	37	112.5	102.0	4.0	0.24469681956553863	9.644177336449301	54.70010255409108
19	1	inverse_cdf	2	37	112.5	314.0	6.0	0.40124922450951156	-171.77536134925296	68.00357238483689
19	1	inverse_cdf	2	38	127.5	778.0	8.0	0.4347862415288262	11.0883408716729	56.75508275493967
19	1	inverse_cdf	2	38	127.5	982.0	6.0	0.4560374595028568	-169.22517507434716	72.33208320627834
19	1	inverse_cdf	2	40	90.0	792.0	8.0	0.43825694752255256	-5.15269774260458	59.04123344822258
19	1	inverse_cdf	2	40	90.0	948.0	10.0	0.6889459346496338	157.90324279945582	75.84850164423928
19	1	inverse_cdf	2	42	105.0	264.0	6.0	0.3745364395830707	21.038982091433105	59.290435146778016
19	1	inverse_cdf	2	43	30.0	552.0	8.0	0.531830699723317	178.93971789354651	71.25647944008739
19	1	inverse_cdf	2	44	142.5	80.0	4.0	0.1807918197668915	126.15568807560429	38.98332430487391
19	1	inverse_cdf	2	44	142.5	584.0	6.0	0.27707873926517257	161.35863760823605	47.784100470689644
19	1	inverse_cdf	3	49	127.5	4.0	20.0	0.08790288638576162	75.95257472665399	80.35788222886563
19	1	inverse_cdf	3	49	127.5	552.0	6.0	0.263093102103151	13.333471753159065	43.67727300888969
19	1	inverse_cdf	3	50	82.5	708.0	20.0	0.5365218178594722	152.50900953108828	60.74922465237827
19	1	inverse_cdf	3	51	75.0	628.0	24.0	0.34618429791345523	126.34318456974009	49.34901333568249
19	1	inverse_cdf	3	51	75.0	854.0	18.0	0.17244605752693817	-62.20241782981126	47.36761198139728
19	1	inverse_cdf	3	52	22.5	112.0	4.0	0.18497321383244925	-21.317779441349554	41.78207270516516
19	1	inverse_cdf	3	52	22.5	346.0	6.0	0.2679168936378899	176.84230155334035	42.22060826648886
19	1	inverse_cdf	3	53	15.0	56.0	18.0	0.22313101326427712	-126.04344118024399	61.81645268028632
19	1	inverse_cdf	3	53	15.0	610.0	8.0	0.5186221336717919	-14.463343378248663	71.20559332793941
19	1	inverse_cdf	3	53	15.0	772.0	20.0	0.22851413979085536	135.31770276766093	56.218998684456835
19	1	inverse_cdf	3	54	52.5	196.0	4.0	0.22569527175007476	17.772828336182524	49.89996646131793
19	1	inverse_cdf	3	56	30.0	64.0	8.0	0.5627978330270075	175.82269983709742	73.93765903857837
19	1	inverse_cdf	3	56	30.0	718.0	16.0	0.5790897771495055	36.68789885185051	77.14905939660404
19	1	inverse_cdf	3	56	30.0	962.0	10.0	0.45315526796288874	167.88357281264572	50.60527352725454
19	1	inverse_cdf	3	59	172.5	132.0	12.0	0.697869736720798	-40.9939190648651	63.03085910474428
19	1	inverse_cdf	3	60	97.5	906.0	4.0	0.25982426458125096	140.39442486990595	55.989047811774064
19	1	inverse_cdf	3	61	60.0	250.0	6.0	0.38585605292425773	177.80767987232935	61.82915704949918
19	1	inverse_cdf	3	63	7.5	60.0	8.0	0.24297937791551988	-25.159785320528304	33.76206980991298
19	1	inverse_cdf	3	64	157.5	132.0	40.0	2.375478936631757	-30.542322371312615	150.36276260049246
19	1	inverse_cdf	3	64	157.5	330.0	28.0	3.685455308766764	140.7014411507055	207.32203157782737
19	1	inverse_cdf	3	65	112.5	238.0	6.0	0.38340438068145455	12.599345720325623	59.547248271259704
19	1	inverse_cdf	3	65	112.5	650.0	8.0	0.4076519926621545	176.7719223634494	49.43947505680451
19	1	inverse_cdf	3	65	112.5	838.0	6.0	0.3760153452009869	20.955460570410413	59.34193359182852
19	1	inverse_cdf	3	65	112.5	904.0	6.0	0.4923805964537726	-165.138733911328	81.37619257079656
19	1	inverse_cdf	3	66	120.0	28.0	20.0	0.6740853388933545	10.372040478026458	97.89413154889431
19	1	inverse_cdf	3	66	120.0	294.0	6.0	0.38077258497837096	-5.437505455407234	63.83677074614872
19	1	inverse_cdf	3	66	120.0	678.0	8.0	0.37617445909821906	162.75989748522363	48.89695743709207
19	1	inverse_cdf	3	66	120.0	816.0	8.0	0.3767304323685891	33.264089443201776	50.68967106927926
19	1	inverse_cdf	3	66	120.0	984.0	6.0	0.26596779192545944	177.87978642724522	46.49105053425482
19	1	inverse_cdf	3	67	165.0	48.0	4.0	0.33480759646695524	180.0	65.6575557295609
19	1	inverse_cdf	3	69	90.0	10.0	4.0	0.20836699599314154	-179.54905948958583	45.04817959903534
19	1	inverse_cdf	3	69	90.0	264.0	10.0	0.36930691611464816	166.65129278926878	41.02082732159074
19	1	inverse_cdf	4	72	67.5	552.0	18.0	0.992966484309114	91.79937852240336	62.8933035776946
19	1	inverse_cdf	4	72	67.5	602.0	6.0	0.61079119751259	-102.0976181076853	89.1420246275664
19	1	inverse_cdf	4	74	82.5	318.0	22.0	0.37740597316685254	-166.94114275465762	84.24943340565764
19	1	inverse_cdf	4	74	82.5	648.0	8.0	0.4029642138258938	-3.7336637767546406	50.500075391345085
19	1	inverse_cdf	4	75	127.5	22.0	10.0	0.5545346057969027	13.158664097712153	55.163954714431604
19	1	inverse_cdf	4	75	127.5	434.0	6.0	0.33361181766343057	15.391109539464281	56.67495141457812
19	1	inverse_cdf	4	76	7.5	54.0	18.0	0.5150719790144518	27.26063292169129	80.73503392829772
19	1	inverse_cdf	4	76	7.5	272.0	6.0	0.42049289514443977	174.40882827539284	65.44059451743851
19	1	inverse_cdf	4	76	7.5	912.0	4.0	0.21051830974115826	171.94232360595788	46.663212934833496
19	1	inverse_cdf	4	79	90.0	910.0	4.0	0.30078875409406525	25.825325753032708	62.44912676403648
19	1	inverse_cdf	4	81	165.0	126.0	8.0	0.4831028563450163	162.01777516522176	62.02002262618203
19	1	inverse_cdf	4	81	165.0	372.0	4.0	0.19127038625221737	-9.372431333243586	42.98117749848392
19	1	inverse_cdf	4	82	112.5	10.0	4.0	0.2113845952935403	113.8101268032053	45.21516824475756
19	1	inverse_cdf	4	83	52.5	608.0	8.0	0.38975414051005974	176.3852282158018	51.14889271549026
19	1	inverse_cdf	4	83	52.5	838.0	6.0	0.3519839265742072	-6.683559701635575	50.45142075330419
19	1	inverse_cdf	4	86	105.0	644.0	6.0	0.3684385992101979	-173.35826547667006	55.842236458666434
19	1	inverse_cdf	4	86	105.0	898.0	4.0	0.19211648960062683	1.9559592158303394	45.84738093140703
19	1	inverse_cdf	4	87	75.0	144.0	22.0	0.4853886447267281	169.6873634511304	69.13374460618925
19	1	inverse_cdf	4	87	75.0	550.0	4.0	0.29560799375625163	22.84206700172025	61.068392163453716
19	1	inverse_cdf	4	88	135.0	352.0	8.0	0.5458158434805037	-170.4915563443087	71.56323554631057
19	1	inverse_cdf	4	88	135.0	568.0	6.0	0.3750603464832597	-8.544928477946819	56.383984120889785
19	1	inverse_cdf	4	88	135.0	650.0	10.0	0.5794012222648626	175.61763368084897	65.37622304641658
19	1	inverse_cdf	4	88	135.0	836.0	6.0	0.2670097155125008	5.286424492479675	44.057981323771884
19	1	inverse_cdf	4	89	157.5	866.0	22.0	0.23773821827169092	26.18514593276149	46.511847920311595
19	1	inverse_cdf	4	91	15.0	548.0	4.0	0.24063332544296503	-145.58530804370335	55.59728107473984
19	1	inverse_cdf	4	92	22.5	366.0	6.0	0.42838486979216345	179.56140948602373	65.93846327089075
19	1	inverse_cdf	4	92	22.5	546.0	4.0	0.24827224887684632	3.407503030610622	51.988275193826276
19	1	inverse_cdf	5	94	120.0	4.0	28.0	1.6119257242397267	97.90060256333169	571.4830188818908
19	1	inverse_cdf	5	94	120.0	250.0	4.0	0.20067452424038518	-94.69124129303572	44.53057706140214
19	1	inverse_cdf	5	94	120.0	608.0	16.0	0.08989624993974077	-128.36853546408213	50.73534170164814
19	1	inverse_cdf	5	96	67.5	762.0	4.0	0.1810896763869534	-4.674270042398569	43.7597888218887
19	1	inverse_cdf	5	97	142.5	350.0	6.0	0.24521107652864874	164.4895230812446	41.87479771415271
19	1	inverse_cdf	5	98	22.5	292.0	8.0	0.34867612926319114	-3.7741180420577165	47.088963549715224
19	1	inverse_cdf	5	99	30.0	6.0	8.0	0.41901622895213303	-95.16872868342976	52.709671903978546
19	1	inverse_cdf	5	99	30.0	182.0	16.0	1.1110788202866722	70.49909101909778	85.57098452059819
19	1	inverse_cdf	5	99	30.0	950.0	4.0	0.24015425845240068	176.08589961499175	50.88984290395258
19	1	inverse_cdf	5	100	112.5	354.0	4.0	0.20676211539933345	179.09104175309346	50.29291205742929
19	1	inverse_cdf	5	101	45.0	114.0	42.0	3.8357358475675953	-113.23298728198225	191.1746246300497
19	1	inverse_cdf	5	101	45.0	376.0	40.0	3.897437348977966	80.44937416338722	131.6251648516063
19	1	inverse_cdf	5	103	90.0	782.0	28.0	1.638551462483504	-131.22845737010965	90.1396133616062
19	1	inverse_cdf	5	103	90.0	966.0	18.0	1.421360749132845	66.73979815354052	102.68152593070202
19	1	inverse_cdf	5	105	60.0	672.0	20.0	0.49127551149520166	157.23031413575552	77.47713947951719
19	1	inverse_cdf	5	105	60.0	828.0	6.0	0.43545987478083753	-2.8051558787706687	71.01455093098419
19	1	inverse_cdf	5	106	52.5	314.0	4.0	0.2515756547029013	-15.111972763105317	54.622268587829446
19	1	inverse_cdf	5	107	127.5	378.0	8.0	0.2484227490054278	23.3341806464772	38.66946854725145
19	1	inverse_cdf	5	108	7.5	32.0	4.0	0.1660533963181797	20.22205775025977	38.78526560040752
19	1	inverse_cdf	5	109	37.5	630.0	24.0	0.3097652157064293	154.95312522775478	50.2004377750601
19	1	inverse_cdf	5	109	37.5	862.0	20.0	0.13136499709687613	-27.50120320575475	53.512740917772625
19	1	inverse_cdf	5	113	165.0	4.0	78.0	12.980466354986245	-176.35889494093686	281.5437495598448
19	1	inverse_cdf	5	113	165.0	268.0	70.0	12.38045881085963	3.7723332301187407	368.3998204672243
19	1	inverse_cdf	5	113	165.0	514.0	6.0	0.4530006141023565	-0.8295180944222119	74.94807164983042
19	1	inverse_cdf	5	113	165.0	916.0	6.0	0.5119475213638134	1.2847662208492516	75.29332265495611
19	1	inverse_cdf	6	116	15.0	862.0	6.0	0.3763135279205095	103.58335704576668	60.12816028715282
19	1	inverse_cdf	6	118	45.0	62.0	22.0	0.6378105060996846	-159.05534012096857	104.66714240438398
19	1	inverse_cdf	6	118	45.0	612.0	6.0	0.4228963762475291	171.75056185106214	67.65649788048982
19	1	inverse_cdf	6	118	45.0	826.0	4.0	0.24087803382356604	-5.861504331066374	48.01389638060189
19	1	inverse_cdf	6	121	172.5	858.0	14.0	0.2839125748070337	49.65859513707086	38.33047028694381
19	1	inverse_cdf	6	124	30.0	888.0	4.0	0.24447434925619335	179.61567846107823	52.51361354796899
19	1	inverse_cdf	6	127	82.5	722.0	6.0	0.32467616828142376	174.78465921667458	57.52486591131147
19	1	inverse_cdf	6	127	82.5	934.0	8.0	0.42527020439890606	-5.309893929531041	55.42863825037927
19	1	inverse_cdf	6	130	7.5	268.0	4.0	0.21113300059032455	157.655660408153	43.17262511895974
19	1	inverse_cdf	6	131	142.5	80.0	6.0	0.3370635138136339	28.800572540068675	50.76127585377888
19	1	inverse_cdf	6	131	142.5	970.0	4.0	0.21795645260253682	6.482719741378797	45.63423697301412
19	1	inverse_cdf	6	132	22.5	304.0	16.0	0.2842386158632724	46.15202529443362	48.43359158164096
19	1	inverse_cdf	6	133	165.0	780.0	4.0	0.2893092319815442	41.51321882625188	50.769424323517626
19	1	inverse_cdf	6	133	165.0	820.0	6.0	0.32327337099890113	164.7140577059934	51.3907331767478
19	1	inverse_cdf	6	134	67.5	302.0	4.0	0.20222820707129033	164.969248454059	43.658290167904745
19	1	inverse_cdf	7	143	90.0	652.0	32.0	1.560109599723466	-96.28095488269095	68.51729402725756
19	1	inverse_cdf	7	143	90.0	958.0	4.0	0.18344780795180077	91.53795361766434	45.06612869257545
19	1	inverse_cdf	7	145	105.0	190.0	70.0	13.293664397602797	163.416054231122	541.3001626034866
19	1	inverse_cdf	7	148	120.0	614.0	4.0	0.24180735896714453	172.20380684254758	50.92122148234871
19	1	inverse_cdf	7	149	112.5	112.0	4.0	0.31079112488160426	-6.968886011425139	64.14530285951031
19	1	inverse_cdf	7	149	112.5	580.0	12.0	0.8419309160266203	168.08695682303113	72.52076339870301
19	1	inverse_cdf	7	149	112.5	782.0	6.0	0.3620915179176077	8.857342942526179	64.72270250032882
19	1	inverse_cdf	7	151	60.0	120.0	4.0	0.21184416782245338	2.2179397377779457	49.813030746752496
19	1	inverse_cdf	7	151	60.0	428.0	6.0	0.3481427245964229	-174.05221679816876	59.856929829076606
19	1	inverse_cdf	7	153	67.5	298.0	10.0	0.705983311326394	174.27244224331	82.09085529012773
19	1	inverse_cdf	7	153	67.5	358.0	12.0	0.5801539056315901	85.94480966573556	59.93169161170015
19	1	inverse_cdf	7	153	67.5	410.0	8.0	0.554554689439071	-83.20122528445017	70.53425361728782
19	1	inverse_cdf	7	155	150.0	26.0	40.0	4.640192808922204	-36.90029135802123	175.35326619382195
19	1	inverse_cdf	7	155	150.0	268.0	60.0	4.928306636449829	-149.52750122570248	235.48912300298196
19	1	inverse_cdf	7	155	150.0	612.0	42.0	5.842523656613233	95.51222015860245	257.54778743423077
19	1	inverse_cdf	7	157	37.5	636.0	8.0	0.3610740721254157	25.26680172053133	46.5665635332288
19	1	inverse_cdf	7	157	37.5	834.0	8.0	0.4715954849649471	165.29158066743992	60.60974216025487
19	1	inverse_cdf	7	159	157.5	588.0	6.0	0.3581846253323454	155.10603251364134	58.07124977966593
19	1	inverse_cdf	7	161	172.5	142.0	20.0	0.25067196424480975	-42.83747460621595	71.07571255785795
19	1	inverse_cdf	7	161	172.5	328.0	8.0	0.5295701117782251	174.13884644796693	71.85148726291465
19	1	inverse_cdf	7	161	172.5	842.0	4.0	0.14129171478740984	177.3400562660671	32.62291992369558
19	1	inverse_cdf	8	165	105.0	630.0	10.0	0.6989723483934412	166.43484980554942	77.12829250451412
19	1	inverse_cdf	8	165	105.0	848.0	20.0	0.35245737805373634	4.802911220971035	71.45251957302865
19	1	inverse_cdf	8	166	157.5	102.0	44.0	3.332895653843681	-90.31033622158238	138.18056005562354
19	1	inverse_cdf	8	166	157.5	320.0	34.0	4.321084959090181	94.90212711576774	256.45873150137163
19	1	inverse_cdf	8	166	157.5	706.0	82.0	8.897833590577712	-111.962968723144	252.94673535269382
19	1	inverse_cdf	8	171	97.5	98.0	76.0	8.691460433180856	-106.19135688964181	274.74566521219964
19	1	inverse_cdf	8	171	97.5	386.0	54.0	8.205110987366577	79.68821114967174	268.31863463577866
19	1	inverse_cdf	8	171	97.5	646.0	6.0	0.22506730009517154	-177.49400677749045	38.87783538102599
19	1	inverse_cdf	8	171	97.5	748.0	4.0	0.2081417556698243	17.422314108671436	41.475554104180375
19	1	inverse_cdf	8	172	22.5	886.0	22.0	0.1988222486930834	93.3119518231099	47.631378579950066
19	1	inverse_cdf	8	175	75.0	756.0	6.0	0.3632493349212478	154.0374007004353	56.30916598676022
19	1	inverse_cdf	8	175	75.0	968.0	4.0	0.20404356857750258	-27.78407011045681	45.02953418185328
19	1	inverse_cdf	8	179	90.0	214.0	16.0	0.7682127968062403	153.7776374369639	65.76901047801329
19	1	inverse_cdf	8	181	30.0	212.0	26.0	2.895735456078958	129.94029565855223	194.9845003042286
19	1	inverse_cdf	8	181	30.0	548.0	20.0	1.3025435102393637	150.51691796989883	131.66121077865247
19	1	inverse_cdf	8	181	30.0	838.0	18.0	0.7260143006345154	20.633145141555136	116.55344000769348
19	1	inverse_cdf	8	183	45.0	620.0	8.0	0.4081223991009512	168.87689626481517	54.37067626399608
19	1	inverse_cdf	8	183	45.0	856.0	8.0	0.4047141317272873	-6.516711866789042	53.3760383217155
19	1	inverse_cdf	8	184	67.5	24.0	6.0	0.3762984628368057	167.66577963851253	58.57956622149849
19	1	inverse_cdf	8	184	67.5	218.0	4.0	0.24478159807630995	-2.6891625152803837	53.55468470133276
19	2	cdf	1	1	82.5	592.0	6.0	0.38896419735217974	12.909531629959627	57.75222995555951
19	2	cdf	1	3	97.5	14.0	6.0	0.23515805821009006	-162.97538683488088	35.2646374809306
19	2	cdf	1	6	30.0	184.0	8.0	0.6062126487018195	165.7557070493179	79.6567005530764
19	2	cdf	1	6	30.0	434.0	6.0	0.3715727346035749	18.253544985294766	61.38420730215172
19	2	cdf	1	11	135.0	90.0	4.0	0.15498335602692845	-5.463585373846989	33.711712832614275
19	2	cdf	1	11	135.0	378.0	4.0	0.17473983865142118	5.38435057381617	37.77867695014539
19	2	cdf	1	12	60.0	668.0	18.0	0.1431298807065265	28.00011743545042	51.85746555377557
19	2	cdf	1	15	7.5	344.0	20.0	0.4314337657491833	14.076972897899246	69.81499495345338
19	2	cdf	1	15	7.5	636.0	12.0	0.639474749448782	174.70390210892032	63.80507471530708
19	2	cdf	1	15	7.5	900.0	10.0	0.41006977687468593	34.874068010777336	42.55862055169653
19	2	cdf	1	16	52.5	258.0	6.0	0.2768937670539341	174.56335116236968	48.42916156871276
19	2	cdf	1	17	75.0	178.0	8.0	0.45955389796760415	-0.40881531112855607	58.82975035360708
19	2	cdf	1	19	67.5	578.0	4.0	0.19924631891275216	161.28128879967258	46.84755645047035
19	2	cdf	1	20	112.5	52.0	6.0	0.39883624217718466	22.213543263021645	64.69808749379847
19	2	cdf	1	20	112.5	286.0	6.0	0.43126018185442583	167.93333283400622	69.29923520864509
19	2	cdf	1	20	112.5	846.0	10.0	0.6468349845710799	-171.69746919061706	67.09189621563227
19	2	cdf	1	21	172.5	10.0	4.0	0.241855163773108	-7.789369126737585	50.909595348913484
19	2	cdf	1	21	172.5	340.0	8.0	0.5874764897948029	175.84078437440724	76.19093414841467
19	2	cdf	1	21	172.5	812.0	6.0	0.35648445537236484	8.19279508093254	63.74170597232117
19	2	cdf	1	22	45.0	398.0	4.0	0.23600802039895838	166.74953810905882	51.172603185916365
19	2	cdf	1	22	45.0	592.0	4.0	0.21852957721898225	20.184643896732563	45.86192397597003
19	2	cdf	1	22	45.0	714.0	8.0	0.5103441202898436	-179.26376249444223	67.27802217649389
19	2	cdf	2	26	60.0	586.0	22.0	0.6229700514301404	148.6023602510139	68.85640730186348
19	2	cdf	2	26	60.0	798.0	8.0	0.4278539427217437	4.174372898428378	57.24839784746269
19	2	cdf	2	29	120.0	358.0	4.0	0.20179152071758877	-135.7021122368196	44.74274347353766
19	2	cdf	2	33	142.5	704.0	8.0	0.3483733251359365	148.50285461246466	47.04005187742089
19	2	cdf	2	33	142.5	904.0	4.0	0.26454336323540667	-2.8427227739998315	57.503121902582706
19	2	cdf	2	34	127.5	66.0	8.0	0.4208784272664414	3.351310397178778	54.49027385481918
19	2	cdf	2	34	127.5	470.0	4.0	0.21994696359136992	0.8545038364722475	47.33132481010313
19	2	cdf	2	34	127.5	692.0	8.0	0.30149539164861594	-175.00658489524417	39.36528719344009
19	2	cdf	2	36	45.0	74.0	10.0	0.44324096417128245	-1.272177276336027	47.80451225542281
19	2	cdf	2	36	45.0	388.0	4.0	0.1527896391363926	-24.068346499925067	34.9050188498427
19	2	cdf	2	36	45.0	934.0	8.0	0.40042544736379876	171.0462577244248	51.22292843511842
19	2	cdf	2	38	75.0	806.0	24.0	0.19415486094486853	-41.20534445923853	54.33041327326419
19	2	cdf	2	39	135.0	136.0	6.0	0.38740762040814314	1.2125044713962458	59.665730994401954
19	2	cdf	2	39	135.0	538.0	6.0	0.38900354938114884	-179.03408562236396	61.14968413452935
19	2	cdf	2	39	135.0	614.0	6.0	0.27939846720852496	14.273190596479587	47.728758473706584
19	2	cdf	2	39	135.0	766.0	8.0	0.41791513869007113	-173.4665653988703	54.16169101042992
19	2	cdf	2	39	135.0	978.0	4.0	0.19044616298380612	18.575040184116745	44.46850713450441
19	2	cdf	2	40	37.5	92.0	6.0	0.40532522490105616	12.614355662038914	58.51110029066282
19	2	cdf	2	41	165.0	118.0	4.0	0.15830636983706742	162.5187900415411	37.89668312019786
19	2	cdf	2	41	165.0	768.0	66.0	0.8058654532544175	-179.30068673998133	77.34042413326807
19	2	cdf	2	44	90.0	432.0	8.0	0.47318928954003237	156.30453375300354	61.50902661568203
19	2	cdf	2	44	90.0	616.0	4.0	0.22486178016376968	0.4177254950122833	49.78850470957132
19	2	cdf	2	44	90.0	738.0	10.0	0.6235016653031699	174.26691153482295	71.70486727089772
19	2	cdf	2	45	52.5	278.0	6.0	0.20493332142918594	150.80518628337666	34.70720777975042
19	2	cdf	2	46	112.5	384.0	4.0	0.18151620659373152	165.35213954124058	38.4995037027033
19	2	cdf	3	48	90.0	308.0	22.0	0.22787227703202767	-11.62430377454245	64.98123346620096
19	2	cdf	3	50	7.5	118.0	20.0	0.2716354158177736	155.0035336143365	49.955319745540145
19	2	cdf	3	50	7.5	590.0	10.0	0.6356590429631294	166.12196467638978	72.30039133208541
19	2	cdf	3	50	7.5	918.0	4.0	0.27466990530609914	37.93007752715528	56.7528819428454
19	2	cdf	3	51	82.5	300.0	20.0	0.6418253152493895	123.8793118299593	44.51912956383201
19	2	cdf	3	51	82.5	676.0	4.0	0.20120116895520915	174.3870693705723	43.70040859605968
19	2	cdf	3	52	75.0	308.0	4.0	0.1848924980923845	115.21862408475111	39.20904627888043
19	2	cdf	3	54	52.5	550.0	4.0	0.2232381323478242	0.8416202524251075	51.841478939760044
19	2	cdf	3	54	52.5	680.0	8.0	0.31539884006936303	-177.61653557170226	43.51499157099373
19	2	cdf	3	55	172.5	56.0	20.0	0.1367048547973573	-4.814033118294369	45.07388296660334
19	2	cdf	3	55	172.5	608.0	4.0	0.10351699659949158	2.718320821262373	24.072064648230423
19	2	cdf	3	57	165.0	320.0	4.0	0.29543063850603424	180.0	60.60040527119139
19	2	cdf	3	62	157.5	414.0	8.0	0.34695630378581865	141.74215145307898	43.144687603959454
19	2	cdf	3	63	22.5	576.0	6.0	0.37258398377933255	-179.4957325775746	58.81309642780152
19	2	cdf	3	67	30.0	32.0	8.0	0.2872633210607409	-0.9812964652126553	40.67467569874353
19	2	cdf	3	67	30.0	218.0	6.0	0.29114567567448374	-161.27403601562645	50.84086559006143
19	2	cdf	4	70	82.5	570.0	14.0	0.4897356355865255	-170.16271839668784	43.178067082187404
19	2	cdf	4	71	90.0	66.0	4.0	0.13690738849086492	-166.14984255480246	29.120712938018013
19	2	cdf	4	71	90.0	460.0	6.0	0.3216810913709809	-15.367311172091227	48.207985237045946
19	2	cdf	4	74	45.0	354.0	8.0	0.2630143871832898	7.165446306327164	33.631811259602294
19	2	cdf	4	81	165.0	816.0	8.0	0.32112432273620684	175.31016216008567	41.659050029327574
19	2	cdf	4	83	30.0	316.0	24.0	0.5837265542611503	138.89370385687022	52.807829342983425
19	2	cdf	4	84	142.5	758.0	4.0	0.1880146932294049	163.7843109293663	44.805877954044995
19	2	cdf	4	87	22.5	614.0	10.0	0.5617593337022968	174.97365032179954	57.40425507967477
19	2	cdf	4	87	22.5	820.0	22.0	0.6127647579573534	-2.6086095651898393	70.42045497374662
19	2	cdf	4	89	105.0	4.0	34.0	2.4764685683557164	0.5694965017798642	315.29516127528206
19	2	cdf	4	89	105.0	188.0	22.0	0.34981329691563556	174.07651624882013	68.57140302129145
19	2	cdf	4	89	105.0	742.0	6.0	0.21219091261941667	-28.147105375802422	33.8370774107268
19	2	cdf	4	91	120.0	14.0	50.0	5.786860778159473	93.82120244985109	220.0587519000121
19	2	cdf	4	91	120.0	324.0	12.0	0.623910841151567	20.954079641085272	68.27974485242694
19	2	cdf	4	91	120.0	564.0	8.0	0.40531235114499575	169.73911410334912	51.74619827090709
19	2	cdf	4	91	120.0	740.0	66.0	12.54427225090104	30.48501653419335	301.64285495756684
19	2	cdf	5	94	22.5	350.0	8.0	0.48487243272591746	-176.8980910050193	65.2558576791708
19	2	cdf	5	94	22.5	590.0	6.0	0.30937073626711603	17.26532210890858	55.11172907227585
19	2	cdf	5	94	22.5	752.0	12.0	0.6444451467384793	174.7433657400333	52.366991848637646
19	2	cdf	5	97	112.5	34.0	4.0	0.2026695327425145	-15.497255449651465	41.90810206452352
19	2	cdf	5	97	112.5	316.0	10.0	0.6368391748421159	179.40964120214846	74.28843292002668
19	2	cdf	5	101	37.5	150.0	10.0	0.38589518478807666	178.05135240194747	41.275645572070744
19	2	cdf	5	102	45.0	90.0	24.0	0.4273111459697732	-47.17459577690662	59.1340048842221
19	2	cdf	5	102	45.0	378.0	6.0	0.24620126061715464	-179.23631099809066	39.41764684062448
19	2	cdf	5	102	45.0	734.0	16.0	0.5834792968588626	-3.062214275662705	45.331624858077774
19	2	cdf	5	102	45.0	988.0	8.0	0.42055302609278294	-177.54080320751117	55.762575783782786
19	2	cdf	5	104	105.0	4.0	12.0	1.0985609223847097	-177.77452462101314	126.12254109897674
19	2	cdf	5	104	105.0	190.0	18.0	1.3186190262591235	10.176083207093917	88.73573513025336
19	2	cdf	5	104	105.0	366.0	14.0	1.1374218887237755	1.7359446912049026	109.93994542930167
19	2	cdf	5	104	105.0	576.0	8.0	0.4593064300894688	21.148154848901523	61.53719127090234
19	2	cdf	5	107	157.5	828.0	30.0	1.9439093483961185	-60.679438136761426	125.79176456153434
19	2	cdf	5	108	90.0	48.0	10.0	0.5318121727173213	-179.29288453597886	62.52006606826809
19	2	cdf	5	108	90.0	426.0	4.0	0.24627956440812906	1.5271833346414154	51.98841368320845
19	2	cdf	5	110	75.0	176.0	10.0	0.4706980168904325	6.402424692117168	53.26021906743921
19	2	cdf	5	110	75.0	362.0	10.0	0.5038658021889211	179.44041829954793	58.04978936829366
19	2	cdf	5	110	75.0	712.0	10.0	0.5781641935375252	-4.882144745673848	61.9745049113469
19	2	cdf	5	110	75.0	914.0	10.0	0.6258601443457681	177.59665384141496	71.80467167692349
19	2	cdf	5	111	150.0	558.0	34.0	0.5974441194624563	140.03291530646314	75.8813507837945
19	2	cdf	5	111	150.0	790.0	22.0	0.38459948736455807	15.33235272243026	65.70697678172517
19	2	cdf	5	113	52.5	52.0	4.0	0.2071129809628813	176.82089892955196	45.91615736946201
19	2	cdf	5	114	142.5	762.0	32.0	0.692894252421392	175.65487326589889	85.33108500818865
19	2	cdf	5	114	142.5	948.0	22.0	0.7131001985785507	19.34640017289775	98.54084684854918
19	2	cdf	6	118	90.0	132.0	60.0	4.882901039434638	-116.5806215595151	241.03368013259612
19	2	cdf	6	118	90.0	370.0	42.0	4.503929013677784	73.14783538163636	198.7323449344825
19	2	cdf	6	118	90.0	650.0	8.0	0.37783151753350913	18.747263193583056	49.22147843687247
19	2	cdf	6	119	120.0	112.0	8.0	0.35855373898129694	-11.61249859042257	46.08038305785227
19	2	cdf	6	119	120.0	640.0	22.0	0.36759096548861725	142.62792392032586	65.28413832624001
19	2	cdf	6	119	120.0	906.0	8.0	0.37499214495509237	-6.532097806166248	48.78851482233747
19	2	cdf	6	120	172.5	316.0	4.0	0.2019841826799465	-1.8618757888820194	42.53845756590951
19	2	cdf	6	120	172.5	486.0	12.0	0.8195146554062666	177.93469817906606	75.77773007900451
19	2	cdf	6	120	172.5	684.0	8.0	0.40495629398066874	4.4152325828389705	51.89685516319898
19	2	cdf	6	124	105.0	600.0	16.0	0.7205761141483505	-164.95320531403257	69.09315230734106
19	2	cdf	6	124	105.0	810.0	14.0	0.6569490460740797	2.14687983085529	49.70786714044534
19	2	cdf	6	125	7.5	164.0	4.0	0.14135636668708831	164.51651603443594	32.463672399702325
19	2	cdf	6	127	52.5	610.0	8.0	0.41199954883021517	0.912853400232456	54.71356887906294
19	2	cdf	6	128	30.0	606.0	6.0	0.20669528625899247	169.941360073799	32.01636602555995
19	2	cdf	6	129	135.0	782.0	10.0	0.581747116716748	170.9109765106072	64.85337501162623
19	2	cdf	6	130	82.5	624.0	10.0	0.5502349993368364	175.03782704799337	60.13001255329467
19	2	cdf	6	132	45.0	626.0	46.0	1.8624664557951773	-143.21512497211353	110.56632604988587
19	2	cdf	6	132	45.0	886.0	36.0	1.7338135969469837	58.569922818517306	74.63064685372817
19	2	cdf	6	135	37.5	34.0	10.0	0.5580122513551918	-0.16849921496916004	55.55121461122734
19	2	cdf	6	135	37.5	254.0	4.0	0.27037607570313577	146.8911740338783	60.008731303070824
19	2	cdf	6	135	37.5	652.0	10.0	0.50315841935245	165.64858622519674	53.50092235595965
19	2	cdf	6	136	15.0	464.0	4.0	0.2118268229945661	178.22435581218403	41.86691160020658
19	2	cdf	6	136	15.0	674.0	4.0	0.12697690278264445	-26.88957763018653	31.26283636121251
19	2	cdf	6	136	15.0	814.0	10.0	0.3142465210186027	-163.93911648279905	34.925465437885435
19	2	cdf	6	137	75.0	62.0	56.0	5.072375750258132	142.7940040383078	149.3302068629325
19	2	cdf	6	137	75.0	288.0	36.0	2.7060501806154535	63.9544263057905	138.50396079447702
19	2	cdf	6	137	75.0	660.0	12.0	0.6363644502572104	152.84843603146228	56.03269557813725
19	2	cdf	7	141	120.0	796.0	12.0	0.5223546180850306	158.43966120387614	57.548889083591284
19	2	cdf	7	149	105.0	46.0	8.0	0.34755409893361977	-175.12383820561757	45.25055521119826
19	2	cdf	7	152	15.0	716.0	24.0	1.0503302867689168	-179.82096401165748	128.14583352889778
19	2	cdf	7	152	15.0	890.0	14.0	0.9609471723245675	7.160743941340682	88.53271030084606
19	2	cdf	7	154	150.0	452.0	18.0	0.1125862228773425	143.3010253296983	38.43843224735088
19	2	cdf	7	154	150.0	700.0	8.0	0.27597819184115546	26.866621830744695	34.013853726929796
19	2	cdf	7	154	150.0	908.0	8.0	0.3078071324424366	-172.64833119207225	41.78812694312194
19	2	cdf	7	156	30.0	92.0	26.0	0.9278508986836225	54.673211786450324	95.33096620450141
19	2	cdf	7	156	30.0	326.0	14.0	0.751521032255309	111.92795480941645	68.86821884604583
19	2	cdf	7	156	30.0	608.0	86.0	8.018507969671912	-1.6296845354997478	146.05019207350148
19	2	cdf	7	156	30.0	814.0	102.0	9.088048076781527	177.74418198855724	210.54372350351045
19	2	cdf	7	161	135.0	170.0	6.0	0.3479595813546864	95.68472032158826	53.12816590350394
19	2	cdf	8	162	90.0	794.0	28.0	0.8168264685481674	81.33295239222781	62.95767910655763
19	2	cdf	8	164	37.5	70.0	6.0	0.3791340298438107	0.0	61.74488522429585
19	2	cdf	8	164	37.5	288.0	8.0	0.49826607297324527	176.4120739853867	67.15926045880146
19	2	cdf	8	165	157.5	270.0	6.0	0.2528023498463341	-178.88399932945168	41.796418389871604
19	2	cdf	8	165	157.5	928.0	8.0	0.4044654290631978	163.2560276670614	53.93494995569481
19	2	cdf	8	169	60.0	820.0	6.0	0.26120136329922033	30.592143294288245	45.34670949495862
19	2	cdf	8	172	172.5	344.0	12.0	0.5304722548668627	175.03068153241134	57.43385022915135
19	2	cdf	8	172	172.5	606.0	6.0	0.29012258736301677	-8.130467314687062	45.27976687056823
19	2	cdf	8	172	172.5	920.0	24.0	0.5510953968415326	-10.64011041887698	98.57528395619879
19	2	cdf	8	175	7.5	942.0	6.0	0.2510634331038191	168.69328322156312	38.54750246054793
19	2	cdf	8	176	112.5	752.0	20.0	0.228408076807395	162.86684445581903	53.74550195882461
19	2	cdf	8	177	120.0	806.0	4.0	0.1722052157287487	157.59377291413543	40.231180669249994
19	2	cdf	8	178	127.5	164.0	22.0	0.4625914068229463	118.38720203380865	63.18489882707555
19	2	cdf	8	178	127.5	436.0	12.0	0.896825844470739	128.61149328814432	91.88925687138395
19	2	cdf	8	180	142.5	882.0	4.0	0.23329902861364812	172.72498721104074	51.74391970714029
19	2	cdf	8	182	75.0	290.0	4.0	0.1697175747822233	9.461600538977455	37.373017785063894
19	2	cdf	8	184	30.0	140.0	12.0	0.6810321560872019	165.6294031365223	64.69960962119777
19	2	cdf	8	184	30.0	646.0	4.0	0.16486227180631086	9.743131128873484	37.762784941976584
20	1	cdf	1	2	120.0	310.0	4.0	0.29802069656094043	-165.6952083348474	63.718137239405245
20	1	cdf	1	2	120.0	694.0	4.0	0.4282385413988163	154.18126579027538	90.49474382049746
20	1	cdf	1	8	30.0	360.0	8.0	0.5918270971987458	-42.24031402495096	84.06249237806011
20	1	cdf	1	8	30.0	564.0	4.0	0.1716336140680229	153.99612960404608	42.30225337891227
20	1	cdf	1	12	112.5	568.0	86.0	2.8543085520087947	12.712513875891858	185.48327142481483
20	1	cdf	1	12	112.5	746.0	18.0	4.065885620938172	178.89269003435933	364.3531854066511
20	1	cdf	1	16	90.0	22.0	6.0	0.738287400780599	128.6586404821046	116.07512775948199
20	1	cdf	1	16	90.0	932.0	4.0	0.4254412973464311	130.39859398252972	85.69704319158096
20	1	cdf	1	18	45.0	454.0	12.0	0.39821578510324085	-71.99460186080573	287.3866044225361
20	1	cdf	1	18	45.0	612.0	4.0	1.2179708606578221	75.8828051633827	246.6664583049285
20	1	cdf	1	20	52.5	14.0	22.0	4.846511731640318	170.1454283057433	285.8283028438841
20	1	cdf	1	20	52.5	66.0	4.0	0.7340815143542042	131.33305363496288	150.23837472884716
20	1	cdf	1	20	52.5	228.0	22.0	2.832649495898055	-22.98394128415518	357.10416516526163
20	1	cdf	1	20	52.5	408.0	64.0	4.049248618964993	88.3282991290203	223.91111363294954
20	1	cdf	2	35	135.0	532.0	6.0	0.5947829405652109	177.31270858720728	89.82262571083372
20	1	cdf	2	37	127.5	18.0	8.0	0.9047834915904212	-154.5780159946809	120.54939914900456
20	1	cdf	2	37	127.5	816.0	72.0	17.839527784872356	-1.4685250496018143	650.3643305747636
20	1	cdf	2	37	127.5	942.0	36.0	0.2797325073601299	168.17874153926778	205.8542353711571
20	1	cdf	2	40	165.0	62.0	4.0	0.8071482547438054	70.89021713249306	145.92702275400967
20	1	cdf	2	40	165.0	94.0	58.0	1.8483236126310227	-176.13288982331648	223.24125046569893
20	1	cdf	3	47	97.5	396.0	20.0	0.1263605097256635	-135.58391231900038	74.52830114941757
20	1	cdf	3	48	60.0	390.0	18.0	0.428305633155224	174.9460245797747	88.56422443873258
20	1	cdf	3	51	30.0	784.0	4.0	0.7302534342564404	71.25341139142425	152.0190906658427
20	1	cdf	3	58	67.5	516.0	106.0	13.18045965339197	24.633717073300595	632.5892824669492
20	1	cdf	3	58	67.5	792.0	16.0	0.10224539171443904	9.212804018318659	266.7140672924195
20	1	cdf	3	58	67.5	832.0	44.0	13.971406391916833	-161.5388154043981	864.4820726932088
20	1	cdf	3	59	82.5	4.0	16.0	1.809993369807727	108.55846664217715	146.1156784208272
20	1	cdf	3	59	82.5	54.0	4.0	0.3126489446541335	151.86796900381762	64.20421830421593
20	1	cdf	3	59	82.5	526.0	4.0	0.2913857640085586	-175.48133211667587	62.818805721762295
20	1	cdf	3	61	52.5	220.0	4.0	0.6270893512563858	105.79376598860705	134.04390862591185
20	1	cdf	3	61	52.5	770.0	46.0	5.847753180009755	-46.14142071902499	337.84587420441113
20	1	cdf	3	61	52.5	852.0	22.0	0.7247660109609142	177.29948043340022	151.0790109037528
20	1	cdf	3	61	52.5	920.0	6.0	1.4891445606160223	-127.1957449604052	212.35144910920644
20	1	cdf	3	62	135.0	340.0	18.0	0.12512761893243585	106.76002705993561	55.35829508529331
20	1	cdf	3	63	90.0	250.0	4.0	0.34563900040911255	-24.728191409463165	71.13698994835237
20	1	cdf	3	63	90.0	274.0	50.0	17.463617542123828	154.8567060783782	1153.8222490253252
20	1	cdf	3	63	90.0	454.0	10.0	1.733476739256801	147.89213262504123	200.01044453736813
20	1	cdf	3	66	142.5	80.0	16.0	0.36315512209343487	-26.57634924765783	112.97500908676875
20	1	cdf	3	66	142.5	332.0	4.0	0.39053219290392505	-48.403384809636364	85.77696680177189
20	1	cdf	3	66	142.5	852.0	4.0	0.1872770681868932	171.9393668916826	44.5584566559023
20	1	cdf	3	68	165.0	88.0	22.0	1.4598164313634971	0.5797436943383592	210.29730081341845
20	1	cdf	3	68	165.0	252.0	14.0	1.520037085191491	-172.92964423537654	141.91699604623545
20	1	cdf	3	69	7.5	182.0	52.0	7.819380454029534	122.17389828134961	434.1074431016291
20	1	cdf	3	69	7.5	742.0	154.0	17.663509046278666	-33.010241229738234	320.30712556936703
20	1	cdf	3	69	7.5	932.0	4.0	0.48183994913105155	-17.70325738689508	102.00852293162778
20	1	cdf	4	70	15.0	32.0	58.0	5.226616303690884	-73.585078256673	214.2692287816907
20	1	cdf	4	70	15.0	310.0	48.0	4.095277230259028	99.03849823493809	240.63201700312678
20	1	cdf	4	80	60.0	378.0	18.0	0.3218708852781096	-177.3713683796248	67.43152268860268
20	1	cdf	4	87	157.5	310.0	18.0	0.2754643632481608	71.23876444622297	54.69058016941957
20	1	cdf	4	87	157.5	894.0	6.0	0.3458154450321676	155.62623441494318	56.10566850769187
20	1	cdf	4	88	37.5	6.0	40.0	1.935886186541623	136.5934675783254	99.41726764843978
20	1	cdf	4	88	37.5	246.0	6.0	0.5825885357883297	139.43423290504487	96.16695734845499
20	1	cdf	4	89	22.5	480.0	78.0	9.969852739228017	-34.107680000151056	362.8815703735936
20	1	cdf	4	89	22.5	584.0	4.0	0.38280710349602737	-5.065910162940708	84.93445910120288
20	1	cdf	4	89	22.5	926.0	40.0	7.9026203786838165	148.6955573424343	475.57021756782143
20	1	cdf	4	90	172.5	280.0	4.0	0.21645950241874679	180.0	47.57612794216084
20	1	cdf	4	90	172.5	840.0	20.0	0.39108231098733737	-149.7690703092234	109.742024750061
20	1	cdf	4	91	7.5	268.0	6.0	0.31293580104192026	-5.11456239941389	49.98688542331902
20	1	cdf	4	91	7.5	780.0	20.0	0.4906275110598025	-158.40936186595766	71.66682065392837
20	1	cdf	4	92	90.0	924.0	16.0	0.23328887013835264	-143.27724851615326	110.55866175228277
20	1	cdf	5	94	142.5	816.0	10.0	0.6825443874428239	155.43133346042657	77.90047978176702
20	1	cdf	5	97	37.5	854.0	26.0	0.656590067427238	176.991342789261	141.6473365793329
20	1	cdf	5	98	150.0	590.0	56.0	4.693144480720397	-64.63857287985307	212.13763293876676
20	1	cdf	5	98	150.0	874.0	36.0	5.145268277936637	135.92397152667596	309.2113514168947
20	1	cdf	5	101	7.5	784.0	6.0	0.4012498441028789	-152.4720551371492	74.00811827905154
20	1	cdf	5	103	97.5	8.0	80.0	16.027968371458172	21.696098494756964	667.2447143638922
20	1	cdf	5	103	97.5	114.0	4.0	0.9541887917515587	-90.46341537009575	210.81364150217746
20	1	cdf	5	103	97.5	142.0	10.0	1.8186817503724613	-80.99315536385485	201.81517857516232
20	1	cdf	5	103	97.5	174.0	14.0	1.3384786455050117	-90.98634278365583	274.88325954600333
20	1	cdf	5	103	97.5	210.0	8.0	0.673341782319435	23.386007532232465	129.4323853937355
20	1	cdf	5	103	97.5	288.0	16.0	1.0968520156025188	-21.92834493275742	289.86516769238546
20	1	cdf	5	103	97.5	364.0	42.0	16.17955064182435	-173.93872717146687	772.1520299651069
20	1	cdf	5	103	97.5	540.0	10.0	1.4580693041702295	169.62626512860078	157.49316278486856
20	1	cdf	5	103	97.5	984.0	4.0	0.4448540233392301	177.25102529449865	95.26337528391026
20	1	cdf	5	105	22.5	772.0	44.0	2.5073146525146073	139.6855692972193	208.85478297757643
20	1	cdf	5	108	52.5	334.0	4.0	0.24430401378455258	-25.877368127728896	85.72079407624831
20	1	cdf	5	109	67.5	970.0	16.0	0.7793916525144319	-168.70609582201354	145.0196447167003
20	1	cdf	5	110	82.5	126.0	54.0	9.280152160191681	46.18692384992065	831.1884903118229
20	1	cdf	5	110	82.5	206.0	4.0	1.121250674530103	-88.41724877714125	237.80192478680672
20	1	cdf	5	110	82.5	234.0	4.0	1.082708688308715	-94.31696901007551	214.03439773551187
20	1	cdf	5	110	82.5	262.0	4.0	0.6301894776915369	-107.30120643931463	139.5602274394518
20	1	cdf	5	110	82.5	306.0	4.0	0.8741645250695342	86.68413597341426	181.33784887467237
20	1	cdf	5	110	82.5	332.0	4.0	1.2735595323344806	-98.54353598278638	263.7057672651809
20	1	cdf	5	110	82.5	366.0	44.0	8.26192843783419	-130.21400016806666	521.3308541849055
20	1	cdf	5	113	172.5	38.0	30.0	3.4200844539497717	-174.0804355693534	304.49405220514933
20	1	cdf	5	113	172.5	606.0	4.0	0.4065217741277818	168.82638691661685	86.66337546037624
20	1	cdf	6	116	112.5	34.0	14.0	1.5645146817086657	-3.6086242899145087	142.71935441628554
20	1	cdf	6	116	112.5	980.0	14.0	0.37100480761921	-84.41606830667169	72.77269738980827
20	1	cdf	6	118	37.5	914.0	12.0	1.3932552228882065	175.47573491134756	143.4798865533573
20	1	cdf	6	120	22.5	654.0	20.0	0.33002439525049804	34.87590071563886	128.06781557512213
20	1	cdf	6	123	165.0	6.0	10.0	0.9127221243436896	-15.541484732130645	100.26208263186697
20	1	cdf	6	123	165.0	432.0	6.0	0.38299306026030416	-167.6288795531862	64.31004372611763
20	1	cdf	6	123	165.0	904.0	54.0	5.747555307729881	-74.15839974080512	299.89446443980336
20	1	cdf	6	123	165.0	982.0	14.0	0.23795734838286445	-129.89122271230275	125.95384226670005
20	1	cdf	6	126	82.5	4.0	10.0	2.5721350369165434	-62.33293218781116	323.84501812030476
20	1	cdf	6	126	82.5	42.0	4.0	1.4393746735206738	-103.17299575624789	294.21405159160446
20	1	cdf	6	126	82.5	180.0	30.0	5.552248856695098	178.8820883881239	416.87796633257153
20	1	cdf	6	127	75.0	648.0	4.0	1.2168465451664516	57.16974890551835	233.3139855474608
20	1	cdf	6	127	75.0	824.0	8.0	1.7621228566862372	-172.83132528742982	236.59762824859666
20	1	cdf	6	130	135.0	4.0	44.0	11.546303337694047	148.05455117037928	594.461127428443
20	1	cdf	6	131	97.5	510.0	10.0	0.9739913309031553	-17.751982237595076	113.0437413632253
20	1	cdf	6	131	97.5	770.0	10.0	0.9450650311225542	142.5820570691404	130.8111869009555
20	1	cdf	6	133	157.5	564.0	68.0	5.589248777954171	45.786720206354936	315.30135032994036
20	1	cdf	6	135	30.0	512.0	18.0	4.853463524183423	-177.89175537084495	403.8484252519208
20	1	cdf	6	137	150.0	628.0	4.0	0.8065757260338412	-156.0132981337269	179.34346551451446
20	1	cdf	6	138	90.0	956.0	10.0	2.8652263321136853	159.83271872816385	332.49316614912755
20	1	cdf	7	139	75.0	662.0	18.0	0.16220813167229314	152.92195009594238	77.34917374676334
20	1	cdf	7	140	135.0	910.0	16.0	0.5597108131962752	78.15604046205438	194.52756235720196
20	1	cdf	7	141	112.5	8.0	4.0	0.3168670460720527	-50.04863574688428	98.48660540102186
20	1	cdf	7	141	112.5	64.0	26.0	1.6664668128154234	-95.93200461236984	302.24445217653124
20	1	cdf	7	141	112.5	246.0	12.0	1.7407652721696696	135.4565156934838	194.2158611256434
20	1	cdf	7	145	7.5	874.0	4.0	1.1124577903883708	89.32383748644651	205.50943045941997
20	1	cdf	7	149	165.0	354.0	18.0	0.06502221571262894	10.17709081266047	93.18769410618155
20	1	cdf	7	149	165.0	858.0	10.0	1.097864283539634	-166.33867348978197	122.96233125725695
20	1	cdf	7	150	120.0	36.0	14.0	2.6654335620445	141.07814848352115	208.34165250063126
20	1	cdf	7	150	120.0	350.0	16.0	1.0846133415701544	116.22189659228911	130.98775980665812
20	1	cdf	7	153	15.0	262.0	48.0	14.80219010058194	132.16683995128616	866.8638878619354
20	1	cdf	7	153	15.0	386.0	8.0	1.5273657568973404	-107.93864142640454	205.91862268935998
20	1	cdf	7	153	15.0	416.0	30.0	2.034653438945219	135.52897683712433	254.58130667715608
20	1	cdf	7	158	30.0	890.0	6.0	0.5511695202529576	156.50854094628576	88.99114296552584
20	1	cdf	7	159	45.0	216.0	50.0	13.958343670522886	170.9074565491108	795.9348242801243
20	1	cdf	8	164	135.0	364.0	22.0	4.974928576387665	-157.74182822679512	322.6298848497265
20	1	cdf	8	166	45.0	24.0	24.0	1.8146849762405641	3.0560552952992364	239.41514146941367
20	1	cdf	8	166	45.0	264.0	20.0	0.4447859426953031	178.31005671706606	103.39787698756483
20	1	cdf	8	166	45.0	876.0	30.0	0.13725434928590013	165.47213314831592	155.83265263788027
20	1	cdf	8	167	157.5	678.0	10.0	1.463191967069111	155.3664912233448	152.54722413071877
20	1	cdf	8	167	157.5	904.0	20.0	0.8282715790381239	-48.44808506095806	142.52556880885416
20	1	cdf	8	169	15.0	54.0	34.0	4.265064125159172	-78.45841947119736	336.7511947320975
20	1	cdf	8	169	15.0	762.0	18.0	0.3220305628112066	166.7612265519277	63.3243480385498
20	1	cdf	8	172	112.5	4.0	54.0	12.16654611736666	-165.07616786896708	534.0749001911864
20	1	cdf	8	173	60.0	90.0	12.0	1.6715115086225607	6.418857458960717	174.72155147346092
20	1	cdf	8	176	67.5	902.0	16.0	0.2188455490463274	-98.62573959855132	99.04599541210945
20	1	cdf	8	177	90.0	88.0	22.0	0.43600812224441177	74.6911021367701	93.5449393618822
20	1	cdf	8	177	90.0	138.0	32.0	9.213633458524587	142.56567345991928	438.7245235456486
20	1	cdf	8	177	90.0	334.0	10.0	1.016089046972725	-43.91370471065307	99.16243060510415
20	1	cdf	8	177	90.0	600.0	6.0	0.4318100270542551	-144.80510582069115	122.55648929611388
20	1	cdf	8	179	22.5	342.0	8.0	0.6288831892970157	-38.48142904467083	93.73055410243296
20	1	cdf	8	179	22.5	840.0	8.0	0.7414212003716715	164.76412272376447	98.84557262936364
20	1	cdf	8	182	127.5	890.0	16.0	0.19361601810339577	-85.1373736706732	50.84998140644697
20	1	cdf	8	184	97.5	76.0	4.0	1.0297810668117948	-89.72604437517597	214.01364906981965
20	1	cdf	8	184	97.5	282.0	8.0	0.8671604707906225	153.5361686632878	153.48899074038442
20	2	inverse_cdf	1	7	97.5	386.0	8.0	0.7534822433811279	21.927794989590225	100.27861938221746
20	2	inverse_cdf	1	7	97.5	632.0	14.0	0.06243128112887857	3.007028465183396	81.16361667840624
20	2	inverse_cdf	1	16	67.5	250.0	4.0	0.3263480288192607	-172.2030492264114	71.11795374348347
20	2	inverse_cdf	2	25	15.0	304.0	4.0	0.2692486226121373	-145.95485736595205	63.99614548537854
20	2	inverse_cdf	2	25	15.0	566.0	4.0	0.32273718177137134	170.34992906752075	60.4204857835767
20	2	inverse_cdf	2	31	157.5	108.0	4.0	0.38221369551661005	56.36430974311417	81.78872679693005
20	2	inverse_cdf	3	56	82.5	108.0	10.0	1.3493840485091688	-166.35944986971498	162.61856076766523
20	2	inverse_cdf	4	80	120.0	318.0	6.0	0.738390854163504	180.0	119.99319850195359
20	2	inverse_cdf	4	83	60.0	570.0	18.0	0.5869682244344524	-97.39002354246566	142.6958275629096
20	2	inverse_cdf	4	90	30.0	122.0	40.0	8.71554682788309	1.6265060960725561	382.29124179296133
20	2	inverse_cdf	4	90	30.0	322.0	40.0	8.551412554208149	177.2771163777221	408.2102825092811
20	2	inverse_cdf	4	90	30.0	568.0	6.0	1.114584230403097	108.98729425323725	173.93621133809867
20	2	inverse_cdf	4	92	37.5	830.0	16.0	0.1310645590676322	135.54433708075337	74.02259237557787
20	2	inverse_cdf	5	93	97.5	314.0	8.0	0.6586653188389505	-169.81429702570904	87.31794241220464
20	2	inverse_cdf	5	93	97.5	878.0	4.0	0.26389159974266424	-165.96923602318796	57.754440844462536
20	2	inverse_cdf	5	108	105.0	126.0	6.0	0.32901142307568354	-4.290408254998511	49.23079522469265
20	2	inverse_cdf	5	108	105.0	224.0	8.0	0.6902079800863918	-173.44776889583673	90.44578065259216
20	2	inverse_cdf	6	116	142.5	602.0	4.0	0.3078038198668279	37.42542785355038	65.32525064334557
20	2	inverse_cdf	6	121	165.0	28.0	16.0	0.21868989955323412	-153.26317744431088	87.84396128743792
20	2	inverse_cdf	6	121	165.0	750.0	8.0	0.51850806629025	-157.09030557561323	65.70420015829129
20	2	inverse_cdf	6	123	52.5	4.0	60.0	5.413496940818602	-77.94810611718327	166.13355657880481
20	2	inverse_cdf	6	123	52.5	274.0	26.0	4.898871015426444	103.38279306515557	315.74137456023595
20	2	inverse_cdf	6	128	127.5	256.0	4.0	0.38216314940930507	-153.29080894696787	83.14291763586243
20	2	inverse_cdf	6	130	37.5	6.0	6.0	0.41991702297850503	-14.2363439968032	63.83338700442216
20	2	inverse_cdf	6	133	97.5	56.0	18.0	0.3294503473006462	99.75196521977266	77.67522293389045
20	2	inverse_cdf	6	134	172.5	46.0	12.0	0.9571151013326155	-1.3746197234597632	98.92647534222591
20	2	inverse_cdf	7	139	67.5	362.0	4.0	0.35955316043406477	-174.2369228128938	75.03667176554536
20	2	inverse_cdf	8	166	45.0	4.0	38.0	4.124557488192445	61.59687678857548	257.17910284164554
20	2	inverse_cdf	8	166	45.0	316.0	4.0	0.4406068511240587	133.26474958882878	84.04106622815898
20	2	inverse_cdf	8	180	52.5	396.0	46.0	10.55085173405244	157.80570239673978	530.3489357253942
20	2	inverse_cdf	8	180	52.5	604.0	8.0	0.9077973370673076	37.13122246832223	130.65228679433426
21	1	inverse_cdf	1	1	45.0	700.0	8.0	0.4587548015584495	164.2371821210896	60.975341249145735
21	1	inverse_cdf	1	2	30.0	588.0	20.0	0.18419761871807208	-50.75465851541152	105.37642204482985
21	1	inverse_cdf	1	2	30.0	766.0	6.0	0.38465336164450703	-162.89876560313994	66.17170876513597
21	1	inverse_cdf	1	4	67.5	4.0	26.0	2.6906368315348024	-106.14939918014237	577.3780591918503
21	1	inverse_cdf	1	6	120.0	376.0	4.0	0.2761969371801269	-145.68987045755568	56.32363359083902
21	1	inverse_cdf	1	8	165.0	550.0	22.0	0.5451894335268876	-173.4401640490705	106.86862785013379
21	1	inverse_cdf	1	8	165.0	620.0	10.0	0.8892946676151627	-11.48029349320449	98.25603682602156
21	1	inverse_cdf	1	17	97.5	64.0	32.0	0.929118807486241	141.00498847378609	90.03659015179818
21	1	inverse_cdf	1	19	157.5	4.0	62.0	3.7575221570290624	-91.87730182102823	591.2689529484484
21	1	inverse_cdf	1	19	157.5	610.0	26.0	0.30817626754039135	174.81117632713193	62.8779793484048
21	1	inverse_cdf	1	19	157.5	830.0	4.0	0.3108612277807321	-18.13372772292322	65.68362518958712
21	1	inverse_cdf	1	22	142.5	4.0	10.0	1.3771379150861875	-86.85729731396515	464.0488693104314
21	1	inverse_cdf	1	23	127.5	604.0	6.0	0.4958483206851652	156.00350686348085	80.98962408817256
21	1	inverse_cdf	2	25	172.5	608.0	14.0	2.4524296180758114	86.047323948462	536.8103357469995
21	1	inverse_cdf	2	25	172.5	646.0	80.0	1.9736703489493195	-81.34310959097829	689.2515202236572
21	1	inverse_cdf	2	26	90.0	322.0	4.0	0.19597275595054814	154.7524482620894	41.311394132135675
21	1	inverse_cdf	2	29	105.0	310.0	8.0	0.5536106392619886	177.4549100897305	72.80877005590426
21	1	inverse_cdf	2	31	7.5	20.0	124.0	3.3818451939187666	-89.33262121146866	593.6274570817479
21	1	inverse_cdf	2	38	120.0	72.0	4.0	0.20496782649450462	-6.891785901245811	48.30152834197592
21	1	inverse_cdf	2	45	30.0	4.0	74.0	2.117357465141439	-71.42405908049412	739.7368548565548
21	1	inverse_cdf	3	60	142.5	948.0	8.0	0.7024581514843934	179.86626041823385	95.19264809568305
21	1	inverse_cdf	3	64	7.5	690.0	6.0	0.32392164673477425	-176.5189698303484	54.95994700846157
21	1	inverse_cdf	3	65	172.5	536.0	20.0	0.31070362627169507	36.5965445187643	106.6959536271338
21	1	inverse_cdf	3	67	112.5	42.0	6.0	0.2960747189638992	176.19384244695064	48.83561541297123
21	1	inverse_cdf	4	74	127.5	592.0	24.0	1.0444981563058795	-66.97087681208383	77.00663051153622
21	1	inverse_cdf	4	74	127.5	824.0	6.0	0.5384994592225998	5.054883952516023	76.68920979599903
21	1	inverse_cdf	4	78	105.0	36.0	8.0	0.6171276649362714	179.0880818974399	81.79758501909515
21	1	inverse_cdf	4	78	105.0	296.0	10.0	0.5047237335255692	123.11398431301163	69.88321102918407
21	1	inverse_cdf	4	80	30.0	616.0	6.0	0.4755851579603019	-173.66782686719574	72.77450157197322
21	1	inverse_cdf	4	81	150.0	640.0	8.0	0.5324429173595302	-164.1019910946127	69.11289231370667
21	1	inverse_cdf	4	83	120.0	132.0	8.0	0.5186433929049631	-14.458231395967758	67.25127074613349
21	1	inverse_cdf	4	91	7.5	244.0	6.0	0.4657527028027266	4.236517492575457	66.21457141549844
21	1	inverse_cdf	5	93	82.5	730.0	32.0	0.027933533885960926	49.73527030678544	115.02489555159138
21	1	inverse_cdf	5	95	105.0	988.0	6.0	0.4308252077634387	-148.57330470766397	76.07482546868232
21	1	inverse_cdf	5	98	90.0	574.0	4.0	0.28154489755075357	7.69670812816525	61.00049732946793
21	1	inverse_cdf	5	98	90.0	826.0	10.0	0.7608406763147395	-20.9522734836472	83.8581872344113
21	1	inverse_cdf	5	100	7.5	400.0	4.0	0.2122622512877062	-155.83913307367558	43.49924040078596
21	1	inverse_cdf	5	101	37.5	96.0	58.0	7.591974743431239	-178.13258229164265	426.24753238758865
21	1	inverse_cdf	5	101	37.5	284.0	12.0	1.0196130395559413	165.67691513817377	112.63630037949967
21	1	inverse_cdf	5	103	120.0	690.0	14.0	1.4601575253745798	2.444324231788347	118.80775580934846
21	1	inverse_cdf	5	103	120.0	936.0	12.0	1.1286961369336395	174.8356754139373	110.6387919924791
21	1	inverse_cdf	5	106	165.0	406.0	10.0	0.8323428083191261	-166.43698164243972	91.50677689104828
21	1	inverse_cdf	5	114	97.5	74.0	10.0	0.6737992105076892	-2.9286181478078444	69.82088944087707
21	1	inverse_cdf	6	117	90.0	100.0	44.0	6.763460493533717	-2.998147151516264	293.8735120826472
21	1	inverse_cdf	6	117	90.0	312.0	38.0	7.470397702170562	178.9953559238012	316.3532997259508
21	1	inverse_cdf	6	117	90.0	632.0	6.0	0.35097273383727057	163.45838158870183	59.03826331300337
21	1	inverse_cdf	6	118	82.5	44.0	6.0	0.23127064339122025	-6.510876029231442	40.327270572209464
21	1	inverse_cdf	6	120	7.5	128.0	46.0	12.767825300983827	-21.40074616687323	423.759702721181
21	1	inverse_cdf	6	120	7.5	368.0	16.0	2.168887134463676	-48.6415202525341	189.08678506620237
21	1	inverse_cdf	6	120	7.5	556.0	50.0	14.836818261647366	154.33497099251528	446.81626625842205
21	1	inverse_cdf	6	121	157.5	32.0	6.0	0.49512441101010984	171.05291693813655	71.21885197234174
21	1	inverse_cdf	6	121	157.5	76.0	4.0	0.26794532161800066	-136.2863276290303	56.54060688588726
21	1	inverse_cdf	6	121	157.5	796.0	4.0	0.2606395420298525	-8.67286086417293	56.294494454813375
21	1	inverse_cdf	6	121	157.5	972.0	14.0	1.223982319132047	-38.23755705658635	114.92420496195898
21	1	inverse_cdf	6	123	97.5	98.0	12.0	0.9204641964835434	67.5717842303762	89.14783337992021
21	1	inverse_cdf	6	126	37.5	164.0	48.0	13.727225406070286	175.45348486343264	464.88325197372296
21	1	inverse_cdf	6	126	37.5	362.0	12.0	1.256514034848006	120.79629554636878	119.58872383380667
21	1	inverse_cdf	6	127	120.0	362.0	54.0	15.06837637925523	155.65699334070516	408.5722955531185
21	1	inverse_cdf	6	129	30.0	808.0	14.0	1.5502506515710792	-143.8779639455465	139.03513821558582
21	1	inverse_cdf	6	131	105.0	84.0	4.0	0.3151888662867689	-174.03035965397333	66.83123345345393
21	1	inverse_cdf	6	131	105.0	382.0	4.0	0.18650431439687276	-173.94790040735074	44.4489552376926
21	1	inverse_cdf	6	133	75.0	726.0	10.0	0.8042948340488761	-161.60072827249311	94.15095702464933
21	1	inverse_cdf	6	133	75.0	894.0	12.0	0.6187715403909324	-5.924009076346315	63.2005457888037
21	1	inverse_cdf	7	141	112.5	566.0	8.0	0.7263955425241162	166.3043554317449	95.98872644978663
21	1	inverse_cdf	7	141	112.5	758.0	10.0	0.5401045571491974	-6.444407408072019	56.644026002262116
21	1	inverse_cdf	7	145	52.5	58.0	22.0	0.6423046993876459	-22.33036402639607	93.22389513719234
21	1	inverse_cdf	7	145	52.5	216.0	8.0	0.5552906406164728	177.4645953298394	75.63180640089611
21	1	inverse_cdf	7	148	37.5	100.0	10.0	0.9208226480266577	-1.0188072255411202	96.30422144664442
21	1	inverse_cdf	7	148	37.5	268.0	12.0	0.8065450184097338	173.23760516844158	78.29775491386667
21	1	inverse_cdf	7	153	90.0	536.0	20.0	0.24990414788739587	-94.52024419853099	66.76983288381139
21	1	inverse_cdf	7	156	172.5	4.0	74.0	3.4558099350498246	107.8941844790799	515.135500251217
21	1	inverse_cdf	7	156	172.5	122.0	4.0	0.5050860819241854	-123.37577199098804	99.05135146784032
21	1	inverse_cdf	7	156	172.5	190.0	44.0	12.197399894484978	-173.20347801118155	378.7862501161147
21	1	inverse_cdf	7	156	172.5	404.0	10.0	1.0502864586502507	-11.978490504718962	118.48422640149836
21	1	inverse_cdf	8	163	105.0	718.0	4.0	0.2760227117247174	170.77513834096095	61.47605043208171
21	1	inverse_cdf	8	163	105.0	912.0	6.0	0.2842962698825467	-29.338185370026316	49.99925191283742
21	1	inverse_cdf	8	165	172.5	676.0	28.0	0.7828652659039295	29.301455988889984	276.0215559661329
21	1	inverse_cdf	8	165	172.5	784.0	20.0	2.154948669765508	-99.51303287334079	294.846526305792
21	1	inverse_cdf	8	168	75.0	40.0	24.0	0.8715580612393389	134.9235494178827	93.70292208441093
21	1	inverse_cdf	8	168	75.0	134.0	38.0	2.8118672184896583	-104.5347122463008	501.7804358463762
21	1	inverse_cdf	8	168	75.0	244.0	6.0	0.509445934793885	-2.9486070663738464	76.24084473856209
21	1	inverse_cdf	8	182	30.0	40.0	86.0	3.264406813806622	-46.39463425752637	422.4565443816971
21	1	inverse_cdf	8	182	30.0	234.0	12.0	1.109606056827333	-15.67376676322915	97.95029706033866
21	2	cdf	1	3	52.5	338.0	6.0	0.29542936057972985	-0.3180450724885802	42.182244977391235
21	2	cdf	1	4	172.5	454.0	4.0	0.19956461238571363	-5.657422720588598	39.28221149288305
21	2	cdf	1	4	172.5	576.0	24.0	0.5633752824315027	163.4278337278809	81.6629193226314
21	2	cdf	1	4	172.5	758.0	8.0	0.3829767543349144	-6.144267554798075	51.45908680894255
21	2	cdf	1	5	127.5	22.0	6.0	0.6687155897457796	99.03732149607548	97.20662573575456
21	2	cdf	1	5	127.5	992.0	4.0	0.2037558334640824	-177.23287764154384	44.177818464963615
21	2	cdf	1	6	112.5	10.0	18.0	0.5038512148161576	137.40390864320048	71.5676329216859
21	2	cdf	1	6	112.5	908.0	8.0	0.366773811551821	-164.17641849395628	47.44807390069452
21	2	cdf	1	7	22.5	92.0	10.0	0.7657006643933691	-162.93579738798732	91.26253909816938
21	2	cdf	1	8	60.0	418.0	6.0	0.4549907365092758	-174.62266852273453	67.76940464145581
21	2	cdf	1	11	67.5	374.0	4.0	0.23783014175065592	163.58365568206324	53.757115695354074
21	2	cdf	1	11	67.5	698.0	10.0	0.6101048011567942	-3.6973161900565152	70.18545842439237
21	2	cdf	1	11	67.5	908.0	12.0	0.7238409241620304	169.03198297387024	65.95253130421703
21	2	cdf	1	12	82.5	796.0	6.0	0.42845447987412816	-178.68436131463304	70.8489598030289
21	2	cdf	1	15	135.0	88.0	6.0	0.36614529764227555	174.34418991119642	58.949836017563946
21	2	cdf	1	15	135.0	686.0	22.0	0.7187750292624813	12.250866517849126	121.30469794919964
21	2	cdf	1	15	135.0	884.0	14.0	0.9920464172508812	177.7259719103762	85.49317717814642
21	2	cdf	1	19	37.5	528.0	16.0	0.6964362630261474	-11.400984779896591	61.95333477889632
21	2	cdf	1	19	37.5	664.0	8.0	0.4416823525546453	-178.29879394621503	59.11065664321633
21	2	cdf	2	27	127.5	612.0	10.0	0.5792723688758291	-24.568450364694105	65.26305313567987
21	2	cdf	2	27	127.5	910.0	12.0	0.7797052790354386	-178.91696686919758	76.76128027527392
21	2	cdf	2	31	157.5	386.0	4.0	0.18711053924551155	-179.49789169743607	40.49271928502259
21	2	cdf	2	31	157.5	702.0	16.0	0.20532147037862075	134.70312735604307	47.771938723433415
21	2	cdf	2	32	30.0	38.0	20.0	0.7612126317543306	15.49010519768742	106.00076125973231
21	2	cdf	2	32	30.0	378.0	12.0	0.5321462187156669	149.02408965830264	59.86209389215962
21	2	cdf	2	32	30.0	732.0	22.0	0.42312715316787974	165.8648903345065	84.22851436143355
21	2	cdf	2	32	30.0	974.0	10.0	0.4266627027025958	-28.71059199769927	47.114278911259895
21	2	cdf	2	35	52.5	238.0	4.0	0.23551213092471276	62.16527174582636	46.78918858023772
21	2	cdf	2	35	52.5	398.0	14.0	0.4176318961159273	-167.06627085451152	48.56463347250446
21	2	cdf	2	36	112.5	242.0	6.0	0.22108860747620107	-24.074114813609402	34.58641025139791
21	2	cdf	2	40	67.5	662.0	4.0	0.1915312948919412	57.90749527380589	42.06306172671659
21	2	cdf	2	44	15.0	374.0	22.0	0.8513174446707893	175.3605068389391	97.04741857999561
21	2	cdf	3	51	30.0	568.0	10.0	0.5449145219192488	-14.106034970860962	59.14318844962108
21	2	cdf	3	51	30.0	884.0	8.0	0.290132561647287	171.8788519300407	41.55117515000866
21	2	cdf	3	51	30.0	922.0	22.0	0.47344343961632773	20.0504306173921	76.43227094497985
21	2	cdf	3	55	7.5	636.0	8.0	0.5414685932230111	-21.494065914134907	72.31775182890755
21	2	cdf	3	55	7.5	806.0	10.0	0.8629216296082591	165.47782415228363	98.7009917711522
21	2	cdf	3	59	75.0	804.0	10.0	0.622896329179104	174.86398797798662	68.70075668300288
21	2	cdf	3	62	157.5	390.0	32.0	0.2334902097904554	119.47560988626367	75.77953426734057
21	2	cdf	3	63	112.5	672.0	4.0	0.17185254123097515	-127.67428234233046	39.102152161876674
21	2	cdf	3	65	165.0	54.0	12.0	0.9480449269048896	175.63707647284815	99.873799592158
21	2	cdf	4	72	135.0	906.0	8.0	0.30140506669923056	-164.54535034302958	39.07854962329074
21	2	cdf	4	75	37.5	130.0	26.0	0.7763219735314554	176.2470090531289	93.62665488096037
21	2	cdf	4	75	37.5	462.0	4.0	0.16984471785790636	-174.4629553346073	34.79962577314571
21	2	cdf	4	76	82.5	4.0	28.0	1.3481980519153904	-176.5124016700447	156.51283850773993
21	2	cdf	4	76	82.5	946.0	4.0	0.14813109548924402	170.4407491619835	34.388265717796706
21	2	cdf	4	77	67.5	128.0	6.0	0.20468772442876665	-164.19377211191315	35.25924810523989
21	2	cdf	4	77	67.5	308.0	4.0	0.1479418176346387	-3.176254162648611	35.47569451735112
21	2	cdf	4	77	67.5	574.0	6.0	0.3300620352682781	-19.131706692700877	50.353771724881696
21	2	cdf	4	78	105.0	546.0	20.0	0.14503538858572523	-79.56830840135494	46.72145469258007
21	2	cdf	4	81	165.0	334.0	4.0	0.20885165697740127	-176.4000021309481	43.630183334085096
21	2	cdf	4	85	127.5	110.0	10.0	0.4678901406137001	1.40483637680384	52.35764106165965
21	2	cdf	4	89	90.0	716.0	4.0	0.1870806043963793	-21.593123404332662	41.349325916099346
21	2	cdf	4	89	90.0	794.0	6.0	0.2242092951216667	-171.16690798536106	40.42879771597045
21	2	cdf	4	90	60.0	184.0	14.0	1.2929888691866265	167.7061855163626	124.25884557288985
21	2	cdf	4	90	60.0	528.0	6.0	0.4314619671818306	135.9636353574984	62.46182718858324
21	2	cdf	4	92	120.0	506.0	8.0	0.4073298223904625	-164.35759380283508	51.45503956953284
21	2	cdf	5	94	22.5	4.0	44.0	1.2279385324641328	143.43385979580867	198.1212132851959
21	2	cdf	5	94	22.5	68.0	12.0	0.8391713470827097	-121.74356311232994	84.00568980908619
21	2	cdf	5	94	22.5	654.0	10.0	0.8303784024159213	-13.005145216198677	93.4413129252744
21	2	cdf	5	94	22.5	860.0	14.0	1.1544227813925163	158.60354698255026	103.81174727015262
21	2	cdf	5	100	157.5	800.0	6.0	0.24142594956598828	-16.5585205567567	42.210922784596434
21	2	cdf	5	104	112.5	34.0	12.0	0.7924472631844222	149.9581677276088	84.62096715183908
21	2	cdf	5	104	112.5	204.0	12.0	0.6938271763185295	-18.461379187947895	71.67398671874489
21	2	cdf	5	106	75.0	230.0	6.0	0.3396886800554222	-5.537081538278402	49.45835731046995
21	2	cdf	5	106	75.0	678.0	12.0	0.43247335689483396	-144.30646483390564	40.21254331688419
21	2	cdf	5	107	60.0	120.0	4.0	0.17295070554331002	-170.73100098625434	39.39036657849126
21	2	cdf	5	110	105.0	500.0	10.0	0.6902800290676951	119.95411742864492	88.87238587255969
21	2	cdf	5	114	172.5	572.0	4.0	0.2102971538562568	-159.48017550365768	47.840859916017685
21	2	cdf	5	115	90.0	760.0	4.0	0.21707961327816327	-117.95424458553701	45.70403346979568
21	2	cdf	6	120	172.5	556.0	4.0	0.3775716726804579	-81.75271969423387	80.23650877928796
21	2	cdf	6	120	172.5	580.0	4.0	0.2897887148965808	-50.211877082577	61.92136606013237
21	2	cdf	6	132	90.0	412.0	6.0	0.3759404300191078	-178.75158133233128	64.20458416917404
21	2	cdf	6	134	52.5	602.0	10.0	0.5272074380626456	-12.199487468625428	62.94547942900266
21	2	cdf	6	134	52.5	946.0	4.0	0.35156725510476455	-106.26117101736885	62.38503191892425
21	2	cdf	6	135	45.0	122.0	8.0	0.49769362001588247	-177.73856774763937	65.10590544689988
21	2	cdf	6	135	45.0	292.0	10.0	1.0274081807288828	12.13890640806132	118.54161996064882
21	2	cdf	6	138	7.5	392.0	6.0	0.18497378980681953	21.30459012531007	32.96012446983883
21	2	cdf	7	141	127.5	164.0	44.0	11.652938430464737	-170.3316082413022	411.59274113910095
21	2	cdf	7	141	127.5	234.0	4.0	0.2096253116604927	-161.3006586911929	44.96622253942033
21	2	cdf	7	141	127.5	410.0	4.0	0.2825190722967771	-177.67266335997485	63.037306576502274
21	2	cdf	7	147	120.0	856.0	12.0	0.9026636030011436	179.47990810777523	92.04787144399045
21	2	cdf	7	151	45.0	88.0	8.0	0.45331248535534246	171.26551925035199	60.13822457295772
21	2	cdf	7	152	60.0	880.0	4.0	0.15683141264494735	-13.281637204595276	35.43713502596789
21	2	cdf	7	156	82.5	222.0	4.0	0.20457023801038	-149.14511194523394	38.785697915605375
21	2	cdf	7	160	97.5	766.0	8.0	0.5875616026359193	92.72180195004896	76.30206663829574
21	2	cdf	8	163	172.5	98.0	6.0	0.33488499866292953	-178.8782526317207	51.30473300960447
21	2	cdf	8	163	172.5	338.0	4.0	0.16699139750313585	22.500736130475307	36.59778219621104
21	2	cdf	8	163	172.5	976.0	4.0	0.18245952171588295	58.55311602377129	39.17062737501753
21	2	cdf	8	171	157.5	894.0	10.0	0.594571872229034	-177.78916049862815	76.22793971667338
21	2	cdf	8	174	67.5	28.0	4.0	0.17094279904452722	-158.64104059037766	37.136927835357895
21	2	cdf	8	176	15.0	514.0	28.0	1.8009736143355703	159.74969928761288	188.94195480513872
21	2	cdf	8	176	15.0	920.0	14.0	1.2190169922076186	-17.14199237573893	119.52156899155074
21	2	cdf	8	177	22.5	60.0	10.0	0.5910017473521078	178.72934563787896	64.64000000890304
21	2	cdf	8	178	52.5	398.0	4.0	0.18671542724817547	-169.8939447731141	40.22315323032052
21	2	cdf	8	178	52.5	654.0	10.0	0.799077489145759	-29.439770827567866	89.55538259988535
21	2	cdf	8	183	165.0	174.0	36.0	7.4391594039701125	150.85469972834784	293.5840494455945
21	2	cdf	8	183	165.0	374.0	14.0	1.0964336165501838	134.22536032588977	98.36730213972953
22	1	cdf	1	1	7.5	376.0	4.0	0.5054997976641713	0.9286154244063474	106.70416409150182
22	1	cdf	1	2	30.0	258.0	12.0	3.029237419349481	70.47676463964154	335.6993495760007
22	1	cdf	1	12	37.5	322.0	4.0	1.1050675510839914	-82.57594363947496	229.67175026929954
22	1	cdf	1	17	60.0	392.0	6.0	0.8990187160155221	-172.13563357267674	133.29861514323093
22	1	cdf	1	17	60.0	578.0	8.0	1.304714446484135	-33.76140674204648	168.94080532101722
22	1	cdf	1	17	60.0	926.0	10.0	2.195903739825017	176.18991802365863	275.58952176456467
22	1	cdf	1	19	172.5	366.0	4.0	0.5583835728403954	-145.04924027204177	112.28944488124606
22	1	cdf	1	21	97.5	668.0	6.0	0.6118463403145599	-3.8423763694787483	112.94820202967229
22	1	cdf	1	21	97.5	932.0	8.0	1.112547115272675	147.2322300191931	188.1836790448539
22	1	cdf	2	25	60.0	580.0	6.0	1.0283965359133136	173.4041473528752	174.95556880127702
22	1	cdf	2	25	60.0	726.0	6.0	0.7177819651127929	-17.558927860838914	117.30936109211358
22	1	cdf	3	49	60.0	4.0	20.0	2.6210446605682	77.23073907940615	297.95749880259876
22	1	cdf	3	49	60.0	126.0	10.0	2.1936915803648445	174.80676923104502	254.46588424030944
22	1	cdf	3	49	60.0	302.0	8.0	1.32470852749907	38.01394285570854	167.2582912136795
22	1	cdf	3	49	60.0	450.0	10.0	1.7138426717308337	163.98046520443654	179.8846437923875
22	1	cdf	3	49	60.0	548.0	10.0	1.780651595460115	-0.2105632496315746	184.2215429519509
22	1	cdf	3	49	60.0	686.0	8.0	1.7095311891174796	-161.3581028290341	231.11884800345408
22	1	cdf	3	49	60.0	830.0	12.0	2.0173043052027424	-22.345853576601254	181.86880285606617
22	1	cdf	3	51	75.0	810.0	8.0	1.2241535486114328	27.59928065505832	163.0237970703652
22	1	cdf	3	51	75.0	924.0	10.0	1.4493032814244078	-178.7033462517004	184.51025412266415
22	1	cdf	3	59	97.5	884.0	10.0	1.33266440165751	152.14907679257036	158.9830696679263
22	1	cdf	3	60	165.0	100.0	10.0	1.772049564742245	2.277980733702588	198.12050713862968
22	1	cdf	3	60	165.0	686.0	8.0	0.9841158471916495	6.304752691521474	133.52171625609995
22	1	cdf	3	60	165.0	886.0	14.0	1.6477572693891944	-179.71500849525054	132.4491053731833
22	1	cdf	3	63	15.0	114.0	10.0	1.4888324915920403	-140.69511537904947	162.69385911623831
22	1	cdf	3	63	15.0	286.0	8.0	1.2683904739377714	20.075406583761453	170.59258272156498
22	1	cdf	4	74	112.5	916.0	6.0	0.7864187682235031	-129.52690947283827	132.4642170366911
22	1	cdf	4	77	105.0	182.0	6.0	0.49606171456085857	174.69575799029423	84.85412387466269
22	1	cdf	5	93	7.5	528.0	10.0	1.246523467757345	-4.662220426556382	122.07593711948927
22	1	cdf	5	93	7.5	796.0	4.0	0.5706014373050491	-16.14847978285435	120.47646894731172
22	1	cdf	5	93	7.5	892.0	4.0	0.7967606341275876	105.65091778947922	172.33906664249403
22	1	cdf	5	93	7.5	972.0	4.0	0.3642163025157595	161.12782164399096	77.90627969815269
22	1	cdf	5	98	142.5	12.0	36.0	0.7740947273495794	-38.522222850851506	402.6642229779704
22	1	cdf	5	98	142.5	96.0	26.0	2.9219753094391887	55.40229575383471	235.2211789508156
22	1	cdf	5	98	142.5	398.0	4.0	0.6735876878431385	165.7501807063522	143.90799013374928
22	1	cdf	5	112	67.5	918.0	6.0	1.4794074568549398	-158.1948414344421	243.90677850293807
22	1	cdf	6	119	165.0	62.0	6.0	0.7457191123512695	4.7855986152519545	119.28809255368027
22	1	cdf	6	123	75.0	20.0	10.0	1.4954298968053206	-167.3297489579868	183.87490795284225
22	1	cdf	6	123	75.0	168.0	10.0	1.7617174387548404	-3.0397986642043184	202.11171277401968
22	1	cdf	7	141	45.0	4.0	6.0	0.8795773423965226	161.07650796542566	144.81934219298756
22	1	cdf	7	141	45.0	454.0	4.0	0.43532113738449424	28.568958834756415	94.59281509821173
22	1	cdf	7	141	45.0	824.0	10.0	1.1890123303894333	-135.07992242400843	119.87485350435621
22	1	cdf	7	144	22.5	40.0	22.0	1.22838607428034	-29.57461562311352	163.46325890606622
22	1	cdf	7	144	22.5	330.0	16.0	0.4559748183015746	97.02890508755071	100.12569595577791
22	1	cdf	7	148	127.5	20.0	4.0	0.5467318917042238	-1.7187243029005908	119.94840384120482
22	1	cdf	7	148	127.5	312.0	6.0	0.7232917025749676	-163.6656386728191	136.34694637131358
22	1	cdf	7	148	127.5	906.0	4.0	0.5688941699436137	121.08530394549955	140.56114832609617
22	1	cdf	7	149	52.5	4.0	4.0	0.8141150920312196	108.4508836669492	193.92659705299852
22	1	cdf	7	149	52.5	68.0	14.0	1.5267101422010783	-29.708007831091386	122.34394557678478
22	1	cdf	7	149	52.5	176.0	16.0	2.206119447047469	-172.86405370705054	180.330042639653
22	1	cdf	7	149	52.5	368.0	10.0	1.1902121870490399	4.498675191414969	131.4686819129086
22	1	cdf	7	149	52.5	712.0	8.0	0.8346820001087799	-153.71058825807816	108.58068081893686
22	1	cdf	7	149	52.5	914.0	6.0	0.8631762671779424	-18.46968119933936	124.37518809871133
22	1	cdf	7	150	60.0	58.0	22.0	1.3269047071519944	7.805989702516729	161.48994521592286
22	1	cdf	7	150	60.0	364.0	8.0	0.9655956739189684	174.83794757193195	130.0932125031521
22	1	cdf	7	150	60.0	496.0	24.0	1.273259489280967	-17.227838920778378	194.9323059937414
22	1	cdf	7	150	60.0	688.0	10.0	1.2452306151816654	-176.07903136171683	149.57788190562403
22	1	cdf	8	174	172.5	74.0	24.0	1.7439981337622437	6.687902584457592	221.63899705066922
22	1	cdf	8	174	172.5	182.0	24.0	2.477453491398304	170.0129535926633	288.0057739247179
22	1	cdf	8	174	172.5	340.0	24.0	1.7958331599508037	-22.771605940762417	200.10402623934039
22	1	cdf	8	174	172.5	934.0	12.0	1.1575910707121169	0.08113248503647752	102.18297516382889
22	1	cdf	8	177	22.5	46.0	6.0	0.6945045960153762	4.5972720130186415	105.21565730244949
22	1	cdf	8	177	22.5	442.0	4.0	0.33225177017484553	-166.58309817864728	106.04202836737143
22	1	cdf	8	177	22.5	894.0	8.0	0.957166056169378	-16.716073183160955	130.9791198661991
22	2	inverse_cdf	1	3	67.5	24.0	20.0	1.2246107541869313	151.85766360589886	220.3453751639462
22	2	inverse_cdf	1	9	82.5	526.0	4.0	0.41416329065097507	10.731629250498727	87.10713598966915
22	2	inverse_cdf	1	11	150.0	82.0	8.0	0.6001735891711708	174.51181533877937	78.11055120467043
22	2	inverse_cdf	1	11	150.0	352.0	4.0	0.34988282305045865	2.4188349475018067	80.17219136244238
22	2	inverse_cdf	1	15	37.5	586.0	4.0	0.40118513854836774	-18.353914950852158	82.62197905772729
22	2	inverse_cdf	1	16	52.5	828.0	8.0	0.7676173752983737	-168.91178401688572	101.31938596565284
22	2	inverse_cdf	2	25	97.5	586.0	6.0	0.5528699865162453	168.3561320149076	81.72142362026871
22	2	inverse_cdf	2	34	127.5	314.0	4.0	0.4444712855746576	43.959736355442885	96.81837198629187
22	2	inverse_cdf	2	35	90.0	942.0	4.0	0.4770104978791009	15.565473083823036	97.85175839055711
22	2	inverse_cdf	2	36	157.5	156.0	6.0	0.8894528192921445	24.06576594425094	140.6504211739424
22	2	inverse_cdf	2	36	157.5	416.0	6.0	0.8497424082479434	176.12411059714518	131.60940235781132
22	2	inverse_cdf	2	36	157.5	754.0	18.0	1.1830850561734207	54.79334303942008	205.4870236653993
22	2	inverse_cdf	2	36	157.5	974.0	4.0	0.5401493597630783	171.61421973517128	122.03613922585278
22	2	inverse_cdf	2	41	52.5	424.0	4.0	0.2349788899244771	177.198583986862	53.21784049583156
22	2	inverse_cdf	2	43	82.5	386.0	18.0	0.17925421002170552	40.54138193427944	99.49921142161882
22	2	inverse_cdf	2	43	82.5	584.0	20.0	0.954006731819271	118.68454545726787	105.2469289934244
22	2	inverse_cdf	3	60	97.5	346.0	4.0	0.26734432338797465	-5.989470769821713	59.84201167070522
22	2	inverse_cdf	3	61	45.0	120.0	4.0	0.4193962724597227	-22.548282891007926	97.69260646901662
22	2	inverse_cdf	3	61	45.0	344.0	4.0	0.4502012398853887	147.35188344759842	102.82891389059776
22	2	inverse_cdf	3	63	67.5	332.0	6.0	0.4129039329311039	-8.226502990954993	130.0133070490459
22	2	inverse_cdf	3	65	105.0	22.0	6.0	0.5520344632638506	167.98825776676637	94.42562569983986
22	2	inverse_cdf	3	65	105.0	324.0	6.0	0.522132725483095	-178.37923878025404	81.65342849138972
22	2	inverse_cdf	3	65	105.0	756.0	4.0	0.3453631124815253	11.788926339483401	74.40275009041892
22	2	inverse_cdf	4	76	97.5	204.0	20.0	1.3547551735314527	-149.17250125438989	185.9610894863763
22	2	inverse_cdf	4	76	97.5	568.0	10.0	0.9920642525619933	-176.01568152764148	115.44653722457677
22	2	inverse_cdf	4	76	97.5	980.0	8.0	0.7042624337898303	15.267576520854206	92.70481166562156
22	2	inverse_cdf	4	80	165.0	528.0	30.0	4.304353631208873	19.049071898221985	219.97752092320488
22	2	inverse_cdf	4	80	165.0	602.0	36.0	4.219212447794817	-14.346643488187702	251.53491850744823
22	2	inverse_cdf	4	80	165.0	966.0	28.0	6.466365218401852	-129.38885165507276	349.0683060010892
22	2	inverse_cdf	4	84	15.0	150.0	4.0	0.3358069886459875	-166.43334478223164	73.16500161436163
22	2	inverse_cdf	4	89	60.0	374.0	8.0	0.8863527144242042	-151.58322501497793	119.80004321880524
22	2	inverse_cdf	4	89	60.0	708.0	4.0	0.5714323715322767	57.91336136943226	118.2299118081408
22	2	inverse_cdf	4	90	150.0	84.0	20.0	1.2201715313248251	-136.79769095756538	156.97701642849532
22	2	inverse_cdf	4	92	67.5	596.0	4.0	0.5583970542902876	24.8542421610606	123.2187395652907
22	2	inverse_cdf	5	93	127.5	24.0	8.0	1.190297321173684	-161.2889856559276	159.27889532990412
22	2	inverse_cdf	5	93	127.5	302.0	4.0	0.5691402708671834	-124.21195446171156	115.69143912052715
22	2	inverse_cdf	5	95	30.0	10.0	6.0	0.7793593242181086	-147.81966094640762	121.89301140204617
22	2	inverse_cdf	5	99	150.0	76.0	22.0	0.989609380912508	-43.83515222196737	133.09019011122987
22	2	inverse_cdf	5	100	60.0	684.0	18.0	0.7646551463694223	-35.402109792918864	126.76909206474664
22	2	inverse_cdf	5	100	60.0	882.0	4.0	0.7549214336038879	90.12447106287219	184.07262970960068
22	2	inverse_cdf	5	101	142.5	370.0	4.0	0.33959177890932235	-40.34157858867663	91.68439727431604
22	2	inverse_cdf	5	101	142.5	476.0	8.0	0.8065207069763891	-166.71122434812574	103.95021315119227
22	2	inverse_cdf	5	101	142.5	694.0	4.0	0.3598011911100028	-4.182860988943297	76.85616674012174
22	2	inverse_cdf	5	104	165.0	6.0	10.0	1.2498645782491362	-2.558449364499029	158.041958620929
22	2	inverse_cdf	5	104	165.0	106.0	24.0	1.0554334171723303	172.7642866919001	171.5898929211191
22	2	inverse_cdf	5	104	165.0	322.0	20.0	0.9617178941563256	29.100175402386956	135.60052231107503
22	2	inverse_cdf	5	105	120.0	808.0	4.0	0.434968499797776	163.3424786734754	116.09329917585269
22	2	inverse_cdf	5	106	37.5	4.0	6.0	0.20861380892605708	-11.888804039210298	37.438507506490495
22	2	inverse_cdf	5	106	37.5	608.0	42.0	2.475035353568489	5.614713731901802	204.30317803163425
22	2	inverse_cdf	5	106	37.5	992.0	4.0	0.2267905766327783	42.471917901492304	68.9187153914547
22	2	inverse_cdf	5	107	97.5	358.0	4.0	0.6012382305266224	-119.78584539063014	124.23194958459652
22	2	inverse_cdf	5	108	90.0	818.0	4.0	0.6549102975789615	-113.47766373949825	131.05041155751007
22	2	inverse_cdf	5	111	105.0	790.0	4.0	0.3484834004382723	-140.53837951294997	90.12721655175353
22	2	inverse_cdf	5	114	157.5	358.0	8.0	0.7056432355445132	149.8467934968924	145.5504108534853
22	2	inverse_cdf	5	114	157.5	428.0	6.0	0.4813970742375092	16.844550364336204	105.00517016451009
22	2	inverse_cdf	5	114	157.5	912.0	4.0	0.4000684598637318	-174.5888429688534	87.7609451616783
22	2	inverse_cdf	5	115	15.0	144.0	4.0	0.3412801756874828	-133.07111770434972	111.18731472562385
22	2	inverse_cdf	5	115	15.0	674.0	4.0	0.45053660089552366	137.37735832924275	91.5835731762096
22	2	inverse_cdf	6	121	165.0	412.0	16.0	0.25610860467032903	117.04818475197469	93.6994398656424
22	2	inverse_cdf	6	122	37.5	550.0	4.0	0.6852269642899625	92.8827997460894	151.7874353570362
22	2	inverse_cdf	6	124	90.0	54.0	22.0	0.7665784417572032	1.349118612252896	155.6034846733472
22	2	inverse_cdf	6	133	120.0	68.0	12.0	1.6659152441488465	7.301270884320313	157.71659540136048
22	2	inverse_cdf	6	133	120.0	988.0	4.0	0.8195121337477607	85.29046551130187	225.833965164805
22	2	inverse_cdf	7	139	105.0	70.0	22.0	0.42797977631636	98.37946292891779	110.94085870712512
22	2	inverse_cdf	7	139	105.0	338.0	6.0	0.4283655194536915	0.0	73.5573614039797
22	2	inverse_cdf	7	139	105.0	732.0	8.0	1.0091067903998503	-48.69519667148436	135.14412981602507
22	2	inverse_cdf	7	139	105.0	916.0	6.0	0.7315465841423905	-173.560704503922	107.89447491808124
22	2	inverse_cdf	7	146	30.0	70.0	8.0	0.8529977660956166	176.91239866766708	112.50736136564204
22	2	inverse_cdf	7	150	135.0	616.0	6.0	0.7257417189576777	-47.30451764875634	105.35473564422885
22	2	inverse_cdf	7	150	135.0	982.0	8.0	0.6988077899255044	166.96967437147066	100.6536728477257
22	2	inverse_cdf	7	152	112.5	474.0	6.0	0.4869722967998247	-6.189982045380936	77.53897046831436
22	2	inverse_cdf	7	153	150.0	114.0	4.0	0.47081220916786254	-169.35717793063736	98.7891122193078
22	2	inverse_cdf	7	160	75.0	76.0	8.0	0.9103307325964984	15.687627931002673	117.4812025536307
22	2	inverse_cdf	8	166	60.0	44.0	24.0	0.96540793901862	134.5982180875926	159.49508938095454
22	2	inverse_cdf	8	172	90.0	292.0	16.0	0.4056433173323823	-63.83076896369088	124.21924753999488
22	2	inverse_cdf	8	173	150.0	12.0	6.0	2.4085261344936497	-81.06191693596945	337.4727501474961
22	2	inverse_cdf	8	173	150.0	274.0	4.0	0.34423870620107483	-159.92844699402664	78.59656305562929
22	2	inverse_cdf	8	179	15.0	46.0	8.0	0.9424919549890021	5.393896003946432	127.16924383646315
22	2	inverse_cdf	8	179	15.0	250.0	4.0	0.3196267624220488	-127.27524016577206	99.61722469415714
22	2	inverse_cdf	8	179	15.0	756.0	6.0	0.5808892180098937	132.25494506096382	130.33713020633772
22	2	inverse_cdf	8	181	45.0	70.0	6.0	0.4878145149545271	-3.4707391272524815	83.42257818167765
22	2	inverse_cdf	8	183	82.5	4.0	16.0	0.49039454578954117	-123.28865177759906	135.31840678412433
22	2	inverse_cdf	8	183	82.5	354.0	20.0	0.6945309514269634	37.69062563119999	168.69538239111003
22	2	inverse_cdf	8	183	82.5	522.0	4.0	0.30791370067670315	-165.82144801035292	65.1093889897946
22	2	inverse_cdf	8	184	105.0	140.0	6.0	0.6373022529935748	-17.683057753665718	100.74784884170249
22	2	inverse_cdf	8	184	105.0	404.0	4.0	0.3184509734929762	1.770967278841275	69.61272360222894
22	2	inverse_cdf	8	184	105.0	630.0	18.0	0.44554425758900795	134.415903771631	125.82291739043559
22	2	inverse_cdf	8	184	105.0	818.0	8.0	0.8552089856399796	-6.387266803285817	115.97846725292135
23	1	inverse_cdf	1	2	30.0	4.0	32.0	0.3274388963544551	161.32509931023864	68.12481763718253
23	1	inverse_cdf	1	2	30.0	156.0	10.0	0.9147217220926022	-177.64015600395086	103.93291528052087
23	1	inverse_cdf	1	2	30.0	518.0	6.0	0.3802726845491583	-169.58790842625893	65.32359362059907
23	1	inverse_cdf	1	8	120.0	16.0	8.0	0.5281338860068349	-68.10411417220688	82.28700798016956
23	1	inverse_cdf	1	8	120.0	94.0	20.0	0.7147267462125669	-162.7952690522061	116.12517640563661
23	1	inverse_cdf	1	8	120.0	382.0	8.0	0.7000555174279799	40.575714519001345	91.16844003648546
23	1	inverse_cdf	1	8	120.0	880.0	6.0	0.2663134041462163	-159.46959315455248	44.96458992439101
23	1	inverse_cdf	1	19	172.5	12.0	4.0	0.41092414287048395	-111.31116961503051	83.44138581264562
23	1	inverse_cdf	1	19	172.5	38.0	28.0	1.7285378918614773	135.40697386799744	175.32285298191172
23	1	inverse_cdf	1	19	172.5	222.0	20.0	0.5557910540964326	-3.5518528874931516	118.26854098890418
23	1	inverse_cdf	1	19	172.5	426.0	10.0	0.7027502093625034	175.72078043088797	79.70351709644386
23	1	inverse_cdf	1	23	112.5	58.0	24.0	1.0546691874838892	-129.4107052260013	131.43175197288767
23	1	inverse_cdf	1	23	112.5	326.0	10.0	0.7412869247143171	8.247600513942428	89.65348855497501
23	1	inverse_cdf	1	23	112.5	878.0	8.0	0.34339923916293313	153.35073632818293	44.69887507108183
23	1	inverse_cdf	2	27	90.0	70.0	22.0	1.0581943467188326	119.85952735861943	97.76247604647178
23	1	inverse_cdf	2	37	7.5	342.0	24.0	0.6236110816544955	141.41384079882545	103.48389558189615
23	1	inverse_cdf	2	37	7.5	686.0	12.0	1.060274199923255	0.5303605474648072	115.88809192791948
23	1	inverse_cdf	2	37	7.5	828.0	24.0	0.9344112625398314	-169.60843908858922	116.7287592665505
23	1	inverse_cdf	2	39	105.0	132.0	14.0	1.339622970337291	-7.092382982759332	132.8926781068433
23	1	inverse_cdf	2	39	105.0	300.0	24.0	1.2862902805679117	171.43381814365358	128.3670838898356
23	1	inverse_cdf	2	39	105.0	952.0	18.0	0.2608116737567317	45.185481987273604	66.91600421556805
23	1	inverse_cdf	2	41	37.5	42.0	6.0	0.5123053623677241	-80.4113092588536	80.22433235125577
23	1	inverse_cdf	2	41	37.5	88.0	26.0	1.2142604251434508	-134.22168223956942	166.7450571722474
23	1	inverse_cdf	2	45	172.5	540.0	8.0	0.5724064090992458	172.76917191370862	75.57521530826003
23	1	inverse_cdf	3	51	142.5	552.0	18.0	0.7797564409839102	-6.6384709491181635	122.27083635869603
23	1	inverse_cdf	3	51	142.5	684.0	10.0	0.7909063412065265	-164.74104257948133	85.2651600565721
23	1	inverse_cdf	3	63	30.0	110.0	8.0	0.6057401353051409	-178.60438762342588	80.83241144356583
23	1	inverse_cdf	4	73	120.0	254.0	20.0	1.0541223277908771	-104.33230204013631	95.1411643632572
23	1	inverse_cdf	4	73	120.0	572.0	10.0	0.6966621538086804	31.735895375126056	82.73057833802841
23	1	inverse_cdf	4	73	120.0	818.0	10.0	0.7355730360251952	-169.73372152947823	89.5603334518715
23	1	inverse_cdf	4	75	142.5	120.0	10.0	0.44477896452746757	-160.8481492339689	46.62699020158393
23	1	inverse_cdf	4	75	142.5	334.0	8.0	0.31355251728703215	-6.004311893920633	43.15614062571506
23	1	inverse_cdf	4	76	150.0	486.0	30.0	0.7701761295798842	-166.34637929395188	86.78322531772521
23	1	inverse_cdf	4	82	157.5	562.0	10.0	0.8599254132225084	12.764411209431335	92.23508244023422
23	1	inverse_cdf	4	82	157.5	698.0	12.0	1.0072317565347368	-172.90421876242456	99.04767513677662
23	1	inverse_cdf	4	88	127.5	130.0	32.0	0.6315420998560681	15.948372051654747	93.81049056720363
23	1	inverse_cdf	4	88	127.5	506.0	12.0	0.9551606011645625	-179.80360189583973	99.19519077807372
23	1	inverse_cdf	4	91	37.5	72.0	18.0	0.2991333929793262	25.931282591549785	141.67699206553166
23	1	inverse_cdf	4	91	37.5	274.0	4.0	0.32435630890759565	27.688299516404772	83.62820568508435
23	1	inverse_cdf	4	91	37.5	388.0	10.0	0.9907946674721935	175.63628318745455	127.4585379616228
23	1	inverse_cdf	4	91	37.5	518.0	12.0	1.7115088643608507	-7.039921849622771	167.1712813716412
23	1	inverse_cdf	4	91	37.5	764.0	10.0	0.9414931935146437	-164.96248204088732	102.06093252200618
23	1	inverse_cdf	5	97	52.5	262.0	8.0	0.520109967148731	-146.69685155335839	70.72043712124244
23	1	inverse_cdf	5	97	52.5	552.0	8.0	0.6176133714729845	-169.43778669090892	85.19902740902373
23	1	inverse_cdf	5	97	52.5	712.0	6.0	0.520530449092694	-24.785296028179783	85.36381242757197
23	1	inverse_cdf	5	97	52.5	942.0	8.0	0.8091367214662336	150.2236339818941	109.3914512106531
23	1	inverse_cdf	5	99	172.5	4.0	28.0	3.620866746167271	93.69047015299654	437.5232534275972
23	1	inverse_cdf	5	99	172.5	332.0	20.0	0.461686135089104	-130.58050807676224	70.70111998346403
23	1	inverse_cdf	5	99	172.5	496.0	10.0	0.5952622868440312	5.528043964751015	64.97666803870258
23	1	inverse_cdf	5	108	165.0	514.0	8.0	0.691257003563976	-33.062032900911994	91.42964663987452
23	1	inverse_cdf	5	108	165.0	734.0	10.0	0.4057437794844474	152.85530757000973	46.0413801078434
23	1	inverse_cdf	5	111	22.5	666.0	18.0	0.5466238686825349	-115.99343598721744	107.36227205881113
23	1	inverse_cdf	5	111	22.5	986.0	4.0	0.37212063256545364	87.72553692935237	78.82965023914431
23	1	inverse_cdf	5	112	97.5	12.0	8.0	0.5364809600266016	-1.2253911616603579	71.89970220745614
23	1	inverse_cdf	5	112	97.5	92.0	26.0	1.4164340345534068	132.02290739799227	135.25187892565606
23	1	inverse_cdf	5	112	97.5	624.0	4.0	0.4922958370606301	-112.74155941922373	109.32510432315358
23	1	inverse_cdf	5	115	45.0	94.0	6.0	0.5387746370407274	23.122538409791925	91.71426062303681
23	1	inverse_cdf	5	115	45.0	198.0	4.0	0.28290042643998287	-130.06584320981764	58.30124378665754
23	1	inverse_cdf	5	115	45.0	406.0	8.0	0.5828607379048936	-167.65050377468413	78.6331920274073
23	1	inverse_cdf	6	130	120.0	4.0	4.0	0.22050875782487098	-102.88867087517299	66.4353994766098
23	1	inverse_cdf	6	130	120.0	70.0	12.0	0.7662177186801793	-150.6248308846828	85.51640857704558
23	1	inverse_cdf	6	130	120.0	288.0	18.0	1.2640105615790223	-70.03908868558989	115.40274358203777
23	1	inverse_cdf	6	130	120.0	484.0	6.0	0.5819439328065324	-149.3201837060141	94.54885204363443
23	1	inverse_cdf	6	130	120.0	684.0	4.0	0.3189401463190132	12.169559607140913	70.70337155486044
23	1	inverse_cdf	6	131	97.5	112.0	8.0	0.5599602649467305	-34.849025365144605	76.72668713357741
23	1	inverse_cdf	6	131	97.5	310.0	6.0	0.3253512811074431	-161.47742351840108	52.01502387204368
23	1	inverse_cdf	6	135	22.5	18.0	24.0	0.9462148661620747	-170.72781867825574	136.24397550030068
23	1	inverse_cdf	6	135	22.5	166.0	22.0	0.895912641987586	-6.828854232874837	134.5939054017898
23	1	inverse_cdf	6	138	172.5	496.0	18.0	0.15262755406958625	-104.95632122171652	46.164726222267
23	1	inverse_cdf	7	149	142.5	4.0	36.0	0.049917354555501975	-117.4077255036495	101.72387845245429
23	1	inverse_cdf	7	149	142.5	808.0	8.0	0.6845453597310175	-178.7651843374639	87.40566872357181
23	1	inverse_cdf	7	150	75.0	112.0	12.0	0.5691827993387512	159.08476644039231	69.75934735108362
23	1	inverse_cdf	7	158	30.0	540.0	20.0	0.3889646896957113	-142.09554591207552	76.05827208835866
23	1	inverse_cdf	7	158	30.0	934.0	26.0	0.2719177142961203	-18.62269710063809	54.45096816670538
23	1	inverse_cdf	7	161	120.0	148.0	12.0	0.727724676365916	-19.905001503342245	82.22294876385584
23	1	inverse_cdf	7	161	120.0	426.0	8.0	0.7474176675873563	169.62891537582135	101.01544421538884
23	1	inverse_cdf	7	161	120.0	578.0	12.0	0.851471168008582	-12.80162505018546	74.52585801852246
23	1	inverse_cdf	7	161	120.0	780.0	10.0	0.37440428094839834	-155.12960885814348	42.64671086054703
23	1	inverse_cdf	8	166	37.5	4.0	48.0	10.326449109220528	120.85077542411231	619.8457991052563
23	1	inverse_cdf	8	166	37.5	114.0	32.0	1.8577876274309535	-104.10276237741812	151.87517343625603
23	1	inverse_cdf	8	166	37.5	228.0	8.0	0.5376656681356949	-21.483264805604904	69.89749836673204
23	1	inverse_cdf	8	166	37.5	578.0	10.0	0.8361289175962066	177.5249646629008	95.94073266977578
23	1	inverse_cdf	8	166	37.5	716.0	8.0	0.7484989859988512	-19.469078987941657	99.60622145438947
23	1	inverse_cdf	8	166	37.5	942.0	8.0	0.5401614148481428	-178.43310142866198	67.88655799234631
23	1	inverse_cdf	8	174	120.0	858.0	22.0	0.5784189782475183	-110.77341762215008	97.32141612619343
23	1	inverse_cdf	8	176	60.0	48.0	20.0	0.43518529688911145	-148.39403943305953	74.6862927032473
23	1	inverse_cdf	8	176	60.0	586.0	8.0	0.5927620634093922	3.4905480327294898	78.8617042539404
23	1	inverse_cdf	8	176	60.0	722.0	10.0	0.6359721461892063	161.502794193084	72.01983885626652
23	1	inverse_cdf	8	176	60.0	986.0	8.0	0.5781439795282113	146.78837793104293	99.5991820085208
23	2	cdf	1	19	97.5	16.0	20.0	2.434154005178587	-93.55617159716726	218.18054182980316
23	2	cdf	1	19	97.5	410.0	18.0	0.2745531043041501	-125.02192909874348	65.25747003665607
23	2	cdf	3	65	45.0	4.0	10.0	0.34987178914573697	-13.842002610413502	39.46004374091526
23	2	cdf	3	65	45.0	268.0	22.0	0.5863192358956639	29.14776475127556	87.51065081983478
23	2	cdf	3	65	45.0	554.0	6.0	0.39083675631568204	-150.84881631064937	60.74641253034029
23	2	cdf	5	110	142.5	640.0	12.0	0.764258435034641	175.07254546679087	74.94398464787662
23	2	cdf	5	110	142.5	856.0	10.0	0.37330787792761055	3.780804579103082	39.71585320426134
23	2	cdf	5	112	120.0	28.0	20.0	0.6395618517048299	3.3836932827686175	115.2792129694795
23	2	cdf	5	112	120.0	736.0	20.0	0.37911083537482937	-143.62472996973375	78.4732383931462
23	2	cdf	6	132	105.0	30.0	96.0	4.748511393401818	60.17409419513693	360.61326791009293
23	2	cdf	6	132	105.0	402.0	10.0	1.014636595881198	88.42421163546938	122.48625298203059
23	2	cdf	6	138	37.5	58.0	18.0	0.26790053629082344	117.3524329381343	83.14446106829483
23	2	cdf	7	144	157.5	160.0	10.0	0.9173928350977921	-176.41604332475623	103.70486178358573
23	2	cdf	7	144	157.5	336.0	6.0	0.4599480760214923	-2.859551404159959	79.78402338531416
23	2	cdf	7	144	157.5	588.0	48.0	3.5869796536655025	-118.61705866253	208.55340018898463
23	2	cdf	7	144	157.5	658.0	22.0	2.7214693167254667	68.49160220851492	212.41096485248093
23	2	cdf	7	145	135.0	76.0	14.0	0.3013170935872488	-128.3773807176171	62.792584481366404
23	2	cdf	7	145	135.0	838.0	4.0	0.410834072769605	-98.0365835673174	85.9792797973222
23	2	cdf	7	152	105.0	4.0	8.0	1.0015301887817587	-104.42376971855016	138.14571883601755
23	2	cdf	7	152	105.0	126.0	40.0	1.5878298580239092	115.40116263940865	189.05254177234158
23	2	cdf	7	152	105.0	582.0	10.0	0.6461849844630466	94.07728756722892	82.46671558757512
23	2	cdf	7	153	22.5	890.0	26.0	0.5997506121605802	167.5333020418186	92.92252222210045
23	2	cdf	7	156	90.0	80.0	8.0	0.4646395372835601	178.18037260436344	61.70899723487307
23	2	cdf	7	156	90.0	296.0	10.0	0.675290481218884	21.46489285261776	85.2525415203604
23	2	cdf	7	159	127.5	236.0	10.0	1.1218016744989139	8.573711789071996	129.8959471247398
23	2	cdf	7	159	127.5	480.0	8.0	0.5589167788017299	147.34341973212943	69.96249047317058
23	2	cdf	8	162	97.5	144.0	12.0	1.5826817768592676	-37.55424830563778	160.30902412187865
23	2	cdf	8	162	97.5	316.0	14.0	2.6294537618515097	153.1598847053172	239.09249598745396
23	2	cdf	8	162	97.5	760.0	6.0	0.6166412366187848	176.19200231576642	108.1326404981175
23	2	cdf	8	162	97.5	900.0	8.0	0.5299262807232831	11.05030488727817	84.47076464293517
23	2	cdf	8	168	45.0	760.0	6.0	0.518671645007266	165.35262511696897	85.85086294447612
23	2	cdf	8	168	45.0	982.0	6.0	0.48680909312795434	-31.90462230713622	83.36944579607437
23	2	cdf	8	179	52.5	144.0	8.0	0.5564065974866225	-173.40035087042475	69.33286130463371
24	1	cdf	2	33	165.0	128.0	18.0	3.441138456149445	-32.25150746020956	298.609461342237
24	1	cdf	2	33	165.0	314.0	16.0	2.944822041905308	154.19740028263377	256.99278942703324
24	1	cdf	2	39	97.5	716.0	8.0	0.405662052440857	-177.91450910685887	54.83658274708193
24	1	cdf	3	65	165.0	638.0	4.0	0.1724325227634813	2.180707435402755	40.21373013635219
24	1	cdf	3	65	165.0	926.0	4.0	0.19463394624840546	165.85058180740523	43.69371184884739
24	1	cdf	4	70	22.5	618.0	4.0	0.21144862428144823	-164.24615505336615	48.62849179662064
24	1	cdf	4	86	120.0	380.0	4.0	0.21534567877044036	-169.4681842140359	43.908095820329926
24	1	cdf	5	93	150.0	28.0	4.0	0.22091765497171156	-154.01215924047716	46.760937902781244
24	1	cdf	5	110	67.5	4.0	8.0	0.9942476977857805	-100.84443313752996	140.84184395483888
24	1	cdf	5	110	67.5	150.0	8.0	0.5012437772693843	167.33703402678123	65.58015224885655
24	1	cdf	6	117	135.0	4.0	6.0	2.2943212249092273	-104.28797476724968	354.9979643132737
24	1	cdf	6	124	15.0	202.0	44.0	14.251513536127007	-151.0324923686698	585.440094536762
24	1	cdf	6	127	7.5	234.0	16.0	0.4174091703149412	-86.84434262098243	79.10737809504629
24	1	cdf	6	133	22.5	48.0	32.0	2.8447572971126434	133.806272793564	176.97787205370307
24	1	cdf	6	133	22.5	328.0	14.0	2.4415301572074153	-44.8920784610153	240.2761006262185
24	1	cdf	6	134	75.0	354.0	4.0	0.2711619486236583	-141.89087753567145	57.92085870775438
24	1	cdf	7	141	30.0	788.0	12.0	0.9877420755969931	30.99803300946656	111.4816458337714
24	1	cdf	7	141	30.0	990.0	4.0	0.4128264040864399	-149.14645710577614	91.10776581049136
24	1	cdf	7	142	120.0	936.0	12.0	1.1764320702492512	66.22743647362991	130.0666212611512
24	1	cdf	7	146	37.5	144.0	4.0	0.27140100390809946	-170.25421250566416	54.116608143594355
24	1	cdf	7	147	7.5	108.0	6.0	0.3548897429265708	171.76232393397004	57.52718102740183
24	1	cdf	7	155	150.0	6.0	70.0	11.812531118796516	4.190075578952672	258.06918484869476
24	1	cdf	7	155	150.0	304.0	36.0	11.094966563754744	-179.25421125800784	433.05044061199345
24	1	cdf	7	155	150.0	472.0	10.0	1.0569156193017675	-176.6179547406055	118.401005299282
24	1	cdf	7	160	22.5	54.0	6.0	0.2924636685858624	36.0894499078247	57.51269121579657
24	1	cdf	7	160	22.5	284.0	4.0	0.1849748744881247	152.5337902304365	40.952794149398336
24	1	cdf	7	161	157.5	654.0	30.0	2.863558982245983	103.04975577760796	208.3124080716944
24	1	cdf	7	161	157.5	932.0	8.0	1.3358791401904548	-90.9149803007692	179.04926711992547
24	1	cdf	8	164	157.5	716.0	12.0	1.2031501329891603	102.76734676649306	109.82765353774033
24	1	cdf	8	164	157.5	980.0	10.0	0.9445319794807026	-68.91842770008058	117.30029671930386
24	1	cdf	8	166	52.5	366.0	4.0	0.2715484571355013	153.44781411216093	56.845590633846676
24	1	cdf	8	179	60.0	48.0	4.0	0.28582920450275706	6.592767637191077	58.955320731645436
24	1	cdf	8	179	60.0	888.0	4.0	0.4238462619532617	84.22219211374843	86.96747830309927
24	2	inverse_cdf	1	9	90.0	46.0	6.0	0.24236107189765219	10.930439193195827	41.77922154786672
24	2	inverse_cdf	1	14	105.0	46.0	10.0	0.5674565915177099	-160.0517876914115	67.42275758885664
24	2	inverse_cdf	1	16	172.5	6.0	6.0	0.2774294825989101	26.712662299033315	42.67466587896695
24	2	inverse_cdf	1	16	172.5	648.0	6.0	0.30784493829218995	140.62716623134213	56.42743853012867
24	2	inverse_cdf	1	17	30.0	88.0	8.0	0.4593280674965683	161.24127787337542	61.728879365081326
24	2	inverse_cdf	1	17	30.0	892.0	12.0	1.2125883356581946	4.113040392857197	118.88062395710055
24	2	inverse_cdf	1	19	52.5	88.0	8.0	0.3869978120943641	167.2615229668821	51.313819329901435
24	2	inverse_cdf	1	22	45.0	810.0	12.0	0.4298573113319413	171.43901275754993	42.13567497414861
24	2	inverse_cdf	2	37	22.5	540.0	8.0	0.4985790596835968	-173.7650678402969	66.2271795681326
24	2	inverse_cdf	2	38	120.0	794.0	4.0	0.2795343737688089	170.54107651421225	57.10743713568344
24	2	inverse_cdf	2	42	142.5	624.0	8.0	0.5339734803912386	157.22665824151807	71.39828709388446
24	2	inverse_cdf	2	42	142.5	812.0	8.0	0.4755758351655502	7.929233570208572	62.649842288800194
24	2	inverse_cdf	2	46	67.5	156.0	4.0	0.1688412392651256	152.19126506689307	38.7639429014042
24	2	inverse_cdf	3	49	15.0	858.0	16.0	0.9380369591287759	121.4259785935029	74.79781597100164
24	2	inverse_cdf	3	51	135.0	4.0	4.0	0.34169812935754695	92.75300003997455	86.19676811470879
24	2	inverse_cdf	3	51	135.0	42.0	6.0	0.8689866251707234	-104.43651994705921	124.4536086381835
24	2	inverse_cdf	3	51	135.0	896.0	16.0	1.1010699721262112	45.04556059573148	85.58509577052921
24	2	inverse_cdf	3	58	165.0	94.0	24.0	1.2643473765188118	-162.8017303276651	135.61128453977577
24	2	inverse_cdf	3	58	165.0	262.0	6.0	0.2700801907864146	-153.29209339845292	41.22158286860654
24	2	inverse_cdf	3	62	30.0	670.0	8.0	0.4561946371521619	-173.18245746156933	59.577178177828834
24	2	inverse_cdf	3	66	172.5	694.0	4.0	0.2561384994365194	-101.45737047251599	51.72722813620372
24	2	inverse_cdf	4	70	120.0	338.0	4.0	0.15852924531180804	53.834030609736196	40.1755786693741
24	2	inverse_cdf	4	72	97.5	752.0	16.0	1.4635703793539778	12.427597990415864	116.63062231305655
24	2	inverse_cdf	4	77	150.0	718.0	10.0	0.48898738243820394	167.59903600285094	54.33715677536126
24	2	inverse_cdf	4	77	150.0	864.0	4.0	0.24234615064414208	5.4389435616071315	53.500815596290366
24	2	inverse_cdf	4	85	75.0	36.0	8.0	0.3376149517523831	175.26119812120837	44.46822015866536
24	2	inverse_cdf	4	88	45.0	4.0	30.0	0.38803114017459417	-86.11964186424747	205.74976918426893
24	2	inverse_cdf	4	88	45.0	264.0	10.0	0.49398179660629077	143.51677896278775	52.217806177283336
24	2	inverse_cdf	4	89	82.5	160.0	44.0	10.472968127161764	176.99186314474147	415.4356644255606
24	2	inverse_cdf	4	89	82.5	402.0	6.0	0.3270046462957001	160.6640788529021	56.1901046081291
24	2	inverse_cdf	4	91	165.0	294.0	4.0	0.18342463149316993	-6.67769647339409	39.303694287007666
24	2	inverse_cdf	4	91	165.0	616.0	6.0	0.38344597174748335	171.3878886404194	57.504056697041186
24	2	inverse_cdf	4	91	165.0	818.0	4.0	0.20204287606578686	2.326436345191874	44.49823624468897
24	2	inverse_cdf	5	93	45.0	104.0	4.0	0.19280840916694614	30.711185584014373	42.994420304775396
24	2	inverse_cdf	5	99	82.5	380.0	4.0	0.14901656993545548	163.3597682782877	34.51268568697952
24	2	inverse_cdf	5	99	82.5	740.0	4.0	0.1521717367218102	16.284568751308772	33.439441606854004
24	2	inverse_cdf	5	100	165.0	286.0	6.0	0.264474968252776	-146.90335303849443	43.15884008372363
24	2	inverse_cdf	5	104	105.0	334.0	4.0	0.14353906513574893	169.45892637769748	33.87694700247486
24	2	inverse_cdf	5	105	150.0	566.0	8.0	0.46190418409414863	-148.5129044012932	61.083085345758576
24	2	inverse_cdf	5	105	150.0	810.0	6.0	0.22685647232174938	-52.051771477970476	50.280128797944464
24	2	inverse_cdf	5	110	120.0	4.0	60.0	4.15017448190812	81.7469037743895	565.8540769789555
24	2	inverse_cdf	5	110	120.0	248.0	10.0	0.4880709105186131	-153.43844786109366	60.494927617377655
24	2	inverse_cdf	5	111	60.0	106.0	6.0	0.16098654535146206	156.57185652501178	30.768267874133752
24	2	inverse_cdf	6	117	142.5	144.0	4.0	0.26939974275963985	87.55592270749518	58.20275029555637
24	2	inverse_cdf	6	123	82.5	50.0	6.0	0.27715375814284454	-130.20138177748458	43.41562369499729
24	2	inverse_cdf	6	123	82.5	310.0	6.0	0.22743250324442157	20.26224543733505	36.65537231122676
24	2	inverse_cdf	6	130	7.5	44.0	8.0	0.458781932080979	17.917372053059154	61.4582859166584
24	2	inverse_cdf	6	131	15.0	4.0	6.0	0.2745118333934021	152.9768984494622	41.900183679726204
24	2	inverse_cdf	6	131	15.0	340.0	4.0	0.23852227192101122	15.565658813858066	46.8051371746325
24	2	inverse_cdf	6	133	97.5	80.0	6.0	0.31061902418619497	-176.97181319560784	50.76294413515688
24	2	inverse_cdf	6	134	75.0	636.0	10.0	0.5909761705296224	173.78298560913254	68.26067712432564
24	2	inverse_cdf	6	134	75.0	814.0	6.0	0.27375466854616864	26.71453039216163	46.198652155728055
24	2	inverse_cdf	7	139	172.5	24.0	66.0	0.5793682021292161	91.46095570280295	581.260780540743
24	2	inverse_cdf	7	139	172.5	128.0	8.0	1.0819981915260837	-114.08203390386298	154.53065154593853
24	2	inverse_cdf	7	141	120.0	598.0	4.0	0.21384827247993543	138.11294375457183	46.82033562247228
24	2	inverse_cdf	7	145	75.0	660.0	4.0	0.3105102119794464	-92.72669887884764	58.92905185489511
24	2	inverse_cdf	7	145	75.0	704.0	12.0	0.5826653647769884	179.5158723554741	60.20518970362675
24	2	inverse_cdf	7	146	135.0	356.0	6.0	0.24179915661014537	156.39649256062592	43.97944160247481
24	2	inverse_cdf	7	147	150.0	96.0	6.0	0.48699335497821467	34.012720665416886	72.30221172794906
24	2	inverse_cdf	7	148	82.5	82.0	4.0	0.1866344550439186	156.1452845371789	40.659801970236764
24	2	inverse_cdf	7	157	45.0	44.0	8.0	0.22486255115770673	-146.3109654484689	37.30972619120457
24	2	inverse_cdf	7	157	45.0	582.0	6.0	0.22092608262026067	131.38681835161486	46.87826259529802
24	2	inverse_cdf	8	162	105.0	632.0	4.0	0.1740884391473907	135.7669408598681	38.05050190646929
24	2	inverse_cdf	8	162	105.0	968.0	4.0	0.15790361126881247	20.69433886556895	34.13437449499784
24	2	inverse_cdf	8	163	82.5	138.0	6.0	0.25475088556115744	-38.19018635999605	45.722136677538906
24	2	inverse_cdf	8	169	150.0	740.0	12.0	0.5187797131259255	164.78165052591274	51.682342381177925
24	2	inverse_cdf	8	177	127.5	712.0	8.0	0.35056786354064634	-175.7052142468275	45.91655538348916
25	1	inverse_cdf	1	1	67.5	640.0	6.0	0.2970740047450735	0.31652357482066007	45.61936973874034
25	1	inverse_cdf	1	2	82.5	114.0	8.0	0.42296378607695045	140.19298229016522	56.56855090801151
25	1	inverse_cdf	1	3	45.0	412.0	12.0	0.7393955028848497	-6.11581617790839	71.8896902996099
25	1	inverse_cdf	1	3	45.0	648.0	18.0	0.21880511544034623	-158.43579542481865	45.32889547165584
25	1	inverse_cdf	1	4	7.5	638.0	20.0	2.2656258625555483	3.072875984703959	171.0588652501542
25	1	inverse_cdf	1	4	7.5	906.0	30.0	2.113978825208859	-175.6366494626422	214.5510570229586
25	1	inverse_cdf	1	6	135.0	354.0	4.0	0.16578680744987528	-158.5126071914707	35.790878389468745
25	1	inverse_cdf	1	7	30.0	408.0	6.0	0.21789753647753032	11.73425693219534	34.59850105682054
25	1	inverse_cdf	1	7	30.0	886.0	4.0	0.1904159505182115	90.98766917619945	38.74146962974152
25	1	inverse_cdf	1	8	60.0	374.0	16.0	0.30394508252286834	-155.0915008217658	64.56596651314835
25	1	inverse_cdf	1	8	60.0	924.0	6.0	0.3072635463851012	-13.5920583939236	47.95822116755612
25	1	inverse_cdf	1	9	105.0	264.0	20.0	0.406536772267887	-175.60158270406265	61.26818966333537
25	1	inverse_cdf	1	9	105.0	992.0	4.0	0.15432153536148088	1.828025554092441	44.109050724047684
25	1	inverse_cdf	1	14	22.5	364.0	6.0	0.2650774645817209	4.616860314515753	41.56798652427033
25	1	inverse_cdf	1	14	22.5	586.0	8.0	0.3696833092690662	177.2007504888758	50.12032359817191
25	1	inverse_cdf	1	16	52.5	606.0	10.0	0.7897035749789337	-20.81618320897655	89.99491739341335
25	1	inverse_cdf	1	16	52.5	872.0	24.0	0.7605807056930487	-175.17238720312187	86.82333429219752
25	1	inverse_cdf	1	18	112.5	746.0	20.0	0.30250041221281143	-25.03685800898789	72.24904993501508
25	1	inverse_cdf	1	18	112.5	938.0	18.0	0.15365608389116353	113.27697494827113	39.4548404146827
25	1	inverse_cdf	1	20	97.5	48.0	44.0	3.63522597709508	179.01711257632863	236.64955926585432
25	1	inverse_cdf	1	20	97.5	288.0	24.0	1.0869872125491895	143.71061538642536	139.13180696756532
25	1	inverse_cdf	1	20	97.5	562.0	4.0	0.18229871335922626	92.06356554857229	40.49936779621361
25	1	inverse_cdf	1	22	75.0	814.0	6.0	0.24742398791768289	-28.097273226288966	38.53560521468582
25	1	inverse_cdf	1	23	157.5	808.0	22.0	0.3711052734349592	113.72974126285251	39.212596859693555
25	1	inverse_cdf	2	27	37.5	394.0	24.0	2.540480163430903	-6.603068021787884	164.3358048491334
25	1	inverse_cdf	2	27	37.5	656.0	30.0	2.1670783185740974	171.41963488562806	242.5170261502775
25	1	inverse_cdf	2	27	37.5	896.0	24.0	0.526347614975211	158.79433076288592	88.28384609890435
25	1	inverse_cdf	2	28	90.0	410.0	8.0	0.4757546745194309	8.131384351388233	65.57529783565053
25	1	inverse_cdf	2	28	90.0	574.0	18.0	0.18376378710292207	169.19008684390332	41.408143700549886
25	1	inverse_cdf	2	29	60.0	138.0	22.0	0.4023625452174814	5.617988100400848	92.0565170523953
25	1	inverse_cdf	2	29	60.0	310.0	10.0	0.44648361761732397	-174.93878762658483	43.00616361602674
25	1	inverse_cdf	2	31	67.5	678.0	4.0	0.2185623090454243	176.99011726557023	48.54636127972157
25	1	inverse_cdf	2	33	15.0	26.0	14.0	2.1097849571986913	-41.60857698615371	196.03756595602727
25	1	inverse_cdf	2	33	15.0	578.0	68.0	19.77767642765798	159.9633021752081	567.0758477884588
25	1	inverse_cdf	2	33	15.0	802.0	60.0	12.396353416860162	-160.17820535360224	473.6556337034998
25	1	inverse_cdf	2	34	127.5	154.0	30.0	1.7437014680490959	174.05784792295904	198.26361651724037
25	1	inverse_cdf	2	34	127.5	328.0	18.0	0.2778333851504067	-167.02843328139545	56.28988782178108
25	1	inverse_cdf	2	34	127.5	952.0	18.0	0.22796932051075894	173.38679067400196	44.01937595085732
25	1	inverse_cdf	2	36	22.5	88.0	24.0	0.8950496660622134	-173.36973247613938	129.5526757589267
25	1	inverse_cdf	2	36	22.5	562.0	6.0	0.38055837688478306	-167.04504063370405	57.04748767221273
25	1	inverse_cdf	2	37	75.0	766.0	8.0	0.33595927654992147	-159.71579861889788	43.25567996924621
25	1	inverse_cdf	2	38	135.0	444.0	18.0	0.21997199575316473	178.71754389582193	45.13159961636614
25	1	inverse_cdf	2	40	45.0	378.0	16.0	0.16266860660381055	-30.965524740749334	46.29327351134226
25	1	inverse_cdf	2	40	45.0	568.0	4.0	0.19991850000479608	170.0737552410193	36.91653102304427
25	1	inverse_cdf	2	43	157.5	588.0	16.0	1.0712337859533216	0.5264358924079409	79.54407777605677
25	1	inverse_cdf	2	43	157.5	770.0	16.0	1.174112967264077	177.59867884868032	110.54482488339424
25	1	inverse_cdf	2	43	157.5	942.0	4.0	0.16168184556630472	83.58938245180674	34.00330932434025
25	1	inverse_cdf	2	44	105.0	340.0	6.0	0.24713372789411955	8.399181483632892	39.88334121519905
25	1	inverse_cdf	2	46	7.5	316.0	10.0	0.3368906585544811	-176.92946991453059	34.462849200281504
25	1	inverse_cdf	3	47	112.5	598.0	4.0	0.1411652933908225	178.00225551552836	28.891215349547192
25	1	inverse_cdf	3	48	172.5	402.0	20.0	0.37454987519347893	29.36901786324964	64.00220806063336
25	1	inverse_cdf	3	48	172.5	592.0	8.0	0.2829969929153113	158.94041088718498	36.036031781578714
25	1	inverse_cdf	3	53	22.5	376.0	8.0	0.3183889116932612	-0.590611117288334	41.98835643672879
25	1	inverse_cdf	3	54	30.0	38.0	10.0	0.5680292766980672	14.041036669089815	69.89861381474314
25	1	inverse_cdf	3	54	30.0	182.0	18.0	0.4123566053271458	-161.20013823971746	65.94211485336479
25	1	inverse_cdf	3	54	30.0	718.0	18.0	0.35235265287758566	-155.2267649807697	60.47778898826859
25	1	inverse_cdf	3	55	90.0	562.0	10.0	0.2834711675541495	-5.647790795054952	34.96285414335297
25	1	inverse_cdf	3	55	90.0	762.0	20.0	0.49252198421294624	-169.24770203601753	69.78615452491808
25	1	inverse_cdf	3	57	105.0	582.0	4.0	0.1446245321373747	155.18874247197476	29.682876924299034
25	1	inverse_cdf	3	59	120.0	684.0	18.0	0.14202948692082812	112.41314457652342	46.11444681472529
25	1	inverse_cdf	3	61	45.0	372.0	6.0	0.2901372456352419	13.408615169064301	42.5318797732596
25	1	inverse_cdf	3	62	15.0	416.0	6.0	0.2837018045008543	-166.2820785971869	45.708017265728294
25	1	inverse_cdf	3	64	135.0	380.0	4.0	0.19775331612158042	159.6077303322153	40.46348891850307
25	1	inverse_cdf	3	66	7.5	126.0	6.0	0.2640979525102386	-178.57617363155111	41.01197411544737
25	1	inverse_cdf	3	66	7.5	408.0	4.0	0.178762411884107	-179.47418596506117	38.539379409844905
25	1	inverse_cdf	3	68	60.0	86.0	26.0	0.28955547373053503	4.224274276034104	47.77971262308649
25	1	inverse_cdf	3	68	60.0	310.0	6.0	0.2366102370841417	-176.82011023482195	38.766393226364904
25	1	inverse_cdf	4	71	7.5	268.0	20.0	0.3286258571994559	-169.64217753649834	60.33578186696204
25	1	inverse_cdf	4	74	150.0	336.0	6.0	0.22401171609908366	-150.6127731644141	36.594107411952734
25	1	inverse_cdf	4	78	30.0	66.0	58.0	5.490184007636534	-0.7708044279142384	255.6814060795292
25	1	inverse_cdf	4	78	30.0	378.0	42.0	7.142151956638101	171.0234380739777	483.8974155052822
25	1	inverse_cdf	4	79	165.0	838.0	22.0	0.37548668596113993	-164.01803127580848	70.14631859458798
25	1	inverse_cdf	4	82	15.0	362.0	12.0	0.6443227535108593	-3.6493538729601984	61.21827833458591
25	1	inverse_cdf	4	82	15.0	508.0	12.0	0.5756157407580295	172.63253056688166	48.81113737835712
25	1	inverse_cdf	4	83	75.0	68.0	14.0	0.026502547297517158	158.19921652130083	42.47573085988321
25	1	inverse_cdf	4	84	90.0	664.0	8.0	0.21138595045394304	-9.825533041804514	27.19647242392158
25	1	inverse_cdf	4	84	90.0	852.0	6.0	0.2521976917928813	165.6948155227714	44.39050807156377
25	1	inverse_cdf	4	85	82.5	70.0	6.0	0.27494876385216543	-172.11310865108385	44.58697402698483
25	1	inverse_cdf	4	86	67.5	386.0	4.0	0.14481567804618942	23.365828269911038	32.533306100686225
25	1	inverse_cdf	4	86	67.5	578.0	6.0	0.20023386414371194	165.28307635006428	29.692374287572836
25	1	inverse_cdf	4	88	112.5	398.0	4.0	0.16239365897150584	-161.75333847422144	35.877924179001674
25	1	inverse_cdf	4	91	60.0	36.0	14.0	1.1869923842342665	0.079137239239157	111.71694408971018
25	1	inverse_cdf	4	91	60.0	294.0	12.0	1.131142593450061	-174.67838377831626	110.11799146665284
25	1	inverse_cdf	4	91	60.0	676.0	4.0	0.18206218049756262	180.0	41.82497027458668
25	1	inverse_cdf	4	92	120.0	436.0	14.0	0.6396971103713333	4.264216115969093	53.78293533019636
25	1	inverse_cdf	4	92	120.0	618.0	8.0	0.42380312123412517	162.89463750827494	56.05258924952614
25	1	inverse_cdf	4	92	120.0	952.0	6.0	0.3012069245966549	167.10102791206006	46.424087936871786
25	1	inverse_cdf	5	93	97.5	66.0	16.0	2.0703972496688188	-159.98262561615795	168.43223611560842
25	1	inverse_cdf	5	93	97.5	752.0	66.0	11.571523751347916	113.37591256498578	466.824779722805
25	1	inverse_cdf	5	93	97.5	984.0	10.0	0.8340023521578839	140.09821766994784	93.31744025301107
25	1	inverse_cdf	5	96	30.0	338.0	8.0	0.3100359709771618	-165.5951182786094	42.291864558564406
25	1	inverse_cdf	5	97	157.5	638.0	16.0	1.4811285157162652	-10.920909537432472	131.86828998703615
25	1	inverse_cdf	5	97	157.5	828.0	28.0	1.3464743582527243	171.44904526171868	142.22832606488555
25	1	inverse_cdf	5	102	75.0	604.0	10.0	0.49595501417727167	-153.2782650830095	52.98491164585517
25	1	inverse_cdf	5	103	15.0	330.0	20.0	2.635098164951784	1.9628953317469933	200.37248240748804
25	1	inverse_cdf	5	103	15.0	514.0	26.0	2.5757223934292726	-173.12130777453507	269.4034995130209
25	1	inverse_cdf	5	103	15.0	840.0	4.0	0.21787743504789747	56.67168133890168	43.900979298720664
25	1	inverse_cdf	5	104	112.5	20.0	10.0	0.70959616213191	-21.274419735125456	79.55912802414173
25	1	inverse_cdf	5	104	112.5	272.0	16.0	0.1582114596787722	-174.6468957460702	48.62182598733473
25	1	inverse_cdf	5	104	112.5	990.0	6.0	0.4110055794630533	-169.1925707663855	64.30447667450163
25	1	inverse_cdf	5	105	90.0	148.0	8.0	0.3340234276060258	-169.24676915021547	43.67548589767349
25	1	inverse_cdf	5	106	37.5	4.0	26.0	1.2543178389716765	108.4484400359067	204.13670278864046
25	1	inverse_cdf	5	106	37.5	220.0	8.0	0.7493074293366727	116.11351749031135	99.7475330785767
25	1	inverse_cdf	5	106	37.5	426.0	6.0	0.25697054436680344	143.57531576669447	40.35269510905925
25	1	inverse_cdf	5	107	105.0	44.0	12.0	0.5711051309155855	4.779080399437209	57.54124212845699
25	1	inverse_cdf	5	107	105.0	198.0	12.0	0.7069808337591266	179.33520592795588	62.92409937035697
25	1	inverse_cdf	5	107	105.0	560.0	18.0	0.2593470639092337	168.6990851082309	43.65456287952515
25	1	inverse_cdf	5	108	52.5	570.0	8.0	0.3504810540951215	-136.51592048417493	45.91658258416404
25	1	inverse_cdf	5	110	67.5	4.0	28.0	0.4165358455420226	-152.2969424065353	167.19671860911365
25	1	inverse_cdf	5	110	67.5	200.0	22.0	0.6381229696189159	-179.26321455039417	123.99908633131287
25	1	inverse_cdf	5	110	67.5	572.0	4.0	0.13137390989729378	-152.4772739422843	31.232043026329904
25	1	inverse_cdf	5	111	127.5	284.0	32.0	2.389912095779919	-178.70266704947042	243.7928190289673
25	1	inverse_cdf	5	111	127.5	602.0	8.0	0.386991995689332	-161.72816226513285	50.627669436049004
25	1	inverse_cdf	5	112	60.0	330.0	60.0	5.663796447611455	-39.62658950379908	178.0026722498658
25	1	inverse_cdf	5	112	60.0	428.0	78.0	5.46342278648882	-50.10273093614154	263.2361000987281
25	1	inverse_cdf	5	112	60.0	590.0	12.0	0.13238519942150065	-83.05926000190068	128.89247286434417
25	1	inverse_cdf	5	112	60.0	624.0	24.0	0.08842562596637107	29.681066592592995	91.60413661478513
25	1	inverse_cdf	5	112	60.0	746.0	56.0	7.981028164340067	146.38164272147338	372.7116296339075
25	1	inverse_cdf	5	112	60.0	946.0	24.0	2.8297854338454775	119.35508058718415	266.161387199416
25	1	inverse_cdf	5	115	142.5	138.0	12.0	0.6026240270862226	-30.947192687318733	51.810356810940974
25	1	inverse_cdf	5	115	142.5	304.0	6.0	0.4512753106539992	-179.16730411537267	67.9594602634454
25	1	inverse_cdf	5	115	142.5	564.0	4.0	0.21704336535728647	163.76768466496944	45.80141673658249
25	1	inverse_cdf	6	118	105.0	358.0	6.0	0.3498555820882485	-170.01050851558014	51.92921360355128
25	1	inverse_cdf	6	120	22.5	118.0	6.0	0.2612009669893377	-177.4794174136254	41.948949632735726
25	1	inverse_cdf	6	121	7.5	642.0	18.0	0.7117526306604349	12.784852879869986	46.02382379880545
25	1	inverse_cdf	6	121	7.5	804.0	26.0	0.8733118990566845	176.1231862414749	76.75200566387868
25	1	inverse_cdf	6	122	30.0	324.0	8.0	0.42019461466360275	-174.8457094994107	57.584160284657784
25	1	inverse_cdf	6	124	135.0	608.0	10.0	0.4072763233435571	-51.37922743622701	43.08533334489084
25	1	inverse_cdf	6	124	135.0	862.0	22.0	0.8388980238411271	-168.95231789336816	98.7082108216397
25	1	inverse_cdf	6	127	60.0	442.0	4.0	0.200878748170757	166.30469644654391	43.40402870141973
25	1	inverse_cdf	6	128	82.5	318.0	18.0	0.2001904469353078	-167.21420759695155	49.584770823906744
25	1	inverse_cdf	6	130	120.0	46.0	4.0	0.2201783899881036	163.99564123977794	45.26291608312814
25	1	inverse_cdf	6	130	120.0	400.0	6.0	0.2594927183764438	-162.71644639992738	41.5717816277778
25	1	inverse_cdf	6	132	157.5	56.0	24.0	1.5363077732804318	172.158797847507	172.42946351353717
25	1	inverse_cdf	6	132	157.5	308.0	8.0	0.4381766434057035	174.85222289656795	58.84610737915819
25	1	inverse_cdf	6	134	52.5	98.0	18.0	1.25770098038941	-4.187972547850038	107.48577013654084
25	1	inverse_cdf	6	134	52.5	312.0	28.0	1.3334475202549465	178.73126120748944	155.99329966983532
25	1	inverse_cdf	6	135	90.0	42.0	44.0	3.3187353909584987	168.76443335913126	253.61759501476166
25	1	inverse_cdf	6	135	90.0	254.0	6.0	0.3218617144654536	163.4099358431262	53.82062899565499
25	1	inverse_cdf	6	135	90.0	544.0	10.0	0.42147177335393865	175.31010592112122	47.98850668296769
25	1	inverse_cdf	7	139	127.5	90.0	6.0	0.20770377775378546	151.25677457259212	38.21820167158613
25	1	inverse_cdf	7	142	15.0	640.0	26.0	0.4659975770556289	-20.61829342918872	56.36549155956135
25	1	inverse_cdf	7	142	15.0	796.0	20.0	0.3483015254661221	-176.4885212027443	61.315855659744074
25	1	inverse_cdf	7	144	105.0	134.0	4.0	0.1487724455618263	-173.03271107334845	31.60603847260195
25	1	inverse_cdf	7	145	75.0	670.0	6.0	0.19058461123124987	-164.52717410877335	32.81831434611134
25	1	inverse_cdf	7	147	120.0	340.0	50.0	7.202292005501853	152.36839181480448	430.7196114967493
25	1	inverse_cdf	7	147	120.0	604.0	24.0	0.6426092574780773	164.74813038292996	92.04817021804877
25	1	inverse_cdf	7	148	60.0	540.0	62.0	6.294936607058805	-33.62879277806244	165.01030137094577
25	1	inverse_cdf	7	156	67.5	120.0	10.0	0.7029205293768511	174.91186216574872	75.93266778057135
25	1	inverse_cdf	7	156	67.5	354.0	4.0	0.2841095491830275	111.67233871451509	60.951005452596576
25	1	inverse_cdf	7	156	67.5	730.0	4.0	0.25232845694032935	55.57189865329754	52.885102259123514
25	1	inverse_cdf	7	159	45.0	44.0	8.0	0.5079430337588109	-171.2753998242359	68.9192800074131
25	1	inverse_cdf	7	159	45.0	228.0	10.0	0.505375828802041	-4.651678928312682	59.09132330960299
25	1	inverse_cdf	7	159	45.0	672.0	4.0	0.163593854167164	158.85042833084356	34.46161691892493
25	1	inverse_cdf	7	161	7.5	76.0	8.0	0.35643619171359214	-156.9714462906231	51.07106865401586
25	1	inverse_cdf	8	163	75.0	90.0	28.0	2.019452863352594	151.24405816051075	182.49568943773363
25	1	inverse_cdf	8	163	75.0	324.0	4.0	0.1767689777935214	105.06701391722514	40.77371738917786
25	1	inverse_cdf	8	163	75.0	544.0	18.0	0.2742168125530834	137.91057730616438	38.851914547321705
25	1	inverse_cdf	8	165	135.0	26.0	14.0	1.2186982772381945	170.7797786150444	130.19199782382995
25	1	inverse_cdf	8	165	135.0	260.0	8.0	0.43678401524048327	-172.4452666039161	56.9114886136294
25	1	inverse_cdf	8	165	135.0	536.0	10.0	0.3641484234421456	161.8892674133457	49.92584033050892
25	1	inverse_cdf	8	166	7.5	32.0	16.0	1.3861599374231661	-13.833083354623223	115.7775517004993
25	1	inverse_cdf	8	166	7.5	248.0	30.0	1.5258503284460805	164.2779194350195	149.45130568689538
25	1	inverse_cdf	8	168	127.5	4.0	24.0	4.3198856496323526	-120.84474063593433	416.7575502484157
25	1	inverse_cdf	8	168	127.5	338.0	18.0	0.17897949173798008	-177.37246921823487	52.478570692727736
25	1	inverse_cdf	8	169	67.5	14.0	10.0	0.5842624085044743	-170.140987892077	68.47946316329828
25	1	inverse_cdf	8	169	67.5	88.0	4.0	0.19716673200267848	-44.99626994551242	39.656848139500056
25	1	inverse_cdf	8	170	157.5	242.0	42.0	2.6043357614155087	175.11958742983347	219.7212613639683
25	1	inverse_cdf	8	170	157.5	544.0	24.0	0.7408109194195887	141.1793999350663	91.68564009546449
25	1	inverse_cdf	8	171	82.5	342.0	4.0	0.2001955889137104	-177.18090898919115	40.51912821012344
25	1	inverse_cdf	8	172	22.5	82.0	8.0	0.4392746106776626	-167.04871882693666	60.27075354607593
25	1	inverse_cdf	8	177	15.0	530.0	8.0	0.3307448367437909	167.67964177642546	43.32634223054391
25	1	inverse_cdf	8	179	90.0	906.0	6.0	0.3639173493058905	-33.991571060195696	59.818917839544575
25	1	inverse_cdf	8	180	60.0	356.0	6.0	0.23296588538353066	-19.332318699318584	36.661027529785244
25	1	inverse_cdf	8	182	172.5	136.0	6.0	0.5535578035356855	80.79147049157959	87.39979928209108
25	1	inverse_cdf	8	184	112.5	294.0	8.0	0.3931381431133072	175.69108011476996	52.42211525605139
26	1	cdf	1	3	52.5	886.0	20.0	0.3257736456433416	153.04904646775117	51.96992520752536
26	1	cdf	1	4	150.0	378.0	14.0	0.8690651261399956	18.269683925411798	74.69097130035925
26	1	cdf	1	4	150.0	592.0	10.0	0.4872333653809845	-173.42351148365532	56.96745689381522
26	1	cdf	1	4	150.0	962.0	20.0	0.47529224452336777	-161.68633281438147	66.6615203357975
26	1	cdf	1	6	82.5	288.0	20.0	0.5115520945073234	38.49292175648624	77.99460313980909
26	1	cdf	1	6	82.5	520.0	18.0	0.5480914845762581	166.66915137025444	89.01847930693813
26	1	cdf	1	8	105.0	220.0	16.0	1.8088657740387954	177.92004162935635	158.32264619650743
26	1	cdf	1	8	105.0	428.0	24.0	0.4852425019160923	-166.104936259182	101.18267687755973
26	1	cdf	1	10	15.0	688.0	50.0	0.2630585967932863	80.30997087634954	698.809303240448
26	1	cdf	1	10	15.0	764.0	54.0	5.2227352238107585	82.09319776088348	671.5897770420364
26	1	cdf	1	10	15.0	872.0	82.0	0.47572865140497517	76.43685432831137	532.4366731695469
26	1	cdf	1	11	37.5	308.0	20.0	0.4581037302437315	-2.053093332562002	72.98721545104354
26	1	cdf	1	11	37.5	624.0	24.0	0.6530181533305731	165.889488915702	93.01024448135543
26	1	cdf	1	12	112.5	628.0	22.0	0.47413235874384885	180.0	79.02117588740695
26	1	cdf	1	12	112.5	980.0	12.0	0.8798843225255649	8.690005235599854	94.31891606657676
26	1	cdf	1	13	75.0	4.0	186.0	5.473694778724112	-94.76231750087851	845.9202182547256
26	1	cdf	1	13	75.0	340.0	10.0	0.8073816710950377	148.093467898895	104.03562469382663
26	1	cdf	1	13	75.0	488.0	48.0	0.13181233077326604	-71.12999848663041	815.8680239480864
26	1	cdf	1	13	75.0	558.0	54.0	0.4664405963836513	-12.184979439098138	906.6688556624531
26	1	cdf	1	13	75.0	754.0	10.0	0.7161577827456665	-85.4007138297704	605.6909243254859
26	1	cdf	1	14	60.0	12.0	16.0	1.9328710787314343	-93.99177566375657	759.4886762296504
26	1	cdf	1	14	60.0	90.0	4.0	4.430247865286306	72.69442429022065	861.5102674698472
26	1	cdf	1	18	157.5	4.0	88.0	1.6642409592727956	63.339365212136535	252.83009041715326
26	1	cdf	1	18	157.5	148.0	214.0	5.174325574835881	-105.46736416628721	759.0905183987833
26	1	cdf	1	18	157.5	580.0	20.0	0.5337612636189615	-5.116015487817045	86.71892432235839
26	1	cdf	1	18	157.5	826.0	4.0	0.29571602021988747	-143.5708473590398	63.92399193804319
26	1	cdf	1	19	172.5	46.0	4.0	1.3077534836467868	71.94584059486226	269.6465763420152
26	1	cdf	1	19	172.5	502.0	4.0	1.8708002314568157	74.11912597976679	305.94723704491986
26	1	cdf	1	20	135.0	264.0	12.0	0.46394785299366625	50.26043170856427	325.98172709006275
26	1	cdf	1	20	135.0	432.0	4.0	1.6248803432529169	-113.8236013439601	301.17645829611246
26	1	cdf	1	20	135.0	622.0	14.0	0.47722446071705427	-111.1687246790546	416.10769570615236
26	1	cdf	2	26	97.5	38.0	6.0	0.8147679557222808	-103.39364869576717	141.26336201230757
26	1	cdf	2	26	97.5	70.0	6.0	0.46365365663847785	63.96546477517156	76.66034273848581
26	1	cdf	2	26	97.5	152.0	4.0	0.46455662687271365	-95.06657807889104	106.7870112848063
26	1	cdf	2	26	97.5	938.0	32.0	0.8638709800919689	127.9784658166513	143.44199764836063
26	1	cdf	2	27	112.5	10.0	58.0	0.8257892511944447	79.12583656252572	685.1349813975191
26	1	cdf	2	27	112.5	164.0	14.0	1.0226429204278664	-130.63395496617477	509.3763854809136
26	1	cdf	2	28	22.5	150.0	12.0	0.9001380888144108	174.4693488192096	78.21753080135394
26	1	cdf	2	28	22.5	378.0	4.0	0.7333951946154132	81.11732119913364	151.28890400907144
26	1	cdf	2	28	22.5	464.0	4.0	0.5430440245644449	-100.97638827049454	114.22956367297648
26	1	cdf	2	28	22.5	526.0	4.0	0.7480714608887357	-101.51661506144805	148.7430748834006
26	1	cdf	2	28	22.5	578.0	10.0	0.5900508249770786	151.51726913670836	99.48495480028943
26	1	cdf	2	28	22.5	768.0	4.0	0.4556608766155013	79.62483686493711	105.248491559897
26	1	cdf	2	28	22.5	884.0	24.0	0.6844874966084212	-52.47998133289669	130.28486361173208
26	1	cdf	2	30	165.0	312.0	12.0	0.38516425636428697	-141.5641921326579	471.9933181146475
26	1	cdf	2	30	165.0	410.0	12.0	0.19294454041677553	33.588879709412375	408.75917660157904
26	1	cdf	2	30	165.0	508.0	14.0	1.1269984184078525	58.69534259794238	406.45306482579144
26	1	cdf	2	30	165.0	734.0	4.0	2.051895958177414	65.77979809277939	370.7569933932984
26	1	cdf	2	30	165.0	860.0	6.0	1.5686053438186744	61.50969938072742	270.7383542981227
26	1	cdf	2	32	120.0	892.0	4.0	2.5118622371840207	66.47336004606395	441.56587370528877
26	1	cdf	2	33	142.5	8.0	6.0	1.7242773583915383	57.598050318639004	284.6368090033503
26	1	cdf	2	33	142.5	120.0	4.0	2.5709896296382513	-119.56526533747825	501.2681082924454
26	1	cdf	2	33	142.5	176.0	4.0	2.1172070427944942	-121.85815576413819	355.2414449344004
26	1	cdf	2	33	142.5	220.0	4.0	2.6321654008598068	57.54027823997711	469.1220743233567
26	1	cdf	2	33	142.5	334.0	4.0	1.3002251101802051	-127.09672582060492	274.1554789882252
26	1	cdf	2	33	142.5	396.0	146.0	3.936408063454208	-120.48626965231026	609.3647373601608
26	1	cdf	2	33	142.5	568.0	26.0	0.8130583334137075	75.62411556125079	644.3426436570526
26	1	cdf	2	33	142.5	650.0	44.0	2.248529754864996	68.28021124704136	539.2388437844089
26	1	cdf	2	35	37.5	552.0	4.0	2.2172719149655333	-117.83506821237113	466.0340580867845
26	1	cdf	2	35	37.5	658.0	4.0	2.863839113883179	-124.13828674480479	560.1011173914338
26	1	cdf	2	35	37.5	682.0	4.0	2.8429313421427773	57.7953076453371	504.39812749223546
26	1	cdf	2	35	37.5	730.0	16.0	1.080687214222037	-133.51266598451934	545.8899745368991
26	1	cdf	2	35	37.5	774.0	4.0	2.7169188954915158	-113.7926734255157	560.4536517876707
26	1	cdf	2	35	37.5	802.0	16.0	0.5623300563569376	71.09794876636141	666.8645549332123
26	1	cdf	2	35	37.5	844.0	20.0	0.3678993721849237	-101.84213825646759	616.6927612957315
26	1	cdf	2	35	37.5	902.0	92.0	4.833174221629411	63.53734415809933	737.018672043574
26	1	cdf	2	36	82.5	124.0	8.0	1.3271367894114179	-165.49235235288572	167.76626293114396
26	1	cdf	2	36	82.5	604.0	4.0	0.8482473749976309	71.84992309568212	193.5613748210866
26	1	cdf	2	36	82.5	740.0	4.0	1.1230769578407656	-113.42170645596477	243.63067658019307
26	1	cdf	2	36	82.5	766.0	22.0	1.5355982340996408	65.83563269866058	285.65943160849713
26	1	cdf	2	36	82.5	900.0	22.0	1.4455184395256258	69.11320509489349	296.6443085368138
26	1	cdf	2	37	7.5	132.0	266.0	5.467988307584055	65.71111252349095	778.0160362111642
26	1	cdf	2	37	7.5	430.0	62.0	4.427684558592821	-115.52802436193207	729.2374447484134
26	1	cdf	2	38	67.5	354.0	4.0	1.3352106124341971	65.99260790038632	237.58997105685086
26	1	cdf	2	38	67.5	382.0	14.0	0.42408563033422003	-107.33484306315974	263.21796697347213
26	1	cdf	2	38	67.5	416.0	16.0	0.44063130451073085	77.96126658802848	262.9721500828
26	1	cdf	2	38	67.5	460.0	4.0	1.5662676365828716	64.82305975027687	270.6134428875784
26	1	cdf	2	38	67.5	738.0	20.0	1.5177867748876366	-111.90420259955933	283.3704986245226
26	1	cdf	2	38	67.5	910.0	12.0	0.322506224621112	-137.54393710122665	285.94034547707673
26	1	cdf	2	39	45.0	710.0	4.0	2.398447105289187	65.32881132075103	530.7449459034392
26	1	cdf	2	39	45.0	784.0	26.0	0.9542667074025778	-119.68853460631834	601.8548062018032
26	1	cdf	2	39	45.0	962.0	4.0	3.499309098617392	-111.28513941937172	616.4909564368496
26	1	cdf	2	42	172.5	4.0	10.0	0.03366583061527827	-119.17426619917319	242.69718055302883
26	1	cdf	2	42	172.5	60.0	28.0	1.1498977162806236	70.57587028036683	258.72459564959274
26	1	cdf	2	42	172.5	398.0	4.0	1.8100351929863927	-111.76895082259053	312.00051326459715
26	1	cdf	2	42	172.5	444.0	10.0	0.3233461160627033	102.90533024701482	275.59165354678436
26	1	cdf	2	42	172.5	516.0	4.0	0.7942477645544394	70.31625098746615	180.37612847395278
26	1	cdf	2	42	172.5	542.0	6.0	1.3940808233315736	-114.63000670428912	209.37734776695146
26	1	cdf	2	46	105.0	174.0	16.0	0.3069796419483739	75.76340613802984	633.535173589781
26	1	cdf	3	47	157.5	78.0	14.0	0.09502649755407856	47.65843485265912	316.7529034509074
26	1	cdf	3	47	157.5	238.0	4.0	0.9805118973143189	-103.35510517350203	212.44225652548167
26	1	cdf	3	47	157.5	320.0	44.0	0.7097382269571135	76.49361810400791	545.0458934163156
26	1	cdf	3	47	157.5	620.0	4.0	1.5045218500416921	-103.30744433961713	275.31747804590543
26	1	cdf	3	47	157.5	706.0	14.0	0.5940289446785785	-102.76945744235191	220.5985164318759
26	1	cdf	3	48	97.5	10.0	4.0	0.8944321419348114	83.15244477510564	161.22259750788763
26	1	cdf	3	48	97.5	306.0	26.0	0.5425275876600915	53.216320700622575	446.3924313177521
26	1	cdf	3	49	30.0	324.0	18.0	0.2150066403400209	-138.4140117056908	52.53252493501747
26	1	cdf	3	50	82.5	368.0	52.0	0.3454791169705	45.72873681169342	432.70264424659194
26	1	cdf	3	50	82.5	474.0	70.0	0.4954656583501279	73.4522067056276	432.6122482510383
26	1	cdf	3	50	82.5	588.0	32.0	0.5344201852739148	54.08894297757005	256.7351421619302
26	1	cdf	3	50	82.5	658.0	28.0	0.2632686704183938	159.21762674685928	378.28339118317854
26	1	cdf	3	50	82.5	706.0	16.0	0.21761573199279502	-109.83268196641916	248.54160727363356
26	1	cdf	3	50	82.5	756.0	6.0	0.9468903362080437	-145.35596097028898	141.32245290083713
26	1	cdf	3	50	82.5	820.0	12.0	0.25821210821353147	-66.80847492040216	274.4709472654458
26	1	cdf	3	50	82.5	942.0	4.0	1.3041363988446348	-102.20183489250805	223.1470582825017
26	1	cdf	3	50	82.5	988.0	4.0	0.3244405784666202	-35.475422651835	84.46081012248797
26	1	cdf	3	51	7.5	336.0	4.0	0.1338461925244458	40.52366241685285	29.211806763267504
26	1	cdf	3	51	7.5	636.0	22.0	0.2742441358216433	-177.94313941401143	52.685809306057386
26	1	cdf	3	51	7.5	864.0	12.0	0.1574692754028315	90.0	99.9140314501916
26	1	cdf	3	52	67.5	8.0	6.0	0.5678012431176472	-95.47315029120132	82.40440643519955
26	1	cdf	3	52	67.5	66.0	6.0	0.5013051337580168	85.49384317161035	75.47195533322808
26	1	cdf	3	52	67.5	112.0	16.0	0.2365746432827327	-93.97771372689917	88.95225571192654
26	1	cdf	3	52	67.5	584.0	10.0	0.4776938358855698	167.30775422316074	54.58765979775469
26	1	cdf	3	53	75.0	250.0	8.0	0.36678130918444524	-150.23164423437123	50.60504190007922
26	1	cdf	3	54	127.5	4.0	14.0	1.0449956329718075	-99.76456437105784	273.9981028703392
26	1	cdf	3	54	127.5	562.0	4.0	1.3360434311914389	-104.00502706302788	274.4808300886012
26	1	cdf	3	54	127.5	652.0	16.0	0.3222053026524893	75.84735255281748	231.3813660444219
26	1	cdf	3	54	127.5	812.0	4.0	1.5424739159397396	74.44663167802736	314.44774259653826
26	1	cdf	3	55	112.5	6.0	8.0	0.3903410878366941	175.18616721832913	72.60795571354974
26	1	cdf	3	55	112.5	86.0	14.0	0.20292080044963218	96.9677174469861	144.96297796746015
26	1	cdf	3	55	112.5	154.0	14.0	0.17573878509863203	-106.26905069847855	241.7764258149049
26	1	cdf	3	55	112.5	190.0	10.0	0.3191791868391864	107.35058970716693	163.24525869468178
26	1	cdf	3	55	112.5	564.0	4.0	0.383849185752859	68.95066157551938	79.31624688999182
26	1	cdf	3	56	45.0	32.0	38.0	3.5515378626709633	-6.786916966524562	213.28224571287004
26	1	cdf	3	56	45.0	286.0	20.0	1.9870213144762858	160.22824360845817	154.4478260498111
26	1	cdf	3	56	45.0	338.0	20.0	0.12950323028337057	88.54822258902615	90.11795382023598
26	1	cdf	3	56	45.0	466.0	34.0	1.1426371403123323	163.3306601875795	131.6178976436244
26	1	cdf	3	56	45.0	814.0	8.0	0.36586200296556715	161.9971505386544	45.310139475437744
26	1	cdf	3	58	22.5	40.0	14.0	1.1586768217134846	-179.83795043951974	115.85441229302158
26	1	cdf	3	58	22.5	566.0	4.0	0.19380593049528907	172.22613367337956	39.85647661962568
26	1	cdf	3	61	15.0	564.0	14.0	0.12915849648847466	-90.0	195.32443541587546
26	1	cdf	3	63	90.0	726.0	4.0	0.7241554055790914	-134.63559607187378	170.964392213356
26	1	cdf	3	63	90.0	912.0	4.0	1.560944729792968	70.5344203774535	268.42495668283743
26	1	cdf	3	66	142.5	494.0	16.0	0.1300325306285927	4.329395275871716	90.81144171037046
26	1	cdf	3	66	142.5	552.0	8.0	0.3952163510882194	-166.35107235448623	52.00850635606995
26	1	cdf	3	66	142.5	756.0	4.0	0.1575630662899672	0.0	35.47342074640606
26	1	cdf	3	69	165.0	18.0	26.0	1.7425360331203201	172.2086104898878	169.40797403676933
26	1	cdf	3	69	165.0	600.0	14.0	0.07206905463429392	-138.71759382388876	32.10971583960617
26	1	cdf	4	70	60.0	4.0	62.0	1.83038440935445	-76.04588056001312	313.9418058757021
26	1	cdf	4	70	60.0	250.0	8.0	0.35812311301322114	-153.91426061861864	46.569394609060886
26	1	cdf	4	72	15.0	342.0	14.0	0.5464311270418459	17.797793730911867	40.97677150916677
26	1	cdf	4	72	15.0	510.0	6.0	0.34164300288534966	171.74056765860408	56.06833026808573
26	1	cdf	4	73	127.5	4.0	6.0	0.22888588686322636	162.4853366032302	43.562945565320085
26	1	cdf	4	73	127.5	362.0	20.0	0.627610559358367	167.9344232308762	73.0511595744262
26	1	cdf	4	73	127.5	522.0	26.0	0.39431226472758435	-21.212454891456066	75.45894214183049
26	1	cdf	4	75	120.0	268.0	8.0	0.2600066552950786	-161.23904215574083	35.25005368186844
26	1	cdf	4	75	120.0	878.0	4.0	0.27594517540585123	75.53479828423198	58.14879785685858
26	1	cdf	4	75	120.0	944.0	4.0	0.3655780660502285	-91.54345709392064	61.49200332884083
26	1	cdf	4	76	105.0	518.0	8.0	0.32793501676481723	-161.96046288449043	42.246893619277095
26	1	cdf	4	76	105.0	936.0	6.0	0.3086132561403785	77.40677347792638	47.53142489872932
26	1	cdf	4	77	112.5	248.0	8.0	0.33275907648227815	-163.10202030515393	45.22440230588344
26	1	cdf	4	77	112.5	564.0	6.0	0.31767347550155256	175.56175248497195	51.60884912642605
26	1	cdf	4	78	22.5	82.0	12.0	0.6514590647073172	-22.02195378155418	68.10225826527433
26	1	cdf	4	78	22.5	306.0	6.0	0.19976812616807804	-155.7625079971639	33.62078783557601
26	1	cdf	4	78	22.5	758.0	10.0	0.13241645090112913	102.16084551040119	141.86143026174068
26	1	cdf	4	78	22.5	914.0	12.0	0.2626093793329167	97.17923711770185	172.4439379929926
26	1	cdf	4	81	135.0	28.0	50.0	1.60038675896791	-111.79217213804637	267.1911354886487
26	1	cdf	4	81	135.0	174.0	14.0	0.2243093014282705	37.104529422967225	180.6441538417632
26	1	cdf	4	81	135.0	260.0	4.0	1.0676986726921087	73.75346158472952	183.45465130265384
26	1	cdf	4	81	135.0	564.0	4.0	1.3011928964082735	-109.6810434779389	243.4525469069454
26	1	cdf	4	83	90.0	50.0	46.0	3.2293302058956668	176.65444840680496	186.95196516659124
26	1	cdf	4	83	90.0	374.0	26.0	2.6192930416583793	0.17922307283696604	267.6763201490085
26	1	cdf	4	84	67.5	66.0	10.0	0.48001154563843196	-172.54894185006023	52.16694581662665
26	1	cdf	4	84	67.5	374.0	10.0	0.4318062055109808	-5.225662460605202	52.94862883736223
26	1	cdf	4	84	67.5	630.0	8.0	0.4500692305893411	174.56911894675056	61.539318216176476
26	1	cdf	4	88	45.0	286.0	18.0	0.4362639138424846	-14.806457892129348	87.14425969206305
26	1	cdf	4	90	7.5	78.0	12.0	0.5943063915175929	-178.26126001227973	61.38672467342322
26	1	cdf	4	90	7.5	234.0	12.0	0.8593267926958945	4.485190472901916	95.06686432299647
26	1	cdf	4	90	7.5	574.0	10.0	0.5047850784869407	-174.22522863874102	56.45766174399948
26	1	cdf	4	92	157.5	20.0	4.0	0.44399153512067385	71.68770661889481	91.54647862290814
26	1	cdf	4	92	157.5	94.0	78.0	0.44580761449672357	134.68223934440877	163.76557547604784
26	1	cdf	4	92	157.5	212.0	6.0	0.7734806005610287	76.12676537238728	107.68172153662654
26	1	cdf	4	92	157.5	242.0	104.0	1.6539550874062652	-96.55273642349718	270.93777452968635
26	1	cdf	5	93	15.0	456.0	4.0	0.11686662962625873	-141.8396020908867	26.589881919645677
26	1	cdf	5	94	90.0	28.0	18.0	0.3637642174528801	4.397716024783382	63.02632051472256
26	1	cdf	5	94	90.0	244.0	12.0	1.008174223047734	-164.5210205353952	100.59405131183912
26	1	cdf	5	94	90.0	528.0	6.0	0.26331461104305415	-163.7184542536882	43.34063470089125
26	1	cdf	5	95	22.5	136.0	22.0	0.7034443688178099	-4.950788846204474	41.044950763653205
26	1	cdf	5	95	22.5	324.0	16.0	0.7604775448442844	-177.77441108434178	74.35658752710746
26	1	cdf	5	95	22.5	730.0	4.0	0.11632767541447103	-163.6162882912449	22.584106879933884
26	1	cdf	5	96	135.0	380.0	12.0	0.35959853680308795	147.11155247074558	32.36701919229275
26	1	cdf	5	97	67.5	320.0	20.0	0.24813849242551508	11.829194713912763	48.697973840431104
26	1	cdf	5	98	120.0	212.0	4.0	0.35441231065979695	84.15321270270569	64.72609154749179
26	1	cdf	5	98	120.0	282.0	70.0	0.3543604897446074	-10.93688109765861	132.07022744157806
26	1	cdf	5	98	120.0	590.0	8.0	0.3859219300452372	-167.98069211916106	50.692203300861365
26	1	cdf	5	98	120.0	782.0	14.0	0.6954402828750921	6.4988849117847725	60.33919357057798
26	1	cdf	5	98	120.0	988.0	6.0	0.33257507895468374	-175.4755881923901	58.51007619223175
26	1	cdf	5	101	30.0	90.0	34.0	0.6823481121865979	-88.62173747566607	507.8715494251997
26	1	cdf	5	101	30.0	172.0	14.0	0.8097118001470951	-73.75667399674249	244.001754236542
26	1	cdf	5	101	30.0	206.0	4.0	0.5199479711860853	89.27656206795496	101.14449030585345
26	1	cdf	5	101	30.0	238.0	4.0	0.449796365128792	84.34625652091195	91.45818509952247
26	1	cdf	5	101	30.0	286.0	4.0	0.5450430561340329	87.23851301583969	114.38661977328921
26	1	cdf	5	101	30.0	318.0	12.0	0.5452803414468967	-129.6509784610602	64.43249548302593
26	1	cdf	5	102	112.5	982.0	6.0	0.8243143714656948	83.59816493537573	129.90125041602738
26	1	cdf	5	103	45.0	536.0	20.0	0.255255871865632	175.2070923358802	44.88060937349641
26	1	cdf	5	103	45.0	744.0	12.0	0.10915693720678879	-137.44118421200727	109.262412068449
26	1	cdf	5	103	45.0	806.0	20.0	0.4073699826728032	83.9884809492758	68.77234379613097
26	1	cdf	5	103	45.0	850.0	4.0	0.30678392202320254	-96.14092149695823	61.179805220602574
26	1	cdf	5	103	45.0	918.0	4.0	0.20585681033984238	71.40688371762067	52.815800949502254
26	1	cdf	5	105	82.5	74.0	6.0	0.7192984792914502	-108.34262151373255	102.34020254034331
26	1	cdf	5	105	82.5	118.0	12.0	0.43229049324498	-135.21121251804152	174.96050313618358
26	1	cdf	5	105	82.5	152.0	14.0	0.7998662541757338	-107.42706856634415	63.45703505157934
26	1	cdf	5	105	82.5	244.0	10.0	0.7823485024642238	-111.27337939537045	81.45844895969353
26	1	cdf	5	105	82.5	416.0	8.0	0.8421657403478306	-87.87870151214639	110.60252930077145
26	1	cdf	5	106	165.0	66.0	10.0	0.5373309767583629	-151.97583377176903	57.983077590600494
26	1	cdf	5	106	165.0	126.0	24.0	0.9434461185175205	-13.057913768263527	109.42438149820123
26	1	cdf	5	106	165.0	328.0	6.0	0.3833670022670451	-144.42119358880132	63.184257976946704
26	1	cdf	5	106	165.0	592.0	10.0	0.5206502589462335	166.1476727350691	57.91774796239149
26	1	cdf	5	109	97.5	86.0	4.0	0.5429158231984144	58.06219280665938	162.88703723102077
26	1	cdf	5	110	105.0	580.0	8.0	0.71567206221939	-1.048068445702283	91.78919557442472
26	1	cdf	5	110	105.0	750.0	8.0	0.9999683475205143	-141.52726155746353	208.09608732668406
26	1	cdf	5	110	105.0	920.0	4.0	1.596247070440788	-105.87285230880546	276.95296675832327
26	1	cdf	5	111	172.5	430.0	10.0	1.2830458278169083	5.704474621899764	144.76473104201514
26	1	cdf	5	111	172.5	572.0	38.0	0.4730819210563125	93.57798510510898	226.82172952996336
26	1	cdf	5	111	172.5	630.0	12.0	0.15478762410899546	-4.838942129729776	255.22548919095513
26	1	cdf	5	111	172.5	668.0	4.0	1.571046198748915	70.66698434722609	296.42328362855653
26	1	cdf	5	111	172.5	784.0	4.0	0.8676654906545688	-115.9072867031343	200.82492245933142
26	1	cdf	5	111	172.5	954.0	4.0	0.8892264675045419	-109.96408601485084	189.86809926860732
26	1	cdf	5	113	52.5	92.0	4.0	0.5101212031763787	-103.39450686327825	137.02258127942545
26	1	cdf	5	113	52.5	610.0	20.0	0.579816467170567	-8.94453045945566	96.56428572451001
26	1	cdf	5	115	157.5	54.0	76.0	0.9218820700845285	8.181749331795967	182.52935127634345
26	1	cdf	5	115	157.5	244.0	22.0	1.1507618534570194	136.19100857127577	123.87869801702648
26	1	cdf	5	115	157.5	292.0	82.0	0.11074875268160886	-97.66489119568661	156.6779867138092
26	1	cdf	5	115	157.5	402.0	4.0	0.5951581849710696	-90.0	127.59910591516385
26	1	cdf	5	115	157.5	436.0	4.0	0.8228779800084299	86.4550514901803	139.75572587048347
26	1	cdf	5	115	157.5	482.0	14.0	0.06034226300116059	-22.363860092651873	137.67658344879166
26	1	cdf	6	116	37.5	14.0	12.0	0.5983144504128056	163.76041277656049	67.07353766391853
26	1	cdf	6	116	37.5	628.0	16.0	0.07267348416464	-118.3118420044266	30.24640105373745
26	1	cdf	6	117	75.0	126.0	12.0	0.391975573744846	-97.45673270028739	40.65602971102078
26	1	cdf	6	120	30.0	78.0	4.0	0.8281345619650988	-114.62009982633408	158.60542381092444
26	1	cdf	6	120	30.0	438.0	4.0	0.5161862814935958	56.56700126533853	106.9352308091683
26	1	cdf	6	120	30.0	466.0	6.0	1.7017864718399063	-114.65083525290574	237.2388027999202
26	1	cdf	6	120	30.0	650.0	16.0	2.2357282867556485	-19.324845668901908	164.0075816848266
26	1	cdf	6	121	157.5	6.0	62.0	0.4635060270521626	74.81004310960586	175.2797716914854
26	1	cdf	6	121	157.5	104.0	32.0	0.05050197391977951	54.199838548144655	237.8432683118073
26	1	cdf	6	121	157.5	532.0	24.0	0.8036487255600214	-113.979828147718	116.68763313442773
26	1	cdf	6	123	45.0	540.0	6.0	0.23797872183149413	-158.58334946361964	39.57113104294397
26	1	cdf	6	125	165.0	104.0	26.0	1.3373872245740461	-4.008398125700888	96.50769474296894
26	1	cdf	6	125	165.0	276.0	26.0	1.0977786657515998	-171.14737944497435	122.62109231181728
26	1	cdf	6	125	165.0	492.0	8.0	0.4367133877040998	-174.8287550068617	57.515577019256874
26	1	cdf	6	128	127.5	38.0	4.0	0.2577377918019658	-132.44990686474543	49.635199864096066
26	1	cdf	6	128	127.5	560.0	4.0	0.1773200340575408	-172.02939758152766	39.12730413436635
26	1	cdf	6	130	52.5	10.0	4.0	0.6657218128317051	84.34081749687985	127.16354654123406
26	1	cdf	6	130	52.5	40.0	18.0	1.7793214168978273	-41.57925996570697	163.71398352426718
26	1	cdf	6	130	52.5	122.0	18.0	0.18366154072260657	71.23766407516064	130.39506546273097
26	1	cdf	6	130	52.5	202.0	40.0	0.969891590084939	129.76400351570246	162.5553010999267
26	1	cdf	6	130	52.5	334.0	10.0	0.13051897641844964	116.91720525751768	169.324904648023
26	1	cdf	6	130	52.5	548.0	4.0	0.17787248568455089	-175.23843379745045	40.23020659898785
26	1	cdf	6	130	52.5	846.0	10.0	0.4247974065741837	150.37708764448487	47.19914951312591
26	1	cdf	6	131	112.5	22.0	16.0	0.23761081958056463	-129.95987483639635	43.42192445377141
26	1	cdf	6	132	142.5	70.0	20.0	0.8135185251113732	176.9933767672139	97.17976068164275
26	1	cdf	6	132	142.5	622.0	8.0	0.395920616445876	21.135253220787536	53.516036957228586
26	1	cdf	6	134	150.0	582.0	6.0	0.403992429646922	-174.4284518428236	66.4499222620173
26	1	cdf	6	134	150.0	710.0	4.0	0.24533492944755472	4.589352156155341	57.46025990882055
26	1	cdf	6	134	150.0	940.0	4.0	0.5599481428580542	48.5185800905792	109.68673821731306
26	1	cdf	6	136	120.0	94.0	14.0	1.1846680954761626	-116.66376026917358	126.53434654403719
26	1	cdf	6	137	135.0	44.0	20.0	0.33315552789878183	-43.60040629169624	46.14370927895963
26	1	cdf	7	139	52.5	642.0	18.0	0.24809706619230276	-152.42532405420076	60.27259633752125
26	1	cdf	7	142	37.5	598.0	20.0	0.27162833416990334	-4.503371822856063	53.92649108601511
26	1	cdf	7	143	142.5	72.0	14.0	0.9229629565233486	-15.25809704576308	84.5327582094796
26	1	cdf	7	143	142.5	232.0	26.0	1.7292883342105196	173.84384511576195	188.5867451715777
26	1	cdf	7	143	142.5	496.0	20.0	0.36397735470504006	140.85921850787437	51.27885662500738
26	1	cdf	7	144	120.0	530.0	8.0	0.34504908826837216	149.42325623825596	45.26443358771199
26	1	cdf	7	145	60.0	88.0	24.0	0.5959830559251857	-4.579653924171432	96.57535224275499
26	1	cdf	7	145	60.0	316.0	16.0	0.2184666946172095	-131.95834625089154	45.552493743666574
26	1	cdf	7	145	60.0	594.0	12.0	0.5415562509738321	-179.30554349823467	55.99586665547173
26	1	cdf	7	146	7.5	204.0	10.0	1.1789122572382493	48.7313479636524	123.2746865243648
26	1	cdf	7	146	7.5	606.0	6.0	1.0154330534218081	68.39157743711404	172.02990184820248
26	1	cdf	7	148	22.5	158.0	6.0	0.1459934211624065	-8.4014559653218	28.195516595118534
26	1	cdf	7	148	22.5	376.0	18.0	0.2374708265442018	-156.8048067253619	56.89401683662004
26	1	cdf	7	150	82.5	586.0	18.0	0.29733601206880994	71.66261190014792	52.92648985646965
26	1	cdf	7	151	15.0	362.0	4.0	0.9125386718116413	-121.88518741039023	191.00284859035145
26	1	cdf	7	156	90.0	76.0	16.0	0.2211938454446914	-122.28821447828078	50.28256846014085
26	1	cdf	7	158	165.0	12.0	6.0	0.6568456840447433	-98.04374946270627	105.35430789978543
26	1	cdf	7	158	165.0	40.0	48.0	4.60323788214741	-18.74850836030927	336.18583060162035
26	1	cdf	7	158	165.0	352.0	26.0	3.9646851917613386	172.22212613750574	365.51935548254016
26	1	cdf	7	158	165.0	650.0	6.0	0.3048832616610572	105.6141177577051	51.30251701133169
26	1	cdf	7	161	127.5	356.0	4.0	0.23368247670040063	-169.49971311490464	50.34522659300633
26	1	cdf	8	163	82.5	12.0	10.0	0.33060970889523134	150.89249049643823	37.46084819154808
26	1	cdf	8	163	82.5	528.0	10.0	0.40349300480082045	158.02855555407916	47.87002635716501
26	1	cdf	8	164	7.5	40.0	20.0	0.6417278319671325	0.0	91.13533894823554
26	1	cdf	8	165	157.5	144.0	6.0	0.3073193129534995	8.903033737454841	43.079933925673984
26	1	cdf	8	165	157.5	348.0	8.0	0.41770956986564556	-3.601535973861165	55.652426226354805
26	1	cdf	8	166	37.5	82.0	12.0	0.42861912155329485	178.02599758239634	43.64429512418636
26	1	cdf	8	166	37.5	516.0	14.0	1.0960942864024645	10.3445547507859	110.63339342744408
26	1	cdf	8	166	37.5	758.0	14.0	0.8453190021896825	161.68667519149528	64.55469275434378
26	1	cdf	8	167	15.0	568.0	12.0	0.3844372040312775	-128.24421605488445	47.451919703091534
26	1	cdf	8	169	67.5	22.0	26.0	0.42189037223692366	-161.65359619120116	57.65846439062891
26	1	cdf	8	170	60.0	590.0	4.0	0.19811282514417364	148.57385126809567	38.71614013708708
26	1	cdf	8	171	97.5	566.0	4.0	0.20136634920331914	173.9206935531169	42.886022169132325
26	1	cdf	8	172	165.0	336.0	8.0	0.26424698453026435	-173.58462508915792	35.284478271917386
26	1	cdf	8	173	135.0	874.0	18.0	0.33481402375820485	160.25122614824772	61.39741907549679
26	1	cdf	8	175	45.0	758.0	4.0	0.45803594124752894	77.37432394933505	117.74845941151179
26	1	cdf	8	175	45.0	902.0	16.0	0.12464486735162007	-114.92057422271152	177.68461575419974
26	1	cdf	8	176	172.5	258.0	6.0	0.34468166340260487	-0.545249675991629	52.93139759927473
26	1	cdf	8	176	172.5	874.0	6.0	0.296498153399691	153.7339148864956	46.55009023029374
26	1	cdf	8	176	172.5	906.0	4.0	0.2188618319902759	52.5959806044164	43.046595580173125
26	1	cdf	8	177	105.0	558.0	6.0	0.259369373616034	178.91234580368962	41.305827306065694
26	1	cdf	8	179	52.5	288.0	20.0	0.26052115932009823	-17.96965872705118	54.370812617156986
26	1	cdf	8	181	112.5	42.0	6.0	0.2629291366501408	177.1410568797306	42.276751756094484
26	1	cdf	8	182	30.0	316.0	10.0	0.4831338380870519	-169.04439367315163	51.017996186399046
26	1	cdf	8	183	142.5	280.0	6.0	0.31993018392991135	-155.20795343120608	49.570978853041666
27	1	inverse_cdf	1	2	165.0	334.0	32.0	0.26147799815544526	93.59861948684431	53.28111229520902
27	1	inverse_cdf	1	3	90.0	350.0	6.0	0.3909044988862773	92.40635519479471	65.2652462308813
27	1	inverse_cdf	1	4	142.5	316.0	18.0	0.3112596270984676	78.74936126133694	34.199858673828906
27	1	inverse_cdf	1	4	142.5	562.0	10.0	0.34565842280837134	82.90843121585829	42.003924670225246
27	1	inverse_cdf	1	4	142.5	874.0	8.0	0.2957980953851669	26.70656972515389	39.397584427716524
27	1	inverse_cdf	1	5	105.0	10.0	10.0	0.5172040667949568	16.59451272832447	61.40179014424439
27	1	inverse_cdf	1	5	105.0	250.0	20.0	0.21795946297783533	127.04299280137207	67.5621031117085
27	1	inverse_cdf	1	5	105.0	978.0	16.0	0.3252347262656219	103.12573849106099	66.43287150052403
27	1	inverse_cdf	1	6	97.5	358.0	16.0	0.3759528766559531	61.301007604245775	60.890629844392116
27	1	inverse_cdf	1	6	97.5	802.0	12.0	0.5899220027137407	75.9933255585191	59.45906845455391
27	1	inverse_cdf	1	11	7.5	380.0	20.0	0.2568444356956766	73.29127402182105	77.54624901415912
27	1	inverse_cdf	1	11	7.5	650.0	22.0	0.26530966426306124	59.93618927823473	76.5131621868547
27	1	inverse_cdf	1	12	75.0	270.0	30.0	0.17192626602250446	159.31601139536974	72.74393969552914
27	1	inverse_cdf	1	12	75.0	634.0	6.0	0.17714201519233286	50.260303046992405	31.783853574316574
27	1	inverse_cdf	1	14	135.0	310.0	24.0	0.5591925625939937	60.648925424189066	82.53802073603175
27	1	inverse_cdf	1	14	135.0	562.0	16.0	0.1955275189070394	87.1130981824354	37.5303515207766
27	1	inverse_cdf	1	15	37.5	314.0	8.0	0.5526479867062912	86.0832782119875	73.84397582608277
27	1	inverse_cdf	1	18	172.5	94.0	6.0	0.3090414528598186	93.34907599229177	53.060626389413436
27	1	inverse_cdf	1	19	60.0	908.0	8.0	0.6384767810712993	94.27526005248286	85.13358036115605
27	1	inverse_cdf	1	21	15.0	496.0	108.0	2.4785284221015274	82.69568609888964	268.31307814857985
27	1	inverse_cdf	1	21	15.0	650.0	76.0	0.7753539181402086	-97.17449149486178	390.94644547404454
27	1	inverse_cdf	1	21	15.0	854.0	10.0	0.3403807997009926	-116.33419815430072	55.34966351912388
27	1	inverse_cdf	1	22	30.0	10.0	6.0	0.21903565543219922	-150.36402550518923	35.63800726311621
27	1	inverse_cdf	2	26	150.0	374.0	4.0	0.187114368254035	88.99481558551865	43.22952024323434
27	1	inverse_cdf	2	27	120.0	74.0	32.0	0.263520617724148	84.9978053777516	90.11104223624105
27	1	inverse_cdf	2	27	120.0	666.0	18.0	0.4371606873398574	86.55635510743767	53.340894924526744
27	1	inverse_cdf	2	28	82.5	84.0	38.0	1.8299011426276637	172.89046095374815	269.67661994520313
27	1	inverse_cdf	2	30	67.5	524.0	18.0	0.20687359061359908	48.20961862882526	45.32162274657409
27	1	inverse_cdf	2	34	157.5	20.0	4.0	0.1846265020809498	-112.473331274298	37.396770930924276
27	1	inverse_cdf	2	34	157.5	584.0	18.0	0.37344165404094315	74.18840009938066	54.289865491248214
27	1	inverse_cdf	2	35	75.0	12.0	30.0	0.27918750557867744	121.5478002468381	70.78248935351715
27	1	inverse_cdf	2	35	75.0	408.0	20.0	0.30614045909582666	64.94197207300078	67.80582504891092
27	1	inverse_cdf	2	36	30.0	694.0	18.0	0.42235578814440633	80.60694415103332	41.593697929494525
27	1	inverse_cdf	2	37	172.5	892.0	18.0	0.2743866409199229	112.13533535078133	85.34942048090834
27	1	inverse_cdf	2	42	7.5	396.0	18.0	0.31962495644522504	60.80325141551675	46.04779548632264
27	1	inverse_cdf	2	43	135.0	516.0	30.0	0.15935789930536556	32.377332172621045	56.765425029366405
27	1	inverse_cdf	2	44	112.5	864.0	30.0	0.2754608138259611	68.32065675082252	100.08155824810211
27	1	inverse_cdf	2	45	142.5	602.0	22.0	0.3875554536214397	64.94484185968811	43.9746103031812
27	1	inverse_cdf	2	46	15.0	894.0	10.0	0.5988869458897301	85.28428696445091	80.12346585380172
27	1	inverse_cdf	3	48	37.5	686.0	6.0	0.24122757454923716	140.24655326056282	39.108095779160536
27	1	inverse_cdf	3	49	135.0	4.0	4.0	0.17499258343308405	-156.8028956992428	37.31886414373703
27	1	inverse_cdf	3	49	135.0	258.0	18.0	0.24293797476545814	63.95187223605157	42.2136349378789
27	1	inverse_cdf	3	49	135.0	852.0	20.0	0.49347088382226745	22.89552940500548	81.2469884310414
27	1	inverse_cdf	3	51	172.5	730.0	18.0	0.27494538273300645	97.89123530190896	45.32907113388638
27	1	inverse_cdf	3	52	82.5	592.0	8.0	0.42342988725528313	37.74674458204632	58.25728407743294
27	1	inverse_cdf	3	53	75.0	732.0	4.0	0.17323733533936836	52.67977919968366	38.494238671135975
27	1	inverse_cdf	3	55	165.0	268.0	28.0	0.25808748579723284	56.4109535064823	36.14144638197012
27	1	inverse_cdf	3	56	30.0	448.0	16.0	0.4094906392237425	71.0553119030917	62.75815550134389
27	1	inverse_cdf	3	56	30.0	944.0	10.0	0.33720225766946843	55.2880989683365	48.550978335020126
27	1	inverse_cdf	3	57	90.0	352.0	20.0	0.3995888153139248	76.70285570747929	56.11730830465621
27	1	inverse_cdf	3	57	90.0	980.0	10.0	0.43367874107091586	31.210395586629033	50.518662743063146
27	1	inverse_cdf	3	58	157.5	320.0	4.0	0.1779812814295926	67.21287798001305	37.63709139359279
27	1	inverse_cdf	3	60	150.0	68.0	18.0	0.3052985448700379	-98.65608470056902	71.5028698098134
27	1	inverse_cdf	3	60	150.0	534.0	16.0	0.2605568523290185	81.30550297166351	41.567824410779515
27	1	inverse_cdf	3	61	105.0	590.0	4.0	0.16379547556104737	42.14186326578779	35.01336976129732
27	1	inverse_cdf	3	61	105.0	880.0	8.0	0.4158918033686676	71.83648495681132	54.11251362897918
27	1	inverse_cdf	3	62	52.5	616.0	16.0	0.2943739332567787	65.2818380740191	43.41472929031287
27	1	inverse_cdf	3	63	22.5	28.0	4.0	0.4074854270981551	100.91211536501697	82.06905112042708
27	1	inverse_cdf	3	63	22.5	62.0	98.0	0.6390078607172457	-63.94663007822264	277.62554565949813
27	1	inverse_cdf	3	63	22.5	542.0	20.0	0.5296825313760769	79.1046797513611	60.51181129143259
27	1	inverse_cdf	3	64	45.0	78.0	32.0	0.207584980932428	109.87531389216879	57.634072149242364
27	1	inverse_cdf	3	64	45.0	844.0	32.0	0.20185364704197808	82.52496712463041	87.38485073802005
27	1	inverse_cdf	3	65	112.5	848.0	16.0	1.3724139927450767	96.9371456874731	107.04125905687806
27	1	inverse_cdf	3	68	97.5	968.0	22.0	0.504487949442954	67.42642133783734	67.88082904482746
27	1	inverse_cdf	4	71	75.0	870.0	4.0	0.14963089845298735	68.77921367207067	37.78244801092918
27	1	inverse_cdf	4	72	127.5	386.0	28.0	0.3448501256138266	83.98977167226018	56.43259241247468
27	1	inverse_cdf	4	72	127.5	954.0	30.0	0.2878024737765165	44.5328468727837	54.10951017494456
27	1	inverse_cdf	4	73	30.0	366.0	18.0	0.3922254054094447	80.85077629858505	56.86516449095871
27	1	inverse_cdf	4	74	7.5	310.0	10.0	0.5710384083706302	97.5973395634476	61.80945210108556
27	1	inverse_cdf	4	74	7.5	864.0	22.0	1.0377208551121628	68.28110328842256	80.36918979102795
27	1	inverse_cdf	4	75	97.5	294.0	4.0	0.16904490215544568	126.31738600329284	39.28484899607709
27	1	inverse_cdf	4	76	45.0	100.0	18.0	0.4873337485839641	62.30653091440439	72.20716785891383
27	1	inverse_cdf	4	76	45.0	348.0	18.0	0.0588929264062929	102.88096070550347	41.401911169293186
27	1	inverse_cdf	4	76	45.0	670.0	20.0	0.5499372656432929	60.89469910159797	61.95253075177574
27	1	inverse_cdf	4	76	45.0	932.0	22.0	0.27526411889763885	61.12894110480561	56.830872714857996
27	1	inverse_cdf	4	79	60.0	672.0	22.0	0.8541547410431264	73.47784456484278	75.59844387749986
27	1	inverse_cdf	4	80	90.0	4.0	106.0	2.3324315373774893	-96.70759068352103	356.89287217325545
27	1	inverse_cdf	4	81	82.5	280.0	32.0	0.1304851561776061	129.90296205626908	92.26609292785331
27	1	inverse_cdf	4	81	82.5	884.0	20.0	0.31833350024762286	42.06461283720606	51.8054405128694
27	1	inverse_cdf	4	83	150.0	312.0	18.0	0.45174191654973933	79.74669945746848	51.093165554995984
27	1	inverse_cdf	4	83	150.0	736.0	22.0	0.12331991375126168	33.039317679992145	85.87572325360603
27	1	inverse_cdf	4	83	150.0	972.0	12.0	0.838081671357557	95.50598195279467	76.36526580444722
27	1	inverse_cdf	4	84	112.5	32.0	36.0	0.3067357370114704	-112.32733354480719	396.3576162722187
27	1	inverse_cdf	4	84	112.5	148.0	4.0	0.2528933866224255	-112.91704031343085	60.65323027044178
27	1	inverse_cdf	4	84	112.5	352.0	8.0	0.5329204023747491	65.23830609933445	71.8378114897421
27	1	inverse_cdf	4	84	112.5	982.0	8.0	0.5490143154650662	30.91449269520453	73.67812327041018
27	1	inverse_cdf	4	87	135.0	110.0	62.0	14.95730286544606	163.2805857234782	654.2516173944645
27	1	inverse_cdf	4	87	135.0	238.0	62.0	16.21068490246855	-22.491135182116388	769.8967430805068
27	1	inverse_cdf	4	87	135.0	392.0	28.0	2.312030680171058	104.50526143467312	230.6612741629515
27	1	inverse_cdf	4	87	135.0	604.0	22.0	0.5961407209349173	97.91135030161408	68.99668439613397
27	1	inverse_cdf	4	90	165.0	796.0	18.0	0.5816677059005048	74.11570007777672	66.16203976866066
27	1	inverse_cdf	4	92	142.5	610.0	30.0	0.6745541104216731	85.25484805977653	67.3029729263364
27	1	inverse_cdf	4	92	142.5	834.0	24.0	1.75114552907933	70.51205156272606	153.7977649408811
27	1	inverse_cdf	5	94	105.0	852.0	18.0	0.5244699906244584	66.0001969165018	59.4051276944115
27	1	inverse_cdf	5	95	7.5	12.0	6.0	0.2207458587775615	138.0171923284577	37.0659561814108
27	1	inverse_cdf	5	95	7.5	416.0	22.0	0.11365279591362507	110.27324182004924	48.539236430050735
27	1	inverse_cdf	5	95	7.5	668.0	4.0	0.1459692514433335	8.399497222171982	30.02024657676323
27	1	inverse_cdf	5	95	7.5	826.0	16.0	0.3939774095639047	131.47162000315345	56.162892051795225
27	1	inverse_cdf	5	97	90.0	478.0	6.0	0.190009521564487	-115.03004612029675	38.089061471390146
27	1	inverse_cdf	5	98	82.5	74.0	6.0	0.1858686008457447	42.13250930984178	32.88147534522796
27	1	inverse_cdf	5	98	82.5	556.0	6.0	0.2596355144095996	159.2830773534415	44.13156793573504
27	1	inverse_cdf	5	98	82.5	808.0	24.0	0.6051479434760854	91.86449097545844	78.03302653455387
27	1	inverse_cdf	5	99	157.5	214.0	12.0	0.7331247978076433	-162.01232075807627	76.61932586312967
27	1	inverse_cdf	5	99	157.5	908.0	20.0	0.7053160994371455	88.53359792204866	69.97536697415053
27	1	inverse_cdf	5	100	172.5	842.0	30.0	1.6307514456619496	84.22468580847334	113.57298585287724
27	1	inverse_cdf	5	101	45.0	196.0	4.0	0.23387954809236675	81.52543011392397	47.835835127089844
27	1	inverse_cdf	5	101	45.0	802.0	24.0	0.4625950355307354	41.53355299565749	109.49837810090662
27	1	inverse_cdf	5	101	45.0	986.0	6.0	0.4184961362221937	123.02817174198358	67.53389692415423
27	1	inverse_cdf	5	102	150.0	54.0	14.0	0.7163436153585632	76.75542571156076	63.38818953857678
27	1	inverse_cdf	5	102	150.0	718.0	18.0	0.6929358823961288	50.26151810814883	101.71438682446522
27	1	inverse_cdf	5	102	150.0	980.0	16.0	0.7817116017102831	78.62564821448669	82.38343789031326
27	1	inverse_cdf	5	103	30.0	28.0	4.0	0.24480375187994832	-112.46675433311536	72.60031533043136
27	1	inverse_cdf	5	103	30.0	84.0	14.0	0.07284450107838664	125.85978573174559	135.4122381274852
27	1	inverse_cdf	5	103	30.0	340.0	4.0	0.11515828371481215	32.76991913116164	26.291493567625835
27	1	inverse_cdf	5	103	30.0	832.0	12.0	0.6611377872464793	79.12595153824589	66.64126776599522
27	1	inverse_cdf	5	104	165.0	304.0	22.0	0.4446413080002418	75.24473219703943	49.07947614278624
27	1	inverse_cdf	5	104	165.0	866.0	24.0	1.2376972137015603	75.09277953739854	92.29857293939008
27	1	inverse_cdf	5	105	67.5	574.0	4.0	0.19784127268668442	74.1122184555976	47.31192184271829
27	1	inverse_cdf	5	105	67.5	898.0	26.0	1.7912670511496243	80.77464414598847	86.83359883723746
27	1	inverse_cdf	5	106	60.0	324.0	20.0	0.42936462653627716	85.61624542117615	58.77104297756062
27	1	inverse_cdf	5	106	60.0	862.0	20.0	0.19527799111840813	88.55546944833699	66.81993643417243
27	1	inverse_cdf	5	107	15.0	82.0	28.0	1.407144454472876	98.8560716531229	93.7740113402367
27	1	inverse_cdf	5	107	15.0	326.0	14.0	1.8736785449929738	-87.69079578297345	164.04067959436713
27	1	inverse_cdf	5	107	15.0	642.0	16.0	0.37439444541408223	104.46907215453069	47.78296642463796
27	1	inverse_cdf	5	107	15.0	896.0	22.0	1.800794664122006	80.45395272899111	150.75907983273441
27	1	inverse_cdf	5	109	127.5	584.0	20.0	0.12195912653027376	-19.63736040541627	37.89290451963054
27	1	inverse_cdf	5	109	127.5	786.0	18.0	0.6526826026302555	85.09651912977719	72.62856893867459
27	1	inverse_cdf	5	110	135.0	66.0	24.0	1.1936714971341182	7.10384267846222	188.41862062589948
27	1	inverse_cdf	5	110	135.0	278.0	24.0	1.0251754095561159	170.88580624938007	157.68235007328857
27	1	inverse_cdf	5	110	135.0	760.0	28.0	0.06838477037947946	59.734476011490045	64.45094063648253
27	1	inverse_cdf	5	111	120.0	126.0	4.0	0.19518059814592437	62.99404285636817	37.55953592715684
27	1	inverse_cdf	5	111	120.0	782.0	10.0	0.5496375459618213	56.05740344100475	61.021626411859195
27	1	inverse_cdf	5	112	52.5	548.0	20.0	0.3500197307214827	75.88814351465616	36.63314304005189
27	1	inverse_cdf	5	112	52.5	816.0	14.0	0.6191047111534129	75.10023236782311	58.934398478130966
27	1	inverse_cdf	5	113	37.5	538.0	4.0	0.19708169716391338	81.86292288286892	42.76580051681931
27	1	inverse_cdf	5	113	37.5	802.0	14.0	0.47289433665793934	73.05319922381383	59.446911116368945
27	1	inverse_cdf	5	115	22.5	382.0	6.0	0.33251564177901427	72.180398477729	53.861304588275715
27	1	inverse_cdf	5	115	22.5	766.0	18.0	0.7129916402891832	66.2457830881771	69.87493891651914
27	1	inverse_cdf	6	117	22.5	516.0	22.0	0.9861961410787287	81.57869038721564	130.25878992774403
27	1	inverse_cdf	6	118	7.5	360.0	4.0	0.23273943743174322	96.47806389393755	50.10072955766823
27	1	inverse_cdf	6	118	7.5	584.0	10.0	1.0851927283546616	83.4874514518991	123.4997759183752
27	1	inverse_cdf	6	119	112.5	440.0	26.0	0.1011007218166507	41.689526114813305	58.90472836609031
27	1	inverse_cdf	6	119	112.5	742.0	18.0	0.6650985385440724	66.12869044106434	57.12586567678466
27	1	inverse_cdf	6	120	150.0	6.0	8.0	0.26211432273028734	-123.0079689689018	41.776715271709996
27	1	inverse_cdf	6	120	150.0	536.0	16.0	0.16457598619352293	69.57088069128406	44.95331411648995
27	1	inverse_cdf	6	121	97.5	864.0	14.0	0.39863684190416937	41.46705675372187	52.81647531232096
27	1	inverse_cdf	6	122	142.5	46.0	30.0	0.24518681592217909	42.01117169422297	47.27177789263702
27	1	inverse_cdf	6	123	37.5	346.0	16.0	0.2996059266540316	124.33927757286013	46.4510061746839
27	1	inverse_cdf	6	123	37.5	672.0	10.0	0.8647996376460396	95.33476161124605	97.78678835859209
27	1	inverse_cdf	6	126	75.0	672.0	34.0	0.2040096739562799	50.5380854832958	67.79501136672934
27	1	inverse_cdf	6	126	75.0	890.0	20.0	0.4994764513517321	81.30622349564172	68.7812711896109
27	1	inverse_cdf	6	127	127.5	148.0	14.0	0.2282601096056452	93.29758636336724	47.13836697799523
27	1	inverse_cdf	6	127	127.5	784.0	6.0	0.1803169177012793	58.74745988337619	38.0832825406292
27	1	inverse_cdf	6	127	127.5	990.0	6.0	0.4301448889435072	154.72919316913368	88.65480595397393
27	1	inverse_cdf	6	128	157.5	12.0	4.0	0.6384267342082962	109.99129516798723	103.98871876806356
27	1	inverse_cdf	6	128	157.5	48.0	84.0	0.6590290800175492	-93.42637647633578	278.6512791105242
27	1	inverse_cdf	6	128	157.5	156.0	40.0	0.23939425322570032	-82.91150663977723	248.84441153611544
27	1	inverse_cdf	6	128	157.5	720.0	18.0	0.11020957954753328	45.57827778010226	59.9166564919432
27	1	inverse_cdf	6	128	157.5	870.0	28.0	0.638739754095451	86.9067923378539	116.77444079752787
27	1	inverse_cdf	6	129	90.0	786.0	22.0	0.8174636914108889	90.575083900624	73.54711042642873
27	1	inverse_cdf	6	130	67.5	4.0	26.0	0.23885780099044673	129.7193234902578	76.07587210824545
27	1	inverse_cdf	6	130	67.5	764.0	18.0	0.5019015741084911	65.25627995803956	54.062208855905816
27	1	inverse_cdf	6	130	67.5	934.0	26.0	0.5714868624232807	118.6588262628627	147.7633212792845
27	1	inverse_cdf	6	132	82.5	24.0	12.0	0.28564624606085515	81.0758041155003	33.76756609163403
27	1	inverse_cdf	6	132	82.5	960.0	6.0	0.23578565264165235	111.21952969131205	41.46038545927117
27	1	inverse_cdf	6	134	105.0	608.0	10.0	0.6642663448414542	33.89294128099349	71.67164988876557
27	1	inverse_cdf	6	134	105.0	798.0	22.0	1.1112666722933238	87.79977793339387	121.21547933367981
27	1	inverse_cdf	6	136	172.5	750.0	14.0	1.4187724310525969	88.1439634958457	138.5573894281369
27	1	inverse_cdf	6	138	165.0	556.0	4.0	0.24454420015064848	80.340654632683	51.86392846539209
27	1	inverse_cdf	6	138	165.0	734.0	20.0	0.6693380010743899	70.52062092803826	64.43468384793373
27	1	inverse_cdf	7	140	97.5	342.0	18.0	0.1873311041028249	86.4838782899867	40.18453357705994
27	1	inverse_cdf	7	140	97.5	848.0	18.0	0.3575982276060108	52.04699977457122	62.05718902164212
27	1	inverse_cdf	7	141	45.0	732.0	14.0	0.4764411207261004	66.23138228725908	47.5454749283035
27	1	inverse_cdf	7	143	60.0	906.0	14.0	0.9434193015049628	73.52691832546247	77.74592207937924
27	1	inverse_cdf	7	144	127.5	114.0	18.0	0.3931509063284623	68.44972190838989	62.935848736782454
27	1	inverse_cdf	7	144	127.5	440.0	16.0	0.4874359341096787	87.8774224589252	60.94096042795849
27	1	inverse_cdf	7	144	127.5	746.0	20.0	0.9082180856180821	65.44126819578263	78.63104896025251
27	1	inverse_cdf	7	145	157.5	30.0	12.0	0.5262512458096735	31.97245544481133	47.12908074248145
27	1	inverse_cdf	7	145	157.5	862.0	20.0	0.23493587735700275	72.93770089244958	87.67637505770296
27	1	inverse_cdf	7	149	165.0	158.0	32.0	0.23484701693626162	-102.10246986355408	88.38997871580932
27	1	inverse_cdf	7	149	165.0	330.0	4.0	0.2449350417080391	86.15784114165739	55.99849542224326
27	1	inverse_cdf	7	149	165.0	674.0	18.0	0.653297693217528	72.90700587896161	72.4453276502928
27	1	inverse_cdf	7	149	165.0	920.0	18.0	0.8375136832332538	85.72958430917406	94.53852611436544
27	1	inverse_cdf	7	150	7.5	50.0	34.0	0.2545079063156175	16.086642341525685	62.2580534778207
27	1	inverse_cdf	7	150	7.5	578.0	32.0	0.24775075502132496	91.1387845995001	51.010342915576906
27	1	inverse_cdf	7	150	7.5	826.0	18.0	0.36015359095262967	64.34702607373454	68.90957424967864
27	1	inverse_cdf	7	151	22.5	852.0	20.0	0.6253180718103458	77.72694628231984	66.22267189376593
27	1	inverse_cdf	7	153	105.0	322.0	32.0	0.1995328851959732	135.02239740809347	60.34059200872823
27	1	inverse_cdf	7	154	15.0	10.0	12.0	0.06863920610796673	-130.21176408474653	115.40915565850905
27	1	inverse_cdf	7	154	15.0	72.0	12.0	0.060815865363539806	3.0883299963760154	149.92691241416898
27	1	inverse_cdf	7	154	15.0	142.0	20.0	0.21671224536816344	109.00575299661313	176.88460544742927
27	1	inverse_cdf	7	154	15.0	200.0	28.0	0.5329833675679228	92.64751105804501	129.99503333561114
27	1	inverse_cdf	7	154	15.0	294.0	4.0	0.4315505449837067	-80.80845135542403	92.1379624526922
27	1	inverse_cdf	7	154	15.0	348.0	16.0	0.33635733694012493	100.1173687558767	211.12514994490752
27	1	inverse_cdf	7	154	15.0	394.0	6.0	0.4937321687862043	50.09109677129973	70.80900195105185
27	1	inverse_cdf	7	154	15.0	706.0	6.0	0.4622436755672167	70.50350711200322	72.75881521116757
27	1	inverse_cdf	7	154	15.0	950.0	20.0	0.6109388128390902	134.51761341484425	91.67281779655782
27	1	inverse_cdf	7	155	82.5	314.0	16.0	0.4364114882509379	88.9225348465758	49.411659952468206
27	1	inverse_cdf	7	155	82.5	744.0	22.0	1.1558130776332	75.27514254311805	91.66598823448264
27	1	inverse_cdf	7	155	82.5	976.0	16.0	1.4305039769999828	88.75094316489697	135.2617529128556
27	1	inverse_cdf	7	156	30.0	326.0	18.0	0.28971196423645235	49.34516120400826	66.0155467413451
27	1	inverse_cdf	7	156	30.0	670.0	18.0	0.668358510110735	69.59223390782378	71.8089710056106
27	1	inverse_cdf	7	157	112.5	4.0	22.0	2.1883569434560948	78.31741881229961	174.0445928936492
27	1	inverse_cdf	7	157	112.5	82.0	6.0	0.26417798918658125	-117.77097914851208	53.87741709504608
27	1	inverse_cdf	7	157	112.5	168.0	58.0	0.8430127876894398	-67.32615355760917	174.85536745296832
27	1	inverse_cdf	7	157	112.5	862.0	12.0	0.9330287243204743	77.60740332681212	105.83943578591571
27	1	inverse_cdf	7	158	142.5	544.0	14.0	0.15095523715175813	90.62296748012503	29.71813171372299
27	1	inverse_cdf	7	160	90.0	332.0	8.0	0.40058496145158257	47.146618936514024	51.943359814100866
27	1	inverse_cdf	7	160	90.0	570.0	30.0	0.37010566028001773	45.162694241017284	61.510181400711396
27	1	inverse_cdf	7	160	90.0	762.0	22.0	0.6129608714008118	74.94690765838762	94.26745551528022
27	1	inverse_cdf	7	161	37.5	620.0	18.0	0.1262278147055373	153.7822588559394	47.552207243234776
27	1	inverse_cdf	7	161	37.5	890.0	20.0	0.34990955113976535	59.56779845476715	34.32263745549741
27	1	inverse_cdf	8	163	60.0	86.0	4.0	0.14010285300903624	174.6296419231914	30.99332005732461
27	1	inverse_cdf	8	163	60.0	526.0	8.0	0.724217007858191	79.81992761420175	97.15372117436226
27	1	inverse_cdf	8	163	60.0	680.0	10.0	0.6700399251778371	75.39038220455986	73.61076896035016
27	1	inverse_cdf	8	164	22.5	432.0	4.0	0.19736398023316595	85.70778414114451	44.53002603740034
27	1	inverse_cdf	8	164	22.5	694.0	10.0	0.8277161645612124	79.14219414805927	91.00017089733186
27	1	inverse_cdf	8	165	45.0	256.0	22.0	0.380999544903355	-104.46784440888361	81.00986822890128
27	1	inverse_cdf	8	165	45.0	840.0	26.0	1.4222137896866331	85.03493266293296	110.58013948215485
27	1	inverse_cdf	8	166	150.0	536.0	6.0	0.21681120221848038	129.48596495938713	36.93769952930889
27	1	inverse_cdf	8	166	150.0	662.0	18.0	0.4369494379585144	102.58345362392772	86.10842289557627
27	1	inverse_cdf	8	167	37.5	324.0	20.0	0.11807361257313562	-89.20360819032123	55.18981043393771
27	1	inverse_cdf	8	167	37.5	574.0	14.0	0.33798468943687876	87.77383422417202	40.74076954389119
27	1	inverse_cdf	8	167	37.5	974.0	20.0	0.6228185193656519	22.770891345887023	64.7651133487448
27	1	inverse_cdf	8	168	172.5	846.0	4.0	0.12696001679489013	54.43303612897213	31.10693665015875
27	1	inverse_cdf	8	170	120.0	568.0	22.0	0.4140758391675847	49.15518203087598	61.00074323387774
27	1	inverse_cdf	8	170	120.0	758.0	24.0	0.331221560554263	88.86426648170564	119.99147386506687
27	1	inverse_cdf	8	171	135.0	4.0	14.0	1.8403612652393235	76.43542290962722	147.45242862753733
27	1	inverse_cdf	8	171	135.0	72.0	4.0	0.32441171736605495	126.65383186903033	54.75496320360255
27	1	inverse_cdf	8	171	135.0	108.0	4.0	0.2777098656722004	-99.86860382085274	58.59900743380036
27	1	inverse_cdf	8	171	135.0	394.0	16.0	0.46329594315824874	47.69357926047035	78.83404162470109
27	1	inverse_cdf	8	171	135.0	916.0	4.0	0.27853446229315243	98.47132127056713	58.66249589136655
27	1	inverse_cdf	8	173	15.0	968.0	8.0	0.31024147899786725	61.22316823118972	44.21423999851869
27	1	inverse_cdf	8	176	112.5	4.0	70.0	0.9867882073586941	39.78987019458099	120.86110532606833
27	1	inverse_cdf	8	176	112.5	240.0	6.0	0.3201820313727099	11.807102162344668	54.06823056508924
27	1	inverse_cdf	8	176	112.5	754.0	10.0	0.44923552285122187	72.13137389294126	56.78144812261246
27	1	inverse_cdf	8	178	105.0	88.0	6.0	0.2539294103097696	20.411496832253874	40.13449219173554
27	1	inverse_cdf	8	178	105.0	398.0	16.0	0.32323918733508167	69.80238665906916	45.01557336322169
27	1	inverse_cdf	8	178	105.0	664.0	16.0	1.2291120233344208	73.39735211933443	107.82655338355625
27	1	inverse_cdf	8	179	7.5	404.0	16.0	0.2127351854083893	99.32395614734912	47.02366201217941
27	1	inverse_cdf	8	179	7.5	698.0	20.0	0.41601370386860564	69.68596340567562	55.03991984310394
27	1	inverse_cdf	8	180	90.0	4.0	4.0	0.12662469683406768	-18.885174586948757	41.05604556394225
27	1	inverse_cdf	8	180	90.0	606.0	14.0	0.4205557271169948	54.17091881518014	58.270708085184054
27	1	inverse_cdf	8	180	90.0	846.0	20.0	0.8753087041599846	83.6490693827935	93.54271596446964
27	1	inverse_cdf	8	181	75.0	642.0	12.0	0.2981744747164331	44.31003047468908	41.830338624178836
27	1	inverse_cdf	8	181	75.0	854.0	20.0	0.41260826281026186	66.56213737014897	49.84334804271447
27	1	inverse_cdf	8	182	67.5	554.0	170.0	2.5384132428256674	73.70333862163567	434.281756628148
27	1	inverse_cdf	8	182	67.5	750.0	138.0	0.5075293312059928	-147.91547985000514	537.805959300628
27	1	inverse_cdf	8	182	67.5	910.0	14.0	0.16412626130676145	95.1636042006944	276.3884733215722
27	1	inverse_cdf	8	182	67.5	978.0	16.0	1.0204485339152836	91.93543805574623	111.83860423255203
27	1	inverse_cdf	8	183	82.5	336.0	20.0	0.27687342551689204	53.646808365756655	55.52788082387062
27	1	inverse_cdf	8	183	82.5	556.0	22.0	0.5474234458553449	89.48465550115958	74.54345903326879
27	1	inverse_cdf	8	183	82.5	782.0	12.0	0.4011235740976138	120.48831396448028	47.94891703376878
28	1	cdf	1	9	60.0	240.0	28.0	1.3500333559167155	128.5394837511324	165.03541148630813
28	1	cdf	1	16	45.0	244.0	18.0	3.345602575112987	172.33752886283597	237.81226541966248
28	1	cdf	1	16	45.0	430.0	20.0	2.6106604618785725	159.8165719092036	203.27066156570191
28	1	cdf	1	20	90.0	120.0	32.0	1.7534684549669177	128.35635124872147	179.35421674330394
28	1	cdf	1	20	90.0	338.0	28.0	0.9025765157916009	113.6152680218032	129.37418479538738
28	1	cdf	2	25	75.0	258.0	30.0	1.5960770185056146	119.2838205390853	165.773255517698
28	1	cdf	2	25	75.0	492.0	4.0	0.32590830689594064	120.02585649947005	74.77276255604386
28	1	cdf	2	36	15.0	442.0	18.0	0.2500047213053605	157.23865826322654	109.73636686676733
28	1	cdf	2	36	15.0	690.0	10.0	1.674340729364348	133.68856611497478	201.77755852829398
28	1	cdf	2	36	15.0	768.0	66.0	0.29857000184512134	100.37871814039083	221.41882616089637
28	1	cdf	2	36	15.0	902.0	32.0	3.034508263565009	39.930436649074004	382.47035612213705
28	1	cdf	2	36	15.0	956.0	36.0	1.4851685589076709	-121.09441595530284	265.0769864582211
28	1	cdf	3	49	105.0	318.0	4.0	0.28108242557445484	121.54238857272854	61.26215191670045
28	1	cdf	3	49	105.0	586.0	8.0	0.6742368107275563	157.68544351916603	91.01333201147148
28	1	cdf	3	58	157.5	326.0	6.0	0.5104481859581135	119.04338821847493	86.23427404811156
28	1	cdf	3	58	157.5	588.0	8.0	0.7761750394996397	119.67682735819913	97.94091552856385
28	1	cdf	4	76	45.0	378.0	22.0	0.4635220437604372	135.49794721462766	68.84567276407414
28	1	cdf	4	78	22.5	4.0	32.0	1.4133025763833131	-91.44652206864079	226.69898179362454
28	1	cdf	4	78	22.5	254.0	10.0	1.47505546691161	93.71945370755196	165.72346032082422
28	1	cdf	4	82	30.0	12.0	58.0	8.565560007192792	-0.7792908293694553	635.4981427268158
28	1	cdf	4	82	30.0	294.0	54.0	8.060982787285953	177.17626900766	606.956401057717
28	1	cdf	4	82	30.0	536.0	14.0	1.0258065829181262	99.74735942165705	103.26427095256436
28	1	cdf	4	91	135.0	314.0	32.0	1.6177572899620256	17.2301033330477	201.48817064014037
28	1	cdf	4	91	135.0	424.0	4.0	0.17404073246556087	-174.0457226549426	38.20323504212289
28	1	cdf	5	115	112.5	10.0	22.0	1.2820355163596762	-127.15287566766489	224.96348900023781
28	1	cdf	5	115	112.5	796.0	26.0	2.352065322275798	-176.84005511451102	265.4951612774859
28	1	cdf	6	130	7.5	204.0	4.0	0.2820551738537778	150.67796307866473	60.838112223665284
28	1	cdf	6	130	7.5	282.0	50.0	5.101665254231256	122.34935854430846	434.80426255770084
28	1	cdf	6	130	7.5	494.0	24.0	0.9268666055303084	95.75097547737693	159.78362120149498
28	1	cdf	7	140	105.0	144.0	28.0	0.8809687969329226	4.916133995285821	144.43914826253982
28	1	cdf	7	140	105.0	550.0	6.0	0.5798462775954505	37.89292088635733	84.07691621354726
28	1	cdf	7	159	142.5	4.0	18.0	5.163211156511294	-121.12082816296784	648.0563806816607
28	1	cdf	7	159	142.5	314.0	10.0	1.2108867203909057	64.15256033849343	131.81134952510857
28	1	cdf	7	159	142.5	582.0	4.0	0.32232169338797134	76.54074037342501	76.40596343344208
28	1	cdf	8	169	105.0	360.0	4.0	4.19142632986014	41.55251320898356	870.12994077102
28	1	cdf	8	169	105.0	480.0	4.0	6.547378259752431	39.60158084453676	1244.8714920905911
28	1	cdf	8	169	105.0	840.0	4.0	4.434061922904487	34.067965075699874	873.1572250862822
28	1	cdf	8	173	7.5	316.0	22.0	0.6355847421271156	11.315791559425104	148.9486538122801
28	1	cdf	8	174	67.5	4.0	90.0	1.4435258087153993	-55.589807581723754	951.2629972537767
28	1	cdf	8	174	67.5	156.0	4.0	0.865621915882951	49.0514600989809	184.30882329119916
28	1	cdf	8	174	67.5	208.0	16.0	5.003317217638672	-165.73237123673385	410.1456608493117
28	1	cdf	8	174	67.5	448.0	8.0	1.1546980254692538	28.520762881547693	148.60708000838414
28	1	cdf	8	174	67.5	694.0	12.0	1.5241705686187637	7.981278138631136	160.68178218250253
28	1	cdf	8	174	67.5	768.0	34.0	0.25064165835623853	57.56916902256354	277.92675297289907
28	1	cdf	8	174	67.5	824.0	14.0	0.0982604728890533	75.50862847766717	300.4004413426886
28	1	cdf	8	174	67.5	932.0	38.0	0.6388953450725423	61.65477074199158	229.14111447177706
28	1	cdf	8	175	82.5	4.0	18.0	1.3324461734356863	-72.50953391231641	170.98370199934004
28	1	cdf	8	175	82.5	44.0	14.0	0.29103604387177573	-22.18996352771045	101.01320006968375
28	1	cdf	8	175	82.5	210.0	14.0	1.8191536672958248	28.662249921492812	139.71959680063512
28	1	cdf	8	176	97.5	4.0	8.0	1.3488303812477742	-102.95004613416906	183.0922703291324
28	1	cdf	8	176	97.5	226.0	48.0	2.633268327558537	101.60526713412062	342.5652293493217
28	1	cdf	8	176	97.5	364.0	4.0	0.26158012872764796	47.173334049593365	54.74653446247722
28	1	cdf	8	177	30.0	4.0	38.0	0.29827484687323186	-150.35207803493793	330.5574773906596
28	1	cdf	8	177	30.0	284.0	50.0	5.816382693611961	-177.85007727323799	580.39832772557
pil01	1	inverse_cdf	1	1	112.5	266.0	28.0	2.135576477850724	4.847995252629843	243.98696002992716
pil01	1	inverse_cdf	1	8	90.0	666.0	6.0	0.4520855347413803	48.094312178632606	81.71629510565526
pil01	1	inverse_cdf	1	16	60.0	126.0	6.0	0.5761502688537662	173.78560951286954	82.15865443022564
pil01	1	inverse_cdf	1	20	165.0	6.0	4.0	0.2801446926659962	-23.112157539573747	67.54122276921603
pil01	1	inverse_cdf	1	23	150.0	162.0	20.0	0.2694604613266128	117.9698565870202	95.85381287617072
pil01	1	inverse_cdf	1	23	150.0	654.0	28.0	0.5470164638743131	39.27839863304834	137.42894437693136
pil01	1	inverse_cdf	1	23	150.0	942.0	6.0	0.7515622486662932	169.30242255687426	106.67127074120313
pil01	1	inverse_cdf	2	25	112.5	588.0	20.0	0.08206009964622049	163.74428476495575	92.38996264171243
pil01	1	inverse_cdf	2	31	172.5	352.0	4.0	0.44345954754207495	43.20808833828449	101.09752966294667
pil01	1	inverse_cdf	2	39	120.0	578.0	6.0	0.44180599532494086	154.00484529714984	75.36494962845316
pil01	1	inverse_cdf	2	41	142.5	4.0	4.0	0.45359411285796214	160.1160086001694	102.90581179843014
pil01	1	inverse_cdf	2	43	45.0	594.0	24.0	0.07576604623321137	-4.9699416193018235	110.06251575909363
pil01	1	inverse_cdf	2	45	127.5	670.0	6.0	0.5902509515582494	-7.188222131438557	90.30894844460339
pil01	1	inverse_cdf	3	47	45.0	264.0	16.0	2.933262898736004	-4.138526830803269	263.8159401433611
pil01	1	inverse_cdf	3	47	45.0	448.0	6.0	0.6307869496266378	162.12227285496073	107.44793899721107
pil01	1	inverse_cdf	3	54	15.0	694.0	4.0	0.3482141512676459	21.85757786539278	77.30208527612062
pil01	1	inverse_cdf	3	56	52.5	894.0	4.0	0.37086833704406497	13.304485401881372	81.1433129652742
pil01	1	inverse_cdf	3	61	127.5	768.0	4.0	0.3481785740497782	130.21527819946945	89.66093131888394
pil01	1	inverse_cdf	3	63	60.0	194.0	4.0	0.3180978256965489	5.3284019165174055	68.70513218282271
pil01	1	inverse_cdf	3	63	60.0	754.0	18.0	0.03687508617381371	-147.72485739068551	73.20779274963841
pil01	1	inverse_cdf	3	66	165.0	364.0	16.0	0.33876783808411753	66.30073247575358	95.07934606765495
pil01	1	inverse_cdf	3	67	22.5	66.0	4.0	0.624478142254599	96.63853680212209	128.76569653574745
pil01	1	inverse_cdf	4	70	165.0	322.0	26.0	2.2708626909080203	5.681004436668399	239.26441858732076
pil01	1	inverse_cdf	4	73	142.5	576.0	8.0	0.7750978774253322	27.763721286581468	109.84606058207486
pil01	1	inverse_cdf	4	76	97.5	642.0	18.0	0.2694556144475203	142.91710380738863	89.1725220999291
pil01	1	inverse_cdf	4	79	45.0	64.0	16.0	0.5127467604097968	3.119098011856039	122.78572864217514
pil01	1	inverse_cdf	4	80	37.5	634.0	18.0	0.3866497835843087	79.98264760275455	90.44019290022415
pil01	1	inverse_cdf	4	85	67.5	440.0	4.0	0.2214027854013143	-178.72584973991516	54.015496865702495
pil01	1	inverse_cdf	5	93	52.5	266.0	14.0	2.591960269436223	-8.372603414065127	231.8013398484962
pil01	1	inverse_cdf	5	101	45.0	38.0	4.0	0.4810256956617582	131.94417048680373	108.03974882732979
pil01	1	inverse_cdf	5	106	127.5	60.0	4.0	0.3859279474288557	2.6813387938402946	86.10805467555937
pil01	1	inverse_cdf	5	108	30.0	106.0	4.0	0.32948372114638785	-22.24335140055253	70.29193031344577
pil01	1	inverse_cdf	5	110	172.5	118.0	26.0	0.4123917364483241	66.82637785594602	127.93309931992106
pil01	1	inverse_cdf	5	113	37.5	94.0	4.0	0.4441114686892904	20.325630627393387	86.79731225450548
pil01	1	inverse_cdf	5	114	82.5	614.0	4.0	0.43947258134271694	162.84082575902355	91.9704899930124
pil01	1	inverse_cdf	6	116	45.0	270.0	18.0	3.4785250456268875	14.783814770075173	260.983375036147
pil01	1	inverse_cdf	6	119	52.5	20.0	34.0	0.5209220066385204	80.39232902324159	120.19024203945476
pil01	1	inverse_cdf	6	124	165.0	60.0	16.0	0.19645674499951782	-22.081018717754883	118.23727797768005
pil01	1	inverse_cdf	6	126	97.5	76.0	4.0	0.390853345238128	151.676183388374	84.04647849836068
pil01	1	inverse_cdf	6	131	150.0	86.0	4.0	0.3910581381179997	173.73589417414055	86.06456195759858
pil01	1	inverse_cdf	6	131	150.0	654.0	4.0	0.3703155410211371	-4.830250687884613	73.62541611641193
pil01	1	inverse_cdf	6	132	75.0	636.0	4.0	0.6421965026798915	157.61819454490734	136.59665832368296
pil01	1	inverse_cdf	6	134	37.5	550.0	16.0	0.14172573248363365	37.02662727012663	85.67562468604041
pil01	1	inverse_cdf	6	137	15.0	586.0	4.0	0.32893045922083264	138.4300392865747	77.17573279190788
pil01	1	inverse_cdf	7	140	172.5	832.0	6.0	0.6322800931627631	9.71175536706087	99.07252009666281
pil01	1	inverse_cdf	7	142	127.5	88.0	18.0	0.027874989617116434	-151.90126199574806	100.21107336259173
pil01	1	inverse_cdf	7	148	60.0	604.0	4.0	0.5272268623713876	34.50402877050433	105.36149613002586
pil01	1	inverse_cdf	7	150	52.5	54.0	24.0	6.0143431308642725	174.14893344192623	389.30287086411965
pil01	1	inverse_cdf	7	150	52.5	216.0	10.0	1.3494306849422157	150.73984669386695	153.69151478454398
pil01	1	inverse_cdf	7	151	165.0	404.0	16.0	0.3593994505351821	166.54604948778575	121.68900488776552
pil01	1	inverse_cdf	7	154	15.0	266.0	24.0	6.570805820238755	106.13065153361424	473.32519749760746
pil01	1	inverse_cdf	7	154	15.0	484.0	4.0	0.650472996813018	92.89058368200715	136.41702758202285
pil01	1	inverse_cdf	7	157	7.5	852.0	20.0	1.4136553107332173	-109.32053629246555	91.08887491027556
pil01	1	inverse_cdf	8	162	157.5	304.0	8.0	1.569359866651606	7.084732574979424	210.52582486769094
pil01	1	inverse_cdf	8	164	22.5	696.0	4.0	0.48717355533521295	175.17104096046927	111.07080489594308
pil01	1	inverse_cdf	8	165	142.5	626.0	10.0	1.330205038298123	39.634643058591266	140.02514079360736
pil01	1	inverse_cdf	8	165	142.5	694.0	4.0	1.2059219339501857	94.99163213813581	220.9405062547885
pil01	1	inverse_cdf	8	170	75.0	280.0	8.0	1.2200084494130508	163.60019662481668	157.0041127073682
pil01	1	inverse_cdf	8	174	90.0	142.0	4.0	0.4963250022604245	176.58848775406085	106.20762183320481
pil01	1	inverse_cdf	8	175	45.0	124.0	50.0	12.34878380551744	-21.66971064155076	493.997800724176
pil01	1	inverse_cdf	8	175	45.0	280.0	40.0	13.73225655182055	163.4635029907509	574.9094488576317
pil01	1	inverse_cdf	8	177	120.0	28.0	12.0	1.83608619545163	-17.635008254501855	181.07395988074998
pil01	1	inverse_cdf	8	177	120.0	114.0	22.0	1.8249517571943534	168.59615025849286	203.02730025631934
pil01	1	inverse_cdf	8	180	37.5	956.0	38.0	1.7095066125453342	-58.21560651893163	713.4236691221471
pil01	1	inverse_cdf	8	182	60.0	708.0	30.0	7.233217631526609	-24.297376810809826	773.3462320873921
pil01	1	inverse_cdf	8	182	60.0	760.0	40.0	7.144439744090658	154.2647434636191	655.9801441198215
pil01	2	cdf	1	1	90.0	4.0	4.0	0.5786957465659315	-78.7636870413909	156.62961105772064
pil01	2	cdf	1	1	90.0	70.0	32.0	0.06675430284970245	-31.063015933463795	249.68358965059497
pil01	2	cdf	1	1	90.0	128.0	4.0	1.0915200774783231	-64.38963315389242	181.6658284181534
pil01	2	cdf	1	1	90.0	282.0	16.0	3.7742406936701225	7.62149878453737	340.62005552411455
pil01	2	cdf	1	3	120.0	538.0	18.0	0.41164629806129055	63.22357371499232	120.35939952390338
pil01	2	cdf	1	3	120.0	984.0	6.0	0.8329479692994092	72.10219167453708	126.91136927872525
pil01	2	cdf	1	4	82.5	794.0	30.0	0.13015485154942028	156.99494877251695	89.99532047338941
pil01	2	cdf	1	5	75.0	368.0	18.0	0.19897208397731778	118.04388405498928	92.44811912412929
pil01	2	cdf	1	5	75.0	618.0	4.0	0.45298947951813867	13.83250121875975	95.83236698932983
pil01	2	cdf	1	8	60.0	698.0	4.0	0.5527206865079296	32.51092223620013	112.43899696045587
pil01	2	cdf	1	13	67.5	778.0	8.0	0.5457923221670863	33.59425681983874	67.23747589298493
pil01	2	cdf	1	15	172.5	462.0	6.0	0.4461040720635139	121.00173693662938	72.64046240285863
pil01	2	cdf	1	16	112.5	604.0	4.0	0.38762176114817265	2.183890721599808	86.03256357304087
pil01	2	cdf	1	17	127.5	12.0	86.0	6.701117420137299	-67.89196091402084	761.6523885403875
pil01	2	cdf	1	17	127.5	668.0	6.0	0.4434186583664694	111.72098889679417	76.0283015145528
pil01	2	cdf	1	19	15.0	108.0	4.0	0.3059444752409276	-7.087604779668572	64.25010919494554
pil01	2	cdf	1	21	30.0	656.0	4.0	0.48656551089937417	82.44098782840798	98.37551548284465
pil01	2	cdf	1	21	30.0	884.0	10.0	0.9847107563939383	74.43430580945517	98.60696289849271
pil01	2	cdf	2	26	90.0	6.0	4.0	0.655026312093367	-104.21355436895564	133.54800237168283
pil01	2	cdf	2	26	90.0	696.0	4.0	0.39909980066941303	23.505024077309542	87.36344464531592
pil01	2	cdf	2	28	105.0	130.0	8.0	0.6912721404654169	95.85830935641987	94.89977351934395
pil01	2	cdf	2	28	105.0	780.0	6.0	0.3946924435137607	133.65150313802778	73.8942630327176
pil01	2	cdf	2	31	82.5	768.0	6.0	0.5123115855787561	166.09773042450584	94.88530002907488
pil01	2	cdf	2	33	150.0	754.0	20.0	0.4446016646626997	133.6551864609168	96.16771640871663
pil01	2	cdf	2	35	120.0	300.0	24.0	0.4984646874230667	124.26347595050981	119.27364073326497
pil01	2	cdf	2	35	120.0	352.0	20.0	0.4368735076490059	-79.83121544427729	98.68241319442613
pil01	2	cdf	2	39	67.5	280.0	4.0	2.1835797387904807	-6.513957710936649	355.47578960864047
pil01	2	cdf	2	39	67.5	460.0	4.0	4.2212048063817145	-73.63905298401195	852.4250006494134
pil01	2	cdf	2	39	67.5	490.0	4.0	3.939049159196833	106.60378168689998	800.0809938177973
pil01	2	cdf	2	39	67.5	536.0	20.0	1.0890228958810166	-96.22910182246926	801.3013847417159
pil01	2	cdf	2	39	67.5	604.0	4.0	4.42175413881987	-88.21342357788811	906.2402688251952
pil01	2	cdf	2	39	67.5	640.0	4.0	6.548201508348581	101.93008546168718	1060.1945164873396
pil01	2	cdf	2	42	112.5	692.0	8.0	0.6920931039866998	170.58289635384097	106.30251876936019
pil01	2	cdf	2	44	22.5	710.0	4.0	0.306985209496081	178.77460302034362	67.74640851233424
pil01	2	cdf	2	45	135.0	604.0	16.0	0.09028493656366982	152.96933650336396	67.76133435037329
pil01	2	cdf	3	47	22.5	16.0	4.0	2.1846635965568004	-85.18882457703317	387.18357274931583
pil01	2	cdf	3	47	22.5	194.0	44.0	0.05333441783025131	-42.58470580566376	451.6685767977123
pil01	2	cdf	3	47	22.5	266.0	36.0	2.7272284894308325	2.481231417367021	256.30397827829063
pil01	2	cdf	3	48	112.5	106.0	8.0	0.5549260736155548	-168.22449124387896	71.87109830435341
pil01	2	cdf	3	48	112.5	306.0	4.0	0.3328577704950467	-7.6504933374880455	70.6730972755499
pil01	2	cdf	3	49	7.5	8.0	6.0	3.874412616577521	-84.94495351923216	610.6283528839024
pil01	2	cdf	3	49	7.5	130.0	20.0	1.001764598404753	113.35890677540176	338.585695199165
pil01	2	cdf	3	49	7.5	242.0	4.0	0.9299296465172321	-93.13641551228982	197.20110683487172
pil01	2	cdf	3	49	7.5	312.0	4.0	1.3172468001817244	86.07045522103546	231.52090579322973
pil01	2	cdf	3	49	7.5	642.0	6.0	0.7055374653499026	168.32345751858958	115.30284355891972
pil01	2	cdf	3	53	97.5	348.0	4.0	0.3213233421864794	-12.687719245203066	69.59995291932248
pil01	2	cdf	3	53	97.5	654.0	16.0	0.2100882306092768	97.18059930273562	90.29595424581294
pil01	2	cdf	3	57	172.5	38.0	4.0	0.318704489696563	87.34358429450943	75.47848224262788
pil01	2	cdf	3	57	172.5	336.0	18.0	0.5239530562600638	106.56181463130508	94.6687188461772
pil01	2	cdf	3	59	60.0	656.0	12.0	1.6311428135867514	98.50594748068661	432.4139993329675
pil01	2	cdf	3	59	60.0	688.0	6.0	1.4026864773950432	113.66202669248709	218.36027079675452
pil01	2	cdf	3	59	60.0	714.0	4.0	1.3273270678417564	-84.03802405335901	243.83723809310086
pil01	2	cdf	3	59	60.0	756.0	220.0	0.6010864870254684	-111.12658218879952	529.2419583205392
pil01	2	cdf	3	61	52.5	572.0	24.0	0.6011550142285924	154.27449209492872	106.63955080086164
pil01	2	cdf	3	62	150.0	688.0	4.0	0.34835747854846105	100.03890870853112	71.57329258678644
pil01	2	cdf	3	63	67.5	360.0	14.0	0.2505019851928423	54.3293662550197	82.8301530442837
pil01	2	cdf	3	66	142.5	6.0	10.0	1.0377204737936885	-178.27822972442235	106.49007491680005
pil01	2	cdf	3	66	142.5	340.0	18.0	0.2376512792014597	104.80455588923274	77.37562470213147
pil01	2	cdf	3	68	135.0	582.0	6.0	0.47609683189667096	178.61723727046595	78.34626009029272
pil01	2	cdf	4	73	90.0	566.0	6.0	0.5280817380554914	171.2424546748867	84.56428660718433
pil01	2	cdf	4	74	22.5	618.0	4.0	0.2908744134085533	-173.19488600575664	60.1512318138288
pil01	2	cdf	4	75	67.5	20.0	74.0	2.4752981111519596	80.81099747560091	216.4857832921595
pil01	2	cdf	4	75	67.5	114.0	90.0	5.818244401319765	-74.56011193206143	601.2835765459228
pil01	2	cdf	4	77	45.0	96.0	4.0	2.1060843032139718	-79.35716320613113	391.9847775548966
pil01	2	cdf	4	77	45.0	120.0	36.0	0.9246591778291369	-163.75660482242836	407.4157008206156
pil01	2	cdf	4	77	45.0	176.0	72.0	1.1124116846072292	-56.3122514230511	513.9748710752914
pil01	2	cdf	4	77	45.0	280.0	48.0	1.5546134035930477	-60.46071256437164	238.77449549624282
pil01	2	cdf	4	80	135.0	452.0	4.0	0.3891841214107917	-178.0668500218069	85.10782106605467
pil01	2	cdf	4	81	157.5	718.0	4.0	0.29399804302825	137.94396705293585	65.79764719970727
pil01	2	cdf	4	82	105.0	116.0	4.0	1.736771067562988	119.74349984066856	280.98643131185867
pil01	2	cdf	4	82	105.0	326.0	4.0	1.3473399044713108	-84.75835550438096	305.19165795305275
pil01	2	cdf	4	82	105.0	516.0	4.0	0.6940913749797778	-133.2930997249747	154.2841829909404
pil01	2	cdf	4	90	172.5	4.0	6.0	1.078867512153271	-78.23768486983295	166.56842058329306
pil01	2	cdf	4	91	15.0	580.0	20.0	0.9514475081380478	98.73124122158124	108.39356411264671
pil01	2	cdf	4	92	52.5	990.0	4.0	0.5710604134279204	89.67073160358997	152.3499019546211
pil01	2	cdf	5	93	112.5	28.0	132.0	1.482678745910368	-75.07462315964308	678.2263565069479
pil01	2	cdf	5	93	112.5	270.0	16.0	2.908930356850631	-7.880056205004546	233.72571864892896
pil01	2	cdf	5	100	157.5	28.0	20.0	0.17675635454478184	-138.76094883174892	72.55194290016695
pil01	2	cdf	5	102	22.5	586.0	120.0	1.6099795035876516	117.43756068614586	465.9036365753525
pil01	2	cdf	5	103	105.0	10.0	28.0	4.1101698225553465	-74.6502739367225	364.6419937561414
pil01	2	cdf	5	104	142.5	22.0	8.0	0.9074094528597912	-168.1006395900004	122.45396068527253
pil01	2	cdf	5	106	37.5	128.0	22.0	0.10709504305584082	105.10159200736732	79.97821732200994
pil01	2	cdf	5	106	37.5	700.0	22.0	0.4381748711441328	116.95105122773785	103.34535961162213
pil01	2	cdf	5	107	90.0	332.0	4.0	0.41286640403549907	156.0787289708483	88.82611111654059
pil01	2	cdf	5	107	90.0	798.0	4.0	0.31532957164037284	-2.3864529490539543	69.25096786194491
pil01	2	cdf	5	108	30.0	606.0	4.0	0.3400210433658155	8.326017647617032	72.93667860775321
pil01	2	cdf	5	110	127.5	16.0	108.0	3.6836399365803576	-64.4029999145386	661.5304520496737
pil01	2	cdf	5	112	15.0	664.0	6.0	0.41239771955571974	20.74403989162364	67.22873666602068
pil01	2	cdf	5	115	97.5	132.0	6.0	0.41289253783234914	176.12520800706474	70.41029025302004
pil01	2	cdf	6	116	135.0	282.0	28.0	3.460068755260727	-5.961901177094905	333.02248937347116
pil01	2	cdf	6	116	135.0	528.0	18.0	0.3893651766171593	144.4439202206593	98.09234438230722
pil01	2	cdf	6	117	142.5	610.0	46.0	1.0969982938585774	128.38178666178987	132.4128012544664
pil01	2	cdf	6	118	97.5	568.0	4.0	0.5614907571524633	91.84256825114149	112.1954099088263
pil01	2	cdf	6	118	97.5	610.0	34.0	0.5007961702054201	-166.74705281572085	121.19998424026925
pil01	2	cdf	6	118	97.5	812.0	8.0	0.6595866173780496	6.859714884001643	85.79372329755572
pil01	2	cdf	6	121	157.5	6.0	6.0	1.2656003167388556	-78.02443722192798	182.22229960030597
pil01	2	cdf	6	121	157.5	42.0	4.0	0.5341553917397964	-86.65312622405332	96.29975552714231
pil01	2	cdf	6	121	157.5	84.0	4.0	0.5400722909972712	-117.11801594880656	114.49052136071246
pil01	2	cdf	6	123	67.5	614.0	4.0	0.47865672710784496	-176.0678908344464	97.2394436773453
pil01	2	cdf	6	123	67.5	900.0	6.0	0.5619486018393157	18.916830021035768	86.86583834692198
pil01	2	cdf	6	125	172.5	112.0	40.0	0.6144769309285414	-83.0971550936899	269.87837177862605
pil01	2	cdf	6	125	172.5	234.0	28.0	0.9933425516987832	97.11817632472444	205.44069677698155
pil01	2	cdf	6	126	7.5	8.0	6.0	1.3393131664161608	-83.8091195771915	192.0527485852602
pil01	2	cdf	6	126	7.5	440.0	8.0	0.6322704837518522	160.4393076550568	85.54010721492475
pil01	2	cdf	6	126	7.5	906.0	16.0	0.4608973650071365	136.58935277326322	69.56393024214904
pil01	2	cdf	6	129	150.0	878.0	16.0	0.48941139224353575	92.11408432329583	89.29382439387888
pil01	2	cdf	6	132	37.5	74.0	8.0	0.781605984295977	151.1208181309084	101.69385217595082
pil01	2	cdf	6	133	45.0	64.0	6.0	0.6563633608777164	176.12874270426275	98.61590570726472
pil01	2	cdf	6	133	45.0	386.0	20.0	0.24043117325949062	-38.90430091986719	88.48610850291446
pil01	2	cdf	6	133	45.0	950.0	6.0	0.521564336544598	59.56706090698104	88.40062451205313
pil01	2	cdf	6	135	15.0	390.0	6.0	0.663549025220519	-165.8260434545857	107.13225971871402
pil01	2	cdf	6	135	15.0	742.0	20.0	0.38315092479557084	83.60584019090015	97.92049557579473
pil01	2	cdf	6	136	60.0	12.0	16.0	0.34807021296445356	112.45405505336583	131.1284305531359
pil01	2	cdf	7	139	120.0	278.0	16.0	3.1366175516601524	6.881133645422776	262.0121058614847
pil01	2	cdf	7	140	90.0	14.0	70.0	0.6478502632669616	25.26267565568166	277.1698823273874
pil01	2	cdf	7	140	90.0	122.0	66.0	1.8490270286455501	-87.81256853946316	349.2789004130661
pil01	2	cdf	7	140	90.0	712.0	6.0	0.6264456951986906	167.749051131345	96.41894475718698
pil01	2	cdf	7	142	60.0	44.0	22.0	0.5472847780118137	159.8281688252532	105.20897940780212
pil01	2	cdf	7	142	60.0	210.0	6.0	0.6349642043489943	3.8530013485177457	93.86488593319379
pil01	2	cdf	7	144	172.5	544.0	6.0	0.3978022499433575	-159.4706388781118	67.52567706772338
pil01	2	cdf	7	145	82.5	668.0	4.0	0.22335442305745062	-2.1055639963927053	63.87663656310812
pil01	2	cdf	7	147	112.5	6.0	52.0	2.8961640659559773	-79.15537479606127	222.72750587671138
pil01	2	cdf	7	147	112.5	860.0	14.0	1.205089908019339	93.43517118420614	116.43855549379637
pil01	2	cdf	7	150	52.5	394.0	8.0	0.8464644135224768	151.89889546918027	110.02219658738541
pil01	2	cdf	7	151	142.5	340.0	18.0	0.2145521424067582	39.41281959088863	87.70831902820436
pil01	2	cdf	7	151	142.5	730.0	4.0	0.368414944128556	62.97400183031653	79.87653084701005
pil01	2	cdf	7	152	15.0	440.0	18.0	0.887806623606526	118.3623860632357	96.61130260862556
pil01	2	cdf	7	152	15.0	740.0	8.0	0.810061002649782	166.52735957811444	106.64697849007727
pil01	2	cdf	7	153	127.5	964.0	18.0	0.5686993722521781	45.70165777178064	97.97549641189363
pil01	2	cdf	7	154	135.0	692.0	32.0	0.4852365807850009	93.878530156156	93.39783305486758
pil01	2	cdf	7	160	30.0	784.0	4.0	0.2955933169170564	88.09083908702122	68.00777391129847
pil01	2	cdf	8	162	52.5	68.0	46.0	0.1305191595721504	-63.18887074721492	171.59569166277328
pil01	2	cdf	8	162	52.5	276.0	30.0	2.907742542989505	28.493093942854188	303.64742108808827
pil01	2	cdf	8	162	52.5	538.0	18.0	0.5057280277261426	-10.471184033558108	125.09141129303487
pil01	2	cdf	8	164	127.5	206.0	6.0	0.7618987334843904	-66.51452128080018	142.89151980977906
pil01	2	cdf	8	165	37.5	684.0	8.0	0.6906634182146626	154.24217793131422	91.45043193234558
pil01	2	cdf	8	165	37.5	956.0	20.0	0.11268756104629508	12.619119534488341	92.482667982811
pil01	2	cdf	8	166	112.5	568.0	22.0	0.0629011417321019	7.495473442682224	102.18995999328554
pil01	2	cdf	8	169	82.5	130.0	12.0	1.0136226080203905	63.14693513743647	102.45567051175438
pil01	2	cdf	8	169	82.5	278.0	22.0	1.1771764148206696	-132.00186087660722	167.40035095716027
pil01	2	cdf	8	169	82.5	626.0	6.0	0.5472407048344453	5.334536304334671	86.66153636758895
pil01	2	cdf	8	171	30.0	168.0	4.0	0.6555180333945114	86.55501518184774	128.82552812082318
pil01	2	cdf	8	171	30.0	246.0	14.0	0.08205906491729238	-63.8945656800523	178.34699913614563
pil01	2	cdf	8	173	67.5	78.0	18.0	0.21336012317543726	180.0	73.03860167707155
pil01	2	cdf	8	175	75.0	690.0	18.0	0.10358353815629677	139.4919737068499	110.56192167748732
pil01	2	cdf	8	176	150.0	110.0	14.0	0.23816233266578984	18.060717579405022	93.1670528042099
pil01	2	cdf	8	176	150.0	716.0	4.0	0.39943960543599505	24.772423464601502	82.51001208882835
pil01	2	cdf	8	177	142.5	614.0	30.0	0.17694413260461778	-40.485563764398094	83.15418608724374
pil01	2	cdf	8	179	60.0	364.0	20.0	0.5160590593716038	115.42400657057777	76.76344634063244
pil01	2	cdf	8	181	165.0	968.0	4.0	0.3446288921604603	89.72717447280614	75.76894491341208
pil01	2	cdf	8	182	22.5	342.0	20.0	0.5669251042129965	177.1790561149692	101.35552123972346
pil01	2	cdf	8	182	22.5	788.0	6.0	0.4531558844894021	97.073526935446	77.42459917129253
pil01	2	cdf	8	183	45.0	636.0	6.0	0.3867400426461	132.76304615751874	62.1221603816411
pil02	1	cdf	1	23	112.5	614.0	6.0	1.1678494703429152	154.26203178350653	170.84094784301246
pil02	1	cdf	2	38	142.5	572.0	34.0	1.402788902372058	44.298667852752025	221.8406067882897
pil02	1	cdf	2	38	142.5	812.0	26.0	1.0433509408766932	-171.04213747621424	179.3197697218918
pil02	1	cdf	5	108	45.0	586.0	12.0	2.152229786658933	99.3481289451585	208.33809741726733
pil02	1	cdf	5	108	45.0	856.0	10.0	1.5359680306619763	-105.30291352950924	171.90962073963135
pil02	1	cdf	6	123	22.5	560.0	8.0	1.4156812891482171	160.08419143978196	183.47142112981157
pil02	1	cdf	8	167	97.5	348.0	14.0	3.694700656534403	178.49819424921972	327.95708909269626
pil02	1	cdf	8	171	52.5	82.0	4.0	0.542243561308648	-170.4280454776597	118.5123661780945
pil02	1	cdf	8	171	52.5	398.0	24.0	1.8297075136879153	-126.35001800333151	146.35360851611497
pil02	1	cdf	8	171	52.5	728.0	4.0	0.4286258395351963	58.624656284861096	103.71593249979367
pil02	1	cdf	8	178	120.0	4.0	10.0	1.875218532974858	9.26757286696715	252.33992575537167
pil02	1	cdf	8	178	120.0	378.0	24.0	2.097089248344764	-171.4484661972137	283.4617690295349
pil02	2	inverse_cdf	1	1	37.5	336.0	24.0	1.360742498681172	164.25540019688088	238.2565742110554
pil02	2	inverse_cdf	1	2	7.5	56.0	10.0	0.8540248030742509	164.73835020080614	107.83005913331812
pil02	2	inverse_cdf	1	2	7.5	814.0	12.0	0.7287250660754978	-128.59968883571142	112.0896751709549
pil02	2	inverse_cdf	1	5	120.0	292.0	6.0	0.6665993219506223	-104.2524154162866	107.78615905923051
pil02	2	inverse_cdf	1	6	82.5	678.0	24.0	2.2069453400335575	-174.83723970437373	408.70866316572403
pil02	2	inverse_cdf	1	7	97.5	340.0	14.0	3.0798472968151627	171.85066852382454	282.1022974161185
pil02	2	inverse_cdf	1	7	97.5	572.0	14.0	2.362808144586386	0.9552303319856053	180.90204434333512
pil02	2	inverse_cdf	1	7	97.5	964.0	14.0	3.307322206612657	179.0047788050588	301.5204140822319
pil02	2	inverse_cdf	1	8	150.0	138.0	28.0	2.9822929492136856	178.9909156900739	300.7297422699703
pil02	2	inverse_cdf	1	10	67.5	552.0	32.0	0.769016599085612	49.06971894096269	120.08353879933816
pil02	2	inverse_cdf	1	10	67.5	912.0	18.0	0.9588886616254828	-129.16164488193428	154.78851499308334
pil02	2	inverse_cdf	1	11	52.5	532.0	22.0	0.2053202961811672	140.83955294869227	106.66722629297958
pil02	2	inverse_cdf	1	11	52.5	722.0	6.0	0.5528721343061237	175.9143940458125	91.1272416604347
pil02	2	inverse_cdf	1	14	105.0	14.0	8.0	0.671579091880375	-9.140402047098549	87.73545984016172
pil02	2	inverse_cdf	1	14	105.0	262.0	4.0	0.4684609946355089	-145.41866100336884	97.83113391261766
pil02	2	inverse_cdf	1	16	90.0	44.0	16.0	1.8971777162436099	-125.17136092658116	164.60579715064796
pil02	2	inverse_cdf	1	16	90.0	742.0	4.0	0.42961370415537614	61.48057821839639	90.75239452893359
pil02	2	inverse_cdf	1	19	45.0	598.0	20.0	0.2544198292805555	0.7392384352881602	123.24778973864227
pil02	2	inverse_cdf	1	22	165.0	290.0	18.0	2.426571487401674	3.373498368823407	146.69970512385768
pil02	2	inverse_cdf	1	22	165.0	710.0	28.0	3.0638161754570956	-174.55912158160146	353.5313486182864
pil02	2	inverse_cdf	1	23	127.5	282.0	6.0	0.6856013221406763	-64.17048269223602	93.85750228700073
pil02	2	inverse_cdf	2	29	52.5	786.0	4.0	0.4575700049496223	159.41988989866758	92.62547636002745
pil02	2	inverse_cdf	2	30	75.0	816.0	6.0	0.4799471111603281	176.86390141913992	80.12889712614466
pil02	2	inverse_cdf	2	31	127.5	304.0	32.0	3.39751044030877	176.67693676123025	402.37132998535475
pil02	2	inverse_cdf	2	32	97.5	534.0	4.0	0.3931242402309637	83.5303010035436	88.97280407012516
pil02	2	inverse_cdf	2	32	97.5	834.0	6.0	0.5409431533018775	3.827364935285704	94.1098811978447
pil02	2	inverse_cdf	2	33	45.0	126.0	12.0	2.1060332282051415	-1.1605364854820197	194.1848950575725
pil02	2	inverse_cdf	2	33	45.0	402.0	24.0	2.5375789008669787	-170.1338967466649	355.49625906629774
pil02	2	inverse_cdf	2	37	165.0	242.0	12.0	1.4044009575397605	-77.65095533706668	129.53266551477705
pil02	2	inverse_cdf	2	37	165.0	794.0	4.0	0.5026189675361578	51.890821690267884	106.414378651237
pil02	2	inverse_cdf	2	38	135.0	36.0	6.0	0.499921418650468	32.130278613968194	87.84905719372716
pil02	2	inverse_cdf	2	38	135.0	262.0	4.0	0.42697310841809005	-163.9332870386032	93.76478000285634
pil02	2	inverse_cdf	2	38	135.0	646.0	10.0	0.9047875901234232	50.60013614578864	95.92308840237045
pil02	2	inverse_cdf	2	39	15.0	4.0	4.0	0.29968986467735576	-142.56294295442444	71.33864344494486
pil02	2	inverse_cdf	2	39	15.0	548.0	24.0	0.4993503532538297	109.38736328677892	100.77593349727069
pil02	2	inverse_cdf	2	40	172.5	572.0	14.0	2.1074463238149157	46.509491116548645	171.62867129800566
pil02	2	inverse_cdf	2	43	105.0	442.0	28.0	0.49895217601958625	90.94237380535185	158.22718977343052
pil02	2	inverse_cdf	2	46	157.5	624.0	6.0	0.9627148353501077	18.69383377951255	143.19217512653836
pil02	2	inverse_cdf	2	46	157.5	654.0	28.0	1.1392517306407395	-170.12852041250719	165.00938264366366
pil02	2	inverse_cdf	2	46	157.5	914.0	4.0	0.8128332903771203	-2.0829236147037995	168.73079824554878
pil02	2	inverse_cdf	3	47	22.5	268.0	16.0	3.268266776573232	3.8873482115961067	243.7967574639224
pil02	2	inverse_cdf	3	48	142.5	216.0	24.0	2.091162086341366	-126.6052138476683	252.83057672774385
pil02	2	inverse_cdf	3	48	142.5	516.0	10.0	1.178577159221756	75.40166865339948	136.52334989152422
pil02	2	inverse_cdf	3	48	142.5	710.0	6.0	0.742257398799825	151.91418219096175	115.03842472175076
pil02	2	inverse_cdf	3	49	105.0	490.0	10.0	1.343624587057716	11.413374645846522	150.88216003330922
pil02	2	inverse_cdf	3	49	105.0	806.0	10.0	1.8120271571200663	-173.3422961739737	211.20887084208255
pil02	2	inverse_cdf	3	50	52.5	366.0	14.0	3.7998751462836324	-177.77223306449875	348.0639667681483
pil02	2	inverse_cdf	3	50	52.5	676.0	12.0	1.769407679452578	12.753850267927296	158.62058089804762
pil02	2	inverse_cdf	3	50	52.5	894.0	14.0	2.717945485997043	-175.9142761663613	217.1093759464751
pil02	2	inverse_cdf	3	54	150.0	72.0	4.0	0.3961893355303318	-3.5626651481441467	79.67153541951558
pil02	2	inverse_cdf	3	55	112.5	358.0	26.0	0.8146707916069387	116.82056524364765	194.42434279083452
pil02	2	inverse_cdf	3	55	112.5	960.0	4.0	0.47954770987238904	5.300895242263808	98.49327077987024
pil02	2	inverse_cdf	3	57	7.5	70.0	4.0	0.5925946899748279	-171.39850593306085	126.20977515730728
pil02	2	inverse_cdf	3	57	7.5	550.0	26.0	0.41987992033745364	62.537757853342264	89.01969903544999
pil02	2	inverse_cdf	3	58	15.0	4.0	10.0	1.0788885132463322	22.823083788709624	126.0599856491812
pil02	2	inverse_cdf	3	58	15.0	824.0	20.0	0.8714033237063377	-115.06882895737328	185.22255134561448
pil02	2	inverse_cdf	3	59	90.0	112.0	6.0	0.6014112073586299	24.678563326573855	102.08374567663316
pil02	2	inverse_cdf	3	64	165.0	20.0	18.0	0.6218917498680189	-174.24618262302673	163.8249688823759
pil02	2	inverse_cdf	3	65	127.5	200.0	10.0	1.2514207153476224	-63.77254369346479	148.03501528695733
pil02	2	inverse_cdf	3	65	127.5	522.0	10.0	1.0505056267379191	49.94915045457854	109.8425746551228
pil02	2	inverse_cdf	3	65	127.5	820.0	14.0	2.729628758725918	-5.624136541106277	267.7272716916357
pil02	2	inverse_cdf	3	66	75.0	146.0	8.0	1.4227589404153425	-173.84132810627807	187.02196254926625
pil02	2	inverse_cdf	3	67	30.0	268.0	6.0	0.6186410578475572	-103.18425437835722	104.66829878951445
pil02	2	inverse_cdf	3	67	30.0	728.0	6.0	0.9065097088908857	154.82010537850843	139.65540701793327
pil02	2	inverse_cdf	3	69	67.5	586.0	20.0	0.2100410008754582	0.44768807404522826	126.42519428895405
pil02	2	inverse_cdf	3	69	67.5	852.0	4.0	0.5984414603830316	170.84704032428795	130.25823187657673
pil02	2	inverse_cdf	4	72	112.5	838.0	6.0	0.6869012402427062	3.0130252818202243	112.00512895760572
pil02	2	inverse_cdf	4	74	172.5	160.0	26.0	2.591648715762707	-178.51233488930086	358.10249179120103
pil02	2	inverse_cdf	4	74	172.5	416.0	4.0	0.37661349292418334	176.25228293566343	84.813490723597
pil02	2	inverse_cdf	4	74	172.5	646.0	8.0	0.8978638243685225	-5.138707096753873	119.37120746869076
pil02	2	inverse_cdf	4	75	135.0	784.0	14.0	0.7156898447445458	-108.7264320779886	124.48771032694005
pil02	2	inverse_cdf	4	77	22.5	234.0	26.0	3.2076678205773597	-178.3874824642139	307.37155043564536
pil02	2	inverse_cdf	4	78	90.0	18.0	4.0	0.461319304984685	91.42689123174462	102.73111303005649
pil02	2	inverse_cdf	4	78	90.0	92.0	16.0	0.20404821084665598	-116.76827481656267	109.31940677392322
pil02	2	inverse_cdf	4	78	90.0	432.0	14.0	1.449155426730013	51.07514185271315	127.9346685205955
pil02	2	inverse_cdf	4	79	105.0	38.0	12.0	1.8072332759878704	-7.461835919301096	155.95306246611455
pil02	2	inverse_cdf	4	79	105.0	422.0	28.0	2.6305445072572833	-179.10627558232693	325.26495376711506
pil02	2	inverse_cdf	4	81	15.0	256.0	16.0	3.4261408355997753	6.491136829757744	285.1675783293502
pil02	2	inverse_cdf	4	81	15.0	642.0	28.0	3.7926369432593927	-176.452521247531	367.32444039382233
pil02	2	inverse_cdf	4	81	15.0	944.0	8.0	0.9580436097008344	-4.814186892156369	124.80777581828805
pil02	2	inverse_cdf	4	82	157.5	550.0	12.0	1.042802961412375	138.38036943139394	108.29914345918381
pil02	2	inverse_cdf	4	82	157.5	610.0	4.0	0.40117119500774095	71.63955570081723	79.38879189851887
pil02	2	inverse_cdf	4	83	30.0	770.0	18.0	0.4261151805788661	17.94660734713865	154.892242307196
pil02	2	inverse_cdf	4	85	142.5	190.0	28.0	3.3951138528008338	177.86701366584623	318.5778449664419
pil02	2	inverse_cdf	4	86	37.5	512.0	24.0	0.945487928986997	8.384565201509139	120.64376148768213
pil02	2	inverse_cdf	4	86	37.5	850.0	20.0	0.45625545626575525	-179.58777916216957	111.15941469724258
pil02	2	inverse_cdf	4	88	82.5	30.0	30.0	1.2712564782575382	34.97341593548662	144.15011737938795
pil02	2	inverse_cdf	4	88	82.5	390.0	6.0	1.0545041926054457	12.215953528964436	170.57209116227926
pil02	2	inverse_cdf	4	88	82.5	774.0	28.0	3.280685675494624	-139.1334683813298	355.50625706600397
pil02	2	inverse_cdf	4	89	7.5	640.0	4.0	0.3804060599012733	78.30855948460457	78.23565033988963
pil02	2	inverse_cdf	4	89	7.5	810.0	20.0	0.36682409968720625	171.25093211776968	164.79281365029462
pil02	2	inverse_cdf	4	90	67.5	516.0	18.0	0.432965206944317	147.70291589324614	117.36342450582998
pil02	2	inverse_cdf	4	91	165.0	574.0	26.0	0.11552642390115181	11.472325560117293	103.43761198565731
pil02	2	inverse_cdf	4	91	165.0	800.0	20.0	0.4093039864481185	-176.55185316997242	159.76515609151787
pil02	2	inverse_cdf	4	92	127.5	504.0	10.0	0.947989817753448	5.563728412526218	109.41457375887309
pil02	2	inverse_cdf	4	92	127.5	790.0	4.0	0.39456497595898904	-173.79117071746418	82.03466465647878
pil02	2	inverse_cdf	5	94	172.5	148.0	6.0	0.5239810695876966	6.8360290474330805	83.23241126988896
pil02	2	inverse_cdf	5	94	172.5	504.0	10.0	1.073367362600127	180.0	124.75631948064957
pil02	2	inverse_cdf	5	94	172.5	718.0	12.0	1.465009981935647	-177.8170184448675	127.31269871448876
pil02	2	inverse_cdf	5	95	127.5	366.0	10.0	0.5288737946217237	52.31208583848156	58.584651380619725
pil02	2	inverse_cdf	5	95	127.5	622.0	18.0	0.16589893066866676	154.19533982059005	104.10424650250387
pil02	2	inverse_cdf	5	96	45.0	246.0	4.0	0.3391580818593585	-140.3038229849426	78.80590910481678
pil02	2	inverse_cdf	5	96	45.0	820.0	4.0	0.31148939766746436	-151.00524822822663	66.14848720389855
pil02	2	inverse_cdf	5	97	150.0	438.0	16.0	0.6269510585891167	52.981627090165155	82.3711846833019
pil02	2	inverse_cdf	5	98	142.5	16.0	14.0	1.809032411245491	-5.255956469449766	154.66431621397803
pil02	2	inverse_cdf	5	98	142.5	444.0	18.0	3.528271063392699	-173.99413964585963	269.37245760230803
pil02	2	inverse_cdf	5	98	142.5	692.0	6.0	0.6369621137967965	165.0737364608167	103.56799522911591
pil02	2	inverse_cdf	5	101	165.0	238.0	24.0	0.5499630079337283	28.713781959281807	104.96687061720232
pil02	2	inverse_cdf	5	101	165.0	984.0	10.0	2.0655110056039163	-176.90261199138308	248.74238108788606
pil02	2	inverse_cdf	5	102	52.5	444.0	6.0	0.7538786596992378	-170.35580374263182	126.3477719420506
pil02	2	inverse_cdf	5	102	52.5	696.0	6.0	0.5995586564038509	-5.3377783285291205	100.57545049941152
pil02	2	inverse_cdf	5	103	90.0	316.0	4.0	0.3943371777742161	67.50136195070586	78.01697335094204
pil02	2	inverse_cdf	5	103	90.0	706.0	8.0	0.6773677234561711	-161.64157456336363	90.93603365060034
pil02	2	inverse_cdf	5	104	97.5	252.0	6.0	0.46833467485588176	-159.9184728810372	76.99418786903163
pil02	2	inverse_cdf	5	104	97.5	532.0	6.0	0.7775487196724484	15.29287674577101	118.3013847976112
pil02	2	inverse_cdf	5	106	7.5	104.0	26.0	2.197269480001297	-140.14396558067637	234.6473959933458
pil02	2	inverse_cdf	5	107	105.0	716.0	6.0	0.5314257166636394	-143.41534319297472	89.82446801951393
pil02	2	inverse_cdf	5	108	157.5	10.0	26.0	2.230466821069128	5.955022813396454	201.3482871161662
pil02	2	inverse_cdf	5	108	157.5	322.0	24.0	2.1191394783052053	-170.95567717137166	252.12910102525757
pil02	2	inverse_cdf	5	109	135.0	258.0	30.0	2.490720133454887	-4.610640022890383	239.8113944220823
pil02	2	inverse_cdf	5	109	135.0	696.0	32.0	2.7097612237786266	-177.81337155806077	326.6850301697611
pil02	2	inverse_cdf	5	109	135.0	938.0	28.0	3.133735262628985	6.404566099087561	282.10226823085804
pil02	2	inverse_cdf	5	110	60.0	352.0	28.0	2.7908148842350404	-178.4168203284679	294.53026273065586
pil02	2	inverse_cdf	5	110	60.0	774.0	12.0	2.323482074532567	6.936392784705137	219.18370302472803
pil02	2	inverse_cdf	5	111	37.5	312.0	24.0	1.7477633202642608	-170.05107931826083	264.666725386983
pil02	2	inverse_cdf	5	111	37.5	630.0	8.0	0.7914934799863763	12.94114806179518	102.68939594890743
pil02	2	inverse_cdf	5	111	37.5	938.0	10.0	1.78365505200499	-3.53447752767907	214.3244532680388
pil02	2	inverse_cdf	5	112	82.5	4.0	18.0	1.0017962584699984	-121.94971249725869	185.97204888972075
pil02	2	inverse_cdf	5	113	112.5	510.0	10.0	1.0545066391498488	17.761225754687427	121.03286630534106
pil02	2	inverse_cdf	6	120	90.0	228.0	24.0	2.804649452764379	-178.29031337576248	355.0647882649985
pil02	2	inverse_cdf	6	120	90.0	642.0	30.0	2.3827509641770597	-1.8548006390961984	225.49421542040855
pil02	2	inverse_cdf	6	120	90.0	972.0	14.0	3.6203519668326463	-178.4157422690364	341.1854926882683
pil02	2	inverse_cdf	6	121	7.5	622.0	4.0	0.4816533076073676	44.02780251650394	89.4046059541643
pil02	2	inverse_cdf	6	124	52.5	12.0	4.0	0.3423071655298347	-160.39026253029317	70.71508969761213
pil02	2	inverse_cdf	6	124	52.5	186.0	14.0	0.5702005832429731	170.05520638875643	142.60116105163743
pil02	2	inverse_cdf	6	124	52.5	584.0	34.0	2.7615692927721898	171.62785165605405	276.8920771285106
pil02	2	inverse_cdf	6	125	60.0	372.0	6.0	0.479272568269987	36.08083077554282	84.51911429562087
pil02	2	inverse_cdf	6	125	60.0	628.0	8.0	0.7143108505681174	70.39909852911858	93.28340662107202
pil02	2	inverse_cdf	6	127	105.0	114.0	18.0	0.2792364581312802	18.860177496746495	99.04109004817094
pil02	2	inverse_cdf	6	128	120.0	196.0	18.0	0.7233131896650116	-166.751410732294	146.48793671602596
pil02	2	inverse_cdf	6	128	120.0	530.0	4.0	0.3715367965245529	6.340365463118181	84.78394145487644
pil02	2	inverse_cdf	6	129	45.0	576.0	4.0	0.37187593326556295	12.747676909254826	79.61193532089786
pil02	2	inverse_cdf	6	129	45.0	932.0	18.0	0.43174122513619895	151.87881349376227	83.68050150005176
pil02	2	inverse_cdf	6	130	142.5	278.0	16.0	0.5786996978972361	148.9241894174526	123.29317942152782
pil02	2	inverse_cdf	6	130	142.5	870.0	20.0	0.7462708938410831	-134.20069747626087	164.42602355242406
pil02	2	inverse_cdf	6	131	30.0	680.0	22.0	0.7517462358760743	158.75128058787416	128.67855903226032
pil02	2	inverse_cdf	6	132	135.0	488.0	12.0	1.5179130164341201	-109.84733593618805	173.68998762114643
pil02	2	inverse_cdf	6	133	37.5	26.0	10.0	1.65699330063698	-2.95237162274004	198.42547714377383
pil02	2	inverse_cdf	6	133	37.5	414.0	22.0	2.594564742475608	-172.69523111549964	355.0208778186279
pil02	2	inverse_cdf	6	134	127.5	26.0	16.0	2.6069635816639165	6.288994829847907	201.36369753555456
pil02	2	inverse_cdf	6	134	127.5	228.0	10.0	0.8450977897212032	-21.89338580593923	98.82266594878038
pil02	2	inverse_cdf	6	134	127.5	506.0	28.0	2.9909664491965695	-178.86806414292397	387.04697888656665
pil02	2	inverse_cdf	6	134	127.5	812.0	20.0	0.5329059477321391	170.24753784043594	151.85617026712092
pil02	2	inverse_cdf	6	136	150.0	530.0	6.0	0.5859300017784452	0.4814442879968609	103.35475136706421
pil02	2	inverse_cdf	6	137	67.5	120.0	28.0	2.945870970712751	172.18837381685745	350.98852888758125
pil02	2	inverse_cdf	6	138	112.5	192.0	20.0	2.092586812029994	-133.7549902303777	256.9556286439032
pil02	2	inverse_cdf	6	138	112.5	492.0	4.0	0.4934523687724854	-132.98766826891713	101.04106638998353
pil02	2	inverse_cdf	6	138	112.5	700.0	14.0	0.3104524796346865	59.50078905921916	128.76483982912504
pil02	2	inverse_cdf	7	140	90.0	466.0	6.0	0.43987289041275085	-166.8449065663956	81.63982972315641
pil02	2	inverse_cdf	7	141	97.5	542.0	4.0	0.3037403129335455	-165.28796170113083	79.15081160382779
pil02	2	inverse_cdf	7	143	30.0	250.0	18.0	0.3112621143153581	-152.35763899992193	123.97450166392957
pil02	2	inverse_cdf	7	143	30.0	508.0	4.0	0.4705562456176853	27.635608962106	100.19843439855094
pil02	2	inverse_cdf	7	143	30.0	896.0	6.0	0.7315103580985804	173.68818188149686	115.2352191310076
pil02	2	inverse_cdf	7	144	105.0	44.0	20.0	1.8115176679653446	-139.6321248339388	211.85873431721933
pil02	2	inverse_cdf	7	144	105.0	382.0	28.0	0.9399226976354474	48.9643987764731	118.29140271161191
pil02	2	inverse_cdf	7	144	105.0	660.0	18.0	0.3549999481539399	161.40032916560685	96.69555120320004
pil02	2	inverse_cdf	7	145	37.5	10.0	4.0	0.40841362674644116	12.533389586018018	86.78499599086798
pil02	2	inverse_cdf	7	145	37.5	306.0	22.0	1.8240656355766087	-155.94614516802065	268.0900913266525
pil02	2	inverse_cdf	7	145	37.5	526.0	22.0	1.0484129107591642	34.41158654428013	163.5071918245307
pil02	2	inverse_cdf	7	145	37.5	846.0	20.0	0.7884652429004011	-158.50844721152905	198.07551431012374
pil02	2	inverse_cdf	7	146	150.0	238.0	24.0	2.966434566291201	-136.5560462994262	304.3486681125842
pil02	2	inverse_cdf	7	148	45.0	368.0	14.0	2.560268471984016	-83.89133074036906	240.74734546706517
pil02	2	inverse_cdf	7	148	45.0	688.0	20.0	0.7451499753496784	89.36899031673659	140.32074303018544
pil02	2	inverse_cdf	7	149	60.0	420.0	12.0	1.641053690289957	45.64780365924756	160.12754545578056
pil02	2	inverse_cdf	7	149	60.0	674.0	24.0	1.3119539789365708	-151.12631232854332	267.5695496924602
pil02	2	inverse_cdf	7	151	172.5	104.0	10.0	1.6263110208036287	-7.305350801586036	179.61932473384573
pil02	2	inverse_cdf	7	151	172.5	466.0	24.0	2.499696819724427	-165.3585293725468	350.7981484924958
pil02	2	inverse_cdf	7	151	172.5	736.0	16.0	1.2093991913801854	10.08224472860218	98.76836031719489
pil02	2	inverse_cdf	7	151	172.5	922.0	8.0	0.9431952888179143	-13.997234179978927	122.08681198602748
pil02	2	inverse_cdf	7	154	67.5	242.0	26.0	2.571667843888364	-141.14682666003065	246.82888430452698
pil02	2	inverse_cdf	7	154	67.5	520.0	4.0	0.30834578056910233	11.669372740018025	70.25798938165975
pil02	2	inverse_cdf	7	156	120.0	220.0	22.0	2.925612745407279	-146.38058005543098	314.55806232881986
pil02	2	inverse_cdf	7	156	120.0	884.0	8.0	0.8635817936839587	10.733485916727602	115.85396318806912
pil02	2	inverse_cdf	7	157	22.5	276.0	18.0	0.5314451896209736	175.92806381103514	117.58370740681777
pil02	2	inverse_cdf	7	157	22.5	532.0	4.0	0.25944157786827077	23.484490199306002	70.48701583457915
pil02	2	inverse_cdf	7	157	22.5	888.0	10.0	0.9366046511508639	175.5783973692522	109.39835361535197
pil02	2	inverse_cdf	7	158	142.5	140.0	16.0	0.8911421163175212	-99.22047019640527	92.95286656085007
pil02	2	inverse_cdf	7	158	142.5	442.0	8.0	0.5449578068886812	71.56463566160534	82.25232719016718
pil02	2	inverse_cdf	7	158	142.5	618.0	22.0	0.7799504872296045	134.14834122191147	104.88471747768062
pil02	2	inverse_cdf	7	160	112.5	382.0	6.0	0.7492478896191488	155.6809182871917	116.5606599330434
pil02	2	inverse_cdf	7	160	112.5	652.0	4.0	0.4147992962843442	28.089817007798967	92.2413731387657
pil02	2	inverse_cdf	7	161	52.5	514.0	40.0	0.5540638308310042	55.139264040679244	158.37811893535837
pil02	2	inverse_cdf	7	161	52.5	756.0	22.0	0.7932107273339195	-156.72105998545672	131.89896811455836
pil02	2	inverse_cdf	8	162	165.0	316.0	14.0	2.518003048549802	11.084005679557182	227.9284209041916
pil02	2	inverse_cdf	8	164	112.5	926.0	4.0	0.4143908256612101	-57.95058033587062	89.49702378935267
pil02	2	inverse_cdf	8	169	30.0	82.0	4.0	0.4250956397875679	-142.68867885142046	89.25483737470768
pil02	2	inverse_cdf	8	172	60.0	244.0	28.0	2.927916052564426	-178.16905870335418	414.95664021452905
pil02	2	inverse_cdf	8	172	60.0	538.0	6.0	0.6472426538636629	17.562956482779448	94.46777685415431
pil02	2	inverse_cdf	8	172	60.0	568.0	4.0	0.7140029858796738	-106.56041407957828	131.62680924947895
pil02	2	inverse_cdf	8	173	172.5	224.0	26.0	2.8037866433979595	-177.85306738483717	321.90601071085894
pil02	2	inverse_cdf	8	173	172.5	708.0	12.0	2.4181806797710266	4.281535947171079	250.44236570504702
pil02	2	inverse_cdf	8	173	172.5	904.0	6.0	0.7438016565907827	9.397857009142388	119.53538348139695
pil02	2	inverse_cdf	8	174	150.0	154.0	22.0	0.6104621990701177	39.983131706750044	149.32327683049135
pil02	2	inverse_cdf	8	174	150.0	538.0	26.0	0.2423014152932909	-144.37055601785113	151.15248739767964
pil02	2	inverse_cdf	8	174	150.0	912.0	18.0	0.5523742461820735	-141.39321137853673	115.90244238745106
pil02	2	inverse_cdf	8	175	127.5	512.0	32.0	0.24517443688769952	42.00700623536907	179.6164484463952
pil02	2	inverse_cdf	8	175	127.5	866.0	6.0	0.6721619249149675	-177.06115203687946	115.06745307813756
pil02	2	inverse_cdf	8	176	97.5	326.0	20.0	0.9427412200947717	-133.3074595732504	167.07981046991742
pil02	2	inverse_cdf	8	177	67.5	288.0	28.0	2.6079422640536207	179.78369556675526	325.84362226666144
pil02	2	inverse_cdf	8	177	67.5	614.0	4.0	0.3624121975782577	-175.06418233316117	78.63017320199046
pil02	2	inverse_cdf	8	179	37.5	330.0	26.0	2.9130260483562647	-168.5955346835983	297.4282876520951
pil02	2	inverse_cdf	8	179	37.5	554.0	4.0	0.4024902736978252	-172.26764086879123	86.67610043628262
pil02	2	inverse_cdf	8	179	37.5	746.0	14.0	2.6387254163383966	1.2829017649084926	245.60431346073432
pil02	2	inverse_cdf	8	180	45.0	72.0	8.0	1.2506978250633034	8.45010207443687	167.03742512608963
pil02	2	inverse_cdf	8	180	45.0	326.0	22.0	1.5339324691580785	174.8439284382522	233.96598021358852
pil02	2	inverse_cdf	8	180	45.0	566.0	4.0	0.3761195904854598	9.544296020519614	86.66312189470374
pil02	2	inverse_cdf	8	181	75.0	354.0	4.0	0.36787304001126875	-2.0454493146873425	85.83348858222044
pil02	2	inverse_cdf	8	181	75.0	534.0	28.0	0.35945397004718643	-148.63267772719473	167.48140533993646
pil02	2	inverse_cdf	8	181	75.0	776.0	4.0	0.3765806044879376	-129.5182118480498	88.00613860994378
pil02	2	inverse_cdf	8	182	120.0	320.0	12.0	2.232457280190827	1.3899845922771532	229.07540734860262
pil02	2	inverse_cdf	8	182	120.0	666.0	28.0	2.4222322771752283	179.3788754311125	356.66284859531567
pil02	2	inverse_cdf	8	184	15.0	110.0	12.0	2.030701206612042	5.146435371856505	226.38719183618247
pil02	2	inverse_cdf	8	184	15.0	288.0	8.0	1.220836459580351	-3.9310016921816	162.54442035446428
pil02	2	inverse_cdf	8	184	15.0	526.0	22.0	3.1940556013524772	178.41019780959834	363.3832458710741
