subject	mode_cdf	mode_invcdf	delta_cvr2
03	2.322030544281006	21.81003189086914	0.0152405413488547
03	2.2277677059173584	29.533029556274414	0.03057589652863416
03	5.174783706665039	2.317172050476074	0.020182984231999428
03	5.297516822814941	2.4051930904388428	0.012680353540362734
03	16.14611053466797	2.6610145568847656	0.0010195940055630417
03	12.438840866088867	1.6083637475967407	0.018521892527739208
03	6.304575443267822	29.976089477539062	0.0019423356561949767
03	2.7417542934417725	2.387725353240967	0.012159896167841825
03	34.14973068237305	1.0442701578140259	0.0030002363703467635
03	27.565587997436523	28.441673278808594	0.011403977306503239
03	5.56304407119751	24.623001098632812	0.01775416946320823
03	4.724157333374023	39.478031158447266	0.02872103847789042
03	21.950544357299805	11.039170265197754	0.0004615200062592813
03	24.91280174255371	27.488880157470703	0.007725222882899371
03	5.985043048858643	40.627872467041016	0.03511620696746942
03	18.814176559448242	2.355445146560669	0.0019311097760995252
03	18.732372283935547	2.5260696411132812	0.01307289144306472
03	28.590333938598633	1.8625231981277466	0.003598918291655453
03	15.243317604064941	0.8792545795440674	0.014237220653078773
03	43.863990783691406	40.069305419921875	0.000691961384180817
03	19.82627296447754	10.122114181518555	0.01610198752446608
03	22.244457244873047	41.18087387084961	0.002117102570606001
03	29.374414443969727	12.754155158996582	0.008454516981587265
03	36.13400650024414	12.996819496154785	0.004671580073508347
03	7.615476131439209	4.523914337158203	0.00531836034673633
03	7.104515552520752	6.779446125030518	0.023734860347978996
03	6.787136554718018	2.1513419151306152	0.02695347583203605
03	7.976077556610107	36.076045989990234	0.004610818782539078
03	45.46466064453125	39.84714126586914	0.0035423109251441383
03	16.277271270751953	7.983399391174316	0.003971800998304832
03	27.060909271240234	15.771007537841797	0.007276139814745293
03	17.1079044342041	9.16490364074707	0.0047070332097284735
03	14.748441696166992	16.018028259277344	0.0035497584577762753
03	2.500582456588745	7.047354221343994	0.006608818516586765
03	23.82136344909668	39.80133056640625	0.005013249137184837
03	38.671932220458984	38.777305603027344	0.01479372653094205
03	46.63274002075195	12.652530670166016	0.03735319570158467
03	4.7283244132995605	6.250978946685791	0.009501249501199432
03	40.854820251464844	6.573475360870361	0.007866172515081636
03	6.643533706665039	0.5658599138259888	0.008693285399314129
03	35.51612854003906	40.28458786010742	0.004027999373096409
03	10.358952522277832	3.465101718902588	0.010757515940702322
03	16.20621109008789	8.977452278137207	0.003906835773677536
03	0.07593470811843872	9.581670761108398	0.016883473617560936
03	15.293352127075195	9.779369354248047	0.00492121730789994
03	16.99289894104004	9.719265937805176	0.00227768561153701
03	34.983802795410156	40.17338180541992	0.00553170173908725
03	3.5967857837677	21.08742904663086	0.02822599198782083
03	4.695040702819824	21.724647521972656	0.016303310678763824
03	42.73662567138672	40.74464797973633	0.023506225510077042
03	42.42115783691406	16.960128784179688	0.013051180451205277
03	5.569585800170898	15.200535774230957	0.012259883411002882
03	35.25758743286133	5.002647876739502	0.03410082637812152
03	5.132080554962158	16.234952926635742	0.005843937622778343
03	41.49943542480469	16.383825302124023	0.010388814590194008
03	8.177339553833008	5.201601028442383	0.0043138746510852435
03	8.084043502807617	5.210752010345459	0.004985145095622902
03	17.12997055053711	10.014630317687988	0.00449937085310618
03	13.788272857666016	21.974166870117188	0.0064112773221550595
03	25.763809204101562	23.5166072845459	0.026862293594714367
03	0.2808750867843628	22.86370849609375	0.0038213049146262074
03	25.134244918823242	2.8587186336517334	0.014540197497064415
03	26.548152923583984	14.090086936950684	0.016379259300954407
03	18.996835708618164	0.04950111731886864	0.00909084996039217
03	0.02718297392129898	9.877364158630371	0.013927798266663696
03	0.3572494387626648	9.150995254516602	0.017135396261106838
03	5.750539779663086	22.708377838134766	0.0028456599649154778
03	19.929351806640625	11.445666313171387	0.020481252421935398
03	0.7815603017807007	13.774474143981934	0.028405774610512184
03	21.710493087768555	39.5880241394043	0.010665866687442318
03	16.43904685974121	22.177486419677734	0.03488389267162843
03	18.804569244384766	0.8675951957702637	0.014666610933614498
03	0.2399543970823288	18.875322341918945	0.004218534425352558
03	21.999998092651367	22.137651443481445	0.01085976804747726
03	25.008398056030273	19.548202514648438	0.010340252608963936
03	9.87501049041748	15.60040283203125	0.012057564588207184
03	5.324875831604004	2.348099946975708	0.015950573777610604
03	16.373489379882812	22.934223175048828	0.027749258347532967
03	0.03145049139857292	32.6763801574707	0.0222449635691715
03	5.931392669677734	13.995697975158691	0.0010500949892130775
03	2.3717501163482666	22.939979553222656	0.009301566264846108
03	5.053305149078369	16.196035385131836	0.02294644510204142
03	26.10462760925293	40.88676834106445	0.0004564273086461179
03	0.057038359344005585	25.162887573242188	0.01845780263344447
03	6.114506721496582	25.768768310546875	0.00024426096316539775
03	21.24578285217285	21.05825424194336	0.00601177222349427
03	24.660980224609375	31.390037536621094	0.008559415624900297
03	24.654296875	31.40250587463379	0.0063791164394580956
03	16.476903915405273	16.35129165649414	0.006166582419113678
03	28.0324764251709	29.64521598815918	0.02236542004075917
03	27.76374626159668	30.675533294677734	0.019643084569410843
03	40.73157501220703	15.127678871154785	0.03149384282755129
03	26.613447189331055	16.95909309387207	0.01145829802209681
03	23.9160213470459	17.288970947265625	0.0091741926064997
03	24.78973388671875	16.55743408203125	0.007825975052335045
03	27.605958938598633	24.312898635864258	0.007985761558467691
03	33.98313522338867	39.33145523071289	0.008902981651551796
03	41.2108154296875	15.561075210571289	0.04590097532579393
03	40.767635345458984	15.356274604797363	0.019250399687073448
03	34.785316467285156	14.216010093688965	0.003665701006398056
04	7.6398749351501465	3.684335947036743	0.040086045183918693
04	37.22007751464844	3.887716293334961	0.03046619508302573
04	41.709712982177734	1.8658397197723389	0.010867669726863052
04	14.52801513671875	0.12342873960733414	0.06571223857727918
04	18.24395179748535	52.485595703125	0.08017388320861654
04	21.467124938964844	36.05415344238281	0.011289514853567578
04	36.61060333251953	31.037508010864258	0.014100584342624203
04	26.629953384399414	18.079740524291992	0.005603557847666016
04	48.84356689453125	8.68970012664795	0.3038096800844937
04	16.967914581298828	17.39718246459961	0.001786173067309646
04	16.248090744018555	3.8463220596313477	0.0012940456244078524
04	0.026585586369037628	0.14252176880836487	0.016999196938493034
04	24.9649715423584	2.6778182983398438	0.014336596158417788
04	0.04121031612157822	4.891839504241943	0.021856606683947823
04	17.72927474975586	7.886797904968262	0.03693822796544502
04	13.872715950012207	4.813203811645508	0.01942275035561937
04	0.020526936277747154	7.4405131340026855	0.13384375560517403
04	16.20529556274414	0.006932235322892666	0.28402867780437235
04	16.726369857788086	0.006929422728717327	0.2892886364895605
04	17.06183624267578	8.887873649597168	0.06992817982207855
04	25.462366104125977	43.429744720458984	0.004031028824322151
04	27.588666915893555	24.886173248291016	0.01838968468434883
04	15.147770881652832	0.004350819159299135	0.37125568386705166
04	2.8008227348327637	0.9652746319770813	0.0022361543819759827
04	42.556331634521484	3.215221881866455	0.0005266748820290448
04	14.712630271911621	0.013906635344028473	0.25770394169391797
04	0.13085779547691345	4.745134353637695	0.06894944122794902
04	6.91291618347168	0.06285014003515244	0.2731833621633775
04	1.0877623558044434	0.08916809409856796	0.008704397150061348
04	18.66012954711914	12.695491790771484	0.018669614286133736
04	5.499704360961914	2.748897075653076	0.001998969212625965
04	7.948849678039551	9.499122619628906	0.007271208094828056
04	14.432750701904297	2.3342130184173584	0.03317718614231456
04	42.47098159790039	5.491616249084473	0.002002982930703598
04	25.782203674316406	5.979081153869629	0.00369594923474572
04	17.668853759765625	0.21158751845359802	0.045272263613614167
04	45.650150299072266	0.02062065899372101	0.03777487937248114
04	1.2707319259643555	8.43358325958252	0.002217798296249275
04	2.8028206825256348	0.5997210144996643	0.09947989881038666
04	2.7022056579589844	6.36323356628418	0.10064561969854616
04	6.108070373535156	0.45851221680641174	0.24238642078032469
04	11.533001899719238	0.0615217350423336	0.17233149477557913
04	0.18052181601524353	4.1121907234191895	0.13765908924467635
04	21.57016372680664	7.962559223175049	0.0034556709455721285
04	11.747949600219727	0.11635201424360275	0.03130164189320622
04	11.29852294921875	0.9218379855155945	0.04080355404452844
04	34.833251953125	3.2801496982574463	0.010960303585637703
04	14.71295166015625	0.023537686094641685	0.11937879251711297
04	15.74997615814209	0.04815855622291565	0.06549300323779995
04	32.51823043823242	9.173215866088867	0.0440396573826166
04	10.19282341003418	0.010676334612071514	0.03318806895703981
04	11.50323486328125	0.017220064997673035	0.4326112366508885
04	0.17541441321372986	6.280798435211182	0.11864392768173294
04	3.5298171043395996	0.04631262645125389	0.1261407814242623
04	13.43130874633789	0.011344810016453266	0.08100428794794545
04	0.591962456703186	0.048285968601703644	0.13220395667083334
04	0.9106077551841736	0.06018789857625961	0.04963270857027083
04	8.61587905883789	0.020184412598609924	0.00824568985086499
04	27.363813400268555	24.79970932006836	0.018239756538109345
04	7.1286115646362305	0.026504922658205032	0.0022232643263862817
04	29.15081787109375	26.43193244934082	0.010057813629056469
04	3.4540789127349854	1.5961228609085083	0.03369531577283686
04	16.48338508605957	0.8270823955535889	0.03279164444768068
04	16.092119216918945	1.2822448015213013	0.03184925561601465
04	33.44244384765625	9.950336456298828	0.06561632520799754
04	26.02286720275879	0.23691119253635406	0.0020851763811978417
04	42.7088623046875	26.513296127319336	0.01954173364422538
04	1.0296764373779297	0.0390578955411911	0.2311007881706411
04	6.3762102127075195	15.766114234924316	0.02185075425288894
04	2.444894552230835	5.019562244415283	0.03588421055764863
04	11.300413131713867	34.19267654418945	0.02230798002870324
04	27.38770866394043	24.77219009399414	0.00960025225173343
04	0.037426840513944626	8.800398826599121	0.08739389455254702
04	12.122371673583984	52.8168830871582	0.6216655115392755
04	17.455923080444336	11.348156929016113	0.02559723388968092
04	16.809906005859375	10.472312927246094	0.022893354522459435
04	48.947853088378906	7.3213372230529785	0.1138892521460851
04	16.899032592773438	0.012426035478711128	0.03223782482950445
04	33.89781951904297	49.75898361206055	0.009045169999202095
04	7.9882493019104	0.2224012166261673	0.013839747179000772
04	9.203065872192383	0.009678119793534279	0.2678003071038694
04	2.928287982940674	0.1573663204908371	0.059873065600792565
04	13.097413063049316	8.832813262939453	0.018069415168966235
04	14.900507926940918	9.899057388305664	0.015166333014952307
04	21.03540802001953	24.65500831604004	0.0003077368618863985
04	11.866439819335938	0.028053417801856995	0.07024786776718608
04	6.6500349044799805	17.023435592651367	0.015179514546285976
04	15.118315696716309	7.229188442230225	0.0917489624610453
04	4.431783676147461	0.008398079313337803	0.04532418682268172
04	12.688529968261719	0.013644748367369175	0.29727286190697644
04	11.536467552185059	29.74599838256836	0.13038745803389956
04	16.403160095214844	53.02692413330078	0.08596000101902052
04	11.100552558898926	14.418071746826172	0.0036880952204824957
04	11.57597541809082	13.896145820617676	0.12151222385187199
04	15.4711275100708	53.65293884277344	0.0486775901228349
04	49.271400451660156	10.252887725830078	0.0019202620694131478
04	14.159845352172852	0.006661274936050177	0.37060492545525653
04	0.015553820878267288	8.10296630859375	0.033744077339316864
04	16.757863998413086	8.860307693481445	0.014215448110923845
04	19.472244262695312	0.006359276827424765	0.09718278435568546
04	17.44187355041504	0.009244308806955814	0.10298145948884321
04	18.045339584350586	8.167762756347656	0.009278942915526306
04	32.034149169921875	9.681427955627441	0.06222842179517696
04	31.176342010498047	32.100791931152344	0.03547298435433875
04	31.05923843383789	28.47855567932129	0.03887250816280192
04	25.356016159057617	46.98567581176758	0.00906410158583612
04	11.113075256347656	0.01291701477020979	0.1801023193221679
04	10.802447319030762	11.231893539428711	0.011007839080059173
04	18.578662872314453	24.482036590576172	0.007512913395961128
04	12.054255485534668	0.006517055910080671	0.44342991223628503
04	17.763599395751953	5.85568380355835	7.882274009964746e-05
04	19.1988582611084	24.679977416992188	0.002102548425847832
04	16.355730056762695	8.627663612365723	0.01081874151174611
04	17.251049041748047	8.74060344696045	0.04432399966048472
04	32.9235725402832	33.88904571533203	0.024888204354228394
04	11.196805953979492	15.258604049682617	0.10382701319753593
04	22.546384811401367	22.541458129882812	0.030255637724291195
04	10.428655624389648	13.95605754852295	0.225242138838598
04	11.227242469787598	30.519561767578125	0.2370385845289723
04	14.242718696594238	9.204852104187012	0.05812419366602804
04	10.084071159362793	14.17690372467041	0.011670389171165169
04	14.354864120483398	7.451990127563477	0.006675728116974686
04	14.316104888916016	7.7324700355529785	0.0028084575226812597
04	11.973593711853027	31.366228103637695	0.0037554039780893778
04	15.448436737060547	0.00713766273111105	0.22105711334635655
04	14.0235013961792	8.145692825317383	0.022717666445356426
04	16.120532989501953	10.231476783752441	0.009375773622602918
04	23.70185089111328	20.42951011657715	0.019111712660753365
04	17.902324676513672	8.591176986694336	0.023925732216945522
04	20.934326171875	18.204763412475586	0.010077343858552704
04	18.556964874267578	9.425466537475586	0.024975500296993913
04	30.626008987426758	10.81372356414795	0.07187007139179583
04	30.214637756347656	9.858165740966797	0.03912666586763931
04	30.602270126342773	10.223076820373535	0.06657033638095683
04	11.087011337280273	9.475990295410156	0.03702115704456538
04	24.725522994995117	38.738731384277344	0.0007492597355987091
04	11.78689193725586	52.90303039550781	0.6466759053356083
04	0.237729012966156	6.156680107116699	0.018573433851388266
04	24.451175689697266	0.04254068061709404	0.029631854644221217
04	21.81985092163086	50.77830505371094	0.0016364640358722538
04	19.288406372070312	24.363975524902344	0.03007670570955132
04	17.785648345947266	18.894826889038086	0.008179639324997406
04	13.827337265014648	0.007422645576298237	0.8255386427576104
04	14.237089157104492	7.103633880615234	0.01536413485353643
04	17.65458106994629	17.419178009033203	0.0023714708107890475
04	27.08306884765625	16.330062866210938	0.009274256048780499
04	14.318785667419434	0.011780810542404652	0.2810004286056321
04	16.493427276611328	9.38614273071289	0.05586918285398772
04	30.50284767150879	19.083343505859375	0.007859814234755257
04	16.384990692138672	0.006699194200336933	0.3360150524957933
04	18.831069946289062	9.840239524841309	0.008502895341199967
04	21.93899917602539	19.415231704711914	0.03386689643516685
04	28.00422477722168	17.873367309570312	0.027605885696230514
04	19.218524932861328	14.663045883178711	0.09280714435160903
04	29.56401824951172	9.760951042175293	0.0116088589032491
04	19.15223503112793	52.55763244628906	0.7754664015217474
04	20.165420532226562	17.955242156982422	0.005128439177166336
04	29.34064483642578	39.85348129272461	0.01357309813752319
04	29.45223045349121	45.07147979736328	0.0031127076257358895
04	30.542402267456055	24.503286361694336	0.013900572377623932
04	21.26845932006836	46.642417907714844	0.03292646586443439
04	30.657428741455078	24.514257431030273	0.009286747285813995
04	35.82969284057617	32.867454528808594	0.04847825341152422
04	11.565852165222168	53.221832275390625	0.3001341462241562
04	0.03597527742385864	7.694911956787109	0.017942780824693555
04	28.18151092529297	17.468265533447266	0.01175874268466776
04	9.278783798217773	45.41329574584961	0.0029250814607649153
04	30.512348175048828	24.500446319580078	0.017024662232760227
04	26.97239112854004	24.266042709350586	0.014003053533308434
04	8.730904579162598	10.491548538208008	0.005697970814777145
04	18.95180320739746	10.628787994384766	0.012840720952725884
04	47.06489181518555	8.730074882507324	0.05177151152130329
04	28.94572639465332	18.976102828979492	0.00216028094291687
04	30.508865356445312	24.658008575439453	0.021181271270369038
04	29.254606246948242	19.409286499023438	0.013092495275266243
04	30.5200138092041	5.5780029296875	0.0002762448381293907
04	15.392396926879883	1.299352765083313	0.03377956445470001
04	30.01027488708496	13.635796546936035	0.11427669670705065
04	16.86058807373047	0.005228525493294001	0.15970109623596207
04	17.899850845336914	12.598085403442383	0.029632013968446037
04	19.473161697387695	8.68355941772461	0.016684048668001637
04	28.955297470092773	4.5315327644348145	0.0023444185428547135
04	40.29853820800781	5.7600483894348145	0.004921470514752648
04	20.387657165527344	0.02741941809654236	0.09805346796963092
04	19.033449172973633	52.061561584472656	0.18451170352372256
04	28.850692749023438	17.7500057220459	5.983493544838708e-05
04	27.622331619262695	24.434947967529297	0.01489109613678672
04	27.329130172729492	24.616199493408203	0.01796780266996586
04	13.658157348632812	16.426090240478516	0.010695528464786934
04	20.724254608154297	13.366244316101074	0.03381370775627368
04	17.628986358642578	10.083145141601562	0.0012055356619936064
04	20.684656143188477	9.549837112426758	0.005670210064360588
04	18.345443725585938	9.844969749450684	0.03499008399067503
04	16.015121459960938	0.03302701935172081	0.0329221376415455
04	15.890902519226074	10.460966110229492	0.004983012310483238
04	18.597694396972656	12.011571884155273	0.012139874877351714
04	34.516639709472656	19.10898208618164	0.012448960294326147
04	31.143098831176758	9.670787811279297	0.0663099720303813
04	19.17880630493164	52.38272476196289	0.1762689896020872
04	27.53561782836914	24.715099334716797	0.008551107324434051
04	27.301790237426758	24.630098342895508	0.0033279504965652122
04	18.7556095123291	16.893268585205078	0.017347923508196167
04	24.82427978515625	35.88218688964844	0.005196196450428528
04	19.44476318359375	10.771183013916016	0.016859292871121204
04	17.855207443237305	4.5821533203125	0.005784722891720859
04	31.010828018188477	13.766180038452148	0.07567169245020378
04	19.187349319458008	14.281844139099121	0.03993547663969152
04	18.33904457092285	4.094274520874023	0.024094914509491486
04	19.13477897644043	33.233848571777344	0.00378430239630468
04	19.7939453125	10.56218433380127	0.0030596044027444147
04	29.102746963500977	17.757944107055664	0.021733406818274296
04	20.559246063232422	10.3125638961792	0.08895713992669196
04	19.059913635253906	9.611801147460938	0.006176702691484487
04	30.261686325073242	14.890108108520508	0.018162132325497543
04	16.77907371520996	9.584705352783203	0.03822785275930177
04	18.242664337158203	12.363934516906738	0.029602411682858612
04	14.283056259155273	7.1069746017456055	0.005876903958392868
04	27.838926315307617	13.10787296295166	0.004477267576889557
04	19.33304786682129	31.35179328918457	0.019063303980863457
04	28.756792068481445	19.75511360168457	0.005915380675684322
04	19.161508560180664	13.004069328308105	0.00440905864040057
04	30.539304733276367	5.54730224609375	0.0011273731017707733
04	27.625394821166992	8.124032974243164	0.0009609067981893385
04	14.62295150756836	19.847091674804688	0.003237329310539997
04	16.817569732666016	4.483599662780762	0.02434935940034462
04	19.100786209106445	24.795146942138672	0.010253109376538883
04	33.443817138671875	4.339653491973877	0.002076449042016811
04	33.53520965576172	3.796574831008911	0.010941913746523134
04	21.815196990966797	22.02355194091797	0.009489319541237572
04	32.28365707397461	3.8129279613494873	0.012360572927828991
04	32.13749694824219	4.268123626708984	0.02889931822816531
04	33.269287109375	4.022843360900879	0.005403018358981972
04	38.69670104980469	21.96027374267578	0.005020508937763447
05	46.41584014892578	4.344954967498779	0.03502671522173015
05	29.500764846801758	20.51816749572754	0.00042079693891785425
05	13.47826099395752	41.800926208496094	0.015156930143182928
05	33.537845611572266	29.98457145690918	0.060242417070901756
05	33.525482177734375	18.45112419128418	0.02935373828266606
05	33.08721160888672	18.91404914855957	0.07942790910601616
05	15.069448471069336	17.693164825439453	0.0548130509754022
05	32.550968170166016	27.677141189575195	0.03049140653295737
05	33.10105895996094	19.178218841552734	0.05556595822175344
05	32.69192886352539	18.788415908813477	0.046290893107652664
05	32.381202697753906	18.71122169494629	0.006457453650055511
05	33.315364837646484	18.51563262939453	0.028556649657812988
05	32.388343811035156	29.460933685302734	0.0351150386938543
05	33.222816467285156	8.018449783325195	0.0008017502047798844
05	33.25199508666992	19.21344566345215	0.015824673866683785
05	33.5955924987793	8.871249198913574	0.014088488437912682
05	33.480918884277344	6.95311164855957	0.028068904962503548
05	0.03426149860024452	28.805782318115234	0.03674692863767797
05	33.7541389465332	29.550134658813477	0.030996782310081253
05	33.57315444946289	25.777862548828125	0.011262645662734001
05	33.09495544433594	1.6629276275634766	0.016754314303398132
05	18.718957901000977	50.82604217529297	0.05083437467163259
05	32.677242279052734	19.53390121459961	0.026383785248705834
05	32.77747344970703	19.9208927154541	0.023216996003280983
05	10.909855842590332	20.471405029296875	0.011136010627854957
05	32.848175048828125	1.760244369506836	0.02014367124347976
05	32.12834930419922	29.93611717224121	0.03150535623232523
05	32.604068756103516	8.453011512756348	0.01952527452147368
05	32.12874221801758	20.38272476196289	0.034927741934855774
05	30.84657859802246	7.421586513519287	0.019970000002685923
05	31.47988510131836	1.4632903337478638	0.05261372537775473
05	22.37071418762207	29.81737518310547	0.007699516799413797
05	32.59239959716797	20.516559600830078	0.03075100616975264
05	31.645854949951172	20.101608276367188	0.02127084384361903
05	33.98707580566406	8.762797355651855	0.009157932843222763
05	31.46507453918457	29.81655502319336	0.024010970949489174
05	27.66304588317871	2.3651280403137207	0.00912316053202658
05	16.39971160888672	1.977460503578186	0.05751582223809126
05	14.416389465332031	1.1030218601226807	0.006980178708379917
05	13.621849060058594	2.070507287979126	0.014156690488258995
05	15.420722007751465	0.7665951251983643	0.011371457667061782
05	12.39249038696289	28.3066463470459	0.0004494763684995233
05	13.88401985168457	21.431795120239258	0.016338131418733887
05	11.14550495147705	2.737738847732544	0.011317635575930279
05	41.50410461425781	2.744558334350586	0.020598802263989593
05	30.30429458618164	29.541282653808594	0.015589982722744797
05	30.378686904907227	31.731874465942383	0.03235795732700464
05	13.110966682434082	2.7250030040740967	0.011378045109185305
05	33.372169494628906	2.2035133838653564	0.015986195567882423
05	31.807575225830078	1.283315896987915	0.03517202536265056
05	32.44992446899414	24.94588851928711	2.352159583207669e-05
05	30.40432357788086	10.574434280395508	0.01125676500977892
05	16.265914916992188	2.759490489959717	0.01792644889968814
05	14.198287010192871	9.805316925048828	0.0086575069210746
05	16.76858139038086	8.7642183303833	0.01777626461151874
05	11.246671676635742	2.3694214820861816	0.006439632087042837
05	11.588398933410645	0.04394685477018356	0.008330462218234032
05	12.14673900604248	12.177637100219727	0.00279343207225655
05	10.095322608947754	25.128311157226562	0.008468103341080925
05	30.073625564575195	1.784111499786377	0.027510581594524963
05	11.472009658813477	30.114957809448242	0.024934901645051827
05	32.801815032958984	29.668869018554688	0.018062161889305733
05	13.306208610534668	7.718339443206787	0.00867024673656984
05	14.562055587768555	34.12126159667969	0.0011550429644006655
05	15.273024559020996	10.074247360229492	0.01550670351945993
05	16.275087356567383	38.66704559326172	0.0026398608178803407
05	13.581032752990723	20.007055282592773	0.011680522199833038
05	29.339914321899414	19.634689331054688	0.011120169113079705
05	19.35374641418457	14.060391426086426	0.01756860383532264
05	0.3337574899196625	14.825403213500977	0.0018845834966861874
05	33.25794219970703	2.6912124156951904	0.004576777079791733
05	9.210350036621094	0.6271688938140869	0.006917293324615017
05	22.43232536315918	20.692697525024414	0.02251587345293074
05	13.40109634399414	11.208710670471191	0.005473534491929142
05	31.84722137451172	4.516129493713379	0.0027284780235001527
05	10.913883209228516	2.547790288925171	0.00781282748688351
05	48.77580642700195	7.245272159576416	0.012671356851404358
05	8.036335945129395	3.69328236579895	0.006905204983371677
05	31.689453125	20.55544662475586	0.012423333006374764
05	0.8347603678703308	27.413360595703125	0.005932039383685951
05	35.184452056884766	15.11362075805664	0.00444067416317535
05	32.090782165527344	13.644869804382324	0.002863876747362548
05	31.663869857788086	19.58916473388672	0.031648850802219276
05	32.367218017578125	19.59649658203125	0.015859433647358062
05	10.277402877807617	27.48541831970215	0.0061405329315951385
05	32.009063720703125	19.28306007385254	0.011105156306064491
05	32.404563903808594	13.337791442871094	0.017212563053225025
05	24.075000762939453	42.83834457397461	0.015220723030242054
05	10.687870979309082	42.4517822265625	0.003143782642754639
05	33.40800857543945	5.515321731567383	0.0020549374096321335
05	32.88593292236328	8.62625503540039	0.039687538024788444
05	32.42444610595703	20.41010284423828	0.0015640573745424047
05	32.17688751220703	35.542755126953125	0.012605645439841537
05	33.300689697265625	30.00128746032715	0.06496056665976842
05	31.963237762451172	20.27513313293457	0.0246949072814349
05	42.7998046875	19.343637466430664	0.0027708736465789086
05	32.9027099609375	19.142629623413086	0.03018945963545279
05	43.76228332519531	19.303421020507812	0.04063579867761616
05	33.547489166259766	25.81993293762207	0.029554630206389862
05	31.749135971069336	28.614145278930664	0.028007538932742493
05	33.52048110961914	8.32679271697998	0.03617728772488507
05	31.369098663330078	27.640920639038086	0.02283980876685464
05	32.29338073730469	19.448394775390625	0.06974533019643842
05	32.058349609375	28.20847511291504	0.0023669693187383933
05	31.821447372436523	19.56532096862793	0.04375801393480012
05	31.96567726135254	22.01686668395996	0.051275032036232224
05	20.087398529052734	17.988306045532227	0.04534372642184749
05	33.61631774902344	18.96169662475586	0.032053134658119896
05	32.3227424621582	19.360868453979492	0.0023080137642947085
05	32.126914978027344	8.778730392456055	0.021169430378711586
05	31.794191360473633	30.880666732788086	0.043064377498074236
05	32.575809478759766	30.07817268371582	0.007363788982763658
05	27.513029098510742	33.04018783569336	0.00866315197764021
05	32.79293441772461	19.35838508605957	0.01930749664704005
05	32.96167755126953	18.374967575073242	0.05222875805515231
05	32.365745544433594	18.038677215576172	0.05074890883583011
05	31.69660186767578	29.77675437927246	0.08699526968486807
05	27.674184799194336	22.552682876586914	0.0021905289454893645
05	31.643354415893555	20.600616455078125	0.020667215301231903
05	32.389461517333984	18.947418212890625	0.037917695487990524
05	32.776512145996094	30.133947372436523	0.028655024852982186
05	10.895912170410156	9.87917709350586	0.014517513427504875
05	33.362483978271484	9.123016357421875	0.0036732606496827913
05	2.048833131790161	18.307950973510742	0.0020979256792501982
05	48.05663299560547	23.04674530029297	0.08324051479046995
05	31.868730545043945	28.725414276123047	0.009726084330502677
05	14.999764442443848	8.401895523071289	0.005077521006266281
05	15.178689002990723	0.00830924417823553	0.1212886215425005
05	31.96971321105957	23.697124481201172	0.037435842282844314
05	32.33340835571289	29.911739349365234	0.019390816264080277
05	31.788171768188477	19.329421997070312	0.06578976356170393
05	32.629539489746094	18.084787368774414	0.03231820915684556
05	32.700050354003906	20.192306518554688	0.02747013747240558
05	33.98837661743164	19.234962463378906	0.01845424667452321
05	32.231868743896484	24.37319564819336	0.057938977285768044
05	10.524977684020996	3.5148634910583496	0.0012593148558428802
05	0.06308355927467346	28.096298217773438	0.030806828177336487
05	31.874794006347656	9.181815147399902	0.02565720746436434
05	31.454118728637695	19.534013748168945	0.05850965744166663
05	31.766855239868164	29.24773406982422	0.10388901335670349
05	36.28510665893555	27.25273323059082	0.0075489728513992195
05	33.7520866394043	30.14717674255371	0.007365472953427921
05	31.90486717224121	27.589981079101562	0.06134849741603389
05	14.48282241821289	10.456355094909668	0.0012830350209366223
05	27.597980499267578	10.832620620727539	0.002533864117029938
05	32.10554504394531	19.270875930786133	0.019558000745195328
05	3.9601871967315674	16.886070251464844	0.007033464470596024
05	22.091432571411133	11.046379089355469	0.00927278207558574
05	16.419082641601562	7.991585731506348	0.01381228920636755
05	32.46179962158203	18.445703506469727	0.03131189694007237
05	48.81012725830078	23.870708465576172	0.05292269564939267
05	16.510025024414062	7.8977370262146	0.010250511833212593
05	11.352289199829102	28.86209487915039	0.00938795467111514
05	14.058351516723633	7.894058704376221	0.02190930520494779
05	0.08480466902256012	12.443257331848145	0.025863831016150387
05	16.427824020385742	33.02265930175781	0.023497497380682915
05	33.190948486328125	18.867656707763672	0.07294880497184666
05	32.65650939941406	19.6844425201416	0.006216354216590073
05	32.33729553222656	19.345529556274414	0.003780959343368355
05	33.18949508666992	20.44874382019043	0.015293183538949852
05	17.631792068481445	27.575729370117188	0.007549247055342705
05	32.68846893310547	25.30278968811035	0.030296138290202973
05	32.021995544433594	20.020341873168945	0.09760695537834457
05	31.506067276000977	20.587158203125	0.0652469578340198
05	31.482385635375977	22.715579986572266	0.0006672800941900786
05	31.33549690246582	27.081422805786133	0.03778388001250498
05	31.46211814880371	20.628530502319336	0.039014978616526634
05	33.95984649658203	9.496179580688477	0.0021288814869794004
05	32.67097473144531	27.08024024963379	0.010817661881446838
05	8.96912956237793	19.8702335357666	0.0058255999377279585
05	33.509639739990234	5.709680080413818	0.014211624747875965
05	4.625414848327637	20.4788761138916	0.003366923693454628
05	31.4971981048584	10.055462837219238	0.04898027493991952
05	32.65419006347656	29.77703094482422	0.02764424410733307
05	33.04301834106445	29.657869338989258	0.015656417092962477
05	36.47107696533203	11.429741859436035	0.03876591778614304
05	31.929468154907227	27.98187255859375	0.04605886024056059
05	31.548185348510742	27.996810913085938	0.0499894634792299
05	24.69107437133789	44.056453704833984	0.011407337518352451
05	27.567480087280273	14.631728172302246	0.005777718104196319
05	5.195194721221924	2.6903510093688965	0.0015726690039490204
05	16.593589782714844	41.20441436767578	0.0051150256485650025
05	32.97825241088867	13.419328689575195	0.009766409117164032
05	47.313270568847656	0.0034434248227626085	0.08083734070341006
05	10.047733306884766	24.054237365722656	0.01695262776179747
05	30.928665161132812	25.690542221069336	0.0051744275472380835
05	32.117122650146484	20.68711280822754	0.007097786800427872
05	32.523841857910156	21.31996726989746	0.03617541604872906
05	6.908973693847656	0.36274850368499756	0.021533248889626877
05	4.121264457702637	27.561389923095703	0.0017785905211260833
05	32.61689376831055	29.013364791870117	0.0257867436968919
05	32.49165344238281	17.909204483032227	0.007033841289354095
05	31.512720108032227	28.1199893951416	0.047520717888167405
05	32.29938507080078	30.29237174987793	0.012964682145552214
05	32.31549835205078	9.231082916259766	0.10232005877928302
05	30.978219985961914	0.9327788949012756	0.014133836396715858
05	32.948585510253906	3.02465558052063	0.0036431855776093217
05	33.247108459472656	18.019075393676758	0.00538915508624279
05	34.15163040161133	7.520709037780762	0.017732775685462082
05	31.965194702148438	19.83730697631836	0.0022829522689183576
05	27.53683090209961	2.275277853012085	0.005967792800881645
05	32.998023986816406	26.6026611328125	0.018792408885377823
05	32.60441970825195	19.88860321044922	0.04665226003888882
05	33.04979705810547	34.52732849121094	0.027375235363389504
05	27.500553131103516	2.7849819660186768	0.012020514318437286
05	31.588539123535156	30.178544998168945	0.04089508645913818
05	2.8200135231018066	2.6639230251312256	0.022760831895359046
05	35.679256439208984	7.303262233734131	0.016807362098585476
05	32.06260299682617	0.3688884973526001	0.004493485910422874
05	33.93705368041992	11.339125633239746	0.01330282606861808
05	31.726512908935547	9.486495971679688	0.017819656228477306
05	32.174827575683594	9.496330261230469	0.03284689112036837
05	32.50416946411133	0.5203325152397156	0.026648333126848396
05	30.011911392211914	12.542075157165527	0.0007336847484111786
05	32.787906646728516	7.745848655700684	0.00497154259320462
05	34.13637161254883	19.52857780456543	0.021211981547601295
05	33.34503173828125	19.436182022094727	0.009552712806246491
05	32.83450698852539	28.80592155456543	0.042246497603076874
05	31.946516036987305	27.27842903137207	0.01627362756566568
05	10.661903381347656	27.64261245727539	0.008962160145694559
05	30.17486572265625	26.21417236328125	0.023445418160973175
05	33.66414260864258	10.301324844360352	0.012144233805663658
05	33.91257095336914	19.034412384033203	0.035894672414570145
05	1.0218992233276367	7.647508144378662	0.0008324038124445723
05	15.470598220825195	0.0221762303262949	0.001979047263210472
05	33.249141693115234	28.000471115112305	0.005667252409638779
05	31.661714553833008	27.279985427856445	0.015282211655920204
05	33.19495391845703	29.277114868164062	0.004215853232325928
05	40.811885833740234	4.500930309295654	0.00011212062655073518
05	0.02574940212070942	13.226469039916992	0.007634424576253601
05	18.274702072143555	9.595675468444824	0.01142818717793985
05	31.27134132385254	17.966703414916992	0.02563023115649368
05	21.802734375	21.715269088745117	0.006801766202305305
05	23.047704696655273	1.2582286596298218	0.03384438529610634
05	34.6248893737793	18.63424301147461	0.002045281231403351
05	31.33756446838379	17.7261962890625	0.018591844561425125
05	35.792274475097656	18.209753036499023	0.012034912452553257
05	32.92215347290039	19.282611846923828	0.008070513041633549
05	34.34254837036133	25.762802124023438	0.014779616485942497
05	32.9432373046875	29.246623992919922	0.028803118702137115
05	22.236942291259766	22.21565818786621	0.006823404381672546
05	23.536155700683594	0.7509745359420776	0.02492024422143445
05	22.0	22.37964630126953	0.020057598636908966
05	32.85877227783203	21.420927047729492	0.040141519723516525
05	30.590810775756836	28.046161651611328	0.036075621730450425
05	4.6999897956848145	1.5589576959609985	0.03411318993929661
05	5.287971019744873	13.5858793258667	0.009472669578703519
05	5.045264720916748	27.797771453857422	0.009498578806718186
05	16.6013240814209	31.276844024658203	0.014210857225186897
05	31.05930519104004	12.514748573303223	0.04345594719052315
05	6.330842971801758	19.98102569580078	0.03998416887991356
05	6.535762310028076	42.6437873840332	0.0045767096859036065
05	35.678245544433594	21.885547637939453	0.004896905498974251
05	5.03324031829834	22.31485366821289	0.010291733412128506
05	22.000017166137695	22.380760192871094	0.005699095965334862
05	6.6054511070251465	20.71150779724121	0.013514584777030079
05	21.809118270874023	22.350818634033203	0.002288975950443384
06	8.936389923095703	3.024472713470459	0.018230920375296562
06	9.47236156463623	0.0606137253344059	0.021814917185992905
06	11.219048500061035	2.2651257514953613	0.007813705413630514
06	2.738023281097412	30.764650344848633	0.007050179622390053
06	31.13446807861328	4.517668724060059	0.022046358973690956
06	10.311433792114258	4.958504676818848	0.004614607176997444
06	4.03827428817749	24.821144104003906	0.05113099154197809
06	43.03712844848633	34.340335845947266	0.01883876978447943
06	30.478185653686523	38.686553955078125	0.011820172157251473
06	5.236098289489746	5.19454288482666	0.003511811070369953
06	12.445056915283203	3.312145948410034	0.02322653094024369
06	4.439286708831787	24.65443992614746	0.04271239505121202
06	5.844362258911133	34.662445068359375	0.005290559295452003
06	38.791194915771484	41.206172943115234	0.007847302226406155
06	39.417503356933594	24.55365753173828	0.03868636816288486
06	41.51519012451172	28.70377540588379	0.04630545300967766
06	11.297625541687012	10.25240707397461	0.03346192215879758
06	44.17546463012695	0.12776294350624084	0.10523919411229365
06	10.520318984985352	2.078728675842285	0.005385749719359657
06	9.255637168884277	26.32758331298828	0.028551111844452942
06	47.12843704223633	31.67681884765625	0.08737007667992841
06	10.665670394897461	4.121666431427002	0.0042182674462145076
06	10.426788330078125	5.834368705749512	0.0006342916326089326
06	11.230219841003418	7.789644241333008	0.009959560452085556
06	10.25701904296875	3.833662986755371	0.05244051012975859
06	43.66086959838867	30.778526306152344	0.03241113979708064
06	2.366636037826538	5.436403274536133	0.08913429238154502
06	47.630279541015625	7.193467140197754	0.07446157096913367
06	15.004191398620605	20.768327713012695	0.02039412104270675
06	43.22910690307617	2.340134859085083	0.019288357685912742
06	39.36525344848633	1.263540506362915	0.06325260188543436
06	43.93019485473633	30.752079010009766	0.06396373474236691
06	10.722900390625	34.21323013305664	0.022188554433259094
06	41.25511169433594	1.8431172370910645	0.02001632163018892
06	36.85913848876953	31.03009033203125	0.11851468977124932
06	10.437379837036133	6.276087760925293	0.03975394593946861
06	9.6648530960083	31.01052474975586	0.012540101779229713
06	2.3108303546905518	5.730717658996582	0.0751632122113743
06	46.724647521972656	6.599513530731201	0.09579890359478625
06	10.557402610778809	24.60205078125	0.04626678427060445
06	6.1576008796691895	0.6281677484512329	0.0037932424156954803
06	45.21870040893555	0.0239813681691885	0.3796980883826546
06	47.01868438720703	5.788239002227783	0.007079285919772527
06	47.165313720703125	5.205378532409668	0.07864771265397097
06	43.14714431762695	36.62574005126953	0.022183995581034455
06	14.506073951721191	39.42510223388672	0.014276221846089218
06	48.02408981323242	5.439220428466797	0.10546052296531391
06	46.2586669921875	0.010451490990817547	0.29266190797143654
06	0.0367378368973732	5.977372646331787	0.047037689749038575
06	10.583658218383789	26.256298065185547	0.021340323004493095
06	39.03050231933594	3.6065192222595215	0.007848141771374328
06	49.382198333740234	29.367488861083984	0.027035071994319107
06	1.9792994260787964	30.62660789489746	0.016868595824097145
06	9.789928436279297	25.86138153076172	0.0018950987494353103
06	7.429773330688477	32.164188385009766	0.03342499821023508
06	12.930472373962402	30.208927154541016	0.03571936465574033
06	41.54336166381836	8.007290840148926	0.029329283219395264
06	46.03868865966797	32.03896713256836	0.060549618394085854
06	45.275699615478516	33.66010665893555	0.09881537748955575
06	41.716766357421875	24.63155746459961	0.09286959764154201
06	43.212318420410156	30.041831970214844	0.020271483921643463
06	9.544692039489746	0.875307023525238	0.030409500680186538
06	12.189172744750977	2.9663333892822266	0.049891443866671936
06	43.53853225708008	0.026897398754954338	0.005525903294855694
06	22.02152442932129	41.242191314697266	0.004796060423056282
06	43.45635223388672	31.29275894165039	0.08832478952227217
06	41.16987991333008	34.33319091796875	0.04207539039127754
06	46.761104583740234	0.005375449080020189	0.519985737435108
06	44.9315071105957	0.01726008951663971	0.20346523932913407
06	41.65571594238281	30.746774673461914	0.0698441822420467
06	47.38629150390625	0.0019073850708082318	0.08944017284694203
06	45.51571273803711	0.009956492111086845	0.25271931901547573
06	20.062828063964844	47.298851013183594	0.02815278843974897
06	41.5	10.856924057006836	0.005451080022436203
06	1.9490861892700195	30.0748291015625	0.040203924883495674
06	7.3106584548950195	2.428062915802002	0.01866262609308416
06	10.79360580444336	24.63507080078125	0.03577625007765391
06	11.562152862548828	30.84975814819336	0.12277542824944923
06	10.23979377746582	14.194948196411133	0.6988270602549249
06	46.60492706298828	0.0310034342110157	0.12647089834944233
06	40.006187438964844	17.705230712890625	0.042014573333841385
06	46.99452590942383	0.1584090143442154	0.17468401728573119
06	50.86415481567383	9.70026969909668	0.0197624589138915
06	42.422672271728516	13.307589530944824	0.011197589563600951
06	33.97238540649414	39.91645050048828	0.050827008278612154
06	11.132671356201172	27.72823143005371	0.017575928207599754
06	9.755270004272461	0.08651485294103622	0.015223006858970184
06	24.776338577270508	35.93849563598633	0.00015856190161271655
06	41.5	33.142887115478516	0.046945380216295074
06	4.744210720062256	41.376068115234375	0.036337286911227486
06	38.44804382324219	41.68337631225586	0.043511741992199066
06	0.17744775116443634	3.688439130783081	0.026521977150078976
06	3.978085517883301	2.053511381149292	0.030861552240270557
06	6.495489120483398	24.25289535522461	0.010063302110541954
06	2.627621650695801	24.83302879333496	0.07310251169132465
06	45.163673400878906	0.029388491064310074	0.1925512177872998
06	50.2940673828125	10.567946434020996	0.3118072956428596
06	46.06905746459961	0.010813824832439423	0.6922384736372188
06	49.534969329833984	9.775754928588867	0.37145380365019814
06	42.62345504760742	30.5169620513916	0.005015198028448853
06	0.023997047916054726	7.412137031555176	0.02741029699218464
06	40.583683013916016	17.426185607910156	0.03385412297917135
06	10.719533920288086	37.40507507324219	0.01461759435408043
06	7.110016345977783	31.082136154174805	0.02028574659065767
06	46.026039123535156	0.004291897173970938	0.16455380392797064
06	41.50397491455078	19.108198165893555	0.11897148709883659
06	46.366886138916016	0.008594702929258347	0.5422322299869303
06	46.77848815917969	0.0038954690098762512	0.7192443770733321
06	39.222686767578125	5.771546363830566	0.004158712020426086
06	41.570274353027344	19.12775421142578	0.1825960102672033
06	8.875259399414062	28.76421356201172	0.3318630734229471
06	8.258454322814941	21.762577056884766	0.0018949167746486056
06	0.18773099780082703	13.855466842651367	0.05713221566243605
06	0.0918276309967041	5.676596641540527	0.03498719474582961
06	0.14304685592651367	8.672797203063965	0.03360403080781301
06	40.83759689331055	26.255666732788086	0.01801582843516812
06	40.88515090942383	25.097644805908203	0.008080934484799698
06	42.755767822265625	27.70123863220215	0.0005223828960548745
06	2.4039597511291504	24.76360321044922	0.2062740937380017
06	4.660449504852295	29.649709701538086	0.008412950869762542
06	46.05016326904297	28.43154525756836	0.06375825019974973
06	4.153367519378662	26.787595748901367	0.105969086515181
06	11.410798072814941	25.604875564575195	0.23520937838231393
06	40.46084976196289	19.278860092163086	0.0019814310970578397
06	45.05538558959961	0.02268012799322605	0.4386136532892305
06	45.75484085083008	16.12302589416504	0.3248880235162861
06	41.93732452392578	24.69194221496582	0.16351096988149294
06	41.55669403076172	24.742481231689453	0.10994616485534503
06	45.66550827026367	0.012808715924620628	0.6066202314142237
06	3.707564115524292	24.600759506225586	0.22332559576434036
06	10.60159683227539	5.398679733276367	0.023963342561866295
06	9.307260513305664	31.27377700805664	0.017073390610290298
06	46.768402099609375	0.0031758644618093967	0.300855752618555
06	13.813210487365723	41.46011734008789	0.02137098371079474
06	41.588653564453125	24.70378303527832	0.17211452827734108
06	46.8367919921875	0.0034866980277001858	0.9884930400712392
06	49.12468338012695	27.596986770629883	0.30210905119697035
06	49.19409942626953	27.904069900512695	0.7211375768809394
06	49.39210891723633	28.200695037841797	0.3118382713586464
06	39.15127944946289	19.289749145507812	0.016537164196823585
06	45.75588607788086	0.010741927661001682	0.3418704255113839
06	14.300700187683105	51.77129364013672	0.06641102040355856
06	0.028692780062556267	9.93996810913086	0.1244912282455839
06	13.52956485748291	16.523168563842773	0.017832682891325516
06	44.53220748901367	34.950191497802734	0.10927708988839929
06	50.391571044921875	19.015995025634766	0.4242607759255351
06	0.012600629590451717	26.193510055541992	0.0365807545004469
06	35.20296859741211	34.1624755859375	0.0026848022684906464
06	24.775806427001953	29.43673324584961	0.022082727853998993
06	38.51577377319336	19.2186279296875	0.23935356969262825
06	46.023128509521484	0.006396156270056963	0.4168975880226774
06	1.9938266277313232	24.77460479736328	0.2884595021871109
06	45.94944381713867	0.009263920597732067	0.3101742390855324
06	41.509132385253906	24.823400497436523	0.05656089858150312
06	49.89012145996094	10.882630348205566	0.007960223790371035
06	7.239421844482422	25.849708557128906	0.04966112677798126
06	45.09433364868164	0.14023929834365845	0.09653956308934356
06	48.920902252197266	11.171464920043945	0.08944889807446119
06	45.03718566894531	0.015269290655851364	0.0732336755104881
06	41.57039260864258	24.777143478393555	0.22365245515224977
06	45.130374908447266	0.013372638262808323	0.025043429909755416
06	45.840179443359375	0.017236720770597458	0.29420636659371874
06	10.608386039733887	27.696517944335938	0.0027839902675513006
06	8.896095275878906	30.538095474243164	0.060522212449348335
06	4.268582820892334	24.65437126159668	0.06354964910981487
06	3.0173916816711426	38.331600189208984	0.06178350927251758
06	10.517557144165039	4.637563228607178	0.06665642232154355
06	48.38936233520508	18.418210983276367	0.10809121485434327
06	30.770601272583008	16.0179386138916	0.07978318291658174
06	9.085503578186035	17.028167724609375	0.056004100450963684
06	46.65060806274414	26.560415267944336	0.07165375646741631
06	2.4783616065979004	25.678470611572266	0.0878874228440504
06	48.018653869628906	27.338563919067383	0.22346528642105334
06	9.536041259765625	5.883559226989746	0.04383587735620412
06	45.84572219848633	0.011004841886460781	0.15670545263723895
06	0.26063913106918335	8.384233474731445	0.02396578117275408
06	19.214040756225586	13.604626655578613	0.003083732769344788
06	10.500697135925293	16.462627410888672	0.05243179811672731
06	39.94015884399414	19.375476837158203	0.04975487042132121
06	48.48257064819336	7.093576431274414	0.06667556434391654
06	41.247615814208984	5.291095733642578	0.005892869410455331
06	0.12497244030237198	7.9135050773620605	0.03628366711464795
06	0.09882844984531403	27.643129348754883	0.05160653162183183
06	0.9364425539970398	26.895904541015625	0.035447488792917946
06	23.72960090637207	24.99241065979004	0.055985152030798624
06	38.66706848144531	35.87314224243164	0.00492092041355191
06	20.675148010253906	21.913551330566406	0.023884851372603214
06	46.9129524230957	27.9669189453125	0.2074409741343874
06	40.20508575439453	31.577861785888672	0.07134522158991208
06	47.31314468383789	30.46146011352539	0.14348204322358504
06	12.924564361572266	34.406951904296875	0.045660962634545596
06	22.882179260253906	27.57504653930664	0.04756156547051488
06	46.924949645996094	29.50265121459961	0.027946354426217804
06	44.82949447631836	51.14664077758789	0.027446337044239044
06	4.2982659339904785	24.864004135131836	0.1191382207334998
06	16.681652069091797	4.499774932861328	0.07897235431879387
06	7.9987335205078125	14.038241386413574	0.005986872496026932
06	48.01132583618164	27.656198501586914	0.18710903944895868
06	18.38180160522461	20.1442928314209	0.1008082131544749
06	48.65055847167969	26.1686954498291	0.08975351487623393
06	10.3110990524292	5.8815226554870605	0.011875194017634247
06	47.50905990600586	29.527835845947266	0.12060646038110667
06	40.814697265625	30.4222412109375	0.1048871075299547
06	4.149227142333984	24.79761505126953	0.07193744658042614
06	46.993587493896484	30.247726440429688	0.06572832968650442
06	48.47144317626953	29.314924240112305	0.20561632938988492
06	38.40438461303711	2.300776720046997	0.04710302976044742
06	46.54953384399414	0.0046798111870884895	1.0041723523335448
06	45.993446350097656	0.0058501288294792175	0.27174569414048694
06	47.18266296386719	0.0181039460003376	0.11915895905936678
06	38.67502975463867	2.330260992050171	0.04455009689836791
06	46.246612548828125	30.08662223815918	0.07313357245794593
06	45.554718017578125	0.013870653696358204	0.26947774468471236
06	13.381656646728516	25.64500617980957	0.024985437817645798
06	8.332390785217285	6.208747386932373	0.029488810196970448
06	21.93637466430664	16.423263549804688	0.019116068879763283
06	8.846518516540527	5.775622844696045	0.04107729706800345
06	37.20396423339844	16.097137451171875	0.01360519298098304
06	48.572715759277344	24.112993240356445	0.18549035168161582
06	0.21082636713981628	15.933145523071289	0.0063668141762415545
06	47.66966247558594	30.618797302246094	0.027160857211459763
06	45.65110778808594	28.07343864440918	0.010715263698137169
06	7.199560642242432	32.030216217041016	0.006666461852463806
06	48.50056838989258	10.28691291809082	0.05919558282629479
06	48.414512634277344	8.410478591918945	0.24897050132407225
06	42.321598052978516	0.38289543986320496	0.06635012522791371
06	48.92546844482422	7.871394634246826	0.0813814997141799
06	48.05937194824219	7.2838287353515625	0.1344987991765646
06	0.029380904510617256	6.701987266540527	0.11290628854816184
06	40.40877914428711	26.94563865661621	0.03976498250708435
06	41.081668853759766	27.576997756958008	0.023271002891388805
06	19.19318389892578	24.900901794433594	0.019740581625338757
06	38.64773941040039	21.787662506103516	0.03943264100587729
06	0.05108422413468361	30.042734146118164	0.03342761528311354
06	48.79802322387695	28.171968460083008	0.11480285070584206
06	31.40384864807129	30.168001174926758	0.10143973767332429
06	49.183292388916016	25.95338249206543	0.13672216304323892
06	4.0297722816467285	24.730653762817383	0.05276383978850914
06	30.87383460998535	25.79446792602539	0.05654535352280646
06	47.705387115478516	29.539649963378906	0.13794729719187487
06	46.816219329833984	29.678014755249023	0.09024830212992567
06	46.26349639892578	0.1563998907804489	0.0012119800755471949
06	4.2188591957092285	24.740169525146484	0.050968864862931604
06	46.30884552001953	0.009797337464988232	0.3190895729895794
06	2.7708756923675537	30.45169448852539	0.00544480144074469
06	11.814068794250488	32.635406494140625	0.05398772702072606
06	46.36312484741211	0.016894277185201645	0.18791095075760295
06	19.683923721313477	1.9160683155059814	0.10278142829311085
06	47.50436782836914	0.006422939710319042	0.06220251005707364
06	46.070655822753906	2.9560623168945312	0.08767397406904456
06	42.6518440246582	25.563627243041992	0.1370566748680278
06	8.844030380249023	19.43671226501465	0.014193586553588058
06	38.60665512084961	8.167304992675781	0.029381875964728268
06	3.399393081665039	0.0873943567276001	0.014012804537108452
06	9.049712181091309	0.2848559617996216	0.011114389381625435
06	9.175907135009766	6.392221927642822	0.02062277699058706
06	46.66328048706055	13.425891876220703	0.014902826285723484
06	7.3111891746521	31.97979164123535	0.023459872964656715
06	46.22975158691406	30.509593963623047	0.03751600624033899
06	49.01753616333008	7.628830909729004	0.03211724284020337
06	17.02066421508789	32.633399963378906	0.07914811993638675
06	42.62080764770508	27.423765182495117	0.019317417095104854
06	22.2352237701416	21.811309814453125	0.013723385604945099
06	8.469888687133789	29.44630241394043	0.01939906721765345
06	41.2142333984375	26.200586318969727	0.05962312537612337
06	0.16104747354984283	30.492809295654297	0.03665529552734259
06	4.289567470550537	24.653078079223633	0.06908592988144267
06	4.162631988525391	33.17976760864258	0.02239341920975483
06	30.48128318786621	35.91046905517578	0.08884750667846564
06	46.53577423095703	30.18968963623047	0.04271409389647571
06	47.47142028808594	0.15450982749462128	0.045362247436335594
06	48.0118408203125	34.186153411865234	0.007065096813620941
06	14.835756301879883	3.577573299407959	0.04012107149218068
06	46.959251403808594	0.007331375032663345	0.2434144313721096
06	45.357173919677734	29.448923110961914	0.08738853940458008
06	47.73958206176758	11.111163139343262	0.05118384618650783
06	1.2970964908599854	9.230684280395508	0.019772679968313736
06	22.000001907348633	21.877798080444336	0.06365434012629768
06	22.000045776367188	41.920135498046875	0.013832455783179307
06	50.22341537475586	12.245406150817871	0.20744014329504418
06	47.48427200317383	30.216367721557617	0.006018135357986801
06	40.5994987487793	17.730806350708008	0.019059280554453537
06	46.03049087524414	0.010333842597901821	0.39410149790811455
06	6.7217864990234375	32.74399185180664	0.011885655423005424
06	44.038150787353516	27.867387771606445	0.004376300243717254
06	38.77366256713867	16.4179744720459	0.027325558843034684
06	10.79840087890625	5.179611682891846	0.028034942619728317
06	48.62176513671875	12.87401008605957	0.007956678442882767
06	41.77822494506836	19.122615814208984	0.004169756264397598
06	48.99554443359375	9.219440460205078	0.14862168013199553
06	22.42586326599121	27.88239860534668	0.04767990449639353
06	45.83197784423828	27.775434494018555	0.0015408602176290587
06	0.05865459889173508	11.355607032775879	0.020629021480227966
06	41.47005081176758	26.707439422607422	0.024986968852194452
06	30.525386810302734	27.4847469329834	0.021627173066776695
06	45.062557220458984	32.78794479370117	0.03905214177388133
06	41.51188659667969	24.784683227539062	0.09051669817982298
06	11.746101379394531	38.10731506347656	0.021142811034664963
06	13.461589813232422	26.496477127075195	0.04399764255592317
06	48.115638732910156	32.88629150390625	0.06183515534256444
06	44.1636848449707	26.40926170349121	0.048866502263329246
06	46.72177505493164	32.12825393676758	0.03172421940799915
06	48.307533264160156	26.108890533447266	0.07445156850491827
06	49.293453216552734	7.812198638916016	0.10970716946052783
06	0.05052774026989937	9.65890884399414	0.011049588408434029
06	46.57546615600586	5.065412998199463	0.06873237838347754
06	41.71724319458008	15.7957763671875	0.12368808885946632
06	41.49945068359375	8.071525573730469	0.015102888147036234
06	30.302818298339844	15.343575477600098	0.2574947746520374
06	0.012520101852715015	8.918543815612793	0.11727016370032983
06	6.771068572998047	23.09210205078125	0.029391151034470764
06	0.017353760078549385	8.610563278198242	0.06498104421531453
06	41.50151443481445	24.821718215942383	0.02300942215052518
06	47.41382598876953	1.4869762659072876	0.06566421504326683
06	10.463449478149414	3.594012498855591	0.008724384461388443
06	45.5252799987793	0.12234525382518768	0.01335597643877734
06	0.03655000030994415	8.832880973815918	0.09707371505399014
06	2.7455434799194336	6.7483415603637695	0.06313267504255188
06	47.047767639160156	31.22646713256836	0.10320960132010056
06	47.06388473510742	30.115068435668945	0.027216782172520954
06	46.11925506591797	32.85434341430664	0.04913304621974627
06	46.616397857666016	32.46064758300781	0.05630703247857816
06	44.74552917480469	27.05653190612793	0.025547031877618847
06	16.901382446289062	17.332012176513672	0.024467937648296356
06	1.408526062965393	8.244138717651367	0.028365173348874756
06	18.111661911010742	17.8324031829834	0.08853069378092965
06	48.35740280151367	11.538352966308594	0.0014321878552436829
06	11.468031883239746	8.56223201751709	0.045192381649306335
06	49.71123504638672	8.661822319030762	0.09626036683187127
06	47.4948844909668	0.3152036666870117	0.02415468634077997
06	33.9205207824707	37.71684646606445	0.04436661822326256
06	30.515356063842773	27.60868263244629	0.08438253312399893
06	0.2528868317604065	5.810309886932373	0.002111331983046097
06	1.6996909379959106	0.037941765040159225	0.012394649512840028
06	12.808510780334473	2.180091142654419	0.012796104180090355
06	13.527277946472168	39.46195602416992	0.03165647500392162
06	30.573345184326172	27.595294952392578	0.011768641345428696
06	30.53934097290039	35.925331115722656	0.006026491184126247
06	30.87865447998047	37.90138626098633	0.03631030360432658
06	19.909332275390625	4.992946147918701	0.006961434853799416
06	30.625286102294922	3.423654794692993	0.004395761950449509
06	7.629806041717529	0.27044302225112915	0.002514598044482147
06	8.930599212646484	4.583893299102783	0.006724064210147568
06	30.60023307800293	39.330596923828125	0.015252043126207409
06	8.811359405517578	5.401440143585205	0.020957731500719532
06	30.47150993347168	39.49374008178711	0.0162025046619502
06	49.93211364746094	7.101378440856934	0.15207662365653296
06	10.657922744750977	19.34785270690918	0.054087881576568686
06	38.7215576171875	16.356910705566406	0.016420693898742848
06	30.602764129638672	19.305158615112305	0.013306193067003272
06	38.50146484375	22.270008087158203	0.0270111146524097
06	38.6607666015625	8.116240501403809	0.0006526286403338091
06	13.520687103271484	39.43433380126953	0.017317087587082024
06	9.625709533691406	3.7165653705596924	0.004565865252957199
06	46.23081588745117	5.059674263000488	0.06703206742723569
06	46.217899322509766	7.75170373916626	0.07275975026761358
06	10.423370361328125	9.542447090148926	0.05034164090951285
06	6.703269004821777	10.07352352142334	0.02263793552463705
06	47.798587799072266	7.672083377838135	0.05794001777063717
06	0.08763781934976578	7.824433326721191	0.02633181056289962
06	30.717281341552734	39.22808074951172	0.03690138549515695
06	10.568631172180176	5.439321994781494	0.00982809066772461
06	10.492326736450195	5.428879737854004	0.014300373693307243
06	19.322668075561523	19.20736312866211	0.011449010136293208
06	22.0	22.111669540405273	0.0054887008260596885
06	22.140335083007812	5.271891117095947	0.020966586741534145
07	5.277431488037109	38.81028747558594	0.01593870297074318
07	38.85230255126953	39.282020568847656	0.0012086741626262665
07	40.48308563232422	43.87136459350586	0.00287739560008049
07	20.21747589111328	9.030350685119629	0.010560255497694016
07	27.445899963378906	27.301528930664062	0.004752252250909805
07	9.608626365661621	15.751313209533691	0.022364333271980286
07	16.388916015625	28.682270050048828	0.007518284022808075
07	33.451576232910156	40.81486511230469	0.006123233586549759
07	30.462196350097656	28.620025634765625	0.009751617908477783
07	13.669378280639648	27.23817253112793	0.011783000081777573
07	10.505574226379395	41.74544143676758	0.01002870500087738
07	2.757028102874756	29.396045684814453	0.0009618960320949554
07	16.2313175201416	19.039932250976562	0.0006811507046222687
07	19.216154098510742	33.1427001953125	0.004038874059915543
07	13.819900512695312	53.29859161376953	0.006081151611664726
07	22.4041748046875	35.50867462158203	0.01978914812207222
07	18.538509368896484	36.5426139831543	0.0007226541638374329
07	40.60182189941406	33.812259674072266	0.01756192371249199
07	26.38860511779785	38.85572052001953	0.016356613487005234
07	0.053146373480558395	5.851996421813965	0.025455377995967865
07	5.317451000213623	38.68363952636719	0.008752424269914627
07	13.454846382141113	41.84951400756836	0.013208836317062378
07	45.6522102355957	16.819156646728516	0.0037568286061286926
07	42.907833099365234	29.642518997192383	0.015251986682415009
07	23.058753967285156	32.38211441040039	0.01421162486076355
07	15.01636028289795	43.98572540283203	0.014583263546228409
07	25.221769332885742	24.41627311706543	0.021607328206300735
07	29.84716033935547	33.79090118408203	0.03457645699381828
07	19.34347152709961	44.895965576171875	0.049013204872608185
07	17.760028839111328	34.88990020751953	0.031167272478342056
07	19.67421531677246	24.776763916015625	0.009941253811120987
07	30.140689849853516	38.99067306518555	0.006288714706897736
07	30.324430465698242	25.02168846130371	0.005262560704175162
07	2.6915547847747803	9.498167991638184	0.009293485432863235
07	5.339561939239502	42.120296478271484	0.01034076139330864
07	29.582698822021484	38.02596664428711	0.0013056769967079163
07	23.298357009887695	34.155250549316406	0.05854658782482147
07	46.3360481262207	37.71202087402344	0.022689230740070343
07	30.372392654418945	38.733070373535156	0.001610003411769867
07	13.688815116882324	25.30034065246582	0.010432209819555283
07	28.461261749267578	25.66744613647461	0.002717640031786525
07	20.62556266784668	35.835968017578125	0.019773095846176147
07	14.99425220489502	51.394691467285156	0.08859971823061213
07	16.82959747314453	33.52878189086914	0.005575377494096756
07	17.535816192626953	51.19569396972656	0.12096168144660838
07	16.423444747924805	49.70352554321289	0.054121773689985275
07	38.344051361083984	22.116918563842773	0.029914379119873047
07	22.618711471557617	32.62543869018555	0.003270462155342102
07	17.059484481811523	37.61692428588867	0.019612114876508713
07	35.14254379272461	33.85919952392578	0.0008043274283409119
07	30.147075653076172	30.118671417236328	0.011770002543926239
07	15.469049453735352	35.62961959838867	0.013962049256352818
07	18.614377975463867	52.012451171875	0.1490461247808793
07	20.137845993041992	50.40865707397461	0.17702193996485543
07	16.443220138549805	43.368587493896484	0.005790002644062042
07	23.434383392333984	45.611690521240234	0.02225605398416519
07	11.908685684204102	46.25608444213867	0.07972744852304459
07	36.94807052612305	25.41232681274414	0.00527571514248848
07	14.308652877807617	40.586769104003906	0.060634743641404545
07	16.253822326660156	20.00341796875	0.034520216286182404
07	16.376041412353516	49.114959716796875	0.026107665370492375
07	17.299772262573242	33.024925231933594	0.015342231839895248
07	37.277950286865234	29.312992095947266	0.014079838991165161
07	16.391216278076172	28.794767379760742	0.022651247680187225
07	30.49117088317871	39.45384979248047	0.03126641362905502
07	28.088289260864258	39.54256057739258	0.019287828356027603
07	5.2262773513793945	41.299964904785156	0.0022685229778289795
07	25.050548553466797	38.67529296875	0.014933142811059952
07	16.202312469482422	24.971508026123047	0.00796901062130928
07	15.700729370117188	50.74058532714844	0.05348361020579058
07	16.38731575012207	51.372467041015625	0.022939085083849287
07	24.77956771850586	31.223661422729492	0.007868882049532497
07	16.384511947631836	27.568330764770508	0.009949300438165665
07	5.3207316398620605	22.113771438598633	0.022198721766471863
07	24.704526901245117	31.3710880279541	0.030442357063293457
07	24.92940330505371	27.49187660217285	0.006628632545471191
07	38.75508499145508	38.77560043334961	0.014879092574119568
07	8.183768272399902	41.37834167480469	0.030533313751220703
07	1.501186490058899	44.68284225463867	0.0032809749245643616
07	16.233488082885742	25.05524253845215	0.001794762909412384
07	42.17839050292969	35.455909729003906	0.005374737083911896
07	16.047779083251953	41.31657791137695	0.015347704291343689
07	36.36586380004883	39.6447868347168	0.015920892357826233
07	17.420387268066406	50.34353256225586	0.03121938556432724
07	25.752283096313477	34.06724166870117	0.005751397460699081
07	35.4827995300293	31.142423629760742	0.031049322336912155
07	36.05474853515625	27.614532470703125	0.004651553928852081
07	18.672683715820312	21.99564552307129	0.012469921261072159
07	38.49940872192383	22.273332595825195	0.013393435627222061
07	38.67902755737305	22.048810958862305	0.004201866686344147
07	25.161949157714844	35.689605712890625	0.00583016499876976
07	24.880163192749023	10.75289249420166	0.0007869824767112732
07	30.372255325317383	27.533855438232422	0.023669593036174774
07	16.39655113220215	13.562300682067871	0.02547881007194519
07	25.232690811157227	34.39421463012695	0.041081689298152924
07	17.921545028686523	50.59949493408203	0.07966654046493418
07	32.50914764404297	29.891067504882812	0.05239371582865715
07	35.60053634643555	41.10196304321289	0.014955036342144012
07	29.297725677490234	35.238380432128906	0.01255008578300476
07	16.592052459716797	42.15012741088867	0.018812023103237152
07	21.040599822998047	49.1764030456543	0.01343449205160141
07	20.922988891601562	34.85665512084961	0.03627925366163254
07	17.29949378967285	42.66267395019531	0.03319605812430382
07	16.397686004638672	13.5943021774292	0.01815563440322876
07	36.19111251831055	2.812594413757324	0.00017010420560836792
07	30.425920486450195	27.43920135498047	0.010948393493890762
07	22.29952621459961	11.886646270751953	0.0012780725955963135
07	27.682544708251953	35.02902603149414	0.011913731694221497
07	27.74452018737793	11.967927932739258	0.018213599920272827
07	16.451473236083984	27.649917602539062	0.03406744822859764
07	16.304895401000977	27.47555923461914	0.01512182131409645
07	14.62385368347168	32.28666687011719	0.004146892577409744
07	10.319192886352539	32.49685287475586	0.009764187037944794
07	21.9871883392334	48.731788635253906	0.02283046394586563
07	14.417360305786133	42.27577209472656	0.020405873656272888
07	27.15846824645996	25.32628631591797	0.007840532809495926
07	21.433319091796875	20.827970504760742	0.017610590904951096
07	24.896766662597656	19.125944137573242	0.003748524934053421
07	25.009281158447266	19.105329513549805	0.008858345448970795
07	27.43853187561035	33.80025863647461	0.0004856884479522705
07	27.577043533325195	16.653661727905273	0.0019081085920333862
07	21.96030044555664	32.988372802734375	0.021563764661550522
07	39.99985885620117	30.455917358398438	0.005829386413097382
07	25.794445037841797	16.87331199645996	0.01818964257836342
07	33.43362808227539	27.379297256469727	0.0065381452441215515
07	19.901927947998047	39.098812103271484	0.013120278716087341
07	20.28612518310547	27.42752456665039	0.01749243214726448
07	3.6583938598632812	15.473672866821289	0.05365433543920517
07	16.409868240356445	33.125274658203125	0.012480556964874268
07	11.665653228759766	16.281402587890625	0.0034388042986392975
07	33.19807434082031	5.381495952606201	0.0031599365174770355
07	10.735339164733887	29.834644317626953	0.02500857412815094
07	10.461309432983398	31.268909454345703	0.016871079802513123
07	13.847122192382812	33.70558166503906	0.009014371782541275
08	24.787803649902344	24.655029296875	0.011979419738054276
08	27.55355453491211	35.94413375854492	0.05349777638912201
08	4.222274303436279	25.31732749938965	0.0018079839646816254
08	5.86799430847168	4.2918009757995605	0.012253135442733765
08	33.16061782836914	38.81224822998047	0.007897134870290756
08	8.48044490814209	0.08005085587501526	0.00644548237323761
08	6.849070072174072	1.4788216352462769	0.046418700367212296
08	16.65129280090332	24.73572540283203	0.013348046690225601
08	5.186905384063721	27.698768615722656	0.009295966476202011
08	2.4433066844940186	31.942209243774414	0.003138020634651184
08	27.68483543395996	35.81007766723633	0.0032848715782165527
08	6.245516777038574	5.339420318603516	0.006454490125179291
08	15.396599769592285	31.408859252929688	0.010157804936170578
08	43.787567138671875	30.973037719726562	0.007612802088260651
08	20.37409210205078	36.60914611816406	0.0025996454060077667
08	4.948642253875732	37.71577072143555	0.015220645815134048
08	27.60981559753418	33.1831169128418	0.010693460702896118
08	19.202835083007812	8.085172653198242	0.016950298100709915
08	4.863533020019531	1.8794718980789185	0.0017764230861383318
08	6.480047702789307	1.3838270902633667	0.01174221932888031
08	6.017277717590332	0.7774987816810608	0.003437027335166931
08	0.7808892130851746	6.495683193206787	0.006171438843011856
08	5.310348033905029	5.252530097961426	0.0009432248771190643
08	27.856416702270508	5.468761444091797	0.024479095111874974
08	5.754611015319824	34.956085205078125	0.011382810771465302
08	27.563379287719727	19.15361213684082	0.0019272193312644958
08	12.911961555480957	3.6792361736297607	0.039137594401836395
08	14.284936904907227	6.006331443786621	0.016935739666223526
08	26.80893898010254	34.58827590942383	0.023527931421995163
08	2.6794683933258057	3.8165624141693115	0.08828084915876389
08	13.41722583770752	0.026290403679013252	0.012834206223487854
08	7.0781941413879395	4.442831516265869	0.02217269316315651
08	19.653762817382812	3.7236738204956055	0.025218624621629715
08	47.650638580322266	0.6120571494102478	0.006516411900520325
08	21.732337951660156	21.712305068969727	0.0006478391587734222
08	7.264073848724365	0.6742646098136902	0.010436385869979858
08	1.6936501264572144	3.7015488147735596	0.03401843085885048
08	5.755109786987305	38.16690444946289	0.017511870712041855
08	19.28110694885254	16.37388038635254	0.06994539148667281
08	14.203146934509277	1.6571707725524902	0.001213565468788147
08	32.712127685546875	19.271026611328125	0.03534630313515663
08	9.043291091918945	20.208520889282227	0.08968585729598999
08	41.28398513793945	36.290870666503906	0.0003194756367627394
08	19.218191146850586	31.198015213012695	0.0235372893512249
08	15.825732231140137	0.00571209704503417	0.29503709077835083
08	28.003023147583008	19.154417037963867	0.06198113280184128
08	16.274093627929688	0.012224997393786907	0.03140034921029036
08	12.820700645446777	2.2063918113708496	0.02810676023364067
08	8.075088500976562	19.10649299621582	0.015237901359796524
08	24.861465454101562	16.457719802856445	0.015595387667417526
08	0.31674882769584656	49.641944885253906	0.00317981094121933
08	14.613247871398926	30.9291934967041	0.012445118278265
08	38.79290771484375	10.953656196594238	0.0020810775458812714
08	13.574784278869629	12.85428524017334	0.010053752976305341
08	6.252730846405029	38.02658462524414	0.019804269075393677
08	24.945466995239258	19.148860931396484	0.004151247441768646
08	21.746187210083008	0.06822242587804794	0.028024084866046906
08	48.26966094970703	34.4571418762207	0.05708922489601023
08	12.986207008361816	18.364599227905273	0.01314685121178627
08	17.802446365356445	22.32843589782715	0.01769658550620079
08	8.857745170593262	7.697454452514648	0.02077881619334221
08	19.202606201171875	16.40308952331543	0.002998475642765258
08	38.811344146728516	41.402000427246094	0.006041917949914932
08	38.50941467285156	37.876529693603516	0.019942793995141983
08	10.37828254699707	0.8877233862876892	0.0024358034133911133
08	22.17867088317871	21.76571273803711	0.09956899657845497
08	22.089738845825195	20.668903350830078	0.05074457429787692
08	1.5344561338424683	0.05734687298536301	0.048290838213527906
08	11.828243255615234	1.2109357118606567	0.0274505577981472
08	13.466217994689941	1.9176174402236938	0.011919178068637848
08	13.152992248535156	27.58509063720703	0.006931256502866745
08	11.316299438476562	0.03175127133727074	0.01834346354007721
08	15.28273868560791	28.493717193603516	0.012682292610406876
08	19.082523345947266	16.436370849609375	0.003987343872294713
08	24.70181655883789	18.634225845336914	0.017005573958158493
08	43.52984619140625	32.44554901123047	0.018727045506238937
08	44.01533126831055	0.04304282367229462	0.03126231098876281
08	19.211868286132812	16.436843872070312	0.130097937058
08	0.11044611781835556	7.303536891937256	0.00925515592098236
08	35.25614547729492	33.293663024902344	0.02606355004450854
08	40.027549743652344	38.79493713378906	0.001481965184211731
08	14.485910415649414	5.211981773376465	0.04588502272963524
08	4.527552604675293	7.579862117767334	0.005697857588529587
08	47.376556396484375	9.583939552307129	0.011173523962497711
08	21.73248291015625	21.804645538330078	0.040703203748254216
08	8.10440444946289	5.230780601501465	0.005316298454999924
08	26.74091148376465	34.17473220825195	0.02836957946419716
08	42.8231086730957	33.6590690612793	0.018346775323152542
08	14.547588348388672	1.0867130756378174	0.03307364135980606
08	11.231246948242188	41.639434814453125	0.01953921467065811
08	27.634668350219727	10.789058685302734	0.013101261109113693
08	2.977586269378662	13.073139190673828	0.008762363344430923
08	29.965307235717773	5.278364658355713	0.002990737557411194
08	6.678065299987793	34.79883575439453	0.012002550503786874
08	26.73698616027832	38.23704528808594	0.008033275604248047
08	27.803422927856445	2.4032130241394043	0.031365629066439235
08	28.475601196289062	25.59443473815918	0.01111464574933052
08	27.58165168762207	5.248953819274902	0.0054262615740299225
08	24.799989700317383	24.831823348999023	0.015316911041736603
08	27.516117095947266	35.9450798034668	0.0063114166259765625
08	16.32278823852539	8.620194435119629	0.020678598433732986
08	3.524714946746826	13.387628555297852	0.03158384561538696
08	1.0847153663635254	11.883743286132812	0.03462326526641846
08	3.008031129837036	11.322205543518066	0.0034293383359909058
08	14.540771484375	0.02235022932291031	0.08900632972226423
08	13.798893928527832	16.7601261138916	0.0017066150903701782
08	43.66657638549805	15.857295989990234	0.0011556334793567657
08	19.152206420898438	35.859981536865234	0.005513444542884827
08	2.1566035747528076	34.60517501831055	0.013577755321474635
08	3.9230432510375977	10.85179328918457	0.007352665066719055
08	3.815783977508545	36.284420013427734	0.013125646859407425
08	41.261295318603516	32.07094955444336	0.0033187754452228546
08	41.17428970336914	12.897499084472656	0.01345299556851387
08	15.940156936645508	3.560314893722534	0.04729654639959335
08	0.030392950400710106	5.52314567565918	0.0032867267727851868
08	21.576324462890625	13.461817741394043	0.005009494721889496
08	35.380863189697266	42.21376037597656	0.00570264458656311
08	19.412141799926758	1.8908275365829468	0.004582758992910385
08	2.11291766166687	7.054169178009033	0.0036388710141181946
08	9.701592445373535	20.91216468811035	0.028708644211292267
08	37.64604568481445	34.167198181152344	0.007845699787139893
08	5.768129825592041	5.153205394744873	0.014976155012845993
08	1.066133737564087	9.085516929626465	0.0019594915211200714
08	0.022320203483104706	34.17372512817383	0.0027146190404891968
08	11.505500793457031	3.6662631034851074	0.029157690703868866
08	10.159564018249512	0.8407875895500183	0.027869198471307755
08	27.04847526550293	4.552488803863525	0.01143200695514679
08	3.4415695667266846	35.393821716308594	0.002887055277824402
08	13.50344467163086	35.89311981201172	0.003604702651500702
08	27.548856735229492	35.95730972290039	0.010824546217918396
09	44.169925689697266	28.66828155517578	0.0011342167854309082
09	3.645676374435425	0.13663551211357117	0.11674952507019043
09	3.6764914989471436	13.424235343933105	0.056699737906455994
09	0.21823957562446594	9.667552947998047	0.0046681128442287445
09	6.724156379699707	29.654870986938477	0.0012881197035312653
09	10.719566345214844	0.054386354982852936	0.16886883886421428
09	16.85977554321289	16.930601119995117	0.010465424507856369
09	30.074012756347656	19.01458168029785	0.005024649202823639
09	12.770195960998535	0.1902022361755371	0.005302406847476959
09	30.15773582458496	27.96633529663086	0.0005890391767024994
09	2.878917932510376	8.355669975280762	0.05111250281333923
09	9.814836502075195	13.627159118652344	0.05161802098155022
09	1.3598581552505493	0.06386134773492813	0.02107510671896093
09	7.8198418617248535	0.04734257608652115	0.1010839156806469
09	30.755748748779297	24.716405868530273	0.03008643165230751
09	21.96767807006836	7.883205413818359	0.035263437777757645
09	0.15325132012367249	7.0984930992126465	0.0003273114562034607
09	0.746227502822876	9.225887298583984	0.03561125695705414
09	5.273208141326904	46.59964370727539	0.0045775361359119415
09	8.523359298706055	24.281253814697266	0.015312425792217255
09	19.215417861938477	29.333885192871094	0.012625467032194138
09	11.794360160827637	0.9523552656173706	0.03678699188372668
09	9.850536346435547	6.349722385406494	0.06056063994765282
09	12.79220962524414	10.736089706420898	0.007748737931251526
09	30.49570655822754	25.863136291503906	0.027343373745679855
09	30.295400619506836	24.77060890197754	0.026981119066476822
09	0.17865921556949615	5.695958614349365	0.03469391605433296
09	10.135879516601562	0.0348111093044281	0.03443897909977857
09	10.33840274810791	13.150486946105957	0.004948757588863373
09	12.907705307006836	53.5865478515625	0.16617906444212968
09	14.380023956298828	24.798643112182617	0.04443080723285675
09	14.412546157836914	24.750967025756836	0.012105852365493774
09	30.744718551635742	24.59357452392578	0.0041148180470747114
09	14.302897453308105	54.682273864746094	0.01396255721064174
09	0.22214709222316742	4.939883708953857	0.03826819732785225
09	3.236199140548706	10.028881072998047	0.022825930486707127
09	6.171017169952393	24.700183868408203	0.03082829713821411
09	8.105463981628418	27.822683334350586	0.008261848241090775
09	8.71817684173584	24.879796981811523	0.04288246110081673
09	11.978190422058105	21.56615447998047	0.018172122538089752
09	2.731367349624634	10.40614128112793	0.009296003729104996
09	8.797494888305664	11.206538200378418	0.0337113396209829
09	9.489472389221191	3.3482418060302734	0.06080193445086479
09	11.213532447814941	9.090838432312012	0.0019182488322257996
09	34.55051040649414	17.02680206298828	0.01898191124200821
09	1.8725333213806152	13.907999992370605	0.0057552270591259
09	11.28149700164795	10.222408294677734	0.0440137438914355
09	13.099790573120117	9.704375267028809	0.043195877224206924
09	2.019676923751831	13.606063842773438	0.04819222167134285
09	2.896639585494995	13.765151023864746	0.01636034995317459
09	31.176549911499023	27.645137786865234	0.01317308098077774
09	11.145730018615723	26.529001235961914	0.02713557705283165
09	11.99647045135498	15.36011791229248	0.006935980170965195
09	25.020915985107422	19.24614715576172	0.017834443598985672
09	4.026634216308594	28.192012786865234	0.015146713703870773
09	7.175078392028809	0.3756788372993469	0.051397453993558884
09	11.82839584350586	21.72390365600586	0.009717077016830444
09	8.593775749206543	10.155097961425781	0.0019392669200897217
09	19.27952766418457	10.9164457321167	0.04757993668317795
09	14.5664644241333	24.79239845275879	0.016239367425441742
09	11.831049919128418	14.439613342285156	0.0808299370110035
09	43.54719543457031	15.901692390441895	0.006350487470626831
09	49.31007385253906	14.474313735961914	0.0140027815804762
09	13.18171501159668	25.803455352783203	0.0277840718626976
09	9.400501251220703	25.62942123413086	0.013744167983531952
09	1.9669501781463623	14.778337478637695	0.01824449747800827
09	13.457355499267578	15.286331176757812	0.007932343027170968
09	41.517112731933594	24.775632858276367	0.03444170579314232
09	34.055320739746094	29.099563598632812	0.01239709950545255
09	20.56062889099121	9.133889198303223	0.026769917458295822
09	9.768425941467285	26.552377700805664	0.031030729632167256
09	10.154341697692871	28.60547637939453	0.03641441836953163
09	19.516830444335938	24.949485778808594	0.010524582117795944
09	8.170463562011719	16.16798973083496	0.004963036626577377
09	13.146393775939941	26.492273330688477	0.0073923952877521515
09	5.611234188079834	25.10586166381836	0.012566428631544113
09	0.6830652356147766	13.582695960998535	0.04305587708950043
09	12.776000022888184	26.31079864501953	0.005858723074197769
09	8.763191223144531	13.310383796691895	0.02356052793124143
09	32.615028381347656	16.305675506591797	0.02370709553360939
09	3.3015007972717285	13.732604026794434	0.014376018196344376
09	3.6714985370635986	31.690412521362305	0.006819617003202438
09	33.414939880371094	11.018035888671875	0.012351050972938538
09	30.913084030151367	25.712114334106445	0.022349964827299118
09	13.13863468170166	14.166311264038086	0.00830762438914355
09	46.03036880493164	25.290254592895508	0.011775828897953033
09	41.66471862792969	24.801631927490234	0.006824884344549753
09	44.21782684326172	32.34587478637695	0.007063739001750946
09	9.855621337890625	28.643096923828125	0.013032190501689911
09	7.45399284362793	11.281811714172363	0.003940761089324951
09	33.589385986328125	31.053733825683594	0.0018558988676351668
09	13.012741088867188	14.16823673248291	0.03353999160668429
09	12.207208633422852	16.794179916381836	0.008141383528709412
09	14.064116477966309	24.20091438293457	0.016552072018384933
09	13.722711563110352	14.083294868469238	0.06909512355923653
09	16.44988250732422	27.595855712890625	0.05058956891298294
09	14.91962718963623	26.49711036682129	0.008486803621053696
09	19.120573043823242	27.488557815551758	0.03246781975030899
09	13.19996452331543	36.40370178222656	0.017510298639535904
09	8.455130577087402	14.038736343383789	0.03106079206747167
09	7.679290294647217	13.887190818786621	0.04070868343114853
09	8.453770637512207	16.811017990112305	0.010580424219369888
09	7.064157009124756	13.989477157592773	0.02167966589331627
09	10.881780624389648	25.99539566040039	0.028028972446918488
09	13.164617538452148	27.657194137573242	0.047778392539304854
09	12.711146354675293	19.83106231689453	0.006631683558225632
09	0.22319352626800537	24.727313995361328	0.04632210358977318
09	38.74094009399414	22.207237243652344	0.01971358433365822
09	13.828706741333008	13.333237648010254	0.11456147953867912
09	13.511137008666992	8.56069278717041	0.02587696953731425
09	13.09090805053711	14.853386878967285	0.033812522888183594
09	14.365610122680664	14.066177368164062	0.011826060712337494
09	43.00137710571289	31.184524536132812	0.019109506160020828
09	0.014224768616259098	12.453703880310059	0.021636981736211217
09	11.558544158935547	29.66313934326172	0.010187432169914246
09	9.360275268554688	27.670541763305664	0.006797541152028477
09	12.919917106628418	13.86518383026123	0.0015942677855491638
09	16.71738052368164	24.755468368530273	0.0026658177375793457
09	10.44145393371582	27.724613189697266	0.012103773215237784
09	8.657958030700684	24.688081741333008	0.024599526077508926
09	14.081337928771973	16.16004753112793	0.039962038397789
09	10.88258171081543	35.631622314453125	0.01860906556248665
09	13.82702922821045	25.25821876525879	0.009418603032827377
09	7.396180152893066	17.835987091064453	0.01568949967622757
09	5.439897537231445	0.15789401531219482	0.03842140734195709
09	14.048196792602539	16.320602416992188	0.004883892834186554
09	5.00803804397583	39.48438262939453	0.05482567101716995
09	42.79440689086914	26.750938415527344	0.015942588448524475
09	11.091695785522461	27.74512481689453	0.03888032212853432
09	14.702359199523926	26.170522689819336	0.021915443241596222
09	14.52257251739502	24.938142776489258	0.03200753405690193
09	51.876609802246094	13.671698570251465	0.008949055391199445
09	19.38355827331543	14.915847778320312	0.04762526601552963
09	0.6323314309120178	10.998127937316895	0.04424057550290052
09	1.161619782447815	10.982425689697266	0.02601279690861702
09	0.36151155829429626	11.854043006896973	0.044772807508707047
09	14.760224342346191	26.195573806762695	0.010033100843429565
09	19.120044708251953	19.19701385498047	0.0002771243453025818
09	17.92617416381836	9.749744415283203	0.002783648669719696
09	0.15431329607963562	22.567411422729492	0.0063111444606500505
09	39.337947845458984	0.37031519412994385	0.00023335590958595276
09	13.902061462402344	7.633790016174316	0.01208626851439476
09	14.985480308532715	37.711002349853516	0.0032313838601112366
09	0.03364267200231552	12.213333129882812	0.0020598208203035234
09	0.12354355305433273	9.23026180267334	0.009112685918807983
09	17.214252471923828	21.63490104675293	0.014154188334941864
09	10.412004470825195	36.206111907958984	0.006213877350091934
09	14.856643676757812	26.701419830322266	0.024246494559680712
09	31.07511329650879	26.253868103027344	0.013600546647520625
09	14.440106391906738	24.737621307373047	0.04599704220890999
09	4.7663679122924805	16.848215103149414	0.014385603368282318
09	13.936408996582031	25.299354553222656	0.032946012914180756
09	8.271296501159668	22.614595413208008	0.013787925243377686
09	33.28025817871094	18.283283233642578	0.02745673432946205
09	5.155219554901123	2.6744580268859863	0.00650189071893692
09	39.16469955444336	22.507118225097656	0.022035937756299973
09	0.687404990196228	10.175617218017578	0.02630006894469261
09	11.46401596069336	22.547428131103516	0.013703066855669022
09	41.733306884765625	24.780662536621094	0.005708377808332443
09	13.988265037536621	25.310413360595703	0.035318758338689804
09	41.49995422363281	24.905324935913086	0.05311339721083641
09	31.711467742919922	24.875925064086914	0.01593082770705223
09	16.925743103027344	16.41720199584961	0.009329676628112793
09	14.358765602111816	24.844919204711914	0.0035797320306301117
09	31.39836311340332	30.436573028564453	0.019208230078220367
09	36.276268005371094	31.651569366455078	0.01656060665845871
09	9.801727294921875	20.221879959106445	0.01097177341580391
09	31.223403930664062	25.81154441833496	0.024886034429073334
09	14.348870277404785	25.331867218017578	0.04566509649157524
09	27.69578742980957	25.892135620117188	0.0007349662482738495
09	12.791145324707031	25.519908905029297	0.010701965540647507
09	13.449501037597656	25.66901969909668	0.029905952513217926
09	14.880269050598145	14.096495628356934	0.002717111478833592
09	14.291399955749512	25.315784454345703	0.03797104209661484
09	29.913963317871094	25.151187896728516	0.05195200443267822
09	30.09640884399414	24.845457077026367	0.02097679302096367
09	13.757393836975098	25.316638946533203	0.0017102397978305817
09	30.549367904663086	24.78388023376465	0.037227172404527664
09	14.38547134399414	24.74297523498535	0.006291765719652176
09	46.54975128173828	25.606245040893555	0.009502407163381577
09	13.651379585266113	26.111892700195312	0.03197468422791537
09	13.895575523376465	24.392955780029297	0.004506714642047882
09	44.78178024291992	24.781070709228516	0.009775351732969284
09	15.355324745178223	25.65494728088379	0.007265299558639526
09	13.97357177734375	24.509057998657227	0.002038918435573578
09	14.457416534423828	24.36734390258789	0.011515028774738312
09	14.061395645141602	24.66100311279297	0.02665817365050316
09	21.06893539428711	31.21645736694336	0.0455305241048336
09	13.813668251037598	25.346296310424805	0.03385460376739502
09	12.78250503540039	24.284847259521484	0.006461627781391144
09	2.1178150177001953	24.829931259155273	0.0033816099166870117
09	22.001428604125977	18.964601516723633	0.013232666999101639
09	0.6519266963005066	28.47339630126953	0.0055734217166900635
09	13.793634414672852	24.566741943359375	0.03219399995663587
09	3.510004758834839	11.117681503295898	0.007908761939581704
09	17.588428497314453	0.3308081328868866	0.0029852651059627533
09	22.000890731811523	24.707693099975586	0.0037354081869125366
09	22.071163177490234	24.93951416015625	0.02245042845606804
09	21.980756759643555	24.23453140258789	0.019022375345230103
09	22.0	22.50721549987793	0.004509486258029938
09	21.99999237060547	22.45012092590332	0.004949335008859634
09	16.375864028930664	8.071223258972168	0.012090761214494705
10	18.44158172607422	33.936492919921875	0.0071526989340782166
10	7.251223087310791	9.883893013000488	0.04065898433327675
10	19.195629119873047	10.835760116577148	0.012254301458597183
10	27.585453033447266	42.7055549621582	0.0002668313682079315
10	10.267473220825195	11.393393516540527	0.015744708478450775
10	16.837331771850586	33.73906707763672	0.005153108388185501
10	7.92404842376709	11.16824722290039	0.0064935460686683655
10	16.200159072875977	2.2899508476257324	0.0038028471171855927
10	15.97795581817627	34.452796936035156	0.02212473750114441
10	19.424009323120117	51.024696350097656	0.05113513154142044
10	4.194076061248779	33.21892547607422	0.018458347548456752
10	21.779050827026367	38.45631408691406	0.020145758986473083
10	19.17317008972168	10.804692268371582	0.00490541011095047
10	16.33902359008789	7.543964385986328	0.017028726637363434
10	13.194436073303223	0.22448164224624634	0.12363647187457369
10	16.360563278198242	31.835960388183594	0.03943190767484553
10	17.226642608642578	34.34257888793945	0.0008722762851154087
10	17.710935592651367	33.94354248046875	0.013037670403718948
10	18.546140670776367	13.803644180297852	0.019954729825258255
10	0.13616879284381866	0.8172463774681091	0.034431494772434235
10	33.51225662231445	35.869911193847656	0.007052522152662277
10	1.1526979207992554	5.3849873542785645	0.019728373736143112
10	24.107824325561523	29.536928176879883	0.016456138342618942
10	15.855889320373535	1.8396172523498535	0.00959676131606102
10	48.041587829589844	11.488597869873047	0.02546384558081627
10	12.685428619384766	2.9317069053649902	0.0020548850297927856
10	17.016342163085938	34.31118392944336	0.013215678579667045
10	16.62552833557129	13.37777042388916	0.023680396816309762
10	15.554341316223145	11.616146087646484	0.047515390550389
10	16.854076385498047	33.42890167236328	0.03562628850340843
10	16.98922348022461	34.20206832885742	0.05897321771172917
10	15.673989295959473	2.3161511421203613	0.016622770577669144
10	0.7119491100311279	3.607778549194336	0.08151991292834282
10	0.375673770904541	2.008115291595459	0.012452389825792873
10	13.634764671325684	7.452990531921387	0.11776633933186531
10	46.703285217285156	25.398386001586914	0.009900601471171666
10	0.5713816285133362	6.398313999176025	0.10224131363279682
10	0.3029848635196686	8.18552303314209	0.06294544786214828
10	15.839272499084473	13.144569396972656	0.04656953408437617
10	36.07029342651367	10.92204475402832	0.07741740170647116
10	13.592020988464355	38.896812438964844	0.020764082670211792
10	41.5	38.793907165527344	0.006803505122661591
10	45.649471282958984	0.08686515688896179	0.009787343880709481
10	15.853219985961914	13.171920776367188	0.022645629942417145
10	45.25001525878906	0.0616142600774765	0.08514355999581955
10	43.51409149169922	0.28239595890045166	0.00020795359331018948
10	0.4783053398132324	4.798149108886719	0.026509192060021808
10	45.38953399658203	0.03072338178753853	0.039513793500030744
10	16.404678344726562	10.798124313354492	0.008995924364118016
10	16.490436553955078	30.54250717163086	0.030511009342530204
10	16.514198303222656	10.494887351989746	0.0021917931735515594
10	47.174076080322266	0.01521137822419405	0.35095395761377673
10	24.91448974609375	16.45005989074707	0.008899025619029999
10	47.04402160644531	0.019918639212846756	0.20817497372627258
10	35.92037582397461	38.63115692138672	0.007162485929096435
10	35.74260330200195	32.792083740234375	0.010967757771996878
10	21.189361572265625	8.473409652709961	0.019788656383752823
10	16.731670379638672	16.821239471435547	0.010132603347301483
10	18.973180770874023	24.98115348815918	0.00740803383729037
10	35.42131423950195	25.195648193359375	0.005906339953927434
10	16.081140518188477	12.443941116333008	0.017313170082428858
10	19.27471160888672	33.08885955810547	0.01592361554503441
10	46.13874435424805	0.06323199719190598	0.09536207116702024
10	17.324127197265625	10.922502517700195	0.048744529485702515
10	35.999961853027344	41.20994567871094	0.029218650916043448
10	41.50470733642578	10.856971740722656	0.015336770783452428
10	15.847199440002441	10.867887496948242	0.014233432271901297
10	4.22456169128418	35.82698440551758	0.03134561636868646
10	36.53617477416992	26.102474212646484	0.002361219157190883
10	16.5062198638916	7.937167167663574	0.013682559132575989
10	47.75014877319336	0.006463919300585985	0.14179806498920217
10	48.36689376831055	32.74312210083008	0.002621100229375506
10	33.354942321777344	34.6672248840332	0.06057795706917257
10	22.146345138549805	12.811263084411621	0.03186766058206558
10	19.783124923706055	12.008371353149414	0.06993767246603966
10	15.2261323928833	18.766698837280273	0.04595475643873215
10	35.808223724365234	22.20730972290039	0.01620905101299286
10	15.966306686401367	34.78915786743164	0.0022934377193450928
10	46.00065612792969	0.06624028831720352	0.06709910578587477
10	0.15033312141895294	0.010704321786761284	0.0029858052730560303
10	46.51932144165039	0.010903097689151764	0.0370557834120358
10	16.18899154663086	33.96004104614258	0.014642917058047128
10	17.01854705810547	5.444364070892334	0.050581402638379264
10	35.1042594909668	10.885584831237793	0.022023293901892282
10	16.58843231201172	34.61466979980469	0.0011771805584430695
10	36.85043716430664	1.1430400609970093	0.05628751590847969
10	47.90271759033203	31.40467643737793	0.0963916962637621
10	16.403522491455078	34.15861892700195	0.08228564613005696
10	16.235048294067383	34.470794677734375	0.12825676097589378
10	16.7812557220459	30.498838424682617	0.012120213359594345
10	20.981447219848633	10.627606391906738	0.02306842803955078
10	14.823457717895508	18.015399932861328	0.04491262510418892
10	18.82566261291504	21.98148536682129	0.022513870149850845
10	0.03967166692018509	6.500405311584473	0.09501755106098511
10	6.87400484085083	35.68825912475586	0.030007652938365936
10	18.340837478637695	10.595930099487305	0.003793809562921524
10	17.162593841552734	33.750396728515625	0.005633346736431122
10	16.496967315673828	29.562835693359375	0.009133778950747323
10	17.88961410522461	9.829036712646484	0.010740984012098873
10	17.23523712158203	5.829211235046387	0.0403373723520952
10	32.77342987060547	38.71554946899414	0.06240595132112503
10	27.86700439453125	47.73324203491211	0.008401192724704742
10	32.78728485107422	11.287940979003906	0.007899201968136954
10	13.547283172607422	38.6599006652832	0.02364090085029602
10	41.677730560302734	32.6037712097168	0.017783045330468344
10	15.449127197265625	17.372154235839844	0.000964626669883728
10	22.392044067382812	16.4005126953125	0.09357456862926483
10	18.878644943237305	12.009076118469238	0.0058269985020160675
10	33.02726745605469	36.128562927246094	0.002394154667854309
10	17.599590301513672	34.03165817260742	0.004592315239064837
10	17.08026695251465	34.8312873840332	0.003870386630296707
10	18.228544235229492	34.03139877319336	0.0029547736048698425
10	18.904178619384766	13.672687530517578	0.026314467191696167
10	21.1575870513916	15.699653625488281	0.004815798252820969
10	22.543060302734375	21.76575469970703	0.010535039007663727
10	35.64109420776367	2.391697883605957	0.014999445746926701
10	19.132612228393555	35.837188720703125	0.016330048441886902
10	24.787189483642578	33.146636962890625	0.021494608372449875
10	9.335210800170898	18.47627830505371	0.008021015673875809
10	18.406312942504883	10.177973747253418	0.013454940170049667
10	44.3058967590332	0.02493821457028389	0.034832995384931564
10	29.808713912963867	33.036468505859375	0.04942280426621437
10	43.55664825439453	48.38569641113281	0.005609363317489624
10	13.519803047180176	38.76307678222656	0.028587177395820618
10	36.23540496826172	2.8237557411193848	0.032624922692775726
10	46.590396881103516	15.200997352600098	0.01987114198067609
10	35.12273406982422	36.86507034301758	0.024182699620723724
10	24.880382537841797	35.82206344604492	0.005548626184463501
10	0.01985531859099865	18.372098922729492	0.02865159884095192
10	19.139009475708008	14.750846862792969	0.02157827466726303
10	27.625852584838867	10.801778793334961	0.004984855651855469
10	16.866918563842773	34.143733978271484	0.06484108790755272
10	22.169605255126953	16.20809555053711	0.03388576954603195
10	17.5274600982666	30.123886108398438	0.0021433494985103607
10	8.463293075561523	38.742774963378906	0.010871242731809616
10	44.671287536621094	31.073949813842773	0.011546484687749076
10	1.037169098854065	9.539457321166992	0.019578613340854645
10	32.80207061767578	36.12794494628906	0.0304122231900692
10	32.223575592041016	33.89052963256836	0.006295718252658844
10	16.415420532226562	38.74656295776367	0.020259704440832138
10	19.199798583984375	35.911659240722656	0.012246539487558245
10	16.364795684814453	13.014031410217285	0.007932089269161224
10	20.508180618286133	13.888739585876465	0.025060061365365982
10	17.618711471557617	33.962677001953125	0.045210517942905426
10	16.3466796875	16.458457946777344	0.013174150139093399
10	17.45085334777832	34.65756607055664	0.013809964060783386
10	33.328365325927734	39.55293655395508	0.014570225030183792
10	33.01869201660156	11.22089672088623	0.009678222239017487
10	17.11604881286621	17.502323150634766	0.018485940992832184
10	30.335922241210938	40.86774444580078	0.00034877657890319824
10	35.985939025878906	42.69529342651367	0.045497070997953415
10	34.89011764526367	30.011171340942383	0.009179413318634033
10	34.9179573059082	10.902606964111328	0.020667735268087947
10	41.49968338012695	33.142940521240234	0.009578265249729156
10	24.737747192382812	31.346891403198242	0.021553587168455124
10	8.198427200317383	36.24298858642578	0.008899781852960587
10	20.68495750427246	34.59168243408203	0.012551426887512207
10	8.232565879821777	11.258426666259766	0.021436519920825958
10	32.991031646728516	11.270158767700195	0.001376967877149582
10	16.048185348510742	32.954307556152344	0.013909466564655304
10	17.69769859313965	16.51154327392578	0.017088357359170914
10	32.5248908996582	36.46836471557617	0.027944542467594147
10	33.04597091674805	41.40149688720703	0.021152976900339127
10	33.39757537841797	11.06971263885498	0.003049500286579132
10	18.363706588745117	9.277738571166992	0.01532694697380066
10	33.92671203613281	37.4277229309082	0.01220376044511795
10	18.98618507385254	13.028827667236328	0.01872183009982109
10	16.956117630004883	11.944671630859375	0.026134200394153595
10	16.571781158447266	13.223299980163574	0.05144128203392029
10	18.6578369140625	14.841320991516113	0.1013181621537489
10	19.212974548339844	33.137901306152344	0.0005878657102584839
10	16.225975036621094	29.989360809326172	0.0053947605192661285
10	19.16405487060547	10.794795989990234	0.018732771277427673
10	19.055038452148438	13.40443229675293	0.0603410391246571
10	16.094213485717773	10.340216636657715	0.02651994302868843
10	18.40481948852539	10.523482322692871	0.03174871578812599
10	33.20552062988281	41.61771011352539	0.03618498519062996
10	16.723745346069336	31.65778160095215	0.004418056458234787
10	33.18144607543945	41.26234817504883	0.06961691379547119
10	7.877938270568848	11.004815101623535	0.02721109241247177
10	7.911324977874756	11.14844799041748	0.0228596068918705
10	15.502052307128906	16.540943145751953	0.005149126052856445
10	7.812612056732178	22.12844467163086	0.014645937830209732
10	3.9357025623321533	0.9095911383628845	0.0008038617670536041
10	6.582015514373779	0.8995665907859802	0.043504975736141205
10	19.308706283569336	31.37241554260254	0.005089227110147476
11	25.059675216674805	25.13998794555664	0.044113997370004654
11	27.876920700073242	42.052494049072266	0.008451685309410095
11	4.763003349304199	4.6396403312683105	0.016437307000160217
11	44.19365692138672	6.750415325164795	0.028408776968717575
11	39.489227294921875	24.712493896484375	0.00928695872426033
11	41.24327850341797	27.719772338867188	0.009374763816595078
11	27.63193702697754	16.41532325744629	0.008832048624753952
11	13.470216751098633	27.552518844604492	0.0006410218775272369
11	40.425270080566406	4.754090309143066	0.004843626171350479
11	24.879899978637695	10.750743865966797	0.019519206136465073
11	8.161674499511719	18.799211502075195	0.01330534741282463
11	16.995275497436523	26.362037658691406	0.023951716721057892
11	19.195653915405273	24.819339752197266	0.0019882507622241974
11	39.46964645385742	34.12298583984375	0.031370870769023895
11	38.74275588989258	16.34185218811035	0.016036435961723328
11	22.4484806060791	4.474213600158691	0.037751030176877975
11	10.622364044189453	7.920200347900391	0.0037449710071086884
11	10.933374404907227	22.13601303100586	0.014191895723342896
11	24.575345993041992	15.20672607421875	0.002758532762527466
11	30.218223571777344	25.37723731994629	0.013471387326717377
11	27.161434173583984	29.6706485748291	0.030123963952064514
11	13.520355224609375	24.999603271484375	0.008668284863233566
11	35.675960540771484	41.55514907836914	0.016741175204515457
11	22.006330490112305	33.01369094848633	0.0006579384207725525
11	19.225255966186523	27.58022689819336	0.0025580711662769318
11	17.146282196044922	38.535118103027344	0.011397823691368103
11	7.767735958099365	41.66908264160156	0.01422981545329094
11	16.06892204284668	26.883460998535156	0.02431994304060936
11	37.35894775390625	17.529071807861328	0.006484944373369217
11	15.469419479370117	13.88271713256836	0.0075850079164785505
11	15.765193939208984	14.172544479370117	0.010628670454025269
11	15.365922927856445	13.728705406188965	0.004213433712720871
11	39.427833557128906	23.17437744140625	0.031186792999505997
11	35.840362548828125	41.59666061401367	0.004032209515571594
11	15.391337394714355	20.855091094970703	0.009954415261745453
11	19.048173904418945	24.973146438598633	0.0002554913654046892
11	8.034661293029785	16.227630615234375	0.011032719165086746
11	4.58048152923584	21.73650550842285	0.028070606291294098
11	16.189393997192383	41.639461517333984	0.03774333745241165
11	24.02273178100586	19.066150665283203	0.007113531231880188
11	15.626126289367676	0.6079314351081848	0.03053421527147293
11	30.1759033203125	36.599220275878906	0.008210267871618271
11	10.36913013458252	1.664555549621582	0.03395972400903702
11	7.446852684020996	0.41022413969039917	0.019028861075639725
11	17.63605308532715	12.231245994567871	0.013260263949632645
11	9.177120208740234	3.158895492553711	0.07685704156756401
11	20.590803146362305	21.510419845581055	0.02532729133963585
11	16.099885940551758	14.68643569946289	0.005035083740949631
11	16.375741958618164	9.369050979614258	0.0295191591276842
11	11.516058921813965	0.8263693451881409	0.014675706624984741
11	30.619205474853516	24.695390701293945	0.006848528542939353
11	8.965737342834473	5.0053629875183105	0.047330099870176875
11	4.344606399536133	24.63411521911621	0.006131291389465332
11	16.026060104370117	26.026473999023438	0.001499474048614502
11	21.32665252685547	15.076117515563965	0.03979705274105072
11	30.421955108642578	25.036617279052734	0.019824374467134476
11	29.41008949279785	12.106900215148926	0.0015551932156085968
11	18.197751998901367	9.848535537719727	0.015407010912895203
11	10.74876594543457	10.684046745300293	0.07387092709541321
11	17.472434997558594	11.435009002685547	0.03754211589694023
11	10.87722110748291	11.743029594421387	0.019951574504375458
11	13.17551040649414	21.978347778320312	0.0396132618188858
11	13.346927642822266	7.794410228729248	0.029729310423135757
11	16.986724853515625	13.409920692443848	0.02065240898553064
11	25.01273536682129	19.082536697387695	0.0025943852961063385
11	30.52432632446289	25.146635055541992	0.02282978966832161
11	23.426416397094727	13.41741943359375	0.0026540569961071014
11	14.396818161010742	8.418672561645508	0.016356278210878372
11	33.602088928222656	15.196147918701172	0.008467797189950943
11	29.441265106201172	36.19952392578125	0.0197165347635746
11	9.886971473693848	13.210603713989258	0.048010654747486115
11	11.972381591796875	11.004602432250977	0.038258492946624756
11	18.322017669677734	7.191055774688721	0.026318762451410294
11	1.4469213485717773	33.8826904296875	0.02993534877896309
11	30.7486629486084	32.181602478027344	0.00168566033244133
11	39.410499572753906	43.69857406616211	0.02535315975546837
11	11.534911155700684	5.761193752288818	0.050186317414045334
11	30.940956115722656	25.935108184814453	0.016501042991876602
11	16.637170791625977	7.729913234710693	0.008881937712430954
11	21.0681209564209	14.009329795837402	0.06810975819826126
11	41.542415618896484	24.81930160522461	0.017707496881484985
11	17.188491821289062	14.95168685913086	0.003890354186296463
11	14.98542594909668	14.9013671875	0.003700297325849533
11	12.451986312866211	15.380196571350098	0.0007566774592680098
11	6.666726589202881	0.8220921158790588	0.0018877722322940826
11	19.345741271972656	24.75861167907715	0.002105977386236191
11	19.336483001708984	24.758045196533203	0.0018462948501110077
11	30.520774841308594	16.26007652282715	0.022926196455955505
11	13.723567008972168	16.368322372436523	0.006723649799823761
11	4.147222995758057	8.126730918884277	0.0007824338972568512
11	9.861126899719238	13.582521438598633	0.06735887334627264
11	22.37925910949707	11.623648643493652	0.005469657480716705
11	9.670374870300293	9.715104103088379	0.0344622766270357
11	32.67853927612305	36.45542526245117	0.0021867938339710236
11	21.352031707763672	16.480026245117188	0.07206922024488449
11	20.923871994018555	14.070425033569336	0.039609625935554504
11	19.55870819091797	14.184137344360352	0.05518605187535286
11	20.43045997619629	10.574872970581055	0.019285794347524643
11	19.238845825195312	11.709614753723145	0.0632019005715847
11	38.73442840576172	16.34423828125	0.0036031007766723633
11	19.019512176513672	11.93975830078125	0.017896108329296112
11	17.118192672729492	14.953933715820312	0.004149068146944046
11	38.7591667175293	14.825695991516113	0.012771189212799072
11	30.50310707092285	16.410722732543945	0.005555454641580582
11	34.23189163208008	30.543760299682617	0.014501769095659256
11	16.774200439453125	14.469038963317871	0.006905648857355118
11	3.2469100952148438	13.678080558776855	0.003503818064928055
11	30.623455047607422	24.572675704956055	0.000657893717288971
11	37.33958053588867	13.575343132019043	0.002064242959022522
11	33.54621124267578	5.485262870788574	0.001549750566482544
11	35.78817367553711	2.7112648487091064	0.003362450748682022
11	30.158037185668945	2.215989589691162	0.004770752042531967
11	31.155527114868164	18.36977767944336	0.013165269047021866
11	19.28505516052246	24.774642944335938	0.01898406445980072
11	30.266538619995117	26.199356079101562	0.01628361028783462
11	30.658485412597656	14.91919994354248	0.008967675268650055
11	30.70554542541504	37.2606086730957	0.03276465394917655
11	10.099614143371582	10.859307289123535	0.03303862363100052
11	9.176151275634766	7.5347208976745605	0.02592725306749344
11	38.76795196533203	38.808692932128906	0.01588718593120575
11	15.105048179626465	8.999245643615723	0.04065084829926491
11	9.658210754394531	9.726312637329102	0.005916982889175415
11	20.856552124023438	12.119342803955078	0.04243108257651329
11	31.450733184814453	7.14593505859375	0.014594502747058868
11	43.06935501098633	39.440921783447266	0.02059077098965645
11	10.713587760925293	16.62006378173828	0.0614112913608551
11	21.807077407836914	13.216672897338867	0.007362056523561478
11	13.878902435302734	8.120800971984863	0.0597926527261734
11	19.15398597717285	11.144486427307129	0.04197962209582329
11	27.692066192626953	15.29598617553711	0.004363704472780228
11	28.206737518310547	7.822476863861084	0.017108388245105743
11	18.50552749633789	13.682048797607422	0.05968980863690376
11	20.859617233276367	9.838921546936035	0.027684364467859268
11	20.259544372558594	12.077323913574219	0.03579691797494888
11	18.418582916259766	9.481772422790527	0.01973193883895874
11	15.676401138305664	15.278651237487793	0.033418599516153336
11	20.325441360473633	16.543045043945312	0.016146060079336166
11	20.276391983032227	11.03660774230957	0.014694716781377792
11	38.78105163574219	16.302406311035156	0.03453129902482033
11	21.424833297729492	28.259096145629883	0.021525006741285324
11	15.460270881652832	15.26164436340332	0.03415658697485924
11	10.029589653015137	9.343168258666992	0.003476492622319388
11	9.074117660522461	12.743315696716309	0.024266451597213745
11	21.748754501342773	27.817960739135742	0.011427190154790878
11	8.852225303649902	5.709572792053223	0.0002341829240322113
11	38.70991516113281	35.922428131103516	0.02332276850938797
11	28.472030639648438	19.859012603759766	0.017736367881298065
11	38.7092170715332	21.877222061157227	0.036011602729558945
11	21.274080276489258	13.914348602294922	0.025532874990912044
11	19.025978088378906	12.3562650680542	0.02769798873101964
11	10.000479698181152	13.389508247375488	0.0592405568150913
11	15.80196475982666	7.693390846252441	0.013632763177156448
11	15.624970436096191	8.094660758972168	0.04133143670418683
11	9.471951484680176	9.315552711486816	0.07022896409034729
11	30.5339298248291	16.472084045410156	0.006411198526620865
11	10.82982349395752	11.31836223602295	0.0007438361644744873
11	10.417284965515137	19.20380973815918	0.016500327736139297
11	9.499850273132324	9.371891021728516	0.04787030443549156
11	30.637056350708008	24.887208938598633	0.0012254826724529266
11	17.741235733032227	37.63265609741211	0.03125561401247978
11	24.869260787963867	13.005607604980469	0.06264344602823257
11	9.71153450012207	9.528495788574219	0.009616710245609283
11	19.05372428894043	9.211827278137207	0.043865494430065155
11	13.52846622467041	16.450664520263672	0.014261811971664429
11	30.725088119506836	16.171306610107422	0.003383919596672058
11	29.227834701538086	8.830648422241211	0.00875865317442838
11	19.007598876953125	9.20014476776123	0.03897279128432274
11	28.080968856811523	13.667425155639648	0.019437946379184723
11	10.76734447479248	25.202051162719727	0.051040858030319214
11	29.538192749023438	24.99268341064453	0.008623629808425903
11	19.021278381347656	13.127796173095703	0.010665934532880783
11	17.1182861328125	8.582913398742676	0.010504554957151413
11	14.223227500915527	16.290084838867188	0.01865103840827942
11	10.32132625579834	9.585482597351074	0.026479535243090463
11	38.83427810668945	41.5927734375	0.01569698005914688
11	13.942350387573242	16.544384002685547	0.013712994754314423
11	34.88701248168945	26.14675521850586	0.02057557925581932
11	38.52256774902344	22.014591217041016	0.007316984236240387
11	17.90416145324707	15.06123161315918	0.01650720089673996
11	20.36595916748047	12.666728019714355	0.05210988223552704
11	23.117046356201172	18.9669246673584	0.03728696331381798
11	22.17436981201172	22.669452667236328	0.02190588414669037
11	10.135124206542969	14.024147987365723	0.03831951583133025
11	30.569873809814453	16.327919006347656	0.016383040696382523
11	8.059751510620117	27.751991271972656	0.0045920126140117645
11	37.812068939208984	40.78263473510742	0.027426347136497498
11	10.45248031616211	12.148966789245605	0.02107541263103485
11	16.313148498535156	9.034862518310547	0.003148972988128662
11	9.807433128356934	36.83786392211914	0.06381222233176231
11	10.209623336791992	10.493638038635254	0.0602847425376668
11	10.797274589538574	10.258084297180176	0.056818246841430664
11	41.25600051879883	2.1087279319763184	0.009901020895032323
11	18.54905128479004	25.31241798400879	0.017597917467355728
11	27.003273010253906	15.847075462341309	0.015017136931419373
11	10.894915580749512	27.572208404541016	0.01788085348465862
11	9.26423454284668	13.956050872802734	0.029713988304138184
11	22.045198440551758	16.35220718383789	0.0139283686876297
11	17.274507522583008	13.077293395996094	0.0009166449308395386
11	17.7192325592041	9.865891456604004	0.011293079484911525
11	15.630290031433105	13.990754127502441	0.02122856304049492
11	18.172082901000977	14.235090255737305	0.032333578914403915
11	20.824302673339844	12.545377731323242	0.021715011447668076
11	13.850775718688965	18.314592361450195	0.0077638402581214905
11	30.60407257080078	24.540409088134766	0.01971288025379181
11	18.17777442932129	14.106279373168945	0.018893886357545853
11	17.498592376708984	12.119072914123535	0.0015381609692293047
11	4.23189115524292	5.751137733459473	0.01609230414032936
11	16.42791175842285	16.43648910522461	0.001819118857383728
11	24.177661895751953	20.054912567138672	0.019943222403526306
11	29.119096755981445	24.783733367919922	0.005545221269130707
11	16.407073974609375	16.373985290527344	0.020952116698026657
11	37.404083251953125	26.816801071166992	0.011785868555307388
11	18.052518844604492	9.863533020019531	0.01116277277469635
11	20.711408615112305	5.003704071044922	0.0030658170580863953
11	30.50731658935547	2.1772584915161133	0.0024111270904541016
11	23.506900787353516	0.7254260778427124	0.025618016719818115
11	18.308650970458984	11.854501724243164	0.012609254568815231
11	14.976902961730957	14.37109375	0.01945514604449272
11	38.77729797363281	36.00899124145508	0.023649711161851883
11	38.833221435546875	38.82341384887695	0.010504137724637985
11	4.902586460113525	7.962172031402588	0.010620981454849243
11	20.556236267089844	12.786826133728027	0.027042318135499954
11	14.784967422485352	8.617365837097168	0.011268533766269684
11	19.925575256347656	12.1709566116333	0.04863360524177551
11	17.508865356445312	13.131525039672852	0.0369628444314003
11	21.48597526550293	11.294514656066895	0.012384641915559769
11	22.47308349609375	12.641963005065918	0.01318734884262085
11	19.54113006591797	14.27357006072998	0.09183502109611735
11	18.1888484954834	14.203843116760254	0.05896062710705925
11	18.697450637817383	13.556374549865723	0.025049339760752284
11	18.012794494628906	10.489846229553223	0.022220339626073837
11	19.878049850463867	10.374320030212402	0.051205310970544815
11	30.570707321166992	41.87420654296875	0.015731189399957657
11	23.014692306518555	15.43674373626709	0.04218920320272446
11	16.959125518798828	14.677000999450684	0.03461110219359398
11	18.0660457611084	13.023248672485352	0.07569018751382828
11	18.454452514648438	13.786163330078125	0.06701518332256991
11	17.846126556396484	11.543593406677246	0.03943246230483055
11	18.159151077270508	11.222471237182617	0.0391058623790741
11	18.020296096801758	8.178479194641113	0.011343877762556076
11	35.787376403808594	25.24003791809082	0.004760056734085083
11	19.090709686279297	24.883451461791992	0.015653759241104126
11	17.354982376098633	12.61492919921875	0.08640037477016449
11	21.060951232910156	14.987447738647461	0.033580128103494644
11	15.113332748413086	20.478557586669922	0.018055368214845657
11	19.13901710510254	10.362102508544922	0.015015184879302979
11	16.600988388061523	24.730571746826172	0.023675717413425446
11	19.377132415771484	9.926679611206055	0.03251173347234726
11	15.321816444396973	13.35937213897705	0.03515959925511304
11	20.559852600097656	12.629427909851074	0.03965078995508306
11	18.161792755126953	11.90145492553711	0.04181080355363734
11	18.056970596313477	16.232738494873047	0.03598625957965851
11	19.7524356842041	9.977341651916504	0.025116022676229477
11	18.2102108001709	11.463528633117676	0.033421579748392105
11	17.882051467895508	13.637842178344727	0.02040392905473709
11	20.464916229248047	11.881979942321777	0.030498966574668884
11	31.332836151123047	25.432798385620117	0.013426825404167175
11	19.918306350708008	14.287671089172363	0.003899522125720978
11	20.863977432250977	7.821255683898926	0.006063584238290787
11	18.614288330078125	18.917537689208984	0.03278781473636627
11	38.804039001464844	16.28496742248535	0.02626388892531395
12	19.277841567993164	9.6273775100708	0.00028288736939430237
12	13.012946128845215	3.815402030944824	0.0037915408611297607
12	9.00175952911377	4.6308112144470215	0.02248779684305191
12	9.618606567382812	6.746680736541748	0.03863702626789317
12	9.59133243560791	5.54764986038208	0.020531516522169113
12	9.555225372314453	7.023480415344238	0.08137946203351021
12	30.51335906982422	30.91908073425293	0.016810782253742218
12	9.718921661376953	35.77941131591797	0.008428175221471226
12	11.224665641784668	16.21412467956543	0.0004202648997306824
12	9.394559860229492	34.11274719238281	0.002307113040896022
12	32.454444885253906	6.5503668785095215	0.016791842877864838
12	10.270861625671387	7.208877086639404	0.07653262466192245
12	32.18627166748047	34.13500213623047	0.02931065857410431
12	45.9144401550293	9.441011428833008	0.005148056894540787
12	9.95081615447998	4.8033576011657715	0.0033585838973522186
12	46.685115814208984	7.834197044372559	0.012785519747173082
12	11.363348007202148	7.022429466247559	0.0023810602724552155
12	10.101479530334473	35.30391311645508	0.07210977748036385
12	9.833301544189453	7.822493553161621	0.025464903563261032
12	9.927897453308105	13.656927108764648	0.0451030433177948
12	9.231748580932617	7.054754734039307	0.008480392396450043
12	9.80856990814209	6.1001105308532715	0.04139591380953789
12	47.028934478759766	7.943905830383301	0.027874603867530823
12	9.177300453186035	6.201109409332275	0.05740305036306381
12	31.642765045166016	4.39005708694458	0.013360027223825455
12	45.028663635253906	34.95624923706055	0.020612646551693176
12	10.268156051635742	34.917972564697266	0.019271969356957602
12	10.54835033416748	7.901786804199219	0.06716467790743882
12	10.045953750610352	31.241466522216797	0.0007810031666475314
12	9.821415901184082	34.65087127685547	0.03997926326359019
12	11.07239055633545	33.21619415283203	0.007119219531031215
12	45.3785514831543	34.51089859008789	0.027194411000784707
12	35.467796325683594	31.9261531829834	0.017404329031705856
12	9.868742942810059	35.7110595703125	0.02061169594526291
12	8.211627960205078	5.233065605163574	0.05732857808470726
12	14.046924591064453	50.979183197021484	0.12559021921718827
12	45.28908920288086	7.470605373382568	0.006253860890865326
12	10.123658180236816	35.22574234008789	0.04153887555003166
12	7.695859432220459	2.5638351440429688	0.00887997097828809
12	9.935322761535645	35.33375549316406	0.04200315475463867
12	9.50896167755127	7.3543572425842285	0.02410818636417389
12	10.436002731323242	30.900218963623047	0.03673733025789261
12	44.45842742919922	5.853541374206543	0.0070708878338336945
12	44.73579406738281	6.252047538757324	0.02014928004320929
12	30.24939727783203	22.670061111450195	0.00654182955622673
12	30.745290756225586	5.908735752105713	0.006902014507966875
12	9.521553993225098	51.404685974121094	0.05235129200360354
12	43.701812744140625	15.865517616271973	0.02357189729809761
12	10.161293983459473	6.573159217834473	0.10090583606677897
12	8.440339088439941	38.21063995361328	0.01855974644422531
12	9.277825355529785	4.3919453620910645	0.10242142594035934
12	7.910154819488525	35.00309371948242	0.06000755026059992
12	7.9439697265625	35.427635192871094	0.005692247082205379
12	10.68188190460205	6.60230827331543	0.041426047682762146
12	10.045699119567871	7.028350353240967	0.048872411251068115
12	7.701444625854492	2.162459135055542	0.024003971368074417
12	9.348132133483887	7.389998912811279	0.037403006106615067
12	41.5	2.6088294982910156	0.01149791106581688
12	1.6957566738128662	4.326608657836914	0.02782750129699707
12	27.776620864868164	2.7068843841552734	0.01683885231614113
12	10.453639030456543	6.483910083770752	0.05049996340976043
12	10.84009075164795	7.4114670753479	0.053539831191301346
12	9.440008163452148	37.67556381225586	0.0030439285671009786
12	46.963623046875	3.9314470291137695	0.02382058781736035
12	10.338140487670898	32.85157012939453	0.07467494729687185
12	9.10944652557373	35.11422348022461	0.02392890348153956
12	2.9763622283935547	1.8427331447601318	0.008110102266073227
12	6.263010025024414	2.7473700046539307	0.018011052161455154
12	8.52934455871582	2.198007106781006	0.0850987397134304
12	7.646251678466797	2.30303692817688	0.0994338283644003
12	21.999998092651367	40.8277473449707	0.011710550636053085
12	19.030763626098633	2.867600202560425	0.03289607912302017
12	1.8636006116867065	0.17266586422920227	0.0574231818318367
12	32.723533630371094	2.6867663860321045	0.036751896142959595
12	7.493188381195068	0.7343044281005859	0.045066941529512405
12	9.838254928588867	1.9985613822937012	0.12220658712527331
12	10.74030590057373	1.9044603109359741	0.05553345294559703
12	5.0569748878479	22.131919860839844	0.04059821717879353
12	9.518329620361328	4.543553829193115	0.03046310999814203
12	9.843927383422852	52.226192474365234	0.11352417398901543
12	10.189417839050293	32.393428802490234	0.127744502880994
12	10.101682662963867	31.578296661376953	0.15686398043352012
12	11.068930625915527	7.698909759521484	0.014253456145524979
12	34.421241760253906	14.287020683288574	0.0024760251536088823
12	4.816755771636963	16.248916625976562	0.012022167444229126
12	10.553340911865234	1.7773834466934204	0.0715179443359375
12	10.80776596069336	31.02945327758789	0.022958867690142465
12	22.19068145751953	21.752981185913086	0.036344245076179504
12	12.925837516784668	0.01603729836642742	0.14748589957461633
12	7.181438446044922	3.012439012527466	0.03194084018468857
12	9.44986343383789	3.6960954666137695	0.024837244302034378
12	18.924753189086914	2.115614891052246	0.04778517410159111
12	9.540872573852539	4.4680609703063965	0.06843480840325356
12	35.705745697021484	2.7179203033447266	0.01280166581273079
12	9.033787727355957	0.8167553544044495	0.005231350660324097
12	8.520549774169922	16.507966995239258	0.005812782794237137
12	8.181753158569336	15.116846084594727	0.02686487532713834
12	9.97451400756836	50.56633758544922	0.05616149656912858
12	10.291008949279785	2.320404052734375	0.08089597150683403
12	10.170734405517578	13.658371925354004	0.05509189888834953
12	9.980408668518066	14.289193153381348	0.11447306064998403
12	9.84953784942627	3.730328321456909	0.02899736911058426
12	9.415240287780762	14.33381175994873	0.05318129413268145
12	9.663076400756836	1.5108150243759155	0.10878138989210129
12	10.910614967346191	29.3039608001709	0.0004014112055301666
12	36.75514602661133	14.031964302062988	0.004599858075380325
12	10.199731826782227	0.01198169682174921	0.4019146000637728
12	10.847868919372559	21.304262161254883	0.004107728600502014
12	33.367374420166016	22.025432586669922	0.003651108592748642
12	35.6351318359375	22.012378692626953	0.0016844235360622406
12	27.57130241394043	3.1212809085845947	0.005240049213171005
12	10.514613151550293	3.4212212562561035	0.002267036586999893
12	47.25837326049805	0.005654258653521538	0.3572301443885354
12	32.23716735839844	29.692781448364258	0.09330416777554684
12	5.63676643371582	0.09763046354055405	0.09606311952366549
12	7.504341125488281	5.118316173553467	0.02829931303858757
12	10.768237113952637	28.387638092041016	0.012710418333025539
12	8.364333152770996	9.067214012145996	0.006023164838552475
12	11.305205345153809	1.9929380416870117	0.03954368128496061
12	0.4655725359916687	52.05748748779297	0.47824159965795626
12	8.839536666870117	20.99742889404297	0.005894023925065994
12	35.78643798828125	2.7174835205078125	0.008094854652881622
12	0.12006434053182602	0.26201364398002625	0.04995248466730118
12	16.90961456298828	50.29228210449219	0.03739847155178294
12	29.405933380126953	32.20555877685547	0.07954686880111694
12	0.1695408672094345	0.21906538307666779	0.0020808765993398787
12	9.324677467346191	1.397841453552246	0.035599157214164734
12	5.130147933959961	21.974185943603516	0.011796955019235611
12	33.184146881103516	2.7927396297454834	0.004193458487005808
12	15.302648544311523	50.97037124633789	0.02776833667474632
12	5.231677055358887	2.672499656677246	0.0055234993205351
12	11.849355697631836	14.494205474853516	0.07886912542230945
12	16.566680908203125	51.71816635131836	0.20205695839489213
12	32.900489807128906	28.732397079467773	0.0232238732278347
12	14.988665580749512	52.91055679321289	0.2785079935017754
12	15.659637451171875	51.53824996948242	0.18870549955788782
12	16.03539276123047	52.651222229003906	0.15567357049268837
12	22.401803970336914	22.281314849853516	0.016668927143601825
12	16.1557674407959	51.64111328125	0.132482193848666
12	43.1579475402832	0.2831747829914093	0.07908330485224724
12	46.812904357910156	16.72022247314453	0.013087984393624685
12	14.4148588180542	31.028165817260742	0.005869321525096893
12	1.6976583003997803	7.943389892578125	0.04156409949064255
12	22.345399856567383	22.805343627929688	0.022644964211127327
12	22.000001907348633	21.82323455810547	0.020974092185497284
12	21.999908447265625	21.861400604248047	0.010706059634685516
12	11.050983428955078	7.2055983543396	0.01790560409426689
12	22.232088088989258	22.036605834960938	0.01538272245841868
12	47.92137145996094	27.483287811279297	0.013075153617297913
12	32.543888092041016	27.09592056274414	0.03316967978196983
12	26.772199630737305	37.42289733886719	0.03463047742843628
12	6.154032230377197	0.1525457352399826	0.03035491332411766
12	11.021567344665527	30.970233917236328	0.08062022836769328
12	25.884227752685547	32.49106979370117	0.0078626349568367
12	25.375812530517578	2.5399959087371826	0.006169755011796951
12	20.704374313354492	23.18321418762207	0.004330985248088837
12	21.867998123168945	2.4276797771453857	0.00040969252586364746
12	10.687807083129883	30.29734230041504	0.017522289472467756
12	14.668354034423828	51.744056701660156	0.1458325736662921
12	42.18968963623047	38.005958557128906	0.010831579566001892
12	16.240747451782227	52.73036193847656	0.08038471551502452
12	12.050008773803711	14.251896858215332	0.09736346146639657
12	30.101173400878906	28.89291000366211	0.03659434222123202
12	27.571407318115234	13.612275123596191	0.01941879181300893
12	18.724876403808594	52.24953842163086	0.01232310954262228
12	32.58751678466797	29.561267852783203	0.0348291274379281
12	17.521995544433594	51.80506896972656	0.22176771391840544
12	15.103848457336426	52.647850036621094	0.10225035951418038
12	9.377506256103516	29.93310546875	0.014259681105613708
12	18.96765899658203	19.047014236450195	0.018686484545469284
12	16.698854446411133	51.84629440307617	0.1362601597519482
12	17.17046356201172	47.3431396484375	0.0314132496714592
12	12.246844291687012	51.61351776123047	0.0887393048580955
12	8.21130657196045	18.87812042236328	0.0057886503636837006
12	40.97830581665039	0.3684024512767792	0.04458937048912048
12	33.31786346435547	2.653327703475952	0.004794921725988388
12	33.21078872680664	42.21509552001953	0.032550886273384094
12	0.8709851503372192	0.06730380654335022	0.10203192383050919
12	24.357601165771484	21.47248649597168	0.003273025155067444
12	14.755217552185059	6.44474458694458	0.005592447869917944
12	13.703991889953613	38.871490478515625	0.024443265050649643
12	23.070558547973633	30.085935592651367	0.09985750168561935
12	10.189409255981445	2.2961416244506836	0.0008351500420009372
12	22.66912269592285	27.278846740722656	0.007040769080905354
12	10.499670028686523	31.531394958496094	0.09750805181615493
12	5.500522613525391	22.011367797851562	0.009607017040252686
12	10.974226951599121	12.838741302490234	0.04054493413251989
12	9.70821762084961	32.935203552246094	0.04982776589253368
12	18.97637939453125	54.17093276977539	0.043337425764869236
12	10.288322448730469	14.009512901306152	0.010574392974376678
12	18.07809066772461	50.537357330322266	0.09851720753838034
12	21.697940826416016	21.68043327331543	0.010417700032977498
12	7.898086071014404	8.185260772705078	0.009494807571172714
12	32.12089157104492	24.40862464904785	0.048715490847826004
12	16.095340728759766	49.19397735595703	0.1395642043036573
12	14.590561866760254	51.63054275512695	0.0629414381349788
12	18.830678939819336	0.011691488325595856	0.002582162618637085
12	10.546743392944336	35.26361846923828	0.04902747667887632
12	9.907600402832031	31.146591186523438	0.0741648717838175
12	26.149681091308594	23.444746017456055	0.005991578102111816
12	11.554746627807617	35.28403091430664	0.017047215472249425
12	10.240386962890625	27.11849594116211	0.02504001185297966
12	10.922006607055664	30.50320053100586	0.010266147553920746
12	35.38465881347656	33.82805252075195	0.04142267256975174
12	5.516045570373535	41.37152862548828	0.03772177196600858
12	28.53493309020996	16.86810302734375	0.012801442514447606
12	14.496655464172363	0.02385600283741951	0.014787270742304182
12	22.000019073486328	22.065750122070312	0.04790320247411728
12	25.508752822875977	35.13580322265625	0.05437164008617401
12	16.460739135742188	22.154462814331055	0.006895102560520172
12	13.7982177734375	39.039459228515625	0.044019774479024526
12	5.348145008087158	2.587191343307495	0.028988252667819764
12	5.4999847412109375	2.843637704849243	0.06228141114115715
12	34.51619338989258	30.674917221069336	0.009899958968162537
12	16.588645935058594	24.588651657104492	0.006909046322107315
12	10.047187805175781	33.66779708862305	0.06253350526094437
12	10.275206565856934	12.526330947875977	0.1402980369680068
12	33.36642837524414	37.923831939697266	0.01742837534231298
12	10.514012336730957	10.456598281860352	0.10828379936078016
12	10.80976676940918	33.0037956237793	0.06674588844180107
12	10.391274452209473	31.910043716430664	0.020553757162655104
12	10.702591896057129	34.58392333984375	0.05530283600091934
12	8.414512634277344	38.65121841430664	0.027996491640806198
12	32.581207275390625	28.361040115356445	0.003199156592873953
12	42.16961669921875	39.33511734008789	0.010352518409490585
12	9.55376148223877	35.02053451538086	0.005016744136810303
12	9.52014446258545	6.556516647338867	0.015505507588386536
12	9.896136283874512	33.0306282043457	0.001946907490491867
12	9.535318374633789	33.27324676513672	0.0445125587284565
12	11.255809783935547	31.787708282470703	0.05851685628294945
12	9.414628982543945	4.489237308502197	0.007833443582057953
12	14.277200698852539	38.11842346191406	0.02596825361251831
12	12.556824684143066	33.70296096801758	0.041100222398253033
12	32.68928146362305	36.56281661987305	0.0014626309275627136
12	10.078367233276367	29.68858528137207	0.08594779297709465
12	11.344284057617188	31.188533782958984	0.01685073533478905
12	27.7078800201416	2.6878414154052734	0.026886649429798126
12	15.582077026367188	52.98472213745117	0.021542524590211776
12	12.12120246887207	0.03214630112051964	0.05027307175538119
12	30.49282455444336	16.457012176513672	0.017197433639975154
12	27.437875747680664	38.945831298828125	0.014526137534309813
12	27.72001075744629	38.7305908203125	0.033932361751794815
12	10.894893646240234	10.512507438659668	0.06561185419559479
12	22.0	21.81045150756836	0.00911020115017891
12	9.650550842285156	31.335094451904297	0.04142405180370107
12	12.35517406463623	6.875413417816162	0.01523757638300166
12	5.010427951812744	0.9259801506996155	0.02243468165397644
12	33.38802719116211	2.484354257583618	0.00504453107714653
12	12.556778907775879	7.896432876586914	0.050887991400326016
12	5.251895427703857	2.525146961212158	0.023044243454933167
12	10.585501670837402	6.234599590301514	0.008579391328727495
12	48.00767135620117	7.355947494506836	0.06767947621205274
12	10.868744850158691	31.547300338745117	0.042902007699012756
12	10.675990104675293	9.49388599395752	0.06060483306646347
12	9.550947189331055	30.92546272277832	0.0700989882735645
12	17.12827491760254	50.44710922241211	0.042569067110033595
12	9.626401901245117	13.435775756835938	0.01754367000916425
12	39.593536376953125	7.02021598815918	0.011066455613164342
12	47.267005920410156	33.23863983154297	0.05114123882616267
12	9.364510536193848	34.84921646118164	0.02093087750322678
12	32.02791213989258	4.427690029144287	0.017111964304657543
12	11.150613784790039	22.666555404663086	0.03958293795585632
12	13.552491188049316	38.576011657714844	0.022166989743709564
12	9.965972900390625	34.254703521728516	0.01279038585284177
12	8.816314697265625	5.128468036651611	0.04487244412302971
12	8.891768455505371	5.861740589141846	0.0191432423889637
12	38.4993782043457	21.994047164916992	0.0021776482462882996
12	9.690902709960938	6.730966091156006	0.061177387833595276
12	9.375483512878418	34.69640350341797	0.036523569375276566
12	11.892626762390137	13.800301551818848	0.01012393832206726
12	9.073835372924805	11.516119956970215	0.0018906514434253452
12	13.011198997497559	16.776142120361328	0.0156039297580719
12	9.012947082519531	37.24526596069336	0.03989396616816521
12	8.753984451293945	16.5977840423584	0.006980340927839279
12	40.44540023803711	38.15422058105469	0.02232994928079493
12	13.225347518920898	30.98573875427246	0.06484870262005749
12	9.326169967651367	8.353555679321289	0.0016460008919239044
12	9.560873031616211	9.491601943969727	0.012690202278249407
12	10.192352294921875	5.010454177856445	0.03856988251209259
12	7.580160140991211	14.223934173583984	0.01166599616408348
12	9.395745277404785	14.293460845947266	0.046464864164590836
12	11.615224838256836	5.958098888397217	0.00325687974691391
12	13.00897216796875	4.825395107269287	0.005398087203502655
12	13.740845680236816	34.261539459228516	0.01553165540099144
12	10.44886302947998	30.20276641845703	0.02745886892080307
12	36.13811492919922	34.6719970703125	0.004009131342172623
12	12.176711082458496	7.842772006988525	0.016598068177700043
12	34.721309661865234	13.938847541809082	0.0014334321022033691
12	5.420417308807373	21.8077335357666	0.005579061806201935
12	18.46031379699707	45.88407897949219	0.03034123033285141
12	38.23412322998047	30.447038650512695	0.007658783346414566
12	5.263010501861572	22.12607765197754	0.015273328870534897
12	5.240432262420654	21.922119140625	0.018370158970355988
12	13.603471755981445	16.0060977935791	0.013017918914556503
12	21.988475799560547	7.947720527648926	0.007054910063743591
12	40.37089920043945	37.958003997802734	0.02667490699711969
12	39.708290100097656	5.935277462005615	0.0061209313571453094
12	9.851351737976074	5.592141151428223	0.018159493803977966
12	9.335369110107422	5.966510772705078	0.004259679466485977
12	9.867801666259766	22.535587310791016	0.026579461991786957
12	18.402034759521484	11.622607231140137	0.008583322167396545
12	33.17975616455078	16.03023338317871	0.002409242312697804
12	30.459043502807617	39.426300048828125	0.016806848347187042
12	15.16915225982666	31.811994552612305	0.010364416986703873
12	44.5295524597168	38.31393051147461	0.008699245312634635
12	31.062618255615234	31.42969512939453	0.016374609049628785
12	19.490198135375977	38.98371124267578	0.016816474497318268
12	2.8882148265838623	38.784027099609375	0.017046689987182617
12	10.948041915893555	6.08301305770874	0.07019787939155803
12	39.07994842529297	38.03110885620117	0.03541363403201103
12	13.420669555664062	12.893357276916504	0.018959876149892807
12	8.91103458404541	5.197813034057617	0.00818885862827301
12	9.36024284362793	18.076919555664062	0.029110979288816452
12	13.602927207946777	38.61629867553711	0.037363555282354355
12	21.525239944458008	52.44078826904297	0.036065752891933214
12	13.521421432495117	38.04475021362305	0.016066204756498337
12	13.383489608764648	38.60609817504883	0.05035931617021561
12	29.58392906188965	36.91455841064453	0.01613379269838333
12	30.89371681213379	5.52626895904541	0.005193989943055546
12	13.587128639221191	39.375572204589844	0.011331133544445038
12	13.634142875671387	38.580909729003906	0.019838225096464157
12	9.265348434448242	34.648380279541016	0.0007306898341459395
12	38.9539680480957	39.183204650878906	0.0036362558603286743
12	1.7251074314117432	34.5571174621582	0.015509437988786137
12	14.075945854187012	38.868255615234375	0.008524876087903976
12	13.617654800415039	38.78466033935547	0.0017483197152614594
12	13.628156661987305	38.60259246826172	0.03192858025431633
12	13.777576446533203	36.294410705566406	0.004195079207420349
12	13.520869255065918	38.55073547363281	0.04209601879119873
12	31.80304527282715	27.673784255981445	0.028879892081022263
12	41.06058120727539	7.989964962005615	0.011413317173719406
12	7.12861967086792	4.656063079833984	0.0010358653962612152
12	13.891473770141602	38.989341735839844	0.010820712894201279
12	13.552062034606934	38.66029739379883	0.014301132410764694
12	8.378289222717285	13.661992073059082	0.0049196407198905945
12	9.389050483703613	14.070569038391113	0.03238445871016557
12	31.940227508544922	33.363529205322266	0.006026938557624817
12	0.07530904561281204	4.448929786682129	0.030376136302947998
12	5.187792778015137	38.83184814453125	0.005447417497634888
12	21.818912506103516	21.79947280883789	0.019556250423192978
12	36.01004409790039	41.667198181152344	0.016194649040699005
12	41.5	8.07163143157959	0.029953598976135254
12	42.0976448059082	39.26216506958008	0.025868792744243835
12	43.34614562988281	37.93916320800781	0.005324866622686386
12	13.795369148254395	39.02922058105469	0.00048805028200149536
12	41.9632568359375	39.1786003112793	0.0031173001317416904
12	8.326933860778809	13.654294967651367	0.017206833643071795
12	31.844337463378906	14.841760635375977	0.01898208611151747
12	10.845070838928223	35.502967834472656	0.037318755598629225
12	13.447482109069824	16.308094024658203	0.03699178993701935
12	5.3210906982421875	38.74128341674805	0.00686824694275856
12	9.985488891601562	35.56615447998047	0.0199897363781929
12	10.563231468200684	39.19240188598633	0.004971504211425781
12	10.24880599975586	35.96845245361328	0.000521734356880188
12	8.586997985839844	38.706809997558594	0.00832679495215416
12	10.506333351135254	38.54012680053711	0.01260705292224884
12	44.13652038574219	38.02898025512695	0.05226314812898636
12	31.937335968017578	37.9451904296875	0.002400796203052308
12	9.981639862060547	25.1324405670166	0.0014656782150268555
12	42.21390151977539	39.392452239990234	0.015762118732227992
13	29.861431121826172	1.287599802017212	0.003103889524936676
13	8.35359001159668	0.7217369079589844	0.015436656773090363
13	8.771294593811035	0.5027925968170166	0.01398095116019249
13	14.530549049377441	23.468320846557617	0.004256688058376312
13	30.217622756958008	24.781389236450195	0.019754379987716675
13	29.977005004882812	2.709385871887207	0.004934944212436676
13	26.403169631958008	24.05027961730957	0.008958637714385986
13	30.44672203063965	24.66104507446289	0.011963807046413422
13	29.39402961730957	24.434621810913086	0.02723386138677597
13	36.29380798339844	25.034778594970703	0.004760321229696274
13	29.168325424194336	23.68696403503418	0.01779424026608467
13	30.455528259277344	23.42099380493164	0.05676363781094551
13	27.86087989807129	2.7930407524108887	0.011168614029884338
13	29.919931411743164	36.10474395751953	0.006254907697439194
13	30.39808464050293	24.64582061767578	0.0033097341656684875
13	30.100297927856445	2.392047882080078	0.023930974304676056
13	29.196308135986328	24.448625564575195	0.05744229629635811
13	14.88467025756836	24.44185447692871	0.004268895834684372
13	28.62152862548828	24.580490112304688	0.01445820927619934
13	17.877750396728516	23.47382354736328	0.02186443656682968
13	30.27355194091797	2.2588257789611816	0.036337386816740036
13	25.292625427246094	21.823850631713867	0.0008529573678970337
13	26.35471534729004	36.3817024230957	0.013196486979722977
13	23.735822677612305	30.336753845214844	0.021529432386159897
13	22.708507537841797	27.014179229736328	0.046750470995903015
13	29.1381778717041	23.846036911010742	0.06919947266578674
13	29.40172004699707	23.925050735473633	0.011625349521636963
13	29.456588745117188	23.474397659301758	0.04027281701564789
13	30.47751808166504	24.446857452392578	0.007598914206027985
13	29.957660675048828	2.2939372062683105	0.024933066219091415
13	29.058984756469727	23.776018142700195	0.038289785385131836
13	5.268063545227051	2.3331449031829834	0.05146875977516174
13	29.792686462402344	23.09037971496582	0.005386076867580414
13	39.88388442993164	0.1995679885149002	0.007303081452846527
13	23.522994995117188	23.482179641723633	0.010143488645553589
13	5.259986400604248	2.277179718017578	0.0177115760743618
13	30.319753646850586	23.646133422851562	0.00010851025581359863
13	6.108032703399658	23.47818946838379	0.022425316274166107
13	29.26786994934082	23.50971221923828	0.01812465861439705
13	0.2058333456516266	23.432851791381836	0.011432480067014694
13	29.547222137451172	23.511247634887695	0.01629160695216235
13	29.145620346069336	23.338693618774414	0.03412022814154625
13	30.257997512817383	2.479945421218872	0.0731828399002552
13	30.396852493286133	2.006082534790039	0.006777316331863403
13	7.97663688659668	2.470519781112671	0.015734903514385223
13	5.264942169189453	2.3159167766571045	0.07988237217068672
13	5.183515548706055	2.349762439727783	0.039338964968919754
13	5.377842426300049	2.368819236755371	0.038807306438684464
13	16.604225158691406	21.946279525756836	0.0013843514025211334
13	25.215024948120117	21.9675350189209	0.008441496640443802
13	30.025835037231445	24.841276168823242	0.014440972357988358
13	23.720476150512695	26.323593139648438	0.036807138472795486
13	21.70290184020996	2.323697328567505	0.02487786114215851
13	21.764991760253906	2.2949717044830322	0.02170712873339653
13	23.296478271484375	21.811922073364258	0.022662512958049774
13	6.1594109535217285	23.453113555908203	0.014928776770830154
13	29.48542022705078	23.42958641052246	0.009946230579825008
13	29.49855613708496	23.49090003967285	0.008143927682848537
13	30.396394729614258	24.43967628479004	0.0634777806699276
13	16.718467712402344	0.2639014422893524	0.05003756657242775
13	6.189250946044922	23.452693939208984	0.058478884398937225
13	3.5652873516082764	0.03703184425830841	0.022629383951425552
13	6.203835964202881	23.415279388427734	0.04937261715531349
13	28.51964569091797	23.425138473510742	0.0302939673557001
13	30.25029754638672	2.395252227783203	0.036625392735004425
13	5.8094329833984375	23.484535217285156	0.015853308141231537
13	6.134353160858154	23.453907012939453	0.10421411320567131
13	6.085033893585205	23.42184066772461	0.05616909638047218
13	5.34641695022583	2.4080076217651367	0.0441054105758667
13	7.570225238800049	7.096590995788574	0.00023354940554674852
13	2.581206798553467	18.038957595825195	0.002896919846534729
13	29.957395553588867	16.340776443481445	0.003043774515390396
13	30.22549057006836	19.160995483398438	0.0061810798943042755
13	29.690288543701172	24.335355758666992	0.009119357913732529
13	2.596947193145752	7.054354190826416	0.039896540343761444
13	0.8800467848777771	1.3693816661834717	0.031616706401109695
13	1.9519585371017456	0.0159273874014616	0.04219482094049454
13	3.240644931793213	0.16846555471420288	0.07828322798013687
13	8.176642417907715	2.6965320110321045	0.0006159208714962006
13	29.81325912475586	41.87614440917969	0.034971658140420914
13	29.4414005279541	23.42482566833496	0.03842277452349663
13	29.471837997436523	23.361778259277344	0.05426618456840515
13	15.42058277130127	23.47763442993164	0.027634959010516907
13	25.20973777770996	2.596285581588745	0.002482924610376358
13	7.9287309646606445	4.828404426574707	0.03846994787454605
13	29.258596420288086	13.60991382598877	0.03201778583666856
13	5.379542350769043	24.32875633239746	0.060267228414030635
13	21.369462966918945	1.921306848526001	0.056817471981048584
13	29.48436164855957	23.294588088989258	0.06332282349467278
13	30.23511505126953	2.43951416015625	0.011144138872623444
13	27.982160568237305	0.07562389969825745	0.008851360529661179
13	9.66286563873291	27.320220947265625	0.013222362846136093
13	6.136914253234863	23.455930709838867	0.009570367196026969
13	29.086666107177734	18.71217155456543	0.027566347271203995
13	11.792740821838379	31.739425659179688	0.028892695903778076
13	6.586545467376709	24.392349243164062	0.011484138667583466
13	8.00014877319336	24.28538703918457	0.004686962813138962
13	5.665055274963379	2.324289083480835	0.022625543177127838
13	22.193635940551758	21.8162784576416	0.0010338537395000458
13	23.4586124420166	30.222091674804688	0.01140233501791954
13	19.223356246948242	23.07697868347168	0.008570842444896698
13	47.39748001098633	20.79168701171875	0.013584145728279595
13	1.7044517993927002	24.359281539916992	0.05263325922629414
13	4.22423791885376	33.285255432128906	0.004007011651992798
13	11.604100227355957	17.490428924560547	0.04699616879224777
13	24.38886070251465	0.37765783071517944	0.032616183161735535
13	38.753814697265625	2.6229183673858643	0.03831014037132263
13	32.65074157714844	26.337671279907227	0.03669410198926926
13	14.702751159667969	12.802542686462402	0.057670388370752335
13	9.95759105682373	15.10132122039795	0.0021769194041981466
13	3.5196986198425293	14.637685775756836	0.012459181249141693
13	11.972795486450195	13.758172988891602	0.06736202976282907
13	29.760374069213867	26.731287002563477	0.02668988879989173
13	9.053986549377441	13.784490585327148	0.06866959109902382
13	29.44388771057129	26.67577362060547	0.03533908374169294
13	21.547758102416992	24.2673282623291	0.0004187971353530884
13	11.320943832397461	13.506322860717773	0.039740909110097325
13	21.361661911010742	26.532623291015625	0.006665833294391632
13	6.806208610534668	23.944190979003906	0.038742031902074814
13	0.009873024187982082	11.72957992553711	0.25387274517732505
13	11.192612648010254	13.520605087280273	0.020026564598083496
13	1.2201353311538696	10.249923706054688	0.032385267317295074
13	11.735930442810059	6.257638931274414	0.03730981424450874
13	2.022723913192749	10.395166397094727	0.004918131977319717
13	8.784010887145996	17.450334548950195	0.002025302718667424
13	0.10144579410552979	13.262552261352539	0.008665982414694406
13	30.57469940185547	26.255769729614258	0.02352550275185529
13	29.95198631286621	8.401382446289062	0.021447885781526566
13	30.78345489501953	11.5	0.0524338074028492
13	30.375926971435547	24.586591720581055	0.0201275534927845
13	8.687829971313477	19.620807647705078	0.00504940003156662
13	0.053077127784490585	14.772893905639648	0.06659126654267311
13	30.325820922851562	19.089475631713867	0.04328117826405693
13	8.561856269836426	23.605154037475586	0.006772052496671677
13	30.418291091918945	24.51113510131836	0.03466498479247093
13	30.47812271118164	23.451162338256836	0.023439813405275345
13	0.020029805600643158	13.129525184631348	0.09359121848555171
13	30.219099044799805	27.454303741455078	0.0601440891623497
13	0.6744258403778076	14.277228355407715	0.04053557138232623
13	30.348127365112305	25.943767547607422	0.06742377272423576
13	11.450576782226562	16.352746963500977	0.0011883860125261186
13	9.214330673217773	14.850777626037598	0.03957078978419304
13	1.284407377243042	14.185498237609863	0.052678364164689004
13	30.39981460571289	35.28767776489258	0.005341038107872009
13	18.551504135131836	1.0226613283157349	0.001974254846572876
13	18.863590240478516	1.1881392002105713	0.04801700636744499
13	21.92081642150879	21.98533058166504	0.034568823873996735
13	7.5370774269104	5.497724533081055	0.005321115255355835
13	11.229581832885742	26.790922164916992	0.03028331696987152
13	30.298810958862305	26.492759704589844	0.05838774758226731
13	17.351455688476562	13.769927978515625	0.012456152588129044
13	14.176614761352539	11.344698905944824	0.016712836921215057
13	50.763572692871094	13.89863109588623	0.19187593635390793
13	1.8705482482910156	12.897546768188477	0.05147087574005127
13	30.8563289642334	35.54324722290039	0.028382234275341034
13	31.550622940063477	26.164997100830078	0.0940042994916439
13	15.635794639587402	14.865645408630371	0.062244754284620285
13	22.15388298034668	21.81751823425293	0.011225324124097824
13	30.883472442626953	8.82332992553711	0.03633154753376455
13	29.509132385253906	34.7114372253418	0.030523020554991342
13	47.7987174987793	27.362512588500977	0.035479787517996395
13	0.0538676455616951	18.824243545532227	0.00675246470114764
13	50.68730163574219	12.118319511413574	0.21491204640444594
13	11.006150245666504	16.31578254699707	0.03599918261170387
13	26.745983123779297	30.84465217590332	0.009723704308271408
13	8.856884956359863	24.109989166259766	0.04510864242911339
13	32.761959075927734	41.280887603759766	0.002018190920352936
13	21.1276912689209	13.081907272338867	0.023150570690631866
13	8.007048606872559	22.057350158691406	0.008964389562606812
13	14.82322883605957	12.008444786071777	0.027668412774801254
13	30.189695358276367	34.93275833129883	0.030169356614351273
13	13.449016571044922	12.8037748336792	0.054974690079689026
13	29.289365768432617	27.266361236572266	0.011992935091257095
13	0.15378186106681824	13.115851402282715	0.02356543391942978
13	11.498106002807617	26.369564056396484	0.04266455418923322
13	16.316287994384766	16.706401824951172	0.0021355338394641876
13	0.06653447449207306	12.841632843017578	0.03650565094807569
13	22.00000762939453	21.977930068969727	0.013595304944935965
13	0.13888362050056458	10.564242362976074	0.0041786059737205505
13	2.9869329929351807	11.776152610778809	0.008619703352451324
13	30.38275146484375	23.430513381958008	0.009769868105649948
13	9.592040061950684	24.995389938354492	0.002616584300994873
13	27.14692497253418	26.266979217529297	0.019218608736991882
13	28.99947738647461	27.636445999145508	0.03023657553336201
13	32.81739044189453	33.32319259643555	0.02287186309695244
13	27.435285568237305	36.93412399291992	0.021203503012657166
13	9.754563331604004	4.820352554321289	0.008265141397714615
13	26.49765396118164	28.177419662475586	0.012273795902729034
13	26.736404418945312	2.9185080528259277	0.04976171298938639
13	7.819446086883545	9.722484588623047	0.0028875060379505157
13	9.718565940856934	54.53325653076172	0.04210389011046464
13	11.861554145812988	19.237417221069336	0.034901395440101624
13	12.101658821105957	16.503555297851562	0.003574970890493967
13	10.838205337524414	9.686842918395996	0.12987100727417888
13	10.485806465148926	30.62224769592285	0.07536687219844146
13	30.417938232421875	41.9332160949707	0.012128844857215881
13	10.660543441772461	14.226255416870117	0.03204222768545151
13	2.5302484035491943	13.849997520446777	0.03334080822327562
13	22.523239135742188	21.552236557006836	0.03626666612484876
13	8.572300910949707	23.35698699951172	0.02103637531399727
13	29.984132766723633	10.138837814331055	0.007344171404838562
13	35.99673843383789	22.24994468688965	0.005411885678768158
13	41.50135803222656	35.92840576171875	0.03718831127180773
13	24.74672508239746	35.965885162353516	0.0014090713332681193
13	12.119887351989746	14.215619087219238	0.017898005597731664
13	17.911834716796875	12.685002326965332	0.0008489003076272844
13	2.5179572105407715	15.094635009765625	0.01175856962800026
13	0.03205631673336029	12.202964782714844	0.02839640221175027
13	14.276093482971191	12.588058471679688	0.06727664830053554
13	12.374375343322754	40.594482421875	0.025049865245819092
13	4.570252895355225	12.555134773254395	0.034380584955215454
13	27.68351173400879	20.85070037841797	0.02582063832703757
13	0.04295485094189644	12.846444129943848	0.02595043576815549
13	29.358089447021484	17.837881088256836	0.027632281184196472
13	33.279701232910156	23.475013732910156	0.013555944404181314
13	22.110126495361328	46.2333984375	0.0056459903717041016
13	27.60276222229004	19.25079917907715	0.0010197706082288038
13	32.92857360839844	34.10810089111328	0.017865407992811763
13	32.77241516113281	37.35038757324219	0.008822109331102931
13	32.19618225097656	35.87139892578125	0.029687586952658246
13	29.031450271606445	23.609615325927734	0.029057364910840988
13	35.93108367919922	23.500076293945312	0.011830102652311325
13	14.290282249450684	23.715179443359375	0.04054497927427292
13	7.613528251647949	52.42994689941406	0.049865727915483354
13	14.654376029968262	23.873031616210938	0.001438342034816742
13	13.532957077026367	23.522645950317383	0.0170089453458786
13	12.069615364074707	24.85694694519043	0.0019190013408660889
13	12.329185485839844	15.871891975402832	0.08325870335102081
13	50.241207122802734	10.973885536193848	0.18939533128457914
13	28.999725341796875	6.662493705749512	7.662177085876465e-05
13	36.000003814697266	24.302261352539062	0.024921219795942307
13	29.954870223999023	17.240493774414062	0.015026487410068512
13	9.600650787353516	50.91256332397461	0.016215292846455315
13	9.566072463989258	23.777690887451172	0.035257261246442795
13	7.276316165924072	43.608341217041016	0.02410886064171791
13	14.269899368286133	13.780486106872559	0.07036877993275137
13	0.0231217909604311	13.165563583374023	0.10978021735654157
13	15.535372734069824	12.430689811706543	0.05542185201364405
13	15.508360862731934	12.21199893951416	0.10783378319705234
13	0.027891164645552635	13.44943618774414	0.1556997158948113
13	12.417147636413574	12.55468463897705	0.05395890772342682
13	12.84917163848877	11.552936553955078	0.05793091282248497
13	28.56985092163086	18.70225715637207	0.041222281754016876
13	32.79591751098633	36.19547653198242	0.03371407836675644
13	9.299355506896973	5.915509223937988	0.027950644493103027
13	9.164305686950684	13.86880111694336	0.040364041924476624
13	12.063417434692383	12.71347713470459	0.11802590638399124
13	7.996099472045898	1.9988528490066528	0.01792539283633232
13	20.311979293823242	26.54285430908203	0.009515751153230667
13	19.48634910583496	0.08590973168611526	0.005961768329143524
13	29.01904296875	22.2728328704834	0.0006231479346752167
13	9.001811981201172	19.991134643554688	0.027211852809962106
13	30.43874740600586	24.482215881347656	0.022622354328632355
13	26.722484588623047	41.5987434387207	0.00030796974897384644
13	31.560070037841797	29.43379783630371	0.0772725308642668
13	21.840208053588867	2.244380474090576	0.04438021779060364
13	12.40014934539795	24.865642547607422	0.021196212619543076
13	8.435601234436035	13.85382080078125	0.054240912637289834
13	30.44137191772461	23.437211990356445	0.02263779894394033
13	41.515933990478516	24.690359115600586	0.03782696649432182
13	30.887557983398438	30.689716339111328	0.04603651165962219
13	29.100982666015625	14.322747230529785	0.004181552897481358
13	29.502063751220703	23.452699661254883	0.0015117490992826443
13	35.298274993896484	23.9132022857666	0.012777633965015411
13	35.13748550415039	23.530107498168945	0.017565462738275528
13	30.161420822143555	24.686622619628906	0.03043576329946518
13	7.246719837188721	23.400314331054688	0.0008347891271114349
13	29.43360137939453	19.255891799926758	0.0478067584335804
13	30.456466674804688	24.51601219177246	0.03452201932668686
13	17.176231384277344	14.538660049438477	0.1711473500027376
13	7.797367095947266	5.768529891967773	0.006298333406448364
13	0.01598537154495716	13.320148468017578	0.3350835477604586
13	7.999903202056885	41.20573425292969	0.013063337653875351
13	4.160214900970459	11.825483322143555	0.042223647236824036
13	11.947202682495117	11.931442260742188	0.08295805314007927
13	34.85548400878906	7.630519866943359	0.009036659756127524
13	4.271454811096191	13.641436576843262	0.08707023039460182
13	14.185395240783691	12.946502685546875	0.12725044786930084
13	8.765580177307129	20.503862380981445	0.00610627606511116
13	16.805150985717773	12.66227912902832	0.023643281310796738
13	42.80965042114258	0.19382581114768982	0.05288773030042648
13	10.995718955993652	7.600907325744629	0.013595439493656158
13	16.01784324645996	2.2379515171051025	0.02113489806652069
13	29.48682403564453	19.535661697387695	0.027363359928131104
13	28.623249053955078	23.371768951416016	0.02924610937342928
13	28.9658203125	23.704816818237305	0.06323298066854477
13	31.142581939697266	29.330373764038086	0.04146621858372407
13	31.98621940612793	36.08185577392578	0.01315544282688813
13	16.146892547607422	44.264488220214844	0.008842837284593022
13	30.49055290222168	41.98691177368164	0.008686903864145279
13	29.80890655517578	13.675622940063477	0.03225965359631708
13	1.2753781080245972	21.82338523864746	0.004289451986551285
13	30.47115707397461	24.507909774780273	0.01779087260365486
13	30.454483032226562	24.504558563232422	0.00907493382692337
13	30.45217514038086	24.44305419921875	0.022112589329481125
13	8.486481666564941	24.081703186035156	0.0025296472012996674
13	8.001189231872559	41.30770492553711	0.006662014871835709
13	35.80670928955078	36.08592987060547	0.016436174511909485
13	13.232312202453613	13.286332130432129	0.10753973902148359
13	17.263919830322266	12.660118103027344	0.08810054510831833
13	7.355104923248291	12.403554916381836	0.03244977444410324
13	0.7250737547874451	12.956389427185059	0.08351599425077438
13	14.387578964233398	14.054532051086426	0.1668039858341217
13	13.937982559204102	13.104817390441895	0.06799624334363376
13	20.173477172851562	13.941535949707031	0.01500222459435463
13	13.708675384521484	24.29664421081543	0.01595022901892662
13	14.50702953338623	16.19133949279785	0.006730850785970688
13	5.099948406219482	13.203773498535156	0.049081429839134216
13	16.448293685913086	14.383684158325195	0.04507632181048393
13	0.25638869404792786	24.841590881347656	0.011203367482213414
13	14.194085121154785	13.879342079162598	0.06870289891958237
13	38.793663024902344	2.3552019596099854	0.017006490379571915
13	30.24331283569336	25.272457122802734	0.0065607354044914246
13	23.707687377929688	30.246278762817383	0.019930563867092133
13	29.656513214111328	24.823200225830078	0.020249154418706894
13	0.07697205245494843	14.158251762390137	0.005547253524555873
13	16.330982208251953	51.97639465332031	0.03400243731106023
13	11.082032203674316	17.534543991088867	0.02247495949268341
13	33.1663703918457	27.582551956176758	0.01977717876434326
13	8.615540504455566	19.26723289489746	0.017564307898283005
13	8.67326545715332	5.327513694763184	0.0029395781457424164
13	8.919251441955566	1.7439762353897095	0.03935898095369339
13	38.74187088012695	2.2690043449401855	0.02454594150185585
13	13.143842697143555	15.286663055419922	0.07936852337682948
13	14.956048965454102	13.237335205078125	0.12754684927708962
13	12.75860595703125	13.410798072814941	0.16967827870565302
13	14.22474193572998	13.599010467529297	0.10595306381583214
13	15.706806182861328	15.297196388244629	0.021815799176692963
13	11.672429084777832	16.426170349121094	0.04564641788601875
13	12.90641975402832	15.4765625	0.07738158413592507
13	0.05195566639304161	14.837024688720703	0.01779300719499588
13	14.14589786529541	14.965761184692383	0.016657661427469814
13	16.339458465576172	15.641164779663086	0.02504958212375641
13	18.418094635009766	12.191359519958496	0.03432942554354668
13	16.341365814208984	39.05519104003906	0.00022811091998044264
13	4.92851448059082	0.06010027602314949	0.014396902173757553
13	29.39047622680664	24.934289932250977	0.01251785084605217
13	4.314601898193359	0.7542275786399841	0.030859798192977905
13	30.41444969177246	35.98951721191406	0.02117804065346718
13	0.08893197774887085	19.09978675842285	0.00425933301448822
13	11.582058906555176	14.927934646606445	0.07275358214974403
13	7.81101131439209	24.15913200378418	0.013274561613798141
13	2.2007360458374023	22.55753517150879	0.028024576604366302
13	13.514374732971191	15.243541717529297	0.055180296301841736
13	11.508723258972168	13.158940315246582	0.006586443413706386
13	31.302337646484375	24.036592483520508	0.016970381140708923
13	29.738914489746094	25.233097076416016	0.013219032436609268
13	29.65156364440918	18.918590545654297	0.006494876216439641
13	19.061628341674805	0.12184064090251923	0.013459563255310059
13	22.2756290435791	1.7487187385559082	0.020488929003477097
13	41.9077262878418	0.6617358326911926	0.08271149918437004
13	19.991798400878906	19.793100357055664	0.0018088817596435547
13	14.343832969665527	24.31052589416504	0.026426207274198532
13	30.116806030273438	27.785133361816406	0.023692578077316284
13	0.1471927911043167	17.562503814697266	0.012060925364494324
13	5.302175045013428	1.7193951606750488	0.0019677169620990753
13	29.250389099121094	34.83320617675781	0.028841700185747707
13	29.37959098815918	23.9207763671875	0.04267171025276184
13	29.488313674926758	23.438613891601562	0.017918169498443604
13	30.361026763916016	36.0047492980957	0.029704958200454712
13	18.665916442871094	13.88002872467041	0.021570846438407898
13	30.402427673339844	41.67476272583008	0.007891178131103516
13	29.178953170776367	24.138628005981445	0.030723728239536285
13	29.23813819885254	23.68828582763672	0.0009498745203018188
13	7.200894355773926	43.734100341796875	0.024908363819122314
13	13.549736022949219	16.874156951904297	0.02190341055393219
13	0.590340793132782	13.666899681091309	0.06422120705246925
13	45.415855407714844	0.01802201010286808	0.24172350413659038
13	13.557246208190918	18.806180953979492	0.007425244897603989
13	43.84825897216797	36.149662017822266	0.0005831941962242126
13	11.494187355041504	23.527814865112305	0.07136409357190132
13	0.2364550232887268	12.017545700073242	0.00869107640841428
13	0.2447606325149536	13.351812362670898	0.11479596136247411
13	29.684921264648438	24.08896255493164	0.015601813793182373
13	11.610875129699707	23.484376907348633	0.024693962186574936
13	11.459006309509277	24.19077491760254	0.018222079995800472
13	49.92878341674805	28.211164474487305	0.005452520707074304
13	14.107402801513672	15.780719757080078	0.016985367983579636
13	38.850624084472656	41.6514778137207	0.022127598524093628
13	19.28763198852539	31.3280086517334	0.0001274794340133667
13	8.14789867401123	41.40669250488281	0.018327370285987854
13	12.906928062438965	24.31554412841797	0.007884711027145386
13	50.446285247802734	13.576171875	0.2312171757221222
13	5.202791690826416	2.3591794967651367	0.0164194256067276
13	8.978339195251465	27.466459274291992	0.005439054440049565
14	43.53833770751953	6.626835346221924	0.05104880407452583
14	4.186483860015869	8.21286392211914	0.0011238534660900357
14	51.48377990722656	9.731303215026855	0.07311110198497775
14	4.578981876373291	19.48605728149414	0.031860191375017166
14	4.30234432220459	38.128631591796875	0.008645404130220413
14	0.020507557317614555	13.373824119567871	0.0043066032230854034
14	0.5317386984825134	9.13364315032959	0.01173945888876915
14	23.427719116210938	24.928462982177734	0.006459422409534454
14	2.9784457683563232	5.171207904815674	0.019513351952328395
14	28.911291122436523	5.89082670211792	0.03559393808245659
14	27.739715576171875	5.574982166290283	0.05415545031428337
14	29.017072677612305	5.992002487182617	0.0033840276300907135
14	27.4229736328125	6.156515121459961	0.03704436495900154
14	28.969385147094727	19.571826934814453	0.018625229597091675
14	28.151344299316406	5.768544673919678	0.037355516105890274
14	27.03769874572754	19.89554786682129	0.004762138952227199
14	6.488321781158447	3.076920509338379	0.0019033104181289673
14	0.4301283359527588	10.868768692016602	0.02801673114299774
14	28.59954261779785	6.550212383270264	0.015464596888598275
14	30.425304412841797	8.00727653503418	0.014032780247576093
14	47.9259033203125	27.53331756591797	0.1519767922513625
14	29.49165916442871	5.869209289550781	0.0005250012173372148
14	30.465442657470703	24.596025466918945	0.05242735498091754
14	5.242537975311279	2.872426748275757	0.005463205277919769
14	16.022924423217773	19.68187141418457	0.0175788477063179
14	28.39694595336914	26.470901489257812	0.04679379239678383
14	1.4515005350112915	13.256586074829102	0.0034413523972034454
14	30.354042053222656	7.973467826843262	0.02504667267203331
14	30.479385375976562	7.997696399688721	0.03691646456718445
14	0.011611529625952244	11.328954696655273	0.024700716137886047
14	16.82701873779297	24.08901023864746	0.02323741838335991
14	3.0709517002105713	7.5344367027282715	0.019732072949409485
14	21.71408462524414	21.9318904876709	0.014761216938495636
14	30.399396896362305	7.965005397796631	0.029489416629076004
14	30.503629684448242	19.431926727294922	0.016724035143852234
14	24.30118179321289	19.353296279907227	0.0019648149609565735
14	28.129432678222656	6.522861003875732	0.011170893907546997
14	0.014792862348258495	9.086004257202148	0.036425965673783256
14	21.67913055419922	2.682450294494629	0.00808543711900711
14	4.202346324920654	10.624833106994629	0.00207630917429924
14	29.061159133911133	24.03582763671875	0.0018302465186399441
14	0.030417852103710175	8.789984703063965	0.029948562383651733
14	19.225154876708984	27.57748031616211	0.04723408445715904
14	19.013336181640625	16.510988235473633	0.03687774017453194
14	29.481517791748047	9.061249732971191	0.006612885962514317
14	0.8402371406555176	27.925155639648438	0.0010647624731063843
14	22.214258193969727	27.22391128540039	0.017309073358774185
14	45.458675384521484	28.06060791015625	0.023850608617067337
14	15.16417121887207	4.026144504547119	0.02846553549170494
14	43.325252532958984	38.09086990356445	0.07079502764870138
14	29.06307601928711	9.371589660644531	0.006948325563879573
14	0.10314523428678513	6.914863109588623	0.039277106085244345
14	49.40358352661133	9.417065620422363	0.04223515049499624
14	27.45905113220215	27.695131301879883	0.00414537638425827
14	27.693185806274414	25.205944061279297	0.02680402249097824
14	51.1027717590332	9.783297538757324	0.09741670506841996
14	29.75336456298828	25.676692962646484	0.0022394023835659027
14	0.016358593478798866	11.014104843139648	0.039025187492370605
14	45.54319381713867	28.240346908569336	0.054401662200689316
14	41.5	24.913898468017578	0.027786102145910263
14	10.139766693115234	5.217172145843506	0.044634897261857986
14	0.30546343326568604	0.4064685106277466	0.003446880728006363
14	9.298388481140137	2.22928786277771	0.015967179089784622
14	0.2191316783428192	0.08156811445951462	0.020713750272989273
14	10.263489723205566	1.9275603294372559	0.05029435083270073
14	18.889278411865234	2.777618646621704	0.010486867278814316
14	8.903310775756836	3.5327651500701904	0.02158302813768387
14	6.698821544647217	0.20376116037368774	0.05639588460326195
14	28.864545822143555	19.253890991210938	0.029028572142124176
14	0.07885697484016418	0.1660119593143463	0.015238258987665176
14	30.44624900817871	7.9504289627075195	0.010274767875671387
14	30.441204071044922	7.9486236572265625	0.03588645160198212
14	50.39816665649414	9.819093704223633	0.10363251102321289
14	16.52876091003418	7.874086856842041	0.0057611167430877686
14	29.95511817932129	25.705589294433594	0.02346744015812874
14	29.293331146240234	25.561216354370117	0.01018878028673284
14	28.874698638916016	26.16048812866211	0.09844402223825455
14	41.50764083862305	24.829618453979492	0.0062468163669109344
14	0.015510760247707367	9.516422271728516	0.11606546447557564
14	48.20334243774414	26.415653228759766	0.03732945901506085
14	0.013373943977057934	16.690492630004883	0.045506606645443856
14	35.74623107910156	22.228931427001953	0.0025829635560512543
14	0.016548283398151398	11.11945629119873	0.13730679540073168
14	8.448554992675781	0.6718354225158691	0.06038084998726845
14	50.2552375793457	8.795936584472656	0.1039475290214314
14	0.19238325953483582	3.0736005306243896	0.007322743535041809
14	6.322193622589111	4.789531230926514	0.02650224044919014
14	49.498897552490234	8.634037017822266	0.020726151764392853
14	48.071990966796875	13.670150756835938	0.029194071888923645
14	13.711075782775879	2.7320103645324707	0.0017468854784965515
14	28.902395248413086	38.16314697265625	0.0076855868101119995
14	21.063831329345703	20.62230110168457	0.009756743907928467
14	28.640548706054688	1.1755824089050293	0.007723912596702576
14	29.36350440979004	24.16020965576172	0.013529498130083084
14	4.49280309677124	25.442218780517578	0.02633209154009819
14	20.790199279785156	24.895580291748047	0.00027476251125335693
14	4.402580261230469	24.875577926635742	0.043183375149965286
14	28.62176513671875	26.18875503540039	0.1184180786504465
14	29.699748992919922	25.293106079101562	0.0004256628453731537
14	1.1345560550689697	26.247976303100586	0.045944519340991974
14	16.09546661376953	20.450761795043945	0.01215904951095581
14	10.641425132751465	2.2452664375305176	0.02643010765314102
14	48.380523681640625	9.298152923583984	0.04893343501231251
14	49.540443420410156	8.764970779418945	0.014732481802211095
14	15.7362699508667	13.842702865600586	0.027766112238168716
14	48.33019256591797	29.383487701416016	0.11299196937504936
14	50.45988845825195	11.293240547180176	0.11550995882819681
14	50.78196334838867	14.717747688293457	0.24882946952300913
14	47.911827087402344	29.27397346496582	0.06981449442751267
14	1.4355461597442627	8.49740219116211	0.05865136906504631
14	0.04774708300828934	9.800225257873535	0.06440303474664688
14	1.464213490486145	37.36832809448242	0.0051038265228271484
14	0.07423541694879532	10.249187469482422	0.042473889887332916
14	29.168806076049805	26.715702056884766	0.03843275808236178
14	7.6446404457092285	8.701860427856445	0.0030018724501132965
14	29.499534606933594	24.485416412353516	0.009055621922016144
14	29.454740524291992	26.204435348510742	0.10545270889997482
14	29.130340576171875	26.901390075683594	0.10379369907519397
14	0.09380193054676056	8.8870210647583	0.054631334017304814
14	5.176135540008545	19.28473663330078	0.0028698593378067017
14	31.515613555908203	27.999935150146484	0.030253086239099503
14	36.658172607421875	21.534879684448242	0.015434041619300842
14	16.634105682373047	22.648914337158203	0.0028758831322193146
14	30.41043472290039	23.68930435180664	0.03482850268483162
14	29.10478973388672	20.14646339416504	0.0007052645087242126
14	30.42446517944336	35.98528289794922	0.02317088469862938
14	29.493186950683594	19.36043930053711	0.001673426479101181
14	8.333477973937988	2.3486974239349365	0.011701274663209915
14	44.33548355102539	27.923974990844727	0.062026236206293106
14	30.441869735717773	7.899384498596191	0.015480972826480865
14	40.381710052490234	19.565532684326172	0.005359951187582562
14	50.116554260253906	9.715234756469727	0.07761633045533126
14	0.07093682885169983	3.346843719482422	0.01792067289352417
14	3.0901365280151367	19.570201873779297	0.02165554858305875
14	5.838709831237793	5.311542510986328	0.0029795877635478973
14	11.196398735046387	7.728323459625244	0.011440720409154892
14	39.70763397216797	28.877132415771484	0.008684884537668788
14	27.062414169311523	5.8508687019348145	0.0032810792326927185
14	6.0586838722229	11.970507621765137	0.009420152753591537
14	16.44390869140625	7.997704982757568	0.009779091705294216
14	47.91560745239258	11.087305068969727	0.009570117820711696
14	28.299545288085938	19.33096694946289	0.020783640444278717
14	0.21051307022571564	10.053020477294922	0.010597322136163712
14	4.534271717071533	1.4147924184799194	0.009249657392501831
14	30.285614013671875	26.577817916870117	0.005660843104124069
14	30.278228759765625	27.356231689453125	0.014908261597156525
14	29.921754837036133	13.916743278503418	0.011006508022546768
14	29.19562530517578	19.543231964111328	0.02747207134962082
14	2.27988600730896	28.460554122924805	0.052516479045152664
14	5.728250980377197	13.254704475402832	0.017301179468631744
14	44.88432693481445	27.83660316467285	0.03079085797071457
14	29.89671516418457	27.812837600708008	0.006734553724527359
14	28.732084274291992	19.829797744750977	0.032893650233745575
14	28.776596069335938	19.679807662963867	0.03451327234506607
14	7.687063694000244	35.31863784790039	0.0004764348268508911
14	28.862136840820312	34.989097595214844	0.0034719668328762054
14	30.427509307861328	27.485506057739258	0.010144170373678207
14	28.390474319458008	19.975563049316406	0.010952170938253403
14	29.66805076599121	27.512224197387695	0.027350567281246185
14	28.921932220458984	19.776029586791992	0.013910338282585144
14	30.429841995239258	26.91853141784668	0.0599307082593441
14	29.91849708557129	25.215320587158203	0.0018302388489246368
14	27.102964401245117	24.708698272705078	0.01334596797823906
14	34.41926956176758	11.483583450317383	0.0009208805859088898
14	23.080121994018555	13.658905029296875	0.002943597733974457
14	16.972888946533203	37.92586898803711	0.009362481534481049
14	42.13138198852539	26.70429229736328	0.016716714948415756
14	27.712417602539062	33.527889251708984	0.016771674156188965
14	27.55487632751465	37.396968841552734	0.01133827492594719
14	45.47010803222656	14.21290111541748	0.05173886567354202
14	0.058895424008369446	13.41118049621582	0.02716128506204661
14	5.034943103790283	20.558706283569336	0.013391856104135513
14	2.5371499061584473	9.093564987182617	0.0021274199380594133
14	27.2571964263916	20.34109878540039	0.013799645006656647
14	27.00718116760254	21.790016174316406	0.027185186743736267
14	29.491605758666992	27.378408432006836	0.0458490327000618
14	16.44345474243164	7.96769905090332	0.04365913263138603
14	28.65331268310547	19.25458526611328	0.06888823583722115
14	16.35340690612793	27.53114128112793	0.027329184114933014
14	41.501686096191406	10.85696792602539	0.02779607825419482
14	49.21586990356445	15.969018936157227	0.017493024468421936
14	28.02947998046875	7.04468297958374	0.005250655114650726
14	9.546217918395996	0.9532236456871033	0.05041566491127014
14	1.6039361953735352	8.972421646118164	0.015230473130941391
14	8.029352188110352	14.067403793334961	0.010447509586811066
14	29.2657470703125	31.818763732910156	0.003932621330022812
14	30.513479232788086	27.541412353515625	0.004100348800420761
14	16.214370727539062	5.756259441375732	0.0017011016607284546
14	26.860973358154297	5.182896137237549	0.012161388993263245
14	27.05205535888672	5.238551139831543	0.005660969763994217
14	0.03182374686002731	15.183076858520508	0.027627669274806976
14	27.81219482421875	34.06046676635742	0.011125117540359497
14	29.27496337890625	26.408477783203125	0.01752624288201332
14	27.93230438232422	6.022927284240723	0.02146463841199875
14	0.05434054136276245	14.491419792175293	0.02572671937591889
14	47.91073989868164	10.755729675292969	0.04033270565902486
14	35.71717071533203	12.039578437805176	0.005091123282909393
14	16.44533348083496	36.040565490722656	0.021708570420742035
14	49.06712341308594	10.676156044006348	0.02827057154739604
14	8.374808311462402	3.266317367553711	0.05106673389673233
14	29.48087501525879	24.334978103637695	0.027506288141012192
14	28.906925201416016	19.797237396240234	0.017788279801607132
14	0.06353195756673813	11.945902824401855	0.01619074121117592
14	0.0273605789989233	12.25078296661377	0.00985458493232727
14	42.65301513671875	30.486928939819336	0.022427006679422712
14	49.83136749267578	12.686663627624512	0.10078250310000253
14	0.02173260785639286	12.284934043884277	0.046410925686359406
14	30.480937957763672	16.480012893676758	0.03107304498553276
14	16.181312561035156	38.975467681884766	0.0019276849925518036
14	50.31531524658203	9.618955612182617	0.043099825873094466
14	46.40946578979492	8.991242408752441	0.00623132332282908
14	50.082801818847656	9.396917343139648	0.02672151257010069
14	27.67131805419922	35.82545852661133	0.004574500024318695
14	46.48409652709961	31.03451156616211	0.008497089147567749
14	16.37381935119629	33.082767486572266	0.007431983947753906
14	41.500953674316406	30.213693618774414	0.006716761738061905
14	16.388671875	8.019669532775879	0.012171424925327301
14	16.413488388061523	8.019474983215332	0.021500464528799057
14	0.016202470287680626	13.545936584472656	0.014298096299171448
14	49.41211700439453	12.897217750549316	0.030808672308921814
14	16.394641876220703	35.946189880371094	0.048672351986169815
14	27.89716911315918	27.887462615966797	0.038582026958465576
14	16.250347137451172	9.300455093383789	0.005420252680778503
14	49.54964065551758	8.84777545928955	0.15299387714442084
14	8.449051856994629	13.728557586669922	0.0012288205325603485
14	41.500274658203125	10.856980323791504	0.02405758026768179
14	28.27814483642578	25.365530014038086	0.02776336669921875
14	30.548179626464844	41.758384704589844	0.01434636116027832
14	39.38910675048828	32.96337890625	0.019235681742429733
14	39.13972854614258	32.00105667114258	0.029627151787281036
14	39.20298767089844	28.7136173248291	0.0066899023950099945
14	40.908348083496094	32.001312255859375	0.019092511385679245
14	41.93718719482422	31.181360244750977	0.038247138261795044
14	27.90443229675293	29.285850524902344	0.04239393770694733
14	28.417226791381836	36.097740173339844	0.021722733974456787
14	28.75651741027832	24.367525100708008	0.043781571090221405
14	16.485319137573242	36.086265563964844	0.01966525986790657
14	41.884239196777344	27.071157455444336	0.018848542124032974
14	5.144617557525635	41.613033294677734	0.015426859259605408
14	39.0095100402832	41.55463409423828	0.005796775221824646
14	37.27830123901367	37.698974609375	0.019000019878149033
14	27.457252502441406	36.98516082763672	0.0073580555617809296
14	28.023637771606445	34.69324493408203	0.013003580272197723
14	27.70859718322754	6.4141011238098145	0.009344164501218236
14	40.80120086669922	34.31318283081055	0.0022616349160671234
14	29.65371322631836	13.257735252380371	0.013428512960672379
14	24.55360984802246	29.23944854736328	0.03161518648266792
14	38.75860595703125	41.27055358886719	0.013764288276433945
14	27.396623611450195	36.35988235473633	0.008081596344709396
14	26.037830352783203	29.931745529174805	0.028008781373500824
