subject	mode_1	mode_2	amplitude	r2_shift	r2_joint	voxel
03	2.3429542	2.305135	10.441718	0.16825444	0.16802853	495
03	0.70567477	0.5857822	1.0604726	0.16482037	0.16198665	603
03	1.1495061	1.0895113	1.2714185	0.14919972	0.14864206	713
03	0.47677863	0.47021702	5.805887	0.14088327	0.14087528	200
03	0.65797246	0.6151006	1.6995573	0.1410901	0.14082366	665
03	0.5707165	0.5643748	1.2305672	0.12815255	0.12814671	664
03	1.3169252	1.1050054	4.074282	0.13047755	0.12576574	712
03	2.3978224	2.4682353	6.484095	0.12503439	0.12457782	496
03	2.1904917	2.225315	5.364418	0.11478096	0.11465222	501
03	2.7681565	3.0461617	0.43305063	0.12476879	0.1106112	650
03	0.29589233	0.4294507	4.413869	0.11080688	0.10917586	191
03	0.61384463	0.8747993	0.9692936	0.116963625	0.10903293	431
03	2.18129	2.303671	8.390289	0.105199814	0.10387093	490
03	2.4781234	2.4066575	0.77960145	0.10291523	0.1022498	661
03	2.5910354	2.6256092	0.7338619	0.09950733	0.09935647	409
03	1.298045	1.1343721	3.763639	0.101245284	0.09899765	710
03	2.7297802	2.7452986	4.4476056	0.09473497	0.09470618	577
03	2.5820727	2.7265387	1.0366943	0.09504545	0.09354496	499
03	1.1652797	1.0781155	5.956884	0.090102434	0.08968568	709
03	1.6687287	1.6376865	5.549776	0.08916199	0.08908206	646
03	2.2905095	2.5050995	7.4125395	0.09093088	0.0873788	272
03	0.92256254	0.7353671	0.8328379	0.0927577	0.08722663	659
03	0.8709652	0.5144271	0.9711502	0.0976305	0.08654851	349
03	2.41125	2.4761145	5.814288	0.085111976	0.08479303	500
03	0.5194272	0.53066933	3.3295696	0.08403683	0.08402729	449
03	0.5384826	0.47667304	8.8389435	0.08155811	0.08126056	253
03	0.53527737	0.42376047	1.4945296	0.08181757	0.08095878	201
03	1.0789145	1.1245062	3.0066485	0.08029026	0.08016145	640
03	1.2814312	1.3227327	3.1160145	0.0783695	0.07823086	708
03	2.543875	2.4578252	0.9971126	0.07778567	0.07737833	606
03	2.6267436	2.4304156	0.51464677	0.08026928	0.075924635	403
03	0.8777479	0.9138977	1.302714	0.07565594	0.07555872	360
03	0.8569185	0.75763446	1.1012673	0.07632595	0.075514376	598
03	2.092762	2.339503	7.208685	0.07924342	0.07537973	493
03	0.7336239	0.49983907	0.6874882	0.08077359	0.07529211	522
03	2.5717096	2.6075988	0.7488216	0.07401049	0.07392585	507
03	1.6754267	1.532793	12.486105	0.07528943	0.07392287	644
03	0.5732347	0.62876487	0.6474788	0.07410872	0.07385343	726
03	2.688479	2.6751733	0.6018848	0.072481394	0.0724563	415
03	0.55551744	0.5256624	0.42627823	0.0724743	0.07231933	595
03	0.5520588	0.64172524	0.45179838	0.07321733	0.07219267	533
03	0.43608707	0.40235993	2.1472125	0.07208592	0.07201123	453
03	3.121782	0.22178029	7.920526	0.07621336	0.07162374	317
03	1.2104707	1.2870362	5.8497505	0.07195425	0.07155192	707
03	1.7890513	2.0034316	7.5822554	0.07439971	0.071112156	492
03	0.61756086	0.42545822	8.364622	0.07308626	0.07053858	254
03	1.0647542	1.3470922	5.326888	0.0748623	0.06905824	704
03	1.1567174	0.91498756	1.1164424	0.07259661	0.06773865	635
03	2.7076006	3.1145172	0.31484032	0.08905804	0.06697613	324
03	0.6741202	0.6848138	0.45571432	0.06637788	0.06636298	210
03	1.9630959	2.2856414	5.0171347	0.0725767	0.066188276	781
03	2.785676	2.5210123	0.58150446	0.07291949	0.06488764	580
03	0.5674827	0.5764564	0.68021494	0.06445581	0.064450204	154
03	0.42126372	0.3528314	9.736382	0.06454152	0.06422591	318
03	2.810131	2.9611204	0.3373476	0.07317644	0.06398648	667
03	2.6307662	2.6206686	0.8997698	0.06386471	0.063859224	212
03	0.9733164	0.8398986	1.4012055	0.0648641	0.06371105	563
03	2.6637664	2.6731586	0.56947803	0.06361276	0.06360501	327
03	0.97323406	0.68389094	2.9765878	0.06576198	0.063004136	778
03	1.6889104	1.7581366	8.90473	0.06318492	0.06288564	578
03	1.7444134	1.9329687	6.270216	0.06434572	0.0625155	581
03	2.779016	2.5011997	0.3706075	0.068724275	0.06139767	405
03	1.6582754	1.5095325	10.067995	0.06184876	0.060827732	647
03	0.9962052	0.58348775	5.3713737	0.065229654	0.05941218	602
03	1.3285167	1.0465468	1.1148514	0.06525719	0.059232235	645
03	2.778887	2.6996887	0.46356463	0.059414864	0.059042633	268
03	0.7154335	0.52455646	0.44497436	0.06227696	0.05808574	224
03	2.477195	2.5642529	0.85416824	0.058463454	0.058012843	715
03	0.72964865	0.6270207	1.4654965	0.058525085	0.05798316	192
03	2.3294868	2.4871688	3.2665105	0.058665514	0.057528317	780
03	0.5571705	0.62249666	0.3829085	0.0573079	0.05730927	524
03	0.66075444	1.027624	0.27656168	0.06657201	0.057243645	733
03	0.7757864	0.47157115	1.1444807	0.062743604	0.057240427	350
03	1.0309057	0.9219457	1.7115241	0.057678938	0.05700934	574
03	2.332801	2.7492895	0.43173966	0.075466275	0.056912065	725
03	2.640241	2.6598277	1.0518169	0.056319296	0.056283414	416
03	2.9192011	2.9633412	0.28880653	0.057227373	0.056050718	618
03	1.4909241	1.3914267	0.5681917	0.056557536	0.05597049	773
03	2.3661225	2.3625703	0.25729656	0.055914402	0.05591303	262
03	1.0649291	0.77846426	0.49757412	0.06446642	0.055716634	357
03	2.6717486	2.280818	0.4097074	0.066123486	0.05518818	329
03	1.472404	1.6278818	0.29071036	0.06417817	0.054403245	636
03	0.9676664	0.7542401	5.3731456	0.056464672	0.0542503	256
03	1.8683664	1.7497946	9.9021225	0.054369688	0.053704858	582
03	0.7201401	0.66508204	0.37668508	0.05337113	0.053088427	812
03	2.7137735	2.39179	0.3271238	0.06302768	0.052987337	149
03	1.9005367	2.1478531	5.6759157	0.055587888	0.052778423	412
03	0.5904108	0.48728812	0.49060676	0.053028047	0.052359164	594
03	0.1456542	0.50248927	1.050342	0.058998704	0.05137509	96
03	2.1802661	1.955009	5.3993034	0.052993715	0.050668657	491
03	1.4926547	1.4550139	7.151845	0.050495207	0.050507605	486
03	2.7805529	2.6776884	0.28756213	0.050816	0.04953003	651
03	1.9845488	2.2330344	6.2935815	0.052129507	0.049393952	202
03	2.7307796	2.8799202	0.2854656	0.052780032	0.049337864	328
03	0.3817705	0.95286167	0.30607167	0.06538707	0.049100578	425
03	1.0691501	0.89228684	2.5893495	0.049934804	0.048660994	570
03	0.19749726	0.59726816	0.7737236	0.057594717	0.048658013	351
03	0.83883876	0.65677303	0.46421006	0.051383674	0.048134446	530
03	2.9204276	2.9869287	0.34113127	0.050749183	0.047982514	676
03	2.563453	2.3215878	0.577355	0.050914347	0.047919095	548
04	0.7516291	0.8920624	6.0450125	0.16857266	0.16544461	551
04	2.2748873	2.4434364	4.2382903	0.16177148	0.15762538	490
04	0.012941396	0.07758984	1.1664904	0.15339345	0.15242147	182
04	1.1189094	1.2245253	0.7584597	0.1548658	0.15105009	607
04	0.61490434	0.62991375	10.07331	0.12458062	0.1245181	428
04	2.6156003	2.7450116	3.0602813	0.12028444	0.11849779	447
04	0.5792311	0.44310057	8.756183	0.10814178	0.10632062	282
04	2.356246	2.0934722	7.827991	0.11216766	0.10521877	226
04	1.0721112	1.2197719	0.35502753	0.10973841	0.10378468	603
04	0.94403064	1.0533762	5.056047	0.10489416	0.103692174	608
04	2.9529414	2.645935	0.8390569	0.118315995	0.10230851	278
04	0.82799405	0.6436421	8.236252	0.10465723	0.101603806	340
04	2.4437983	2.3834875	5.1732273	0.10126966	0.10097957	446
04	0.7042831	0.80962527	6.9715314	0.09665179	0.09565872	287
04	0.76972747	0.7328313	5.582886	0.09548682	0.0954175	547
04	1.2738256	1.3171628	0.6739948	0.09331685	0.092959404	554
04	3.037324	2.9724889	2.2392597	0.090130925	0.089717805	185
04	3.020139	2.972205	2.5210304	0.08910465	0.08887488	426
04	0.6345557	0.7752483	4.43429	0.08635306	0.08496982	324
04	2.7767234	2.6184618	0.49060816	0.09067392	0.08386165	406
04	2.044821	2.2448003	8.87897	0.08434737	0.08144677	355
04	0.79920036	0.8612952	4.8578014	0.08132559	0.08102256	596
04	0.12408932	0.075573094	0.81396896	0.08023924	0.07989484	488
04	0.25700313	0.5076632	12.694393	0.08468312	0.079784274	489
04	2.2776365	2.3381188	0.7684114	0.078750014	0.07836777	462
04	0.675496	0.5989399	1.1457866	0.07732266	0.07710785	98
04	0.47824928	0.5607448	2.2788892	0.07646698	0.07606375	487
04	0.8157126	0.6980894	3.6864316	0.07654315	0.075700045	94
04	0.56227475	0.5619999	0.51834935	0.07551277	0.07551181	595
04	0.60626364	0.60035086	7.1906404	0.07302749	0.07303518	375
04	2.2985027	2.0003338	4.5620136	0.07942349	0.07274032	445
04	1.3035843	1.4047719	0.85706586	0.07199472	0.07081777	556
04	0.32966554	0.4182496	0.36739004	0.071567774	0.07023597	542
04	2.2916546	2.103983	6.8604965	0.071691275	0.069747865	495
04	0.49322286	0.52761245	6.4384136	0.06844878	0.06839806	333
04	0.4141719	0.27985224	6.07209	0.069268525	0.06799567	133
04	1.2995033	1.1118051	0.40113324	0.07087201	0.06687224	245
04	2.9261255	3.0528743	0.71467555	0.07018179	0.06638992	384
04	1.4187253	1.4706522	1.235213	0.06613308	0.06584698	500
04	0.28681582	0.36969915	6.9459333	0.06464136	0.064165056	68
04	2.3824368	2.3302782	2.8316193	0.06424528	0.06413543	419
04	0.5545119	0.80958486	5.961127	0.06689894	0.063278794	325
04	3.1170866	0.17633584	0.47250554	0.068612576	0.061854064	137
04	0.9087291	2.0910122	0.5069585	0.07840991	0.06178695	604
04	0.25463906	0.46823677	8.075636	0.06307566	0.06042701	135
04	0.6220944	0.5729256	3.4249625	0.06053984	0.060377717	302
04	2.6106112	2.4840286	4.437344	0.061130166	0.060361207	497
04	0.18754943	0.51364374	1.1417922	0.06757486	0.060247958	339
04	0.66420954	0.44392756	12.095365	0.06762165	0.059982836	378
04	2.3466713	2.5953603	2.3910868	0.06317961	0.059831083	149
04	1.2000536	1.3131722	0.4620155	0.061424375	0.059760034	610
04	1.5051221	1.4513037	0.6705147	0.059689343	0.05928594	329
04	2.531836	2.5588703	0.3144454	0.059226394	0.059037566	397
04	2.7556663	2.7300553	0.5086849	0.058869243	0.058817625	188
04	0.4577944	0.36090565	0.58312684	0.058941364	0.058288038	69
04	1.4999086	1.4771202	0.5339227	0.058277607	0.05822879	450
04	1.413344	1.5202622	1.2086853	0.058264792	0.057492554	555
04	1.0039848	1.2894825	0.32214135	0.09059602	0.05738288	652
04	1.3956262	1.3253821	1.0534126	0.056947708	0.056647956	559
04	1.6723034	2.1703708	6.1957216	0.07080555	0.056376517	351
04	0.2332878	0.15500537	0.95133287	0.056779206	0.05636376	290
04	0.2899785	0.27046397	6.500849	0.055790603	0.05575925	491
04	0.79934716	0.73701215	5.9530296	0.054828107	0.054653704	363
04	2.7799375	2.7315001	1.250097	0.05459875	0.054380655	327
04	2.4285579	2.332975	3.9933033	0.053281248	0.05298984	467
04	0.80657035	0.92493665	0.48227897	0.054078102	0.052690804	541
04	1.3392187	1.6861955	1.3118715	0.060799837	0.05242735	662
04	1.9627534	1.8432528	4.3302827	0.053180575	0.052411437	242
04	0.09341077	3.0735548	0.42531958	0.05620432	0.051956296	100
04	2.6816237	2.658195	0.3629024	0.051632583	0.05156207	402
04	1.5351065	1.5742595	0.27983963	0.05099553	0.05070603	252
04	0.58810645	0.24982804	1.139997	0.053237796	0.050583303	337
04	2.3503647	2.41759	6.5535502	0.0498302	0.04963225	408
04	0.91883296	1.1281441	0.79753464	0.05265677	0.049517572	103
04	2.4174218	2.2973723	5.8632655	0.049823403	0.049190164	141
04	1.2597967	1.3658133	0.82068133	0.049355924	0.048737586	613
04	1.0813934	1.2765929	0.3034433	0.05747944	0.048493385	654
04	2.1410112	1.7670294	0.3992791	0.062328756	0.048390508	228
04	2.849161	2.6265461	0.7745518	0.050168097	0.04832846	184
04	0.20044975	0.34758306	0.122437835	0.0664562	0.047498405	496
04	0.57090074	0.88584465	4.634324	0.051284015	0.04695493	267
04	1.4619855	1.4790548	1.305473	0.04611826	0.046100676	695
04	0.032286625	3.0795367	2.5170958	0.04635513	0.04589379	443
04	1.1669186	1.1968511	0.16581012	0.04627168	0.045749128	606
04	0.16692322	0.031083802	0.24182653	0.057360947	0.04529041	270
04	2.589863	2.4122055	0.34692675	0.048081696	0.045135736	413
04	2.6851268	2.8946774	0.38869965	0.04854852	0.045097947	142
04	0.9374041	1.1809194	0.12001813	0.056354523	0.04424858	93
04	0.7789644	0.12223985	4.8320155	0.059465826	0.04330927	417
04	2.5639215	2.0815256	1.2491211	0.056586087	0.043260098	418
04	2.6811562	2.4672515	4.870947	0.04494959	0.04317051	422
04	1.6773334	1.728046	0.20558174	0.043792844	0.04286158	553
04	0.4964059	0.78863835	4.540434	0.04584527	0.04283297	277
04	0.9225338	3.008955	0.24303502	0.043973446	0.042542815	132
04	1.9861442	1.9336969	0.22011915	0.04388112	0.042486668	9
04	2.805193	2.837907	0.23091365	0.043412924	0.04241413	123
04	1.5663453	1.3337314	0.3543157	0.04640776	0.041837215	297
04	2.7986348	2.8135161	0.15840767	0.04185146	0.041795492	212
04	2.1414316	1.9873093	6.4202514	0.042524397	0.041558266	183
04	0.38711426	0.3806286	0.21799149	0.041485667	0.041477084	165
05	2.534523	2.476448	4.29086	0.36493295	0.36392194	513
05	3.009966	2.789301	4.129693	0.24281222	0.23055428	276
05	2.586578	2.3214736	11.245392	0.23349118	0.21886325	459
05	2.3735154	2.3304358	9.331136	0.21521986	0.21478903	452
05	3.0542994	2.7917035	2.242641	0.20354319	0.18784589	281
05	2.5228212	2.3322573	9.951099	0.185758	0.18009406	455
05	0.68296874	0.52236587	2.558254	0.18303925	0.17893362	282
05	0.22641227	0.1880264	3.0833204	0.17319745	0.17291832	409
05	2.6671448	2.408771	11.1329565	0.17787087	0.16906059	363
05	0.9659354	0.8662529	2.02718	0.16677332	0.16500658	546
05	2.8592286	2.810412	1.051206	0.16261488	0.16215312	207
05	0.12596652	0.09194531	8.836043	0.16183567	0.1616481	456
05	2.4684803	2.7014284	1.9951298	0.17011797	0.16135848	372
05	2.9123733	2.5212288	8.153732	0.17692441	0.15984571	275
05	0.54364043	0.4497979	1.3440869	0.15007001	0.1484927	457
05	1.1644081	1.0189339	0.66339105	0.14782792	0.13881594	627
05	1.0790254	0.99253625	0.71765274	0.13959903	0.1378336	621
05	2.9021297	2.7051332	0.72640795	0.13770777	0.13296974	204
05	0.011916372	2.7359827	6.278811	0.1539501	0.12927395	364
05	2.4076304	2.4191606	0.9014732	0.12811464	0.12809074	445
05	0.2559343	0.395909	9.935883	0.124718964	0.122449875	415
05	0.09089826	3.011224	5.0815606	0.12872559	0.12186694	286
05	0.3382604	0.38410327	7.84802	0.12194508	0.121638894	460
05	0.46409315	0.4038669	10.226375	0.12070525	0.1203323	336
05	0.58090746	0.4694703	1.1957616	0.120452106	0.11901516	515
05	0.5131363	0.595667	8.421901	0.1179598	0.11715424	287
05	0.7604805	0.74696463	2.1144674	0.11562836	0.11560863	289
05	0.19755183	0.081099905	8.769762	0.11469787	0.113183856	413
05	0.70771754	0.6459637	1.8184968	0.11301726	0.11294842	463
05	0.2103654	0.120992325	5.7528315	0.112870455	0.11189973	318
05	2.6493607	2.7037501	1.0897617	0.112069786	0.11173034	268
05	0.55757135	0.49634323	0.81376845	0.10381019	0.1033237	208
05	0.88001394	0.6841265	2.4648445	0.10518628	0.10243052	212
05	0.6252633	0.8118347	7.243737	0.10233158	0.09908521	288
05	0.871449	0.8883193	0.73488265	0.098098814	0.09806198	550
05	0.015573086	0.29658693	11.20213	0.10283041	0.09448111	406
05	0.26791555	0.45337954	9.05596	0.09680891	0.09376174	341
05	0.6194332	0.44153753	1.5820339	0.095678926	0.09337211	408
05	2.4887133	2.6250346	1.2883627	0.092502594	0.09035963	354
05	0.20409708	0.13413675	0.6844005	0.09061003	0.08993107	410
05	0.6146033	0.6422968	3.3206704	0.089336514	0.08928025	385
05	2.3797824	2.7605321	0.8730878	0.097014606	0.08730626	371
05	2.4263487	2.6520827	0.5319314	0.10179138	0.08684206	349
05	0.7329604	0.79156876	1.3963073	0.08599287	0.08573109	213
05	2.8193336	2.4675522	7.672667	0.09243828	0.08301592	267
05	2.9312758	0.18897538	4.1855073	0.09611499	0.08072215	232
05	2.4014382	2.767425	0.59736973	0.097152054	0.08051807	381
05	0.10560666	2.726348	0.91971767	0.1109826	0.07980549	347
05	0.3087024	0.23468441	0.30987316	0.08121884	0.07934368	320
05	0.49534783	0.4696394	0.7400949	0.07875031	0.078692615	430
05	2.6334887	2.643211	0.5241876	0.079285145	0.07842147	642
05	0.5158505	0.42482406	2.8443756	0.07818723	0.0776394	313
05	0.9130907	0.8945656	3.2906346	0.07754856	0.07751644	542
05	0.54147935	0.6826614	4.94069	0.07861072	0.07728875	486
05	2.4339755	2.768093	0.5294895	0.08359605	0.07677531	344
05	2.615464	2.6692677	0.6528349	0.07707417	0.076756716	355
05	0.4897514	0.23964074	0.4626823	0.07917589	0.07472676	325
05	0.41949967	0.24811594	1.0066282	0.074867845	0.07224178	330
05	0.29104707	0.3796606	4.6165814	0.07256538	0.07200664	487
05	0.82666653	0.31378028	3.664295	0.08941901	0.071997404	384
05	3.1213071	0.15767215	3.4152765	0.07369226	0.07126194	326
05	2.6032608	2.6282914	0.57021683	0.070950985	0.070821285	373
05	1.7834204	1.8115236	4.3990035	0.070518374	0.07045418	690
05	2.4642367	2.8323016	0.63188815	0.08278537	0.07004225	362
05	0.12824443	0.27972475	6.2682447	0.07105297	0.06937045	414
05	0.12027201	2.9516585	1.2565871	0.077850044	0.068294704	244
05	2.7462502	2.4715261	5.570982	0.0725289	0.067792	345
05	2.6147573	2.78721	0.5368753	0.0684706	0.06678623	351
05	1.3469142	1.1759824	4.983314	0.06827706	0.06645441	490
05	0.26886454	0.49600077	5.9542165	0.0695833	0.066028595	352
05	0.50798345	3.1523993	4.3181133	0.084034026	0.06588054	357
05	3.1352348	0.1594907	5.688242	0.06729138	0.06540936	420
05	1.8134308	1.90782	6.1963964	0.06559342	0.06495851	620
05	2.740743	2.6450381	0.27740556	0.070088506	0.064786434	417
05	0.060574442	0.34866315	7.646106	0.06954378	0.06407988	297
05	2.8798537	2.9696023	0.69801456	0.06267375	0.062131107	246
05	2.5174544	2.6459804	0.5835775	0.06335455	0.061793923	497
05	2.7235994	2.6499457	0.332833	0.08098745	0.06147033	646
05	0.31374615	0.50561553	6.787634	0.06350595	0.061400175	301
05	0.111669496	3.0588896	3.9407306	0.06356728	0.061008215	233
05	1.8217499	2.1994486	2.1749637	0.069533944	0.059872746	27
05	0.6745298	0.6399626	5.247445	0.058674097	0.05861157	258
05	0.5222749	0.29449221	1.6517317	0.05965513	0.057863772	518
05	1.5373127	1.2226989	5.2778983	0.063105404	0.05728352	496
05	0.40405828	2.999485	1.2038884	0.07723677	0.057192445	243
05	0.67776805	0.5696691	0.4118236	0.061020494	0.057053745	537
05	0.8869889	0.80958295	1.5146308	0.056721807	0.056410372	485
05	0.56174964	0.582713	5.7957177	0.0557943	0.055767	386
05	0.277793	0.20254023	0.39553732	0.056910455	0.055651546	397
05	2.6449792	2.5965502	0.3354956	0.05612898	0.05564642	567
05	0.80250835	0.86956805	4.784587	0.055471182	0.05524206	407
05	1.6082578	1.7159142	0.31767642	0.057340562	0.05508262	177
05	0.2841875	2.5710292	0.25808543	0.053389132	0.05399567	334
05	0.3131015	0.5579603	5.832815	0.057091057	0.053851128	505
05	2.1851683	2.1865036	0.64325494	0.05365163	0.05365169	113
05	2.9141676	2.7558033	0.34555578	0.058978856	0.053511858	444
05	1.2109842	2.700791	0.33377364	0.057390213	0.05344981	555
05	2.2882373	2.6445506	0.21652709	0.06326246	0.052885115	338
05	2.4886262	2.5600965	0.36627	0.053474188	0.05257076	421
05	0.06422536	0.22337992	4.7878394	0.05355221	0.05238211	419
06	0.8520275	1.0346134	11.779828	0.42276102	0.4093966	328
06	1.4018147	1.5003198	9.135371	0.41143733	0.40707594	683
06	2.3425896	2.4791071	13.5805855	0.3965562	0.3893593	430
06	1.1304079	1.1855186	12.567852	0.38065952	0.3795042	771
06	2.1570425	2.2130487	21.269604	0.3767084	0.37558252	525
06	0.8847269	0.9360654	6.795919	0.37191057	0.37093967	327
06	0.9193429	0.8800831	8.428874	0.36994898	0.3694179	286
06	0.5551472	0.7399163	7.2959223	0.35942233	0.348333	538
06	2.1438537	2.1392667	13.493967	0.34309506	0.34306735	316
06	2.4033155	2.562781	2.6739092	0.34074277	0.33015686	319
06	1.1175082	1.1292535	12.844648	0.32977474	0.32941443	767
06	1.414462	1.3676354	11.79263	0.3108793	0.31012595	738
06	1.0137706	1.2224528	9.1557255	0.32010853	0.3065188	330
06	2.3871608	2.3960955	10.207769	0.27676004	0.27671307	273
06	1.2574525	1.2178075	10.74036	0.27545357	0.27508485	775
06	1.4292755	1.4692252	11.684885	0.27511144	0.27482706	682
06	2.927056	3.0315025	17.112503	0.2722339	0.2694857	264
06	1.3301796	1.417082	11.226652	0.26968646	0.26762915	741
06	2.1466577	2.0973098	18.360144	0.26137042	0.26079816	576
06	2.4042645	2.6345131	2.5664482	0.27589953	0.26054782	320
06	2.179899	2.5489855	14.572104	0.28697652	0.25170106	474
06	2.400523	2.5713947	2.3313105	0.25725174	0.24916363	276
06	0.54078025	0.57724047	1.7330464	0.24870193	0.2483111	535
06	2.1934502	2.2656875	12.189697	0.24613255	0.24495363	485
06	1.3024328	1.2805566	9.339857	0.23320562	0.2330625	735
06	2.1685748	2.3636572	3.7574973	0.23324233	0.22502488	317
06	2.2893996	2.5173512	0.9635163	0.24352688	0.22239804	275
06	1.5901741	1.4797543	7.082026	0.22512603	0.22226691	685
06	0.5590711	0.56750894	2.7350223	0.22065145	0.22063476	453
06	1.4078952	1.5632839	12.864967	0.22579855	0.22037119	740
06	1.0978261	1.0509473	10.239996	0.2182864	0.21790665	763
06	2.928508	2.7237413	9.581751	0.2229206	0.21425772	307
06	0.42281672	0.39490202	1.452659	0.2060129	0.20578104	534
06	1.1921312	1.2743443	10.164862	0.20066583	0.19909674	778
06	1.0341207	1.0971634	8.846736	0.1989131	0.19817424	496
06	0.27441105	0.18146327	9.949946	0.19726443	0.19581574	177
06	2.0022078	1.9499184	17.079844	0.19414526	0.19365418	524
06	1.5780854	1.4933939	6.10014	0.19501746	0.19351882	193
06	1.6389614	1.4370689	6.410182	0.20147729	0.19294614	192
06	1.1692029	1.1220659	8.957081	0.1839335	0.18336844	68
06	1.947367	2.1248891	7.01296	0.18886125	0.18324059	352
06	1.1353651	1.1299286	11.570206	0.18272275	0.18268514	289
06	0.90467644	0.83733654	6.341469	0.1828016	0.18204439	243
06	1.2971042	1.4276271	8.597962	0.18433708	0.1811586	733
06	0.49228042	0.618272	5.7543244	0.18120974	0.17863655	499
06	0.48839504	0.4243782	1.2024733	0.1774385	0.17636234	592
06	1.8121411	1.8512487	11.251837	0.17220217	0.1720143	187
06	1.2262864	1.199863	8.243698	0.17129618	0.17122018	779
06	1.5685203	1.5466846	8.757248	0.17112851	0.17119634	148
06	1.4810771	1.5740876	15.139973	0.172333	0.17082316	232
06	3.1459823	2.9810362	9.45201	0.17424768	0.17025888	219
06	2.9525878	2.6959586	8.729069	0.1795364	0.17009729	265
06	1.4836214	1.7304685	2.298166	0.18093872	0.16942215	145
06	0.3268688	0.06343398	9.925229	0.1775412	0.16576147	323
06	3.0379405	3.0722039	8.016846	0.16178489	0.16158426	220
06	3.0264938	2.746679	6.2823668	0.15994513	0.15949595	226
06	2.399099	2.203638	8.416991	0.16450232	0.15860552	230
06	1.1468508	1.238118	11.563579	0.15954936	0.15831643	37
06	1.2653906	1.5111187	9.343442	0.16604745	0.1561017	41
06	0.487911	0.6039806	1.3912742	0.15406674	0.15156513	591
06	0.8085026	1.0787666	7.2531495	0.16224128	0.1513362	396
06	0.6742591	0.79775167	2.8171172	0.15344012	0.15101165	503
06	1.9476718	1.7660686	1.1750051	0.1590597	0.14995372	486
06	2.5862048	2.452979	5.981443	0.15062302	0.14821684	484
06	1.5082278	1.4841202	8.497434	0.14469582	0.14463335	196
06	3.1427014	2.680007	2.2436342	0.1678865	0.14298975	310
06	3.1180015	0.10823904	9.462511	0.14418161	0.14151096	178
06	0.09178947	0.024886686	14.440184	0.14023304	0.13957942	222
06	0.3580135	0.25421184	0.8388611	0.14380115	0.1385994	143
06	2.4657302	2.6187525	1.2855275	0.14377141	0.13816237	433
06	2.2970786	2.4517617	8.979733	0.14039391	0.1372531	439
06	2.2196732	2.542752	10.508058	0.15092027	0.1371811	435
06	1.5207791	1.6699027	8.760888	0.14011031	0.13712102	742
06	1.0425581	0.96109444	10.618233	0.13728285	0.13659543	283
06	1.44305	1.1084958	8.651686	0.15239048	0.136177	279
06	0.96577144	0.805018	1.4545369	0.14043623	0.13529778	730
06	2.5262747	2.7267873	1.0686389	0.14294207	0.13331062	321
06	0.6972392	0.91999006	10.316748	0.13853097	0.13252825	329
06	2.9880285	2.8751726	0.9494878	0.13344008	0.13052088	356
06	2.162177	2.1816278	12.881673	0.12982297	0.1297518	480
06	1.3249898	1.4706341	11.631005	0.13191181	0.12959623	737
06	1.1294712	1.2504969	7.9547067	0.13126493	0.12957913	762
06	1.0641313	0.9850408	0.78720427	0.1298995	0.1281423	729
06	2.1666918	2.1142566	6.3792653	0.12714094	0.1269198	529
06	0.43569046	0.7090719	1.946241	0.13586903	0.12530023	504
06	2.6851795	2.7884731	2.43616	0.12518662	0.1240685	428
06	0.545807	0.6982654	1.2657461	0.12661654	0.12368333	450
06	2.5553546	2.3285239	14.8148365	0.12669688	0.12284237	491
06	0.89176023	0.68753713	5.8757896	0.12663132	0.12274116	136
06	2.692818	2.6026585	0.9107115	0.12353957	0.12259126	228
06	1.2614293	1.1082953	5.8237705	0.12365943	0.12101793	188
06	1.9177501	2.0129173	10.9216175	0.12038565	0.119279504	582
06	1.0217506	1.0465314	8.855768	0.11937511	0.11924356	99
06	0.79841864	0.9155541	1.8357397	0.12040299	0.1176551	595
06	0.519815	0.5599684	1.5139315	0.11562431	0.11550975	451
06	1.0912318	0.9178253	1.2886456	0.11608118	0.11223745	284
06	3.1021912	3.0860407	10.401996	0.11129701	0.11121619	239
06	1.1195402	1.1697159	8.534783	0.11158848	0.11116099	766
06	1.2445751	1.1067193	1.1351275	0.115088284	0.11036116	571
06	0.38201007	0.5088242	4.6606655	0.10901749	0.1072855	498
07	0.3112345	0.33618513	4.445304	0.217305	0.21717429	825
07	0.6623478	0.58267814	2.624398	0.17580014	0.17475605	312
07	0.16591595	0.41358712	8.5086155	0.16096485	0.1514659	6
07	2.7014306	2.5212655	2.0839682	0.1551376	0.1478976	730
07	0.66049474	0.5442951	2.2479005	0.14416987	0.1419878	364
07	0.9622186	1.2182893	2.3429363	0.14722276	0.13650912	830
07	0.6489172	0.63927186	1.7172545	0.13173723	0.13172609	712
07	2.7119212	2.7721438	1.3051828	0.1309017	0.13014913	201
07	0.31118283	0.37610492	4.549059	0.12627959	0.12572825	103
07	0.0998593	0.27241653	7.8089867	0.12934965	0.1256823	66
07	0.8572292	1.1148387	2.609502	0.129345	0.119659066	782
07	0.8800915	0.78500015	1.9461108	0.12047356	0.118926406	716
07	2.7998354	2.916715	0.9856779	0.11580622	0.113567054	149
07	2.413083	2.2863655	8.364731	0.11224264	0.110705614	444
07	0.51942986	0.38813746	1.2485492	0.11111051	0.10900122	823
07	0.5556361	0.52957886	0.91152614	0.10472977	0.104629815	311
07	2.73517	2.5695055	1.7541407	0.10660136	0.10384011	437
07	0.79292405	1.0053563	0.88050014	0.11174142	0.10351336	779
07	0.674107	0.53961784	1.9036831	0.104115605	0.10209364	625
07	0.12856632	0.36999908	0.99387133	0.10603768	0.10117817	590
07	2.4615512	2.1107655	4.0682487	0.11125004	0.10045713	362
07	0.58941996	0.3838626	6.5042357	0.1024245	0.09863472	775
07	0.098050624	0.31192014	4.6598887	0.100698054	0.09622675	67
07	0.50892717	0.43942305	2.033774	0.093761206	0.09334111	356
07	2.5372756	2.5603657	1.5393356	0.09307706	0.09303421	443
07	0.35900033	0.580956	9.262309	0.09661603	0.092602074	500
07	2.5636604	2.4932878	3.757998	0.092024505	0.09161341	438
07	0.5681291	0.78889734	1.4622	0.096363485	0.09160024	41
07	2.6170614	2.3828762	1.4972416	0.09620124	0.09058118	791
07	2.7556589	2.6280146	1.4925824	0.09290123	0.089863956	666
07	0.97160506	1.1903989	4.9347053	0.0931707	0.08914292	833
07	0.75917685	0.8793033	3.1354783	0.08933723	0.08830291	451
07	2.7646196	2.795631	2.049375	0.08674866	0.086654365	202
07	0.49709547	0.5659688	1.4780499	0.08626813	0.08584225	613
07	0.30739257	0.4052978	0.43802264	0.08611357	0.08360958	614
07	0.79872125	0.56619275	1.5980836	0.08728069	0.08211821	457
07	0.46933764	0.6766557	0.9753089	0.08509576	0.08172107	19
07	0.58264405	0.61686885	1.0978825	0.081853926	0.08169514	452
07	0.72797734	0.47735912	1.8315177	0.08695674	0.08159953	373
07	0.31723782	0.8000692	2.3916838	0.088900685	0.07753992	244
07	2.45641	2.4495256	1.6136686	0.07642293	0.076419055	456
07	3.0737588	0.13284566	4.3593426	0.07934755	0.07597989	69
07	0.76886994	0.7448669	0.5336229	0.075333595	0.07522011	720
07	2.790396	2.540367	5.4146557	0.08040106	0.074747086	661
07	0.58932626	0.69185233	8.409366	0.07416612	0.07347143	393
07	0.6383662	0.67975086	0.9626965	0.07347554	0.0733369	278
07	2.6780472	2.0202165	0.7038433	0.095685184	0.07331067	218
07	0.37343347	0.821183	1.1265072	0.089203835	0.07105577	22
07	3.0611496	2.9783962	0.6712179	0.07166934	0.07089156	37
07	0.9556622	0.9207316	2.4106832	0.070064664	0.070001245	332
07	0.6261468	0.597061	1.7774448	0.06990296	0.06988335	561
07	2.7494256	2.9009311	5.2580733	0.06970221	0.06820309	667
07	0.56837916	0.64718807	1.5592557	0.0685876	0.068134785	560
07	0.58878106	0.48841316	0.52335435	0.07039368	0.06803858	549
07	0.65240693	0.45804173	1.3277901	0.068374634	0.065754056	237
07	1.0299187	0.8049022	3.0352101	0.06824505	0.06509411	400
07	0.6494899	0.6076647	5.4232063	0.06494105	0.06483495	236
07	0.7556141	0.7444418	0.4682828	0.06486446	0.06483382	732
07	0.66082597	0.52324665	2.0458477	0.064713955	0.06377667	232
07	0.56450075	0.59855807	0.8211296	0.06358564	0.0634526	621
07	0.4374088	0.55059755	4.6700063	0.06320822	0.062470198	499
07	0.65435195	0.9002326	1.1624389	0.06554502	0.06230533	42
07	0.18602191	0.1924794	5.484013	0.06225741	0.062219203	436
07	0.8302901	0.47129548	0.76322305	0.0730418	0.06215352	292
07	0.376761	0.6285486	0.58972293	0.066651106	0.06152433	678
07	0.4294593	0.49531895	0.38914928	0.06103301	0.060667753	39
07	2.580048	2.3960867	0.79841614	0.06331313	0.060569525	398
07	2.685275	2.6105723	0.4377323	0.060804427	0.05989784	607
07	0.16622315	0.36721992	0.49041516	0.062904	0.059316456	824
07	0.22816427	0.5670846	0.570889	0.06651145	0.059138596	543
07	0.7146734	0.6145652	0.62629247	0.07601589	0.05848652	396
07	0.4255812	0.72089654	0.7528148	0.066892505	0.057976842	554
07	0.42232117	0.70535654	1.7927085	0.06030506	0.057347953	576
07	0.49505728	0.4932293	0.325035	0.059496462	0.05728799	469
07	0.002891259	2.8446095	0.3749335	0.07645267	0.05704665	68
07	0.5856231	0.6453767	17.642048	0.05706966	0.056891263	399
07	2.931116	2.8487015	0.45377958	0.058615804	0.05592811	503
07	0.5999021	0.7240289	4.5026927	0.056534946	0.05583501	435
07	0.3533387	0.52195925	0.7104549	0.05658841	0.054822743	542
07	0.8152629	0.45518067	5.537776	0.06065786	0.054317117	592
07	0.62249935	0.65902823	0.7858016	0.053863883	0.05374539	345
07	0.2146138	0.61600316	0.46234697	0.055944145	0.05367297	298
07	0.60479254	0.6046347	0.5977975	0.053323865	0.053324282	289
07	0.42755356	0.6895341	0.69772995	0.05706936	0.052556932	548
07	1.6708792	1.6119028	0.29261485	0.053866506	0.052185833	263
07	0.20954923	0.22180048	0.6822779	0.052102745	0.052080393	863
07	0.61187214	0.51289904	2.0792873	0.051707268	0.051243067	632
07	0.2924482	0.34330648	0.6436496	0.05053252	0.05051005	864
07	2.6039333	2.7766066	0.6017916	0.054484785	0.050439656	403
07	0.6016538	0.11451101	1.4515703	0.05968082	0.050290346	865
07	1.4607874	1.4449035	10.043438	0.04987365	0.049857914	609
07	0.7924528	0.5175459	2.5203996	0.053105712	0.049759507	291
07	0.9508817	0.9943203	0.5636202	0.047810137	0.04758084	564
07	2.882987	2.7038674	0.3294544	0.051107705	0.04752463	215
07	0.08391962	0.5932064	0.6353839	0.05989045	0.047235966	21
07	2.8240232	2.6489878	0.31899938	0.061325073	0.04718548	412
07	0.49235228	0.74218	1.0426935	0.052400947	0.047056496	493
07	0.5450998	3.1495845	15.025226	0.063114285	0.04669267	587
07	0.64804256	0.6557559	0.82768774	0.04626149	0.046254933	391
07	0.7329572	0.8526593	0.6206294	0.048327982	0.046128094	340
08	0.5059591	0.32823858	2.163324	0.25516617	0.24520278	465
08	2.3721423	2.4641385	3.7250397	0.21909302	0.21730715	542
08	2.2051075	2.439804	11.587988	0.22668892	0.21582484	517
08	1.2467071	0.9354144	7.777031	0.1957004	0.17833042	799
08	0.68070394	0.3496491	2.5190067	0.18384498	0.16534156	478
08	2.167993	2.1640015	8.389897	0.15571207	0.15566343	531
08	2.331563	2.4698164	6.043213	0.15686947	0.1545955	298
08	2.3915966	2.7098744	10.238747	0.16449112	0.15436614	541
08	2.365334	2.5224652	4.5464387	0.15642965	0.1526354	418
08	2.410966	2.5216753	3.8975194	0.14855939	0.1470213	407
08	2.497735	2.5000024	1.1847805	0.14415306	0.14415187	710
08	2.3426607	2.266145	7.61068	0.14442992	0.14368963	635
08	2.4846604	2.5629613	9.255646	0.14063358	0.13983202	501
08	1.1380646	0.9721377	7.000339	0.14014071	0.13716644	798
08	0.7939112	0.3442497	1.1242918	0.17062521	0.13527256	391
08	2.472501	2.5238614	1.4110214	0.12994319	0.1293847	715
08	2.2010107	1.9784033	6.9479823	0.13469422	0.12876433	520
08	1.0318971	0.8827664	0.49706727	0.13344187	0.12608325	842
08	2.3322854	2.4945018	1.0248075	0.12906492	0.12535655	303
08	0.8985639	0.35655233	1.0375334	0.17272037	0.122742	466
08	0.8083395	0.34507555	1.4974314	0.16229337	0.12259269	241
08	2.2480195	2.6466126	7.9026732	0.134188	0.11717576	529
08	0.5399737	0.38937014	1.1393023	0.11939067	0.11642158	178
08	2.4190512	2.5455852	2.3143601	0.118986964	0.116331935	430
08	2.4285014	2.5286388	1.6635654	0.11745024	0.11612666	417
08	2.4654584	2.5883694	0.8098808	0.117071986	0.11498779	444
08	0.39576632	0.189252	0.5307922	0.12582052	0.114899814	390
08	1.0969257	0.74661535	1.3547621	0.12973523	0.11481851	752
08	0.6887173	0.34190622	1.805536	0.12856627	0.114679456	232
08	0.55273885	0.32764167	1.1497566	0.118549526	0.1133368	552
08	0.27129874	0.27877703	0.54240364	0.11086786	0.11084521	540
08	0.3134895	0.30252418	0.4736457	0.10790193	0.10783887	711
08	0.68300146	0.43369237	1.0720267	0.11510587	0.10714328	324
08	2.458642	2.5359807	1.6107644	0.10708022	0.106526256	369
08	2.483341	2.470951	1.0699486	0.10624653	0.10620743	716
08	0.689963	0.52210134	1.6401803	0.10137904	0.09988785	479
08	0.5392222	0.46820885	0.70466954	0.098962784	0.098437786	651
08	2.3846333	2.5697877	1.4037774	0.10385561	0.097718894	377
08	2.4638464	2.7756267	6.826984	0.10241783	0.096084595	370
08	0.9952311	0.67938894	1.0506601	0.10900289	0.096018136	789
08	0.3952188	0.46220818	10.371407	0.0963344	0.09596044	477
08	2.5560474	2.4678226	0.88296974	0.096072316	0.09438634	648
08	1.285174	0.9935233	8.433849	0.10193241	0.09427297	797
08	0.8072791	0.2932562	2.4795609	0.12200922	0.09395808	563
08	2.7417912	2.850032	4.9378295	0.09431797	0.09340203	359
08	1.1806668	0.76149434	1.2584499	0.11216849	0.08951259	751
08	2.6710181	2.632786	0.7039054	0.088850796	0.08866733	767
08	2.3464534	2.5636303	1.1033688	0.0938862	0.08625305	431
08	1.3469486	1.173349	0.7340584	0.09012872	0.08612299	510
08	2.4379444	2.6429236	0.64999557	0.08913469	0.08324182	453
08	2.6531508	2.7162645	4.455936	0.08256817	0.08233333	512
08	0.78901875	0.27729666	0.8940104	0.113897264	0.079487145	387
08	0.31545603	0.14617266	0.59727	0.08339143	0.07857573	204
08	2.419657	2.7509458	0.6805571	0.08703065	0.07698524	423
08	0.28504178	0.33640632	2.0011318	0.07668513	0.07650882	305
08	0.3540224	0.32466403	0.4929553	0.07623088	0.07607937	314
08	2.5093534	2.2950773	1.3593763	0.076796055	0.07511008	811
08	0.2685792	0.39592984	0.2848932	0.07718158	0.07368851	128
08	0.64745414	0.43155226	1.4558346	0.07687682	0.073598444	564
08	2.4795268	2.5445318	0.8405579	0.07423407	0.073376596	912
08	3.0905204	0.30441856	0.7789618	0.086004674	0.07317203	573
08	2.4293222	2.6163661	0.9525295	0.077278316	0.07311916	443
08	0.21002854	0.3250023	0.23414207	0.07730371	0.07282233	685
08	0.20211558	0.30901828	4.1856527	0.07364291	0.072796464	315
08	2.5430865	2.654159	7.2989426	0.07338971	0.072674096	281
08	0.3230596	0.1573935	0.24857986	0.07556808	0.071650505	205
08	1.8597351	1.4881986	0.64193046	0.09025544	0.071481586	408
08	2.524668	2.3093078	7.8438797	0.074186444	0.07142615	643
08	0.06067035	0.27527326	0.39246476	0.07882112	0.07103795	610
08	1.3370483	0.8750138	5.8839064	0.08708578	0.070762455	850
08	2.4613779	2.5224328	0.86987406	0.070852935	0.07051897	376
08	0.3495934	0.25854832	0.3492867	0.07314974	0.07004464	652
08	0.8504627	0.52387893	0.939937	0.07445067	0.06983405	325
08	2.4179237	2.518199	1.2989542	0.06983477	0.06885362	406
08	2.4860601	2.4827929	1.8506109	0.06881827	0.06881702	909
08	2.4584727	2.4254956	0.8882552	0.06728041	0.06719577	654
08	2.5564575	2.4401703	0.63150865	0.06929225	0.06710988	553
08	0.19861604	0.4025851	2.5217063	0.068939865	0.06631297	233
08	2.697405	2.7022123	4.033456	0.06630713	0.066312134	206
08	2.5977633	2.5490875	0.4734788	0.065984726	0.06581789	252
08	0.34447685	0.2056885	0.30130476	0.06751114	0.06559032	452
08	2.221896	2.5925536	7.74064	0.07214993	0.06529969	509
08	2.4290762	2.7694478	0.8094325	0.071249425	0.0635131	538
08	2.584186	2.467513	0.9097697	0.064032435	0.06343049	812
08	1.2494828	0.855934	3.590933	0.07105219	0.063257575	849
08	2.4550388	2.583396	0.5421533	0.065539	0.06315684	763
08	1.9313086	2.7217767	4.861462	0.09845185	0.06311083	628
08	0.60177195	0.2818953	1.9612802	0.06754446	0.06266779	266
08	1.2858778	0.6817739	5.74995	0.09000796	0.06261331	754
08	2.8091369	3.0654566	6.9755626	0.06606692	0.062586844	524
08	2.0791574	2.3238485	6.4333816	0.065487444	0.06242025	419
08	0.2807199	0.23001844	0.551061	0.062009573	0.061552405	218
08	2.154292	2.7783215	2.278666	0.08477998	0.0615381	629
08	3.1169195	0.34609196	1.2550174	0.07816011	0.061180413	184
08	2.183734	2.2915537	7.7944336	0.06131649	0.060855746	965
08	2.437802	2.5367553	0.36228645	0.062315702	0.059791088	721
08	2.5940197	2.7605565	1.213852	0.061707675	0.05970794	526
08	2.6200366	2.355754	0.7919959	0.06283927	0.05967921	567
08	2.3984668	2.5650504	0.74267083	0.06115979	0.059221506	432
08	2.4991102	2.7501109	0.84435844	0.06313306	0.05871296	625
09	1.0802964	1.2212955	8.274213	0.30288184	0.2975561	685
09	1.1037279	1.1459527	9.916937	0.26119715	0.2606868	722
09	0.96669203	0.97633374	8.090624	0.25244802	0.25245422	678
09	0.48617452	0.40529034	9.358263	0.2516299	0.25007588	668
09	3.1269314	0.11905296	8.132354	0.24384749	0.23911232	669
09	2.3691506	2.6562114	4.3386683	0.24128604	0.22295082	371
09	0.50054264	0.62955487	7.943169	0.22530156	0.22192734	674
09	1.1267571	1.2360138	9.360037	0.21908748	0.21679968	728
09	0.996724	1.0195173	7.5886955	0.18121111	0.18108368	719
09	2.6383722	2.6337605	14.285117	0.17053199	0.17056233	423
09	2.7639093	2.9710894	5.2929797	0.17134207	0.16428435	605
09	2.3647141	2.2784355	2.33022	0.15767467	0.15645647	422
09	0.9361814	0.7568106	5.5362563	0.15381235	0.14952505	2
09	0.94954556	0.8697811	4.0137014	0.14871007	0.14772218	607
09	2.67075	2.3721387	13.085885	0.15006864	0.14012986	370
09	2.791878	3.0413363	1.1336745	0.14991051	0.13973886	604
09	0.66926277	0.6673958	2.291206	0.13714224	0.13714117	662
09	0.8484033	0.8729701	2.3915048	0.13717067	0.13708967	673
09	0.41675586	0.25848553	0.61882365	0.15333861	0.13019001	381
09	0.51437664	0.7409378	1.0813848	0.13149077	0.1243301	90
09	0.41264448	0.26202914	0.4329662	0.12677276	0.11967218	92
09	0.9930189	0.8660059	5.7327223	0.116154015	0.114328444	86
09	0.2592677	0.4849546	0.4673341	0.12902528	0.113502264	91
09	2.4601333	2.2814028	2.9027574	0.11607516	0.11261064	429
09	2.7394896	2.7135854	11.6809	0.11257458	0.1125142	467
09	0.86337507	0.876208	5.8454695	0.106928706	0.106892884	661
09	0.79857284	0.8597614	4.104575	0.105801284	0.105535805	122
09	3.1385138	0.33255076	4.875792	0.11401135	0.10227287	663
09	0.8115297	1.0529729	2.7105248	0.10706991	0.10162979	612
09	2.718794	3.038081	5.0130086	0.11000633	0.09946871	610
09	0.19635722	0.3638251	0.93346393	0.10120398	0.0978356	389
09	0.24539481	0.21785723	0.909439	0.09758264	0.09746051	442
09	0.41169667	0.37603047	0.6236581	0.09573138	0.09542751	440
09	0.94250363	0.92690337	2.1154544	0.0948115	0.094789624	121
09	1.0893242	1.1685406	0.40111643	0.09760368	0.09462869	684
09	2.8149042	2.743323	0.68053293	0.09493649	0.09319788	549
09	0.9821664	1.0742236	0.4204774	0.0919705	0.08948475	677
09	0.41804466	0.4994512	0.5118199	0.090438604	0.08928394	63
09	1.0015883	0.81436545	1.5178751	0.09191543	0.08855736	672
09	0.33030084	0.25726247	0.62111306	0.09037423	0.08801758	473
09	1.2636706	0.78688407	7.2990007	0.10416734	0.08469683	718
09	0.19501722	0.38843697	0.6680068	0.090729654	0.08349109	443
09	0.34834036	0.22897501	0.6920299	0.08103359	0.07849765	597
09	0.30089495	0.21390581	0.40537426	0.079613805	0.07786375	53
09	0.8334822	0.85247445	5.1527233	0.07750505	0.07748431	60
09	2.6357412	2.9115217	8.330184	0.0824759	0.0764429	411
09	2.1867175	2.6857965	3.412952	0.09597957	0.07523596	374
09	1.1786996	1.1716834	5.8407125	0.07500005	0.075002074	620
09	2.8438628	2.9494069	7.618481	0.0744946	0.07377708	372
09	0.7750199	0.7724367	1.3223782	0.07257944	0.072579145	679
09	0.47635713	0.42927012	0.55234164	0.07281387	0.07249755	390
09	2.8038092	2.7387626	1.0174568	0.07129836	0.070976436	274
09	0.3656401	0.3988802	0.6812312	0.070787966	0.07062489	658
09	2.4425879	2.5097275	3.6049528	0.070812225	0.0705294	241
09	0.82675314	0.7208654	2.358912	0.07102162	0.07039732	667
09	2.8624284	2.7360296	0.3182812	0.07466233	0.06953734	236
09	0.38615674	0.14188638	0.82401174	0.07588595	0.067266405	657
09	1.0857965	0.9116166	3.844144	0.06888151	0.067061186	751
09	0.30502534	0.10753588	6.1424637	0.06976825	0.06695449	281
09	0.71501136	0.37555897	7.4922433	0.07236022	0.06606811	155
09	0.82491773	0.58475953	1.2737834	0.06927192	0.06593454	601
09	0.20012017	0.24340689	0.4362748	0.06604844	0.06568766	36
09	2.8664498	0.26602426	0.3065022	0.080346644	0.06472856	125
09	0.35687095	0.37558925	0.4762351	0.064809024	0.06468278	425
09	0.88168925	1.1414521	1.2259636	0.06726658	0.06432396	616
09	0.9509688	1.0295202	5.14405	0.064017475	0.06365311	0
09	1.0639844	0.87602425	3.576176	0.06474692	0.06276339	666
09	0.49799162	0.26015314	0.32050422	0.077644765	0.062056184	94
09	1.9694654	2.2869933	5.1445704	0.06788516	0.061848223	421
09	2.776316	2.8221838	8.975712	0.06179875	0.061687946	369
09	2.901084	2.6734347	0.2429603	0.073254764	0.05989766	609
09	2.7717562	2.622523	8.52423	0.060489774	0.059283793	416
09	3.0512269	0.11485302	0.81045526	0.065436184	0.059249163	364
09	0.17016475	0.39604044	0.4062405	0.07363129	0.05739802	576
09	0.9100158	1.1000814	5.5506964	0.058310628	0.057021797	615
09	0.69618654	0.34564787	9.951798	0.06173396	0.055300713	593
09	0.5955795	0.30059463	0.27563685	0.07706189	0.054828703	96
09	0.55952317	0.085809745	0.7984527	0.05792272	0.05454719	499
09	2.0327854	2.0460498	0.4596038	0.05366665	0.0535872	508
09	3.0634983	2.7059145	1.3690952	0.058778524	0.053423047	500
09	1.0458792	1.6148146	1.0203867	0.06956875	0.05295241	619
09	2.6803505	2.948409	0.4870807	0.058852673	0.05250728	412
09	0.78978974	1.3431692	4.2388997	0.06462759	0.051514685	730
09	2.6919756	3.0162969	1.1535537	0.056905627	0.050777614	273
09	0.3392881	0.44229028	0.33931392	0.054083288	0.050633907	486
09	0.2547096	0.2249113	0.4779559	0.0497427	0.049628556	363
09	1.833358	2.2562935	5.583159	0.054626346	0.0493024	525
09	2.5514898	3.041859	2.8326142	0.061179698	0.04892367	234
09	0.58466905	0.43285957	5.3294773	0.0495674	0.04850954	539
09	2.2584255	2.547507	6.6310678	0.05195719	0.048228443	368
09	3.040161	0.42738357	5.337446	0.064927936	0.048075497	594
09	0.9015879	1.0468063	0.46689788	0.05259484	0.04762876	30
09	0.37045512	0.17719041	1.0945454	0.060794175	0.046899617	332
09	0.020657161	0.2893345	0.24106057	0.052389324	0.046744168	660
09	2.72017	2.7005062	8.154289	0.046550095	0.046539843	464
09	2.4190328	2.233782	23.600613	0.047741234	0.046358347	271
09	0.3812977	0.21954514	0.29102474	0.054846287	0.04617876	475
09	2.720846	2.610758	0.7882144	0.047941267	0.045258343	319
09	1.688001	2.8778682	2.152577	0.0802809	0.044611573	119
09	0.8685415	0.3578502	0.22474001	0.055785716	0.044031143	158
10	2.6395168	2.518144	1.7375238	0.24349326	0.23903704	618
10	2.3152294	2.2580965	1.7964278	0.21906799	0.21821117	554
10	2.9965854	3.1126826	14.243083	0.2036038	0.2008968	126
10	2.814213	2.6554356	1.7868109	0.19925982	0.19207507	496
10	2.5326788	2.5629718	1.6873269	0.1919682	0.19172418	622
10	2.287917	2.2129014	10.780997	0.19048434	0.18953133	557
10	2.6086438	2.6650507	2.5545263	0.1810283	0.18045104	492
10	2.5114071	2.364967	1.5555792	0.18443793	0.17869025	620
10	2.4065864	2.3481536	8.862116	0.17840588	0.17786646	558
10	3.1584327	0.14249636	12.460147	0.16695839	0.164172	540
10	2.205397	2.2588363	10.73809	0.16128528	0.16092819	556
10	2.584931	2.4836323	1.3277494	0.1488685	0.14694858	727
10	2.835916	2.895609	9.502361	0.14222497	0.14173579	185
10	0.296138	0.4041163	0.81655437	0.13804805	0.13570356	604
10	2.556995	2.5597801	1.1228994	0.12768245	0.12768042	675
10	1.1558102	1.3532901	8.338542	0.13161409	0.12660229	762
10	2.3506296	2.1421933	7.0159173	0.12767231	0.12322068	619
10	2.4281871	2.3125663	1.9316721	0.12293869	0.1212188	621
10	2.6844456	2.8236508	0.9735505	0.118389964	0.11458194	451
10	2.1853964	2.3206158	9.534613	0.114135444	0.112170696	493
10	2.603639	2.3296475	1.563875	0.121717334	0.11115605	150
10	2.4147925	2.5022316	1.7033926	0.10933149	0.10854393	593
10	2.2330031	2.2282083	5.142789	0.107376635	0.1073786	555
10	2.5014932	2.604346	1.8915335	0.10782641	0.10563856	511
10	2.8455014	2.8520412	0.5513043	0.10027194	0.100262344	609
10	0.39671528	0.39971396	0.42086473	0.0976612	0.09765929	659
10	2.7573197	2.7371879	0.32449764	0.0975976	0.09740412	240
10	2.0819936	2.2984176	3.3115454	0.10165924	0.096883535	529
10	2.5090084	2.587417	1.2148684	0.09616393	0.0953297	506
10	2.1489687	2.2959826	4.1518073	0.09562844	0.09358543	497
10	2.5764627	2.4250147	1.192122	0.09321767	0.09077412	617
10	2.8222296	3.1332242	8.671251	0.09398234	0.08529359	614
10	2.6079278	2.756235	0.58796984	0.08617371	0.08256793	464
10	2.263962	2.4650826	7.1418676	0.084329724	0.08121538	678
10	2.3888977	2.6365569	5.0363317	0.08309686	0.0798074	224
10	3.0582068	2.9914763	0.69441897	0.078374445	0.07788378	243
10	2.2950087	2.3111994	3.8198094	0.07699382	0.076978326	730
10	0.50521785	0.5616124	7.045333	0.07688236	0.076627135	539
10	0.73694825	0.6229742	5.6367354	0.076761186	0.07583207	37
10	0.762826	0.909956	2.4670045	0.07751417	0.07573593	715
10	2.6318588	2.6116412	0.60654604	0.07475436	0.07469791	316
10	2.1062052	2.2302506	12.884059	0.07521385	0.07408792	684
10	0.30063188	0.8016468	0.92630804	0.08890629	0.07267618	655
10	2.268831	2.3022637	7.7361164	0.07121104	0.07114631	589
10	2.9981825	2.7844298	0.7503492	0.07845777	0.07094127	446
10	2.3309283	2.203826	3.9333582	0.07188243	0.070804894	645
10	2.4823816	2.3915083	0.52136666	0.071757615	0.070765436	259
10	0.34360692	0.43352163	13.05988	0.07081962	0.070249975	656
10	1.001706	1.2085336	0.6758254	0.07235676	0.06990886	761
10	0.09713157	0.069845416	9.193692	0.06928438	0.06924385	186
10	0.3863008	0.13648342	0.57167506	0.072496295	0.06898886	658
10	0.9604961	1.2863626	4.787765	0.07637721	0.068879485	760
10	2.024462	2.2837963	21.903044	0.06875378	0.0646202	579
10	2.201852	2.3942027	3.3893502	0.06424457	0.061915874	590
10	2.1973639	2.5570076	7.921417	0.066342354	0.0596748	226
10	2.0621045	2.21037	18.28536	0.06020242	0.058993638	585
10	2.653272	2.7626517	0.5294235	0.059565485	0.058330417	190
10	2.5752928	2.4198627	0.83223253	0.058605373	0.057596445	204
10	2.3621528	2.1591215	1.4824487	0.06513327	0.057157815	574
10	2.5897005	2.339079	0.78923106	0.0642975	0.057024956	674
10	2.4153724	2.2341866	2.5330486	0.060620666	0.05676025	532
10	2.6762598	2.41487	2.3026912	0.059874356	0.056551933	649
10	0.6341542	0.6483806	0.30302045	0.056304097	0.05623114	545
10	2.0440161	2.3976164	13.423863	0.061533988	0.05511737	461
10	2.2559187	2.3411455	11.667829	0.05505085	0.05472952	726
10	3.1333416	3.1305912	8.971568	0.054620147	0.054618895	71
10	2.7989619	2.505634	0.7720334	0.060117066	0.054133117	377
10	2.1717253	2.3191078	9.350576	0.05423385	0.053094447	643
10	0.58301234	0.6490177	2.8921194	0.053251505	0.0530653	73
10	1.7771864	2.3921742	0.8252411	0.055690706	0.052990496	680
10	1.8720535	2.224518	6.639089	0.057801902	0.052128196	560
10	1.9035983	2.1429386	8.93362	0.05477655	0.051961303	732
10	1.8799108	2.1807222	9.560974	0.056589782	0.051892757	526
10	2.282332	2.5614998	0.46976164	0.065500796	0.051588774	452
10	2.6332455	2.6118574	0.61601627	0.051514447	0.05144447	512
10	2.9563181	2.6290858	1.0035421	0.054097056	0.051225185	323
10	2.1140056	2.2713978	7.0238147	0.052191436	0.050922215	56
10	2.3828173	2.0784988	0.6559141	0.051787496	0.05034566	11
10	2.5768688	2.6662436	0.3084315	0.055998027	0.050302804	740
10	2.518642	2.32698	0.53962404	0.055095553	0.049698412	15
10	2.2647352	2.284514	5.6274343	0.04970652	0.049696207	677
10	2.235281	2.349534	4.5743346	0.050246835	0.049625695	51
10	1.8238412	2.2083561	10.966824	0.056565106	0.04920864	814
10	2.103026	2.1594362	9.240847	0.048698902	0.04854995	96
10	2.8727567	2.5193043	0.8878547	0.057470918	0.04812932	317
10	2.2920132	2.633578	0.3839437	0.075950146	0.047777414	576
10	2.0826752	2.4446802	6.532377	0.050103247	0.047474682	630
10	2.508276	2.405581	2.0473506	0.04801935	0.047389627	639
10	1.7338119	1.8698344	6.725187	0.048098385	0.047221422	673
10	0.31752893	0.5897783	0.3151189	0.0663625	0.047121704	127
10	2.5043008	2.561549	0.8189051	0.04686278	0.046584606	695
10	2.0622995	2.4322016	8.048619	0.05164635	0.045838892	596
10	0.80055356	1.025665	3.8504994	0.047623396	0.045330048	666
10	1.1442119	2.6710947	0.27782497	0.051386237	0.044988036	591
10	1.8427322	2.1640491	4.27155	0.04931897	0.044513166	481
10	2.5463362	2.5893235	0.34491083	0.044491053	0.04404509	85
10	2.8427677	2.6553392	0.3436534	0.046247303	0.043984115	81
10	3.0479317	2.8792508	0.61550707	0.046668053	0.04395795	244
10	2.4951673	2.5545125	0.3093849	0.04451704	0.043584406	463
10	2.1597397	2.169275	5.0596137	0.04344225	0.04351306	681
11	2.2002556	2.2486095	9.084062	0.24760383	0.24704075	535
11	2.4354005	2.4079785	3.1501136	0.23785007	0.2376768	797
11	0.50901234	0.360102	2.806704	0.22711247	0.22241277	830
11	2.5708115	2.3928454	2.5217843	0.217053	0.21045125	799
11	0.49271846	0.30418786	1.1119536	0.21053094	0.19921088	343
11	0.7356584	0.7211814	6.081646	0.19476014	0.19472104	793
11	2.1544664	2.0860984	9.630081	0.19395053	0.19313645	536
11	2.5206406	2.5757866	1.6741402	0.17605066	0.17545843	734
11	0.4514438	0.33571258	2.216879	0.17003894	0.16733009	476
11	0.3904747	0.34769264	0.839952	0.15498328	0.15454513	350
11	0.52394766	0.5296799	3.5060797	0.1447854	0.14478326	579
11	0.8662417	0.78993344	0.8666625	0.14251566	0.14086437	837
11	0.53489417	0.53714335	1.276463	0.13352668	0.13352627	205
11	2.480541	2.2585413	1.4412532	0.14146805	0.13330066	683
11	0.7238494	0.5147917	2.267668	0.13529187	0.13296407	159
11	2.36913	2.2263508	8.077455	0.13203317	0.1296168	424
11	2.3381767	2.4666128	1.05309	0.12972838	0.12737417	323
11	0.80344266	0.81526536	0.53010386	0.12238318	0.12234771	880
11	2.3716002	2.337198	5.130015	0.117800176	0.11766952	798
11	2.4942043	2.2592773	5.106049	0.12218219	0.11625886	405
11	2.2009826	2.2188106	2.1460602	0.116090775	0.11605501	264
11	0.66857785	0.56146884	3.4726982	0.11424029	0.11339688	634
11	0.52476555	0.2941348	0.836726	0.12705731	0.1113804	468
11	2.4626567	2.418921	1.425946	0.10988617	0.10968059	630
11	0.65243465	0.051890593	2.2201917	0.14317477	0.10742247	671
11	0.69828933	0.5604387	2.7862701	0.10811198	0.106711686	674
11	2.3623574	2.2744112	0.7459902	0.107776165	0.106535494	846
11	2.6037548	2.7655826	0.515603	0.114243686	0.10542798	735
11	0.41308913	0.5758888	1.6919075	0.10780984	0.10524684	439
11	2.6176112	2.599416	3.2144089	0.104671955	0.10463905	733
11	2.2653713	2.2328606	8.485921	0.1030702	0.10293567	411
11	0.60407734	0.484832	0.9830975	0.10373765	0.10151124	438
11	0.8248301	0.93281823	1.0769613	0.097634554	0.09634948	916
11	0.60661775	0.3385845	1.2992064	0.09707749	0.09186399	729
11	2.1520302	2.0006776	2.0540643	0.09391135	0.091753006	511
11	2.1124654	2.167328	7.2336664	0.09024006	0.09001207	610
11	0.65914154	0.3236749	0.9138055	0.10355103	0.089066386	283
11	2.5415857	2.471912	4.2193847	0.08934283	0.088953614	737
11	0.7222367	0.5543354	6.7027373	0.09087908	0.088808954	626
11	0.6540521	0.3357224	0.76300794	0.09998959	0.08803904	90
11	0.5643298	0.4464761	1.5384045	0.08644879	0.08587104	94
11	2.1171355	2.2283797	5.3751516	0.08477223	0.08389509	736
11	0.35013595	0.32613242	0.3343753	0.08054674	0.08031058	342
11	2.2145562	2.1279466	7.9087124	0.080476224	0.07991797	518
11	2.448179	2.2670748	6.4766192	0.08241075	0.07991755	423
11	2.5415895	2.3462853	0.6423196	0.083827615	0.07970017	678
11	1.9900664	2.0588565	0.29540884	0.087368846	0.0786522	265
11	0.41042075	0.23166533	0.8687612	0.0836671	0.078297496	467
11	0.30999103	0.33791086	4.092734	0.078240395	0.078186154	95
11	0.6852888	0.59944344	6.111189	0.07736087	0.0768643	194
11	0.40787768	0.36003745	1.667053	0.076564014	0.07642698	221
11	0.7399765	0.93119323	6.7260804	0.07703912	0.07465446	679
11	2.3881414	2.184355	0.5859548	0.078804076	0.07438463	888
11	0.2798979	0.23115462	4.9753633	0.07452506	0.0743708	823
11	0.64222205	0.3131567	0.8493704	0.085893214	0.07426721	437
11	0.3510642	0.38657844	6.9710784	0.073872805	0.07374942	461
11	2.660027	2.3610733	10.944839	0.07849723	0.07354069	611
11	0.1642104	0.29467112	5.061623	0.07424891	0.07298559	91
11	0.32205752	0.44632217	0.947453	0.074276984	0.07276499	824
11	0.47053632	0.5579988	1.2991343	0.07327747	0.07235044	763
11	0.19254886	0.3267859	5.379183	0.073449135	0.07208663	220
11	0.5414347	0.7011141	1.498527	0.07430589	0.0719918	185
11	2.4814844	2.1635242	4.56862	0.076529324	0.06982803	612
11	0.12647209	0.40343288	6.738643	0.07538456	0.06964713	156
11	0.5457137	0.68532944	0.531717	0.072630465	0.069535315	273
11	1.9618344	2.0682538	5.689352	0.069630206	0.06890279	534
11	0.5273639	0.41847694	0.5780419	0.07073307	0.06884712	219
11	2.131389	1.9009631	0.3354162	0.075929284	0.068382025	551
11	0.3521801	0.2319464	8.801255	0.06892401	0.06804013	280
11	2.6896844	2.3011944	1.286763	0.08118343	0.06778926	632
11	2.5083284	2.3020515	8.39705	0.06927037	0.06679058	608
11	2.042589	2.064679	0.57461554	0.06610054	0.06607294	256
11	0.43975472	0.3669835	0.97181076	0.066416025	0.066017985	378
11	0.78841645	0.627335	2.7157085	0.06671417	0.065342605	199
11	2.5471456	2.5083733	1.2661026	0.06532258	0.06523794	685
11	0.4681242	0.48128292	0.7068462	0.064240456	0.06423068	212
11	0.14774534	0.44070694	7.151206	0.06925696	0.06407571	92
11	0.8986678	1.087238	6.590095	0.06598568	0.06395227	259
11	2.3268785	2.581035	0.4696127	0.06890082	0.06324512	140
11	0.66122586	0.35508543	0.9759677	0.067376316	0.062631726	448
11	0.35486344	0.4729154	0.38195416	0.06458396	0.06260872	309
11	0.2933528	0.0631437	0.33934966	0.07116085	0.061897397	93
11	0.80875474	1.126892	2.5780602	0.0671646	0.061297297	546
11	0.5483319	0.39834467	9.002856	0.062275887	0.0612545	189
11	0.4389111	0.29646322	1.8451647	0.061670065	0.060881197	693
11	2.093429	2.150039	5.522259	0.060902536	0.06066698	533
11	0.2844603	0.3890958	8.864286	0.061299503	0.060630977	469
11	2.3716621	2.343168	0.89135396	0.060308695	0.06026554	886
11	2.548895	2.5301769	0.6877244	0.059439838	0.05941677	633
11	0.78431773	0.56211925	5.563654	0.061784506	0.05932367	794
11	2.3930478	2.2530963	1.7261635	0.060362756	0.059301913	146
11	0.7464283	0.791511	0.7777884	0.05936885	0.059100926	829
11	1.6542581	1.5636398	0.42007712	0.062274635	0.058736205	723
11	0.47938916	0.69350916	0.8226155	0.06076604	0.058519244	186
11	0.6370548	0.68474853	1.0117517	0.058556378	0.058396816	580
11	0.7451835	0.92341375	0.9249352	0.059432507	0.057605207	317
11	0.6756274	0.91312623	0.7651518	0.060728192	0.05733359	143
11	2.5686398	2.0191061	4.9255996	0.07165915	0.05691272	543
11	2.341109	2.0542827	0.61682826	0.066594124	0.056319177	887
11	0.6863652	0.3368378	0.8515318	0.06862986	0.055862725	631
12	0.6667208	0.6506023	1.796482	0.24886179	0.2487585	419
12	0.5683681	0.59066004	20.618177	0.233397	0.23328584	364
12	0.71257114	0.565872	2.1233897	0.24066418	0.2328369	365
12	2.2184427	2.3371255	10.143554	0.22002584	0.21734393	394
12	0.44720137	0.6491326	7.913889	0.22093868	0.21279585	391
12	2.4700687	2.4300704	12.416645	0.21134603	0.21103638	287
12	0.9671127	0.93505085	2.2136257	0.20655662	0.20628703	583
12	0.68186635	0.7156791	9.907825	0.2000441	0.19988942	366
12	0.72401917	0.8376725	2.1674159	0.18378085	0.17985159	483
12	1.0319835	1.0027167	3.2147458	0.17483175	0.17468596	540
12	0.7335778	0.8162614	1.3310767	0.1767224	0.17455184	330
12	2.3889482	2.3845496	10.291678	0.17222494	0.17203748	371
12	1.3159804	1.1230849	8.825499	0.1710487	0.16508043	625
12	0.68023604	0.6076206	0.8986464	0.15342224	0.15155149	414
12	3.1190693	0.09720583	3.8441737	0.14840317	0.1424579	307
12	0.6894581	0.47254908	13.615279	0.14488202	0.13930881	369
12	2.6790078	2.5279608	0.57233095	0.1451196	0.13895637	146
12	2.446998	2.5744686	0.5964003	0.13901705	0.13564837	101
12	0.5997528	0.6050473	21.822157	0.13451636	0.134489	368
12	2.1470401	2.2802384	1.0247779	0.12833703	0.12416613	393
12	2.371375	2.5483458	10.309482	0.12631345	0.12299794	398
12	2.3303711	2.2775576	1.9559077	0.12281579	0.12244618	434
12	0.51728123	0.3609542	6.5206027	0.12462133	0.12205887	469
12	0.6732737	0.788606	1.979285	0.12228829	0.1206702	537
12	0.64554995	0.60766137	0.52423865	0.11926061	0.11886668	234
12	0.8348594	0.71381116	3.5467029	0.11586386	0.11497289	535
12	0.632218	0.5455542	3.195585	0.115475774	0.114676416	138
12	0.024530698	0.08994665	0.97839975	0.11692941	0.11446357	436
12	2.3941898	2.1580229	10.2356	0.11445606	0.108979166	489
12	0.02380757	0.3018953	5.8304234	0.11944914	0.108350694	303
12	0.62850904	0.48092148	4.0918674	0.10790658	0.10592967	360
12	1.2140694	0.9988091	0.7704912	0.11379439	0.105465114	627
12	2.72336	2.549634	13.813956	0.10727358	0.104720235	228
12	0.5005636	0.5304258	0.7840336	0.10373008	0.10362011	577
12	2.4847043	2.5360663	7.1021404	0.104593456	0.10258418	504
12	2.307625	2.499706	3.0950446	0.106044054	0.10248017	406
12	2.222984	2.3875458	7.473438	0.104299545	0.10202032	343
12	0.6428645	0.7949602	2.4422274	0.1003198	0.09861714	423
12	2.4342442	2.3361049	8.0133	0.09893721	0.098342896	420
12	3.0438187	3.1041722	0.8172694	0.09849584	0.09730333	471
12	0.65205425	0.58428895	1.2359046	0.093266726	0.092832506	88
12	2.0077374	2.141231	10.885121	0.0934844	0.09191424	389
12	0.33383682	0.59232646	2.9011216	0.096881986	0.0909363	358
12	2.338943	2.4425573	2.5341492	0.09118891	0.09041256	242
12	0.7740568	0.53288686	0.7449314	0.099285066	0.0894292	415
12	2.4384823	2.405311	0.3817479	0.08793509	0.08750379	492
12	1.9742383	2.03875	9.133383	0.08554548	0.08512282	329
12	0.5986208	0.87699014	10.481114	0.091195464	0.084908366	7
12	0.57004386	0.5314912	0.5893166	0.084863484	0.08471829	252
12	2.4089363	2.463505	8.913337	0.08463085	0.08439648	255
12	0.51913726	0.84531987	7.873772	0.09226352	0.08435398	26
12	0.6085242	0.7748466	5.5534863	0.08514559	0.08306867	240
12	2.542263	2.4491215	0.7260676	0.0815599	0.07979834	488
12	2.4139216	2.3679414	1.8700467	0.07967037	0.07957429	173
12	2.3493507	2.4489937	0.58066905	0.08101505	0.079485	444
12	0.45922607	0.75777316	0.87037116	0.08749062	0.0781942	484
12	0.7643765	0.7709337	0.85713714	0.07733375	0.07733148	195
12	2.958634	1.6698347	0.823643	0.094721735	0.07712996	232
12	2.4759746	2.4813256	0.87406164	0.0760805	0.076078475	258
12	2.4017599	2.6814106	7.8819475	0.07875031	0.07478416	337
12	2.3777614	2.5056653	7.218867	0.07534605	0.074303746	372
12	0.6814421	0.59613395	8.00833	0.074089944	0.07366228	356
12	0.81727225	0.6968774	0.52217674	0.078537285	0.07358587	534
12	0.7002852	0.7082674	1.2595223	0.07172948	0.07172221	13
12	2.4649477	2.4327552	4.895103	0.07093412	0.07088065	294
12	2.0094464	2.214611	4.899845	0.07258147	0.070102215	109
12	0.69568706	0.56883967	1.0914972	0.0716182	0.07000601	27
12	0.8664097	0.7733717	0.3281961	0.07308799	0.069969475	210
12	2.8496025	3.090187	0.87622	0.080008864	0.069318116	247
12	0.72823846	0.48387223	5.913303	0.073058665	0.06913054	355
12	0.7211627	0.6428311	0.43557587	0.06941396	0.06874412	204
12	0.71879125	0.5046665	3.5863903	0.07004678	0.068005264	416
12	2.3837864	2.6957886	6.497759	0.07357389	0.06721413	135
12	0.32378185	0.43091783	3.4813447	0.065570414	0.06493729	211
12	2.258521	2.374396	1.4049467	0.06636399	0.06388831	590
12	2.3512993	2.3963757	9.127479	0.06389016	0.06375694	335
12	0.991027	0.9463242	0.31063128	0.063604474	0.06321418	209
12	2.4606683	2.5026104	8.338382	0.062462926	0.062398374	448
12	1.5721037	2.9523973	0.19059388	0.07523906	0.062092602	56
12	0.63068646	0.7568514	0.99750334	0.06279796	0.06139499	11
12	0.9571164	0.9266911	0.6715588	0.061401367	0.061252594	539
12	1.62023	1.9280258	0.51001126	0.06886482	0.06010413	435
12	1.9445448	2.173375	1.4623482	0.0650605	0.059905887	663
12	0.7062411	1.0745573	6.9525647	0.066281736	0.058829546	6
12	1.1623948	1.6864992	0.41260132	0.078470945	0.058600128	390
12	2.3577466	2.518236	2.606025	0.058640838	0.057306826	174
12	0.65128857	0.8868621	7.4814243	0.058763504	0.05634117	0
12	0.65217686	0.77091473	3.9247935	0.056781173	0.05613792	235
12	3.1055157	2.977923	0.4956778	0.057195902	0.055956364	424
12	2.7606907	2.7405438	0.38816726	0.05538851	0.055322945	129
12	2.1231315	2.5501933	1.056878	0.07467562	0.054686904	546
12	1.4365735	1.2864819	4.132355	0.055208325	0.054097533	628
12	3.0829582	0.013514126	0.61324185	0.05508101	0.05384803	470
12	2.5990758	2.866464	0.47487962	0.058967173	0.0536142	171
12	2.2355957	2.1899998	5.4498086	0.053721488	0.053550363	191
12	0.04356724	3.124169	0.35464355	0.055009484	0.053515613	271
12	2.2801442	2.37329	6.827334	0.05385703	0.053463697	447
12	0.71283185	0.6746489	0.42602685	0.05343598	0.05330187	205
12	0.73464376	3.0375545	0.17169447	0.0659107	0.053228617	405
12	1.5797651	1.4830383	0.38044015	0.059118748	0.05322188	229
13	0.04058662	0.061984744	2.8774922	0.21540052	0.21527636	378
13	0.0786806	0.14719452	2.5646486	0.19752449	0.19638789	447
13	0.017684493	0.019842643	3.7315137	0.15285915	0.1528576	453
13	0.07869992	0.016388597	1.8970218	0.15164644	0.15087837	446
13	0.024655297	3.095901	2.2754035	0.14830029	0.14737546	479
13	0.13773322	3.0925639	0.9563951	0.15270358	0.14304346	416
13	0.13045841	0.055218153	1.7510476	0.1406678	0.13884002	417
13	0.21375786	0.024726117	1.4492131	0.14952648	0.13769066	410
13	0.09697113	3.1038766	2.9228606	0.1373676	0.13344896	510
13	0.062704735	3.0917208	2.1321208	0.13572633	0.13254482	465
13	0.007449696	3.092323	1.2208842	0.13236296	0.13143295	140
13	1.515435	1.5862358	0.68787426	0.13377869	0.13125092	106
13	3.1207316	3.0773149	1.822207	0.13014066	0.12957966	210
13	0.04864011	3.064471	2.5439715	0.13154119	0.12726885	464
13	0.033348475	3.018976	2.0447567	0.13306183	0.12720865	523
13	0.12992774	0.014524115	1.2998446	0.12888986	0.12374556	401
13	0.3209581	0.04847348	0.66442	0.14639598	0.123667955	409
13	0.07511644	0.025244154	2.1430378	0.12224424	0.12162638	578
13	0.02773055	3.108161	2.068119	0.11793494	0.11728817	375
13	3.1188655	0.10272794	1.5294944	0.11757177	0.11558199	313
13	0.14026073	0.11168463	1.0313251	0.11463606	0.11440641	418
13	2.915778	2.6413991	0.625609	0.12649482	0.114267886	195
13	0.024893561	0.06709017	1.1230143	0.11137962	0.11104268	634
13	0.15588266	0.036520075	0.93273574	0.115700185	0.11088729	400
13	0.054317746	3.1313717	1.3062718	0.10814518	0.107417166	516
13	3.1074734	3.125034	0.76829606	0.106818795	0.10675275	202
13	0.011312012	3.0334244	1.2678931	0.109408975	0.10621226	576
13	0.028217033	3.0489964	1.1325004	0.10803032	0.10573065	211
13	0.03816369	3.0708127	1.8000494	0.107079685	0.10497111	472
13	0.06006669	3.1308568	2.8320513	0.105899155	0.10464388	503
13	3.091281	3.022125	2.6885686	0.10510057	0.1044991	499
13	0.020608526	1.5503165	0.49611458	0.1155588	0.10374653	226
13	0.29396042	0.085657015	0.5337677	0.11392051	0.10351896	571
13	0.022173008	3.1123948	1.0577071	0.10246271	0.10199952	511
13	0.030798784	2.972981	2.0882044	0.10895753	0.10143447	439
13	3.110056	3.0254328	0.9595035	0.10146427	0.10016948	265
13	0.012150342	3.0376782	0.72172934	0.1030556	0.10009211	554
13	0.02318267	0.2686047	7.006853	0.106070936	0.09952104	164
13	0.08218287	3.078962	2.0548568	0.101523876	0.097923756	527
13	0.015445808	3.091216	1.8450296	0.098139286	0.09710854	306
13	0.0967912	0.056139704	1.3772182	0.09672499	0.096378684	426
13	2.8975909	2.9290104	0.70434475	0.09635204	0.096215725	237
13	0.010240919	3.0198793	0.9267057	0.09920794	0.096173346	555
13	0.016900973	3.0769076	2.078957	0.097362936	0.09564245	558
13	1.4931922	1.6614988	0.6283391	0.10381746	0.09528959	398
13	2.3222675	2.2044423	1.1486146	0.09885883	0.09451938	7
13	2.9950788	3.1305635	0.6152923	0.0980978	0.0937227	596
13	0.02479751	3.0593207	1.454724	0.09459263	0.09212053	691
13	0.2341486	-0.0040591466	1.4324522	0.09846884	0.09112364	736
13	0.034308676	3.0224133	1.6042125	0.09503305	0.09075749	301
13	0.049717464	0.13511793	0.9475658	0.08976203	0.08864993	425
13	0.026030546	3.051704	2.3491292	0.09152353	0.08862728	623
13	3.027226	3.110681	0.68565995	0.09061897	0.088452995	474
13	0.000699128	0.032788955	0.76507866	0.08854592	0.08835012	635
13	0.010317872	3.0702567	1.5784427	0.08937669	0.08807713	386
13	2.7509599	2.9334302	2.6537018	0.09053284	0.0875662	233
13	3.0590336	3.0446239	0.99131227	0.08649534	0.086458564	469
13	0.022797083	2.9835842	1.7575004	0.09182644	0.08635181	454
13	3.1063824	0.014159636	1.0670277	0.08651739	0.086140156	518
13	0.08462884	2.9811423	1.0261406	0.09352291	0.08605069	376
13	0.048914548	3.08558	1.7914846	0.08767861	0.08570665	388
13	0.022214849	3.0581772	1.1369481	0.08791083	0.08554953	382
13	0.075158134	2.9874802	1.104564	0.09525305	0.08532375	515
13	2.947057	3.0788543	0.3599904	0.08725381	0.08366674	289
13	0.46382797	0.31675443	4.0744023	0.0843063	0.08261877	766
13	0.014086789	3.008597	4.2628903	0.086622655	0.08220357	365
13	0.015955532	3.065375	0.71985495	0.083027184	0.08189082	566
13	0.13248521	0.05163645	1.3122368	0.08234912	0.08165139	119
13	1.5293803	1.6442716	0.70137024	0.08375615	0.08157885	601
13	0.062219284	0.230576	0.9382768	0.083805025	0.080563426	441
13	3.0721135	2.9306247	1.3015544	0.08466375	0.08052826	699
13	0.00019202591	3.1209676	0.7427919	0.08025336	0.08017081	157
13	0.039027896	3.1315706	1.5249653	0.080343544	0.080085516	517
13	0.029441806	0.17599119	0.917717	0.084448576	0.07986277	912
13	2.9880238	2.9715621	0.8250549	0.079638064	0.079602	161
13	0.30417958	0.3060938	1.4820095	0.079511225	0.079511225	712
13	0.11491857	0.102898784	1.4348353	0.07936555	0.07935071	777
13	3.0920122	3.080393	0.6119487	0.07902223	0.078991115	351
13	3.0224972	3.0650074	0.7706787	0.07927698	0.078950286	209
13	0.1541483	3.126275	1.1909527	0.0819788	0.07865733	731
13	3.0983825	3.1080048	1.2808961	0.07858819	0.078569114	692
13	0.10255534	3.0573525	1.1131966	0.08107865	0.077365875	267
13	0.0797524	0.18408881	4.210792	0.07814783	0.07722968	118
13	0.26329374	0.057708517	0.5326301	0.08202475	0.07623106	625
13	0.11713163	0.075900465	0.67169094	0.076415	0.076171994	688
13	3.029206	3.0145416	0.86697763	0.075813234	0.07578009	203
13	0.026281076	3.1068628	1.1319402	0.07624912	0.07574189	252
13	0.122660816	0.083415754	0.69611305	0.07543236	0.075240254	614
13	3.095036	3.0251296	2.1591518	0.07591832	0.07494712	846
13	2.3313055	2.1905408	1.5912274	0.080762625	0.074927926	2
13	2.6497972	2.626616	3.7169168	0.07493466	0.07491398	198
13	0.05233217	1.5476366	0.9829899	0.10747081	0.07478583	274
13	2.9791393	2.7848659	0.48652866	0.07591921	0.07476956	250
13	-0.00092186534	2.989687	0.87567437	0.077684164	0.07475591	258
13	3.134991	3.0571673	1.0743785	0.075635195	0.07464594	784
13	0.045541808	2.7977233	0.8372851	0.091142416	0.07452381	739
13	0.28602028	0.28360248	0.6891967	0.0744254	0.0744226	390
13	0.057837546	0.043761138	1.5217355	0.07432318	0.07430631	783
13	0.081980586	3.0296175	1.4355605	0.07897562	0.073887825	308
13	0.04170873	3.098213	1.9390749	0.07434094	0.0735814	778
14	2.210623	2.2854466	1.4964193	0.1638686	0.16260779	115
14	0.211904	0.019059485	2.5119956	0.13351172	0.12841928	478
14	1.1302025	1.1115581	10.135197	0.12791455	0.12780446	493
14	3.0996897	3.0534747	2.026632	0.12480867	0.12447214	249
14	3.1347346	3.0121646	0.8812914	0.11971414	0.11760956	140
14	0.57769185	0.5583927	5.842885	0.11252093	0.112463355	361
14	0.15325163	0.07718422	2.2131631	0.11235058	0.111068785	362
14	0.07793188	0.013539854	0.96808684	0.106971025	0.105648994	372
14	3.11193	3.044713	1.8800936	0.098249435	0.09761566	408
14	0.02596022	3.0700119	8.861203	0.09258276	0.0914036	416
14	0.029903179	0.103904895	1.2183312	0.08992332	0.08928281	366
14	2.414831	2.7579727	0.55483043	0.09497303	0.08505672	192
14	3.128696	2.956952	5.2229757	0.08590162	0.08350152	187
14	0.162556	0.09342866	2.4083076	0.08372676	0.08311635	319
14	1.5242193	1.5475228	0.6731582	0.0835315	0.08265138	381
14	0.053448476	3.148989	0.96770006	0.0821625	0.08147824	261
14	0.18583903	0.19753703	6.7172556	0.07984018	0.07982707	425
14	0.058657307	0.07309948	1.2328455	0.079538286	0.07949489	318
14	2.353783	2.380683	0.87516505	0.0782004	0.078053355	22
14	0.32255673	0.118470214	3.6440737	0.08174592	0.07766825	324
14	1.6113795	1.6254902	0.42296526	0.07764745	0.07761037	541
14	2.2582202	2.3628192	0.7729822	0.07931411	0.07751113	20
14	1.1708626	1.6048344	6.9849663	0.09348518	0.077414334	586
14	1.5601711	1.558176	0.43941662	0.07477862	0.07477385	449
14	2.3268862	2.4246142	0.76108927	0.07606524	0.0744853	39
14	1.9916692	2.0428205	2.1140766	0.07436901	0.07411468	19
14	2.2051802	2.3964741	0.6888784	0.07905966	0.07304239	23
14	1.6040324	1.1325021	5.6146355	0.09142226	0.07244253	540
14	3.1091328	0.25455415	1.5908356	0.07960427	0.07221246	294
14	1.8784016	2.0442433	0.82764167	0.0777387	0.071480215	35
14	2.9926317	2.6000175	0.85250986	0.080884635	0.069858134	193
14	3.0713124	0.051344287	1.037586	0.070963085	0.06983912	466
14	1.1885579	1.1616031	8.78571	0.06847876	0.06838918	442
14	0.022701332	0.062373582	1.5753417	0.067854464	0.067727804	387
14	0.15364273	0.094117574	1.9937073	0.06775516	0.06749314	142
14	0.034344304	0.1569601	1.292721	0.06763005	0.06648725	290
14	1.5224603	1.6522039	0.2863646	0.07638186	0.06576407	444
14	2.122282	2.233841	0.7659697	0.066391826	0.065143764	112
14	0.6691186	0.7289385	0.54225385	0.06510478	0.06446409	270
14	1.4462601	1.6325668	0.3193742	0.08289361	0.06351	496
14	3.0972495	2.9526672	3.1113627	0.06545001	0.06350678	336
14	0.31749836	0.49835655	0.21419646	0.08327359	0.06313074	521
14	0.4947529	0.23700589	1.9751526	0.06758469	0.063070714	386
14	2.638106	2.6695938	0.19401321	0.06281316	0.062493622	572
14	1.0977014	1.5620621	5.935319	0.0766083	0.06201762	538
14	2.5291603	2.9561908	0.51148355	0.09099299	0.060934365	227
14	0.44647858	0.077256076	1.9571682	0.06817144	0.060721517	459
14	0.30276787	0.48970744	2.0199513	0.0623523	0.06037426	439
14	2.4899967	2.7737534	0.5246044	0.07431984	0.060212076	262
14	1.3459982	1.2205908	6.366791	0.060650647	0.059777856	494
14	0.18036854	3.0943582	4.437333	0.061534286	0.0592075	137
14	1.5549769	1.6006383	0.3603197	0.059303343	0.05776012	448
14	0.5615055	1.5771132	0.37275714	0.07263005	0.057346225	443
14	0.7349989	0.73455	0.4452305	0.05733347	0.05733335	441
14	0.66710323	0.6667704	0.18959165	0.057006598	0.057063103	83
14	0.24860537	0.2224397	2.6747465	0.05667436	0.056632996	377
14	0.15795526	0.06079868	1.969381	0.056897044	0.056581855	310
14	0.076109625	0.07643525	1.4492608	0.05615455	0.05615455	314
14	0.2527748	3.0574384	4.368276	0.06357044	0.056057453	421
14	2.7998757	1.5577147	0.21033145	0.062316954	0.054914773	320
14	2.5372522	2.5149615	0.3151931	0.054591656	0.054501116	40
14	0.22506124	2.935555	10.650726	0.06528574	0.054485977	406
14	0.4929525	2.6030743	0.30212364	0.065014005	0.053367257	576
14	-0.025766732	2.91137	0.5510053	0.061873615	0.053352058	243
14	2.942155	3.1332026	0.45230633	0.06384021	0.05314207	648
14	0.14908926	0.29981592	2.0626965	0.055050194	0.053106546	431
14	0.5719244	0.2001272	2.1675787	0.05760199	0.052436054	397
14	1.8844386	1.9267826	0.22999403	0.054901123	0.052263856	468
14	0.17378597	0.112411	0.16106033	0.05360204	0.05204314	272
14	0.26012895	0.052712318	4.398299	0.054380655	0.051927388	382
14	0.13096657	2.898654	5.470765	0.059168637	0.051269114	49
14	2.969417	3.077637	1.6198037	0.05231589	0.050799906	333
14	2.271415	2.3455255	0.9223204	0.0507285	0.050368965	7
14	1.9495056	1.7413265	1.0289289	0.052347183	0.05022341	450
14	0.17858137	0.29541987	0.7329571	0.050632358	0.04978639	378
14	2.2032833	2.1940432	2.2574468	0.048917413	0.048917115	149
14	0.33555767	2.6570377	0.25232008	0.088311434	0.048841238	577
14	2.10951	2.0489776	0.18256746	0.050108135	0.048571646	148
14	0.6053951	0.70870745	0.4754492	0.04993564	0.04854572	79
14	1.3570062	1.6046987	1.1818694	0.05158186	0.048046708	447
14	2.6104412	2.7345803	0.33562747	0.055442095	0.047973275	104
14	0.7441742	0.7123839	1.4388819	0.04796076	0.04791981	360
14	1.5156312	1.5690833	0.29120225	0.04966557	0.04782647	446
14	0.11923056	0.07429791	1.5193388	0.047867596	0.04777378	331
14	0.44068927	0.12554389	1.2133259	0.046021342	0.047144294	391
14	1.5106083	1.5987766	0.60899717	0.053316414	0.04594779	499
14	0.47671732	0.18253712	8.343855	0.0497787	0.045844078	328
14	0.11032885	0.03476825	1.4045546	0.04599148	0.04559815	327
14	0.49593955	0.14018764	3.5126343	0.049925506	0.04528284	392
14	3.0304656	0.082615584	1.1250545	0.048738122	0.04493594	463
14	0.26542413	3.0430639	7.713331	0.04831201	0.04487568	226
14	1.5284109	1.8230633	0.26194337	0.046435714	0.044577062	452
14	1.3564116	1.6341763	0.31092364	0.06112933	0.04426545	495
14	1.502296	1.5503303	0.3740887	0.046258688	0.044256747	312
14	0.37463725	0.47922856	0.13434358	0.049036503	0.043905437	475
14	0.67555	0.90829927	0.3167978	0.050210297	0.04318106	111
14	1.5239595	1.5772445	0.39859828	0.04483354	0.043052137	498
14	1.5967674	1.4320585	0.2830941	0.061471164	0.042525172	12
14	0.056918934	2.729515	1.6277027	0.051798344	0.042494714	332
14	3.1252956	0.56737787	3.2570326	0.058232248	0.04217279	74
15	2.2938201	2.0958366	6.992268	0.101982474	0.09840232	838
15	0.04542046	0.074247815	0.56964666	0.06989765	0.069655836	646
15	2.0823536	2.119632	0.33799273	0.067141056	0.06691766	82
15	2.2257502	2.3583317	4.354024	0.061856747	0.06083256	836
15	1.7560356	1.8936037	0.3283965	0.06511992	0.058836818	713
15	1.7882512	1.8468792	0.34494445	0.05806297	0.05746287	87
15	1.618381	1.5974157	0.9129952	0.056020856	0.05599171	176
15	3.1023936	3.1079626	0.78497577	0.05567521	0.05556017	290
15	2.273429	2.1467714	5.87263	0.055843532	0.055060506	577
15	0.24186836	0.1264892	0.44860148	0.056481957	0.05451238	312
15	2.0215137	2.063994	0.9087413	0.05465156	0.05446309	625
15	2.0230143	1.9307988	0.30769482	0.056045532	0.053945065	627
15	0.33583584	0.21751219	9.936816	0.054542065	0.053765	721
15	2.4650767	2.2394912	7.323232	0.0557971	0.053372383	9
15	1.2242366	1.2141445	0.26278952	0.0515278	0.0515216	46
15	0.00036632837	0.006986247	1.7063851	0.050953984	0.05095184	600
15	2.9796827	3.0430086	0.30844095	0.0509364	0.050178647	569
15	0.9607332	1.0645516	0.4725379	0.05079013	0.050000846	677
15	2.0318918	2.2453878	0.530668	0.054563284	0.04991591	626
15	0.46281496	0.12425807	0.3461236	0.06905025	0.048499227	641
15	0.17478321	3.117348	0.35196403	0.06411433	0.047404826	645
15	0.37226516	0.2878682	0.29402137	0.03708452	0.046934247	401
15	0.23445807	0.30465358	0.18924527	0.037001252	0.04682243	692
15	2.9394045	2.2317128	4.9512463	0.05550748	0.04554844	507
15	2.261611	2.39675	0.5514318	0.047017276	0.045314193	19
15	1.8674738	1.8140221	0.24643423	0.0463714	0.04452157	84
15	0.18217741	0.17928855	0.70654243	0.044208527	0.04420799	599
15	0.4010086	0.40778303	0.19885457	0.044067144	0.04405749	49
15	1.2093053	1.3448905	0.19961955	0.05916053	0.04378575	366
15	0.15816563	1.6654336	0.18637785	0.032917142	0.043123066	767
15	1.8562638	1.8862553	0.3470955	0.042568743	0.04250264	457
15	2.1871157	2.3307934	13.090875	0.04330504	0.042488575	839
15	3.1344311	0.52945054	4.815061	0.04158777	0.04232222	644
15	1.4165103	1.5658273	0.31248787	0.05475396	0.04218024	254
15	0.29769343	3.1146252	0.29009622	0.041012466	0.041765273	559
15	0.07442247	0.037841424	0.33946064	0.027904868	0.041543722	505
15	0.36143857	0.02986839	0.79118836	0.054033816	0.041036367	532
15	1.7946458	1.8582183	0.22338824	0.042173922	0.040869772	567
15	0.11069548	0.06462045	0.72272635	0.03976947	0.040760636	352
15	0.549535	0.18537275	0.25867635	0.044409037	0.03971237	308
15	0.98285943	1.0531992	0.56778026	0.03954512	0.03933686	678
15	0.5199785	1.630256	0.1446992	0.062203526	0.03929144	397
15	0.6986334	1.1768725	0.3822659	0.044205427	0.03920567	680
15	2.065294	2.1678274	0.213151	0.04604578	0.039092362	665
15	2.2451453	2.0505903	4.182114	0.040413976	0.039072156	621
15	0.19024998	1.7755628	0.19641198	0.04226452	0.038933575	500
15	0.13907903	3.0819054	0.5402889	0.042797446	0.038928807	618
15	1.5405456	1.3244514	0.1624537	0.053443372	0.038885593	634
15	2.0561292	2.017326	0.18578541	0.03585428	0.038818717	285
15	0.10117862	3.0559373	0.6907413	0.043812692	0.038811505	647
15	1.8784145	1.7893502	0.4544912	0.03926468	0.038710594	85
15	0.021281656	2.5348535	1.0600072	0.046857595	0.038583934	71
15	0.105791956	1.2937415	0.14128926	0.05209154	0.03858328	12
15	2.1671448	1.985366	0.3788981	0.03998959	0.038512766	579
15	2.8251576	2.8505397	0.28656137	0.038304746	0.038210988	157
15	0.18741414	1.964425	0.15766594	0.050714016	0.03819716	704
15	0.38378194	0.24652997	0.30471975	0.042351544	0.038094223	361
15	2.494003	2.6283605	0.16610412	0.040869653	0.037971914	80
15	1.930731	2.2949293	7.7000947	0.042980194	0.03796518	7
15	1.8194338	1.9517777	0.2723577	0.05068946	0.03792554	578
15	0.031475928	3.0213075	0.36485386	0.040658236	0.03779924	39
15	0.5908416	0.51321983	0.16609353	0.048832476	0.03764838	746
15	0.13010389	0.144554	0.32209504	0.037314773	0.037300646	549
15	0.8645531	0.4172364	3.8595357	0.04387796	0.037290394	2
15	1.3785073	2.637451	0.21763068	0.057456255	0.037206233	671
15	3.0111876	0.2345054	0.14053813	0.032419205	0.03669846	174
15	0.24259242	1.813288	0.4091187	0.037724078	0.036521077	501
15	2.654738	2.714907	3.8390715	0.036261022	0.036206067	679
15	2.9453197	2.9565969	0.22412647	0.035597622	0.036092997	286
15	2.9573567	3.0227604	0.5892983	0.0373829	0.03572303	281
15	0.42579332	0.26179042	0.46369785	0.037178874	0.035512686	347
15	0.5421964	0.452297	0.112590745	0.043648362	0.035464168	684
15	3.0828283	2.9910085	0.6235919	0.036124825	0.03544277	274
15	3.013979	2.9617276	0.13817483	0.036159158	0.035268962	52
15	1.8643786	1.6120857	0.7364202	0.03759229	0.035264194	715
15	2.9856796	1.76149	0.14583461	0.026725471	0.035165668	435
15	1.7577391	1.9117905	0.28069854	0.055327177	0.03489214	575
15	2.1979477	2.0051084	1.4411817	0.035973847	0.0348444	524
15	0.53475094	0.19462556	5.4112988	0.038481712	0.03460169	271
15	0.07714653	3.0973432	0.80665797	0.036717236	0.03458768	649
15	1.9146197	2.0936923	4.0437098	0.035598755	0.034579813	558
15	3.0914814	0.042010713	0.40171233	0.03545201	0.034512043	605
15	2.6212382	1.2925318	0.13217205	0.03240204	0.03448695	43
15	2.0024123	1.926987	0.17273492	0.037377417	0.034354746	710
15	2.9545457	0.15079409	0.21998711	0.053182602	0.034271598	379
15	1.2960693	1.148881	0.31093416	0.036233425	0.034131527	675
15	0.2171083	2.6282954	0.31102058	0.047188103	0.03402561	478
15	3.0634167	2.95675	0.27427903	0.03824222	0.033820808	572
15	0.039404247	3.0734644	0.3339043	0.040159523	0.03368807	650
15	0.38770968	2.601376	0.15381809	0.03472036	0.033639967	79
15	0.13707589	3.1470876	1.0235454	0.03548777	0.033430457	349
15	3.0750983	1.3202059	0.33242992	0.03824848	0.03331673	51
15	2.9505448	3.0501888	0.23119086	0.034901142	0.033079743	510
15	0.21161765	0.4592078	3.8241305	0.035035014	0.033040285	595
15	0.65115064	0.117024146	0.28244725	0.03528583	0.032982647	479
15	0.10883509	3.1050997	1.4375615	0.035560012	0.032964885	351
15	0.044627752	0.090534605	0.767464	0.030778706	0.032929897	564
15	0.40136617	1.3609478	0.19690156	0.03785652	0.032851398	791
15	0.44619563	0.11829205	0.7864706	0.03766787	0.032831848	265
15	2.2773557	1.5959388	0.21259694	0.033067882	0.032774508	786
16	2.9515545	2.8431745	1.7039707	0.10434872	0.10302305	112
16	2.9627235	2.6901221	1.0647396	0.07877934	0.07563174	86
16	0.7782054	0.85286635	0.3423716	0.06867826	0.06626904	402
16	2.947183	3.0511074	4.7013445	0.06397039	0.06321043	113
16	2.150529	1.8149554	1.0189822	0.07253307	0.062729776	280
16	3.0460846	2.5568123	0.3977078	0.07898754	0.06142378	58
16	0.2803399	0.09869101	4.83617	0.059237182	0.057258487	446
16	2.1786394	1.9330055	0.6711602	0.05728978	0.05575037	283
16	1.9484438	2.3502162	0.42246702	0.0637126	0.05364704	185
16	2.0255353	1.9178187	0.4799158	0.05122769	0.05035466	333
16	2.5963755	2.6679034	0.40603915	0.050079882	0.049752414	363
16	0.4959252	0.5853218	5.283652	0.047765195	0.04742521	131
16	2.8905785	2.3958209	0.30575365	0.052734554	0.04664123	514
16	1.4218599	1.4061118	5.368665	0.045683205	0.045632184	449
16	3.103128	0.7035122	0.70042306	0.052214086	0.04488784	256
16	0.05274275	2.7152946	0.76959896	0.059283912	0.043901205	38
16	2.880437	2.8859777	0.6206845	0.043830574	0.04382837	409
16	0.9521304	0.9393787	0.1997538	0.044014096	0.04381162	163
16	2.777959	2.8308272	9.344551	0.042021632	0.041918755	145
16	1.10943	0.49376953	0.7199962	0.06295377	0.04116386	81
16	3.157408	0.013857607	0.43544388	0.04088521	0.040884018	277
16	1.958323	1.9340844	1.9000558	0.040631413	0.040608764	336
16	3.137142	0.3448359	4.088878	0.044351578	0.040242076	23
16	2.117862	2.6165721	1.0334995	0.04749179	0.03998512	88
16	2.027308	2.0924535	0.93480265	0.039990485	0.039874136	275
16	3.0025961	2.9117112	2.5142326	0.039795756	0.039512277	482
16	3.0374181	2.9858673	0.12931229	0.04002726	0.03940785	102
16	0.19289318	1.9466007	0.1516082	0.07181418	0.039092958	40
16	2.97983	0.3437275	0.12281848	0.041553378	0.0388847	255
16	2.5174582	2.7622943	8.29614	0.040851057	0.038629293	329
16	2.4079592	2.878012	0.26739606	0.035203278	0.037733912	401
16	0.18287265	0.07580235	0.1971124	0.04205787	0.037448585	39
16	1.4612533	1.2715732	3.9396484	0.038472056	0.037187696	486
16	1.2305509	1.5563164	0.671797	0.042259276	0.03714001	509
16	2.8728976	3.1137273	0.36233097	0.040982902	0.03678578	109
16	0.8463749	1.1535373	0.5681973	0.033677638	0.03611505	42
16	1.1919132	1.4942911	0.36570448	0.042214334	0.035729647	508
16	0.31525916	0.1355166	0.6103597	0.038264215	0.03571868	4
16	2.0177073	2.3833716	0.23819935	0.052770555	0.03526479	524
16	2.7901511	2.7911456	5.0761685	0.03497094	0.034922242	84
16	0.13923642	0.51792353	0.7162186	0.037058055	0.034903824	225
16	0.09219121	2.5765543	0.6893803	0.064022005	0.034546316	55
16	2.4530303	2.5445728	5.3557553	0.034751117	0.034478545	57
16	1.4092891	1.6619589	0.7186798	0.035795033	0.034024596	404
16	1.0014338	0.22680706	0.15806755	0.03911102	0.033589423	95
16	2.7566817	0.08422355	1.1109238	0.042729676	0.033449233	248
16	0.8014697	0.8361887	0.4446467	0.03318286	0.032964587	106
16	0.32859758	0.930299	0.15280047	0.032259047	0.032821953	192
16	0.21728027	1.1270359	0.36096153	0.039542437	0.032657266	91
16	2.7952192	0.07040935	0.46449783	0.03455794	0.03238219	304
16	1.5571294	1.1674813	2.558502	0.036686122	0.031894326	405
16	0.9298041	0.09597213	0.16129088	0.031784236	0.031748176	494
16	3.137946	2.8835266	1.6560767	0.034099817	0.031508565	85
16	0.8847412	0.81119174	0.9267369	0.032225013	0.03133124	480
16	0.10636406	3.1191616	1.159931	0.03178799	0.031246006	29
16	1.8834145	1.6847854	0.41400334	0.03349483	0.031216085	282
16	2.2527168	2.6780317	0.75559115	0.03226304	0.031090856	293
16	1.2968038	1.3258493	4.3285184	0.031068385	0.031040847	448
16	1.5723466	1.6334561	0.15665863	0.041671872	0.03094083	208
16	1.9535381	1.9413193	0.18195832	0.030821085	0.03078264	390
16	0.9584712	0.8831853	0.115856595	0.035410166	0.030730247	129
16	2.4662867	2.5624814	0.27181792	0.03330511	0.03065604	500
16	0.3213973	2.7378569	0.20067497	0.03652352	0.029416502	299
16	2.7901356	3.075521	10.1549225	0.031108439	0.028929293	115
16	0.9838484	2.5662613	0.19693911	0.038884044	0.028829157	324
16	0.28246605	1.9230746	0.2605811	0.025328398	0.028627932	532
16	0.38492116	0.86210006	5.9875646	0.035292864	0.028569043	180
16	2.2714112	1.4161506	1.2167674	0.07122922	0.028546035	296
16	0.21386595	0.92782605	3.43183	0.026626766	0.028518379	519
16	0.28635484	1.8538492	0.13778341	0.044509172	0.028472781	35
16	0.46494392	0.07085586	0.26252115	0.03584063	0.02844119	101
16	1.3835726	1.4697562	0.3845112	0.028610468	0.028357208	484
16	0.29260066	0.51604015	2.341041	0.036987364	0.028162658	330
16	2.42046	2.3700075	0.13907976	0.030258894	0.02809316	491
16	2.4983225	2.717457	3.341932	0.029238343	0.028026342	300
16	2.2025757	2.627312	0.40270242	0.035621047	0.027992606	294
16	2.578813	0.8709738	0.13754086	0.026673377	0.027924418	510
16	0.17313194	0.0962604	0.41887835	0.028194368	0.027698338	3
16	0.90486336	0.106371835	2.6218426	0.040208638	0.027332962	103
16	2.0620677	2.9167993	0.31683737	0.041208565	0.026811957	505
16	0.21487613	0.538959	0.3157141	0.032558262	0.026438117	67
16	2.198771	1.8630059	0.16067557	0.041335225	0.026419938	264
16	1.3505005	0.93315274	0.13544492	0.03715384	0.02635926	451
16	1.0944111	0.043542154	2.390826	0.026599705	0.02623725	17
16	0.8153803	2.7820027	0.1374514	0.03608972	0.025729954	226
16	0.57434064	1.0005416	3.9652607	0.030341685	0.025591433	215
16	2.7468517	1.818471	0.18667483	0.030707657	0.025437295	315
16	0.3224682	0.14187863	1.1515008	0.03232783	0.025409758	7
16	2.827048	2.9844892	0.18395802	0.04691261	0.025245428	527
16	3.0964046	2.7182817	2.3532312	0.017090917	0.025207222	503
16	2.9205992	0.38034022	0.1863817	0.033262253	0.025160134	286
16	2.01779	0.16159953	0.1747728	0.03294021	0.025074959	229
16	2.8751087	2.8498838	3.5271137	0.024839878	0.024828374	199
16	0.33259073	0.5719823	0.6648209	0.025722682	0.024736702	139
16	0.28309932	2.6342132	0.14479649	0.036634445	0.024449348	454
16	2.7022161	2.1608558	0.3944592	0.032424927	0.024419546	105
16	0.14293873	0.36762586	0.2622664	0.027448416	0.024403691	487
16	0.12742594	3.0376723	0.231557	0.028905988	0.02429521	453
16	2.3829367	0.7955843	0.14317936	0.029756546	0.024266481	312
16	3.2481272	0.006574802	0.3344342	0.02464819	0.02406454	236
17	0.47133186	0.37511474	2.022977	0.12324107	0.12192714	455
17	0.6878832	0.49972185	1.8954768	0.11055726	0.10702163	289
17	0.325381	0.5540505	2.7075336	0.1076175	0.10252911	3
17	0.5344739	0.33585304	1.2537509	0.10080564	0.09666163	190
17	0.77763027	0.35247573	1.5297152	0.116422296	0.09627551	144
17	0.23179738	0.14443344	8.491448	0.089558005	0.08887571	303
17	2.3721654	2.3540156	8.648239	0.088481545	0.0884434	98
17	0.36741015	0.45231062	1.9960282	0.08710641	0.08639848	2
17	0.67711884	0.42899993	0.74061704	0.09238106	0.08459306	336
17	0.5291365	0.41080695	0.72846174	0.08438039	0.08176696	456
17	2.2860942	2.4506273	10.445479	0.07602608	0.075007856	368
17	0.8715039	0.45940623	1.599956	0.08843267	0.07373583	291
17	0.9240351	0.65689445	0.694453	0.08517343	0.071605206	285
17	2.5777552	2.8445861	2.2344658	0.07353175	0.069790184	171
17	0.5355883	0.43744025	1.2705467	0.06863922	0.067959964	240
17	1.112468	1.2075362	1.2206725	0.06793207	0.06741804	504
17	0.17438532	0.2357889	6.514438	0.0661543	0.06586188	521
17	0.39812148	0.31428814	0.9077707	0.06874913	0.064480186	355
17	2.6126428	2.9699714	0.57490593	0.06415725	0.06432903	214
17	1.0788611	1.2462445	5.2129636	0.06561118	0.06383419	498
17	0.48857018	0.24507333	1.8666117	0.065030456	0.063007236	489
17	2.6054776	2.9443073	1.5717329	0.06772572	0.062245786	170
17	0.76055795	0.35964188	1.3749174	0.07217598	0.061472535	334
17	2.3239517	2.2520204	7.451585	0.061401308	0.061129272	96
17	0.4021204	0.45762253	0.46398517	0.060580373	0.06031573	10
17	0.73835063	0.58012795	1.0385449	0.061623454	0.05992788	386
17	0.48459843	0.30467173	0.89208615	0.06312388	0.059801638	407
17	0.33103523	0.4846691	3.0111253	0.060017645	0.0596081	1
17	1.141276	1.0869156	6.458827	0.059874892	0.059563994	465
17	0.12864287	0.18945543	0.89608276	0.060029387	0.05906123	0
17	2.59738	2.2659407	0.41443348	0.06784868	0.05888325	166
17	2.136919	2.6001709	6.745772	0.06937474	0.058846414	370
17	2.5682085	3.0973828	0.9980247	0.06998438	0.058237433	429
17	0.5138339	0.4149556	0.7798904	0.058218718	0.057513356	143
17	0.34056953	0.042874485	0.63883823	0.05734855	0.056292295	237
17	0.3173517	0.07987026	5.3822117	0.058033705	0.054832995	14
17	0.74146515	0.36071807	0.9715001	0.06058204	0.054793596	180
17	0.5125029	0.51668096	0.20742555	0.054659486	0.054342866	408
17	2.4531748	2.8187664	5.448334	0.05952239	0.053431273	133
17	0.5293844	0.5946585	0.38080373	0.05033368	0.04996991	91
17	0.11216362	0.23968507	0.4204167	0.053774536	0.049219787	6
17	0.37486243	0.20388761	11.40573	0.052011073	0.049016714	548
17	0.35738227	0.19134904	0.9483199	0.050345242	0.048205376	490
17	0.39619833	0.41095892	1.2307848	0.047778964	0.047767103	278
17	0.36752945	0.40803894	0.7288969	0.048633218	0.04736483	248
17	0.4355245	0.15676992	8.828859	0.05063659	0.04702431	287
17	0.5885133	0.35929534	2.4846094	0.04959762	0.046994507	282
17	0.24836513	0.2565217	0.31416196	0.042850316	0.046724796	84
17	2.663416	2.5306566	5.043313	0.046973348	0.046180844	135
17	1.8529407	0.723934	0.20538987	0.048107564	0.046014786	416
17	2.1871953	2.3351326	7.2661176	0.04680717	0.045901716	558
17	1.5735805	1.6161456	0.21012323	0.051994443	0.045131862	260
17	0.35460052	0.6619807	2.9660673	0.046318173	0.04416871	524
17	0.37695262	0.62806815	1.7101966	0.045897365	0.043511033	44
17	0.30726182	0.39770856	0.7629873	0.043401062	0.043228805	19
17	2.0287976	2.573976	5.8254123	0.050408006	0.04289162	316
17	1.3642005	0.8897275	1.4851831	0.049226344	0.04232174	468
17	0.77227825	0.91676575	0.896655	0.043394387	0.042315066	541
17	0.9103905	0.47101197	1.5840826	0.051325202	0.042045772	241
17	0.38979182	0.68470865	0.466211	0.04423058	0.041834712	67
17	0.2845794	0.32035735	0.18597953	0.042459488	0.04180497	462
17	0.8241748	0.683176	0.4209252	0.040465653	0.04059601	413
17	1.8697752	1.7623974	0.30945724	0.044950187	0.04031706	319
17	0.78796995	0.7452146	0.6196829	0.040612757	0.04000902	537
17	0.51178765	0.4193311	1.0575973	0.039847672	0.03954649	236
17	0.47005245	0.24506497	0.94522613	0.041990757	0.039426625	203
17	1.034923	0.8312682	0.76221836	0.04030633	0.039413333	412
17	1.5346578	1.2643757	0.8192948	0.04132551	0.039011717	415
17	0.59097666	0.48683482	0.92561686	0.03908342	0.038950324	184
17	0.33418936	-0.0052941386	8.499972	0.044118524	0.038911402	102
17	0.96782297	0.53727907	0.28064087	0.04757595	0.038796306	440
17	0.3210755	0.57382554	0.55515903	0.042621195	0.038657546	274
17	0.7939073	0.39973766	0.8506621	0.043989062	0.038037956	279
17	2.4290135	2.5334682	0.35842115	0.03866601	0.037984252	167
17	3.0784469	2.816555	7.0936656	0.04050982	0.037912786	317
17	0.71015245	0.750076	1.7009623	0.037625432	0.03757733	494
17	0.845532	0.6211306	1.9885409	0.038578212	0.03670746	22
17	0.5490452	0.8536406	1.3747028	0.067269325	0.03646612	21
17	0.35862234	0.3306349	0.6558245	0.03631878	0.03628701	277
17	0.15184346	0.33230627	0.7071436	0.043125033	0.03618121	58
17	0.5554507	0.8197585	14.403722	0.037914038	0.036129594	457
17	0.6791328	0.115801685	2.349382	0.049594104	0.035878003	149
17	0.97963095	0.74199545	0.504004	0.03869754	0.035713673	187
17	3.0217185	0.16538927	5.988387	0.038211167	0.03512609	55
17	3.0271373	0.19622265	0.6889764	0.040784597	0.034964442	306
17	0.73390526	0.7646905	0.63638043	0.035612226	0.03493172	544
17	0.35939312	0.22131307	0.29486838	0.051678002	0.034187436	485
17	0.881403	0.78808576	0.4160547	0.034538627	0.03409648	335
17	2.5141785	3.1349025	4.4434547	0.042789936	0.03405249	217
17	0.76376927	2.2886972	0.99690545	0.04518372	0.03393948	534
17	0.7903403	1.063088	10.806256	0.034735024	0.033851624	522
17	1.5742991	0.7680538	0.56807727	0.03544271	0.033575892	458
17	0.5593154	0.5090651	0.37387586	0.033704937	0.033528566	323
17	0.031090239	0.05068895	11.907833	0.03345692	0.033427775	333
17	0.5325146	1.3359977	0.9182499	0.03854984	0.033275068	543
17	3.0873387	0.3531727	2.9143317	0.03834468	0.032924056	329
17	0.45099077	0.43895	0.78286934	0.032304466	0.03230077	224
17	0.3956411	0.38043174	0.26897138	0.032247424	0.032230735	33
17	2.3068986	1.4869217	0.37512523	0.04924959	0.032152295	200
17	0.16550148	1.6176966	0.23102883	0.06823051	0.03211403	250
18	0.88327104	0.7965974	7.5697207	0.13833201	0.13735157	709
18	3.0229967	3.1112952	1.492567	0.1212728	0.12022114	48
18	2.2311094	2.3189366	5.3679204	0.11373955	0.112994075	113
18	1.0109673	1.053003	7.4828157	0.11145401	0.11106223	713
18	3.036903	0.01291804	1.00077	0.10499817	0.10287422	51
18	0.905719	0.64884794	5.772427	0.105063856	0.09913552	701
18	0.8591525	0.82006776	7.0389624	0.086263895	0.086114526	651
18	0.25387338	0.24670917	0.2733158	0.0778662	0.08473587	602
18	1.5120232	1.5509856	0.29489678	0.081492126	0.08043218	196
18	1.0100607	1.0270181	5.953064	0.0802809	0.08024424	752
18	0.91632974	0.9541782	7.076349	0.079197705	0.0790233	657
18	0.031537786	0.068801284	0.55956286	0.045000136	0.075386286	596
18	0.13269618	0.25537965	0.3271446	0.075968325	0.069894195	643
18	1.8926896	1.9745643	0.35055357	0.075497925	0.069292784	519
18	0.8814129	0.71347535	6.6703935	0.0700801	0.0684908	652
18	0.2892812	0.0083179455	0.5818652	0.06612831	0.0680179	423
18	1.8288432	1.9058021	0.5082209	0.06555802	0.063237846	254
18	0.73795265	1.0145539	4.31243	0.06645149	0.06203115	712
18	2.853472	0.012982253	0.5368773	0.068344	0.061067283	28
18	2.025054	2.4373755	3.7461333	0.07045704	0.06070876	109
18	1.8971467	1.978056	0.33821046	0.058460116	0.05527568	575
18	1.1822602	0.089953765	0.24995983	0.062876225	0.05364561	711
18	0.88632965	0.60167027	5.257473	0.057675898	0.053536177	590
18	0.0271522	0.27553502	0.8143578	0.060266078	0.05340928	694
18	0.9012902	0.74530774	0.9153166	0.055684507	0.05322689	71
18	0.5022375	0.54314584	1.8457788	0.05205655	0.051978648	645
18	0.61627656	0.5273469	3.3977172	0.051935196	0.05150199	698
18	0.603299	1.2348953	1.2176486	0.061309338	0.051195502	663
18	2.425572	2.7346234	0.53217804	0.055309236	0.050741434	70
18	1.6416368	1.52151	0.32274652	0.056500137	0.050247967	536
18	3.099997	0.17491843	0.23801251	0.05579412	0.050127625	27
18	2.1890302	2.0566099	0.57929486	0.050463676	0.048232317	746
18	0.8148317	0.59106445	1.1365936	0.049348474	0.047498643	461
18	2.738981	2.9552302	1.9142553	0.04862714	0.047490716	52
18	0.8075246	0.74115306	6.8902464	0.04753363	0.04733187	706
18	1.959406	1.7763662	0.15161854	0.052644253	0.04684782	111
18	0.31084013	0.31590238	0.19846879	0.045694947	0.045859694	462
18	0.31390065	0.41044956	0.2767298	0.05392188	0.044873297	430
18	0.24484706	0.21881185	0.21806502	0.028551698	0.044323802	535
18	0.967655	0.87465554	0.25503314	0.04510796	0.044237435	197
18	0.27886814	0.4534723	0.2562458	0.059143007	0.04405743	504
18	0.29185918	2.853881	0.32780334	0.06296915	0.043928385	496
18	0.27470374	0.27721173	0.28834462	0.041734517	0.043560386	373
18	1.8460703	2.917338	0.45264238	0.070049405	0.04328984	677
18	1.5772874	1.5299513	0.3550903	0.043536246	0.04306215	195
18	0.3303244	1.2969614	0.19081308	0.043563485	0.042241037	751
18	1.1286165	1.130318	0.230185	0.04224068	0.04223907	85
18	1.1359764	2.7485547	0.2512825	0.04458052	0.04216832	401
18	1.1202525	1.0805908	0.21534888	0.04329264	0.04182279	256
18	0.865752	0.90303713	0.23770088	0.043773293	0.041662693	49
18	2.862118	1.9554693	0.23093432	0.050001264	0.04134196	153
18	0.27166533	0.14061582	0.35801888	0.050914824	0.04132825	548
18	1.8998623	2.254804	0.16874634	0.043361783	0.041146755	107
18	2.845371	3.1021245	0.21956132	0.05041367	0.04088503	437
18	2.3113773	0.4832152	0.16983785	0.036291003	0.04079169	482
18	0.50139666	3.107303	1.1750344	0.06376839	0.040562987	420
18	2.634851	2.829792	5.8554077	0.041819632	0.040505707	580
18	1.1078587	2.8020303	0.22843492	0.037708163	0.040457547	405
18	3.066983	3.110404	5.9473753	0.040516734	0.040449977	94
18	1.0791125	1.2864907	0.23441741	0.06348115	0.04027772	426
18	2.597481	2.9525096	2.7171724	0.04545504	0.040126324	475
18	2.3638747	2.7974536	0.8213384	0.04842943	0.03981054	74
18	1.8528761	2.8445666	0.32314554	0.04716015	0.039809287	217
18	1.8549361	1.776816	0.32094938	0.040874302	0.039695203	206
18	0.50907815	0.24177685	0.50551873	0.040646255	0.039592683	263
18	1.1375993	1.2510198	4.171483	0.039988995	0.03948462	36
18	1.0254023	0.80789316	3.565203	0.04093063	0.0393126	656
18	1.652888	1.239402	0.59921306	0.04961288	0.03912896	455
18	2.8575125	2.9868312	0.15326214	0.050600648	0.038906455	510
18	1.7694287	0.32606426	0.2383323	0.0426116	0.038740337	380
18	1.8965697	1.9466097	0.548241	0.03930062	0.03869617	360
18	1.2671924	1.1215825	0.2897628	0.048939705	0.03869617	520
18	1.1643271	1.9934996	0.620122	0.051330566	0.0383361	736
18	3.0923347	2.7922158	0.29377353	0.046724916	0.03820145	147
18	1.1545978	0.31073746	0.30654722	0.05774319	0.037980974	371
18	2.822555	1.1576431	0.16017929	0.035993695	0.037909627	514
18	0.23708647	0.18675452	0.36397475	0.029877901	0.037718832	549
18	2.8051147	1.1072905	0.21351601	0.042244017	0.03719604	334
18	2.911538	3.1158824	0.4752386	0.041014194	0.037122607	67
18	1.315182	1.010511	3.1040187	0.040191174	0.037080348	24
18	0.33148965	0.27509022	0.11061697	0.04372239	0.036972344	604
18	2.0408425	2.3808532	3.437738	0.040552437	0.036846876	117
18	0.24633439	0.18643889	0.26653886	0.037213504	0.03679061	432
18	1.1184477	2.9011998	0.2405538	0.040288985	0.036762595	672
18	2.8018987	2.7491379	0.19176055	0.03782624	0.036726773	207
18	2.7375538	1.101215	0.16613545	0.037469864	0.03670007	417
18	1.8750051	2.8299057	0.3503485	0.04155141	0.03643751	178
18	0.44265983	0.62462837	0.47030017	0.037647367	0.03637147	648
18	1.8708036	2.036106	0.4097163	0.054881275	0.03632611	129
18	0.76452655	0.9823053	1.1337421	0.037217677	0.036175847	37
18	1.8377247	1.844735	0.21311407	0.036133587	0.036118627	209
18	1.9041353	2.8412945	0.42107317	0.059603453	0.036084116	231
18	1.8811065	2.915543	0.22712693	0.047510505	0.036067963	678
18	1.2099272	1.1262015	0.18492958	0.03710413	0.035914898	368
18	1.8476667	2.8232038	0.20270672	0.053100765	0.03578788	721
18	1.8858713	2.9698517	0.2988789	0.047219217	0.03556651	628
18	1.8790867	1.1449205	0.3410514	0.050289094	0.035510898	183
18	0.90363234	0.93760973	0.13884576	0.035711765	0.034982562	148
18	0.21835504	0.053683605	0.20563231	0.04549122	0.034974694	710
18	1.845988	1.8121942	0.16966413	0.03537047	0.034937024	449
19	2.5332935	2.26208	0.8525949	0.19688392	0.18352622	251
19	2.6474404	2.1204739	1.3037938	0.20831156	0.17313248	247
19	2.4446409	1.7729259	3.5097418	0.1906659	0.1691131	811
19	2.4400818	2.3416965	5.7348294	0.16931671	0.16873455	256
19	2.5476167	1.8948896	2.7125344	0.20026475	0.16764843	318
19	2.4044197	1.8173183	3.9046195	0.17042255	0.15131211	197
19	2.4401314	2.191413	1.553296	0.15156937	0.14858937	203
19	2.9036174	2.1533585	2.742136	0.18556052	0.14683598	316
19	2.5526848	2.0809228	3.0469775	0.17534596	0.1457439	805
19	2.6961117	1.8314443	1.8229649	0.18336767	0.14251995	719
19	1.8043252	1.7721021	0.9144496	0.13998592	0.13985145	734
19	0.99726546	0.57746994	9.261114	0.15630352	0.1384548	809
19	2.5514014	2.4677978	1.4045194	0.13801837	0.13781244	131
19	0.49415404	0.0672499	1.5664531	0.16103226	0.13332623	795
19	2.637707	1.7580035	2.169725	0.18063593	0.13254476	370
19	2.464641	2.5058172	1.0667691	0.13055062	0.13036448	272
19	1.9687326	3.0294278	17.321589	0.15803784	0.12961513	579
19	2.5646472	1.6963866	5.9824758	0.17003256	0.12871891	454
19	0.5784806	0.13444477	1.0313251	0.16273534	0.12748212	717
19	0.2041904	2.98577	6.8012204	0.13568616	0.121906936	308
19	2.449794	2.3381813	1.8622384	0.12052739	0.11937517	820
19	2.2784982	1.462411	8.529677	0.15218234	0.11250734	257
19	2.5805979	1.5203403	0.7210596	0.13513619	0.110226035	340
19	2.5285134	1.8320194	4.4444265	0.13279074	0.10941124	728
19	1.6065905	1.45373	2.3442192	0.11163396	0.10928315	658
19	0.40465727	3.0434203	1.2008651	0.15325671	0.1092211	121
19	0.4446658	0.19533125	1.2104944	0.11583251	0.1078859	796
19	0.42761856	2.9901216	5.956814	0.14844352	0.1069051	309
19	0.72302383	0.24374992	1.4207649	0.15462255	0.10687679	917
19	2.3940094	2.0121953	12.325263	0.117155075	0.105079174	390
19	0.565012	3.0021873	1.8258471	0.12180674	0.104332805	698
19	2.4041653	1.7202595	2.9131463	0.1498878	0.10343635	816
19	0.5621851	0.12924375	1.1314408	0.14074141	0.10231525	862
19	2.8121793	2.379961	2.5546024	0.11518872	0.10029161	321
19	2.6812346	0.24623078	5.5441875	0.13110816	0.09871924	586
19	0.38146058	0.026844785	0.73275965	0.11475426	0.09853995	178
19	0.5419425	0.26087868	1.9781408	0.10887873	0.097132325	863
19	0.5217237	0.07375149	0.7684911	0.12556362	0.09615517	861
19	3.0727983	2.474696	8.955565	0.12845665	0.095660985	245
19	0.6350646	0.22148469	0.6643486	0.11904597	0.09518683	916
19	2.351416	1.2656387	3.2230237	0.115952194	0.09428561	810
19	2.1376297	1.4985977	7.2801027	0.12898445	0.0926072	735
19	0.69759417	0.05073335	3.9421675	0.11744368	0.09210563	174
19	2.5088832	1.5536144	2.1682827	0.17451465	0.09161472	266
19	2.546875	1.8309175	2.5309947	0.12258059	0.09085971	317
19	2.3727555	1.7881079	2.6712515	0.105967045	0.09015906	383
19	2.5803182	1.735575	1.7902733	0.114290714	0.08935243	881
19	2.6107852	1.5818756	6.687203	0.13515311	0.08845472	683
19	2.7977908	2.4924169	0.39951712	0.10801482	0.08824068	267
19	2.5201762	0.26158407	9.277527	0.15267956	0.087976635	513
19	2.9203434	2.7395098	7.8506827	0.08688277	0.08668786	514
19	2.5075226	2.3271103	2.1049027	0.09093386	0.086141944	450
19	0.35018846	0.24263848	1.5238936	0.08669168	0.08563262	797
19	1.1704774	1.0633925	4.035931	0.08544898	0.084944546	745
19	0.5145711	2.8933477	7.774449	0.15515232	0.08412176	235
19	3.0486248	2.0057876	6.3171387	0.131536	0.08378613	305
19	2.103484	2.616406	11.2063465	0.09108299	0.08371174	776
19	0.6994929	0.35145676	8.928329	0.0863955	0.0821479	73
19	0.4708868	3.0245345	0.69506675	0.11548412	0.08213222	120
19	2.5975556	0.09882972	0.8647699	0.10783148	0.08153343	187
19	2.9067554	2.6906743	6.570024	0.08444357	0.08069682	186
19	0.6389735	0.36537027	0.6762005	0.084130704	0.08042562	874
19	2.6273556	0.691907	2.4662492	0.112041354	0.08009726	190
19	2.3284729	2.1019013	4.0618534	0.082681835	0.07966244	746
19	2.3944798	-0.00053191715	1.4696001	0.100049734	0.079123676	875
19	2.3993378	2.463886	1.4268352	0.07867181	0.07833916	204
19	0.6840522	0.570239	8.056638	0.077806234	0.07724476	115
19	2.6163235	1.5743731	1.7172008	0.13767225	0.07688719	720
19	0.48449904	3.0157747	0.5215568	0.08917087	0.076735735	80
19	1.8459641	1.6651869	8.503663	0.07846904	0.07641053	657
19	2.2601862	1.4875824	7.8518896	0.12650347	0.07449931	741
19	0.5999618	0.23818153	0.77640206	0.088260174	0.07416588	860
19	2.5950885	0.49764472	1.2544284	0.13505954	0.074061334	593
19	2.6383278	2.5515678	0.53198165	0.07452369	0.074047744	886
19	2.6094873	0.016014513	2.2268274	0.08449501	0.07307482	129
19	2.4337227	2.439529	0.4731353	0.073051214	0.07303959	273
19	2.5744283	2.4832015	0.42380023	0.07419002	0.072669625	333
19	2.4150972	2.403816	1.1085505	0.0716092	0.07153785	877
19	2.6400838	1.8892856	1.0633266	0.0897212	0.07148224	521
19	2.8935795	0.056868624	4.742955	0.07771677	0.07131088	522
19	0.44858024	-0.0017119219	0.98886216	0.09122652	0.071276486	785
19	2.4922254	0.54095393	1.1239398	0.08242816	0.07108492	727
19	1.0152423	0.9520892	0.49555188	0.07108122	0.07053691	808
19	2.4611735	2.3367653	0.8217333	0.07161695	0.06987727	262
19	0.37178552	2.9034615	1.4241829	0.10973549	0.069356024	177
19	0.71227366	3.0825644	10.558179	0.12142265	0.068125784	171
19	1.221138	0.6669585	6.658995	0.089083314	0.06724852	819
19	2.4399173	2.4313796	0.3109744	0.06605542	0.06603223	332
19	0.40347627	2.6440256	1.0300152	0.10053164	0.065736234	122
19	0.26640007	3.019963	1.3565602	0.07670838	0.06573224	243
19	1.2818877	0.59228367	6.089569	0.10224509	0.065311134	824
19	0.387366	0.21583174	1.8714356	0.0662601	0.06482369	721
19	2.4739664	0.5566957	0.6787995	0.07457602	0.0648132	345
19	2.1961238	2.8127217	9.8448	0.07026583	0.06436664	519
19	2.6506526	0.1016242	0.8970443	0.080087006	0.06433791	194
19	1.2918302	0.7611716	6.3251667	0.084356904	0.06416321	815
19	0.79998976	0.10717086	6.922059	0.060822368	0.064037025	577
19	2.479722	2.4144082	3.1060932	0.06377816	0.063736856	137
19	0.46641925	1.2213709	0.91869533	0.08390045	0.06321478	699
19	2.3764396	2.417887	1.2917837	0.06361693	0.06314993	878
20	0.30852315	0.21888074	9.016293	0.1863215	0.1848892	579
20	0.38909918	0.31746814	10.243144	0.16703844	0.1662587	639
20	3.0019782	2.973002	9.347192	0.1284579	0.1283316	141
20	2.683536	2.9497614	1.5993832	0.13650262	0.12712824	94
20	3.1038485	3.0675745	8.12441	0.116508126	0.11634827	188
20	3.0737312	0.04742193	8.115784	0.11460972	0.1129756	183
20	2.6872067	2.8663385	1.0996141	0.113544226	0.11053598	148
20	0.1338809	0.25449088	13.41216	0.10473609	0.10315937	690
20	2.6342838	2.9220388	1.2852536	0.10896933	0.101103604	100
20	0.47677508	0.47071558	10.700441	0.100358725	0.10033345	695
20	0.019083537	0.058588725	1.777714	0.08650321	0.086298764	237
20	2.4333732	2.2346635	0.50195944	0.07974523	0.07199943	93
20	0.04856133	0.2761429	9.616725	0.07529032	0.0712899	493
20	2.6760643	2.857627	8.445376	0.07321632	0.07105023	102
20	3.1418893	0.087375134	10.2264185	0.070248365	0.06971705	491
20	2.9586382	3.0381825	7.7572513	0.06994355	0.06946719	147
20	3.0246115	2.9990132	7.411698	0.06941563	0.069345236	140
20	0.28634137	0.022599299	0.8029118	0.073943675	0.06851399	236
20	0.24667785	0.083835974	3.2366316	0.06804407	0.06599736	283
20	0.024310054	0.38429305	6.5212407	0.07099742	0.06163186	498
20	2.3898273	2.82921	0.9781356	0.07742596	0.059296846	99
20	0.5271106	0.40696353	6.122219	0.057752848	0.057027936	694
20	0.0054367706	3.0821886	4.898525	0.05476266	0.05450803	135
20	0.17550348	0.17840397	5.9836507	0.050789297	0.050792515	691
20	2.1338482	2.2272446	0.2619486	0.05752027	0.0496791	121
20	0.052118193	0.23339158	18.015709	0.047386765	0.045780897	688
20	0.2920337	0.0770737	4.223589	0.046799123	0.045470715	635
20	2.5139058	2.825264	5.627739	0.04823512	0.044211984	55
20	2.6631503	2.7514694	0.74968064	0.042666793	0.04375571	181
20	0.1695959	0.35772327	8.789304	0.044115186	0.042937934	578
20	0.8605993	0.7668875	0.6630454	0.0434165	0.042889357	751
20	0.102592945	3.138265	8.123149	0.043123424	0.042597473	233
20	2.78082	2.6670744	0.40365168	0.04366082	0.04238057	613
20	0.53923523	2.9577203	0.56052107	0.051435173	0.04236281	569
20	2.7070184	2.9714859	6.7682724	0.039349854	0.04214692	199
20	1.7505544	2.300691	0.47774857	0.05365634	0.04168588	692
20	2.4124837	2.3691673	0.43813062	0.04184395	0.04168451	244
20	0.68199056	1.9332192	0.3476505	0.03933847	0.040971518	588
20	0.16831669	0.13561355	0.2238117	0.041427195	0.04077792	494
20	0.071143314	-0.011115482	9.69766	0.040718555	0.040457666	178
20	2.9781246	3.01171	10.502593	0.039969087	0.039887667	44
20	1.9746555	1.5537866	1.2594415	0.04585719	0.039856672	437
20	0.17923948	0.18902019	6.685131	0.0391109	0.039082825	746
20	2.4839602	2.4785125	0.93268144	0.038844407	0.038841724	24
20	0.16223113	0.21181674	1.174557	0.03860575	0.03842038	390
20	0.18187138	0.27061123	0.19595796	0.04060638	0.037674844	252
20	0.7691622	0.1662922	0.32067677	0.038995028	0.03764063	457
20	2.8638163	2.4909515	7.688331	0.042253077	0.037612796	153
20	2.5958223	2.5674555	0.19342521	0.037440658	0.037091315	785
20	0.4215318	2.0177515	1.0632548	0.034172952	0.0367257	29
20	0.926543	1.0055069	0.25399423	0.03816122	0.03670925	678
20	0.8130912	1.1376814	0.5337178	0.041279316	0.036230743	700
20	1.7196654	1.5618871	0.19531363	0.044371426	0.03583944	245
20	0.77374244	1.3218844	0.6636206	0.053090513	0.03538835	754
20	0.23673056	2.166091	1.1126056	0.032982647	0.035064638	415
20	0.79689527	0.8793125	1.2129437	0.034799695	0.034729064	696
20	2.7083075	2.763362	0.28302264	0.029322982	0.03459668	606
20	0.4652837	0.42089584	0.186863	0.026456177	0.034594774	212
20	1.8464667	0.35493514	0.26971608	0.029502511	0.034168124	502
20	2.6184063	2.5514686	0.24985549	0.041521847	0.033899546	240
20	0.66978395	2.2937584	0.58202475	0.037528098	0.033320367	473
20	0.15192851	0.23611803	12.200941	0.033301234	0.03309846	573
20	0.6210383	0.6202856	0.41073382	0.033037186	0.033037305	420
20	3.0338972	0.27681798	2.420745	0.039471984	0.032939434	519
20	2.6419191	2.5641284	0.3998065	0.033616126	0.03265381	202
20	0.90839666	0.94590664	0.14009756	0.03320819	0.032568812	267
20	0.7396019	2.6999362	0.3207893	0.051452518	0.0323385	2
20	2.6808186	2.7468889	0.26965684	0.025877476	0.032057345	605
20	1.0525649	1.1824136	0.4685963	0.033002675	0.031655908	811
20	1.8952135	2.034468	0.23237205	0.038121462	0.031562746	292
20	0.74184626	0.3042437	2.1053364	0.036423266	0.031416178	750
20	0.70073754	0.78547126	0.17637387	0.03397739	0.031335056	64
20	0.68663156	2.2910855	0.46107554	0.03440553	0.03131777	530
20	1.0721672	0.64677125	5.1952996	0.034367085	0.03130865	849
20	2.1310494	2.4652524	0.38524517	0.038630545	0.031306148	204
20	2.6394331	2.6947396	0.2891173	0.034653306	0.031195104	675
20	0.56369996	2.638958	0.27588743	0.047179997	0.030783415	478
20	0.5165081	0.64201885	2.3516157	0.033777773	0.030770779	48
20	0.5656214	0.08099132	0.17343804	0.031921208	0.030417383	345
20	2.608993	0.92287797	0.2269353	0.035151184	0.030405581	728
20	2.155912	2.7649627	0.33265513	0.04514414	0.030386925	540
20	2.383633	2.3663082	0.1877201	0.030286133	0.030255377	89
20	2.6899397	2.786708	0.7819508	0.03627491	0.030219734	472
20	2.8165998	2.7571607	0.20069565	0.035432935	0.030110419	795
20	2.6692963	2.7443023	0.16635586	0.04152471	0.030079842	672
20	0.60511464	0.18528153	3.002406	0.0355739	0.030044615	319
20	0.05034452	0.09745888	1.5732576	0.03334701	0.03001231	537
20	1.5686723	0.64428407	0.3980728	0.04057479	0.029803932	401
20	0.7749765	1.1792897	6.388463	0.034300387	0.029506564	403
20	0.222489	0.103034936	3.8434892	0.029663742	0.029231668	365
20	0.4334116	3.018444	1.9357889	0.04316616	0.028809011	744
20	2.665221	2.2216048	0.75401145	0.031214774	0.02860719	127
20	0.9904756	0.9722661	0.11654366	0.029616714	0.028305292	315
20	0.5536725	2.381447	0.20571993	0.028951705	0.028298378	159
20	0.643065	1.9841264	0.34421986	0.033142984	0.028178573	480
20	3.0511322	2.689887	0.1622814	0.038312197	0.028165698	659
20	3.1019356	0.3477729	8.159103	0.031995952	0.028123856	875
20	3.0829115	3.098043	7.055777	0.028082788	0.028063178	128
20	2.036187	1.9569153	0.1283062	0.036328018	0.028060734	318
20	3.0802836	0.04668134	10.480595	0.028504074	0.028055191	43
21	3.0537932	2.805342	4.902579	0.14511162	0.13654166	110
21	0.2031003	0.25757256	1.5923135	0.11896694	0.1184932	397
21	3.0975485	3.0900226	1.5110571	0.111287	0.111278	28
21	0.33624882	0.41822046	9.84047	0.11181611	0.111115634	349
21	3.0764463	2.94968	1.1599625	0.11017275	0.107822716	29
21	0.4131725	0.44427755	3.1002288	0.1065622	0.10649711	398
21	2.2091742	1.9475833	8.421387	0.103595555	0.0972994	501
21	0.31347814	0.19691274	1.0920396	0.09564906	0.09411603	393
21	3.1011078	2.9655895	1.1923355	0.09341711	0.09104991	70
21	0.3342204	0.43259713	8.215201	0.091359854	0.09052402	350
21	0.27058262	0.42191005	5.1154037	0.084789634	0.08292514	340
21	3.1073773	2.9564972	4.624003	0.079493284	0.07778716	42
21	0.21972339	0.47235188	7.379081	0.08256078	0.07743293	662
21	0.16015348	0.03445958	0.7377436	0.07943326	0.07649946	71
21	0.16514796	0.3513936	8.172298	0.076943755	0.074721694	84
21	2.9592106	3.096622	0.8033543	0.07642144	0.07457793	150
21	0.058759302	0.06081213	0.6588307	0.07360512	0.07360345	661
21	0.5120064	0.31536445	5.8578444	0.07336646	0.07250017	315
21	0.07417137	0.27907035	10.477489	0.07415658	0.07168585	657
21	0.29638806	0.42361212	5.245204	0.07080001	0.06971556	339
21	2.6384249	2.5614042	0.30375963	0.06993085	0.06880975	604
21	0.22729467	2.8141484	4.6832404	0.09055543	0.068796575	73
21	3.1033704	3.1938512	0.94042957	0.06415254	0.063369155	192
21	3.1239724	0.12051811	3.1098137	0.06493217	0.06318724	190
21	0.32740584	0.027732898	5.4593635	0.06916076	0.06278515	387
21	2.8442385	2.4614422	0.6764005	0.07255077	0.06262618	30
21	0.09289694	0.19134331	0.5051487	0.06499606	0.06258017	448
21	3.0323784	2.963985	0.48619595	0.06268954	0.062057078	48
21	1.9454646	2.0863862	6.394521	0.06212026	0.061217725	502
21	0.0021670929	3.1257846	0.51439023	0.060447514	0.06038505	47
21	0.08822714	0.44663846	6.9938464	0.06801993	0.060160756	123
21	0.025855541	0.31287003	2.2419527	0.064988196	0.05962372	85
21	0.20992117	0.15401727	0.42530528	0.059331357	0.05911106	266
21	0.31341687	0.45958284	6.1728735	0.0601905	0.058924496	399
21	0.0038998644	0.34715962	3.4597073	0.06545156	0.058242917	124
21	3.095645	3.0781958	0.64009035	0.0580194	0.057996154	46
21	0.15051821	0.62568367	14.1254225	0.06687784	0.057328463	167
21	0.17983533	0.54004395	7.067391	0.063427925	0.056609094	709
21	2.846091	2.6136332	2.1378233	0.0599038	0.056558132	69
21	3.0065966	0.15509692	0.7757687	0.06917834	0.05638212	338
21	0.122958004	0.45831484	7.610389	0.061562896	0.05615598	658
21	3.0899327	2.911392	1.5464492	0.057837367	0.055745065	111
21	0.16931844	0.37419245	7.276104	0.05785978	0.05546218	316
21	0.12242488	0.39244312	1.1953292	0.059493184	0.054522216	707
21	0.05581939	0.085776515	3.6692393	0.054426253	0.054384768	769
21	2.536334	2.5348382	0.31328568	0.05049169	0.05301857	352
21	3.033645	2.724446	0.47461912	0.064634144	0.052645862	49
21	0.13705175	0.6908474	5.6693974	0.068582356	0.052271307	54
21	0.15129012	0.3085386	0.28201085	0.055665493	0.05177182	452
21	3.1084032	0.5243731	7.041655	0.0635072	0.051239252	87
21	0.20865504	0.49457818	0.5825874	0.054807127	0.05095488	612
21	2.1733928	1.758416	5.354119	0.060498893	0.050922215	445
21	0.16730422	0.6404327	7.689891	0.06267488	0.050768435	710
21	0.15342417	0.061941136	0.6235478	0.051611245	0.050451696	43
21	0.032325424	0.09317598	0.83150893	0.050259113	0.050153792	76
21	3.070913	0.42825755	11.62813	0.062705815	0.050149858	120
21	0.42502573	0.1149014	10.093452	0.055391848	0.050135672	728
21	3.0696862	0.014165279	0.507883	0.04972589	0.049307525	50
21	2.8847406	2.950622	0.8626886	0.04868132	0.048483014	149
21	0.1700495	0.29669246	9.948507	0.04891336	0.04838133	88
21	0.14920343	0.3329663	0.18799263	0.052329183	0.04802513	317
21	0.33652663	0.25811538	5.5421414	0.048246145	0.047903	172
21	0.18086652	0.5786957	6.205637	0.05369401	0.04787171	91
21	0.098833434	0.5845523	1.0477381	0.05325651	0.04761082	176
21	2.7405205	2.6108756	0.36682567	0.04908353	0.0475232	154
21	2.8395953	2.6995754	3.249224	0.048423886	0.0474838	191
21	2.9354284	3.1307216	0.45358685	0.057184756	0.046935618	536
21	0.093700975	0.6441119	11.547553	0.060593367	0.046822667	168
21	0.20653678	3.0330365	2.2442868	0.05362338	0.046749234	586
21	0.4324006	0.5308532	6.115066	0.047150075	0.04673904	400
21	0.21003856	0.27911064	0.16444784	0.049556136	0.046603143	388
21	0.11060374	0.03155931	1.3891761	0.0468812	0.04646921	606
21	0.005918562	0.24912108	2.243126	0.050219715	0.0461303	268
21	0.4322641	0.06729986	5.851838	0.05008006	0.045776844	310
21	0.3307518	0.018078467	3.089728	0.050717592	0.04572451	51
21	2.872462	3.0430791	0.46213025	0.04812777	0.045437038	656
21	0.1959745	0.2365679	1.1278889	0.04533243	0.045268536	394
21	3.106994	0.09235436	0.8226836	0.047916114	0.04498768	435
21	0.4253768	0.5067132	4.3187003	0.0449571	0.044693172	405
21	0.10686362	0.053072613	4.0669518	0.04473573	0.04462546	159
21	0.3719024	0.47475114	7.093041	0.044828475	0.044479966	403
21	0.11198137	3.1194263	1.8150154	0.04589051	0.044374287	722
21	0.14183627	0.8374342	10.923713	0.061649144	0.04422891	132
21	0.7823736	0.95967597	0.54684126	0.049982965	0.04350829	588
21	0.23571475	0.31125173	0.2213688	0.045305133	0.043237865	516
21	0.20943414	0.58526546	2.9241045	0.046582878	0.04293537	174
21	0.14883856	3.1030226	0.22263947	0.05668229	0.04275757	112
21	0.040917795	0.20391376	0.52410614	0.048229814	0.042699873	505
21	0.062128346	0.1561169	0.40090245	0.04387504	0.04261571	148
21	0.3328561	0.18001686	7.2664266	0.043311536	0.042395175	230
21	0.27261105	0.27215323	1.7590798	0.04229933	0.042298973	166
21	2.3476393	2.2390647	0.72491753	0.04275775	0.042205393	506
21	0.17341873	0.51413435	7.67054	0.046283543	0.042075694	129
21	0.69243217	0.15209189	0.30855	0.046830773	0.042035878	455
21	3.1240637	3.1172884	0.70972294	0.04183513	0.04178202	802
21	0.17544775	0.6274245	7.121295	0.049570203	0.041778624	706
21	0.16799119	0.38610187	8.24281	0.042859733	0.041345716	128
21	1.1589947	1.1266025	0.39868784	0.04331106	0.04131198	543
21	0.31654197	0.31575763	0.70641136	0.040971458	0.04097092	456
21	0.2298624	0.4050645	3.9165564	0.04157591	0.04031813	514
22	3.1150403	0.49623656	13.329664	0.27430397	0.20384198	168
22	0.061095253	0.54939264	12.509034	0.24433345	0.18955207	205
22	3.0164173	0.45528725	12.121974	0.25671643	0.1799987	123
22	3.0804322	0.48197147	14.730124	0.23759383	0.17846018	165
22	2.9718294	0.22429816	6.724129	0.18996084	0.1579166	171
22	3.0313978	0.28375384	7.7512765	0.16384804	0.1393804	128
22	3.0467856	0.47127536	10.423552	0.18547434	0.13704604	121
22	3.0607216	0.117837325	3.9950714	0.13533938	0.12822151	175
22	3.1473613	0.23967978	6.1442714	0.13162255	0.12430453	127
22	2.9174182	3.0243332	7.9721193	0.12379581	0.12232822	217
22	0.045814257	0.41818744	8.427094	0.1358878	0.118536234	204
22	0.030403912	0.54418826	6.9443445	0.13788235	0.11419314	86
22	0.19123176	0.3243329	1.4569509	0.11118156	0.11066431	61
22	3.0223832	0.28116682	3.0847285	0.12447095	0.10839307	126
22	0.035037484	0.55563587	7.5237265	0.11303902	0.10599697	85
22	0.0763568	0.5141615	12.319916	0.12522852	0.1050297	203
22	3.0957859	0.040527724	1.0111513	0.10485089	0.10191047	164
22	1.8994299	1.4173172	7.6696634	0.12294406	0.10148263	302
22	2.8923526	0.2010813	7.128085	0.12613875	0.09890264	218
22	2.92918	0.20184052	6.445567	0.110613346	0.09089607	255
22	0.093025215	0.30068812	2.0532784	0.08874965	0.0906477	211
22	0.14966148	3.1172202	0.78484285	0.0958156	0.08796239	131
22	3.1685143	-0.013448214	0.5106201	0.08693117	0.08593196	125
22	0.19641949	0.4002476	2.5569062	0.083628595	0.080038786	249
22	2.765994	3.1054912	1.6319655	0.088270664	0.07977837	23
22	3.1341703	0.46892738	10.7372	0.10131729	0.079690516	202
22	2.227675	1.9948645	0.71085376	0.08480942	0.07961792	314
22	1.6043355	1.5605618	12.009078	0.07790798	0.07772386	365
22	3.065303	0.24723244	1.3428204	0.08920181	0.077672124	210
22	2.2377021	2.4505885	7.569559	0.07676083	0.07387048	385
22	1.8060406	1.5771095	7.8570294	0.07608986	0.07275653	370
22	2.3472714	2.3387203	1.316531	0.07225931	0.072256684	383
22	2.8964908	3.13436	2.4407845	0.07643998	0.07054567	147
22	0.1376868	0.21038914	3.4292476	0.07014865	0.06976789	162
22	0.017351562	0.34675786	2.9931371	0.073501766	0.06960845	163
22	3.0192769	0.18513167	4.8371215	0.07456243	0.0689289	248
22	2.5752242	2.7566683	0.7070222	0.07073206	0.06877583	307
22	3.0522976	0.5323384	10.137172	0.09626871	0.06782806	586
22	2.9510126	0.030885404	1.5602465	0.070946336	0.06737989	259
22	0.22920308	3.0882847	0.97812414	0.08187944	0.06574345	372
22	2.7609186	3.1161973	1.1536218	0.07860023	0.06397629	101
22	2.8812041	0.12601143	2.940765	0.06742746	0.06366527	316
22	3.1243105	0.40315974	8.609374	0.074079394	0.063023865	83
22	0.28461105	0.29425916	1.0644965	0.06288004	0.06287742	60
22	2.0926738	2.1389117	5.7072988	0.06293124	0.062823355	376
22	3.1056132	0.4912508	7.6566973	0.08083171	0.062330425	585
22	0.00061387813	0.25321648	2.1183832	0.06668502	0.062153637	167
22	2.917461	0.0022166849	1.3697009	0.067010105	0.061834753	146
22	0.34837672	0.40212706	3.0061152	0.061902165	0.06172687	256
22	2.7956362	0.03821499	1.3908823	0.074820876	0.061553657	104
22	2.0344417	2.8162956	4.457273	0.047492027	0.061059892	458
22	3.0161347	0.03639312	2.6098804	0.061068475	0.05935085	25
22	2.9597714	0.026604433	1.8810369	0.061258256	0.058232307	185
22	2.8544278	0.03296279	1.6528895	0.066896915	0.057346106	225
22	0.03683514	0.1797146	1.1651183	0.05791837	0.05675435	268
22	2.3971617	2.9197495	0.5136721	0.075366795	0.056749642	382
22	2.7260084	3.0430872	1.2414757	0.06277126	0.05638951	43
22	2.7937677	2.6372952	1.4976809	0.05645424	0.05519241	392
22	0.04521497	0.18597656	4.5579863	0.05504316	0.05388564	122
22	2.8491602	0.09672182	2.3734381	0.0609169	0.05339992	254
22	2.1225803	1.8711876	13.781517	0.056769848	0.053394318	442
22	2.7910986	0.110883094	1.5546814	0.06063813	0.053008437	260
22	2.8164997	0.1114481	1.8185269	0.07345158	0.05295527	274
22	2.407486	2.9548864	0.5201409	0.06442708	0.052570224	324
22	2.9033306	0.24791726	6.2160354	0.056111634	0.05226308	226
22	2.602791	2.703992	0.33550233	0.052712798	0.05123329	308
22	2.787335	3.0931692	0.3672524	0.057623923	0.050813317	263
22	0.11540134	0.29241526	1.3955053	0.052241743	0.05072826	172
22	0.33866236	0.47715536	0.64096785	0.05176103	0.05066043	84
22	2.2917924	1.973272	0.66538906	0.059832633	0.050517976	315
22	0.23360935	3.1070142	0.5686732	0.058467507	0.0503757	134
22	1.9777398	1.7244651	5.978749	0.052190006	0.050312757	303
22	2.092523	1.735256	10.646498	0.056270897	0.05029589	497
22	2.4755795	3.0364165	0.53185356	0.07511687	0.048474967	251
22	2.8602386	3.074005	1.4256171	0.049490154	0.048413515	45
22	2.7435236	2.8773682	4.536999	0.04891956	0.048090875	262
22	0.9432406	0.629725	0.4599138	0.053602397	0.046650708	285
22	2.3095691	1.8774967	0.5635048	0.053256154	0.04656571	298
22	2.7963402	3.128262	1.2936673	0.054231822	0.046166956	69
22	0.33996373	0.15769768	0.4173401	0.05037892	0.046103477	17
22	2.513958	0.18763302	1.082181	0.096588135	0.045995355	170
22	2.5260592	2.439281	4.5742373	0.045763433	0.045485318	377
22	2.9999423	3.1035528	5.8533616	0.045372605	0.045020998	103
22	2.9408743	0.0020551358	7.077045	0.046827495	0.04489088	227
22	0.010711028	0.57872444	3.0383618	0.058533132	0.04461974	529
22	0.26050135	0.28320456	1.5363885	0.044508874	0.044487476	91
22	2.613019	2.4304447	0.1666352	0.054136217	0.044314146	457
22	0.008938908	2.931114	1.4110986	0.046669364	0.04425156	470
22	2.5302813	3.1423976	0.30454415	0.059174597	0.04415822	325
22	2.6847906	2.9575388	0.6429905	0.05116141	0.04401964	724
22	0.19253325	0.06184984	0.5759762	0.04572493	0.04394293	176
22	2.0908587	1.7276264	1.0980598	0.048158705	0.043217063	645
22	2.4499946	1.9458041	0.41612068	0.075701356	0.043190777	306
22	1.7150593	1.9151486	8.392502	0.04480481	0.04308933	658
22	1.9210017	2.1294227	4.737729	0.044718564	0.042836964	384
22	2.8496315	0.0705455	1.3275626	0.057332456	0.042812288	338
22	2.4447658	2.8746054	0.8559181	0.04491788	0.04200101	482
22	0.016753502	3.1180065	0.45474663	0.048082054	0.041651785	206
22	2.4546185	2.0239778	0.5807448	0.04482335	0.041494906	379
22	3.0388017	2.853153	0.2990058	0.044637978	0.041388273	250
23	0.5480877	0.5179283	0.14460117	0.06049478	0.059951365	408
23	2.594376	2.1908467	4.4878354	0.061573207	0.053755105	399
23	1.9564815	1.8935205	3.3616738	0.046103	0.046016455	483
23	2.6295485	2.546859	2.3391669	0.05077845	0.045796335	453
23	1.8620989	1.7669477	0.2367654	0.04406023	0.043283403	493
23	1.474512	1.4940364	0.34204814	0.038238883	0.04219395	306
23	2.3535998	2.2873883	0.16828053	0.044070065	0.04140663	148
23	0.5333658	0.6321892	0.57721	0.04551208	0.040854692	290
23	0.62860316	0.6882649	1.2042924	0.03991598	0.039765418	608
23	1.833496	1.7560284	0.8746532	0.042004704	0.03960842	430
23	1.5421109	0.5265206	0.26894042	0.04186082	0.038172126	625
23	0.5693377	0.93386686	0.7474486	0.04776746	0.038072526	573
23	0.6441188	0.5736622	0.5123185	0.038825274	0.03806305	278
23	0.97513956	1.0275673	0.26754683	0.033188283	0.038037002	628
23	3.1070652	2.9661636	0.58617073	0.039915144	0.037938595	428
23	2.2677007	2.269292	0.13041452	0.036401927	0.036403835	245
23	0.9617307	0.51132053	0.3674208	0.06189388	0.036239624	267
23	2.3512702	2.4013855	0.31987813	0.037046015	0.036150575	354
23	0.44733405	1.186289	0.1519839	0.059774697	0.03613311	246
23	0.16625983	0.33877578	0.23845027	0.045961678	0.035571158	471
23	1.8452753	1.5229391	0.43754834	0.04257977	0.035496354	262
23	2.766732	1.9223841	6.0389223	0.037424088	0.034866154	392
23	0.6908677	0.51471734	0.32927138	0.046245456	0.03470707	275
23	3.1012628	0.38487953	0.67023665	0.04291284	0.034634113	653
23	1.079732	1.9535799	3.1392398	0.04725945	0.03340286	568
23	3.0903134	1.6818788	0.25800294	0.040317833	0.033361554	452
23	3.0371857	1.6037652	0.31818834	0.03478396	0.032331705	333
23	0.4897112	0.45632717	0.58660465	0.03225565	0.032051444	285
23	0.98992485	2.370072	0.15871166	0.037095726	0.031686246	380
23	2.1227512	2.465565	4.0746017	0.034835756	0.03157842	74
23	3.0571177	2.949911	0.14686862	0.03689915	0.03144729	582
23	1.6634828	1.6761974	0.2260115	0.03069073	0.030678153	237
23	0.71058536	0.77946544	0.14459555	0.037815988	0.0306139	308
23	0.32110038	1.6746516	0.29150546	0.03341174	0.030544043	445
23	3.0705907	3.0456955	0.37497464	0.030567765	0.030409873	509
23	1.5763861	0.41676798	0.19680856	0.033046186	0.030397177	605
23	2.6596496	0.21549913	1.8981307	0.054966748	0.030383348	66
23	2.8551154	2.3233697	4.3160534	0.039898872	0.030238092	72
23	1.6583544	1.7458671	0.12900567	0.03240156	0.029867232	538
23	-0.0030847483	0.44122407	1.1154399	0.050515115	0.029837728	651
23	2.164412	2.2038074	0.12260134	0.032023787	0.029630959	98
23	3.0992672	2.1412086	0.12836638	0.028033435	0.02961576	609
23	1.9689906	1.8195316	0.3845934	0.031188726	0.029498339	426
23	-0.01134262	1.6447285	0.4750687	0.04448688	0.029000223	540
23	2.5733156	2.4265018	0.52963054	0.042772412	0.028725863	394
23	1.7588017	2.5706334	0.11442438	0.025200069	0.028587878	489
23	2.4177961	1.6816121	6.757772	0.045293808	0.028298438	387
23	0.043831035	2.2649045	0.26673985	0.027098238	0.027999759	589
23	2.274632	1.7013371	0.16471481	0.049866855	0.027829647	583
23	3.1192226	3.0553179	0.42521158	0.02790004	0.02775389	10
23	0.26028165	0.49029624	2.484226	0.024190009	0.02762115	644
23	3.1241536	1.5682745	0.74095964	0.041962802	0.027510226	188
23	0.55596143	2.8433518	0.3265247	0.036655426	0.027399123	355
23	0.20675938	1.5773445	0.2091054	0.034068108	0.027386189	551
23	3.096279	1.6356312	0.33130637	0.032855928	0.027308047	415
23	2.524429	2.4518287	0.2614697	0.027750969	0.027245939	566
23	0.96996135	0.5756394	0.359	0.03278029	0.027178943	276
23	0.9550077	1.7652996	0.38660392	0.029059112	0.027140975	389
23	0.029066388	1.7834917	0.27154386	0.032028675	0.026593447	486
23	2.9142766	1.5854974	0.33107197	0.04573685	0.026587546	502
23	0.058954947	1.5328032	0.5025554	0.058477163	0.02639103	326
23	1.5339564	1.5044155	0.15494028	0.026321411	0.026239038	200
23	1.755369	1.6837969	17.267622	0.026295006	0.02614832	225
23	2.7462447	1.4833738	0.5375644	0.06792098	0.026130438	319
23	2.9577436	3.0371363	0.2700204	0.028499603	0.026108503	185
23	0.52500945	1.1888696	0.4420045	0.033836782	0.02597469	572
23	0.7295219	0.51440215	0.18672022	0.04027289	0.025735617	274
23	1.2404213	2.151568	4.1414213	0.025772452	0.025684536	357
23	2.4192047	2.4252887	0.41479313	0.025583327	0.025582194	102
23	0.16068631	3.0248437	0.25146917	0.032340884	0.025552511	183
23	1.5941927	1.6257749	0.32050344	0.027443707	0.025447726	226
23	3.0435932	3.080902	0.22321913	0.025585294	0.02538073	465
23	1.3157195	1.3485882	0.19853447	0.02545172	0.025267005	315
23	2.3857112	2.1528513	0.119402826	0.032772005	0.025127053	67
23	1.7476246	1.5223128	0.3890485	0.032028854	0.025092065	264
23	1.9449595	1.6170086	0.25345907	0.0529595	0.025086462	86
23	2.3686574	2.972674	0.1078186	0.033361852	0.025047839	109
23	1.5933772	0.24946822	0.17235498	0.03440672	0.025028765	228
23	2.7765958	2.514129	3.8980906	0.025990307	0.024807572	442
23	2.171049	1.1857796	0.16858792	0.044127047	0.02477771	309
23	1.5026144	1.8555908	0.30668116	0.035241544	0.024658442	194
23	0.18016504	0.5550866	3.6196113	0.028166175	0.024605215	606
23	1.6459508	1.9891151	0.20226984	0.03515494	0.02459681	421
23	2.8251483	1.5989869	0.1496438	0.026920497	0.02455324	456
23	1.581405	1.6855905	0.22509779	0.026181817	0.024549901	303
23	0.09598416	0.3851756	1.8972291	0.026716769	0.024511993	603
23	1.5452375	1.5457336	0.14979221	0.03240168	0.024496257	423
23	1.0652509	0.9148099	1.0838665	0.024706304	0.024410367	607
23	2.7691166	2.0909162	5.626989	0.035790443	0.024326682	366
23	1.7685397	0.465748	0.45298797	0.030442476	0.024323046	527
23	1.5722309	1.6480331	0.22832395	0.025404394	0.024254858	261
23	2.9770958	3.0334802	0.12614319	0.02430296	0.024241388	46
23	0.29970354	2.8002238	0.13059677	0.030362785	0.024089336	8
23	2.5743415	2.7995214	0.97651917	0.025919855	0.024025321	94
23	1.5727159	1.6098222	0.1478338	0.024268866	0.02385217	176
23	0.5726709	3.0326133	0.16530024	0.026347995	0.023810983	298
23	0.25408778	0.49813735	0.2931732	0.051753342	0.02356124	525
23	0.273734	0.53797007	0.30309156	0.024169743	0.02343291	569
23	2.2498217	2.0419815	0.24591297	0.02571553	0.023423135	371
23	0.7227431	1.7314482	0.17831622	0.0315634	0.023388922	373
24	1.0605582	1.2945511	9.091188	0.22754246	0.21534348	641
24	2.239711	2.293737	6.190443	0.20251614	0.20198995	328
24	1.0647857	1.2248927	8.699326	0.19182402	0.18684536	639
24	0.114958376	3.1236691	4.7638555	0.1777187	0.17424268	454
24	0.88127667	1.1958213	8.509543	0.18460256	0.16817093	588
24	1.0321373	1.3588719	10.738896	0.18512017	0.16686761	643
24	0.16622852	0.22114615	2.4808908	0.16441846	0.16370744	148
24	0.8994756	1.1657107	10.164912	0.17250133	0.16174442	586
24	2.8110733	2.8099751	1.8020322	0.15308589	0.15308517	208
24	0.16750497	3.0330496	3.816691	0.16136575	0.14783591	147
24	1.221645	1.1900084	0.44662964	0.13521951	0.1346401	635
24	0.4986044	0.42108527	0.726102	0.13500977	0.13250893	533
24	0.37367782	0.029039046	3.26577	0.14782244	0.12857431	257
24	1.0918039	1.2330134	6.5923934	0.12976384	0.12730807	637
24	0.09059792	0.02268225	1.7837683	0.12804782	0.12708259	154
24	0.37685207	0.366877	1.4585104	0.12708914	0.12708086	387
24	0.45240486	0.2726409	1.5024159	0.12988693	0.12588525	145
24	3.0371814	2.878362	1.1423609	0.12504095	0.11980975	284
24	0.068196714	2.939882	1.62185	0.13183808	0.11914033	153
24	2.4679294	2.487619	1.820276	0.119111836	0.11905241	378
24	0.21340567	0.424422	0.8627476	0.12791616	0.11720425	146
24	2.7459507	2.8914802	1.3230008	0.1191445	0.11593944	294
24	1.9543179	2.1074328	6.103408	0.11828607	0.11574668	432
24	2.6561403	2.6404736	2.3397694	0.11416471	0.1141417	453
24	1.655278	1.6411849	5.2823553	0.11374289	0.11375213	591
24	2.325332	2.3308809	11.165331	0.11375737	0.113720775	434
24	0.41857684	0.34741208	0.7616738	0.11405891	0.11271685	557
24	0.36545664	0.387006	1.0696492	0.11048406	0.110424876	603
24	2.2859404	2.3344312	3.0598664	0.107949555	0.107696	425
24	2.7617793	2.698301	1.1198615	0.10723311	0.10660517	240
24	1.107511	1.0928711	0.28890195	0.106092334	0.105914	632
24	1.2533937	1.5337526	7.6477532	0.11434722	0.10567927	592
24	2.0302067	2.3456807	6.990855	0.110862315	0.10118973	261
24	2.5484421	2.5158756	0.9373479	0.09984547	0.09957826	293
24	1.9389784	2.1178377	8.883373	0.10197103	0.098769486	262
24	0.3467795	0.37035242	0.6695817	0.0983634	0.098202884	532
24	2.192865	2.1884706	6.6510916	0.097744524	0.09775728	217
24	2.5026565	2.2295215	7.934046	0.10399234	0.09739691	430
24	2.7088869	2.449263	0.7962104	0.10822773	0.09713411	114
24	2.7529452	2.7575502	1.9993199	0.096235275	0.09623277	224
24	1.2898394	1.4302485	6.511932	0.09763783	0.09596723	642
24	1.1590649	1.2699926	5.9362154	0.0968824	0.0957399	640
24	0.44639802	0.4605462	0.48753855	0.09572929	0.09567028	578
24	0.819369	1.0632836	8.801272	0.10048914	0.09503758	535
24	0.22722168	0.36981183	1.116337	0.09542972	0.093429685	92
24	2.4980478	2.398507	0.7251232	0.09566575	0.09316105	288
24	2.597738	2.4586928	6.8988423	0.0939976	0.09251374	323
24	2.8301249	2.6335943	1.2103821	0.095764875	0.08853924	492
24	2.8291142	2.9502993	0.63693213	0.09193456	0.087782204	236
24	0.75197715	0.5870105	2.6627693	0.08824903	0.08630079	536
24	0.17098364	0.27776918	0.5937473	0.08830422	0.08574718	251
24	0.40492597	0.33699358	0.28083977	0.08706623	0.085222304	149
24	2.4655938	2.1394057	1.0698925	0.09616488	0.084815085	264
24	0.3823156	0.35314557	0.44282004	0.08457887	0.08425814	445
24	0.45337847	0.36011565	1.1840765	0.083836436	0.0830794	630
24	2.6857421	2.5469031	1.0773176	0.08771914	0.082966626	385
24	2.146039	2.2181766	5.646776	0.08284557	0.082586646	223
24	2.204576	2.2057867	0.7969729	0.080441535	0.080441	544
24	2.4239364	2.262304	1.4453228	0.08164811	0.0802322	368
24	0.16514476	2.9789355	2.4534695	0.09055644	0.08000535	713
24	1.141365	1.5195404	8.993388	0.09159529	0.07956874	594
24	0.5230783	0.15781929	5.0502906	0.08777684	0.076599	485
24	0.7863841	1.2278953	6.191234	0.08807844	0.0740664	590
24	2.2549095	2.3086584	10.811405	0.07327396	0.07308191	442
24	0.581451	0.5379135	0.9211655	0.07280439	0.07264781	143
24	2.0637941	2.3024423	6.8283176	0.07448161	0.07069814	324
24	2.977686	3.1183052	1.7991214	0.071831524	0.07013178	460
24	0.23723713	3.066641	8.146925	0.07754636	0.0701139	678
24	0.17821325	0.29665732	0.29669565	0.072347045	0.0700115	201
24	0.45242307	0.42940763	0.45621872	0.06861025	0.06961036	205
24	0.47523847	0.6926977	3.0584526	0.07229018	0.069542885	290
24	0.55527675	0.48991016	0.39039052	0.069835246	0.06924373	629
24	0.47215143	3.0626955	0.4575483	0.098730266	0.06906092	510
24	1.4423033	1.485908	5.769298	0.06691587	0.06691301	589
24	1.5950077	1.7141337	6.2678747	0.06789619	0.066845775	111
24	2.4064317	2.3270261	3.082916	0.0665012	0.066114664	377
24	2.654673	2.8335526	6.3324537	0.067771375	0.06587893	459
24	1.0500615	1.2482466	6.8885922	0.06812525	0.065654755	585
24	0.44325003	0.19857281	1.1004288	0.068232894	0.064520776	342
24	0.31436804	0.3810574	0.48443714	0.06525916	0.0645079	379
24	0.42052126	0.513176	0.2782541	0.068493366	0.06433487	559
24	2.3642628	2.544752	0.6402262	0.06668699	0.06390023	260
24	3.0166254	0.07521639	4.987839	0.066103816	0.06330061	289
24	2.2764037	2.5285752	6.410903	0.06602514	0.06314045	318
24	1.5054308	1.641784	8.101788	0.061972022	0.060776055	116
24	0.3257873	0.4660995	0.33126613	0.062033534	0.060124576	537
24	0.15176983	0.34126922	0.34677416	0.06570965	0.060035467	538
24	2.6494598	2.2977076	0.70584	0.06942475	0.059531808	163
24	2.3495393	2.2824845	10.772581	0.058808804	0.05860865	426
24	0.5036277	0.35757533	1.1746234	0.059405208	0.05858642	89
24	0.69199383	0.26601848	5.450915	0.06842083	0.05772251	486
24	0.39844495	3.0056076	3.6845765	0.07791543	0.057611525	11
24	2.1120129	2.5291984	9.910285	0.06152767	0.057377994	306
24	2.3825235	2.3867536	0.6210841	0.057047665	0.057039022	384
24	0.5749083	0.94479024	10.320751	0.061623633	0.056503057	346
24	2.20532	2.071497	0.52117616	0.056954503	0.055885494	162
24	2.5328522	2.807542	1.0878435	0.07320064	0.055683494	367
24	0.7625379	0.91443247	7.290609	0.05639386	0.0556283	141
24	2.303523	2.0564923	1.311105	0.05968082	0.055435598	471
24	2.2807248	2.4939544	1.091746	0.058088183	0.05501002	420
25	0.7065285	0.3666714	3.3964844	0.15645427	0.14139694	155
25	0.6173344	0.56768847	1.0884386	0.13645333	0.13579476	117
25	1.6724808	1.7777447	6.353825	0.1318124	0.13037413	48
25	0.51629126	0.44682163	7.752629	0.12894076	0.12836277	109
25	0.693749	0.48589694	1.104007	0.1311655	0.124762714	159
25	0.59440815	0.3989498	1.6428868	0.12437886	0.12089175	163
25	0.6789616	0.46925163	1.9319091	0.12609392	0.120711505	158
25	0.62481785	0.5793426	0.7726103	0.107726276	0.10722482	118
25	0.8484311	0.46682698	7.1271305	0.116036355	0.10160142	198
25	2.4200115	2.2360766	7.0515246	0.100535035	0.09763616	588
25	0.59432083	0.28631485	6.431968	0.10144842	0.092846334	256
25	0.86353636	0.8047628	0.43807495	0.08881718	0.08799064	77
25	2.664879	2.6033297	0.33832568	0.09150362	0.08781487	346
25	2.6609602	2.629295	0.94134766	0.0793311	0.07924646	423
25	0.17677325	3.0631535	2.6828022	0.08524948	0.07840353	308
25	2.3027985	2.4379659	4.1074085	0.076987445	0.07586992	589
25	2.5977495	2.8875482	5.3778563	0.08217192	0.07569438	421
25	2.5865843	2.554885	0.31677625	0.073423505	0.07312423	427
25	0.53313833	0.5550066	5.833864	0.07238132	0.07234514	151
25	0.6425892	0.5895343	0.56829226	0.07215071	0.071638584	116
25	0.6382163	0.5323446	0.42667496	0.07311219	0.071602225	203
25	0.48625636	0.55931526	0.37707064	0.07254726	0.07120067	113
25	0.6267642	0.65948766	7.477087	0.06896424	0.06889278	196
25	2.5143576	2.6325765	0.6632564	0.069590926	0.067812145	432
25	2.2961714	2.5394778	1.7313485	0.070468366	0.06739366	255
25	2.6882033	2.7255027	1.2296137	0.066281796	0.06616169	469
25	0.6803292	0.6044662	0.41225415	0.06659371	0.06595242	357
25	0.15747915	2.893173	1.4723667	0.07771742	0.06479734	362
25	2.2863374	2.8088977	0.44310567	0.07687664	0.0622828	380
25	0.25247982	0.08770338	6.032884	0.06307399	0.06142962	89
25	0.5505805	0.5397563	0.77122784	0.060190022	0.060179234	277
25	2.7974238	2.8938482	8.499598	0.059159696	0.058675945	471
25	2.6405463	2.5161846	0.79781777	0.059283018	0.05821836	293
25	0.8412764	0.38839096	5.1801333	0.06894773	0.058155	200
25	0.6822734	0.6291279	0.32545584	0.058460414	0.057813525	123
25	2.82722	2.877597	9.518083	0.057469606	0.057312787	440
25	0.49332654	0.61933994	0.7423417	0.056934536	0.05566901	276
25	0.36018488	3.1090696	1.634393	0.069028735	0.055532992	301
25	2.5730174	2.8758576	5.152267	0.057401597	0.05509013	385
25	2.0230727	2.1741168	3.8316283	0.05604589	0.05478084	73
25	2.9457884	2.9289255	8.180275	0.054359734	0.054325223	65
25	0.67942077	0.4998047	5.240648	0.055968046	0.054323316	152
25	2.535661	2.5778086	0.5549327	0.054347694	0.054121614	426
25	2.5269668	2.7078774	0.54010135	0.05612892	0.053859055	382
25	0.5874903	0.115884624	0.49130878	0.0693872	0.0536716	160
25	0.6123437	0.8200911	0.31913307	0.05675727	0.05329752	165
25	2.522149	2.3732517	0.44641614	0.054121256	0.052666903	40
25	2.838975	3.1116393	8.401089	0.056294262	0.0523476	329
25	0.6138895	0.46714967	0.4699142	0.053724945	0.05202359	201
25	0.60257804	0.68757707	0.57173306	0.052535236	0.051998615	121
25	0.6428868	0.44415238	4.7497883	0.052770615	0.051190794	244
25	2.6292977	2.6552303	0.23305903	0.054671943	0.051143885	540
25	2.725944	2.9876692	5.776906	0.05430317	0.051007748	472
25	2.8014147	3.0524414	7.395593	0.054270864	0.050977588	381
25	0.61982036	0.6918062	0.43444812	0.050979912	0.049981713	249
25	1.8273481	2.0457113	0.54846036	0.054840088	0.04972744	47
25	3.0005581	3.1381311	6.2944074	0.050503552	0.04949206	332
25	2.9282649	3.0572224	7.9696417	0.050165117	0.04932177	324
25	0.55121744	0.5546848	0.29694223	0.049277723	0.049275458	199
25	2.3406587	2.027658	2.35935	0.049841642	0.04840219	593
25	2.3389623	2.3436897	0.43201113	0.0480268	0.048024952	312
25	2.4228616	2.3615263	0.6604829	0.047827125	0.047647834	258
25	3.1043787	3.0183244	0.51667726	0.04817027	0.04755181	395
25	3.0258553	0.63581824	3.1821387	0.049481094	0.04683441	408
25	0.7100429	0.502112	0.31496558	0.050587714	0.046641767	461
25	2.180221	2.3238204	0.22935188	0.049945176	0.045558274	45
25	2.0889456	2.922471	0.31322193	0.058034122	0.045197308	446
25	1.9148897	2.10238	0.353341	0.048023522	0.04515946	42
25	3.0250947	2.9765284	4.048605	0.0451656	0.0450415	378
25	1.5158311	1.6133903	3.1105192	0.045430005	0.045033336	28
25	1.8078753	1.7981066	0.21119897	0.044698417	0.04467708	22
25	0.74536955	2.6516128	0.28391182	0.061160922	0.044152975	126
25	0.8266662	0.6323014	1.2035723	0.045266867	0.043863833	157
25	0.023669923	3.0354257	0.6425342	0.050061464	0.04369515	503
25	2.5812998	3.0265102	3.420178	0.048602164	0.043201625	560
25	0.40154332	1.104101	1.0824956	0.06864494	0.042811394	112
25	2.5986764	3.0932841	6.4308395	0.054816544	0.042654335	488
25	3.0344748	3.0568364	7.9446406	0.04242009	0.042366266	438
25	2.3001812	2.652597	0.65961075	0.051247656	0.042347968	291
25	2.8828735	2.873083	6.157078	0.04216808	0.042084217	528
25	0.41789436	0.449588	0.25686455	0.041259706	0.041997313	179
25	0.35033956	0.29010746	0.57298076	0.0420568	0.041840732	587
25	2.3840454	2.278125	0.52010506	0.04271245	0.04178077	313
25	2.7354567	3.095913	2.4946148	0.04732144	0.041622996	553
25	2.6535385	3.0789957	8.752372	0.0492782	0.041532874	527
25	0.566364	0.49487817	0.23221862	0.050705194	0.041245878	451
25	1.1178422	1.0629141	0.28008428	0.041466653	0.041090727	104
25	2.6037836	0.68858194	0.1695829	0.04996288	0.040949523	259
25	0.13087079	0.078017026	2.047365	0.040986896	0.040900707	309
25	0.65860885	0.61715716	0.24141546	0.041095793	0.040874183	173
25	2.3675418	2.6129968	0.33746555	0.04475224	0.040814936	507
25	2.953963	3.0582664	5.710758	0.041100025	0.040674865	351
25	2.1306555	0.6513689	0.407913	0.053903162	0.039746165	319
25	0.5865349	0.6378337	0.2908103	0.039794624	0.039607823	119
25	0.6423521	0.71079403	0.9479678	0.039525807	0.039434016	197
25	2.9938664	0.13100252	13.682081	0.041695714	0.039426446	142
25	0.56112534	0.14914684	0.41613665	0.048446417	0.039421976	162
25	2.605989	2.552158	0.3447246	0.040125787	0.03919685	393
25	0.5146644	0.0282211	0.8834535	0.047620714	0.039093792	156
25	0.4821818	0.88210386	0.43944576	0.04900253	0.038608134	466
26	0.61767083	0.59664947	2.4014184	0.103018045	0.10297227	40
26	2.3496408	2.4283328	3.0721984	0.0806393	0.080311716	546
26	0.22835343	0.4108375	0.55309844	0.08742559	0.07880753	187
26	0.6579394	0.43081647	0.42099443	0.087665915	0.077208996	42
26	0.75818443	0.66746163	2.2333632	0.07246542	0.07190508	39
26	2.642011	2.7403104	0.5405029	0.06793094	0.067016244	228
26	0.25382963	0.34210253	1.1691635	0.06615645	0.06484568	308
26	0.484087	0.6378457	5.972279	0.0656029	0.064155996	435
26	0.6515341	0.8083464	1.671231	0.06507456	0.06366086	398
26	2.7783902	2.7835433	0.98959565	0.061556518	0.06155497	265
26	0.56441486	0.5259492	0.2908783	0.061396062	0.060314298	309
26	0.7670531	0.6704338	9.398527	0.060118973	0.059583187	400
26	0.13554138	0.05805893	0.4286817	0.0613119	0.059221387	208
26	0.6968438	0.74010295	1.2043277	0.05848527	0.058371365	19
26	3.1003716	3.0350192	7.8453803	0.057558894	0.05729103	5
26	0.60151106	0.68853277	2.0722969	0.057581723	0.057185054	38
26	0.7353251	0.7549075	0.9522072	0.056755483	0.05673611	16
26	0.06404619	3.1121101	10.099958	0.056097865	0.055558443	653
26	0.52582663	0.32950145	0.3992517	0.06029308	0.0550496	559
26	0.3391681	0.61784005	0.38305396	0.06293309	0.054884613	345
26	0.66755354	0.6713102	2.4085605	0.054855347	0.05485463	18
26	2.2358341	2.3972592	4.54864	0.055348933	0.054243267	428
26	0.23751602	0.27101406	8.19602	0.05408585	0.05403459	317
26	0.6155693	0.87340814	1.5863389	0.056231916	0.05334997	41
26	0.38984236	0.49684677	0.48294976	0.06090665	0.053133726	190
26	0.7615244	0.82579815	0.94291514	0.052606106	0.05234748	17
26	0.19220993	0.09082952	0.9746013	0.053847432	0.052194834	9
26	2.5729856	2.7240024	0.65226233	0.053190768	0.051793933	508
26	1.9763927	2.008762	3.0930965	0.05319476	0.051442266	750
26	2.358281	2.640258	7.29183	0.054906726	0.05137998	421
26	2.8119082	2.6609633	1.2312118	0.050311565	0.04949051	188
26	0.20003782	0.3258026	0.41514325	0.051101804	0.0493688	226
26	0.28752568	0.3801331	1.2644137	0.048946857	0.047549605	220
26	0.01705576	0.39094433	12.249998	0.05261588	0.046186745	657
26	2.8981647	3.0013206	3.2620723	0.046536267	0.045965195	224
26	2.1631699	2.1598625	0.27592933	0.045305133	0.045781255	486
26	0.19724923	0.4249071	7.381808	0.04772663	0.045616806	604
26	2.7596009	0.0071346727	0.6957577	0.05551344	0.04512769	75
26	2.6753342	2.6933239	0.25962514	0.043056488	0.044531584	711
26	0.3258149	2.3746896	0.30510524	0.04932809	0.04430586	344
26	2.5239604	2.5221057	0.33655503	0.033736765	0.044285953	624
26	0.25372103	0.122428	0.83627945	0.04479271	0.04379171	606
26	0.5429127	0.7336179	1.1080443	0.04509014	0.04378611	379
26	0.40235224	0.28635412	0.8126044	0.04412514	0.043294728	337
26	0.21785773	0.58621037	6.834136	0.04939866	0.043150544	478
26	2.1817603	2.3252022	0.19980371	0.046399534	0.04293096	616
26	2.313519	2.389707	0.49996948	0.043076515	0.04292637	502
26	2.5386252	2.805642	0.6777408	0.045829177	0.042349398	507
26	0.27587876	0.41625553	0.42543888	0.045186818	0.04215139	230
26	0.22236636	0.1846946	0.5942998	0.041456163	0.04133749	155
26	0.82734436	0.8682544	0.5515612	0.041401446	0.041284382	692
26	0.40606093	2.9907174	0.19480091	0.04841429	0.041154742	268
26	0.31963646	-0.00063558266	0.6156959	0.04606086	0.040836215	194
26	0.16646282	0.043506965	0.5456607	0.04735595	0.040725052	321
26	0.45748168	0.77604264	0.52845794	0.042440355	0.04031682	313
26	3.02946	3.1276703	1.4078177	0.04010445	0.03965223	47
26	2.4135144	2.343015	0.46690017	0.040703773	0.039038897	488
26	0.40593332	0.42455962	0.8286913	0.039068818	0.039002538	153
26	3.050595	2.2249718	0.25794697	0.05001551	0.038678825	432
26	1.9569402	1.9424891	0.31518155	0.038793802	0.0386104	489
26	1.3867539	2.789263	0.14848961	0.042889714	0.037859082	269
26	0.36127108	0.40868092	0.8891473	0.03826338	0.037840843	260
26	2.4645886	2.8244545	3.590359	0.042777896	0.037828147	474
26	3.0441136	3.1281986	0.7085932	0.038177133	0.037705004	101
26	0.34382805	0.38896674	0.42663336	0.038040698	0.03769058	120
26	0.066570155	0.5660417	4.497764	0.045128167	0.03755504	235
26	2.5396216	2.3593378	0.3909598	0.04177928	0.03740418	43
26	2.5218997	2.5529706	0.34391734	0.037498236	0.037326455	554
26	2.9474928	3.0927224	3.9132776	0.03763616	0.036861956	168
26	0.26650855	0.34023932	0.27591643	0.03868687	0.036689878	619
26	3.0520976	0.18622105	0.36563706	0.046230316	0.036684513	278
26	3.0618062	0.16244575	0.8278969	0.039746344	0.03640622	98
26	2.5690532	2.4207814	0.33089006	0.038194954	0.036344767	570
26	3.0172532	2.7881472	0.80156136	0.03897965	0.036302865	227
26	2.538006	3.1576495	0.57112795	0.045057893	0.036124587	591
26	3.1185236	0.17983922	8.068524	0.03773749	0.036065817	654
26	0.078204945	1.1826915	0.531849	0.06561446	0.03576851	126
26	2.4916835	2.2955675	0.22581668	0.03973514	0.0353989	0
26	2.6267698	2.6076133	5.0075917	0.03539765	0.035398364	49
26	2.557644	3.0042005	0.35926762	0.04607272	0.035389602	593
26	0.069461994	0.16170396	0.24860433	0.035662472	0.035273135	72
26	0.34999368	0.36559898	0.84603715	0.035286725	0.035262823	256
26	2.971798	0.14170949	9.18589	0.038981676	0.035144508	581
26	0.12455522	0.19483168	0.79632413	0.035571337	0.03509009	170
26	0.32884735	2.9343781	0.4105174	0.038001716	0.03507036	463
26	3.0227923	2.737667	1.5937517	0.038000107	0.034792244	2
26	0.2684767	0.29136378	0.6679136	0.034673095	0.03464657	259
26	2.8200424	0.22464551	3.6708326	0.048164606	0.034609854	547
26	3.1198869	0.009219147	8.339983	0.034294426	0.034258902	645
26	0.16483764	0.07934101	0.29845062	0.035207868	0.03377962	612
26	2.5083003	2.362306	0.24961641	0.051501274	0.033530593	666
26	0.16148095	0.31806836	3.732529	0.034065247	0.033262193	305
26	2.9741359	0.014414989	1.0437983	0.034337044	0.032995343	608
26	2.477984	0.24039188	0.4781777	0.041673243	0.03295499	206
26	2.910123	2.9431405	4.0942626	0.032856345	0.032833636	611
26	1.9691058	0.2941056	0.6018207	0.04228133	0.032545388	499
26	0.0903469	0.09473088	0.4302668	0.03246796	0.03246659	27
26	0.17110342	2.843906	6.099146	0.040856242	0.0324108	558
26	3.0967972	0.034022164	0.40929028	0.03959495	0.032301247	267
26	2.8143592	3.094294	4.4404316	0.034885585	0.03226018	270
27	0.6429001	0.7826395	1.2124481	0.17884946	0.16977417	369
27	1.3381761	1.5464028	7.2800937	0.17451644	0.16649395	689
27	1.6001971	1.7539866	0.8818882	0.14557725	0.140818	789
27	2.0667155	1.8298851	9.701055	0.13408303	0.12699008	505
27	1.8918337	1.8122606	4.5520124	0.11513388	0.11439222	788
27	1.5632695	1.7923757	1.0710771	0.11812329	0.112760305	791
27	1.2640612	1.6138124	7.704254	0.10951537	0.09671795	690
27	0.33497134	0.27019054	0.3664799	0.09798938	0.09605265	115
27	2.6994402	2.9164672	0.8871766	0.11259657	0.09526241	403
27	2.3636315	2.2298737	8.565944	0.09465164	0.09341711	393
27	2.6749265	2.6405485	0.7322052	0.08883971	0.088297725	402
27	2.484968	2.5614293	0.6919978	0.087730706	0.087047756	517
27	0.31519195	0.097964995	6.234697	0.09068531	0.086170554	164
27	2.3164315	2.0880945	8.35012	0.08784163	0.08414471	409
27	0.8146111	2.6263754	0.59768033	0.09777826	0.08343375	547
27	2.7502956	2.8197172	0.3262954	0.086854935	0.0826627	530
27	2.2026286	2.4054096	0.6378567	0.08716917	0.082250535	228
27	0.358375	0.3058497	0.7130969	0.08337951	0.08159083	165
27	1.8770838	2.0110612	8.24973	0.08267701	0.0812788	738
27	0.3398383	0.93086374	0.5245319	0.09566724	0.080697894	499
27	2.6590223	2.689905	0.47098923	0.08089751	0.080488205	754
27	1.5708255	1.6861461	5.911445	0.0802834	0.07922113	694
27	2.7288806	2.4212306	0.7260271	0.087255	0.079087615	751
27	2.6131513	2.4596426	0.9540214	0.08158821	0.07902247	592
27	1.0293806	1.1128405	0.4445064	0.08006585	0.07869685	293
27	0.4326681	0.6738612	0.77895224	0.08788812	0.07833272	373
27	2.6086698	2.4384954	1.2312933	0.08106536	0.07821399	589
27	2.2070105	2.174475	0.3902552	0.08060789	0.07741237	383
27	2.7623646	2.595958	0.6285881	0.08004683	0.07630098	366
27	2.7228665	2.9388351	0.85870606	0.07673013	0.07572979	338
27	3.0237827	0.07537569	9.020451	0.0784834	0.07551432	431
27	2.599041	2.8993444	1.1179019	0.09044993	0.074560225	424
27	1.8518442	1.8490739	7.3762174	0.073215425	0.07322389	742
27	0.48024347	0.06851875	6.11789	0.08812511	0.073026955	548
27	0.43741113	3.1203551	5.252714	0.08962774	0.07259464	552
27	2.5947635	2.6853664	1.6678805	0.07780534	0.07253033	590
27	2.5411496	2.7977552	0.24967507	0.08866322	0.07098317	515
27	0.63780296	0.69755125	0.46291772	0.07158619	0.07072824	365
27	1.9331577	1.914426	0.7024247	0.06960839	0.06913704	683
27	2.6889193	2.828786	0.38834268	0.08336651	0.0686425	350
27	2.646047	2.497495	0.6418171	0.069185615	0.06731731	585
27	2.1525474	2.0231848	0.59792113	0.08234513	0.06647247	31
27	2.5623825	2.7874653	0.28714487	0.095788	0.06573212	414
27	3.1524675	3.1302035	10.379811	0.06564343	0.06552833	481
27	1.85247	1.859374	0.28515336	0.06497049	0.065241456	125
27	2.5914476	2.6705556	1.5101131	0.06674653	0.064817905	656
27	0.6247728	0.85229	4.1702547	0.067679524	0.06458354	603
27	2.6236591	2.7633626	0.45335537	0.07012969	0.06432629	349
27	2.682874	2.629013	0.40183762	0.06491977	0.06426078	274
27	2.5500104	2.5460212	1.028384	0.064250946	0.06424844	528
27	2.5129297	2.5447547	0.941656	0.06401271	0.06395602	591
27	2.491012	2.513427	0.7911788	0.06361085	0.06352937	376
27	2.5873315	2.5823917	0.52532405	0.06368071	0.063462675	25
27	0.86249554	1.0314629	0.6722921	0.06858832	0.06345749	546
27	2.6805894	2.846491	0.27055568	0.078997254	0.06342429	344
27	1.4069006	1.6438838	4.113677	0.06659973	0.0628531	747
27	1.359128	1.8920081	0.39544046	0.0799489	0.06275654	743
27	2.468806	2.3807526	0.5268261	0.063213766	0.06263834	90
27	2.330306	2.4327087	1.072792	0.06375247	0.06258649	16
27	2.4025273	2.2117684	1.4700937	0.06403309	0.06214434	489
27	2.6129298	2.6472976	0.47129983	0.06221944	0.062089086	412
27	0.39061695	0.15887229	11.3346195	0.06480086	0.061695993	480
27	2.7499235	2.8690193	0.2621998	0.0732398	0.061531544	357
27	2.690784	2.8076055	0.467798	0.06626594	0.061531305	813
27	0.4147468	0.57344127	0.7857986	0.059717774	0.06147325	440
27	2.6109056	2.6946893	0.5437456	0.063631594	0.0612064	558
27	0.80805504	0.7648953	0.46935862	0.06126231	0.060962617	319
27	0.38922212	0.202781	0.89722776	0.06504083	0.060931563	113
27	2.6293218	2.5753179	0.618498	0.061204374	0.06090319	527
27	2.6273327	2.7248998	0.7614359	0.06468022	0.060804904	720
27	2.7849152	2.8198104	0.5876011	0.06420475	0.058718562	473
27	2.7313557	2.4985917	0.80793315	0.058686256	0.057737827	251
27	1.5943518	1.6581213	0.786815	0.0575884	0.05728203	739
27	2.6764698	2.6649895	0.64655995	0.057136536	0.057096362	774
27	2.239755	2.361727	0.4698975	0.057934284	0.056738913	168
27	0.39058387	2.6478264	0.7845991	0.07054627	0.056677103	411
27	2.4846935	2.3715937	0.71304935	0.057741106	0.056584537	506
27	2.4042325	2.8084593	0.5043345	0.062766194	0.056209564	419
27	-0.0030166777	3.160745	8.995719	0.055660963	0.05558467	404
27	3.0157998	2.681846	1.5245719	0.06255019	0.05549234	468
27	0.53113616	2.6814911	0.70555973	0.07233739	0.055087686	710
27	2.4389184	2.5409164	1.2338196	0.05588126	0.054848015	721
27	2.1676693	2.6764388	0.5522282	0.06376511	0.05479777	34
27	0.9814841	1.0983845	0.40554804	0.05887258	0.05447495	45
27	0.35234976	-0.00013694029	5.695501	0.054791987	0.054448307	222
27	2.302854	2.4180846	0.40044823	0.056067467	0.05431366	8
27	2.6344113	2.6381662	0.2531406	0.054908454	0.054150462	831
27	1.1266701	1.1433023	0.31391397	0.05390954	0.05383128	626
27	0.52295554	0.49506423	0.22135136	0.054905653	0.053717375	779
27	0.530113	2.1379855	0.30578113	0.07221687	0.053622484	370
27	2.6084921	2.5534315	0.7900469	0.05377406	0.05354297	657
27	0.98392135	2.5635924	0.3350558	0.076815546	0.05311668	695
27	2.562232	2.5646315	0.36609933	0.05141121	0.052868426	778
27	0.47547695	2.4648223	0.62848824	0.066827774	0.052627802	584
27	2.8223598	3.0426347	0.28646922	0.059213698	0.052407205	180
27	1.0046735	2.600559	0.33684984	0.0598315	0.052369952	421
27	2.3767004	2.7965329	1.0165048	0.06364095	0.051986337	408
27	2.590289	2.4601107	0.7471192	0.053430855	0.05198461	827
27	2.5194592	2.6826942	1.2832931	0.053703964	0.051785886	332
27	1.0408558	2.481546	0.36550343	0.07491732	0.05128038	627
28	2.328699	2.156592	8.3523245	0.096437216	0.09379572	594
28	2.5210483	2.8524752	8.459381	0.08877385	0.080260575	729
28	2.586887	2.3972318	1.8414541	0.0825308	0.08001709	592
28	2.395556	2.596444	9.675004	0.078493774	0.075791776	630
28	2.575901	2.9413593	8.646144	0.082336366	0.07509822	658
28	2.6818583	2.6787863	11.240544	0.07502371	0.07505292	807
28	2.600908	2.4580424	1.5852135	0.067729056	0.066922784	505
28	2.4403574	1.9729472	5.2727923	0.07947999	0.066280305	493
28	2.7781484	3.0240207	5.5477023	0.06851584	0.06467199	622
28	2.3233473	2.8015602	6.5180497	0.07781345	0.06368625	696
28	2.5121937	2.6793876	7.3532314	0.06500059	0.063367724	656
28	2.0575347	2.411002	9.68077	0.066697896	0.05988401	601
28	2.768081	2.5692554	2.236403	0.059193373	0.0574463	499
28	2.622188	2.854634	9.911765	0.060287476	0.05719185	423
28	2.5788636	3.0792215	7.527477	0.07143265	0.056221187	736
28	2.4446611	2.4379904	7.588667	0.05564636	0.055648446	506
28	2.5744946	2.9616814	2.36008	0.06232786	0.055127382	654
28	2.6142337	2.339304	1.5848258	0.05802262	0.054373443	593
28	2.5608487	2.9734876	1.5915501	0.06247598	0.053693593	653
28	0.18814617	0.13938905	0.66121	0.053248346	0.05303675	221
28	2.8171694	0.17323363	0.28204185	0.06601	0.052647233	848
28	2.7969613	3.0168386	7.845291	0.0516755	0.049252212	370
28	2.803469	0.13878208	0.41014707	0.058390975	0.049239874	655
28	2.6385362	2.5587182	0.6674357	0.04951459	0.049164534	730
28	1.4015676	1.3861483	0.28641987	0.04948032	0.04889226	964
28	0.24688841	0.50778604	0.6793062	0.05133784	0.047277868	205
28	0.18237641	0.23714517	0.47699952	0.046326578	0.045959234	691
28	2.3172712	2.6873446	5.065727	0.05226797	0.045921862	868
28	2.7343931	2.9375498	1.7035967	0.047001958	0.045844436	148
28	2.4066696	3.0843577	5.8264904	0.06452483	0.04565215	323
28	2.4109452	2.6031075	6.215592	0.045948327	0.045285404	549
28	1.5954319	1.442392	0.53140974	0.04770565	0.045069516	941
28	2.3054788	2.569754	7.647357	0.046669245	0.04465872	615
28	0.074484125	0.023307715	9.122635	0.044221997	0.044098914	639
28	1.9149129	1.9627964	0.21484303	0.04760027	0.043862104	828
28	2.711679	2.8463483	3.0930579	0.044247866	0.04355681	311
28	2.6862447	2.8848927	1.9848996	0.045101047	0.04348862	737
28	2.868599	2.8670375	0.5545883	0.04335606	0.043364465	976
28	3.1071088	0.16413406	0.8158596	0.046892762	0.04317504	351
28	0.26592106	0.58138365	1.0406251	0.047785103	0.042595387	269
28	2.606195	2.6631813	6.190947	0.04257828	0.04245776	322
28	0.0396349	0.26972324	0.6679604	0.04698974	0.042453766	759
28	2.6087391	2.9984963	6.9184804	0.048570156	0.04174584	798
28	-0.022856435	0.19781888	1.3907651	0.045736194	0.04151833	166
28	3.0800996	3.1264813	1.7011772	0.04140562	0.04130274	631
28	0.36384618	0.22955282	0.26978475	0.045678854	0.04086578	225
28	2.943084	0.12250813	1.0560801	0.051463306	0.040634632	556
28	3.1287677	3.1329184	0.6569181	0.03921014	0.03911221	3
28	0.14803006	0.08412871	1.7549868	0.039375424	0.03910041	353
28	2.831134	0.18730497	0.73974335	0.0632565	0.03895378	245
28	2.4555142	3.0519135	7.995307	0.05128157	0.038843334	366
28	2.4022927	0.19623472	0.3493194	0.06172484	0.038739562	900
28	2.4413145	2.9419563	9.237244	0.048956513	0.038609207	379
28	3.1015978	0.14834777	7.0883474	0.03989309	0.0384441	151
28	2.4572468	2.8933954	6.3999705	0.04542035	0.038394094	667
28	2.374775	2.2914934	5.452975	0.038485527	0.038246274	595
28	2.5190146	2.7555878	9.016479	0.040111303	0.038232207	813
28	3.0831206	0.10559584	7.0171986	0.0389778	0.03787607	300
28	1.9447103	0.086987995	0.50369114	0.062328458	0.037680984	872
28	0.6836245	0.7408966	0.27107242	0.040926993	0.03764397	638
28	2.7802947	0.17745894	0.6074109	0.053608537	0.037525177	299
28	2.803077	0.12490347	0.58466035	0.05409664	0.03693044	735
28	2.2698936	2.752942	4.8463326	0.043819487	0.03650385	425
28	2.8292496	0.098091796	0.34131378	0.043388784	0.03650111	318
28	2.6127586	2.7983806	4.895308	0.03749305	0.036441028	500
28	3.0841923	1.9339172	0.30793253	0.034556508	0.036387622	895
28	1.9369138	0.19010134	0.34579542	0.07346195	0.036311686	830
28	1.9668702	2.3883517	0.16468577	0.03757602	0.036014795	202
28	2.9873748	2.399989	0.3975745	0.03627771	0.03540361	517
28	2.8208947	0.16547896	0.39905843	0.07240814	0.034939945	728
28	1.4595145	1.2981353	2.2020411	0.035915792	0.034934282	126
28	1.3452805	2.4011803	0.51324254	0.04731071	0.034786046	578
28	2.4245534	3.0918128	5.6906643	0.046991706	0.03467512	659
28	1.4011098	1.3274491	0.5678869	0.035898507	0.034481227	854
28	2.4578428	0.07188881	7.742184	0.059025347	0.03442788	214
28	0.3302957	0.1626136	0.187533	0.04267937	0.03421694	220
28	2.5836136	0.11654875	5.3924675	0.048584282	0.033956647	359
28	2.7785373	2.6971447	1.0177293	0.03416586	0.033937454	361
28	0.13438052	0.3445315	0.35487974	0.03914827	0.03387338	882
28	2.4740646	2.8690085	0.8377486	0.039367855	0.033805847	391
28	2.1330762	2.1988041	2.0204916	0.033749163	0.033670902	607
28	0.21724355	0.33729511	7.3438215	0.03413546	0.033647	468
28	0.021719187	0.07090813	3.629074	0.033163667	0.03299588	316
28	1.8705856	0.34643802	0.19212501	0.045143902	0.032824457	24
28	3.033592	0.18280089	1.3449421	0.046050847	0.032821774	290
28	2.4420023	2.5546398	0.5759776	0.03328377	0.032444537	504
28	2.6748242	0.07409785	0.28381717	0.05793166	0.032058537	651
28	1.7810063	1.7828252	0.54258364	0.03200507	0.032004654	144
28	0.18308935	0.17909797	0.5000152	0.031748295	0.0318709	175
28	2.274764	2.4538867	7.1225314	0.03271216	0.0318653	605
28	3.0570426	0.9073409	0.30859604	0.03377545	0.031793773	167
28	1.947682	2.1779175	7.192295	0.03305334	0.031547308	672
28	3.0173104	0.14204033	1.1960192	0.051163256	0.03146714	324
28	2.2098002	2.4138303	0.24965322	0.039998353	0.031170964	808
28	2.363994	2.9545255	1.4698375	0.04290092	0.031167507	523
28	0.19486654	1.0473028	0.5121065	0.031037033	0.03115207	172
28	0.5060469	0.62768036	0.40663594	0.032110512	0.031060278	209
28	2.488999	2.9264994	8.612206	0.03551185	0.030999362	982
28	2.315273	2.4685025	6.892738	0.031443894	0.030994475	700
28	3.0949159	0.2230944	0.490296	0.045561433	0.030962765	406
29	0.61176085	0.6698056	2.8426108	0.16518438	0.16467524	12
29	0.6546956	0.7988222	4.7219663	0.13937122	0.13503784	966
29	0.4721573	0.78915507	1.617183	0.14902037	0.12794143	967
29	0.6572923	0.84126	1.2177914	0.13572532	0.12690884	952
29	0.62977624	0.69603264	1.9187168	0.12498319	0.12433463	11
29	0.63678837	0.84960157	1.9071369	0.12564105	0.11542457	949
29	2.1340988	2.4126642	1.8226556	0.123248875	0.11344552	777
29	2.219998	2.1689427	1.5441939	0.11015481	0.10970253	146
29	0.657395	0.88706726	1.8137985	0.10831362	0.099320054	891
29	2.0619936	2.3379517	0.92712384	0.11614299	0.09919405	93
29	2.0596535	2.0746527	5.4295506	0.09582013	0.0957973	151
29	0.22936387	3.1091137	3.5232518	0.09859347	0.09453088	826
29	0.56838787	0.76890326	1.0720515	0.095122576	0.09034932	978
29	2.0651224	2.09363	1.5797914	0.086330116	0.08624208	96
29	0.8108592	0.87698114	1.5718247	0.08507037	0.083985925	951
29	0.86418575	0.78605086	0.63049877	0.08291161	0.08246642	950
29	0.7163617	0.8051879	1.2247053	0.08374208	0.08220613	824
29	2.4671462	2.5786254	6.741903	0.08295202	0.08217049	278
29	1.912664	2.0371375	7.458369	0.079699695	0.078430176	219
29	1.5889475	1.4057685	0.5880023	0.08167279	0.07812756	902
29	0.6433132	0.56640375	0.81240815	0.07793814	0.07724261	53
29	2.367927	2.0790257	9.920708	0.081754565	0.07579243	213
29	0.6571891	0.7990561	0.746726	0.07291365	0.07133502	953
29	0.9256349	0.7850162	0.94877386	0.0721668	0.07097554	10
29	1.0820129	1.0486474	5.1376495	0.07000095	0.06989044	833
29	0.19827507	0.05049624	2.6705508	0.06873447	0.06732309	823
29	2.514776	2.4332292	2.0821772	0.06487423	0.06421685	196
29	0.79088986	0.76479155	0.59751254	0.0644539	0.06420946	763
29	2.5877705	3.0531573	1.0744213	0.076434076	0.061406076	344
29	3.0626109	2.667082	6.489052	0.069571316	0.060369194	201
29	0.46247768	0.119578525	4.283414	0.06446576	0.06002146	698
29	2.869876	2.7069736	6.402924	0.060991228	0.059255004	136
29	2.606682	2.2707915	6.8764157	0.06471455	0.058927	214
29	0.7013882	0.74129766	5.8237147	0.058853626	0.058755755	348
29	2.4833832	2.2677805	0.99408513	0.061292827	0.05857289	138
29	0.803748	0.87936974	1.3978072	0.056723356	0.056138277	899
29	0.16901597	0.064524546	0.4124202	0.059195697	0.055823326	135
29	2.7564688	2.6065738	5.5966344	0.056192696	0.055004716	137
29	3.0257618	3.0704992	0.4078581	0.053837	0.053498328	272
29	0.07311787	2.7445166	2.462052	0.06865382	0.0534032	202
29	1.5636352	1.2593788	0.43435296	0.057839215	0.052993536	901
29	2.2332964	2.4558296	0.5006149	0.058828533	0.052948534	709
29	0.08666847	0.13474539	0.55371004	0.053207338	0.05270487	822
29	1.0904717	1.1804272	0.363662	0.0536173	0.05236125	285
29	2.1577353	2.0513854	4.331236	0.05274892	0.05213511	141
29	0.30195716	0.6586968	1.379405	0.07637459	0.05148965	52
29	3.056105	3.06192	0.6003255	0.050827086	0.050823033	268
29	2.1593082	2.0575402	0.76290035	0.050368965	0.049854636	838
29	0.8512885	0.89841545	0.7788125	0.047451973	0.049396634	762
29	0.72570914	0.6693087	0.7622616	0.0492239	0.04900384	9
29	1.9779936	1.9869412	0.20680565	0.048681557	0.048589528	856
29	2.8433483	2.8875425	2.583056	0.047442436	0.04737103	86
29	2.1794229	2.3382053	0.39655742	0.049791217	0.047230005	92
29	1.2926971	1.2654526	0.28702566	0.047454774	0.047133267	90
29	0.2808746	2.1571012	0.31724617	0.04889363	0.04617834	54
29	1.8513217	2.0721633	0.8131146	0.0474298	0.045412183	45
29	2.9581432	1.377486	0.1778846	0.06260681	0.04538536	905
29	2.8245895	2.4384942	5.7177176	0.049612403	0.044506133	221
29	0.29567245	0.69521403	0.33332416	0.06037861	0.04381615	892
29	1.833141	1.6768541	0.36194608	0.045101404	0.04376763	56
29	2.8189507	2.9727113	0.19989058	0.04481721	0.043486536	283
29	0.79684365	0.2326107	0.6234093	0.04282868	0.04296422	752
29	0.1155003	0.07200942	0.7859304	0.04280913	0.042665422	192
29	0.88899046	0.9013502	0.98621976	0.042386472	0.042362213	896
29	0.40232313	0.91004467	6.4328146	0.053839922	0.042072475	378
29	2.9974658	3.0055025	0.33136162	0.041868567	0.041861713	203
29	1.8295307	1.6263146	0.38157412	0.043854892	0.041792274	338
29	0.06325359	0.01926438	0.8167531	0.04242474	0.041720927	603
29	0.3450926	0.17284156	0.7440571	0.051522255	0.041584373	47
29	1.9867654	2.0023317	4.283714	0.041326225	0.041308343	97
29	1.0995325	0.87591875	0.35015228	0.04741162	0.041153252	7
29	2.452055	2.437488	0.33588406	0.038954735	0.040189087	965
29	0.9843499	0.73025537	0.23855694	0.063812435	0.040127754	894
29	0.6198996	0.588173	0.92443633	0.040247083	0.040103495	695
29	2.2496543	1.2490116	0.16087028	0.050383627	0.039736748	51
29	0.3811487	0.036859173	2.0751114	0.044035077	0.039403677	626
29	0.49688324	0.409656	0.22993684	0.041192234	0.038776994	664
29	0.013290586	0.05645447	0.74275476	0.03917402	0.03873825	973
29	1.6141299	1.3035713	0.3029245	0.033503175	0.038721025	897
29	3.0193267	2.7680204	8.192539	0.041111887	0.038621664	758
29	0.16963995	3.1145933	0.37241918	0.043720365	0.038615525	759
29	2.8189619	0.0036385786	0.33761424	0.040260613	0.038254857	407
29	3.1128576	2.816887	19.070065	0.040988863	0.037658334	689
29	1.582817	1.8924729	4.6657567	0.040756047	0.036941886	347
29	0.81090903	0.28700924	1.002936	0.04870087	0.036856413	436
29	0.6621758	1.2883958	1.9365363	0.055894792	0.03684491	529
29	1.7712256	1.5147183	5.199994	0.03906429	0.036563575	211
29	1.946449	2.964966	0.24790658	0.052104056	0.03644067	206
29	3.1120977	3.088447	0.70215374	0.036361873	0.036319673	191
29	0.428114	0.024807187	0.96438855	0.048284113	0.03614521	321
29	2.5804458	2.639478	0.2897833	0.036994576	0.036109805	934
29	2.4508283	0.08637823	0.2525172	0.04864639	0.03608948	82
29	2.6083095	3.1145842	0.44373345	0.051109076	0.035879612	500
29	1.5391332	1.8307664	5.6241474	0.038019955	0.035838664	281
29	0.57577014	0.6667629	0.41186348	0.03655076	0.035799325	493
29	2.7624826	3.0968468	0.6271835	0.04558426	0.03571999	390
29	2.1902883	1.697067	0.22716165	0.04625553	0.035676718	147
29	3.0804846	3.078573	0.5241412	0.035640895	0.035640538	200
29	2.5519507	1.5292387	0.50695914	0.042316318	0.035486042	223
29	1.4661692	1.469148	2.126467	0.035311162	0.03531128	208
pil01	2.2956765	2.3087897	9.048589	0.21546018	0.21538776	133
pil01	0.7241236	0.78916925	0.7133428	0.14560634	0.14485085	647
pil01	0.8528204	0.9231746	0.8440834	0.14249754	0.14147472	661
pil01	0.87358445	0.7814114	0.8222687	0.13840562	0.13695699	657
pil01	0.62044454	0.67081887	1.226154	0.12356061	0.12322456	648
pil01	1.5229934	1.5457816	0.28981015	0.117290616	0.11651617	268
pil01	2.1949348	2.360878	5.344464	0.1180951	0.115383685	91
pil01	0.97972494	1.1960658	0.47463858	0.12817806	0.113833964	656
pil01	0.72639126	0.67431766	1.2186866	0.11173886	0.11140877	597
pil01	2.2036934	2.2801616	7.805288	0.107144535	0.10653448	183
pil01	0.40063548	0.32686675	1.0186856	0.10286516	0.10206872	349
pil01	0.5532204	0.6472105	0.46153283	0.10295546	0.101486504	709
pil01	0.7463142	0.89104503	0.5699769	0.10215497	0.09923148	652
pil01	2.4237127	2.38348	6.3496175	0.096792996	0.09671694	131
pil01	0.83313334	0.8275708	1.0400158	0.093523264	0.09351957	718
pil01	0.8157714	0.8829951	0.7699044	0.091861665	0.09141272	660
pil01	3.0536585	3.0878732	0.4880457	0.08546156	0.08458239	675
pil01	1.5141917	1.5464691	0.27908632	0.08920115	0.084245265	517
pil01	1.6948594	1.6568398	1.9881666	0.08121359	0.080988586	822
pil01	2.9650536	1.5545087	0.29396567	0.07587451	0.07694012	529
pil01	0.81273013	0.92905	0.45505992	0.07775122	0.07628864	762
pil01	0.5421453	0.3422315	0.8822945	0.07990283	0.075531125	400
pil01	0.927534	1.1832767	0.5241895	0.07838029	0.075398564	798
pil01	0.35561302	3.0791461	2.884777	0.09157711	0.075135946	757
pil01	0.73012793	0.59539324	0.25017083	0.08028948	0.07426286	760
pil01	0.7012215	0.59063715	0.44247356	0.077949345	0.074242175	756
pil01	0.93592197	0.8889846	0.4067461	0.0725981	0.07225233	662
pil01	0.8296802	1.1694157	0.33604142	0.08695412	0.07223648	797
pil01	0.31049937	0.15545203	1.9531819	0.072841704	0.07153946	705
pil01	1.0827305	1.032261	1.0332614	0.07129848	0.07105148	603
pil01	2.9142923	2.7237954	7.9323206	0.07195079	0.06948376	759
pil01	3.101681	3.0955074	0.40853193	0.06929356	0.06914377	671
pil01	0.50043875	0.73701304	1.4199332	0.07150793	0.06901944	653
pil01	2.8842285	2.0315115	0.5926014	0.10208005	0.06860471	134
pil01	1.5349624	1.5784401	0.24536273	0.07006055	0.06790608	272
pil01	0.31486058	0.0043506813	5.737826	0.07303983	0.06652874	642
pil01	0.9829662	1.0832561	0.63051957	0.06964904	0.06614715	83
pil01	1.5311649	1.542869	0.16198064	0.06609893	0.065850556	273
pil01	0.40780297	0.29221535	0.36640614	0.067169845	0.065493286	469
pil01	0.35386875	0.4421582	1.8081412	0.0643965	0.06390154	377
pil01	2.2914147	2.4090793	3.3332584	0.06437415	0.06355363	130
pil01	1.5104551	1.5351737	0.17801102	0.063952446	0.06322843	518
pil01	2.963173	1.5525234	0.26291272	0.07117444	0.06313777	523
pil01	1.5637673	1.5660571	0.15070131	0.065295935	0.06311053	596
pil01	2.1976535	2.2141044	0.7676818	0.06278914	0.06277293	127
pil01	2.97188	3.0188067	0.15276085	0.06400776	0.061875343	616
pil01	0.4144601	0.1324946	5.9101257	0.06617254	0.061737835	583
pil01	3.080298	3.0710182	0.50243807	0.06149465	0.06143397	672
pil01	0.1907753	3.1350284	1.8562454	0.06390214	0.061158538	684
pil01	0.3365924	0.38259342	6.6323752	0.060114324	0.059987545	576
pil01	1.217856	1.2133048	0.17773187	0.05978048	0.05978334	799
pil01	3.1207657	3.108735	1.0866574	0.05891049	0.058088124	682
pil01	0.04695855	2.5832536	12.447173	0.07128829	0.057936072	296
pil01	3.0542796	2.1406107	0.39365795	0.05837196	0.0577659	678
pil01	1.1779234	1.2275594	0.5975948	0.057753205	0.057581604	525
pil01	3.1314464	3.0464654	0.57139087	0.06310809	0.057174146	625
pil01	2.7565384	2.404328	5.109763	0.063869596	0.057160556	226
pil01	3.062188	0.018624544	0.3868383	0.059418082	0.057154536	610
pil01	0.049358185	2.7321768	8.642536	0.05616975	0.05714822	293
pil01	3.018782	3.0609956	0.49204233	0.057372928	0.057014167	626
pil01	1.4313045	0.73463345	0.31814837	0.03404832	0.056353927	570
pil01	2.969337	1.5510762	0.3363351	0.056975782	0.055487454	736
pil01	1.3251101	1.3146822	0.47374728	0.05486089	0.054875076	640
pil01	2.9678953	1.5407618	0.35653248	0.096636415	0.05475998	611
pil01	2.9890914	2.143027	0.5590485	0.06469834	0.054625332	727
pil01	0.3185056	0.24539547	1.1104783	0.054730892	0.054397702	165
pil01	0.4063792	0.5632246	3.7616446	0.055571854	0.054282784	376
pil01	0.3674403	0.22188285	0.89626145	0.05513352	0.053863764	550
pil01	0.5887793	-0.0530997	0.4918222	0.060351074	0.053664565	350
pil01	3.136174	2.9899166	2.0583224	0.054660976	0.053463697	614
pil01	0.54884946	0.7343201	3.5956388	0.05490446	0.053167403	715
pil01	1.0351311	1.2795981	0.2735712	0.062391102	0.053098857	654
pil01	2.7987456	1.5563844	0.1402612	0.06855214	0.05306351	582
pil01	0.27689043	0.34543824	0.26331428	0.056277633	0.052789688	166
pil01	0.12218285	0.09833639	1.0422873	0.051965535	0.051926672	544
pil01	0.6367975	0.48471355	1.7496965	0.052559733	0.051780164	267
pil01	0.37070566	0.40819886	0.3271985	0.051793635	0.051575065	385
pil01	2.9589427	1.5472726	0.19318467	0.049312294	0.051081598	240
pil01	2.9763517	2.6918716	5.0950108	0.054457963	0.050946534	180
pil01	3.071431	1.5469234	0.17235386	0.05951202	0.050712883	540
pil01	0.76541024	1.2555107	0.20266238	0.07259256	0.049962044	655
pil01	0.115676865	2.9478266	1.9773592	0.055658996	0.049851894	680
pil01	1.3481084	1.3603343	0.28036156	0.048945546	0.04973793	753
pil01	0.08939177	2.6954968	12.784217	0.06303275	0.049655974	248
pil01	0.0013265907	3.1074824	0.39386111	0.048341572	0.049301863	613
pil01	0.037531625	2.9162064	3.444136	0.043364882	0.049066067	242
pil01	0.05322196	3.0583303	6.2319465	0.04996246	0.049063683	643
pil01	0.5996544	0.76571774	3.513005	0.0501979	0.048987627	384
pil01	2.953518	1.5618769	0.404129	0.06295872	0.048872173	739
pil01	2.987815	2.206835	0.44773325	0.07276666	0.04874742	770
pil01	0.052241698	2.4121168	6.783822	0.06614071	0.048544943	140
pil01	1.1913943	1.1406105	0.14209682	0.05039543	0.048097968	379
pil01	3.064389	3.1159103	0.517174	0.0488863	0.04779029	481
pil01	1.2929635	1.2573934	0.2665687	0.04787761	0.047309816	764
pil01	0.1358721	2.6983628	14.412964	0.058791876	0.04695338	200
pil01	2.9709458	2.7471604	6.160095	0.04926306	0.046934724	706
pil01	0.52883714	0.11671737	0.56107813	0.055434823	0.04675615	704
pil01	2.9407775	1.558425	0.46045193	0.06651473	0.04672903	772
pil01	2.033206	1.5675683	0.16437452	0.07251072	0.046465755	522
pil01	2.9520802	1.5671353	0.6853745	0.058569133	0.04646361	806
pil02	0.47348747	0.6706663	8.135679	0.20251077	0.19592631	690
pil02	0.4942348	0.70114124	7.5679746	0.20325685	0.19488746	667
pil02	2.2441518	2.2270482	8.909193	0.18448126	0.18446892	635
pil02	0.40609083	0.21143232	1.3376733	0.19610119	0.18255746	404
pil02	0.2865403	0.13785976	1.1954608	0.1820414	0.17276394	399
pil02	2.210529	2.2580943	9.84082	0.1700558	0.16978472	580
pil02	0.48732394	0.4746828	2.554535	0.14684063	0.14682037	8
pil02	2.2497933	2.3000736	1.3845519	0.14102626	0.1405462	641
pil02	2.3192189	2.3723822	8.119476	0.13667744	0.136329	177
pil02	2.4290872	2.5284114	8.538557	0.13079828	0.12963796	360
pil02	0.5036596	0.84987575	7.1177506	0.14048856	0.12914193	668
pil02	2.1266448	1.9773093	10.311528	0.13163108	0.12893254	671
pil02	0.5334955	0.7044122	3.8025327	0.13022178	0.12710893	630
pil02	0.6077358	0.59394574	14.045886	0.12464905	0.12463117	281
pil02	0.449268	0.7503369	3.4175987	0.12799984	0.12048757	628
pil02	0.20002854	0.0730149	1.0169282	0.1251108	0.12018275	253
pil02	2.3252912	2.6170008	0.92535716	0.12643564	0.11930382	672
pil02	2.2190404	2.5014324	6.3371325	0.12350416	0.116462946	407
pil02	2.4696047	2.4679368	8.609629	0.10943121	0.10940868	527
pil02	2.204916	2.3529406	11.083883	0.10848725	0.10656983	472
pil02	0.6005443	0.33181602	1.4094915	0.11010611	0.10414058	410
pil02	0.27208343	0.1291486	0.4495483	0.10548806	0.10225439	647
pil02	0.58081734	0.48435602	2.939794	0.098629	0.09780139	20
pil02	0.7240922	0.76249593	5.7001157	0.097043276	0.09694135	7
pil02	2.2865138	2.3532083	0.97394127	0.09672141	0.09605789	644
pil02	0.16650386	3.0771687	0.7070364	0.10776532	0.09576917	442
pil02	0.07651327	0.027391259	1.1197507	0.09575963	0.095474005	438
pil02	1.7715082	1.7612299	0.4428164	0.097943366	0.0949474	86
pil02	2.381331	2.468745	8.2166195	0.092904866	0.09227693	524
pil02	2.8749015	2.5281718	0.97653	0.100544274	0.09169537	579
pil02	0.44937518	0.19580378	0.86206883	0.09911585	0.091462016	405
pil02	1.7441603	1.7175068	0.6013553	0.09079194	0.09039116	450
pil02	1.8929502	2.2948432	3.8684418	0.1052888	0.09019911	145
pil02	2.890971	2.7727056	9.249268	0.09009832	0.088774085	217
pil02	0.3733088	0.16849516	0.51570076	0.102229774	0.087325335	398
pil02	1.0568593	0.8156008	6.345336	0.09074199	0.08590442	499
pil02	2.1761458	2.3869467	1.0366057	0.09044534	0.085556865	585
pil02	2.3313692	2.584978	0.71443284	0.08876628	0.08336741	640
pil02	2.6869028	2.400427	8.920192	0.08828491	0.08296847	361
pil02	2.2109196	2.309623	8.775861	0.082656026	0.08195382	138
pil02	1.0574884	0.8477219	8.117158	0.08474058	0.08167964	507
pil02	2.1035197	2.3091588	7.5020595	0.08440632	0.081389785	150
pil02	2.5019033	2.8442035	1.7358732	0.08802515	0.08015376	167
pil02	2.7433386	2.539027	6.6083355	0.08261669	0.07986766	378
pil02	1.995992	1.1206181	0.6224347	0.09375751	0.07986045	121
pil02	1.9333507	2.8843176	1.0617083	0.07207984	0.07943183	536
pil02	2.277192	2.266233	3.8705983	0.07920653	0.07920331	172
pil02	1.8538884	1.7227403	1.0289596	0.085849166	0.07905936	375
pil02	2.856641	2.9544525	4.018688	0.07938099	0.07868379	218
pil02	2.3678832	2.7716777	1.3234261	0.085746944	0.07821679	169
pil02	2.2385817	1.9840703	6.975619	0.08030486	0.07569307	123
pil02	2.8365998	2.9869034	0.5181724	0.071760654	0.07499927	173
pil02	2.2440243	2.046409	0.6813188	0.07676995	0.07342678	636
pil02	1.8856975	2.2119505	4.8829093	0.08020109	0.07271904	382
pil02	1.9110692	2.4059622	1.0191288	0.08594465	0.07211906	509
pil02	0.16270372	0.0054465714	1.301042	0.07669133	0.071902156	256
pil02	3.1139095	3.0021985	0.738873	0.07323748	0.07148939	594
pil02	2.0987039	2.533089	0.65050405	0.07716185	0.07140702	122
pil02	0.3924541	0.053133078	0.95052195	0.09974736	0.071201086	264
pil02	2.1127236	2.2903621	7.4533286	0.07259238	0.070582926	576
pil02	2.1698444	2.4577177	1.7805618	0.07309049	0.070448875	534
pil02	2.3753002	2.4456947	10.340124	0.07076985	0.0704391	471
pil02	1.9305164	2.0265036	0.4452541	0.07161325	0.06993592	89
pil02	2.172371	2.4269729	0.5936923	0.06871158	0.069165766	39
pil02	0.82731414	0.51440036	7.3118377	0.07331771	0.068166375	273
pil02	0.3269985	0.08523819	0.51188153	0.093976796	0.06807834	529
pil02	0.4253972	3.100587	1.4847022	0.08680582	0.06803787	437
pil02	1.220172	1.2549975	0.32914105	0.06792319	0.06750417	633
pil02	2.4271953	2.409451	6.1409416	0.0671106	0.06706965	133
pil02	1.2618544	1.4268501	0.67900854	0.07036352	0.066845	511
pil02	0.30153212	0.24997427	0.4994273	0.067093074	0.06671953	391
pil02	2.15607	2.5279343	0.6963707	0.0846501	0.06637138	589
pil02	0.18431725	0.50340515	4.8783402	0.067518234	0.06604195	209
pil02	1.1667702	1.2357821	0.22728252	0.067880034	0.06515205	631
pil02	2.090873	1.9047886	7.8080187	0.06681383	0.06507492	584
pil02	0.36206558	3.125839	0.3603352	0.09895158	0.06403655	648
pil02	1.502094	1.6121253	0.40388504	0.0652979	0.06317085	506
pil02	2.1812706	2.493632	1.4709091	0.06500387	0.06269294	118
pil02	0.058819138	2.960102	0.64869565	0.06853557	0.061790526	443
pil02	0.30770525	1.4856542	0.45589676	0.09645671	0.061421275	460
pil02	0.7210405	0.80346733	7.2352705	0.061628938	0.061235428	525
pil02	0.0043747136	3.0728226	0.69445944	0.06257349	0.060871363	327
pil02	1.4642433	1.6419957	0.55490375	0.063546956	0.060396552	445
pil02	1.1100675	1.2076774	0.5295088	0.06290436	0.060175896	573
pil02	1.2462584	1.2024331	0.3646448	0.061009645	0.060115814	498
pil02	1.565607	1.5314927	0.25377974	0.06488556	0.06004554	638
pil02	0.6099591	0.39990982	7.9042444	0.062146068	0.060011327	343
pil02	0.37250632	0.118197806	1.169354	0.07146591	0.059960127	265
pil02	0.029065132	3.1223848	1.1422498	0.059282243	0.058753192	232
pil02	1.7615262	1.7763684	0.2301907	0.059434712	0.058556914	85
pil02	2.3050847	2.291178	0.84560037	0.058477044	0.058470905	581
pil02	0.22581899	2.973218	1.0829005	0.08020538	0.058330536	417
pil02	1.0967296	3.0527036	0.48935735	0.08964348	0.057777703	572
pil02	1.1303986	1.0744243	0.8526152	0.057982624	0.057769597	570
pil02	2.0463426	1.124184	0.38838753	0.08024776	0.057400107	170
pil02	1.177994	1.2842617	0.5378351	0.060948193	0.057148635	634
pil02	1.8129684	1.7085918	0.48602912	0.06364697	0.056846023	366
pil02	2.0222983	1.6218816	6.5265965	0.06550223	0.05649692	75
pil02	2.5086348	2.5993066	7.8678756	0.056907773	0.056486964	340
pil02	1.9314677	2.8975246	1.1180712	0.09904361	0.056306303	551
